
-- Executing script file `synth.ys' --

1. Executing Verilog-2005 frontend: logic.v
Parsing SystemVerilog input from `logic.v' to AST representation.
Generating RTLIL representation for module `\NaiveMultiplier'.
Generating RTLIL representation for module `\CLZ'.
Generating RTLIL representation for module `\FMUL_s1'.
Generating RTLIL representation for module `\FMUL_s2'.
Generating RTLIL representation for module `\RoundingUnit'.
Generating RTLIL representation for module `\TininessRounder'.
Generating RTLIL representation for module `\FMUL_s3'.
Generating RTLIL representation for module `\TCMulPipe'.
Generating RTLIL representation for module `\TCMulPipe_1'.
Generating RTLIL representation for module `\ShiftRightJam'.
Generating RTLIL representation for module `\FarPath'.
Generating RTLIL representation for module `\LZA'.
Generating RTLIL representation for module `\CLZ_8'.
Generating RTLIL representation for module `\NearPath'.
Generating RTLIL representation for module `\FCMA_ADD_s1'.
Generating RTLIL representation for module `\FCMA_ADD_s2'.
Generating RTLIL representation for module `\TCAddPipe'.
Generating RTLIL representation for module `\TCAddPipe_1'.
Generating RTLIL representation for module `\Queue1_TCDotProductOutput'.
Generating RTLIL representation for module `\TCDotProduct'.
Generating RTLIL representation for module `\TCMulPipe_8'.
Generating RTLIL representation for module `\TCAddPipe_8'.
Generating RTLIL representation for module `\Queue1_TCDotProductOutput_1'.
Generating RTLIL representation for module `\TCDotProduct_1'.
Generating RTLIL representation for module `\TensorCoreFP32'.
Generating RTLIL representation for module `\Queue1_WriteVecCtrl'.
Generating RTLIL representation for module `\vTCexe'.
Successfully finished Verilog frontend.

2. Executing HIERARCHY pass (managing design hierarchy).

2.1. Analyzing design hierarchy..
Top module:  \vTCexe
Used module:     \Queue1_WriteVecCtrl
Used module:     \TensorCoreFP32
Used module:         \TCDotProduct_1
Used module:             \Queue1_TCDotProductOutput_1
Used module:             \TCAddPipe_8
Used module:                 \FCMA_ADD_s2
Used module:                     \RoundingUnit
Used module:                     \TininessRounder
Used module:                 \FCMA_ADD_s1
Used module:                     \NearPath
Used module:                         \CLZ_8
Used module:                         \LZA
Used module:                     \FarPath
Used module:                         \ShiftRightJam
Used module:             \TCAddPipe_1
Used module:             \TCMulPipe_1
Used module:                 \FMUL_s3
Used module:                 \FMUL_s2
Used module:                 \FMUL_s1
Used module:                     \CLZ
Used module:                 \NaiveMultiplier
Used module:             \TCMulPipe_8
Used module:         \TCDotProduct
Used module:             \Queue1_TCDotProductOutput
Used module:             \TCAddPipe
Used module:             \TCMulPipe

2.2. Analyzing design hierarchy..
Top module:  \vTCexe
Used module:     \Queue1_WriteVecCtrl
Used module:     \TensorCoreFP32
Used module:         \TCDotProduct_1
Used module:             \Queue1_TCDotProductOutput_1
Used module:             \TCAddPipe_8
Used module:                 \FCMA_ADD_s2
Used module:                     \RoundingUnit
Used module:                     \TininessRounder
Used module:                 \FCMA_ADD_s1
Used module:                     \NearPath
Used module:                         \CLZ_8
Used module:                         \LZA
Used module:                     \FarPath
Used module:                         \ShiftRightJam
Used module:             \TCAddPipe_1
Used module:             \TCMulPipe_1
Used module:                 \FMUL_s3
Used module:                 \FMUL_s2
Used module:                 \FMUL_s1
Used module:                     \CLZ
Used module:                 \NaiveMultiplier
Used module:             \TCMulPipe_8
Used module:         \TCDotProduct
Used module:             \Queue1_TCDotProductOutput
Used module:             \TCAddPipe
Used module:             \TCMulPipe
Removed 0 unused modules.

3. Executing SYNTH pass.

3.1. Executing HIERARCHY pass (managing design hierarchy).

3.1.1. Analyzing design hierarchy..
Top module:  \vTCexe
Used module:     \Queue1_WriteVecCtrl
Used module:     \TensorCoreFP32
Used module:         \TCDotProduct_1
Used module:             \Queue1_TCDotProductOutput_1
Used module:             \TCAddPipe_8
Used module:                 \FCMA_ADD_s2
Used module:                     \RoundingUnit
Used module:                     \TininessRounder
Used module:                 \FCMA_ADD_s1
Used module:                     \NearPath
Used module:                         \CLZ_8
Used module:                         \LZA
Used module:                     \FarPath
Used module:                         \ShiftRightJam
Used module:             \TCAddPipe_1
Used module:             \TCMulPipe_1
Used module:                 \FMUL_s3
Used module:                 \FMUL_s2
Used module:                 \FMUL_s1
Used module:                     \CLZ
Used module:                 \NaiveMultiplier
Used module:             \TCMulPipe_8
Used module:         \TCDotProduct
Used module:             \Queue1_TCDotProductOutput
Used module:             \TCAddPipe
Used module:             \TCMulPipe

3.1.2. Analyzing design hierarchy..
Top module:  \vTCexe
Used module:     \Queue1_WriteVecCtrl
Used module:     \TensorCoreFP32
Used module:         \TCDotProduct_1
Used module:             \Queue1_TCDotProductOutput_1
Used module:             \TCAddPipe_8
Used module:                 \FCMA_ADD_s2
Used module:                     \RoundingUnit
Used module:                     \TininessRounder
Used module:                 \FCMA_ADD_s1
Used module:                     \NearPath
Used module:                         \CLZ_8
Used module:                         \LZA
Used module:                     \FarPath
Used module:                         \ShiftRightJam
Used module:             \TCAddPipe_1
Used module:             \TCMulPipe_1
Used module:                 \FMUL_s3
Used module:                 \FMUL_s2
Used module:                 \FMUL_s1
Used module:                     \CLZ
Used module:                 \NaiveMultiplier
Used module:             \TCMulPipe_8
Used module:         \TCDotProduct
Used module:             \Queue1_TCDotProductOutput
Used module:             \TCAddPipe
Used module:             \TCMulPipe
Removed 0 unused modules.

3.2. Executing PROC pass (convert processes to netlists).

3.2.1. Executing PROC_CLEAN pass (remove empty switches from decision trees).
Cleaned up 0 empty switches.

3.2.2. Executing PROC_RMDEAD pass (remove dead branches from decision trees).
Marked 1 switch rules as full_case in process $proc$logic.v:3744$784 in module Queue1_WriteVecCtrl.
Marked 1 switch rules as full_case in process $proc$logic.v:2779$776 in module Queue1_TCDotProductOutput_1.
Marked 1 switch rules as full_case in process $proc$logic.v:2610$740 in module TCAddPipe_8.
Marked 1 switch rules as full_case in process $proc$logic.v:2399$710 in module TCMulPipe_8.
Marked 1 switch rules as full_case in process $proc$logic.v:1874$703 in module Queue1_TCDotProductOutput.
Marked 1 switch rules as full_case in process $proc$logic.v:1708$675 in module TCAddPipe_1.
Marked 1 switch rules as full_case in process $proc$logic.v:1459$640 in module TCAddPipe.
Marked 1 switch rules as full_case in process $proc$logic.v:682$195 in module TCMulPipe_1.
Marked 1 switch rules as full_case in process $proc$logic.v:456$165 in module TCMulPipe.
Removed a total of 0 dead cases.

3.2.3. Executing PROC_PRUNE pass (remove redundant assignments in processes).
Removed 0 redundant assignments.
Promoted 3 assignments to connections.

3.2.4. Executing PROC_INIT pass (extract init attributes).

3.2.5. Executing PROC_ARST pass (detect async resets in processes).

3.2.6. Executing PROC_ROM pass (convert switches to ROMs).
Converted 0 switches.
<suppressed ~54 debug messages>

3.2.7. Executing PROC_MUX pass (convert decision trees to multiplexers).
Creating decoders for process `\Queue1_WriteVecCtrl.$proc$logic.v:3744$784'.
     1/2: $0\full[0:0]
     2/2: $0\ram[1139:0]
Creating decoders for process `\Queue1_TCDotProductOutput_1.$proc$logic.v:2779$776'.
     1/2: $0\full[0:0]
     2/2: $0\ram[36:0]
Creating decoders for process `\TCAddPipe_8.$proc$logic.v:2610$740'.
     1/30: $0\s2_io_in_r_sel_far_path[0:0]
     2/30: $0\s2_io_in_r_near_path_lzc[4:0]
     3/30: $0\s2_io_in_r_near_path_sig_raw[24:0]
     4/30: $0\s2_io_in_r_near_path_int_bit[0:0]
     5/30: $0\s2_io_in_r_near_path_lza_error[0:0]
     6/30: $0\s2_io_in_r_near_path_sig_is_zero[0:0]
     7/30: $0\s2_io_in_r_far_exp_a_vec_2[7:0]
     8/30: $0\s2_io_in_r_far_exp_a_vec_1[7:0]
     9/30: $0\s2_io_in_r_far_exp_a_vec_0[7:0]
    10/30: $0\s2_io_in_r_far_sig_b[27:0]
    11/30: $0\s2_io_in_r_far_sig_a[23:0]
    12/30: $0\s2_io_in_r_far_path_mul_of[0:0]
    13/30: $0\s2_io_in_r_small_add[0:0]
    14/30: $0\s2_io_in_r_special_case_bits_inf_sign[0:0]
    15/30: $0\s2_io_in_r_special_case_bits_iv[0:0]
    16/30: $0\s2_io_in_r_near_path_out_exp[7:0]
    17/30: $0\s2_io_in_r_near_path_out_sign[0:0]
    18/30: $0\s2_io_in_r_far_path_out_sign[0:0]
    19/30: $0\s1_io_rm_r[2:0]
    20/30: $0\s1_io_b_r[31:0]
    21/30: $0\s1_io_a_r[31:0]
    22/30: $0\io_out_bits_ctrl_r_1_c[31:0]
    23/30: $0\io_out_bits_ctrl_r_1_rm[2:0]
    24/30: $0\io_out_bits_ctrl_r_c[31:0]
    25/30: $0\io_out_bits_ctrl_r_rm[2:0]
    26/30: $0\s2_io_in_r_rm[2:0]
    27/30: $0\s2_io_in_r_special_case_bits_nan[0:0]
    28/30: $0\s2_io_in_r_special_case_valid[0:0]
    29/30: $0\REG_1[0:0]
    30/30: $0\REG[0:0]
Creating decoders for process `\TCMulPipe_8.$proc$logic.v:2399$710'.
     1/23: $0\io_out_bits_ctrl_r_1_c[31:0]
     2/23: $0\io_out_bits_ctrl_r_1_rm[2:0]
     3/23: $0\io_out_bits_ctrl_r_c[31:0]
     4/23: $0\io_out_bits_ctrl_r_rm[2:0]
     5/23: $0\s3_io_in_r_rm[2:0]
     6/23: $0\s3_io_in_r_early_overflow[0:0]
     7/23: $0\s3_io_in_r_raw_out_sig[73:0]
     8/23: $0\s3_io_in_r_raw_out_exp[8:0]
     9/23: $0\s3_io_in_r_raw_out_sign[0:0]
    10/23: $0\s3_io_in_r_special_case_bits_inf[0:0]
    11/23: $0\s3_io_in_r_special_case_bits_nan[0:0]
    12/23: $0\s3_io_in_r_special_case_valid[0:0]
    13/23: $0\s2_io_in_r_rm[2:0]
    14/23: $0\s2_io_in_r_may_be_subnormal[0:0]
    15/23: $0\s2_io_in_r_exp_shifted[8:0]
    16/23: $0\s2_io_in_r_shift_amt[8:0]
    17/23: $0\s2_io_in_r_prod_sign[0:0]
    18/23: $0\s2_io_in_r_early_overflow[0:0]
    19/23: $0\s2_io_in_r_special_case_bits_inf[0:0]
    20/23: $0\s2_io_in_r_special_case_bits_nan[0:0]
    21/23: $0\s2_io_in_r_special_case_valid[0:0]
    22/23: $0\REG_1[0:0]
    23/23: $0\REG[0:0]
Creating decoders for process `\Queue1_TCDotProductOutput.$proc$logic.v:1874$703'.
     1/2: $0\full[0:0]
     2/2: $0\ram[116:0]
Creating decoders for process `\TCAddPipe_1.$proc$logic.v:1708$675'.
     1/26: $0\s2_io_in_r_sel_far_path[0:0]
     2/26: $0\s2_io_in_r_near_path_lzc[4:0]
     3/26: $0\s2_io_in_r_near_path_sig_raw[24:0]
     4/26: $0\s2_io_in_r_near_path_int_bit[0:0]
     5/26: $0\s2_io_in_r_near_path_lza_error[0:0]
     6/26: $0\s2_io_in_r_near_path_sig_is_zero[0:0]
     7/26: $0\s2_io_in_r_far_exp_a_vec_2[7:0]
     8/26: $0\s2_io_in_r_far_exp_a_vec_1[7:0]
     9/26: $0\s2_io_in_r_far_exp_a_vec_0[7:0]
    10/26: $0\s2_io_in_r_far_sig_b[27:0]
    11/26: $0\s2_io_in_r_far_sig_a[23:0]
    12/26: $0\s2_io_in_r_far_path_mul_of[0:0]
    13/26: $0\s2_io_in_r_small_add[0:0]
    14/26: $0\s2_io_in_r_special_case_bits_inf_sign[0:0]
    15/26: $0\s2_io_in_r_special_case_bits_iv[0:0]
    16/26: $0\s2_io_in_r_near_path_out_exp[7:0]
    17/26: $0\s2_io_in_r_near_path_out_sign[0:0]
    18/26: $0\s2_io_in_r_far_path_out_sign[0:0]
    19/26: $0\s1_io_rm_r[2:0]
    20/26: $0\s1_io_b_r[31:0]
    21/26: $0\s1_io_a_r[31:0]
    22/26: $0\s2_io_in_r_rm[2:0]
    23/26: $0\s2_io_in_r_special_case_bits_nan[0:0]
    24/26: $0\s2_io_in_r_special_case_valid[0:0]
    25/26: $0\REG_1[0:0]
    26/26: $0\REG[0:0]
Creating decoders for process `\TCAddPipe.$proc$logic.v:1459$640'.
     1/40: $0\s2_io_in_r_sel_far_path[0:0]
     2/40: $0\s2_io_in_r_near_path_lzc[4:0]
     3/40: $0\s2_io_in_r_near_path_sig_raw[24:0]
     4/40: $0\s2_io_in_r_near_path_int_bit[0:0]
     5/40: $0\s2_io_in_r_near_path_lza_error[0:0]
     6/40: $0\s2_io_in_r_near_path_sig_is_zero[0:0]
     7/40: $0\s2_io_in_r_far_exp_a_vec_2[7:0]
     8/40: $0\s2_io_in_r_far_exp_a_vec_1[7:0]
     9/40: $0\s2_io_in_r_far_exp_a_vec_0[7:0]
    10/40: $0\s2_io_in_r_far_sig_b[27:0]
    11/40: $0\s2_io_in_r_far_sig_a[23:0]
    12/40: $0\s2_io_in_r_far_path_mul_of[0:0]
    13/40: $0\s2_io_in_r_small_add[0:0]
    14/40: $0\s2_io_in_r_special_case_bits_inf_sign[0:0]
    15/40: $0\s2_io_in_r_special_case_bits_iv[0:0]
    16/40: $0\s2_io_in_r_near_path_out_exp[7:0]
    17/40: $0\s2_io_in_r_near_path_out_sign[0:0]
    18/40: $0\s2_io_in_r_far_path_out_sign[0:0]
    19/40: $0\s1_io_rm_r[2:0]
    20/40: $0\s1_io_b_r[31:0]
    21/40: $0\s1_io_a_r[31:0]
    22/40: $0\io_out_bits_ctrl_r_1_ctrl_spike_info_inst[31:0]
    23/40: $0\io_out_bits_ctrl_r_1_ctrl_spike_info_pc[31:0]
    24/40: $0\io_out_bits_ctrl_r_1_ctrl_spike_info_sm_id[7:0]
    25/40: $0\io_out_bits_ctrl_r_1_ctrl_warpID[2:0]
    26/40: $0\io_out_bits_ctrl_r_1_ctrl_reg_idxw[4:0]
    27/40: $0\io_out_bits_ctrl_r_1_c[31:0]
    28/40: $0\io_out_bits_ctrl_r_1_rm[2:0]
    29/40: $0\io_out_bits_ctrl_r_ctrl_spike_info_inst[31:0]
    30/40: $0\io_out_bits_ctrl_r_ctrl_spike_info_pc[31:0]
    31/40: $0\io_out_bits_ctrl_r_ctrl_spike_info_sm_id[7:0]
    32/40: $0\io_out_bits_ctrl_r_ctrl_warpID[2:0]
    33/40: $0\io_out_bits_ctrl_r_ctrl_reg_idxw[4:0]
    34/40: $0\io_out_bits_ctrl_r_c[31:0]
    35/40: $0\io_out_bits_ctrl_r_rm[2:0]
    36/40: $0\s2_io_in_r_rm[2:0]
    37/40: $0\s2_io_in_r_special_case_bits_nan[0:0]
    38/40: $0\s2_io_in_r_special_case_valid[0:0]
    39/40: $0\REG_1[0:0]
    40/40: $0\REG[0:0]
Creating decoders for process `\TCMulPipe_1.$proc$logic.v:682$195'.
     1/19: $0\s3_io_in_r_rm[2:0]
     2/19: $0\s3_io_in_r_early_overflow[0:0]
     3/19: $0\s3_io_in_r_raw_out_sig[73:0]
     4/19: $0\s3_io_in_r_raw_out_exp[8:0]
     5/19: $0\s3_io_in_r_raw_out_sign[0:0]
     6/19: $0\s3_io_in_r_special_case_bits_inf[0:0]
     7/19: $0\s3_io_in_r_special_case_bits_nan[0:0]
     8/19: $0\s3_io_in_r_special_case_valid[0:0]
     9/19: $0\s2_io_in_r_rm[2:0]
    10/19: $0\s2_io_in_r_may_be_subnormal[0:0]
    11/19: $0\s2_io_in_r_exp_shifted[8:0]
    12/19: $0\s2_io_in_r_shift_amt[8:0]
    13/19: $0\s2_io_in_r_prod_sign[0:0]
    14/19: $0\s2_io_in_r_early_overflow[0:0]
    15/19: $0\s2_io_in_r_special_case_bits_inf[0:0]
    16/19: $0\s2_io_in_r_special_case_bits_nan[0:0]
    17/19: $0\s2_io_in_r_special_case_valid[0:0]
    18/19: $0\REG_1[0:0]
    19/19: $0\REG[0:0]
Creating decoders for process `\TCMulPipe.$proc$logic.v:456$165'.
     1/33: $0\io_out_bits_ctrl_r_1_ctrl_spike_info_inst[31:0]
     2/33: $0\io_out_bits_ctrl_r_1_ctrl_spike_info_pc[31:0]
     3/33: $0\io_out_bits_ctrl_r_1_ctrl_spike_info_sm_id[7:0]
     4/33: $0\io_out_bits_ctrl_r_1_ctrl_warpID[2:0]
     5/33: $0\io_out_bits_ctrl_r_1_ctrl_reg_idxw[4:0]
     6/33: $0\io_out_bits_ctrl_r_1_c[31:0]
     7/33: $0\io_out_bits_ctrl_r_1_rm[2:0]
     8/33: $0\io_out_bits_ctrl_r_ctrl_spike_info_inst[31:0]
     9/33: $0\io_out_bits_ctrl_r_ctrl_spike_info_pc[31:0]
    10/33: $0\io_out_bits_ctrl_r_ctrl_spike_info_sm_id[7:0]
    11/33: $0\io_out_bits_ctrl_r_ctrl_warpID[2:0]
    12/33: $0\io_out_bits_ctrl_r_ctrl_reg_idxw[4:0]
    13/33: $0\io_out_bits_ctrl_r_c[31:0]
    14/33: $0\io_out_bits_ctrl_r_rm[2:0]
    15/33: $0\s3_io_in_r_rm[2:0]
    16/33: $0\s3_io_in_r_early_overflow[0:0]
    17/33: $0\s3_io_in_r_raw_out_sig[73:0]
    18/33: $0\s3_io_in_r_raw_out_exp[8:0]
    19/33: $0\s3_io_in_r_raw_out_sign[0:0]
    20/33: $0\s3_io_in_r_special_case_bits_inf[0:0]
    21/33: $0\s3_io_in_r_special_case_bits_nan[0:0]
    22/33: $0\s3_io_in_r_special_case_valid[0:0]
    23/33: $0\s2_io_in_r_rm[2:0]
    24/33: $0\s2_io_in_r_may_be_subnormal[0:0]
    25/33: $0\s2_io_in_r_exp_shifted[8:0]
    26/33: $0\s2_io_in_r_shift_amt[8:0]
    27/33: $0\s2_io_in_r_prod_sign[0:0]
    28/33: $0\s2_io_in_r_early_overflow[0:0]
    29/33: $0\s2_io_in_r_special_case_bits_inf[0:0]
    30/33: $0\s2_io_in_r_special_case_bits_nan[0:0]
    31/33: $0\s2_io_in_r_special_case_valid[0:0]
    32/33: $0\REG_1[0:0]
    33/33: $0\REG[0:0]
Creating decoders for process `\NaiveMultiplier.$proc$logic.v:63$4'.
     1/2: $0\io_result_r_1[24:0]
     2/2: $0\io_result_r[24:0]

3.2.8. Executing PROC_DLATCH pass (convert process syncs to latches).

3.2.9. Executing PROC_DFF pass (convert process syncs to FFs).
Creating register for signal `\Queue1_WriteVecCtrl.\ram' using process `\Queue1_WriteVecCtrl.$proc$logic.v:3744$784'.
  created $dff cell `$procdff$1193' with positive edge clock.
Creating register for signal `\Queue1_WriteVecCtrl.\full' using process `\Queue1_WriteVecCtrl.$proc$logic.v:3744$784'.
  created $dff cell `$procdff$1194' with positive edge clock.
Creating register for signal `\Queue1_WriteVecCtrl.$unnamed_block$3.do_enq' using process `\Queue1_WriteVecCtrl.$proc$logic.v:3744$784'.
  created $dff cell `$procdff$1195' with positive edge clock.
Creating register for signal `\Queue1_TCDotProductOutput_1.\ram' using process `\Queue1_TCDotProductOutput_1.$proc$logic.v:2779$776'.
  created $dff cell `$procdff$1196' with positive edge clock.
Creating register for signal `\Queue1_TCDotProductOutput_1.\full' using process `\Queue1_TCDotProductOutput_1.$proc$logic.v:2779$776'.
  created $dff cell `$procdff$1197' with positive edge clock.
Creating register for signal `\Queue1_TCDotProductOutput_1.$unnamed_block$2.do_enq' using process `\Queue1_TCDotProductOutput_1.$proc$logic.v:2779$776'.
  created $dff cell `$procdff$1198' with positive edge clock.
Creating register for signal `\TCAddPipe_8.\REG' using process `\TCAddPipe_8.$proc$logic.v:2610$740'.
  created $dff cell `$procdff$1199' with positive edge clock.
Creating register for signal `\TCAddPipe_8.\REG_1' using process `\TCAddPipe_8.$proc$logic.v:2610$740'.
  created $dff cell `$procdff$1200' with positive edge clock.
Creating register for signal `\TCAddPipe_8.\s2_io_in_r_special_case_valid' using process `\TCAddPipe_8.$proc$logic.v:2610$740'.
  created $dff cell `$procdff$1201' with positive edge clock.
Creating register for signal `\TCAddPipe_8.\s2_io_in_r_special_case_bits_nan' using process `\TCAddPipe_8.$proc$logic.v:2610$740'.
  created $dff cell `$procdff$1202' with positive edge clock.
Creating register for signal `\TCAddPipe_8.\s2_io_in_r_rm' using process `\TCAddPipe_8.$proc$logic.v:2610$740'.
  created $dff cell `$procdff$1203' with positive edge clock.
Creating register for signal `\TCAddPipe_8.\io_out_bits_ctrl_r_rm' using process `\TCAddPipe_8.$proc$logic.v:2610$740'.
  created $dff cell `$procdff$1204' with positive edge clock.
Creating register for signal `\TCAddPipe_8.\io_out_bits_ctrl_r_c' using process `\TCAddPipe_8.$proc$logic.v:2610$740'.
  created $dff cell `$procdff$1205' with positive edge clock.
Creating register for signal `\TCAddPipe_8.\io_out_bits_ctrl_r_1_rm' using process `\TCAddPipe_8.$proc$logic.v:2610$740'.
  created $dff cell `$procdff$1206' with positive edge clock.
Creating register for signal `\TCAddPipe_8.\io_out_bits_ctrl_r_1_c' using process `\TCAddPipe_8.$proc$logic.v:2610$740'.
  created $dff cell `$procdff$1207' with positive edge clock.
Creating register for signal `\TCAddPipe_8.\s1_io_a_r' using process `\TCAddPipe_8.$proc$logic.v:2610$740'.
  created $dff cell `$procdff$1208' with positive edge clock.
Creating register for signal `\TCAddPipe_8.\s1_io_b_r' using process `\TCAddPipe_8.$proc$logic.v:2610$740'.
  created $dff cell `$procdff$1209' with positive edge clock.
Creating register for signal `\TCAddPipe_8.\s1_io_rm_r' using process `\TCAddPipe_8.$proc$logic.v:2610$740'.
  created $dff cell `$procdff$1210' with positive edge clock.
Creating register for signal `\TCAddPipe_8.\s2_io_in_r_far_path_out_sign' using process `\TCAddPipe_8.$proc$logic.v:2610$740'.
  created $dff cell `$procdff$1211' with positive edge clock.
Creating register for signal `\TCAddPipe_8.\s2_io_in_r_near_path_out_sign' using process `\TCAddPipe_8.$proc$logic.v:2610$740'.
  created $dff cell `$procdff$1212' with positive edge clock.
Creating register for signal `\TCAddPipe_8.\s2_io_in_r_near_path_out_exp' using process `\TCAddPipe_8.$proc$logic.v:2610$740'.
  created $dff cell `$procdff$1213' with positive edge clock.
Creating register for signal `\TCAddPipe_8.\s2_io_in_r_special_case_bits_iv' using process `\TCAddPipe_8.$proc$logic.v:2610$740'.
  created $dff cell `$procdff$1214' with positive edge clock.
Creating register for signal `\TCAddPipe_8.\s2_io_in_r_special_case_bits_inf_sign' using process `\TCAddPipe_8.$proc$logic.v:2610$740'.
  created $dff cell `$procdff$1215' with positive edge clock.
Creating register for signal `\TCAddPipe_8.\s2_io_in_r_small_add' using process `\TCAddPipe_8.$proc$logic.v:2610$740'.
  created $dff cell `$procdff$1216' with positive edge clock.
Creating register for signal `\TCAddPipe_8.\s2_io_in_r_far_path_mul_of' using process `\TCAddPipe_8.$proc$logic.v:2610$740'.
  created $dff cell `$procdff$1217' with positive edge clock.
Creating register for signal `\TCAddPipe_8.\s2_io_in_r_far_sig_a' using process `\TCAddPipe_8.$proc$logic.v:2610$740'.
  created $dff cell `$procdff$1218' with positive edge clock.
Creating register for signal `\TCAddPipe_8.\s2_io_in_r_far_sig_b' using process `\TCAddPipe_8.$proc$logic.v:2610$740'.
  created $dff cell `$procdff$1219' with positive edge clock.
Creating register for signal `\TCAddPipe_8.\s2_io_in_r_far_exp_a_vec_0' using process `\TCAddPipe_8.$proc$logic.v:2610$740'.
  created $dff cell `$procdff$1220' with positive edge clock.
Creating register for signal `\TCAddPipe_8.\s2_io_in_r_far_exp_a_vec_1' using process `\TCAddPipe_8.$proc$logic.v:2610$740'.
  created $dff cell `$procdff$1221' with positive edge clock.
Creating register for signal `\TCAddPipe_8.\s2_io_in_r_far_exp_a_vec_2' using process `\TCAddPipe_8.$proc$logic.v:2610$740'.
  created $dff cell `$procdff$1222' with positive edge clock.
Creating register for signal `\TCAddPipe_8.\s2_io_in_r_near_path_sig_is_zero' using process `\TCAddPipe_8.$proc$logic.v:2610$740'.
  created $dff cell `$procdff$1223' with positive edge clock.
Creating register for signal `\TCAddPipe_8.\s2_io_in_r_near_path_lza_error' using process `\TCAddPipe_8.$proc$logic.v:2610$740'.
  created $dff cell `$procdff$1224' with positive edge clock.
Creating register for signal `\TCAddPipe_8.\s2_io_in_r_near_path_int_bit' using process `\TCAddPipe_8.$proc$logic.v:2610$740'.
  created $dff cell `$procdff$1225' with positive edge clock.
Creating register for signal `\TCAddPipe_8.\s2_io_in_r_near_path_sig_raw' using process `\TCAddPipe_8.$proc$logic.v:2610$740'.
  created $dff cell `$procdff$1226' with positive edge clock.
Creating register for signal `\TCAddPipe_8.\s2_io_in_r_near_path_lzc' using process `\TCAddPipe_8.$proc$logic.v:2610$740'.
  created $dff cell `$procdff$1227' with positive edge clock.
Creating register for signal `\TCAddPipe_8.\s2_io_in_r_sel_far_path' using process `\TCAddPipe_8.$proc$logic.v:2610$740'.
  created $dff cell `$procdff$1228' with positive edge clock.
Creating register for signal `\TCMulPipe_8.\REG' using process `\TCMulPipe_8.$proc$logic.v:2399$710'.
  created $dff cell `$procdff$1229' with positive edge clock.
Creating register for signal `\TCMulPipe_8.\REG_1' using process `\TCMulPipe_8.$proc$logic.v:2399$710'.
  created $dff cell `$procdff$1230' with positive edge clock.
Creating register for signal `\TCMulPipe_8.\s2_io_in_r_special_case_valid' using process `\TCMulPipe_8.$proc$logic.v:2399$710'.
  created $dff cell `$procdff$1231' with positive edge clock.
Creating register for signal `\TCMulPipe_8.\s2_io_in_r_special_case_bits_nan' using process `\TCMulPipe_8.$proc$logic.v:2399$710'.
  created $dff cell `$procdff$1232' with positive edge clock.
Creating register for signal `\TCMulPipe_8.\s2_io_in_r_special_case_bits_inf' using process `\TCMulPipe_8.$proc$logic.v:2399$710'.
  created $dff cell `$procdff$1233' with positive edge clock.
Creating register for signal `\TCMulPipe_8.\s2_io_in_r_early_overflow' using process `\TCMulPipe_8.$proc$logic.v:2399$710'.
  created $dff cell `$procdff$1234' with positive edge clock.
Creating register for signal `\TCMulPipe_8.\s2_io_in_r_prod_sign' using process `\TCMulPipe_8.$proc$logic.v:2399$710'.
  created $dff cell `$procdff$1235' with positive edge clock.
Creating register for signal `\TCMulPipe_8.\s2_io_in_r_shift_amt' using process `\TCMulPipe_8.$proc$logic.v:2399$710'.
  created $dff cell `$procdff$1236' with positive edge clock.
Creating register for signal `\TCMulPipe_8.\s2_io_in_r_exp_shifted' using process `\TCMulPipe_8.$proc$logic.v:2399$710'.
  created $dff cell `$procdff$1237' with positive edge clock.
Creating register for signal `\TCMulPipe_8.\s2_io_in_r_may_be_subnormal' using process `\TCMulPipe_8.$proc$logic.v:2399$710'.
  created $dff cell `$procdff$1238' with positive edge clock.
Creating register for signal `\TCMulPipe_8.\s2_io_in_r_rm' using process `\TCMulPipe_8.$proc$logic.v:2399$710'.
  created $dff cell `$procdff$1239' with positive edge clock.
Creating register for signal `\TCMulPipe_8.\s3_io_in_r_special_case_valid' using process `\TCMulPipe_8.$proc$logic.v:2399$710'.
  created $dff cell `$procdff$1240' with positive edge clock.
Creating register for signal `\TCMulPipe_8.\s3_io_in_r_special_case_bits_nan' using process `\TCMulPipe_8.$proc$logic.v:2399$710'.
  created $dff cell `$procdff$1241' with positive edge clock.
Creating register for signal `\TCMulPipe_8.\s3_io_in_r_special_case_bits_inf' using process `\TCMulPipe_8.$proc$logic.v:2399$710'.
  created $dff cell `$procdff$1242' with positive edge clock.
Creating register for signal `\TCMulPipe_8.\s3_io_in_r_raw_out_sign' using process `\TCMulPipe_8.$proc$logic.v:2399$710'.
  created $dff cell `$procdff$1243' with positive edge clock.
Creating register for signal `\TCMulPipe_8.\s3_io_in_r_raw_out_exp' using process `\TCMulPipe_8.$proc$logic.v:2399$710'.
  created $dff cell `$procdff$1244' with positive edge clock.
Creating register for signal `\TCMulPipe_8.\s3_io_in_r_raw_out_sig' using process `\TCMulPipe_8.$proc$logic.v:2399$710'.
  created $dff cell `$procdff$1245' with positive edge clock.
Creating register for signal `\TCMulPipe_8.\s3_io_in_r_early_overflow' using process `\TCMulPipe_8.$proc$logic.v:2399$710'.
  created $dff cell `$procdff$1246' with positive edge clock.
Creating register for signal `\TCMulPipe_8.\s3_io_in_r_rm' using process `\TCMulPipe_8.$proc$logic.v:2399$710'.
  created $dff cell `$procdff$1247' with positive edge clock.
Creating register for signal `\TCMulPipe_8.\io_out_bits_ctrl_r_rm' using process `\TCMulPipe_8.$proc$logic.v:2399$710'.
  created $dff cell `$procdff$1248' with positive edge clock.
Creating register for signal `\TCMulPipe_8.\io_out_bits_ctrl_r_c' using process `\TCMulPipe_8.$proc$logic.v:2399$710'.
  created $dff cell `$procdff$1249' with positive edge clock.
Creating register for signal `\TCMulPipe_8.\io_out_bits_ctrl_r_1_rm' using process `\TCMulPipe_8.$proc$logic.v:2399$710'.
  created $dff cell `$procdff$1250' with positive edge clock.
Creating register for signal `\TCMulPipe_8.\io_out_bits_ctrl_r_1_c' using process `\TCMulPipe_8.$proc$logic.v:2399$710'.
  created $dff cell `$procdff$1251' with positive edge clock.
Creating register for signal `\Queue1_TCDotProductOutput.\ram' using process `\Queue1_TCDotProductOutput.$proc$logic.v:1874$703'.
  created $dff cell `$procdff$1252' with positive edge clock.
Creating register for signal `\Queue1_TCDotProductOutput.\full' using process `\Queue1_TCDotProductOutput.$proc$logic.v:1874$703'.
  created $dff cell `$procdff$1253' with positive edge clock.
Creating register for signal `\Queue1_TCDotProductOutput.$unnamed_block$1.do_enq' using process `\Queue1_TCDotProductOutput.$proc$logic.v:1874$703'.
  created $dff cell `$procdff$1254' with positive edge clock.
Creating register for signal `\TCAddPipe_1.\REG' using process `\TCAddPipe_1.$proc$logic.v:1708$675'.
  created $dff cell `$procdff$1255' with positive edge clock.
Creating register for signal `\TCAddPipe_1.\REG_1' using process `\TCAddPipe_1.$proc$logic.v:1708$675'.
  created $dff cell `$procdff$1256' with positive edge clock.
Creating register for signal `\TCAddPipe_1.\s2_io_in_r_special_case_valid' using process `\TCAddPipe_1.$proc$logic.v:1708$675'.
  created $dff cell `$procdff$1257' with positive edge clock.
Creating register for signal `\TCAddPipe_1.\s2_io_in_r_special_case_bits_nan' using process `\TCAddPipe_1.$proc$logic.v:1708$675'.
  created $dff cell `$procdff$1258' with positive edge clock.
Creating register for signal `\TCAddPipe_1.\s2_io_in_r_rm' using process `\TCAddPipe_1.$proc$logic.v:1708$675'.
  created $dff cell `$procdff$1259' with positive edge clock.
Creating register for signal `\TCAddPipe_1.\s1_io_a_r' using process `\TCAddPipe_1.$proc$logic.v:1708$675'.
  created $dff cell `$procdff$1260' with positive edge clock.
Creating register for signal `\TCAddPipe_1.\s1_io_b_r' using process `\TCAddPipe_1.$proc$logic.v:1708$675'.
  created $dff cell `$procdff$1261' with positive edge clock.
Creating register for signal `\TCAddPipe_1.\s1_io_rm_r' using process `\TCAddPipe_1.$proc$logic.v:1708$675'.
  created $dff cell `$procdff$1262' with positive edge clock.
Creating register for signal `\TCAddPipe_1.\s2_io_in_r_far_path_out_sign' using process `\TCAddPipe_1.$proc$logic.v:1708$675'.
  created $dff cell `$procdff$1263' with positive edge clock.
Creating register for signal `\TCAddPipe_1.\s2_io_in_r_near_path_out_sign' using process `\TCAddPipe_1.$proc$logic.v:1708$675'.
  created $dff cell `$procdff$1264' with positive edge clock.
Creating register for signal `\TCAddPipe_1.\s2_io_in_r_near_path_out_exp' using process `\TCAddPipe_1.$proc$logic.v:1708$675'.
  created $dff cell `$procdff$1265' with positive edge clock.
Creating register for signal `\TCAddPipe_1.\s2_io_in_r_special_case_bits_iv' using process `\TCAddPipe_1.$proc$logic.v:1708$675'.
  created $dff cell `$procdff$1266' with positive edge clock.
Creating register for signal `\TCAddPipe_1.\s2_io_in_r_special_case_bits_inf_sign' using process `\TCAddPipe_1.$proc$logic.v:1708$675'.
  created $dff cell `$procdff$1267' with positive edge clock.
Creating register for signal `\TCAddPipe_1.\s2_io_in_r_small_add' using process `\TCAddPipe_1.$proc$logic.v:1708$675'.
  created $dff cell `$procdff$1268' with positive edge clock.
Creating register for signal `\TCAddPipe_1.\s2_io_in_r_far_path_mul_of' using process `\TCAddPipe_1.$proc$logic.v:1708$675'.
  created $dff cell `$procdff$1269' with positive edge clock.
Creating register for signal `\TCAddPipe_1.\s2_io_in_r_far_sig_a' using process `\TCAddPipe_1.$proc$logic.v:1708$675'.
  created $dff cell `$procdff$1270' with positive edge clock.
Creating register for signal `\TCAddPipe_1.\s2_io_in_r_far_sig_b' using process `\TCAddPipe_1.$proc$logic.v:1708$675'.
  created $dff cell `$procdff$1271' with positive edge clock.
Creating register for signal `\TCAddPipe_1.\s2_io_in_r_far_exp_a_vec_0' using process `\TCAddPipe_1.$proc$logic.v:1708$675'.
  created $dff cell `$procdff$1272' with positive edge clock.
Creating register for signal `\TCAddPipe_1.\s2_io_in_r_far_exp_a_vec_1' using process `\TCAddPipe_1.$proc$logic.v:1708$675'.
  created $dff cell `$procdff$1273' with positive edge clock.
Creating register for signal `\TCAddPipe_1.\s2_io_in_r_far_exp_a_vec_2' using process `\TCAddPipe_1.$proc$logic.v:1708$675'.
  created $dff cell `$procdff$1274' with positive edge clock.
Creating register for signal `\TCAddPipe_1.\s2_io_in_r_near_path_sig_is_zero' using process `\TCAddPipe_1.$proc$logic.v:1708$675'.
  created $dff cell `$procdff$1275' with positive edge clock.
Creating register for signal `\TCAddPipe_1.\s2_io_in_r_near_path_lza_error' using process `\TCAddPipe_1.$proc$logic.v:1708$675'.
  created $dff cell `$procdff$1276' with positive edge clock.
Creating register for signal `\TCAddPipe_1.\s2_io_in_r_near_path_int_bit' using process `\TCAddPipe_1.$proc$logic.v:1708$675'.
  created $dff cell `$procdff$1277' with positive edge clock.
Creating register for signal `\TCAddPipe_1.\s2_io_in_r_near_path_sig_raw' using process `\TCAddPipe_1.$proc$logic.v:1708$675'.
  created $dff cell `$procdff$1278' with positive edge clock.
Creating register for signal `\TCAddPipe_1.\s2_io_in_r_near_path_lzc' using process `\TCAddPipe_1.$proc$logic.v:1708$675'.
  created $dff cell `$procdff$1279' with positive edge clock.
Creating register for signal `\TCAddPipe_1.\s2_io_in_r_sel_far_path' using process `\TCAddPipe_1.$proc$logic.v:1708$675'.
  created $dff cell `$procdff$1280' with positive edge clock.
Creating register for signal `\TCAddPipe.\REG' using process `\TCAddPipe.$proc$logic.v:1459$640'.
  created $dff cell `$procdff$1281' with positive edge clock.
Creating register for signal `\TCAddPipe.\REG_1' using process `\TCAddPipe.$proc$logic.v:1459$640'.
  created $dff cell `$procdff$1282' with positive edge clock.
Creating register for signal `\TCAddPipe.\s2_io_in_r_special_case_valid' using process `\TCAddPipe.$proc$logic.v:1459$640'.
  created $dff cell `$procdff$1283' with positive edge clock.
Creating register for signal `\TCAddPipe.\s2_io_in_r_special_case_bits_nan' using process `\TCAddPipe.$proc$logic.v:1459$640'.
  created $dff cell `$procdff$1284' with positive edge clock.
Creating register for signal `\TCAddPipe.\s2_io_in_r_rm' using process `\TCAddPipe.$proc$logic.v:1459$640'.
  created $dff cell `$procdff$1285' with positive edge clock.
Creating register for signal `\TCAddPipe.\io_out_bits_ctrl_r_rm' using process `\TCAddPipe.$proc$logic.v:1459$640'.
  created $dff cell `$procdff$1286' with positive edge clock.
Creating register for signal `\TCAddPipe.\io_out_bits_ctrl_r_c' using process `\TCAddPipe.$proc$logic.v:1459$640'.
  created $dff cell `$procdff$1287' with positive edge clock.
Creating register for signal `\TCAddPipe.\io_out_bits_ctrl_r_ctrl_reg_idxw' using process `\TCAddPipe.$proc$logic.v:1459$640'.
  created $dff cell `$procdff$1288' with positive edge clock.
Creating register for signal `\TCAddPipe.\io_out_bits_ctrl_r_ctrl_warpID' using process `\TCAddPipe.$proc$logic.v:1459$640'.
  created $dff cell `$procdff$1289' with positive edge clock.
Creating register for signal `\TCAddPipe.\io_out_bits_ctrl_r_ctrl_spike_info_sm_id' using process `\TCAddPipe.$proc$logic.v:1459$640'.
  created $dff cell `$procdff$1290' with positive edge clock.
Creating register for signal `\TCAddPipe.\io_out_bits_ctrl_r_ctrl_spike_info_pc' using process `\TCAddPipe.$proc$logic.v:1459$640'.
  created $dff cell `$procdff$1291' with positive edge clock.
Creating register for signal `\TCAddPipe.\io_out_bits_ctrl_r_ctrl_spike_info_inst' using process `\TCAddPipe.$proc$logic.v:1459$640'.
  created $dff cell `$procdff$1292' with positive edge clock.
Creating register for signal `\TCAddPipe.\io_out_bits_ctrl_r_1_rm' using process `\TCAddPipe.$proc$logic.v:1459$640'.
  created $dff cell `$procdff$1293' with positive edge clock.
Creating register for signal `\TCAddPipe.\io_out_bits_ctrl_r_1_c' using process `\TCAddPipe.$proc$logic.v:1459$640'.
  created $dff cell `$procdff$1294' with positive edge clock.
Creating register for signal `\TCAddPipe.\io_out_bits_ctrl_r_1_ctrl_reg_idxw' using process `\TCAddPipe.$proc$logic.v:1459$640'.
  created $dff cell `$procdff$1295' with positive edge clock.
Creating register for signal `\TCAddPipe.\io_out_bits_ctrl_r_1_ctrl_warpID' using process `\TCAddPipe.$proc$logic.v:1459$640'.
  created $dff cell `$procdff$1296' with positive edge clock.
Creating register for signal `\TCAddPipe.\io_out_bits_ctrl_r_1_ctrl_spike_info_sm_id' using process `\TCAddPipe.$proc$logic.v:1459$640'.
  created $dff cell `$procdff$1297' with positive edge clock.
Creating register for signal `\TCAddPipe.\io_out_bits_ctrl_r_1_ctrl_spike_info_pc' using process `\TCAddPipe.$proc$logic.v:1459$640'.
  created $dff cell `$procdff$1298' with positive edge clock.
Creating register for signal `\TCAddPipe.\io_out_bits_ctrl_r_1_ctrl_spike_info_inst' using process `\TCAddPipe.$proc$logic.v:1459$640'.
  created $dff cell `$procdff$1299' with positive edge clock.
Creating register for signal `\TCAddPipe.\s1_io_a_r' using process `\TCAddPipe.$proc$logic.v:1459$640'.
  created $dff cell `$procdff$1300' with positive edge clock.
Creating register for signal `\TCAddPipe.\s1_io_b_r' using process `\TCAddPipe.$proc$logic.v:1459$640'.
  created $dff cell `$procdff$1301' with positive edge clock.
Creating register for signal `\TCAddPipe.\s1_io_rm_r' using process `\TCAddPipe.$proc$logic.v:1459$640'.
  created $dff cell `$procdff$1302' with positive edge clock.
Creating register for signal `\TCAddPipe.\s2_io_in_r_far_path_out_sign' using process `\TCAddPipe.$proc$logic.v:1459$640'.
  created $dff cell `$procdff$1303' with positive edge clock.
Creating register for signal `\TCAddPipe.\s2_io_in_r_near_path_out_sign' using process `\TCAddPipe.$proc$logic.v:1459$640'.
  created $dff cell `$procdff$1304' with positive edge clock.
Creating register for signal `\TCAddPipe.\s2_io_in_r_near_path_out_exp' using process `\TCAddPipe.$proc$logic.v:1459$640'.
  created $dff cell `$procdff$1305' with positive edge clock.
Creating register for signal `\TCAddPipe.\s2_io_in_r_special_case_bits_iv' using process `\TCAddPipe.$proc$logic.v:1459$640'.
  created $dff cell `$procdff$1306' with positive edge clock.
Creating register for signal `\TCAddPipe.\s2_io_in_r_special_case_bits_inf_sign' using process `\TCAddPipe.$proc$logic.v:1459$640'.
  created $dff cell `$procdff$1307' with positive edge clock.
Creating register for signal `\TCAddPipe.\s2_io_in_r_small_add' using process `\TCAddPipe.$proc$logic.v:1459$640'.
  created $dff cell `$procdff$1308' with positive edge clock.
Creating register for signal `\TCAddPipe.\s2_io_in_r_far_path_mul_of' using process `\TCAddPipe.$proc$logic.v:1459$640'.
  created $dff cell `$procdff$1309' with positive edge clock.
Creating register for signal `\TCAddPipe.\s2_io_in_r_far_sig_a' using process `\TCAddPipe.$proc$logic.v:1459$640'.
  created $dff cell `$procdff$1310' with positive edge clock.
Creating register for signal `\TCAddPipe.\s2_io_in_r_far_sig_b' using process `\TCAddPipe.$proc$logic.v:1459$640'.
  created $dff cell `$procdff$1311' with positive edge clock.
Creating register for signal `\TCAddPipe.\s2_io_in_r_far_exp_a_vec_0' using process `\TCAddPipe.$proc$logic.v:1459$640'.
  created $dff cell `$procdff$1312' with positive edge clock.
Creating register for signal `\TCAddPipe.\s2_io_in_r_far_exp_a_vec_1' using process `\TCAddPipe.$proc$logic.v:1459$640'.
  created $dff cell `$procdff$1313' with positive edge clock.
Creating register for signal `\TCAddPipe.\s2_io_in_r_far_exp_a_vec_2' using process `\TCAddPipe.$proc$logic.v:1459$640'.
  created $dff cell `$procdff$1314' with positive edge clock.
Creating register for signal `\TCAddPipe.\s2_io_in_r_near_path_sig_is_zero' using process `\TCAddPipe.$proc$logic.v:1459$640'.
  created $dff cell `$procdff$1315' with positive edge clock.
Creating register for signal `\TCAddPipe.\s2_io_in_r_near_path_lza_error' using process `\TCAddPipe.$proc$logic.v:1459$640'.
  created $dff cell `$procdff$1316' with positive edge clock.
Creating register for signal `\TCAddPipe.\s2_io_in_r_near_path_int_bit' using process `\TCAddPipe.$proc$logic.v:1459$640'.
  created $dff cell `$procdff$1317' with positive edge clock.
Creating register for signal `\TCAddPipe.\s2_io_in_r_near_path_sig_raw' using process `\TCAddPipe.$proc$logic.v:1459$640'.
  created $dff cell `$procdff$1318' with positive edge clock.
Creating register for signal `\TCAddPipe.\s2_io_in_r_near_path_lzc' using process `\TCAddPipe.$proc$logic.v:1459$640'.
  created $dff cell `$procdff$1319' with positive edge clock.
Creating register for signal `\TCAddPipe.\s2_io_in_r_sel_far_path' using process `\TCAddPipe.$proc$logic.v:1459$640'.
  created $dff cell `$procdff$1320' with positive edge clock.
Creating register for signal `\TCMulPipe_1.\REG' using process `\TCMulPipe_1.$proc$logic.v:682$195'.
  created $dff cell `$procdff$1321' with positive edge clock.
Creating register for signal `\TCMulPipe_1.\REG_1' using process `\TCMulPipe_1.$proc$logic.v:682$195'.
  created $dff cell `$procdff$1322' with positive edge clock.
Creating register for signal `\TCMulPipe_1.\s2_io_in_r_special_case_valid' using process `\TCMulPipe_1.$proc$logic.v:682$195'.
  created $dff cell `$procdff$1323' with positive edge clock.
Creating register for signal `\TCMulPipe_1.\s2_io_in_r_special_case_bits_nan' using process `\TCMulPipe_1.$proc$logic.v:682$195'.
  created $dff cell `$procdff$1324' with positive edge clock.
Creating register for signal `\TCMulPipe_1.\s2_io_in_r_special_case_bits_inf' using process `\TCMulPipe_1.$proc$logic.v:682$195'.
  created $dff cell `$procdff$1325' with positive edge clock.
Creating register for signal `\TCMulPipe_1.\s2_io_in_r_early_overflow' using process `\TCMulPipe_1.$proc$logic.v:682$195'.
  created $dff cell `$procdff$1326' with positive edge clock.
Creating register for signal `\TCMulPipe_1.\s2_io_in_r_prod_sign' using process `\TCMulPipe_1.$proc$logic.v:682$195'.
  created $dff cell `$procdff$1327' with positive edge clock.
Creating register for signal `\TCMulPipe_1.\s2_io_in_r_shift_amt' using process `\TCMulPipe_1.$proc$logic.v:682$195'.
  created $dff cell `$procdff$1328' with positive edge clock.
Creating register for signal `\TCMulPipe_1.\s2_io_in_r_exp_shifted' using process `\TCMulPipe_1.$proc$logic.v:682$195'.
  created $dff cell `$procdff$1329' with positive edge clock.
Creating register for signal `\TCMulPipe_1.\s2_io_in_r_may_be_subnormal' using process `\TCMulPipe_1.$proc$logic.v:682$195'.
  created $dff cell `$procdff$1330' with positive edge clock.
Creating register for signal `\TCMulPipe_1.\s2_io_in_r_rm' using process `\TCMulPipe_1.$proc$logic.v:682$195'.
  created $dff cell `$procdff$1331' with positive edge clock.
Creating register for signal `\TCMulPipe_1.\s3_io_in_r_special_case_valid' using process `\TCMulPipe_1.$proc$logic.v:682$195'.
  created $dff cell `$procdff$1332' with positive edge clock.
Creating register for signal `\TCMulPipe_1.\s3_io_in_r_special_case_bits_nan' using process `\TCMulPipe_1.$proc$logic.v:682$195'.
  created $dff cell `$procdff$1333' with positive edge clock.
Creating register for signal `\TCMulPipe_1.\s3_io_in_r_special_case_bits_inf' using process `\TCMulPipe_1.$proc$logic.v:682$195'.
  created $dff cell `$procdff$1334' with positive edge clock.
Creating register for signal `\TCMulPipe_1.\s3_io_in_r_raw_out_sign' using process `\TCMulPipe_1.$proc$logic.v:682$195'.
  created $dff cell `$procdff$1335' with positive edge clock.
Creating register for signal `\TCMulPipe_1.\s3_io_in_r_raw_out_exp' using process `\TCMulPipe_1.$proc$logic.v:682$195'.
  created $dff cell `$procdff$1336' with positive edge clock.
Creating register for signal `\TCMulPipe_1.\s3_io_in_r_raw_out_sig' using process `\TCMulPipe_1.$proc$logic.v:682$195'.
  created $dff cell `$procdff$1337' with positive edge clock.
Creating register for signal `\TCMulPipe_1.\s3_io_in_r_early_overflow' using process `\TCMulPipe_1.$proc$logic.v:682$195'.
  created $dff cell `$procdff$1338' with positive edge clock.
Creating register for signal `\TCMulPipe_1.\s3_io_in_r_rm' using process `\TCMulPipe_1.$proc$logic.v:682$195'.
  created $dff cell `$procdff$1339' with positive edge clock.
Creating register for signal `\TCMulPipe.\REG' using process `\TCMulPipe.$proc$logic.v:456$165'.
  created $dff cell `$procdff$1340' with positive edge clock.
Creating register for signal `\TCMulPipe.\REG_1' using process `\TCMulPipe.$proc$logic.v:456$165'.
  created $dff cell `$procdff$1341' with positive edge clock.
Creating register for signal `\TCMulPipe.\s2_io_in_r_special_case_valid' using process `\TCMulPipe.$proc$logic.v:456$165'.
  created $dff cell `$procdff$1342' with positive edge clock.
Creating register for signal `\TCMulPipe.\s2_io_in_r_special_case_bits_nan' using process `\TCMulPipe.$proc$logic.v:456$165'.
  created $dff cell `$procdff$1343' with positive edge clock.
Creating register for signal `\TCMulPipe.\s2_io_in_r_special_case_bits_inf' using process `\TCMulPipe.$proc$logic.v:456$165'.
  created $dff cell `$procdff$1344' with positive edge clock.
Creating register for signal `\TCMulPipe.\s2_io_in_r_early_overflow' using process `\TCMulPipe.$proc$logic.v:456$165'.
  created $dff cell `$procdff$1345' with positive edge clock.
Creating register for signal `\TCMulPipe.\s2_io_in_r_prod_sign' using process `\TCMulPipe.$proc$logic.v:456$165'.
  created $dff cell `$procdff$1346' with positive edge clock.
Creating register for signal `\TCMulPipe.\s2_io_in_r_shift_amt' using process `\TCMulPipe.$proc$logic.v:456$165'.
  created $dff cell `$procdff$1347' with positive edge clock.
Creating register for signal `\TCMulPipe.\s2_io_in_r_exp_shifted' using process `\TCMulPipe.$proc$logic.v:456$165'.
  created $dff cell `$procdff$1348' with positive edge clock.
Creating register for signal `\TCMulPipe.\s2_io_in_r_may_be_subnormal' using process `\TCMulPipe.$proc$logic.v:456$165'.
  created $dff cell `$procdff$1349' with positive edge clock.
Creating register for signal `\TCMulPipe.\s2_io_in_r_rm' using process `\TCMulPipe.$proc$logic.v:456$165'.
  created $dff cell `$procdff$1350' with positive edge clock.
Creating register for signal `\TCMulPipe.\s3_io_in_r_special_case_valid' using process `\TCMulPipe.$proc$logic.v:456$165'.
  created $dff cell `$procdff$1351' with positive edge clock.
Creating register for signal `\TCMulPipe.\s3_io_in_r_special_case_bits_nan' using process `\TCMulPipe.$proc$logic.v:456$165'.
  created $dff cell `$procdff$1352' with positive edge clock.
Creating register for signal `\TCMulPipe.\s3_io_in_r_special_case_bits_inf' using process `\TCMulPipe.$proc$logic.v:456$165'.
  created $dff cell `$procdff$1353' with positive edge clock.
Creating register for signal `\TCMulPipe.\s3_io_in_r_raw_out_sign' using process `\TCMulPipe.$proc$logic.v:456$165'.
  created $dff cell `$procdff$1354' with positive edge clock.
Creating register for signal `\TCMulPipe.\s3_io_in_r_raw_out_exp' using process `\TCMulPipe.$proc$logic.v:456$165'.
  created $dff cell `$procdff$1355' with positive edge clock.
Creating register for signal `\TCMulPipe.\s3_io_in_r_raw_out_sig' using process `\TCMulPipe.$proc$logic.v:456$165'.
  created $dff cell `$procdff$1356' with positive edge clock.
Creating register for signal `\TCMulPipe.\s3_io_in_r_early_overflow' using process `\TCMulPipe.$proc$logic.v:456$165'.
  created $dff cell `$procdff$1357' with positive edge clock.
Creating register for signal `\TCMulPipe.\s3_io_in_r_rm' using process `\TCMulPipe.$proc$logic.v:456$165'.
  created $dff cell `$procdff$1358' with positive edge clock.
Creating register for signal `\TCMulPipe.\io_out_bits_ctrl_r_rm' using process `\TCMulPipe.$proc$logic.v:456$165'.
  created $dff cell `$procdff$1359' with positive edge clock.
Creating register for signal `\TCMulPipe.\io_out_bits_ctrl_r_c' using process `\TCMulPipe.$proc$logic.v:456$165'.
  created $dff cell `$procdff$1360' with positive edge clock.
Creating register for signal `\TCMulPipe.\io_out_bits_ctrl_r_ctrl_reg_idxw' using process `\TCMulPipe.$proc$logic.v:456$165'.
  created $dff cell `$procdff$1361' with positive edge clock.
Creating register for signal `\TCMulPipe.\io_out_bits_ctrl_r_ctrl_warpID' using process `\TCMulPipe.$proc$logic.v:456$165'.
  created $dff cell `$procdff$1362' with positive edge clock.
Creating register for signal `\TCMulPipe.\io_out_bits_ctrl_r_ctrl_spike_info_sm_id' using process `\TCMulPipe.$proc$logic.v:456$165'.
  created $dff cell `$procdff$1363' with positive edge clock.
Creating register for signal `\TCMulPipe.\io_out_bits_ctrl_r_ctrl_spike_info_pc' using process `\TCMulPipe.$proc$logic.v:456$165'.
  created $dff cell `$procdff$1364' with positive edge clock.
Creating register for signal `\TCMulPipe.\io_out_bits_ctrl_r_ctrl_spike_info_inst' using process `\TCMulPipe.$proc$logic.v:456$165'.
  created $dff cell `$procdff$1365' with positive edge clock.
Creating register for signal `\TCMulPipe.\io_out_bits_ctrl_r_1_rm' using process `\TCMulPipe.$proc$logic.v:456$165'.
  created $dff cell `$procdff$1366' with positive edge clock.
Creating register for signal `\TCMulPipe.\io_out_bits_ctrl_r_1_c' using process `\TCMulPipe.$proc$logic.v:456$165'.
  created $dff cell `$procdff$1367' with positive edge clock.
Creating register for signal `\TCMulPipe.\io_out_bits_ctrl_r_1_ctrl_reg_idxw' using process `\TCMulPipe.$proc$logic.v:456$165'.
  created $dff cell `$procdff$1368' with positive edge clock.
Creating register for signal `\TCMulPipe.\io_out_bits_ctrl_r_1_ctrl_warpID' using process `\TCMulPipe.$proc$logic.v:456$165'.
  created $dff cell `$procdff$1369' with positive edge clock.
Creating register for signal `\TCMulPipe.\io_out_bits_ctrl_r_1_ctrl_spike_info_sm_id' using process `\TCMulPipe.$proc$logic.v:456$165'.
  created $dff cell `$procdff$1370' with positive edge clock.
Creating register for signal `\TCMulPipe.\io_out_bits_ctrl_r_1_ctrl_spike_info_pc' using process `\TCMulPipe.$proc$logic.v:456$165'.
  created $dff cell `$procdff$1371' with positive edge clock.
Creating register for signal `\TCMulPipe.\io_out_bits_ctrl_r_1_ctrl_spike_info_inst' using process `\TCMulPipe.$proc$logic.v:456$165'.
  created $dff cell `$procdff$1372' with positive edge clock.
Creating register for signal `\NaiveMultiplier.\io_result_r' using process `\NaiveMultiplier.$proc$logic.v:63$4'.
  created $dff cell `$procdff$1373' with positive edge clock.
Creating register for signal `\NaiveMultiplier.\io_result_r_1' using process `\NaiveMultiplier.$proc$logic.v:63$4'.
  created $dff cell `$procdff$1374' with positive edge clock.

3.2.10. Executing PROC_MEMWR pass (convert process memory writes to cells).

3.2.11. Executing PROC_CLEAN pass (remove empty switches from decision trees).
Found and cleaned up 3 empty switches in `\Queue1_WriteVecCtrl.$proc$logic.v:3744$784'.
Removing empty process `Queue1_WriteVecCtrl.$proc$logic.v:3744$784'.
Found and cleaned up 3 empty switches in `\Queue1_TCDotProductOutput_1.$proc$logic.v:2779$776'.
Removing empty process `Queue1_TCDotProductOutput_1.$proc$logic.v:2779$776'.
Found and cleaned up 9 empty switches in `\TCAddPipe_8.$proc$logic.v:2610$740'.
Removing empty process `TCAddPipe_8.$proc$logic.v:2610$740'.
Found and cleaned up 7 empty switches in `\TCMulPipe_8.$proc$logic.v:2399$710'.
Removing empty process `TCMulPipe_8.$proc$logic.v:2399$710'.
Found and cleaned up 3 empty switches in `\Queue1_TCDotProductOutput.$proc$logic.v:1874$703'.
Removing empty process `Queue1_TCDotProductOutput.$proc$logic.v:1874$703'.
Found and cleaned up 7 empty switches in `\TCAddPipe_1.$proc$logic.v:1708$675'.
Removing empty process `TCAddPipe_1.$proc$logic.v:1708$675'.
Found and cleaned up 9 empty switches in `\TCAddPipe.$proc$logic.v:1459$640'.
Removing empty process `TCAddPipe.$proc$logic.v:1459$640'.
Found and cleaned up 5 empty switches in `\TCMulPipe_1.$proc$logic.v:682$195'.
Removing empty process `TCMulPipe_1.$proc$logic.v:682$195'.
Found and cleaned up 7 empty switches in `\TCMulPipe.$proc$logic.v:456$165'.
Removing empty process `TCMulPipe.$proc$logic.v:456$165'.
Found and cleaned up 1 empty switch in `\NaiveMultiplier.$proc$logic.v:63$4'.
Removing empty process `NaiveMultiplier.$proc$logic.v:63$4'.
Cleaned up 54 empty switches.

3.2.12. Executing OPT_EXPR pass (perform const folding).
Optimizing module vTCexe.
Optimizing module Queue1_WriteVecCtrl.
<suppressed ~1 debug messages>
Optimizing module TensorCoreFP32.
Optimizing module TCDotProduct_1.
Optimizing module Queue1_TCDotProductOutput_1.
<suppressed ~1 debug messages>
Optimizing module TCAddPipe_8.
<suppressed ~2 debug messages>
Optimizing module TCMulPipe_8.
<suppressed ~2 debug messages>
Optimizing module TCDotProduct.
Optimizing module Queue1_TCDotProductOutput.
<suppressed ~1 debug messages>
Optimizing module TCAddPipe_1.
<suppressed ~2 debug messages>
Optimizing module TCAddPipe.
<suppressed ~2 debug messages>
Optimizing module FCMA_ADD_s2.
<suppressed ~2 debug messages>
Optimizing module FCMA_ADD_s1.
Optimizing module NearPath.
<suppressed ~25 debug messages>
Optimizing module CLZ_8.
Optimizing module LZA.
Optimizing module FarPath.
Optimizing module ShiftRightJam.
Optimizing module TCMulPipe_1.
<suppressed ~2 debug messages>
Optimizing module TCMulPipe.
<suppressed ~2 debug messages>
Optimizing module FMUL_s3.
Optimizing module TininessRounder.
<suppressed ~1 debug messages>
Optimizing module RoundingUnit.
<suppressed ~1 debug messages>
Optimizing module FMUL_s2.
Optimizing module FMUL_s1.
Optimizing module CLZ.
Optimizing module NaiveMultiplier.

3.3. Executing OPT_EXPR pass (perform const folding).
Optimizing module vTCexe.
Optimizing module Queue1_WriteVecCtrl.
Optimizing module TensorCoreFP32.
Optimizing module TCDotProduct_1.
Optimizing module Queue1_TCDotProductOutput_1.
Optimizing module TCAddPipe_8.
Optimizing module TCMulPipe_8.
Optimizing module TCDotProduct.
Optimizing module Queue1_TCDotProductOutput.
Optimizing module TCAddPipe_1.
Optimizing module TCAddPipe.
Optimizing module FCMA_ADD_s2.
Optimizing module FCMA_ADD_s1.
Optimizing module NearPath.
Optimizing module CLZ_8.
Optimizing module LZA.
Optimizing module FarPath.
Optimizing module ShiftRightJam.
Optimizing module TCMulPipe_1.
Optimizing module TCMulPipe.
Optimizing module FMUL_s3.
Optimizing module TininessRounder.
Optimizing module RoundingUnit.
Optimizing module FMUL_s2.
Optimizing module FMUL_s1.
Optimizing module CLZ.
Optimizing module NaiveMultiplier.

3.4. Executing OPT_CLEAN pass (remove unused cells and wires).
Finding unused cells or wires in module \vTCexe..
Finding unused cells or wires in module \Queue1_WriteVecCtrl..
Finding unused cells or wires in module \TensorCoreFP32..
Finding unused cells or wires in module \TCDotProduct_1..
Finding unused cells or wires in module \Queue1_TCDotProductOutput_1..
Finding unused cells or wires in module \TCAddPipe_8..
Finding unused cells or wires in module \TCMulPipe_8..
Finding unused cells or wires in module \TCDotProduct..
Finding unused cells or wires in module \Queue1_TCDotProductOutput..
Finding unused cells or wires in module \TCAddPipe_1..
Finding unused cells or wires in module \TCAddPipe..
Finding unused cells or wires in module \FCMA_ADD_s2..
Finding unused cells or wires in module \FCMA_ADD_s1..
Finding unused cells or wires in module \NearPath..
Finding unused cells or wires in module \CLZ_8..
Finding unused cells or wires in module \LZA..
Finding unused cells or wires in module \FarPath..
Finding unused cells or wires in module \ShiftRightJam..
Finding unused cells or wires in module \TCMulPipe_1..
Finding unused cells or wires in module \TCMulPipe..
Finding unused cells or wires in module \FMUL_s3..
Finding unused cells or wires in module \TininessRounder..
Finding unused cells or wires in module \RoundingUnit..
Finding unused cells or wires in module \FMUL_s2..
Finding unused cells or wires in module \FMUL_s1..
Finding unused cells or wires in module \CLZ..
Finding unused cells or wires in module \NaiveMultiplier..
Removed 20 unused cells and 550 unused wires.
<suppressed ~43 debug messages>

3.5. Executing CHECK pass (checking for obvious problems).
Checking module vTCexe...
Checking module Queue1_WriteVecCtrl...
Checking module TensorCoreFP32...
Checking module TCDotProduct_1...
Checking module Queue1_TCDotProductOutput_1...
Checking module TCAddPipe_8...
Checking module TCMulPipe_8...
Checking module TCDotProduct...
Checking module Queue1_TCDotProductOutput...
Checking module TCAddPipe_1...
Checking module TCAddPipe...
Checking module FCMA_ADD_s2...
Checking module FCMA_ADD_s1...
Checking module NearPath...
Checking module CLZ_8...
Checking module LZA...
Checking module FarPath...
Checking module ShiftRightJam...
Checking module TCMulPipe_1...
Checking module TCMulPipe...
Checking module FMUL_s3...
Checking module TininessRounder...
Checking module RoundingUnit...
Checking module FMUL_s2...
Checking module FMUL_s1...
Checking module CLZ...
Checking module NaiveMultiplier...
Found and reported 0 problems.

3.6. Executing OPT pass (performing simple optimizations).

3.6.1. Executing OPT_EXPR pass (perform const folding).
Optimizing module vTCexe.
Optimizing module Queue1_WriteVecCtrl.
Optimizing module TensorCoreFP32.
Optimizing module TCDotProduct_1.
Optimizing module Queue1_TCDotProductOutput_1.
Optimizing module TCAddPipe_8.
Optimizing module TCMulPipe_8.
Optimizing module TCDotProduct.
Optimizing module Queue1_TCDotProductOutput.
Optimizing module TCAddPipe_1.
Optimizing module TCAddPipe.
Optimizing module FCMA_ADD_s2.
Optimizing module FCMA_ADD_s1.
Optimizing module NearPath.
Optimizing module CLZ_8.
Optimizing module LZA.
Optimizing module FarPath.
Optimizing module ShiftRightJam.
Optimizing module TCMulPipe_1.
Optimizing module TCMulPipe.
Optimizing module FMUL_s3.
Optimizing module TininessRounder.
Optimizing module RoundingUnit.
Optimizing module FMUL_s2.
Optimizing module FMUL_s1.
Optimizing module CLZ.
Optimizing module NaiveMultiplier.

3.6.2. Executing OPT_MERGE pass (detect identical cells).
Finding identical cells in module `\vTCexe'.
Computing hashes of 2 cells of `\vTCexe'.
Finding duplicate cells in `\vTCexe'.
Finding identical cells in module `\Queue1_WriteVecCtrl'.
Computing hashes of 10 cells of `\Queue1_WriteVecCtrl'.
Finding duplicate cells in `\Queue1_WriteVecCtrl'.
Finding identical cells in module `\TensorCoreFP32'.
Computing hashes of 16 cells of `\TensorCoreFP32'.
Finding duplicate cells in `\TensorCoreFP32'.
Finding identical cells in module `\TCDotProduct_1'.
Computing hashes of 17 cells of `\TCDotProduct_1'.
Finding duplicate cells in `\TCDotProduct_1'.
Finding identical cells in module `\Queue1_TCDotProductOutput_1'.
Computing hashes of 10 cells of `\Queue1_TCDotProductOutput_1'.
Finding duplicate cells in `\Queue1_TCDotProductOutput_1'.
Finding identical cells in module `\TCAddPipe_8'.
Computing hashes of 96 cells of `\TCAddPipe_8'.
Finding duplicate cells in `\TCAddPipe_8'.
Computing hashes of 88 cells of `\TCAddPipe_8'.
Finding duplicate cells in `\TCAddPipe_8'.
Computing hashes of 81 cells of `\TCAddPipe_8'.
Finding duplicate cells in `\TCAddPipe_8'.
Computing hashes of 76 cells of `\TCAddPipe_8'.
Finding duplicate cells in `\TCAddPipe_8'.
Computing hashes of 72 cells of `\TCAddPipe_8'.
Finding duplicate cells in `\TCAddPipe_8'.
<suppressed ~72 debug messages>
Finding identical cells in module `\TCMulPipe_8'.
Computing hashes of 79 cells of `\TCMulPipe_8'.
Finding duplicate cells in `\TCMulPipe_8'.
Computing hashes of 73 cells of `\TCMulPipe_8'.
Finding duplicate cells in `\TCMulPipe_8'.
Computing hashes of 68 cells of `\TCMulPipe_8'.
Finding duplicate cells in `\TCMulPipe_8'.
Computing hashes of 65 cells of `\TCMulPipe_8'.
Finding duplicate cells in `\TCMulPipe_8'.
Computing hashes of 62 cells of `\TCMulPipe_8'.
Finding duplicate cells in `\TCMulPipe_8'.
<suppressed ~51 debug messages>
Finding identical cells in module `\TCDotProduct'.
Computing hashes of 17 cells of `\TCDotProduct'.
Finding duplicate cells in `\TCDotProduct'.
Finding identical cells in module `\Queue1_TCDotProductOutput'.
Computing hashes of 10 cells of `\Queue1_TCDotProductOutput'.
Finding duplicate cells in `\Queue1_TCDotProductOutput'.
Finding identical cells in module `\TCAddPipe_1'.
Computing hashes of 80 cells of `\TCAddPipe_1'.
Finding duplicate cells in `\TCAddPipe_1'.
Computing hashes of 74 cells of `\TCAddPipe_1'.
Finding duplicate cells in `\TCAddPipe_1'.
Computing hashes of 69 cells of `\TCAddPipe_1'.
Finding duplicate cells in `\TCAddPipe_1'.
Computing hashes of 66 cells of `\TCAddPipe_1'.
Finding duplicate cells in `\TCAddPipe_1'.
Computing hashes of 64 cells of `\TCAddPipe_1'.
Finding duplicate cells in `\TCAddPipe_1'.
<suppressed ~48 debug messages>
Finding identical cells in module `\TCAddPipe'.
Computing hashes of 116 cells of `\TCAddPipe'.
Finding duplicate cells in `\TCAddPipe'.
Computing hashes of 108 cells of `\TCAddPipe'.
Finding duplicate cells in `\TCAddPipe'.
Computing hashes of 101 cells of `\TCAddPipe'.
Finding duplicate cells in `\TCAddPipe'.
Computing hashes of 96 cells of `\TCAddPipe'.
Finding duplicate cells in `\TCAddPipe'.
Computing hashes of 92 cells of `\TCAddPipe'.
Finding duplicate cells in `\TCAddPipe'.
<suppressed ~72 debug messages>
Finding identical cells in module `\FCMA_ADD_s2'.
Computing hashes of 76 cells of `\FCMA_ADD_s2'.
Finding duplicate cells in `\FCMA_ADD_s2'.
Computing hashes of 73 cells of `\FCMA_ADD_s2'.
Finding duplicate cells in `\FCMA_ADD_s2'.
<suppressed ~9 debug messages>
Finding identical cells in module `\FCMA_ADD_s1'.
Computing hashes of 69 cells of `\FCMA_ADD_s1'.
Finding duplicate cells in `\FCMA_ADD_s1'.
Computing hashes of 59 cells of `\FCMA_ADD_s1'.
Finding duplicate cells in `\FCMA_ADD_s1'.
Computing hashes of 57 cells of `\FCMA_ADD_s1'.
Finding duplicate cells in `\FCMA_ADD_s1'.
<suppressed ~36 debug messages>
Finding identical cells in module `\NearPath'.
Computing hashes of 102 cells of `\NearPath'.
Finding duplicate cells in `\NearPath'.
Computing hashes of 100 cells of `\NearPath'.
Finding duplicate cells in `\NearPath'.
<suppressed ~6 debug messages>
Finding identical cells in module `\CLZ_8'.
Computing hashes of 24 cells of `\CLZ_8'.
Finding duplicate cells in `\CLZ_8'.
Finding identical cells in module `\LZA'.
Computing hashes of 144 cells of `\LZA'.
Finding duplicate cells in `\LZA'.
Finding identical cells in module `\FarPath'.
Computing hashes of 7 cells of `\FarPath'.
Finding duplicate cells in `\FarPath'.
Finding identical cells in module `\ShiftRightJam'.
Computing hashes of 8 cells of `\ShiftRightJam'.
Finding duplicate cells in `\ShiftRightJam'.
Finding identical cells in module `\TCMulPipe_1'.
Computing hashes of 66 cells of `\TCMulPipe_1'.
Finding duplicate cells in `\TCMulPipe_1'.
Computing hashes of 61 cells of `\TCMulPipe_1'.
Finding duplicate cells in `\TCMulPipe_1'.
Computing hashes of 57 cells of `\TCMulPipe_1'.
Finding duplicate cells in `\TCMulPipe_1'.
Computing hashes of 55 cells of `\TCMulPipe_1'.
Finding duplicate cells in `\TCMulPipe_1'.
Computing hashes of 54 cells of `\TCMulPipe_1'.
Finding duplicate cells in `\TCMulPipe_1'.
<suppressed ~36 debug messages>
Finding identical cells in module `\TCMulPipe'.
Computing hashes of 99 cells of `\TCMulPipe'.
Finding duplicate cells in `\TCMulPipe'.
Computing hashes of 93 cells of `\TCMulPipe'.
Finding duplicate cells in `\TCMulPipe'.
Computing hashes of 88 cells of `\TCMulPipe'.
Finding duplicate cells in `\TCMulPipe'.
Computing hashes of 85 cells of `\TCMulPipe'.
Finding duplicate cells in `\TCMulPipe'.
Computing hashes of 82 cells of `\TCMulPipe'.
Finding duplicate cells in `\TCMulPipe'.
<suppressed ~51 debug messages>
Finding identical cells in module `\FMUL_s3'.
Computing hashes of 22 cells of `\FMUL_s3'.
Finding duplicate cells in `\FMUL_s3'.
Finding identical cells in module `\TininessRounder'.
Computing hashes of 6 cells of `\TininessRounder'.
Finding duplicate cells in `\TininessRounder'.
Finding identical cells in module `\RoundingUnit'.
Computing hashes of 23 cells of `\RoundingUnit'.
Finding duplicate cells in `\RoundingUnit'.
Finding identical cells in module `\FMUL_s2'.
Computing hashes of 8 cells of `\FMUL_s2'.
Finding duplicate cells in `\FMUL_s2'.
Finding identical cells in module `\FMUL_s1'.
Computing hashes of 52 cells of `\FMUL_s1'.
Finding duplicate cells in `\FMUL_s1'.
Computing hashes of 41 cells of `\FMUL_s1'.
Finding duplicate cells in `\FMUL_s1'.
Computing hashes of 37 cells of `\FMUL_s1'.
Finding duplicate cells in `\FMUL_s1'.
<suppressed ~45 debug messages>
Finding identical cells in module `\CLZ'.
Computing hashes of 49 cells of `\CLZ'.
Finding duplicate cells in `\CLZ'.
Finding identical cells in module `\NaiveMultiplier'.
Computing hashes of 5 cells of `\NaiveMultiplier'.
Finding duplicate cells in `\NaiveMultiplier'.
Removed a total of 142 cells.

3.6.3. Executing OPT_MUXTREE pass (detect dead branches in mux trees).
Running muxtree optimizer on module \vTCexe..
  Creating internal representation of mux trees.
  No muxes found in this module.
Running muxtree optimizer on module \Queue1_WriteVecCtrl..
  Creating internal representation of mux trees.
  Evaluating internal representation of mux trees.
  Analyzing evaluation results.
Running muxtree optimizer on module \TensorCoreFP32..
  Creating internal representation of mux trees.
  No muxes found in this module.
Running muxtree optimizer on module \TCDotProduct_1..
  Creating internal representation of mux trees.
  No muxes found in this module.
Running muxtree optimizer on module \Queue1_TCDotProductOutput_1..
  Creating internal representation of mux trees.
  Evaluating internal representation of mux trees.
  Analyzing evaluation results.
Running muxtree optimizer on module \TCAddPipe_8..
  Creating internal representation of mux trees.
  Evaluating internal representation of mux trees.
  Analyzing evaluation results.
Running muxtree optimizer on module \TCMulPipe_8..
  Creating internal representation of mux trees.
  Evaluating internal representation of mux trees.
  Analyzing evaluation results.
Running muxtree optimizer on module \TCDotProduct..
  Creating internal representation of mux trees.
  No muxes found in this module.
Running muxtree optimizer on module \Queue1_TCDotProductOutput..
  Creating internal representation of mux trees.
  Evaluating internal representation of mux trees.
  Analyzing evaluation results.
Running muxtree optimizer on module \TCAddPipe_1..
  Creating internal representation of mux trees.
  Evaluating internal representation of mux trees.
  Analyzing evaluation results.
Running muxtree optimizer on module \TCAddPipe..
  Creating internal representation of mux trees.
  Evaluating internal representation of mux trees.
  Analyzing evaluation results.
Running muxtree optimizer on module \FCMA_ADD_s2..
  Creating internal representation of mux trees.
  Evaluating internal representation of mux trees.
      Replacing known input bits on port B of cell $ternary$logic.v:1279$571: { \_adder_result_T [27:2] $reduce_or$logic.v:1279$570_Y } -> { 1'1 \_adder_result_T [26:2] $reduce_or$logic.v:1279$570_Y }
  Analyzing evaluation results.
Running muxtree optimizer on module \FCMA_ADD_s1..
  Creating internal representation of mux trees.
  Evaluating internal representation of mux trees.
  Analyzing evaluation results.
Running muxtree optimizer on module \NearPath..
  Creating internal representation of mux trees.
  Evaluating internal representation of mux trees.
  Analyzing evaluation results.
Running muxtree optimizer on module \CLZ_8..
  Creating internal representation of mux trees.
  Evaluating internal representation of mux trees.
  Analyzing evaluation results.
Running muxtree optimizer on module \LZA..
  Creating internal representation of mux trees.
  No muxes found in this module.
Running muxtree optimizer on module \FarPath..
  Creating internal representation of mux trees.
  Evaluating internal representation of mux trees.
  Analyzing evaluation results.
Running muxtree optimizer on module \ShiftRightJam..
  Creating internal representation of mux trees.
  Evaluating internal representation of mux trees.
  Analyzing evaluation results.
Running muxtree optimizer on module \TCMulPipe_1..
  Creating internal representation of mux trees.
  Evaluating internal representation of mux trees.
  Analyzing evaluation results.
Running muxtree optimizer on module \TCMulPipe..
  Creating internal representation of mux trees.
  Evaluating internal representation of mux trees.
  Analyzing evaluation results.
Running muxtree optimizer on module \FMUL_s3..
  Creating internal representation of mux trees.
  Evaluating internal representation of mux trees.
  Analyzing evaluation results.
Running muxtree optimizer on module \TininessRounder..
  Creating internal representation of mux trees.
  No muxes found in this module.
Running muxtree optimizer on module \RoundingUnit..
  Creating internal representation of mux trees.
  Evaluating internal representation of mux trees.
  Analyzing evaluation results.
Running muxtree optimizer on module \FMUL_s2..
  Creating internal representation of mux trees.
  Evaluating internal representation of mux trees.
  Analyzing evaluation results.
Running muxtree optimizer on module \FMUL_s1..
  Creating internal representation of mux trees.
  Evaluating internal representation of mux trees.
      Replacing known input bits on port A of cell $ternary$logic.v:232$96: { $reduce_or$logic.v:232$95_Y \io_a [22:0] } -> { 1'0 \io_a [22:0] }
  Analyzing evaluation results.
Running muxtree optimizer on module \CLZ..
  Creating internal representation of mux trees.
  Evaluating internal representation of mux trees.
  Analyzing evaluation results.
Running muxtree optimizer on module \NaiveMultiplier..
  Creating internal representation of mux trees.
  Evaluating internal representation of mux trees.
  Analyzing evaluation results.
Removed 0 multiplexer ports.
<suppressed ~533 debug messages>

3.6.4. Executing OPT_REDUCE pass (consolidate $*mux and $reduce_* inputs).
  Optimizing cells in module \vTCexe.
  Optimizing cells in module \Queue1_WriteVecCtrl.
  Optimizing cells in module \TensorCoreFP32.
  Optimizing cells in module \TCDotProduct_1.
  Optimizing cells in module \Queue1_TCDotProductOutput_1.
  Optimizing cells in module \TCAddPipe_8.
  Optimizing cells in module \TCMulPipe_8.
  Optimizing cells in module \TCDotProduct.
  Optimizing cells in module \Queue1_TCDotProductOutput.
  Optimizing cells in module \TCAddPipe_1.
  Optimizing cells in module \TCAddPipe.
  Optimizing cells in module \FCMA_ADD_s2.
  Optimizing cells in module \FCMA_ADD_s1.
  Optimizing cells in module \NearPath.
  Optimizing cells in module \CLZ_8.
  Optimizing cells in module \LZA.
  Optimizing cells in module \FarPath.
  Optimizing cells in module \ShiftRightJam.
  Optimizing cells in module \TCMulPipe_1.
  Optimizing cells in module \TCMulPipe.
  Optimizing cells in module \FMUL_s3.
    New input vector for $reduce_or cell $reduce_or$logic.v:361$156: \io_in_raw_out_sig [48:0]
  Optimizing cells in module \FMUL_s3.
  Optimizing cells in module \TininessRounder.
  Optimizing cells in module \RoundingUnit.
  Optimizing cells in module \FMUL_s2.
  Optimizing cells in module \FMUL_s1.
  Optimizing cells in module \CLZ.
  Optimizing cells in module \NaiveMultiplier.
Performed a total of 1 changes.

3.6.5. Executing OPT_MERGE pass (detect identical cells).
Finding identical cells in module `\vTCexe'.
Computing hashes of 2 cells of `\vTCexe'.
Finding duplicate cells in `\vTCexe'.
Finding identical cells in module `\Queue1_WriteVecCtrl'.
Computing hashes of 10 cells of `\Queue1_WriteVecCtrl'.
Finding duplicate cells in `\Queue1_WriteVecCtrl'.
Finding identical cells in module `\TensorCoreFP32'.
Computing hashes of 16 cells of `\TensorCoreFP32'.
Finding duplicate cells in `\TensorCoreFP32'.
Finding identical cells in module `\TCDotProduct_1'.
Computing hashes of 17 cells of `\TCDotProduct_1'.
Finding duplicate cells in `\TCDotProduct_1'.
Finding identical cells in module `\Queue1_TCDotProductOutput_1'.
Computing hashes of 10 cells of `\Queue1_TCDotProductOutput_1'.
Finding duplicate cells in `\Queue1_TCDotProductOutput_1'.
Finding identical cells in module `\TCAddPipe_8'.
Computing hashes of 72 cells of `\TCAddPipe_8'.
Finding duplicate cells in `\TCAddPipe_8'.
Finding identical cells in module `\TCMulPipe_8'.
Computing hashes of 62 cells of `\TCMulPipe_8'.
Finding duplicate cells in `\TCMulPipe_8'.
Finding identical cells in module `\TCDotProduct'.
Computing hashes of 17 cells of `\TCDotProduct'.
Finding duplicate cells in `\TCDotProduct'.
Finding identical cells in module `\Queue1_TCDotProductOutput'.
Computing hashes of 10 cells of `\Queue1_TCDotProductOutput'.
Finding duplicate cells in `\Queue1_TCDotProductOutput'.
Finding identical cells in module `\TCAddPipe_1'.
Computing hashes of 64 cells of `\TCAddPipe_1'.
Finding duplicate cells in `\TCAddPipe_1'.
Finding identical cells in module `\TCAddPipe'.
Computing hashes of 92 cells of `\TCAddPipe'.
Finding duplicate cells in `\TCAddPipe'.
Finding identical cells in module `\FCMA_ADD_s2'.
Computing hashes of 73 cells of `\FCMA_ADD_s2'.
Finding duplicate cells in `\FCMA_ADD_s2'.
Finding identical cells in module `\FCMA_ADD_s1'.
Computing hashes of 57 cells of `\FCMA_ADD_s1'.
Finding duplicate cells in `\FCMA_ADD_s1'.
Finding identical cells in module `\NearPath'.
Computing hashes of 100 cells of `\NearPath'.
Finding duplicate cells in `\NearPath'.
Finding identical cells in module `\CLZ_8'.
Computing hashes of 24 cells of `\CLZ_8'.
Finding duplicate cells in `\CLZ_8'.
Finding identical cells in module `\LZA'.
Computing hashes of 144 cells of `\LZA'.
Finding duplicate cells in `\LZA'.
Finding identical cells in module `\FarPath'.
Computing hashes of 7 cells of `\FarPath'.
Finding duplicate cells in `\FarPath'.
Finding identical cells in module `\ShiftRightJam'.
Computing hashes of 8 cells of `\ShiftRightJam'.
Finding duplicate cells in `\ShiftRightJam'.
Finding identical cells in module `\TCMulPipe_1'.
Computing hashes of 54 cells of `\TCMulPipe_1'.
Finding duplicate cells in `\TCMulPipe_1'.
Finding identical cells in module `\TCMulPipe'.
Computing hashes of 82 cells of `\TCMulPipe'.
Finding duplicate cells in `\TCMulPipe'.
Finding identical cells in module `\FMUL_s3'.
Computing hashes of 22 cells of `\FMUL_s3'.
Finding duplicate cells in `\FMUL_s3'.
Finding identical cells in module `\TininessRounder'.
Computing hashes of 6 cells of `\TininessRounder'.
Finding duplicate cells in `\TininessRounder'.
Finding identical cells in module `\RoundingUnit'.
Computing hashes of 23 cells of `\RoundingUnit'.
Finding duplicate cells in `\RoundingUnit'.
Finding identical cells in module `\FMUL_s2'.
Computing hashes of 8 cells of `\FMUL_s2'.
Finding duplicate cells in `\FMUL_s2'.
Finding identical cells in module `\FMUL_s1'.
Computing hashes of 37 cells of `\FMUL_s1'.
Finding duplicate cells in `\FMUL_s1'.
Finding identical cells in module `\CLZ'.
Computing hashes of 49 cells of `\CLZ'.
Finding duplicate cells in `\CLZ'.
Finding identical cells in module `\NaiveMultiplier'.
Computing hashes of 5 cells of `\NaiveMultiplier'.
Finding duplicate cells in `\NaiveMultiplier'.
Removed a total of 0 cells.

3.6.6. Executing OPT_DFF pass (perform DFF optimizations).

3.6.7. Executing OPT_CLEAN pass (remove unused cells and wires).
Finding unused cells or wires in module \vTCexe..
Finding unused cells or wires in module \Queue1_WriteVecCtrl..
Finding unused cells or wires in module \TensorCoreFP32..
Finding unused cells or wires in module \TCDotProduct_1..
Finding unused cells or wires in module \Queue1_TCDotProductOutput_1..
Finding unused cells or wires in module \TCAddPipe_8..
Finding unused cells or wires in module \TCMulPipe_8..
Finding unused cells or wires in module \TCDotProduct..
Finding unused cells or wires in module \Queue1_TCDotProductOutput..
Finding unused cells or wires in module \TCAddPipe_1..
Finding unused cells or wires in module \TCAddPipe..
Finding unused cells or wires in module \FCMA_ADD_s2..
Finding unused cells or wires in module \FCMA_ADD_s1..
Finding unused cells or wires in module \NearPath..
Finding unused cells or wires in module \CLZ_8..
Finding unused cells or wires in module \LZA..
Finding unused cells or wires in module \FarPath..
Finding unused cells or wires in module \ShiftRightJam..
Finding unused cells or wires in module \TCMulPipe_1..
Finding unused cells or wires in module \TCMulPipe..
Finding unused cells or wires in module \FMUL_s3..
Finding unused cells or wires in module \TininessRounder..
Finding unused cells or wires in module \RoundingUnit..
Finding unused cells or wires in module \FMUL_s2..
Finding unused cells or wires in module \FMUL_s1..
Finding unused cells or wires in module \CLZ..
Finding unused cells or wires in module \NaiveMultiplier..
Removed 1 unused cells and 143 unused wires.
<suppressed ~12 debug messages>

3.6.8. Executing OPT_EXPR pass (perform const folding).
Optimizing module vTCexe.
Optimizing module Queue1_WriteVecCtrl.
Optimizing module TensorCoreFP32.
Optimizing module TCDotProduct_1.
Optimizing module Queue1_TCDotProductOutput_1.
Optimizing module TCAddPipe_8.
Optimizing module TCMulPipe_8.
Optimizing module TCDotProduct.
Optimizing module Queue1_TCDotProductOutput.
Optimizing module TCAddPipe_1.
Optimizing module TCAddPipe.
Optimizing module FCMA_ADD_s2.
Optimizing module FCMA_ADD_s1.
Optimizing module NearPath.
Optimizing module CLZ_8.
Optimizing module LZA.
Optimizing module FarPath.
Optimizing module ShiftRightJam.
Optimizing module TCMulPipe_1.
Optimizing module TCMulPipe.
Optimizing module FMUL_s3.
Optimizing module TininessRounder.
Optimizing module RoundingUnit.
Optimizing module FMUL_s2.
Optimizing module FMUL_s1.
Optimizing module CLZ.
Optimizing module NaiveMultiplier.

3.6.9. Rerunning OPT passes. (Maybe there is more to do..)

3.6.10. Executing OPT_MUXTREE pass (detect dead branches in mux trees).
Running muxtree optimizer on module \vTCexe..
  Creating internal representation of mux trees.
  No muxes found in this module.
Running muxtree optimizer on module \Queue1_WriteVecCtrl..
  Creating internal representation of mux trees.
  Evaluating internal representation of mux trees.
  Analyzing evaluation results.
Running muxtree optimizer on module \TensorCoreFP32..
  Creating internal representation of mux trees.
  No muxes found in this module.
Running muxtree optimizer on module \TCDotProduct_1..
  Creating internal representation of mux trees.
  No muxes found in this module.
Running muxtree optimizer on module \Queue1_TCDotProductOutput_1..
  Creating internal representation of mux trees.
  Evaluating internal representation of mux trees.
  Analyzing evaluation results.
Running muxtree optimizer on module \TCAddPipe_8..
  Creating internal representation of mux trees.
  Evaluating internal representation of mux trees.
  Analyzing evaluation results.
Running muxtree optimizer on module \TCMulPipe_8..
  Creating internal representation of mux trees.
  Evaluating internal representation of mux trees.
  Analyzing evaluation results.
Running muxtree optimizer on module \TCDotProduct..
  Creating internal representation of mux trees.
  No muxes found in this module.
Running muxtree optimizer on module \Queue1_TCDotProductOutput..
  Creating internal representation of mux trees.
  Evaluating internal representation of mux trees.
  Analyzing evaluation results.
Running muxtree optimizer on module \TCAddPipe_1..
  Creating internal representation of mux trees.
  Evaluating internal representation of mux trees.
  Analyzing evaluation results.
Running muxtree optimizer on module \TCAddPipe..
  Creating internal representation of mux trees.
  Evaluating internal representation of mux trees.
  Analyzing evaluation results.
Running muxtree optimizer on module \FCMA_ADD_s2..
  Creating internal representation of mux trees.
  Evaluating internal representation of mux trees.
  Analyzing evaluation results.
Running muxtree optimizer on module \FCMA_ADD_s1..
  Creating internal representation of mux trees.
  Evaluating internal representation of mux trees.
  Analyzing evaluation results.
Running muxtree optimizer on module \NearPath..
  Creating internal representation of mux trees.
  Evaluating internal representation of mux trees.
  Analyzing evaluation results.
Running muxtree optimizer on module \CLZ_8..
  Creating internal representation of mux trees.
  Evaluating internal representation of mux trees.
  Analyzing evaluation results.
Running muxtree optimizer on module \LZA..
  Creating internal representation of mux trees.
  No muxes found in this module.
Running muxtree optimizer on module \FarPath..
  Creating internal representation of mux trees.
  Evaluating internal representation of mux trees.
  Analyzing evaluation results.
Running muxtree optimizer on module \ShiftRightJam..
  Creating internal representation of mux trees.
  Evaluating internal representation of mux trees.
  Analyzing evaluation results.
Running muxtree optimizer on module \TCMulPipe_1..
  Creating internal representation of mux trees.
  Evaluating internal representation of mux trees.
  Analyzing evaluation results.
Running muxtree optimizer on module \TCMulPipe..
  Creating internal representation of mux trees.
  Evaluating internal representation of mux trees.
  Analyzing evaluation results.
Running muxtree optimizer on module \FMUL_s3..
  Creating internal representation of mux trees.
  Evaluating internal representation of mux trees.
  Analyzing evaluation results.
Running muxtree optimizer on module \TininessRounder..
  Creating internal representation of mux trees.
  No muxes found in this module.
Running muxtree optimizer on module \RoundingUnit..
  Creating internal representation of mux trees.
  Evaluating internal representation of mux trees.
  Analyzing evaluation results.
Running muxtree optimizer on module \FMUL_s2..
  Creating internal representation of mux trees.
  Evaluating internal representation of mux trees.
  Analyzing evaluation results.
Running muxtree optimizer on module \FMUL_s1..
  Creating internal representation of mux trees.
  Evaluating internal representation of mux trees.
  Analyzing evaluation results.
Running muxtree optimizer on module \CLZ..
  Creating internal representation of mux trees.
  Evaluating internal representation of mux trees.
  Analyzing evaluation results.
Running muxtree optimizer on module \NaiveMultiplier..
  Creating internal representation of mux trees.
  Evaluating internal representation of mux trees.
  Analyzing evaluation results.
Removed 0 multiplexer ports.
<suppressed ~533 debug messages>

3.6.11. Executing OPT_REDUCE pass (consolidate $*mux and $reduce_* inputs).
  Optimizing cells in module \vTCexe.
  Optimizing cells in module \Queue1_WriteVecCtrl.
  Optimizing cells in module \TensorCoreFP32.
  Optimizing cells in module \TCDotProduct_1.
  Optimizing cells in module \Queue1_TCDotProductOutput_1.
  Optimizing cells in module \TCAddPipe_8.
  Optimizing cells in module \TCMulPipe_8.
  Optimizing cells in module \TCDotProduct.
  Optimizing cells in module \Queue1_TCDotProductOutput.
  Optimizing cells in module \TCAddPipe_1.
  Optimizing cells in module \TCAddPipe.
  Optimizing cells in module \FCMA_ADD_s2.
  Optimizing cells in module \FCMA_ADD_s1.
  Optimizing cells in module \NearPath.
  Optimizing cells in module \CLZ_8.
  Optimizing cells in module \LZA.
  Optimizing cells in module \FarPath.
  Optimizing cells in module \ShiftRightJam.
  Optimizing cells in module \TCMulPipe_1.
  Optimizing cells in module \TCMulPipe.
  Optimizing cells in module \FMUL_s3.
  Optimizing cells in module \TininessRounder.
  Optimizing cells in module \RoundingUnit.
  Optimizing cells in module \FMUL_s2.
  Optimizing cells in module \FMUL_s1.
  Optimizing cells in module \CLZ.
  Optimizing cells in module \NaiveMultiplier.
Performed a total of 0 changes.

3.6.12. Executing OPT_MERGE pass (detect identical cells).
Finding identical cells in module `\vTCexe'.
Computing hashes of 2 cells of `\vTCexe'.
Finding duplicate cells in `\vTCexe'.
Finding identical cells in module `\Queue1_WriteVecCtrl'.
Computing hashes of 10 cells of `\Queue1_WriteVecCtrl'.
Finding duplicate cells in `\Queue1_WriteVecCtrl'.
Finding identical cells in module `\TensorCoreFP32'.
Computing hashes of 16 cells of `\TensorCoreFP32'.
Finding duplicate cells in `\TensorCoreFP32'.
Finding identical cells in module `\TCDotProduct_1'.
Computing hashes of 17 cells of `\TCDotProduct_1'.
Finding duplicate cells in `\TCDotProduct_1'.
Finding identical cells in module `\Queue1_TCDotProductOutput_1'.
Computing hashes of 10 cells of `\Queue1_TCDotProductOutput_1'.
Finding duplicate cells in `\Queue1_TCDotProductOutput_1'.
Finding identical cells in module `\TCAddPipe_8'.
Computing hashes of 72 cells of `\TCAddPipe_8'.
Finding duplicate cells in `\TCAddPipe_8'.
Finding identical cells in module `\TCMulPipe_8'.
Computing hashes of 62 cells of `\TCMulPipe_8'.
Finding duplicate cells in `\TCMulPipe_8'.
Finding identical cells in module `\TCDotProduct'.
Computing hashes of 17 cells of `\TCDotProduct'.
Finding duplicate cells in `\TCDotProduct'.
Finding identical cells in module `\Queue1_TCDotProductOutput'.
Computing hashes of 10 cells of `\Queue1_TCDotProductOutput'.
Finding duplicate cells in `\Queue1_TCDotProductOutput'.
Finding identical cells in module `\TCAddPipe_1'.
Computing hashes of 64 cells of `\TCAddPipe_1'.
Finding duplicate cells in `\TCAddPipe_1'.
Finding identical cells in module `\TCAddPipe'.
Computing hashes of 92 cells of `\TCAddPipe'.
Finding duplicate cells in `\TCAddPipe'.
Finding identical cells in module `\FCMA_ADD_s2'.
Computing hashes of 73 cells of `\FCMA_ADD_s2'.
Finding duplicate cells in `\FCMA_ADD_s2'.
Finding identical cells in module `\FCMA_ADD_s1'.
Computing hashes of 57 cells of `\FCMA_ADD_s1'.
Finding duplicate cells in `\FCMA_ADD_s1'.
Finding identical cells in module `\NearPath'.
Computing hashes of 100 cells of `\NearPath'.
Finding duplicate cells in `\NearPath'.
Finding identical cells in module `\CLZ_8'.
Computing hashes of 24 cells of `\CLZ_8'.
Finding duplicate cells in `\CLZ_8'.
Finding identical cells in module `\LZA'.
Computing hashes of 144 cells of `\LZA'.
Finding duplicate cells in `\LZA'.
Finding identical cells in module `\FarPath'.
Computing hashes of 7 cells of `\FarPath'.
Finding duplicate cells in `\FarPath'.
Finding identical cells in module `\ShiftRightJam'.
Computing hashes of 8 cells of `\ShiftRightJam'.
Finding duplicate cells in `\ShiftRightJam'.
Finding identical cells in module `\TCMulPipe_1'.
Computing hashes of 54 cells of `\TCMulPipe_1'.
Finding duplicate cells in `\TCMulPipe_1'.
Finding identical cells in module `\TCMulPipe'.
Computing hashes of 82 cells of `\TCMulPipe'.
Finding duplicate cells in `\TCMulPipe'.
Finding identical cells in module `\FMUL_s3'.
Computing hashes of 21 cells of `\FMUL_s3'.
Finding duplicate cells in `\FMUL_s3'.
Finding identical cells in module `\TininessRounder'.
Computing hashes of 6 cells of `\TininessRounder'.
Finding duplicate cells in `\TininessRounder'.
Finding identical cells in module `\RoundingUnit'.
Computing hashes of 23 cells of `\RoundingUnit'.
Finding duplicate cells in `\RoundingUnit'.
Finding identical cells in module `\FMUL_s2'.
Computing hashes of 8 cells of `\FMUL_s2'.
Finding duplicate cells in `\FMUL_s2'.
Finding identical cells in module `\FMUL_s1'.
Computing hashes of 37 cells of `\FMUL_s1'.
Finding duplicate cells in `\FMUL_s1'.
Finding identical cells in module `\CLZ'.
Computing hashes of 49 cells of `\CLZ'.
Finding duplicate cells in `\CLZ'.
Finding identical cells in module `\NaiveMultiplier'.
Computing hashes of 5 cells of `\NaiveMultiplier'.
Finding duplicate cells in `\NaiveMultiplier'.
Removed a total of 0 cells.

3.6.13. Executing OPT_DFF pass (perform DFF optimizations).

3.6.14. Executing OPT_CLEAN pass (remove unused cells and wires).
Finding unused cells or wires in module \vTCexe..
Finding unused cells or wires in module \Queue1_WriteVecCtrl..
Finding unused cells or wires in module \TensorCoreFP32..
Finding unused cells or wires in module \TCDotProduct_1..
Finding unused cells or wires in module \Queue1_TCDotProductOutput_1..
Finding unused cells or wires in module \TCAddPipe_8..
Finding unused cells or wires in module \TCMulPipe_8..
Finding unused cells or wires in module \TCDotProduct..
Finding unused cells or wires in module \Queue1_TCDotProductOutput..
Finding unused cells or wires in module \TCAddPipe_1..
Finding unused cells or wires in module \TCAddPipe..
Finding unused cells or wires in module \FCMA_ADD_s2..
Finding unused cells or wires in module \FCMA_ADD_s1..
Finding unused cells or wires in module \NearPath..
Finding unused cells or wires in module \CLZ_8..
Finding unused cells or wires in module \LZA..
Finding unused cells or wires in module \FarPath..
Finding unused cells or wires in module \ShiftRightJam..
Finding unused cells or wires in module \TCMulPipe_1..
Finding unused cells or wires in module \TCMulPipe..
Finding unused cells or wires in module \FMUL_s3..
Finding unused cells or wires in module \TininessRounder..
Finding unused cells or wires in module \RoundingUnit..
Finding unused cells or wires in module \FMUL_s2..
Finding unused cells or wires in module \FMUL_s1..
Finding unused cells or wires in module \CLZ..
Finding unused cells or wires in module \NaiveMultiplier..

3.6.15. Executing OPT_EXPR pass (perform const folding).
Optimizing module vTCexe.
Optimizing module Queue1_WriteVecCtrl.
Optimizing module TensorCoreFP32.
Optimizing module TCDotProduct_1.
Optimizing module Queue1_TCDotProductOutput_1.
Optimizing module TCAddPipe_8.
Optimizing module TCMulPipe_8.
Optimizing module TCDotProduct.
Optimizing module Queue1_TCDotProductOutput.
Optimizing module TCAddPipe_1.
Optimizing module TCAddPipe.
Optimizing module FCMA_ADD_s2.
Optimizing module FCMA_ADD_s1.
Optimizing module NearPath.
Optimizing module CLZ_8.
Optimizing module LZA.
Optimizing module FarPath.
Optimizing module ShiftRightJam.
Optimizing module TCMulPipe_1.
Optimizing module TCMulPipe.
Optimizing module FMUL_s3.
Optimizing module TininessRounder.
Optimizing module RoundingUnit.
Optimizing module FMUL_s2.
Optimizing module FMUL_s1.
Optimizing module CLZ.
Optimizing module NaiveMultiplier.

3.6.16. Finished fast OPT passes. (There is nothing left to do.)

3.7. Executing FSM pass (extract and optimize FSM).

3.7.1. Executing FSM_DETECT pass (finding FSMs in design).

3.7.2. Executing FSM_EXTRACT pass (extracting FSM from design).

3.7.3. Executing FSM_OPT pass (simple optimizations of FSMs).

3.7.4. Executing OPT_CLEAN pass (remove unused cells and wires).
Finding unused cells or wires in module \vTCexe..
Finding unused cells or wires in module \Queue1_WriteVecCtrl..
Finding unused cells or wires in module \TensorCoreFP32..
Finding unused cells or wires in module \TCDotProduct_1..
Finding unused cells or wires in module \Queue1_TCDotProductOutput_1..
Finding unused cells or wires in module \TCAddPipe_8..
Finding unused cells or wires in module \TCMulPipe_8..
Finding unused cells or wires in module \TCDotProduct..
Finding unused cells or wires in module \Queue1_TCDotProductOutput..
Finding unused cells or wires in module \TCAddPipe_1..
Finding unused cells or wires in module \TCAddPipe..
Finding unused cells or wires in module \FCMA_ADD_s2..
Finding unused cells or wires in module \FCMA_ADD_s1..
Finding unused cells or wires in module \NearPath..
Finding unused cells or wires in module \CLZ_8..
Finding unused cells or wires in module \LZA..
Finding unused cells or wires in module \FarPath..
Finding unused cells or wires in module \ShiftRightJam..
Finding unused cells or wires in module \TCMulPipe_1..
Finding unused cells or wires in module \TCMulPipe..
Finding unused cells or wires in module \FMUL_s3..
Finding unused cells or wires in module \TininessRounder..
Finding unused cells or wires in module \RoundingUnit..
Finding unused cells or wires in module \FMUL_s2..
Finding unused cells or wires in module \FMUL_s1..
Finding unused cells or wires in module \CLZ..
Finding unused cells or wires in module \NaiveMultiplier..

3.7.5. Executing FSM_OPT pass (simple optimizations of FSMs).

3.7.6. Executing FSM_RECODE pass (re-assigning FSM state encoding).

3.7.7. Executing FSM_INFO pass (dumping all available information on FSM cells).

3.7.8. Executing FSM_MAP pass (mapping FSMs to basic logic).

3.8. Executing OPT pass (performing simple optimizations).

3.8.1. Executing OPT_EXPR pass (perform const folding).
Optimizing module vTCexe.
Optimizing module Queue1_WriteVecCtrl.
Optimizing module TensorCoreFP32.
Optimizing module TCDotProduct_1.
Optimizing module Queue1_TCDotProductOutput_1.
Optimizing module TCAddPipe_8.
Optimizing module TCMulPipe_8.
Optimizing module TCDotProduct.
Optimizing module Queue1_TCDotProductOutput.
Optimizing module TCAddPipe_1.
Optimizing module TCAddPipe.
Optimizing module FCMA_ADD_s2.
Optimizing module FCMA_ADD_s1.
Optimizing module NearPath.
Optimizing module CLZ_8.
Optimizing module LZA.
Optimizing module FarPath.
Optimizing module ShiftRightJam.
Optimizing module TCMulPipe_1.
Optimizing module TCMulPipe.
Optimizing module FMUL_s3.
Optimizing module TininessRounder.
Optimizing module RoundingUnit.
Optimizing module FMUL_s2.
Optimizing module FMUL_s1.
Optimizing module CLZ.
Optimizing module NaiveMultiplier.

3.8.2. Executing OPT_MERGE pass (detect identical cells).
Finding identical cells in module `\vTCexe'.
Computing hashes of 2 cells of `\vTCexe'.
Finding duplicate cells in `\vTCexe'.
Finding identical cells in module `\Queue1_WriteVecCtrl'.
Computing hashes of 10 cells of `\Queue1_WriteVecCtrl'.
Finding duplicate cells in `\Queue1_WriteVecCtrl'.
Finding identical cells in module `\TensorCoreFP32'.
Computing hashes of 16 cells of `\TensorCoreFP32'.
Finding duplicate cells in `\TensorCoreFP32'.
Finding identical cells in module `\TCDotProduct_1'.
Computing hashes of 17 cells of `\TCDotProduct_1'.
Finding duplicate cells in `\TCDotProduct_1'.
Finding identical cells in module `\Queue1_TCDotProductOutput_1'.
Computing hashes of 10 cells of `\Queue1_TCDotProductOutput_1'.
Finding duplicate cells in `\Queue1_TCDotProductOutput_1'.
Finding identical cells in module `\TCAddPipe_8'.
Computing hashes of 72 cells of `\TCAddPipe_8'.
Finding duplicate cells in `\TCAddPipe_8'.
Finding identical cells in module `\TCMulPipe_8'.
Computing hashes of 62 cells of `\TCMulPipe_8'.
Finding duplicate cells in `\TCMulPipe_8'.
Finding identical cells in module `\TCDotProduct'.
Computing hashes of 17 cells of `\TCDotProduct'.
Finding duplicate cells in `\TCDotProduct'.
Finding identical cells in module `\Queue1_TCDotProductOutput'.
Computing hashes of 10 cells of `\Queue1_TCDotProductOutput'.
Finding duplicate cells in `\Queue1_TCDotProductOutput'.
Finding identical cells in module `\TCAddPipe_1'.
Computing hashes of 64 cells of `\TCAddPipe_1'.
Finding duplicate cells in `\TCAddPipe_1'.
Finding identical cells in module `\TCAddPipe'.
Computing hashes of 92 cells of `\TCAddPipe'.
Finding duplicate cells in `\TCAddPipe'.
Finding identical cells in module `\FCMA_ADD_s2'.
Computing hashes of 73 cells of `\FCMA_ADD_s2'.
Finding duplicate cells in `\FCMA_ADD_s2'.
Finding identical cells in module `\FCMA_ADD_s1'.
Computing hashes of 57 cells of `\FCMA_ADD_s1'.
Finding duplicate cells in `\FCMA_ADD_s1'.
Finding identical cells in module `\NearPath'.
Computing hashes of 100 cells of `\NearPath'.
Finding duplicate cells in `\NearPath'.
Finding identical cells in module `\CLZ_8'.
Computing hashes of 24 cells of `\CLZ_8'.
Finding duplicate cells in `\CLZ_8'.
Finding identical cells in module `\LZA'.
Computing hashes of 144 cells of `\LZA'.
Finding duplicate cells in `\LZA'.
Finding identical cells in module `\FarPath'.
Computing hashes of 7 cells of `\FarPath'.
Finding duplicate cells in `\FarPath'.
Finding identical cells in module `\ShiftRightJam'.
Computing hashes of 8 cells of `\ShiftRightJam'.
Finding duplicate cells in `\ShiftRightJam'.
Finding identical cells in module `\TCMulPipe_1'.
Computing hashes of 54 cells of `\TCMulPipe_1'.
Finding duplicate cells in `\TCMulPipe_1'.
Finding identical cells in module `\TCMulPipe'.
Computing hashes of 82 cells of `\TCMulPipe'.
Finding duplicate cells in `\TCMulPipe'.
Finding identical cells in module `\FMUL_s3'.
Computing hashes of 21 cells of `\FMUL_s3'.
Finding duplicate cells in `\FMUL_s3'.
Finding identical cells in module `\TininessRounder'.
Computing hashes of 6 cells of `\TininessRounder'.
Finding duplicate cells in `\TininessRounder'.
Finding identical cells in module `\RoundingUnit'.
Computing hashes of 23 cells of `\RoundingUnit'.
Finding duplicate cells in `\RoundingUnit'.
Finding identical cells in module `\FMUL_s2'.
Computing hashes of 8 cells of `\FMUL_s2'.
Finding duplicate cells in `\FMUL_s2'.
Finding identical cells in module `\FMUL_s1'.
Computing hashes of 37 cells of `\FMUL_s1'.
Finding duplicate cells in `\FMUL_s1'.
Finding identical cells in module `\CLZ'.
Computing hashes of 49 cells of `\CLZ'.
Finding duplicate cells in `\CLZ'.
Finding identical cells in module `\NaiveMultiplier'.
Computing hashes of 5 cells of `\NaiveMultiplier'.
Finding duplicate cells in `\NaiveMultiplier'.
Removed a total of 0 cells.

3.8.3. Executing OPT_MUXTREE pass (detect dead branches in mux trees).
Running muxtree optimizer on module \vTCexe..
  Creating internal representation of mux trees.
  No muxes found in this module.
Running muxtree optimizer on module \Queue1_WriteVecCtrl..
  Creating internal representation of mux trees.
  Evaluating internal representation of mux trees.
  Analyzing evaluation results.
Running muxtree optimizer on module \TensorCoreFP32..
  Creating internal representation of mux trees.
  No muxes found in this module.
Running muxtree optimizer on module \TCDotProduct_1..
  Creating internal representation of mux trees.
  No muxes found in this module.
Running muxtree optimizer on module \Queue1_TCDotProductOutput_1..
  Creating internal representation of mux trees.
  Evaluating internal representation of mux trees.
  Analyzing evaluation results.
Running muxtree optimizer on module \TCAddPipe_8..
  Creating internal representation of mux trees.
  Evaluating internal representation of mux trees.
  Analyzing evaluation results.
Running muxtree optimizer on module \TCMulPipe_8..
  Creating internal representation of mux trees.
  Evaluating internal representation of mux trees.
  Analyzing evaluation results.
Running muxtree optimizer on module \TCDotProduct..
  Creating internal representation of mux trees.
  No muxes found in this module.
Running muxtree optimizer on module \Queue1_TCDotProductOutput..
  Creating internal representation of mux trees.
  Evaluating internal representation of mux trees.
  Analyzing evaluation results.
Running muxtree optimizer on module \TCAddPipe_1..
  Creating internal representation of mux trees.
  Evaluating internal representation of mux trees.
  Analyzing evaluation results.
Running muxtree optimizer on module \TCAddPipe..
  Creating internal representation of mux trees.
  Evaluating internal representation of mux trees.
  Analyzing evaluation results.
Running muxtree optimizer on module \FCMA_ADD_s2..
  Creating internal representation of mux trees.
  Evaluating internal representation of mux trees.
  Analyzing evaluation results.
Running muxtree optimizer on module \FCMA_ADD_s1..
  Creating internal representation of mux trees.
  Evaluating internal representation of mux trees.
  Analyzing evaluation results.
Running muxtree optimizer on module \NearPath..
  Creating internal representation of mux trees.
  Evaluating internal representation of mux trees.
  Analyzing evaluation results.
Running muxtree optimizer on module \CLZ_8..
  Creating internal representation of mux trees.
  Evaluating internal representation of mux trees.
  Analyzing evaluation results.
Running muxtree optimizer on module \LZA..
  Creating internal representation of mux trees.
  No muxes found in this module.
Running muxtree optimizer on module \FarPath..
  Creating internal representation of mux trees.
  Evaluating internal representation of mux trees.
  Analyzing evaluation results.
Running muxtree optimizer on module \ShiftRightJam..
  Creating internal representation of mux trees.
  Evaluating internal representation of mux trees.
  Analyzing evaluation results.
Running muxtree optimizer on module \TCMulPipe_1..
  Creating internal representation of mux trees.
  Evaluating internal representation of mux trees.
  Analyzing evaluation results.
Running muxtree optimizer on module \TCMulPipe..
  Creating internal representation of mux trees.
  Evaluating internal representation of mux trees.
  Analyzing evaluation results.
Running muxtree optimizer on module \FMUL_s3..
  Creating internal representation of mux trees.
  Evaluating internal representation of mux trees.
  Analyzing evaluation results.
Running muxtree optimizer on module \TininessRounder..
  Creating internal representation of mux trees.
  No muxes found in this module.
Running muxtree optimizer on module \RoundingUnit..
  Creating internal representation of mux trees.
  Evaluating internal representation of mux trees.
  Analyzing evaluation results.
Running muxtree optimizer on module \FMUL_s2..
  Creating internal representation of mux trees.
  Evaluating internal representation of mux trees.
  Analyzing evaluation results.
Running muxtree optimizer on module \FMUL_s1..
  Creating internal representation of mux trees.
  Evaluating internal representation of mux trees.
  Analyzing evaluation results.
Running muxtree optimizer on module \CLZ..
  Creating internal representation of mux trees.
  Evaluating internal representation of mux trees.
  Analyzing evaluation results.
Running muxtree optimizer on module \NaiveMultiplier..
  Creating internal representation of mux trees.
  Evaluating internal representation of mux trees.
  Analyzing evaluation results.
Removed 0 multiplexer ports.
<suppressed ~533 debug messages>

3.8.4. Executing OPT_REDUCE pass (consolidate $*mux and $reduce_* inputs).
  Optimizing cells in module \vTCexe.
  Optimizing cells in module \Queue1_WriteVecCtrl.
  Optimizing cells in module \TensorCoreFP32.
  Optimizing cells in module \TCDotProduct_1.
  Optimizing cells in module \Queue1_TCDotProductOutput_1.
  Optimizing cells in module \TCAddPipe_8.
  Optimizing cells in module \TCMulPipe_8.
  Optimizing cells in module \TCDotProduct.
  Optimizing cells in module \Queue1_TCDotProductOutput.
  Optimizing cells in module \TCAddPipe_1.
  Optimizing cells in module \TCAddPipe.
  Optimizing cells in module \FCMA_ADD_s2.
  Optimizing cells in module \FCMA_ADD_s1.
  Optimizing cells in module \NearPath.
  Optimizing cells in module \CLZ_8.
  Optimizing cells in module \LZA.
  Optimizing cells in module \FarPath.
  Optimizing cells in module \ShiftRightJam.
  Optimizing cells in module \TCMulPipe_1.
  Optimizing cells in module \TCMulPipe.
  Optimizing cells in module \FMUL_s3.
  Optimizing cells in module \TininessRounder.
  Optimizing cells in module \RoundingUnit.
  Optimizing cells in module \FMUL_s2.
  Optimizing cells in module \FMUL_s1.
  Optimizing cells in module \CLZ.
  Optimizing cells in module \NaiveMultiplier.
Performed a total of 0 changes.

3.8.5. Executing OPT_MERGE pass (detect identical cells).
Finding identical cells in module `\vTCexe'.
Computing hashes of 2 cells of `\vTCexe'.
Finding duplicate cells in `\vTCexe'.
Finding identical cells in module `\Queue1_WriteVecCtrl'.
Computing hashes of 10 cells of `\Queue1_WriteVecCtrl'.
Finding duplicate cells in `\Queue1_WriteVecCtrl'.
Finding identical cells in module `\TensorCoreFP32'.
Computing hashes of 16 cells of `\TensorCoreFP32'.
Finding duplicate cells in `\TensorCoreFP32'.
Finding identical cells in module `\TCDotProduct_1'.
Computing hashes of 17 cells of `\TCDotProduct_1'.
Finding duplicate cells in `\TCDotProduct_1'.
Finding identical cells in module `\Queue1_TCDotProductOutput_1'.
Computing hashes of 10 cells of `\Queue1_TCDotProductOutput_1'.
Finding duplicate cells in `\Queue1_TCDotProductOutput_1'.
Finding identical cells in module `\TCAddPipe_8'.
Computing hashes of 72 cells of `\TCAddPipe_8'.
Finding duplicate cells in `\TCAddPipe_8'.
Finding identical cells in module `\TCMulPipe_8'.
Computing hashes of 62 cells of `\TCMulPipe_8'.
Finding duplicate cells in `\TCMulPipe_8'.
Finding identical cells in module `\TCDotProduct'.
Computing hashes of 17 cells of `\TCDotProduct'.
Finding duplicate cells in `\TCDotProduct'.
Finding identical cells in module `\Queue1_TCDotProductOutput'.
Computing hashes of 10 cells of `\Queue1_TCDotProductOutput'.
Finding duplicate cells in `\Queue1_TCDotProductOutput'.
Finding identical cells in module `\TCAddPipe_1'.
Computing hashes of 64 cells of `\TCAddPipe_1'.
Finding duplicate cells in `\TCAddPipe_1'.
Finding identical cells in module `\TCAddPipe'.
Computing hashes of 92 cells of `\TCAddPipe'.
Finding duplicate cells in `\TCAddPipe'.
Finding identical cells in module `\FCMA_ADD_s2'.
Computing hashes of 73 cells of `\FCMA_ADD_s2'.
Finding duplicate cells in `\FCMA_ADD_s2'.
Finding identical cells in module `\FCMA_ADD_s1'.
Computing hashes of 57 cells of `\FCMA_ADD_s1'.
Finding duplicate cells in `\FCMA_ADD_s1'.
Finding identical cells in module `\NearPath'.
Computing hashes of 100 cells of `\NearPath'.
Finding duplicate cells in `\NearPath'.
Finding identical cells in module `\CLZ_8'.
Computing hashes of 24 cells of `\CLZ_8'.
Finding duplicate cells in `\CLZ_8'.
Finding identical cells in module `\LZA'.
Computing hashes of 144 cells of `\LZA'.
Finding duplicate cells in `\LZA'.
Finding identical cells in module `\FarPath'.
Computing hashes of 7 cells of `\FarPath'.
Finding duplicate cells in `\FarPath'.
Finding identical cells in module `\ShiftRightJam'.
Computing hashes of 8 cells of `\ShiftRightJam'.
Finding duplicate cells in `\ShiftRightJam'.
Finding identical cells in module `\TCMulPipe_1'.
Computing hashes of 54 cells of `\TCMulPipe_1'.
Finding duplicate cells in `\TCMulPipe_1'.
Finding identical cells in module `\TCMulPipe'.
Computing hashes of 82 cells of `\TCMulPipe'.
Finding duplicate cells in `\TCMulPipe'.
Finding identical cells in module `\FMUL_s3'.
Computing hashes of 21 cells of `\FMUL_s3'.
Finding duplicate cells in `\FMUL_s3'.
Finding identical cells in module `\TininessRounder'.
Computing hashes of 6 cells of `\TininessRounder'.
Finding duplicate cells in `\TininessRounder'.
Finding identical cells in module `\RoundingUnit'.
Computing hashes of 23 cells of `\RoundingUnit'.
Finding duplicate cells in `\RoundingUnit'.
Finding identical cells in module `\FMUL_s2'.
Computing hashes of 8 cells of `\FMUL_s2'.
Finding duplicate cells in `\FMUL_s2'.
Finding identical cells in module `\FMUL_s1'.
Computing hashes of 37 cells of `\FMUL_s1'.
Finding duplicate cells in `\FMUL_s1'.
Finding identical cells in module `\CLZ'.
Computing hashes of 49 cells of `\CLZ'.
Finding duplicate cells in `\CLZ'.
Finding identical cells in module `\NaiveMultiplier'.
Computing hashes of 5 cells of `\NaiveMultiplier'.
Finding duplicate cells in `\NaiveMultiplier'.
Removed a total of 0 cells.

3.8.6. Executing OPT_DFF pass (perform DFF optimizations).
Adding SRST signal on $procdff$1194 ($dff) from module Queue1_WriteVecCtrl (D = $procmux$790_Y, Q = \full, rval = 1'0).
Adding EN signal on $auto$ff.cc:337:slice$1375 ($sdff) from module Queue1_WriteVecCtrl (D = $0$unnamed_block$3.do_enq[0:0]$785, Q = \full).
Adding EN signal on $procdff$1193 ($dff) from module Queue1_WriteVecCtrl (D = { \io_enq_bits_spike_info_inst \io_enq_bits_spike_info_pc \io_enq_bits_spike_info_sm_id \io_enq_bits_warp_id \io_enq_bits_reg_idxw \io_enq_bits_wvd 544'1111111111111111111111111111111100000000000000000000000000000000000000000000000000000000000000000000000000000000000000000000000000000000000000000000000000000000000000000000000000000000000000000000000000000000000000000000000000000000000000000000000000000000000000000000000000000000000000000000000000000000000000000000000000000000000000000000000000000000000000000000000000000000000000000000000000000000000000000000000000000000000000000000000000000000000000000000000000000000000000000000000000000000000000000000000000000000000000000000000000000000 \io_enq_bits_wb_wvd_rd_15 \io_enq_bits_wb_wvd_rd_14 \io_enq_bits_wb_wvd_rd_13 \io_enq_bits_wb_wvd_rd_12 \io_enq_bits_wb_wvd_rd_11 \io_enq_bits_wb_wvd_rd_10 \io_enq_bits_wb_wvd_rd_9 \io_enq_bits_wb_wvd_rd_8 \io_enq_bits_wb_wvd_rd_7 \io_enq_bits_wb_wvd_rd_6 \io_enq_bits_wb_wvd_rd_5 \io_enq_bits_wb_wvd_rd_4 \io_enq_bits_wb_wvd_rd_3 \io_enq_bits_wb_wvd_rd_2 \io_enq_bits_wb_wvd_rd_1 \io_enq_bits_wb_wvd_rd_0 }, Q = \ram).
Setting constant 0-bit at position 512 on $auto$ff.cc:337:slice$1377 ($dffe) from module Queue1_WriteVecCtrl.
Setting constant 0-bit at position 513 on $auto$ff.cc:337:slice$1377 ($dffe) from module Queue1_WriteVecCtrl.
Setting constant 0-bit at position 514 on $auto$ff.cc:337:slice$1377 ($dffe) from module Queue1_WriteVecCtrl.
Setting constant 0-bit at position 515 on $auto$ff.cc:337:slice$1377 ($dffe) from module Queue1_WriteVecCtrl.
Setting constant 0-bit at position 516 on $auto$ff.cc:337:slice$1377 ($dffe) from module Queue1_WriteVecCtrl.
Setting constant 0-bit at position 517 on $auto$ff.cc:337:slice$1377 ($dffe) from module Queue1_WriteVecCtrl.
Setting constant 0-bit at position 518 on $auto$ff.cc:337:slice$1377 ($dffe) from module Queue1_WriteVecCtrl.
Setting constant 0-bit at position 519 on $auto$ff.cc:337:slice$1377 ($dffe) from module Queue1_WriteVecCtrl.
Setting constant 0-bit at position 520 on $auto$ff.cc:337:slice$1377 ($dffe) from module Queue1_WriteVecCtrl.
Setting constant 0-bit at position 521 on $auto$ff.cc:337:slice$1377 ($dffe) from module Queue1_WriteVecCtrl.
Setting constant 0-bit at position 522 on $auto$ff.cc:337:slice$1377 ($dffe) from module Queue1_WriteVecCtrl.
Setting constant 0-bit at position 523 on $auto$ff.cc:337:slice$1377 ($dffe) from module Queue1_WriteVecCtrl.
Setting constant 0-bit at position 524 on $auto$ff.cc:337:slice$1377 ($dffe) from module Queue1_WriteVecCtrl.
Setting constant 0-bit at position 525 on $auto$ff.cc:337:slice$1377 ($dffe) from module Queue1_WriteVecCtrl.
Setting constant 0-bit at position 526 on $auto$ff.cc:337:slice$1377 ($dffe) from module Queue1_WriteVecCtrl.
Setting constant 0-bit at position 527 on $auto$ff.cc:337:slice$1377 ($dffe) from module Queue1_WriteVecCtrl.
Setting constant 0-bit at position 528 on $auto$ff.cc:337:slice$1377 ($dffe) from module Queue1_WriteVecCtrl.
Setting constant 0-bit at position 529 on $auto$ff.cc:337:slice$1377 ($dffe) from module Queue1_WriteVecCtrl.
Setting constant 0-bit at position 530 on $auto$ff.cc:337:slice$1377 ($dffe) from module Queue1_WriteVecCtrl.
Setting constant 0-bit at position 531 on $auto$ff.cc:337:slice$1377 ($dffe) from module Queue1_WriteVecCtrl.
Setting constant 0-bit at position 532 on $auto$ff.cc:337:slice$1377 ($dffe) from module Queue1_WriteVecCtrl.
Setting constant 0-bit at position 533 on $auto$ff.cc:337:slice$1377 ($dffe) from module Queue1_WriteVecCtrl.
Setting constant 0-bit at position 534 on $auto$ff.cc:337:slice$1377 ($dffe) from module Queue1_WriteVecCtrl.
Setting constant 0-bit at position 535 on $auto$ff.cc:337:slice$1377 ($dffe) from module Queue1_WriteVecCtrl.
Setting constant 0-bit at position 536 on $auto$ff.cc:337:slice$1377 ($dffe) from module Queue1_WriteVecCtrl.
Setting constant 0-bit at position 537 on $auto$ff.cc:337:slice$1377 ($dffe) from module Queue1_WriteVecCtrl.
Setting constant 0-bit at position 538 on $auto$ff.cc:337:slice$1377 ($dffe) from module Queue1_WriteVecCtrl.
Setting constant 0-bit at position 539 on $auto$ff.cc:337:slice$1377 ($dffe) from module Queue1_WriteVecCtrl.
Setting constant 0-bit at position 540 on $auto$ff.cc:337:slice$1377 ($dffe) from module Queue1_WriteVecCtrl.
Setting constant 0-bit at position 541 on $auto$ff.cc:337:slice$1377 ($dffe) from module Queue1_WriteVecCtrl.
Setting constant 0-bit at position 542 on $auto$ff.cc:337:slice$1377 ($dffe) from module Queue1_WriteVecCtrl.
Setting constant 0-bit at position 543 on $auto$ff.cc:337:slice$1377 ($dffe) from module Queue1_WriteVecCtrl.
Setting constant 0-bit at position 544 on $auto$ff.cc:337:slice$1377 ($dffe) from module Queue1_WriteVecCtrl.
Setting constant 0-bit at position 545 on $auto$ff.cc:337:slice$1377 ($dffe) from module Queue1_WriteVecCtrl.
Setting constant 0-bit at position 546 on $auto$ff.cc:337:slice$1377 ($dffe) from module Queue1_WriteVecCtrl.
Setting constant 0-bit at position 547 on $auto$ff.cc:337:slice$1377 ($dffe) from module Queue1_WriteVecCtrl.
Setting constant 0-bit at position 548 on $auto$ff.cc:337:slice$1377 ($dffe) from module Queue1_WriteVecCtrl.
Setting constant 0-bit at position 549 on $auto$ff.cc:337:slice$1377 ($dffe) from module Queue1_WriteVecCtrl.
Setting constant 0-bit at position 550 on $auto$ff.cc:337:slice$1377 ($dffe) from module Queue1_WriteVecCtrl.
Setting constant 0-bit at position 551 on $auto$ff.cc:337:slice$1377 ($dffe) from module Queue1_WriteVecCtrl.
Setting constant 0-bit at position 552 on $auto$ff.cc:337:slice$1377 ($dffe) from module Queue1_WriteVecCtrl.
Setting constant 0-bit at position 553 on $auto$ff.cc:337:slice$1377 ($dffe) from module Queue1_WriteVecCtrl.
Setting constant 0-bit at position 554 on $auto$ff.cc:337:slice$1377 ($dffe) from module Queue1_WriteVecCtrl.
Setting constant 0-bit at position 555 on $auto$ff.cc:337:slice$1377 ($dffe) from module Queue1_WriteVecCtrl.
Setting constant 0-bit at position 556 on $auto$ff.cc:337:slice$1377 ($dffe) from module Queue1_WriteVecCtrl.
Setting constant 0-bit at position 557 on $auto$ff.cc:337:slice$1377 ($dffe) from module Queue1_WriteVecCtrl.
Setting constant 0-bit at position 558 on $auto$ff.cc:337:slice$1377 ($dffe) from module Queue1_WriteVecCtrl.
Setting constant 0-bit at position 559 on $auto$ff.cc:337:slice$1377 ($dffe) from module Queue1_WriteVecCtrl.
Setting constant 0-bit at position 560 on $auto$ff.cc:337:slice$1377 ($dffe) from module Queue1_WriteVecCtrl.
Setting constant 0-bit at position 561 on $auto$ff.cc:337:slice$1377 ($dffe) from module Queue1_WriteVecCtrl.
Setting constant 0-bit at position 562 on $auto$ff.cc:337:slice$1377 ($dffe) from module Queue1_WriteVecCtrl.
Setting constant 0-bit at position 563 on $auto$ff.cc:337:slice$1377 ($dffe) from module Queue1_WriteVecCtrl.
Setting constant 0-bit at position 564 on $auto$ff.cc:337:slice$1377 ($dffe) from module Queue1_WriteVecCtrl.
Setting constant 0-bit at position 565 on $auto$ff.cc:337:slice$1377 ($dffe) from module Queue1_WriteVecCtrl.
Setting constant 0-bit at position 566 on $auto$ff.cc:337:slice$1377 ($dffe) from module Queue1_WriteVecCtrl.
Setting constant 0-bit at position 567 on $auto$ff.cc:337:slice$1377 ($dffe) from module Queue1_WriteVecCtrl.
Setting constant 0-bit at position 568 on $auto$ff.cc:337:slice$1377 ($dffe) from module Queue1_WriteVecCtrl.
Setting constant 0-bit at position 569 on $auto$ff.cc:337:slice$1377 ($dffe) from module Queue1_WriteVecCtrl.
Setting constant 0-bit at position 570 on $auto$ff.cc:337:slice$1377 ($dffe) from module Queue1_WriteVecCtrl.
Setting constant 0-bit at position 571 on $auto$ff.cc:337:slice$1377 ($dffe) from module Queue1_WriteVecCtrl.
Setting constant 0-bit at position 572 on $auto$ff.cc:337:slice$1377 ($dffe) from module Queue1_WriteVecCtrl.
Setting constant 0-bit at position 573 on $auto$ff.cc:337:slice$1377 ($dffe) from module Queue1_WriteVecCtrl.
Setting constant 0-bit at position 574 on $auto$ff.cc:337:slice$1377 ($dffe) from module Queue1_WriteVecCtrl.
Setting constant 0-bit at position 575 on $auto$ff.cc:337:slice$1377 ($dffe) from module Queue1_WriteVecCtrl.
Setting constant 0-bit at position 576 on $auto$ff.cc:337:slice$1377 ($dffe) from module Queue1_WriteVecCtrl.
Setting constant 0-bit at position 577 on $auto$ff.cc:337:slice$1377 ($dffe) from module Queue1_WriteVecCtrl.
Setting constant 0-bit at position 578 on $auto$ff.cc:337:slice$1377 ($dffe) from module Queue1_WriteVecCtrl.
Setting constant 0-bit at position 579 on $auto$ff.cc:337:slice$1377 ($dffe) from module Queue1_WriteVecCtrl.
Setting constant 0-bit at position 580 on $auto$ff.cc:337:slice$1377 ($dffe) from module Queue1_WriteVecCtrl.
Setting constant 0-bit at position 581 on $auto$ff.cc:337:slice$1377 ($dffe) from module Queue1_WriteVecCtrl.
Setting constant 0-bit at position 582 on $auto$ff.cc:337:slice$1377 ($dffe) from module Queue1_WriteVecCtrl.
Setting constant 0-bit at position 583 on $auto$ff.cc:337:slice$1377 ($dffe) from module Queue1_WriteVecCtrl.
Setting constant 0-bit at position 584 on $auto$ff.cc:337:slice$1377 ($dffe) from module Queue1_WriteVecCtrl.
Setting constant 0-bit at position 585 on $auto$ff.cc:337:slice$1377 ($dffe) from module Queue1_WriteVecCtrl.
Setting constant 0-bit at position 586 on $auto$ff.cc:337:slice$1377 ($dffe) from module Queue1_WriteVecCtrl.
Setting constant 0-bit at position 587 on $auto$ff.cc:337:slice$1377 ($dffe) from module Queue1_WriteVecCtrl.
Setting constant 0-bit at position 588 on $auto$ff.cc:337:slice$1377 ($dffe) from module Queue1_WriteVecCtrl.
Setting constant 0-bit at position 589 on $auto$ff.cc:337:slice$1377 ($dffe) from module Queue1_WriteVecCtrl.
Setting constant 0-bit at position 590 on $auto$ff.cc:337:slice$1377 ($dffe) from module Queue1_WriteVecCtrl.
Setting constant 0-bit at position 591 on $auto$ff.cc:337:slice$1377 ($dffe) from module Queue1_WriteVecCtrl.
Setting constant 0-bit at position 592 on $auto$ff.cc:337:slice$1377 ($dffe) from module Queue1_WriteVecCtrl.
Setting constant 0-bit at position 593 on $auto$ff.cc:337:slice$1377 ($dffe) from module Queue1_WriteVecCtrl.
Setting constant 0-bit at position 594 on $auto$ff.cc:337:slice$1377 ($dffe) from module Queue1_WriteVecCtrl.
Setting constant 0-bit at position 595 on $auto$ff.cc:337:slice$1377 ($dffe) from module Queue1_WriteVecCtrl.
Setting constant 0-bit at position 596 on $auto$ff.cc:337:slice$1377 ($dffe) from module Queue1_WriteVecCtrl.
Setting constant 0-bit at position 597 on $auto$ff.cc:337:slice$1377 ($dffe) from module Queue1_WriteVecCtrl.
Setting constant 0-bit at position 598 on $auto$ff.cc:337:slice$1377 ($dffe) from module Queue1_WriteVecCtrl.
Setting constant 0-bit at position 599 on $auto$ff.cc:337:slice$1377 ($dffe) from module Queue1_WriteVecCtrl.
Setting constant 0-bit at position 600 on $auto$ff.cc:337:slice$1377 ($dffe) from module Queue1_WriteVecCtrl.
Setting constant 0-bit at position 601 on $auto$ff.cc:337:slice$1377 ($dffe) from module Queue1_WriteVecCtrl.
Setting constant 0-bit at position 602 on $auto$ff.cc:337:slice$1377 ($dffe) from module Queue1_WriteVecCtrl.
Setting constant 0-bit at position 603 on $auto$ff.cc:337:slice$1377 ($dffe) from module Queue1_WriteVecCtrl.
Setting constant 0-bit at position 604 on $auto$ff.cc:337:slice$1377 ($dffe) from module Queue1_WriteVecCtrl.
Setting constant 0-bit at position 605 on $auto$ff.cc:337:slice$1377 ($dffe) from module Queue1_WriteVecCtrl.
Setting constant 0-bit at position 606 on $auto$ff.cc:337:slice$1377 ($dffe) from module Queue1_WriteVecCtrl.
Setting constant 0-bit at position 607 on $auto$ff.cc:337:slice$1377 ($dffe) from module Queue1_WriteVecCtrl.
Setting constant 0-bit at position 608 on $auto$ff.cc:337:slice$1377 ($dffe) from module Queue1_WriteVecCtrl.
Setting constant 0-bit at position 609 on $auto$ff.cc:337:slice$1377 ($dffe) from module Queue1_WriteVecCtrl.
Setting constant 0-bit at position 610 on $auto$ff.cc:337:slice$1377 ($dffe) from module Queue1_WriteVecCtrl.
Setting constant 0-bit at position 611 on $auto$ff.cc:337:slice$1377 ($dffe) from module Queue1_WriteVecCtrl.
Setting constant 0-bit at position 612 on $auto$ff.cc:337:slice$1377 ($dffe) from module Queue1_WriteVecCtrl.
Setting constant 0-bit at position 613 on $auto$ff.cc:337:slice$1377 ($dffe) from module Queue1_WriteVecCtrl.
Setting constant 0-bit at position 614 on $auto$ff.cc:337:slice$1377 ($dffe) from module Queue1_WriteVecCtrl.
Setting constant 0-bit at position 615 on $auto$ff.cc:337:slice$1377 ($dffe) from module Queue1_WriteVecCtrl.
Setting constant 0-bit at position 616 on $auto$ff.cc:337:slice$1377 ($dffe) from module Queue1_WriteVecCtrl.
Setting constant 0-bit at position 617 on $auto$ff.cc:337:slice$1377 ($dffe) from module Queue1_WriteVecCtrl.
Setting constant 0-bit at position 618 on $auto$ff.cc:337:slice$1377 ($dffe) from module Queue1_WriteVecCtrl.
Setting constant 0-bit at position 619 on $auto$ff.cc:337:slice$1377 ($dffe) from module Queue1_WriteVecCtrl.
Setting constant 0-bit at position 620 on $auto$ff.cc:337:slice$1377 ($dffe) from module Queue1_WriteVecCtrl.
Setting constant 0-bit at position 621 on $auto$ff.cc:337:slice$1377 ($dffe) from module Queue1_WriteVecCtrl.
Setting constant 0-bit at position 622 on $auto$ff.cc:337:slice$1377 ($dffe) from module Queue1_WriteVecCtrl.
Setting constant 0-bit at position 623 on $auto$ff.cc:337:slice$1377 ($dffe) from module Queue1_WriteVecCtrl.
Setting constant 0-bit at position 624 on $auto$ff.cc:337:slice$1377 ($dffe) from module Queue1_WriteVecCtrl.
Setting constant 0-bit at position 625 on $auto$ff.cc:337:slice$1377 ($dffe) from module Queue1_WriteVecCtrl.
Setting constant 0-bit at position 626 on $auto$ff.cc:337:slice$1377 ($dffe) from module Queue1_WriteVecCtrl.
Setting constant 0-bit at position 627 on $auto$ff.cc:337:slice$1377 ($dffe) from module Queue1_WriteVecCtrl.
Setting constant 0-bit at position 628 on $auto$ff.cc:337:slice$1377 ($dffe) from module Queue1_WriteVecCtrl.
Setting constant 0-bit at position 629 on $auto$ff.cc:337:slice$1377 ($dffe) from module Queue1_WriteVecCtrl.
Setting constant 0-bit at position 630 on $auto$ff.cc:337:slice$1377 ($dffe) from module Queue1_WriteVecCtrl.
Setting constant 0-bit at position 631 on $auto$ff.cc:337:slice$1377 ($dffe) from module Queue1_WriteVecCtrl.
Setting constant 0-bit at position 632 on $auto$ff.cc:337:slice$1377 ($dffe) from module Queue1_WriteVecCtrl.
Setting constant 0-bit at position 633 on $auto$ff.cc:337:slice$1377 ($dffe) from module Queue1_WriteVecCtrl.
Setting constant 0-bit at position 634 on $auto$ff.cc:337:slice$1377 ($dffe) from module Queue1_WriteVecCtrl.
Setting constant 0-bit at position 635 on $auto$ff.cc:337:slice$1377 ($dffe) from module Queue1_WriteVecCtrl.
Setting constant 0-bit at position 636 on $auto$ff.cc:337:slice$1377 ($dffe) from module Queue1_WriteVecCtrl.
Setting constant 0-bit at position 637 on $auto$ff.cc:337:slice$1377 ($dffe) from module Queue1_WriteVecCtrl.
Setting constant 0-bit at position 638 on $auto$ff.cc:337:slice$1377 ($dffe) from module Queue1_WriteVecCtrl.
Setting constant 0-bit at position 639 on $auto$ff.cc:337:slice$1377 ($dffe) from module Queue1_WriteVecCtrl.
Setting constant 0-bit at position 640 on $auto$ff.cc:337:slice$1377 ($dffe) from module Queue1_WriteVecCtrl.
Setting constant 0-bit at position 641 on $auto$ff.cc:337:slice$1377 ($dffe) from module Queue1_WriteVecCtrl.
Setting constant 0-bit at position 642 on $auto$ff.cc:337:slice$1377 ($dffe) from module Queue1_WriteVecCtrl.
Setting constant 0-bit at position 643 on $auto$ff.cc:337:slice$1377 ($dffe) from module Queue1_WriteVecCtrl.
Setting constant 0-bit at position 644 on $auto$ff.cc:337:slice$1377 ($dffe) from module Queue1_WriteVecCtrl.
Setting constant 0-bit at position 645 on $auto$ff.cc:337:slice$1377 ($dffe) from module Queue1_WriteVecCtrl.
Setting constant 0-bit at position 646 on $auto$ff.cc:337:slice$1377 ($dffe) from module Queue1_WriteVecCtrl.
Setting constant 0-bit at position 647 on $auto$ff.cc:337:slice$1377 ($dffe) from module Queue1_WriteVecCtrl.
Setting constant 0-bit at position 648 on $auto$ff.cc:337:slice$1377 ($dffe) from module Queue1_WriteVecCtrl.
Setting constant 0-bit at position 649 on $auto$ff.cc:337:slice$1377 ($dffe) from module Queue1_WriteVecCtrl.
Setting constant 0-bit at position 650 on $auto$ff.cc:337:slice$1377 ($dffe) from module Queue1_WriteVecCtrl.
Setting constant 0-bit at position 651 on $auto$ff.cc:337:slice$1377 ($dffe) from module Queue1_WriteVecCtrl.
Setting constant 0-bit at position 652 on $auto$ff.cc:337:slice$1377 ($dffe) from module Queue1_WriteVecCtrl.
Setting constant 0-bit at position 653 on $auto$ff.cc:337:slice$1377 ($dffe) from module Queue1_WriteVecCtrl.
Setting constant 0-bit at position 654 on $auto$ff.cc:337:slice$1377 ($dffe) from module Queue1_WriteVecCtrl.
Setting constant 0-bit at position 655 on $auto$ff.cc:337:slice$1377 ($dffe) from module Queue1_WriteVecCtrl.
Setting constant 0-bit at position 656 on $auto$ff.cc:337:slice$1377 ($dffe) from module Queue1_WriteVecCtrl.
Setting constant 0-bit at position 657 on $auto$ff.cc:337:slice$1377 ($dffe) from module Queue1_WriteVecCtrl.
Setting constant 0-bit at position 658 on $auto$ff.cc:337:slice$1377 ($dffe) from module Queue1_WriteVecCtrl.
Setting constant 0-bit at position 659 on $auto$ff.cc:337:slice$1377 ($dffe) from module Queue1_WriteVecCtrl.
Setting constant 0-bit at position 660 on $auto$ff.cc:337:slice$1377 ($dffe) from module Queue1_WriteVecCtrl.
Setting constant 0-bit at position 661 on $auto$ff.cc:337:slice$1377 ($dffe) from module Queue1_WriteVecCtrl.
Setting constant 0-bit at position 662 on $auto$ff.cc:337:slice$1377 ($dffe) from module Queue1_WriteVecCtrl.
Setting constant 0-bit at position 663 on $auto$ff.cc:337:slice$1377 ($dffe) from module Queue1_WriteVecCtrl.
Setting constant 0-bit at position 664 on $auto$ff.cc:337:slice$1377 ($dffe) from module Queue1_WriteVecCtrl.
Setting constant 0-bit at position 665 on $auto$ff.cc:337:slice$1377 ($dffe) from module Queue1_WriteVecCtrl.
Setting constant 0-bit at position 666 on $auto$ff.cc:337:slice$1377 ($dffe) from module Queue1_WriteVecCtrl.
Setting constant 0-bit at position 667 on $auto$ff.cc:337:slice$1377 ($dffe) from module Queue1_WriteVecCtrl.
Setting constant 0-bit at position 668 on $auto$ff.cc:337:slice$1377 ($dffe) from module Queue1_WriteVecCtrl.
Setting constant 0-bit at position 669 on $auto$ff.cc:337:slice$1377 ($dffe) from module Queue1_WriteVecCtrl.
Setting constant 0-bit at position 670 on $auto$ff.cc:337:slice$1377 ($dffe) from module Queue1_WriteVecCtrl.
Setting constant 0-bit at position 671 on $auto$ff.cc:337:slice$1377 ($dffe) from module Queue1_WriteVecCtrl.
Setting constant 0-bit at position 672 on $auto$ff.cc:337:slice$1377 ($dffe) from module Queue1_WriteVecCtrl.
Setting constant 0-bit at position 673 on $auto$ff.cc:337:slice$1377 ($dffe) from module Queue1_WriteVecCtrl.
Setting constant 0-bit at position 674 on $auto$ff.cc:337:slice$1377 ($dffe) from module Queue1_WriteVecCtrl.
Setting constant 0-bit at position 675 on $auto$ff.cc:337:slice$1377 ($dffe) from module Queue1_WriteVecCtrl.
Setting constant 0-bit at position 676 on $auto$ff.cc:337:slice$1377 ($dffe) from module Queue1_WriteVecCtrl.
Setting constant 0-bit at position 677 on $auto$ff.cc:337:slice$1377 ($dffe) from module Queue1_WriteVecCtrl.
Setting constant 0-bit at position 678 on $auto$ff.cc:337:slice$1377 ($dffe) from module Queue1_WriteVecCtrl.
Setting constant 0-bit at position 679 on $auto$ff.cc:337:slice$1377 ($dffe) from module Queue1_WriteVecCtrl.
Setting constant 0-bit at position 680 on $auto$ff.cc:337:slice$1377 ($dffe) from module Queue1_WriteVecCtrl.
Setting constant 0-bit at position 681 on $auto$ff.cc:337:slice$1377 ($dffe) from module Queue1_WriteVecCtrl.
Setting constant 0-bit at position 682 on $auto$ff.cc:337:slice$1377 ($dffe) from module Queue1_WriteVecCtrl.
Setting constant 0-bit at position 683 on $auto$ff.cc:337:slice$1377 ($dffe) from module Queue1_WriteVecCtrl.
Setting constant 0-bit at position 684 on $auto$ff.cc:337:slice$1377 ($dffe) from module Queue1_WriteVecCtrl.
Setting constant 0-bit at position 685 on $auto$ff.cc:337:slice$1377 ($dffe) from module Queue1_WriteVecCtrl.
Setting constant 0-bit at position 686 on $auto$ff.cc:337:slice$1377 ($dffe) from module Queue1_WriteVecCtrl.
Setting constant 0-bit at position 687 on $auto$ff.cc:337:slice$1377 ($dffe) from module Queue1_WriteVecCtrl.
Setting constant 0-bit at position 688 on $auto$ff.cc:337:slice$1377 ($dffe) from module Queue1_WriteVecCtrl.
Setting constant 0-bit at position 689 on $auto$ff.cc:337:slice$1377 ($dffe) from module Queue1_WriteVecCtrl.
Setting constant 0-bit at position 690 on $auto$ff.cc:337:slice$1377 ($dffe) from module Queue1_WriteVecCtrl.
Setting constant 0-bit at position 691 on $auto$ff.cc:337:slice$1377 ($dffe) from module Queue1_WriteVecCtrl.
Setting constant 0-bit at position 692 on $auto$ff.cc:337:slice$1377 ($dffe) from module Queue1_WriteVecCtrl.
Setting constant 0-bit at position 693 on $auto$ff.cc:337:slice$1377 ($dffe) from module Queue1_WriteVecCtrl.
Setting constant 0-bit at position 694 on $auto$ff.cc:337:slice$1377 ($dffe) from module Queue1_WriteVecCtrl.
Setting constant 0-bit at position 695 on $auto$ff.cc:337:slice$1377 ($dffe) from module Queue1_WriteVecCtrl.
Setting constant 0-bit at position 696 on $auto$ff.cc:337:slice$1377 ($dffe) from module Queue1_WriteVecCtrl.
Setting constant 0-bit at position 697 on $auto$ff.cc:337:slice$1377 ($dffe) from module Queue1_WriteVecCtrl.
Setting constant 0-bit at position 698 on $auto$ff.cc:337:slice$1377 ($dffe) from module Queue1_WriteVecCtrl.
Setting constant 0-bit at position 699 on $auto$ff.cc:337:slice$1377 ($dffe) from module Queue1_WriteVecCtrl.
Setting constant 0-bit at position 700 on $auto$ff.cc:337:slice$1377 ($dffe) from module Queue1_WriteVecCtrl.
Setting constant 0-bit at position 701 on $auto$ff.cc:337:slice$1377 ($dffe) from module Queue1_WriteVecCtrl.
Setting constant 0-bit at position 702 on $auto$ff.cc:337:slice$1377 ($dffe) from module Queue1_WriteVecCtrl.
Setting constant 0-bit at position 703 on $auto$ff.cc:337:slice$1377 ($dffe) from module Queue1_WriteVecCtrl.
Setting constant 0-bit at position 704 on $auto$ff.cc:337:slice$1377 ($dffe) from module Queue1_WriteVecCtrl.
Setting constant 0-bit at position 705 on $auto$ff.cc:337:slice$1377 ($dffe) from module Queue1_WriteVecCtrl.
Setting constant 0-bit at position 706 on $auto$ff.cc:337:slice$1377 ($dffe) from module Queue1_WriteVecCtrl.
Setting constant 0-bit at position 707 on $auto$ff.cc:337:slice$1377 ($dffe) from module Queue1_WriteVecCtrl.
Setting constant 0-bit at position 708 on $auto$ff.cc:337:slice$1377 ($dffe) from module Queue1_WriteVecCtrl.
Setting constant 0-bit at position 709 on $auto$ff.cc:337:slice$1377 ($dffe) from module Queue1_WriteVecCtrl.
Setting constant 0-bit at position 710 on $auto$ff.cc:337:slice$1377 ($dffe) from module Queue1_WriteVecCtrl.
Setting constant 0-bit at position 711 on $auto$ff.cc:337:slice$1377 ($dffe) from module Queue1_WriteVecCtrl.
Setting constant 0-bit at position 712 on $auto$ff.cc:337:slice$1377 ($dffe) from module Queue1_WriteVecCtrl.
Setting constant 0-bit at position 713 on $auto$ff.cc:337:slice$1377 ($dffe) from module Queue1_WriteVecCtrl.
Setting constant 0-bit at position 714 on $auto$ff.cc:337:slice$1377 ($dffe) from module Queue1_WriteVecCtrl.
Setting constant 0-bit at position 715 on $auto$ff.cc:337:slice$1377 ($dffe) from module Queue1_WriteVecCtrl.
Setting constant 0-bit at position 716 on $auto$ff.cc:337:slice$1377 ($dffe) from module Queue1_WriteVecCtrl.
Setting constant 0-bit at position 717 on $auto$ff.cc:337:slice$1377 ($dffe) from module Queue1_WriteVecCtrl.
Setting constant 0-bit at position 718 on $auto$ff.cc:337:slice$1377 ($dffe) from module Queue1_WriteVecCtrl.
Setting constant 0-bit at position 719 on $auto$ff.cc:337:slice$1377 ($dffe) from module Queue1_WriteVecCtrl.
Setting constant 0-bit at position 720 on $auto$ff.cc:337:slice$1377 ($dffe) from module Queue1_WriteVecCtrl.
Setting constant 0-bit at position 721 on $auto$ff.cc:337:slice$1377 ($dffe) from module Queue1_WriteVecCtrl.
Setting constant 0-bit at position 722 on $auto$ff.cc:337:slice$1377 ($dffe) from module Queue1_WriteVecCtrl.
Setting constant 0-bit at position 723 on $auto$ff.cc:337:slice$1377 ($dffe) from module Queue1_WriteVecCtrl.
Setting constant 0-bit at position 724 on $auto$ff.cc:337:slice$1377 ($dffe) from module Queue1_WriteVecCtrl.
Setting constant 0-bit at position 725 on $auto$ff.cc:337:slice$1377 ($dffe) from module Queue1_WriteVecCtrl.
Setting constant 0-bit at position 726 on $auto$ff.cc:337:slice$1377 ($dffe) from module Queue1_WriteVecCtrl.
Setting constant 0-bit at position 727 on $auto$ff.cc:337:slice$1377 ($dffe) from module Queue1_WriteVecCtrl.
Setting constant 0-bit at position 728 on $auto$ff.cc:337:slice$1377 ($dffe) from module Queue1_WriteVecCtrl.
Setting constant 0-bit at position 729 on $auto$ff.cc:337:slice$1377 ($dffe) from module Queue1_WriteVecCtrl.
Setting constant 0-bit at position 730 on $auto$ff.cc:337:slice$1377 ($dffe) from module Queue1_WriteVecCtrl.
Setting constant 0-bit at position 731 on $auto$ff.cc:337:slice$1377 ($dffe) from module Queue1_WriteVecCtrl.
Setting constant 0-bit at position 732 on $auto$ff.cc:337:slice$1377 ($dffe) from module Queue1_WriteVecCtrl.
Setting constant 0-bit at position 733 on $auto$ff.cc:337:slice$1377 ($dffe) from module Queue1_WriteVecCtrl.
Setting constant 0-bit at position 734 on $auto$ff.cc:337:slice$1377 ($dffe) from module Queue1_WriteVecCtrl.
Setting constant 0-bit at position 735 on $auto$ff.cc:337:slice$1377 ($dffe) from module Queue1_WriteVecCtrl.
Setting constant 0-bit at position 736 on $auto$ff.cc:337:slice$1377 ($dffe) from module Queue1_WriteVecCtrl.
Setting constant 0-bit at position 737 on $auto$ff.cc:337:slice$1377 ($dffe) from module Queue1_WriteVecCtrl.
Setting constant 0-bit at position 738 on $auto$ff.cc:337:slice$1377 ($dffe) from module Queue1_WriteVecCtrl.
Setting constant 0-bit at position 739 on $auto$ff.cc:337:slice$1377 ($dffe) from module Queue1_WriteVecCtrl.
Setting constant 0-bit at position 740 on $auto$ff.cc:337:slice$1377 ($dffe) from module Queue1_WriteVecCtrl.
Setting constant 0-bit at position 741 on $auto$ff.cc:337:slice$1377 ($dffe) from module Queue1_WriteVecCtrl.
Setting constant 0-bit at position 742 on $auto$ff.cc:337:slice$1377 ($dffe) from module Queue1_WriteVecCtrl.
Setting constant 0-bit at position 743 on $auto$ff.cc:337:slice$1377 ($dffe) from module Queue1_WriteVecCtrl.
Setting constant 0-bit at position 744 on $auto$ff.cc:337:slice$1377 ($dffe) from module Queue1_WriteVecCtrl.
Setting constant 0-bit at position 745 on $auto$ff.cc:337:slice$1377 ($dffe) from module Queue1_WriteVecCtrl.
Setting constant 0-bit at position 746 on $auto$ff.cc:337:slice$1377 ($dffe) from module Queue1_WriteVecCtrl.
Setting constant 0-bit at position 747 on $auto$ff.cc:337:slice$1377 ($dffe) from module Queue1_WriteVecCtrl.
Setting constant 0-bit at position 748 on $auto$ff.cc:337:slice$1377 ($dffe) from module Queue1_WriteVecCtrl.
Setting constant 0-bit at position 749 on $auto$ff.cc:337:slice$1377 ($dffe) from module Queue1_WriteVecCtrl.
Setting constant 0-bit at position 750 on $auto$ff.cc:337:slice$1377 ($dffe) from module Queue1_WriteVecCtrl.
Setting constant 0-bit at position 751 on $auto$ff.cc:337:slice$1377 ($dffe) from module Queue1_WriteVecCtrl.
Setting constant 0-bit at position 752 on $auto$ff.cc:337:slice$1377 ($dffe) from module Queue1_WriteVecCtrl.
Setting constant 0-bit at position 753 on $auto$ff.cc:337:slice$1377 ($dffe) from module Queue1_WriteVecCtrl.
Setting constant 0-bit at position 754 on $auto$ff.cc:337:slice$1377 ($dffe) from module Queue1_WriteVecCtrl.
Setting constant 0-bit at position 755 on $auto$ff.cc:337:slice$1377 ($dffe) from module Queue1_WriteVecCtrl.
Setting constant 0-bit at position 756 on $auto$ff.cc:337:slice$1377 ($dffe) from module Queue1_WriteVecCtrl.
Setting constant 0-bit at position 757 on $auto$ff.cc:337:slice$1377 ($dffe) from module Queue1_WriteVecCtrl.
Setting constant 0-bit at position 758 on $auto$ff.cc:337:slice$1377 ($dffe) from module Queue1_WriteVecCtrl.
Setting constant 0-bit at position 759 on $auto$ff.cc:337:slice$1377 ($dffe) from module Queue1_WriteVecCtrl.
Setting constant 0-bit at position 760 on $auto$ff.cc:337:slice$1377 ($dffe) from module Queue1_WriteVecCtrl.
Setting constant 0-bit at position 761 on $auto$ff.cc:337:slice$1377 ($dffe) from module Queue1_WriteVecCtrl.
Setting constant 0-bit at position 762 on $auto$ff.cc:337:slice$1377 ($dffe) from module Queue1_WriteVecCtrl.
Setting constant 0-bit at position 763 on $auto$ff.cc:337:slice$1377 ($dffe) from module Queue1_WriteVecCtrl.
Setting constant 0-bit at position 764 on $auto$ff.cc:337:slice$1377 ($dffe) from module Queue1_WriteVecCtrl.
Setting constant 0-bit at position 765 on $auto$ff.cc:337:slice$1377 ($dffe) from module Queue1_WriteVecCtrl.
Setting constant 0-bit at position 766 on $auto$ff.cc:337:slice$1377 ($dffe) from module Queue1_WriteVecCtrl.
Setting constant 0-bit at position 767 on $auto$ff.cc:337:slice$1377 ($dffe) from module Queue1_WriteVecCtrl.
Setting constant 0-bit at position 768 on $auto$ff.cc:337:slice$1377 ($dffe) from module Queue1_WriteVecCtrl.
Setting constant 0-bit at position 769 on $auto$ff.cc:337:slice$1377 ($dffe) from module Queue1_WriteVecCtrl.
Setting constant 0-bit at position 770 on $auto$ff.cc:337:slice$1377 ($dffe) from module Queue1_WriteVecCtrl.
Setting constant 0-bit at position 771 on $auto$ff.cc:337:slice$1377 ($dffe) from module Queue1_WriteVecCtrl.
Setting constant 0-bit at position 772 on $auto$ff.cc:337:slice$1377 ($dffe) from module Queue1_WriteVecCtrl.
Setting constant 0-bit at position 773 on $auto$ff.cc:337:slice$1377 ($dffe) from module Queue1_WriteVecCtrl.
Setting constant 0-bit at position 774 on $auto$ff.cc:337:slice$1377 ($dffe) from module Queue1_WriteVecCtrl.
Setting constant 0-bit at position 775 on $auto$ff.cc:337:slice$1377 ($dffe) from module Queue1_WriteVecCtrl.
Setting constant 0-bit at position 776 on $auto$ff.cc:337:slice$1377 ($dffe) from module Queue1_WriteVecCtrl.
Setting constant 0-bit at position 777 on $auto$ff.cc:337:slice$1377 ($dffe) from module Queue1_WriteVecCtrl.
Setting constant 0-bit at position 778 on $auto$ff.cc:337:slice$1377 ($dffe) from module Queue1_WriteVecCtrl.
Setting constant 0-bit at position 779 on $auto$ff.cc:337:slice$1377 ($dffe) from module Queue1_WriteVecCtrl.
Setting constant 0-bit at position 780 on $auto$ff.cc:337:slice$1377 ($dffe) from module Queue1_WriteVecCtrl.
Setting constant 0-bit at position 781 on $auto$ff.cc:337:slice$1377 ($dffe) from module Queue1_WriteVecCtrl.
Setting constant 0-bit at position 782 on $auto$ff.cc:337:slice$1377 ($dffe) from module Queue1_WriteVecCtrl.
Setting constant 0-bit at position 783 on $auto$ff.cc:337:slice$1377 ($dffe) from module Queue1_WriteVecCtrl.
Setting constant 0-bit at position 784 on $auto$ff.cc:337:slice$1377 ($dffe) from module Queue1_WriteVecCtrl.
Setting constant 0-bit at position 785 on $auto$ff.cc:337:slice$1377 ($dffe) from module Queue1_WriteVecCtrl.
Setting constant 0-bit at position 786 on $auto$ff.cc:337:slice$1377 ($dffe) from module Queue1_WriteVecCtrl.
Setting constant 0-bit at position 787 on $auto$ff.cc:337:slice$1377 ($dffe) from module Queue1_WriteVecCtrl.
Setting constant 0-bit at position 788 on $auto$ff.cc:337:slice$1377 ($dffe) from module Queue1_WriteVecCtrl.
Setting constant 0-bit at position 789 on $auto$ff.cc:337:slice$1377 ($dffe) from module Queue1_WriteVecCtrl.
Setting constant 0-bit at position 790 on $auto$ff.cc:337:slice$1377 ($dffe) from module Queue1_WriteVecCtrl.
Setting constant 0-bit at position 791 on $auto$ff.cc:337:slice$1377 ($dffe) from module Queue1_WriteVecCtrl.
Setting constant 0-bit at position 792 on $auto$ff.cc:337:slice$1377 ($dffe) from module Queue1_WriteVecCtrl.
Setting constant 0-bit at position 793 on $auto$ff.cc:337:slice$1377 ($dffe) from module Queue1_WriteVecCtrl.
Setting constant 0-bit at position 794 on $auto$ff.cc:337:slice$1377 ($dffe) from module Queue1_WriteVecCtrl.
Setting constant 0-bit at position 795 on $auto$ff.cc:337:slice$1377 ($dffe) from module Queue1_WriteVecCtrl.
Setting constant 0-bit at position 796 on $auto$ff.cc:337:slice$1377 ($dffe) from module Queue1_WriteVecCtrl.
Setting constant 0-bit at position 797 on $auto$ff.cc:337:slice$1377 ($dffe) from module Queue1_WriteVecCtrl.
Setting constant 0-bit at position 798 on $auto$ff.cc:337:slice$1377 ($dffe) from module Queue1_WriteVecCtrl.
Setting constant 0-bit at position 799 on $auto$ff.cc:337:slice$1377 ($dffe) from module Queue1_WriteVecCtrl.
Setting constant 0-bit at position 800 on $auto$ff.cc:337:slice$1377 ($dffe) from module Queue1_WriteVecCtrl.
Setting constant 0-bit at position 801 on $auto$ff.cc:337:slice$1377 ($dffe) from module Queue1_WriteVecCtrl.
Setting constant 0-bit at position 802 on $auto$ff.cc:337:slice$1377 ($dffe) from module Queue1_WriteVecCtrl.
Setting constant 0-bit at position 803 on $auto$ff.cc:337:slice$1377 ($dffe) from module Queue1_WriteVecCtrl.
Setting constant 0-bit at position 804 on $auto$ff.cc:337:slice$1377 ($dffe) from module Queue1_WriteVecCtrl.
Setting constant 0-bit at position 805 on $auto$ff.cc:337:slice$1377 ($dffe) from module Queue1_WriteVecCtrl.
Setting constant 0-bit at position 806 on $auto$ff.cc:337:slice$1377 ($dffe) from module Queue1_WriteVecCtrl.
Setting constant 0-bit at position 807 on $auto$ff.cc:337:slice$1377 ($dffe) from module Queue1_WriteVecCtrl.
Setting constant 0-bit at position 808 on $auto$ff.cc:337:slice$1377 ($dffe) from module Queue1_WriteVecCtrl.
Setting constant 0-bit at position 809 on $auto$ff.cc:337:slice$1377 ($dffe) from module Queue1_WriteVecCtrl.
Setting constant 0-bit at position 810 on $auto$ff.cc:337:slice$1377 ($dffe) from module Queue1_WriteVecCtrl.
Setting constant 0-bit at position 811 on $auto$ff.cc:337:slice$1377 ($dffe) from module Queue1_WriteVecCtrl.
Setting constant 0-bit at position 812 on $auto$ff.cc:337:slice$1377 ($dffe) from module Queue1_WriteVecCtrl.
Setting constant 0-bit at position 813 on $auto$ff.cc:337:slice$1377 ($dffe) from module Queue1_WriteVecCtrl.
Setting constant 0-bit at position 814 on $auto$ff.cc:337:slice$1377 ($dffe) from module Queue1_WriteVecCtrl.
Setting constant 0-bit at position 815 on $auto$ff.cc:337:slice$1377 ($dffe) from module Queue1_WriteVecCtrl.
Setting constant 0-bit at position 816 on $auto$ff.cc:337:slice$1377 ($dffe) from module Queue1_WriteVecCtrl.
Setting constant 0-bit at position 817 on $auto$ff.cc:337:slice$1377 ($dffe) from module Queue1_WriteVecCtrl.
Setting constant 0-bit at position 818 on $auto$ff.cc:337:slice$1377 ($dffe) from module Queue1_WriteVecCtrl.
Setting constant 0-bit at position 819 on $auto$ff.cc:337:slice$1377 ($dffe) from module Queue1_WriteVecCtrl.
Setting constant 0-bit at position 820 on $auto$ff.cc:337:slice$1377 ($dffe) from module Queue1_WriteVecCtrl.
Setting constant 0-bit at position 821 on $auto$ff.cc:337:slice$1377 ($dffe) from module Queue1_WriteVecCtrl.
Setting constant 0-bit at position 822 on $auto$ff.cc:337:slice$1377 ($dffe) from module Queue1_WriteVecCtrl.
Setting constant 0-bit at position 823 on $auto$ff.cc:337:slice$1377 ($dffe) from module Queue1_WriteVecCtrl.
Setting constant 0-bit at position 824 on $auto$ff.cc:337:slice$1377 ($dffe) from module Queue1_WriteVecCtrl.
Setting constant 0-bit at position 825 on $auto$ff.cc:337:slice$1377 ($dffe) from module Queue1_WriteVecCtrl.
Setting constant 0-bit at position 826 on $auto$ff.cc:337:slice$1377 ($dffe) from module Queue1_WriteVecCtrl.
Setting constant 0-bit at position 827 on $auto$ff.cc:337:slice$1377 ($dffe) from module Queue1_WriteVecCtrl.
Setting constant 0-bit at position 828 on $auto$ff.cc:337:slice$1377 ($dffe) from module Queue1_WriteVecCtrl.
Setting constant 0-bit at position 829 on $auto$ff.cc:337:slice$1377 ($dffe) from module Queue1_WriteVecCtrl.
Setting constant 0-bit at position 830 on $auto$ff.cc:337:slice$1377 ($dffe) from module Queue1_WriteVecCtrl.
Setting constant 0-bit at position 831 on $auto$ff.cc:337:slice$1377 ($dffe) from module Queue1_WriteVecCtrl.
Setting constant 0-bit at position 832 on $auto$ff.cc:337:slice$1377 ($dffe) from module Queue1_WriteVecCtrl.
Setting constant 0-bit at position 833 on $auto$ff.cc:337:slice$1377 ($dffe) from module Queue1_WriteVecCtrl.
Setting constant 0-bit at position 834 on $auto$ff.cc:337:slice$1377 ($dffe) from module Queue1_WriteVecCtrl.
Setting constant 0-bit at position 835 on $auto$ff.cc:337:slice$1377 ($dffe) from module Queue1_WriteVecCtrl.
Setting constant 0-bit at position 836 on $auto$ff.cc:337:slice$1377 ($dffe) from module Queue1_WriteVecCtrl.
Setting constant 0-bit at position 837 on $auto$ff.cc:337:slice$1377 ($dffe) from module Queue1_WriteVecCtrl.
Setting constant 0-bit at position 838 on $auto$ff.cc:337:slice$1377 ($dffe) from module Queue1_WriteVecCtrl.
Setting constant 0-bit at position 839 on $auto$ff.cc:337:slice$1377 ($dffe) from module Queue1_WriteVecCtrl.
Setting constant 0-bit at position 840 on $auto$ff.cc:337:slice$1377 ($dffe) from module Queue1_WriteVecCtrl.
Setting constant 0-bit at position 841 on $auto$ff.cc:337:slice$1377 ($dffe) from module Queue1_WriteVecCtrl.
Setting constant 0-bit at position 842 on $auto$ff.cc:337:slice$1377 ($dffe) from module Queue1_WriteVecCtrl.
Setting constant 0-bit at position 843 on $auto$ff.cc:337:slice$1377 ($dffe) from module Queue1_WriteVecCtrl.
Setting constant 0-bit at position 844 on $auto$ff.cc:337:slice$1377 ($dffe) from module Queue1_WriteVecCtrl.
Setting constant 0-bit at position 845 on $auto$ff.cc:337:slice$1377 ($dffe) from module Queue1_WriteVecCtrl.
Setting constant 0-bit at position 846 on $auto$ff.cc:337:slice$1377 ($dffe) from module Queue1_WriteVecCtrl.
Setting constant 0-bit at position 847 on $auto$ff.cc:337:slice$1377 ($dffe) from module Queue1_WriteVecCtrl.
Setting constant 0-bit at position 848 on $auto$ff.cc:337:slice$1377 ($dffe) from module Queue1_WriteVecCtrl.
Setting constant 0-bit at position 849 on $auto$ff.cc:337:slice$1377 ($dffe) from module Queue1_WriteVecCtrl.
Setting constant 0-bit at position 850 on $auto$ff.cc:337:slice$1377 ($dffe) from module Queue1_WriteVecCtrl.
Setting constant 0-bit at position 851 on $auto$ff.cc:337:slice$1377 ($dffe) from module Queue1_WriteVecCtrl.
Setting constant 0-bit at position 852 on $auto$ff.cc:337:slice$1377 ($dffe) from module Queue1_WriteVecCtrl.
Setting constant 0-bit at position 853 on $auto$ff.cc:337:slice$1377 ($dffe) from module Queue1_WriteVecCtrl.
Setting constant 0-bit at position 854 on $auto$ff.cc:337:slice$1377 ($dffe) from module Queue1_WriteVecCtrl.
Setting constant 0-bit at position 855 on $auto$ff.cc:337:slice$1377 ($dffe) from module Queue1_WriteVecCtrl.
Setting constant 0-bit at position 856 on $auto$ff.cc:337:slice$1377 ($dffe) from module Queue1_WriteVecCtrl.
Setting constant 0-bit at position 857 on $auto$ff.cc:337:slice$1377 ($dffe) from module Queue1_WriteVecCtrl.
Setting constant 0-bit at position 858 on $auto$ff.cc:337:slice$1377 ($dffe) from module Queue1_WriteVecCtrl.
Setting constant 0-bit at position 859 on $auto$ff.cc:337:slice$1377 ($dffe) from module Queue1_WriteVecCtrl.
Setting constant 0-bit at position 860 on $auto$ff.cc:337:slice$1377 ($dffe) from module Queue1_WriteVecCtrl.
Setting constant 0-bit at position 861 on $auto$ff.cc:337:slice$1377 ($dffe) from module Queue1_WriteVecCtrl.
Setting constant 0-bit at position 862 on $auto$ff.cc:337:slice$1377 ($dffe) from module Queue1_WriteVecCtrl.
Setting constant 0-bit at position 863 on $auto$ff.cc:337:slice$1377 ($dffe) from module Queue1_WriteVecCtrl.
Setting constant 0-bit at position 864 on $auto$ff.cc:337:slice$1377 ($dffe) from module Queue1_WriteVecCtrl.
Setting constant 0-bit at position 865 on $auto$ff.cc:337:slice$1377 ($dffe) from module Queue1_WriteVecCtrl.
Setting constant 0-bit at position 866 on $auto$ff.cc:337:slice$1377 ($dffe) from module Queue1_WriteVecCtrl.
Setting constant 0-bit at position 867 on $auto$ff.cc:337:slice$1377 ($dffe) from module Queue1_WriteVecCtrl.
Setting constant 0-bit at position 868 on $auto$ff.cc:337:slice$1377 ($dffe) from module Queue1_WriteVecCtrl.
Setting constant 0-bit at position 869 on $auto$ff.cc:337:slice$1377 ($dffe) from module Queue1_WriteVecCtrl.
Setting constant 0-bit at position 870 on $auto$ff.cc:337:slice$1377 ($dffe) from module Queue1_WriteVecCtrl.
Setting constant 0-bit at position 871 on $auto$ff.cc:337:slice$1377 ($dffe) from module Queue1_WriteVecCtrl.
Setting constant 0-bit at position 872 on $auto$ff.cc:337:slice$1377 ($dffe) from module Queue1_WriteVecCtrl.
Setting constant 0-bit at position 873 on $auto$ff.cc:337:slice$1377 ($dffe) from module Queue1_WriteVecCtrl.
Setting constant 0-bit at position 874 on $auto$ff.cc:337:slice$1377 ($dffe) from module Queue1_WriteVecCtrl.
Setting constant 0-bit at position 875 on $auto$ff.cc:337:slice$1377 ($dffe) from module Queue1_WriteVecCtrl.
Setting constant 0-bit at position 876 on $auto$ff.cc:337:slice$1377 ($dffe) from module Queue1_WriteVecCtrl.
Setting constant 0-bit at position 877 on $auto$ff.cc:337:slice$1377 ($dffe) from module Queue1_WriteVecCtrl.
Setting constant 0-bit at position 878 on $auto$ff.cc:337:slice$1377 ($dffe) from module Queue1_WriteVecCtrl.
Setting constant 0-bit at position 879 on $auto$ff.cc:337:slice$1377 ($dffe) from module Queue1_WriteVecCtrl.
Setting constant 0-bit at position 880 on $auto$ff.cc:337:slice$1377 ($dffe) from module Queue1_WriteVecCtrl.
Setting constant 0-bit at position 881 on $auto$ff.cc:337:slice$1377 ($dffe) from module Queue1_WriteVecCtrl.
Setting constant 0-bit at position 882 on $auto$ff.cc:337:slice$1377 ($dffe) from module Queue1_WriteVecCtrl.
Setting constant 0-bit at position 883 on $auto$ff.cc:337:slice$1377 ($dffe) from module Queue1_WriteVecCtrl.
Setting constant 0-bit at position 884 on $auto$ff.cc:337:slice$1377 ($dffe) from module Queue1_WriteVecCtrl.
Setting constant 0-bit at position 885 on $auto$ff.cc:337:slice$1377 ($dffe) from module Queue1_WriteVecCtrl.
Setting constant 0-bit at position 886 on $auto$ff.cc:337:slice$1377 ($dffe) from module Queue1_WriteVecCtrl.
Setting constant 0-bit at position 887 on $auto$ff.cc:337:slice$1377 ($dffe) from module Queue1_WriteVecCtrl.
Setting constant 0-bit at position 888 on $auto$ff.cc:337:slice$1377 ($dffe) from module Queue1_WriteVecCtrl.
Setting constant 0-bit at position 889 on $auto$ff.cc:337:slice$1377 ($dffe) from module Queue1_WriteVecCtrl.
Setting constant 0-bit at position 890 on $auto$ff.cc:337:slice$1377 ($dffe) from module Queue1_WriteVecCtrl.
Setting constant 0-bit at position 891 on $auto$ff.cc:337:slice$1377 ($dffe) from module Queue1_WriteVecCtrl.
Setting constant 0-bit at position 892 on $auto$ff.cc:337:slice$1377 ($dffe) from module Queue1_WriteVecCtrl.
Setting constant 0-bit at position 893 on $auto$ff.cc:337:slice$1377 ($dffe) from module Queue1_WriteVecCtrl.
Setting constant 0-bit at position 894 on $auto$ff.cc:337:slice$1377 ($dffe) from module Queue1_WriteVecCtrl.
Setting constant 0-bit at position 895 on $auto$ff.cc:337:slice$1377 ($dffe) from module Queue1_WriteVecCtrl.
Setting constant 0-bit at position 896 on $auto$ff.cc:337:slice$1377 ($dffe) from module Queue1_WriteVecCtrl.
Setting constant 0-bit at position 897 on $auto$ff.cc:337:slice$1377 ($dffe) from module Queue1_WriteVecCtrl.
Setting constant 0-bit at position 898 on $auto$ff.cc:337:slice$1377 ($dffe) from module Queue1_WriteVecCtrl.
Setting constant 0-bit at position 899 on $auto$ff.cc:337:slice$1377 ($dffe) from module Queue1_WriteVecCtrl.
Setting constant 0-bit at position 900 on $auto$ff.cc:337:slice$1377 ($dffe) from module Queue1_WriteVecCtrl.
Setting constant 0-bit at position 901 on $auto$ff.cc:337:slice$1377 ($dffe) from module Queue1_WriteVecCtrl.
Setting constant 0-bit at position 902 on $auto$ff.cc:337:slice$1377 ($dffe) from module Queue1_WriteVecCtrl.
Setting constant 0-bit at position 903 on $auto$ff.cc:337:slice$1377 ($dffe) from module Queue1_WriteVecCtrl.
Setting constant 0-bit at position 904 on $auto$ff.cc:337:slice$1377 ($dffe) from module Queue1_WriteVecCtrl.
Setting constant 0-bit at position 905 on $auto$ff.cc:337:slice$1377 ($dffe) from module Queue1_WriteVecCtrl.
Setting constant 0-bit at position 906 on $auto$ff.cc:337:slice$1377 ($dffe) from module Queue1_WriteVecCtrl.
Setting constant 0-bit at position 907 on $auto$ff.cc:337:slice$1377 ($dffe) from module Queue1_WriteVecCtrl.
Setting constant 0-bit at position 908 on $auto$ff.cc:337:slice$1377 ($dffe) from module Queue1_WriteVecCtrl.
Setting constant 0-bit at position 909 on $auto$ff.cc:337:slice$1377 ($dffe) from module Queue1_WriteVecCtrl.
Setting constant 0-bit at position 910 on $auto$ff.cc:337:slice$1377 ($dffe) from module Queue1_WriteVecCtrl.
Setting constant 0-bit at position 911 on $auto$ff.cc:337:slice$1377 ($dffe) from module Queue1_WriteVecCtrl.
Setting constant 0-bit at position 912 on $auto$ff.cc:337:slice$1377 ($dffe) from module Queue1_WriteVecCtrl.
Setting constant 0-bit at position 913 on $auto$ff.cc:337:slice$1377 ($dffe) from module Queue1_WriteVecCtrl.
Setting constant 0-bit at position 914 on $auto$ff.cc:337:slice$1377 ($dffe) from module Queue1_WriteVecCtrl.
Setting constant 0-bit at position 915 on $auto$ff.cc:337:slice$1377 ($dffe) from module Queue1_WriteVecCtrl.
Setting constant 0-bit at position 916 on $auto$ff.cc:337:slice$1377 ($dffe) from module Queue1_WriteVecCtrl.
Setting constant 0-bit at position 917 on $auto$ff.cc:337:slice$1377 ($dffe) from module Queue1_WriteVecCtrl.
Setting constant 0-bit at position 918 on $auto$ff.cc:337:slice$1377 ($dffe) from module Queue1_WriteVecCtrl.
Setting constant 0-bit at position 919 on $auto$ff.cc:337:slice$1377 ($dffe) from module Queue1_WriteVecCtrl.
Setting constant 0-bit at position 920 on $auto$ff.cc:337:slice$1377 ($dffe) from module Queue1_WriteVecCtrl.
Setting constant 0-bit at position 921 on $auto$ff.cc:337:slice$1377 ($dffe) from module Queue1_WriteVecCtrl.
Setting constant 0-bit at position 922 on $auto$ff.cc:337:slice$1377 ($dffe) from module Queue1_WriteVecCtrl.
Setting constant 0-bit at position 923 on $auto$ff.cc:337:slice$1377 ($dffe) from module Queue1_WriteVecCtrl.
Setting constant 0-bit at position 924 on $auto$ff.cc:337:slice$1377 ($dffe) from module Queue1_WriteVecCtrl.
Setting constant 0-bit at position 925 on $auto$ff.cc:337:slice$1377 ($dffe) from module Queue1_WriteVecCtrl.
Setting constant 0-bit at position 926 on $auto$ff.cc:337:slice$1377 ($dffe) from module Queue1_WriteVecCtrl.
Setting constant 0-bit at position 927 on $auto$ff.cc:337:slice$1377 ($dffe) from module Queue1_WriteVecCtrl.
Setting constant 0-bit at position 928 on $auto$ff.cc:337:slice$1377 ($dffe) from module Queue1_WriteVecCtrl.
Setting constant 0-bit at position 929 on $auto$ff.cc:337:slice$1377 ($dffe) from module Queue1_WriteVecCtrl.
Setting constant 0-bit at position 930 on $auto$ff.cc:337:slice$1377 ($dffe) from module Queue1_WriteVecCtrl.
Setting constant 0-bit at position 931 on $auto$ff.cc:337:slice$1377 ($dffe) from module Queue1_WriteVecCtrl.
Setting constant 0-bit at position 932 on $auto$ff.cc:337:slice$1377 ($dffe) from module Queue1_WriteVecCtrl.
Setting constant 0-bit at position 933 on $auto$ff.cc:337:slice$1377 ($dffe) from module Queue1_WriteVecCtrl.
Setting constant 0-bit at position 934 on $auto$ff.cc:337:slice$1377 ($dffe) from module Queue1_WriteVecCtrl.
Setting constant 0-bit at position 935 on $auto$ff.cc:337:slice$1377 ($dffe) from module Queue1_WriteVecCtrl.
Setting constant 0-bit at position 936 on $auto$ff.cc:337:slice$1377 ($dffe) from module Queue1_WriteVecCtrl.
Setting constant 0-bit at position 937 on $auto$ff.cc:337:slice$1377 ($dffe) from module Queue1_WriteVecCtrl.
Setting constant 0-bit at position 938 on $auto$ff.cc:337:slice$1377 ($dffe) from module Queue1_WriteVecCtrl.
Setting constant 0-bit at position 939 on $auto$ff.cc:337:slice$1377 ($dffe) from module Queue1_WriteVecCtrl.
Setting constant 0-bit at position 940 on $auto$ff.cc:337:slice$1377 ($dffe) from module Queue1_WriteVecCtrl.
Setting constant 0-bit at position 941 on $auto$ff.cc:337:slice$1377 ($dffe) from module Queue1_WriteVecCtrl.
Setting constant 0-bit at position 942 on $auto$ff.cc:337:slice$1377 ($dffe) from module Queue1_WriteVecCtrl.
Setting constant 0-bit at position 943 on $auto$ff.cc:337:slice$1377 ($dffe) from module Queue1_WriteVecCtrl.
Setting constant 0-bit at position 944 on $auto$ff.cc:337:slice$1377 ($dffe) from module Queue1_WriteVecCtrl.
Setting constant 0-bit at position 945 on $auto$ff.cc:337:slice$1377 ($dffe) from module Queue1_WriteVecCtrl.
Setting constant 0-bit at position 946 on $auto$ff.cc:337:slice$1377 ($dffe) from module Queue1_WriteVecCtrl.
Setting constant 0-bit at position 947 on $auto$ff.cc:337:slice$1377 ($dffe) from module Queue1_WriteVecCtrl.
Setting constant 0-bit at position 948 on $auto$ff.cc:337:slice$1377 ($dffe) from module Queue1_WriteVecCtrl.
Setting constant 0-bit at position 949 on $auto$ff.cc:337:slice$1377 ($dffe) from module Queue1_WriteVecCtrl.
Setting constant 0-bit at position 950 on $auto$ff.cc:337:slice$1377 ($dffe) from module Queue1_WriteVecCtrl.
Setting constant 0-bit at position 951 on $auto$ff.cc:337:slice$1377 ($dffe) from module Queue1_WriteVecCtrl.
Setting constant 0-bit at position 952 on $auto$ff.cc:337:slice$1377 ($dffe) from module Queue1_WriteVecCtrl.
Setting constant 0-bit at position 953 on $auto$ff.cc:337:slice$1377 ($dffe) from module Queue1_WriteVecCtrl.
Setting constant 0-bit at position 954 on $auto$ff.cc:337:slice$1377 ($dffe) from module Queue1_WriteVecCtrl.
Setting constant 0-bit at position 955 on $auto$ff.cc:337:slice$1377 ($dffe) from module Queue1_WriteVecCtrl.
Setting constant 0-bit at position 956 on $auto$ff.cc:337:slice$1377 ($dffe) from module Queue1_WriteVecCtrl.
Setting constant 0-bit at position 957 on $auto$ff.cc:337:slice$1377 ($dffe) from module Queue1_WriteVecCtrl.
Setting constant 0-bit at position 958 on $auto$ff.cc:337:slice$1377 ($dffe) from module Queue1_WriteVecCtrl.
Setting constant 0-bit at position 959 on $auto$ff.cc:337:slice$1377 ($dffe) from module Queue1_WriteVecCtrl.
Setting constant 0-bit at position 960 on $auto$ff.cc:337:slice$1377 ($dffe) from module Queue1_WriteVecCtrl.
Setting constant 0-bit at position 961 on $auto$ff.cc:337:slice$1377 ($dffe) from module Queue1_WriteVecCtrl.
Setting constant 0-bit at position 962 on $auto$ff.cc:337:slice$1377 ($dffe) from module Queue1_WriteVecCtrl.
Setting constant 0-bit at position 963 on $auto$ff.cc:337:slice$1377 ($dffe) from module Queue1_WriteVecCtrl.
Setting constant 0-bit at position 964 on $auto$ff.cc:337:slice$1377 ($dffe) from module Queue1_WriteVecCtrl.
Setting constant 0-bit at position 965 on $auto$ff.cc:337:slice$1377 ($dffe) from module Queue1_WriteVecCtrl.
Setting constant 0-bit at position 966 on $auto$ff.cc:337:slice$1377 ($dffe) from module Queue1_WriteVecCtrl.
Setting constant 0-bit at position 967 on $auto$ff.cc:337:slice$1377 ($dffe) from module Queue1_WriteVecCtrl.
Setting constant 0-bit at position 968 on $auto$ff.cc:337:slice$1377 ($dffe) from module Queue1_WriteVecCtrl.
Setting constant 0-bit at position 969 on $auto$ff.cc:337:slice$1377 ($dffe) from module Queue1_WriteVecCtrl.
Setting constant 0-bit at position 970 on $auto$ff.cc:337:slice$1377 ($dffe) from module Queue1_WriteVecCtrl.
Setting constant 0-bit at position 971 on $auto$ff.cc:337:slice$1377 ($dffe) from module Queue1_WriteVecCtrl.
Setting constant 0-bit at position 972 on $auto$ff.cc:337:slice$1377 ($dffe) from module Queue1_WriteVecCtrl.
Setting constant 0-bit at position 973 on $auto$ff.cc:337:slice$1377 ($dffe) from module Queue1_WriteVecCtrl.
Setting constant 0-bit at position 974 on $auto$ff.cc:337:slice$1377 ($dffe) from module Queue1_WriteVecCtrl.
Setting constant 0-bit at position 975 on $auto$ff.cc:337:slice$1377 ($dffe) from module Queue1_WriteVecCtrl.
Setting constant 0-bit at position 976 on $auto$ff.cc:337:slice$1377 ($dffe) from module Queue1_WriteVecCtrl.
Setting constant 0-bit at position 977 on $auto$ff.cc:337:slice$1377 ($dffe) from module Queue1_WriteVecCtrl.
Setting constant 0-bit at position 978 on $auto$ff.cc:337:slice$1377 ($dffe) from module Queue1_WriteVecCtrl.
Setting constant 0-bit at position 979 on $auto$ff.cc:337:slice$1377 ($dffe) from module Queue1_WriteVecCtrl.
Setting constant 0-bit at position 980 on $auto$ff.cc:337:slice$1377 ($dffe) from module Queue1_WriteVecCtrl.
Setting constant 0-bit at position 981 on $auto$ff.cc:337:slice$1377 ($dffe) from module Queue1_WriteVecCtrl.
Setting constant 0-bit at position 982 on $auto$ff.cc:337:slice$1377 ($dffe) from module Queue1_WriteVecCtrl.
Setting constant 0-bit at position 983 on $auto$ff.cc:337:slice$1377 ($dffe) from module Queue1_WriteVecCtrl.
Setting constant 0-bit at position 984 on $auto$ff.cc:337:slice$1377 ($dffe) from module Queue1_WriteVecCtrl.
Setting constant 0-bit at position 985 on $auto$ff.cc:337:slice$1377 ($dffe) from module Queue1_WriteVecCtrl.
Setting constant 0-bit at position 986 on $auto$ff.cc:337:slice$1377 ($dffe) from module Queue1_WriteVecCtrl.
Setting constant 0-bit at position 987 on $auto$ff.cc:337:slice$1377 ($dffe) from module Queue1_WriteVecCtrl.
Setting constant 0-bit at position 988 on $auto$ff.cc:337:slice$1377 ($dffe) from module Queue1_WriteVecCtrl.
Setting constant 0-bit at position 989 on $auto$ff.cc:337:slice$1377 ($dffe) from module Queue1_WriteVecCtrl.
Setting constant 0-bit at position 990 on $auto$ff.cc:337:slice$1377 ($dffe) from module Queue1_WriteVecCtrl.
Setting constant 0-bit at position 991 on $auto$ff.cc:337:slice$1377 ($dffe) from module Queue1_WriteVecCtrl.
Setting constant 0-bit at position 992 on $auto$ff.cc:337:slice$1377 ($dffe) from module Queue1_WriteVecCtrl.
Setting constant 0-bit at position 993 on $auto$ff.cc:337:slice$1377 ($dffe) from module Queue1_WriteVecCtrl.
Setting constant 0-bit at position 994 on $auto$ff.cc:337:slice$1377 ($dffe) from module Queue1_WriteVecCtrl.
Setting constant 0-bit at position 995 on $auto$ff.cc:337:slice$1377 ($dffe) from module Queue1_WriteVecCtrl.
Setting constant 0-bit at position 996 on $auto$ff.cc:337:slice$1377 ($dffe) from module Queue1_WriteVecCtrl.
Setting constant 0-bit at position 997 on $auto$ff.cc:337:slice$1377 ($dffe) from module Queue1_WriteVecCtrl.
Setting constant 0-bit at position 998 on $auto$ff.cc:337:slice$1377 ($dffe) from module Queue1_WriteVecCtrl.
Setting constant 0-bit at position 999 on $auto$ff.cc:337:slice$1377 ($dffe) from module Queue1_WriteVecCtrl.
Setting constant 0-bit at position 1000 on $auto$ff.cc:337:slice$1377 ($dffe) from module Queue1_WriteVecCtrl.
Setting constant 0-bit at position 1001 on $auto$ff.cc:337:slice$1377 ($dffe) from module Queue1_WriteVecCtrl.
Setting constant 0-bit at position 1002 on $auto$ff.cc:337:slice$1377 ($dffe) from module Queue1_WriteVecCtrl.
Setting constant 0-bit at position 1003 on $auto$ff.cc:337:slice$1377 ($dffe) from module Queue1_WriteVecCtrl.
Setting constant 0-bit at position 1004 on $auto$ff.cc:337:slice$1377 ($dffe) from module Queue1_WriteVecCtrl.
Setting constant 0-bit at position 1005 on $auto$ff.cc:337:slice$1377 ($dffe) from module Queue1_WriteVecCtrl.
Setting constant 0-bit at position 1006 on $auto$ff.cc:337:slice$1377 ($dffe) from module Queue1_WriteVecCtrl.
Setting constant 0-bit at position 1007 on $auto$ff.cc:337:slice$1377 ($dffe) from module Queue1_WriteVecCtrl.
Setting constant 0-bit at position 1008 on $auto$ff.cc:337:slice$1377 ($dffe) from module Queue1_WriteVecCtrl.
Setting constant 0-bit at position 1009 on $auto$ff.cc:337:slice$1377 ($dffe) from module Queue1_WriteVecCtrl.
Setting constant 0-bit at position 1010 on $auto$ff.cc:337:slice$1377 ($dffe) from module Queue1_WriteVecCtrl.
Setting constant 0-bit at position 1011 on $auto$ff.cc:337:slice$1377 ($dffe) from module Queue1_WriteVecCtrl.
Setting constant 0-bit at position 1012 on $auto$ff.cc:337:slice$1377 ($dffe) from module Queue1_WriteVecCtrl.
Setting constant 0-bit at position 1013 on $auto$ff.cc:337:slice$1377 ($dffe) from module Queue1_WriteVecCtrl.
Setting constant 0-bit at position 1014 on $auto$ff.cc:337:slice$1377 ($dffe) from module Queue1_WriteVecCtrl.
Setting constant 0-bit at position 1015 on $auto$ff.cc:337:slice$1377 ($dffe) from module Queue1_WriteVecCtrl.
Setting constant 0-bit at position 1016 on $auto$ff.cc:337:slice$1377 ($dffe) from module Queue1_WriteVecCtrl.
Setting constant 0-bit at position 1017 on $auto$ff.cc:337:slice$1377 ($dffe) from module Queue1_WriteVecCtrl.
Setting constant 0-bit at position 1018 on $auto$ff.cc:337:slice$1377 ($dffe) from module Queue1_WriteVecCtrl.
Setting constant 0-bit at position 1019 on $auto$ff.cc:337:slice$1377 ($dffe) from module Queue1_WriteVecCtrl.
Setting constant 0-bit at position 1020 on $auto$ff.cc:337:slice$1377 ($dffe) from module Queue1_WriteVecCtrl.
Setting constant 0-bit at position 1021 on $auto$ff.cc:337:slice$1377 ($dffe) from module Queue1_WriteVecCtrl.
Setting constant 0-bit at position 1022 on $auto$ff.cc:337:slice$1377 ($dffe) from module Queue1_WriteVecCtrl.
Setting constant 0-bit at position 1023 on $auto$ff.cc:337:slice$1377 ($dffe) from module Queue1_WriteVecCtrl.
Setting constant 1-bit at position 1024 on $auto$ff.cc:337:slice$1377 ($dffe) from module Queue1_WriteVecCtrl.
Setting constant 1-bit at position 1025 on $auto$ff.cc:337:slice$1377 ($dffe) from module Queue1_WriteVecCtrl.
Setting constant 1-bit at position 1026 on $auto$ff.cc:337:slice$1377 ($dffe) from module Queue1_WriteVecCtrl.
Setting constant 1-bit at position 1027 on $auto$ff.cc:337:slice$1377 ($dffe) from module Queue1_WriteVecCtrl.
Setting constant 1-bit at position 1028 on $auto$ff.cc:337:slice$1377 ($dffe) from module Queue1_WriteVecCtrl.
Setting constant 1-bit at position 1029 on $auto$ff.cc:337:slice$1377 ($dffe) from module Queue1_WriteVecCtrl.
Setting constant 1-bit at position 1030 on $auto$ff.cc:337:slice$1377 ($dffe) from module Queue1_WriteVecCtrl.
Setting constant 1-bit at position 1031 on $auto$ff.cc:337:slice$1377 ($dffe) from module Queue1_WriteVecCtrl.
Setting constant 1-bit at position 1032 on $auto$ff.cc:337:slice$1377 ($dffe) from module Queue1_WriteVecCtrl.
Setting constant 1-bit at position 1033 on $auto$ff.cc:337:slice$1377 ($dffe) from module Queue1_WriteVecCtrl.
Setting constant 1-bit at position 1034 on $auto$ff.cc:337:slice$1377 ($dffe) from module Queue1_WriteVecCtrl.
Setting constant 1-bit at position 1035 on $auto$ff.cc:337:slice$1377 ($dffe) from module Queue1_WriteVecCtrl.
Setting constant 1-bit at position 1036 on $auto$ff.cc:337:slice$1377 ($dffe) from module Queue1_WriteVecCtrl.
Setting constant 1-bit at position 1037 on $auto$ff.cc:337:slice$1377 ($dffe) from module Queue1_WriteVecCtrl.
Setting constant 1-bit at position 1038 on $auto$ff.cc:337:slice$1377 ($dffe) from module Queue1_WriteVecCtrl.
Setting constant 1-bit at position 1039 on $auto$ff.cc:337:slice$1377 ($dffe) from module Queue1_WriteVecCtrl.
Setting constant 1-bit at position 1040 on $auto$ff.cc:337:slice$1377 ($dffe) from module Queue1_WriteVecCtrl.
Setting constant 1-bit at position 1041 on $auto$ff.cc:337:slice$1377 ($dffe) from module Queue1_WriteVecCtrl.
Setting constant 1-bit at position 1042 on $auto$ff.cc:337:slice$1377 ($dffe) from module Queue1_WriteVecCtrl.
Setting constant 1-bit at position 1043 on $auto$ff.cc:337:slice$1377 ($dffe) from module Queue1_WriteVecCtrl.
Setting constant 1-bit at position 1044 on $auto$ff.cc:337:slice$1377 ($dffe) from module Queue1_WriteVecCtrl.
Setting constant 1-bit at position 1045 on $auto$ff.cc:337:slice$1377 ($dffe) from module Queue1_WriteVecCtrl.
Setting constant 1-bit at position 1046 on $auto$ff.cc:337:slice$1377 ($dffe) from module Queue1_WriteVecCtrl.
Setting constant 1-bit at position 1047 on $auto$ff.cc:337:slice$1377 ($dffe) from module Queue1_WriteVecCtrl.
Setting constant 1-bit at position 1048 on $auto$ff.cc:337:slice$1377 ($dffe) from module Queue1_WriteVecCtrl.
Setting constant 1-bit at position 1049 on $auto$ff.cc:337:slice$1377 ($dffe) from module Queue1_WriteVecCtrl.
Setting constant 1-bit at position 1050 on $auto$ff.cc:337:slice$1377 ($dffe) from module Queue1_WriteVecCtrl.
Setting constant 1-bit at position 1051 on $auto$ff.cc:337:slice$1377 ($dffe) from module Queue1_WriteVecCtrl.
Setting constant 1-bit at position 1052 on $auto$ff.cc:337:slice$1377 ($dffe) from module Queue1_WriteVecCtrl.
Setting constant 1-bit at position 1053 on $auto$ff.cc:337:slice$1377 ($dffe) from module Queue1_WriteVecCtrl.
Setting constant 1-bit at position 1054 on $auto$ff.cc:337:slice$1377 ($dffe) from module Queue1_WriteVecCtrl.
Setting constant 1-bit at position 1055 on $auto$ff.cc:337:slice$1377 ($dffe) from module Queue1_WriteVecCtrl.
Adding SRST signal on $procdff$1197 ($dff) from module Queue1_TCDotProductOutput_1 (D = $procmux$797_Y, Q = \full, rval = 1'0).
Adding EN signal on $auto$ff.cc:337:slice$1379 ($sdff) from module Queue1_TCDotProductOutput_1 (D = $0$unnamed_block$2.do_enq[0:0]$777, Q = \full).
Adding EN signal on $procdff$1196 ($dff) from module Queue1_TCDotProductOutput_1 (D = { \io_enq_bits_fflags \io_enq_bits_result }, Q = \ram).
Adding EN signal on $procdff$1219 ($dff) from module TCAddPipe_8 (D = \_s1_io_out_far_sig_b, Q = \s2_io_in_r_far_sig_b).
Adding EN signal on $procdff$1212 ($dff) from module TCAddPipe_8 (D = \_s1_io_out_near_path_out_sign, Q = \s2_io_in_r_near_path_out_sign).
Adding EN signal on $procdff$1228 ($dff) from module TCAddPipe_8 (D = \_s1_io_out_sel_far_path, Q = \s2_io_in_r_sel_far_path).
Adding EN signal on $procdff$1220 ($dff) from module TCAddPipe_8 (D = \_s1_io_out_far_exp_a_vec_0, Q = \s2_io_in_r_far_exp_a_vec_0).
Adding EN signal on $procdff$1213 ($dff) from module TCAddPipe_8 (D = \_s1_io_out_near_path_out_exp, Q = \s2_io_in_r_near_path_out_exp).
Adding EN signal on $procdff$1227 ($dff) from module TCAddPipe_8 (D = \_s1_io_out_near_path_lzc, Q = \s2_io_in_r_near_path_lzc).
Adding EN signal on $procdff$1221 ($dff) from module TCAddPipe_8 (D = \_s1_io_out_far_exp_a_vec_1, Q = \s2_io_in_r_far_exp_a_vec_1).
Adding EN signal on $procdff$1214 ($dff) from module TCAddPipe_8 (D = \_s1_io_out_special_case_bits_iv, Q = \s2_io_in_r_special_case_bits_iv).
Adding EN signal on $procdff$1207 ($dff) from module TCAddPipe_8 (D = \io_out_bits_ctrl_r_c, Q = \io_out_bits_ctrl_r_1_c).
Adding EN signal on $procdff$1203 ($dff) from module TCAddPipe_8 (D = \_s1_io_out_rm, Q = \s2_io_in_r_rm).
Adding EN signal on $procdff$1222 ($dff) from module TCAddPipe_8 (D = \_s1_io_out_far_exp_a_vec_2, Q = \s2_io_in_r_far_exp_a_vec_2).
Adding EN signal on $procdff$1215 ($dff) from module TCAddPipe_8 (D = \_s1_io_out_special_case_bits_inf_sign, Q = \s2_io_in_r_special_case_bits_inf_sign).
Adding EN signal on $procdff$1208 ($dff) from module TCAddPipe_8 (D = \io_in_bits_a, Q = \s1_io_a_r).
Adding EN signal on $procdff$1204 ($dff) from module TCAddPipe_8 (D = \io_in_bits_ctrl_rm, Q = \io_out_bits_ctrl_r_rm).
Adding EN signal on $procdff$1223 ($dff) from module TCAddPipe_8 (D = \_s1_io_out_near_path_sig_is_zero, Q = \s2_io_in_r_near_path_sig_is_zero).
Adding EN signal on $procdff$1216 ($dff) from module TCAddPipe_8 (D = \_s1_io_out_small_add, Q = \s2_io_in_r_small_add).
Adding EN signal on $procdff$1209 ($dff) from module TCAddPipe_8 (D = \io_in_bits_b, Q = \s1_io_b_r).
Adding EN signal on $procdff$1205 ($dff) from module TCAddPipe_8 (D = \io_in_bits_ctrl_c, Q = \io_out_bits_ctrl_r_c).
Adding EN signal on $procdff$1224 ($dff) from module TCAddPipe_8 (D = \_s1_io_out_near_path_lza_error, Q = \s2_io_in_r_near_path_lza_error).
Adding EN signal on $procdff$1217 ($dff) from module TCAddPipe_8 (D = \_s1_io_out_far_path_mul_of, Q = \s2_io_in_r_far_path_mul_of).
Adding EN signal on $procdff$1210 ($dff) from module TCAddPipe_8 (D = \io_in_bits_rm, Q = \s1_io_rm_r).
Adding EN signal on $procdff$1206 ($dff) from module TCAddPipe_8 (D = \io_out_bits_ctrl_r_rm, Q = \io_out_bits_ctrl_r_1_rm).
Adding EN signal on $procdff$1225 ($dff) from module TCAddPipe_8 (D = \_s1_io_out_near_path_int_bit, Q = \s2_io_in_r_near_path_int_bit).
Adding EN signal on $procdff$1218 ($dff) from module TCAddPipe_8 (D = \_s1_io_out_far_sig_a, Q = \s2_io_in_r_far_sig_a).
Adding EN signal on $procdff$1211 ($dff) from module TCAddPipe_8 (D = \_s1_io_out_far_path_out_sign, Q = \s2_io_in_r_far_path_out_sign).
Adding EN signal on $procdff$1226 ($dff) from module TCAddPipe_8 (D = \_s1_io_out_near_path_sig_raw, Q = \s2_io_in_r_near_path_sig_raw).
Adding SRST signal on $procdff$1199 ($dff) from module TCAddPipe_8 (D = $procmux$865_Y, Q = \REG, rval = 1'0).
Adding EN signal on $auto$ff.cc:337:slice$1408 ($sdff) from module TCAddPipe_8 (D = \io_in_valid, Q = \REG).
Adding SRST signal on $procdff$1200 ($dff) from module TCAddPipe_8 (D = $procmux$860_Y, Q = \REG_1, rval = 1'0).
Adding EN signal on $auto$ff.cc:337:slice$1410 ($sdff) from module TCAddPipe_8 (D = \REG, Q = \REG_1).
Adding EN signal on $procdff$1201 ($dff) from module TCAddPipe_8 (D = \_s1_io_out_special_case_valid, Q = \s2_io_in_r_special_case_valid).
Adding EN signal on $procdff$1202 ($dff) from module TCAddPipe_8 (D = \_s1_io_out_special_case_bits_nan, Q = \s2_io_in_r_special_case_bits_nan).
Adding EN signal on $procdff$1244 ($dff) from module TCMulPipe_8 (D = \_s2_io_out_raw_out_exp, Q = \s3_io_in_r_raw_out_exp).
Adding EN signal on $procdff$1239 ($dff) from module TCMulPipe_8 (D = \_s1_io_out_rm, Q = \s2_io_in_r_rm).
Adding EN signal on $procdff$1251 ($dff) from module TCMulPipe_8 (D = \io_out_bits_ctrl_r_c, Q = \io_out_bits_ctrl_r_1_c).
Adding EN signal on $procdff$1245 ($dff) from module TCMulPipe_8 (D = \_s2_io_out_raw_out_sig, Q = \s3_io_in_r_raw_out_sig).
Adding EN signal on $procdff$1240 ($dff) from module TCMulPipe_8 (D = \_s2_io_out_special_case_valid, Q = \s3_io_in_r_special_case_valid).
Adding EN signal on $procdff$1250 ($dff) from module TCMulPipe_8 (D = \io_out_bits_ctrl_r_rm, Q = \io_out_bits_ctrl_r_1_rm).
Adding EN signal on $procdff$1246 ($dff) from module TCMulPipe_8 (D = \_s2_io_out_early_overflow, Q = \s3_io_in_r_early_overflow).
Adding EN signal on $procdff$1241 ($dff) from module TCMulPipe_8 (D = \_s2_io_out_special_case_bits_nan, Q = \s3_io_in_r_special_case_bits_nan).
Adding EN signal on $procdff$1236 ($dff) from module TCMulPipe_8 (D = \_s1_io_out_shift_amt, Q = \s2_io_in_r_shift_amt).
Adding EN signal on $procdff$1233 ($dff) from module TCMulPipe_8 (D = \_s1_io_out_special_case_bits_inf, Q = \s2_io_in_r_special_case_bits_inf).
Adding EN signal on $procdff$1247 ($dff) from module TCMulPipe_8 (D = \_s2_io_out_rm, Q = \s3_io_in_r_rm).
Adding EN signal on $procdff$1242 ($dff) from module TCMulPipe_8 (D = \_s2_io_out_special_case_bits_inf, Q = \s3_io_in_r_special_case_bits_inf).
Adding EN signal on $procdff$1237 ($dff) from module TCMulPipe_8 (D = \_s1_io_out_exp_shifted, Q = \s2_io_in_r_exp_shifted).
Adding EN signal on $procdff$1234 ($dff) from module TCMulPipe_8 (D = \_s1_io_out_early_overflow, Q = \s2_io_in_r_early_overflow).
Adding EN signal on $procdff$1248 ($dff) from module TCMulPipe_8 (D = \io_in_bits_ctrl_rm, Q = \io_out_bits_ctrl_r_rm).
Adding EN signal on $procdff$1243 ($dff) from module TCMulPipe_8 (D = \_s2_io_out_raw_out_sign, Q = \s3_io_in_r_raw_out_sign).
Adding EN signal on $procdff$1238 ($dff) from module TCMulPipe_8 (D = \_s1_io_out_may_be_subnormal, Q = \s2_io_in_r_may_be_subnormal).
Adding EN signal on $procdff$1235 ($dff) from module TCMulPipe_8 (D = \_s1_io_out_prod_sign, Q = \s2_io_in_r_prod_sign).
Adding EN signal on $procdff$1249 ($dff) from module TCMulPipe_8 (D = \io_in_bits_ctrl_c, Q = \io_out_bits_ctrl_r_c).
Adding SRST signal on $procdff$1229 ($dff) from module TCMulPipe_8 (D = $procmux$917_Y, Q = \REG, rval = 1'0).
Adding EN signal on $auto$ff.cc:337:slice$1433 ($sdff) from module TCMulPipe_8 (D = \io_in_valid, Q = \REG).
Adding SRST signal on $procdff$1230 ($dff) from module TCMulPipe_8 (D = $procmux$912_Y, Q = \REG_1, rval = 1'0).
Adding EN signal on $auto$ff.cc:337:slice$1435 ($sdff) from module TCMulPipe_8 (D = \REG, Q = \REG_1).
Adding EN signal on $procdff$1231 ($dff) from module TCMulPipe_8 (D = \_s1_io_out_special_case_valid, Q = \s2_io_in_r_special_case_valid).
Adding EN signal on $procdff$1232 ($dff) from module TCMulPipe_8 (D = \_s1_io_out_special_case_bits_nan, Q = \s2_io_in_r_special_case_bits_nan).
Adding SRST signal on $procdff$1253 ($dff) from module Queue1_TCDotProductOutput (D = $procmux$922_Y, Q = \full, rval = 1'0).
Adding EN signal on $auto$ff.cc:337:slice$1439 ($sdff) from module Queue1_TCDotProductOutput (D = $0$unnamed_block$1.do_enq[0:0]$704, Q = \full).
Adding EN signal on $procdff$1252 ($dff) from module Queue1_TCDotProductOutput (D = { \io_enq_bits_ctrl_spike_info_inst \io_enq_bits_ctrl_spike_info_pc \io_enq_bits_ctrl_spike_info_sm_id \io_enq_bits_ctrl_warpID \io_enq_bits_ctrl_reg_idxw \io_enq_bits_fflags \io_enq_bits_result }, Q = \ram).
Adding EN signal on $procdff$1273 ($dff) from module TCAddPipe_1 (D = \_s1_io_out_far_exp_a_vec_1, Q = \s2_io_in_r_far_exp_a_vec_1).
Adding EN signal on $procdff$1268 ($dff) from module TCAddPipe_1 (D = \_s1_io_out_small_add, Q = \s2_io_in_r_small_add).
Adding EN signal on $procdff$1280 ($dff) from module TCAddPipe_1 (D = \_s1_io_out_sel_far_path, Q = \s2_io_in_r_sel_far_path).
Adding EN signal on $procdff$1274 ($dff) from module TCAddPipe_1 (D = \_s1_io_out_far_exp_a_vec_2, Q = \s2_io_in_r_far_exp_a_vec_2).
Adding EN signal on $procdff$1269 ($dff) from module TCAddPipe_1 (D = \_s1_io_out_far_path_mul_of, Q = \s2_io_in_r_far_path_mul_of).
Adding EN signal on $procdff$1279 ($dff) from module TCAddPipe_1 (D = \_s1_io_out_near_path_lzc, Q = \s2_io_in_r_near_path_lzc).
Adding EN signal on $procdff$1275 ($dff) from module TCAddPipe_1 (D = \_s1_io_out_near_path_sig_is_zero, Q = \s2_io_in_r_near_path_sig_is_zero).
Adding EN signal on $procdff$1270 ($dff) from module TCAddPipe_1 (D = \_s1_io_out_far_sig_a, Q = \s2_io_in_r_far_sig_a).
Adding EN signal on $procdff$1265 ($dff) from module TCAddPipe_1 (D = \_s1_io_out_near_path_out_exp, Q = \s2_io_in_r_near_path_out_exp).
Adding EN signal on $procdff$1263 ($dff) from module TCAddPipe_1 (D = \_s1_io_out_far_path_out_sign, Q = \s2_io_in_r_far_path_out_sign).
Adding EN signal on $procdff$1276 ($dff) from module TCAddPipe_1 (D = \_s1_io_out_near_path_lza_error, Q = \s2_io_in_r_near_path_lza_error).
Adding EN signal on $procdff$1271 ($dff) from module TCAddPipe_1 (D = \_s1_io_out_far_sig_b, Q = \s2_io_in_r_far_sig_b).
Adding EN signal on $procdff$1266 ($dff) from module TCAddPipe_1 (D = \_s1_io_out_special_case_bits_iv, Q = \s2_io_in_r_special_case_bits_iv).
Adding EN signal on $procdff$1264 ($dff) from module TCAddPipe_1 (D = \_s1_io_out_near_path_out_sign, Q = \s2_io_in_r_near_path_out_sign).
Adding EN signal on $procdff$1277 ($dff) from module TCAddPipe_1 (D = \_s1_io_out_near_path_int_bit, Q = \s2_io_in_r_near_path_int_bit).
Adding EN signal on $procdff$1272 ($dff) from module TCAddPipe_1 (D = \_s1_io_out_far_exp_a_vec_0, Q = \s2_io_in_r_far_exp_a_vec_0).
Adding EN signal on $procdff$1267 ($dff) from module TCAddPipe_1 (D = \_s1_io_out_special_case_bits_inf_sign, Q = \s2_io_in_r_special_case_bits_inf_sign).
Adding EN signal on $procdff$1278 ($dff) from module TCAddPipe_1 (D = \_s1_io_out_near_path_sig_raw, Q = \s2_io_in_r_near_path_sig_raw).
Adding SRST signal on $procdff$1255 ($dff) from module TCAddPipe_1 (D = $procmux$982_Y, Q = \REG, rval = 1'0).
Adding EN signal on $auto$ff.cc:337:slice$1460 ($sdff) from module TCAddPipe_1 (D = \io_in_valid, Q = \REG).
Adding SRST signal on $procdff$1256 ($dff) from module TCAddPipe_1 (D = $procmux$977_Y, Q = \REG_1, rval = 1'0).
Adding EN signal on $auto$ff.cc:337:slice$1462 ($sdff) from module TCAddPipe_1 (D = \REG, Q = \REG_1).
Adding EN signal on $procdff$1257 ($dff) from module TCAddPipe_1 (D = \_s1_io_out_special_case_valid, Q = \s2_io_in_r_special_case_valid).
Adding EN signal on $procdff$1258 ($dff) from module TCAddPipe_1 (D = \_s1_io_out_special_case_bits_nan, Q = \s2_io_in_r_special_case_bits_nan).
Adding EN signal on $procdff$1259 ($dff) from module TCAddPipe_1 (D = \_s1_io_out_rm, Q = \s2_io_in_r_rm).
Adding EN signal on $procdff$1260 ($dff) from module TCAddPipe_1 (D = \io_in_bits_a, Q = \s1_io_a_r).
Adding EN signal on $procdff$1261 ($dff) from module TCAddPipe_1 (D = \io_in_bits_b, Q = \s1_io_b_r).
Adding EN signal on $procdff$1262 ($dff) from module TCAddPipe_1 (D = \io_in_bits_rm, Q = \s1_io_rm_r).
Adding EN signal on $procdff$1311 ($dff) from module TCAddPipe (D = \_s1_io_out_far_sig_b, Q = \s2_io_in_r_far_sig_b).
Adding EN signal on $procdff$1304 ($dff) from module TCAddPipe (D = \_s1_io_out_near_path_out_sign, Q = \s2_io_in_r_near_path_out_sign).
Adding EN signal on $procdff$1320 ($dff) from module TCAddPipe (D = \_s1_io_out_sel_far_path, Q = \s2_io_in_r_sel_far_path).
Adding EN signal on $procdff$1312 ($dff) from module TCAddPipe (D = \_s1_io_out_far_exp_a_vec_0, Q = \s2_io_in_r_far_exp_a_vec_0).
Adding EN signal on $procdff$1305 ($dff) from module TCAddPipe (D = \_s1_io_out_near_path_out_exp, Q = \s2_io_in_r_near_path_out_exp).
Adding EN signal on $procdff$1319 ($dff) from module TCAddPipe (D = \_s1_io_out_near_path_lzc, Q = \s2_io_in_r_near_path_lzc).
Adding EN signal on $procdff$1313 ($dff) from module TCAddPipe (D = \_s1_io_out_far_exp_a_vec_1, Q = \s2_io_in_r_far_exp_a_vec_1).
Adding EN signal on $procdff$1306 ($dff) from module TCAddPipe (D = \_s1_io_out_special_case_bits_iv, Q = \s2_io_in_r_special_case_bits_iv).
Adding EN signal on $procdff$1299 ($dff) from module TCAddPipe (D = \io_out_bits_ctrl_r_ctrl_spike_info_inst, Q = \io_out_bits_ctrl_r_1_ctrl_spike_info_inst).
Adding EN signal on $procdff$1295 ($dff) from module TCAddPipe (D = \io_out_bits_ctrl_r_ctrl_reg_idxw, Q = \io_out_bits_ctrl_r_1_ctrl_reg_idxw).
Adding EN signal on $procdff$1314 ($dff) from module TCAddPipe (D = \_s1_io_out_far_exp_a_vec_2, Q = \s2_io_in_r_far_exp_a_vec_2).
Adding EN signal on $procdff$1307 ($dff) from module TCAddPipe (D = \_s1_io_out_special_case_bits_inf_sign, Q = \s2_io_in_r_special_case_bits_inf_sign).
Adding EN signal on $procdff$1300 ($dff) from module TCAddPipe (D = \io_in_bits_a, Q = \s1_io_a_r).
Adding EN signal on $procdff$1296 ($dff) from module TCAddPipe (D = \io_out_bits_ctrl_r_ctrl_warpID, Q = \io_out_bits_ctrl_r_1_ctrl_warpID).
Adding EN signal on $procdff$1315 ($dff) from module TCAddPipe (D = \_s1_io_out_near_path_sig_is_zero, Q = \s2_io_in_r_near_path_sig_is_zero).
Adding EN signal on $procdff$1308 ($dff) from module TCAddPipe (D = \_s1_io_out_small_add, Q = \s2_io_in_r_small_add).
Adding EN signal on $procdff$1301 ($dff) from module TCAddPipe (D = \io_in_bits_b, Q = \s1_io_b_r).
Adding EN signal on $procdff$1297 ($dff) from module TCAddPipe (D = \io_out_bits_ctrl_r_ctrl_spike_info_sm_id, Q = \io_out_bits_ctrl_r_1_ctrl_spike_info_sm_id).
Adding EN signal on $procdff$1316 ($dff) from module TCAddPipe (D = \_s1_io_out_near_path_lza_error, Q = \s2_io_in_r_near_path_lza_error).
Adding EN signal on $procdff$1309 ($dff) from module TCAddPipe (D = \_s1_io_out_far_path_mul_of, Q = \s2_io_in_r_far_path_mul_of).
Adding EN signal on $procdff$1302 ($dff) from module TCAddPipe (D = \io_in_bits_rm, Q = \s1_io_rm_r).
Adding EN signal on $procdff$1298 ($dff) from module TCAddPipe (D = \io_out_bits_ctrl_r_ctrl_spike_info_pc, Q = \io_out_bits_ctrl_r_1_ctrl_spike_info_pc).
Adding EN signal on $procdff$1317 ($dff) from module TCAddPipe (D = \_s1_io_out_near_path_int_bit, Q = \s2_io_in_r_near_path_int_bit).
Adding EN signal on $procdff$1310 ($dff) from module TCAddPipe (D = \_s1_io_out_far_sig_a, Q = \s2_io_in_r_far_sig_a).
Adding EN signal on $procdff$1303 ($dff) from module TCAddPipe (D = \_s1_io_out_far_path_out_sign, Q = \s2_io_in_r_far_path_out_sign).
Adding EN signal on $procdff$1318 ($dff) from module TCAddPipe (D = \_s1_io_out_near_path_sig_raw, Q = \s2_io_in_r_near_path_sig_raw).
Adding SRST signal on $procdff$1281 ($dff) from module TCAddPipe (D = $procmux$1068_Y, Q = \REG, rval = 1'0).
Adding EN signal on $auto$ff.cc:337:slice$1496 ($sdff) from module TCAddPipe (D = \io_in_valid, Q = \REG).
Adding SRST signal on $procdff$1282 ($dff) from module TCAddPipe (D = $procmux$1063_Y, Q = \REG_1, rval = 1'0).
Adding EN signal on $auto$ff.cc:337:slice$1498 ($sdff) from module TCAddPipe (D = \REG, Q = \REG_1).
Adding EN signal on $procdff$1283 ($dff) from module TCAddPipe (D = \_s1_io_out_special_case_valid, Q = \s2_io_in_r_special_case_valid).
Adding EN signal on $procdff$1284 ($dff) from module TCAddPipe (D = \_s1_io_out_special_case_bits_nan, Q = \s2_io_in_r_special_case_bits_nan).
Adding EN signal on $procdff$1285 ($dff) from module TCAddPipe (D = \_s1_io_out_rm, Q = \s2_io_in_r_rm).
Adding EN signal on $procdff$1286 ($dff) from module TCAddPipe (D = \io_in_bits_ctrl_rm, Q = \io_out_bits_ctrl_r_rm).
Adding EN signal on $procdff$1287 ($dff) from module TCAddPipe (D = \io_in_bits_ctrl_c, Q = \io_out_bits_ctrl_r_c).
Adding EN signal on $procdff$1288 ($dff) from module TCAddPipe (D = \io_in_bits_ctrl_ctrl_reg_idxw, Q = \io_out_bits_ctrl_r_ctrl_reg_idxw).
Adding EN signal on $procdff$1289 ($dff) from module TCAddPipe (D = \io_in_bits_ctrl_ctrl_warpID, Q = \io_out_bits_ctrl_r_ctrl_warpID).
Adding EN signal on $procdff$1290 ($dff) from module TCAddPipe (D = \io_in_bits_ctrl_ctrl_spike_info_sm_id, Q = \io_out_bits_ctrl_r_ctrl_spike_info_sm_id).
Adding EN signal on $procdff$1291 ($dff) from module TCAddPipe (D = \io_in_bits_ctrl_ctrl_spike_info_pc, Q = \io_out_bits_ctrl_r_ctrl_spike_info_pc).
Adding EN signal on $procdff$1292 ($dff) from module TCAddPipe (D = \io_in_bits_ctrl_ctrl_spike_info_inst, Q = \io_out_bits_ctrl_r_ctrl_spike_info_inst).
Adding EN signal on $procdff$1293 ($dff) from module TCAddPipe (D = \io_out_bits_ctrl_r_rm, Q = \io_out_bits_ctrl_r_1_rm).
Adding EN signal on $procdff$1294 ($dff) from module TCAddPipe (D = \io_out_bits_ctrl_r_c, Q = \io_out_bits_ctrl_r_1_c).
Adding EN signal on $procdff$1333 ($dff) from module TCMulPipe_1 (D = \_s2_io_out_special_case_bits_nan, Q = \s3_io_in_r_special_case_bits_nan).
Adding EN signal on $procdff$1329 ($dff) from module TCMulPipe_1 (D = \_s1_io_out_exp_shifted, Q = \s2_io_in_r_exp_shifted).
Adding EN signal on $procdff$1339 ($dff) from module TCMulPipe_1 (D = \_s2_io_out_rm, Q = \s3_io_in_r_rm).
Adding EN signal on $procdff$1334 ($dff) from module TCMulPipe_1 (D = \_s2_io_out_special_case_bits_inf, Q = \s3_io_in_r_special_case_bits_inf).
Adding EN signal on $procdff$1330 ($dff) from module TCMulPipe_1 (D = \_s1_io_out_may_be_subnormal, Q = \s2_io_in_r_may_be_subnormal).
Adding EN signal on $procdff$1338 ($dff) from module TCMulPipe_1 (D = \_s2_io_out_early_overflow, Q = \s3_io_in_r_early_overflow).
Adding EN signal on $procdff$1335 ($dff) from module TCMulPipe_1 (D = \_s2_io_out_raw_out_sign, Q = \s3_io_in_r_raw_out_sign).
Adding EN signal on $procdff$1331 ($dff) from module TCMulPipe_1 (D = \_s1_io_out_rm, Q = \s2_io_in_r_rm).
Adding EN signal on $procdff$1327 ($dff) from module TCMulPipe_1 (D = \_s1_io_out_prod_sign, Q = \s2_io_in_r_prod_sign).
Adding EN signal on $procdff$1326 ($dff) from module TCMulPipe_1 (D = \_s1_io_out_early_overflow, Q = \s2_io_in_r_early_overflow).
Adding EN signal on $procdff$1336 ($dff) from module TCMulPipe_1 (D = \_s2_io_out_raw_out_exp, Q = \s3_io_in_r_raw_out_exp).
Adding EN signal on $procdff$1337 ($dff) from module TCMulPipe_1 (D = \_s2_io_out_raw_out_sig, Q = \s3_io_in_r_raw_out_sig).
Adding EN signal on $procdff$1332 ($dff) from module TCMulPipe_1 (D = \_s2_io_out_special_case_valid, Q = \s3_io_in_r_special_case_valid).
Adding EN signal on $procdff$1328 ($dff) from module TCMulPipe_1 (D = \_s1_io_out_shift_amt, Q = \s2_io_in_r_shift_amt).
Adding SRST signal on $procdff$1321 ($dff) from module TCMulPipe_1 (D = $procmux$1112_Y, Q = \REG, rval = 1'0).
Adding EN signal on $auto$ff.cc:337:slice$1526 ($sdff) from module TCMulPipe_1 (D = \io_in_valid, Q = \REG).
Adding SRST signal on $procdff$1322 ($dff) from module TCMulPipe_1 (D = $procmux$1107_Y, Q = \REG_1, rval = 1'0).
Adding EN signal on $auto$ff.cc:337:slice$1528 ($sdff) from module TCMulPipe_1 (D = \REG, Q = \REG_1).
Adding EN signal on $procdff$1323 ($dff) from module TCMulPipe_1 (D = \_s1_io_out_special_case_valid, Q = \s2_io_in_r_special_case_valid).
Adding EN signal on $procdff$1324 ($dff) from module TCMulPipe_1 (D = \_s1_io_out_special_case_bits_nan, Q = \s2_io_in_r_special_case_bits_nan).
Adding EN signal on $procdff$1325 ($dff) from module TCMulPipe_1 (D = \_s1_io_out_special_case_bits_inf, Q = \s2_io_in_r_special_case_bits_inf).
Adding EN signal on $procdff$1365 ($dff) from module TCMulPipe (D = \io_in_bits_ctrl_ctrl_spike_info_inst, Q = \io_out_bits_ctrl_r_ctrl_spike_info_inst).
Adding EN signal on $procdff$1360 ($dff) from module TCMulPipe (D = \io_in_bits_ctrl_c, Q = \io_out_bits_ctrl_r_c).
Adding EN signal on $procdff$1372 ($dff) from module TCMulPipe (D = \io_out_bits_ctrl_r_ctrl_spike_info_inst, Q = \io_out_bits_ctrl_r_1_ctrl_spike_info_inst).
Adding EN signal on $procdff$1366 ($dff) from module TCMulPipe (D = \io_out_bits_ctrl_r_rm, Q = \io_out_bits_ctrl_r_1_rm).
Adding EN signal on $procdff$1361 ($dff) from module TCMulPipe (D = \io_in_bits_ctrl_ctrl_reg_idxw, Q = \io_out_bits_ctrl_r_ctrl_reg_idxw).
Adding EN signal on $procdff$1371 ($dff) from module TCMulPipe (D = \io_out_bits_ctrl_r_ctrl_spike_info_pc, Q = \io_out_bits_ctrl_r_1_ctrl_spike_info_pc).
Adding EN signal on $procdff$1367 ($dff) from module TCMulPipe (D = \io_out_bits_ctrl_r_c, Q = \io_out_bits_ctrl_r_1_c).
Adding EN signal on $procdff$1362 ($dff) from module TCMulPipe (D = \io_in_bits_ctrl_ctrl_warpID, Q = \io_out_bits_ctrl_r_ctrl_warpID).
Adding EN signal on $procdff$1357 ($dff) from module TCMulPipe (D = \_s2_io_out_early_overflow, Q = \s3_io_in_r_early_overflow).
Adding EN signal on $procdff$1354 ($dff) from module TCMulPipe (D = \_s2_io_out_raw_out_sign, Q = \s3_io_in_r_raw_out_sign).
Adding EN signal on $procdff$1368 ($dff) from module TCMulPipe (D = \io_out_bits_ctrl_r_ctrl_reg_idxw, Q = \io_out_bits_ctrl_r_1_ctrl_reg_idxw).
Adding EN signal on $procdff$1363 ($dff) from module TCMulPipe (D = \io_in_bits_ctrl_ctrl_spike_info_sm_id, Q = \io_out_bits_ctrl_r_ctrl_spike_info_sm_id).
Adding EN signal on $procdff$1358 ($dff) from module TCMulPipe (D = \_s2_io_out_rm, Q = \s3_io_in_r_rm).
Adding EN signal on $procdff$1355 ($dff) from module TCMulPipe (D = \_s2_io_out_raw_out_exp, Q = \s3_io_in_r_raw_out_exp).
Adding EN signal on $procdff$1369 ($dff) from module TCMulPipe (D = \io_out_bits_ctrl_r_ctrl_warpID, Q = \io_out_bits_ctrl_r_1_ctrl_warpID).
Adding EN signal on $procdff$1364 ($dff) from module TCMulPipe (D = \io_in_bits_ctrl_ctrl_spike_info_pc, Q = \io_out_bits_ctrl_r_ctrl_spike_info_pc).
Adding EN signal on $procdff$1359 ($dff) from module TCMulPipe (D = \io_in_bits_ctrl_rm, Q = \io_out_bits_ctrl_r_rm).
Adding EN signal on $procdff$1356 ($dff) from module TCMulPipe (D = \_s2_io_out_raw_out_sig, Q = \s3_io_in_r_raw_out_sig).
Adding EN signal on $procdff$1370 ($dff) from module TCMulPipe (D = \io_out_bits_ctrl_r_ctrl_spike_info_sm_id, Q = \io_out_bits_ctrl_r_1_ctrl_spike_info_sm_id).
Adding SRST signal on $procdff$1340 ($dff) from module TCMulPipe (D = $procmux$1184_Y, Q = \REG, rval = 1'0).
Adding EN signal on $auto$ff.cc:337:slice$1552 ($sdff) from module TCMulPipe (D = \io_in_valid, Q = \REG).
Adding SRST signal on $procdff$1341 ($dff) from module TCMulPipe (D = $procmux$1179_Y, Q = \REG_1, rval = 1'0).
Adding EN signal on $auto$ff.cc:337:slice$1554 ($sdff) from module TCMulPipe (D = \REG, Q = \REG_1).
Adding EN signal on $procdff$1342 ($dff) from module TCMulPipe (D = \_s1_io_out_special_case_valid, Q = \s2_io_in_r_special_case_valid).
Adding EN signal on $procdff$1343 ($dff) from module TCMulPipe (D = \_s1_io_out_special_case_bits_nan, Q = \s2_io_in_r_special_case_bits_nan).
Adding EN signal on $procdff$1344 ($dff) from module TCMulPipe (D = \_s1_io_out_special_case_bits_inf, Q = \s2_io_in_r_special_case_bits_inf).
Adding EN signal on $procdff$1345 ($dff) from module TCMulPipe (D = \_s1_io_out_early_overflow, Q = \s2_io_in_r_early_overflow).
Adding EN signal on $procdff$1346 ($dff) from module TCMulPipe (D = \_s1_io_out_prod_sign, Q = \s2_io_in_r_prod_sign).
Adding EN signal on $procdff$1347 ($dff) from module TCMulPipe (D = \_s1_io_out_shift_amt, Q = \s2_io_in_r_shift_amt).
Adding EN signal on $procdff$1348 ($dff) from module TCMulPipe (D = \_s1_io_out_exp_shifted, Q = \s2_io_in_r_exp_shifted).
Adding EN signal on $procdff$1349 ($dff) from module TCMulPipe (D = \_s1_io_out_may_be_subnormal, Q = \s2_io_in_r_may_be_subnormal).
Adding EN signal on $procdff$1350 ($dff) from module TCMulPipe (D = \_s1_io_out_rm, Q = \s2_io_in_r_rm).
Adding EN signal on $procdff$1351 ($dff) from module TCMulPipe (D = \_s2_io_out_special_case_valid, Q = \s3_io_in_r_special_case_valid).
Adding EN signal on $procdff$1352 ($dff) from module TCMulPipe (D = \_s2_io_out_special_case_bits_nan, Q = \s3_io_in_r_special_case_bits_nan).
Adding EN signal on $procdff$1353 ($dff) from module TCMulPipe (D = \_s2_io_out_special_case_bits_inf, Q = \s3_io_in_r_special_case_bits_inf).
Adding EN signal on $procdff$1373 ($dff) from module NaiveMultiplier (D = \io_a, Q = \io_result_r).
Adding EN signal on $procdff$1374 ($dff) from module NaiveMultiplier (D = \io_b, Q = \io_result_r_1).

3.8.7. Executing OPT_CLEAN pass (remove unused cells and wires).
Finding unused cells or wires in module \vTCexe..
Finding unused cells or wires in module \Queue1_WriteVecCtrl..
Finding unused cells or wires in module \TensorCoreFP32..
Finding unused cells or wires in module \TCDotProduct_1..
Finding unused cells or wires in module \Queue1_TCDotProductOutput_1..
Finding unused cells or wires in module \TCAddPipe_8..
Finding unused cells or wires in module \TCMulPipe_8..
Finding unused cells or wires in module \TCDotProduct..
Finding unused cells or wires in module \Queue1_TCDotProductOutput..
Finding unused cells or wires in module \TCAddPipe_1..
Finding unused cells or wires in module \TCAddPipe..
Finding unused cells or wires in module \FCMA_ADD_s2..
Finding unused cells or wires in module \FCMA_ADD_s1..
Finding unused cells or wires in module \NearPath..
Finding unused cells or wires in module \CLZ_8..
Finding unused cells or wires in module \LZA..
Finding unused cells or wires in module \FarPath..
Finding unused cells or wires in module \ShiftRightJam..
Finding unused cells or wires in module \TCMulPipe_1..
Finding unused cells or wires in module \TCMulPipe..
Finding unused cells or wires in module \FMUL_s3..
Finding unused cells or wires in module \TininessRounder..
Finding unused cells or wires in module \RoundingUnit..
Finding unused cells or wires in module \FMUL_s2..
Finding unused cells or wires in module \FMUL_s1..
Finding unused cells or wires in module \CLZ..
Finding unused cells or wires in module \NaiveMultiplier..
Removed 194 unused cells and 194 unused wires.
<suppressed ~204 debug messages>

3.8.8. Executing OPT_EXPR pass (perform const folding).
Optimizing module vTCexe.
Optimizing module Queue1_WriteVecCtrl.
Optimizing module TensorCoreFP32.
Optimizing module TCDotProduct_1.
Optimizing module Queue1_TCDotProductOutput_1.
Optimizing module TCAddPipe_8.
Optimizing module TCMulPipe_8.
Optimizing module TCDotProduct.
Optimizing module Queue1_TCDotProductOutput.
Optimizing module TCAddPipe_1.
Optimizing module TCAddPipe.
Optimizing module FCMA_ADD_s2.
Optimizing module FCMA_ADD_s1.
Optimizing module NearPath.
Optimizing module CLZ_8.
Optimizing module LZA.
Optimizing module FarPath.
Optimizing module ShiftRightJam.
Optimizing module TCMulPipe_1.
Optimizing module TCMulPipe.
Optimizing module FMUL_s3.
Optimizing module TininessRounder.
Optimizing module RoundingUnit.
Optimizing module FMUL_s2.
Optimizing module FMUL_s1.
Optimizing module CLZ.
Optimizing module NaiveMultiplier.

3.8.9. Rerunning OPT passes. (Maybe there is more to do..)

3.8.10. Executing OPT_MUXTREE pass (detect dead branches in mux trees).
Running muxtree optimizer on module \vTCexe..
  Creating internal representation of mux trees.
  No muxes found in this module.
Running muxtree optimizer on module \Queue1_WriteVecCtrl..
  Creating internal representation of mux trees.
  No muxes found in this module.
Running muxtree optimizer on module \TensorCoreFP32..
  Creating internal representation of mux trees.
  No muxes found in this module.
Running muxtree optimizer on module \TCDotProduct_1..
  Creating internal representation of mux trees.
  No muxes found in this module.
Running muxtree optimizer on module \Queue1_TCDotProductOutput_1..
  Creating internal representation of mux trees.
  No muxes found in this module.
Running muxtree optimizer on module \TCAddPipe_8..
  Creating internal representation of mux trees.
  No muxes found in this module.
Running muxtree optimizer on module \TCMulPipe_8..
  Creating internal representation of mux trees.
  No muxes found in this module.
Running muxtree optimizer on module \TCDotProduct..
  Creating internal representation of mux trees.
  No muxes found in this module.
Running muxtree optimizer on module \Queue1_TCDotProductOutput..
  Creating internal representation of mux trees.
  No muxes found in this module.
Running muxtree optimizer on module \TCAddPipe_1..
  Creating internal representation of mux trees.
  No muxes found in this module.
Running muxtree optimizer on module \TCAddPipe..
  Creating internal representation of mux trees.
  No muxes found in this module.
Running muxtree optimizer on module \FCMA_ADD_s2..
  Creating internal representation of mux trees.
  Evaluating internal representation of mux trees.
  Analyzing evaluation results.
Running muxtree optimizer on module \FCMA_ADD_s1..
  Creating internal representation of mux trees.
  Evaluating internal representation of mux trees.
  Analyzing evaluation results.
Running muxtree optimizer on module \NearPath..
  Creating internal representation of mux trees.
  Evaluating internal representation of mux trees.
  Analyzing evaluation results.
Running muxtree optimizer on module \CLZ_8..
  Creating internal representation of mux trees.
  Evaluating internal representation of mux trees.
  Analyzing evaluation results.
Running muxtree optimizer on module \LZA..
  Creating internal representation of mux trees.
  No muxes found in this module.
Running muxtree optimizer on module \FarPath..
  Creating internal representation of mux trees.
  Evaluating internal representation of mux trees.
  Analyzing evaluation results.
Running muxtree optimizer on module \ShiftRightJam..
  Creating internal representation of mux trees.
  Evaluating internal representation of mux trees.
  Analyzing evaluation results.
Running muxtree optimizer on module \TCMulPipe_1..
  Creating internal representation of mux trees.
  No muxes found in this module.
Running muxtree optimizer on module \TCMulPipe..
  Creating internal representation of mux trees.
  No muxes found in this module.
Running muxtree optimizer on module \FMUL_s3..
  Creating internal representation of mux trees.
  Evaluating internal representation of mux trees.
  Analyzing evaluation results.
Running muxtree optimizer on module \TininessRounder..
  Creating internal representation of mux trees.
  No muxes found in this module.
Running muxtree optimizer on module \RoundingUnit..
  Creating internal representation of mux trees.
  Evaluating internal representation of mux trees.
  Analyzing evaluation results.
Running muxtree optimizer on module \FMUL_s2..
  Creating internal representation of mux trees.
  Evaluating internal representation of mux trees.
  Analyzing evaluation results.
Running muxtree optimizer on module \FMUL_s1..
  Creating internal representation of mux trees.
  Evaluating internal representation of mux trees.
  Analyzing evaluation results.
Running muxtree optimizer on module \CLZ..
  Creating internal representation of mux trees.
  Evaluating internal representation of mux trees.
  Analyzing evaluation results.
Running muxtree optimizer on module \NaiveMultiplier..
  Creating internal representation of mux trees.
  No muxes found in this module.
Removed 0 multiplexer ports.
<suppressed ~160 debug messages>

3.8.11. Executing OPT_REDUCE pass (consolidate $*mux and $reduce_* inputs).
  Optimizing cells in module \vTCexe.
  Optimizing cells in module \Queue1_WriteVecCtrl.
  Optimizing cells in module \TensorCoreFP32.
  Optimizing cells in module \TCDotProduct_1.
  Optimizing cells in module \Queue1_TCDotProductOutput_1.
  Optimizing cells in module \TCAddPipe_8.
  Optimizing cells in module \TCMulPipe_8.
  Optimizing cells in module \TCDotProduct.
  Optimizing cells in module \Queue1_TCDotProductOutput.
  Optimizing cells in module \TCAddPipe_1.
  Optimizing cells in module \TCAddPipe.
  Optimizing cells in module \FCMA_ADD_s2.
  Optimizing cells in module \FCMA_ADD_s1.
  Optimizing cells in module \NearPath.
  Optimizing cells in module \CLZ_8.
  Optimizing cells in module \LZA.
  Optimizing cells in module \FarPath.
  Optimizing cells in module \ShiftRightJam.
  Optimizing cells in module \TCMulPipe_1.
  Optimizing cells in module \TCMulPipe.
  Optimizing cells in module \FMUL_s3.
  Optimizing cells in module \TininessRounder.
  Optimizing cells in module \RoundingUnit.
  Optimizing cells in module \FMUL_s2.
  Optimizing cells in module \FMUL_s1.
  Optimizing cells in module \CLZ.
  Optimizing cells in module \NaiveMultiplier.
Performed a total of 0 changes.

3.8.12. Executing OPT_MERGE pass (detect identical cells).
Finding identical cells in module `\vTCexe'.
Computing hashes of 2 cells of `\vTCexe'.
Finding duplicate cells in `\vTCexe'.
Finding identical cells in module `\Queue1_WriteVecCtrl'.
Computing hashes of 7 cells of `\Queue1_WriteVecCtrl'.
Finding duplicate cells in `\Queue1_WriteVecCtrl'.
Finding identical cells in module `\TensorCoreFP32'.
Computing hashes of 16 cells of `\TensorCoreFP32'.
Finding duplicate cells in `\TensorCoreFP32'.
Finding identical cells in module `\TCDotProduct_1'.
Computing hashes of 17 cells of `\TCDotProduct_1'.
Finding duplicate cells in `\TCDotProduct_1'.
Finding identical cells in module `\Queue1_TCDotProductOutput_1'.
Computing hashes of 7 cells of `\Queue1_TCDotProductOutput_1'.
Finding duplicate cells in `\Queue1_TCDotProductOutput_1'.
Finding identical cells in module `\TCAddPipe_8'.
Computing hashes of 40 cells of `\TCAddPipe_8'.
Finding duplicate cells in `\TCAddPipe_8'.
Finding identical cells in module `\TCMulPipe_8'.
Computing hashes of 37 cells of `\TCMulPipe_8'.
Finding duplicate cells in `\TCMulPipe_8'.
Finding identical cells in module `\TCDotProduct'.
Computing hashes of 17 cells of `\TCDotProduct'.
Finding duplicate cells in `\TCDotProduct'.
Finding identical cells in module `\Queue1_TCDotProductOutput'.
Computing hashes of 7 cells of `\Queue1_TCDotProductOutput'.
Finding duplicate cells in `\Queue1_TCDotProductOutput'.
Finding identical cells in module `\TCAddPipe_1'.
Computing hashes of 36 cells of `\TCAddPipe_1'.
Finding duplicate cells in `\TCAddPipe_1'.
Finding identical cells in module `\TCAddPipe'.
Computing hashes of 50 cells of `\TCAddPipe'.
Finding duplicate cells in `\TCAddPipe'.
Finding identical cells in module `\FCMA_ADD_s2'.
Computing hashes of 73 cells of `\FCMA_ADD_s2'.
Finding duplicate cells in `\FCMA_ADD_s2'.
Finding identical cells in module `\FCMA_ADD_s1'.
Computing hashes of 57 cells of `\FCMA_ADD_s1'.
Finding duplicate cells in `\FCMA_ADD_s1'.
Finding identical cells in module `\NearPath'.
Computing hashes of 100 cells of `\NearPath'.
Finding duplicate cells in `\NearPath'.
Finding identical cells in module `\CLZ_8'.
Computing hashes of 24 cells of `\CLZ_8'.
Finding duplicate cells in `\CLZ_8'.
Finding identical cells in module `\LZA'.
Computing hashes of 144 cells of `\LZA'.
Finding duplicate cells in `\LZA'.
Finding identical cells in module `\FarPath'.
Computing hashes of 7 cells of `\FarPath'.
Finding duplicate cells in `\FarPath'.
Finding identical cells in module `\ShiftRightJam'.
Computing hashes of 8 cells of `\ShiftRightJam'.
Finding duplicate cells in `\ShiftRightJam'.
Finding identical cells in module `\TCMulPipe_1'.
Computing hashes of 33 cells of `\TCMulPipe_1'.
Finding duplicate cells in `\TCMulPipe_1'.
Finding identical cells in module `\TCMulPipe'.
Computing hashes of 47 cells of `\TCMulPipe'.
Finding duplicate cells in `\TCMulPipe'.
Finding identical cells in module `\FMUL_s3'.
Computing hashes of 21 cells of `\FMUL_s3'.
Finding duplicate cells in `\FMUL_s3'.
Finding identical cells in module `\TininessRounder'.
Computing hashes of 6 cells of `\TininessRounder'.
Finding duplicate cells in `\TininessRounder'.
Finding identical cells in module `\RoundingUnit'.
Computing hashes of 23 cells of `\RoundingUnit'.
Finding duplicate cells in `\RoundingUnit'.
Finding identical cells in module `\FMUL_s2'.
Computing hashes of 8 cells of `\FMUL_s2'.
Finding duplicate cells in `\FMUL_s2'.
Finding identical cells in module `\FMUL_s1'.
Computing hashes of 37 cells of `\FMUL_s1'.
Finding duplicate cells in `\FMUL_s1'.
Finding identical cells in module `\CLZ'.
Computing hashes of 49 cells of `\CLZ'.
Finding duplicate cells in `\CLZ'.
Finding identical cells in module `\NaiveMultiplier'.
Computing hashes of 3 cells of `\NaiveMultiplier'.
Finding duplicate cells in `\NaiveMultiplier'.
Removed a total of 0 cells.

3.8.13. Executing OPT_DFF pass (perform DFF optimizations).

3.8.14. Executing OPT_CLEAN pass (remove unused cells and wires).
Finding unused cells or wires in module \vTCexe..
Finding unused cells or wires in module \Queue1_WriteVecCtrl..
Finding unused cells or wires in module \TensorCoreFP32..
Finding unused cells or wires in module \TCDotProduct_1..
Finding unused cells or wires in module \Queue1_TCDotProductOutput_1..
Finding unused cells or wires in module \TCAddPipe_8..
Finding unused cells or wires in module \TCMulPipe_8..
Finding unused cells or wires in module \TCDotProduct..
Finding unused cells or wires in module \Queue1_TCDotProductOutput..
Finding unused cells or wires in module \TCAddPipe_1..
Finding unused cells or wires in module \TCAddPipe..
Finding unused cells or wires in module \FCMA_ADD_s2..
Finding unused cells or wires in module \FCMA_ADD_s1..
Finding unused cells or wires in module \NearPath..
Finding unused cells or wires in module \CLZ_8..
Finding unused cells or wires in module \LZA..
Finding unused cells or wires in module \FarPath..
Finding unused cells or wires in module \ShiftRightJam..
Finding unused cells or wires in module \TCMulPipe_1..
Finding unused cells or wires in module \TCMulPipe..
Finding unused cells or wires in module \FMUL_s3..
Finding unused cells or wires in module \TininessRounder..
Finding unused cells or wires in module \RoundingUnit..
Finding unused cells or wires in module \FMUL_s2..
Finding unused cells or wires in module \FMUL_s1..
Finding unused cells or wires in module \CLZ..
Finding unused cells or wires in module \NaiveMultiplier..

3.8.15. Executing OPT_EXPR pass (perform const folding).
Optimizing module vTCexe.
Optimizing module Queue1_WriteVecCtrl.
Optimizing module TensorCoreFP32.
Optimizing module TCDotProduct_1.
Optimizing module Queue1_TCDotProductOutput_1.
Optimizing module TCAddPipe_8.
Optimizing module TCMulPipe_8.
Optimizing module TCDotProduct.
Optimizing module Queue1_TCDotProductOutput.
Optimizing module TCAddPipe_1.
Optimizing module TCAddPipe.
Optimizing module FCMA_ADD_s2.
Optimizing module FCMA_ADD_s1.
Optimizing module NearPath.
Optimizing module CLZ_8.
Optimizing module LZA.
Optimizing module FarPath.
Optimizing module ShiftRightJam.
Optimizing module TCMulPipe_1.
Optimizing module TCMulPipe.
Optimizing module FMUL_s3.
Optimizing module TininessRounder.
Optimizing module RoundingUnit.
Optimizing module FMUL_s2.
Optimizing module FMUL_s1.
Optimizing module CLZ.
Optimizing module NaiveMultiplier.

3.8.16. Finished fast OPT passes. (There is nothing left to do.)

3.9. Executing WREDUCE pass (reducing word size of cells).
Removed top 5 bits (of 37) from FF cell Queue1_TCDotProductOutput_1.$auto$ff.cc:337:slice$1381 ($dffe).
Removed top 1 bits (of 28) from port A of cell FCMA_ADD_s2.$add$logic.v:1275$567 ($add).
Removed top 1 bits (of 2) from port B of cell FCMA_ADD_s2.$eq$logic.v:1276$568 ($eq).
Removed top 3 bits (of 8) from port B of cell FCMA_ADD_s2.$sub$logic.v:1293$592 ($sub).
Removed top 7 bits (of 8) from port B of cell FCMA_ADD_s2.$sub$logic.v:1293$593 ($sub).
Removed top 31 bits (of 56) from port A of cell FCMA_ADD_s2.$shl$logic.v:1296$595 ($shl).
Removed top 31 bits (of 56) from port Y of cell FCMA_ADD_s2.$shl$logic.v:1296$595 ($shl).
Removed top 7 bits (of 8) from port A of cell FCMA_ADD_s2.$add$logic.v:1300$597 ($add).
Removed top 1 bits (of 3) from port B of cell FCMA_ADD_s2.$eq$logic.v:1301$598 ($eq).
Removed top 2 bits (of 3) from port B of cell FCMA_ADD_s2.$eq$logic.v:1306$606 ($eq).
Removed top 1 bits (of 3) from port B of cell FCMA_ADD_s2.$eq$logic.v:1306$610 ($eq).
Removed top 7 bits (of 8) from port A of cell FCMA_ADD_s2.$add$logic.v:1352$617 ($add).
Removed top 31 bits (of 56) from wire FCMA_ADD_s2._sig_s1_T.
Removed top 1 bits (of 9) from port A of cell FCMA_ADD_s1.$sub$logic.v:1148$527 ($sub).
Removed top 1 bits (of 9) from port B of cell FCMA_ADD_s1.$sub$logic.v:1148$527 ($sub).
Removed top 1 bits (of 26) from port A of cell NearPath.$add$logic.v:967$403 ($add).
Removed top 25 bits (of 26) from port B of cell NearPath.$add$logic.v:967$404 ($add).
Removed top 3 bits (of 8) from port B of cell NearPath.$lt$logic.v:969$406 ($lt).
Removed top 1 bits (of 26) from port Y of cell NearPath.$shr$logic.v:970$407 ($shr).
Removed top 1 bits (of 26) from wire NearPath._shift_lim_mask_raw_T_2.
Removed top 1 bits (of 5) from mux cell CLZ_8.$ternary$logic.v:943$377 ($mux).
Removed top 1 bits (of 5) from mux cell CLZ_8.$ternary$logic.v:941$378 ($mux).
Removed top 1 bits (of 5) from mux cell CLZ_8.$ternary$logic.v:939$379 ($mux).
Removed top 1 bits (of 5) from mux cell CLZ_8.$ternary$logic.v:937$380 ($mux).
Removed top 1 bits (of 5) from mux cell CLZ_8.$ternary$logic.v:935$381 ($mux).
Removed top 1 bits (of 5) from mux cell CLZ_8.$ternary$logic.v:933$382 ($mux).
Removed top 1 bits (of 5) from mux cell CLZ_8.$ternary$logic.v:931$383 ($mux).
Removed top 1 bits (of 5) from mux cell CLZ_8.$ternary$logic.v:929$384 ($mux).
Removed top 1 bits (of 5) from wire CLZ_8.$ternary$logic.v:929$384_Y.
Removed top 1 bits (of 5) from wire CLZ_8.$ternary$logic.v:931$383_Y.
Removed top 1 bits (of 5) from wire CLZ_8.$ternary$logic.v:933$382_Y.
Removed top 1 bits (of 5) from wire CLZ_8.$ternary$logic.v:935$381_Y.
Removed top 1 bits (of 5) from wire CLZ_8.$ternary$logic.v:937$380_Y.
Removed top 1 bits (of 5) from wire CLZ_8.$ternary$logic.v:939$379_Y.
Removed top 1 bits (of 5) from wire CLZ_8.$ternary$logic.v:941$378_Y.
Removed top 1 bits (of 5) from wire CLZ_8.$ternary$logic.v:943$377_Y.
Removed top 27 bits (of 28) from port B of cell FarPath.$add$logic.v:849$230 ($add).
Removed top 7 bits (of 8) from port B of cell FarPath.$add$logic.v:852$231 ($add).
Removed top 7 bits (of 8) from port B of cell FarPath.$sub$logic.v:854$232 ($sub).
Removed top 3 bits (of 8) from port B of cell ShiftRightJam.$gt$logic.v:817$219 ($gt).
Removed top 31 bits (of 32) from port A of cell ShiftRightJam.$shl$logic.v:818$220 ($shl).
Removed top 6 bits (of 32) from port Y of cell ShiftRightJam.$shl$logic.v:818$220 ($shl).
Removed top 25 bits (of 26) from port B of cell ShiftRightJam.$sub$logic.v:820$223 ($sub).
Removed top 6 bits (of 32) from wire ShiftRightJam._sticky_mask_T.
Removed top 2 bits (of 3) from port B of cell FMUL_s3.$eq$logic.v:350$146 ($eq).
Removed top 1 bits (of 3) from port B of cell FMUL_s3.$eq$logic.v:350$147 ($eq).
Removed top 1 bits (of 3) from port B of cell FMUL_s3.$eq$logic.v:350$151 ($eq).
Removed top 7 bits (of 8) from port A of cell FMUL_s3.$add$logic.v:374$161 ($add).
Removed top 1 bits (of 2) from port B of cell TininessRounder.$eq$logic.v:329$138 ($eq).
Removed top 1 bits (of 3) from port B of cell RoundingUnit.$eq$logic.v:299$116 ($eq).
Removed top 1 bits (of 3) from port B of cell RoundingUnit.$eq$logic.v:301$118 ($eq).
Removed top 2 bits (of 3) from port B of cell RoundingUnit.$ne$logic.v:303$121 ($ne).
Removed top 22 bits (of 23) from port B of cell RoundingUnit.$add$logic.v:305$133 ($add).
Removed top 537 bits (of 585) from port A of cell FMUL_s2.$shl$logic.v:267$106 ($shl).
Removed top 511 bits (of 585) from port Y of cell FMUL_s2.$shl$logic.v:267$106 ($shl).
Removed top 8 bits (of 9) from port B of cell FMUL_s2.$sub$logic.v:277$110 ($sub).
Removed top 511 bits (of 585) from wire FMUL_s2._sig_shifted_raw_T.
Removed top 1 bits (of 9) from port A of cell FMUL_s1.$add$logic.v:216$61 ($add).
Removed top 1 bits (of 9) from port B of cell FMUL_s1.$add$logic.v:216$61 ($add).
Removed top 1 bits (of 10) from port A of cell FMUL_s1.$sub$logic.v:218$62 ($sub).
Removed top 3 bits (of 10) from port B of cell FMUL_s1.$sub$logic.v:218$62 ($sub).
Removed top 3 bits (of 9) from port B of cell FMUL_s1.$le$logic.v:220$63 ($le).
Removed top 2 bits (of 9) from port B of cell FMUL_s1.$sub$logic.v:241$103 ($sub).
Removed top 1 bits (of 6) from mux cell CLZ.$ternary$logic.v:193$7 ($mux).
Removed top 1 bits (of 6) from mux cell CLZ.$ternary$logic.v:191$8 ($mux).
Removed top 1 bits (of 6) from mux cell CLZ.$ternary$logic.v:189$9 ($mux).
Removed top 1 bits (of 6) from mux cell CLZ.$ternary$logic.v:187$10 ($mux).
Removed top 1 bits (of 6) from mux cell CLZ.$ternary$logic.v:185$11 ($mux).
Removed top 1 bits (of 6) from mux cell CLZ.$ternary$logic.v:183$12 ($mux).
Removed top 1 bits (of 6) from mux cell CLZ.$ternary$logic.v:181$13 ($mux).
Removed top 1 bits (of 6) from mux cell CLZ.$ternary$logic.v:179$14 ($mux).
Removed top 1 bits (of 6) from mux cell CLZ.$ternary$logic.v:177$15 ($mux).
Removed top 1 bits (of 6) from mux cell CLZ.$ternary$logic.v:175$16 ($mux).
Removed top 1 bits (of 6) from mux cell CLZ.$ternary$logic.v:173$17 ($mux).
Removed top 1 bits (of 6) from mux cell CLZ.$ternary$logic.v:171$18 ($mux).
Removed top 1 bits (of 6) from mux cell CLZ.$ternary$logic.v:169$19 ($mux).
Removed top 1 bits (of 6) from mux cell CLZ.$ternary$logic.v:167$20 ($mux).
Removed top 1 bits (of 6) from mux cell CLZ.$ternary$logic.v:165$21 ($mux).
Removed top 1 bits (of 6) from mux cell CLZ.$ternary$logic.v:163$22 ($mux).
Removed top 1 bits (of 6) from wire CLZ.$ternary$logic.v:163$22_Y.
Removed top 1 bits (of 6) from wire CLZ.$ternary$logic.v:165$21_Y.
Removed top 1 bits (of 6) from wire CLZ.$ternary$logic.v:167$20_Y.
Removed top 1 bits (of 6) from wire CLZ.$ternary$logic.v:169$19_Y.
Removed top 1 bits (of 6) from wire CLZ.$ternary$logic.v:171$18_Y.
Removed top 1 bits (of 6) from wire CLZ.$ternary$logic.v:173$17_Y.
Removed top 1 bits (of 6) from wire CLZ.$ternary$logic.v:175$16_Y.
Removed top 1 bits (of 6) from wire CLZ.$ternary$logic.v:177$15_Y.
Removed top 1 bits (of 6) from wire CLZ.$ternary$logic.v:179$14_Y.
Removed top 1 bits (of 6) from wire CLZ.$ternary$logic.v:181$13_Y.
Removed top 1 bits (of 6) from wire CLZ.$ternary$logic.v:183$12_Y.
Removed top 1 bits (of 6) from wire CLZ.$ternary$logic.v:185$11_Y.
Removed top 1 bits (of 6) from wire CLZ.$ternary$logic.v:187$10_Y.
Removed top 1 bits (of 6) from wire CLZ.$ternary$logic.v:189$9_Y.
Removed top 1 bits (of 6) from wire CLZ.$ternary$logic.v:191$8_Y.
Removed top 1 bits (of 6) from wire CLZ.$ternary$logic.v:193$7_Y.
Removed top 25 bits (of 50) from port A of cell NaiveMultiplier.$mul$logic.v:90$5 ($mul).
Removed top 25 bits (of 50) from port B of cell NaiveMultiplier.$mul$logic.v:90$5 ($mul).

3.10. Executing PEEPOPT pass (run peephole optimizers).

3.11. Executing OPT_CLEAN pass (remove unused cells and wires).
Finding unused cells or wires in module \vTCexe..
Finding unused cells or wires in module \Queue1_WriteVecCtrl..
Finding unused cells or wires in module \TensorCoreFP32..
Finding unused cells or wires in module \TCDotProduct_1..
Finding unused cells or wires in module \Queue1_TCDotProductOutput_1..
Finding unused cells or wires in module \TCAddPipe_8..
Finding unused cells or wires in module \TCMulPipe_8..
Finding unused cells or wires in module \TCDotProduct..
Finding unused cells or wires in module \Queue1_TCDotProductOutput..
Finding unused cells or wires in module \TCAddPipe_1..
Finding unused cells or wires in module \TCAddPipe..
Finding unused cells or wires in module \FCMA_ADD_s2..
Finding unused cells or wires in module \FCMA_ADD_s1..
Finding unused cells or wires in module \NearPath..
Finding unused cells or wires in module \CLZ_8..
Finding unused cells or wires in module \LZA..
Finding unused cells or wires in module \FarPath..
Finding unused cells or wires in module \ShiftRightJam..
Finding unused cells or wires in module \TCMulPipe_1..
Finding unused cells or wires in module \TCMulPipe..
Finding unused cells or wires in module \FMUL_s3..
Finding unused cells or wires in module \TininessRounder..
Finding unused cells or wires in module \RoundingUnit..
Finding unused cells or wires in module \FMUL_s2..
Finding unused cells or wires in module \FMUL_s1..
Finding unused cells or wires in module \CLZ..
Finding unused cells or wires in module \NaiveMultiplier..
Removed 0 unused cells and 28 unused wires.
<suppressed ~6 debug messages>

3.12. Executing ALUMACC pass (create $alu and $macc cells).
Extracting $alu and $macc cells in module vTCexe:
  created 0 $alu and 0 $macc cells.
Extracting $alu and $macc cells in module Queue1_WriteVecCtrl:
  created 0 $alu and 0 $macc cells.
Extracting $alu and $macc cells in module TensorCoreFP32:
  created 0 $alu and 0 $macc cells.
Extracting $alu and $macc cells in module TCDotProduct_1:
  created 0 $alu and 0 $macc cells.
Extracting $alu and $macc cells in module Queue1_TCDotProductOutput_1:
  created 0 $alu and 0 $macc cells.
Extracting $alu and $macc cells in module TCAddPipe_8:
  created 0 $alu and 0 $macc cells.
Extracting $alu and $macc cells in module TCMulPipe_8:
  created 0 $alu and 0 $macc cells.
Extracting $alu and $macc cells in module TCDotProduct:
  created 0 $alu and 0 $macc cells.
Extracting $alu and $macc cells in module Queue1_TCDotProductOutput:
  created 0 $alu and 0 $macc cells.
Extracting $alu and $macc cells in module TCAddPipe_1:
  created 0 $alu and 0 $macc cells.
Extracting $alu and $macc cells in module TCAddPipe:
  created 0 $alu and 0 $macc cells.
Extracting $alu and $macc cells in module FCMA_ADD_s2:
  creating $macc model for $add$logic.v:1352$617 ($add).
  creating $macc model for $add$logic.v:1300$597 ($add).
  creating $macc model for $sub$logic.v:1293$593 ($sub).
  creating $macc model for $sub$logic.v:1293$592 ($sub).
  creating $macc model for $add$logic.v:1275$567 ($add).
  merging $macc model for $sub$logic.v:1293$592 into $sub$logic.v:1293$593.
  creating $alu model for $macc $add$logic.v:1275$567.
  creating $alu model for $macc $add$logic.v:1300$597.
  creating $alu model for $macc $add$logic.v:1352$617.
  creating $macc cell for $sub$logic.v:1293$593: $auto$alumacc.cc:382:replace_macc$1598
  creating $alu cell for $add$logic.v:1352$617: $auto$alumacc.cc:512:replace_alu$1599
  creating $alu cell for $add$logic.v:1300$597: $auto$alumacc.cc:512:replace_alu$1602
  creating $alu cell for $add$logic.v:1275$567: $auto$alumacc.cc:512:replace_alu$1605
  created 3 $alu and 1 $macc cells.
Extracting $alu and $macc cells in module FCMA_ADD_s1:
  creating $macc model for $sub$logic.v:1149$528 ($sub).
  creating $macc model for $sub$logic.v:1148$527 ($sub).
  creating $alu model for $macc $sub$logic.v:1148$527.
  creating $alu model for $macc $sub$logic.v:1149$528.
  creating $alu cell for $sub$logic.v:1149$528: $auto$alumacc.cc:512:replace_alu$1608
  creating $alu cell for $sub$logic.v:1148$527: $auto$alumacc.cc:512:replace_alu$1611
  created 2 $alu and 0 $macc cells.
Extracting $alu and $macc cells in module NearPath:
  creating $macc model for $add$logic.v:967$404 ($add).
  creating $macc model for $add$logic.v:967$403 ($add).
  merging $macc model for $add$logic.v:967$403 into $add$logic.v:967$404.
  creating $alu model for $macc $add$logic.v:967$404.
  creating $alu model for $lt$logic.v:969$406 ($lt): new $alu
  creating $alu cell for $lt$logic.v:969$406: $auto$alumacc.cc:512:replace_alu$1615
  creating $alu cell for $add$logic.v:967$404: $auto$alumacc.cc:512:replace_alu$1620
  created 2 $alu and 0 $macc cells.
Extracting $alu and $macc cells in module CLZ_8:
  created 0 $alu and 0 $macc cells.
Extracting $alu and $macc cells in module LZA:
  created 0 $alu and 0 $macc cells.
Extracting $alu and $macc cells in module FarPath:
  creating $macc model for $sub$logic.v:854$232 ($sub).
  creating $macc model for $add$logic.v:852$231 ($add).
  creating $macc model for $add$logic.v:849$230 ($add).
  creating $alu model for $macc $add$logic.v:849$230.
  creating $alu model for $macc $add$logic.v:852$231.
  creating $alu model for $macc $sub$logic.v:854$232.
  creating $alu cell for $sub$logic.v:854$232: $auto$alumacc.cc:512:replace_alu$1623
  creating $alu cell for $add$logic.v:852$231: $auto$alumacc.cc:512:replace_alu$1626
  creating $alu cell for $add$logic.v:849$230: $auto$alumacc.cc:512:replace_alu$1629
  created 3 $alu and 0 $macc cells.
Extracting $alu and $macc cells in module ShiftRightJam:
  creating $macc model for $sub$logic.v:820$223 ($sub).
  creating $alu model for $macc $sub$logic.v:820$223.
  creating $alu model for $gt$logic.v:817$219 ($gt): new $alu
  creating $alu cell for $gt$logic.v:817$219: $auto$alumacc.cc:512:replace_alu$1633
  creating $alu cell for $sub$logic.v:820$223: $auto$alumacc.cc:512:replace_alu$1644
  created 2 $alu and 0 $macc cells.
Extracting $alu and $macc cells in module TCMulPipe_1:
  created 0 $alu and 0 $macc cells.
Extracting $alu and $macc cells in module TCMulPipe:
  created 0 $alu and 0 $macc cells.
Extracting $alu and $macc cells in module FMUL_s3:
  creating $macc model for $add$logic.v:374$161 ($add).
  creating $alu model for $macc $add$logic.v:374$161.
  creating $alu cell for $add$logic.v:374$161: $auto$alumacc.cc:512:replace_alu$1647
  created 1 $alu and 0 $macc cells.
Extracting $alu and $macc cells in module TininessRounder:
  created 0 $alu and 0 $macc cells.
Extracting $alu and $macc cells in module RoundingUnit:
  creating $macc model for $add$logic.v:305$133 ($add).
  creating $alu model for $macc $add$logic.v:305$133.
  creating $alu cell for $add$logic.v:305$133: $auto$alumacc.cc:512:replace_alu$1650
  created 1 $alu and 0 $macc cells.
Extracting $alu and $macc cells in module FMUL_s2:
  creating $macc model for $sub$logic.v:277$110 ($sub).
  creating $alu model for $macc $sub$logic.v:277$110.
  creating $alu cell for $sub$logic.v:277$110: $auto$alumacc.cc:512:replace_alu$1653
  created 1 $alu and 0 $macc cells.
Extracting $alu and $macc cells in module FMUL_s1:
  creating $macc model for $sub$logic.v:241$104 ($sub).
  creating $macc model for $sub$logic.v:241$103 ($sub).
  creating $macc model for $sub$logic.v:218$62 ($sub).
  creating $macc model for $add$logic.v:216$61 ($add).
  merging $macc model for $sub$logic.v:241$103 into $sub$logic.v:241$104.
  creating $alu model for $macc $sub$logic.v:218$62.
  creating $alu model for $macc $add$logic.v:216$61.
  creating $macc cell for $sub$logic.v:241$104: $auto$alumacc.cc:382:replace_macc$1656
  creating $alu model for $gt$logic.v:238$101 ($gt): new $alu
  creating $alu model for $le$logic.v:220$63 ($le): new $alu
  creating $alu cell for $le$logic.v:220$63: $auto$alumacc.cc:512:replace_alu$1659
  creating $alu cell for $gt$logic.v:238$101: $auto$alumacc.cc:512:replace_alu$1668
  creating $alu cell for $add$logic.v:216$61: $auto$alumacc.cc:512:replace_alu$1679
  creating $alu cell for $sub$logic.v:218$62: $auto$alumacc.cc:512:replace_alu$1682
  created 4 $alu and 1 $macc cells.
Extracting $alu and $macc cells in module CLZ:
  created 0 $alu and 0 $macc cells.
Extracting $alu and $macc cells in module NaiveMultiplier:
  creating $macc model for $mul$logic.v:90$5 ($mul).
  creating $macc cell for $mul$logic.v:90$5: $auto$alumacc.cc:382:replace_macc$1685
  created 0 $alu and 1 $macc cells.

3.13. Executing SHARE pass (SAT-based resource sharing).

3.14. Executing OPT pass (performing simple optimizations).

3.14.1. Executing OPT_EXPR pass (perform const folding).
Optimizing module vTCexe.
Optimizing module Queue1_WriteVecCtrl.
Optimizing module TensorCoreFP32.
Optimizing module TCDotProduct_1.
Optimizing module Queue1_TCDotProductOutput_1.
Optimizing module TCAddPipe_8.
Optimizing module TCMulPipe_8.
Optimizing module TCDotProduct.
Optimizing module Queue1_TCDotProductOutput.
Optimizing module TCAddPipe_1.
Optimizing module TCAddPipe.
Optimizing module FCMA_ADD_s2.
Optimizing module FCMA_ADD_s1.
Optimizing module NearPath.
<suppressed ~1 debug messages>
Optimizing module CLZ_8.
Optimizing module LZA.
Optimizing module FarPath.
Optimizing module ShiftRightJam.
<suppressed ~1 debug messages>
Optimizing module TCMulPipe_1.
Optimizing module TCMulPipe.
Optimizing module FMUL_s3.
Optimizing module TininessRounder.
Optimizing module RoundingUnit.
Optimizing module FMUL_s2.
Optimizing module FMUL_s1.
Optimizing module CLZ.
Optimizing module NaiveMultiplier.

3.14.2. Executing OPT_MERGE pass (detect identical cells).
Finding identical cells in module `\vTCexe'.
Computing hashes of 2 cells of `\vTCexe'.
Finding duplicate cells in `\vTCexe'.
Finding identical cells in module `\Queue1_WriteVecCtrl'.
Computing hashes of 7 cells of `\Queue1_WriteVecCtrl'.
Finding duplicate cells in `\Queue1_WriteVecCtrl'.
Finding identical cells in module `\TensorCoreFP32'.
Computing hashes of 16 cells of `\TensorCoreFP32'.
Finding duplicate cells in `\TensorCoreFP32'.
Finding identical cells in module `\TCDotProduct_1'.
Computing hashes of 17 cells of `\TCDotProduct_1'.
Finding duplicate cells in `\TCDotProduct_1'.
Finding identical cells in module `\Queue1_TCDotProductOutput_1'.
Computing hashes of 7 cells of `\Queue1_TCDotProductOutput_1'.
Finding duplicate cells in `\Queue1_TCDotProductOutput_1'.
Finding identical cells in module `\TCAddPipe_8'.
Computing hashes of 40 cells of `\TCAddPipe_8'.
Finding duplicate cells in `\TCAddPipe_8'.
Finding identical cells in module `\TCMulPipe_8'.
Computing hashes of 37 cells of `\TCMulPipe_8'.
Finding duplicate cells in `\TCMulPipe_8'.
Finding identical cells in module `\TCDotProduct'.
Computing hashes of 17 cells of `\TCDotProduct'.
Finding duplicate cells in `\TCDotProduct'.
Finding identical cells in module `\Queue1_TCDotProductOutput'.
Computing hashes of 7 cells of `\Queue1_TCDotProductOutput'.
Finding duplicate cells in `\Queue1_TCDotProductOutput'.
Finding identical cells in module `\TCAddPipe_1'.
Computing hashes of 36 cells of `\TCAddPipe_1'.
Finding duplicate cells in `\TCAddPipe_1'.
Finding identical cells in module `\TCAddPipe'.
Computing hashes of 50 cells of `\TCAddPipe'.
Finding duplicate cells in `\TCAddPipe'.
Finding identical cells in module `\FCMA_ADD_s2'.
Computing hashes of 73 cells of `\FCMA_ADD_s2'.
Finding duplicate cells in `\FCMA_ADD_s2'.
Finding identical cells in module `\FCMA_ADD_s1'.
Computing hashes of 57 cells of `\FCMA_ADD_s1'.
Finding duplicate cells in `\FCMA_ADD_s1'.
Finding identical cells in module `\NearPath'.
Computing hashes of 101 cells of `\NearPath'.
Finding duplicate cells in `\NearPath'.
Finding identical cells in module `\CLZ_8'.
Computing hashes of 24 cells of `\CLZ_8'.
Finding duplicate cells in `\CLZ_8'.
Finding identical cells in module `\LZA'.
Computing hashes of 144 cells of `\LZA'.
Finding duplicate cells in `\LZA'.
Finding identical cells in module `\FarPath'.
Computing hashes of 7 cells of `\FarPath'.
Finding duplicate cells in `\FarPath'.
Finding identical cells in module `\ShiftRightJam'.
Computing hashes of 12 cells of `\ShiftRightJam'.
Finding duplicate cells in `\ShiftRightJam'.
Finding identical cells in module `\TCMulPipe_1'.
Computing hashes of 33 cells of `\TCMulPipe_1'.
Finding duplicate cells in `\TCMulPipe_1'.
Finding identical cells in module `\TCMulPipe'.
Computing hashes of 47 cells of `\TCMulPipe'.
Finding duplicate cells in `\TCMulPipe'.
Finding identical cells in module `\FMUL_s3'.
Computing hashes of 21 cells of `\FMUL_s3'.
Finding duplicate cells in `\FMUL_s3'.
Finding identical cells in module `\TininessRounder'.
Computing hashes of 6 cells of `\TininessRounder'.
Finding duplicate cells in `\TininessRounder'.
Finding identical cells in module `\RoundingUnit'.
Computing hashes of 23 cells of `\RoundingUnit'.
Finding duplicate cells in `\RoundingUnit'.
Finding identical cells in module `\FMUL_s2'.
Computing hashes of 8 cells of `\FMUL_s2'.
Finding duplicate cells in `\FMUL_s2'.
Finding identical cells in module `\FMUL_s1'.
Computing hashes of 44 cells of `\FMUL_s1'.
Finding duplicate cells in `\FMUL_s1'.
Finding identical cells in module `\CLZ'.
Computing hashes of 49 cells of `\CLZ'.
Finding duplicate cells in `\CLZ'.
Finding identical cells in module `\NaiveMultiplier'.
Computing hashes of 3 cells of `\NaiveMultiplier'.
Finding duplicate cells in `\NaiveMultiplier'.
Removed a total of 0 cells.

3.14.3. Executing OPT_MUXTREE pass (detect dead branches in mux trees).
Running muxtree optimizer on module \vTCexe..
  Creating internal representation of mux trees.
  No muxes found in this module.
Running muxtree optimizer on module \Queue1_WriteVecCtrl..
  Creating internal representation of mux trees.
  No muxes found in this module.
Running muxtree optimizer on module \TensorCoreFP32..
  Creating internal representation of mux trees.
  No muxes found in this module.
Running muxtree optimizer on module \TCDotProduct_1..
  Creating internal representation of mux trees.
  No muxes found in this module.
Running muxtree optimizer on module \Queue1_TCDotProductOutput_1..
  Creating internal representation of mux trees.
  No muxes found in this module.
Running muxtree optimizer on module \TCAddPipe_8..
  Creating internal representation of mux trees.
  No muxes found in this module.
Running muxtree optimizer on module \TCMulPipe_8..
  Creating internal representation of mux trees.
  No muxes found in this module.
Running muxtree optimizer on module \TCDotProduct..
  Creating internal representation of mux trees.
  No muxes found in this module.
Running muxtree optimizer on module \Queue1_TCDotProductOutput..
  Creating internal representation of mux trees.
  No muxes found in this module.
Running muxtree optimizer on module \TCAddPipe_1..
  Creating internal representation of mux trees.
  No muxes found in this module.
Running muxtree optimizer on module \TCAddPipe..
  Creating internal representation of mux trees.
  No muxes found in this module.
Running muxtree optimizer on module \FCMA_ADD_s2..
  Creating internal representation of mux trees.
  Evaluating internal representation of mux trees.
  Analyzing evaluation results.
Running muxtree optimizer on module \FCMA_ADD_s1..
  Creating internal representation of mux trees.
  Evaluating internal representation of mux trees.
  Analyzing evaluation results.
Running muxtree optimizer on module \NearPath..
  Creating internal representation of mux trees.
  Evaluating internal representation of mux trees.
  Analyzing evaluation results.
Running muxtree optimizer on module \CLZ_8..
  Creating internal representation of mux trees.
  Evaluating internal representation of mux trees.
  Analyzing evaluation results.
Running muxtree optimizer on module \LZA..
  Creating internal representation of mux trees.
  No muxes found in this module.
Running muxtree optimizer on module \FarPath..
  Creating internal representation of mux trees.
  Evaluating internal representation of mux trees.
  Analyzing evaluation results.
Running muxtree optimizer on module \ShiftRightJam..
  Creating internal representation of mux trees.
  Evaluating internal representation of mux trees.
  Analyzing evaluation results.
Running muxtree optimizer on module \TCMulPipe_1..
  Creating internal representation of mux trees.
  No muxes found in this module.
Running muxtree optimizer on module \TCMulPipe..
  Creating internal representation of mux trees.
  No muxes found in this module.
Running muxtree optimizer on module \FMUL_s3..
  Creating internal representation of mux trees.
  Evaluating internal representation of mux trees.
  Analyzing evaluation results.
Running muxtree optimizer on module \TininessRounder..
  Creating internal representation of mux trees.
  No muxes found in this module.
Running muxtree optimizer on module \RoundingUnit..
  Creating internal representation of mux trees.
  Evaluating internal representation of mux trees.
  Analyzing evaluation results.
Running muxtree optimizer on module \FMUL_s2..
  Creating internal representation of mux trees.
  Evaluating internal representation of mux trees.
  Analyzing evaluation results.
Running muxtree optimizer on module \FMUL_s1..
  Creating internal representation of mux trees.
  Evaluating internal representation of mux trees.
  Analyzing evaluation results.
Running muxtree optimizer on module \CLZ..
  Creating internal representation of mux trees.
  Evaluating internal representation of mux trees.
  Analyzing evaluation results.
Running muxtree optimizer on module \NaiveMultiplier..
  Creating internal representation of mux trees.
  No muxes found in this module.
Removed 0 multiplexer ports.
<suppressed ~160 debug messages>

3.14.4. Executing OPT_REDUCE pass (consolidate $*mux and $reduce_* inputs).
  Optimizing cells in module \vTCexe.
  Optimizing cells in module \Queue1_WriteVecCtrl.
  Optimizing cells in module \TensorCoreFP32.
  Optimizing cells in module \TCDotProduct_1.
  Optimizing cells in module \Queue1_TCDotProductOutput_1.
  Optimizing cells in module \TCAddPipe_8.
  Optimizing cells in module \TCMulPipe_8.
  Optimizing cells in module \TCDotProduct.
  Optimizing cells in module \Queue1_TCDotProductOutput.
  Optimizing cells in module \TCAddPipe_1.
  Optimizing cells in module \TCAddPipe.
  Optimizing cells in module \FCMA_ADD_s2.
  Optimizing cells in module \FCMA_ADD_s1.
  Optimizing cells in module \NearPath.
  Optimizing cells in module \CLZ_8.
  Optimizing cells in module \LZA.
  Optimizing cells in module \FarPath.
  Optimizing cells in module \ShiftRightJam.
  Optimizing cells in module \TCMulPipe_1.
  Optimizing cells in module \TCMulPipe.
  Optimizing cells in module \FMUL_s3.
  Optimizing cells in module \TininessRounder.
  Optimizing cells in module \RoundingUnit.
  Optimizing cells in module \FMUL_s2.
  Optimizing cells in module \FMUL_s1.
  Optimizing cells in module \CLZ.
  Optimizing cells in module \NaiveMultiplier.
Performed a total of 0 changes.

3.14.5. Executing OPT_MERGE pass (detect identical cells).
Finding identical cells in module `\vTCexe'.
Computing hashes of 2 cells of `\vTCexe'.
Finding duplicate cells in `\vTCexe'.
Finding identical cells in module `\Queue1_WriteVecCtrl'.
Computing hashes of 7 cells of `\Queue1_WriteVecCtrl'.
Finding duplicate cells in `\Queue1_WriteVecCtrl'.
Finding identical cells in module `\TensorCoreFP32'.
Computing hashes of 16 cells of `\TensorCoreFP32'.
Finding duplicate cells in `\TensorCoreFP32'.
Finding identical cells in module `\TCDotProduct_1'.
Computing hashes of 17 cells of `\TCDotProduct_1'.
Finding duplicate cells in `\TCDotProduct_1'.
Finding identical cells in module `\Queue1_TCDotProductOutput_1'.
Computing hashes of 7 cells of `\Queue1_TCDotProductOutput_1'.
Finding duplicate cells in `\Queue1_TCDotProductOutput_1'.
Finding identical cells in module `\TCAddPipe_8'.
Computing hashes of 40 cells of `\TCAddPipe_8'.
Finding duplicate cells in `\TCAddPipe_8'.
Finding identical cells in module `\TCMulPipe_8'.
Computing hashes of 37 cells of `\TCMulPipe_8'.
Finding duplicate cells in `\TCMulPipe_8'.
Finding identical cells in module `\TCDotProduct'.
Computing hashes of 17 cells of `\TCDotProduct'.
Finding duplicate cells in `\TCDotProduct'.
Finding identical cells in module `\Queue1_TCDotProductOutput'.
Computing hashes of 7 cells of `\Queue1_TCDotProductOutput'.
Finding duplicate cells in `\Queue1_TCDotProductOutput'.
Finding identical cells in module `\TCAddPipe_1'.
Computing hashes of 36 cells of `\TCAddPipe_1'.
Finding duplicate cells in `\TCAddPipe_1'.
Finding identical cells in module `\TCAddPipe'.
Computing hashes of 50 cells of `\TCAddPipe'.
Finding duplicate cells in `\TCAddPipe'.
Finding identical cells in module `\FCMA_ADD_s2'.
Computing hashes of 73 cells of `\FCMA_ADD_s2'.
Finding duplicate cells in `\FCMA_ADD_s2'.
Finding identical cells in module `\FCMA_ADD_s1'.
Computing hashes of 57 cells of `\FCMA_ADD_s1'.
Finding duplicate cells in `\FCMA_ADD_s1'.
Finding identical cells in module `\NearPath'.
Computing hashes of 101 cells of `\NearPath'.
Finding duplicate cells in `\NearPath'.
Finding identical cells in module `\CLZ_8'.
Computing hashes of 24 cells of `\CLZ_8'.
Finding duplicate cells in `\CLZ_8'.
Finding identical cells in module `\LZA'.
Computing hashes of 144 cells of `\LZA'.
Finding duplicate cells in `\LZA'.
Finding identical cells in module `\FarPath'.
Computing hashes of 7 cells of `\FarPath'.
Finding duplicate cells in `\FarPath'.
Finding identical cells in module `\ShiftRightJam'.
Computing hashes of 12 cells of `\ShiftRightJam'.
Finding duplicate cells in `\ShiftRightJam'.
Finding identical cells in module `\TCMulPipe_1'.
Computing hashes of 33 cells of `\TCMulPipe_1'.
Finding duplicate cells in `\TCMulPipe_1'.
Finding identical cells in module `\TCMulPipe'.
Computing hashes of 47 cells of `\TCMulPipe'.
Finding duplicate cells in `\TCMulPipe'.
Finding identical cells in module `\FMUL_s3'.
Computing hashes of 21 cells of `\FMUL_s3'.
Finding duplicate cells in `\FMUL_s3'.
Finding identical cells in module `\TininessRounder'.
Computing hashes of 6 cells of `\TininessRounder'.
Finding duplicate cells in `\TininessRounder'.
Finding identical cells in module `\RoundingUnit'.
Computing hashes of 23 cells of `\RoundingUnit'.
Finding duplicate cells in `\RoundingUnit'.
Finding identical cells in module `\FMUL_s2'.
Computing hashes of 8 cells of `\FMUL_s2'.
Finding duplicate cells in `\FMUL_s2'.
Finding identical cells in module `\FMUL_s1'.
Computing hashes of 44 cells of `\FMUL_s1'.
Finding duplicate cells in `\FMUL_s1'.
Finding identical cells in module `\CLZ'.
Computing hashes of 49 cells of `\CLZ'.
Finding duplicate cells in `\CLZ'.
Finding identical cells in module `\NaiveMultiplier'.
Computing hashes of 3 cells of `\NaiveMultiplier'.
Finding duplicate cells in `\NaiveMultiplier'.
Removed a total of 0 cells.

3.14.6. Executing OPT_DFF pass (perform DFF optimizations).

3.14.7. Executing OPT_CLEAN pass (remove unused cells and wires).
Finding unused cells or wires in module \vTCexe..
Finding unused cells or wires in module \Queue1_WriteVecCtrl..
Finding unused cells or wires in module \TensorCoreFP32..
Finding unused cells or wires in module \TCDotProduct_1..
Finding unused cells or wires in module \Queue1_TCDotProductOutput_1..
Finding unused cells or wires in module \TCAddPipe_8..
Finding unused cells or wires in module \TCMulPipe_8..
Finding unused cells or wires in module \TCDotProduct..
Finding unused cells or wires in module \Queue1_TCDotProductOutput..
Finding unused cells or wires in module \TCAddPipe_1..
Finding unused cells or wires in module \TCAddPipe..
Finding unused cells or wires in module \FCMA_ADD_s2..
Finding unused cells or wires in module \FCMA_ADD_s1..
Finding unused cells or wires in module \NearPath..
Finding unused cells or wires in module \CLZ_8..
Finding unused cells or wires in module \LZA..
Finding unused cells or wires in module \FarPath..
Finding unused cells or wires in module \ShiftRightJam..
Finding unused cells or wires in module \TCMulPipe_1..
Finding unused cells or wires in module \TCMulPipe..
Finding unused cells or wires in module \FMUL_s3..
Finding unused cells or wires in module \TininessRounder..
Finding unused cells or wires in module \RoundingUnit..
Finding unused cells or wires in module \FMUL_s2..
Finding unused cells or wires in module \FMUL_s1..
Finding unused cells or wires in module \CLZ..
Finding unused cells or wires in module \NaiveMultiplier..
Removed 3 unused cells and 7 unused wires.
<suppressed ~7 debug messages>

3.14.8. Executing OPT_EXPR pass (perform const folding).
Optimizing module vTCexe.
Optimizing module Queue1_WriteVecCtrl.
Optimizing module TensorCoreFP32.
Optimizing module TCDotProduct_1.
Optimizing module Queue1_TCDotProductOutput_1.
Optimizing module TCAddPipe_8.
Optimizing module TCMulPipe_8.
Optimizing module TCDotProduct.
Optimizing module Queue1_TCDotProductOutput.
Optimizing module TCAddPipe_1.
Optimizing module TCAddPipe.
Optimizing module FCMA_ADD_s2.
Optimizing module FCMA_ADD_s1.
Optimizing module NearPath.
Optimizing module CLZ_8.
Optimizing module LZA.
Optimizing module FarPath.
Optimizing module ShiftRightJam.
Optimizing module TCMulPipe_1.
Optimizing module TCMulPipe.
Optimizing module FMUL_s3.
Optimizing module TininessRounder.
Optimizing module RoundingUnit.
Optimizing module FMUL_s2.
Optimizing module FMUL_s1.
Optimizing module CLZ.
Optimizing module NaiveMultiplier.

3.14.9. Rerunning OPT passes. (Maybe there is more to do..)

3.14.10. Executing OPT_MUXTREE pass (detect dead branches in mux trees).
Running muxtree optimizer on module \vTCexe..
  Creating internal representation of mux trees.
  No muxes found in this module.
Running muxtree optimizer on module \Queue1_WriteVecCtrl..
  Creating internal representation of mux trees.
  No muxes found in this module.
Running muxtree optimizer on module \TensorCoreFP32..
  Creating internal representation of mux trees.
  No muxes found in this module.
Running muxtree optimizer on module \TCDotProduct_1..
  Creating internal representation of mux trees.
  No muxes found in this module.
Running muxtree optimizer on module \Queue1_TCDotProductOutput_1..
  Creating internal representation of mux trees.
  No muxes found in this module.
Running muxtree optimizer on module \TCAddPipe_8..
  Creating internal representation of mux trees.
  No muxes found in this module.
Running muxtree optimizer on module \TCMulPipe_8..
  Creating internal representation of mux trees.
  No muxes found in this module.
Running muxtree optimizer on module \TCDotProduct..
  Creating internal representation of mux trees.
  No muxes found in this module.
Running muxtree optimizer on module \Queue1_TCDotProductOutput..
  Creating internal representation of mux trees.
  No muxes found in this module.
Running muxtree optimizer on module \TCAddPipe_1..
  Creating internal representation of mux trees.
  No muxes found in this module.
Running muxtree optimizer on module \TCAddPipe..
  Creating internal representation of mux trees.
  No muxes found in this module.
Running muxtree optimizer on module \FCMA_ADD_s2..
  Creating internal representation of mux trees.
  Evaluating internal representation of mux trees.
  Analyzing evaluation results.
Running muxtree optimizer on module \FCMA_ADD_s1..
  Creating internal representation of mux trees.
  Evaluating internal representation of mux trees.
  Analyzing evaluation results.
Running muxtree optimizer on module \NearPath..
  Creating internal representation of mux trees.
  Evaluating internal representation of mux trees.
  Analyzing evaluation results.
Running muxtree optimizer on module \CLZ_8..
  Creating internal representation of mux trees.
  Evaluating internal representation of mux trees.
  Analyzing evaluation results.
Running muxtree optimizer on module \LZA..
  Creating internal representation of mux trees.
  No muxes found in this module.
Running muxtree optimizer on module \FarPath..
  Creating internal representation of mux trees.
  Evaluating internal representation of mux trees.
  Analyzing evaluation results.
Running muxtree optimizer on module \ShiftRightJam..
  Creating internal representation of mux trees.
  Evaluating internal representation of mux trees.
  Analyzing evaluation results.
Running muxtree optimizer on module \TCMulPipe_1..
  Creating internal representation of mux trees.
  No muxes found in this module.
Running muxtree optimizer on module \TCMulPipe..
  Creating internal representation of mux trees.
  No muxes found in this module.
Running muxtree optimizer on module \FMUL_s3..
  Creating internal representation of mux trees.
  Evaluating internal representation of mux trees.
  Analyzing evaluation results.
Running muxtree optimizer on module \TininessRounder..
  Creating internal representation of mux trees.
  No muxes found in this module.
Running muxtree optimizer on module \RoundingUnit..
  Creating internal representation of mux trees.
  Evaluating internal representation of mux trees.
  Analyzing evaluation results.
Running muxtree optimizer on module \FMUL_s2..
  Creating internal representation of mux trees.
  Evaluating internal representation of mux trees.
  Analyzing evaluation results.
Running muxtree optimizer on module \FMUL_s1..
  Creating internal representation of mux trees.
  Evaluating internal representation of mux trees.
  Analyzing evaluation results.
Running muxtree optimizer on module \CLZ..
  Creating internal representation of mux trees.
  Evaluating internal representation of mux trees.
  Analyzing evaluation results.
Running muxtree optimizer on module \NaiveMultiplier..
  Creating internal representation of mux trees.
  No muxes found in this module.
Removed 0 multiplexer ports.
<suppressed ~160 debug messages>

3.14.11. Executing OPT_REDUCE pass (consolidate $*mux and $reduce_* inputs).
  Optimizing cells in module \vTCexe.
  Optimizing cells in module \Queue1_WriteVecCtrl.
  Optimizing cells in module \TensorCoreFP32.
  Optimizing cells in module \TCDotProduct_1.
  Optimizing cells in module \Queue1_TCDotProductOutput_1.
  Optimizing cells in module \TCAddPipe_8.
  Optimizing cells in module \TCMulPipe_8.
  Optimizing cells in module \TCDotProduct.
  Optimizing cells in module \Queue1_TCDotProductOutput.
  Optimizing cells in module \TCAddPipe_1.
  Optimizing cells in module \TCAddPipe.
  Optimizing cells in module \FCMA_ADD_s2.
  Optimizing cells in module \FCMA_ADD_s1.
  Optimizing cells in module \NearPath.
  Optimizing cells in module \CLZ_8.
  Optimizing cells in module \LZA.
  Optimizing cells in module \FarPath.
  Optimizing cells in module \ShiftRightJam.
  Optimizing cells in module \TCMulPipe_1.
  Optimizing cells in module \TCMulPipe.
  Optimizing cells in module \FMUL_s3.
  Optimizing cells in module \TininessRounder.
  Optimizing cells in module \RoundingUnit.
  Optimizing cells in module \FMUL_s2.
  Optimizing cells in module \FMUL_s1.
  Optimizing cells in module \CLZ.
  Optimizing cells in module \NaiveMultiplier.
Performed a total of 0 changes.

3.14.12. Executing OPT_MERGE pass (detect identical cells).
Finding identical cells in module `\vTCexe'.
Computing hashes of 2 cells of `\vTCexe'.
Finding duplicate cells in `\vTCexe'.
Finding identical cells in module `\Queue1_WriteVecCtrl'.
Computing hashes of 7 cells of `\Queue1_WriteVecCtrl'.
Finding duplicate cells in `\Queue1_WriteVecCtrl'.
Finding identical cells in module `\TensorCoreFP32'.
Computing hashes of 16 cells of `\TensorCoreFP32'.
Finding duplicate cells in `\TensorCoreFP32'.
Finding identical cells in module `\TCDotProduct_1'.
Computing hashes of 17 cells of `\TCDotProduct_1'.
Finding duplicate cells in `\TCDotProduct_1'.
Finding identical cells in module `\Queue1_TCDotProductOutput_1'.
Computing hashes of 7 cells of `\Queue1_TCDotProductOutput_1'.
Finding duplicate cells in `\Queue1_TCDotProductOutput_1'.
Finding identical cells in module `\TCAddPipe_8'.
Computing hashes of 40 cells of `\TCAddPipe_8'.
Finding duplicate cells in `\TCAddPipe_8'.
Finding identical cells in module `\TCMulPipe_8'.
Computing hashes of 37 cells of `\TCMulPipe_8'.
Finding duplicate cells in `\TCMulPipe_8'.
Finding identical cells in module `\TCDotProduct'.
Computing hashes of 17 cells of `\TCDotProduct'.
Finding duplicate cells in `\TCDotProduct'.
Finding identical cells in module `\Queue1_TCDotProductOutput'.
Computing hashes of 7 cells of `\Queue1_TCDotProductOutput'.
Finding duplicate cells in `\Queue1_TCDotProductOutput'.
Finding identical cells in module `\TCAddPipe_1'.
Computing hashes of 36 cells of `\TCAddPipe_1'.
Finding duplicate cells in `\TCAddPipe_1'.
Finding identical cells in module `\TCAddPipe'.
Computing hashes of 50 cells of `\TCAddPipe'.
Finding duplicate cells in `\TCAddPipe'.
Finding identical cells in module `\FCMA_ADD_s2'.
Computing hashes of 72 cells of `\FCMA_ADD_s2'.
Finding duplicate cells in `\FCMA_ADD_s2'.
Finding identical cells in module `\FCMA_ADD_s1'.
Computing hashes of 57 cells of `\FCMA_ADD_s1'.
Finding duplicate cells in `\FCMA_ADD_s1'.
Finding identical cells in module `\NearPath'.
Computing hashes of 100 cells of `\NearPath'.
Finding duplicate cells in `\NearPath'.
Finding identical cells in module `\CLZ_8'.
Computing hashes of 24 cells of `\CLZ_8'.
Finding duplicate cells in `\CLZ_8'.
Finding identical cells in module `\LZA'.
Computing hashes of 144 cells of `\LZA'.
Finding duplicate cells in `\LZA'.
Finding identical cells in module `\FarPath'.
Computing hashes of 7 cells of `\FarPath'.
Finding duplicate cells in `\FarPath'.
Finding identical cells in module `\ShiftRightJam'.
Computing hashes of 12 cells of `\ShiftRightJam'.
Finding duplicate cells in `\ShiftRightJam'.
Finding identical cells in module `\TCMulPipe_1'.
Computing hashes of 33 cells of `\TCMulPipe_1'.
Finding duplicate cells in `\TCMulPipe_1'.
Finding identical cells in module `\TCMulPipe'.
Computing hashes of 47 cells of `\TCMulPipe'.
Finding duplicate cells in `\TCMulPipe'.
Finding identical cells in module `\FMUL_s3'.
Computing hashes of 21 cells of `\FMUL_s3'.
Finding duplicate cells in `\FMUL_s3'.
Finding identical cells in module `\TininessRounder'.
Computing hashes of 6 cells of `\TininessRounder'.
Finding duplicate cells in `\TininessRounder'.
Finding identical cells in module `\RoundingUnit'.
Computing hashes of 23 cells of `\RoundingUnit'.
Finding duplicate cells in `\RoundingUnit'.
Finding identical cells in module `\FMUL_s2'.
Computing hashes of 8 cells of `\FMUL_s2'.
Finding duplicate cells in `\FMUL_s2'.
Finding identical cells in module `\FMUL_s1'.
Computing hashes of 43 cells of `\FMUL_s1'.
Finding duplicate cells in `\FMUL_s1'.
Finding identical cells in module `\CLZ'.
Computing hashes of 49 cells of `\CLZ'.
Finding duplicate cells in `\CLZ'.
Finding identical cells in module `\NaiveMultiplier'.
Computing hashes of 3 cells of `\NaiveMultiplier'.
Finding duplicate cells in `\NaiveMultiplier'.
Removed a total of 0 cells.

3.14.13. Executing OPT_DFF pass (perform DFF optimizations).

3.14.14. Executing OPT_CLEAN pass (remove unused cells and wires).
Finding unused cells or wires in module \vTCexe..
Finding unused cells or wires in module \Queue1_WriteVecCtrl..
Finding unused cells or wires in module \TensorCoreFP32..
Finding unused cells or wires in module \TCDotProduct_1..
Finding unused cells or wires in module \Queue1_TCDotProductOutput_1..
Finding unused cells or wires in module \TCAddPipe_8..
Finding unused cells or wires in module \TCMulPipe_8..
Finding unused cells or wires in module \TCDotProduct..
Finding unused cells or wires in module \Queue1_TCDotProductOutput..
Finding unused cells or wires in module \TCAddPipe_1..
Finding unused cells or wires in module \TCAddPipe..
Finding unused cells or wires in module \FCMA_ADD_s2..
Finding unused cells or wires in module \FCMA_ADD_s1..
Finding unused cells or wires in module \NearPath..
Finding unused cells or wires in module \CLZ_8..
Finding unused cells or wires in module \LZA..
Finding unused cells or wires in module \FarPath..
Finding unused cells or wires in module \ShiftRightJam..
Finding unused cells or wires in module \TCMulPipe_1..
Finding unused cells or wires in module \TCMulPipe..
Finding unused cells or wires in module \FMUL_s3..
Finding unused cells or wires in module \TininessRounder..
Finding unused cells or wires in module \RoundingUnit..
Finding unused cells or wires in module \FMUL_s2..
Finding unused cells or wires in module \FMUL_s1..
Finding unused cells or wires in module \CLZ..
Finding unused cells or wires in module \NaiveMultiplier..

3.14.15. Executing OPT_EXPR pass (perform const folding).
Optimizing module vTCexe.
Optimizing module Queue1_WriteVecCtrl.
Optimizing module TensorCoreFP32.
Optimizing module TCDotProduct_1.
Optimizing module Queue1_TCDotProductOutput_1.
Optimizing module TCAddPipe_8.
Optimizing module TCMulPipe_8.
Optimizing module TCDotProduct.
Optimizing module Queue1_TCDotProductOutput.
Optimizing module TCAddPipe_1.
Optimizing module TCAddPipe.
Optimizing module FCMA_ADD_s2.
Optimizing module FCMA_ADD_s1.
Optimizing module NearPath.
Optimizing module CLZ_8.
Optimizing module LZA.
Optimizing module FarPath.
Optimizing module ShiftRightJam.
Optimizing module TCMulPipe_1.
Optimizing module TCMulPipe.
Optimizing module FMUL_s3.
Optimizing module TininessRounder.
Optimizing module RoundingUnit.
Optimizing module FMUL_s2.
Optimizing module FMUL_s1.
Optimizing module CLZ.
Optimizing module NaiveMultiplier.

3.14.16. Finished fast OPT passes. (There is nothing left to do.)

3.15. Executing MEMORY pass.

3.15.1. Executing OPT_MEM pass (optimize memories).
Performed a total of 0 transformations.

3.15.2. Executing OPT_MEM_PRIORITY pass (removing unnecessary memory write priority relations).
Performed a total of 0 transformations.

3.15.3. Executing OPT_MEM_FEEDBACK pass (finding memory read-to-write feedback paths).

3.15.4. Executing MEMORY_BMUX2ROM pass (converting muxes to ROMs).

3.15.5. Executing MEMORY_DFF pass (merging $dff cells to $memrd).

3.15.6. Executing OPT_CLEAN pass (remove unused cells and wires).
Finding unused cells or wires in module \vTCexe..
Finding unused cells or wires in module \Queue1_WriteVecCtrl..
Finding unused cells or wires in module \TensorCoreFP32..
Finding unused cells or wires in module \TCDotProduct_1..
Finding unused cells or wires in module \Queue1_TCDotProductOutput_1..
Finding unused cells or wires in module \TCAddPipe_8..
Finding unused cells or wires in module \TCMulPipe_8..
Finding unused cells or wires in module \TCDotProduct..
Finding unused cells or wires in module \Queue1_TCDotProductOutput..
Finding unused cells or wires in module \TCAddPipe_1..
Finding unused cells or wires in module \TCAddPipe..
Finding unused cells or wires in module \FCMA_ADD_s2..
Finding unused cells or wires in module \FCMA_ADD_s1..
Finding unused cells or wires in module \NearPath..
Finding unused cells or wires in module \CLZ_8..
Finding unused cells or wires in module \LZA..
Finding unused cells or wires in module \FarPath..
Finding unused cells or wires in module \ShiftRightJam..
Finding unused cells or wires in module \TCMulPipe_1..
Finding unused cells or wires in module \TCMulPipe..
Finding unused cells or wires in module \FMUL_s3..
Finding unused cells or wires in module \TininessRounder..
Finding unused cells or wires in module \RoundingUnit..
Finding unused cells or wires in module \FMUL_s2..
Finding unused cells or wires in module \FMUL_s1..
Finding unused cells or wires in module \CLZ..
Finding unused cells or wires in module \NaiveMultiplier..

3.15.7. Executing MEMORY_SHARE pass (consolidating $memrd/$memwr cells).

3.15.8. Executing OPT_MEM_WIDEN pass (optimize memories where all ports are wide).
Performed a total of 0 transformations.

3.15.9. Executing OPT_CLEAN pass (remove unused cells and wires).
Finding unused cells or wires in module \vTCexe..
Finding unused cells or wires in module \Queue1_WriteVecCtrl..
Finding unused cells or wires in module \TensorCoreFP32..
Finding unused cells or wires in module \TCDotProduct_1..
Finding unused cells or wires in module \Queue1_TCDotProductOutput_1..
Finding unused cells or wires in module \TCAddPipe_8..
Finding unused cells or wires in module \TCMulPipe_8..
Finding unused cells or wires in module \TCDotProduct..
Finding unused cells or wires in module \Queue1_TCDotProductOutput..
Finding unused cells or wires in module \TCAddPipe_1..
Finding unused cells or wires in module \TCAddPipe..
Finding unused cells or wires in module \FCMA_ADD_s2..
Finding unused cells or wires in module \FCMA_ADD_s1..
Finding unused cells or wires in module \NearPath..
Finding unused cells or wires in module \CLZ_8..
Finding unused cells or wires in module \LZA..
Finding unused cells or wires in module \FarPath..
Finding unused cells or wires in module \ShiftRightJam..
Finding unused cells or wires in module \TCMulPipe_1..
Finding unused cells or wires in module \TCMulPipe..
Finding unused cells or wires in module \FMUL_s3..
Finding unused cells or wires in module \TininessRounder..
Finding unused cells or wires in module \RoundingUnit..
Finding unused cells or wires in module \FMUL_s2..
Finding unused cells or wires in module \FMUL_s1..
Finding unused cells or wires in module \CLZ..
Finding unused cells or wires in module \NaiveMultiplier..

3.15.10. Executing MEMORY_COLLECT pass (generating $mem cells).

3.16. Executing OPT_CLEAN pass (remove unused cells and wires).
Finding unused cells or wires in module \vTCexe..
Finding unused cells or wires in module \Queue1_WriteVecCtrl..
Finding unused cells or wires in module \TensorCoreFP32..
Finding unused cells or wires in module \TCDotProduct_1..
Finding unused cells or wires in module \Queue1_TCDotProductOutput_1..
Finding unused cells or wires in module \TCAddPipe_8..
Finding unused cells or wires in module \TCMulPipe_8..
Finding unused cells or wires in module \TCDotProduct..
Finding unused cells or wires in module \Queue1_TCDotProductOutput..
Finding unused cells or wires in module \TCAddPipe_1..
Finding unused cells or wires in module \TCAddPipe..
Finding unused cells or wires in module \FCMA_ADD_s2..
Finding unused cells or wires in module \FCMA_ADD_s1..
Finding unused cells or wires in module \NearPath..
Finding unused cells or wires in module \CLZ_8..
Finding unused cells or wires in module \LZA..
Finding unused cells or wires in module \FarPath..
Finding unused cells or wires in module \ShiftRightJam..
Finding unused cells or wires in module \TCMulPipe_1..
Finding unused cells or wires in module \TCMulPipe..
Finding unused cells or wires in module \FMUL_s3..
Finding unused cells or wires in module \TininessRounder..
Finding unused cells or wires in module \RoundingUnit..
Finding unused cells or wires in module \FMUL_s2..
Finding unused cells or wires in module \FMUL_s1..
Finding unused cells or wires in module \CLZ..
Finding unused cells or wires in module \NaiveMultiplier..

3.17. Executing OPT pass (performing simple optimizations).

3.17.1. Executing OPT_EXPR pass (perform const folding).
Optimizing module vTCexe.
Optimizing module Queue1_WriteVecCtrl.
Optimizing module TensorCoreFP32.
Optimizing module TCDotProduct_1.
Optimizing module Queue1_TCDotProductOutput_1.
<suppressed ~5 debug messages>
Optimizing module TCAddPipe_8.
Optimizing module TCMulPipe_8.
Optimizing module TCDotProduct.
Optimizing module Queue1_TCDotProductOutput.
Optimizing module TCAddPipe_1.
Optimizing module TCAddPipe.
Optimizing module FCMA_ADD_s2.
<suppressed ~1 debug messages>
Optimizing module FCMA_ADD_s1.
Optimizing module NearPath.
Optimizing module CLZ_8.
Optimizing module LZA.
Optimizing module FarPath.
Optimizing module ShiftRightJam.
<suppressed ~1 debug messages>
Optimizing module TCMulPipe_1.
Optimizing module TCMulPipe.
Optimizing module FMUL_s3.
Optimizing module TininessRounder.
Optimizing module RoundingUnit.
Optimizing module FMUL_s2.
Optimizing module FMUL_s1.
Optimizing module CLZ.
Optimizing module NaiveMultiplier.

3.17.2. Executing OPT_MERGE pass (detect identical cells).
Finding identical cells in module `\vTCexe'.
Computing hashes of 2 cells of `\vTCexe'.
Finding duplicate cells in `\vTCexe'.
Finding identical cells in module `\Queue1_WriteVecCtrl'.
Computing hashes of 7 cells of `\Queue1_WriteVecCtrl'.
Finding duplicate cells in `\Queue1_WriteVecCtrl'.
Finding identical cells in module `\TensorCoreFP32'.
Computing hashes of 16 cells of `\TensorCoreFP32'.
Finding duplicate cells in `\TensorCoreFP32'.
Finding identical cells in module `\TCDotProduct_1'.
Computing hashes of 17 cells of `\TCDotProduct_1'.
Finding duplicate cells in `\TCDotProduct_1'.
Finding identical cells in module `\Queue1_TCDotProductOutput_1'.
Computing hashes of 7 cells of `\Queue1_TCDotProductOutput_1'.
Finding duplicate cells in `\Queue1_TCDotProductOutput_1'.
Finding identical cells in module `\TCAddPipe_8'.
Computing hashes of 40 cells of `\TCAddPipe_8'.
Finding duplicate cells in `\TCAddPipe_8'.
Finding identical cells in module `\TCMulPipe_8'.
Computing hashes of 37 cells of `\TCMulPipe_8'.
Finding duplicate cells in `\TCMulPipe_8'.
Finding identical cells in module `\TCDotProduct'.
Computing hashes of 17 cells of `\TCDotProduct'.
Finding duplicate cells in `\TCDotProduct'.
Finding identical cells in module `\Queue1_TCDotProductOutput'.
Computing hashes of 7 cells of `\Queue1_TCDotProductOutput'.
Finding duplicate cells in `\Queue1_TCDotProductOutput'.
Finding identical cells in module `\TCAddPipe_1'.
Computing hashes of 36 cells of `\TCAddPipe_1'.
Finding duplicate cells in `\TCAddPipe_1'.
Finding identical cells in module `\TCAddPipe'.
Computing hashes of 50 cells of `\TCAddPipe'.
Finding duplicate cells in `\TCAddPipe'.
Finding identical cells in module `\FCMA_ADD_s2'.
Computing hashes of 72 cells of `\FCMA_ADD_s2'.
Finding duplicate cells in `\FCMA_ADD_s2'.
Finding identical cells in module `\FCMA_ADD_s1'.
Computing hashes of 57 cells of `\FCMA_ADD_s1'.
Finding duplicate cells in `\FCMA_ADD_s1'.
Finding identical cells in module `\NearPath'.
Computing hashes of 100 cells of `\NearPath'.
Finding duplicate cells in `\NearPath'.
Finding identical cells in module `\CLZ_8'.
Computing hashes of 24 cells of `\CLZ_8'.
Finding duplicate cells in `\CLZ_8'.
Finding identical cells in module `\LZA'.
Computing hashes of 144 cells of `\LZA'.
Finding duplicate cells in `\LZA'.
Finding identical cells in module `\FarPath'.
Computing hashes of 7 cells of `\FarPath'.
Finding duplicate cells in `\FarPath'.
Finding identical cells in module `\ShiftRightJam'.
Computing hashes of 13 cells of `\ShiftRightJam'.
Finding duplicate cells in `\ShiftRightJam'.
Finding identical cells in module `\TCMulPipe_1'.
Computing hashes of 33 cells of `\TCMulPipe_1'.
Finding duplicate cells in `\TCMulPipe_1'.
Finding identical cells in module `\TCMulPipe'.
Computing hashes of 47 cells of `\TCMulPipe'.
Finding duplicate cells in `\TCMulPipe'.
Finding identical cells in module `\FMUL_s3'.
Computing hashes of 21 cells of `\FMUL_s3'.
Finding duplicate cells in `\FMUL_s3'.
Finding identical cells in module `\TininessRounder'.
Computing hashes of 6 cells of `\TininessRounder'.
Finding duplicate cells in `\TininessRounder'.
Finding identical cells in module `\RoundingUnit'.
Computing hashes of 23 cells of `\RoundingUnit'.
Finding duplicate cells in `\RoundingUnit'.
Finding identical cells in module `\FMUL_s2'.
Computing hashes of 8 cells of `\FMUL_s2'.
Finding duplicate cells in `\FMUL_s2'.
Finding identical cells in module `\FMUL_s1'.
Computing hashes of 43 cells of `\FMUL_s1'.
Finding duplicate cells in `\FMUL_s1'.
Finding identical cells in module `\CLZ'.
Computing hashes of 49 cells of `\CLZ'.
Finding duplicate cells in `\CLZ'.
Finding identical cells in module `\NaiveMultiplier'.
Computing hashes of 3 cells of `\NaiveMultiplier'.
Finding duplicate cells in `\NaiveMultiplier'.
Removed a total of 0 cells.

3.17.3. Executing OPT_DFF pass (perform DFF optimizations).

3.17.4. Executing OPT_CLEAN pass (remove unused cells and wires).
Finding unused cells or wires in module \vTCexe..
Finding unused cells or wires in module \Queue1_WriteVecCtrl..
Finding unused cells or wires in module \TensorCoreFP32..
Finding unused cells or wires in module \TCDotProduct_1..
Finding unused cells or wires in module \Queue1_TCDotProductOutput_1..
Finding unused cells or wires in module \TCAddPipe_8..
Finding unused cells or wires in module \TCMulPipe_8..
Finding unused cells or wires in module \TCDotProduct..
Finding unused cells or wires in module \Queue1_TCDotProductOutput..
Finding unused cells or wires in module \TCAddPipe_1..
Finding unused cells or wires in module \TCAddPipe..
Finding unused cells or wires in module \FCMA_ADD_s2..
Finding unused cells or wires in module \FCMA_ADD_s1..
Finding unused cells or wires in module \NearPath..
Finding unused cells or wires in module \CLZ_8..
Finding unused cells or wires in module \LZA..
Finding unused cells or wires in module \FarPath..
Finding unused cells or wires in module \ShiftRightJam..
Finding unused cells or wires in module \TCMulPipe_1..
Finding unused cells or wires in module \TCMulPipe..
Finding unused cells or wires in module \FMUL_s3..
Finding unused cells or wires in module \TininessRounder..
Finding unused cells or wires in module \RoundingUnit..
Finding unused cells or wires in module \FMUL_s2..
Finding unused cells or wires in module \FMUL_s1..
Finding unused cells or wires in module \CLZ..
Finding unused cells or wires in module \NaiveMultiplier..
Removed 0 unused cells and 1 unused wires.
<suppressed ~1 debug messages>

3.17.5. Finished fast OPT passes.

3.18. Executing MEMORY_MAP pass (converting memories to logic and flip-flops).

3.19. Executing OPT pass (performing simple optimizations).

3.19.1. Executing OPT_EXPR pass (perform const folding).
Optimizing module vTCexe.
Optimizing module Queue1_WriteVecCtrl.
Optimizing module TensorCoreFP32.
Optimizing module TCDotProduct_1.
Optimizing module Queue1_TCDotProductOutput_1.
Optimizing module TCAddPipe_8.
Optimizing module TCMulPipe_8.
Optimizing module TCDotProduct.
Optimizing module Queue1_TCDotProductOutput.
Optimizing module TCAddPipe_1.
Optimizing module TCAddPipe.
Optimizing module FCMA_ADD_s2.
Optimizing module FCMA_ADD_s1.
Optimizing module NearPath.
Optimizing module CLZ_8.
Optimizing module LZA.
Optimizing module FarPath.
Optimizing module ShiftRightJam.
Optimizing module TCMulPipe_1.
Optimizing module TCMulPipe.
Optimizing module FMUL_s3.
Optimizing module TininessRounder.
Optimizing module RoundingUnit.
Optimizing module FMUL_s2.
Optimizing module FMUL_s1.
Optimizing module CLZ.
Optimizing module NaiveMultiplier.

3.19.2. Executing OPT_MERGE pass (detect identical cells).
Finding identical cells in module `\vTCexe'.
Computing hashes of 2 cells of `\vTCexe'.
Finding duplicate cells in `\vTCexe'.
Finding identical cells in module `\Queue1_WriteVecCtrl'.
Computing hashes of 7 cells of `\Queue1_WriteVecCtrl'.
Finding duplicate cells in `\Queue1_WriteVecCtrl'.
Finding identical cells in module `\TensorCoreFP32'.
Computing hashes of 16 cells of `\TensorCoreFP32'.
Finding duplicate cells in `\TensorCoreFP32'.
Finding identical cells in module `\TCDotProduct_1'.
Computing hashes of 17 cells of `\TCDotProduct_1'.
Finding duplicate cells in `\TCDotProduct_1'.
Finding identical cells in module `\Queue1_TCDotProductOutput_1'.
Computing hashes of 7 cells of `\Queue1_TCDotProductOutput_1'.
Finding duplicate cells in `\Queue1_TCDotProductOutput_1'.
Finding identical cells in module `\TCAddPipe_8'.
Computing hashes of 40 cells of `\TCAddPipe_8'.
Finding duplicate cells in `\TCAddPipe_8'.
Finding identical cells in module `\TCMulPipe_8'.
Computing hashes of 37 cells of `\TCMulPipe_8'.
Finding duplicate cells in `\TCMulPipe_8'.
Finding identical cells in module `\TCDotProduct'.
Computing hashes of 17 cells of `\TCDotProduct'.
Finding duplicate cells in `\TCDotProduct'.
Finding identical cells in module `\Queue1_TCDotProductOutput'.
Computing hashes of 7 cells of `\Queue1_TCDotProductOutput'.
Finding duplicate cells in `\Queue1_TCDotProductOutput'.
Finding identical cells in module `\TCAddPipe_1'.
Computing hashes of 36 cells of `\TCAddPipe_1'.
Finding duplicate cells in `\TCAddPipe_1'.
Finding identical cells in module `\TCAddPipe'.
Computing hashes of 50 cells of `\TCAddPipe'.
Finding duplicate cells in `\TCAddPipe'.
Finding identical cells in module `\FCMA_ADD_s2'.
Computing hashes of 72 cells of `\FCMA_ADD_s2'.
Finding duplicate cells in `\FCMA_ADD_s2'.
Finding identical cells in module `\FCMA_ADD_s1'.
Computing hashes of 57 cells of `\FCMA_ADD_s1'.
Finding duplicate cells in `\FCMA_ADD_s1'.
Finding identical cells in module `\NearPath'.
Computing hashes of 100 cells of `\NearPath'.
Finding duplicate cells in `\NearPath'.
Finding identical cells in module `\CLZ_8'.
Computing hashes of 24 cells of `\CLZ_8'.
Finding duplicate cells in `\CLZ_8'.
Finding identical cells in module `\LZA'.
Computing hashes of 144 cells of `\LZA'.
Finding duplicate cells in `\LZA'.
Finding identical cells in module `\FarPath'.
Computing hashes of 7 cells of `\FarPath'.
Finding duplicate cells in `\FarPath'.
Finding identical cells in module `\ShiftRightJam'.
Computing hashes of 13 cells of `\ShiftRightJam'.
Finding duplicate cells in `\ShiftRightJam'.
Finding identical cells in module `\TCMulPipe_1'.
Computing hashes of 33 cells of `\TCMulPipe_1'.
Finding duplicate cells in `\TCMulPipe_1'.
Finding identical cells in module `\TCMulPipe'.
Computing hashes of 47 cells of `\TCMulPipe'.
Finding duplicate cells in `\TCMulPipe'.
Finding identical cells in module `\FMUL_s3'.
Computing hashes of 21 cells of `\FMUL_s3'.
Finding duplicate cells in `\FMUL_s3'.
Finding identical cells in module `\TininessRounder'.
Computing hashes of 6 cells of `\TininessRounder'.
Finding duplicate cells in `\TininessRounder'.
Finding identical cells in module `\RoundingUnit'.
Computing hashes of 23 cells of `\RoundingUnit'.
Finding duplicate cells in `\RoundingUnit'.
Finding identical cells in module `\FMUL_s2'.
Computing hashes of 8 cells of `\FMUL_s2'.
Finding duplicate cells in `\FMUL_s2'.
Finding identical cells in module `\FMUL_s1'.
Computing hashes of 43 cells of `\FMUL_s1'.
Finding duplicate cells in `\FMUL_s1'.
Finding identical cells in module `\CLZ'.
Computing hashes of 49 cells of `\CLZ'.
Finding duplicate cells in `\CLZ'.
Finding identical cells in module `\NaiveMultiplier'.
Computing hashes of 3 cells of `\NaiveMultiplier'.
Finding duplicate cells in `\NaiveMultiplier'.
Removed a total of 0 cells.

3.19.3. Executing OPT_MUXTREE pass (detect dead branches in mux trees).
Running muxtree optimizer on module \vTCexe..
  Creating internal representation of mux trees.
  No muxes found in this module.
Running muxtree optimizer on module \Queue1_WriteVecCtrl..
  Creating internal representation of mux trees.
  No muxes found in this module.
Running muxtree optimizer on module \TensorCoreFP32..
  Creating internal representation of mux trees.
  No muxes found in this module.
Running muxtree optimizer on module \TCDotProduct_1..
  Creating internal representation of mux trees.
  No muxes found in this module.
Running muxtree optimizer on module \Queue1_TCDotProductOutput_1..
  Creating internal representation of mux trees.
  No muxes found in this module.
Running muxtree optimizer on module \TCAddPipe_8..
  Creating internal representation of mux trees.
  No muxes found in this module.
Running muxtree optimizer on module \TCMulPipe_8..
  Creating internal representation of mux trees.
  No muxes found in this module.
Running muxtree optimizer on module \TCDotProduct..
  Creating internal representation of mux trees.
  No muxes found in this module.
Running muxtree optimizer on module \Queue1_TCDotProductOutput..
  Creating internal representation of mux trees.
  No muxes found in this module.
Running muxtree optimizer on module \TCAddPipe_1..
  Creating internal representation of mux trees.
  No muxes found in this module.
Running muxtree optimizer on module \TCAddPipe..
  Creating internal representation of mux trees.
  No muxes found in this module.
Running muxtree optimizer on module \FCMA_ADD_s2..
  Creating internal representation of mux trees.
  Evaluating internal representation of mux trees.
  Analyzing evaluation results.
Running muxtree optimizer on module \FCMA_ADD_s1..
  Creating internal representation of mux trees.
  Evaluating internal representation of mux trees.
  Analyzing evaluation results.
Running muxtree optimizer on module \NearPath..
  Creating internal representation of mux trees.
  Evaluating internal representation of mux trees.
  Analyzing evaluation results.
Running muxtree optimizer on module \CLZ_8..
  Creating internal representation of mux trees.
  Evaluating internal representation of mux trees.
  Analyzing evaluation results.
Running muxtree optimizer on module \LZA..
  Creating internal representation of mux trees.
  No muxes found in this module.
Running muxtree optimizer on module \FarPath..
  Creating internal representation of mux trees.
  Evaluating internal representation of mux trees.
  Analyzing evaluation results.
Running muxtree optimizer on module \ShiftRightJam..
  Creating internal representation of mux trees.
  Evaluating internal representation of mux trees.
  Analyzing evaluation results.
Running muxtree optimizer on module \TCMulPipe_1..
  Creating internal representation of mux trees.
  No muxes found in this module.
Running muxtree optimizer on module \TCMulPipe..
  Creating internal representation of mux trees.
  No muxes found in this module.
Running muxtree optimizer on module \FMUL_s3..
  Creating internal representation of mux trees.
  Evaluating internal representation of mux trees.
  Analyzing evaluation results.
Running muxtree optimizer on module \TininessRounder..
  Creating internal representation of mux trees.
  No muxes found in this module.
Running muxtree optimizer on module \RoundingUnit..
  Creating internal representation of mux trees.
  Evaluating internal representation of mux trees.
  Analyzing evaluation results.
Running muxtree optimizer on module \FMUL_s2..
  Creating internal representation of mux trees.
  Evaluating internal representation of mux trees.
  Analyzing evaluation results.
Running muxtree optimizer on module \FMUL_s1..
  Creating internal representation of mux trees.
  Evaluating internal representation of mux trees.
  Analyzing evaluation results.
Running muxtree optimizer on module \CLZ..
  Creating internal representation of mux trees.
  Evaluating internal representation of mux trees.
  Analyzing evaluation results.
Running muxtree optimizer on module \NaiveMultiplier..
  Creating internal representation of mux trees.
  No muxes found in this module.
Removed 0 multiplexer ports.
<suppressed ~160 debug messages>

3.19.4. Executing OPT_REDUCE pass (consolidate $*mux and $reduce_* inputs).
  Optimizing cells in module \vTCexe.
  Optimizing cells in module \Queue1_WriteVecCtrl.
  Optimizing cells in module \TensorCoreFP32.
  Optimizing cells in module \TCDotProduct_1.
  Optimizing cells in module \Queue1_TCDotProductOutput_1.
  Optimizing cells in module \TCAddPipe_8.
  Optimizing cells in module \TCMulPipe_8.
  Optimizing cells in module \TCDotProduct.
  Optimizing cells in module \Queue1_TCDotProductOutput.
  Optimizing cells in module \TCAddPipe_1.
  Optimizing cells in module \TCAddPipe.
  Optimizing cells in module \FCMA_ADD_s2.
    Consolidated identical input bits for $mux cell $ternary$logic.v:1359$638:
      Old ports: A={ 2'00 \common_overflow $or$logic.v:1363$637_Y $or$logic.v:1366$628_Y }, B={ \io_in_special_case_bits_iv 4'0000 }, Y=\io_fflags
      New ports: A={ 1'0 \common_overflow $or$logic.v:1363$637_Y $or$logic.v:1366$628_Y }, B={ \io_in_special_case_bits_iv 3'000 }, Y={ \io_fflags [4] \io_fflags [2:0] }
      New connections: \io_fflags [3] = 1'0
    Consolidated identical input bits for $mux cell $ternary$logic.v:1342$614:
      Old ports: A={ \io_in_special_case_bits_inf_sign 31'1111111100000000000000000000000 }, B=2143289344, Y=$ternary$logic.v:1342$614_Y
      New ports: A={ \io_in_special_case_bits_inf_sign 1'0 }, B=2'01, Y={ $ternary$logic.v:1342$614_Y [31] $ternary$logic.v:1342$614_Y [22] }
      New connections: { $ternary$logic.v:1342$614_Y [30:23] $ternary$logic.v:1342$614_Y [21:0] } = 30'111111110000000000000000000000
    Consolidated identical input bits for $mux cell $ternary$logic.v:1281$577:
      Old ports: A=27'000000000000000000000000000, B={ \_adder_result_T [25:3] \io_in_far_sig_b [2:0] 1'0 }, Y=$ternary$logic.v:1281$577_Y
      New ports: A=26'00000000000000000000000000, B={ \_adder_result_T [25:3] \io_in_far_sig_b [2:0] }, Y=$ternary$logic.v:1281$577_Y [26:1]
      New connections: $ternary$logic.v:1281$577_Y [0] = 1'0
  Optimizing cells in module \FCMA_ADD_s2.
  Optimizing cells in module \FCMA_ADD_s1.
  Optimizing cells in module \NearPath.
  Optimizing cells in module \CLZ_8.
    Consolidated identical input bits for $mux cell $ternary$logic.v:943$377:
      Old ports: A=4'1000, B=4'0111, Y=$auto$wreduce.cc:514:run$1579 [3:0]
      New ports: A=2'10, B=2'01, Y={ $auto$wreduce.cc:514:run$1579 [3] $auto$wreduce.cc:514:run$1579 [0] }
      New connections: $auto$wreduce.cc:514:run$1579 [2:1] = { $auto$wreduce.cc:514:run$1579 [0] $auto$wreduce.cc:514:run$1579 [0] }
  Optimizing cells in module \CLZ_8.
    Consolidated identical input bits for $mux cell $ternary$logic.v:941$378:
      Old ports: A=$auto$wreduce.cc:514:run$1579 [3:0], B=4'0110, Y=$auto$wreduce.cc:514:run$1578 [3:0]
      New ports: A={ $auto$wreduce.cc:514:run$1579 [3] $auto$wreduce.cc:514:run$1579 [0] $auto$wreduce.cc:514:run$1579 [0] }, B=3'010, Y={ $auto$wreduce.cc:514:run$1578 [3] $auto$wreduce.cc:514:run$1578 [1:0] }
      New connections: $auto$wreduce.cc:514:run$1578 [2] = $auto$wreduce.cc:514:run$1578 [1]
  Optimizing cells in module \CLZ_8.
  Optimizing cells in module \LZA.
  Optimizing cells in module \FarPath.
  Optimizing cells in module \ShiftRightJam.
  Optimizing cells in module \TCMulPipe_1.
  Optimizing cells in module \TCMulPipe.
  Optimizing cells in module \FMUL_s3.
    Consolidated identical input bits for $mux cell $ternary$logic.v:372$157:
      Old ports: A=31'0000000000000000000000000000000, B=31'1111111100000000000000000000000, Y=$ternary$logic.v:372$157_Y
      New ports: A=1'0, B=1'1, Y=$ternary$logic.v:372$157_Y [23]
      New connections: { $ternary$logic.v:372$157_Y [30:24] $ternary$logic.v:372$157_Y [22:0] } = { $ternary$logic.v:372$157_Y [23] $ternary$logic.v:372$157_Y [23] $ternary$logic.v:372$157_Y [23] $ternary$logic.v:372$157_Y [23] $ternary$logic.v:372$157_Y [23] $ternary$logic.v:372$157_Y [23] $ternary$logic.v:372$157_Y [23] 23'00000000000000000000000 }
  Optimizing cells in module \FMUL_s3.
    Consolidated identical input bits for $mux cell $ternary$logic.v:370$158:
      Old ports: A={ \io_in_raw_out_sign $ternary$logic.v:372$157_Y }, B=2143289344, Y=$ternary$logic.v:370$158_Y
      New ports: A={ \io_in_raw_out_sign $ternary$logic.v:372$157_Y [23] 1'0 }, B=3'011, Y={ $ternary$logic.v:370$158_Y [31] $ternary$logic.v:370$158_Y [23:22] }
      New connections: { $ternary$logic.v:370$158_Y [30:24] $ternary$logic.v:370$158_Y [21:0] } = { $ternary$logic.v:370$158_Y [23] $ternary$logic.v:370$158_Y [23] $ternary$logic.v:370$158_Y [23] $ternary$logic.v:370$158_Y [23] $ternary$logic.v:370$158_Y [23] $ternary$logic.v:370$158_Y [23] $ternary$logic.v:370$158_Y [23] 22'0000000000000000000000 }
  Optimizing cells in module \FMUL_s3.
  Optimizing cells in module \TininessRounder.
  Optimizing cells in module \RoundingUnit.
  Optimizing cells in module \FMUL_s2.
  Optimizing cells in module \FMUL_s1.
  Optimizing cells in module \CLZ.
    Consolidated identical input bits for $mux cell $ternary$logic.v:193$7:
      Old ports: A={ 4'1000 $not$logic.v:196$6_Y }, B=5'01111, Y=$auto$wreduce.cc:514:run$1597 [4:0]
      New ports: A={ 2'10 $not$logic.v:196$6_Y }, B=3'011, Y={ $auto$wreduce.cc:514:run$1597 [4] $auto$wreduce.cc:514:run$1597 [1:0] }
      New connections: $auto$wreduce.cc:514:run$1597 [3:2] = { $auto$wreduce.cc:514:run$1597 [1] $auto$wreduce.cc:514:run$1597 [1] }
  Optimizing cells in module \CLZ.
    Consolidated identical input bits for $mux cell $ternary$logic.v:191$8:
      Old ports: A=$auto$wreduce.cc:514:run$1597 [4:0], B=5'01110, Y=$auto$wreduce.cc:514:run$1596 [4:0]
      New ports: A={ $auto$wreduce.cc:514:run$1597 [4] $auto$wreduce.cc:514:run$1597 [1:0] }, B=3'010, Y={ $auto$wreduce.cc:514:run$1596 [4] $auto$wreduce.cc:514:run$1596 [1:0] }
      New connections: $auto$wreduce.cc:514:run$1596 [3:2] = { $auto$wreduce.cc:514:run$1596 [1] $auto$wreduce.cc:514:run$1596 [1] }
  Optimizing cells in module \CLZ.
    Consolidated identical input bits for $mux cell $ternary$logic.v:189$9:
      Old ports: A=$auto$wreduce.cc:514:run$1596 [4:0], B=5'01101, Y=$auto$wreduce.cc:514:run$1595 [4:0]
      New ports: A={ $auto$wreduce.cc:514:run$1596 [4] $auto$wreduce.cc:514:run$1596 [1] $auto$wreduce.cc:514:run$1596 [1:0] }, B=4'0101, Y={ $auto$wreduce.cc:514:run$1595 [4] $auto$wreduce.cc:514:run$1595 [2:0] }
      New connections: $auto$wreduce.cc:514:run$1595 [3] = $auto$wreduce.cc:514:run$1595 [2]
  Optimizing cells in module \CLZ.
    Consolidated identical input bits for $mux cell $ternary$logic.v:187$10:
      Old ports: A=$auto$wreduce.cc:514:run$1595 [4:0], B=5'01100, Y=$auto$wreduce.cc:514:run$1594 [4:0]
      New ports: A={ $auto$wreduce.cc:514:run$1595 [4] $auto$wreduce.cc:514:run$1595 [2:0] }, B=4'0100, Y={ $auto$wreduce.cc:514:run$1594 [4] $auto$wreduce.cc:514:run$1594 [2:0] }
      New connections: $auto$wreduce.cc:514:run$1594 [3] = $auto$wreduce.cc:514:run$1594 [2]
  Optimizing cells in module \CLZ.
  Optimizing cells in module \NaiveMultiplier.
Performed a total of 11 changes.

3.19.5. Executing OPT_MERGE pass (detect identical cells).
Finding identical cells in module `\vTCexe'.
Computing hashes of 2 cells of `\vTCexe'.
Finding duplicate cells in `\vTCexe'.
Finding identical cells in module `\Queue1_WriteVecCtrl'.
Computing hashes of 7 cells of `\Queue1_WriteVecCtrl'.
Finding duplicate cells in `\Queue1_WriteVecCtrl'.
Finding identical cells in module `\TensorCoreFP32'.
Computing hashes of 16 cells of `\TensorCoreFP32'.
Finding duplicate cells in `\TensorCoreFP32'.
Finding identical cells in module `\TCDotProduct_1'.
Computing hashes of 17 cells of `\TCDotProduct_1'.
Finding duplicate cells in `\TCDotProduct_1'.
Finding identical cells in module `\Queue1_TCDotProductOutput_1'.
Computing hashes of 7 cells of `\Queue1_TCDotProductOutput_1'.
Finding duplicate cells in `\Queue1_TCDotProductOutput_1'.
Finding identical cells in module `\TCAddPipe_8'.
Computing hashes of 40 cells of `\TCAddPipe_8'.
Finding duplicate cells in `\TCAddPipe_8'.
Finding identical cells in module `\TCMulPipe_8'.
Computing hashes of 37 cells of `\TCMulPipe_8'.
Finding duplicate cells in `\TCMulPipe_8'.
Finding identical cells in module `\TCDotProduct'.
Computing hashes of 17 cells of `\TCDotProduct'.
Finding duplicate cells in `\TCDotProduct'.
Finding identical cells in module `\Queue1_TCDotProductOutput'.
Computing hashes of 7 cells of `\Queue1_TCDotProductOutput'.
Finding duplicate cells in `\Queue1_TCDotProductOutput'.
Finding identical cells in module `\TCAddPipe_1'.
Computing hashes of 36 cells of `\TCAddPipe_1'.
Finding duplicate cells in `\TCAddPipe_1'.
Finding identical cells in module `\TCAddPipe'.
Computing hashes of 50 cells of `\TCAddPipe'.
Finding duplicate cells in `\TCAddPipe'.
Finding identical cells in module `\FCMA_ADD_s2'.
Computing hashes of 72 cells of `\FCMA_ADD_s2'.
Finding duplicate cells in `\FCMA_ADD_s2'.
Finding identical cells in module `\FCMA_ADD_s1'.
Computing hashes of 57 cells of `\FCMA_ADD_s1'.
Finding duplicate cells in `\FCMA_ADD_s1'.
Finding identical cells in module `\NearPath'.
Computing hashes of 100 cells of `\NearPath'.
Finding duplicate cells in `\NearPath'.
Finding identical cells in module `\CLZ_8'.
Computing hashes of 24 cells of `\CLZ_8'.
Finding duplicate cells in `\CLZ_8'.
Finding identical cells in module `\LZA'.
Computing hashes of 144 cells of `\LZA'.
Finding duplicate cells in `\LZA'.
Finding identical cells in module `\FarPath'.
Computing hashes of 7 cells of `\FarPath'.
Finding duplicate cells in `\FarPath'.
Finding identical cells in module `\ShiftRightJam'.
Computing hashes of 13 cells of `\ShiftRightJam'.
Finding duplicate cells in `\ShiftRightJam'.
Finding identical cells in module `\TCMulPipe_1'.
Computing hashes of 33 cells of `\TCMulPipe_1'.
Finding duplicate cells in `\TCMulPipe_1'.
Finding identical cells in module `\TCMulPipe'.
Computing hashes of 47 cells of `\TCMulPipe'.
Finding duplicate cells in `\TCMulPipe'.
Finding identical cells in module `\FMUL_s3'.
Computing hashes of 21 cells of `\FMUL_s3'.
Finding duplicate cells in `\FMUL_s3'.
Finding identical cells in module `\TininessRounder'.
Computing hashes of 6 cells of `\TininessRounder'.
Finding duplicate cells in `\TininessRounder'.
Finding identical cells in module `\RoundingUnit'.
Computing hashes of 23 cells of `\RoundingUnit'.
Finding duplicate cells in `\RoundingUnit'.
Finding identical cells in module `\FMUL_s2'.
Computing hashes of 8 cells of `\FMUL_s2'.
Finding duplicate cells in `\FMUL_s2'.
Finding identical cells in module `\FMUL_s1'.
Computing hashes of 43 cells of `\FMUL_s1'.
Finding duplicate cells in `\FMUL_s1'.
Finding identical cells in module `\CLZ'.
Computing hashes of 49 cells of `\CLZ'.
Finding duplicate cells in `\CLZ'.
Finding identical cells in module `\NaiveMultiplier'.
Computing hashes of 3 cells of `\NaiveMultiplier'.
Finding duplicate cells in `\NaiveMultiplier'.
Removed a total of 0 cells.

3.19.6. Executing OPT_SHARE pass.

3.19.7. Executing OPT_DFF pass (perform DFF optimizations).

3.19.8. Executing OPT_CLEAN pass (remove unused cells and wires).
Finding unused cells or wires in module \vTCexe..
Finding unused cells or wires in module \Queue1_WriteVecCtrl..
Finding unused cells or wires in module \TensorCoreFP32..
Finding unused cells or wires in module \TCDotProduct_1..
Finding unused cells or wires in module \Queue1_TCDotProductOutput_1..
Finding unused cells or wires in module \TCAddPipe_8..
Finding unused cells or wires in module \TCMulPipe_8..
Finding unused cells or wires in module \TCDotProduct..
Finding unused cells or wires in module \Queue1_TCDotProductOutput..
Finding unused cells or wires in module \TCAddPipe_1..
Finding unused cells or wires in module \TCAddPipe..
Finding unused cells or wires in module \FCMA_ADD_s2..
Finding unused cells or wires in module \FCMA_ADD_s1..
Finding unused cells or wires in module \NearPath..
Finding unused cells or wires in module \CLZ_8..
Finding unused cells or wires in module \LZA..
Finding unused cells or wires in module \FarPath..
Finding unused cells or wires in module \ShiftRightJam..
Finding unused cells or wires in module \TCMulPipe_1..
Finding unused cells or wires in module \TCMulPipe..
Finding unused cells or wires in module \FMUL_s3..
Finding unused cells or wires in module \TininessRounder..
Finding unused cells or wires in module \RoundingUnit..
Finding unused cells or wires in module \FMUL_s2..
Finding unused cells or wires in module \FMUL_s1..
Finding unused cells or wires in module \CLZ..
Finding unused cells or wires in module \NaiveMultiplier..

3.19.9. Executing OPT_EXPR pass (perform const folding).
Optimizing module vTCexe.
Optimizing module Queue1_WriteVecCtrl.
Optimizing module TensorCoreFP32.
Optimizing module TCDotProduct_1.
Optimizing module Queue1_TCDotProductOutput_1.
Optimizing module TCAddPipe_8.
Optimizing module TCMulPipe_8.
Optimizing module TCDotProduct.
Optimizing module Queue1_TCDotProductOutput.
Optimizing module TCAddPipe_1.
Optimizing module TCAddPipe.
Optimizing module FCMA_ADD_s2.
<suppressed ~5 debug messages>
Optimizing module FCMA_ADD_s1.
Optimizing module NearPath.
Optimizing module CLZ_8.
Optimizing module LZA.
Optimizing module FarPath.
Optimizing module ShiftRightJam.
Optimizing module TCMulPipe_1.
Optimizing module TCMulPipe.
Optimizing module FMUL_s3.
<suppressed ~1 debug messages>
Optimizing module TininessRounder.
Optimizing module RoundingUnit.
Optimizing module FMUL_s2.
Optimizing module FMUL_s1.
Optimizing module CLZ.
Optimizing module NaiveMultiplier.

3.19.10. Rerunning OPT passes. (Maybe there is more to do..)

3.19.11. Executing OPT_MUXTREE pass (detect dead branches in mux trees).
Running muxtree optimizer on module \vTCexe..
  Creating internal representation of mux trees.
  No muxes found in this module.
Running muxtree optimizer on module \Queue1_WriteVecCtrl..
  Creating internal representation of mux trees.
  No muxes found in this module.
Running muxtree optimizer on module \TensorCoreFP32..
  Creating internal representation of mux trees.
  No muxes found in this module.
Running muxtree optimizer on module \TCDotProduct_1..
  Creating internal representation of mux trees.
  No muxes found in this module.
Running muxtree optimizer on module \Queue1_TCDotProductOutput_1..
  Creating internal representation of mux trees.
  No muxes found in this module.
Running muxtree optimizer on module \TCAddPipe_8..
  Creating internal representation of mux trees.
  No muxes found in this module.
Running muxtree optimizer on module \TCMulPipe_8..
  Creating internal representation of mux trees.
  No muxes found in this module.
Running muxtree optimizer on module \TCDotProduct..
  Creating internal representation of mux trees.
  No muxes found in this module.
Running muxtree optimizer on module \Queue1_TCDotProductOutput..
  Creating internal representation of mux trees.
  No muxes found in this module.
Running muxtree optimizer on module \TCAddPipe_1..
  Creating internal representation of mux trees.
  No muxes found in this module.
Running muxtree optimizer on module \TCAddPipe..
  Creating internal representation of mux trees.
  No muxes found in this module.
Running muxtree optimizer on module \FCMA_ADD_s2..
  Creating internal representation of mux trees.
  Evaluating internal representation of mux trees.
  Analyzing evaluation results.
Running muxtree optimizer on module \FCMA_ADD_s1..
  Creating internal representation of mux trees.
  Evaluating internal representation of mux trees.
  Analyzing evaluation results.
Running muxtree optimizer on module \NearPath..
  Creating internal representation of mux trees.
  Evaluating internal representation of mux trees.
  Analyzing evaluation results.
Running muxtree optimizer on module \CLZ_8..
  Creating internal representation of mux trees.
  Evaluating internal representation of mux trees.
  Analyzing evaluation results.
Running muxtree optimizer on module \LZA..
  Creating internal representation of mux trees.
  No muxes found in this module.
Running muxtree optimizer on module \FarPath..
  Creating internal representation of mux trees.
  Evaluating internal representation of mux trees.
  Analyzing evaluation results.
Running muxtree optimizer on module \ShiftRightJam..
  Creating internal representation of mux trees.
  Evaluating internal representation of mux trees.
  Analyzing evaluation results.
Running muxtree optimizer on module \TCMulPipe_1..
  Creating internal representation of mux trees.
  No muxes found in this module.
Running muxtree optimizer on module \TCMulPipe..
  Creating internal representation of mux trees.
  No muxes found in this module.
Running muxtree optimizer on module \FMUL_s3..
  Creating internal representation of mux trees.
  Evaluating internal representation of mux trees.
  Analyzing evaluation results.
Running muxtree optimizer on module \TininessRounder..
  Creating internal representation of mux trees.
  No muxes found in this module.
Running muxtree optimizer on module \RoundingUnit..
  Creating internal representation of mux trees.
  Evaluating internal representation of mux trees.
  Analyzing evaluation results.
Running muxtree optimizer on module \FMUL_s2..
  Creating internal representation of mux trees.
  Evaluating internal representation of mux trees.
  Analyzing evaluation results.
Running muxtree optimizer on module \FMUL_s1..
  Creating internal representation of mux trees.
  Evaluating internal representation of mux trees.
  Analyzing evaluation results.
Running muxtree optimizer on module \CLZ..
  Creating internal representation of mux trees.
  Evaluating internal representation of mux trees.
  Analyzing evaluation results.
Running muxtree optimizer on module \NaiveMultiplier..
  Creating internal representation of mux trees.
  No muxes found in this module.
Removed 0 multiplexer ports.
<suppressed ~159 debug messages>

3.19.12. Executing OPT_REDUCE pass (consolidate $*mux and $reduce_* inputs).
  Optimizing cells in module \vTCexe.
  Optimizing cells in module \Queue1_WriteVecCtrl.
  Optimizing cells in module \TensorCoreFP32.
  Optimizing cells in module \TCDotProduct_1.
  Optimizing cells in module \Queue1_TCDotProductOutput_1.
  Optimizing cells in module \TCAddPipe_8.
  Optimizing cells in module \TCMulPipe_8.
  Optimizing cells in module \TCDotProduct.
  Optimizing cells in module \Queue1_TCDotProductOutput.
  Optimizing cells in module \TCAddPipe_1.
  Optimizing cells in module \TCAddPipe.
  Optimizing cells in module \FCMA_ADD_s2.
  Optimizing cells in module \FCMA_ADD_s1.
  Optimizing cells in module \NearPath.
  Optimizing cells in module \CLZ_8.
  Optimizing cells in module \LZA.
  Optimizing cells in module \FarPath.
  Optimizing cells in module \ShiftRightJam.
  Optimizing cells in module \TCMulPipe_1.
  Optimizing cells in module \TCMulPipe.
  Optimizing cells in module \FMUL_s3.
  Optimizing cells in module \TininessRounder.
  Optimizing cells in module \RoundingUnit.
  Optimizing cells in module \FMUL_s2.
  Optimizing cells in module \FMUL_s1.
  Optimizing cells in module \CLZ.
  Optimizing cells in module \NaiveMultiplier.
Performed a total of 0 changes.

3.19.13. Executing OPT_MERGE pass (detect identical cells).
Finding identical cells in module `\vTCexe'.
Computing hashes of 2 cells of `\vTCexe'.
Finding duplicate cells in `\vTCexe'.
Finding identical cells in module `\Queue1_WriteVecCtrl'.
Computing hashes of 7 cells of `\Queue1_WriteVecCtrl'.
Finding duplicate cells in `\Queue1_WriteVecCtrl'.
Finding identical cells in module `\TensorCoreFP32'.
Computing hashes of 16 cells of `\TensorCoreFP32'.
Finding duplicate cells in `\TensorCoreFP32'.
Finding identical cells in module `\TCDotProduct_1'.
Computing hashes of 17 cells of `\TCDotProduct_1'.
Finding duplicate cells in `\TCDotProduct_1'.
Finding identical cells in module `\Queue1_TCDotProductOutput_1'.
Computing hashes of 7 cells of `\Queue1_TCDotProductOutput_1'.
Finding duplicate cells in `\Queue1_TCDotProductOutput_1'.
Finding identical cells in module `\TCAddPipe_8'.
Computing hashes of 40 cells of `\TCAddPipe_8'.
Finding duplicate cells in `\TCAddPipe_8'.
Finding identical cells in module `\TCMulPipe_8'.
Computing hashes of 37 cells of `\TCMulPipe_8'.
Finding duplicate cells in `\TCMulPipe_8'.
Finding identical cells in module `\TCDotProduct'.
Computing hashes of 17 cells of `\TCDotProduct'.
Finding duplicate cells in `\TCDotProduct'.
Finding identical cells in module `\Queue1_TCDotProductOutput'.
Computing hashes of 7 cells of `\Queue1_TCDotProductOutput'.
Finding duplicate cells in `\Queue1_TCDotProductOutput'.
Finding identical cells in module `\TCAddPipe_1'.
Computing hashes of 36 cells of `\TCAddPipe_1'.
Finding duplicate cells in `\TCAddPipe_1'.
Finding identical cells in module `\TCAddPipe'.
Computing hashes of 50 cells of `\TCAddPipe'.
Finding duplicate cells in `\TCAddPipe'.
Finding identical cells in module `\FCMA_ADD_s2'.
Computing hashes of 72 cells of `\FCMA_ADD_s2'.
Finding duplicate cells in `\FCMA_ADD_s2'.
Finding identical cells in module `\FCMA_ADD_s1'.
Computing hashes of 57 cells of `\FCMA_ADD_s1'.
Finding duplicate cells in `\FCMA_ADD_s1'.
Finding identical cells in module `\NearPath'.
Computing hashes of 100 cells of `\NearPath'.
Finding duplicate cells in `\NearPath'.
Finding identical cells in module `\CLZ_8'.
Computing hashes of 24 cells of `\CLZ_8'.
Finding duplicate cells in `\CLZ_8'.
Finding identical cells in module `\LZA'.
Computing hashes of 144 cells of `\LZA'.
Finding duplicate cells in `\LZA'.
Finding identical cells in module `\FarPath'.
Computing hashes of 7 cells of `\FarPath'.
Finding duplicate cells in `\FarPath'.
Finding identical cells in module `\ShiftRightJam'.
Computing hashes of 13 cells of `\ShiftRightJam'.
Finding duplicate cells in `\ShiftRightJam'.
Finding identical cells in module `\TCMulPipe_1'.
Computing hashes of 33 cells of `\TCMulPipe_1'.
Finding duplicate cells in `\TCMulPipe_1'.
Finding identical cells in module `\TCMulPipe'.
Computing hashes of 47 cells of `\TCMulPipe'.
Finding duplicate cells in `\TCMulPipe'.
Finding identical cells in module `\FMUL_s3'.
Computing hashes of 20 cells of `\FMUL_s3'.
Finding duplicate cells in `\FMUL_s3'.
Finding identical cells in module `\TininessRounder'.
Computing hashes of 6 cells of `\TininessRounder'.
Finding duplicate cells in `\TininessRounder'.
Finding identical cells in module `\RoundingUnit'.
Computing hashes of 23 cells of `\RoundingUnit'.
Finding duplicate cells in `\RoundingUnit'.
Finding identical cells in module `\FMUL_s2'.
Computing hashes of 8 cells of `\FMUL_s2'.
Finding duplicate cells in `\FMUL_s2'.
Finding identical cells in module `\FMUL_s1'.
Computing hashes of 43 cells of `\FMUL_s1'.
Finding duplicate cells in `\FMUL_s1'.
Finding identical cells in module `\CLZ'.
Computing hashes of 49 cells of `\CLZ'.
Finding duplicate cells in `\CLZ'.
Finding identical cells in module `\NaiveMultiplier'.
Computing hashes of 3 cells of `\NaiveMultiplier'.
Finding duplicate cells in `\NaiveMultiplier'.
Removed a total of 0 cells.

3.19.14. Executing OPT_SHARE pass.

3.19.15. Executing OPT_DFF pass (perform DFF optimizations).

3.19.16. Executing OPT_CLEAN pass (remove unused cells and wires).
Finding unused cells or wires in module \vTCexe..
Finding unused cells or wires in module \Queue1_WriteVecCtrl..
Finding unused cells or wires in module \TensorCoreFP32..
Finding unused cells or wires in module \TCDotProduct_1..
Finding unused cells or wires in module \Queue1_TCDotProductOutput_1..
Finding unused cells or wires in module \TCAddPipe_8..
Finding unused cells or wires in module \TCMulPipe_8..
Finding unused cells or wires in module \TCDotProduct..
Finding unused cells or wires in module \Queue1_TCDotProductOutput..
Finding unused cells or wires in module \TCAddPipe_1..
Finding unused cells or wires in module \TCAddPipe..
Finding unused cells or wires in module \FCMA_ADD_s2..
Finding unused cells or wires in module \FCMA_ADD_s1..
Finding unused cells or wires in module \NearPath..
Finding unused cells or wires in module \CLZ_8..
Finding unused cells or wires in module \LZA..
Finding unused cells or wires in module \FarPath..
Finding unused cells or wires in module \ShiftRightJam..
Finding unused cells or wires in module \TCMulPipe_1..
Finding unused cells or wires in module \TCMulPipe..
Finding unused cells or wires in module \FMUL_s3..
Finding unused cells or wires in module \TininessRounder..
Finding unused cells or wires in module \RoundingUnit..
Finding unused cells or wires in module \FMUL_s2..
Finding unused cells or wires in module \FMUL_s1..
Finding unused cells or wires in module \CLZ..
Finding unused cells or wires in module \NaiveMultiplier..
Removed 0 unused cells and 3 unused wires.
<suppressed ~2 debug messages>

3.19.17. Executing OPT_EXPR pass (perform const folding).
Optimizing module vTCexe.
Optimizing module Queue1_WriteVecCtrl.
Optimizing module TensorCoreFP32.
Optimizing module TCDotProduct_1.
Optimizing module Queue1_TCDotProductOutput_1.
Optimizing module TCAddPipe_8.
Optimizing module TCMulPipe_8.
Optimizing module TCDotProduct.
Optimizing module Queue1_TCDotProductOutput.
Optimizing module TCAddPipe_1.
Optimizing module TCAddPipe.
Optimizing module FCMA_ADD_s2.
Optimizing module FCMA_ADD_s1.
Optimizing module NearPath.
Optimizing module CLZ_8.
Optimizing module LZA.
Optimizing module FarPath.
Optimizing module ShiftRightJam.
Optimizing module TCMulPipe_1.
Optimizing module TCMulPipe.
Optimizing module FMUL_s3.
Optimizing module TininessRounder.
Optimizing module RoundingUnit.
Optimizing module FMUL_s2.
Optimizing module FMUL_s1.
Optimizing module CLZ.
Optimizing module NaiveMultiplier.

3.19.18. Rerunning OPT passes. (Maybe there is more to do..)

3.19.19. Executing OPT_MUXTREE pass (detect dead branches in mux trees).
Running muxtree optimizer on module \vTCexe..
  Creating internal representation of mux trees.
  No muxes found in this module.
Running muxtree optimizer on module \Queue1_WriteVecCtrl..
  Creating internal representation of mux trees.
  No muxes found in this module.
Running muxtree optimizer on module \TensorCoreFP32..
  Creating internal representation of mux trees.
  No muxes found in this module.
Running muxtree optimizer on module \TCDotProduct_1..
  Creating internal representation of mux trees.
  No muxes found in this module.
Running muxtree optimizer on module \Queue1_TCDotProductOutput_1..
  Creating internal representation of mux trees.
  No muxes found in this module.
Running muxtree optimizer on module \TCAddPipe_8..
  Creating internal representation of mux trees.
  No muxes found in this module.
Running muxtree optimizer on module \TCMulPipe_8..
  Creating internal representation of mux trees.
  No muxes found in this module.
Running muxtree optimizer on module \TCDotProduct..
  Creating internal representation of mux trees.
  No muxes found in this module.
Running muxtree optimizer on module \Queue1_TCDotProductOutput..
  Creating internal representation of mux trees.
  No muxes found in this module.
Running muxtree optimizer on module \TCAddPipe_1..
  Creating internal representation of mux trees.
  No muxes found in this module.
Running muxtree optimizer on module \TCAddPipe..
  Creating internal representation of mux trees.
  No muxes found in this module.
Running muxtree optimizer on module \FCMA_ADD_s2..
  Creating internal representation of mux trees.
  Evaluating internal representation of mux trees.
  Analyzing evaluation results.
Running muxtree optimizer on module \FCMA_ADD_s1..
  Creating internal representation of mux trees.
  Evaluating internal representation of mux trees.
  Analyzing evaluation results.
Running muxtree optimizer on module \NearPath..
  Creating internal representation of mux trees.
  Evaluating internal representation of mux trees.
  Analyzing evaluation results.
Running muxtree optimizer on module \CLZ_8..
  Creating internal representation of mux trees.
  Evaluating internal representation of mux trees.
  Analyzing evaluation results.
Running muxtree optimizer on module \LZA..
  Creating internal representation of mux trees.
  No muxes found in this module.
Running muxtree optimizer on module \FarPath..
  Creating internal representation of mux trees.
  Evaluating internal representation of mux trees.
  Analyzing evaluation results.
Running muxtree optimizer on module \ShiftRightJam..
  Creating internal representation of mux trees.
  Evaluating internal representation of mux trees.
  Analyzing evaluation results.
Running muxtree optimizer on module \TCMulPipe_1..
  Creating internal representation of mux trees.
  No muxes found in this module.
Running muxtree optimizer on module \TCMulPipe..
  Creating internal representation of mux trees.
  No muxes found in this module.
Running muxtree optimizer on module \FMUL_s3..
  Creating internal representation of mux trees.
  Evaluating internal representation of mux trees.
  Analyzing evaluation results.
Running muxtree optimizer on module \TininessRounder..
  Creating internal representation of mux trees.
  No muxes found in this module.
Running muxtree optimizer on module \RoundingUnit..
  Creating internal representation of mux trees.
  Evaluating internal representation of mux trees.
  Analyzing evaluation results.
Running muxtree optimizer on module \FMUL_s2..
  Creating internal representation of mux trees.
  Evaluating internal representation of mux trees.
  Analyzing evaluation results.
Running muxtree optimizer on module \FMUL_s1..
  Creating internal representation of mux trees.
  Evaluating internal representation of mux trees.
  Analyzing evaluation results.
Running muxtree optimizer on module \CLZ..
  Creating internal representation of mux trees.
  Evaluating internal representation of mux trees.
  Analyzing evaluation results.
Running muxtree optimizer on module \NaiveMultiplier..
  Creating internal representation of mux trees.
  No muxes found in this module.
Removed 0 multiplexer ports.
<suppressed ~159 debug messages>

3.19.20. Executing OPT_REDUCE pass (consolidate $*mux and $reduce_* inputs).
  Optimizing cells in module \vTCexe.
  Optimizing cells in module \Queue1_WriteVecCtrl.
  Optimizing cells in module \TensorCoreFP32.
  Optimizing cells in module \TCDotProduct_1.
  Optimizing cells in module \Queue1_TCDotProductOutput_1.
  Optimizing cells in module \TCAddPipe_8.
  Optimizing cells in module \TCMulPipe_8.
  Optimizing cells in module \TCDotProduct.
  Optimizing cells in module \Queue1_TCDotProductOutput.
  Optimizing cells in module \TCAddPipe_1.
  Optimizing cells in module \TCAddPipe.
  Optimizing cells in module \FCMA_ADD_s2.
  Optimizing cells in module \FCMA_ADD_s1.
  Optimizing cells in module \NearPath.
  Optimizing cells in module \CLZ_8.
  Optimizing cells in module \LZA.
  Optimizing cells in module \FarPath.
  Optimizing cells in module \ShiftRightJam.
  Optimizing cells in module \TCMulPipe_1.
  Optimizing cells in module \TCMulPipe.
  Optimizing cells in module \FMUL_s3.
  Optimizing cells in module \TininessRounder.
  Optimizing cells in module \RoundingUnit.
  Optimizing cells in module \FMUL_s2.
  Optimizing cells in module \FMUL_s1.
  Optimizing cells in module \CLZ.
  Optimizing cells in module \NaiveMultiplier.
Performed a total of 0 changes.

3.19.21. Executing OPT_MERGE pass (detect identical cells).
Finding identical cells in module `\vTCexe'.
Computing hashes of 2 cells of `\vTCexe'.
Finding duplicate cells in `\vTCexe'.
Finding identical cells in module `\Queue1_WriteVecCtrl'.
Computing hashes of 7 cells of `\Queue1_WriteVecCtrl'.
Finding duplicate cells in `\Queue1_WriteVecCtrl'.
Finding identical cells in module `\TensorCoreFP32'.
Computing hashes of 16 cells of `\TensorCoreFP32'.
Finding duplicate cells in `\TensorCoreFP32'.
Finding identical cells in module `\TCDotProduct_1'.
Computing hashes of 17 cells of `\TCDotProduct_1'.
Finding duplicate cells in `\TCDotProduct_1'.
Finding identical cells in module `\Queue1_TCDotProductOutput_1'.
Computing hashes of 7 cells of `\Queue1_TCDotProductOutput_1'.
Finding duplicate cells in `\Queue1_TCDotProductOutput_1'.
Finding identical cells in module `\TCAddPipe_8'.
Computing hashes of 40 cells of `\TCAddPipe_8'.
Finding duplicate cells in `\TCAddPipe_8'.
Finding identical cells in module `\TCMulPipe_8'.
Computing hashes of 37 cells of `\TCMulPipe_8'.
Finding duplicate cells in `\TCMulPipe_8'.
Finding identical cells in module `\TCDotProduct'.
Computing hashes of 17 cells of `\TCDotProduct'.
Finding duplicate cells in `\TCDotProduct'.
Finding identical cells in module `\Queue1_TCDotProductOutput'.
Computing hashes of 7 cells of `\Queue1_TCDotProductOutput'.
Finding duplicate cells in `\Queue1_TCDotProductOutput'.
Finding identical cells in module `\TCAddPipe_1'.
Computing hashes of 36 cells of `\TCAddPipe_1'.
Finding duplicate cells in `\TCAddPipe_1'.
Finding identical cells in module `\TCAddPipe'.
Computing hashes of 50 cells of `\TCAddPipe'.
Finding duplicate cells in `\TCAddPipe'.
Finding identical cells in module `\FCMA_ADD_s2'.
Computing hashes of 72 cells of `\FCMA_ADD_s2'.
Finding duplicate cells in `\FCMA_ADD_s2'.
Finding identical cells in module `\FCMA_ADD_s1'.
Computing hashes of 57 cells of `\FCMA_ADD_s1'.
Finding duplicate cells in `\FCMA_ADD_s1'.
Finding identical cells in module `\NearPath'.
Computing hashes of 100 cells of `\NearPath'.
Finding duplicate cells in `\NearPath'.
Finding identical cells in module `\CLZ_8'.
Computing hashes of 24 cells of `\CLZ_8'.
Finding duplicate cells in `\CLZ_8'.
Finding identical cells in module `\LZA'.
Computing hashes of 144 cells of `\LZA'.
Finding duplicate cells in `\LZA'.
Finding identical cells in module `\FarPath'.
Computing hashes of 7 cells of `\FarPath'.
Finding duplicate cells in `\FarPath'.
Finding identical cells in module `\ShiftRightJam'.
Computing hashes of 13 cells of `\ShiftRightJam'.
Finding duplicate cells in `\ShiftRightJam'.
Finding identical cells in module `\TCMulPipe_1'.
Computing hashes of 33 cells of `\TCMulPipe_1'.
Finding duplicate cells in `\TCMulPipe_1'.
Finding identical cells in module `\TCMulPipe'.
Computing hashes of 47 cells of `\TCMulPipe'.
Finding duplicate cells in `\TCMulPipe'.
Finding identical cells in module `\FMUL_s3'.
Computing hashes of 20 cells of `\FMUL_s3'.
Finding duplicate cells in `\FMUL_s3'.
Finding identical cells in module `\TininessRounder'.
Computing hashes of 6 cells of `\TininessRounder'.
Finding duplicate cells in `\TininessRounder'.
Finding identical cells in module `\RoundingUnit'.
Computing hashes of 23 cells of `\RoundingUnit'.
Finding duplicate cells in `\RoundingUnit'.
Finding identical cells in module `\FMUL_s2'.
Computing hashes of 8 cells of `\FMUL_s2'.
Finding duplicate cells in `\FMUL_s2'.
Finding identical cells in module `\FMUL_s1'.
Computing hashes of 43 cells of `\FMUL_s1'.
Finding duplicate cells in `\FMUL_s1'.
Finding identical cells in module `\CLZ'.
Computing hashes of 49 cells of `\CLZ'.
Finding duplicate cells in `\CLZ'.
Finding identical cells in module `\NaiveMultiplier'.
Computing hashes of 3 cells of `\NaiveMultiplier'.
Finding duplicate cells in `\NaiveMultiplier'.
Removed a total of 0 cells.

3.19.22. Executing OPT_SHARE pass.

3.19.23. Executing OPT_DFF pass (perform DFF optimizations).

3.19.24. Executing OPT_CLEAN pass (remove unused cells and wires).
Finding unused cells or wires in module \vTCexe..
Finding unused cells or wires in module \Queue1_WriteVecCtrl..
Finding unused cells or wires in module \TensorCoreFP32..
Finding unused cells or wires in module \TCDotProduct_1..
Finding unused cells or wires in module \Queue1_TCDotProductOutput_1..
Finding unused cells or wires in module \TCAddPipe_8..
Finding unused cells or wires in module \TCMulPipe_8..
Finding unused cells or wires in module \TCDotProduct..
Finding unused cells or wires in module \Queue1_TCDotProductOutput..
Finding unused cells or wires in module \TCAddPipe_1..
Finding unused cells or wires in module \TCAddPipe..
Finding unused cells or wires in module \FCMA_ADD_s2..
Finding unused cells or wires in module \FCMA_ADD_s1..
Finding unused cells or wires in module \NearPath..
Finding unused cells or wires in module \CLZ_8..
Finding unused cells or wires in module \LZA..
Finding unused cells or wires in module \FarPath..
Finding unused cells or wires in module \ShiftRightJam..
Finding unused cells or wires in module \TCMulPipe_1..
Finding unused cells or wires in module \TCMulPipe..
Finding unused cells or wires in module \FMUL_s3..
Finding unused cells or wires in module \TininessRounder..
Finding unused cells or wires in module \RoundingUnit..
Finding unused cells or wires in module \FMUL_s2..
Finding unused cells or wires in module \FMUL_s1..
Finding unused cells or wires in module \CLZ..
Finding unused cells or wires in module \NaiveMultiplier..

3.19.25. Executing OPT_EXPR pass (perform const folding).
Optimizing module vTCexe.
Optimizing module Queue1_WriteVecCtrl.
Optimizing module TensorCoreFP32.
Optimizing module TCDotProduct_1.
Optimizing module Queue1_TCDotProductOutput_1.
Optimizing module TCAddPipe_8.
Optimizing module TCMulPipe_8.
Optimizing module TCDotProduct.
Optimizing module Queue1_TCDotProductOutput.
Optimizing module TCAddPipe_1.
Optimizing module TCAddPipe.
Optimizing module FCMA_ADD_s2.
Optimizing module FCMA_ADD_s1.
Optimizing module NearPath.
Optimizing module CLZ_8.
Optimizing module LZA.
Optimizing module FarPath.
Optimizing module ShiftRightJam.
Optimizing module TCMulPipe_1.
Optimizing module TCMulPipe.
Optimizing module FMUL_s3.
Optimizing module TininessRounder.
Optimizing module RoundingUnit.
Optimizing module FMUL_s2.
Optimizing module FMUL_s1.
Optimizing module CLZ.
Optimizing module NaiveMultiplier.

3.19.26. Finished fast OPT passes. (There is nothing left to do.)

3.20. Executing TECHMAP pass (map to technology primitives).

3.20.1. Executing Verilog-2005 frontend: ${REMOTE_HOME}/oss-cad-suite/lib/../share/yosys/techmap.v
Parsing Verilog input from `${REMOTE_HOME}/oss-cad-suite/lib/../share/yosys/techmap.v' to AST representation.
Generating RTLIL representation for module `\_90_simplemap_bool_ops'.
Generating RTLIL representation for module `\_90_simplemap_reduce_ops'.
Generating RTLIL representation for module `\_90_simplemap_logic_ops'.
Generating RTLIL representation for module `\_90_simplemap_compare_ops'.
Generating RTLIL representation for module `\_90_simplemap_various'.
Generating RTLIL representation for module `\_90_simplemap_registers'.
Generating RTLIL representation for module `\_90_shift_ops_shr_shl_sshl_sshr'.
Generating RTLIL representation for module `\_90_shift_shiftx'.
Generating RTLIL representation for module `\_90_fa'.
Generating RTLIL representation for module `\_90_lcu_brent_kung'.
Generating RTLIL representation for module `\_90_alu'.
Generating RTLIL representation for module `\_90_macc'.
Generating RTLIL representation for module `\_90_alumacc'.
Generating RTLIL representation for module `$__div_mod_u'.
Generating RTLIL representation for module `$__div_mod_trunc'.
Generating RTLIL representation for module `\_90_div'.
Generating RTLIL representation for module `\_90_mod'.
Generating RTLIL representation for module `$__div_mod_floor'.
Generating RTLIL representation for module `\_90_divfloor'.
Generating RTLIL representation for module `\_90_modfloor'.
Generating RTLIL representation for module `\_90_pow'.
Generating RTLIL representation for module `\_90_demux'.
Generating RTLIL representation for module `\_90_lut'.
Generating RTLIL representation for module `$connect'.
Generating RTLIL representation for module `$input_port'.
Successfully finished Verilog frontend.

3.20.2. Continuing TECHMAP pass.
Using extmapper maccmap for cells of type $macc_v2.
  add \io_result_r * \io_result_r_1 (25x25 bits, unsigned)
Using extmapper simplemap for cells of type $dffe.
Using template $paramod\_90_fa\WIDTH=32'00000000000000000000000000110010 for cells of type $fa.
Using template $paramod$ddbe0f9323155723869dee8b261584934c546070\_90_alu for cells of type $alu.
Using extmapper simplemap for cells of type $and.
Using extmapper simplemap for cells of type $xor.
Using extmapper simplemap for cells of type $or.
Using extmapper simplemap for cells of type $not.
Using extmapper simplemap for cells of type $mux.
Using extmapper simplemap for cells of type $pos.
Using template $paramod\_90_lcu_brent_kung\WIDTH=32'00000000000000000000000000110010 for cells of type $lcu.
Using template $paramod$4ccbe221165818e15f326ddee3d1183c7924e12f\_90_alu for cells of type $alu.
Using template $paramod$85eeb8e7bd166e78c6631e277d66d3fbd038b41a\_90_alu for cells of type $alu.
Using extmapper simplemap for cells of type $reduce_and.
Using template $paramod$d2fa05d38998afabc6d4f34471305d0af4b8b2df\_90_alu for cells of type $alu.
Using extmapper simplemap for cells of type $reduce_or.
Using template $paramod$5d7bf89bead63599a0c4fbe7617ae2af1a7c16a5\_90_alu for cells of type $alu.
  add \exp_sum (9 bits, unsigned)
  sub \shift_amt (9 bits, unsigned)
  add 9'110011100 (9 bits, unsigned)
Using template $paramod\_90_fa\WIDTH=32'00000000000000000000000000001001 for cells of type $fa.
Using template $paramod\_90_lcu_brent_kung\WIDTH=32'00000000000000000000000000001001 for cells of type $lcu.
Using template $paramod\_90_fa\WIDTH=32'00000000000000000000000000001010 for cells of type $fa.
Using template $paramod\_90_lcu_brent_kung\WIDTH=32'00000000000000000000000000001010 for cells of type $lcu.
Using template $paramod$6f67705c43e5e94c02b6ebb52209ce5aa5ade4c1\_90_alu for cells of type $alu.
Using template $paramod$constmap:0ec6f9b52107b6556f50d9bb4db11de2d9e95b33$paramod$23c42a0137460d3a5d3504742ffb3e68478c486c\_90_shift_ops_shr_shl_sshl_sshr for cells of type $shl.
Using template $paramod$36fdbc18fab0758c8553dda57bd33e3f8f3e8765\_90_alu for cells of type $alu.
Using extmapper simplemap for cells of type $eq.
Using extmapper simplemap for cells of type $ne.
Using extmapper simplemap for cells of type $logic_not.
Using template $paramod\_90_fa\WIDTH=32'00000000000000000000000000010111 for cells of type $fa.
Using template $paramod\_90_lcu_brent_kung\WIDTH=32'00000000000000000000000000010111 for cells of type $lcu.
Using template $paramod$c3cd1564c35d873179656addd6052d7ea8b6d991\_90_alu for cells of type $alu.
Using template $paramod\_90_fa\WIDTH=32'00000000000000000000000000001000 for cells of type $fa.
Using template $paramod\_90_lcu_brent_kung\WIDTH=32'00000000000000000000000000001000 for cells of type $lcu.
Using extmapper simplemap for cells of type $sdffe.
Using template $paramod$constmap:2a0fbed6bbd043920aa6e237c19bf699513c3911$paramod$06d9aecc747c8bf47a00c76ad6de1c6b7f882b7b\_90_shift_ops_shr_shl_sshl_sshr for cells of type $shl.
Using template $paramod$9f53511a6616d1b893f9d4267848c15e4d483779\_90_alu for cells of type $alu.
Using template $paramod$15a3b70ea5534c0cc298fa6d405a538b5f71cb9e\_90_alu for cells of type $alu.
Using template $paramod$constmap:aa3af0619d147091dc25a9445f5e8544df1b4161$paramod$cc31b249778553be2c7983097ac88f74a568599c\_90_shift_ops_shr_shl_sshl_sshr for cells of type $shr.
Using template $paramod\_90_fa\WIDTH=32'00000000000000000000000000011010 for cells of type $fa.
Using template $paramod\_90_lcu_brent_kung\WIDTH=32'00000000000000000000000000011010 for cells of type $lcu.
Using template $paramod\_90_fa\WIDTH=32'00000000000000000000000000000111 for cells of type $fa.
Using template $paramod\_90_lcu_brent_kung\WIDTH=32'00000000000000000000000000000111 for cells of type $lcu.
Using template $paramod$200b9977acfd333433396bc8e744688584077592\_90_alu for cells of type $alu.
Using template $paramod$403a3c2fa431a154c52a6a5429d7a6260b5d144f\_90_alu for cells of type $alu.
Using template $paramod\_90_fa\WIDTH=32'00000000000000000000000000011100 for cells of type $fa.
Using template $paramod\_90_lcu_brent_kung\WIDTH=32'00000000000000000000000000011100 for cells of type $lcu.
Using template $paramod$5f0458f8bfb6a7953c61050f615b59edf400dd54\_90_alu for cells of type $alu.
Using template $paramod$5d2e07eca6b9fbd538aff231e6f05d9604b7a77e\_90_alu for cells of type $alu.
Using template $paramod$constmap:5f939d4b8e63ba9825eaa526a0802711b30c1fa8$paramod$c4de08731bddcfc8858516da6ed32bc0749ff27e\_90_shift_ops_shr_shl_sshl_sshr for cells of type $shr.
Using template $paramod$constmap:9141f7a8de2b6f94cea936e969b5b8a5d2326c2e$paramod$3da033e6b4548d923d0f9bcf249c3b2276071dae\_90_shift_ops_shr_shl_sshl_sshr for cells of type $shr.
Using template $paramod$a1bc51c02ce12ac21eb18988e83292af48ed7d72\_90_alu for cells of type $alu.
Using template $paramod$65216b304e0e600b68271885889e654586c4a1b6\_90_alu for cells of type $alu.
  add \io_in_near_path_out_exp (8 bits, unsigned)
  sub \io_in_near_path_lza_error (1 bits, unsigned)
  sub \io_in_near_path_lzc (5 bits, unsigned)
  packed 2 (1) bits / 1 words into adder tree
Using template $paramod$constmap:6a02a9e1eae7ac885cc4cc0cd32d2984d0a4788c$paramod$fbdb17be343a4e4833eb5cce3e4001c15e97bc71\_90_shift_ops_shr_shl_sshl_sshr for cells of type $shl.
Using template $paramod\_90_fa\WIDTH=32'00000000000000000000000000011001 for cells of type $fa.
Using template $paramod\_90_lcu_brent_kung\WIDTH=32'00000000000000000000000000011001 for cells of type $lcu.
No more expansions possible.
<suppressed ~6652 debug messages>

3.21. Executing OPT pass (performing simple optimizations).

3.21.1. Executing OPT_EXPR pass (perform const folding).
Optimizing module vTCexe.
Optimizing module Queue1_WriteVecCtrl.
Optimizing module TensorCoreFP32.
Optimizing module TCDotProduct_1.
Optimizing module Queue1_TCDotProductOutput_1.
Optimizing module TCAddPipe_8.
Optimizing module TCMulPipe_8.
Optimizing module TCDotProduct.
Optimizing module Queue1_TCDotProductOutput.
Optimizing module TCAddPipe_1.
Optimizing module TCAddPipe.
Optimizing module FCMA_ADD_s2.
<suppressed ~356 debug messages>
Optimizing module FCMA_ADD_s1.
<suppressed ~153 debug messages>
Optimizing module NearPath.
<suppressed ~209 debug messages>
Optimizing module CLZ_8.
<suppressed ~1 debug messages>
Optimizing module LZA.
Optimizing module FarPath.
<suppressed ~367 debug messages>
Optimizing module ShiftRightJam.
<suppressed ~243 debug messages>
Optimizing module TCMulPipe_1.
Optimizing module TCMulPipe.
Optimizing module FMUL_s3.
<suppressed ~83 debug messages>
Optimizing module TininessRounder.
<suppressed ~2 debug messages>
Optimizing module RoundingUnit.
<suppressed ~209 debug messages>
Optimizing module FMUL_s2.
<suppressed ~67 debug messages>
Optimizing module FMUL_s1.
<suppressed ~343 debug messages>
Optimizing module CLZ.
<suppressed ~1 debug messages>
Optimizing module NaiveMultiplier.
<suppressed ~3689 debug messages>

3.21.2. Executing OPT_MERGE pass (detect identical cells).
Finding identical cells in module `\vTCexe'.
Computing hashes of 2 cells of `\vTCexe'.
Finding duplicate cells in `\vTCexe'.
Finding identical cells in module `\Queue1_WriteVecCtrl'.
Computing hashes of 603 cells of `\Queue1_WriteVecCtrl'.
Finding duplicate cells in `\Queue1_WriteVecCtrl'.
Finding identical cells in module `\TensorCoreFP32'.
Computing hashes of 16 cells of `\TensorCoreFP32'.
Finding duplicate cells in `\TensorCoreFP32'.
Finding identical cells in module `\TCDotProduct_1'.
Computing hashes of 17 cells of `\TCDotProduct_1'.
Finding duplicate cells in `\TCDotProduct_1'.
Finding identical cells in module `\Queue1_TCDotProductOutput_1'.
Computing hashes of 39 cells of `\Queue1_TCDotProductOutput_1'.
Finding duplicate cells in `\Queue1_TCDotProductOutput_1'.
Finding identical cells in module `\TCAddPipe_8'.
Computing hashes of 278 cells of `\TCAddPipe_8'.
Finding duplicate cells in `\TCAddPipe_8'.
Finding identical cells in module `\TCMulPipe_8'.
Computing hashes of 216 cells of `\TCMulPipe_8'.
Finding duplicate cells in `\TCMulPipe_8'.
Finding identical cells in module `\TCDotProduct'.
Computing hashes of 17 cells of `\TCDotProduct'.
Finding duplicate cells in `\TCDotProduct'.
Finding identical cells in module `\Queue1_TCDotProductOutput'.
Computing hashes of 124 cells of `\Queue1_TCDotProductOutput'.
Finding duplicate cells in `\Queue1_TCDotProductOutput'.
Finding identical cells in module `\TCAddPipe_1'.
Computing hashes of 208 cells of `\TCAddPipe_1'.
Finding duplicate cells in `\TCAddPipe_1'.
Finding identical cells in module `\TCAddPipe'.
Computing hashes of 438 cells of `\TCAddPipe'.
Finding duplicate cells in `\TCAddPipe'.
Finding identical cells in module `\FCMA_ADD_s2'.
Computing hashes of 856 cells of `\FCMA_ADD_s2'.
Finding duplicate cells in `\FCMA_ADD_s2'.
Computing hashes of 843 cells of `\FCMA_ADD_s2'.
Finding duplicate cells in `\FCMA_ADD_s2'.
Computing hashes of 842 cells of `\FCMA_ADD_s2'.
Finding duplicate cells in `\FCMA_ADD_s2'.
<suppressed ~42 debug messages>
Finding identical cells in module `\FCMA_ADD_s1'.
Computing hashes of 348 cells of `\FCMA_ADD_s1'.
Finding duplicate cells in `\FCMA_ADD_s1'.
Computing hashes of 341 cells of `\FCMA_ADD_s1'.
Finding duplicate cells in `\FCMA_ADD_s1'.
<suppressed ~21 debug messages>
Finding identical cells in module `\NearPath'.
Computing hashes of 1197 cells of `\NearPath'.
Finding duplicate cells in `\NearPath'.
Computing hashes of 941 cells of `\NearPath'.
Finding duplicate cells in `\NearPath'.
Computing hashes of 835 cells of `\NearPath'.
Finding duplicate cells in `\NearPath'.
Computing hashes of 801 cells of `\NearPath'.
Finding duplicate cells in `\NearPath'.
Computing hashes of 800 cells of `\NearPath'.
Finding duplicate cells in `\NearPath'.
<suppressed ~1191 debug messages>
Finding identical cells in module `\CLZ_8'.
Computing hashes of 108 cells of `\CLZ_8'.
Finding duplicate cells in `\CLZ_8'.
Finding identical cells in module `\LZA'.
Computing hashes of 144 cells of `\LZA'.
Finding duplicate cells in `\LZA'.
Finding identical cells in module `\FarPath'.
Computing hashes of 228 cells of `\FarPath'.
Finding duplicate cells in `\FarPath'.
Computing hashes of 219 cells of `\FarPath'.
Finding duplicate cells in `\FarPath'.
<suppressed ~27 debug messages>
Finding identical cells in module `\ShiftRightJam'.
Computing hashes of 535 cells of `\ShiftRightJam'.
Finding duplicate cells in `\ShiftRightJam'.
Computing hashes of 534 cells of `\ShiftRightJam'.
Finding duplicate cells in `\ShiftRightJam'.
<suppressed ~3 debug messages>
Finding identical cells in module `\TCMulPipe_1'.
Computing hashes of 146 cells of `\TCMulPipe_1'.
Finding duplicate cells in `\TCMulPipe_1'.
Finding identical cells in module `\TCMulPipe'.
Computing hashes of 376 cells of `\TCMulPipe'.
Finding duplicate cells in `\TCMulPipe'.
Finding identical cells in module `\FMUL_s3'.
Computing hashes of 185 cells of `\FMUL_s3'.
Finding duplicate cells in `\FMUL_s3'.
Computing hashes of 173 cells of `\FMUL_s3'.
Finding duplicate cells in `\FMUL_s3'.
Computing hashes of 172 cells of `\FMUL_s3'.
Finding duplicate cells in `\FMUL_s3'.
<suppressed ~39 debug messages>
Finding identical cells in module `\TininessRounder'.
Computing hashes of 9 cells of `\TininessRounder'.
Finding duplicate cells in `\TininessRounder'.
Finding identical cells in module `\RoundingUnit'.
Computing hashes of 162 cells of `\RoundingUnit'.
Finding duplicate cells in `\RoundingUnit'.
Computing hashes of 147 cells of `\RoundingUnit'.
Finding duplicate cells in `\RoundingUnit'.
Computing hashes of 142 cells of `\RoundingUnit'.
Finding duplicate cells in `\RoundingUnit'.
Computing hashes of 140 cells of `\RoundingUnit'.
Finding duplicate cells in `\RoundingUnit'.
Computing hashes of 139 cells of `\RoundingUnit'.
Finding duplicate cells in `\RoundingUnit'.
<suppressed ~69 debug messages>
Finding identical cells in module `\FMUL_s2'.
Computing hashes of 702 cells of `\FMUL_s2'.
Finding duplicate cells in `\FMUL_s2'.
Finding identical cells in module `\FMUL_s1'.
Computing hashes of 426 cells of `\FMUL_s1'.
Finding duplicate cells in `\FMUL_s1'.
Computing hashes of 414 cells of `\FMUL_s1'.
Finding duplicate cells in `\FMUL_s1'.
Computing hashes of 408 cells of `\FMUL_s1'.
Finding duplicate cells in `\FMUL_s1'.
Computing hashes of 406 cells of `\FMUL_s1'.
Finding duplicate cells in `\FMUL_s1'.
Computing hashes of 404 cells of `\FMUL_s1'.
Finding duplicate cells in `\FMUL_s1'.
<suppressed ~66 debug messages>
Finding identical cells in module `\CLZ'.
Computing hashes of 266 cells of `\CLZ'.
Finding duplicate cells in `\CLZ'.
Finding identical cells in module `\NaiveMultiplier'.
Computing hashes of 3988 cells of `\NaiveMultiplier'.
Finding duplicate cells in `\NaiveMultiplier'.
Removed a total of 486 cells.

3.21.3. Executing OPT_DFF pass (perform DFF optimizations).

3.21.4. Executing OPT_CLEAN pass (remove unused cells and wires).
Finding unused cells or wires in module \vTCexe..
Finding unused cells or wires in module \Queue1_WriteVecCtrl..
Finding unused cells or wires in module \TensorCoreFP32..
Finding unused cells or wires in module \TCDotProduct_1..
Finding unused cells or wires in module \Queue1_TCDotProductOutput_1..
Finding unused cells or wires in module \TCAddPipe_8..
Finding unused cells or wires in module \TCMulPipe_8..
Finding unused cells or wires in module \TCDotProduct..
Finding unused cells or wires in module \Queue1_TCDotProductOutput..
Finding unused cells or wires in module \TCAddPipe_1..
Finding unused cells or wires in module \TCAddPipe..
Finding unused cells or wires in module \FCMA_ADD_s2..
Finding unused cells or wires in module \FCMA_ADD_s1..
Finding unused cells or wires in module \NearPath..
Finding unused cells or wires in module \CLZ_8..
Finding unused cells or wires in module \LZA..
Finding unused cells or wires in module \FarPath..
Finding unused cells or wires in module \ShiftRightJam..
Finding unused cells or wires in module \TCMulPipe_1..
Finding unused cells or wires in module \TCMulPipe..
Finding unused cells or wires in module \FMUL_s3..
Finding unused cells or wires in module \TininessRounder..
Finding unused cells or wires in module \RoundingUnit..
Finding unused cells or wires in module \FMUL_s2..
Finding unused cells or wires in module \FMUL_s1..
Finding unused cells or wires in module \CLZ..
Finding unused cells or wires in module \NaiveMultiplier..
Removed 273 unused cells and 1713 unused wires.
<suppressed ~290 debug messages>

3.21.5. Finished fast OPT passes.

3.22. Executing HIERARCHY pass (managing design hierarchy).
Attribute `top' found on module `vTCexe'. Setting top module to vTCexe.

3.22.1. Analyzing design hierarchy..
Top module:  \vTCexe
Used module:     \Queue1_WriteVecCtrl
Used module:     \TensorCoreFP32
Used module:         \TCDotProduct_1
Used module:             \Queue1_TCDotProductOutput_1
Used module:             \TCAddPipe_8
Used module:                 \FCMA_ADD_s2
Used module:                     \RoundingUnit
Used module:                     \TininessRounder
Used module:                 \FCMA_ADD_s1
Used module:                     \NearPath
Used module:                         \CLZ_8
Used module:                         \LZA
Used module:                     \FarPath
Used module:                         \ShiftRightJam
Used module:             \TCAddPipe_1
Used module:             \TCMulPipe_1
Used module:                 \FMUL_s3
Used module:                 \FMUL_s2
Used module:                 \FMUL_s1
Used module:                     \CLZ
Used module:                 \NaiveMultiplier
Used module:             \TCMulPipe_8
Used module:         \TCDotProduct
Used module:             \Queue1_TCDotProductOutput
Used module:             \TCAddPipe
Used module:             \TCMulPipe

3.22.2. Analyzing design hierarchy..
Top module:  \vTCexe
Used module:     \Queue1_WriteVecCtrl
Used module:     \TensorCoreFP32
Used module:         \TCDotProduct_1
Used module:             \Queue1_TCDotProductOutput_1
Used module:             \TCAddPipe_8
Used module:                 \FCMA_ADD_s2
Used module:                     \RoundingUnit
Used module:                     \TininessRounder
Used module:                 \FCMA_ADD_s1
Used module:                     \NearPath
Used module:                         \CLZ_8
Used module:                         \LZA
Used module:                     \FarPath
Used module:                         \ShiftRightJam
Used module:             \TCAddPipe_1
Used module:             \TCMulPipe_1
Used module:                 \FMUL_s3
Used module:                 \FMUL_s2
Used module:                 \FMUL_s1
Used module:                     \CLZ
Used module:                 \NaiveMultiplier
Used module:             \TCMulPipe_8
Used module:         \TCDotProduct
Used module:             \Queue1_TCDotProductOutput
Used module:             \TCAddPipe
Used module:             \TCMulPipe
Removed 0 unused modules.

3.23. Printing statistics.

=== vTCexe ===

        +----------Local Count, excluding submodules.
        | 
      273 wires
     5075 wire bits
      273 public wires
     5075 public wire bits
      250 ports
     4481 port bits
        2 submodules
        1   Queue1_WriteVecCtrl
        1   TensorCoreFP32

=== Queue1_WriteVecCtrl ===

        +----------Local Count, excluding submodules.
        | 
      106 wires
     2889 wire bits
      101 public wires
     2884 public wire bits
       98 ports
     1742 port bits
      603 cells
        2   $_AND_
      596   $_DFFE_PP_
        2   $_NOT_
        1   $_OR_
        1   $_SDFFE_PP0N_
        1   $_XOR_

=== TensorCoreFP32 ===

        +----------Local Count, excluding submodules.
        | 
      113 wires
     3241 wire bits
      113 public wires
     3241 public wire bits
      113 ports
     3241 port bits
       16 submodules
        1   TCDotProduct
       15   TCDotProduct_1

=== TCDotProduct_1 ===

        +----------Local Count, excluding submodules.
        | 
       66 wires
     1258 wire bits
       66 public wires
     1258 public wire bits
       23 ports
      583 port bits
       17 submodules
        1   Queue1_TCDotProductOutput_1
        4   TCAddPipe_1
        4   TCAddPipe_8
        7   TCMulPipe_1
        1   TCMulPipe_8

=== Queue1_TCDotProductOutput_1 ===

        +----------Local Count, excluding submodules.
        | 
       16 wires
      118 wire bits
       11 public wires
      113 public wire bits
        8 ports
       74 port bits
       39 cells
        2   $_AND_
       32   $_DFFE_PP_
        2   $_NOT_
        1   $_OR_
        1   $_SDFFE_PP0N_
        1   $_XOR_

=== TCAddPipe_8 ===

        +----------Local Count, excluding submodules.
        | 
       73 wires
      584 wire bits
       67 public wires
      578 public wire bits
       15 ports
      180 port bits
      276 cells
        5   $_AND_
      266   $_DFFE_PP_
        3   $_NOT_
        2   $_SDFFE_PP0N_
        2 submodules
        1   FCMA_ADD_s1
        1   FCMA_ADD_s2

=== TCMulPipe_8 ===

        +----------Local Count, excluding submodules.
        | 
       68 wires
      554 wire bits
       55 public wires
      533 public wire bits
       13 ports
      174 port bits
      212 cells
        5   $_AND_
      188   $_DFFE_PP_
        3   $_NOT_
       14   $_OR_
        2   $_SDFFE_PP0N_
        4 submodules
        1   FMUL_s1
        1   FMUL_s2
        1   FMUL_s3
        1   NaiveMultiplier

=== TCDotProduct ===

        +----------Local Count, excluding submodules.
        | 
      103 wires
     1820 wire bits
      103 public wires
     1820 public wire bits
       35 ports
      745 port bits
       17 submodules
        1   Queue1_TCDotProductOutput
        4   TCAddPipe
        4   TCAddPipe_1
        1   TCMulPipe
        7   TCMulPipe_1

=== Queue1_TCDotProductOutput ===

        +----------Local Count, excluding submodules.
        | 
       27 wires
      359 wire bits
       22 public wires
      354 public wire bits
       19 ports
      235 port bits
      119 cells
        2   $_AND_
      112   $_DFFE_PP_
        2   $_NOT_
        1   $_OR_
        1   $_SDFFE_PP0N_
        1   $_XOR_

=== TCAddPipe_1 ===

        +----------Local Count, excluding submodules.
        | 
       64 wires
      439 wire bits
       58 public wires
      433 public wire bits
       10 ports
      105 port bits
      206 cells
        5   $_AND_
      196   $_DFFE_PP_
        3   $_NOT_
        2   $_SDFFE_PP0N_
        2 submodules
        1   FCMA_ADD_s1
        1   FCMA_ADD_s2

=== TCAddPipe ===

        +----------Local Count, excluding submodules.
        | 
       93 wires
      904 wire bits
       87 public wires
      898 public wire bits
       25 ports
      340 port bits
      436 cells
        5   $_AND_
      426   $_DFFE_PP_
        3   $_NOT_
        2   $_SDFFE_PP0N_
        2 submodules
        1   FCMA_ADD_s1
        1   FCMA_ADD_s2

=== FCMA_ADD_s2 ===

        +----------Local Count, excluding submodules.
        | 
      238 wires
     1085 wire bits
       47 public wires
      356 public wire bits
       23 ports
      166 port bits
      786 cells
      151   $_AND_
      363   $_MUX_
       32   $_NOT_
      158   $_OR_
       82   $_XOR_
        4 submodules
        2   RoundingUnit
        2   TininessRounder

=== FCMA_ADD_s1 ===

        +----------Local Count, excluding submodules.
        | 
      138 wires
      629 wire bits
       56 public wires
      373 public wire bits
       24 ports
      196 port bits
      329 cells
       65   $_AND_
      108   $_MUX_
       27   $_NOT_
       96   $_OR_
       33   $_XOR_
        3 submodules
        1   FarPath
        2   NearPath

=== NearPath ===

        +----------Local Count, excluding submodules.
        | 
      331 wires
     1185 wire bits
       46 public wires
      279 public wire bits
       14 ports
      102 port bits
      784 cells
      219   $_AND_
      105   $_MUX_
       61   $_NOT_
      351   $_OR_
       48   $_XOR_
        2 submodules
        1   CLZ_8
        1   LZA

=== CLZ_8 ===

        +----------Local Count, excluding submodules.
        | 
       25 wires
      145 wire bits
        2 public wires
       30 public wire bits
        2 ports
       30 port bits
      108 cells
      106   $_MUX_
        2   $_NOT_

=== LZA ===

        +----------Local Count, excluding submodules.
        | 
      123 wires
      195 wire bits
        3 public wires
       75 public wire bits
        3 ports
       75 port bits
      144 cells
       24   $_AND_
       72   $_NOT_
       48   $_XOR_

=== FarPath ===

        +----------Local Count, excluding submodules.
        | 
       54 wires
      310 wire bits
       14 public wires
      170 public wire bits
       12 ports
      143 port bits
      176 cells
       64   $_AND_
       27   $_MUX_
       35   $_NOT_
        8   $_OR_
       42   $_XOR_
        1 submodules
        1   ShiftRightJam

=== ShiftRightJam ===

        +----------Local Count, excluding submodules.
        | 
      122 wires
      697 wire bits
        6 public wires
       88 public wire bits
        4 ports
       61 port bits
      519 cells
      100   $_AND_
      262   $_MUX_
       33   $_NOT_
       99   $_OR_
       25   $_XOR_

=== TCMulPipe_1 ===

        +----------Local Count, excluding submodules.
        | 
       60 wires
      414 wire bits
       48 public wires
      394 public wire bits
       10 ports
      105 port bits
      142 cells
        5   $_AND_
      118   $_DFFE_PP_
        3   $_NOT_
       14   $_OR_
        2   $_SDFFE_PP0N_
        4 submodules
        1   FMUL_s1
        1   FMUL_s2
        1   FMUL_s3
        1   NaiveMultiplier

=== TCMulPipe ===

        +----------Local Count, excluding submodules.
        | 
       88 wires
      874 wire bits
       75 public wires
      853 public wire bits
       23 ports
      334 port bits
      372 cells
        5   $_AND_
      348   $_DFFE_PP_
        3   $_NOT_
       14   $_OR_
        2   $_SDFFE_PP0N_
        4 submodules
        1   FMUL_s1
        1   FMUL_s2
        1   FMUL_s3
        1   NaiveMultiplier

=== FMUL_s3 ===

        +----------Local Count, excluding submodules.
        | 
       56 wires
      323 wire bits
       13 public wires
      149 public wire bits
        9 ports
      123 port bits
      169 cells
       16   $_AND_
       66   $_MUX_
       15   $_NOT_
       64   $_OR_
        8   $_XOR_
        1 submodules
        1   RoundingUnit

=== TininessRounder ===

        +----------Local Count, excluding submodules.
        | 
       12 wires
       40 wire bits
        5 public wires
       33 public wire bits
        4 ports
       32 port bits
        8 cells
        1   $_AND_
        4   $_NOT_
        3   $_OR_
        1 submodules
        1   RoundingUnit

=== RoundingUnit ===

        +----------Local Count, excluding submodules.
        | 
       42 wires
      171 wire bits
       10 public wires
       56 public wire bits
        8 ports
       54 port bits
      113 cells
       47   $_AND_
       26   $_MUX_
        7   $_NOT_
       11   $_OR_
       22   $_XOR_

=== FMUL_s2 ===

        +----------Local Count, excluding submodules.
        | 
       55 wires
     1038 wire bits
       21 public wires
      242 public wire bits
       18 ports
      166 port bits
      700 cells
       16   $_AND_
      654   $_MUX_
       10   $_NOT_
       12   $_OR_
        8   $_XOR_

=== FMUL_s1 ===

        +----------Local Count, excluding submodules.
        | 
      148 wires
      525 wire bits
       21 public wires
      141 public wire bits
       12 ports
       94 port bits
      355 cells
      116   $_AND_
       42   $_MUX_
       31   $_NOT_
      112   $_OR_
       54   $_XOR_
        1 submodules
        1   CLZ

=== CLZ ===

        +----------Local Count, excluding submodules.
        | 
       50 wires
      339 wire bits
        2 public wires
       56 public wire bits
        2 ports
       56 port bits
      266 cells
      263   $_MUX_
        3   $_NOT_

=== NaiveMultiplier ===

        +----------Local Count, excluding submodules.
        | 
      315 wires
     7467 wire bits
        7 public wires
      152 public wire bits
        5 ports
      102 port bits
     3930 cells
     1985   $_AND_
       50   $_DFFE_PP_
      609   $_OR_
     1286   $_XOR_

=== design hierarchy ===

        +----------Count including submodules.
        | 
  1317275 vTCexe
      603 Queue1_WriteVecCtrl
      119     Queue1_TCDotProductOutput
      436     TCAddPipe
      329       FCMA_ADD_s1
      176         FarPath
      519           ShiftRightJam
      784         NearPath
      108           CLZ_8
      144           LZA
      786       FCMA_ADD_s2
      113         RoundingUnit
        8         TininessRounder
      113           RoundingUnit
      206     TCAddPipe_1
      329       FCMA_ADD_s1
      176         FarPath
      519           ShiftRightJam
      784         NearPath
      108           CLZ_8
      144           LZA
      786       FCMA_ADD_s2
      113         RoundingUnit
        8         TininessRounder
      113           RoundingUnit
      372     TCMulPipe
      355       FMUL_s1
      266         CLZ
      700       FMUL_s2
      169       FMUL_s3
      113         RoundingUnit
     3930       NaiveMultiplier
      142     TCMulPipe_1
      355       FMUL_s1
      266         CLZ
      700       FMUL_s2
      169       FMUL_s3
      113         RoundingUnit
     3930       NaiveMultiplier
       39     Queue1_TCDotProductOutput_1
      206     TCAddPipe_1
      329       FCMA_ADD_s1
      176         FarPath
      519           ShiftRightJam
      784         NearPath
      108           CLZ_8
      144           LZA
      786       FCMA_ADD_s2
      113         RoundingUnit
        8         TininessRounder
      113           RoundingUnit
      276     TCAddPipe_8
      329       FCMA_ADD_s1
      176         FarPath
      519           ShiftRightJam
      784         NearPath
      108           CLZ_8
      144           LZA
      786       FCMA_ADD_s2
      113         RoundingUnit
        8         TininessRounder
      113           RoundingUnit
      142     TCMulPipe_1
      355       FMUL_s1
      266         CLZ
      700       FMUL_s2
      169       FMUL_s3
      113         RoundingUnit
     3930       NaiveMultiplier
      212     TCMulPipe_8
      355       FMUL_s1
      266         CLZ
      700       FMUL_s2
      169       FMUL_s3
      113         RoundingUnit
     3930       NaiveMultiplier

        +----------Count including submodules.
        | 
   321632 wires
  2255272 wire bits
    60795 public wires
   516547 public wire bits
    28918 ports
   291323 port bits
        - memories
        - memory bits
        - processes
  1317275 cells
   415522   $_AND_
    54180   $_DFFE_PP_
   299136   $_MUX_
    64674   $_NOT_
   247697   $_OR_
      529   $_SDFFE_PP0N_
   235537   $_XOR_
        2 submodules
        1   Queue1_WriteVecCtrl
        1   TensorCoreFP32

3.24. Executing CHECK pass (checking for obvious problems).
Checking module vTCexe...
Checking module Queue1_WriteVecCtrl...
Checking module TensorCoreFP32...
Checking module TCDotProduct_1...
Checking module Queue1_TCDotProductOutput_1...
Checking module TCAddPipe_8...
Checking module TCMulPipe_8...
Checking module TCDotProduct...
Checking module Queue1_TCDotProductOutput...
Checking module TCAddPipe_1...
Checking module TCAddPipe...
Checking module FCMA_ADD_s2...
Checking module FCMA_ADD_s1...
Checking module NearPath...
Checking module CLZ_8...
Checking module LZA...
Checking module FarPath...
Checking module ShiftRightJam...
Checking module TCMulPipe_1...
Checking module TCMulPipe...
Checking module FMUL_s3...
Checking module TininessRounder...
Checking module RoundingUnit...
Checking module FMUL_s2...
Checking module FMUL_s1...
Checking module CLZ...
Checking module NaiveMultiplier...
Found and reported 0 problems.

4. Executing DFFLIBMAP pass (mapping DFF cells to sequential cells from liberty file).
  cell DFFLQNx1_ASAP7_75t_R (inv, pins=3, area=0.29) is a direct match for cell type $_DFF_N_.
  cell DFFHQNx1_ASAP7_75t_R (inv, pins=3, area=0.29) is a direct match for cell type $_DFF_P_.
  cell DFFASRHQNx1_ASAP7_75t_R (inv, pins=5, area=0.38) is a direct match for cell type $_DFFSR_PNN_.
  final dff cell mappings:
    \DFFLQNx1_ASAP7_75t_R _DFF_N_ (.CLK( C), .D( D), .QN(~Q));
    \DFFHQNx1_ASAP7_75t_R _DFF_P_ (.CLK( C), .D( D), .QN(~Q));
    unmapped dff cell: $_DFF_NN0_
    unmapped dff cell: $_DFF_NN1_
    unmapped dff cell: $_DFF_NP0_
    unmapped dff cell: $_DFF_NP1_
    unmapped dff cell: $_DFF_PN0_
    unmapped dff cell: $_DFF_PN1_
    unmapped dff cell: $_DFF_PP0_
    unmapped dff cell: $_DFF_PP1_
    unmapped dff cell: $_DFFE_NN_
    unmapped dff cell: $_DFFE_NP_
    unmapped dff cell: $_DFFE_PN_
    unmapped dff cell: $_DFFE_PP_
    unmapped dff cell: $_DFFSR_NNN_
    unmapped dff cell: $_DFFSR_NNP_
    unmapped dff cell: $_DFFSR_NPN_
    unmapped dff cell: $_DFFSR_NPP_
    \DFFASRHQNx1_ASAP7_75t_R _DFFSR_PNN_ (.CLK( C), .D( D), .QN(~Q), .RESETN( R), .SETN( S));
    unmapped dff cell: $_DFFSR_PNP_
    unmapped dff cell: $_DFFSR_PPN_
    unmapped dff cell: $_DFFSR_PPP_

4.1. Executing DFFLEGALIZE pass (convert FFs to types supported by the target).
<suppressed ~8 debug messages>
Mapping DFF cells in module `\vTCexe':
Mapping DFF cells in module `\Queue1_WriteVecCtrl':
  mapped 597 $_DFF_P_ cells to \DFFHQNx1_ASAP7_75t_R cells.
Mapping DFF cells in module `\TensorCoreFP32':
Mapping DFF cells in module `\TCDotProduct_1':
Mapping DFF cells in module `\Queue1_TCDotProductOutput_1':
  mapped 33 $_DFF_P_ cells to \DFFHQNx1_ASAP7_75t_R cells.
Mapping DFF cells in module `\TCAddPipe_8':
  mapped 268 $_DFF_P_ cells to \DFFHQNx1_ASAP7_75t_R cells.
Mapping DFF cells in module `\TCMulPipe_8':
  mapped 190 $_DFF_P_ cells to \DFFHQNx1_ASAP7_75t_R cells.
Mapping DFF cells in module `\TCDotProduct':
Mapping DFF cells in module `\Queue1_TCDotProductOutput':
  mapped 113 $_DFF_P_ cells to \DFFHQNx1_ASAP7_75t_R cells.
Mapping DFF cells in module `\TCAddPipe_1':
  mapped 198 $_DFF_P_ cells to \DFFHQNx1_ASAP7_75t_R cells.
Mapping DFF cells in module `\TCAddPipe':
  mapped 428 $_DFF_P_ cells to \DFFHQNx1_ASAP7_75t_R cells.
Mapping DFF cells in module `\FCMA_ADD_s2':
Mapping DFF cells in module `\FCMA_ADD_s1':
Mapping DFF cells in module `\NearPath':
Mapping DFF cells in module `\CLZ_8':
Mapping DFF cells in module `\LZA':
Mapping DFF cells in module `\FarPath':
Mapping DFF cells in module `\ShiftRightJam':
Mapping DFF cells in module `\TCMulPipe_1':
  mapped 120 $_DFF_P_ cells to \DFFHQNx1_ASAP7_75t_R cells.
Mapping DFF cells in module `\TCMulPipe':
  mapped 350 $_DFF_P_ cells to \DFFHQNx1_ASAP7_75t_R cells.
Mapping DFF cells in module `\FMUL_s3':
Mapping DFF cells in module `\TininessRounder':
Mapping DFF cells in module `\RoundingUnit':
Mapping DFF cells in module `\FMUL_s2':
Mapping DFF cells in module `\FMUL_s1':
Mapping DFF cells in module `\CLZ':
Mapping DFF cells in module `\NaiveMultiplier':
  mapped 50 $_DFF_P_ cells to \DFFHQNx1_ASAP7_75t_R cells.

5. Executing ABC pass (technology mapping using ABC).

5.1. Extracting gate netlist of module `\vTCexe' to `<abc-temp-dir>/input.blif'..
ABC: using cached merged SCL: /tmp/yosys-liberty-scl-cache/yosys_merged_faa04716.scl (1 files)

5.1.1. Executed ABC.
Extracted 0 gates and 0 wires to a netlist network with 0 inputs and 0 outputs.
Don't call ABC as there is nothing to map.
Removing temp directory.

5.2. Extracting gate netlist of module `\Queue1_WriteVecCtrl' to `<abc-temp-dir>/input.blif'..
ABC: using cached merged SCL: /tmp/yosys-liberty-scl-cache/yosys_merged_faa04716.scl (1 files)

5.2.1. Executed ABC.
Extracted 1201 gates and 2398 wires to a netlist network with 1196 inputs and 1195 outputs.
Running ABC script: <abc-temp-dir>/abc.script
ABC: UC Berkeley, ABC 1.01 (compiled Jun  3 2026 15:06:41)
ABC: abc 01> empty
ABC: abc 01> source <abc-temp-dir>/abc.script
ABC: + read_blif <abc-temp-dir>/input.blif 
ABC: + read_scl /tmp/yosys-liberty-scl-cache/yosys_merged_faa04716.scl 
ABC: Warning: Detected 2 multi-output cells (for example, "FAx1_ASAP7_75t_R").
ABC: + strash 
ABC: + &get -n 
ABC: + &fraig -x 
ABC: + &put 
ABC: + scorr 
ABC: Warning: The network is combinational (run "fraig" or "fraig_sweep").
ABC: + dc2 
ABC: + dretime 
ABC: + retime -o -D 1000 
ABC: + strash 
ABC: + &get -n 
ABC: + &dch -f 
ABC: + &nf -D 1000 
ABC: + &put 
ABC: + write_blif <abc-temp-dir>/output.blif 
ABC: 
ABC: YOSYS_ABC_DONE 

5.2.2. Re-integrating ABC results.
ABC RESULTS:   AOI21xp33_ASAP7_75t_R cells:        1
ABC RESULTS:   INVx1_ASAP7_75t_R cells:      598
ABC RESULTS:   OA21x2_ASAP7_75t_R cells:        1
ABC RESULTS:   OAI211xp5_ASAP7_75t_R cells:      596
ABC RESULTS:   OAI21xp33_ASAP7_75t_R cells:      596
ABC RESULTS:   OR2x2_ASAP7_75t_R cells:        1
ABC RESULTS:        internal signals:        7
ABC RESULTS:           input signals:     1196
ABC RESULTS:          output signals:     1195
Removing temp directory.

5.3. Extracting gate netlist of module `\TensorCoreFP32' to `<abc-temp-dir>/input.blif'..
ABC: using cached merged SCL: /tmp/yosys-liberty-scl-cache/yosys_merged_faa04716.scl (1 files)

5.3.1. Executed ABC.
Extracted 0 gates and 0 wires to a netlist network with 0 inputs and 0 outputs.
Don't call ABC as there is nothing to map.
Removing temp directory.

5.4. Extracting gate netlist of module `\TCDotProduct_1' to `<abc-temp-dir>/input.blif'..
ABC: using cached merged SCL: /tmp/yosys-liberty-scl-cache/yosys_merged_faa04716.scl (1 files)

5.4.1. Executed ABC.
Extracted 0 gates and 0 wires to a netlist network with 0 inputs and 0 outputs.
Don't call ABC as there is nothing to map.
Removing temp directory.

5.5. Extracting gate netlist of module `\Queue1_TCDotProductOutput_1' to `<abc-temp-dir>/input.blif'..
ABC: using cached merged SCL: /tmp/yosys-liberty-scl-cache/yosys_merged_faa04716.scl (1 files)

5.5.1. Executed ABC.
Extracted 73 gates and 142 wires to a netlist network with 68 inputs and 66 outputs.
Running ABC script: <abc-temp-dir>/abc.script
ABC: UC Berkeley, ABC 1.01 (compiled Jun  3 2026 15:06:41)
ABC: abc 01> empty
ABC: abc 01> source <abc-temp-dir>/abc.script
ABC: + read_blif <abc-temp-dir>/input.blif 
ABC: + read_scl /tmp/yosys-liberty-scl-cache/yosys_merged_faa04716.scl 
ABC: Warning: Detected 2 multi-output cells (for example, "FAx1_ASAP7_75t_R").
ABC: + strash 
ABC: + &get -n 
ABC: + &fraig -x 
ABC: + &put 
ABC: + scorr 
ABC: Warning: The network is combinational (run "fraig" or "fraig_sweep").
ABC: + dc2 
ABC: + dretime 
ABC: + retime -o -D 1000 
ABC: + strash 
ABC: + &get -n 
ABC: + &dch -f 
ABC: + &nf -D 1000 
ABC: + &put 
ABC: + write_blif <abc-temp-dir>/output.blif 
ABC: 
ABC: YOSYS_ABC_DONE 

5.5.2. Re-integrating ABC results.
ABC RESULTS:   AOI21xp33_ASAP7_75t_R cells:        1
ABC RESULTS:   INVx1_ASAP7_75t_R cells:       33
ABC RESULTS:   OA21x2_ASAP7_75t_R cells:        1
ABC RESULTS:   OAI211xp5_ASAP7_75t_R cells:       32
ABC RESULTS:   OAI21xp33_ASAP7_75t_R cells:       32
ABC RESULTS:   OR2x2_ASAP7_75t_R cells:        1
ABC RESULTS:        internal signals:        8
ABC RESULTS:           input signals:       68
ABC RESULTS:          output signals:       66
Removing temp directory.

5.6. Extracting gate netlist of module `\TCAddPipe_8' to `<abc-temp-dir>/input.blif'..
ABC: using cached merged SCL: /tmp/yosys-liberty-scl-cache/yosys_merged_faa04716.scl (1 files)

5.6.1. Executed ABC.
Extracted 546 gates and 1049 wires to a netlist network with 502 inputs and 501 outputs.
Running ABC script: <abc-temp-dir>/abc.script
ABC: UC Berkeley, ABC 1.01 (compiled Jun  3 2026 15:06:41)
ABC: abc 01> empty
ABC: abc 01> source <abc-temp-dir>/abc.script
ABC: + read_blif <abc-temp-dir>/input.blif 
ABC: + read_scl /tmp/yosys-liberty-scl-cache/yosys_merged_faa04716.scl 
ABC: Warning: Detected 2 multi-output cells (for example, "FAx1_ASAP7_75t_R").
ABC: + strash 
ABC: + &get -n 
ABC: + &fraig -x 
ABC: + &put 
ABC: + scorr 
ABC: Warning: The network is combinational (run "fraig" or "fraig_sweep").
ABC: + dc2 
ABC: + dretime 
ABC: + retime -o -D 1000 
ABC: + strash 
ABC: + &get -n 
ABC: + &dch -f 
ABC: + &nf -D 1000 
ABC: + &put 
ABC: + write_blif <abc-temp-dir>/output.blif 
ABC: 
ABC: YOSYS_ABC_DONE 

5.6.2. Re-integrating ABC results.
ABC RESULTS:   AOI21xp33_ASAP7_75t_R cells:      232
ABC RESULTS:   INVx1_ASAP7_75t_R cells:      233
ABC RESULTS:   NOR2xp33_ASAP7_75t_R cells:      103
ABC RESULTS:   NOR3xp33_ASAP7_75t_R cells:      129
ABC RESULTS:   O2A1O1Ixp33_ASAP7_75t_R cells:        1
ABC RESULTS:   OAI21xp33_ASAP7_75t_R cells:       70
ABC RESULTS:   OAI31xp33_ASAP7_75t_R cells:        1
ABC RESULTS:   OR2x2_ASAP7_75t_R cells:        1
ABC RESULTS:   OR3x1_ASAP7_75t_R cells:        1
ABC RESULTS:        internal signals:       46
ABC RESULTS:           input signals:      502
ABC RESULTS:          output signals:      501
Removing temp directory.

5.7. Extracting gate netlist of module `\TCMulPipe_8' to `<abc-temp-dir>/input.blif'..
ABC: using cached merged SCL: /tmp/yosys-liberty-scl-cache/yosys_merged_faa04716.scl (1 files)

5.7.1. Executed ABC.
Extracted 404 gates and 767 wires to a netlist network with 362 inputs and 347 outputs.
Running ABC script: <abc-temp-dir>/abc.script
ABC: UC Berkeley, ABC 1.01 (compiled Jun  3 2026 15:06:41)
ABC: abc 01> empty
ABC: abc 01> source <abc-temp-dir>/abc.script
ABC: + read_blif <abc-temp-dir>/input.blif 
ABC: + read_scl /tmp/yosys-liberty-scl-cache/yosys_merged_faa04716.scl 
ABC: Warning: Detected 2 multi-output cells (for example, "FAx1_ASAP7_75t_R").
ABC: + strash 
ABC: + &get -n 
ABC: + &fraig -x 
ABC: + &put 
ABC: + scorr 
ABC: Warning: The network is combinational (run "fraig" or "fraig_sweep").
ABC: + dc2 
ABC: + dretime 
ABC: + retime -o -D 1000 
ABC: + strash 
ABC: + &get -n 
ABC: + &dch -f 
ABC: + &nf -D 1000 
ABC: + &put 
ABC: + write_blif <abc-temp-dir>/output.blif 
ABC: 
ABC: YOSYS_ABC_DONE 

5.7.2. Re-integrating ABC results.
ABC RESULTS:   AOI21xp33_ASAP7_75t_R cells:      154
ABC RESULTS:   INVx1_ASAP7_75t_R cells:      156
ABC RESULTS:   NAND2xp33_ASAP7_75t_R cells:        2
ABC RESULTS:   NOR2xp33_ASAP7_75t_R cells:       64
ABC RESULTS:   NOR3xp33_ASAP7_75t_R cells:       91
ABC RESULTS:   NOR4xp25_ASAP7_75t_R cells:        4
ABC RESULTS:   O2A1O1Ixp33_ASAP7_75t_R cells:        1
ABC RESULTS:   OAI21xp33_ASAP7_75t_R cells:       71
ABC RESULTS:   OAI31xp33_ASAP7_75t_R cells:        1
ABC RESULTS:        internal signals:       58
ABC RESULTS:           input signals:      362
ABC RESULTS:          output signals:      347
Removing temp directory.

5.8. Extracting gate netlist of module `\TCDotProduct' to `<abc-temp-dir>/input.blif'..
ABC: using cached merged SCL: /tmp/yosys-liberty-scl-cache/yosys_merged_faa04716.scl (1 files)

5.8.1. Executed ABC.
Extracted 0 gates and 0 wires to a netlist network with 0 inputs and 0 outputs.
Don't call ABC as there is nothing to map.
Removing temp directory.

5.9. Extracting gate netlist of module `\Queue1_TCDotProductOutput' to `<abc-temp-dir>/input.blif'..
ABC: using cached merged SCL: /tmp/yosys-liberty-scl-cache/yosys_merged_faa04716.scl (1 files)

5.9.1. Executed ABC.
Extracted 233 gates and 462 wires to a netlist network with 228 inputs and 227 outputs.
Running ABC script: <abc-temp-dir>/abc.script
ABC: UC Berkeley, ABC 1.01 (compiled Jun  3 2026 15:06:41)
ABC: abc 01> empty
ABC: abc 01> source <abc-temp-dir>/abc.script
ABC: + read_blif <abc-temp-dir>/input.blif 
ABC: + read_scl /tmp/yosys-liberty-scl-cache/yosys_merged_faa04716.scl 
ABC: Warning: Detected 2 multi-output cells (for example, "FAx1_ASAP7_75t_R").
ABC: + strash 
ABC: + &get -n 
ABC: + &fraig -x 
ABC: + &put 
ABC: + scorr 
ABC: Warning: The network is combinational (run "fraig" or "fraig_sweep").
ABC: + dc2 
ABC: + dretime 
ABC: + retime -o -D 1000 
ABC: + strash 
ABC: + &get -n 
ABC: + &dch -f 
ABC: + &nf -D 1000 
ABC: + &put 
ABC: + write_blif <abc-temp-dir>/output.blif 
ABC: 
ABC: YOSYS_ABC_DONE 

5.9.2. Re-integrating ABC results.
ABC RESULTS:   AOI21xp33_ASAP7_75t_R cells:        1
ABC RESULTS:   INVx1_ASAP7_75t_R cells:      114
ABC RESULTS:   OA21x2_ASAP7_75t_R cells:        1
ABC RESULTS:   OAI211xp5_ASAP7_75t_R cells:      112
ABC RESULTS:   OAI21xp33_ASAP7_75t_R cells:      112
ABC RESULTS:   OR2x2_ASAP7_75t_R cells:        1
ABC RESULTS:        internal signals:        7
ABC RESULTS:           input signals:      228
ABC RESULTS:          output signals:      227
Removing temp directory.

5.10. Extracting gate netlist of module `\TCAddPipe_1' to `<abc-temp-dir>/input.blif'..
ABC: using cached merged SCL: /tmp/yosys-liberty-scl-cache/yosys_merged_faa04716.scl (1 files)

5.10.1. Executed ABC.
Extracted 406 gates and 804 wires to a netlist network with 397 inputs and 396 outputs.
Running ABC script: <abc-temp-dir>/abc.script
ABC: UC Berkeley, ABC 1.01 (compiled Jun  3 2026 15:06:41)
ABC: abc 01> empty
ABC: abc 01> source <abc-temp-dir>/abc.script
ABC: + read_blif <abc-temp-dir>/input.blif 
ABC: + read_scl /tmp/yosys-liberty-scl-cache/yosys_merged_faa04716.scl 
ABC: Warning: Detected 2 multi-output cells (for example, "FAx1_ASAP7_75t_R").
ABC: + strash 
ABC: + &get -n 
ABC: + &fraig -x 
ABC: + &put 
ABC: + scorr 
ABC: Warning: The network is combinational (run "fraig" or "fraig_sweep").
ABC: + dc2 
ABC: + dretime 
ABC: + retime -o -D 1000 
ABC: + strash 
ABC: + &get -n 
ABC: + &dch -f 
ABC: + &nf -D 1000 
ABC: + &put 
ABC: + write_blif <abc-temp-dir>/output.blif 
ABC: 
ABC: YOSYS_ABC_DONE 

5.10.2. Re-integrating ABC results.
ABC RESULTS:   AOI21xp33_ASAP7_75t_R cells:      197
ABC RESULTS:   INVx1_ASAP7_75t_R cells:      198
ABC RESULTS:   NOR2xp33_ASAP7_75t_R cells:       68
ABC RESULTS:   NOR3xp33_ASAP7_75t_R cells:      129
ABC RESULTS:   O2A1O1Ixp33_ASAP7_75t_R cells:        1
ABC RESULTS:   OAI31xp33_ASAP7_75t_R cells:        1
ABC RESULTS:   OR2x2_ASAP7_75t_R cells:        1
ABC RESULTS:   OR3x1_ASAP7_75t_R cells:        1
ABC RESULTS:        internal signals:       11
ABC RESULTS:           input signals:      397
ABC RESULTS:          output signals:      396
Removing temp directory.

5.11. Extracting gate netlist of module `\TCAddPipe' to `<abc-temp-dir>/input.blif'..
ABC: using cached merged SCL: /tmp/yosys-liberty-scl-cache/yosys_merged_faa04716.scl (1 files)

5.11.1. Executed ABC.
Extracted 866 gates and 1609 wires to a netlist network with 742 inputs and 741 outputs.
Running ABC script: <abc-temp-dir>/abc.script
ABC: UC Berkeley, ABC 1.01 (compiled Jun  3 2026 15:06:41)
ABC: abc 01> empty
ABC: abc 01> source <abc-temp-dir>/abc.script
ABC: + read_blif <abc-temp-dir>/input.blif 
ABC: + read_scl /tmp/yosys-liberty-scl-cache/yosys_merged_faa04716.scl 
ABC: Warning: Detected 2 multi-output cells (for example, "FAx1_ASAP7_75t_R").
ABC: + strash 
ABC: + &get -n 
ABC: + &fraig -x 
ABC: + &put 
ABC: + scorr 
ABC: Warning: The network is combinational (run "fraig" or "fraig_sweep").
ABC: + dc2 
ABC: + dretime 
ABC: + retime -o -D 1000 
ABC: + strash 
ABC: + &get -n 
ABC: + &dch -f 
ABC: + &nf -D 1000 
ABC: + &put 
ABC: + write_blif <abc-temp-dir>/output.blif 
ABC: 
ABC: YOSYS_ABC_DONE 

5.11.2. Re-integrating ABC results.
ABC RESULTS:   AOI21xp33_ASAP7_75t_R cells:      312
ABC RESULTS:   INVx1_ASAP7_75t_R cells:      313
ABC RESULTS:   NOR2xp33_ASAP7_75t_R cells:      183
ABC RESULTS:   NOR3xp33_ASAP7_75t_R cells:      129
ABC RESULTS:   O2A1O1Ixp33_ASAP7_75t_R cells:        1
ABC RESULTS:   OAI21xp33_ASAP7_75t_R cells:      230
ABC RESULTS:   OAI31xp33_ASAP7_75t_R cells:        1
ABC RESULTS:   OR2x2_ASAP7_75t_R cells:        1
ABC RESULTS:   OR3x1_ASAP7_75t_R cells:        1
ABC RESULTS:        internal signals:      126
ABC RESULTS:           input signals:      742
ABC RESULTS:          output signals:      741
Removing temp directory.

5.12. Extracting gate netlist of module `\FCMA_ADD_s2' to `<abc-temp-dir>/input.blif'..
ABC: using cached merged SCL: /tmp/yosys-liberty-scl-cache/yosys_merged_faa04716.scl (1 files)

5.12.1. Executed ABC.
Extracted 786 gates and 969 wires to a netlist network with 181 inputs and 89 outputs.
Running ABC script: <abc-temp-dir>/abc.script
ABC: UC Berkeley, ABC 1.01 (compiled Jun  3 2026 15:06:41)
ABC: abc 01> empty
ABC: abc 01> source <abc-temp-dir>/abc.script
ABC: + read_blif <abc-temp-dir>/input.blif 
ABC: + read_scl /tmp/yosys-liberty-scl-cache/yosys_merged_faa04716.scl 
ABC: Warning: Detected 2 multi-output cells (for example, "FAx1_ASAP7_75t_R").
ABC: + strash 
ABC: + &get -n 
ABC: + &fraig -x 
ABC: + &put 
ABC: + scorr 
ABC: Warning: The network is combinational (run "fraig" or "fraig_sweep").
ABC: + dc2 
ABC: + dretime 
ABC: + retime -o -D 1000 
ABC: + strash 
ABC: + &get -n 
ABC: + &dch -f 
ABC: + &nf -D 1000 
ABC: + &put 
ABC: + write_blif <abc-temp-dir>/output.blif 
ABC: 
ABC: YOSYS_ABC_DONE 

5.12.2. Re-integrating ABC results.
ABC RESULTS:   A2O1A1Ixp33_ASAP7_75t_R cells:       17
ABC RESULTS:   A2O1A1O1Ixp25_ASAP7_75t_R cells:        5
ABC RESULTS:   AND2x2_ASAP7_75t_R cells:       18
ABC RESULTS:   AND3x1_ASAP7_75t_R cells:        3
ABC RESULTS:   AND4x1_ASAP7_75t_R cells:        1
ABC RESULTS:   AND5x1_ASAP7_75t_R cells:        2
ABC RESULTS:   AO211x2_ASAP7_75t_R cells:        1
ABC RESULTS:   AO21x1_ASAP7_75t_R cells:       10
ABC RESULTS:   AO222x2_ASAP7_75t_R cells:       12
ABC RESULTS:   AO22x1_ASAP7_75t_R cells:        1
ABC RESULTS:   AOI211xp5_ASAP7_75t_R cells:       10
ABC RESULTS:   AOI21xp33_ASAP7_75t_R cells:       49
ABC RESULTS:   AOI221xp5_ASAP7_75t_R cells:        3
ABC RESULTS:   AOI222xp33_ASAP7_75t_R cells:        2
ABC RESULTS:   AOI22xp33_ASAP7_75t_R cells:       18
ABC RESULTS:   AOI311xp33_ASAP7_75t_R cells:        2
ABC RESULTS:   AOI31xp33_ASAP7_75t_R cells:        5
ABC RESULTS:   INVx1_ASAP7_75t_R cells:       38
ABC RESULTS:   MAJIxp5_ASAP7_75t_R cells:        4
ABC RESULTS:   MAJx2_ASAP7_75t_R cells:        1
ABC RESULTS:   NAND2xp33_ASAP7_75t_R cells:      107
ABC RESULTS:   NAND3xp33_ASAP7_75t_R cells:        9
ABC RESULTS:   NAND4xp25_ASAP7_75t_R cells:        2
ABC RESULTS:   NAND5xp2_ASAP7_75t_R cells:        4
ABC RESULTS:   NOR2xp33_ASAP7_75t_R cells:      107
ABC RESULTS:   NOR3xp33_ASAP7_75t_R cells:       10
ABC RESULTS:   NOR4xp25_ASAP7_75t_R cells:        5
ABC RESULTS:   O2A1O1Ixp33_ASAP7_75t_R cells:       12
ABC RESULTS:   OA211x2_ASAP7_75t_R cells:        3
ABC RESULTS:   OA21x2_ASAP7_75t_R cells:        7
ABC RESULTS:   OAI211xp5_ASAP7_75t_R cells:        5
ABC RESULTS:   OAI21xp33_ASAP7_75t_R cells:       74
ABC RESULTS:   OAI221xp5_ASAP7_75t_R cells:        2
ABC RESULTS:   OAI22xp33_ASAP7_75t_R cells:        2
ABC RESULTS:   OAI311xp33_ASAP7_75t_R cells:        3
ABC RESULTS:   OAI31xp33_ASAP7_75t_R cells:       30
ABC RESULTS:   OAI32xp33_ASAP7_75t_R cells:        1
ABC RESULTS:   OR2x2_ASAP7_75t_R cells:       13
ABC RESULTS:   OR3x1_ASAP7_75t_R cells:       13
ABC RESULTS:   OR4x1_ASAP7_75t_R cells:        1
ABC RESULTS:   XNOR2xp5_ASAP7_75t_R cells:       30
ABC RESULTS:   XOR2xp5_ASAP7_75t_R cells:       17
ABC RESULTS:        internal signals:      699
ABC RESULTS:           input signals:      181
ABC RESULTS:          output signals:       89
Removing temp directory.

5.13. Extracting gate netlist of module `\FCMA_ADD_s1' to `<abc-temp-dir>/input.blif'..
ABC: using cached merged SCL: /tmp/yosys-liberty-scl-cache/yosys_merged_faa04716.scl (1 files)

5.13.1. Executed ABC.
Extracted 329 gates and 478 wires to a netlist network with 149 inputs and 120 outputs.
Running ABC script: <abc-temp-dir>/abc.script
ABC: UC Berkeley, ABC 1.01 (compiled Jun  3 2026 15:06:41)
ABC: abc 01> empty
ABC: abc 01> source <abc-temp-dir>/abc.script
ABC: + read_blif <abc-temp-dir>/input.blif 
ABC: + read_scl /tmp/yosys-liberty-scl-cache/yosys_merged_faa04716.scl 
ABC: Warning: Detected 2 multi-output cells (for example, "FAx1_ASAP7_75t_R").
ABC: + strash 
ABC: + &get -n 
ABC: + &fraig -x 
ABC: + &put 
ABC: + scorr 
ABC: Warning: The network is combinational (run "fraig" or "fraig_sweep").
ABC: + dc2 
ABC: + dretime 
ABC: + retime -o -D 1000 
ABC: + strash 
ABC: + &get -n 
ABC: + &dch -f 
ABC: + &nf -D 1000 
ABC: + &put 
ABC: + write_blif <abc-temp-dir>/output.blif 
ABC: 
ABC: YOSYS_ABC_DONE 

5.13.2. Re-integrating ABC results.
ABC RESULTS:   A2O1A1Ixp33_ASAP7_75t_R cells:        4
ABC RESULTS:   A2O1A1O1Ixp25_ASAP7_75t_R cells:        2
ABC RESULTS:   AND2x2_ASAP7_75t_R cells:        1
ABC RESULTS:   AND4x1_ASAP7_75t_R cells:        4
ABC RESULTS:   AND5x1_ASAP7_75t_R cells:        1
ABC RESULTS:   AO21x1_ASAP7_75t_R cells:        1
ABC RESULTS:   AOI21xp33_ASAP7_75t_R cells:       23
ABC RESULTS:   AOI22xp33_ASAP7_75t_R cells:        1
ABC RESULTS:   INVx1_ASAP7_75t_R cells:       93
ABC RESULTS:   MAJx2_ASAP7_75t_R cells:        3
ABC RESULTS:   NAND2xp33_ASAP7_75t_R cells:       94
ABC RESULTS:   NAND3xp33_ASAP7_75t_R cells:        1
ABC RESULTS:   NAND4xp25_ASAP7_75t_R cells:        4
ABC RESULTS:   NAND5xp2_ASAP7_75t_R cells:        3
ABC RESULTS:   NOR2xp33_ASAP7_75t_R cells:       29
ABC RESULTS:   NOR3xp33_ASAP7_75t_R cells:        1
ABC RESULTS:   NOR4xp25_ASAP7_75t_R cells:       10
ABC RESULTS:   NOR5xp2_ASAP7_75t_R cells:        2
ABC RESULTS:   O2A1O1Ixp33_ASAP7_75t_R cells:        4
ABC RESULTS:   OA21x2_ASAP7_75t_R cells:        2
ABC RESULTS:   OAI211xp5_ASAP7_75t_R cells:        1
ABC RESULTS:   OAI21xp33_ASAP7_75t_R cells:       84
ABC RESULTS:   OAI22xp33_ASAP7_75t_R cells:        1
ABC RESULTS:   OAI31xp33_ASAP7_75t_R cells:        1
ABC RESULTS:   OR2x2_ASAP7_75t_R cells:        4
ABC RESULTS:   OR4x1_ASAP7_75t_R cells:        1
ABC RESULTS:   XNOR2xp5_ASAP7_75t_R cells:        7
ABC RESULTS:   XOR2xp5_ASAP7_75t_R cells:        6
ABC RESULTS:        internal signals:      209
ABC RESULTS:           input signals:      149
ABC RESULTS:          output signals:      120
Removing temp directory.

5.14. Extracting gate netlist of module `\NearPath' to `<abc-temp-dir>/input.blif'..
ABC: using cached merged SCL: /tmp/yosys-liberty-scl-cache/yosys_merged_faa04716.scl (1 files)

5.14.1. Executed ABC.
Extracted 784 gates and 869 wires to a netlist network with 84 inputs and 80 outputs.
Running ABC script: <abc-temp-dir>/abc.script
ABC: UC Berkeley, ABC 1.01 (compiled Jun  3 2026 15:06:41)
ABC: abc 01> empty
ABC: abc 01> source <abc-temp-dir>/abc.script
ABC: + read_blif <abc-temp-dir>/input.blif 
ABC: + read_scl /tmp/yosys-liberty-scl-cache/yosys_merged_faa04716.scl 
ABC: Warning: Detected 2 multi-output cells (for example, "FAx1_ASAP7_75t_R").
ABC: + strash 
ABC: + &get -n 
ABC: + &fraig -x 
ABC: + &put 
ABC: + scorr 
ABC: Warning: The network is combinational (run "fraig" or "fraig_sweep").
ABC: + dc2 
ABC: + dretime 
ABC: + retime -o -D 1000 
ABC: + strash 
ABC: + &get -n 
ABC: + &dch -f 
ABC: + &nf -D 1000 
ABC: + &put 
ABC: + write_blif <abc-temp-dir>/output.blif 
ABC: 
ABC: YOSYS_ABC_DONE 

5.14.2. Re-integrating ABC results.
ABC RESULTS:   A2O1A1Ixp33_ASAP7_75t_R cells:        2
ABC RESULTS:   A2O1A1O1Ixp25_ASAP7_75t_R cells:        1
ABC RESULTS:   AND2x2_ASAP7_75t_R cells:        8
ABC RESULTS:   AND3x1_ASAP7_75t_R cells:        6
ABC RESULTS:   AND4x1_ASAP7_75t_R cells:        3
ABC RESULTS:   AND5x1_ASAP7_75t_R cells:        4
ABC RESULTS:   AO211x2_ASAP7_75t_R cells:        1
ABC RESULTS:   AO21x1_ASAP7_75t_R cells:        9
ABC RESULTS:   AO221x1_ASAP7_75t_R cells:        2
ABC RESULTS:   AOI211xp5_ASAP7_75t_R cells:        2
ABC RESULTS:   AOI21xp33_ASAP7_75t_R cells:       34
ABC RESULTS:   AOI221xp5_ASAP7_75t_R cells:        9
ABC RESULTS:   AOI22xp33_ASAP7_75t_R cells:        5
ABC RESULTS:   AOI311xp33_ASAP7_75t_R cells:        5
ABC RESULTS:   AOI31xp33_ASAP7_75t_R cells:        3
ABC RESULTS:   AOI321xp33_ASAP7_75t_R cells:        1
ABC RESULTS:   AOI32xp33_ASAP7_75t_R cells:        4
ABC RESULTS:   HB1xp67_ASAP7_75t_R cells:        1
ABC RESULTS:   INVx1_ASAP7_75t_R cells:       59
ABC RESULTS:   MAJIxp5_ASAP7_75t_R cells:        1
ABC RESULTS:   MAJx2_ASAP7_75t_R cells:        2
ABC RESULTS:   NAND2xp33_ASAP7_75t_R cells:       60
ABC RESULTS:   NAND3xp33_ASAP7_75t_R cells:       14
ABC RESULTS:   NAND4xp25_ASAP7_75t_R cells:        4
ABC RESULTS:   NAND5xp2_ASAP7_75t_R cells:        6
ABC RESULTS:   NOR2xp33_ASAP7_75t_R cells:       44
ABC RESULTS:   NOR3xp33_ASAP7_75t_R cells:       13
ABC RESULTS:   NOR4xp25_ASAP7_75t_R cells:       13
ABC RESULTS:   NOR5xp2_ASAP7_75t_R cells:        9
ABC RESULTS:   OA211x2_ASAP7_75t_R cells:        2
ABC RESULTS:   OA21x2_ASAP7_75t_R cells:        1
ABC RESULTS:   OAI211xp5_ASAP7_75t_R cells:        2
ABC RESULTS:   OAI21xp33_ASAP7_75t_R cells:       18
ABC RESULTS:   OAI221xp5_ASAP7_75t_R cells:        1
ABC RESULTS:   OAI22xp33_ASAP7_75t_R cells:        1
ABC RESULTS:   OAI311xp33_ASAP7_75t_R cells:        5
ABC RESULTS:   OAI31xp33_ASAP7_75t_R cells:        9
ABC RESULTS:   OR2x2_ASAP7_75t_R cells:       10
ABC RESULTS:   OR3x1_ASAP7_75t_R cells:        3
ABC RESULTS:   OR4x1_ASAP7_75t_R cells:        4
ABC RESULTS:   OR5x1_ASAP7_75t_R cells:        6
ABC RESULTS:   XNOR2xp5_ASAP7_75t_R cells:       31
ABC RESULTS:   XOR2xp5_ASAP7_75t_R cells:        6
ABC RESULTS:        internal signals:      705
ABC RESULTS:           input signals:       84
ABC RESULTS:          output signals:       80
Removing temp directory.

5.15. Extracting gate netlist of module `\CLZ_8' to `<abc-temp-dir>/input.blif'..
ABC: using cached merged SCL: /tmp/yosys-liberty-scl-cache/yosys_merged_faa04716.scl (1 files)

5.15.1. Executed ABC.
Extracted 108 gates and 134 wires to a netlist network with 24 inputs and 5 outputs.
Running ABC script: <abc-temp-dir>/abc.script
ABC: UC Berkeley, ABC 1.01 (compiled Jun  3 2026 15:06:41)
ABC: abc 01> empty
ABC: abc 01> source <abc-temp-dir>/abc.script
ABC: + read_blif <abc-temp-dir>/input.blif 
ABC: + read_scl /tmp/yosys-liberty-scl-cache/yosys_merged_faa04716.scl 
ABC: Warning: Detected 2 multi-output cells (for example, "FAx1_ASAP7_75t_R").
ABC: + strash 
ABC: + &get -n 
ABC: + &fraig -x 
ABC: + &put 
ABC: + scorr 
ABC: Warning: The network is combinational (run "fraig" or "fraig_sweep").
ABC: + dc2 
ABC: + dretime 
ABC: + retime -o -D 1000 
ABC: + strash 
ABC: + &get -n 
ABC: + &dch -f 
ABC: + &nf -D 1000 
ABC: + &put 
ABC: + write_blif <abc-temp-dir>/output.blif 
ABC: 
ABC: YOSYS_ABC_DONE 

5.15.2. Re-integrating ABC results.
ABC RESULTS:   A2O1A1Ixp33_ASAP7_75t_R cells:        1
ABC RESULTS:   AND2x2_ASAP7_75t_R cells:        1
ABC RESULTS:   AND3x1_ASAP7_75t_R cells:        1
ABC RESULTS:   AOI211xp5_ASAP7_75t_R cells:        1
ABC RESULTS:   AOI21xp33_ASAP7_75t_R cells:        2
ABC RESULTS:   AOI311xp33_ASAP7_75t_R cells:        2
ABC RESULTS:   INVx1_ASAP7_75t_R cells:       12
ABC RESULTS:   NAND2xp33_ASAP7_75t_R cells:        2
ABC RESULTS:   NOR2xp33_ASAP7_75t_R cells:        2
ABC RESULTS:   NOR4xp25_ASAP7_75t_R cells:        4
ABC RESULTS:   NOR5xp2_ASAP7_75t_R cells:        1
ABC RESULTS:   O2A1O1Ixp33_ASAP7_75t_R cells:        7
ABC RESULTS:   OAI21xp33_ASAP7_75t_R cells:        1
ABC RESULTS:   OAI311xp33_ASAP7_75t_R cells:        2
ABC RESULTS:   OR4x1_ASAP7_75t_R cells:        2
ABC RESULTS:   OR5x1_ASAP7_75t_R cells:        1
ABC RESULTS:        internal signals:      105
ABC RESULTS:           input signals:       24
ABC RESULTS:          output signals:        5
Removing temp directory.

5.16. Extracting gate netlist of module `\LZA' to `<abc-temp-dir>/input.blif'..
ABC: using cached merged SCL: /tmp/yosys-liberty-scl-cache/yosys_merged_faa04716.scl (1 files)

5.16.1. Executed ABC.
Extracted 144 gates and 194 wires to a netlist network with 50 inputs and 24 outputs.
Running ABC script: <abc-temp-dir>/abc.script
ABC: UC Berkeley, ABC 1.01 (compiled Jun  3 2026 15:06:41)
ABC: abc 01> empty
ABC: abc 01> source <abc-temp-dir>/abc.script
ABC: + read_blif <abc-temp-dir>/input.blif 
ABC: + read_scl /tmp/yosys-liberty-scl-cache/yosys_merged_faa04716.scl 
ABC: Warning: Detected 2 multi-output cells (for example, "FAx1_ASAP7_75t_R").
ABC: + strash 
ABC: + &get -n 
ABC: + &fraig -x 
ABC: + &put 
ABC: + scorr 
ABC: Warning: The network is combinational (run "fraig" or "fraig_sweep").
ABC: + dc2 
ABC: + dretime 
ABC: + retime -o -D 1000 
ABC: + strash 
ABC: + &get -n 
ABC: + &dch -f 
ABC: + &nf -D 1000 
ABC: + &put 
ABC: + write_blif <abc-temp-dir>/output.blif 
ABC: 
ABC: YOSYS_ABC_DONE 

5.16.2. Re-integrating ABC results.
ABC RESULTS:   NOR2xp33_ASAP7_75t_R cells:       24
ABC RESULTS:   XNOR2xp5_ASAP7_75t_R cells:       24
ABC RESULTS:   XOR2xp5_ASAP7_75t_R cells:       24
ABC RESULTS:        internal signals:      120
ABC RESULTS:           input signals:       50
ABC RESULTS:          output signals:       24
Removing temp directory.

5.17. Extracting gate netlist of module `\FarPath' to `<abc-temp-dir>/input.blif'..
ABC: using cached merged SCL: /tmp/yosys-liberty-scl-cache/yosys_merged_faa04716.scl (1 files)

5.17.1. Executed ABC.
Extracted 176 gates and 212 wires to a netlist network with 36 inputs and 43 outputs.
Running ABC script: <abc-temp-dir>/abc.script
ABC: UC Berkeley, ABC 1.01 (compiled Jun  3 2026 15:06:41)
ABC: abc 01> empty
ABC: abc 01> source <abc-temp-dir>/abc.script
ABC: + read_blif <abc-temp-dir>/input.blif 
ABC: + read_scl /tmp/yosys-liberty-scl-cache/yosys_merged_faa04716.scl 
ABC: Warning: Detected 2 multi-output cells (for example, "FAx1_ASAP7_75t_R").
ABC: + strash 
ABC: + &get -n 
ABC: + &fraig -x 
ABC: + &put 
ABC: + scorr 
ABC: Warning: The network is combinational (run "fraig" or "fraig_sweep").
ABC: + dc2 
ABC: + dretime 
ABC: + retime -o -D 1000 
ABC: + strash 
ABC: + &get -n 
ABC: + &dch -f 
ABC: + &nf -D 1000 
ABC: + &put 
ABC: + write_blif <abc-temp-dir>/output.blif 
ABC: 
ABC: YOSYS_ABC_DONE 

5.17.2. Re-integrating ABC results.
ABC RESULTS:   AND2x2_ASAP7_75t_R cells:        6
ABC RESULTS:   AND3x1_ASAP7_75t_R cells:        2
ABC RESULTS:   AO21x1_ASAP7_75t_R cells:        4
ABC RESULTS:   AOI21xp33_ASAP7_75t_R cells:        4
ABC RESULTS:   HB1xp67_ASAP7_75t_R cells:        1
ABC RESULTS:   INVx1_ASAP7_75t_R cells:        6
ABC RESULTS:   NAND2xp33_ASAP7_75t_R cells:        2
ABC RESULTS:   NAND3xp33_ASAP7_75t_R cells:        3
ABC RESULTS:   NAND4xp25_ASAP7_75t_R cells:        1
ABC RESULTS:   NAND5xp2_ASAP7_75t_R cells:        3
ABC RESULTS:   NOR2xp33_ASAP7_75t_R cells:       11
ABC RESULTS:   NOR3xp33_ASAP7_75t_R cells:        5
ABC RESULTS:   NOR4xp25_ASAP7_75t_R cells:        2
ABC RESULTS:   NOR5xp2_ASAP7_75t_R cells:        3
ABC RESULTS:   O2A1O1Ixp33_ASAP7_75t_R cells:        1
ABC RESULTS:   OA21x2_ASAP7_75t_R cells:        2
ABC RESULTS:   OAI21xp33_ASAP7_75t_R cells:        3
ABC RESULTS:   OR3x1_ASAP7_75t_R cells:        1
ABC RESULTS:   XNOR2xp5_ASAP7_75t_R cells:       21
ABC RESULTS:   XOR2xp5_ASAP7_75t_R cells:       30
ABC RESULTS:        internal signals:      133
ABC RESULTS:           input signals:       36
ABC RESULTS:          output signals:       43
Removing temp directory.

5.18. Extracting gate netlist of module `\ShiftRightJam' to `<abc-temp-dir>/input.blif'..
ABC: using cached merged SCL: /tmp/yosys-liberty-scl-cache/yosys_merged_faa04716.scl (1 files)

5.18.1. Executed ABC.
Extracted 519 gates and 554 wires to a netlist network with 34 inputs and 27 outputs.
Running ABC script: <abc-temp-dir>/abc.script
ABC: UC Berkeley, ABC 1.01 (compiled Jun  3 2026 15:06:41)
ABC: abc 01> empty
ABC: abc 01> source <abc-temp-dir>/abc.script
ABC: + read_blif <abc-temp-dir>/input.blif 
ABC: + read_scl /tmp/yosys-liberty-scl-cache/yosys_merged_faa04716.scl 
ABC: Warning: Detected 2 multi-output cells (for example, "FAx1_ASAP7_75t_R").
ABC: + strash 
ABC: + &get -n 
ABC: + &fraig -x 
ABC: + &put 
ABC: + scorr 
ABC: Warning: The network is combinational (run "fraig" or "fraig_sweep").
ABC: + dc2 
ABC: + dretime 
ABC: + retime -o -D 1000 
ABC: + strash 
ABC: + &get -n 
ABC: + &dch -f 
ABC: + &nf -D 1000 
ABC: + &put 
ABC: + write_blif <abc-temp-dir>/output.blif 
ABC: 
ABC: YOSYS_ABC_DONE 

5.18.2. Re-integrating ABC results.
ABC RESULTS:   A2O1A1Ixp33_ASAP7_75t_R cells:       23
ABC RESULTS:   A2O1A1O1Ixp25_ASAP7_75t_R cells:        5
ABC RESULTS:   AND2x2_ASAP7_75t_R cells:        2
ABC RESULTS:   AND3x1_ASAP7_75t_R cells:        2
ABC RESULTS:   AND4x1_ASAP7_75t_R cells:        1
ABC RESULTS:   AO21x1_ASAP7_75t_R cells:        4
ABC RESULTS:   AO22x1_ASAP7_75t_R cells:        3
ABC RESULTS:   AO32x1_ASAP7_75t_R cells:        1
ABC RESULTS:   AOI211xp5_ASAP7_75t_R cells:       14
ABC RESULTS:   AOI21xp33_ASAP7_75t_R cells:       35
ABC RESULTS:   AOI221xp5_ASAP7_75t_R cells:        4
ABC RESULTS:   AOI22xp33_ASAP7_75t_R cells:        2
ABC RESULTS:   AOI31xp33_ASAP7_75t_R cells:        2
ABC RESULTS:   AOI32xp33_ASAP7_75t_R cells:        3
ABC RESULTS:   INVx1_ASAP7_75t_R cells:       16
ABC RESULTS:   NAND2xp33_ASAP7_75t_R cells:       39
ABC RESULTS:   NAND3xp33_ASAP7_75t_R cells:       23
ABC RESULTS:   NAND4xp25_ASAP7_75t_R cells:        2
ABC RESULTS:   NAND5xp2_ASAP7_75t_R cells:        1
ABC RESULTS:   NOR2xp33_ASAP7_75t_R cells:       26
ABC RESULTS:   NOR3xp33_ASAP7_75t_R cells:        4
ABC RESULTS:   NOR4xp25_ASAP7_75t_R cells:        3
ABC RESULTS:   NOR5xp2_ASAP7_75t_R cells:        2
ABC RESULTS:   O2A1O1Ixp33_ASAP7_75t_R cells:       11
ABC RESULTS:   OA211x2_ASAP7_75t_R cells:        4
ABC RESULTS:   OA21x2_ASAP7_75t_R cells:        2
ABC RESULTS:   OAI211xp5_ASAP7_75t_R cells:       10
ABC RESULTS:   OAI21xp33_ASAP7_75t_R cells:       31
ABC RESULTS:   OAI22xp33_ASAP7_75t_R cells:        1
ABC RESULTS:   OAI31xp33_ASAP7_75t_R cells:        1
ABC RESULTS:   OAI32xp33_ASAP7_75t_R cells:        2
ABC RESULTS:   OR2x2_ASAP7_75t_R cells:        1
ABC RESULTS:   OR3x1_ASAP7_75t_R cells:        1
ABC RESULTS:        internal signals:      493
ABC RESULTS:           input signals:       34
ABC RESULTS:          output signals:       27
Removing temp directory.

5.19. Extracting gate netlist of module `\TCMulPipe_1' to `<abc-temp-dir>/input.blif'..
ABC: using cached merged SCL: /tmp/yosys-liberty-scl-cache/yosys_merged_faa04716.scl (1 files)

5.19.1. Executed ABC.
Extracted 264 gates and 522 wires to a netlist network with 257 inputs and 243 outputs.
Running ABC script: <abc-temp-dir>/abc.script
ABC: UC Berkeley, ABC 1.01 (compiled Jun  3 2026 15:06:41)
ABC: abc 01> empty
ABC: abc 01> source <abc-temp-dir>/abc.script
ABC: + read_blif <abc-temp-dir>/input.blif 
ABC: + read_scl /tmp/yosys-liberty-scl-cache/yosys_merged_faa04716.scl 
ABC: Warning: Detected 2 multi-output cells (for example, "FAx1_ASAP7_75t_R").
ABC: + strash 
ABC: + &get -n 
ABC: + &fraig -x 
ABC: + &put 
ABC: + scorr 
ABC: Warning: The network is combinational (run "fraig" or "fraig_sweep").
ABC: + dc2 
ABC: + dretime 
ABC: + retime -o -D 1000 
ABC: + strash 
ABC: + &get -n 
ABC: + &dch -f 
ABC: + &nf -D 1000 
ABC: + &put 
ABC: + write_blif <abc-temp-dir>/output.blif 
ABC: 
ABC: YOSYS_ABC_DONE 

5.19.2. Re-integrating ABC results.
ABC RESULTS:   AOI21xp33_ASAP7_75t_R cells:      119
ABC RESULTS:   INVx1_ASAP7_75t_R cells:      121
ABC RESULTS:   NAND2xp33_ASAP7_75t_R cells:        2
ABC RESULTS:   NOR2xp33_ASAP7_75t_R cells:       28
ABC RESULTS:   NOR3xp33_ASAP7_75t_R cells:       91
ABC RESULTS:   NOR4xp25_ASAP7_75t_R cells:        4
ABC RESULTS:   O2A1O1Ixp33_ASAP7_75t_R cells:        1
ABC RESULTS:   OAI31xp33_ASAP7_75t_R cells:        1
ABC RESULTS:   OR2x2_ASAP7_75t_R cells:        1
ABC RESULTS:   OR3x1_ASAP7_75t_R cells:        1
ABC RESULTS:        internal signals:       22
ABC RESULTS:           input signals:      257
ABC RESULTS:          output signals:      243
Removing temp directory.

5.20. Extracting gate netlist of module `\TCMulPipe' to `<abc-temp-dir>/input.blif'..
ABC: using cached merged SCL: /tmp/yosys-liberty-scl-cache/yosys_merged_faa04716.scl (1 files)

5.20.1. Executed ABC.
Extracted 724 gates and 1327 wires to a netlist network with 602 inputs and 587 outputs.
Running ABC script: <abc-temp-dir>/abc.script
ABC: UC Berkeley, ABC 1.01 (compiled Jun  3 2026 15:06:41)
ABC: abc 01> empty
ABC: abc 01> source <abc-temp-dir>/abc.script
ABC: + read_blif <abc-temp-dir>/input.blif 
ABC: + read_scl /tmp/yosys-liberty-scl-cache/yosys_merged_faa04716.scl 
ABC: Warning: Detected 2 multi-output cells (for example, "FAx1_ASAP7_75t_R").
ABC: + strash 
ABC: + &get -n 
ABC: + &fraig -x 
ABC: + &put 
ABC: + scorr 
ABC: Warning: The network is combinational (run "fraig" or "fraig_sweep").
ABC: + dc2 
ABC: + dretime 
ABC: + retime -o -D 1000 
ABC: + strash 
ABC: + &get -n 
ABC: + &dch -f 
ABC: + &nf -D 1000 
ABC: + &put 
ABC: + write_blif <abc-temp-dir>/output.blif 
ABC: 
ABC: YOSYS_ABC_DONE 

5.20.2. Re-integrating ABC results.
ABC RESULTS:   AOI21xp33_ASAP7_75t_R cells:      234
ABC RESULTS:   INVx1_ASAP7_75t_R cells:      237
ABC RESULTS:   NAND2xp33_ASAP7_75t_R cells:        2
ABC RESULTS:   NOR2xp33_ASAP7_75t_R cells:      143
ABC RESULTS:   NOR3xp33_ASAP7_75t_R cells:       91
ABC RESULTS:   NOR4xp25_ASAP7_75t_R cells:        4
ABC RESULTS:   O2A1O1Ixp33_ASAP7_75t_R cells:        1
ABC RESULTS:   OAI21xp33_ASAP7_75t_R cells:      230
ABC RESULTS:   OAI31xp33_ASAP7_75t_R cells:        1
ABC RESULTS:   OR2x2_ASAP7_75t_R cells:        1
ABC RESULTS:        internal signals:      138
ABC RESULTS:           input signals:      602
ABC RESULTS:          output signals:      587
Removing temp directory.

5.21. Extracting gate netlist of module `\FMUL_s3' to `<abc-temp-dir>/input.blif'..
ABC: using cached merged SCL: /tmp/yosys-liberty-scl-cache/yosys_merged_faa04716.scl (1 files)

5.21.1. Executed ABC.
Extracted 169 gates and 260 wires to a netlist network with 89 inputs and 33 outputs.
Running ABC script: <abc-temp-dir>/abc.script
ABC: UC Berkeley, ABC 1.01 (compiled Jun  3 2026 15:06:41)
ABC: abc 01> empty
ABC: abc 01> source <abc-temp-dir>/abc.script
ABC: + read_blif <abc-temp-dir>/input.blif 
ABC: + read_scl /tmp/yosys-liberty-scl-cache/yosys_merged_faa04716.scl 
ABC: Warning: Detected 2 multi-output cells (for example, "FAx1_ASAP7_75t_R").
ABC: + strash 
ABC: + &get -n 
ABC: + &fraig -x 
ABC: + &put 
ABC: + scorr 
ABC: Warning: The network is combinational (run "fraig" or "fraig_sweep").
ABC: + dc2 
ABC: + dretime 
ABC: + retime -o -D 1000 
ABC: + strash 
ABC: + &get -n 
ABC: + &dch -f 
ABC: + &nf -D 1000 
ABC: + &put 
ABC: + write_blif <abc-temp-dir>/output.blif 
ABC: 
ABC: YOSYS_ABC_DONE 

5.21.2. Re-integrating ABC results.
ABC RESULTS:   A2O1A1Ixp33_ASAP7_75t_R cells:        7
ABC RESULTS:   AND3x1_ASAP7_75t_R cells:        4
ABC RESULTS:   AND4x1_ASAP7_75t_R cells:        2
ABC RESULTS:   AOI21xp33_ASAP7_75t_R cells:       26
ABC RESULTS:   AOI31xp33_ASAP7_75t_R cells:        1
ABC RESULTS:   INVx1_ASAP7_75t_R cells:        1
ABC RESULTS:   NAND2xp33_ASAP7_75t_R cells:       25
ABC RESULTS:   NAND3xp33_ASAP7_75t_R cells:        2
ABC RESULTS:   NAND4xp25_ASAP7_75t_R cells:        1
ABC RESULTS:   NOR2xp33_ASAP7_75t_R cells:        1
ABC RESULTS:   NOR3xp33_ASAP7_75t_R cells:        1
ABC RESULTS:   NOR4xp25_ASAP7_75t_R cells:        1
ABC RESULTS:   NOR5xp2_ASAP7_75t_R cells:        5
ABC RESULTS:   OA21x2_ASAP7_75t_R cells:        1
ABC RESULTS:   OAI21xp33_ASAP7_75t_R cells:        3
ABC RESULTS:   OAI31xp33_ASAP7_75t_R cells:        1
ABC RESULTS:   OR2x2_ASAP7_75t_R cells:        1
ABC RESULTS:   OR3x1_ASAP7_75t_R cells:        1
ABC RESULTS:   OR4x1_ASAP7_75t_R cells:        6
ABC RESULTS:   OR5x1_ASAP7_75t_R cells:        1
ABC RESULTS:   XNOR2xp5_ASAP7_75t_R cells:        1
ABC RESULTS:   XOR2xp5_ASAP7_75t_R cells:        4
ABC RESULTS:        internal signals:      138
ABC RESULTS:           input signals:       89
ABC RESULTS:          output signals:       33
Removing temp directory.

5.22. Extracting gate netlist of module `\TininessRounder' to `<abc-temp-dir>/input.blif'..
ABC: using cached merged SCL: /tmp/yosys-liberty-scl-cache/yosys_merged_faa04716.scl (1 files)

5.22.1. Executed ABC.
Extracted 8 gates and 11 wires to a netlist network with 3 inputs and 1 outputs.
Running ABC script: <abc-temp-dir>/abc.script
ABC: UC Berkeley, ABC 1.01 (compiled Jun  3 2026 15:06:41)
ABC: abc 01> empty
ABC: abc 01> source <abc-temp-dir>/abc.script
ABC: + read_blif <abc-temp-dir>/input.blif 
ABC: + read_scl /tmp/yosys-liberty-scl-cache/yosys_merged_faa04716.scl 
ABC: Warning: Detected 2 multi-output cells (for example, "FAx1_ASAP7_75t_R").
ABC: + strash 
ABC: + &get -n 
ABC: + &fraig -x 
ABC: + &put 
ABC: + scorr 
ABC: Warning: The network is combinational (run "fraig" or "fraig_sweep").
ABC: + dc2 
ABC: + dretime 
ABC: + retime -o -D 1000 
ABC: + strash 
ABC: + &get -n 
ABC: + &dch -f 
ABC: + &nf -D 1000 
ABC: + &put 
ABC: + write_blif <abc-temp-dir>/output.blif 
ABC: 
ABC: YOSYS_ABC_DONE 

5.22.2. Re-integrating ABC results.
ABC RESULTS:   AOI21xp33_ASAP7_75t_R cells:        1
ABC RESULTS:        internal signals:        7
ABC RESULTS:           input signals:        3
ABC RESULTS:          output signals:        1
Removing temp directory.

5.23. Extracting gate netlist of module `\RoundingUnit' to `<abc-temp-dir>/input.blif'..
ABC: using cached merged SCL: /tmp/yosys-liberty-scl-cache/yosys_merged_faa04716.scl (1 files)

5.23.1. Executed ABC.
Extracted 113 gates and 142 wires to a netlist network with 29 inputs and 25 outputs.
Running ABC script: <abc-temp-dir>/abc.script
ABC: UC Berkeley, ABC 1.01 (compiled Jun  3 2026 15:06:41)
ABC: abc 01> empty
ABC: abc 01> source <abc-temp-dir>/abc.script
ABC: + read_blif <abc-temp-dir>/input.blif 
ABC: + read_scl /tmp/yosys-liberty-scl-cache/yosys_merged_faa04716.scl 
ABC: Warning: Detected 2 multi-output cells (for example, "FAx1_ASAP7_75t_R").
ABC: + strash 
ABC: + &get -n 
ABC: + &fraig -x 
ABC: + &put 
ABC: + scorr 
ABC: Warning: The network is combinational (run "fraig" or "fraig_sweep").
ABC: + dc2 
ABC: + dretime 
ABC: + retime -o -D 1000 
ABC: + strash 
ABC: + &get -n 
ABC: + &dch -f 
ABC: + &nf -D 1000 
ABC: + &put 
ABC: + write_blif <abc-temp-dir>/output.blif 
ABC: 
ABC: YOSYS_ABC_DONE 

5.23.2. Re-integrating ABC results.
ABC RESULTS:   AND2x2_ASAP7_75t_R cells:        5
ABC RESULTS:   AND5x1_ASAP7_75t_R cells:        2
ABC RESULTS:   AOI211xp5_ASAP7_75t_R cells:        1
ABC RESULTS:   AOI31xp33_ASAP7_75t_R cells:        2
ABC RESULTS:   INVx1_ASAP7_75t_R cells:        8
ABC RESULTS:   NAND2xp33_ASAP7_75t_R cells:        3
ABC RESULTS:   NAND3xp33_ASAP7_75t_R cells:        3
ABC RESULTS:   NAND4xp25_ASAP7_75t_R cells:        1
ABC RESULTS:   NAND5xp2_ASAP7_75t_R cells:        2
ABC RESULTS:   NOR2xp33_ASAP7_75t_R cells:       14
ABC RESULTS:   NOR3xp33_ASAP7_75t_R cells:        1
ABC RESULTS:   NOR4xp25_ASAP7_75t_R cells:        1
ABC RESULTS:   NOR5xp2_ASAP7_75t_R cells:        1
ABC RESULTS:   O2A1O1Ixp33_ASAP7_75t_R cells:        2
ABC RESULTS:   OA211x2_ASAP7_75t_R cells:        1
ABC RESULTS:   OAI31xp33_ASAP7_75t_R cells:        1
ABC RESULTS:   OR2x2_ASAP7_75t_R cells:        1
ABC RESULTS:   XNOR2xp5_ASAP7_75t_R cells:       11
ABC RESULTS:   XOR2xp5_ASAP7_75t_R cells:        4
ABC RESULTS:        internal signals:       88
ABC RESULTS:           input signals:       29
ABC RESULTS:          output signals:       25
Removing temp directory.

5.24. Extracting gate netlist of module `\FMUL_s2' to `<abc-temp-dir>/input.blif'..
ABC: using cached merged SCL: /tmp/yosys-liberty-scl-cache/yosys_merged_faa04716.scl (1 files)

5.24.1. Executed ABC.
Extracted 700 gates and 768 wires to a netlist network with 67 inputs and 83 outputs.
Running ABC script: <abc-temp-dir>/abc.script
ABC: UC Berkeley, ABC 1.01 (compiled Jun  3 2026 15:06:41)
ABC: abc 01> empty
ABC: abc 01> source <abc-temp-dir>/abc.script
ABC: + read_blif <abc-temp-dir>/input.blif 
ABC: + read_scl /tmp/yosys-liberty-scl-cache/yosys_merged_faa04716.scl 
ABC: Warning: Detected 2 multi-output cells (for example, "FAx1_ASAP7_75t_R").
ABC: + strash 
ABC: + &get -n 
ABC: + &fraig -x 
ABC: + &put 
ABC: + scorr 
ABC: Warning: The network is combinational (run "fraig" or "fraig_sweep").
ABC: + dc2 
ABC: + dretime 
ABC: + retime -o -D 1000 
ABC: + strash 
ABC: + &get -n 
ABC: + &dch -f 
ABC: + &nf -D 1000 
ABC: + &put 
ABC: + write_blif <abc-temp-dir>/output.blif 
ABC: 
ABC: YOSYS_ABC_DONE 

5.24.2. Re-integrating ABC results.
ABC RESULTS:   A2O1A1Ixp33_ASAP7_75t_R cells:       27
ABC RESULTS:   A2O1A1O1Ixp25_ASAP7_75t_R cells:        3
ABC RESULTS:   AND2x2_ASAP7_75t_R cells:        6
ABC RESULTS:   AND3x1_ASAP7_75t_R cells:        5
ABC RESULTS:   AND4x1_ASAP7_75t_R cells:        2
ABC RESULTS:   AO21x1_ASAP7_75t_R cells:       42
ABC RESULTS:   AO22x1_ASAP7_75t_R cells:        1
ABC RESULTS:   AO32x1_ASAP7_75t_R cells:        2
ABC RESULTS:   AOI211xp5_ASAP7_75t_R cells:       26
ABC RESULTS:   AOI21xp33_ASAP7_75t_R cells:      115
ABC RESULTS:   AOI22xp33_ASAP7_75t_R cells:        5
ABC RESULTS:   AOI311xp33_ASAP7_75t_R cells:        2
ABC RESULTS:   AOI31xp33_ASAP7_75t_R cells:        9
ABC RESULTS:   AOI32xp33_ASAP7_75t_R cells:        3
ABC RESULTS:   INVx1_ASAP7_75t_R cells:       24
ABC RESULTS:   NAND2xp33_ASAP7_75t_R cells:      118
ABC RESULTS:   NAND3xp33_ASAP7_75t_R cells:       34
ABC RESULTS:   NAND4xp25_ASAP7_75t_R cells:        4
ABC RESULTS:   NOR2xp33_ASAP7_75t_R cells:       66
ABC RESULTS:   NOR3xp33_ASAP7_75t_R cells:       17
ABC RESULTS:   NOR4xp25_ASAP7_75t_R cells:        5
ABC RESULTS:   NOR5xp2_ASAP7_75t_R cells:        1
ABC RESULTS:   O2A1O1Ixp33_ASAP7_75t_R cells:       32
ABC RESULTS:   OA211x2_ASAP7_75t_R cells:       14
ABC RESULTS:   OA21x2_ASAP7_75t_R cells:        7
ABC RESULTS:   OAI211xp5_ASAP7_75t_R cells:       33
ABC RESULTS:   OAI21xp33_ASAP7_75t_R cells:      129
ABC RESULTS:   OAI221xp5_ASAP7_75t_R cells:        3
ABC RESULTS:   OAI22xp33_ASAP7_75t_R cells:        5
ABC RESULTS:   OAI31xp33_ASAP7_75t_R cells:        8
ABC RESULTS:   OAI32xp33_ASAP7_75t_R cells:        4
ABC RESULTS:   OR2x2_ASAP7_75t_R cells:       10
ABC RESULTS:   OR3x1_ASAP7_75t_R cells:        6
ABC RESULTS:   OR4x1_ASAP7_75t_R cells:        2
ABC RESULTS:   OR5x1_ASAP7_75t_R cells:        1
ABC RESULTS:   XNOR2xp5_ASAP7_75t_R cells:        2
ABC RESULTS:   XOR2xp5_ASAP7_75t_R cells:        2
ABC RESULTS:        internal signals:      618
ABC RESULTS:           input signals:       67
ABC RESULTS:          output signals:       83
Removing temp directory.

5.25. Extracting gate netlist of module `\FMUL_s1' to `<abc-temp-dir>/input.blif'..
ABC: using cached merged SCL: /tmp/yosys-liberty-scl-cache/yosys_merged_faa04716.scl (1 files)

5.25.1. Executed ABC.
Extracted 355 gates and 426 wires to a netlist network with 70 inputs and 48 outputs.
Running ABC script: <abc-temp-dir>/abc.script
ABC: UC Berkeley, ABC 1.01 (compiled Jun  3 2026 15:06:41)
ABC: abc 01> empty
ABC: abc 01> source <abc-temp-dir>/abc.script
ABC: + read_blif <abc-temp-dir>/input.blif 
ABC: + read_scl /tmp/yosys-liberty-scl-cache/yosys_merged_faa04716.scl 
ABC: Warning: Detected 2 multi-output cells (for example, "FAx1_ASAP7_75t_R").
ABC: + strash 
ABC: + &get -n 
ABC: + &fraig -x 
ABC: + &put 
ABC: + scorr 
ABC: Warning: The network is combinational (run "fraig" or "fraig_sweep").
ABC: + dc2 
ABC: + dretime 
ABC: + retime -o -D 1000 
ABC: + strash 
ABC: + &get -n 
ABC: + &dch -f 
ABC: + &nf -D 1000 
ABC: + &put 
ABC: + write_blif <abc-temp-dir>/output.blif 
ABC: 
ABC: YOSYS_ABC_DONE 

5.25.2. Re-integrating ABC results.
ABC RESULTS:   A2O1A1Ixp33_ASAP7_75t_R cells:        2
ABC RESULTS:   A2O1A1O1Ixp25_ASAP7_75t_R cells:        3
ABC RESULTS:   AND2x2_ASAP7_75t_R cells:        4
ABC RESULTS:   AND3x1_ASAP7_75t_R cells:        2
ABC RESULTS:   AND4x1_ASAP7_75t_R cells:        2
ABC RESULTS:   AND5x1_ASAP7_75t_R cells:        2
ABC RESULTS:   AO21x1_ASAP7_75t_R cells:        2
ABC RESULTS:   AO31x2_ASAP7_75t_R cells:        1
ABC RESULTS:   AOI211xp5_ASAP7_75t_R cells:        6
ABC RESULTS:   AOI21xp33_ASAP7_75t_R cells:       10
ABC RESULTS:   AOI221xp5_ASAP7_75t_R cells:        1
ABC RESULTS:   AOI31xp33_ASAP7_75t_R cells:        2
ABC RESULTS:   INVx1_ASAP7_75t_R cells:       30
ABC RESULTS:   MAJIxp5_ASAP7_75t_R cells:        1
ABC RESULTS:   MAJx2_ASAP7_75t_R cells:        1
ABC RESULTS:   NAND2xp33_ASAP7_75t_R cells:       43
ABC RESULTS:   NAND3xp33_ASAP7_75t_R cells:        4
ABC RESULTS:   NAND4xp25_ASAP7_75t_R cells:        3
ABC RESULTS:   NAND5xp2_ASAP7_75t_R cells:        3
ABC RESULTS:   NOR2xp33_ASAP7_75t_R cells:       21
ABC RESULTS:   NOR3xp33_ASAP7_75t_R cells:        6
ABC RESULTS:   NOR4xp25_ASAP7_75t_R cells:        8
ABC RESULTS:   NOR5xp2_ASAP7_75t_R cells:        4
ABC RESULTS:   O2A1O1Ixp33_ASAP7_75t_R cells:        4
ABC RESULTS:   OA211x2_ASAP7_75t_R cells:        3
ABC RESULTS:   OA21x2_ASAP7_75t_R cells:        3
ABC RESULTS:   OA22x2_ASAP7_75t_R cells:        2
ABC RESULTS:   OAI211xp5_ASAP7_75t_R cells:        1
ABC RESULTS:   OAI21xp33_ASAP7_75t_R cells:       28
ABC RESULTS:   OAI22xp33_ASAP7_75t_R cells:        3
ABC RESULTS:   OAI31xp33_ASAP7_75t_R cells:        3
ABC RESULTS:   OAI321xp33_ASAP7_75t_R cells:        1
ABC RESULTS:   OR2x2_ASAP7_75t_R cells:        4
ABC RESULTS:   OR3x1_ASAP7_75t_R cells:        1
ABC RESULTS:   OR4x1_ASAP7_75t_R cells:        2
ABC RESULTS:   XNOR2xp5_ASAP7_75t_R cells:       23
ABC RESULTS:   XOR2xp5_ASAP7_75t_R cells:       13
ABC RESULTS:          _const0_ cells:        3
ABC RESULTS:        internal signals:      308
ABC RESULTS:           input signals:       70
ABC RESULTS:          output signals:       48
Removing temp directory.

5.26. Extracting gate netlist of module `\CLZ' to `<abc-temp-dir>/input.blif'..
ABC: using cached merged SCL: /tmp/yosys-liberty-scl-cache/yosys_merged_faa04716.scl (1 files)

5.26.1. Executed ABC.
Extracted 266 gates and 317 wires to a netlist network with 49 inputs and 6 outputs.
Running ABC script: <abc-temp-dir>/abc.script
ABC: UC Berkeley, ABC 1.01 (compiled Jun  3 2026 15:06:41)
ABC: abc 01> empty
ABC: abc 01> source <abc-temp-dir>/abc.script
ABC: + read_blif <abc-temp-dir>/input.blif 
ABC: + read_scl /tmp/yosys-liberty-scl-cache/yosys_merged_faa04716.scl 
ABC: Warning: Detected 2 multi-output cells (for example, "FAx1_ASAP7_75t_R").
ABC: + strash 
ABC: + &get -n 
ABC: + &fraig -x 
ABC: + &put 
ABC: + scorr 
ABC: Warning: The network is combinational (run "fraig" or "fraig_sweep").
ABC: + dc2 
ABC: + dretime 
ABC: + retime -o -D 1000 
ABC: + strash 
ABC: + &get -n 
ABC: + &dch -f 
ABC: + &nf -D 1000 
ABC: + &put 
ABC: + write_blif <abc-temp-dir>/output.blif 
ABC: 
ABC: YOSYS_ABC_DONE 

5.26.2. Re-integrating ABC results.
ABC RESULTS:   A2O1A1Ixp33_ASAP7_75t_R cells:        1
ABC RESULTS:   AND2x2_ASAP7_75t_R cells:        1
ABC RESULTS:   AOI211xp5_ASAP7_75t_R cells:        2
ABC RESULTS:   AOI21xp33_ASAP7_75t_R cells:        1
ABC RESULTS:   AOI311xp33_ASAP7_75t_R cells:        4
ABC RESULTS:   INVx1_ASAP7_75t_R cells:       23
ABC RESULTS:   NAND2xp33_ASAP7_75t_R cells:        4
ABC RESULTS:   NAND3xp33_ASAP7_75t_R cells:        1
ABC RESULTS:   NOR2xp33_ASAP7_75t_R cells:        6
ABC RESULTS:   NOR3xp33_ASAP7_75t_R cells:        5
ABC RESULTS:   NOR4xp25_ASAP7_75t_R cells:        7
ABC RESULTS:   NOR5xp2_ASAP7_75t_R cells:        5
ABC RESULTS:   O2A1O1Ixp33_ASAP7_75t_R cells:       17
ABC RESULTS:   OAI21xp33_ASAP7_75t_R cells:        2
ABC RESULTS:   OAI311xp33_ASAP7_75t_R cells:        3
ABC RESULTS:   OAI31xp33_ASAP7_75t_R cells:        1
ABC RESULTS:   OR4x1_ASAP7_75t_R cells:        3
ABC RESULTS:   OR5x1_ASAP7_75t_R cells:        1
ABC RESULTS:        internal signals:      262
ABC RESULTS:           input signals:       49
ABC RESULTS:          output signals:        6
Removing temp directory.

5.27. Extracting gate netlist of module `\NaiveMultiplier' to `<abc-temp-dir>/input.blif'..
ABC: using cached merged SCL: /tmp/yosys-liberty-scl-cache/yosys_merged_faa04716.scl (1 files)

5.27.1. Executed ABC.
Extracted 3980 gates and 4081 wires to a netlist network with 101 inputs and 100 outputs.
Running ABC script: <abc-temp-dir>/abc.script
ABC: UC Berkeley, ABC 1.01 (compiled Jun  3 2026 15:06:41)
ABC: abc 01> empty
ABC: abc 01> source <abc-temp-dir>/abc.script
ABC: + read_blif <abc-temp-dir>/input.blif 
ABC: + read_scl /tmp/yosys-liberty-scl-cache/yosys_merged_faa04716.scl 
ABC: Warning: Detected 2 multi-output cells (for example, "FAx1_ASAP7_75t_R").
ABC: + strash 
ABC: + &get -n 
ABC: + &fraig -x 
ABC: + &put 
ABC: + scorr 
ABC: Warning: The network is combinational (run "fraig" or "fraig_sweep").
ABC: + dc2 
ABC: + dretime 
ABC: + retime -o -D 1000 
ABC: + strash 
ABC: + &get -n 
ABC: + &dch -f 
ABC: + &nf -D 1000 
ABC: + &put 
ABC: + write_blif <abc-temp-dir>/output.blif 
ABC: 
ABC: YOSYS_ABC_DONE 

5.27.2. Re-integrating ABC results.
ABC RESULTS:   A2O1A1Ixp33_ASAP7_75t_R cells:       14
ABC RESULTS:   A2O1A1O1Ixp25_ASAP7_75t_R cells:        9
ABC RESULTS:   AND2x2_ASAP7_75t_R cells:       62
ABC RESULTS:   AND3x1_ASAP7_75t_R cells:       29
ABC RESULTS:   AO21x1_ASAP7_75t_R cells:       31
ABC RESULTS:   AOI211xp5_ASAP7_75t_R cells:       19
ABC RESULTS:   AOI21xp33_ASAP7_75t_R cells:      122
ABC RESULTS:   AOI22xp33_ASAP7_75t_R cells:       76
ABC RESULTS:   AOI31xp33_ASAP7_75t_R cells:        3
ABC RESULTS:   AOI32xp33_ASAP7_75t_R cells:        1
ABC RESULTS:   INVx1_ASAP7_75t_R cells:       99
ABC RESULTS:   MAJIxp5_ASAP7_75t_R cells:      262
ABC RESULTS:   MAJx2_ASAP7_75t_R cells:       71
ABC RESULTS:   NAND2xp33_ASAP7_75t_R cells:      202
ABC RESULTS:   NAND3xp33_ASAP7_75t_R cells:       23
ABC RESULTS:   NAND4xp25_ASAP7_75t_R cells:        2
ABC RESULTS:   NOR2xp33_ASAP7_75t_R cells:      586
ABC RESULTS:   NOR3xp33_ASAP7_75t_R cells:       46
ABC RESULTS:   NOR4xp25_ASAP7_75t_R cells:        6
ABC RESULTS:   O2A1O1Ixp33_ASAP7_75t_R cells:        5
ABC RESULTS:   OA211x2_ASAP7_75t_R cells:       14
ABC RESULTS:   OA21x2_ASAP7_75t_R cells:       29
ABC RESULTS:   OA22x2_ASAP7_75t_R cells:       74
ABC RESULTS:   OAI211xp5_ASAP7_75t_R cells:        8
ABC RESULTS:   OAI21xp33_ASAP7_75t_R cells:      101
ABC RESULTS:   OAI22xp33_ASAP7_75t_R cells:       23
ABC RESULTS:   OAI311xp33_ASAP7_75t_R cells:        1
ABC RESULTS:   OAI31xp33_ASAP7_75t_R cells:        4
ABC RESULTS:   OAI32xp33_ASAP7_75t_R cells:        2
ABC RESULTS:   OR2x2_ASAP7_75t_R cells:       45
ABC RESULTS:   OR3x1_ASAP7_75t_R cells:       36
ABC RESULTS:   OR4x1_ASAP7_75t_R cells:       13
ABC RESULTS:   XNOR2xp5_ASAP7_75t_R cells:      616
ABC RESULTS:   XOR2xp5_ASAP7_75t_R cells:      385
ABC RESULTS:        internal signals:     3880
ABC RESULTS:           input signals:      101
ABC RESULTS:          output signals:      100
Removing temp directory.
Removing global temp directory.
Removed 0 unused cells and 11844 unused wires.
{
   "creator": "Yosys 0.64+308 (git sha1 78e05dfb0, Release, Clang /usr/bin/clang++ 18.1.8)",
   "invocation": "stat -json -liberty ${REMOTE_STORAGE_ROOT}/ventus-cost-v1-20261006/mapping.lib ",
   "modules": {
      "\\vTCexe": {
         "num_wires":         273,
         "num_wire_bits":     5075,
         "num_pub_wires":     273,
         "num_pub_wire_bits": 5075,
         "num_ports":         250,
         "num_port_bits":     4481,
         "num_memories":      0,
         "num_memory_bits":   0,
         "num_processes":     0,
         "num_cells":         0,
         "num_submodules":       2,
         "area":              102702.321900,
         "sequential_area":    15953.144400,
         "num_cells_by_type": {
            "Queue1_WriteVecCtrl": 1,
            "TensorCoreFP32": 1
         }
      },
      "\\Queue1_WriteVecCtrl": {
         "num_wires":         1893,
         "num_wire_bits":     4676,
         "num_pub_wires":     101,
         "num_pub_wire_bits": 2884,
         "num_ports":         98,
         "num_port_bits":     1742,
         "num_memories":      0,
         "num_memory_bits":   0,
         "num_processes":     0,
         "num_cells":         2390,
         "num_submodules":       0,
         "area":              296.090640,
         "sequential_area":    174.085200,
         "num_cells_by_type": {
            "AOI21xp33_ASAP7_75t_R": 1,
            "DFFHQNx1_ASAP7_75t_R": 597,
            "INVx1_ASAP7_75t_R": 598,
            "OA21x2_ASAP7_75t_R": 1,
            "OAI211xp5_ASAP7_75t_R": 596,
            "OAI21xp33_ASAP7_75t_R": 596,
            "OR2x2_ASAP7_75t_R": 1
         }
      },
      "\\TensorCoreFP32": {
         "num_wires":         113,
         "num_wire_bits":     3241,
         "num_pub_wires":     113,
         "num_pub_wire_bits": 3241,
         "num_ports":         113,
         "num_port_bits":     3241,
         "num_memories":      0,
         "num_memory_bits":   0,
         "num_processes":     0,
         "num_cells":         0,
         "num_submodules":       16,
         "area":              102406.231260,
         "sequential_area":    15779.059200,
         "num_cells_by_type": {
            "TCDotProduct": 1,
            "TCDotProduct_1": 15
         }
      },
      "\\TCDotProduct_1": {
         "num_wires":         66,
         "num_wire_bits":     1258,
         "num_pub_wires":     66,
         "num_pub_wire_bits": 1258,
         "num_ports":         23,
         "num_port_bits":     583,
         "num_memories":      0,
         "num_memory_bits":   0,
         "num_processes":     0,
         "num_cells":         0,
         "num_submodules":       17,
         "area":              6375.309120,
         "sequential_area":    970.153200,
         "num_cells_by_type": {
            "Queue1_TCDotProductOutput_1": 1,
            "TCAddPipe_1": 4,
            "TCAddPipe_8": 4,
            "TCMulPipe_1": 7,
            "TCMulPipe_8": 1
         }
      },
      "\\Queue1_TCDotProductOutput_1": {
         "num_wires":         110,
         "num_wire_bits":     212,
         "num_pub_wires":     10,
         "num_pub_wire_bits": 112,
         "num_ports":         8,
         "num_port_bits":     74,
         "num_memories":      0,
         "num_memory_bits":   0,
         "num_processes":     0,
         "num_cells":         133,
         "num_submodules":       0,
         "area":              16.460820,
         "sequential_area":    9.622800,
         "num_cells_by_type": {
            "AOI21xp33_ASAP7_75t_R": 1,
            "DFFHQNx1_ASAP7_75t_R": 33,
            "INVx1_ASAP7_75t_R": 33,
            "OA21x2_ASAP7_75t_R": 1,
            "OAI211xp5_ASAP7_75t_R": 32,
            "OAI21xp33_ASAP7_75t_R": 32,
            "OR2x2_ASAP7_75t_R": 1
         }
      },
      "\\TCAddPipe_8": {
         "num_wires":         869,
         "num_wire_bits":     1347,
         "num_pub_wires":     63,
         "num_pub_wire_bits": 541,
         "num_ports":         15,
         "num_port_bits":     180,
         "num_memories":      0,
         "num_memory_bits":   0,
         "num_processes":     0,
         "num_cells":         1039,
         "num_submodules":       2,
         "area":              346.712400,
         "sequential_area":    78.148800,
         "num_cells_by_type": {
            "AOI21xp33_ASAP7_75t_R": 232,
            "DFFHQNx1_ASAP7_75t_R": 268,
            "INVx1_ASAP7_75t_R": 233,
            "NOR2xp33_ASAP7_75t_R": 103,
            "NOR3xp33_ASAP7_75t_R": 129,
            "O2A1O1Ixp33_ASAP7_75t_R": 1,
            "OAI21xp33_ASAP7_75t_R": 70,
            "OAI31xp33_ASAP7_75t_R": 1,
            "OR2x2_ASAP7_75t_R": 1,
            "OR3x1_ASAP7_75t_R": 1,
            "FCMA_ADD_s1": 1,
            "FCMA_ADD_s2": 1
         }
      },
      "\\TCMulPipe_8": {
         "num_wires":         631,
         "num_wire_bits":     1076,
         "num_pub_wires":     51,
         "num_pub_wire_bits": 496,
         "num_ports":         13,
         "num_port_bits":     174,
         "num_memories":      0,
         "num_memory_bits":   0,
         "num_processes":     0,
         "num_cells":         734,
         "num_submodules":       4,
         "area":              491.608440,
         "sequential_area":    69.984000,
         "num_cells_by_type": {
            "AOI21xp33_ASAP7_75t_R": 154,
            "DFFHQNx1_ASAP7_75t_R": 190,
            "INVx1_ASAP7_75t_R": 156,
            "NAND2xp33_ASAP7_75t_R": 2,
            "NOR2xp33_ASAP7_75t_R": 64,
            "NOR3xp33_ASAP7_75t_R": 91,
            "NOR4xp25_ASAP7_75t_R": 4,
            "O2A1O1Ixp33_ASAP7_75t_R": 1,
            "OAI21xp33_ASAP7_75t_R": 71,
            "OAI31xp33_ASAP7_75t_R": 1,
            "FMUL_s1": 1,
            "FMUL_s2": 1,
            "FMUL_s3": 1,
            "NaiveMultiplier": 1
         }
      },
      "\\TCDotProduct": {
         "num_wires":         103,
         "num_wire_bits":     1820,
         "num_pub_wires":     103,
         "num_pub_wire_bits": 1820,
         "num_ports":         35,
         "num_port_bits":     745,
         "num_memories":      0,
         "num_memory_bits":   0,
         "num_processes":     0,
         "num_cells":         0,
         "num_submodules":       17,
         "area":              6776.594460,
         "sequential_area":    1226.761200,
         "num_cells_by_type": {
            "Queue1_TCDotProductOutput": 1,
            "TCAddPipe": 4,
            "TCAddPipe_1": 4,
            "TCMulPipe": 1,
            "TCMulPipe_1": 7
         }
      },
      "\\Queue1_TCDotProductOutput": {
         "num_wires":         362,
         "num_wire_bits":     694,
         "num_pub_wires":     22,
         "num_pub_wire_bits": 354,
         "num_ports":         19,
         "num_port_bits":     235,
         "num_memories":      0,
         "num_memory_bits":   0,
         "num_processes":     0,
         "num_cells":         454,
         "num_submodules":       0,
         "area":              56.162160,
         "sequential_area":    32.950800,
         "num_cells_by_type": {
            "AOI21xp33_ASAP7_75t_R": 1,
            "DFFHQNx1_ASAP7_75t_R": 113,
            "INVx1_ASAP7_75t_R": 114,
            "OA21x2_ASAP7_75t_R": 1,
            "OAI211xp5_ASAP7_75t_R": 112,
            "OAI21xp33_ASAP7_75t_R": 112,
            "OR2x2_ASAP7_75t_R": 1
         }
      },
      "\\TCAddPipe_1": {
         "num_wires":         652,
         "num_wire_bits":     1027,
         "num_pub_wires":     56,
         "num_pub_wire_bits": 431,
         "num_ports":         10,
         "num_port_bits":     105,
         "num_memories":      0,
         "num_memory_bits":   0,
         "num_processes":     0,
         "num_cells":         794,
         "num_submodules":       2,
         "area":              315.073800,
         "sequential_area":    57.736800,
         "num_cells_by_type": {
            "AOI21xp33_ASAP7_75t_R": 197,
            "DFFHQNx1_ASAP7_75t_R": 198,
            "INVx1_ASAP7_75t_R": 198,
            "NOR2xp33_ASAP7_75t_R": 68,
            "NOR3xp33_ASAP7_75t_R": 129,
            "O2A1O1Ixp33_ASAP7_75t_R": 1,
            "OAI31xp33_ASAP7_75t_R": 1,
            "OR2x2_ASAP7_75t_R": 1,
            "OR3x1_ASAP7_75t_R": 1,
            "FCMA_ADD_s1": 1,
            "FCMA_ADD_s2": 1
         }
      },
      "\\TCAddPipe": {
         "num_wires":         1364,
         "num_wire_bits":     2067,
         "num_pub_wires":     78,
         "num_pub_wire_bits": 781,
         "num_ports":         25,
         "num_port_bits":     340,
         "num_memories":      0,
         "num_memory_bits":   0,
         "num_processes":     0,
         "num_cells":         1599,
         "num_submodules":       2,
         "area":              419.029200,
         "sequential_area":    124.804800,
         "num_cells_by_type": {
            "AOI21xp33_ASAP7_75t_R": 312,
            "DFFHQNx1_ASAP7_75t_R": 428,
            "INVx1_ASAP7_75t_R": 313,
            "NOR2xp33_ASAP7_75t_R": 183,
            "NOR3xp33_ASAP7_75t_R": 129,
            "O2A1O1Ixp33_ASAP7_75t_R": 1,
            "OAI21xp33_ASAP7_75t_R": 230,
            "OAI31xp33_ASAP7_75t_R": 1,
            "OR2x2_ASAP7_75t_R": 1,
            "OR3x1_ASAP7_75t_R": 1,
            "FCMA_ADD_s1": 1,
            "FCMA_ADD_s2": 1
         }
      },
      "\\FCMA_ADD_s2": {
         "num_wires":         605,
         "num_wire_bits":     869,
         "num_pub_wires":     34,
         "num_pub_wire_bits": 298,
         "num_ports":         23,
         "num_port_bits":     166,
         "num_memories":      0,
         "num_memory_bits":   0,
         "num_processes":     0,
         "num_cells":         659,
         "num_submodules":       4,
         "area":              73.978920,
         "sequential_area":    0.000000,
         "num_cells_by_type": {
            "A2O1A1Ixp33_ASAP7_75t_R": 17,
            "A2O1A1O1Ixp25_ASAP7_75t_R": 5,
            "AND2x2_ASAP7_75t_R": 18,
            "AND3x1_ASAP7_75t_R": 3,
            "AND4x1_ASAP7_75t_R": 1,
            "AND5x1_ASAP7_75t_R": 2,
            "AO211x2_ASAP7_75t_R": 1,
            "AO21x1_ASAP7_75t_R": 10,
            "AO222x2_ASAP7_75t_R": 12,
            "AO22x1_ASAP7_75t_R": 1,
            "AOI211xp5_ASAP7_75t_R": 10,
            "AOI21xp33_ASAP7_75t_R": 49,
            "AOI221xp5_ASAP7_75t_R": 3,
            "AOI222xp33_ASAP7_75t_R": 2,
            "AOI22xp33_ASAP7_75t_R": 18,
            "AOI311xp33_ASAP7_75t_R": 2,
            "AOI31xp33_ASAP7_75t_R": 5,
            "INVx1_ASAP7_75t_R": 38,
            "MAJIxp5_ASAP7_75t_R": 4,
            "MAJx2_ASAP7_75t_R": 1,
            "NAND2xp33_ASAP7_75t_R": 107,
            "NAND3xp33_ASAP7_75t_R": 9,
            "NAND4xp25_ASAP7_75t_R": 2,
            "NAND5xp2_ASAP7_75t_R": 4,
            "NOR2xp33_ASAP7_75t_R": 107,
            "NOR3xp33_ASAP7_75t_R": 10,
            "NOR4xp25_ASAP7_75t_R": 5,
            "O2A1O1Ixp33_ASAP7_75t_R": 12,
            "OA211x2_ASAP7_75t_R": 3,
            "OA21x2_ASAP7_75t_R": 7,
            "OAI211xp5_ASAP7_75t_R": 5,
            "OAI21xp33_ASAP7_75t_R": 74,
            "OAI221xp5_ASAP7_75t_R": 2,
            "OAI22xp33_ASAP7_75t_R": 2,
            "OAI311xp33_ASAP7_75t_R": 3,
            "OAI31xp33_ASAP7_75t_R": 30,
            "OAI32xp33_ASAP7_75t_R": 1,
            "OR2x2_ASAP7_75t_R": 13,
            "OR3x1_ASAP7_75t_R": 13,
            "OR4x1_ASAP7_75t_R": 1,
            "XNOR2xp5_ASAP7_75t_R": 30,
            "XOR2xp5_ASAP7_75t_R": 17,
            "RoundingUnit": 2,
            "TininessRounder": 2
         }
      },
      "\\FCMA_ADD_s1": {
         "num_wires":         380,
         "num_wire_bits":     682,
         "num_pub_wires":     47,
         "num_pub_wire_bits": 349,
         "num_ports":         24,
         "num_port_bits":     196,
         "num_memories":      0,
         "num_memory_bits":   0,
         "num_processes":     0,
         "num_cells":         388,
         "num_submodules":       3,
         "area":              146.616480,
         "sequential_area":    0.000000,
         "num_cells_by_type": {
            "A2O1A1Ixp33_ASAP7_75t_R": 4,
            "A2O1A1O1Ixp25_ASAP7_75t_R": 2,
            "AND2x2_ASAP7_75t_R": 1,
            "AND4x1_ASAP7_75t_R": 4,
            "AND5x1_ASAP7_75t_R": 1,
            "AO21x1_ASAP7_75t_R": 1,
            "AOI21xp33_ASAP7_75t_R": 23,
            "AOI22xp33_ASAP7_75t_R": 1,
            "INVx1_ASAP7_75t_R": 93,
            "MAJx2_ASAP7_75t_R": 3,
            "NAND2xp33_ASAP7_75t_R": 94,
            "NAND3xp33_ASAP7_75t_R": 1,
            "NAND4xp25_ASAP7_75t_R": 4,
            "NAND5xp2_ASAP7_75t_R": 3,
            "NOR2xp33_ASAP7_75t_R": 29,
            "NOR3xp33_ASAP7_75t_R": 1,
            "NOR4xp25_ASAP7_75t_R": 10,
            "NOR5xp2_ASAP7_75t_R": 2,
            "O2A1O1Ixp33_ASAP7_75t_R": 4,
            "OA21x2_ASAP7_75t_R": 2,
            "OAI211xp5_ASAP7_75t_R": 1,
            "OAI21xp33_ASAP7_75t_R": 84,
            "OAI22xp33_ASAP7_75t_R": 1,
            "OAI31xp33_ASAP7_75t_R": 1,
            "OR2x2_ASAP7_75t_R": 4,
            "OR4x1_ASAP7_75t_R": 1,
            "XNOR2xp5_ASAP7_75t_R": 7,
            "XOR2xp5_ASAP7_75t_R": 6,
            "FarPath": 1,
            "NearPath": 2
         }
      },
      "\\NearPath": {
         "num_wires":         363,
         "num_wire_bits":     573,
         "num_pub_wires":     18,
         "num_pub_wire_bits": 203,
         "num_ports":         14,
         "num_port_bits":     102,
         "num_memories":      0,
         "num_memory_bits":   0,
         "num_processes":     0,
         "num_cells":         424,
         "num_submodules":       2,
         "area":              44.206560,
         "sequential_area":    0.000000,
         "num_cells_by_type": {
            "A2O1A1Ixp33_ASAP7_75t_R": 2,
            "A2O1A1O1Ixp25_ASAP7_75t_R": 1,
            "AND2x2_ASAP7_75t_R": 8,
            "AND3x1_ASAP7_75t_R": 6,
            "AND4x1_ASAP7_75t_R": 3,
            "AND5x1_ASAP7_75t_R": 4,
            "AO211x2_ASAP7_75t_R": 1,
            "AO21x1_ASAP7_75t_R": 9,
            "AO221x1_ASAP7_75t_R": 2,
            "AOI211xp5_ASAP7_75t_R": 2,
            "AOI21xp33_ASAP7_75t_R": 34,
            "AOI221xp5_ASAP7_75t_R": 9,
            "AOI22xp33_ASAP7_75t_R": 5,
            "AOI311xp33_ASAP7_75t_R": 5,
            "AOI31xp33_ASAP7_75t_R": 3,
            "AOI321xp33_ASAP7_75t_R": 1,
            "AOI32xp33_ASAP7_75t_R": 4,
            "HB1xp67_ASAP7_75t_R": 1,
            "INVx1_ASAP7_75t_R": 59,
            "MAJIxp5_ASAP7_75t_R": 1,
            "MAJx2_ASAP7_75t_R": 2,
            "NAND2xp33_ASAP7_75t_R": 60,
            "NAND3xp33_ASAP7_75t_R": 14,
            "NAND4xp25_ASAP7_75t_R": 4,
            "NAND5xp2_ASAP7_75t_R": 6,
            "NOR2xp33_ASAP7_75t_R": 44,
            "NOR3xp33_ASAP7_75t_R": 13,
            "NOR4xp25_ASAP7_75t_R": 13,
            "NOR5xp2_ASAP7_75t_R": 9,
            "OA211x2_ASAP7_75t_R": 2,
            "OA21x2_ASAP7_75t_R": 1,
            "OAI211xp5_ASAP7_75t_R": 2,
            "OAI21xp33_ASAP7_75t_R": 18,
            "OAI221xp5_ASAP7_75t_R": 1,
            "OAI22xp33_ASAP7_75t_R": 1,
            "OAI311xp33_ASAP7_75t_R": 5,
            "OAI31xp33_ASAP7_75t_R": 9,
            "OR2x2_ASAP7_75t_R": 10,
            "OR3x1_ASAP7_75t_R": 3,
            "OR4x1_ASAP7_75t_R": 4,
            "OR5x1_ASAP7_75t_R": 6,
            "XNOR2xp5_ASAP7_75t_R": 31,
            "XOR2xp5_ASAP7_75t_R": 6,
            "CLZ_8": 1,
            "LZA": 1
         }
      },
      "\\CLZ_8": {
         "num_wires":         39,
         "num_wire_bits":     67,
         "num_pub_wires":     2,
         "num_pub_wire_bits": 30,
         "num_ports":         2,
         "num_port_bits":     30,
         "num_memories":      0,
         "num_memory_bits":   0,
         "num_processes":     0,
         "num_cells":         42,
         "num_submodules":       0,
         "area":              3.120120,
         "sequential_area":    0.000000,
         "num_cells_by_type": {
            "A2O1A1Ixp33_ASAP7_75t_R": 1,
            "AND2x2_ASAP7_75t_R": 1,
            "AND3x1_ASAP7_75t_R": 1,
            "AOI211xp5_ASAP7_75t_R": 1,
            "AOI21xp33_ASAP7_75t_R": 2,
            "AOI311xp33_ASAP7_75t_R": 2,
            "INVx1_ASAP7_75t_R": 12,
            "NAND2xp33_ASAP7_75t_R": 2,
            "NOR2xp33_ASAP7_75t_R": 2,
            "NOR4xp25_ASAP7_75t_R": 4,
            "NOR5xp2_ASAP7_75t_R": 1,
            "O2A1O1Ixp33_ASAP7_75t_R": 7,
            "OAI21xp33_ASAP7_75t_R": 1,
            "OAI311xp33_ASAP7_75t_R": 2,
            "OR4x1_ASAP7_75t_R": 2,
            "OR5x1_ASAP7_75t_R": 1
         }
      },
      "\\LZA": {
         "num_wires":         51,
         "num_wire_bits":     123,
         "num_pub_wires":     3,
         "num_pub_wire_bits": 75,
         "num_ports":         3,
         "num_port_bits":     75,
         "num_memories":      0,
         "num_memory_bits":   0,
         "num_processes":     0,
         "num_cells":         72,
         "num_submodules":       0,
         "area":              7.698240,
         "sequential_area":    0.000000,
         "num_cells_by_type": {
            "NOR2xp33_ASAP7_75t_R": 24,
            "XNOR2xp5_ASAP7_75t_R": 24,
            "XOR2xp5_ASAP7_75t_R": 24
         }
      },
      "\\FarPath": {
         "num_wires":         82,
         "num_wire_bits":     238,
         "num_pub_wires":     14,
         "num_pub_wire_bits": 170,
         "num_ports":         12,
         "num_port_bits":     143,
         "num_memories":      0,
         "num_memory_bits":   0,
         "num_processes":     0,
         "num_cells":         111,
         "num_submodules":       1,
         "area":              32.513400,
         "sequential_area":    0.000000,
         "num_cells_by_type": {
            "AND2x2_ASAP7_75t_R": 6,
            "AND3x1_ASAP7_75t_R": 2,
            "AO21x1_ASAP7_75t_R": 4,
            "AOI21xp33_ASAP7_75t_R": 4,
            "HB1xp67_ASAP7_75t_R": 1,
            "INVx1_ASAP7_75t_R": 6,
            "NAND2xp33_ASAP7_75t_R": 2,
            "NAND3xp33_ASAP7_75t_R": 3,
            "NAND4xp25_ASAP7_75t_R": 1,
            "NAND5xp2_ASAP7_75t_R": 3,
            "NOR2xp33_ASAP7_75t_R": 11,
            "NOR3xp33_ASAP7_75t_R": 5,
            "NOR4xp25_ASAP7_75t_R": 2,
            "NOR5xp2_ASAP7_75t_R": 3,
            "O2A1O1Ixp33_ASAP7_75t_R": 1,
            "OA21x2_ASAP7_75t_R": 2,
            "OAI21xp33_ASAP7_75t_R": 3,
            "OR3x1_ASAP7_75t_R": 1,
            "XNOR2xp5_ASAP7_75t_R": 21,
            "XOR2xp5_ASAP7_75t_R": 30,
            "ShiftRightJam": 1
         }
      },
      "\\ShiftRightJam": {
         "num_wires":         258,
         "num_wire_bits":     315,
         "num_pub_wires":     4,
         "num_pub_wire_bits": 61,
         "num_ports":         4,
         "num_port_bits":     61,
         "num_memories":      0,
         "num_memory_bits":   0,
         "num_processes":     0,
         "num_cells":         281,
         "num_submodules":       0,
         "area":              21.345120,
         "sequential_area":    0.000000,
         "num_cells_by_type": {
            "A2O1A1Ixp33_ASAP7_75t_R": 23,
            "A2O1A1O1Ixp25_ASAP7_75t_R": 5,
            "AND2x2_ASAP7_75t_R": 2,
            "AND3x1_ASAP7_75t_R": 2,
            "AND4x1_ASAP7_75t_R": 1,
            "AO21x1_ASAP7_75t_R": 4,
            "AO22x1_ASAP7_75t_R": 3,
            "AO32x1_ASAP7_75t_R": 1,
            "AOI211xp5_ASAP7_75t_R": 14,
            "AOI21xp33_ASAP7_75t_R": 35,
            "AOI221xp5_ASAP7_75t_R": 4,
            "AOI22xp33_ASAP7_75t_R": 2,
            "AOI31xp33_ASAP7_75t_R": 2,
            "AOI32xp33_ASAP7_75t_R": 3,
            "INVx1_ASAP7_75t_R": 16,
            "NAND2xp33_ASAP7_75t_R": 39,
            "NAND3xp33_ASAP7_75t_R": 23,
            "NAND4xp25_ASAP7_75t_R": 2,
            "NAND5xp2_ASAP7_75t_R": 1,
            "NOR2xp33_ASAP7_75t_R": 26,
            "NOR3xp33_ASAP7_75t_R": 4,
            "NOR4xp25_ASAP7_75t_R": 3,
            "NOR5xp2_ASAP7_75t_R": 2,
            "O2A1O1Ixp33_ASAP7_75t_R": 11,
            "OA211x2_ASAP7_75t_R": 4,
            "OA21x2_ASAP7_75t_R": 2,
            "OAI211xp5_ASAP7_75t_R": 10,
            "OAI21xp33_ASAP7_75t_R": 31,
            "OAI22xp33_ASAP7_75t_R": 1,
            "OAI31xp33_ASAP7_75t_R": 1,
            "OAI32xp33_ASAP7_75t_R": 2,
            "OR2x2_ASAP7_75t_R": 1,
            "OR3x1_ASAP7_75t_R": 1
         }
      },
      "\\TCMulPipe_1": {
         "num_wires":         415,
         "num_wire_bits":     761,
         "num_pub_wires":     46,
         "num_pub_wire_bits": 392,
         "num_ports":         10,
         "num_port_bits":     105,
         "num_memories":      0,
         "num_memory_bits":   0,
         "num_processes":     0,
         "num_cells":         489,
         "num_submodules":       4,
         "area":              460.013580,
         "sequential_area":    49.572000,
         "num_cells_by_type": {
            "AOI21xp33_ASAP7_75t_R": 119,
            "DFFHQNx1_ASAP7_75t_R": 120,
            "INVx1_ASAP7_75t_R": 121,
            "NAND2xp33_ASAP7_75t_R": 2,
            "NOR2xp33_ASAP7_75t_R": 28,
            "NOR3xp33_ASAP7_75t_R": 91,
            "NOR4xp25_ASAP7_75t_R": 4,
            "O2A1O1Ixp33_ASAP7_75t_R": 1,
            "OAI31xp33_ASAP7_75t_R": 1,
            "OR2x2_ASAP7_75t_R": 1,
            "OR3x1_ASAP7_75t_R": 1,
            "FMUL_s1": 1,
            "FMUL_s2": 1,
            "FMUL_s3": 1,
            "NaiveMultiplier": 1
         }
      },
      "\\TCMulPipe": {
         "num_wires":         1126,
         "num_wire_bits":     1796,
         "num_pub_wires":     66,
         "num_pub_wire_bits": 736,
         "num_ports":         23,
         "num_port_bits":     334,
         "num_memories":      0,
         "num_memory_bits":   0,
         "num_processes":     0,
         "num_cells":         1294,
         "num_submodules":       4,
         "area":              563.925240,
         "sequential_area":    116.640000,
         "num_cells_by_type": {
            "AOI21xp33_ASAP7_75t_R": 234,
            "DFFHQNx1_ASAP7_75t_R": 350,
            "INVx1_ASAP7_75t_R": 237,
            "NAND2xp33_ASAP7_75t_R": 2,
            "NOR2xp33_ASAP7_75t_R": 143,
            "NOR3xp33_ASAP7_75t_R": 91,
            "NOR4xp25_ASAP7_75t_R": 4,
            "O2A1O1Ixp33_ASAP7_75t_R": 1,
            "OAI21xp33_ASAP7_75t_R": 230,
            "OAI31xp33_ASAP7_75t_R": 1,
            "OR2x2_ASAP7_75t_R": 1,
            "FMUL_s1": 1,
            "FMUL_s2": 1,
            "FMUL_s3": 1,
            "NaiveMultiplier": 1
         }
      },
      "\\FMUL_s3": {
         "num_wires":         75,
         "num_wire_bits":     211,
         "num_pub_wires":     11,
         "num_pub_wire_bits": 147,
         "num_ports":         9,
         "num_port_bits":     123,
         "num_memories":      0,
         "num_memory_bits":   0,
         "num_processes":     0,
         "num_cells":         96,
         "num_submodules":       1,
         "area":              13.063680,
         "sequential_area":    0.000000,
         "num_cells_by_type": {
            "A2O1A1Ixp33_ASAP7_75t_R": 7,
            "AND3x1_ASAP7_75t_R": 4,
            "AND4x1_ASAP7_75t_R": 2,
            "AOI21xp33_ASAP7_75t_R": 26,
            "AOI31xp33_ASAP7_75t_R": 1,
            "INVx1_ASAP7_75t_R": 1,
            "NAND2xp33_ASAP7_75t_R": 25,
            "NAND3xp33_ASAP7_75t_R": 2,
            "NAND4xp25_ASAP7_75t_R": 1,
            "NOR2xp33_ASAP7_75t_R": 1,
            "NOR3xp33_ASAP7_75t_R": 1,
            "NOR4xp25_ASAP7_75t_R": 1,
            "NOR5xp2_ASAP7_75t_R": 5,
            "OA21x2_ASAP7_75t_R": 1,
            "OAI21xp33_ASAP7_75t_R": 3,
            "OAI31xp33_ASAP7_75t_R": 1,
            "OR2x2_ASAP7_75t_R": 1,
            "OR3x1_ASAP7_75t_R": 1,
            "OR4x1_ASAP7_75t_R": 6,
            "OR5x1_ASAP7_75t_R": 1,
            "XNOR2xp5_ASAP7_75t_R": 1,
            "XOR2xp5_ASAP7_75t_R": 4,
            "RoundingUnit": 1
         }
      },
      "\\TininessRounder": {
         "num_wires":         5,
         "num_wire_bits":     33,
         "num_pub_wires":     5,
         "num_pub_wire_bits": 33,
         "num_ports":         4,
         "num_port_bits":     32,
         "num_memories":      0,
         "num_memory_bits":   0,
         "num_processes":     0,
         "num_cells":         1,
         "num_submodules":       1,
         "area":              5.554980,
         "sequential_area":    0.000000,
         "num_cells_by_type": {
            "AOI21xp33_ASAP7_75t_R": 1,
            "RoundingUnit": 1
         }
      },
      "\\RoundingUnit": {
         "num_wires":         48,
         "num_wire_bits":     94,
         "num_pub_wires":     9,
         "num_pub_wire_bits": 55,
         "num_ports":         8,
         "num_port_bits":     54,
         "num_memories":      0,
         "num_memory_bits":   0,
         "num_processes":     0,
         "num_cells":         64,
         "num_submodules":       0,
         "area":              5.482080,
         "sequential_area":    0.000000,
         "num_cells_by_type": {
            "AND2x2_ASAP7_75t_R": 5,
            "AND5x1_ASAP7_75t_R": 2,
            "AOI211xp5_ASAP7_75t_R": 1,
            "AOI31xp33_ASAP7_75t_R": 2,
            "INVx1_ASAP7_75t_R": 8,
            "NAND2xp33_ASAP7_75t_R": 3,
            "NAND3xp33_ASAP7_75t_R": 3,
            "NAND4xp25_ASAP7_75t_R": 1,
            "NAND5xp2_ASAP7_75t_R": 2,
            "NOR2xp33_ASAP7_75t_R": 14,
            "NOR3xp33_ASAP7_75t_R": 1,
            "NOR4xp25_ASAP7_75t_R": 1,
            "NOR5xp2_ASAP7_75t_R": 1,
            "O2A1O1Ixp33_ASAP7_75t_R": 2,
            "OA211x2_ASAP7_75t_R": 1,
            "OAI31xp33_ASAP7_75t_R": 1,
            "OR2x2_ASAP7_75t_R": 1,
            "XNOR2xp5_ASAP7_75t_R": 11,
            "XOR2xp5_ASAP7_75t_R": 4
         }
      },
      "\\FMUL_s2": {
         "num_wires":         710,
         "num_wire_bits":     858,
         "num_pub_wires":     18,
         "num_pub_wire_bits": 166,
         "num_ports":         18,
         "num_port_bits":     166,
         "num_memories":      0,
         "num_memory_bits":   0,
         "num_processes":     0,
         "num_cells":         775,
         "num_submodules":       0,
         "area":              58.276260,
         "sequential_area":    0.000000,
         "num_cells_by_type": {
            "A2O1A1Ixp33_ASAP7_75t_R": 27,
            "A2O1A1O1Ixp25_ASAP7_75t_R": 3,
            "AND2x2_ASAP7_75t_R": 6,
            "AND3x1_ASAP7_75t_R": 5,
            "AND4x1_ASAP7_75t_R": 2,
            "AO21x1_ASAP7_75t_R": 42,
            "AO22x1_ASAP7_75t_R": 1,
            "AO32x1_ASAP7_75t_R": 2,
            "AOI211xp5_ASAP7_75t_R": 26,
            "AOI21xp33_ASAP7_75t_R": 115,
            "AOI22xp33_ASAP7_75t_R": 5,
            "AOI311xp33_ASAP7_75t_R": 2,
            "AOI31xp33_ASAP7_75t_R": 9,
            "AOI32xp33_ASAP7_75t_R": 3,
            "INVx1_ASAP7_75t_R": 24,
            "NAND2xp33_ASAP7_75t_R": 118,
            "NAND3xp33_ASAP7_75t_R": 34,
            "NAND4xp25_ASAP7_75t_R": 4,
            "NOR2xp33_ASAP7_75t_R": 66,
            "NOR3xp33_ASAP7_75t_R": 17,
            "NOR4xp25_ASAP7_75t_R": 5,
            "NOR5xp2_ASAP7_75t_R": 1,
            "O2A1O1Ixp33_ASAP7_75t_R": 32,
            "OA211x2_ASAP7_75t_R": 14,
            "OA21x2_ASAP7_75t_R": 7,
            "OAI211xp5_ASAP7_75t_R": 33,
            "OAI21xp33_ASAP7_75t_R": 129,
            "OAI221xp5_ASAP7_75t_R": 3,
            "OAI22xp33_ASAP7_75t_R": 5,
            "OAI31xp33_ASAP7_75t_R": 8,
            "OAI32xp33_ASAP7_75t_R": 4,
            "OR2x2_ASAP7_75t_R": 10,
            "OR3x1_ASAP7_75t_R": 6,
            "OR4x1_ASAP7_75t_R": 2,
            "OR5x1_ASAP7_75t_R": 1,
            "XNOR2xp5_ASAP7_75t_R": 2,
            "XOR2xp5_ASAP7_75t_R": 2
         }
      },
      "\\FMUL_s1": {
         "num_wires":         247,
         "num_wire_bits":     350,
         "num_pub_wires":     16,
         "num_pub_wire_bits": 119,
         "num_ports":         12,
         "num_port_bits":     94,
         "num_memories":      0,
         "num_memory_bits":   0,
         "num_processes":     0,
         "num_cells":         252,
         "num_submodules":       1,
         "area":              27.016740,
         "sequential_area":    0.000000,
         "num_cells_by_type": {
            "A2O1A1Ixp33_ASAP7_75t_R": 2,
            "A2O1A1O1Ixp25_ASAP7_75t_R": 3,
            "AND2x2_ASAP7_75t_R": 4,
            "AND3x1_ASAP7_75t_R": 2,
            "AND4x1_ASAP7_75t_R": 2,
            "AND5x1_ASAP7_75t_R": 2,
            "AO21x1_ASAP7_75t_R": 2,
            "AO31x2_ASAP7_75t_R": 1,
            "AOI211xp5_ASAP7_75t_R": 6,
            "AOI21xp33_ASAP7_75t_R": 10,
            "AOI221xp5_ASAP7_75t_R": 1,
            "AOI31xp33_ASAP7_75t_R": 2,
            "INVx1_ASAP7_75t_R": 30,
            "MAJIxp5_ASAP7_75t_R": 1,
            "MAJx2_ASAP7_75t_R": 1,
            "NAND2xp33_ASAP7_75t_R": 43,
            "NAND3xp33_ASAP7_75t_R": 4,
            "NAND4xp25_ASAP7_75t_R": 3,
            "NAND5xp2_ASAP7_75t_R": 3,
            "NOR2xp33_ASAP7_75t_R": 21,
            "NOR3xp33_ASAP7_75t_R": 6,
            "NOR4xp25_ASAP7_75t_R": 8,
            "NOR5xp2_ASAP7_75t_R": 4,
            "O2A1O1Ixp33_ASAP7_75t_R": 4,
            "OA211x2_ASAP7_75t_R": 3,
            "OA21x2_ASAP7_75t_R": 3,
            "OA22x2_ASAP7_75t_R": 2,
            "OAI211xp5_ASAP7_75t_R": 1,
            "OAI21xp33_ASAP7_75t_R": 28,
            "OAI22xp33_ASAP7_75t_R": 3,
            "OAI31xp33_ASAP7_75t_R": 3,
            "OAI321xp33_ASAP7_75t_R": 1,
            "OR2x2_ASAP7_75t_R": 4,
            "OR3x1_ASAP7_75t_R": 1,
            "OR4x1_ASAP7_75t_R": 2,
            "XNOR2xp5_ASAP7_75t_R": 23,
            "XOR2xp5_ASAP7_75t_R": 13,
            "CLZ": 1
         }
      },
      "\\CLZ": {
         "num_wires":         83,
         "num_wire_bits":     137,
         "num_pub_wires":     2,
         "num_pub_wire_bits": 56,
         "num_ports":         2,
         "num_port_bits":     56,
         "num_memories":      0,
         "num_memory_bits":   0,
         "num_processes":     0,
         "num_cells":         87,
         "num_submodules":       0,
         "area":              6.429780,
         "sequential_area":    0.000000,
         "num_cells_by_type": {
            "A2O1A1Ixp33_ASAP7_75t_R": 1,
            "AND2x2_ASAP7_75t_R": 1,
            "AOI211xp5_ASAP7_75t_R": 2,
            "AOI21xp33_ASAP7_75t_R": 1,
            "AOI311xp33_ASAP7_75t_R": 4,
            "INVx1_ASAP7_75t_R": 23,
            "NAND2xp33_ASAP7_75t_R": 4,
            "NAND3xp33_ASAP7_75t_R": 1,
            "NOR2xp33_ASAP7_75t_R": 6,
            "NOR3xp33_ASAP7_75t_R": 5,
            "NOR4xp25_ASAP7_75t_R": 7,
            "NOR5xp2_ASAP7_75t_R": 5,
            "O2A1O1Ixp33_ASAP7_75t_R": 17,
            "OAI21xp33_ASAP7_75t_R": 2,
            "OAI311xp33_ASAP7_75t_R": 3,
            "OAI31xp33_ASAP7_75t_R": 1,
            "OR4x1_ASAP7_75t_R": 3,
            "OR5x1_ASAP7_75t_R": 1
         }
      },
      "\\NaiveMultiplier": {
         "num_wires":         3024,
         "num_wire_bits":     3121,
         "num_pub_wires":     5,
         "num_pub_wire_bits": 102,
         "num_ports":         5,
         "num_port_bits":     102,
         "num_memories":      0,
         "num_memory_bits":   0,
         "num_processes":     0,
         "num_cells":         3069,
         "num_submodules":       0,
         "area":              303.613920,
         "sequential_area":    14.580000,
         "num_cells_by_type": {
            "A2O1A1Ixp33_ASAP7_75t_R": 14,
            "A2O1A1O1Ixp25_ASAP7_75t_R": 9,
            "AND2x2_ASAP7_75t_R": 62,
            "AND3x1_ASAP7_75t_R": 29,
            "AO21x1_ASAP7_75t_R": 31,
            "AOI211xp5_ASAP7_75t_R": 19,
            "AOI21xp33_ASAP7_75t_R": 122,
            "AOI22xp33_ASAP7_75t_R": 76,
            "AOI31xp33_ASAP7_75t_R": 3,
            "AOI32xp33_ASAP7_75t_R": 1,
            "DFFHQNx1_ASAP7_75t_R": 50,
            "INVx1_ASAP7_75t_R": 99,
            "MAJIxp5_ASAP7_75t_R": 262,
            "MAJx2_ASAP7_75t_R": 71,
            "NAND2xp33_ASAP7_75t_R": 202,
            "NAND3xp33_ASAP7_75t_R": 23,
            "NAND4xp25_ASAP7_75t_R": 2,
            "NOR2xp33_ASAP7_75t_R": 586,
            "NOR3xp33_ASAP7_75t_R": 46,
            "NOR4xp25_ASAP7_75t_R": 6,
            "O2A1O1Ixp33_ASAP7_75t_R": 5,
            "OA211x2_ASAP7_75t_R": 14,
            "OA21x2_ASAP7_75t_R": 29,
            "OA22x2_ASAP7_75t_R": 74,
            "OAI211xp5_ASAP7_75t_R": 8,
            "OAI21xp33_ASAP7_75t_R": 101,
            "OAI22xp33_ASAP7_75t_R": 23,
            "OAI311xp33_ASAP7_75t_R": 1,
            "OAI31xp33_ASAP7_75t_R": 4,
            "OAI32xp33_ASAP7_75t_R": 2,
            "OR2x2_ASAP7_75t_R": 45,
            "OR3x1_ASAP7_75t_R": 36,
            "OR4x1_ASAP7_75t_R": 13,
            "XNOR2xp5_ASAP7_75t_R": 616,
            "XOR2xp5_ASAP7_75t_R": 385
         }
      }
   },
      "design": {
         "num_wires":         1009139,
         "num_wire_bits":     1427444,
         "num_pub_wires":     47667,
         "num_pub_wire_bits": 459572,
         "num_ports":         28918,
         "num_port_bits":     291323,
         "num_memories":      0,
         "num_memory_bits":   0,
         "num_processes":     0,
         "num_cells":         1102311,
         "num_submodules":       2,
         "area":              102702.321900,
         "sequential_area":    15953.144400,
         "num_cells_by_type": {
            "A2O1A1Ixp33_ASAP7_75t_R": 12928,
            "A2O1A1O1Ixp25_ASAP7_75t_R": 3712,
            "AND2x2_ASAP7_75t_R": 18304,
            "AND3x1_ASAP7_75t_R": 7808,
            "AND4x1_ASAP7_75t_R": 2304,
            "AND5x1_ASAP7_75t_R": 2944,
            "AO211x2_ASAP7_75t_R": 384,
            "AO21x1_ASAP7_75t_R": 14336,
            "AO221x1_ASAP7_75t_R": 512,
            "AO222x2_ASAP7_75t_R": 1536,
            "AO22x1_ASAP7_75t_R": 640,
            "AO31x2_ASAP7_75t_R": 128,
            "AO32x1_ASAP7_75t_R": 384,
            "AOI211xp5_ASAP7_75t_R": 11264,
            "AOI21xp33_ASAP7_75t_R": 102417,
            "AOI221xp5_ASAP7_75t_R": 3328,
            "AOI222xp33_ASAP7_75t_R": 256,
            "AOI22xp33_ASAP7_75t_R": 14336,
            "AOI311xp33_ASAP7_75t_R": 2816,
            "AOI31xp33_ASAP7_75t_R": 4864,
            "AOI321xp33_ASAP7_75t_R": 256,
            "AOI32xp33_ASAP7_75t_R": 1920,
            "DFFHQNx1_ASAP7_75t_R": 54709,
            "HB1xp67_ASAP7_75t_R": 384,
            "INVx1_ASAP7_75t_R": 110776,
            "MAJIxp5_ASAP7_75t_R": 34432,
            "MAJx2_ASAP7_75t_R": 10240,
            "NAND2xp33_ASAP7_75t_R": 99200,
            "NAND3xp33_ASAP7_75t_R": 18304,
            "NAND4xp25_ASAP7_75t_R": 4096,
            "NAND5xp2_ASAP7_75t_R": 4608,
            "NOR2xp33_ASAP7_75t_R": 151567,
            "NOR3xp33_ASAP7_75t_R": 44288,
            "NOR4xp25_ASAP7_75t_R": 11520,
            "NOR5xp2_ASAP7_75t_R": 6016,
            "O2A1O1Ixp33_ASAP7_75t_R": 14336,
            "OA211x2_ASAP7_75t_R": 6016,
            "OA21x2_ASAP7_75t_R": 7057,
            "OA22x2_ASAP7_75t_R": 9728,
            "OAI211xp5_ASAP7_75t_R": 9124,
            "OAI21xp33_ASAP7_75t_R": 70707,
            "OAI221xp5_ASAP7_75t_R": 896,
            "OAI22xp33_ASAP7_75t_R": 4736,
            "OAI311xp33_ASAP7_75t_R": 2688,
            "OAI31xp33_ASAP7_75t_R": 9472,
            "OAI321xp33_ASAP7_75t_R": 128,
            "OAI32xp33_ASAP7_75t_R": 1152,
            "OR2x2_ASAP7_75t_R": 13442,
            "OR3x1_ASAP7_75t_R": 8560,
            "OR4x1_ASAP7_75t_R": 5120,
            "OR5x1_ASAP7_75t_R": 2176,
            "XNOR2xp5_ASAP7_75t_R": 110720,
            "XOR2xp5_ASAP7_75t_R": 68736,
            "Queue1_WriteVecCtrl": 1,
            "TensorCoreFP32": 1
         }
      }
}

6. Executing Verilog backend.

6.1. Executing BMUXMAP pass.

6.2. Executing DEMUXMAP pass.
Dumping module `\CLZ'.
Dumping module `\CLZ_8'.
Dumping module `\FCMA_ADD_s1'.
Dumping module `\FCMA_ADD_s2'.
Dumping module `\FMUL_s1'.
Dumping module `\FMUL_s2'.
Dumping module `\FMUL_s3'.
Dumping module `\FarPath'.
Dumping module `\LZA'.
Dumping module `\NaiveMultiplier'.
Dumping module `\NearPath'.
Dumping module `\Queue1_TCDotProductOutput'.
Dumping module `\Queue1_TCDotProductOutput_1'.
Dumping module `\Queue1_WriteVecCtrl'.
Dumping module `\RoundingUnit'.
Dumping module `\ShiftRightJam'.
Dumping module `\TCAddPipe'.
Dumping module `\TCAddPipe_1'.
Dumping module `\TCAddPipe_8'.
Dumping module `\TCDotProduct'.
Dumping module `\TCDotProduct_1'.
Dumping module `\TCMulPipe'.
Dumping module `\TCMulPipe_1'.
Dumping module `\TCMulPipe_8'.
Dumping module `\TensorCoreFP32'.
Dumping module `\TininessRounder'.
Dumping module `\vTCexe'.

End of script. Logfile hash: bffaccf696, time: 24.25s, user: 10.81s, system: 0.43s, MEM: 261.62 MB peak
Yosys 0.64+308 (git sha1 78e05dfb0, Release, Clang /usr/bin/clang++ 18.1.8)
Time spent: 57% 1x abc (13 sec), 19% 2x stat (4 sec), ...
