[L1C] #     65 SM 0 CACHE 0 ADDR 80000000
[L1C] #     66 SM 1 CACHE 0 ADDR 80000000
sm   0 warp 0 0x80000000 0x00004197 x  3  80004000
sm   1 warp 0 0x80000000 0x00004197 x  3  80004000
sm   0 warp 1 0x80000000 0x00004197 x  3  80004000
sm   0 warp 0 0x80000004 0x80818193 x  3  80003808
sm   1 warp 1 0x80000000 0x00004197 x  3  80004000
sm   1 warp 0 0x80000004 0x80818193 x  3  80003808
sm   0 warp 0 0x80000008 0x02000e93 x 29  00000020
sm   0 warp 1 0x80000004 0x80818193 x  3  80003808
sm   0 warp 2 0x80000000 0x00004197 x  3  80004000
sm   1 warp 0 0x80000008 0x02000e93 x 29  00000020
sm   1 warp 1 0x80000004 0x80818193 x  3  80003808
sm   1 warp 2 0x80000000 0x00004197 x  3  80004000
sm   0 warp 0 0x8000000c 0x0d0efed7 x 29  00000020
sm   0 warp 1 0x80000008 0x02000e93 x 29  00000020
sm   0 warp 2 0x80000004 0x80818193 x  3  80003808
sm   1 warp 0 0x8000000c 0x0d0efed7 x 29  00000020
sm   0 warp 3 0x80000000 0x00004197 x  3  80004000
sm   1 warp 1 0x80000008 0x02000e93 x 29  00000020
sm   0 warp 0 0x80000010 0x00002eb7 x 29  00002000
sm   1 warp 2 0x80000004 0x80818193 x  3  80003808
sm   1 warp 3 0x80000000 0x00004197 x  3  80004000
sm   0 warp 1 0x8000000c 0x0d0efed7 x 29  00000020
sm   1 warp 0 0x80000010 0x00002eb7 x 29  00002000
sm   0 warp 2 0x80000008 0x02000e93 x 29  00000020
sm   0 warp 3 0x80000004 0x80818193 x  3  80003808
sm   1 warp 1 0x8000000c 0x0d0efed7 x 29  00000020
sm   0 warp 0 0x80000014 0x300eaef3 x 29  00001800
sm   1 warp 2 0x80000008 0x02000e93 x 29  00000020
sm   0 warp 1 0x80000010 0x00002eb7 x 29  00002000
sm   1 warp 3 0x80000004 0x80818193 x  3  80003808
sm   1 warp 0 0x80000014 0x300eaef3 x 29  00001800
sm   0 warp 2 0x8000000c 0x0d0efed7 x 29  00000020
sm   1 warp 1 0x80000010 0x00002eb7 x 29  00002000
sm   0 warp 0 0x80000018 0x00000e93 x 29  00000000
sm   1 warp 2 0x8000000c 0x0d0efed7 x 29  00000020
sm   0 warp 2 0x80000010 0x00002eb7 x 29  00002000
sm   0 warp 1 0x80000014 0x300eaef3 x 29  00001800
sm   1 warp 0 0x80000018 0x00000e93 x 29  00000000
sm   1 warp 2 0x80000010 0x00002eb7 x 29  00002000
sm   0 warp 0 0x8000001c 0x80502373 x  6  00000000
sm   1 warp 1 0x80000014 0x300eaef3 x 29  00001800
sm   0 warp 2 0x80000014 0x300eaef3 x 29  00001800
sm   1 warp 0 0x8000001c 0x80502373 x  6  00000000
sm   0 warp 1 0x80000018 0x00000e93 x 29  00000000
sm   0 warp 0 0x80000020 0x806023f3 x  7  70000000
sm   1 warp 2 0x80000014 0x300eaef3 x 29  00001800
sm   1 warp 1 0x80000018 0x00000e93 x 29  00000000
sm   1 warp 0 0x80000020 0x806023f3 x  7  70000000
sm   0 warp 1 0x8000001c 0x80502373 x  6  00000001
sm   0 warp 2 0x80000018 0x00000e93 x 29  00000000
sm   0 warp 0 0x80000024 0x40000e13 x 28  00000400
sm   1 warp 1 0x8000001c 0x80502373 x  6  00000001
sm   1 warp 2 0x80000018 0x00000e93 x 29  00000000
sm   0 warp 1 0x80000020 0x806023f3 x  7  70000000
sm   1 warp 0 0x80000024 0x40000e13 x 28  00000400
sm   0 warp 2 0x8000001c 0x80502373 x  6  00000002
sm   0 warp 3 0x80000008 0x02000e93 x 29  00000020
sm   1 warp 1 0x80000020 0x806023f3 x  7  70000000
sm   1 warp 2 0x8000001c 0x80502373 x  6  00000002
sm   0 warp 1 0x80000024 0x40000e13 x 28  00000400
sm   1 warp 3 0x80000008 0x02000e93 x 29  00000020
sm   0 warp 2 0x80000020 0x806023f3 x  7  70000000
sm   0 warp 0 0x80000028 0x03c30333 x  6  00000000
sm   1 warp 1 0x80000024 0x40000e13 x 28  00000400
sm   0 warp 3 0x8000000c 0x0d0efed7 x 29  00000020
sm   1 warp 2 0x80000020 0x806023f3 x  7  70000000
sm   1 warp 0 0x80000028 0x03c30333 x  6  00000000
sm   0 warp 2 0x80000024 0x40000e13 x 28  00000400
sm   1 warp 3 0x8000000c 0x0d0efed7 x 29  00000020
sm   0 warp 0 0x8000002c 0x00730133 x  2  70000000
sm   1 warp 2 0x80000024 0x40000e13 x 28  00000400
sm   0 warp 3 0x80000010 0x00002eb7 x 29  00002000
sm   0 warp 1 0x80000028 0x03c30333 x  6  00000400
sm   1 warp 0 0x8000002c 0x00730133 x  2  70000000
sm   1 warp 3 0x80000010 0x00002eb7 x 29  00002000
sm   0 warp 0 0x80000030 0x00000213 x  4  00000000
sm   1 warp 1 0x80000028 0x03c30333 x  6  00000400
sm   0 warp 2 0x80000028 0x03c30333 x  6  00000800
sm   0 warp 3 0x80000014 0x300eaef3 x 29  00001800
sm   1 warp 0 0x80000030 0x00000213 x  4  00000000
sm   0 warp 1 0x8000002c 0x00730133 x  2  70000400
sm   1 warp 2 0x80000028 0x03c30333 x  6  00000800
sm   0 warp 0 0x80000034 0x80102f73 x 30  00000004
sm   1 warp 3 0x80000014 0x300eaef3 x 29  00001800
sm   1 warp 1 0x8000002c 0x00730133 x  2  70000400
sm   0 warp 2 0x8000002c 0x00730133 x  2  70000800
sm   1 warp 0 0x80000034 0x80102f73 x 30  00000004
sm   0 warp 3 0x80000018 0x00000e93 x 29  00000000
sm   0 warp 0 0x80000038 0x40000e13 x 28  00000400
sm   1 warp 2 0x8000002c 0x00730133 x  2  70000800
sm   0 warp 1 0x80000030 0x00000213 x  4  00000000
sm   1 warp 3 0x80000018 0x00000e93 x 29  00000000
sm   0 warp 2 0x80000030 0x00000213 x  4  00000000
sm   1 warp 0 0x80000038 0x40000e13 x 28  00000400
sm   0 warp 3 0x8000001c 0x80502373 x  6  00000003
sm   1 warp 1 0x80000030 0x00000213 x  4  00000000
sm   1 warp 2 0x80000030 0x00000213 x  4  00000000
sm   0 warp 1 0x80000034 0x80102f73 x 30  00000004
sm   1 warp 3 0x8000001c 0x80502373 x  6  00000003
sm   0 warp 2 0x80000034 0x80102f73 x 30  00000004
sm   0 warp 3 0x80000020 0x806023f3 x  7  70000000
sm   1 warp 1 0x80000034 0x80102f73 x 30  00000004
sm   0 warp 0 0x8000003c 0x03cf0f33 x 30  00001000
sm   1 warp 2 0x80000034 0x80102f73 x 30  00000004
sm   0 warp 1 0x80000038 0x40000e13 x 28  00000400
sm   1 warp 3 0x80000020 0x806023f3 x  7  70000000
sm   0 warp 2 0x80000038 0x40000e13 x 28  00000400
sm   1 warp 0 0x8000003c 0x03cf0f33 x 30  00001000
sm   0 warp 3 0x80000024 0x40000e13 x 28  00000400
sm   1 warp 1 0x80000038 0x40000e13 x 28  00000400
sm   1 warp 2 0x80000038 0x40000e13 x 28  00000400
sm   0 warp 0 0x80000040 0x01e38433 x  8  70001000
sm   1 warp 3 0x80000024 0x40000e13 x 28  00000400
sm   0 warp 0 0x80000044 0x00003517 x 10  80003044
sm   1 warp 0 0x80000040 0x01e38433 x  8  70001000
sm   0 warp 1 0x8000003c 0x03cf0f33 x 30  00001000
sm   0 warp 2 0x8000003c 0x03cf0f33 x 30  00001000
sm   1 warp 0 0x80000044 0x00003517 x 10  80003044
sm   0 warp 3 0x80000028 0x03c30333 x  6  00000c00
sm   1 warp 1 0x8000003c 0x03cf0f33 x 30  00001000
sm   1 warp 2 0x8000003c 0x03cf0f33 x 30  00001000
sm   0 warp 0 0x80000048 0xfc450513 x 10  80003008
sm   1 warp 3 0x80000028 0x03c30333 x  6  00000c00
sm   0 warp 1 0x80000040 0x01e38433 x  8  70001000
sm   0 warp 2 0x80000040 0x01e38433 x  8  70001000
sm   1 warp 0 0x80000048 0xfc450513 x 10  80003008
sm   0 warp 3 0x8000002c 0x00730133 x  2  70000c00
sm   1 warp 1 0x80000040 0x01e38433 x  8  70001000
sm   0 warp 0 0x8000004c 0x00003617 x 12  8000304c
sm   1 warp 2 0x80000040 0x01e38433 x  8  70001000
sm   0 warp 1 0x80000044 0x00003517 x 10  80003044
sm   1 warp 3 0x8000002c 0x00730133 x  2  70000c00
sm   0 warp 2 0x80000044 0x00003517 x 10  80003044
sm   1 warp 0 0x8000004c 0x00003617 x 12  8000304c
sm   0 warp 3 0x80000030 0x00000213 x  4  00000000
sm   1 warp 1 0x80000044 0x00003517 x 10  80003044
sm   1 warp 2 0x80000044 0x00003517 x 10  80003044
sm   0 warp 0 0x80000050 0xfbc60613 x 12  80003008
sm   1 warp 3 0x80000030 0x00000213 x  4  00000000
sm   0 warp 1 0x80000048 0xfc450513 x 10  80003008
sm   0 warp 2 0x80000048 0xfc450513 x 10  80003008
sm   1 warp 0 0x80000050 0xfbc60613 x 12  80003008
sm   0 warp 3 0x80000034 0x80102f73 x 30  00000004
sm   1 warp 1 0x80000048 0xfc450513 x 10  80003008
sm   0 warp 1 0x8000004c 0x00003617 x 12  8000304c
sm   1 warp 2 0x80000048 0xfc450513 x 10  80003008
sm   0 warp 2 0x8000004c 0x00003617 x 12  8000304c
sm   1 warp 3 0x80000034 0x80102f73 x 30  00000004
sm   1 warp 1 0x8000004c 0x00003617 x 12  8000304c
sm   0 warp 0 0x80000054 0x00c50863 Jump? 1  80000064
sm   1 warp 2 0x8000004c 0x00003617 x 12  8000304c
sm   0 warp 3 0x80000038 0x40000e13 x 28  00000400
sm   1 warp 0 0x80000054 0x00c50863 Jump? 1  80000064
sm   0 warp 1 0x80000050 0xfbc60613 x 12  80003008
sm   0 warp 2 0x80000050 0xfbc60613 x 12  80003008
sm   1 warp 3 0x80000038 0x40000e13 x 28  00000400
sm   1 warp 1 0x80000050 0xfbc60613 x 12  80003008
sm   1 warp 2 0x80000050 0xfbc60613 x 12  80003008
[L1C] #    195 SM 0 CACHE 0 ADDR 80000080
sm   0 warp 1 0x80000054 0x00c50863 Jump? 1  80000064
sm   0 warp 2 0x80000054 0x00c50863 Jump? 1  80000064
sm   0 warp 3 0x8000003c 0x03cf0f33 x 30  00001000
[L1C] #    197 SM 1 CACHE 0 ADDR 80000080
sm   0 warp 0 0x80000064 0x803022f3 x  5  90404000
sm   1 warp 1 0x80000054 0x00c50863 Jump? 1  80000064
sm   1 warp 3 0x8000003c 0x03cf0f33 x 30  00001000
sm   1 warp 2 0x80000054 0x00c50863 Jump? 1  80000064
sm   1 warp 0 0x80000064 0x803022f3 x  5  90404000
sm   0 warp 3 0x80000040 0x01e38433 x  8  70001000
sm   1 warp 3 0x80000040 0x01e38433 x  8  70001000
sm   0 warp 0 0x80000068 0x0002a303 lsu.r x   6 op 0 @ 90404000+00000000
sm   0 warp 3 0x80000044 0x00003517 x 10  80003044
sm   0 warp 1 0x80000064 0x803022f3 x  5  90404000
sm   1 warp 0 0x80000068 0x0002a303 lsu.r x   6 op 0 @ 90404000+00000000
sm   1 warp 3 0x80000044 0x00003517 x 10  80003044
sm   1 warp 1 0x80000064 0x803022f3 x  5  90404000
sm   0 warp 2 0x80000064 0x803022f3 x  5  90404000
sm   1 warp 2 0x80000064 0x803022f3 x  5  90404000
sm   0 warp 3 0x80000048 0xfc450513 x 10  80003008
sm   0 warp 3 0x8000004c 0x00003617 x 12  8000304c
sm   1 warp 3 0x80000048 0xfc450513 x 10  80003008
sm   1 warp 3 0x8000004c 0x00003617 x 12  8000304c
sm   0 warp 3 0x80000050 0xfbc60613 x 12  80003008
sm   1 warp 3 0x80000050 0xfbc60613 x 12  80003008
sm   0 warp 3 0x80000054 0x00c50863 Jump? 1  80000064
sm   1 warp 3 0x80000054 0x00c50863 Jump? 1  80000064
sm   0 warp 3 0x80000064 0x803022f3 x  5  90404000
sm   1 warp 3 0x80000064 0x803022f3 x  5  90404000
sm   0 warp 0 0x8000006c 0x0042a503 lsu.r x  10 op 0 @ 90404000+00000004
sm   1 warp 0 0x8000006c 0x0042a503 lsu.r x  10 op 0 @ 90404000+00000004
[L1C] #    260 SM 0 CACHE 1 ADDR 90404000
[L1C] #    261 SM 1 CACHE 1 ADDR 90404000
sm   0 warp 0 0x80000070 0x0302a383 lsu.r x   7 op 0 @ 90404000+00000030
sm   1 warp 0 0x80000070 0x0302a383 lsu.r x   7 op 0 @ 90404000+00000030
sm   0 warp 0 0x80000068 0x0002a303 x  6  800000b8
sm   1 warp 0 0x80000068 0x0002a303 x  6  800000b8
sm   0 warp 2 0x80000068 0x0002a303 lsu.r x   6 op 0 @ 90404000+00000000
sm   0 warp 0 0x8000006c 0x0042a503 x 10  90003000
sm   1 warp 2 0x80000068 0x0002a303 lsu.r x   6 op 0 @ 90404000+00000000
sm   1 warp 0 0x8000006c 0x0042a503 x 10  90003000
sm   0 warp 3 0x80000068 0x0002a303 lsu.r x   6 op 0 @ 90404000+00000000
sm   0 warp 0 0x80000070 0x0302a383 x  7  00000000
sm   1 warp 3 0x80000068 0x0002a303 lsu.r x   6 op 0 @ 90404000+00000000
sm   1 warp 0 0x80000070 0x0302a383 x  7  00000000
sm   0 warp 1 0x80000068 0x0002a303 lsu.r x   6 op 0 @ 90404000+00000000
sm   0 warp 0 0x80000078 0x00003e97 x 29  80003078
sm   1 warp 1 0x80000068 0x0002a303 lsu.r x   6 op 0 @ 90404000+00000000
sm   0 warp 2 0x80000068 0x0002a303 x  6  800000b8
sm   1 warp 0 0x80000078 0x00003e97 x 29  80003078
sm   0 warp 3 0x80000068 0x0002a303 x  6  800000b8
sm   1 warp 2 0x80000068 0x0002a303 x  6  800000b8
sm   0 warp 0 0x8000007c 0xf88e8e93 x 29  80003000
sm   1 warp 3 0x80000068 0x0002a303 x  6  800000b8
sm   0 warp 0 0x80000074 0x0342ae03 lsu.r x  28 op 0 @ 90404000+00000034
sm   0 warp 0 0x80000080 0x00003f17 x 30  80003080
sm   1 warp 0 0x8000007c 0xf88e8e93 x 29  80003000
sm   1 warp 0 0x80000074 0x0342ae03 lsu.r x  28 op 0 @ 90404000+00000034
sm   0 warp 2 0x8000006c 0x0042a503 lsu.r x  10 op 0 @ 90404000+00000004
sm   0 warp 1 0x80000068 0x0002a303 x  6  800000b8
sm   1 warp 0 0x80000080 0x00003f17 x 30  80003080
sm   1 warp 2 0x8000006c 0x0042a503 lsu.r x  10 op 0 @ 90404000+00000004
sm   1 warp 1 0x80000068 0x0002a303 x  6  800000b8
sm   0 warp 3 0x8000006c 0x0042a503 lsu.r x  10 op 0 @ 90404000+00000004
sm   0 warp 0 0x80000084 0xf84f0f13 x 30  80003004
sm   1 warp 3 0x8000006c 0x0042a503 lsu.r x  10 op 0 @ 90404000+00000004
sm   0 warp 0 0x80000074 0x0342ae03 x 28  00000000
sm   1 warp 0 0x80000084 0xf84f0f13 x 30  80003004
sm   0 warp 2 0x8000006c 0x0042a503 x 10  90003000
sm   1 warp 0 0x80000074 0x0342ae03 x 28  00000000
sm   1 warp 2 0x8000006c 0x0042a503 x 10  90003000
sm   0 warp 1 0x8000006c 0x0042a503 lsu.r x  10 op 0 @ 90404000+00000004
sm   0 warp 3 0x8000006c 0x0042a503 x 10  90003000
sm   1 warp 1 0x8000006c 0x0042a503 lsu.r x  10 op 0 @ 90404000+00000004
sm   1 warp 3 0x8000006c 0x0042a503 x 10  90003000
sm   0 warp 2 0x80000070 0x0302a383 lsu.r x   7 op 0 @ 90404000+00000030
sm   0 warp 1 0x8000006c 0x0042a503 x 10  90003000
sm   1 warp 2 0x80000070 0x0302a383 lsu.r x   7 op 0 @ 90404000+00000030
sm   1 warp 1 0x8000006c 0x0042a503 x 10  90003000
sm   0 warp 3 0x80000070 0x0302a383 lsu.r x   7 op 0 @ 90404000+00000030
sm   0 warp 2 0x80000070 0x0302a383 x  7  00000000
sm   1 warp 3 0x80000070 0x0302a383 lsu.r x   7 op 0 @ 90404000+00000030
sm   1 warp 2 0x80000070 0x0302a383 x  7  00000000
sm   0 warp 0 0x80000088 0x007ea023 lsu.w x   7 op 0 00000000 @ 80003000+00000000
sm   0 warp 3 0x80000070 0x0302a383 x  7  00000000
sm   1 warp 0 0x80000088 0x007ea023 lsu.w x   7 op 0 00000000 @ 80003000+00000000
sm   1 warp 3 0x80000070 0x0302a383 x  7  00000000
sm   0 warp 1 0x80000070 0x0302a383 lsu.r x   7 op 0 @ 90404000+00000030
[L1C] #    322 SM 0 CACHE 1 ADDR 80003000
sm   0 warp 2 0x80000078 0x00003e97 x 29  80003078
sm   1 warp 1 0x80000070 0x0302a383 lsu.r x   7 op 0 @ 90404000+00000030
sm   0 warp 0 0x80000088 0x007ea023 lsu.w finish
[L1C] #    324 SM 1 CACHE 1 ADDR 80003000
sm   1 warp 2 0x80000078 0x00003e97 x 29  80003078
sm   0 warp 2 0x80000074 0x0342ae03 lsu.r x  28 op 0 @ 90404000+00000034
sm   1 warp 0 0x80000088 0x007ea023 lsu.w finish
sm   0 warp 3 0x80000078 0x00003e97 x 29  80003078
sm   0 warp 2 0x8000007c 0xf88e8e93 x 29  80003000
sm   1 warp 2 0x80000074 0x0342ae03 lsu.r x  28 op 0 @ 90404000+00000034
sm   1 warp 3 0x80000078 0x00003e97 x 29  80003078
sm   0 warp 3 0x80000074 0x0342ae03 lsu.r x  28 op 0 @ 90404000+00000034
sm   0 warp 2 0x80000080 0x00003f17 x 30  80003080
sm   1 warp 2 0x8000007c 0xf88e8e93 x 29  80003000
sm   1 warp 3 0x80000074 0x0342ae03 lsu.r x  28 op 0 @ 90404000+00000034
sm   0 warp 0 0x80000090 0x00000f97 x 31  80000090
sm   1 warp 2 0x80000080 0x00003f17 x 30  80003080
sm   0 warp 3 0x8000007c 0xf88e8e93 x 29  80003000
sm   0 warp 0 0x8000008c 0x01cf2023 lsu.w x  28 op 0 00000000 @ 80003004+00000000
sm   0 warp 1 0x80000078 0x00003e97 x 29  80003078
sm   1 warp 0 0x80000090 0x00000f97 x 31  80000090
sm   0 warp 3 0x80000080 0x00003f17 x 30  80003080
sm   1 warp 3 0x8000007c 0xf88e8e93 x 29  80003000
sm   1 warp 0 0x8000008c 0x01cf2023 lsu.w x  28 op 0 00000000 @ 80003004+00000000
sm   0 warp 2 0x80000084 0xf84f0f13 x 30  80003004
sm   1 warp 1 0x80000078 0x00003e97 x 29  80003078
sm   0 warp 1 0x80000074 0x0342ae03 lsu.r x  28 op 0 @ 90404000+00000034
sm   1 warp 3 0x80000080 0x00003f17 x 30  80003080
sm   0 warp 0 0x80000094 0x018f8f93 x 31  800000a8
[L1C] #    337 SM 0 CACHE 1 ADDR 80003000
sm   1 warp 2 0x80000084 0xf84f0f13 x 30  80003004
sm   1 warp 1 0x80000074 0x0342ae03 lsu.r x  28 op 0 @ 90404000+00000034
sm   0 warp 1 0x8000007c 0xf88e8e93 x 29  80003000
sm   1 warp 0 0x80000094 0x018f8f93 x 31  800000a8
[L1C] #    339 SM 1 CACHE 1 ADDR 80003000
sm   0 warp 3 0x80000084 0xf84f0f13 x 30  80003004
sm   1 warp 1 0x8000007c 0xf88e8e93 x 29  80003000
sm   0 warp 1 0x80000080 0x00003f17 x 30  80003080
sm   0 warp 2 0x80000088 0x007ea023 lsu.w x   7 op 0 00000000 @ 80003000+00000000
sm   0 warp 0 0x80000098 0x305f9073 x  0  00000000
sm   1 warp 3 0x80000084 0xf84f0f13 x 30  80003004
sm   0 warp 1 0x80000070 0x0302a383 x  7  00000000
sm   1 warp 1 0x80000080 0x00003f17 x 30  80003080
sm   1 warp 2 0x80000088 0x007ea023 lsu.w x   7 op 0 00000000 @ 80003000+00000000
sm   0 warp 2 0x80000074 0x0342ae03 x 28  00000000
sm   1 warp 0 0x80000098 0x305f9073 x  0  00000000
sm   0 warp 3 0x80000074 0x0342ae03 x 28  00000000
sm   1 warp 1 0x80000070 0x0302a383 x  7  00000000
sm   0 warp 0 0x8000009c 0x000300e7 x  1  800000a0
sm   1 warp 2 0x80000074 0x0342ae03 x 28  00000000
sm   0 warp 0 0x8000008c 0x01cf2023 lsu.w finish
sm   0 warp 1 0x80000084 0xf84f0f13 x 30  80003004
sm   0 warp 0 0x8000009c 0x000300e7 Jump? 1  800000b8
sm   1 warp 3 0x80000074 0x0342ae03 x 28  00000000
sm   1 warp 0 0x8000009c 0x000300e7 x  1  800000a0
sm   0 warp 3 0x80000088 0x007ea023 lsu.w x   7 op 0 00000000 @ 80003000+00000000
sm   1 warp 0 0x8000008c 0x01cf2023 lsu.w finish
sm   0 warp 1 0x80000074 0x0342ae03 x 28  00000000
sm   1 warp 1 0x80000084 0xf84f0f13 x 30  80003004
sm   1 warp 0 0x8000009c 0x000300e7 Jump? 1  800000b8
sm   1 warp 3 0x80000088 0x007ea023 lsu.w x   7 op 0 00000000 @ 80003000+00000000
sm   0 warp 2 0x80000090 0x00000f97 x 31  80000090
sm   1 warp 1 0x80000074 0x0342ae03 x 28  00000000
sm   0 warp 2 0x8000008c 0x01cf2023 lsu.w x  28 op 0 00000000 @ 80003004+00000000
[L1C] #    353 SM 0 CACHE 1 ADDR 80003000
sm   0 warp 3 0x80000090 0x00000f97 x 31  80000090
sm   1 warp 2 0x80000090 0x00000f97 x 31  80000090
sm   1 warp 2 0x8000008c 0x01cf2023 lsu.w x  28 op 0 00000000 @ 80003004+00000000
sm   0 warp 2 0x80000088 0x007ea023 lsu.w finish
[L1C] #    355 SM 1 CACHE 1 ADDR 80003000
sm   1 warp 3 0x80000090 0x00000f97 x 31  80000090
sm   0 warp 3 0x8000008c 0x01cf2023 lsu.w x  28 op 0 00000000 @ 80003004+00000000
sm   1 warp 2 0x80000088 0x007ea023 lsu.w finish
sm   0 warp 2 0x80000094 0x018f8f93 x 31  800000a8
sm   0 warp 0 0x800000b8 0x01010113 x  2  70000010
sm   1 warp 3 0x8000008c 0x01cf2023 lsu.w x  28 op 0 00000000 @ 80003004+00000000
sm   0 warp 3 0x80000094 0x018f8f93 x 31  800000a8
sm   1 warp 2 0x80000094 0x018f8f93 x 31  800000a8
sm   0 warp 1 0x80000088 0x007ea023 lsu.w x   7 op 0 00000000 @ 80003000+00000000
sm   1 warp 0 0x800000b8 0x01010113 x  2  70000010
sm   0 warp 1 0x80000090 0x00000f97 x 31  80000090
sm   1 warp 3 0x80000094 0x018f8f93 x 31  800000a8
sm   1 warp 1 0x80000088 0x007ea023 lsu.w x   7 op 0 00000000 @ 80003000+00000000
sm   0 warp 2 0x80000098 0x305f9073 x  0  00000000
sm   0 warp 1 0x8000008c 0x01cf2023 lsu.w x  28 op 0 00000000 @ 80003004+00000000
sm   1 warp 1 0x80000090 0x00000f97 x 31  80000090
sm   0 warp 3 0x80000098 0x305f9073 x  0  00000000
sm   1 warp 2 0x80000098 0x305f9073 x  0  00000000
sm   1 warp 1 0x8000008c 0x01cf2023 lsu.w x  28 op 0 00000000 @ 80003004+00000000
sm   0 warp 0 0x800000bc 0xfe112823 lsu.w x   1 op 3 800000a0 @ 70000010+fffffff0
sm   0 warp 1 0x80000094 0x018f8f93 x 31  800000a8
sm   1 warp 3 0x80000098 0x305f9073 x  0  00000000
sm   0 warp 2 0x8000009c 0x000300e7 x  1  800000a0
sm   0 warp 2 0x8000009c 0x000300e7 Jump? 1  800000b8
sm   1 warp 0 0x800000bc 0xfe112823 lsu.w x   1 op 3 800000a0 @ 70000010+fffffff0
sm   0 warp 3 0x8000009c 0x000300e7 x  1  800000a0
sm   0 warp 3 0x8000009c 0x000300e7 Jump? 1  800000b8
sm   1 warp 1 0x80000094 0x018f8f93 x 31  800000a8
sm   0 warp 0 0x800000c0 0x00852283 lsu.r x   5 op 0 @ 90003000+00000008
sm   1 warp 2 0x8000009c 0x000300e7 x  1  800000a0
sm   1 warp 2 0x8000009c 0x000300e7 Jump? 1  800000b8
[L1C] #    369 SM 0 CACHE 1 ADDR 80003000
sm   1 warp 3 0x8000009c 0x000300e7 x  1  800000a0
sm   1 warp 0 0x800000c0 0x00852283 lsu.r x   5 op 0 @ 90003000+00000008
sm   1 warp 3 0x8000009c 0x000300e7 Jump? 1  800000b8
sm   0 warp 3 0x80000088 0x007ea023 lsu.w finish
sm   0 warp 1 0x80000098 0x305f9073 x  0  00000000
[L1C] #    371 SM 1 CACHE 1 ADDR 80003000
sm   1 warp 3 0x80000088 0x007ea023 lsu.w finish
sm   1 warp 1 0x80000098 0x305f9073 x  0  00000000
sm   0 warp 0 0x800000bc 0xfe112823 lsu.w finish
sm   0 warp 1 0x8000009c 0x000300e7 x  1  800000a0
sm   1 warp 0 0x800000bc 0xfe112823 lsu.w finish
sm   0 warp 2 0x800000b8 0x01010113 x  2  70000810
sm   0 warp 1 0x8000009c 0x000300e7 Jump? 1  800000b8
sm   1 warp 1 0x8000009c 0x000300e7 x  1  800000a0
sm   1 warp 2 0x800000b8 0x01010113 x  2  70000810
sm   1 warp 1 0x8000009c 0x000300e7 Jump? 1  800000b8
sm   0 warp 2 0x800000bc 0xfe112823 lsu.w x   1 op 3 800000a0 @ 70000810+fffffff0
sm   0 warp 3 0x800000b8 0x01010113 x  2  70000c10
sm   1 warp 2 0x800000bc 0xfe112823 lsu.w x   1 op 3 800000a0 @ 70000810+fffffff0
sm   0 warp 1 0x800000b8 0x01010113 x  2  70000410
sm   1 warp 3 0x800000b8 0x01010113 x  2  70000c10
[L1C] #    385 SM 0 CACHE 1 ADDR 80003000
sm   0 warp 2 0x8000008c 0x01cf2023 lsu.w finish
sm   1 warp 1 0x800000b8 0x01010113 x  2  70000410
[L1C] #    387 SM 1 CACHE 1 ADDR 80003000
sm   0 warp 2 0x800000c0 0x00852283 lsu.r x   5 op 0 @ 90003000+00000008
sm   1 warp 2 0x8000008c 0x01cf2023 lsu.w finish
sm   1 warp 2 0x800000c0 0x00852283 lsu.r x   5 op 0 @ 90003000+00000008
sm   0 warp 2 0x800000bc 0xfe112823 lsu.w finish
sm   0 warp 3 0x800000bc 0xfe112823 lsu.w x   1 op 3 800000a0 @ 70000c10+fffffff0
sm   1 warp 2 0x800000bc 0xfe112823 lsu.w finish
sm   1 warp 3 0x800000bc 0xfe112823 lsu.w x   1 op 3 800000a0 @ 70000c10+fffffff0
sm   0 warp 1 0x800000bc 0xfe112823 lsu.w x   1 op 3 800000a0 @ 70000410+fffffff0
sm   1 warp 1 0x800000bc 0xfe112823 lsu.w x   1 op 3 800000a0 @ 70000410+fffffff0
sm   0 warp 3 0x800000bc 0xfe112823 lsu.w finish
sm   0 warp 3 0x800000c0 0x00852283 lsu.r x   5 op 0 @ 90003000+00000008
sm   1 warp 3 0x800000bc 0xfe112823 lsu.w finish
sm   1 warp 3 0x800000c0 0x00852283 lsu.r x   5 op 0 @ 90003000+00000008
sm   0 warp 1 0x800000bc 0xfe112823 lsu.w finish
[L1C] #    401 SM 0 CACHE 1 ADDR 80003000
sm   1 warp 1 0x800000bc 0xfe112823 lsu.w finish
[L1C] #    403 SM 1 CACHE 1 ADDR 80003000
sm   0 warp 3 0x8000008c 0x01cf2023 lsu.w finish
sm   1 warp 3 0x8000008c 0x01cf2023 lsu.w finish
[L1C] #    417 SM 0 CACHE 1 ADDR 80003000
sm   0 warp 1 0x80000088 0x007ea023 lsu.w finish
[L1C] #    419 SM 1 CACHE 1 ADDR 80003000
sm   1 warp 1 0x80000088 0x007ea023 lsu.w finish
[L1C] #    433 SM 0 CACHE 1 ADDR 80003000
sm   0 warp 1 0x8000008c 0x01cf2023 lsu.w finish
[L1C] #    435 SM 1 CACHE 1 ADDR 80003000
sm   1 warp 1 0x8000008c 0x01cf2023 lsu.w finish
[L1C] #    449 SM 0 CACHE 1 ADDR 90003000
[L1C] #    451 SM 1 CACHE 1 ADDR 90003000
sm   0 warp 0 0x800000c0 0x00852283 x  5  90002000
sm   1 warp 0 0x800000c0 0x00852283 x  5  90002000
sm   0 warp 1 0x800000c0 0x00852283 lsu.r x   5 op 0 @ 90003000+00000008
sm   0 warp 2 0x800000c0 0x00852283 x  5  90002000
sm   1 warp 1 0x800000c0 0x00852283 lsu.r x   5 op 0 @ 90003000+00000008
sm   1 warp 2 0x800000c0 0x00852283 x  5  90002000
sm   0 warp 0 0x800000c4 0xfe512e23 lsu.w x   5 op 3 90002000 @ 70000010+fffffffc
sm   0 warp 3 0x800000c0 0x00852283 x  5  90002000
sm   1 warp 0 0x800000c4 0xfe512e23 lsu.w x   5 op 3 90002000 @ 70000010+fffffffc
sm   1 warp 3 0x800000c0 0x00852283 x  5  90002000
sm   0 warp 2 0x800000c4 0xfe512e23 lsu.w x   5 op 3 90002000 @ 70000810+fffffffc
sm   0 warp 1 0x800000c0 0x00852283 x  5  90002000
sm   1 warp 2 0x800000c4 0xfe512e23 lsu.w x   5 op 3 90002000 @ 70000810+fffffffc
sm   1 warp 1 0x800000c0 0x00852283 x  5  90002000
sm   0 warp 0 0x800000c8 0x00452283 lsu.r x   5 op 0 @ 90003000+00000004
sm   1 warp 0 0x800000c8 0x00452283 lsu.r x   5 op 0 @ 90003000+00000004
sm   0 warp 0 0x800000c4 0xfe512e23 lsu.w finish
sm   0 warp 2 0x800000c8 0x00452283 lsu.r x   5 op 0 @ 90003000+00000004
sm   1 warp 0 0x800000c4 0xfe512e23 lsu.w finish
sm   0 warp 0 0x800000c8 0x00452283 x  5  90001000
sm   1 warp 2 0x800000c8 0x00452283 lsu.r x   5 op 0 @ 90003000+00000004
sm   1 warp 0 0x800000c8 0x00452283 x  5  90001000
sm   0 warp 3 0x800000c4 0xfe512e23 lsu.w x   5 op 3 90002000 @ 70000c10+fffffffc
sm   0 warp 2 0x800000c8 0x00452283 x  5  90001000
sm   1 warp 3 0x800000c4 0xfe512e23 lsu.w x   5 op 3 90002000 @ 70000c10+fffffffc
sm   1 warp 2 0x800000c8 0x00452283 x  5  90001000
sm   0 warp 1 0x800000c4 0xfe512e23 lsu.w x   5 op 3 90002000 @ 70000410+fffffffc
sm   1 warp 1 0x800000c4 0xfe512e23 lsu.w x   5 op 3 90002000 @ 70000410+fffffffc
sm   0 warp 2 0x800000c4 0xfe512e23 lsu.w finish
sm   0 warp 3 0x800000c8 0x00452283 lsu.r x   5 op 0 @ 90003000+00000004
sm   1 warp 2 0x800000c4 0xfe512e23 lsu.w finish
sm   1 warp 3 0x800000c8 0x00452283 lsu.r x   5 op 0 @ 90003000+00000004
sm   0 warp 3 0x800000c4 0xfe512e23 lsu.w finish
sm   0 warp 1 0x800000c8 0x00452283 lsu.r x   5 op 0 @ 90003000+00000004
sm   1 warp 3 0x800000c4 0xfe512e23 lsu.w finish
sm   0 warp 3 0x800000c8 0x00452283 x  5  90001000
sm   1 warp 1 0x800000c8 0x00452283 lsu.r x   5 op 0 @ 90003000+00000004
sm   1 warp 3 0x800000c8 0x00452283 x  5  90001000
sm   0 warp 0 0x800000cc 0xfe512c23 lsu.w x   5 op 3 90001000 @ 70000010+fffffff8
sm   0 warp 1 0x800000c8 0x00452283 x  5  90001000
sm   1 warp 0 0x800000cc 0xfe512c23 lsu.w x   5 op 3 90001000 @ 70000010+fffffff8
sm   1 warp 1 0x800000c8 0x00452283 x  5  90001000
sm   0 warp 2 0x800000cc 0xfe512c23 lsu.w x   5 op 3 90001000 @ 70000810+fffffff8
sm   1 warp 2 0x800000cc 0xfe512c23 lsu.w x   5 op 3 90001000 @ 70000810+fffffff8
sm   0 warp 1 0x800000c4 0xfe512e23 lsu.w finish
sm   0 warp 0 0x800000d0 0x00052283 lsu.r x   5 op 0 @ 90003000+00000000
sm   1 warp 1 0x800000c4 0xfe512e23 lsu.w finish
sm   1 warp 0 0x800000d0 0x00052283 lsu.r x   5 op 0 @ 90003000+00000000
sm   0 warp 0 0x800000cc 0xfe512c23 lsu.w finish
sm   0 warp 2 0x800000d0 0x00052283 lsu.r x   5 op 0 @ 90003000+00000000
sm   1 warp 0 0x800000cc 0xfe512c23 lsu.w finish
sm   0 warp 0 0x800000d0 0x00052283 x  5  90000000
sm   1 warp 2 0x800000d0 0x00052283 lsu.r x   5 op 0 @ 90003000+00000000
sm   1 warp 0 0x800000d0 0x00052283 x  5  90000000
sm   0 warp 3 0x800000cc 0xfe512c23 lsu.w x   5 op 3 90001000 @ 70000c10+fffffff8
sm   0 warp 2 0x800000d0 0x00052283 x  5  90000000
sm   1 warp 3 0x800000cc 0xfe512c23 lsu.w x   5 op 3 90001000 @ 70000c10+fffffff8
sm   1 warp 2 0x800000d0 0x00052283 x  5  90000000
sm   0 warp 1 0x800000cc 0xfe512c23 lsu.w x   5 op 3 90001000 @ 70000410+fffffff8
sm   1 warp 1 0x800000cc 0xfe512c23 lsu.w x   5 op 3 90001000 @ 70000410+fffffff8
sm   0 warp 2 0x800000cc 0xfe512c23 lsu.w finish
sm   0 warp 3 0x800000d0 0x00052283 lsu.r x   5 op 0 @ 90003000+00000000
sm   1 warp 2 0x800000cc 0xfe512c23 lsu.w finish
sm   1 warp 3 0x800000d0 0x00052283 lsu.r x   5 op 0 @ 90003000+00000000
sm   0 warp 3 0x800000cc 0xfe512c23 lsu.w finish
sm   0 warp 1 0x800000d0 0x00052283 lsu.r x   5 op 0 @ 90003000+00000000
sm   1 warp 3 0x800000cc 0xfe512c23 lsu.w finish
sm   0 warp 3 0x800000d0 0x00052283 x  5  90000000
sm   1 warp 1 0x800000d0 0x00052283 lsu.r x   5 op 0 @ 90003000+00000000
sm   0 warp 0 0x800000d4 0xfe512a23 lsu.w x   5 op 3 90000000 @ 70000010+fffffff4
sm   0 warp 0 0x800000d8 0x5e004057 v  0 11111111111111111111111111111111 00000000 00000000 00000000 00000000 00000000 00000000 00000000 00000000 00000000 00000000 00000000 00000000 00000000 00000000 00000000 00000000 00000000 00000000 00000000 00000000 00000000 00000000 00000000 00000000 00000000 00000000 00000000 00000000 00000000 00000000 00000000 00000000 
sm   1 warp 3 0x800000d0 0x00052283 x  5  90000000
sm   0 warp 0 0x800000dc 0x03c000ef x  1  800000e0
sm   0 warp 0 0x800000dc 0x03c000ef Jump? 1  80000118
sm   1 warp 0 0x800000d8 0x5e004057 v  0 11111111111111111111111111111111 00000000 00000000 00000000 00000000 00000000 00000000 00000000 00000000 00000000 00000000 00000000 00000000 00000000 00000000 00000000 00000000 00000000 00000000 00000000 00000000 00000000 00000000 00000000 00000000 00000000 00000000 00000000 00000000 00000000 00000000 00000000 00000000 
sm   1 warp 0 0x800000d4 0xfe512a23 lsu.w x   5 op 3 90000000 @ 70000010+fffffff4
sm   0 warp 2 0x800000d4 0xfe512a23 lsu.w x   5 op 3 90000000 @ 70000810+fffffff4
sm   0 warp 2 0x800000d8 0x5e004057 v  0 11111111111111111111111111111111 00000000 00000000 00000000 00000000 00000000 00000000 00000000 00000000 00000000 00000000 00000000 00000000 00000000 00000000 00000000 00000000 00000000 00000000 00000000 00000000 00000000 00000000 00000000 00000000 00000000 00000000 00000000 00000000 00000000 00000000 00000000 00000000 
sm   1 warp 0 0x800000dc 0x03c000ef x  1  800000e0
sm   1 warp 0 0x800000dc 0x03c000ef Jump? 1  80000118
sm   0 warp 2 0x800000dc 0x03c000ef x  1  800000e0
sm   1 warp 2 0x800000d4 0xfe512a23 lsu.w x   5 op 3 90000000 @ 70000810+fffffff4
sm   1 warp 2 0x800000d8 0x5e004057 v  0 11111111111111111111111111111111 00000000 00000000 00000000 00000000 00000000 00000000 00000000 00000000 00000000 00000000 00000000 00000000 00000000 00000000 00000000 00000000 00000000 00000000 00000000 00000000 00000000 00000000 00000000 00000000 00000000 00000000 00000000 00000000 00000000 00000000 00000000 00000000 
sm   0 warp 1 0x800000cc 0xfe512c23 lsu.w finish
sm   0 warp 1 0x800000d0 0x00052283 x  5  90000000
[L1C] #    542 SM 0 CACHE 0 ADDR 80000100
sm   0 warp 2 0x800000dc 0x03c000ef Jump? 1  80000118
sm   1 warp 2 0x800000dc 0x03c000ef x  1  800000e0
sm   1 warp 1 0x800000cc 0xfe512c23 lsu.w finish
[L1C] #    544 SM 1 CACHE 0 ADDR 80000100
sm   0 warp 3 0x800000d8 0x5e004057 v  0 11111111111111111111111111111111 00000000 00000000 00000000 00000000 00000000 00000000 00000000 00000000 00000000 00000000 00000000 00000000 00000000 00000000 00000000 00000000 00000000 00000000 00000000 00000000 00000000 00000000 00000000 00000000 00000000 00000000 00000000 00000000 00000000 00000000 00000000 00000000 
sm   1 warp 1 0x800000d0 0x00052283 x  5  90000000
sm   0 warp 3 0x800000d4 0xfe512a23 lsu.w x   5 op 3 90000000 @ 70000c10+fffffff4
sm   1 warp 2 0x800000dc 0x03c000ef Jump? 1  80000118
sm   0 warp 3 0x800000dc 0x03c000ef Jump? 1  80000118
sm   0 warp 3 0x800000dc 0x03c000ef x  1  800000e0
sm   1 warp 3 0x800000d4 0xfe512a23 lsu.w x   5 op 3 90000000 @ 70000c10+fffffff4
sm   1 warp 3 0x800000d8 0x5e004057 v  0 11111111111111111111111111111111 00000000 00000000 00000000 00000000 00000000 00000000 00000000 00000000 00000000 00000000 00000000 00000000 00000000 00000000 00000000 00000000 00000000 00000000 00000000 00000000 00000000 00000000 00000000 00000000 00000000 00000000 00000000 00000000 00000000 00000000 00000000 00000000 
sm   0 warp 0 0x800000d4 0xfe512a23 lsu.w finish
sm   1 warp 3 0x800000dc 0x03c000ef x  1  800000e0
sm   0 warp 1 0x800000d4 0xfe512a23 lsu.w x   5 op 3 90000000 @ 70000410+fffffff4
sm   1 warp 3 0x800000dc 0x03c000ef Jump? 1  80000118
sm   1 warp 0 0x800000d4 0xfe512a23 lsu.w finish
sm   1 warp 1 0x800000d4 0xfe512a23 lsu.w x   5 op 3 90000000 @ 70000410+fffffff4
sm   0 warp 2 0x800000d4 0xfe512a23 lsu.w finish
sm   0 warp 1 0x800000d8 0x5e004057 v  0 11111111111111111111111111111111 00000000 00000000 00000000 00000000 00000000 00000000 00000000 00000000 00000000 00000000 00000000 00000000 00000000 00000000 00000000 00000000 00000000 00000000 00000000 00000000 00000000 00000000 00000000 00000000 00000000 00000000 00000000 00000000 00000000 00000000 00000000 00000000 
sm   1 warp 2 0x800000d4 0xfe512a23 lsu.w finish
sm   0 warp 1 0x800000dc 0x03c000ef x  1  800000e0
sm   1 warp 1 0x800000d8 0x5e004057 v  0 11111111111111111111111111111111 00000000 00000000 00000000 00000000 00000000 00000000 00000000 00000000 00000000 00000000 00000000 00000000 00000000 00000000 00000000 00000000 00000000 00000000 00000000 00000000 00000000 00000000 00000000 00000000 00000000 00000000 00000000 00000000 00000000 00000000 00000000 00000000 
sm   0 warp 3 0x800000d4 0xfe512a23 lsu.w finish
sm   0 warp 1 0x800000dc 0x03c000ef Jump? 1  80000118
sm   1 warp 1 0x800000dc 0x03c000ef x  1  800000e0
sm   1 warp 3 0x800000d4 0xfe512a23 lsu.w finish
sm   1 warp 1 0x800000dc 0x03c000ef Jump? 1  80000118
sm   0 warp 1 0x800000d4 0xfe512a23 lsu.w finish
sm   1 warp 1 0x800000d4 0xfe512a23 lsu.w finish
sm   0 warp 0 0x80000118 0x00410113 x  2  70000014
sm   1 warp 0 0x80000118 0x00410113 x  2  70000014
sm   0 warp 1 0x80000118 0x00410113 x  2  70000414
sm   0 warp 0 0x8000011c 0xfe112e23 lsu.w x   1 op 3 800000e0 @ 70000014+fffffffc
sm   1 warp 1 0x80000118 0x00410113 x  2  70000414
sm   1 warp 0 0x8000011c 0xfe112e23 lsu.w x   1 op 3 800000e0 @ 70000014+fffffffc
sm   0 warp 0 0x80000120 0x00200293 x  5  00000002
sm   1 warp 0 0x80000120 0x00200293 x  5  00000002
sm   0 warp 0 0x8000011c 0xfe112e23 lsu.w finish
sm   0 warp 2 0x80000118 0x00410113 x  2  70000814
sm   0 warp 1 0x8000011c 0xfe112e23 lsu.w x   1 op 3 800000e0 @ 70000414+fffffffc
sm   1 warp 0 0x8000011c 0xfe112e23 lsu.w finish
sm   0 warp 1 0x80000120 0x00200293 x  5  00000002
sm   1 warp 1 0x8000011c 0xfe112e23 lsu.w x   1 op 3 800000e0 @ 70000414+fffffffc
sm   0 warp 0 0x80000124 0x5e02c0d7 v  1 11111111111111111111111111111111 00000002 00000002 00000002 00000002 00000002 00000002 00000002 00000002 00000002 00000002 00000002 00000002 00000002 00000002 00000002 00000002 00000002 00000002 00000002 00000002 00000002 00000002 00000002 00000002 00000002 00000002 00000002 00000002 00000002 00000002 00000002 00000002 
sm   1 warp 2 0x80000118 0x00410113 x  2  70000814
sm   1 warp 1 0x80000120 0x00200293 x  5  00000002
sm   0 warp 0 0x80000128 0x00000317 x  6  80000128
sm   1 warp 0 0x80000124 0x5e02c0d7 v  1 11111111111111111111111111111111 00000002 00000002 00000002 00000002 00000002 00000002 00000002 00000002 00000002 00000002 00000002 00000002 00000002 00000002 00000002 00000002 00000002 00000002 00000002 00000002 00000002 00000002 00000002 00000002 00000002 00000002 00000002 00000002 00000002 00000002 00000002 00000002 
sm   0 warp 1 0x8000011c 0xfe112e23 lsu.w finish
sm   0 warp 1 0x80000124 0x5e02c0d7 v  1 11111111111111111111111111111111 00000002 00000002 00000002 00000002 00000002 00000002 00000002 00000002 00000002 00000002 00000002 00000002 00000002 00000002 00000002 00000002 00000002 00000002 00000002 00000002 00000002 00000002 00000002 00000002 00000002 00000002 00000002 00000002 00000002 00000002 00000002 00000002 
sm   1 warp 0 0x80000128 0x00000317 x  6  80000128
sm   0 warp 2 0x8000011c 0xfe112e23 lsu.w x   1 op 3 800000e0 @ 70000814+fffffffc
sm   1 warp 1 0x8000011c 0xfe112e23 lsu.w finish
sm   1 warp 1 0x80000124 0x5e02c0d7 v  1 11111111111111111111111111111111 00000002 00000002 00000002 00000002 00000002 00000002 00000002 00000002 00000002 00000002 00000002 00000002 00000002 00000002 00000002 00000002 00000002 00000002 00000002 00000002 00000002 00000002 00000002 00000002 00000002 00000002 00000002 00000002 00000002 00000002 00000002 00000002 
sm   0 warp 2 0x80000120 0x00200293 x  5  00000002
sm   1 warp 2 0x8000011c 0xfe112e23 lsu.w x   1 op 3 800000e0 @ 70000814+fffffffc
sm   0 warp 1 0x80000128 0x00000317 x  6  80000128
sm   0 warp 3 0x80000118 0x00410113 x  2  70000c14
sm   1 warp 2 0x80000120 0x00200293 x  5  00000002
sm 0 warp 0 0x8000012c 0x04c3305b  setrpc 0x80000174 
sm   0 warp 0 0x8000012c 0x04c3305b x  0  80000174
sm   1 warp 1 0x80000128 0x00000317 x  6  80000128
sm   0 warp 2 0x8000011c 0xfe112e23 lsu.w finish
sm   1 warp 3 0x80000118 0x00410113 x  2  70000c14
sm 1 warp 0 0x8000012c 0x04c3305b  setrpc 0x80000174 
sm   0 warp 2 0x80000124 0x5e02c0d7 v  1 11111111111111111111111111111111 00000002 00000002 00000002 00000002 00000002 00000002 00000002 00000002 00000002 00000002 00000002 00000002 00000002 00000002 00000002 00000002 00000002 00000002 00000002 00000002 00000002 00000002 00000002 00000002 00000002 00000002 00000002 00000002 00000002 00000002 00000002 00000002 
sm   1 warp 0 0x8000012c 0x04c3305b x  0  80000174
sm 0 warp 1 0x8000012c 0x04c3305b  setrpc 0x80000174 
sm   1 warp 2 0x8000011c 0xfe112e23 lsu.w finish
sm   0 warp 1 0x8000012c 0x04c3305b x  0  80000174
sm   0 warp 2 0x80000128 0x00000317 x  6  80000128
sm   1 warp 2 0x80000124 0x5e02c0d7 v  1 11111111111111111111111111111111 00000002 00000002 00000002 00000002 00000002 00000002 00000002 00000002 00000002 00000002 00000002 00000002 00000002 00000002 00000002 00000002 00000002 00000002 00000002 00000002 00000002 00000002 00000002 00000002 00000002 00000002 00000002 00000002 00000002 00000002 00000002 00000002 
sm 1 warp 1 0x8000012c 0x04c3305b  setrpc 0x80000174 
sm   1 warp 1 0x8000012c 0x04c3305b x  0  80000174
sm   0 warp 0 0x80000130 0x0200885b vbranch     current mask and npc:   11111111111111111111111111111111 0x80000134, take_if=1, if_mask = 11111111111111111111111111111111
sm   0 warp 3 0x8000011c 0xfe112e23 lsu.w x   1 op 3 800000e0 @ 70000c14+fffffffc
sm   1 warp 2 0x80000128 0x00000317 x  6  80000128
sm   0 warp 1 0x80000130 0x0200885b vbranch     current mask and npc:   11111111111111111111111111111111 0x80000134, take_if=1, if_mask = 11111111111111111111111111111111
sm   1 warp 3 0x8000011c 0xfe112e23 lsu.w x   1 op 3 800000e0 @ 70000c14+fffffffc
sm   1 warp 0 0x80000130 0x0200885b vbranch     current mask and npc:   11111111111111111111111111111111 0x80000134, take_if=1, if_mask = 11111111111111111111111111111111
sm   0 warp 3 0x80000120 0x00200293 x  5  00000002
sm 0 warp 2 0x8000012c 0x04c3305b  setrpc 0x80000174 
sm   0 warp 2 0x8000012c 0x04c3305b x  0  80000174
sm   1 warp 1 0x80000130 0x0200885b vbranch     current mask and npc:   11111111111111111111111111111111 0x80000134, take_if=1, if_mask = 11111111111111111111111111111111
sm   0 warp 0 0x80000134 0x00100293 x  5  00000001
sm   1 warp 3 0x80000120 0x00200293 x  5  00000002
sm 1 warp 2 0x8000012c 0x04c3305b  setrpc 0x80000174 
sm   0 warp 3 0x8000011c 0xfe112e23 lsu.w finish
sm   1 warp 2 0x8000012c 0x04c3305b x  0  80000174
sm   0 warp 1 0x80000134 0x00100293 x  5  00000001
sm   1 warp 0 0x80000134 0x00100293 x  5  00000001
sm   1 warp 3 0x8000011c 0xfe112e23 lsu.w finish
sm   0 warp 2 0x80000130 0x0200885b vbranch     current mask and npc:   11111111111111111111111111111111 0x80000134, take_if=1, if_mask = 11111111111111111111111111111111
sm   0 warp 3 0x80000124 0x5e02c0d7 v  1 11111111111111111111111111111111 00000002 00000002 00000002 00000002 00000002 00000002 00000002 00000002 00000002 00000002 00000002 00000002 00000002 00000002 00000002 00000002 00000002 00000002 00000002 00000002 00000002 00000002 00000002 00000002 00000002 00000002 00000002 00000002 00000002 00000002 00000002 00000002 
sm   1 warp 1 0x80000134 0x00100293 x  5  00000001
sm   0 warp 0 0x80000138 0x5e02c0d7 v  1 11111111111111111111111111111111 00000001 00000001 00000001 00000001 00000001 00000001 00000001 00000001 00000001 00000001 00000001 00000001 00000001 00000001 00000001 00000001 00000001 00000001 00000001 00000001 00000001 00000001 00000001 00000001 00000001 00000001 00000001 00000001 00000001 00000001 00000001 00000001 
sm   1 warp 2 0x80000130 0x0200885b vbranch     current mask and npc:   11111111111111111111111111111111 0x80000134, take_if=1, if_mask = 11111111111111111111111111111111
sm   1 warp 3 0x80000124 0x5e02c0d7 v  1 11111111111111111111111111111111 00000002 00000002 00000002 00000002 00000002 00000002 00000002 00000002 00000002 00000002 00000002 00000002 00000002 00000002 00000002 00000002 00000002 00000002 00000002 00000002 00000002 00000002 00000002 00000002 00000002 00000002 00000002 00000002 00000002 00000002 00000002 00000002 
sm   0 warp 3 0x80000128 0x00000317 x  6  80000128
sm   0 warp 1 0x80000138 0x5e02c0d7 v  1 11111111111111111111111111111111 00000001 00000001 00000001 00000001 00000001 00000001 00000001 00000001 00000001 00000001 00000001 00000001 00000001 00000001 00000001 00000001 00000001 00000001 00000001 00000001 00000001 00000001 00000001 00000001 00000001 00000001 00000001 00000001 00000001 00000001 00000001 00000001 
sm   1 warp 0 0x80000138 0x5e02c0d7 v  1 11111111111111111111111111111111 00000001 00000001 00000001 00000001 00000001 00000001 00000001 00000001 00000001 00000001 00000001 00000001 00000001 00000001 00000001 00000001 00000001 00000001 00000001 00000001 00000001 00000001 00000001 00000001 00000001 00000001 00000001 00000001 00000001 00000001 00000001 00000001 
sm   0 warp 0 0x8000013c 0x00000317 x  6  8000013c
sm   0 warp 1 0x8000013c 0x00000317 x  6  8000013c
sm   1 warp 3 0x80000128 0x00000317 x  6  80000128
sm   1 warp 1 0x80000138 0x5e02c0d7 v  1 11111111111111111111111111111111 00000001 00000001 00000001 00000001 00000001 00000001 00000001 00000001 00000001 00000001 00000001 00000001 00000001 00000001 00000001 00000001 00000001 00000001 00000001 00000001 00000001 00000001 00000001 00000001 00000001 00000001 00000001 00000001 00000001 00000001 00000001 00000001 
sm   0 warp 2 0x80000134 0x00100293 x  5  00000001
sm   1 warp 0 0x8000013c 0x00000317 x  6  8000013c
sm   1 warp 1 0x8000013c 0x00000317 x  6  8000013c
sm 0 warp 3 0x8000012c 0x04c3305b  setrpc 0x80000174 
sm   0 warp 3 0x8000012c 0x04c3305b x  0  80000174
sm   1 warp 2 0x80000134 0x00100293 x  5  00000001
sm 0 warp 0 0x80000140 0x0383305b  setrpc 0x80000174 
sm   0 warp 0 0x80000140 0x0383305b x  0  80000174
sm 0 warp 1 0x80000140 0x0383305b  setrpc 0x80000174 
sm 1 warp 3 0x8000012c 0x04c3305b  setrpc 0x80000174 
sm   0 warp 1 0x80000140 0x0383305b x  0  80000174
sm   1 warp 3 0x8000012c 0x04c3305b x  0  80000174
sm 1 warp 0 0x80000140 0x0383305b  setrpc 0x80000174 
sm   0 warp 2 0x80000138 0x5e02c0d7 v  1 11111111111111111111111111111111 00000001 00000001 00000001 00000001 00000001 00000001 00000001 00000001 00000001 00000001 00000001 00000001 00000001 00000001 00000001 00000001 00000001 00000001 00000001 00000001 00000001 00000001 00000001 00000001 00000001 00000001 00000001 00000001 00000001 00000001 00000001 00000001 
sm   1 warp 0 0x80000140 0x0383305b x  0  80000174
sm 1 warp 1 0x80000140 0x0383305b  setrpc 0x80000174 
sm   1 warp 1 0x80000140 0x0383305b x  0  80000174
sm   0 warp 3 0x80000130 0x0200885b vbranch     current mask and npc:   11111111111111111111111111111111 0x80000134, take_if=1, if_mask = 11111111111111111111111111111111
sm   0 warp 2 0x8000013c 0x00000317 x  6  8000013c
sm   1 warp 2 0x80000138 0x5e02c0d7 v  1 11111111111111111111111111111111 00000001 00000001 00000001 00000001 00000001 00000001 00000001 00000001 00000001 00000001 00000001 00000001 00000001 00000001 00000001 00000001 00000001 00000001 00000001 00000001 00000001 00000001 00000001 00000001 00000001 00000001 00000001 00000001 00000001 00000001 00000001 00000001 
sm   0 warp 0 0x80000144 0x0200825b vbranch     current mask and npc:   11111111111111111111111111111111 0x80000148, take_if=1, if_mask = 11111111111111111111111111111111
sm   1 warp 3 0x80000130 0x0200885b vbranch     current mask and npc:   11111111111111111111111111111111 0x80000134, take_if=1, if_mask = 11111111111111111111111111111111
sm   1 warp 2 0x8000013c 0x00000317 x  6  8000013c
sm   0 warp 1 0x80000144 0x0200825b vbranch     current mask and npc:   11111111111111111111111111111111 0x80000148, take_if=1, if_mask = 11111111111111111111111111111111
sm   1 warp 0 0x80000144 0x0200825b vbranch     current mask and npc:   11111111111111111111111111111111 0x80000148, take_if=1, if_mask = 11111111111111111111111111111111
sm   0 warp 3 0x80000134 0x00100293 x  5  00000001
sm 0 warp 2 0x80000140 0x0383305b  setrpc 0x80000174 
sm   0 warp 2 0x80000140 0x0383305b x  0  80000174
sm   1 warp 1 0x80000144 0x0200825b vbranch     current mask and npc:   11111111111111111111111111111111 0x80000148, take_if=1, if_mask = 11111111111111111111111111111111
sm   0 warp 0 0x80000148 0x5e0040d7 v  1 11111111111111111111111111111111 00000000 00000000 00000000 00000000 00000000 00000000 00000000 00000000 00000000 00000000 00000000 00000000 00000000 00000000 00000000 00000000 00000000 00000000 00000000 00000000 00000000 00000000 00000000 00000000 00000000 00000000 00000000 00000000 00000000 00000000 00000000 00000000 
sm   1 warp 3 0x80000134 0x00100293 x  5  00000001
sm 1 warp 2 0x80000140 0x0383305b  setrpc 0x80000174 
sm   1 warp 2 0x80000140 0x0383305b x  0  80000174
sm   0 warp 0 0x8000014c 0x00000317 x  6  8000014c
sm   0 warp 1 0x80000148 0x5e0040d7 v  1 11111111111111111111111111111111 00000000 00000000 00000000 00000000 00000000 00000000 00000000 00000000 00000000 00000000 00000000 00000000 00000000 00000000 00000000 00000000 00000000 00000000 00000000 00000000 00000000 00000000 00000000 00000000 00000000 00000000 00000000 00000000 00000000 00000000 00000000 00000000 
sm   1 warp 0 0x80000148 0x5e0040d7 v  1 11111111111111111111111111111111 00000000 00000000 00000000 00000000 00000000 00000000 00000000 00000000 00000000 00000000 00000000 00000000 00000000 00000000 00000000 00000000 00000000 00000000 00000000 00000000 00000000 00000000 00000000 00000000 00000000 00000000 00000000 00000000 00000000 00000000 00000000 00000000 
sm   0 warp 2 0x80000144 0x0200825b vbranch     current mask and npc:   11111111111111111111111111111111 0x80000148, take_if=1, if_mask = 11111111111111111111111111111111
sm   0 warp 1 0x8000014c 0x00000317 x  6  8000014c
sm   0 warp 3 0x80000138 0x5e02c0d7 v  1 11111111111111111111111111111111 00000001 00000001 00000001 00000001 00000001 00000001 00000001 00000001 00000001 00000001 00000001 00000001 00000001 00000001 00000001 00000001 00000001 00000001 00000001 00000001 00000001 00000001 00000001 00000001 00000001 00000001 00000001 00000001 00000001 00000001 00000001 00000001 
sm   1 warp 0 0x8000014c 0x00000317 x  6  8000014c
sm   1 warp 1 0x80000148 0x5e0040d7 v  1 11111111111111111111111111111111 00000000 00000000 00000000 00000000 00000000 00000000 00000000 00000000 00000000 00000000 00000000 00000000 00000000 00000000 00000000 00000000 00000000 00000000 00000000 00000000 00000000 00000000 00000000 00000000 00000000 00000000 00000000 00000000 00000000 00000000 00000000 00000000 
sm   1 warp 2 0x80000144 0x0200825b vbranch     current mask and npc:   11111111111111111111111111111111 0x80000148, take_if=1, if_mask = 11111111111111111111111111111111
sm   0 warp 3 0x8000013c 0x00000317 x  6  8000013c
sm   1 warp 1 0x8000014c 0x00000317 x  6  8000014c
sm   1 warp 3 0x80000138 0x5e02c0d7 v  1 11111111111111111111111111111111 00000001 00000001 00000001 00000001 00000001 00000001 00000001 00000001 00000001 00000001 00000001 00000001 00000001 00000001 00000001 00000001 00000001 00000001 00000001 00000001 00000001 00000001 00000001 00000001 00000001 00000001 00000001 00000001 00000001 00000001 00000001 00000001 
sm 0 warp 0 0x80000150 0x0283305b  setrpc 0x80000174 
sm   0 warp 0 0x80000150 0x0283305b x  0  80000174
sm   0 warp 2 0x80000148 0x5e0040d7 v  1 11111111111111111111111111111111 00000000 00000000 00000000 00000000 00000000 00000000 00000000 00000000 00000000 00000000 00000000 00000000 00000000 00000000 00000000 00000000 00000000 00000000 00000000 00000000 00000000 00000000 00000000 00000000 00000000 00000000 00000000 00000000 00000000 00000000 00000000 00000000 
sm   1 warp 3 0x8000013c 0x00000317 x  6  8000013c
sm 0 warp 1 0x80000150 0x0283305b  setrpc 0x80000174 
sm 1 warp 0 0x80000150 0x0283305b  setrpc 0x80000174 
sm   0 warp 1 0x80000150 0x0283305b x  0  80000174
sm   1 warp 0 0x80000150 0x0283305b x  0  80000174
sm   0 warp 2 0x8000014c 0x00000317 x  6  8000014c
sm   1 warp 2 0x80000148 0x5e0040d7 v  1 11111111111111111111111111111111 00000000 00000000 00000000 00000000 00000000 00000000 00000000 00000000 00000000 00000000 00000000 00000000 00000000 00000000 00000000 00000000 00000000 00000000 00000000 00000000 00000000 00000000 00000000 00000000 00000000 00000000 00000000 00000000 00000000 00000000 00000000 00000000 
sm 0 warp 3 0x80000140 0x0383305b  setrpc 0x80000174 
sm 1 warp 1 0x80000150 0x0283305b  setrpc 0x80000174 
sm   0 warp 3 0x80000140 0x0383305b x  0  80000174
sm   0 warp 0 0x80000154 0x00009e5b vbranch     current mask and npc:   11111111111111111111111111111111 0x80000158, take_if=1, if_mask = 11111111111111111111111111111111
sm   1 warp 1 0x80000150 0x0283305b x  0  80000174
sm   1 warp 2 0x8000014c 0x00000317 x  6  8000014c
sm 1 warp 3 0x80000140 0x0383305b  setrpc 0x80000174 
sm   1 warp 3 0x80000140 0x0383305b x  0  80000174
sm   0 warp 1 0x80000154 0x00009e5b vbranch     current mask and npc:   11111111111111111111111111111111 0x80000158, take_if=1, if_mask = 11111111111111111111111111111111
sm   1 warp 0 0x80000154 0x00009e5b vbranch     current mask and npc:   11111111111111111111111111111111 0x80000158, take_if=1, if_mask = 11111111111111111111111111111111
sm   0 warp 0 0x80000158 0x1a0000ef x  1  8000015c
sm 0 warp 2 0x80000150 0x0283305b  setrpc 0x80000174 
sm   0 warp 2 0x80000150 0x0283305b x  0  80000174
sm   0 warp 0 0x80000158 0x1a0000ef Jump? 1  800002f8
sm   0 warp 3 0x80000144 0x0200825b vbranch     current mask and npc:   11111111111111111111111111111111 0x80000148, take_if=1, if_mask = 11111111111111111111111111111111
sm   1 warp 1 0x80000154 0x00009e5b vbranch     current mask and npc:   11111111111111111111111111111111 0x80000158, take_if=1, if_mask = 11111111111111111111111111111111
sm   0 warp 1 0x80000158 0x1a0000ef Jump? 1  800002f8
sm   0 warp 1 0x80000158 0x1a0000ef x  1  8000015c
sm   1 warp 0 0x80000158 0x1a0000ef x  1  8000015c
sm 1 warp 2 0x80000150 0x0283305b  setrpc 0x80000174 
sm   1 warp 2 0x80000150 0x0283305b x  0  80000174
sm   1 warp 0 0x80000158 0x1a0000ef Jump? 1  800002f8
sm   1 warp 3 0x80000144 0x0200825b vbranch     current mask and npc:   11111111111111111111111111111111 0x80000148, take_if=1, if_mask = 11111111111111111111111111111111
sm   1 warp 1 0x80000158 0x1a0000ef x  1  8000015c
sm   1 warp 1 0x80000158 0x1a0000ef Jump? 1  800002f8
[L1C] #    642 SM 0 CACHE 0 ADDR 80000280
sm   0 warp 2 0x80000154 0x00009e5b vbranch     current mask and npc:   11111111111111111111111111111111 0x80000158, take_if=1, if_mask = 11111111111111111111111111111111
[L1C] #    643 SM 0 CACHE 0 ADDR 80000300
sm   0 warp 3 0x80000148 0x5e0040d7 v  1 11111111111111111111111111111111 00000000 00000000 00000000 00000000 00000000 00000000 00000000 00000000 00000000 00000000 00000000 00000000 00000000 00000000 00000000 00000000 00000000 00000000 00000000 00000000 00000000 00000000 00000000 00000000 00000000 00000000 00000000 00000000 00000000 00000000 00000000 00000000 
[L1C] #    644 SM 1 CACHE 0 ADDR 80000280
sm   1 warp 2 0x80000154 0x00009e5b vbranch     current mask and npc:   11111111111111111111111111111111 0x80000158, take_if=1, if_mask = 11111111111111111111111111111111
[L1C] #    645 SM 1 CACHE 0 ADDR 80000300
sm   0 warp 2 0x80000158 0x1a0000ef x  1  8000015c
sm   0 warp 2 0x80000158 0x1a0000ef Jump? 1  800002f8
sm   1 warp 3 0x80000148 0x5e0040d7 v  1 11111111111111111111111111111111 00000000 00000000 00000000 00000000 00000000 00000000 00000000 00000000 00000000 00000000 00000000 00000000 00000000 00000000 00000000 00000000 00000000 00000000 00000000 00000000 00000000 00000000 00000000 00000000 00000000 00000000 00000000 00000000 00000000 00000000 00000000 00000000 
sm   0 warp 3 0x8000014c 0x00000317 x  6  8000014c
sm   1 warp 2 0x80000158 0x1a0000ef x  1  8000015c
sm   1 warp 2 0x80000158 0x1a0000ef Jump? 1  800002f8
sm   1 warp 3 0x8000014c 0x00000317 x  6  8000014c
sm   0 warp 0 0x800002f8 0x00410113 x  2  70000018
sm   1 warp 0 0x800002f8 0x00410113 x  2  70000018
sm   0 warp 0 0x800002fc 0xfe112e23 lsu.w x   1 op 3 8000015c @ 70000018+fffffffc
sm   0 warp 0 0x80000300 0xf1dff0ef Jump? 1  8000021c
sm   0 warp 0 0x80000300 0xf1dff0ef x  1  80000304
sm   0 warp 1 0x800002f8 0x00410113 x  2  70000418
sm   1 warp 0 0x800002fc 0xfe112e23 lsu.w x   1 op 3 8000015c @ 70000018+fffffffc
sm   1 warp 0 0x80000300 0xf1dff0ef x  1  80000304
sm   1 warp 0 0x80000300 0xf1dff0ef Jump? 1  8000021c
sm   1 warp 1 0x800002f8 0x00410113 x  2  70000418
[L1C] #    676 SM 0 CACHE 0 ADDR 80000200
sm   0 warp 0 0x800002fc 0xfe112e23 lsu.w finish
[L1C] #    678 SM 1 CACHE 0 ADDR 80000200
sm   1 warp 0 0x800002fc 0xfe112e23 lsu.w finish
sm   0 warp 1 0x800002fc 0xfe112e23 lsu.w x   1 op 3 8000015c @ 70000418+fffffffc
sm   0 warp 1 0x80000300 0xf1dff0ef Jump? 1  8000021c
sm   0 warp 1 0x80000300 0xf1dff0ef x  1  80000304
sm   1 warp 1 0x800002fc 0xfe112e23 lsu.w x   1 op 3 8000015c @ 70000418+fffffffc
sm   1 warp 1 0x80000300 0xf1dff0ef x  1  80000304
sm   1 warp 1 0x80000300 0xf1dff0ef Jump? 1  8000021c
sm   0 warp 1 0x800002fc 0xfe112e23 lsu.w finish
sm   1 warp 1 0x800002fc 0xfe112e23 lsu.w finish
sm   0 warp 0 0x8000021c 0x00410113 x  2  7000001c
sm   1 warp 0 0x8000021c 0x00410113 x  2  7000001c
sm   0 warp 1 0x8000021c 0x00410113 x  2  7000041c
sm   0 warp 0 0x80000220 0xfe112e23 lsu.w x   1 op 3 80000304 @ 7000001c+fffffffc
sm   1 warp 1 0x8000021c 0x00410113 x  2  7000041c
sm   1 warp 0 0x80000220 0xfe112e23 lsu.w x   1 op 3 80000304 @ 7000001c+fffffffc
sm   0 warp 0 0x80000224 0x80302573 x 10  90404000
sm   1 warp 0 0x80000224 0x80302573 x 10  90404000
sm   0 warp 0 0x80000220 0xfe112e23 lsu.w finish
sm   0 warp 2 0x800002f8 0x00410113 x  2  70000818
sm   0 warp 1 0x80000220 0xfe112e23 lsu.w x   1 op 3 80000304 @ 7000041c+fffffffc
sm   1 warp 0 0x80000220 0xfe112e23 lsu.w finish
sm   1 warp 2 0x800002f8 0x00410113 x  2  70000818
sm   0 warp 1 0x80000224 0x80302573 x 10  90404000
sm   1 warp 1 0x80000220 0xfe112e23 lsu.w x   1 op 3 80000304 @ 7000041c+fffffffc
sm   0 warp 0 0x80000228 0x00852283 lsu.r x   5 op 0 @ 90404000+00000008
sm   1 warp 1 0x80000224 0x80302573 x 10  90404000
sm   0 warp 0 0x8000022c 0x80002373 x  6  00000000
sm   1 warp 0 0x80000228 0x00852283 lsu.r x   5 op 0 @ 90404000+00000008
sm   0 warp 1 0x80000220 0xfe112e23 lsu.w finish
sm   0 warp 2 0x80000300 0xf1dff0ef x  1  80000304
sm   0 warp 2 0x80000300 0xf1dff0ef Jump? 1  8000021c
sm   1 warp 0 0x8000022c 0x80002373 x  6  00000000
sm   0 warp 2 0x800002fc 0xfe112e23 lsu.w x   1 op 3 8000015c @ 70000818+fffffffc
sm   1 warp 1 0x80000220 0xfe112e23 lsu.w finish
sm   0 warp 0 0x80000230 0x5208a157 v  2 11111111111111111111111111111111 0000001f 0000001e 0000001d 0000001c 0000001b 0000001a 00000019 00000018 00000017 00000016 00000015 00000014 00000013 00000012 00000011 00000010 0000000f 0000000e 0000000d 0000000c 0000000b 0000000a 00000009 00000008 00000007 00000006 00000005 00000004 00000003 00000002 00000001 00000000 
sm   1 warp 2 0x80000300 0xf1dff0ef x  1  80000304
sm   1 warp 2 0x80000300 0xf1dff0ef Jump? 1  8000021c
sm   0 warp 0 0x80000228 0x00852283 x  5  00000001
sm   1 warp 2 0x800002fc 0xfe112e23 lsu.w x   1 op 3 8000015c @ 70000818+fffffffc
sm   1 warp 0 0x80000230 0x5208a157 v  2 11111111111111111111111111111111 0000001f 0000001e 0000001d 0000001c 0000001b 0000001a 00000019 00000018 00000017 00000016 00000015 00000014 00000013 00000012 00000011 00000010 0000000f 0000000e 0000000d 0000000c 0000000b 0000000a 00000009 00000008 00000007 00000006 00000005 00000004 00000003 00000002 00000001 00000000 
sm   0 warp 1 0x8000022c 0x80002373 x  6  00000020
sm   1 warp 0 0x80000228 0x00852283 x  5  00000001
sm   0 warp 1 0x80000228 0x00852283 lsu.r x   5 op 0 @ 90404000+00000008
sm   1 warp 1 0x80000228 0x00852283 lsu.r x   5 op 0 @ 90404000+00000008
sm   0 warp 1 0x80000230 0x5208a157 v  2 11111111111111111111111111111111 0000001f 0000001e 0000001d 0000001c 0000001b 0000001a 00000019 00000018 00000017 00000016 00000015 00000014 00000013 00000012 00000011 00000010 0000000f 0000000e 0000000d 0000000c 0000000b 0000000a 00000009 00000008 00000007 00000006 00000005 00000004 00000003 00000002 00000001 00000000 
sm   1 warp 1 0x8000022c 0x80002373 x  6  00000020
sm   0 warp 2 0x800002fc 0xfe112e23 lsu.w finish
sm   0 warp 0 0x80000234 0x02234057 v  0 11111111111111111111111111111111 0000001f 0000001e 0000001d 0000001c 0000001b 0000001a 00000019 00000018 00000017 00000016 00000015 00000014 00000013 00000012 00000011 00000010 0000000f 0000000e 0000000d 0000000c 0000000b 0000000a 00000009 00000008 00000007 00000006 00000005 00000004 00000003 00000002 00000001 00000000 
sm   0 warp 2 0x8000021c 0x00410113 x  2  7000081c
sm   1 warp 1 0x80000230 0x5208a157 v  2 11111111111111111111111111111111 0000001f 0000001e 0000001d 0000001c 0000001b 0000001a 00000019 00000018 00000017 00000016 00000015 00000014 00000013 00000012 00000011 00000010 0000000f 0000000e 0000000d 0000000c 0000000b 0000000a 00000009 00000008 00000007 00000006 00000005 00000004 00000003 00000002 00000001 00000000 
sm   1 warp 2 0x800002fc 0xfe112e23 lsu.w finish
sm   0 warp 1 0x80000228 0x00852283 x  5  00000001
sm   1 warp 0 0x80000234 0x02234057 v  0 11111111111111111111111111111111 0000001f 0000001e 0000001d 0000001c 0000001b 0000001a 00000019 00000018 00000017 00000016 00000015 00000014 00000013 00000012 00000011 00000010 0000000f 0000000e 0000000d 0000000c 0000000b 0000000a 00000009 00000008 00000007 00000006 00000005 00000004 00000003 00000002 00000001 00000000 
sm   1 warp 2 0x8000021c 0x00410113 x  2  7000081c
sm   1 warp 1 0x80000228 0x00852283 x  5  00000001
sm   0 warp 1 0x80000234 0x02234057 v  0 11111111111111111111111111111111 0000003f 0000003e 0000003d 0000003c 0000003b 0000003a 00000039 00000038 00000037 00000036 00000035 00000034 00000033 00000032 00000031 00000030 0000002f 0000002e 0000002d 0000002c 0000002b 0000002a 00000029 00000028 00000027 00000026 00000025 00000024 00000023 00000022 00000021 00000020 
sm   0 warp 0 0x80000238 0x01852e03 lsu.r x  28 op 0 @ 90404000+00000018
sm   1 warp 0 0x80000238 0x01852e03 lsu.r x  28 op 0 @ 90404000+00000018
sm   1 warp 1 0x80000234 0x02234057 v  0 11111111111111111111111111111111 0000003f 0000003e 0000003d 0000003c 0000003b 0000003a 00000039 00000038 00000037 00000036 00000035 00000034 00000033 00000032 00000031 00000030 0000002f 0000002e 0000002d 0000002c 0000002b 0000002a 00000029 00000028 00000027 00000026 00000025 00000024 00000023 00000022 00000021 00000020 
sm   0 warp 2 0x80000220 0xfe112e23 lsu.w x   1 op 3 80000304 @ 7000081c+fffffffc
sm   0 warp 0 0x80000238 0x01852e03 x 28  00000020
sm   1 warp 2 0x80000220 0xfe112e23 lsu.w x   1 op 3 80000304 @ 7000081c+fffffffc
sm   0 warp 2 0x80000224 0x80302573 x 10  90404000
sm   1 warp 0 0x80000238 0x01852e03 x 28  00000020
sm   0 warp 1 0x80000238 0x01852e03 lsu.r x  28 op 0 @ 90404000+00000018
sm 0 warp 3 0x80000150 0x0283305b  setrpc 0x80000174 
sm   0 warp 3 0x80000150 0x0283305b x  0  80000174
sm   1 warp 2 0x80000224 0x80302573 x 10  90404000
sm   1 warp 1 0x80000238 0x01852e03 lsu.r x  28 op 0 @ 90404000+00000018
sm 1 warp 3 0x80000150 0x0283305b  setrpc 0x80000174 
sm   0 warp 2 0x80000220 0xfe112e23 lsu.w finish
sm   1 warp 3 0x80000150 0x0283305b x  0  80000174
sm   1 warp 2 0x80000220 0xfe112e23 lsu.w finish
sm   0 warp 1 0x80000238 0x01852e03 x 28  00000020
sm   0 warp 3 0x80000154 0x00009e5b vbranch     current mask and npc:   11111111111111111111111111111111 0x80000158, take_if=1, if_mask = 11111111111111111111111111111111
sm   1 warp 1 0x80000238 0x01852e03 x 28  00000020
sm   0 warp 2 0x80000228 0x00852283 lsu.r x   5 op 0 @ 90404000+00000008
sm   1 warp 3 0x80000154 0x00009e5b vbranch     current mask and npc:   11111111111111111111111111111111 0x80000158, take_if=1, if_mask = 11111111111111111111111111111111
sm   0 warp 3 0x80000158 0x1a0000ef x  1  8000015c
sm   0 warp 2 0x8000022c 0x80002373 x  6  00000040
sm   0 warp 3 0x80000158 0x1a0000ef Jump? 1  800002f8
sm   1 warp 2 0x80000228 0x00852283 lsu.r x   5 op 0 @ 90404000+00000008
sm   1 warp 3 0x80000158 0x1a0000ef x  1  8000015c
sm   0 warp 0 0x80000240 0xffc12083 lsu.r x   1 op 3 @ 7000001c+fffffffc
sm   0 warp 0 0x80000244 0xffc10113 x  2  70000018
sm   1 warp 2 0x8000022c 0x80002373 x  6  00000040
sm   1 warp 3 0x80000158 0x1a0000ef Jump? 1  800002f8
sm   1 warp 0 0x80000240 0xffc12083 lsu.r x   1 op 3 @ 7000001c+fffffffc
sm   0 warp 2 0x80000228 0x00852283 x  5  00000001
sm   1 warp 0 0x80000244 0xffc10113 x  2  70000018
sm   1 warp 2 0x80000228 0x00852283 x  5  00000001
sm   0 warp 0 0x80000240 0xffc12083 x  1  80000304
sm   0 warp 0 0x8000023c 0x8a0e6057 v  0 11111111111111111111111111111111 0000001f 0000001e 0000001d 0000001c 0000001b 0000001a 00000019 00000018 00000017 00000016 00000015 00000014 00000013 00000012 00000011 00000010 0000000f 0000000e 0000000d 0000000c 0000000b 0000000a 00000009 00000008 00000007 00000006 00000005 00000004 00000003 00000002 00000001 00000000 
sm   0 warp 2 0x80000230 0x5208a157 v  2 11111111111111111111111111111111 0000001f 0000001e 0000001d 0000001c 0000001b 0000001a 00000019 00000018 00000017 00000016 00000015 00000014 00000013 00000012 00000011 00000010 0000000f 0000000e 0000000d 0000000c 0000000b 0000000a 00000009 00000008 00000007 00000006 00000005 00000004 00000003 00000002 00000001 00000000 
sm   1 warp 0 0x80000240 0xffc12083 x  1  80000304
sm   1 warp 0 0x8000023c 0x8a0e6057 v  0 11111111111111111111111111111111 0000001f 0000001e 0000001d 0000001c 0000001b 0000001a 00000019 00000018 00000017 00000016 00000015 00000014 00000013 00000012 00000011 00000010 0000000f 0000000e 0000000d 0000000c 0000000b 0000000a 00000009 00000008 00000007 00000006 00000005 00000004 00000003 00000002 00000001 00000000 
sm   0 warp 3 0x800002f8 0x00410113 x  2  70000c18
sm   1 warp 2 0x80000230 0x5208a157 v  2 11111111111111111111111111111111 0000001f 0000001e 0000001d 0000001c 0000001b 0000001a 00000019 00000018 00000017 00000016 00000015 00000014 00000013 00000012 00000011 00000010 0000000f 0000000e 0000000d 0000000c 0000000b 0000000a 00000009 00000008 00000007 00000006 00000005 00000004 00000003 00000002 00000001 00000000 
sm   0 warp 0 0x80000248 0x00008067 x  0  8000024c
sm   0 warp 0 0x80000248 0x00008067 Jump? 1  80000304
sm   1 warp 3 0x800002f8 0x00410113 x  2  70000c18
sm   0 warp 1 0x80000240 0xffc12083 lsu.r x   1 op 3 @ 7000041c+fffffffc
sm   0 warp 2 0x80000234 0x02234057 v  0 11111111111111111111111111111111 0000005f 0000005e 0000005d 0000005c 0000005b 0000005a 00000059 00000058 00000057 00000056 00000055 00000054 00000053 00000052 00000051 00000050 0000004f 0000004e 0000004d 0000004c 0000004b 0000004a 00000049 00000048 00000047 00000046 00000045 00000044 00000043 00000042 00000041 00000040 
sm   1 warp 0 0x80000248 0x00008067 x  0  8000024c
sm   1 warp 0 0x80000248 0x00008067 Jump? 1  80000304
sm   1 warp 1 0x80000240 0xffc12083 lsu.r x   1 op 3 @ 7000041c+fffffffc
sm   0 warp 1 0x80000244 0xffc10113 x  2  70000418
sm   0 warp 3 0x800002fc 0xfe112e23 lsu.w x   1 op 3 8000015c @ 70000c18+fffffffc
sm   1 warp 2 0x80000234 0x02234057 v  0 11111111111111111111111111111111 0000005f 0000005e 0000005d 0000005c 0000005b 0000005a 00000059 00000058 00000057 00000056 00000055 00000054 00000053 00000052 00000051 00000050 0000004f 0000004e 0000004d 0000004c 0000004b 0000004a 00000049 00000048 00000047 00000046 00000045 00000044 00000043 00000042 00000041 00000040 
sm   0 warp 3 0x80000300 0xf1dff0ef Jump? 1  8000021c
sm   0 warp 3 0x80000300 0xf1dff0ef x  1  80000304
sm   1 warp 1 0x80000244 0xffc10113 x  2  70000418
sm   1 warp 3 0x800002fc 0xfe112e23 lsu.w x   1 op 3 8000015c @ 70000c18+fffffffc
sm   0 warp 1 0x80000240 0xffc12083 x  1  80000304
sm   1 warp 3 0x80000300 0xf1dff0ef x  1  80000304
sm   1 warp 3 0x80000300 0xf1dff0ef Jump? 1  8000021c
sm   0 warp 0 0x80000304 0x80302573 x 10  90404000
sm   1 warp 1 0x80000240 0xffc12083 x  1  80000304
sm   0 warp 2 0x80000238 0x01852e03 lsu.r x  28 op 0 @ 90404000+00000018
sm   1 warp 0 0x80000304 0x80302573 x 10  90404000
sm   1 warp 2 0x80000238 0x01852e03 lsu.r x  28 op 0 @ 90404000+00000018
sm   0 warp 3 0x800002fc 0xfe112e23 lsu.w finish
sm   0 warp 1 0x80000248 0x00008067 Jump? 1  80000304
sm   0 warp 1 0x80000248 0x00008067 x  0  8000024c
sm   0 warp 0 0x80000308 0x80802373 x  6  00000000
sm   1 warp 3 0x800002fc 0xfe112e23 lsu.w finish
sm   0 warp 2 0x80000238 0x01852e03 x 28  00000020
sm   1 warp 1 0x80000248 0x00008067 x  0  8000024c
sm   1 warp 1 0x80000248 0x00008067 Jump? 1  80000304
sm   1 warp 0 0x80000308 0x80802373 x  6  00000001
sm   1 warp 2 0x80000238 0x01852e03 x 28  00000020
sm   0 warp 1 0x8000023c 0x8a0e6057 v  0 11111111111111111111111111111111 0000001f 0000001e 0000001d 0000001c 0000001b 0000001a 00000019 00000018 00000017 00000016 00000015 00000014 00000013 00000012 00000011 00000010 0000000f 0000000e 0000000d 0000000c 0000000b 0000000a 00000009 00000008 00000007 00000006 00000005 00000004 00000003 00000002 00000001 00000000 
sm   0 warp 3 0x8000021c 0x00410113 x  2  70000c1c
sm   0 warp 0 0x8000030c 0x01852e03 lsu.r x  28 op 0 @ 90404000+00000018
sm   1 warp 1 0x8000023c 0x8a0e6057 v  0 11111111111111111111111111111111 0000001f 0000001e 0000001d 0000001c 0000001b 0000001a 00000019 00000018 00000017 00000016 00000015 00000014 00000013 00000012 00000011 00000010 0000000f 0000000e 0000000d 0000000c 0000000b 0000000a 00000009 00000008 00000007 00000006 00000005 00000004 00000003 00000002 00000001 00000000 
sm   1 warp 3 0x8000021c 0x00410113 x  2  70000c1c
sm   1 warp 0 0x8000030c 0x01852e03 lsu.r x  28 op 0 @ 90404000+00000018
sm   0 warp 1 0x80000304 0x80302573 x 10  90404000
sm   0 warp 0 0x80000310 0x02452e83 lsu.r x  29 op 0 @ 90404000+00000024
sm   1 warp 1 0x80000304 0x80302573 x 10  90404000
sm   0 warp 0 0x8000030c 0x01852e03 x 28  00000020
sm   1 warp 0 0x80000310 0x02452e83 lsu.r x  29 op 0 @ 90404000+00000024
sm   1 warp 0 0x8000030c 0x01852e03 x 28  00000020
sm   0 warp 2 0x80000240 0xffc12083 lsu.r x   1 op 3 @ 7000081c+fffffffc
sm   0 warp 2 0x80000244 0xffc10113 x  2  70000818
sm   0 warp 1 0x80000308 0x80802373 x  6  00000000
sm   1 warp 2 0x80000240 0xffc12083 lsu.r x   1 op 3 @ 7000081c+fffffffc
sm   0 warp 0 0x80000310 0x02452e83 x 29  00000000
sm   1 warp 2 0x80000244 0xffc10113 x  2  70000818
sm   0 warp 3 0x80000224 0x80302573 x 10  90404000
sm   1 warp 1 0x80000308 0x80802373 x  6  00000001
sm   0 warp 0 0x80000314 0x03c30fb3 x 31  00000000
sm   1 warp 0 0x80000310 0x02452e83 x 29  00000000
sm   0 warp 3 0x80000220 0xfe112e23 lsu.w x   1 op 3 80000304 @ 70000c1c+fffffffc
sm   1 warp 3 0x80000224 0x80302573 x 10  90404000
sm   0 warp 2 0x80000240 0xffc12083 x  1  80000304
sm   1 warp 0 0x80000314 0x03c30fb3 x 31  00000020
sm   1 warp 3 0x80000220 0xfe112e23 lsu.w x   1 op 3 80000304 @ 70000c1c+fffffffc
sm   1 warp 2 0x80000240 0xffc12083 x  1  80000304
sm   0 warp 1 0x8000030c 0x01852e03 lsu.r x  28 op 0 @ 90404000+00000018
sm   0 warp 0 0x80000318 0x01df8fb3 x 31  00000000
sm   1 warp 1 0x8000030c 0x01852e03 lsu.r x  28 op 0 @ 90404000+00000018
sm   0 warp 3 0x80000220 0xfe112e23 lsu.w finish
sm   0 warp 2 0x80000248 0x00008067 Jump? 1  80000304
sm   0 warp 2 0x80000248 0x00008067 x  0  8000024c
sm   1 warp 0 0x80000318 0x01df8fb3 x 31  00000020
sm   0 warp 3 0x8000022c 0x80002373 x  6  00000060
sm   0 warp 3 0x80000228 0x00852283 lsu.r x   5 op 0 @ 90404000+00000008
sm   1 warp 3 0x80000220 0xfe112e23 lsu.w finish
sm   1 warp 2 0x80000248 0x00008067 x  0  8000024c
sm   1 warp 2 0x80000248 0x00008067 Jump? 1  80000304
sm   0 warp 1 0x8000030c 0x01852e03 x 28  00000020
sm   1 warp 3 0x80000228 0x00852283 lsu.r x   5 op 0 @ 90404000+00000008
sm   0 warp 0 0x8000031c 0x020fc057 v  0 11111111111111111111111111111111 0000001f 0000001e 0000001d 0000001c 0000001b 0000001a 00000019 00000018 00000017 00000016 00000015 00000014 00000013 00000012 00000011 00000010 0000000f 0000000e 0000000d 0000000c 0000000b 0000000a 00000009 00000008 00000007 00000006 00000005 00000004 00000003 00000002 00000001 00000000 
sm   1 warp 3 0x8000022c 0x80002373 x  6  00000060
sm   0 warp 3 0x80000230 0x5208a157 v  2 11111111111111111111111111111111 0000001f 0000001e 0000001d 0000001c 0000001b 0000001a 00000019 00000018 00000017 00000016 00000015 00000014 00000013 00000012 00000011 00000010 0000000f 0000000e 0000000d 0000000c 0000000b 0000000a 00000009 00000008 00000007 00000006 00000005 00000004 00000003 00000002 00000001 00000000 
sm   1 warp 1 0x8000030c 0x01852e03 x 28  00000020
sm   0 warp 1 0x80000310 0x02452e83 lsu.r x  29 op 0 @ 90404000+00000024
sm   1 warp 0 0x8000031c 0x020fc057 v  0 11111111111111111111111111111111 0000003f 0000003e 0000003d 0000003c 0000003b 0000003a 00000039 00000038 00000037 00000036 00000035 00000034 00000033 00000032 00000031 00000030 0000002f 0000002e 0000002d 0000002c 0000002b 0000002a 00000029 00000028 00000027 00000026 00000025 00000024 00000023 00000022 00000021 00000020 
sm   0 warp 2 0x8000023c 0x8a0e6057 v  0 11111111111111111111111111111111 0000001f 0000001e 0000001d 0000001c 0000001b 0000001a 00000019 00000018 00000017 00000016 00000015 00000014 00000013 00000012 00000011 00000010 0000000f 0000000e 0000000d 0000000c 0000000b 0000000a 00000009 00000008 00000007 00000006 00000005 00000004 00000003 00000002 00000001 00000000 
sm   1 warp 3 0x80000230 0x5208a157 v  2 11111111111111111111111111111111 0000001f 0000001e 0000001d 0000001c 0000001b 0000001a 00000019 00000018 00000017 00000016 00000015 00000014 00000013 00000012 00000011 00000010 0000000f 0000000e 0000000d 0000000c 0000000b 0000000a 00000009 00000008 00000007 00000006 00000005 00000004 00000003 00000002 00000001 00000000 
sm   0 warp 3 0x80000228 0x00852283 x  5  00000001
sm   1 warp 1 0x80000310 0x02452e83 lsu.r x  29 op 0 @ 90404000+00000024
sm   1 warp 2 0x8000023c 0x8a0e6057 v  0 11111111111111111111111111111111 0000001f 0000001e 0000001d 0000001c 0000001b 0000001a 00000019 00000018 00000017 00000016 00000015 00000014 00000013 00000012 00000011 00000010 0000000f 0000000e 0000000d 0000000c 0000000b 0000000a 00000009 00000008 00000007 00000006 00000005 00000004 00000003 00000002 00000001 00000000 
sm   0 warp 0 0x80000320 0xffc12083 lsu.r x   1 op 3 @ 70000018+fffffffc
sm   0 warp 3 0x80000234 0x02234057 v  0 11111111111111111111111111111111 0000007f 0000007e 0000007d 0000007c 0000007b 0000007a 00000079 00000078 00000077 00000076 00000075 00000074 00000073 00000072 00000071 00000070 0000006f 0000006e 0000006d 0000006c 0000006b 0000006a 00000069 00000068 00000067 00000066 00000065 00000064 00000063 00000062 00000061 00000060 
sm   1 warp 3 0x80000228 0x00852283 x  5  00000001
sm   0 warp 1 0x80000314 0x03c30fb3 x 31  00000000
sm   0 warp 0 0x80000324 0xffc10113 x  2  70000014
sm   1 warp 0 0x80000320 0xffc12083 lsu.r x   1 op 3 @ 70000018+fffffffc
sm   1 warp 3 0x80000234 0x02234057 v  0 11111111111111111111111111111111 0000007f 0000007e 0000007d 0000007c 0000007b 0000007a 00000079 00000078 00000077 00000076 00000075 00000074 00000073 00000072 00000071 00000070 0000006f 0000006e 0000006d 0000006c 0000006b 0000006a 00000069 00000068 00000067 00000066 00000065 00000064 00000063 00000062 00000061 00000060 
sm   0 warp 2 0x80000304 0x80302573 x 10  90404000
sm   1 warp 1 0x80000314 0x03c30fb3 x 31  00000020
sm   0 warp 1 0x80000310 0x02452e83 x 29  00000000
sm   1 warp 0 0x80000324 0xffc10113 x  2  70000014
sm   1 warp 2 0x80000304 0x80302573 x 10  90404000
sm   1 warp 1 0x80000310 0x02452e83 x 29  00000000
sm   0 warp 3 0x80000238 0x01852e03 lsu.r x  28 op 0 @ 90404000+00000018
sm   0 warp 2 0x80000308 0x80802373 x  6  00000000
sm   0 warp 0 0x80000320 0xffc12083 x  1  8000015c
sm   1 warp 3 0x80000238 0x01852e03 lsu.r x  28 op 0 @ 90404000+00000018
sm   0 warp 1 0x80000318 0x01df8fb3 x 31  00000000
sm   1 warp 2 0x80000308 0x80802373 x  6  00000001
sm   1 warp 0 0x80000320 0xffc12083 x  1  8000015c
sm   0 warp 3 0x80000238 0x01852e03 x 28  00000020
sm   1 warp 1 0x80000318 0x01df8fb3 x 31  00000020
sm   0 warp 0 0x80000328 0x00008067 x  0  8000032c
sm   0 warp 0 0x80000328 0x00008067 Jump? 1  8000015c
sm   1 warp 3 0x80000238 0x01852e03 x 28  00000020
sm   0 warp 2 0x8000030c 0x01852e03 lsu.r x  28 op 0 @ 90404000+00000018
sm   0 warp 1 0x8000031c 0x020fc057 v  0 11111111111111111111111111111111 0000001f 0000001e 0000001d 0000001c 0000001b 0000001a 00000019 00000018 00000017 00000016 00000015 00000014 00000013 00000012 00000011 00000010 0000000f 0000000e 0000000d 0000000c 0000000b 0000000a 00000009 00000008 00000007 00000006 00000005 00000004 00000003 00000002 00000001 00000000 
sm   1 warp 0 0x80000328 0x00008067 x  0  8000032c
sm   1 warp 2 0x8000030c 0x01852e03 lsu.r x  28 op 0 @ 90404000+00000018
sm   1 warp 0 0x80000328 0x00008067 Jump? 1  8000015c
sm   0 warp 2 0x80000310 0x02452e83 lsu.r x  29 op 0 @ 90404000+00000024
sm   1 warp 1 0x8000031c 0x020fc057 v  0 11111111111111111111111111111111 0000003f 0000003e 0000003d 0000003c 0000003b 0000003a 00000039 00000038 00000037 00000036 00000035 00000034 00000033 00000032 00000031 00000030 0000002f 0000002e 0000002d 0000002c 0000002b 0000002a 00000029 00000028 00000027 00000026 00000025 00000024 00000023 00000022 00000021 00000020 
sm   0 warp 2 0x8000030c 0x01852e03 x 28  00000020
sm   1 warp 2 0x80000310 0x02452e83 lsu.r x  29 op 0 @ 90404000+00000024
sm   1 warp 2 0x8000030c 0x01852e03 x 28  00000020
sm   0 warp 1 0x80000320 0xffc12083 lsu.r x   1 op 3 @ 70000418+fffffffc
sm   0 warp 0 0x8000015c 0x0180006f x  0  80000160
sm   0 warp 0 0x8000015c 0x0180006f Jump? 1  80000174
sm   0 warp 1 0x80000324 0xffc10113 x  2  70000414
sm   1 warp 1 0x80000320 0xffc12083 lsu.r x   1 op 3 @ 70000418+fffffffc
sm   1 warp 0 0x8000015c 0x0180006f x  0  80000160
sm   0 warp 3 0x80000240 0xffc12083 lsu.r x   1 op 3 @ 70000c1c+fffffffc
sm   1 warp 0 0x8000015c 0x0180006f Jump? 1  80000174
sm   0 warp 3 0x80000244 0xffc10113 x  2  70000c18
sm   1 warp 1 0x80000324 0xffc10113 x  2  70000414
sm   0 warp 2 0x80000314 0x03c30fb3 x 31  00000000
sm   1 warp 3 0x80000240 0xffc12083 lsu.r x   1 op 3 @ 70000c1c+fffffffc
sm   0 warp 1 0x80000320 0xffc12083 x  1  8000015c
sm   1 warp 3 0x80000244 0xffc10113 x  2  70000c18
[L1C] #    833 SM 0 CACHE 0 ADDR 80000180
sm   0 warp 2 0x80000310 0x02452e83 x 29  00000000
sm   0 warp 0 0x80000174 0x0000205b Jump? 0  00000000
sm   1 warp 2 0x80000314 0x03c30fb3 x 31  00000020
sm   0 warp 0 0x80000174 0x0000205b join    mask and npc:    00001011000111111100110000000010 0xcb1bb819 pop stack ? 0
sm   1 warp 1 0x80000320 0xffc12083 x  1  8000015c
sm   1 warp 2 0x80000310 0x02452e83 x 29  00000000
[L1C] #    835 SM 1 CACHE 0 ADDR 80000180
sm   1 warp 0 0x80000174 0x0000205b Jump? 0  00000000
sm   1 warp 0 0x80000174 0x0000205b join    mask and npc:    00000001001000000001010111001001 0xdd6d4d58 pop stack ? 0
sm   0 warp 3 0x80000240 0xffc12083 x  1  80000304
sm   0 warp 1 0x80000328 0x00008067 x  0  8000032c
sm   0 warp 1 0x80000328 0x00008067 Jump? 1  8000015c
sm   0 warp 2 0x80000318 0x01df8fb3 x 31  00000000
sm   1 warp 3 0x80000240 0xffc12083 x  1  80000304
sm   1 warp 1 0x80000328 0x00008067 x  0  8000032c
sm   0 warp 0 0x80000178 0xffc12083 lsu.r x   1 op 3 @ 70000014+fffffffc
sm   1 warp 1 0x80000328 0x00008067 Jump? 1  8000015c
sm   1 warp 2 0x80000318 0x01df8fb3 x 31  00000020
sm   0 warp 3 0x80000248 0x00008067 x  0  8000024c
sm   1 warp 0 0x80000178 0xffc12083 lsu.r x   1 op 3 @ 70000014+fffffffc
sm   0 warp 3 0x80000248 0x00008067 Jump? 1  80000304
sm   0 warp 0 0x8000017c 0xffc10113 x  2  70000010
sm   0 warp 2 0x8000031c 0x020fc057 v  0 11111111111111111111111111111111 0000001f 0000001e 0000001d 0000001c 0000001b 0000001a 00000019 00000018 00000017 00000016 00000015 00000014 00000013 00000012 00000011 00000010 0000000f 0000000e 0000000d 0000000c 0000000b 0000000a 00000009 00000008 00000007 00000006 00000005 00000004 00000003 00000002 00000001 00000000 
sm   1 warp 3 0x80000248 0x00008067 x  0  8000024c
sm   0 warp 0 0x80000178 0xffc12083 x  1  800000e0
sm   1 warp 0 0x8000017c 0xffc10113 x  2  70000010
sm   1 warp 3 0x80000248 0x00008067 Jump? 1  80000304
sm   1 warp 2 0x8000031c 0x020fc057 v  0 11111111111111111111111111111111 0000003f 0000003e 0000003d 0000003c 0000003b 0000003a 00000039 00000038 00000037 00000036 00000035 00000034 00000033 00000032 00000031 00000030 0000002f 0000002e 0000002d 0000002c 0000002b 0000002a 00000029 00000028 00000027 00000026 00000025 00000024 00000023 00000022 00000021 00000020 
sm   1 warp 0 0x80000178 0xffc12083 x  1  800000e0
sm   0 warp 3 0x8000023c 0x8a0e6057 v  0 11111111111111111111111111111111 0000001f 0000001e 0000001d 0000001c 0000001b 0000001a 00000019 00000018 00000017 00000016 00000015 00000014 00000013 00000012 00000011 00000010 0000000f 0000000e 0000000d 0000000c 0000000b 0000000a 00000009 00000008 00000007 00000006 00000005 00000004 00000003 00000002 00000001 00000000 
sm   0 warp 2 0x80000320 0xffc12083 lsu.r x   1 op 3 @ 70000818+fffffffc
[L1C] #    849 SM 0 CACHE 0 ADDR 80000180
sm   1 warp 3 0x8000023c 0x8a0e6057 v  0 11111111111111111111111111111111 0000001f 0000001e 0000001d 0000001c 0000001b 0000001a 00000019 00000018 00000017 00000016 00000015 00000014 00000013 00000012 00000011 00000010 0000000f 0000000e 0000000d 0000000c 0000000b 0000000a 00000009 00000008 00000007 00000006 00000005 00000004 00000003 00000002 00000001 00000000 
sm   1 warp 2 0x80000320 0xffc12083 lsu.r x   1 op 3 @ 70000818+fffffffc
sm   0 warp 2 0x80000324 0xffc10113 x  2  70000814
[L1C] #    852 SM 1 CACHE 0 ADDR 80000180
sm   0 warp 2 0x80000320 0xffc12083 x  1  8000015c
sm   1 warp 2 0x80000324 0xffc10113 x  2  70000814
sm   1 warp 2 0x80000320 0xffc12083 x  1  8000015c
sm   0 warp 0 0x80000180 0x00008067 x  0  80000184
sm   0 warp 0 0x80000180 0x00008067 Jump? 1  800000e0
sm   1 warp 0 0x80000180 0x00008067 x  0  80000184
sm   1 warp 0 0x80000180 0x00008067 Jump? 1  800000e0
sm   0 warp 1 0x8000015c 0x0180006f x  0  80000160
sm   0 warp 1 0x8000015c 0x0180006f Jump? 1  80000174
sm   1 warp 1 0x8000015c 0x0180006f x  0  80000160
sm   1 warp 1 0x8000015c 0x0180006f Jump? 1  80000174
sm   0 warp 0 0x800000e0 0x96013057 v  0 11111111111111111111111111111111 0000007c 00000078 00000074 00000070 0000006c 00000068 00000064 00000060 0000005c 00000058 00000054 00000050 0000004c 00000048 00000044 00000040 0000003c 00000038 00000034 00000030 0000002c 00000028 00000024 00000020 0000001c 00000018 00000014 00000010 0000000c 00000008 00000004 00000000 
sm   0 warp 1 0x80000174 0x0000205b Jump? 0  00000000
sm   1 warp 0 0x800000e0 0x96013057 v  0 11111111111111111111111111111111 000000fc 000000f8 000000f4 000000f0 000000ec 000000e8 000000e4 000000e0 000000dc 000000d8 000000d4 000000d0 000000cc 000000c8 000000c4 000000c0 000000bc 000000b8 000000b4 000000b0 000000ac 000000a8 000000a4 000000a0 0000009c 00000098 00000094 00000090 0000008c 00000088 00000084 00000080 
sm   0 warp 1 0x80000174 0x0000205b join    mask and npc:    11111101011010010111011011000101 0x12688d1a pop stack ? 0
sm   1 warp 1 0x80000174 0x0000205b Jump? 0  00000000
sm   1 warp 1 0x80000174 0x0000205b join    mask and npc:    00010111100110100000010001100010 0x9ebf1347 pop stack ? 0
sm   0 warp 0 0x800000e4 0xff412303 lsu.r x   6 op 3 @ 70000010+fffffff4
sm   1 warp 0 0x800000e4 0xff412303 lsu.r x   6 op 3 @ 70000010+fffffff4
sm   0 warp 1 0x80000178 0xffc12083 lsu.r x   1 op 3 @ 70000414+fffffffc
sm   0 warp 0 0x800000e4 0xff412303 x  6  90000000
sm   1 warp 1 0x80000178 0xffc12083 lsu.r x   1 op 3 @ 70000414+fffffffc
sm   0 warp 1 0x8000017c 0xffc10113 x  2  70000410
sm   0 warp 2 0x80000328 0x00008067 x  0  8000032c
sm   0 warp 2 0x80000328 0x00008067 Jump? 1  8000015c
sm   1 warp 0 0x800000e4 0xff412303 x  6  90000000
sm   1 warp 1 0x8000017c 0xffc10113 x  2  70000410
sm   0 warp 1 0x80000178 0xffc12083 x  1  800000e0
sm   1 warp 2 0x80000328 0x00008067 x  0  8000032c
sm   1 warp 2 0x80000328 0x00008067 Jump? 1  8000015c
sm   0 warp 0 0x800000e8 0x020340d7 v  1 11111111111111111111111111111111 9000007c 90000078 90000074 90000070 9000006c 90000068 90000064 90000060 9000005c 90000058 90000054 90000050 9000004c 90000048 90000044 90000040 9000003c 90000038 90000034 90000030 9000002c 90000028 90000024 90000020 9000001c 90000018 90000014 90000010 9000000c 90000008 90000004 90000000 
sm   1 warp 1 0x80000178 0xffc12083 x  1  800000e0
sm   1 warp 0 0x800000e8 0x020340d7 v  1 11111111111111111111111111111111 900000fc 900000f8 900000f4 900000f0 900000ec 900000e8 900000e4 900000e0 900000dc 900000d8 900000d4 900000d0 900000cc 900000c8 900000c4 900000c0 900000bc 900000b8 900000b4 900000b0 900000ac 900000a8 900000a4 900000a0 9000009c 90000098 90000094 90000090 9000008c 90000088 90000084 90000080 
sm   0 warp 3 0x80000304 0x80302573 x 10  90404000
sm   0 warp 1 0x80000180 0x00008067 x  0  80000184
sm   1 warp 3 0x80000304 0x80302573 x 10  90404000
sm   0 warp 1 0x80000180 0x00008067 Jump? 1  800000e0
sm   0 warp 0 0x800000ec 0x0000a0fb lsu.r v  1 op 3 @ 9000007c 90000078 90000074 90000070 9000006c 90000068 90000064 90000060 9000005c 90000058 90000054 90000050 9000004c 90000048 90000044 90000040 9000003c 90000038 90000034 90000030 9000002c 90000028 90000024 90000020 9000001c 90000018 90000014 90000010 9000000c 90000008 90000004 90000000
sm   0 warp 2 0x8000015c 0x0180006f x  0  80000160
sm   0 warp 2 0x8000015c 0x0180006f Jump? 1  80000174
sm   1 warp 1 0x80000180 0x00008067 x  0  80000184
sm   0 warp 3 0x80000308 0x80802373 x  6  00000000
sm   1 warp 0 0x800000ec 0x0000a0fb lsu.r v  1 op 3 @ 900000fc 900000f8 900000f4 900000f0 900000ec 900000e8 900000e4 900000e0 900000dc 900000d8 900000d4 900000d0 900000cc 900000c8 900000c4 900000c0 900000bc 900000b8 900000b4 900000b0 900000ac 900000a8 900000a4 900000a0 9000009c 90000098 90000094 90000090 9000008c 90000088 90000084 90000080
sm   1 warp 1 0x80000180 0x00008067 Jump? 1  800000e0
sm   1 warp 2 0x8000015c 0x0180006f x  0  80000160
sm   1 warp 2 0x8000015c 0x0180006f Jump? 1  80000174
sm   1 warp 3 0x80000308 0x80802373 x  6  00000001
sm   0 warp 0 0x800000f0 0xff812283 lsu.r x   5 op 3 @ 70000010+fffffff8
[L1C] #    891 SM 0 CACHE 1 ADDR 90000000
sm   1 warp 0 0x800000f0 0xff812283 lsu.r x   5 op 3 @ 70000010+fffffff8
[L1C] #    893 SM 1 CACHE 1 ADDR 90000080
sm   0 warp 3 0x8000030c 0x01852e03 lsu.r x  28 op 0 @ 90404000+00000018
sm   0 warp 0 0x800000f0 0xff812283 x  5  90001000
sm   1 warp 3 0x8000030c 0x01852e03 lsu.r x  28 op 0 @ 90404000+00000018
sm   0 warp 1 0x800000e0 0x96013057 v  0 11111111111111111111111111111111 0000007c 00000078 00000074 00000070 0000006c 00000068 00000064 00000060 0000005c 00000058 00000054 00000050 0000004c 00000048 00000044 00000040 0000003c 00000038 00000034 00000030 0000002c 00000028 00000024 00000020 0000001c 00000018 00000014 00000010 0000000c 00000008 00000004 00000000 
sm   0 warp 2 0x80000174 0x0000205b Jump? 0  00000000
sm   1 warp 0 0x800000f0 0xff812283 x  5  90001000
sm   0 warp 2 0x80000174 0x0000205b join    mask and npc:    00001111011001011100110111010111 0xba1655f7 pop stack ? 0
sm   1 warp 1 0x800000e0 0x96013057 v  0 11111111111111111111111111111111 000000fc 000000f8 000000f4 000000f0 000000ec 000000e8 000000e4 000000e0 000000dc 000000d8 000000d4 000000d0 000000cc 000000c8 000000c4 000000c0 000000bc 000000b8 000000b4 000000b0 000000ac 000000a8 000000a4 000000a0 0000009c 00000098 00000094 00000090 0000008c 00000088 00000084 00000080 
sm   0 warp 3 0x8000030c 0x01852e03 x 28  00000020
sm   1 warp 2 0x80000174 0x0000205b Jump? 0  00000000
sm   1 warp 2 0x80000174 0x0000205b join    mask and npc:    11101011001111100111100011010111 0xf3350197 pop stack ? 0
sm   1 warp 3 0x8000030c 0x01852e03 x 28  00000020
sm   0 warp 1 0x800000e4 0xff412303 lsu.r x   6 op 3 @ 70000410+fffffff4
sm   0 warp 0 0x800000f4 0x0202c157 v  2 11111111111111111111111111111111 9000107c 90001078 90001074 90001070 9000106c 90001068 90001064 90001060 9000105c 90001058 90001054 90001050 9000104c 90001048 90001044 90001040 9000103c 90001038 90001034 90001030 9000102c 90001028 90001024 90001020 9000101c 90001018 90001014 90001010 9000100c 90001008 90001004 90001000 
sm   1 warp 1 0x800000e4 0xff412303 lsu.r x   6 op 3 @ 70000410+fffffff4
sm   0 warp 2 0x80000178 0xffc12083 lsu.r x   1 op 3 @ 70000814+fffffffc
sm   1 warp 0 0x800000f4 0x0202c157 v  2 11111111111111111111111111111111 900010fc 900010f8 900010f4 900010f0 900010ec 900010e8 900010e4 900010e0 900010dc 900010d8 900010d4 900010d0 900010cc 900010c8 900010c4 900010c0 900010bc 900010b8 900010b4 900010b0 900010ac 900010a8 900010a4 900010a0 9000109c 90001098 90001094 90001090 9000108c 90001088 90001084 90001080 
sm   0 warp 1 0x800000e4 0xff412303 x  6  90000000
sm   1 warp 2 0x80000178 0xffc12083 lsu.r x   1 op 3 @ 70000814+fffffffc
sm   0 warp 2 0x8000017c 0xffc10113 x  2  70000810
sm   1 warp 1 0x800000e4 0xff412303 x  6  90000000
sm   0 warp 0 0x800000f8 0x0001217b lsu.r v  2 op 3 @ 9000107c 90001078 90001074 90001070 9000106c 90001068 90001064 90001060 9000105c 90001058 90001054 90001050 9000104c 90001048 90001044 90001040 9000103c 90001038 90001034 90001030 9000102c 90001028 90001024 90001020 9000101c 90001018 90001014 90001010 9000100c 90001008 90001004 90001000
sm   1 warp 2 0x8000017c 0xffc10113 x  2  70000810
sm   0 warp 0 0x800000ec 0x0000a0fb v  1 11111111111111111111111111111111 41f80000 41f00000 41e80000 41e00000 41d80000 41d00000 41c80000 41c00000 41b80000 41b00000 41a80000 41a00000 41980000 41900000 41880000 41800000 41700000 41600000 41500000 41400000 41300000 41200000 41100000 41000000 40e00000 40c00000 40a00000 40800000 40400000 40000000 3f800000 00000000 
sm   1 warp 0 0x800000f8 0x0001217b lsu.r v  2 op 3 @ 900010fc 900010f8 900010f4 900010f0 900010ec 900010e8 900010e4 900010e0 900010dc 900010d8 900010d4 900010d0 900010cc 900010c8 900010c4 900010c0 900010bc 900010b8 900010b4 900010b0 900010ac 900010a8 900010a4 900010a0 9000109c 90001098 90001094 90001090 9000108c 90001088 90001084 90001080
sm   0 warp 1 0x800000e8 0x020340d7 v  1 11111111111111111111111111111111 9000007c 90000078 90000074 90000070 9000006c 90000068 90000064 90000060 9000005c 90000058 90000054 90000050 9000004c 90000048 90000044 90000040 9000003c 90000038 90000034 90000030 9000002c 90000028 90000024 90000020 9000001c 90000018 90000014 90000010 9000000c 90000008 90000004 90000000 
sm   0 warp 3 0x80000310 0x02452e83 lsu.r x  29 op 0 @ 90404000+00000024
sm   1 warp 0 0x800000ec 0x0000a0fb v  1 11111111111111111111111111111111 427c0000 42780000 42740000 42700000 426c0000 42680000 42640000 42600000 425c0000 42580000 42540000 42500000 424c0000 42480000 42440000 42400000 423c0000 42380000 42340000 42300000 422c0000 42280000 42240000 42200000 421c0000 42180000 42140000 42100000 420c0000 42080000 42040000 42000000 
[L1C] #    912 SM 0 CACHE 1 ADDR 90001000
sm   1 warp 1 0x800000e8 0x020340d7 v  1 11111111111111111111111111111111 900000fc 900000f8 900000f4 900000f0 900000ec 900000e8 900000e4 900000e0 900000dc 900000d8 900000d4 900000d0 900000cc 900000c8 900000c4 900000c0 900000bc 900000b8 900000b4 900000b0 900000ac 900000a8 900000a4 900000a0 9000009c 90000098 90000094 90000090 9000008c 90000088 90000084 90000080 
sm   0 warp 2 0x80000178 0xffc12083 x  1  800000e0
sm   1 warp 3 0x80000310 0x02452e83 lsu.r x  29 op 0 @ 90404000+00000024
[L1C] #    914 SM 1 CACHE 1 ADDR 90001080
sm   0 warp 3 0x80000314 0x03c30fb3 x 31  00000000
sm   1 warp 2 0x80000178 0xffc12083 x  1  800000e0
sm   0 warp 3 0x80000310 0x02452e83 x 29  00000000
sm   1 warp 3 0x80000314 0x03c30fb3 x 31  00000020
sm   0 warp 2 0x80000180 0x00008067 x  0  80000184
sm   0 warp 2 0x80000180 0x00008067 Jump? 1  800000e0
sm   1 warp 3 0x80000310 0x02452e83 x 29  00000000
sm   0 warp 1 0x800000ec 0x0000a0fb lsu.r v  1 op 3 @ 9000007c 90000078 90000074 90000070 9000006c 90000068 90000064 90000060 9000005c 90000058 90000054 90000050 9000004c 90000048 90000044 90000040 9000003c 90000038 90000034 90000030 9000002c 90000028 90000024 90000020 9000001c 90000018 90000014 90000010 9000000c 90000008 90000004 90000000
sm   1 warp 2 0x80000180 0x00008067 x  0  80000184
sm   1 warp 1 0x800000ec 0x0000a0fb lsu.r v  1 op 3 @ 900000fc 900000f8 900000f4 900000f0 900000ec 900000e8 900000e4 900000e0 900000dc 900000d8 900000d4 900000d0 900000cc 900000c8 900000c4 900000c0 900000bc 900000b8 900000b4 900000b0 900000ac 900000a8 900000a4 900000a0 9000009c 90000098 90000094 90000090 9000008c 90000088 90000084 90000080
sm   1 warp 2 0x80000180 0x00008067 Jump? 1  800000e0
sm   0 warp 3 0x80000318 0x01df8fb3 x 31  00000000
sm   0 warp 1 0x800000f0 0xff812283 lsu.r x   5 op 3 @ 70000410+fffffff8
sm   1 warp 1 0x800000f0 0xff812283 lsu.r x   5 op 3 @ 70000410+fffffff8
sm   0 warp 1 0x800000ec 0x0000a0fb v  1 11111111111111111111111111111111 41f80000 41f00000 41e80000 41e00000 41d80000 41d00000 41c80000 41c00000 41b80000 41b00000 41a80000 41a00000 41980000 41900000 41880000 41800000 41700000 41600000 41500000 41400000 41300000 41200000 41100000 41000000 40e00000 40c00000 40a00000 40800000 40400000 40000000 3f800000 00000000 
sm   1 warp 3 0x80000318 0x01df8fb3 x 31  00000020
sm   1 warp 1 0x800000ec 0x0000a0fb v  1 11111111111111111111111111111111 427c0000 42780000 42740000 42700000 426c0000 42680000 42640000 42600000 425c0000 42580000 42540000 42500000 424c0000 42480000 42440000 42400000 423c0000 42380000 42340000 42300000 422c0000 42280000 42240000 42200000 421c0000 42180000 42140000 42100000 420c0000 42080000 42040000 42000000 
sm   0 warp 1 0x800000f0 0xff812283 x  5  90001000
sm   0 warp 3 0x8000031c 0x020fc057 v  0 11111111111111111111111111111111 0000001f 0000001e 0000001d 0000001c 0000001b 0000001a 00000019 00000018 00000017 00000016 00000015 00000014 00000013 00000012 00000011 00000010 0000000f 0000000e 0000000d 0000000c 0000000b 0000000a 00000009 00000008 00000007 00000006 00000005 00000004 00000003 00000002 00000001 00000000 
sm   0 warp 2 0x800000e0 0x96013057 v  0 11111111111111111111111111111111 0000007c 00000078 00000074 00000070 0000006c 00000068 00000064 00000060 0000005c 00000058 00000054 00000050 0000004c 00000048 00000044 00000040 0000003c 00000038 00000034 00000030 0000002c 00000028 00000024 00000020 0000001c 00000018 00000014 00000010 0000000c 00000008 00000004 00000000 
sm   1 warp 1 0x800000f0 0xff812283 x  5  90001000
sm   1 warp 3 0x8000031c 0x020fc057 v  0 11111111111111111111111111111111 0000003f 0000003e 0000003d 0000003c 0000003b 0000003a 00000039 00000038 00000037 00000036 00000035 00000034 00000033 00000032 00000031 00000030 0000002f 0000002e 0000002d 0000002c 0000002b 0000002a 00000029 00000028 00000027 00000026 00000025 00000024 00000023 00000022 00000021 00000020 
sm   0 warp 0 0x800000f8 0x0001217b v  2 11111111111111111111111111111111 44784000 44788000 4478c000 44790000 44794000 44798000 4479c000 447a0000 447a4000 447a8000 447ac000 447b0000 447b4000 447b8000 447bc000 447c0000 447c4000 447c8000 447cc000 447d0000 447d4000 447d8000 447dc000 447e0000 447e4000 447e8000 447ec000 447f0000 447f4000 447f8000 447fc000 44800000 
sm   1 warp 2 0x800000e0 0x96013057 v  0 11111111111111111111111111111111 000000fc 000000f8 000000f4 000000f0 000000ec 000000e8 000000e4 000000e0 000000dc 000000d8 000000d4 000000d0 000000cc 000000c8 000000c4 000000c0 000000bc 000000b8 000000b4 000000b0 000000ac 000000a8 000000a4 000000a0 0000009c 00000098 00000094 00000090 0000008c 00000088 00000084 00000080 
sm   0 warp 3 0x80000320 0xffc12083 lsu.r x   1 op 3 @ 70000c18+fffffffc
sm   0 warp 1 0x800000f4 0x0202c157 v  2 11111111111111111111111111111111 9000107c 90001078 90001074 90001070 9000106c 90001068 90001064 90001060 9000105c 90001058 90001054 90001050 9000104c 90001048 90001044 90001040 9000103c 90001038 90001034 90001030 9000102c 90001028 90001024 90001020 9000101c 90001018 90001014 90001010 9000100c 90001008 90001004 90001000 
sm   1 warp 0 0x800000f8 0x0001217b v  2 11111111111111111111111111111111 44704000 44708000 4470c000 44710000 44714000 44718000 4471c000 44720000 44724000 44728000 4472c000 44730000 44734000 44738000 4473c000 44740000 44744000 44748000 4474c000 44750000 44754000 44758000 4475c000 44760000 44764000 44768000 4476c000 44770000 44774000 44778000 4477c000 44780000 
sm   1 warp 1 0x800000f4 0x0202c157 v  2 11111111111111111111111111111111 900010fc 900010f8 900010f4 900010f0 900010ec 900010e8 900010e4 900010e0 900010dc 900010d8 900010d4 900010d0 900010cc 900010c8 900010c4 900010c0 900010bc 900010b8 900010b4 900010b0 900010ac 900010a8 900010a4 900010a0 9000109c 90001098 90001094 90001090 9000108c 90001088 90001084 90001080 
sm   1 warp 3 0x80000320 0xffc12083 lsu.r x   1 op 3 @ 70000c18+fffffffc
sm   0 warp 3 0x80000324 0xffc10113 x  2  70000c14
sm   0 warp 2 0x800000e4 0xff412303 lsu.r x   6 op 3 @ 70000810+fffffff4
sm   0 warp 3 0x80000320 0xffc12083 x  1  8000015c
sm   1 warp 2 0x800000e4 0xff412303 lsu.r x   6 op 3 @ 70000810+fffffff4
sm   0 warp 0 0x800000fc 0x021110d7 v  1 11111111111111111111111111111111 44800000 44800000 44800000 44800000 44800000 44800000 44800000 44800000 44800000 44800000 44800000 44800000 44800000 44800000 44800000 44800000 44800000 44800000 44800000 44800000 44800000 44800000 44800000 44800000 44800000 44800000 44800000 44800000 44800000 44800000 44800000 44800000 
sm   1 warp 3 0x80000324 0xffc10113 x  2  70000c14
sm   1 warp 3 0x80000320 0xffc12083 x  1  8000015c
sm   1 warp 0 0x800000fc 0x021110d7 v  1 11111111111111111111111111111111 44800000 44800000 44800000 44800000 44800000 44800000 44800000 44800000 44800000 44800000 44800000 44800000 44800000 44800000 44800000 44800000 44800000 44800000 44800000 44800000 44800000 44800000 44800000 44800000 44800000 44800000 44800000 44800000 44800000 44800000 44800000 44800000 
sm   0 warp 1 0x800000f8 0x0001217b lsu.r v  2 op 3 @ 9000107c 90001078 90001074 90001070 9000106c 90001068 90001064 90001060 9000105c 90001058 90001054 90001050 9000104c 90001048 90001044 90001040 9000103c 90001038 90001034 90001030 9000102c 90001028 90001024 90001020 9000101c 90001018 90001014 90001010 9000100c 90001008 90001004 90001000
sm   0 warp 2 0x800000e4 0xff412303 x  6  90000000
sm   1 warp 1 0x800000f8 0x0001217b lsu.r v  2 op 3 @ 900010fc 900010f8 900010f4 900010f0 900010ec 900010e8 900010e4 900010e0 900010dc 900010d8 900010d4 900010d0 900010cc 900010c8 900010c4 900010c0 900010bc 900010b8 900010b4 900010b0 900010ac 900010a8 900010a4 900010a0 9000109c 90001098 90001094 90001090 9000108c 90001088 90001084 90001080
sm   0 warp 3 0x80000328 0x00008067 x  0  8000032c
sm   0 warp 3 0x80000328 0x00008067 Jump? 1  8000015c
sm   1 warp 2 0x800000e4 0xff412303 x  6  90000000
sm   0 warp 0 0x80000100 0xffc12283 lsu.r x   5 op 3 @ 70000010+fffffffc
sm   1 warp 3 0x80000328 0x00008067 x  0  8000032c
sm   1 warp 3 0x80000328 0x00008067 Jump? 1  8000015c
sm   1 warp 0 0x80000100 0xffc12283 lsu.r x   5 op 3 @ 70000010+fffffffc
sm   0 warp 1 0x800000f8 0x0001217b v  2 11111111111111111111111111111111 44784000 44788000 4478c000 44790000 44794000 44798000 4479c000 447a0000 447a4000 447a8000 447ac000 447b0000 447b4000 447b8000 447bc000 447c0000 447c4000 447c8000 447cc000 447d0000 447d4000 447d8000 447dc000 447e0000 447e4000 447e8000 447ec000 447f0000 447f4000 447f8000 447fc000 44800000 
sm   0 warp 2 0x800000e8 0x020340d7 v  1 11111111111111111111111111111111 9000007c 90000078 90000074 90000070 9000006c 90000068 90000064 90000060 9000005c 90000058 90000054 90000050 9000004c 90000048 90000044 90000040 9000003c 90000038 90000034 90000030 9000002c 90000028 90000024 90000020 9000001c 90000018 90000014 90000010 9000000c 90000008 90000004 90000000 
sm   1 warp 1 0x800000f8 0x0001217b v  2 11111111111111111111111111111111 44704000 44708000 4470c000 44710000 44714000 44718000 4471c000 44720000 44724000 44728000 4472c000 44730000 44734000 44738000 4473c000 44740000 44744000 44748000 4474c000 44750000 44754000 44758000 4475c000 44760000 44764000 44768000 4476c000 44770000 44774000 44778000 4477c000 44780000 
sm   0 warp 0 0x80000100 0xffc12283 x  5  90002000
sm   1 warp 2 0x800000e8 0x020340d7 v  1 11111111111111111111111111111111 900000fc 900000f8 900000f4 900000f0 900000ec 900000e8 900000e4 900000e0 900000dc 900000d8 900000d4 900000d0 900000cc 900000c8 900000c4 900000c0 900000bc 900000b8 900000b4 900000b0 900000ac 900000a8 900000a4 900000a0 9000009c 90000098 90000094 90000090 9000008c 90000088 90000084 90000080 
sm   0 warp 3 0x8000015c 0x0180006f x  0  80000160
sm   0 warp 3 0x8000015c 0x0180006f Jump? 1  80000174
sm   1 warp 0 0x80000100 0xffc12283 x  5  90002000
sm   1 warp 3 0x8000015c 0x0180006f x  0  80000160
sm   1 warp 3 0x8000015c 0x0180006f Jump? 1  80000174
sm   0 warp 1 0x800000fc 0x021110d7 v  1 11111111111111111111111111111111 44800000 44800000 44800000 44800000 44800000 44800000 44800000 44800000 44800000 44800000 44800000 44800000 44800000 44800000 44800000 44800000 44800000 44800000 44800000 44800000 44800000 44800000 44800000 44800000 44800000 44800000 44800000 44800000 44800000 44800000 44800000 44800000 
sm   0 warp 2 0x800000ec 0x0000a0fb lsu.r v  1 op 3 @ 9000007c 90000078 90000074 90000070 9000006c 90000068 90000064 90000060 9000005c 90000058 90000054 90000050 9000004c 90000048 90000044 90000040 9000003c 90000038 90000034 90000030 9000002c 90000028 90000024 90000020 9000001c 90000018 90000014 90000010 9000000c 90000008 90000004 90000000
sm   0 warp 0 0x80000104 0x0202c057 v  0 11111111111111111111111111111111 9000207c 90002078 90002074 90002070 9000206c 90002068 90002064 90002060 9000205c 90002058 90002054 90002050 9000204c 90002048 90002044 90002040 9000203c 90002038 90002034 90002030 9000202c 90002028 90002024 90002020 9000201c 90002018 90002014 90002010 9000200c 90002008 90002004 90002000 
sm   1 warp 1 0x800000fc 0x021110d7 v  1 11111111111111111111111111111111 44800000 44800000 44800000 44800000 44800000 44800000 44800000 44800000 44800000 44800000 44800000 44800000 44800000 44800000 44800000 44800000 44800000 44800000 44800000 44800000 44800000 44800000 44800000 44800000 44800000 44800000 44800000 44800000 44800000 44800000 44800000 44800000 
sm   1 warp 2 0x800000ec 0x0000a0fb lsu.r v  1 op 3 @ 900000fc 900000f8 900000f4 900000f0 900000ec 900000e8 900000e4 900000e0 900000dc 900000d8 900000d4 900000d0 900000cc 900000c8 900000c4 900000c0 900000bc 900000b8 900000b4 900000b0 900000ac 900000a8 900000a4 900000a0 9000009c 90000098 90000094 90000090 9000008c 90000088 90000084 90000080
sm   0 warp 1 0x80000100 0xffc12283 lsu.r x   5 op 3 @ 70000410+fffffffc
sm   1 warp 0 0x80000104 0x0202c057 v  0 11111111111111111111111111111111 900020fc 900020f8 900020f4 900020f0 900020ec 900020e8 900020e4 900020e0 900020dc 900020d8 900020d4 900020d0 900020cc 900020c8 900020c4 900020c0 900020bc 900020b8 900020b4 900020b0 900020ac 900020a8 900020a4 900020a0 9000209c 90002098 90002094 90002090 9000208c 90002088 90002084 90002080 
sm   0 warp 2 0x800000ec 0x0000a0fb v  1 11111111111111111111111111111111 41f80000 41f00000 41e80000 41e00000 41d80000 41d00000 41c80000 41c00000 41b80000 41b00000 41a80000 41a00000 41980000 41900000 41880000 41800000 41700000 41600000 41500000 41400000 41300000 41200000 41100000 41000000 40e00000 40c00000 40a00000 40800000 40400000 40000000 3f800000 00000000 
sm   1 warp 1 0x80000100 0xffc12283 lsu.r x   5 op 3 @ 70000410+fffffffc
sm   0 warp 2 0x800000f0 0xff812283 lsu.r x   5 op 3 @ 70000810+fffffff8
sm   1 warp 2 0x800000ec 0x0000a0fb v  1 11111111111111111111111111111111 427c0000 42780000 42740000 42700000 426c0000 42680000 42640000 42600000 425c0000 42580000 42540000 42500000 424c0000 42480000 42440000 42400000 423c0000 42380000 42340000 42300000 422c0000 42280000 42240000 42200000 421c0000 42180000 42140000 42100000 420c0000 42080000 42040000 42000000 
sm   0 warp 1 0x80000100 0xffc12283 x  5  90002000
sm   0 warp 3 0x80000174 0x0000205b Jump? 0  00000000
sm   0 warp 3 0x80000174 0x0000205b join    mask and npc:    01001100010000011111010011000110 0xad1b04d7 pop stack ? 0
sm   1 warp 2 0x800000f0 0xff812283 lsu.r x   5 op 3 @ 70000810+fffffff8
sm   1 warp 1 0x80000100 0xffc12283 x  5  90002000
sm   0 warp 0 0x80000108 0x0010607b lsu.w v  1 op 3 mask 11111111111111111111111111111111 44800000 44800000 44800000 44800000 44800000 44800000 44800000 44800000 44800000 44800000 44800000 44800000 44800000 44800000 44800000 44800000 44800000 44800000 44800000 44800000 44800000 44800000 44800000 44800000 44800000 44800000 44800000 44800000 44800000 44800000 44800000 44800000 @ 9000207c 90002078 90002074 90002070 9000206c 90002068 90002064 90002060 9000205c 90002058 90002054 90002050 9000204c 90002048 90002044 90002040 9000203c 90002038 90002034 90002030 9000202c 90002028 90002024 90002020 9000201c 90002018 90002014 90002010 9000200c 90002008 90002004 90002000
sm   1 warp 3 0x80000174 0x0000205b Jump? 0  00000000
sm   1 warp 3 0x80000174 0x0000205b join    mask and npc:    00111101101101011100110011111000 0x6e2d0255 pop stack ? 0
sm   0 warp 2 0x800000f0 0xff812283 x  5  90001000
sm   1 warp 0 0x80000108 0x0010607b lsu.w v  1 op 3 mask 11111111111111111111111111111111 44800000 44800000 44800000 44800000 44800000 44800000 44800000 44800000 44800000 44800000 44800000 44800000 44800000 44800000 44800000 44800000 44800000 44800000 44800000 44800000 44800000 44800000 44800000 44800000 44800000 44800000 44800000 44800000 44800000 44800000 44800000 44800000 @ 900020fc 900020f8 900020f4 900020f0 900020ec 900020e8 900020e4 900020e0 900020dc 900020d8 900020d4 900020d0 900020cc 900020c8 900020c4 900020c0 900020bc 900020b8 900020b4 900020b0 900020ac 900020a8 900020a4 900020a0 9000209c 90002098 90002094 90002090 9000208c 90002088 90002084 90002080
sm   0 warp 1 0x80000104 0x0202c057 v  0 11111111111111111111111111111111 9000207c 90002078 90002074 90002070 9000206c 90002068 90002064 90002060 9000205c 90002058 90002054 90002050 9000204c 90002048 90002044 90002040 9000203c 90002038 90002034 90002030 9000202c 90002028 90002024 90002020 9000201c 90002018 90002014 90002010 9000200c 90002008 90002004 90002000 
sm   0 warp 0 0x80000110 0xff010113 x  2  70000000
sm   1 warp 2 0x800000f0 0xff812283 x  5  90001000
sm   0 warp 0 0x8000010c 0xff012083 lsu.r x   1 op 3 @ 70000010+fffffff0
[L1C] #    967 SM 0 CACHE 1 ADDR 90002000
sm   1 warp 1 0x80000104 0x0202c057 v  0 11111111111111111111111111111111 900020fc 900020f8 900020f4 900020f0 900020ec 900020e8 900020e4 900020e0 900020dc 900020d8 900020d4 900020d0 900020cc 900020c8 900020c4 900020c0 900020bc 900020b8 900020b4 900020b0 900020ac 900020a8 900020a4 900020a0 9000209c 90002098 90002094 90002090 9000208c 90002088 90002084 90002080 
sm   1 warp 0 0x80000110 0xff010113 x  2  70000000
sm   1 warp 0 0x8000010c 0xff012083 lsu.r x   1 op 3 @ 70000010+fffffff0
sm   0 warp 0 0x80000108 0x0010607b lsu.w finish
[L1C] #    969 SM 1 CACHE 1 ADDR 90002080
sm   0 warp 2 0x800000f4 0x0202c157 v  2 11111111111111111111111111111111 9000107c 90001078 90001074 90001070 9000106c 90001068 90001064 90001060 9000105c 90001058 90001054 90001050 9000104c 90001048 90001044 90001040 9000103c 90001038 90001034 90001030 9000102c 90001028 90001024 90001020 9000101c 90001018 90001014 90001010 9000100c 90001008 90001004 90001000 
sm   0 warp 3 0x8000017c 0xffc10113 x  2  70000c10
sm   0 warp 3 0x80000178 0xffc12083 lsu.r x   1 op 3 @ 70000c14+fffffffc
sm   1 warp 0 0x80000108 0x0010607b lsu.w finish
sm   1 warp 2 0x800000f4 0x0202c157 v  2 11111111111111111111111111111111 900010fc 900010f8 900010f4 900010f0 900010ec 900010e8 900010e4 900010e0 900010dc 900010d8 900010d4 900010d0 900010cc 900010c8 900010c4 900010c0 900010bc 900010b8 900010b4 900010b0 900010ac 900010a8 900010a4 900010a0 9000109c 90001098 90001094 90001090 9000108c 90001088 90001084 90001080 
sm   0 warp 0 0x8000010c 0xff012083 x  1  800000a0
sm   1 warp 3 0x8000017c 0xffc10113 x  2  70000c10
sm   1 warp 3 0x80000178 0xffc12083 lsu.r x   1 op 3 @ 70000c14+fffffffc
sm   1 warp 0 0x8000010c 0xff012083 x  1  800000a0
sm   0 warp 1 0x80000108 0x0010607b lsu.w v  1 op 3 mask 11111111111111111111111111111111 44800000 44800000 44800000 44800000 44800000 44800000 44800000 44800000 44800000 44800000 44800000 44800000 44800000 44800000 44800000 44800000 44800000 44800000 44800000 44800000 44800000 44800000 44800000 44800000 44800000 44800000 44800000 44800000 44800000 44800000 44800000 44800000 @ 9000207c 90002078 90002074 90002070 9000206c 90002068 90002064 90002060 9000205c 90002058 90002054 90002050 9000204c 90002048 90002044 90002040 9000203c 90002038 90002034 90002030 9000202c 90002028 90002024 90002020 9000201c 90002018 90002014 90002010 9000200c 90002008 90002004 90002000
sm   0 warp 3 0x80000178 0xffc12083 x  1  800000e0
sm   1 warp 1 0x80000108 0x0010607b lsu.w v  1 op 3 mask 11111111111111111111111111111111 44800000 44800000 44800000 44800000 44800000 44800000 44800000 44800000 44800000 44800000 44800000 44800000 44800000 44800000 44800000 44800000 44800000 44800000 44800000 44800000 44800000 44800000 44800000 44800000 44800000 44800000 44800000 44800000 44800000 44800000 44800000 44800000 @ 900020fc 900020f8 900020f4 900020f0 900020ec 900020e8 900020e4 900020e0 900020dc 900020d8 900020d4 900020d0 900020cc 900020c8 900020c4 900020c0 900020bc 900020b8 900020b4 900020b0 900020ac 900020a8 900020a4 900020a0 9000209c 90002098 90002094 90002090 9000208c 90002088 90002084 90002080
sm   0 warp 0 0x80000114 0x00008067 x  0  80000118
sm   1 warp 3 0x80000178 0xffc12083 x  1  800000e0
sm   0 warp 0 0x80000114 0x00008067 Jump? 1  800000a0
sm   0 warp 2 0x800000f8 0x0001217b lsu.r v  2 op 3 @ 9000107c 90001078 90001074 90001070 9000106c 90001068 90001064 90001060 9000105c 90001058 90001054 90001050 9000104c 90001048 90001044 90001040 9000103c 90001038 90001034 90001030 9000102c 90001028 90001024 90001020 9000101c 90001018 90001014 90001010 9000100c 90001008 90001004 90001000
[L1C] #    979 SM 0 CACHE 1 ADDR 90002000
sm   1 warp 0 0x80000114 0x00008067 x  0  80000118
sm   1 warp 2 0x800000f8 0x0001217b lsu.r v  2 op 3 @ 900010fc 900010f8 900010f4 900010f0 900010ec 900010e8 900010e4 900010e0 900010dc 900010d8 900010d4 900010d0 900010cc 900010c8 900010c4 900010c0 900010bc 900010b8 900010b4 900010b0 900010ac 900010a8 900010a4 900010a0 9000109c 90001098 90001094 90001090 9000108c 90001088 90001084 90001080
sm   1 warp 0 0x80000114 0x00008067 Jump? 1  800000a0
sm   0 warp 1 0x80000108 0x0010607b lsu.w finish
[L1C] #    981 SM 1 CACHE 1 ADDR 90002080
sm   0 warp 1 0x80000110 0xff010113 x  2  70000400
sm   0 warp 3 0x80000180 0x00008067 Jump? 1  800000e0
sm   0 warp 3 0x80000180 0x00008067 x  0  80000184
sm   0 warp 1 0x8000010c 0xff012083 lsu.r x   1 op 3 @ 70000410+fffffff0
sm   1 warp 1 0x80000108 0x0010607b lsu.w finish
sm   1 warp 1 0x80000110 0xff010113 x  2  70000400
sm   1 warp 1 0x8000010c 0xff012083 lsu.r x   1 op 3 @ 70000410+fffffff0
sm   0 warp 2 0x800000f8 0x0001217b v  2 11111111111111111111111111111111 44784000 44788000 4478c000 44790000 44794000 44798000 4479c000 447a0000 447a4000 447a8000 447ac000 447b0000 447b4000 447b8000 447bc000 447c0000 447c4000 447c8000 447cc000 447d0000 447d4000 447d8000 447dc000 447e0000 447e4000 447e8000 447ec000 447f0000 447f4000 447f8000 447fc000 44800000 
sm   1 warp 3 0x80000180 0x00008067 x  0  80000184
sm   1 warp 3 0x80000180 0x00008067 Jump? 1  800000e0
sm   0 warp 0 0x800000a0 0x0000400b endprg
sm   1 warp 2 0x800000f8 0x0001217b v  2 11111111111111111111111111111111 44704000 44708000 4470c000 44710000 44714000 44718000 4471c000 44720000 44724000 44728000 4472c000 44730000 44734000 44738000 4473c000 44740000 44744000 44748000 4474c000 44750000 44754000 44758000 4475c000 44760000 44764000 44768000 4476c000 44770000 44774000 44778000 4477c000 44780000 
sm   0 warp 1 0x8000010c 0xff012083 x  1  800000a0
sm   1 warp 0 0x800000a0 0x0000400b endprg
sm   1 warp 1 0x8000010c 0xff012083 x  1  800000a0
sm   0 warp 2 0x800000fc 0x021110d7 v  1 11111111111111111111111111111111 44800000 44800000 44800000 44800000 44800000 44800000 44800000 44800000 44800000 44800000 44800000 44800000 44800000 44800000 44800000 44800000 44800000 44800000 44800000 44800000 44800000 44800000 44800000 44800000 44800000 44800000 44800000 44800000 44800000 44800000 44800000 44800000 
sm   0 warp 1 0x80000114 0x00008067 x  0  80000118
sm   0 warp 3 0x800000e0 0x96013057 v  0 11111111111111111111111111111111 0000007c 00000078 00000074 00000070 0000006c 00000068 00000064 00000060 0000005c 00000058 00000054 00000050 0000004c 00000048 00000044 00000040 0000003c 00000038 00000034 00000030 0000002c 00000028 00000024 00000020 0000001c 00000018 00000014 00000010 0000000c 00000008 00000004 00000000 
sm   0 warp 1 0x80000114 0x00008067 Jump? 1  800000a0
sm   1 warp 2 0x800000fc 0x021110d7 v  1 11111111111111111111111111111111 44800000 44800000 44800000 44800000 44800000 44800000 44800000 44800000 44800000 44800000 44800000 44800000 44800000 44800000 44800000 44800000 44800000 44800000 44800000 44800000 44800000 44800000 44800000 44800000 44800000 44800000 44800000 44800000 44800000 44800000 44800000 44800000 
sm   1 warp 1 0x80000114 0x00008067 x  0  80000118
sm   0 warp 2 0x80000100 0xffc12283 lsu.r x   5 op 3 @ 70000810+fffffffc
sm   1 warp 3 0x800000e0 0x96013057 v  0 11111111111111111111111111111111 000000fc 000000f8 000000f4 000000f0 000000ec 000000e8 000000e4 000000e0 000000dc 000000d8 000000d4 000000d0 000000cc 000000c8 000000c4 000000c0 000000bc 000000b8 000000b4 000000b0 000000ac 000000a8 000000a4 000000a0 0000009c 00000098 00000094 00000090 0000008c 00000088 00000084 00000080 
sm   1 warp 1 0x80000114 0x00008067 Jump? 1  800000a0
sm   1 warp 2 0x80000100 0xffc12283 lsu.r x   5 op 3 @ 70000810+fffffffc
sm   0 warp 3 0x800000e4 0xff412303 lsu.r x   6 op 3 @ 70000c10+fffffff4
sm   0 warp 2 0x80000100 0xffc12283 x  5  90002000
sm   1 warp 3 0x800000e4 0xff412303 lsu.r x   6 op 3 @ 70000c10+fffffff4
sm   0 warp 1 0x800000a0 0x0000400b endprg
sm   1 warp 2 0x80000100 0xffc12283 x  5  90002000
sm   0 warp 3 0x800000e4 0xff412303 x  6  90000000
sm   1 warp 1 0x800000a0 0x0000400b endprg
sm   0 warp 2 0x80000104 0x0202c057 v  0 11111111111111111111111111111111 9000207c 90002078 90002074 90002070 9000206c 90002068 90002064 90002060 9000205c 90002058 90002054 90002050 9000204c 90002048 90002044 90002040 9000203c 90002038 90002034 90002030 9000202c 90002028 90002024 90002020 9000201c 90002018 90002014 90002010 9000200c 90002008 90002004 90002000 
sm   1 warp 3 0x800000e4 0xff412303 x  6  90000000
sm   1 warp 2 0x80000104 0x0202c057 v  0 11111111111111111111111111111111 900020fc 900020f8 900020f4 900020f0 900020ec 900020e8 900020e4 900020e0 900020dc 900020d8 900020d4 900020d0 900020cc 900020c8 900020c4 900020c0 900020bc 900020b8 900020b4 900020b0 900020ac 900020a8 900020a4 900020a0 9000209c 90002098 90002094 90002090 9000208c 90002088 90002084 90002080 
sm   0 warp 3 0x800000e8 0x020340d7 v  1 11111111111111111111111111111111 9000007c 90000078 90000074 90000070 9000006c 90000068 90000064 90000060 9000005c 90000058 90000054 90000050 9000004c 90000048 90000044 90000040 9000003c 90000038 90000034 90000030 9000002c 90000028 90000024 90000020 9000001c 90000018 90000014 90000010 9000000c 90000008 90000004 90000000 
sm   1 warp 3 0x800000e8 0x020340d7 v  1 11111111111111111111111111111111 900000fc 900000f8 900000f4 900000f0 900000ec 900000e8 900000e4 900000e0 900000dc 900000d8 900000d4 900000d0 900000cc 900000c8 900000c4 900000c0 900000bc 900000b8 900000b4 900000b0 900000ac 900000a8 900000a4 900000a0 9000009c 90000098 90000094 90000090 9000008c 90000088 90000084 90000080 
sm   0 warp 2 0x80000108 0x0010607b lsu.w v  1 op 3 mask 11111111111111111111111111111111 44800000 44800000 44800000 44800000 44800000 44800000 44800000 44800000 44800000 44800000 44800000 44800000 44800000 44800000 44800000 44800000 44800000 44800000 44800000 44800000 44800000 44800000 44800000 44800000 44800000 44800000 44800000 44800000 44800000 44800000 44800000 44800000 @ 9000207c 90002078 90002074 90002070 9000206c 90002068 90002064 90002060 9000205c 90002058 90002054 90002050 9000204c 90002048 90002044 90002040 9000203c 90002038 90002034 90002030 9000202c 90002028 90002024 90002020 9000201c 90002018 90002014 90002010 9000200c 90002008 90002004 90002000
sm   1 warp 2 0x80000108 0x0010607b lsu.w v  1 op 3 mask 11111111111111111111111111111111 44800000 44800000 44800000 44800000 44800000 44800000 44800000 44800000 44800000 44800000 44800000 44800000 44800000 44800000 44800000 44800000 44800000 44800000 44800000 44800000 44800000 44800000 44800000 44800000 44800000 44800000 44800000 44800000 44800000 44800000 44800000 44800000 @ 900020fc 900020f8 900020f4 900020f0 900020ec 900020e8 900020e4 900020e0 900020dc 900020d8 900020d4 900020d0 900020cc 900020c8 900020c4 900020c0 900020bc 900020b8 900020b4 900020b0 900020ac 900020a8 900020a4 900020a0 9000209c 90002098 90002094 90002090 9000208c 90002088 90002084 90002080
sm   0 warp 3 0x800000ec 0x0000a0fb lsu.r v  1 op 3 @ 9000007c 90000078 90000074 90000070 9000006c 90000068 90000064 90000060 9000005c 90000058 90000054 90000050 9000004c 90000048 90000044 90000040 9000003c 90000038 90000034 90000030 9000002c 90000028 90000024 90000020 9000001c 90000018 90000014 90000010 9000000c 90000008 90000004 90000000
[L1C] #   1015 SM 0 CACHE 1 ADDR 90002000
sm   1 warp 3 0x800000ec 0x0000a0fb lsu.r v  1 op 3 @ 900000fc 900000f8 900000f4 900000f0 900000ec 900000e8 900000e4 900000e0 900000dc 900000d8 900000d4 900000d0 900000cc 900000c8 900000c4 900000c0 900000bc 900000b8 900000b4 900000b0 900000ac 900000a8 900000a4 900000a0 9000009c 90000098 90000094 90000090 9000008c 90000088 90000084 90000080
sm   0 warp 2 0x80000108 0x0010607b lsu.w finish
[L1C] #   1017 SM 1 CACHE 1 ADDR 90002080
sm   0 warp 2 0x80000110 0xff010113 x  2  70000800
sm   0 warp 2 0x8000010c 0xff012083 lsu.r x   1 op 3 @ 70000810+fffffff0
sm   1 warp 2 0x80000108 0x0010607b lsu.w finish
sm   1 warp 2 0x8000010c 0xff012083 lsu.r x   1 op 3 @ 70000810+fffffff0
sm   0 warp 3 0x800000ec 0x0000a0fb v  1 11111111111111111111111111111111 41f80000 41f00000 41e80000 41e00000 41d80000 41d00000 41c80000 41c00000 41b80000 41b00000 41a80000 41a00000 41980000 41900000 41880000 41800000 41700000 41600000 41500000 41400000 41300000 41200000 41100000 41000000 40e00000 40c00000 40a00000 40800000 40400000 40000000 3f800000 00000000 
sm   1 warp 2 0x80000110 0xff010113 x  2  70000800
sm   0 warp 3 0x800000f0 0xff812283 lsu.r x   5 op 3 @ 70000c10+fffffff8
sm   1 warp 3 0x800000ec 0x0000a0fb v  1 11111111111111111111111111111111 427c0000 42780000 42740000 42700000 426c0000 42680000 42640000 42600000 425c0000 42580000 42540000 42500000 424c0000 42480000 42440000 42400000 423c0000 42380000 42340000 42300000 422c0000 42280000 42240000 42200000 421c0000 42180000 42140000 42100000 420c0000 42080000 42040000 42000000 
sm   0 warp 2 0x8000010c 0xff012083 x  1  800000a0
sm   1 warp 3 0x800000f0 0xff812283 lsu.r x   5 op 3 @ 70000c10+fffffff8
sm   1 warp 2 0x8000010c 0xff012083 x  1  800000a0
sm   0 warp 3 0x800000f0 0xff812283 x  5  90001000
sm   0 warp 2 0x80000114 0x00008067 x  0  80000118
sm   1 warp 3 0x800000f0 0xff812283 x  5  90001000
sm   0 warp 2 0x80000114 0x00008067 Jump? 1  800000a0
sm   1 warp 2 0x80000114 0x00008067 x  0  80000118
sm   0 warp 3 0x800000f4 0x0202c157 v  2 11111111111111111111111111111111 9000107c 90001078 90001074 90001070 9000106c 90001068 90001064 90001060 9000105c 90001058 90001054 90001050 9000104c 90001048 90001044 90001040 9000103c 90001038 90001034 90001030 9000102c 90001028 90001024 90001020 9000101c 90001018 90001014 90001010 9000100c 90001008 90001004 90001000 
sm   1 warp 2 0x80000114 0x00008067 Jump? 1  800000a0
sm   1 warp 3 0x800000f4 0x0202c157 v  2 11111111111111111111111111111111 900010fc 900010f8 900010f4 900010f0 900010ec 900010e8 900010e4 900010e0 900010dc 900010d8 900010d4 900010d0 900010cc 900010c8 900010c4 900010c0 900010bc 900010b8 900010b4 900010b0 900010ac 900010a8 900010a4 900010a0 9000109c 90001098 90001094 90001090 9000108c 90001088 90001084 90001080 
sm   0 warp 2 0x800000a0 0x0000400b endprg
sm   0 warp 3 0x800000f8 0x0001217b lsu.r v  2 op 3 @ 9000107c 90001078 90001074 90001070 9000106c 90001068 90001064 90001060 9000105c 90001058 90001054 90001050 9000104c 90001048 90001044 90001040 9000103c 90001038 90001034 90001030 9000102c 90001028 90001024 90001020 9000101c 90001018 90001014 90001010 9000100c 90001008 90001004 90001000
sm   1 warp 2 0x800000a0 0x0000400b endprg
sm   1 warp 3 0x800000f8 0x0001217b lsu.r v  2 op 3 @ 900010fc 900010f8 900010f4 900010f0 900010ec 900010e8 900010e4 900010e0 900010dc 900010d8 900010d4 900010d0 900010cc 900010c8 900010c4 900010c0 900010bc 900010b8 900010b4 900010b0 900010ac 900010a8 900010a4 900010a0 9000109c 90001098 90001094 90001090 9000108c 90001088 90001084 90001080
sm   0 warp 3 0x800000f8 0x0001217b v  2 11111111111111111111111111111111 44784000 44788000 4478c000 44790000 44794000 44798000 4479c000 447a0000 447a4000 447a8000 447ac000 447b0000 447b4000 447b8000 447bc000 447c0000 447c4000 447c8000 447cc000 447d0000 447d4000 447d8000 447dc000 447e0000 447e4000 447e8000 447ec000 447f0000 447f4000 447f8000 447fc000 44800000 
sm   1 warp 3 0x800000f8 0x0001217b v  2 11111111111111111111111111111111 44704000 44708000 4470c000 44710000 44714000 44718000 4471c000 44720000 44724000 44728000 4472c000 44730000 44734000 44738000 4473c000 44740000 44744000 44748000 4474c000 44750000 44754000 44758000 4475c000 44760000 44764000 44768000 4476c000 44770000 44774000 44778000 4477c000 44780000 
sm   0 warp 3 0x800000fc 0x021110d7 v  1 11111111111111111111111111111111 44800000 44800000 44800000 44800000 44800000 44800000 44800000 44800000 44800000 44800000 44800000 44800000 44800000 44800000 44800000 44800000 44800000 44800000 44800000 44800000 44800000 44800000 44800000 44800000 44800000 44800000 44800000 44800000 44800000 44800000 44800000 44800000 
sm   1 warp 3 0x800000fc 0x021110d7 v  1 11111111111111111111111111111111 44800000 44800000 44800000 44800000 44800000 44800000 44800000 44800000 44800000 44800000 44800000 44800000 44800000 44800000 44800000 44800000 44800000 44800000 44800000 44800000 44800000 44800000 44800000 44800000 44800000 44800000 44800000 44800000 44800000 44800000 44800000 44800000 
sm   0 warp 3 0x80000100 0xffc12283 lsu.r x   5 op 3 @ 70000c10+fffffffc
sm   1 warp 3 0x80000100 0xffc12283 lsu.r x   5 op 3 @ 70000c10+fffffffc
sm   0 warp 3 0x80000100 0xffc12283 x  5  90002000
sm   1 warp 3 0x80000100 0xffc12283 x  5  90002000
sm   0 warp 3 0x80000104 0x0202c057 v  0 11111111111111111111111111111111 9000207c 90002078 90002074 90002070 9000206c 90002068 90002064 90002060 9000205c 90002058 90002054 90002050 9000204c 90002048 90002044 90002040 9000203c 90002038 90002034 90002030 9000202c 90002028 90002024 90002020 9000201c 90002018 90002014 90002010 9000200c 90002008 90002004 90002000 
sm   1 warp 3 0x80000104 0x0202c057 v  0 11111111111111111111111111111111 900020fc 900020f8 900020f4 900020f0 900020ec 900020e8 900020e4 900020e0 900020dc 900020d8 900020d4 900020d0 900020cc 900020c8 900020c4 900020c0 900020bc 900020b8 900020b4 900020b0 900020ac 900020a8 900020a4 900020a0 9000209c 90002098 90002094 90002090 9000208c 90002088 90002084 90002080 
sm   0 warp 3 0x80000108 0x0010607b lsu.w v  1 op 3 mask 11111111111111111111111111111111 44800000 44800000 44800000 44800000 44800000 44800000 44800000 44800000 44800000 44800000 44800000 44800000 44800000 44800000 44800000 44800000 44800000 44800000 44800000 44800000 44800000 44800000 44800000 44800000 44800000 44800000 44800000 44800000 44800000 44800000 44800000 44800000 @ 9000207c 90002078 90002074 90002070 9000206c 90002068 90002064 90002060 9000205c 90002058 90002054 90002050 9000204c 90002048 90002044 90002040 9000203c 90002038 90002034 90002030 9000202c 90002028 90002024 90002020 9000201c 90002018 90002014 90002010 9000200c 90002008 90002004 90002000
sm   1 warp 3 0x80000108 0x0010607b lsu.w v  1 op 3 mask 11111111111111111111111111111111 44800000 44800000 44800000 44800000 44800000 44800000 44800000 44800000 44800000 44800000 44800000 44800000 44800000 44800000 44800000 44800000 44800000 44800000 44800000 44800000 44800000 44800000 44800000 44800000 44800000 44800000 44800000 44800000 44800000 44800000 44800000 44800000 @ 900020fc 900020f8 900020f4 900020f0 900020ec 900020e8 900020e4 900020e0 900020dc 900020d8 900020d4 900020d0 900020cc 900020c8 900020c4 900020c0 900020bc 900020b8 900020b4 900020b0 900020ac 900020a8 900020a4 900020a0 9000209c 90002098 90002094 90002090 9000208c 90002088 90002084 90002080
sm   0 warp 3 0x8000010c 0xff012083 lsu.r x   1 op 3 @ 70000c10+fffffff0
[L1C] #   1073 SM 0 CACHE 1 ADDR 90002000
sm   1 warp 3 0x8000010c 0xff012083 lsu.r x   1 op 3 @ 70000c10+fffffff0
sm   0 warp 3 0x80000108 0x0010607b lsu.w finish
[L1C] #   1075 SM 1 CACHE 1 ADDR 90002080
sm   0 warp 3 0x80000110 0xff010113 x  2  70000c00
sm   1 warp 3 0x80000108 0x0010607b lsu.w finish
sm   0 warp 3 0x8000010c 0xff012083 x  1  800000a0
sm   1 warp 3 0x80000110 0xff010113 x  2  70000c00
sm   1 warp 3 0x8000010c 0xff012083 x  1  800000a0
sm   0 warp 3 0x80000114 0x00008067 x  0  80000118
sm   0 warp 3 0x80000114 0x00008067 Jump? 1  800000a0
sm   1 warp 3 0x80000114 0x00008067 x  0  80000118
sm   1 warp 3 0x80000114 0x00008067 Jump? 1  800000a0
sm   0 warp 3 0x800000a0 0x0000400b endprg
sm   1 warp 3 0x800000a0 0x0000400b endprg
[L1C] #   1096 SM 0 CACHE 1 ADDR 9d0f7f80
sm   0 warp 0 0x80000000 0x00004197 x  3  80004000
sm   0 warp 1 0x80000000 0x00004197 x  3  80004000
sm   1 warp 0 0x80000000 0x00004197 x  3  80004000
sm   0 warp 0 0x80000004 0x80818193 x  3  80003808
sm   0 warp 0 0x80000008 0x02000e93 x 29  00000020
sm   1 warp 1 0x80000000 0x00004197 x  3  80004000
sm   0 warp 1 0x80000004 0x80818193 x  3  80003808
sm   1 warp 0 0x80000004 0x80818193 x  3  80003808
sm   0 warp 2 0x80000000 0x00004197 x  3  80004000
sm   0 warp 0 0x8000000c 0x0d0efed7 x 29  00000020
sm   1 warp 0 0x80000008 0x02000e93 x 29  00000020
sm   0 warp 1 0x80000008 0x02000e93 x 29  00000020
sm   1 warp 1 0x80000004 0x80818193 x  3  80003808
sm   0 warp 2 0x80000004 0x80818193 x  3  80003808
sm   1 warp 2 0x80000000 0x00004197 x  3  80004000
sm   0 warp 3 0x80000000 0x00004197 x  3  80004000
sm   0 warp 0 0x80000010 0x00002eb7 x 29  00002000
sm   1 warp 0 0x8000000c 0x0d0efed7 x 29  00000020
sm   0 warp 1 0x8000000c 0x0d0efed7 x 29  00000020
sm   1 warp 1 0x80000008 0x02000e93 x 29  00000020
sm   0 warp 2 0x80000008 0x02000e93 x 29  00000020
sm   1 warp 2 0x80000004 0x80818193 x  3  80003808
sm   0 warp 3 0x80000004 0x80818193 x  3  80003808
sm   1 warp 3 0x80000000 0x00004197 x  3  80004000
sm   0 warp 0 0x80000014 0x300eaef3 x 29  00001800
sm   1 warp 0 0x80000010 0x00002eb7 x 29  00002000
sm   0 warp 1 0x80000010 0x00002eb7 x 29  00002000
sm   1 warp 1 0x8000000c 0x0d0efed7 x 29  00000020
sm   0 warp 2 0x8000000c 0x0d0efed7 x 29  00000020
sm   1 warp 2 0x80000008 0x02000e93 x 29  00000020
sm   1 warp 3 0x80000004 0x80818193 x  3  80003808
sm   0 warp 0 0x80000018 0x00000e93 x 29  00000000
sm   1 warp 0 0x80000014 0x300eaef3 x 29  00001800
sm   0 warp 2 0x80000010 0x00002eb7 x 29  00002000
sm   1 warp 1 0x80000010 0x00002eb7 x 29  00002000
sm   0 warp 1 0x80000014 0x300eaef3 x 29  00001800
sm   1 warp 2 0x8000000c 0x0d0efed7 x 29  00000020
sm   0 warp 0 0x8000001c 0x80502373 x  6  00000000
sm   1 warp 0 0x80000018 0x00000e93 x 29  00000000
sm   0 warp 2 0x80000014 0x300eaef3 x 29  00001800
sm   1 warp 2 0x80000010 0x00002eb7 x 29  00002000
sm   0 warp 1 0x80000018 0x00000e93 x 29  00000000
sm   1 warp 1 0x80000014 0x300eaef3 x 29  00001800
sm   0 warp 0 0x80000020 0x806023f3 x  7  70000000
sm   1 warp 0 0x8000001c 0x80502373 x  6  00000000
sm   0 warp 1 0x8000001c 0x80502373 x  6  00000001
sm   1 warp 2 0x80000014 0x300eaef3 x 29  00001800
sm   0 warp 2 0x80000018 0x00000e93 x 29  00000000
sm   1 warp 1 0x80000018 0x00000e93 x 29  00000000
sm   0 warp 0 0x80000024 0x40000e13 x 28  00000400
sm   1 warp 0 0x80000020 0x806023f3 x  7  70000000
sm   0 warp 1 0x80000020 0x806023f3 x  7  70000000
sm   0 warp 2 0x8000001c 0x80502373 x  6  00000002
sm   1 warp 1 0x8000001c 0x80502373 x  6  00000001
sm   0 warp 3 0x80000008 0x02000e93 x 29  00000020
sm   1 warp 2 0x80000018 0x00000e93 x 29  00000000
sm   1 warp 0 0x80000024 0x40000e13 x 28  00000400
sm   0 warp 1 0x80000024 0x40000e13 x 28  00000400
sm   0 warp 2 0x80000020 0x806023f3 x  7  70000000
sm   1 warp 1 0x80000020 0x806023f3 x  7  70000000
sm   0 warp 0 0x80000028 0x03c30333 x  6  00000000
sm   1 warp 2 0x8000001c 0x80502373 x  6  00000002
sm   0 warp 3 0x8000000c 0x0d0efed7 x 29  00000020
sm   1 warp 3 0x80000008 0x02000e93 x 29  00000020
sm   0 warp 2 0x80000024 0x40000e13 x 28  00000400
sm   1 warp 1 0x80000024 0x40000e13 x 28  00000400
sm   1 warp 2 0x80000020 0x806023f3 x  7  70000000
sm   0 warp 0 0x8000002c 0x00730133 x  2  70000000
sm   1 warp 0 0x80000028 0x03c30333 x  6  00000000
sm   0 warp 3 0x80000010 0x00002eb7 x 29  00002000
sm   1 warp 3 0x8000000c 0x0d0efed7 x 29  00000020
sm   0 warp 1 0x80000028 0x03c30333 x  6  00000400
sm   1 warp 2 0x80000024 0x40000e13 x 28  00000400
sm   0 warp 0 0x80000030 0x00000213 x  4  00000000
sm   0 warp 2 0x80000028 0x03c30333 x  6  00000800
sm   1 warp 0 0x8000002c 0x00730133 x  2  70000000
sm   0 warp 3 0x80000014 0x300eaef3 x 29  00001800
sm   1 warp 3 0x80000010 0x00002eb7 x 29  00002000
sm   0 warp 1 0x8000002c 0x00730133 x  2  70000400
sm   1 warp 1 0x80000028 0x03c30333 x  6  00000400
sm   0 warp 0 0x80000034 0x80102f73 x 30  00000004
sm   1 warp 0 0x80000030 0x00000213 x  4  00000000
sm   0 warp 2 0x8000002c 0x00730133 x  2  70000800
sm   1 warp 2 0x80000028 0x03c30333 x  6  00000800
sm   0 warp 3 0x80000018 0x00000e93 x 29  00000000
sm   1 warp 3 0x80000014 0x300eaef3 x 29  00001800
sm   0 warp 0 0x80000038 0x40000e13 x 28  00000400
sm   1 warp 1 0x8000002c 0x00730133 x  2  70000400
sm   0 warp 1 0x80000030 0x00000213 x  4  00000000
sm   1 warp 0 0x80000034 0x80102f73 x 30  00000004
sm   0 warp 2 0x80000030 0x00000213 x  4  00000000
sm   0 warp 3 0x8000001c 0x80502373 x  6  00000003
sm   1 warp 2 0x8000002c 0x00730133 x  2  70000800
sm   1 warp 3 0x80000018 0x00000e93 x 29  00000000
sm   0 warp 1 0x80000034 0x80102f73 x 30  00000004
sm   1 warp 0 0x80000038 0x40000e13 x 28  00000400
sm   0 warp 2 0x80000034 0x80102f73 x 30  00000004
sm   1 warp 1 0x80000030 0x00000213 x  4  00000000
sm   0 warp 3 0x80000020 0x806023f3 x  7  70000000
sm   1 warp 2 0x80000030 0x00000213 x  4  00000000
sm   0 warp 0 0x8000003c 0x03cf0f33 x 30  00001000
sm   1 warp 3 0x8000001c 0x80502373 x  6  00000003
sm   0 warp 1 0x80000038 0x40000e13 x 28  00000400
sm   0 warp 2 0x80000038 0x40000e13 x 28  00000400
sm   1 warp 1 0x80000034 0x80102f73 x 30  00000004
sm   0 warp 3 0x80000024 0x40000e13 x 28  00000400
sm   1 warp 2 0x80000034 0x80102f73 x 30  00000004
sm   1 warp 3 0x80000020 0x806023f3 x  7  70000000
sm   0 warp 0 0x80000040 0x01e38433 x  8  70001000
sm   1 warp 0 0x8000003c 0x03cf0f33 x 30  00001000
sm   1 warp 1 0x80000038 0x40000e13 x 28  00000400
sm   0 warp 0 0x80000044 0x00003517 x 10  80003044
sm   1 warp 2 0x80000038 0x40000e13 x 28  00000400
sm   0 warp 1 0x8000003c 0x03cf0f33 x 30  00001000
sm   1 warp 3 0x80000024 0x40000e13 x 28  00000400
sm   0 warp 2 0x8000003c 0x03cf0f33 x 30  00001000
sm   0 warp 3 0x80000028 0x03c30333 x  6  00000c00
sm   1 warp 0 0x80000040 0x01e38433 x  8  70001000
sm   0 warp 0 0x80000048 0xfc450513 x 10  80003008
sm   1 warp 0 0x80000044 0x00003517 x 10  80003044
sm   0 warp 1 0x80000040 0x01e38433 x  8  70001000
sm   1 warp 1 0x8000003c 0x03cf0f33 x 30  00001000
sm   0 warp 2 0x80000040 0x01e38433 x  8  70001000
sm   1 warp 2 0x8000003c 0x03cf0f33 x 30  00001000
sm   0 warp 3 0x8000002c 0x00730133 x  2  70000c00
sm   1 warp 3 0x80000028 0x03c30333 x  6  00000c00
sm   0 warp 0 0x8000004c 0x00003617 x 12  8000304c
sm   0 warp 1 0x80000044 0x00003517 x 10  80003044
sm   1 warp 0 0x80000048 0xfc450513 x 10  80003008
sm   0 warp 2 0x80000044 0x00003517 x 10  80003044
sm   1 warp 1 0x80000040 0x01e38433 x  8  70001000
sm   0 warp 3 0x80000030 0x00000213 x  4  00000000
sm   1 warp 2 0x80000040 0x01e38433 x  8  70001000
sm   1 warp 3 0x8000002c 0x00730133 x  2  70000c00
sm   0 warp 0 0x80000050 0xfbc60613 x 12  80003008
sm   1 warp 0 0x8000004c 0x00003617 x 12  8000304c
sm   0 warp 1 0x80000048 0xfc450513 x 10  80003008
sm   1 warp 1 0x80000044 0x00003517 x 10  80003044
sm   0 warp 2 0x80000048 0xfc450513 x 10  80003008
sm   1 warp 2 0x80000044 0x00003517 x 10  80003044
sm   0 warp 3 0x80000034 0x80102f73 x 30  00000004
sm   1 warp 3 0x80000030 0x00000213 x  4  00000000
sm   0 warp 1 0x8000004c 0x00003617 x 12  8000304c
sm   0 warp 2 0x8000004c 0x00003617 x 12  8000304c
sm   1 warp 0 0x80000050 0xfbc60613 x 12  80003008
sm   1 warp 1 0x80000048 0xfc450513 x 10  80003008
sm   0 warp 0 0x80000054 0x00c50863 Jump? 1  80000064
sm   1 warp 2 0x80000048 0xfc450513 x 10  80003008
sm   0 warp 3 0x80000038 0x40000e13 x 28  00000400
sm   1 warp 3 0x80000034 0x80102f73 x 30  00000004
sm   0 warp 1 0x80000050 0xfbc60613 x 12  80003008
sm   1 warp 1 0x8000004c 0x00003617 x 12  8000304c
sm   0 warp 2 0x80000050 0xfbc60613 x 12  80003008
sm   1 warp 2 0x8000004c 0x00003617 x 12  8000304c
sm   1 warp 0 0x80000054 0x00c50863 Jump? 1  80000064
sm   1 warp 3 0x80000038 0x40000e13 x 28  00000400
sm   1 warp 1 0x80000050 0xfbc60613 x 12  80003008
sm   0 warp 1 0x80000054 0x00c50863 Jump? 1  80000064
sm   0 warp 3 0x8000003c 0x03cf0f33 x 30  00001000
sm   0 warp 2 0x80000054 0x00c50863 Jump? 1  80000064
sm   1 warp 2 0x80000050 0xfbc60613 x 12  80003008
sm   0 warp 0 0x80000064 0x803022f3 x  5  90404000
sm   1 warp 1 0x80000054 0x00c50863 Jump? 1  80000064
sm   0 warp 3 0x80000040 0x01e38433 x  8  70001000
sm   1 warp 3 0x8000003c 0x03cf0f33 x 30  00001000
sm   1 warp 2 0x80000054 0x00c50863 Jump? 1  80000064
sm   1 warp 0 0x80000064 0x803022f3 x  5  90404000
sm   0 warp 0 0x80000068 0x0002a303 lsu.r x   6 op 0 @ 90404000+00000000
sm   0 warp 3 0x80000044 0x00003517 x 10  80003044
sm   0 warp 1 0x80000064 0x803022f3 x  5  90404000
sm   1 warp 3 0x80000040 0x01e38433 x  8  70001000
sm   1 warp 0 0x80000068 0x0002a303 lsu.r x   6 op 0 @ 90404000+00000000
sm   1 warp 3 0x80000044 0x00003517 x 10  80003044
sm   1 warp 1 0x80000064 0x803022f3 x  5  90404000
sm   0 warp 2 0x80000064 0x803022f3 x  5  90404000
sm   1 warp 2 0x80000064 0x803022f3 x  5  90404000
sm   0 warp 3 0x80000048 0xfc450513 x 10  80003008
sm   0 warp 3 0x8000004c 0x00003617 x 12  8000304c
sm   1 warp 3 0x80000048 0xfc450513 x 10  80003008
sm   0 warp 3 0x80000050 0xfbc60613 x 12  80003008
sm   1 warp 3 0x8000004c 0x00003617 x 12  8000304c
sm   1 warp 3 0x80000050 0xfbc60613 x 12  80003008
sm   0 warp 3 0x80000054 0x00c50863 Jump? 1  80000064
sm   1 warp 3 0x80000054 0x00c50863 Jump? 1  80000064
sm   0 warp 3 0x80000064 0x803022f3 x  5  90404000
sm   1 warp 3 0x80000064 0x803022f3 x  5  90404000
[L1C] #   2123 SM 1 CACHE 1 ADDR 8ac57f80
sm   0 warp 0 0x8000006c 0x0042a503 lsu.r x  10 op 0 @ 90404000+00000004
sm   0 warp 0 0x80000070 0x0302a383 lsu.r x   7 op 0 @ 90404000+00000030
[L1C] #   4174 SM 0 CACHE 1 ADDR 9d0f7f80
sm   1 warp 0 0x8000006c 0x0042a503 lsu.r x  10 op 0 @ 90404000+00000004
sm   1 warp 0 0x80000070 0x0302a383 lsu.r x   7 op 0 @ 90404000+00000030
[L1C] #   6225 SM 0 CACHE 1 ADDR 90404000
[L1C] #   6226 SM 1 CACHE 1 ADDR 8ac57f80
sm   0 warp 0 0x80000068 0x0002a303 x  6  800000b8
sm   0 warp 2 0x80000068 0x0002a303 lsu.r x   6 op 0 @ 90404000+00000000
sm   0 warp 0 0x8000006c 0x0042a503 x 10  90003000
sm   0 warp 3 0x80000068 0x0002a303 lsu.r x   6 op 0 @ 90404000+00000000
sm   0 warp 0 0x80000070 0x0302a383 x  7  00000000
sm   0 warp 1 0x80000068 0x0002a303 lsu.r x   6 op 0 @ 90404000+00000000
sm   0 warp 0 0x80000078 0x00003e97 x 29  80003078
sm   0 warp 2 0x80000068 0x0002a303 x  6  800000b8
sm   0 warp 3 0x80000068 0x0002a303 x  6  800000b8
sm   0 warp 0 0x8000007c 0xf88e8e93 x 29  80003000
sm   0 warp 0 0x80000074 0x0342ae03 lsu.r x  28 op 0 @ 90404000+00000034
sm   0 warp 0 0x80000080 0x00003f17 x 30  80003080
sm   0 warp 2 0x8000006c 0x0042a503 lsu.r x  10 op 0 @ 90404000+00000004
sm   0 warp 1 0x80000068 0x0002a303 x  6  800000b8
sm   0 warp 3 0x8000006c 0x0042a503 lsu.r x  10 op 0 @ 90404000+00000004
sm   0 warp 0 0x80000084 0xf84f0f13 x 30  80003004
sm   0 warp 0 0x80000074 0x0342ae03 x 28  00000000
sm   0 warp 2 0x8000006c 0x0042a503 x 10  90003000
sm   0 warp 1 0x8000006c 0x0042a503 lsu.r x  10 op 0 @ 90404000+00000004
sm   0 warp 3 0x8000006c 0x0042a503 x 10  90003000
sm   0 warp 2 0x80000070 0x0302a383 lsu.r x   7 op 0 @ 90404000+00000030
sm   0 warp 1 0x8000006c 0x0042a503 x 10  90003000
sm   0 warp 3 0x80000070 0x0302a383 lsu.r x   7 op 0 @ 90404000+00000030
sm   0 warp 2 0x80000070 0x0302a383 x  7  00000000
sm   0 warp 0 0x80000088 0x007ea023 lsu.w x   7 op 0 00000000 @ 80003000+00000000
sm   0 warp 3 0x80000070 0x0302a383 x  7  00000000
sm   0 warp 1 0x80000070 0x0302a383 lsu.r x   7 op 0 @ 90404000+00000030
sm   0 warp 2 0x80000078 0x00003e97 x 29  80003078
sm   0 warp 0 0x80000088 0x007ea023 lsu.w finish
sm   0 warp 2 0x80000074 0x0342ae03 lsu.r x  28 op 0 @ 90404000+00000034
sm   0 warp 3 0x80000078 0x00003e97 x 29  80003078
sm   0 warp 2 0x8000007c 0xf88e8e93 x 29  80003000
sm   0 warp 3 0x80000074 0x0342ae03 lsu.r x  28 op 0 @ 90404000+00000034
sm   0 warp 2 0x80000080 0x00003f17 x 30  80003080
sm   0 warp 0 0x80000090 0x00000f97 x 31  80000090
sm   0 warp 3 0x8000007c 0xf88e8e93 x 29  80003000
sm   0 warp 0 0x8000008c 0x01cf2023 lsu.w x  28 op 0 00000000 @ 80003004+00000000
sm   0 warp 1 0x80000078 0x00003e97 x 29  80003078
sm   0 warp 3 0x80000080 0x00003f17 x 30  80003080
sm   0 warp 2 0x80000084 0xf84f0f13 x 30  80003004
sm   0 warp 1 0x80000074 0x0342ae03 lsu.r x  28 op 0 @ 90404000+00000034
sm   0 warp 0 0x80000094 0x018f8f93 x 31  800000a8
sm   0 warp 1 0x8000007c 0xf88e8e93 x 29  80003000
sm   0 warp 3 0x80000084 0xf84f0f13 x 30  80003004
sm   0 warp 1 0x80000080 0x00003f17 x 30  80003080
sm   0 warp 2 0x80000088 0x007ea023 lsu.w x   7 op 0 00000000 @ 80003000+00000000
sm   0 warp 0 0x80000098 0x305f9073 x  0  00000000
sm   0 warp 1 0x80000070 0x0302a383 x  7  00000000
sm   0 warp 2 0x80000074 0x0342ae03 x 28  00000000
sm   0 warp 3 0x80000074 0x0342ae03 x 28  00000000
sm   0 warp 0 0x8000009c 0x000300e7 x  1  800000a0
sm   0 warp 1 0x80000084 0xf84f0f13 x 30  80003004
sm   0 warp 0 0x8000009c 0x000300e7 Jump? 1  800000b8
sm   0 warp 3 0x80000088 0x007ea023 lsu.w x   7 op 0 00000000 @ 80003000+00000000
sm   0 warp 1 0x80000074 0x0342ae03 x 28  00000000
sm   0 warp 2 0x80000090 0x00000f97 x 31  80000090
sm   0 warp 2 0x8000008c 0x01cf2023 lsu.w x  28 op 0 00000000 @ 80003004+00000000
sm   0 warp 3 0x80000090 0x00000f97 x 31  80000090
sm   0 warp 3 0x8000008c 0x01cf2023 lsu.w x  28 op 0 00000000 @ 80003004+00000000
sm   0 warp 0 0x800000b8 0x01010113 x  2  70000010
sm   0 warp 2 0x80000094 0x018f8f93 x 31  800000a8
sm   0 warp 1 0x80000088 0x007ea023 lsu.w x   7 op 0 00000000 @ 80003000+00000000
sm   0 warp 3 0x80000094 0x018f8f93 x 31  800000a8
sm   0 warp 1 0x80000090 0x00000f97 x 31  80000090
sm   0 warp 1 0x8000008c 0x01cf2023 lsu.w x  28 op 0 00000000 @ 80003004+00000000
sm   0 warp 2 0x80000098 0x305f9073 x  0  00000000
sm   0 warp 0 0x800000bc 0xfe112823 lsu.w x   1 op 3 800000a0 @ 70000010+fffffff0
sm   0 warp 3 0x80000098 0x305f9073 x  0  00000000
sm   0 warp 1 0x80000094 0x018f8f93 x 31  800000a8
sm   0 warp 2 0x8000009c 0x000300e7 x  1  800000a0
sm   0 warp 2 0x8000009c 0x000300e7 Jump? 1  800000b8
sm   0 warp 3 0x8000009c 0x000300e7 x  1  800000a0
sm   0 warp 3 0x8000009c 0x000300e7 Jump? 1  800000b8
sm   0 warp 0 0x800000bc 0xfe112823 lsu.w finish
sm   0 warp 1 0x80000098 0x305f9073 x  0  00000000
sm   0 warp 0 0x800000c0 0x00852283 lsu.r x   5 op 0 @ 90003000+00000008
sm   0 warp 1 0x8000009c 0x000300e7 x  1  800000a0
sm   0 warp 1 0x8000009c 0x000300e7 Jump? 1  800000b8
sm   0 warp 2 0x800000b8 0x01010113 x  2  70000810
sm   0 warp 3 0x800000b8 0x01010113 x  2  70000c10
sm   0 warp 1 0x800000b8 0x01010113 x  2  70000410
[L1C] #   8277 SM 1 CACHE 1 ADDR 90404000
[L1C] #   8278 SM 0 CACHE 1 ADDR 80003000
[L1C] #   8280 SM 0 CACHE 1 ADDR 80003000
sm   0 warp 0 0x8000008c 0x01cf2023 lsu.w finish
sm   0 warp 2 0x800000bc 0xfe112823 lsu.w x   1 op 3 800000a0 @ 70000810+fffffff0
sm   1 warp 0 0x80000068 0x0002a303 x  6  800000b8
sm   1 warp 2 0x80000068 0x0002a303 lsu.r x   6 op 0 @ 90404000+00000000
sm   0 warp 2 0x800000bc 0xfe112823 lsu.w finish
sm   1 warp 0 0x8000006c 0x0042a503 x 10  90003000
sm   0 warp 2 0x800000c0 0x00852283 lsu.r x   5 op 0 @ 90003000+00000008
sm   1 warp 3 0x80000068 0x0002a303 lsu.r x   6 op 0 @ 90404000+00000000
sm   1 warp 0 0x80000070 0x0302a383 x  7  00000000
sm   1 warp 1 0x80000068 0x0002a303 lsu.r x   6 op 0 @ 90404000+00000000
[L1C] #   8296 SM 0 CACHE 1 ADDR 80003000
sm   1 warp 0 0x80000078 0x00003e97 x 29  80003078
sm   0 warp 2 0x80000088 0x007ea023 lsu.w finish
sm   1 warp 2 0x80000068 0x0002a303 x  6  800000b8
sm   0 warp 3 0x800000bc 0xfe112823 lsu.w x   1 op 3 800000a0 @ 70000c10+fffffff0
sm   1 warp 3 0x80000068 0x0002a303 x  6  800000b8
sm   1 warp 0 0x8000007c 0xf88e8e93 x 29  80003000
sm   1 warp 0 0x80000074 0x0342ae03 lsu.r x  28 op 0 @ 90404000+00000034
sm   1 warp 0 0x80000080 0x00003f17 x 30  80003080
sm   0 warp 3 0x800000bc 0xfe112823 lsu.w finish
sm   1 warp 2 0x8000006c 0x0042a503 lsu.r x  10 op 0 @ 90404000+00000004
sm   1 warp 1 0x80000068 0x0002a303 x  6  800000b8
sm   0 warp 1 0x800000bc 0xfe112823 lsu.w x   1 op 3 800000a0 @ 70000410+fffffff0
sm   1 warp 3 0x8000006c 0x0042a503 lsu.r x  10 op 0 @ 90404000+00000004
sm   1 warp 0 0x80000084 0xf84f0f13 x 30  80003004
sm   1 warp 0 0x80000074 0x0342ae03 x 28  00000000
sm   0 warp 1 0x800000bc 0xfe112823 lsu.w finish
sm   1 warp 2 0x8000006c 0x0042a503 x 10  90003000
[L1C] #   8312 SM 0 CACHE 1 ADDR 80003000
sm   0 warp 3 0x800000c0 0x00852283 lsu.r x   5 op 0 @ 90003000+00000008
sm   1 warp 1 0x8000006c 0x0042a503 lsu.r x  10 op 0 @ 90404000+00000004
sm   0 warp 3 0x80000088 0x007ea023 lsu.w finish
sm   1 warp 3 0x8000006c 0x0042a503 x 10  90003000
sm   1 warp 2 0x80000070 0x0302a383 lsu.r x   7 op 0 @ 90404000+00000030
sm   1 warp 1 0x8000006c 0x0042a503 x 10  90003000
sm   1 warp 3 0x80000070 0x0302a383 lsu.r x   7 op 0 @ 90404000+00000030
sm   1 warp 2 0x80000070 0x0302a383 x  7  00000000
sm   1 warp 0 0x80000088 0x007ea023 lsu.w x   7 op 0 00000000 @ 80003000+00000000
sm   1 warp 3 0x80000070 0x0302a383 x  7  00000000
[L1C] #   8328 SM 0 CACHE 1 ADDR 80003000
sm   0 warp 2 0x8000008c 0x01cf2023 lsu.w finish
sm   1 warp 1 0x80000070 0x0302a383 lsu.r x   7 op 0 @ 90404000+00000030
[L1C] #   8330 SM 1 CACHE 1 ADDR 80003000
sm   1 warp 2 0x80000078 0x00003e97 x 29  80003078
sm   1 warp 0 0x80000088 0x007ea023 lsu.w finish
sm   1 warp 2 0x80000074 0x0342ae03 lsu.r x  28 op 0 @ 90404000+00000034
sm   1 warp 3 0x80000078 0x00003e97 x 29  80003078
sm   1 warp 2 0x8000007c 0xf88e8e93 x 29  80003000
sm   1 warp 3 0x80000074 0x0342ae03 lsu.r x  28 op 0 @ 90404000+00000034
sm   1 warp 2 0x80000080 0x00003f17 x 30  80003080
sm   1 warp 0 0x80000090 0x00000f97 x 31  80000090
sm   1 warp 3 0x8000007c 0xf88e8e93 x 29  80003000
sm   1 warp 0 0x8000008c 0x01cf2023 lsu.w x  28 op 0 00000000 @ 80003004+00000000
sm   1 warp 1 0x80000078 0x00003e97 x 29  80003078
sm   1 warp 3 0x80000080 0x00003f17 x 30  80003080
sm   1 warp 2 0x80000084 0xf84f0f13 x 30  80003004
sm   1 warp 1 0x80000074 0x0342ae03 lsu.r x  28 op 0 @ 90404000+00000034
[L1C] #   8344 SM 0 CACHE 1 ADDR 80003000
sm   0 warp 3 0x8000008c 0x01cf2023 lsu.w finish
sm   1 warp 0 0x80000094 0x018f8f93 x 31  800000a8
sm   1 warp 1 0x8000007c 0xf88e8e93 x 29  80003000
[L1C] #   8346 SM 1 CACHE 1 ADDR 80003000
sm   1 warp 3 0x80000084 0xf84f0f13 x 30  80003004
sm   1 warp 1 0x80000080 0x00003f17 x 30  80003080
sm   1 warp 2 0x80000088 0x007ea023 lsu.w x   7 op 0 00000000 @ 80003000+00000000
sm   1 warp 0 0x80000098 0x305f9073 x  0  00000000
sm   1 warp 1 0x80000070 0x0302a383 x  7  00000000
sm   1 warp 2 0x80000074 0x0342ae03 x 28  00000000
sm   1 warp 3 0x80000074 0x0342ae03 x 28  00000000
sm   1 warp 0 0x8000009c 0x000300e7 x  1  800000a0
sm   1 warp 0 0x8000008c 0x01cf2023 lsu.w finish
sm   1 warp 1 0x80000084 0xf84f0f13 x 30  80003004
sm   1 warp 0 0x8000009c 0x000300e7 Jump? 1  800000b8
sm   1 warp 3 0x80000088 0x007ea023 lsu.w x   7 op 0 00000000 @ 80003000+00000000
sm   1 warp 1 0x80000074 0x0342ae03 x 28  00000000
sm   1 warp 2 0x80000090 0x00000f97 x 31  80000090
sm   1 warp 2 0x8000008c 0x01cf2023 lsu.w x  28 op 0 00000000 @ 80003004+00000000
[L1C] #   8360 SM 0 CACHE 1 ADDR 80003000
sm   0 warp 1 0x80000088 0x007ea023 lsu.w finish
sm   1 warp 3 0x80000090 0x00000f97 x 31  80000090
[L1C] #   8362 SM 1 CACHE 1 ADDR 80003000
sm   1 warp 2 0x80000088 0x007ea023 lsu.w finish
sm   1 warp 2 0x80000094 0x018f8f93 x 31  800000a8
sm   1 warp 3 0x8000008c 0x01cf2023 lsu.w x  28 op 0 00000000 @ 80003004+00000000
sm   1 warp 0 0x800000b8 0x01010113 x  2  70000010
sm   1 warp 3 0x80000094 0x018f8f93 x 31  800000a8
sm   1 warp 1 0x80000088 0x007ea023 lsu.w x   7 op 0 00000000 @ 80003000+00000000
sm   1 warp 2 0x80000098 0x305f9073 x  0  00000000
sm   1 warp 1 0x80000090 0x00000f97 x 31  80000090
sm   1 warp 1 0x8000008c 0x01cf2023 lsu.w x  28 op 0 00000000 @ 80003004+00000000
sm   1 warp 3 0x80000098 0x305f9073 x  0  00000000
sm   1 warp 2 0x8000009c 0x000300e7 x  1  800000a0
sm   1 warp 0 0x800000bc 0xfe112823 lsu.w x   1 op 3 800000a0 @ 70000010+fffffff0
sm   1 warp 2 0x8000009c 0x000300e7 Jump? 1  800000b8
sm   1 warp 3 0x8000009c 0x000300e7 x  1  800000a0
sm   1 warp 3 0x8000009c 0x000300e7 Jump? 1  800000b8
[L1C] #   8376 SM 0 CACHE 1 ADDR 80003000
sm   1 warp 1 0x80000094 0x018f8f93 x 31  800000a8
sm   1 warp 0 0x800000c0 0x00852283 lsu.r x   5 op 0 @ 90003000+00000008
sm   0 warp 1 0x8000008c 0x01cf2023 lsu.w finish
[L1C] #   8378 SM 1 CACHE 1 ADDR 80003000
sm   1 warp 3 0x80000088 0x007ea023 lsu.w finish
sm   1 warp 1 0x80000098 0x305f9073 x  0  00000000
sm   1 warp 0 0x800000bc 0xfe112823 lsu.w finish
sm   1 warp 2 0x800000b8 0x01010113 x  2  70000810
sm   1 warp 1 0x8000009c 0x000300e7 x  1  800000a0
sm   1 warp 1 0x8000009c 0x000300e7 Jump? 1  800000b8
sm   1 warp 3 0x800000b8 0x01010113 x  2  70000c10
sm   1 warp 2 0x800000bc 0xfe112823 lsu.w x   1 op 3 800000a0 @ 70000810+fffffff0
[L1C] #   8392 SM 0 CACHE 1 ADDR 90003000
[L1C] #   8394 SM 1 CACHE 1 ADDR 80003000
sm   1 warp 2 0x8000008c 0x01cf2023 lsu.w finish
sm   1 warp 1 0x800000b8 0x01010113 x  2  70000410
sm   1 warp 2 0x800000c0 0x00852283 lsu.r x   5 op 0 @ 90003000+00000008
sm   1 warp 2 0x800000bc 0xfe112823 lsu.w finish
sm   1 warp 3 0x800000bc 0xfe112823 lsu.w x   1 op 3 800000a0 @ 70000c10+fffffff0
sm   1 warp 3 0x800000c0 0x00852283 lsu.r x   5 op 0 @ 90003000+00000008
sm   1 warp 3 0x800000bc 0xfe112823 lsu.w finish
sm   0 warp 0 0x800000c0 0x00852283 x  5  90002000
[L1C] #   8410 SM 1 CACHE 1 ADDR 80003000
sm   1 warp 3 0x8000008c 0x01cf2023 lsu.w finish
sm   0 warp 1 0x800000c0 0x00852283 lsu.r x   5 op 0 @ 90003000+00000008
sm   0 warp 2 0x800000c0 0x00852283 x  5  90002000
sm   0 warp 0 0x800000c4 0xfe512e23 lsu.w x   5 op 3 90002000 @ 70000010+fffffffc
sm   0 warp 3 0x800000c0 0x00852283 x  5  90002000
sm   0 warp 2 0x800000c4 0xfe512e23 lsu.w x   5 op 3 90002000 @ 70000810+fffffffc
sm   0 warp 1 0x800000c0 0x00852283 x  5  90002000
sm   0 warp 0 0x800000c8 0x00452283 lsu.r x   5 op 0 @ 90003000+00000004
sm   0 warp 0 0x800000c4 0xfe512e23 lsu.w finish
[L1C] #   8426 SM 1 CACHE 1 ADDR 80003000
sm   1 warp 1 0x80000088 0x007ea023 lsu.w finish
sm   0 warp 2 0x800000c8 0x00452283 lsu.r x   5 op 0 @ 90003000+00000004
sm   0 warp 0 0x800000c8 0x00452283 x  5  90001000
sm   0 warp 3 0x800000c4 0xfe512e23 lsu.w x   5 op 3 90002000 @ 70000c10+fffffffc
sm   0 warp 2 0x800000c8 0x00452283 x  5  90001000
sm   0 warp 1 0x800000c4 0xfe512e23 lsu.w x   5 op 3 90002000 @ 70000410+fffffffc
sm   0 warp 2 0x800000c4 0xfe512e23 lsu.w finish
sm   0 warp 3 0x800000c8 0x00452283 lsu.r x   5 op 0 @ 90003000+00000004
sm   0 warp 3 0x800000c4 0xfe512e23 lsu.w finish
[L1C] #   8442 SM 1 CACHE 1 ADDR 80003000
sm   1 warp 1 0x8000008c 0x01cf2023 lsu.w finish
sm   0 warp 1 0x800000c8 0x00452283 lsu.r x   5 op 0 @ 90003000+00000004
sm   0 warp 3 0x800000c8 0x00452283 x  5  90001000
sm   0 warp 0 0x800000cc 0xfe512c23 lsu.w x   5 op 3 90001000 @ 70000010+fffffff8
sm   0 warp 1 0x800000c8 0x00452283 x  5  90001000
sm   0 warp 2 0x800000cc 0xfe512c23 lsu.w x   5 op 3 90001000 @ 70000810+fffffff8
sm   0 warp 1 0x800000c4 0xfe512e23 lsu.w finish
sm   0 warp 0 0x800000d0 0x00052283 lsu.r x   5 op 0 @ 90003000+00000000
sm   0 warp 0 0x800000cc 0xfe512c23 lsu.w finish
[L1C] #   8458 SM 1 CACHE 1 ADDR 90003000
sm   0 warp 2 0x800000d0 0x00052283 lsu.r x   5 op 0 @ 90003000+00000000
sm   0 warp 0 0x800000d0 0x00052283 x  5  90000000
sm   0 warp 3 0x800000cc 0xfe512c23 lsu.w x   5 op 3 90001000 @ 70000c10+fffffff8
sm   0 warp 2 0x800000d0 0x00052283 x  5  90000000
sm   0 warp 1 0x800000cc 0xfe512c23 lsu.w x   5 op 3 90001000 @ 70000410+fffffff8
sm   0 warp 2 0x800000cc 0xfe512c23 lsu.w finish
sm   0 warp 3 0x800000d0 0x00052283 lsu.r x   5 op 0 @ 90003000+00000000
sm   0 warp 3 0x800000cc 0xfe512c23 lsu.w finish
sm   1 warp 0 0x800000c0 0x00852283 x  5  90002000
sm   0 warp 1 0x800000d0 0x00052283 lsu.r x   5 op 0 @ 90003000+00000000
sm   0 warp 3 0x800000d0 0x00052283 x  5  90000000
sm   1 warp 1 0x800000bc 0xfe112823 lsu.w x   1 op 3 800000a0 @ 70000410+fffffff0
sm   0 warp 0 0x800000d4 0xfe512a23 lsu.w x   5 op 3 90000000 @ 70000010+fffffff4
sm   0 warp 0 0x800000d8 0x5e004057 v  0 11111111111111111111111111111111 00000000 00000000 00000000 00000000 00000000 00000000 00000000 00000000 00000000 00000000 00000000 00000000 00000000 00000000 00000000 00000000 00000000 00000000 00000000 00000000 00000000 00000000 00000000 00000000 00000000 00000000 00000000 00000000 00000000 00000000 00000000 00000000 
sm   1 warp 2 0x800000c0 0x00852283 x  5  90002000
sm   0 warp 0 0x800000dc 0x03c000ef Jump? 1  80000118
sm   0 warp 0 0x800000dc 0x03c000ef x  1  800000e0
sm   1 warp 1 0x800000c0 0x00852283 lsu.r x   5 op 0 @ 90003000+00000008
sm   0 warp 2 0x800000d4 0xfe512a23 lsu.w x   5 op 3 90000000 @ 70000810+fffffff4
sm   0 warp 2 0x800000d8 0x5e004057 v  0 11111111111111111111111111111111 00000000 00000000 00000000 00000000 00000000 00000000 00000000 00000000 00000000 00000000 00000000 00000000 00000000 00000000 00000000 00000000 00000000 00000000 00000000 00000000 00000000 00000000 00000000 00000000 00000000 00000000 00000000 00000000 00000000 00000000 00000000 00000000 
sm   1 warp 3 0x800000c0 0x00852283 x  5  90002000
sm   0 warp 2 0x800000dc 0x03c000ef x  1  800000e0
sm   0 warp 2 0x800000dc 0x03c000ef Jump? 1  80000118
sm   0 warp 3 0x800000d4 0xfe512a23 lsu.w x   5 op 3 90000000 @ 70000c10+fffffff4
sm   1 warp 0 0x800000c4 0xfe512e23 lsu.w x   5 op 3 90002000 @ 70000010+fffffffc
sm   0 warp 3 0x800000d8 0x5e004057 v  0 11111111111111111111111111111111 00000000 00000000 00000000 00000000 00000000 00000000 00000000 00000000 00000000 00000000 00000000 00000000 00000000 00000000 00000000 00000000 00000000 00000000 00000000 00000000 00000000 00000000 00000000 00000000 00000000 00000000 00000000 00000000 00000000 00000000 00000000 00000000 
sm   1 warp 1 0x800000c0 0x00852283 x  5  90002000
sm   0 warp 0 0x800000d4 0xfe512a23 lsu.w finish
sm   0 warp 1 0x800000d0 0x00052283 x  5  90000000
sm   0 warp 3 0x800000dc 0x03c000ef x  1  800000e0
sm   0 warp 3 0x800000dc 0x03c000ef Jump? 1  80000118
sm   1 warp 2 0x800000c4 0xfe512e23 lsu.w x   5 op 3 90002000 @ 70000810+fffffffc
sm   0 warp 1 0x800000cc 0xfe512c23 lsu.w finish
sm   0 warp 0 0x80000118 0x00410113 x  2  70000014
sm   1 warp 1 0x800000bc 0xfe112823 lsu.w finish
sm   0 warp 2 0x800000d4 0xfe512a23 lsu.w finish
sm   1 warp 0 0x800000c8 0x00452283 lsu.r x   5 op 0 @ 90003000+00000004
sm   0 warp 1 0x800000d4 0xfe512a23 lsu.w x   5 op 3 90000000 @ 70000410+fffffff4
sm   0 warp 2 0x80000118 0x00410113 x  2  70000814
sm   1 warp 0 0x800000c4 0xfe512e23 lsu.w finish
sm   0 warp 3 0x800000d4 0xfe512a23 lsu.w finish
sm   1 warp 3 0x800000c4 0xfe512e23 lsu.w x   5 op 3 90002000 @ 70000c10+fffffffc
sm   0 warp 1 0x800000d8 0x5e004057 v  0 11111111111111111111111111111111 00000000 00000000 00000000 00000000 00000000 00000000 00000000 00000000 00000000 00000000 00000000 00000000 00000000 00000000 00000000 00000000 00000000 00000000 00000000 00000000 00000000 00000000 00000000 00000000 00000000 00000000 00000000 00000000 00000000 00000000 00000000 00000000 
sm   0 warp 0 0x8000011c 0xfe112e23 lsu.w x   1 op 3 800000e0 @ 70000014+fffffffc
sm   0 warp 1 0x800000dc 0x03c000ef Jump? 1  80000118
sm   0 warp 1 0x800000dc 0x03c000ef x  1  800000e0
sm   1 warp 0 0x800000c8 0x00452283 x  5  90001000
sm   0 warp 0 0x80000120 0x00200293 x  5  00000002
sm   0 warp 1 0x800000d4 0xfe512a23 lsu.w finish
sm   1 warp 2 0x800000c8 0x00452283 lsu.r x   5 op 0 @ 90003000+00000004
sm   0 warp 2 0x8000011c 0xfe112e23 lsu.w x   1 op 3 800000e0 @ 70000814+fffffffc
sm   0 warp 3 0x80000118 0x00410113 x  2  70000c14
sm   1 warp 2 0x800000c4 0xfe512e23 lsu.w finish
sm   0 warp 2 0x80000120 0x00200293 x  5  00000002
sm   0 warp 0 0x8000011c 0xfe112e23 lsu.w finish
sm   0 warp 0 0x80000124 0x5e02c0d7 v  1 11111111111111111111111111111111 00000002 00000002 00000002 00000002 00000002 00000002 00000002 00000002 00000002 00000002 00000002 00000002 00000002 00000002 00000002 00000002 00000002 00000002 00000002 00000002 00000002 00000002 00000002 00000002 00000002 00000002 00000002 00000002 00000002 00000002 00000002 00000002 
sm   1 warp 1 0x800000c4 0xfe512e23 lsu.w x   5 op 3 90002000 @ 70000410+fffffffc
sm   0 warp 0 0x80000128 0x00000317 x  6  80000128
sm   1 warp 2 0x800000c8 0x00452283 x  5  90001000
sm   0 warp 2 0x8000011c 0xfe112e23 lsu.w finish
sm   0 warp 1 0x80000118 0x00410113 x  2  70000414
sm   0 warp 2 0x80000124 0x5e02c0d7 v  1 11111111111111111111111111111111 00000002 00000002 00000002 00000002 00000002 00000002 00000002 00000002 00000002 00000002 00000002 00000002 00000002 00000002 00000002 00000002 00000002 00000002 00000002 00000002 00000002 00000002 00000002 00000002 00000002 00000002 00000002 00000002 00000002 00000002 00000002 00000002 
sm   0 warp 3 0x8000011c 0xfe112e23 lsu.w x   1 op 3 800000e0 @ 70000c14+fffffffc
sm   1 warp 3 0x800000c8 0x00452283 lsu.r x   5 op 0 @ 90003000+00000004
sm   1 warp 3 0x800000c4 0xfe512e23 lsu.w finish
sm   0 warp 2 0x80000128 0x00000317 x  6  80000128
sm   0 warp 3 0x80000120 0x00200293 x  5  00000002
sm   1 warp 0 0x800000cc 0xfe512c23 lsu.w x   5 op 3 90001000 @ 70000010+fffffff8
sm 0 warp 0 0x8000012c 0x04c3305b  setrpc 0x80000174 
sm   0 warp 0 0x8000012c 0x04c3305b x  0  80000174
sm   0 warp 3 0x8000011c 0xfe112e23 lsu.w finish
sm   1 warp 3 0x800000c8 0x00452283 x  5  90001000
sm   0 warp 1 0x8000011c 0xfe112e23 lsu.w x   1 op 3 800000e0 @ 70000414+fffffffc
sm   0 warp 1 0x80000120 0x00200293 x  5  00000002
sm   1 warp 1 0x800000c8 0x00452283 lsu.r x   5 op 0 @ 90003000+00000004
sm   0 warp 3 0x80000124 0x5e02c0d7 v  1 11111111111111111111111111111111 00000002 00000002 00000002 00000002 00000002 00000002 00000002 00000002 00000002 00000002 00000002 00000002 00000002 00000002 00000002 00000002 00000002 00000002 00000002 00000002 00000002 00000002 00000002 00000002 00000002 00000002 00000002 00000002 00000002 00000002 00000002 00000002 
sm 0 warp 2 0x8000012c 0x04c3305b  setrpc 0x80000174 
sm   0 warp 2 0x8000012c 0x04c3305b x  0  80000174
sm   0 warp 0 0x80000130 0x0200885b vbranch     current mask and npc:   11111111111111111111111111111111 0x80000134, take_if=1, if_mask = 11111111111111111111111111111111
sm   1 warp 1 0x800000c4 0xfe512e23 lsu.w finish
sm   1 warp 0 0x800000d0 0x00052283 lsu.r x   5 op 0 @ 90003000+00000000
sm   0 warp 1 0x8000011c 0xfe112e23 lsu.w finish
sm   0 warp 1 0x80000124 0x5e02c0d7 v  1 11111111111111111111111111111111 00000002 00000002 00000002 00000002 00000002 00000002 00000002 00000002 00000002 00000002 00000002 00000002 00000002 00000002 00000002 00000002 00000002 00000002 00000002 00000002 00000002 00000002 00000002 00000002 00000002 00000002 00000002 00000002 00000002 00000002 00000002 00000002 
sm   1 warp 1 0x800000c8 0x00452283 x  5  90001000
sm   0 warp 2 0x80000130 0x0200885b vbranch     current mask and npc:   11111111111111111111111111111111 0x80000134, take_if=1, if_mask = 11111111111111111111111111111111
sm   0 warp 1 0x80000128 0x00000317 x  6  80000128
sm   0 warp 0 0x80000134 0x00100293 x  5  00000001
sm   1 warp 2 0x800000cc 0xfe512c23 lsu.w x   5 op 3 90001000 @ 70000810+fffffff8
sm   1 warp 0 0x800000d0 0x00052283 x  5  90000000
sm   0 warp 2 0x80000134 0x00100293 x  5  00000001
sm 0 warp 1 0x8000012c 0x04c3305b  setrpc 0x80000174 
sm   0 warp 1 0x8000012c 0x04c3305b x  0  80000174
sm   1 warp 3 0x800000cc 0xfe512c23 lsu.w x   5 op 3 90001000 @ 70000c10+fffffff8
sm   0 warp 3 0x80000128 0x00000317 x  6  80000128
sm   0 warp 0 0x80000138 0x5e02c0d7 v  1 11111111111111111111111111111111 00000001 00000001 00000001 00000001 00000001 00000001 00000001 00000001 00000001 00000001 00000001 00000001 00000001 00000001 00000001 00000001 00000001 00000001 00000001 00000001 00000001 00000001 00000001 00000001 00000001 00000001 00000001 00000001 00000001 00000001 00000001 00000001 
sm   1 warp 0 0x800000cc 0xfe512c23 lsu.w finish
sm   0 warp 0 0x8000013c 0x00000317 x  6  8000013c
sm   0 warp 1 0x80000130 0x0200885b vbranch     current mask and npc:   11111111111111111111111111111111 0x80000134, take_if=1, if_mask = 11111111111111111111111111111111
sm   1 warp 2 0x800000d0 0x00052283 lsu.r x   5 op 0 @ 90003000+00000000
sm   0 warp 2 0x80000138 0x5e02c0d7 v  1 11111111111111111111111111111111 00000001 00000001 00000001 00000001 00000001 00000001 00000001 00000001 00000001 00000001 00000001 00000001 00000001 00000001 00000001 00000001 00000001 00000001 00000001 00000001 00000001 00000001 00000001 00000001 00000001 00000001 00000001 00000001 00000001 00000001 00000001 00000001 
sm 0 warp 3 0x8000012c 0x04c3305b  setrpc 0x80000174 
sm   0 warp 3 0x8000012c 0x04c3305b x  0  80000174
sm   1 warp 2 0x800000cc 0xfe512c23 lsu.w finish
sm 0 warp 0 0x80000140 0x0383305b  setrpc 0x80000174 
sm   0 warp 0 0x80000140 0x0383305b x  0  80000174
sm   1 warp 3 0x800000d0 0x00052283 lsu.r x   5 op 0 @ 90003000+00000000
sm   0 warp 2 0x8000013c 0x00000317 x  6  8000013c
sm   0 warp 1 0x80000134 0x00100293 x  5  00000001
sm   1 warp 2 0x800000d0 0x00052283 x  5  90000000
sm   0 warp 3 0x80000130 0x0200885b vbranch     current mask and npc:   11111111111111111111111111111111 0x80000134, take_if=1, if_mask = 11111111111111111111111111111111
sm   1 warp 1 0x800000cc 0xfe512c23 lsu.w x   5 op 3 90001000 @ 70000410+fffffff8
sm 0 warp 2 0x80000140 0x0383305b  setrpc 0x80000174 
sm   0 warp 2 0x80000140 0x0383305b x  0  80000174
sm   0 warp 0 0x80000144 0x0200825b vbranch     current mask and npc:   11111111111111111111111111111111 0x80000148, take_if=1, if_mask = 11111111111111111111111111111111
sm   1 warp 3 0x800000d0 0x00052283 x  5  90000000
sm   0 warp 1 0x80000138 0x5e02c0d7 v  1 11111111111111111111111111111111 00000001 00000001 00000001 00000001 00000001 00000001 00000001 00000001 00000001 00000001 00000001 00000001 00000001 00000001 00000001 00000001 00000001 00000001 00000001 00000001 00000001 00000001 00000001 00000001 00000001 00000001 00000001 00000001 00000001 00000001 00000001 00000001 
sm   1 warp 0 0x800000d4 0xfe512a23 lsu.w x   5 op 3 90000000 @ 70000010+fffffff4
sm   1 warp 0 0x800000d8 0x5e004057 v  0 11111111111111111111111111111111 00000000 00000000 00000000 00000000 00000000 00000000 00000000 00000000 00000000 00000000 00000000 00000000 00000000 00000000 00000000 00000000 00000000 00000000 00000000 00000000 00000000 00000000 00000000 00000000 00000000 00000000 00000000 00000000 00000000 00000000 00000000 00000000 
sm   0 warp 3 0x80000134 0x00100293 x  5  00000001
sm   0 warp 1 0x8000013c 0x00000317 x  6  8000013c
sm   0 warp 2 0x80000144 0x0200825b vbranch     current mask and npc:   11111111111111111111111111111111 0x80000148, take_if=1, if_mask = 11111111111111111111111111111111
sm   1 warp 0 0x800000dc 0x03c000ef x  1  800000e0
sm   1 warp 0 0x800000dc 0x03c000ef Jump? 1  80000118
sm   1 warp 3 0x800000cc 0xfe512c23 lsu.w finish
sm   0 warp 0 0x80000148 0x5e0040d7 v  1 11111111111111111111111111111111 00000000 00000000 00000000 00000000 00000000 00000000 00000000 00000000 00000000 00000000 00000000 00000000 00000000 00000000 00000000 00000000 00000000 00000000 00000000 00000000 00000000 00000000 00000000 00000000 00000000 00000000 00000000 00000000 00000000 00000000 00000000 00000000 
sm   1 warp 1 0x800000d0 0x00052283 lsu.r x   5 op 0 @ 90003000+00000000
sm   0 warp 0 0x8000014c 0x00000317 x  6  8000014c
sm   0 warp 3 0x80000138 0x5e02c0d7 v  1 11111111111111111111111111111111 00000001 00000001 00000001 00000001 00000001 00000001 00000001 00000001 00000001 00000001 00000001 00000001 00000001 00000001 00000001 00000001 00000001 00000001 00000001 00000001 00000001 00000001 00000001 00000001 00000001 00000001 00000001 00000001 00000001 00000001 00000001 00000001 
sm   1 warp 1 0x800000cc 0xfe512c23 lsu.w finish
sm   0 warp 2 0x80000148 0x5e0040d7 v  1 11111111111111111111111111111111 00000000 00000000 00000000 00000000 00000000 00000000 00000000 00000000 00000000 00000000 00000000 00000000 00000000 00000000 00000000 00000000 00000000 00000000 00000000 00000000 00000000 00000000 00000000 00000000 00000000 00000000 00000000 00000000 00000000 00000000 00000000 00000000 
sm 0 warp 1 0x80000140 0x0383305b  setrpc 0x80000174 
sm   0 warp 1 0x80000140 0x0383305b x  0  80000174
sm   1 warp 2 0x800000d4 0xfe512a23 lsu.w x   5 op 3 90000000 @ 70000810+fffffff4
sm   1 warp 2 0x800000d8 0x5e004057 v  0 11111111111111111111111111111111 00000000 00000000 00000000 00000000 00000000 00000000 00000000 00000000 00000000 00000000 00000000 00000000 00000000 00000000 00000000 00000000 00000000 00000000 00000000 00000000 00000000 00000000 00000000 00000000 00000000 00000000 00000000 00000000 00000000 00000000 00000000 00000000 
sm   0 warp 3 0x8000013c 0x00000317 x  6  8000013c
sm   0 warp 2 0x8000014c 0x00000317 x  6  8000014c
sm   1 warp 2 0x800000dc 0x03c000ef x  1  800000e0
sm 0 warp 0 0x80000150 0x0283305b  setrpc 0x80000174 
sm   1 warp 2 0x800000dc 0x03c000ef Jump? 1  80000118
sm   0 warp 0 0x80000150 0x0283305b x  0  80000174
sm   1 warp 0 0x80000118 0x00410113 x  2  70000014
sm   1 warp 3 0x800000d4 0xfe512a23 lsu.w x   5 op 3 90000000 @ 70000c10+fffffff4
sm   1 warp 3 0x800000d8 0x5e004057 v  0 11111111111111111111111111111111 00000000 00000000 00000000 00000000 00000000 00000000 00000000 00000000 00000000 00000000 00000000 00000000 00000000 00000000 00000000 00000000 00000000 00000000 00000000 00000000 00000000 00000000 00000000 00000000 00000000 00000000 00000000 00000000 00000000 00000000 00000000 00000000 
sm   0 warp 1 0x80000144 0x0200825b vbranch     current mask and npc:   11111111111111111111111111111111 0x80000148, take_if=1, if_mask = 11111111111111111111111111111111
sm   1 warp 3 0x800000dc 0x03c000ef x  1  800000e0
sm 0 warp 3 0x80000140 0x0383305b  setrpc 0x80000174 
sm   1 warp 3 0x800000dc 0x03c000ef Jump? 1  80000118
sm   1 warp 0 0x800000d4 0xfe512a23 lsu.w finish
sm   0 warp 3 0x80000140 0x0383305b x  0  80000174
sm   1 warp 1 0x800000d0 0x00052283 x  5  90000000
sm 0 warp 2 0x80000150 0x0283305b  setrpc 0x80000174 
sm   0 warp 2 0x80000150 0x0283305b x  0  80000174
sm   0 warp 0 0x80000154 0x00009e5b vbranch     current mask and npc:   11111111111111111111111111111111 0x80000158, take_if=1, if_mask = 11111111111111111111111111111111
sm   0 warp 1 0x80000148 0x5e0040d7 v  1 11111111111111111111111111111111 00000000 00000000 00000000 00000000 00000000 00000000 00000000 00000000 00000000 00000000 00000000 00000000 00000000 00000000 00000000 00000000 00000000 00000000 00000000 00000000 00000000 00000000 00000000 00000000 00000000 00000000 00000000 00000000 00000000 00000000 00000000 00000000 
sm   1 warp 2 0x800000d4 0xfe512a23 lsu.w finish
sm   0 warp 0 0x80000158 0x1a0000ef x  1  8000015c
sm   0 warp 0 0x80000158 0x1a0000ef Jump? 1  800002f8
sm   0 warp 3 0x80000144 0x0200825b vbranch     current mask and npc:   11111111111111111111111111111111 0x80000148, take_if=1, if_mask = 11111111111111111111111111111111
sm   0 warp 1 0x8000014c 0x00000317 x  6  8000014c
sm   1 warp 2 0x80000118 0x00410113 x  2  70000814
sm   1 warp 0 0x8000011c 0xfe112e23 lsu.w x   1 op 3 800000e0 @ 70000014+fffffffc
sm   1 warp 0 0x80000120 0x00200293 x  5  00000002
sm   0 warp 2 0x80000154 0x00009e5b vbranch     current mask and npc:   11111111111111111111111111111111 0x80000158, take_if=1, if_mask = 11111111111111111111111111111111
sm   1 warp 3 0x800000d4 0xfe512a23 lsu.w finish
sm   0 warp 2 0x80000158 0x1a0000ef Jump? 1  800002f8
sm   0 warp 2 0x80000158 0x1a0000ef x  1  8000015c
sm   1 warp 1 0x800000d4 0xfe512a23 lsu.w x   5 op 3 90000000 @ 70000410+fffffff4
sm   0 warp 3 0x80000148 0x5e0040d7 v  1 11111111111111111111111111111111 00000000 00000000 00000000 00000000 00000000 00000000 00000000 00000000 00000000 00000000 00000000 00000000 00000000 00000000 00000000 00000000 00000000 00000000 00000000 00000000 00000000 00000000 00000000 00000000 00000000 00000000 00000000 00000000 00000000 00000000 00000000 00000000 
sm   1 warp 1 0x800000d8 0x5e004057 v  0 11111111111111111111111111111111 00000000 00000000 00000000 00000000 00000000 00000000 00000000 00000000 00000000 00000000 00000000 00000000 00000000 00000000 00000000 00000000 00000000 00000000 00000000 00000000 00000000 00000000 00000000 00000000 00000000 00000000 00000000 00000000 00000000 00000000 00000000 00000000 
sm 0 warp 1 0x80000150 0x0283305b  setrpc 0x80000174 
sm   0 warp 1 0x80000150 0x0283305b x  0  80000174
sm   0 warp 3 0x8000014c 0x00000317 x  6  8000014c
sm   1 warp 1 0x800000dc 0x03c000ef x  1  800000e0
sm   1 warp 0 0x80000124 0x5e02c0d7 v  1 11111111111111111111111111111111 00000002 00000002 00000002 00000002 00000002 00000002 00000002 00000002 00000002 00000002 00000002 00000002 00000002 00000002 00000002 00000002 00000002 00000002 00000002 00000002 00000002 00000002 00000002 00000002 00000002 00000002 00000002 00000002 00000002 00000002 00000002 00000002 
sm   1 warp 0 0x8000011c 0xfe112e23 lsu.w finish
sm   1 warp 1 0x800000dc 0x03c000ef Jump? 1  80000118
sm   1 warp 0 0x80000128 0x00000317 x  6  80000128
sm   1 warp 2 0x8000011c 0xfe112e23 lsu.w x   1 op 3 800000e0 @ 70000814+fffffffc
sm   0 warp 0 0x800002f8 0x00410113 x  2  70000018
sm   0 warp 1 0x80000154 0x00009e5b vbranch     current mask and npc:   11111111111111111111111111111111 0x80000158, take_if=1, if_mask = 11111111111111111111111111111111
sm   1 warp 2 0x80000120 0x00200293 x  5  00000002
sm 0 warp 3 0x80000150 0x0283305b  setrpc 0x80000174 
sm   1 warp 1 0x800000d4 0xfe512a23 lsu.w finish
sm   0 warp 3 0x80000150 0x0283305b x  0  80000174
sm   0 warp 1 0x80000158 0x1a0000ef x  1  8000015c
sm   0 warp 1 0x80000158 0x1a0000ef Jump? 1  800002f8
sm 1 warp 0 0x8000012c 0x04c3305b  setrpc 0x80000174 
sm   0 warp 2 0x800002f8 0x00410113 x  2  70000818
sm   1 warp 0 0x8000012c 0x04c3305b x  0  80000174
sm   1 warp 2 0x8000011c 0xfe112e23 lsu.w finish
sm   1 warp 2 0x80000124 0x5e02c0d7 v  1 11111111111111111111111111111111 00000002 00000002 00000002 00000002 00000002 00000002 00000002 00000002 00000002 00000002 00000002 00000002 00000002 00000002 00000002 00000002 00000002 00000002 00000002 00000002 00000002 00000002 00000002 00000002 00000002 00000002 00000002 00000002 00000002 00000002 00000002 00000002 
sm   0 warp 3 0x80000154 0x00009e5b vbranch     current mask and npc:   11111111111111111111111111111111 0x80000158, take_if=1, if_mask = 11111111111111111111111111111111
sm   0 warp 0 0x800002fc 0xfe112e23 lsu.w x   1 op 3 8000015c @ 70000018+fffffffc
sm   0 warp 0 0x80000300 0xf1dff0ef Jump? 1  8000021c
sm   0 warp 0 0x80000300 0xf1dff0ef x  1  80000304
sm   1 warp 2 0x80000128 0x00000317 x  6  80000128
sm   1 warp 1 0x80000118 0x00410113 x  2  70000414
sm   1 warp 0 0x80000130 0x0200885b vbranch     current mask and npc:   11111111111111111111111111111111 0x80000134, take_if=1, if_mask = 11111111111111111111111111111111
sm   0 warp 2 0x800002fc 0xfe112e23 lsu.w x   1 op 3 8000015c @ 70000818+fffffffc
sm 1 warp 2 0x8000012c 0x04c3305b  setrpc 0x80000174 
sm   0 warp 2 0x80000300 0xf1dff0ef Jump? 1  8000021c
sm   0 warp 2 0x80000300 0xf1dff0ef x  1  80000304
sm   1 warp 2 0x8000012c 0x04c3305b x  0  80000174
sm   0 warp 0 0x800002fc 0xfe112e23 lsu.w finish
sm   0 warp 1 0x800002f8 0x00410113 x  2  70000418
sm   1 warp 0 0x80000134 0x00100293 x  5  00000001
sm   1 warp 1 0x8000011c 0xfe112e23 lsu.w x   1 op 3 800000e0 @ 70000414+fffffffc
sm   0 warp 2 0x800002fc 0xfe112e23 lsu.w finish
sm   0 warp 0 0x8000021c 0x00410113 x  2  7000001c
sm   1 warp 2 0x80000130 0x0200885b vbranch     current mask and npc:   11111111111111111111111111111111 0x80000134, take_if=1, if_mask = 11111111111111111111111111111111
sm   1 warp 1 0x80000120 0x00200293 x  5  00000002
sm   1 warp 0 0x80000138 0x5e02c0d7 v  1 11111111111111111111111111111111 00000001 00000001 00000001 00000001 00000001 00000001 00000001 00000001 00000001 00000001 00000001 00000001 00000001 00000001 00000001 00000001 00000001 00000001 00000001 00000001 00000001 00000001 00000001 00000001 00000001 00000001 00000001 00000001 00000001 00000001 00000001 00000001 
sm   0 warp 1 0x800002fc 0xfe112e23 lsu.w x   1 op 3 8000015c @ 70000418+fffffffc
sm   1 warp 1 0x8000011c 0xfe112e23 lsu.w finish
sm   0 warp 1 0x80000300 0xf1dff0ef Jump? 1  8000021c
sm   0 warp 1 0x80000300 0xf1dff0ef x  1  80000304
sm   1 warp 0 0x8000013c 0x00000317 x  6  8000013c
sm   1 warp 2 0x80000134 0x00100293 x  5  00000001
sm   1 warp 1 0x80000124 0x5e02c0d7 v  1 11111111111111111111111111111111 00000002 00000002 00000002 00000002 00000002 00000002 00000002 00000002 00000002 00000002 00000002 00000002 00000002 00000002 00000002 00000002 00000002 00000002 00000002 00000002 00000002 00000002 00000002 00000002 00000002 00000002 00000002 00000002 00000002 00000002 00000002 00000002 
sm   0 warp 0 0x80000220 0xfe112e23 lsu.w x   1 op 3 80000304 @ 7000001c+fffffffc
sm   0 warp 2 0x8000021c 0x00410113 x  2  7000081c
sm   1 warp 3 0x80000118 0x00410113 x  2  70000c14
sm   0 warp 1 0x800002fc 0xfe112e23 lsu.w finish
sm   0 warp 0 0x80000224 0x80302573 x 10  90404000
sm   1 warp 1 0x80000128 0x00000317 x  6  80000128
sm 1 warp 0 0x80000140 0x0383305b  setrpc 0x80000174 
sm   1 warp 0 0x80000140 0x0383305b x  0  80000174
sm   1 warp 2 0x80000138 0x5e02c0d7 v  1 11111111111111111111111111111111 00000001 00000001 00000001 00000001 00000001 00000001 00000001 00000001 00000001 00000001 00000001 00000001 00000001 00000001 00000001 00000001 00000001 00000001 00000001 00000001 00000001 00000001 00000001 00000001 00000001 00000001 00000001 00000001 00000001 00000001 00000001 00000001 
sm   0 warp 0 0x80000220 0xfe112e23 lsu.w finish
sm   1 warp 2 0x8000013c 0x00000317 x  6  8000013c
sm   0 warp 1 0x8000021c 0x00410113 x  2  7000041c
sm   0 warp 2 0x80000220 0xfe112e23 lsu.w x   1 op 3 80000304 @ 7000081c+fffffffc
sm   1 warp 3 0x8000011c 0xfe112e23 lsu.w x   1 op 3 800000e0 @ 70000c14+fffffffc
sm 1 warp 1 0x8000012c 0x04c3305b  setrpc 0x80000174 
sm   1 warp 0 0x80000144 0x0200825b vbranch     current mask and npc:   11111111111111111111111111111111 0x80000148, take_if=1, if_mask = 11111111111111111111111111111111
sm   1 warp 1 0x8000012c 0x04c3305b x  0  80000174
sm 1 warp 2 0x80000140 0x0383305b  setrpc 0x80000174 
sm   0 warp 2 0x80000224 0x80302573 x 10  90404000
sm   1 warp 2 0x80000140 0x0383305b x  0  80000174
sm   0 warp 0 0x80000228 0x00852283 lsu.r x   5 op 0 @ 90404000+00000008
sm   0 warp 0 0x8000022c 0x80002373 x  6  00000000
sm   1 warp 3 0x80000120 0x00200293 x  5  00000002
sm   1 warp 1 0x80000130 0x0200885b vbranch     current mask and npc:   11111111111111111111111111111111 0x80000134, take_if=1, if_mask = 11111111111111111111111111111111
sm   0 warp 2 0x80000220 0xfe112e23 lsu.w finish
sm   1 warp 3 0x8000011c 0xfe112e23 lsu.w finish
sm   1 warp 0 0x80000148 0x5e0040d7 v  1 11111111111111111111111111111111 00000000 00000000 00000000 00000000 00000000 00000000 00000000 00000000 00000000 00000000 00000000 00000000 00000000 00000000 00000000 00000000 00000000 00000000 00000000 00000000 00000000 00000000 00000000 00000000 00000000 00000000 00000000 00000000 00000000 00000000 00000000 00000000 
sm   0 warp 1 0x80000220 0xfe112e23 lsu.w x   1 op 3 80000304 @ 7000041c+fffffffc
sm   0 warp 0 0x80000230 0x5208a157 v  2 11111111111111111111111111111111 0000001f 0000001e 0000001d 0000001c 0000001b 0000001a 00000019 00000018 00000017 00000016 00000015 00000014 00000013 00000012 00000011 00000010 0000000f 0000000e 0000000d 0000000c 0000000b 0000000a 00000009 00000008 00000007 00000006 00000005 00000004 00000003 00000002 00000001 00000000 
sm   1 warp 2 0x80000144 0x0200825b vbranch     current mask and npc:   11111111111111111111111111111111 0x80000148, take_if=1, if_mask = 11111111111111111111111111111111
sm   1 warp 0 0x8000014c 0x00000317 x  6  8000014c
sm   0 warp 0 0x80000228 0x00852283 x  5  00000001
sm   1 warp 3 0x80000124 0x5e02c0d7 v  1 11111111111111111111111111111111 00000002 00000002 00000002 00000002 00000002 00000002 00000002 00000002 00000002 00000002 00000002 00000002 00000002 00000002 00000002 00000002 00000002 00000002 00000002 00000002 00000002 00000002 00000002 00000002 00000002 00000002 00000002 00000002 00000002 00000002 00000002 00000002 
sm   0 warp 1 0x80000224 0x80302573 x 10  90404000
sm   1 warp 1 0x80000134 0x00100293 x  5  00000001
sm   0 warp 2 0x80000228 0x00852283 lsu.r x   5 op 0 @ 90404000+00000008
sm   0 warp 2 0x8000022c 0x80002373 x  6  00000040
sm   1 warp 3 0x80000128 0x00000317 x  6  80000128
sm   1 warp 2 0x80000148 0x5e0040d7 v  1 11111111111111111111111111111111 00000000 00000000 00000000 00000000 00000000 00000000 00000000 00000000 00000000 00000000 00000000 00000000 00000000 00000000 00000000 00000000 00000000 00000000 00000000 00000000 00000000 00000000 00000000 00000000 00000000 00000000 00000000 00000000 00000000 00000000 00000000 00000000 
sm   0 warp 0 0x80000234 0x02234057 v  0 11111111111111111111111111111111 0000001f 0000001e 0000001d 0000001c 0000001b 0000001a 00000019 00000018 00000017 00000016 00000015 00000014 00000013 00000012 00000011 00000010 0000000f 0000000e 0000000d 0000000c 0000000b 0000000a 00000009 00000008 00000007 00000006 00000005 00000004 00000003 00000002 00000001 00000000 
sm 1 warp 0 0x80000150 0x0283305b  setrpc 0x80000174 
sm   0 warp 1 0x80000220 0xfe112e23 lsu.w finish
sm   0 warp 2 0x80000230 0x5208a157 v  2 11111111111111111111111111111111 0000001f 0000001e 0000001d 0000001c 0000001b 0000001a 00000019 00000018 00000017 00000016 00000015 00000014 00000013 00000012 00000011 00000010 0000000f 0000000e 0000000d 0000000c 0000000b 0000000a 00000009 00000008 00000007 00000006 00000005 00000004 00000003 00000002 00000001 00000000 
sm   1 warp 0 0x80000150 0x0283305b x  0  80000174
sm   1 warp 2 0x8000014c 0x00000317 x  6  8000014c
sm   0 warp 3 0x80000158 0x1a0000ef x  1  8000015c
sm   0 warp 3 0x80000158 0x1a0000ef Jump? 1  800002f8
sm   1 warp 1 0x80000138 0x5e02c0d7 v  1 11111111111111111111111111111111 00000001 00000001 00000001 00000001 00000001 00000001 00000001 00000001 00000001 00000001 00000001 00000001 00000001 00000001 00000001 00000001 00000001 00000001 00000001 00000001 00000001 00000001 00000001 00000001 00000001 00000001 00000001 00000001 00000001 00000001 00000001 00000001 
sm 1 warp 3 0x8000012c 0x04c3305b  setrpc 0x80000174 
sm   1 warp 3 0x8000012c 0x04c3305b x  0  80000174
sm   0 warp 1 0x80000228 0x00852283 lsu.r x   5 op 0 @ 90404000+00000008
sm   0 warp 2 0x80000228 0x00852283 x  5  00000001
sm   1 warp 1 0x8000013c 0x00000317 x  6  8000013c
sm   1 warp 0 0x80000154 0x00009e5b vbranch     current mask and npc:   11111111111111111111111111111111 0x80000158, take_if=1, if_mask = 11111111111111111111111111111111
sm   0 warp 1 0x8000022c 0x80002373 x  6  00000020
sm   0 warp 2 0x80000234 0x02234057 v  0 11111111111111111111111111111111 0000005f 0000005e 0000005d 0000005c 0000005b 0000005a 00000059 00000058 00000057 00000056 00000055 00000054 00000053 00000052 00000051 00000050 0000004f 0000004e 0000004d 0000004c 0000004b 0000004a 00000049 00000048 00000047 00000046 00000045 00000044 00000043 00000042 00000041 00000040 
sm   0 warp 0 0x80000238 0x01852e03 lsu.r x  28 op 0 @ 90404000+00000018
sm   0 warp 1 0x80000230 0x5208a157 v  2 11111111111111111111111111111111 0000001f 0000001e 0000001d 0000001c 0000001b 0000001a 00000019 00000018 00000017 00000016 00000015 00000014 00000013 00000012 00000011 00000010 0000000f 0000000e 0000000d 0000000c 0000000b 0000000a 00000009 00000008 00000007 00000006 00000005 00000004 00000003 00000002 00000001 00000000 
sm   1 warp 0 0x80000158 0x1a0000ef x  1  8000015c
sm 1 warp 2 0x80000150 0x0283305b  setrpc 0x80000174 
sm   1 warp 3 0x80000130 0x0200885b vbranch     current mask and npc:   11111111111111111111111111111111 0x80000134, take_if=1, if_mask = 11111111111111111111111111111111
sm   0 warp 1 0x80000228 0x00852283 x  5  00000001
sm   1 warp 2 0x80000150 0x0283305b x  0  80000174
sm   1 warp 0 0x80000158 0x1a0000ef Jump? 1  800002f8
sm 1 warp 1 0x80000140 0x0383305b  setrpc 0x80000174 
sm   1 warp 1 0x80000140 0x0383305b x  0  80000174
sm   0 warp 0 0x80000238 0x01852e03 x 28  00000020
sm   0 warp 1 0x80000234 0x02234057 v  0 11111111111111111111111111111111 0000003f 0000003e 0000003d 0000003c 0000003b 0000003a 00000039 00000038 00000037 00000036 00000035 00000034 00000033 00000032 00000031 00000030 0000002f 0000002e 0000002d 0000002c 0000002b 0000002a 00000029 00000028 00000027 00000026 00000025 00000024 00000023 00000022 00000021 00000020 
sm   1 warp 3 0x80000134 0x00100293 x  5  00000001
sm   1 warp 2 0x80000154 0x00009e5b vbranch     current mask and npc:   11111111111111111111111111111111 0x80000158, take_if=1, if_mask = 11111111111111111111111111111111
sm   0 warp 2 0x80000238 0x01852e03 lsu.r x  28 op 0 @ 90404000+00000018
sm   1 warp 1 0x80000144 0x0200825b vbranch     current mask and npc:   11111111111111111111111111111111 0x80000148, take_if=1, if_mask = 11111111111111111111111111111111
sm   0 warp 3 0x800002f8 0x00410113 x  2  70000c18
sm   1 warp 2 0x80000158 0x1a0000ef x  1  8000015c
sm   1 warp 2 0x80000158 0x1a0000ef Jump? 1  800002f8
sm   1 warp 0 0x800002f8 0x00410113 x  2  70000018
sm   0 warp 2 0x80000238 0x01852e03 x 28  00000020
sm   1 warp 1 0x80000148 0x5e0040d7 v  1 11111111111111111111111111111111 00000000 00000000 00000000 00000000 00000000 00000000 00000000 00000000 00000000 00000000 00000000 00000000 00000000 00000000 00000000 00000000 00000000 00000000 00000000 00000000 00000000 00000000 00000000 00000000 00000000 00000000 00000000 00000000 00000000 00000000 00000000 00000000 
sm   1 warp 3 0x80000138 0x5e02c0d7 v  1 11111111111111111111111111111111 00000001 00000001 00000001 00000001 00000001 00000001 00000001 00000001 00000001 00000001 00000001 00000001 00000001 00000001 00000001 00000001 00000001 00000001 00000001 00000001 00000001 00000001 00000001 00000001 00000001 00000001 00000001 00000001 00000001 00000001 00000001 00000001 
sm   0 warp 1 0x80000238 0x01852e03 lsu.r x  28 op 0 @ 90404000+00000018
sm   1 warp 1 0x8000014c 0x00000317 x  6  8000014c
sm   1 warp 3 0x8000013c 0x00000317 x  6  8000013c
sm   0 warp 0 0x80000240 0xffc12083 lsu.r x   1 op 3 @ 7000001c+fffffffc
sm   1 warp 0 0x800002fc 0xfe112e23 lsu.w x   1 op 3 8000015c @ 70000018+fffffffc
sm   0 warp 0 0x80000244 0xffc10113 x  2  70000018
sm   1 warp 0 0x80000300 0xf1dff0ef x  1  80000304
sm   1 warp 0 0x80000300 0xf1dff0ef Jump? 1  8000021c
sm   0 warp 3 0x80000300 0xf1dff0ef x  1  80000304
sm   0 warp 3 0x80000300 0xf1dff0ef Jump? 1  8000021c
sm   1 warp 2 0x800002f8 0x00410113 x  2  70000818
sm   0 warp 3 0x800002fc 0xfe112e23 lsu.w x   1 op 3 8000015c @ 70000c18+fffffffc
sm 1 warp 1 0x80000150 0x0283305b  setrpc 0x80000174 
sm   0 warp 1 0x80000238 0x01852e03 x 28  00000020
sm   1 warp 1 0x80000150 0x0283305b x  0  80000174
sm 1 warp 3 0x80000140 0x0383305b  setrpc 0x80000174 
sm   1 warp 3 0x80000140 0x0383305b x  0  80000174
sm   1 warp 0 0x800002fc 0xfe112e23 lsu.w finish
sm   0 warp 0 0x8000023c 0x8a0e6057 v  0 11111111111111111111111111111111 0000001f 0000001e 0000001d 0000001c 0000001b 0000001a 00000019 00000018 00000017 00000016 00000015 00000014 00000013 00000012 00000011 00000010 0000000f 0000000e 0000000d 0000000c 0000000b 0000000a 00000009 00000008 00000007 00000006 00000005 00000004 00000003 00000002 00000001 00000000 
sm   0 warp 0 0x80000240 0xffc12083 x  1  80000304
sm   1 warp 2 0x800002fc 0xfe112e23 lsu.w x   1 op 3 8000015c @ 70000818+fffffffc
sm   1 warp 1 0x80000154 0x00009e5b vbranch     current mask and npc:   11111111111111111111111111111111 0x80000158, take_if=1, if_mask = 11111111111111111111111111111111
sm   1 warp 2 0x80000300 0xf1dff0ef x  1  80000304
sm   1 warp 2 0x80000300 0xf1dff0ef Jump? 1  8000021c
sm   1 warp 0 0x8000021c 0x00410113 x  2  7000001c
sm   1 warp 3 0x80000144 0x0200825b vbranch     current mask and npc:   11111111111111111111111111111111 0x80000148, take_if=1, if_mask = 11111111111111111111111111111111
sm   0 warp 3 0x800002fc 0xfe112e23 lsu.w finish
sm   0 warp 3 0x8000021c 0x00410113 x  2  70000c1c
sm   1 warp 1 0x80000158 0x1a0000ef x  1  8000015c
sm   0 warp 0 0x80000248 0x00008067 x  0  8000024c
sm   1 warp 1 0x80000158 0x1a0000ef Jump? 1  800002f8
sm   0 warp 0 0x80000248 0x00008067 Jump? 1  80000304
sm   1 warp 2 0x800002fc 0xfe112e23 lsu.w finish
sm   1 warp 0 0x80000220 0xfe112e23 lsu.w x   1 op 3 80000304 @ 7000001c+fffffffc
sm   1 warp 2 0x8000021c 0x00410113 x  2  7000081c
sm   1 warp 0 0x80000224 0x80302573 x 10  90404000
sm   1 warp 0 0x80000220 0xfe112e23 lsu.w finish
sm   0 warp 0 0x80000304 0x80302573 x 10  90404000
sm   1 warp 1 0x800002f8 0x00410113 x  2  70000418
sm   1 warp 2 0x80000220 0xfe112e23 lsu.w x   1 op 3 80000304 @ 7000081c+fffffffc
sm   0 warp 0 0x80000308 0x80802373 x  6  00000006
sm   1 warp 2 0x80000224 0x80302573 x 10  90404000
sm   1 warp 0 0x80000228 0x00852283 lsu.r x   5 op 0 @ 90404000+00000008
sm   1 warp 0 0x8000022c 0x80002373 x  6  00000000
sm   1 warp 1 0x80000300 0xf1dff0ef x  1  80000304
sm   1 warp 1 0x80000300 0xf1dff0ef Jump? 1  8000021c
sm   1 warp 2 0x80000220 0xfe112e23 lsu.w finish
sm   0 warp 0 0x8000030c 0x01852e03 lsu.r x  28 op 0 @ 90404000+00000018
sm   1 warp 0 0x80000230 0x5208a157 v  2 11111111111111111111111111111111 0000001f 0000001e 0000001d 0000001c 0000001b 0000001a 00000019 00000018 00000017 00000016 00000015 00000014 00000013 00000012 00000011 00000010 0000000f 0000000e 0000000d 0000000c 0000000b 0000000a 00000009 00000008 00000007 00000006 00000005 00000004 00000003 00000002 00000001 00000000 
sm   0 warp 2 0x8000023c 0x8a0e6057 v  0 11111111111111111111111111111111 0000001f 0000001e 0000001d 0000001c 0000001b 0000001a 00000019 00000018 00000017 00000016 00000015 00000014 00000013 00000012 00000011 00000010 0000000f 0000000e 0000000d 0000000c 0000000b 0000000a 00000009 00000008 00000007 00000006 00000005 00000004 00000003 00000002 00000001 00000000 
sm   1 warp 1 0x800002fc 0xfe112e23 lsu.w x   1 op 3 8000015c @ 70000418+fffffffc
sm   1 warp 0 0x80000228 0x00852283 x  5  00000001
sm   0 warp 2 0x80000240 0xffc12083 lsu.r x   1 op 3 @ 7000081c+fffffffc
sm   1 warp 2 0x80000228 0x00852283 lsu.r x   5 op 0 @ 90404000+00000008
sm   1 warp 0 0x80000234 0x02234057 v  0 11111111111111111111111111111111 0000001f 0000001e 0000001d 0000001c 0000001b 0000001a 00000019 00000018 00000017 00000016 00000015 00000014 00000013 00000012 00000011 00000010 0000000f 0000000e 0000000d 0000000c 0000000b 0000000a 00000009 00000008 00000007 00000006 00000005 00000004 00000003 00000002 00000001 00000000 
sm   0 warp 0 0x8000030c 0x01852e03 x 28  00000020
sm   0 warp 2 0x80000244 0xffc10113 x  2  70000818
sm   1 warp 2 0x8000022c 0x80002373 x  6  00000040
sm   1 warp 1 0x800002fc 0xfe112e23 lsu.w finish
sm   0 warp 3 0x80000224 0x80302573 x 10  90404000
sm   0 warp 3 0x80000220 0xfe112e23 lsu.w x   1 op 3 80000304 @ 70000c1c+fffffffc
sm   1 warp 1 0x8000021c 0x00410113 x  2  7000041c
sm   1 warp 2 0x80000230 0x5208a157 v  2 11111111111111111111111111111111 0000001f 0000001e 0000001d 0000001c 0000001b 0000001a 00000019 00000018 00000017 00000016 00000015 00000014 00000013 00000012 00000011 00000010 0000000f 0000000e 0000000d 0000000c 0000000b 0000000a 00000009 00000008 00000007 00000006 00000005 00000004 00000003 00000002 00000001 00000000 
sm   0 warp 2 0x80000240 0xffc12083 x  1  80000304
sm   1 warp 2 0x80000228 0x00852283 x  5  00000001
sm   0 warp 0 0x80000310 0x02452e83 lsu.r x  29 op 0 @ 90404000+00000024
sm   1 warp 0 0x80000238 0x01852e03 lsu.r x  28 op 0 @ 90404000+00000018
sm   0 warp 0 0x80000314 0x03c30fb3 x 31  000000c0
sm   0 warp 3 0x80000220 0xfe112e23 lsu.w finish
sm   0 warp 1 0x80000244 0xffc10113 x  2  70000418
sm   1 warp 1 0x80000220 0xfe112e23 lsu.w x   1 op 3 80000304 @ 7000041c+fffffffc
sm   1 warp 2 0x80000234 0x02234057 v  0 11111111111111111111111111111111 0000005f 0000005e 0000005d 0000005c 0000005b 0000005a 00000059 00000058 00000057 00000056 00000055 00000054 00000053 00000052 00000051 00000050 0000004f 0000004e 0000004d 0000004c 0000004b 0000004a 00000049 00000048 00000047 00000046 00000045 00000044 00000043 00000042 00000041 00000040 
sm   0 warp 2 0x80000248 0x00008067 x  0  8000024c
sm   0 warp 2 0x80000248 0x00008067 Jump? 1  80000304
sm   0 warp 1 0x80000240 0xffc12083 lsu.r x   1 op 3 @ 7000041c+fffffffc
sm   1 warp 0 0x80000238 0x01852e03 x 28  00000020
sm   0 warp 0 0x80000310 0x02452e83 x 29  00000000
sm   1 warp 1 0x80000224 0x80302573 x 10  90404000
sm   0 warp 3 0x8000022c 0x80002373 x  6  00000060
sm   0 warp 3 0x80000228 0x00852283 lsu.r x   5 op 0 @ 90404000+00000008
sm   1 warp 1 0x80000220 0xfe112e23 lsu.w finish
sm   0 warp 3 0x80000230 0x5208a157 v  2 11111111111111111111111111111111 0000001f 0000001e 0000001d 0000001c 0000001b 0000001a 00000019 00000018 00000017 00000016 00000015 00000014 00000013 00000012 00000011 00000010 0000000f 0000000e 0000000d 0000000c 0000000b 0000000a 00000009 00000008 00000007 00000006 00000005 00000004 00000003 00000002 00000001 00000000 
sm   1 warp 3 0x80000148 0x5e0040d7 v  1 11111111111111111111111111111111 00000000 00000000 00000000 00000000 00000000 00000000 00000000 00000000 00000000 00000000 00000000 00000000 00000000 00000000 00000000 00000000 00000000 00000000 00000000 00000000 00000000 00000000 00000000 00000000 00000000 00000000 00000000 00000000 00000000 00000000 00000000 00000000 
sm   0 warp 1 0x80000240 0xffc12083 x  1  80000304
sm   1 warp 2 0x80000238 0x01852e03 lsu.r x  28 op 0 @ 90404000+00000018
sm   0 warp 0 0x80000318 0x01df8fb3 x 31  000000c0
sm   0 warp 1 0x8000023c 0x8a0e6057 v  0 11111111111111111111111111111111 0000001f 0000001e 0000001d 0000001c 0000001b 0000001a 00000019 00000018 00000017 00000016 00000015 00000014 00000013 00000012 00000011 00000010 0000000f 0000000e 0000000d 0000000c 0000000b 0000000a 00000009 00000008 00000007 00000006 00000005 00000004 00000003 00000002 00000001 00000000 
sm   1 warp 3 0x8000014c 0x00000317 x  6  8000014c
sm   0 warp 3 0x80000228 0x00852283 x  5  00000001
sm   1 warp 1 0x80000228 0x00852283 lsu.r x   5 op 0 @ 90404000+00000008
sm   0 warp 2 0x80000304 0x80302573 x 10  90404000
sm   0 warp 3 0x80000234 0x02234057 v  0 11111111111111111111111111111111 0000007f 0000007e 0000007d 0000007c 0000007b 0000007a 00000079 00000078 00000077 00000076 00000075 00000074 00000073 00000072 00000071 00000070 0000006f 0000006e 0000006d 0000006c 0000006b 0000006a 00000069 00000068 00000067 00000066 00000065 00000064 00000063 00000062 00000061 00000060 
sm   0 warp 1 0x80000248 0x00008067 x  0  8000024c
sm   0 warp 1 0x80000248 0x00008067 Jump? 1  80000304
sm   1 warp 2 0x80000238 0x01852e03 x 28  00000020
sm 1 warp 3 0x80000150 0x0283305b  setrpc 0x80000174 
sm   0 warp 0 0x8000031c 0x020fc057 v  0 11111111111111111111111111111111 000000df 000000de 000000dd 000000dc 000000db 000000da 000000d9 000000d8 000000d7 000000d6 000000d5 000000d4 000000d3 000000d2 000000d1 000000d0 000000cf 000000ce 000000cd 000000cc 000000cb 000000ca 000000c9 000000c8 000000c7 000000c6 000000c5 000000c4 000000c3 000000c2 000000c1 000000c0 
sm   1 warp 1 0x8000022c 0x80002373 x  6  00000020
sm 1 warp 3 0x80000150 0x0283305b  setrpc 0x80000174 
sm   0 warp 2 0x80000308 0x80802373 x  6  00000006
sm   1 warp 3 0x80000150 0x0283305b x  0  80000174
sm   1 warp 0 0x80000240 0xffc12083 lsu.r x   1 op 3 @ 7000001c+fffffffc
sm   1 warp 1 0x80000230 0x5208a157 v  2 11111111111111111111111111111111 0000001f 0000001e 0000001d 0000001c 0000001b 0000001a 00000019 00000018 00000017 00000016 00000015 00000014 00000013 00000012 00000011 00000010 0000000f 0000000e 0000000d 0000000c 0000000b 0000000a 00000009 00000008 00000007 00000006 00000005 00000004 00000003 00000002 00000001 00000000 
sm   1 warp 0 0x80000244 0xffc10113 x  2  70000018
sm   0 warp 3 0x80000238 0x01852e03 lsu.r x  28 op 0 @ 90404000+00000018
sm   1 warp 1 0x80000228 0x00852283 x  5  00000001
sm   0 warp 0 0x80000320 0xffc12083 lsu.r x   1 op 3 @ 70000018+fffffffc
sm   1 warp 1 0x80000234 0x02234057 v  0 11111111111111111111111111111111 0000003f 0000003e 0000003d 0000003c 0000003b 0000003a 00000039 00000038 00000037 00000036 00000035 00000034 00000033 00000032 00000031 00000030 0000002f 0000002e 0000002d 0000002c 0000002b 0000002a 00000029 00000028 00000027 00000026 00000025 00000024 00000023 00000022 00000021 00000020 
sm   1 warp 0 0x80000240 0xffc12083 x  1  80000304
sm   1 warp 0 0x8000023c 0x8a0e6057 v  0 11111111111111111111111111111111 0000001f 0000001e 0000001d 0000001c 0000001b 0000001a 00000019 00000018 00000017 00000016 00000015 00000014 00000013 00000012 00000011 00000010 0000000f 0000000e 0000000d 0000000c 0000000b 0000000a 00000009 00000008 00000007 00000006 00000005 00000004 00000003 00000002 00000001 00000000 
sm   0 warp 0 0x80000324 0xffc10113 x  2  70000014
sm   0 warp 1 0x80000304 0x80302573 x 10  90404000
sm   0 warp 2 0x8000030c 0x01852e03 lsu.r x  28 op 0 @ 90404000+00000018
sm   1 warp 3 0x80000154 0x00009e5b vbranch     current mask and npc:   11111111111111111111111111111111 0x80000158, take_if=1, if_mask = 11111111111111111111111111111111
sm   0 warp 3 0x80000238 0x01852e03 x 28  00000020
sm   1 warp 1 0x80000238 0x01852e03 lsu.r x  28 op 0 @ 90404000+00000018
sm   1 warp 0 0x80000248 0x00008067 x  0  8000024c
sm   0 warp 2 0x80000310 0x02452e83 lsu.r x  29 op 0 @ 90404000+00000024
sm   1 warp 0 0x80000248 0x00008067 Jump? 1  80000304
sm   0 warp 1 0x80000308 0x80802373 x  6  00000006
sm   1 warp 3 0x80000158 0x1a0000ef x  1  8000015c
sm   1 warp 3 0x80000158 0x1a0000ef Jump? 1  800002f8
sm   0 warp 0 0x80000320 0xffc12083 x  1  8000015c
sm   1 warp 2 0x80000240 0xffc12083 lsu.r x   1 op 3 @ 7000081c+fffffffc
sm   1 warp 2 0x80000244 0xffc10113 x  2  70000818
sm   0 warp 2 0x8000030c 0x01852e03 x 28  00000020
sm   1 warp 1 0x80000238 0x01852e03 x 28  00000020
sm   0 warp 0 0x80000328 0x00008067 x  0  8000032c
sm   0 warp 0 0x80000328 0x00008067 Jump? 1  8000015c
sm   0 warp 1 0x8000030c 0x01852e03 lsu.r x  28 op 0 @ 90404000+00000018
sm   0 warp 2 0x80000310 0x02452e83 x 29  00000000
sm   1 warp 2 0x80000240 0xffc12083 x  1  80000304
sm   1 warp 0 0x80000304 0x80302573 x 10  90404000
sm   0 warp 3 0x80000240 0xffc12083 lsu.r x   1 op 3 @ 70000c1c+fffffffc
sm   0 warp 3 0x80000244 0xffc10113 x  2  70000c18
sm   0 warp 2 0x80000314 0x03c30fb3 x 31  000000c0
sm   1 warp 0 0x80000308 0x80802373 x  6  00000007
sm   0 warp 0 0x8000015c 0x0180006f x  0  80000160
sm   1 warp 2 0x80000248 0x00008067 x  0  8000024c
sm   1 warp 2 0x80000248 0x00008067 Jump? 1  80000304
sm   0 warp 0 0x8000015c 0x0180006f Jump? 1  80000174
sm   0 warp 1 0x80000310 0x02452e83 lsu.r x  29 op 0 @ 90404000+00000024
sm   0 warp 3 0x80000240 0xffc12083 x  1  80000304
sm   0 warp 2 0x80000318 0x01df8fb3 x 31  000000c0
sm   1 warp 3 0x800002f8 0x00410113 x  2  70000c18
sm   0 warp 1 0x8000030c 0x01852e03 x 28  00000020
sm   0 warp 1 0x80000310 0x02452e83 x 29  00000000
sm   0 warp 0 0x80000174 0x0000205b Jump? 0  00000000
sm   0 warp 0 0x80000174 0x0000205b join    mask and npc:    00001011000111111100110000000010 0xcb1bb819 pop stack ? 0
sm   1 warp 2 0x8000023c 0x8a0e6057 v  0 11111111111111111111111111111111 0000001f 0000001e 0000001d 0000001c 0000001b 0000001a 00000019 00000018 00000017 00000016 00000015 00000014 00000013 00000012 00000011 00000010 0000000f 0000000e 0000000d 0000000c 0000000b 0000000a 00000009 00000008 00000007 00000006 00000005 00000004 00000003 00000002 00000001 00000000 
sm   0 warp 3 0x80000248 0x00008067 x  0  8000024c
sm   0 warp 3 0x80000248 0x00008067 Jump? 1  80000304
sm   0 warp 2 0x8000031c 0x020fc057 v  0 11111111111111111111111111111111 000000df 000000de 000000dd 000000dc 000000db 000000da 000000d9 000000d8 000000d7 000000d6 000000d5 000000d4 000000d3 000000d2 000000d1 000000d0 000000cf 000000ce 000000cd 000000cc 000000cb 000000ca 000000c9 000000c8 000000c7 000000c6 000000c5 000000c4 000000c3 000000c2 000000c1 000000c0 
sm   1 warp 0 0x8000030c 0x01852e03 lsu.r x  28 op 0 @ 90404000+00000018
sm   1 warp 2 0x80000304 0x80302573 x 10  90404000
sm   1 warp 3 0x80000300 0xf1dff0ef x  1  80000304
sm   0 warp 1 0x80000314 0x03c30fb3 x 31  000000c0
sm   0 warp 0 0x80000178 0xffc12083 lsu.r x   1 op 3 @ 70000014+fffffffc
sm   1 warp 3 0x800002fc 0xfe112e23 lsu.w x   1 op 3 8000015c @ 70000c18+fffffffc
sm   1 warp 3 0x80000300 0xf1dff0ef Jump? 1  8000021c
sm   0 warp 3 0x8000023c 0x8a0e6057 v  0 11111111111111111111111111111111 0000001f 0000001e 0000001d 0000001c 0000001b 0000001a 00000019 00000018 00000017 00000016 00000015 00000014 00000013 00000012 00000011 00000010 0000000f 0000000e 0000000d 0000000c 0000000b 0000000a 00000009 00000008 00000007 00000006 00000005 00000004 00000003 00000002 00000001 00000000 
sm   1 warp 0 0x8000030c 0x01852e03 x 28  00000020
sm   0 warp 0 0x8000017c 0xffc10113 x  2  70000010
sm   1 warp 2 0x80000308 0x80802373 x  6  00000007
sm   0 warp 2 0x80000320 0xffc12083 lsu.r x   1 op 3 @ 70000818+fffffffc
sm   0 warp 2 0x80000324 0xffc10113 x  2  70000814
sm   1 warp 1 0x80000244 0xffc10113 x  2  70000418
sm   1 warp 1 0x80000240 0xffc12083 lsu.r x   1 op 3 @ 7000041c+fffffffc
sm   0 warp 1 0x80000318 0x01df8fb3 x 31  000000c0
sm   1 warp 3 0x800002fc 0xfe112e23 lsu.w finish
sm   0 warp 0 0x80000178 0xffc12083 x  1  800000e0
sm   1 warp 0 0x80000310 0x02452e83 lsu.r x  29 op 0 @ 90404000+00000024
sm   0 warp 2 0x80000320 0xffc12083 x  1  8000015c
sm   0 warp 1 0x8000031c 0x020fc057 v  0 11111111111111111111111111111111 000000df 000000de 000000dd 000000dc 000000db 000000da 000000d9 000000d8 000000d7 000000d6 000000d5 000000d4 000000d3 000000d2 000000d1 000000d0 000000cf 000000ce 000000cd 000000cc 000000cb 000000ca 000000c9 000000c8 000000c7 000000c6 000000c5 000000c4 000000c3 000000c2 000000c1 000000c0 
sm   1 warp 1 0x80000240 0xffc12083 x  1  80000304
sm   0 warp 3 0x80000304 0x80302573 x 10  90404000
sm   1 warp 0 0x80000314 0x03c30fb3 x 31  000000e0
sm   0 warp 0 0x80000180 0x00008067 x  0  80000184
sm   0 warp 0 0x80000180 0x00008067 Jump? 1  800000e0
sm   1 warp 2 0x8000030c 0x01852e03 lsu.r x  28 op 0 @ 90404000+00000018
sm   1 warp 0 0x80000310 0x02452e83 x 29  00000000
sm   0 warp 2 0x80000328 0x00008067 x  0  8000032c
sm   0 warp 2 0x80000328 0x00008067 Jump? 1  8000015c
sm   1 warp 1 0x80000248 0x00008067 x  0  8000024c
sm   0 warp 1 0x80000320 0xffc12083 lsu.r x   1 op 3 @ 70000418+fffffffc
sm   1 warp 1 0x80000248 0x00008067 Jump? 1  80000304
sm   0 warp 3 0x80000308 0x80802373 x  6  00000006
sm   1 warp 2 0x80000310 0x02452e83 lsu.r x  29 op 0 @ 90404000+00000024
sm   1 warp 1 0x8000023c 0x8a0e6057 v  0 11111111111111111111111111111111 0000001f 0000001e 0000001d 0000001c 0000001b 0000001a 00000019 00000018 00000017 00000016 00000015 00000014 00000013 00000012 00000011 00000010 0000000f 0000000e 0000000d 0000000c 0000000b 0000000a 00000009 00000008 00000007 00000006 00000005 00000004 00000003 00000002 00000001 00000000 
sm   0 warp 1 0x80000324 0xffc10113 x  2  70000414
sm   1 warp 3 0x8000021c 0x00410113 x  2  70000c1c
sm   1 warp 0 0x80000318 0x01df8fb3 x 31  000000e0
sm   0 warp 1 0x80000320 0xffc12083 x  1  8000015c
sm   0 warp 0 0x800000e0 0x96013057 v  0 11111111111111111111111111111111 0000037c 00000378 00000374 00000370 0000036c 00000368 00000364 00000360 0000035c 00000358 00000354 00000350 0000034c 00000348 00000344 00000340 0000033c 00000338 00000334 00000330 0000032c 00000328 00000324 00000320 0000031c 00000318 00000314 00000310 0000030c 00000308 00000304 00000300 
sm   1 warp 2 0x8000030c 0x01852e03 x 28  00000020
sm   1 warp 2 0x80000310 0x02452e83 x 29  00000000
sm   0 warp 3 0x8000030c 0x01852e03 lsu.r x  28 op 0 @ 90404000+00000018
sm   1 warp 1 0x80000304 0x80302573 x 10  90404000
sm   1 warp 3 0x80000220 0xfe112e23 lsu.w x   1 op 3 80000304 @ 70000c1c+fffffffc
sm   1 warp 0 0x8000031c 0x020fc057 v  0 11111111111111111111111111111111 000000ff 000000fe 000000fd 000000fc 000000fb 000000fa 000000f9 000000f8 000000f7 000000f6 000000f5 000000f4 000000f3 000000f2 000000f1 000000f0 000000ef 000000ee 000000ed 000000ec 000000eb 000000ea 000000e9 000000e8 000000e7 000000e6 000000e5 000000e4 000000e3 000000e2 000000e1 000000e0 
sm   0 warp 3 0x80000310 0x02452e83 lsu.r x  29 op 0 @ 90404000+00000024
sm   0 warp 1 0x80000328 0x00008067 x  0  8000032c
sm   0 warp 1 0x80000328 0x00008067 Jump? 1  8000015c
sm   0 warp 2 0x8000015c 0x0180006f Jump? 1  80000174
sm   0 warp 2 0x8000015c 0x0180006f x  0  80000160
sm   1 warp 3 0x80000224 0x80302573 x 10  90404000
sm   1 warp 1 0x80000308 0x80802373 x  6  00000007
sm   0 warp 0 0x800000e4 0xff412303 lsu.r x   6 op 3 @ 70000010+fffffff4
sm   0 warp 3 0x8000030c 0x01852e03 x 28  00000020
sm   1 warp 2 0x80000314 0x03c30fb3 x 31  000000e0
sm   1 warp 3 0x80000220 0xfe112e23 lsu.w finish
sm   1 warp 0 0x80000320 0xffc12083 lsu.r x   1 op 3 @ 70000018+fffffffc
sm   0 warp 3 0x80000310 0x02452e83 x 29  00000000
sm   1 warp 0 0x80000324 0xffc10113 x  2  70000014
sm   0 warp 1 0x8000015c 0x0180006f x  0  80000160
sm   1 warp 2 0x80000318 0x01df8fb3 x 31  000000e0
sm   0 warp 1 0x8000015c 0x0180006f Jump? 1  80000174
sm   1 warp 1 0x8000030c 0x01852e03 lsu.r x  28 op 0 @ 90404000+00000018
sm   0 warp 0 0x800000e4 0xff412303 x  6  90000000
sm   0 warp 3 0x80000314 0x03c30fb3 x 31  000000c0
sm   1 warp 0 0x80000320 0xffc12083 x  1  8000015c
sm   1 warp 3 0x8000022c 0x80002373 x  6  00000060
sm   0 warp 2 0x80000174 0x0000205b Jump? 0  00000000
sm   0 warp 2 0x80000174 0x0000205b join    mask and npc:    00001111011001011100110111010111 0xba1655f7 pop stack ? 0
sm   1 warp 3 0x80000228 0x00852283 lsu.r x   5 op 0 @ 90404000+00000008
sm   1 warp 2 0x8000031c 0x020fc057 v  0 11111111111111111111111111111111 000000ff 000000fe 000000fd 000000fc 000000fb 000000fa 000000f9 000000f8 000000f7 000000f6 000000f5 000000f4 000000f3 000000f2 000000f1 000000f0 000000ef 000000ee 000000ed 000000ec 000000eb 000000ea 000000e9 000000e8 000000e7 000000e6 000000e5 000000e4 000000e3 000000e2 000000e1 000000e0 
sm   0 warp 1 0x80000174 0x0000205b Jump? 0  00000000
sm   0 warp 0 0x800000e8 0x020340d7 v  1 11111111111111111111111111111111 9000037c 90000378 90000374 90000370 9000036c 90000368 90000364 90000360 9000035c 90000358 90000354 90000350 9000034c 90000348 90000344 90000340 9000033c 90000338 90000334 90000330 9000032c 90000328 90000324 90000320 9000031c 90000318 90000314 90000310 9000030c 90000308 90000304 90000300 
sm   0 warp 1 0x80000174 0x0000205b join    mask and npc:    11111101011010010111011011000101 0x12688d1a pop stack ? 0
sm   1 warp 1 0x8000030c 0x01852e03 x 28  00000020
sm   1 warp 3 0x80000230 0x5208a157 v  2 11111111111111111111111111111111 0000001f 0000001e 0000001d 0000001c 0000001b 0000001a 00000019 00000018 00000017 00000016 00000015 00000014 00000013 00000012 00000011 00000010 0000000f 0000000e 0000000d 0000000c 0000000b 0000000a 00000009 00000008 00000007 00000006 00000005 00000004 00000003 00000002 00000001 00000000 
sm   0 warp 3 0x80000318 0x01df8fb3 x 31  000000c0
sm   1 warp 0 0x80000328 0x00008067 x  0  8000032c
sm   1 warp 0 0x80000328 0x00008067 Jump? 1  8000015c
sm   1 warp 1 0x80000310 0x02452e83 lsu.r x  29 op 0 @ 90404000+00000024
sm   1 warp 3 0x80000228 0x00852283 x  5  00000001
sm   0 warp 2 0x80000178 0xffc12083 lsu.r x   1 op 3 @ 70000814+fffffffc
sm   1 warp 3 0x80000234 0x02234057 v  0 11111111111111111111111111111111 0000007f 0000007e 0000007d 0000007c 0000007b 0000007a 00000079 00000078 00000077 00000076 00000075 00000074 00000073 00000072 00000071 00000070 0000006f 0000006e 0000006d 0000006c 0000006b 0000006a 00000069 00000068 00000067 00000066 00000065 00000064 00000063 00000062 00000061 00000060 
sm   1 warp 2 0x80000320 0xffc12083 lsu.r x   1 op 3 @ 70000818+fffffffc
sm   1 warp 2 0x80000324 0xffc10113 x  2  70000814
sm   0 warp 2 0x8000017c 0xffc10113 x  2  70000810
sm   1 warp 0 0x8000015c 0x0180006f x  0  80000160
sm   0 warp 0 0x800000ec 0x0000a0fb lsu.r v  1 op 3 @ 9000037c 90000378 90000374 90000370 9000036c 90000368 90000364 90000360 9000035c 90000358 90000354 90000350 9000034c 90000348 90000344 90000340 9000033c 90000338 90000334 90000330 9000032c 90000328 90000324 90000320 9000031c 90000318 90000314 90000310 9000030c 90000308 90000304 90000300
sm   0 warp 3 0x8000031c 0x020fc057 v  0 11111111111111111111111111111111 000000df 000000de 000000dd 000000dc 000000db 000000da 000000d9 000000d8 000000d7 000000d6 000000d5 000000d4 000000d3 000000d2 000000d1 000000d0 000000cf 000000ce 000000cd 000000cc 000000cb 000000ca 000000c9 000000c8 000000c7 000000c6 000000c5 000000c4 000000c3 000000c2 000000c1 000000c0 
sm   1 warp 1 0x80000314 0x03c30fb3 x 31  000000e0
sm   1 warp 0 0x8000015c 0x0180006f Jump? 1  80000174
sm   0 warp 2 0x80000178 0xffc12083 x  1  800000e0
sm   1 warp 1 0x80000310 0x02452e83 x 29  00000000
sm   0 warp 1 0x8000017c 0xffc10113 x  2  70000410
sm   0 warp 1 0x80000178 0xffc12083 lsu.r x   1 op 3 @ 70000414+fffffffc
sm   1 warp 3 0x80000238 0x01852e03 lsu.r x  28 op 0 @ 90404000+00000018
[L1C] #   8791 SM 0 CACHE 1 ADDR 90000300
sm   1 warp 2 0x80000320 0xffc12083 x  1  8000015c
sm   0 warp 2 0x80000180 0x00008067 x  0  80000184
sm   0 warp 2 0x80000180 0x00008067 Jump? 1  800000e0
sm   1 warp 1 0x80000318 0x01df8fb3 x 31  000000e0
sm   0 warp 0 0x800000f0 0xff812283 lsu.r x   5 op 3 @ 70000010+fffffff8
sm   1 warp 0 0x80000174 0x0000205b Jump? 0  00000000
sm   1 warp 0 0x80000174 0x0000205b join    mask and npc:    00000001001000000001010111001001 0xdd6d4d58 pop stack ? 0
sm   0 warp 1 0x80000178 0xffc12083 x  1  800000e0
sm   1 warp 3 0x80000238 0x01852e03 x 28  00000020
sm   1 warp 2 0x80000328 0x00008067 x  0  8000032c
sm   1 warp 2 0x80000328 0x00008067 Jump? 1  8000015c
sm   0 warp 0 0x800000f0 0xff812283 x  5  90001000
sm   1 warp 1 0x8000031c 0x020fc057 v  0 11111111111111111111111111111111 000000ff 000000fe 000000fd 000000fc 000000fb 000000fa 000000f9 000000f8 000000f7 000000f6 000000f5 000000f4 000000f3 000000f2 000000f1 000000f0 000000ef 000000ee 000000ed 000000ec 000000eb 000000ea 000000e9 000000e8 000000e7 000000e6 000000e5 000000e4 000000e3 000000e2 000000e1 000000e0 
sm   0 warp 1 0x80000180 0x00008067 x  0  80000184
sm   0 warp 1 0x80000180 0x00008067 Jump? 1  800000e0
sm   0 warp 3 0x80000320 0xffc12083 lsu.r x   1 op 3 @ 70000c18+fffffffc
sm   1 warp 0 0x80000178 0xffc12083 lsu.r x   1 op 3 @ 70000014+fffffffc
sm   0 warp 3 0x80000324 0xffc10113 x  2  70000c14
sm   0 warp 2 0x800000e0 0x96013057 v  0 11111111111111111111111111111111 0000037c 00000378 00000374 00000370 0000036c 00000368 00000364 00000360 0000035c 00000358 00000354 00000350 0000034c 00000348 00000344 00000340 0000033c 00000338 00000334 00000330 0000032c 00000328 00000324 00000320 0000031c 00000318 00000314 00000310 0000030c 00000308 00000304 00000300 
sm   0 warp 0 0x800000f4 0x0202c157 v  2 11111111111111111111111111111111 9000137c 90001378 90001374 90001370 9000136c 90001368 90001364 90001360 9000135c 90001358 90001354 90001350 9000134c 90001348 90001344 90001340 9000133c 90001338 90001334 90001330 9000132c 90001328 90001324 90001320 9000131c 90001318 90001314 90001310 9000130c 90001308 90001304 90001300 
sm   1 warp 1 0x80000320 0xffc12083 lsu.r x   1 op 3 @ 70000418+fffffffc
sm   1 warp 0 0x8000017c 0xffc10113 x  2  70000010
sm   0 warp 3 0x80000320 0xffc12083 x  1  8000015c
sm   1 warp 2 0x8000015c 0x0180006f x  0  80000160
sm   1 warp 2 0x8000015c 0x0180006f Jump? 1  80000174
sm   1 warp 1 0x80000324 0xffc10113 x  2  70000414
sm   1 warp 3 0x80000240 0xffc12083 lsu.r x   1 op 3 @ 70000c1c+fffffffc
sm   0 warp 2 0x800000e4 0xff412303 lsu.r x   6 op 3 @ 70000810+fffffff4
sm   1 warp 3 0x80000244 0xffc10113 x  2  70000c18
sm   0 warp 0 0x800000ec 0x0000a0fb v  1 11111111111111111111111111111111 435f0000 435e0000 435d0000 435c0000 435b0000 435a0000 43590000 43580000 43570000 43560000 43550000 43540000 43530000 43520000 43510000 43500000 434f0000 434e0000 434d0000 434c0000 434b0000 434a0000 43490000 43480000 43470000 43460000 43450000 43440000 43430000 43420000 43410000 43400000 
sm   0 warp 3 0x80000328 0x00008067 x  0  8000032c
sm   0 warp 3 0x80000328 0x00008067 Jump? 1  8000015c
sm   1 warp 0 0x80000178 0xffc12083 x  1  800000e0
sm   0 warp 1 0x800000e0 0x96013057 v  0 11111111111111111111111111111111 0000037c 00000378 00000374 00000370 0000036c 00000368 00000364 00000360 0000035c 00000358 00000354 00000350 0000034c 00000348 00000344 00000340 0000033c 00000338 00000334 00000330 0000032c 00000328 00000324 00000320 0000031c 00000318 00000314 00000310 0000030c 00000308 00000304 00000300 
sm   0 warp 0 0x800000f8 0x0001217b lsu.r v  2 op 3 @ 9000137c 90001378 90001374 90001370 9000136c 90001368 90001364 90001360 9000135c 90001358 90001354 90001350 9000134c 90001348 90001344 90001340 9000133c 90001338 90001334 90001330 9000132c 90001328 90001324 90001320 9000131c 90001318 90001314 90001310 9000130c 90001308 90001304 90001300
sm   1 warp 1 0x80000320 0xffc12083 x  1  8000015c
sm   1 warp 2 0x80000174 0x0000205b Jump? 0  00000000
sm   1 warp 2 0x80000174 0x0000205b join    mask and npc:    11101011001111100111100011010111 0xf3350197 pop stack ? 0
sm   0 warp 2 0x800000e4 0xff412303 x  6  90000000
sm   1 warp 3 0x80000240 0xffc12083 x  1  80000304
sm   1 warp 0 0x80000180 0x00008067 x  0  80000184
sm   1 warp 0 0x80000180 0x00008067 Jump? 1  800000e0
[L1C] #   8816 SM 0 CACHE 1 ADDR 90001300
sm   1 warp 1 0x80000328 0x00008067 x  0  8000032c
sm   0 warp 1 0x800000e4 0xff412303 lsu.r x   6 op 3 @ 70000410+fffffff4
sm   1 warp 1 0x80000328 0x00008067 Jump? 1  8000015c
sm   0 warp 3 0x8000015c 0x0180006f x  0  80000160
sm   0 warp 3 0x8000015c 0x0180006f Jump? 1  80000174
sm   1 warp 2 0x80000178 0xffc12083 lsu.r x   1 op 3 @ 70000814+fffffffc
sm   0 warp 2 0x800000e8 0x020340d7 v  1 11111111111111111111111111111111 9000037c 90000378 90000374 90000370 9000036c 90000368 90000364 90000360 9000035c 90000358 90000354 90000350 9000034c 90000348 90000344 90000340 9000033c 90000338 90000334 90000330 9000032c 90000328 90000324 90000320 9000031c 90000318 90000314 90000310 9000030c 90000308 90000304 90000300 
sm   1 warp 2 0x8000017c 0xffc10113 x  2  70000810
sm   0 warp 1 0x800000e4 0xff412303 x  6  90000000
sm   1 warp 3 0x80000248 0x00008067 x  0  8000024c
sm   1 warp 3 0x80000248 0x00008067 Jump? 1  80000304
sm   1 warp 2 0x80000178 0xffc12083 x  1  800000e0
sm   0 warp 3 0x80000174 0x0000205b join    mask and npc:    01001100010000011111010011000110 0xad1b04d7 pop stack ? 0
sm   0 warp 3 0x80000174 0x0000205b Jump? 0  00000000
sm   1 warp 0 0x800000e0 0x96013057 v  0 11111111111111111111111111111111 000003fc 000003f8 000003f4 000003f0 000003ec 000003e8 000003e4 000003e0 000003dc 000003d8 000003d4 000003d0 000003cc 000003c8 000003c4 000003c0 000003bc 000003b8 000003b4 000003b0 000003ac 000003a8 000003a4 000003a0 0000039c 00000398 00000394 00000390 0000038c 00000388 00000384 00000380 
sm   0 warp 2 0x800000ec 0x0000a0fb lsu.r v  1 op 3 @ 9000037c 90000378 90000374 90000370 9000036c 90000368 90000364 90000360 9000035c 90000358 90000354 90000350 9000034c 90000348 90000344 90000340 9000033c 90000338 90000334 90000330 9000032c 90000328 90000324 90000320 9000031c 90000318 90000314 90000310 9000030c 90000308 90000304 90000300
sm   1 warp 3 0x8000023c 0x8a0e6057 v  0 11111111111111111111111111111111 0000001f 0000001e 0000001d 0000001c 0000001b 0000001a 00000019 00000018 00000017 00000016 00000015 00000014 00000013 00000012 00000011 00000010 0000000f 0000000e 0000000d 0000000c 0000000b 0000000a 00000009 00000008 00000007 00000006 00000005 00000004 00000003 00000002 00000001 00000000 
sm   0 warp 1 0x800000e8 0x020340d7 v  1 11111111111111111111111111111111 9000037c 90000378 90000374 90000370 9000036c 90000368 90000364 90000360 9000035c 90000358 90000354 90000350 9000034c 90000348 90000344 90000340 9000033c 90000338 90000334 90000330 9000032c 90000328 90000324 90000320 9000031c 90000318 90000314 90000310 9000030c 90000308 90000304 90000300 
sm   1 warp 1 0x8000015c 0x0180006f x  0  80000160
sm   1 warp 1 0x8000015c 0x0180006f Jump? 1  80000174
sm   1 warp 2 0x80000180 0x00008067 x  0  80000184
sm   0 warp 2 0x800000ec 0x0000a0fb v  1 11111111111111111111111111111111 435f0000 435e0000 435d0000 435c0000 435b0000 435a0000 43590000 43580000 43570000 43560000 43550000 43540000 43530000 43520000 43510000 43500000 434f0000 434e0000 434d0000 434c0000 434b0000 434a0000 43490000 43480000 43470000 43460000 43450000 43440000 43430000 43420000 43410000 43400000 
sm   1 warp 0 0x800000e4 0xff412303 lsu.r x   6 op 3 @ 70000010+fffffff4
sm   1 warp 2 0x80000180 0x00008067 Jump? 1  800000e0
sm   0 warp 2 0x800000f0 0xff812283 lsu.r x   5 op 3 @ 70000810+fffffff8
sm   0 warp 3 0x8000017c 0xffc10113 x  2  70000c10
sm   0 warp 0 0x800000f8 0x0001217b v  2 11111111111111111111111111111111 44484000 44488000 4448c000 44490000 44494000 44498000 4449c000 444a0000 444a4000 444a8000 444ac000 444b0000 444b4000 444b8000 444bc000 444c0000 444c4000 444c8000 444cc000 444d0000 444d4000 444d8000 444dc000 444e0000 444e4000 444e8000 444ec000 444f0000 444f4000 444f8000 444fc000 44500000 
sm   1 warp 1 0x80000174 0x0000205b Jump? 0  00000000
sm   1 warp 1 0x80000174 0x0000205b join    mask and npc:    00010111100110100000010001100010 0x9ebf1347 pop stack ? 0
sm   1 warp 0 0x800000e4 0xff412303 x  6  90000000
sm   0 warp 3 0x80000178 0xffc12083 lsu.r x   1 op 3 @ 70000c14+fffffffc
sm   0 warp 2 0x800000f0 0xff812283 x  5  90001000
sm   1 warp 0 0x800000e8 0x020340d7 v  1 11111111111111111111111111111111 900003fc 900003f8 900003f4 900003f0 900003ec 900003e8 900003e4 900003e0 900003dc 900003d8 900003d4 900003d0 900003cc 900003c8 900003c4 900003c0 900003bc 900003b8 900003b4 900003b0 900003ac 900003a8 900003a4 900003a0 9000039c 90000398 90000394 90000390 9000038c 90000388 90000384 90000380 
sm   0 warp 1 0x800000ec 0x0000a0fb lsu.r v  1 op 3 @ 9000037c 90000378 90000374 90000370 9000036c 90000368 90000364 90000360 9000035c 90000358 90000354 90000350 9000034c 90000348 90000344 90000340 9000033c 90000338 90000334 90000330 9000032c 90000328 90000324 90000320 9000031c 90000318 90000314 90000310 9000030c 90000308 90000304 90000300
sm   1 warp 1 0x80000178 0xffc12083 lsu.r x   1 op 3 @ 70000414+fffffffc
sm   0 warp 0 0x800000fc 0x021110d7 v  1 11111111111111111111111111111111 44800000 44800000 44800000 44800000 44800000 44800000 44800000 44800000 44800000 44800000 44800000 44800000 44800000 44800000 44800000 44800000 44800000 44800000 44800000 44800000 44800000 44800000 44800000 44800000 44800000 44800000 44800000 44800000 44800000 44800000 44800000 44800000 
sm   0 warp 3 0x80000178 0xffc12083 x  1  800000e0
sm   0 warp 2 0x800000f4 0x0202c157 v  2 11111111111111111111111111111111 9000137c 90001378 90001374 90001370 9000136c 90001368 90001364 90001360 9000135c 90001358 90001354 90001350 9000134c 90001348 90001344 90001340 9000133c 90001338 90001334 90001330 9000132c 90001328 90001324 90001320 9000131c 90001318 90001314 90001310 9000130c 90001308 90001304 90001300 
sm   1 warp 1 0x8000017c 0xffc10113 x  2  70000410
sm   1 warp 2 0x800000e0 0x96013057 v  0 11111111111111111111111111111111 000003fc 000003f8 000003f4 000003f0 000003ec 000003e8 000003e4 000003e0 000003dc 000003d8 000003d4 000003d0 000003cc 000003c8 000003c4 000003c0 000003bc 000003b8 000003b4 000003b0 000003ac 000003a8 000003a4 000003a0 0000039c 00000398 00000394 00000390 0000038c 00000388 00000384 00000380 
sm   0 warp 1 0x800000f0 0xff812283 lsu.r x   5 op 3 @ 70000410+fffffff8
sm   1 warp 1 0x80000178 0xffc12083 x  1  800000e0
sm   0 warp 1 0x800000ec 0x0000a0fb v  1 11111111111111111111111111111111 435f0000 435e0000 435d0000 435c0000 435b0000 435a0000 43590000 43580000 43570000 43560000 43550000 43540000 43530000 43520000 43510000 43500000 434f0000 434e0000 434d0000 434c0000 434b0000 434a0000 43490000 43480000 43470000 43460000 43450000 43440000 43430000 43420000 43410000 43400000 
sm   0 warp 3 0x80000180 0x00008067 x  0  80000184
sm   0 warp 3 0x80000180 0x00008067 Jump? 1  800000e0
sm   1 warp 0 0x800000ec 0x0000a0fb lsu.r v  1 op 3 @ 900003fc 900003f8 900003f4 900003f0 900003ec 900003e8 900003e4 900003e0 900003dc 900003d8 900003d4 900003d0 900003cc 900003c8 900003c4 900003c0 900003bc 900003b8 900003b4 900003b0 900003ac 900003a8 900003a4 900003a0 9000039c 90000398 90000394 90000390 9000038c 90000388 90000384 90000380
sm   0 warp 0 0x80000100 0xffc12283 lsu.r x   5 op 3 @ 70000010+fffffffc
sm   0 warp 1 0x800000f0 0xff812283 x  5  90001000
sm   1 warp 1 0x80000180 0x00008067 x  0  80000184
sm   1 warp 2 0x800000e4 0xff412303 lsu.r x   6 op 3 @ 70000810+fffffff4
sm   1 warp 1 0x80000180 0x00008067 Jump? 1  800000e0
[L1C] #   8851 SM 1 CACHE 1 ADDR 90000380
sm   0 warp 2 0x800000f8 0x0001217b lsu.r v  2 op 3 @ 9000137c 90001378 90001374 90001370 9000136c 90001368 90001364 90001360 9000135c 90001358 90001354 90001350 9000134c 90001348 90001344 90001340 9000133c 90001338 90001334 90001330 9000132c 90001328 90001324 90001320 9000131c 90001318 90001314 90001310 9000130c 90001308 90001304 90001300
sm   1 warp 0 0x800000f0 0xff812283 lsu.r x   5 op 3 @ 70000010+fffffff8
sm   0 warp 0 0x80000100 0xffc12283 x  5  90002000
sm   0 warp 1 0x800000f4 0x0202c157 v  2 11111111111111111111111111111111 9000137c 90001378 90001374 90001370 9000136c 90001368 90001364 90001360 9000135c 90001358 90001354 90001350 9000134c 90001348 90001344 90001340 9000133c 90001338 90001334 90001330 9000132c 90001328 90001324 90001320 9000131c 90001318 90001314 90001310 9000130c 90001308 90001304 90001300 
sm   1 warp 2 0x800000e4 0xff412303 x  6  90000000
sm   0 warp 3 0x800000e0 0x96013057 v  0 11111111111111111111111111111111 0000037c 00000378 00000374 00000370 0000036c 00000368 00000364 00000360 0000035c 00000358 00000354 00000350 0000034c 00000348 00000344 00000340 0000033c 00000338 00000334 00000330 0000032c 00000328 00000324 00000320 0000031c 00000318 00000314 00000310 0000030c 00000308 00000304 00000300 
sm   1 warp 3 0x80000304 0x80302573 x 10  90404000
sm   0 warp 2 0x800000f8 0x0001217b v  2 11111111111111111111111111111111 44484000 44488000 4448c000 44490000 44494000 44498000 4449c000 444a0000 444a4000 444a8000 444ac000 444b0000 444b4000 444b8000 444bc000 444c0000 444c4000 444c8000 444cc000 444d0000 444d4000 444d8000 444dc000 444e0000 444e4000 444e8000 444ec000 444f0000 444f4000 444f8000 444fc000 44500000 
sm   1 warp 0 0x800000f0 0xff812283 x  5  90001000
sm   0 warp 0 0x80000104 0x0202c057 v  0 11111111111111111111111111111111 9000237c 90002378 90002374 90002370 9000236c 90002368 90002364 90002360 9000235c 90002358 90002354 90002350 9000234c 90002348 90002344 90002340 9000233c 90002338 90002334 90002330 9000232c 90002328 90002324 90002320 9000231c 90002318 90002314 90002310 9000230c 90002308 90002304 90002300 
sm   1 warp 1 0x800000e0 0x96013057 v  0 11111111111111111111111111111111 000003fc 000003f8 000003f4 000003f0 000003ec 000003e8 000003e4 000003e0 000003dc 000003d8 000003d4 000003d0 000003cc 000003c8 000003c4 000003c0 000003bc 000003b8 000003b4 000003b0 000003ac 000003a8 000003a4 000003a0 0000039c 00000398 00000394 00000390 0000038c 00000388 00000384 00000380 
sm   1 warp 3 0x80000308 0x80802373 x  6  00000007
sm   1 warp 2 0x800000e8 0x020340d7 v  1 11111111111111111111111111111111 900003fc 900003f8 900003f4 900003f0 900003ec 900003e8 900003e4 900003e0 900003dc 900003d8 900003d4 900003d0 900003cc 900003c8 900003c4 900003c0 900003bc 900003b8 900003b4 900003b0 900003ac 900003a8 900003a4 900003a0 9000039c 90000398 90000394 90000390 9000038c 90000388 90000384 90000380 
sm   0 warp 1 0x800000f8 0x0001217b lsu.r v  2 op 3 @ 9000137c 90001378 90001374 90001370 9000136c 90001368 90001364 90001360 9000135c 90001358 90001354 90001350 9000134c 90001348 90001344 90001340 9000133c 90001338 90001334 90001330 9000132c 90001328 90001324 90001320 9000131c 90001318 90001314 90001310 9000130c 90001308 90001304 90001300
sm   1 warp 0 0x800000f4 0x0202c157 v  2 11111111111111111111111111111111 900013fc 900013f8 900013f4 900013f0 900013ec 900013e8 900013e4 900013e0 900013dc 900013d8 900013d4 900013d0 900013cc 900013c8 900013c4 900013c0 900013bc 900013b8 900013b4 900013b0 900013ac 900013a8 900013a4 900013a0 9000139c 90001398 90001394 90001390 9000138c 90001388 90001384 90001380 
sm   0 warp 3 0x800000e4 0xff412303 lsu.r x   6 op 3 @ 70000c10+fffffff4
sm   0 warp 2 0x800000fc 0x021110d7 v  1 11111111111111111111111111111111 44800000 44800000 44800000 44800000 44800000 44800000 44800000 44800000 44800000 44800000 44800000 44800000 44800000 44800000 44800000 44800000 44800000 44800000 44800000 44800000 44800000 44800000 44800000 44800000 44800000 44800000 44800000 44800000 44800000 44800000 44800000 44800000 
sm   1 warp 1 0x800000e4 0xff412303 lsu.r x   6 op 3 @ 70000410+fffffff4
sm   0 warp 1 0x800000f8 0x0001217b v  2 11111111111111111111111111111111 44484000 44488000 4448c000 44490000 44494000 44498000 4449c000 444a0000 444a4000 444a8000 444ac000 444b0000 444b4000 444b8000 444bc000 444c0000 444c4000 444c8000 444cc000 444d0000 444d4000 444d8000 444dc000 444e0000 444e4000 444e8000 444ec000 444f0000 444f4000 444f8000 444fc000 44500000 
sm   0 warp 0 0x80000108 0x0010607b lsu.w v  1 op 3 mask 11111111111111111111111111111111 44800000 44800000 44800000 44800000 44800000 44800000 44800000 44800000 44800000 44800000 44800000 44800000 44800000 44800000 44800000 44800000 44800000 44800000 44800000 44800000 44800000 44800000 44800000 44800000 44800000 44800000 44800000 44800000 44800000 44800000 44800000 44800000 @ 9000237c 90002378 90002374 90002370 9000236c 90002368 90002364 90002360 9000235c 90002358 90002354 90002350 9000234c 90002348 90002344 90002340 9000233c 90002338 90002334 90002330 9000232c 90002328 90002324 90002320 9000231c 90002318 90002314 90002310 9000230c 90002308 90002304 90002300
sm   1 warp 2 0x800000ec 0x0000a0fb lsu.r v  1 op 3 @ 900003fc 900003f8 900003f4 900003f0 900003ec 900003e8 900003e4 900003e0 900003dc 900003d8 900003d4 900003d0 900003cc 900003c8 900003c4 900003c0 900003bc 900003b8 900003b4 900003b0 900003ac 900003a8 900003a4 900003a0 9000039c 90000398 90000394 90000390 9000038c 90000388 90000384 90000380
sm   0 warp 3 0x800000e4 0xff412303 x  6  90000000
sm   1 warp 0 0x800000ec 0x0000a0fb v  1 11111111111111111111111111111111 437f0000 437e0000 437d0000 437c0000 437b0000 437a0000 43790000 43780000 43770000 43760000 43750000 43740000 43730000 43720000 43710000 43700000 436f0000 436e0000 436d0000 436c0000 436b0000 436a0000 43690000 43680000 43670000 43660000 43650000 43640000 43630000 43620000 43610000 43600000 
sm   0 warp 2 0x80000100 0xffc12283 lsu.r x   5 op 3 @ 70000810+fffffffc
sm   1 warp 3 0x8000030c 0x01852e03 lsu.r x  28 op 0 @ 90404000+00000018
[L1C] #   8872 SM 0 CACHE 1 ADDR 90002300
sm   0 warp 1 0x800000fc 0x021110d7 v  1 11111111111111111111111111111111 44800000 44800000 44800000 44800000 44800000 44800000 44800000 44800000 44800000 44800000 44800000 44800000 44800000 44800000 44800000 44800000 44800000 44800000 44800000 44800000 44800000 44800000 44800000 44800000 44800000 44800000 44800000 44800000 44800000 44800000 44800000 44800000 
sm   1 warp 2 0x800000ec 0x0000a0fb v  1 11111111111111111111111111111111 437f0000 437e0000 437d0000 437c0000 437b0000 437a0000 43790000 43780000 43770000 43760000 43750000 43740000 43730000 43720000 43710000 43700000 436f0000 436e0000 436d0000 436c0000 436b0000 436a0000 43690000 43680000 43670000 43660000 43650000 43640000 43630000 43620000 43610000 43600000 
sm   0 warp 0 0x80000108 0x0010607b lsu.w finish
sm   0 warp 0 0x80000110 0xff010113 x  2  70000000
sm   0 warp 3 0x800000e8 0x020340d7 v  1 11111111111111111111111111111111 9000037c 90000378 90000374 90000370 9000036c 90000368 90000364 90000360 9000035c 90000358 90000354 90000350 9000034c 90000348 90000344 90000340 9000033c 90000338 90000334 90000330 9000032c 90000328 90000324 90000320 9000031c 90000318 90000314 90000310 9000030c 90000308 90000304 90000300 
sm   0 warp 0 0x8000010c 0xff012083 lsu.r x   1 op 3 @ 70000010+fffffff0
sm   1 warp 0 0x800000f8 0x0001217b lsu.r v  2 op 3 @ 900013fc 900013f8 900013f4 900013f0 900013ec 900013e8 900013e4 900013e0 900013dc 900013d8 900013d4 900013d0 900013cc 900013c8 900013c4 900013c0 900013bc 900013b8 900013b4 900013b0 900013ac 900013a8 900013a4 900013a0 9000139c 90001398 90001394 90001390 9000138c 90001388 90001384 90001380
sm   0 warp 2 0x80000100 0xffc12283 x  5  90002000
sm   1 warp 3 0x8000030c 0x01852e03 x 28  00000020
sm   0 warp 1 0x80000100 0xffc12283 lsu.r x   5 op 3 @ 70000410+fffffffc
sm   1 warp 2 0x800000f0 0xff812283 lsu.r x   5 op 3 @ 70000810+fffffff8
[L1C] #   8880 SM 1 CACHE 1 ADDR 90001380
sm   0 warp 0 0x8000010c 0xff012083 x  1  800000a0
sm   1 warp 1 0x800000e4 0xff412303 x  6  90000000
sm   0 warp 2 0x80000104 0x0202c057 v  0 11111111111111111111111111111111 9000237c 90002378 90002374 90002370 9000236c 90002368 90002364 90002360 9000235c 90002358 90002354 90002350 9000234c 90002348 90002344 90002340 9000233c 90002338 90002334 90002330 9000232c 90002328 90002324 90002320 9000231c 90002318 90002314 90002310 9000230c 90002308 90002304 90002300 
sm   0 warp 3 0x800000ec 0x0000a0fb lsu.r v  1 op 3 @ 9000037c 90000378 90000374 90000370 9000036c 90000368 90000364 90000360 9000035c 90000358 90000354 90000350 9000034c 90000348 90000344 90000340 9000033c 90000338 90000334 90000330 9000032c 90000328 90000324 90000320 9000031c 90000318 90000314 90000310 9000030c 90000308 90000304 90000300
sm   1 warp 3 0x80000310 0x02452e83 lsu.r x  29 op 0 @ 90404000+00000024
sm   1 warp 3 0x80000314 0x03c30fb3 x 31  000000e0
sm   0 warp 1 0x80000100 0xffc12283 x  5  90002000
sm   1 warp 2 0x800000f0 0xff812283 x  5  90001000
sm   0 warp 0 0x80000114 0x00008067 x  0  80000118
sm   1 warp 1 0x800000e8 0x020340d7 v  1 11111111111111111111111111111111 900003fc 900003f8 900003f4 900003f0 900003ec 900003e8 900003e4 900003e0 900003dc 900003d8 900003d4 900003d0 900003cc 900003c8 900003c4 900003c0 900003bc 900003b8 900003b4 900003b0 900003ac 900003a8 900003a4 900003a0 9000039c 90000398 90000394 90000390 9000038c 90000388 90000384 90000380 
sm   0 warp 0 0x80000114 0x00008067 Jump? 1  800000a0
sm   0 warp 3 0x800000f0 0xff812283 lsu.r x   5 op 3 @ 70000c10+fffffff8
sm   1 warp 3 0x80000310 0x02452e83 x 29  00000000
sm   0 warp 3 0x800000ec 0x0000a0fb v  1 11111111111111111111111111111111 435f0000 435e0000 435d0000 435c0000 435b0000 435a0000 43590000 43580000 43570000 43560000 43550000 43540000 43530000 43520000 43510000 43500000 434f0000 434e0000 434d0000 434c0000 434b0000 434a0000 43490000 43480000 43470000 43460000 43450000 43440000 43430000 43420000 43410000 43400000 
sm   0 warp 1 0x80000104 0x0202c057 v  0 11111111111111111111111111111111 9000237c 90002378 90002374 90002370 9000236c 90002368 90002364 90002360 9000235c 90002358 90002354 90002350 9000234c 90002348 90002344 90002340 9000233c 90002338 90002334 90002330 9000232c 90002328 90002324 90002320 9000231c 90002318 90002314 90002310 9000230c 90002308 90002304 90002300 
sm   1 warp 2 0x800000f4 0x0202c157 v  2 11111111111111111111111111111111 900013fc 900013f8 900013f4 900013f0 900013ec 900013e8 900013e4 900013e0 900013dc 900013d8 900013d4 900013d0 900013cc 900013c8 900013c4 900013c0 900013bc 900013b8 900013b4 900013b0 900013ac 900013a8 900013a4 900013a0 9000139c 90001398 90001394 90001390 9000138c 90001388 90001384 90001380 
sm   0 warp 2 0x80000108 0x0010607b lsu.w v  1 op 3 mask 11111111111111111111111111111111 44800000 44800000 44800000 44800000 44800000 44800000 44800000 44800000 44800000 44800000 44800000 44800000 44800000 44800000 44800000 44800000 44800000 44800000 44800000 44800000 44800000 44800000 44800000 44800000 44800000 44800000 44800000 44800000 44800000 44800000 44800000 44800000 @ 9000237c 90002378 90002374 90002370 9000236c 90002368 90002364 90002360 9000235c 90002358 90002354 90002350 9000234c 90002348 90002344 90002340 9000233c 90002338 90002334 90002330 9000232c 90002328 90002324 90002320 9000231c 90002318 90002314 90002310 9000230c 90002308 90002304 90002300
sm   1 warp 1 0x800000ec 0x0000a0fb lsu.r v  1 op 3 @ 900003fc 900003f8 900003f4 900003f0 900003ec 900003e8 900003e4 900003e0 900003dc 900003d8 900003d4 900003d0 900003cc 900003c8 900003c4 900003c0 900003bc 900003b8 900003b4 900003b0 900003ac 900003a8 900003a4 900003a0 9000039c 90000398 90000394 90000390 9000038c 90000388 90000384 90000380
sm   0 warp 3 0x800000f0 0xff812283 x  5  90001000
sm   1 warp 3 0x80000318 0x01df8fb3 x 31  000000e0
sm   0 warp 0 0x800000a0 0x0000400b endprg
sm   0 warp 2 0x8000010c 0xff012083 lsu.r x   1 op 3 @ 70000810+fffffff0
[L1C] #   8896 SM 0 CACHE 1 ADDR 90002300
sm   0 warp 2 0x80000110 0xff010113 x  2  70000800
sm   1 warp 0 0x800000f8 0x0001217b v  2 11111111111111111111111111111111 44404000 44408000 4440c000 44410000 44414000 44418000 4441c000 44420000 44424000 44428000 4442c000 44430000 44434000 44438000 4443c000 44440000 44444000 44448000 4444c000 44450000 44454000 44458000 4445c000 44460000 44464000 44468000 4446c000 44470000 44474000 44478000 4447c000 44480000 
sm   0 warp 2 0x80000108 0x0010607b lsu.w finish
sm   0 warp 3 0x800000f4 0x0202c157 v  2 11111111111111111111111111111111 9000137c 90001378 90001374 90001370 9000136c 90001368 90001364 90001360 9000135c 90001358 90001354 90001350 9000134c 90001348 90001344 90001340 9000133c 90001338 90001334 90001330 9000132c 90001328 90001324 90001320 9000131c 90001318 90001314 90001310 9000130c 90001308 90001304 90001300 
sm   1 warp 3 0x8000031c 0x020fc057 v  0 11111111111111111111111111111111 000000ff 000000fe 000000fd 000000fc 000000fb 000000fa 000000f9 000000f8 000000f7 000000f6 000000f5 000000f4 000000f3 000000f2 000000f1 000000f0 000000ef 000000ee 000000ed 000000ec 000000eb 000000ea 000000e9 000000e8 000000e7 000000e6 000000e5 000000e4 000000e3 000000e2 000000e1 000000e0 
sm   0 warp 1 0x80000108 0x0010607b lsu.w v  1 op 3 mask 11111111111111111111111111111111 44800000 44800000 44800000 44800000 44800000 44800000 44800000 44800000 44800000 44800000 44800000 44800000 44800000 44800000 44800000 44800000 44800000 44800000 44800000 44800000 44800000 44800000 44800000 44800000 44800000 44800000 44800000 44800000 44800000 44800000 44800000 44800000 @ 9000237c 90002378 90002374 90002370 9000236c 90002368 90002364 90002360 9000235c 90002358 90002354 90002350 9000234c 90002348 90002344 90002340 9000233c 90002338 90002334 90002330 9000232c 90002328 90002324 90002320 9000231c 90002318 90002314 90002310 9000230c 90002308 90002304 90002300
sm   1 warp 2 0x800000f8 0x0001217b lsu.r v  2 op 3 @ 900013fc 900013f8 900013f4 900013f0 900013ec 900013e8 900013e4 900013e0 900013dc 900013d8 900013d4 900013d0 900013cc 900013c8 900013c4 900013c0 900013bc 900013b8 900013b4 900013b0 900013ac 900013a8 900013a4 900013a0 9000139c 90001398 90001394 90001390 9000138c 90001388 90001384 90001380
sm   0 warp 2 0x8000010c 0xff012083 x  1  800000a0
sm   1 warp 1 0x800000ec 0x0000a0fb v  1 11111111111111111111111111111111 437f0000 437e0000 437d0000 437c0000 437b0000 437a0000 43790000 43780000 43770000 43760000 43750000 43740000 43730000 43720000 43710000 43700000 436f0000 436e0000 436d0000 436c0000 436b0000 436a0000 43690000 43680000 43670000 43660000 43650000 43640000 43630000 43620000 43610000 43600000 
sm   0 warp 1 0x80000110 0xff010113 x  2  70000400
sm   0 warp 1 0x8000010c 0xff012083 lsu.r x   1 op 3 @ 70000410+fffffff0
sm   1 warp 1 0x800000f0 0xff812283 lsu.r x   5 op 3 @ 70000410+fffffff8
sm   1 warp 0 0x800000fc 0x021110d7 v  1 11111111111111111111111111111111 44800000 44800000 44800000 44800000 44800000 44800000 44800000 44800000 44800000 44800000 44800000 44800000 44800000 44800000 44800000 44800000 44800000 44800000 44800000 44800000 44800000 44800000 44800000 44800000 44800000 44800000 44800000 44800000 44800000 44800000 44800000 44800000 
sm   0 warp 2 0x80000114 0x00008067 x  0  80000118
sm   1 warp 2 0x800000f8 0x0001217b v  2 11111111111111111111111111111111 44404000 44408000 4440c000 44410000 44414000 44418000 4441c000 44420000 44424000 44428000 4442c000 44430000 44434000 44438000 4443c000 44440000 44444000 44448000 4444c000 44450000 44454000 44458000 4445c000 44460000 44464000 44468000 4446c000 44470000 44474000 44478000 4447c000 44480000 
sm   0 warp 3 0x800000f8 0x0001217b lsu.r v  2 op 3 @ 9000137c 90001378 90001374 90001370 9000136c 90001368 90001364 90001360 9000135c 90001358 90001354 90001350 9000134c 90001348 90001344 90001340 9000133c 90001338 90001334 90001330 9000132c 90001328 90001324 90001320 9000131c 90001318 90001314 90001310 9000130c 90001308 90001304 90001300
sm   1 warp 3 0x80000324 0xffc10113 x  2  70000c14
sm   0 warp 2 0x80000114 0x00008067 Jump? 1  800000a0
sm   0 warp 1 0x8000010c 0xff012083 x  1  800000a0
sm   1 warp 3 0x80000320 0xffc12083 lsu.r x   1 op 3 @ 70000c18+fffffffc
sm   1 warp 1 0x800000f0 0xff812283 x  5  90001000
sm   0 warp 3 0x800000f8 0x0001217b v  2 11111111111111111111111111111111 44484000 44488000 4448c000 44490000 44494000 44498000 4449c000 444a0000 444a4000 444a8000 444ac000 444b0000 444b4000 444b8000 444bc000 444c0000 444c4000 444c8000 444cc000 444d0000 444d4000 444d8000 444dc000 444e0000 444e4000 444e8000 444ec000 444f0000 444f4000 444f8000 444fc000 44500000 
[L1C] #   8912 SM 0 CACHE 1 ADDR 90002300
sm   1 warp 0 0x80000100 0xffc12283 lsu.r x   5 op 3 @ 70000010+fffffffc
sm   0 warp 1 0x80000114 0x00008067 x  0  80000118
sm   1 warp 2 0x800000fc 0x021110d7 v  1 11111111111111111111111111111111 44800000 44800000 44800000 44800000 44800000 44800000 44800000 44800000 44800000 44800000 44800000 44800000 44800000 44800000 44800000 44800000 44800000 44800000 44800000 44800000 44800000 44800000 44800000 44800000 44800000 44800000 44800000 44800000 44800000 44800000 44800000 44800000 
sm   1 warp 3 0x80000320 0xffc12083 x  1  8000015c
sm   0 warp 1 0x80000114 0x00008067 Jump? 1  800000a0
sm   0 warp 1 0x80000108 0x0010607b lsu.w finish
sm   1 warp 1 0x800000f4 0x0202c157 v  2 11111111111111111111111111111111 900013fc 900013f8 900013f4 900013f0 900013ec 900013e8 900013e4 900013e0 900013dc 900013d8 900013d4 900013d0 900013cc 900013c8 900013c4 900013c0 900013bc 900013b8 900013b4 900013b0 900013ac 900013a8 900013a4 900013a0 9000139c 90001398 90001394 90001390 9000138c 90001388 90001384 90001380 
sm   0 warp 2 0x800000a0 0x0000400b endprg
sm   1 warp 0 0x80000100 0xffc12283 x  5  90002000
sm   0 warp 3 0x800000fc 0x021110d7 v  1 11111111111111111111111111111111 44800000 44800000 44800000 44800000 44800000 44800000 44800000 44800000 44800000 44800000 44800000 44800000 44800000 44800000 44800000 44800000 44800000 44800000 44800000 44800000 44800000 44800000 44800000 44800000 44800000 44800000 44800000 44800000 44800000 44800000 44800000 44800000 
sm   1 warp 3 0x80000328 0x00008067 x  0  8000032c
sm   1 warp 2 0x80000100 0xffc12283 lsu.r x   5 op 3 @ 70000810+fffffffc
sm   1 warp 3 0x80000328 0x00008067 Jump? 1  8000015c
sm   0 warp 3 0x80000100 0xffc12283 lsu.r x   5 op 3 @ 70000c10+fffffffc
sm   0 warp 1 0x800000a0 0x0000400b endprg
sm   1 warp 0 0x80000104 0x0202c057 v  0 11111111111111111111111111111111 900023fc 900023f8 900023f4 900023f0 900023ec 900023e8 900023e4 900023e0 900023dc 900023d8 900023d4 900023d0 900023cc 900023c8 900023c4 900023c0 900023bc 900023b8 900023b4 900023b0 900023ac 900023a8 900023a4 900023a0 9000239c 90002398 90002394 90002390 9000238c 90002388 90002384 90002380 
sm   1 warp 1 0x800000f8 0x0001217b lsu.r v  2 op 3 @ 900013fc 900013f8 900013f4 900013f0 900013ec 900013e8 900013e4 900013e0 900013dc 900013d8 900013d4 900013d0 900013cc 900013c8 900013c4 900013c0 900013bc 900013b8 900013b4 900013b0 900013ac 900013a8 900013a4 900013a0 9000139c 90001398 90001394 90001390 9000138c 90001388 90001384 90001380
sm   1 warp 2 0x80000100 0xffc12283 x  5  90002000
sm   0 warp 3 0x80000100 0xffc12283 x  5  90002000
sm   1 warp 1 0x800000f8 0x0001217b v  2 11111111111111111111111111111111 44404000 44408000 4440c000 44410000 44414000 44418000 4441c000 44420000 44424000 44428000 4442c000 44430000 44434000 44438000 4443c000 44440000 44444000 44448000 4444c000 44450000 44454000 44458000 4445c000 44460000 44464000 44468000 4446c000 44470000 44474000 44478000 4447c000 44480000 
sm   1 warp 3 0x8000015c 0x0180006f x  0  80000160
sm   1 warp 3 0x8000015c 0x0180006f Jump? 1  80000174
sm   1 warp 2 0x80000104 0x0202c057 v  0 11111111111111111111111111111111 900023fc 900023f8 900023f4 900023f0 900023ec 900023e8 900023e4 900023e0 900023dc 900023d8 900023d4 900023d0 900023cc 900023c8 900023c4 900023c0 900023bc 900023b8 900023b4 900023b0 900023ac 900023a8 900023a4 900023a0 9000239c 90002398 90002394 90002390 9000238c 90002388 90002384 90002380 
sm   1 warp 0 0x80000108 0x0010607b lsu.w v  1 op 3 mask 11111111111111111111111111111111 44800000 44800000 44800000 44800000 44800000 44800000 44800000 44800000 44800000 44800000 44800000 44800000 44800000 44800000 44800000 44800000 44800000 44800000 44800000 44800000 44800000 44800000 44800000 44800000 44800000 44800000 44800000 44800000 44800000 44800000 44800000 44800000 @ 900023fc 900023f8 900023f4 900023f0 900023ec 900023e8 900023e4 900023e0 900023dc 900023d8 900023d4 900023d0 900023cc 900023c8 900023c4 900023c0 900023bc 900023b8 900023b4 900023b0 900023ac 900023a8 900023a4 900023a0 9000239c 90002398 90002394 90002390 9000238c 90002388 90002384 90002380
sm   0 warp 3 0x80000104 0x0202c057 v  0 11111111111111111111111111111111 9000237c 90002378 90002374 90002370 9000236c 90002368 90002364 90002360 9000235c 90002358 90002354 90002350 9000234c 90002348 90002344 90002340 9000233c 90002338 90002334 90002330 9000232c 90002328 90002324 90002320 9000231c 90002318 90002314 90002310 9000230c 90002308 90002304 90002300 
sm   1 warp 0 0x8000010c 0xff012083 lsu.r x   1 op 3 @ 70000010+fffffff0
[L1C] #   8934 SM 1 CACHE 1 ADDR 90002380
sm   1 warp 1 0x800000fc 0x021110d7 v  1 11111111111111111111111111111111 44800000 44800000 44800000 44800000 44800000 44800000 44800000 44800000 44800000 44800000 44800000 44800000 44800000 44800000 44800000 44800000 44800000 44800000 44800000 44800000 44800000 44800000 44800000 44800000 44800000 44800000 44800000 44800000 44800000 44800000 44800000 44800000 
sm   1 warp 0 0x80000108 0x0010607b lsu.w finish
sm   1 warp 0 0x80000110 0xff010113 x  2  70000000
sm   1 warp 2 0x80000108 0x0010607b lsu.w v  1 op 3 mask 11111111111111111111111111111111 44800000 44800000 44800000 44800000 44800000 44800000 44800000 44800000 44800000 44800000 44800000 44800000 44800000 44800000 44800000 44800000 44800000 44800000 44800000 44800000 44800000 44800000 44800000 44800000 44800000 44800000 44800000 44800000 44800000 44800000 44800000 44800000 @ 900023fc 900023f8 900023f4 900023f0 900023ec 900023e8 900023e4 900023e0 900023dc 900023d8 900023d4 900023d0 900023cc 900023c8 900023c4 900023c0 900023bc 900023b8 900023b4 900023b0 900023ac 900023a8 900023a4 900023a0 9000239c 90002398 90002394 90002390 9000238c 90002388 90002384 90002380
sm   0 warp 3 0x80000108 0x0010607b lsu.w v  1 op 3 mask 11111111111111111111111111111111 44800000 44800000 44800000 44800000 44800000 44800000 44800000 44800000 44800000 44800000 44800000 44800000 44800000 44800000 44800000 44800000 44800000 44800000 44800000 44800000 44800000 44800000 44800000 44800000 44800000 44800000 44800000 44800000 44800000 44800000 44800000 44800000 @ 9000237c 90002378 90002374 90002370 9000236c 90002368 90002364 90002360 9000235c 90002358 90002354 90002350 9000234c 90002348 90002344 90002340 9000233c 90002338 90002334 90002330 9000232c 90002328 90002324 90002320 9000231c 90002318 90002314 90002310 9000230c 90002308 90002304 90002300
sm   1 warp 0 0x8000010c 0xff012083 x  1  800000a0
sm   1 warp 3 0x80000174 0x0000205b Jump? 0  00000000
sm   1 warp 3 0x80000174 0x0000205b join    mask and npc:    00111101101101011100110011111000 0x6e2d0255 pop stack ? 0
sm   1 warp 1 0x80000100 0xffc12283 lsu.r x   5 op 3 @ 70000410+fffffffc
[L1C] #   8941 SM 1 CACHE 1 ADDR 90002380
sm   0 warp 3 0x8000010c 0xff012083 lsu.r x   1 op 3 @ 70000c10+fffffff0
[L1C] #   8942 SM 0 CACHE 1 ADDR 90002300
sm   1 warp 2 0x80000108 0x0010607b lsu.w finish
sm   1 warp 2 0x80000110 0xff010113 x  2  70000800
sm   0 warp 3 0x80000108 0x0010607b lsu.w finish
sm   0 warp 3 0x80000110 0xff010113 x  2  70000c00
sm   1 warp 0 0x80000114 0x00008067 x  0  80000118
sm   1 warp 2 0x8000010c 0xff012083 lsu.r x   1 op 3 @ 70000810+fffffff0
sm   1 warp 0 0x80000114 0x00008067 Jump? 1  800000a0
sm   0 warp 3 0x8000010c 0xff012083 x  1  800000a0
sm   1 warp 1 0x80000100 0xffc12283 x  5  90002000
sm   1 warp 3 0x80000178 0xffc12083 lsu.r x   1 op 3 @ 70000c14+fffffffc
sm   1 warp 3 0x8000017c 0xffc10113 x  2  70000c10
sm   0 warp 3 0x80000114 0x00008067 x  0  80000118
sm   1 warp 1 0x80000104 0x0202c057 v  0 11111111111111111111111111111111 900023fc 900023f8 900023f4 900023f0 900023ec 900023e8 900023e4 900023e0 900023dc 900023d8 900023d4 900023d0 900023cc 900023c8 900023c4 900023c0 900023bc 900023b8 900023b4 900023b0 900023ac 900023a8 900023a4 900023a0 9000239c 90002398 90002394 90002390 9000238c 90002388 90002384 90002380 
sm   1 warp 2 0x8000010c 0xff012083 x  1  800000a0
sm   0 warp 3 0x80000114 0x00008067 Jump? 1  800000a0
sm   1 warp 0 0x800000a0 0x0000400b endprg
sm   1 warp 3 0x80000178 0xffc12083 x  1  800000e0
sm   1 warp 2 0x80000114 0x00008067 x  0  80000118
sm   1 warp 1 0x80000108 0x0010607b lsu.w v  1 op 3 mask 11111111111111111111111111111111 44800000 44800000 44800000 44800000 44800000 44800000 44800000 44800000 44800000 44800000 44800000 44800000 44800000 44800000 44800000 44800000 44800000 44800000 44800000 44800000 44800000 44800000 44800000 44800000 44800000 44800000 44800000 44800000 44800000 44800000 44800000 44800000 @ 900023fc 900023f8 900023f4 900023f0 900023ec 900023e8 900023e4 900023e0 900023dc 900023d8 900023d4 900023d0 900023cc 900023c8 900023c4 900023c0 900023bc 900023b8 900023b4 900023b0 900023ac 900023a8 900023a4 900023a0 9000239c 90002398 90002394 90002390 9000238c 90002388 90002384 90002380
sm   1 warp 2 0x80000114 0x00008067 Jump? 1  800000a0
sm   0 warp 3 0x800000a0 0x0000400b endprg
sm   1 warp 3 0x80000180 0x00008067 x  0  80000184
sm   1 warp 1 0x8000010c 0xff012083 lsu.r x   1 op 3 @ 70000410+fffffff0
sm   1 warp 3 0x80000180 0x00008067 Jump? 1  800000e0
[L1C] #   8962 SM 1 CACHE 1 ADDR 90002380
sm   1 warp 1 0x80000108 0x0010607b lsu.w finish
sm   1 warp 1 0x80000110 0xff010113 x  2  70000400
sm   1 warp 1 0x8000010c 0xff012083 x  1  800000a0
sm   1 warp 2 0x800000a0 0x0000400b endprg
sm   1 warp 1 0x80000114 0x00008067 x  0  80000118
sm   1 warp 1 0x80000114 0x00008067 Jump? 1  800000a0
[L1C] #   8973 SM 0 CACHE 1 ADDR 9d0f7f80
sm   1 warp 3 0x800000e0 0x96013057 v  0 11111111111111111111111111111111 000003fc 000003f8 000003f4 000003f0 000003ec 000003e8 000003e4 000003e0 000003dc 000003d8 000003d4 000003d0 000003cc 000003c8 000003c4 000003c0 000003bc 000003b8 000003b4 000003b0 000003ac 000003a8 000003a4 000003a0 0000039c 00000398 00000394 00000390 0000038c 00000388 00000384 00000380 
sm   1 warp 3 0x800000e4 0xff412303 lsu.r x   6 op 3 @ 70000c10+fffffff4
sm   1 warp 1 0x800000a0 0x0000400b endprg
sm   0 warp 0 0x80000000 0x00004197 x  3  80004000
sm   1 warp 3 0x800000e4 0xff412303 x  6  90000000
sm   0 warp 1 0x80000000 0x00004197 x  3  80004000
sm   0 warp 0 0x80000004 0x80818193 x  3  80003808
sm   1 warp 3 0x800000e8 0x020340d7 v  1 11111111111111111111111111111111 900003fc 900003f8 900003f4 900003f0 900003ec 900003e8 900003e4 900003e0 900003dc 900003d8 900003d4 900003d0 900003cc 900003c8 900003c4 900003c0 900003bc 900003b8 900003b4 900003b0 900003ac 900003a8 900003a4 900003a0 9000039c 90000398 90000394 90000390 9000038c 90000388 90000384 90000380 
sm   0 warp 0 0x80000008 0x02000e93 x 29  00000020
sm   0 warp 1 0x80000004 0x80818193 x  3  80003808
sm   0 warp 2 0x80000000 0x00004197 x  3  80004000
sm   1 warp 3 0x800000ec 0x0000a0fb lsu.r v  1 op 3 @ 900003fc 900003f8 900003f4 900003f0 900003ec 900003e8 900003e4 900003e0 900003dc 900003d8 900003d4 900003d0 900003cc 900003c8 900003c4 900003c0 900003bc 900003b8 900003b4 900003b0 900003ac 900003a8 900003a4 900003a0 9000039c 90000398 90000394 90000390 9000038c 90000388 90000384 90000380
sm   0 warp 0 0x8000000c 0x0d0efed7 x 29  00000020
sm   0 warp 1 0x80000008 0x02000e93 x 29  00000020
sm   1 warp 3 0x800000f0 0xff812283 lsu.r x   5 op 3 @ 70000c10+fffffff8
sm   0 warp 2 0x80000004 0x80818193 x  3  80003808
sm   0 warp 3 0x80000000 0x00004197 x  3  80004000
sm   1 warp 3 0x800000ec 0x0000a0fb v  1 11111111111111111111111111111111 437f0000 437e0000 437d0000 437c0000 437b0000 437a0000 43790000 43780000 43770000 43760000 43750000 43740000 43730000 43720000 43710000 43700000 436f0000 436e0000 436d0000 436c0000 436b0000 436a0000 43690000 43680000 43670000 43660000 43650000 43640000 43630000 43620000 43610000 43600000 
sm   0 warp 0 0x80000010 0x00002eb7 x 29  00002000
sm   0 warp 1 0x8000000c 0x0d0efed7 x 29  00000020
sm   1 warp 3 0x800000f0 0xff812283 x  5  90001000
sm   0 warp 2 0x80000008 0x02000e93 x 29  00000020
sm   0 warp 3 0x80000004 0x80818193 x  3  80003808
sm   0 warp 0 0x80000014 0x300eaef3 x 29  00001800
sm   0 warp 1 0x80000010 0x00002eb7 x 29  00002000
sm   1 warp 3 0x800000f4 0x0202c157 v  2 11111111111111111111111111111111 900013fc 900013f8 900013f4 900013f0 900013ec 900013e8 900013e4 900013e0 900013dc 900013d8 900013d4 900013d0 900013cc 900013c8 900013c4 900013c0 900013bc 900013b8 900013b4 900013b0 900013ac 900013a8 900013a4 900013a0 9000139c 90001398 90001394 90001390 9000138c 90001388 90001384 90001380 
sm   0 warp 2 0x8000000c 0x0d0efed7 x 29  00000020
sm   0 warp 0 0x80000018 0x00000e93 x 29  00000000
sm   0 warp 2 0x80000010 0x00002eb7 x 29  00002000
sm   0 warp 1 0x80000014 0x300eaef3 x 29  00001800
sm   1 warp 3 0x800000f8 0x0001217b lsu.r v  2 op 3 @ 900013fc 900013f8 900013f4 900013f0 900013ec 900013e8 900013e4 900013e0 900013dc 900013d8 900013d4 900013d0 900013cc 900013c8 900013c4 900013c0 900013bc 900013b8 900013b4 900013b0 900013ac 900013a8 900013a4 900013a0 9000139c 90001398 90001394 90001390 9000138c 90001388 90001384 90001380
sm   0 warp 0 0x8000001c 0x80502373 x  6  00000000
sm   0 warp 2 0x80000014 0x300eaef3 x 29  00001800
sm   0 warp 1 0x80000018 0x00000e93 x 29  00000000
sm   0 warp 0 0x80000020 0x806023f3 x  7  70000000
sm   1 warp 3 0x800000f8 0x0001217b v  2 11111111111111111111111111111111 44404000 44408000 4440c000 44410000 44414000 44418000 4441c000 44420000 44424000 44428000 4442c000 44430000 44434000 44438000 4443c000 44440000 44444000 44448000 4444c000 44450000 44454000 44458000 4445c000 44460000 44464000 44468000 4446c000 44470000 44474000 44478000 4447c000 44480000 
sm   0 warp 1 0x8000001c 0x80502373 x  6  00000001
sm   0 warp 2 0x80000018 0x00000e93 x 29  00000000
sm   0 warp 0 0x80000024 0x40000e13 x 28  00000400
sm   0 warp 1 0x80000020 0x806023f3 x  7  70000000
sm   1 warp 3 0x800000fc 0x021110d7 v  1 11111111111111111111111111111111 44800000 44800000 44800000 44800000 44800000 44800000 44800000 44800000 44800000 44800000 44800000 44800000 44800000 44800000 44800000 44800000 44800000 44800000 44800000 44800000 44800000 44800000 44800000 44800000 44800000 44800000 44800000 44800000 44800000 44800000 44800000 44800000 
sm   0 warp 2 0x8000001c 0x80502373 x  6  00000002
sm   0 warp 3 0x80000008 0x02000e93 x 29  00000020
sm   1 warp 3 0x80000100 0xffc12283 lsu.r x   5 op 3 @ 70000c10+fffffffc
sm   0 warp 1 0x80000024 0x40000e13 x 28  00000400
sm   0 warp 2 0x80000020 0x806023f3 x  7  70000000
sm   0 warp 0 0x80000028 0x03c30333 x  6  00000000
sm   0 warp 3 0x8000000c 0x0d0efed7 x 29  00000020
sm   1 warp 3 0x80000100 0xffc12283 x  5  90002000
sm   0 warp 2 0x80000024 0x40000e13 x 28  00000400
sm   0 warp 0 0x8000002c 0x00730133 x  2  70000000
sm   0 warp 3 0x80000010 0x00002eb7 x 29  00002000
sm   0 warp 1 0x80000028 0x03c30333 x  6  00000400
sm   1 warp 3 0x80000104 0x0202c057 v  0 11111111111111111111111111111111 900023fc 900023f8 900023f4 900023f0 900023ec 900023e8 900023e4 900023e0 900023dc 900023d8 900023d4 900023d0 900023cc 900023c8 900023c4 900023c0 900023bc 900023b8 900023b4 900023b0 900023ac 900023a8 900023a4 900023a0 9000239c 90002398 90002394 90002390 9000238c 90002388 90002384 90002380 
sm   0 warp 0 0x80000030 0x00000213 x  4  00000000
sm   0 warp 2 0x80000028 0x03c30333 x  6  00000800
sm   0 warp 3 0x80000014 0x300eaef3 x 29  00001800
sm   0 warp 1 0x8000002c 0x00730133 x  2  70000400
sm   0 warp 0 0x80000034 0x80102f73 x 30  00000004
sm   1 warp 3 0x80000108 0x0010607b lsu.w v  1 op 3 mask 11111111111111111111111111111111 44800000 44800000 44800000 44800000 44800000 44800000 44800000 44800000 44800000 44800000 44800000 44800000 44800000 44800000 44800000 44800000 44800000 44800000 44800000 44800000 44800000 44800000 44800000 44800000 44800000 44800000 44800000 44800000 44800000 44800000 44800000 44800000 @ 900023fc 900023f8 900023f4 900023f0 900023ec 900023e8 900023e4 900023e0 900023dc 900023d8 900023d4 900023d0 900023cc 900023c8 900023c4 900023c0 900023bc 900023b8 900023b4 900023b0 900023ac 900023a8 900023a4 900023a0 9000239c 90002398 90002394 90002390 9000238c 90002388 90002384 90002380
sm   0 warp 2 0x8000002c 0x00730133 x  2  70000800
sm   0 warp 3 0x80000018 0x00000e93 x 29  00000000
sm   0 warp 0 0x80000038 0x40000e13 x 28  00000400
sm   1 warp 3 0x8000010c 0xff012083 lsu.r x   1 op 3 @ 70000c10+fffffff0
sm   0 warp 1 0x80000030 0x00000213 x  4  00000000
sm   0 warp 2 0x80000030 0x00000213 x  4  00000000
sm   1 warp 3 0x80000108 0x0010607b lsu.w finish
sm   0 warp 3 0x8000001c 0x80502373 x  6  00000003
sm   1 warp 3 0x80000110 0xff010113 x  2  70000c00
sm   0 warp 1 0x80000034 0x80102f73 x 30  00000004
sm   1 warp 3 0x8000010c 0xff012083 x  1  800000a0
sm   0 warp 2 0x80000034 0x80102f73 x 30  00000004
sm   0 warp 3 0x80000020 0x806023f3 x  7  70000000
sm   0 warp 0 0x8000003c 0x03cf0f33 x 30  00001000
sm   0 warp 1 0x80000038 0x40000e13 x 28  00000400
sm   0 warp 2 0x80000038 0x40000e13 x 28  00000400
sm   1 warp 3 0x80000114 0x00008067 x  0  80000118
sm   0 warp 3 0x80000024 0x40000e13 x 28  00000400
sm   1 warp 3 0x80000114 0x00008067 Jump? 1  800000a0
sm   0 warp 0 0x80000040 0x01e38433 x  8  70001000
sm   0 warp 0 0x80000044 0x00003517 x 10  80003044
sm   0 warp 1 0x8000003c 0x03cf0f33 x 30  00001000
sm   0 warp 2 0x8000003c 0x03cf0f33 x 30  00001000
sm   0 warp 3 0x80000028 0x03c30333 x  6  00000c00
sm   1 warp 3 0x800000a0 0x0000400b endprg
sm   0 warp 0 0x80000048 0xfc450513 x 10  80003008
sm   0 warp 1 0x80000040 0x01e38433 x  8  70001000
sm   0 warp 2 0x80000040 0x01e38433 x  8  70001000
sm   0 warp 3 0x8000002c 0x00730133 x  2  70000c00
sm   0 warp 0 0x8000004c 0x00003617 x 12  8000304c
sm   0 warp 1 0x80000044 0x00003517 x 10  80003044
sm   0 warp 2 0x80000044 0x00003517 x 10  80003044
sm   0 warp 3 0x80000030 0x00000213 x  4  00000000
sm   0 warp 0 0x80000050 0xfbc60613 x 12  80003008
sm   0 warp 1 0x80000048 0xfc450513 x 10  80003008
sm   0 warp 2 0x80000048 0xfc450513 x 10  80003008
sm   0 warp 3 0x80000034 0x80102f73 x 30  00000004
sm   0 warp 1 0x8000004c 0x00003617 x 12  8000304c
sm   0 warp 2 0x8000004c 0x00003617 x 12  8000304c
sm   0 warp 0 0x80000054 0x00c50863 Jump? 1  80000064
sm   0 warp 3 0x80000038 0x40000e13 x 28  00000400
sm   0 warp 1 0x80000050 0xfbc60613 x 12  80003008
sm   0 warp 2 0x80000050 0xfbc60613 x 12  80003008
sm   1 warp 0 0x80000000 0x00004197 x  3  80004000
sm   0 warp 1 0x80000054 0x00c50863 Jump? 1  80000064
sm   0 warp 2 0x80000054 0x00c50863 Jump? 1  80000064
sm   0 warp 3 0x8000003c 0x03cf0f33 x 30  00001000
sm   1 warp 1 0x80000000 0x00004197 x  3  80004000
sm   0 warp 0 0x80000064 0x803022f3 x  5  90404000
sm   1 warp 0 0x80000004 0x80818193 x  3  80003808
sm   0 warp 3 0x80000040 0x01e38433 x  8  70001000
sm   1 warp 0 0x80000008 0x02000e93 x 29  00000020
sm   1 warp 1 0x80000004 0x80818193 x  3  80003808
sm   1 warp 2 0x80000000 0x00004197 x  3  80004000
sm   0 warp 0 0x80000068 0x0002a303 lsu.r x   6 op 0 @ 90404000+00000000
sm   0 warp 3 0x80000044 0x00003517 x 10  80003044
sm   0 warp 1 0x80000064 0x803022f3 x  5  90404000
sm   1 warp 0 0x8000000c 0x0d0efed7 x 29  00000020
sm   1 warp 1 0x80000008 0x02000e93 x 29  00000020
sm   1 warp 2 0x80000004 0x80818193 x  3  80003808
sm   1 warp 3 0x80000000 0x00004197 x  3  80004000
sm   1 warp 0 0x80000010 0x00002eb7 x 29  00002000
sm   1 warp 1 0x8000000c 0x0d0efed7 x 29  00000020
sm   1 warp 2 0x80000008 0x02000e93 x 29  00000020
sm   0 warp 2 0x80000064 0x803022f3 x  5  90404000
sm   1 warp 3 0x80000004 0x80818193 x  3  80003808
sm   1 warp 0 0x80000014 0x300eaef3 x 29  00001800
sm   1 warp 1 0x80000010 0x00002eb7 x 29  00002000
sm   1 warp 2 0x8000000c 0x0d0efed7 x 29  00000020
sm   0 warp 3 0x80000048 0xfc450513 x 10  80003008
sm   1 warp 0 0x80000018 0x00000e93 x 29  00000000
sm   1 warp 2 0x80000010 0x00002eb7 x 29  00002000
sm   0 warp 3 0x8000004c 0x00003617 x 12  8000304c
sm   1 warp 1 0x80000014 0x300eaef3 x 29  00001800
sm   1 warp 0 0x8000001c 0x80502373 x  6  00000000
sm   1 warp 2 0x80000014 0x300eaef3 x 29  00001800
sm   0 warp 3 0x80000050 0xfbc60613 x 12  80003008
sm   1 warp 1 0x80000018 0x00000e93 x 29  00000000
sm   1 warp 0 0x80000020 0x806023f3 x  7  70000000
sm   1 warp 1 0x8000001c 0x80502373 x  6  00000001
sm   1 warp 2 0x80000018 0x00000e93 x 29  00000000
sm   1 warp 0 0x80000024 0x40000e13 x 28  00000400
sm   0 warp 3 0x80000054 0x00c50863 Jump? 1  80000064
sm   1 warp 1 0x80000020 0x806023f3 x  7  70000000
sm   1 warp 2 0x8000001c 0x80502373 x  6  00000002
sm   1 warp 3 0x80000008 0x02000e93 x 29  00000020
sm   1 warp 1 0x80000024 0x40000e13 x 28  00000400
sm   1 warp 2 0x80000020 0x806023f3 x  7  70000000
sm   1 warp 0 0x80000028 0x03c30333 x  6  00000000
sm   0 warp 3 0x80000064 0x803022f3 x  5  90404000
sm   1 warp 3 0x8000000c 0x0d0efed7 x 29  00000020
sm   1 warp 2 0x80000024 0x40000e13 x 28  00000400
sm   1 warp 0 0x8000002c 0x00730133 x  2  70000000
sm   1 warp 3 0x80000010 0x00002eb7 x 29  00002000
sm   1 warp 1 0x80000028 0x03c30333 x  6  00000400
sm   1 warp 0 0x80000030 0x00000213 x  4  00000000
sm   1 warp 2 0x80000028 0x03c30333 x  6  00000800
sm   1 warp 3 0x80000014 0x300eaef3 x 29  00001800
sm   1 warp 1 0x8000002c 0x00730133 x  2  70000400
sm   1 warp 0 0x80000034 0x80102f73 x 30  00000004
sm   1 warp 2 0x8000002c 0x00730133 x  2  70000800
sm   1 warp 3 0x80000018 0x00000e93 x 29  00000000
sm   1 warp 0 0x80000038 0x40000e13 x 28  00000400
sm   1 warp 1 0x80000030 0x00000213 x  4  00000000
sm   1 warp 2 0x80000030 0x00000213 x  4  00000000
sm   1 warp 3 0x8000001c 0x80502373 x  6  00000003
sm   1 warp 1 0x80000034 0x80102f73 x 30  00000004
sm   1 warp 2 0x80000034 0x80102f73 x 30  00000004
sm   1 warp 3 0x80000020 0x806023f3 x  7  70000000
sm   1 warp 0 0x8000003c 0x03cf0f33 x 30  00001000
sm   1 warp 1 0x80000038 0x40000e13 x 28  00000400
sm   1 warp 2 0x80000038 0x40000e13 x 28  00000400
sm   1 warp 3 0x80000024 0x40000e13 x 28  00000400
sm   1 warp 0 0x80000040 0x01e38433 x  8  70001000
sm   1 warp 0 0x80000044 0x00003517 x 10  80003044
sm   1 warp 1 0x8000003c 0x03cf0f33 x 30  00001000
sm   1 warp 2 0x8000003c 0x03cf0f33 x 30  00001000
sm   1 warp 3 0x80000028 0x03c30333 x  6  00000c00
sm   1 warp 0 0x80000048 0xfc450513 x 10  80003008
sm   1 warp 1 0x80000040 0x01e38433 x  8  70001000
sm   1 warp 2 0x80000040 0x01e38433 x  8  70001000
sm   1 warp 3 0x8000002c 0x00730133 x  2  70000c00
sm   1 warp 0 0x8000004c 0x00003617 x 12  8000304c
sm   1 warp 1 0x80000044 0x00003517 x 10  80003044
sm   1 warp 2 0x80000044 0x00003517 x 10  80003044
sm   1 warp 3 0x80000030 0x00000213 x  4  00000000
sm   1 warp 0 0x80000050 0xfbc60613 x 12  80003008
sm   1 warp 1 0x80000048 0xfc450513 x 10  80003008
sm   1 warp 2 0x80000048 0xfc450513 x 10  80003008
sm   1 warp 3 0x80000034 0x80102f73 x 30  00000004
sm   1 warp 1 0x8000004c 0x00003617 x 12  8000304c
sm   1 warp 2 0x8000004c 0x00003617 x 12  8000304c
sm   1 warp 0 0x80000054 0x00c50863 Jump? 1  80000064
sm   1 warp 3 0x80000038 0x40000e13 x 28  00000400
sm   1 warp 1 0x80000050 0xfbc60613 x 12  80003008
sm   1 warp 2 0x80000050 0xfbc60613 x 12  80003008
sm   1 warp 1 0x80000054 0x00c50863 Jump? 1  80000064
sm   1 warp 3 0x8000003c 0x03cf0f33 x 30  00001000
sm   1 warp 2 0x80000054 0x00c50863 Jump? 1  80000064
sm   1 warp 0 0x80000064 0x803022f3 x  5  90404000
sm   1 warp 3 0x80000040 0x01e38433 x  8  70001000
sm   1 warp 0 0x80000068 0x0002a303 lsu.r x   6 op 0 @ 90404000+00000000
sm   1 warp 3 0x80000044 0x00003517 x 10  80003044
sm   1 warp 1 0x80000064 0x803022f3 x  5  90404000
sm   1 warp 2 0x80000064 0x803022f3 x  5  90404000
sm   1 warp 3 0x80000048 0xfc450513 x 10  80003008
sm   1 warp 3 0x8000004c 0x00003617 x 12  8000304c
sm   1 warp 3 0x80000050 0xfbc60613 x 12  80003008
sm   1 warp 3 0x80000054 0x00c50863 Jump? 1  80000064
sm   1 warp 3 0x80000064 0x803022f3 x  5  90404000
[L1C] #  11024 SM 1 CACHE 1 ADDR 90002380
sm   0 warp 0 0x8000006c 0x0042a503 lsu.r x  10 op 0 @ 90404000+00000004
sm   0 warp 0 0x80000070 0x0302a383 lsu.r x   7 op 0 @ 90404000+00000030
[L1C] #  11035 SM 0 CACHE 1 ADDR 9d0f7f80
[L1C] #  13086 SM 0 CACHE 1 ADDR 90404000
[L1C] #  13087 SM 1 CACHE 1 ADDR 8ac57f80
sm   0 warp 0 0x80000068 0x0002a303 x  6  800000b8
sm   0 warp 2 0x80000068 0x0002a303 lsu.r x   6 op 0 @ 90404000+00000000
sm   0 warp 0 0x8000006c 0x0042a503 x 10  90003000
sm   0 warp 3 0x80000068 0x0002a303 lsu.r x   6 op 0 @ 90404000+00000000
sm   0 warp 0 0x80000070 0x0302a383 x  7  00000000
sm   0 warp 1 0x80000068 0x0002a303 lsu.r x   6 op 0 @ 90404000+00000000
sm   0 warp 0 0x80000078 0x00003e97 x 29  80003078
sm   0 warp 2 0x80000068 0x0002a303 x  6  800000b8
sm   0 warp 3 0x80000068 0x0002a303 x  6  800000b8
sm   0 warp 0 0x8000007c 0xf88e8e93 x 29  80003000
sm   0 warp 0 0x80000074 0x0342ae03 lsu.r x  28 op 0 @ 90404000+00000034
sm   0 warp 0 0x80000080 0x00003f17 x 30  80003080
sm   0 warp 2 0x8000006c 0x0042a503 lsu.r x  10 op 0 @ 90404000+00000004
sm   0 warp 1 0x80000068 0x0002a303 x  6  800000b8
sm   0 warp 3 0x8000006c 0x0042a503 lsu.r x  10 op 0 @ 90404000+00000004
sm   0 warp 0 0x80000084 0xf84f0f13 x 30  80003004
sm   0 warp 0 0x80000074 0x0342ae03 x 28  00000000
sm   0 warp 2 0x8000006c 0x0042a503 x 10  90003000
sm   0 warp 1 0x8000006c 0x0042a503 lsu.r x  10 op 0 @ 90404000+00000004
sm   0 warp 3 0x8000006c 0x0042a503 x 10  90003000
sm   0 warp 2 0x80000070 0x0302a383 lsu.r x   7 op 0 @ 90404000+00000030
sm   0 warp 1 0x8000006c 0x0042a503 x 10  90003000
sm   0 warp 3 0x80000070 0x0302a383 lsu.r x   7 op 0 @ 90404000+00000030
sm   0 warp 2 0x80000070 0x0302a383 x  7  00000000
sm   0 warp 0 0x80000088 0x007ea023 lsu.w x   7 op 0 00000000 @ 80003000+00000000
sm   0 warp 3 0x80000070 0x0302a383 x  7  00000000
sm   0 warp 1 0x80000070 0x0302a383 lsu.r x   7 op 0 @ 90404000+00000030
sm   0 warp 2 0x80000078 0x00003e97 x 29  80003078
sm   0 warp 0 0x80000088 0x007ea023 lsu.w finish
sm   0 warp 2 0x80000074 0x0342ae03 lsu.r x  28 op 0 @ 90404000+00000034
sm   0 warp 3 0x80000078 0x00003e97 x 29  80003078
sm   0 warp 2 0x8000007c 0xf88e8e93 x 29  80003000
sm   0 warp 3 0x80000074 0x0342ae03 lsu.r x  28 op 0 @ 90404000+00000034
sm   0 warp 2 0x80000080 0x00003f17 x 30  80003080
sm   0 warp 0 0x80000090 0x00000f97 x 31  80000090
sm   0 warp 3 0x8000007c 0xf88e8e93 x 29  80003000
sm   0 warp 0 0x8000008c 0x01cf2023 lsu.w x  28 op 0 00000000 @ 80003004+00000000
sm   0 warp 1 0x80000078 0x00003e97 x 29  80003078
sm   0 warp 3 0x80000080 0x00003f17 x 30  80003080
sm   0 warp 2 0x80000084 0xf84f0f13 x 30  80003004
sm   0 warp 1 0x80000074 0x0342ae03 lsu.r x  28 op 0 @ 90404000+00000034
sm   0 warp 0 0x80000094 0x018f8f93 x 31  800000a8
sm   0 warp 1 0x8000007c 0xf88e8e93 x 29  80003000
sm   0 warp 3 0x80000084 0xf84f0f13 x 30  80003004
sm   0 warp 1 0x80000080 0x00003f17 x 30  80003080
sm   0 warp 2 0x80000088 0x007ea023 lsu.w x   7 op 0 00000000 @ 80003000+00000000
sm   0 warp 0 0x80000098 0x305f9073 x  0  00000000
sm   0 warp 1 0x80000070 0x0302a383 x  7  00000000
sm   0 warp 2 0x80000074 0x0342ae03 x 28  00000000
sm   0 warp 3 0x80000074 0x0342ae03 x 28  00000000
sm   0 warp 0 0x8000009c 0x000300e7 x  1  800000a0
sm   0 warp 0 0x8000008c 0x01cf2023 lsu.w finish
sm   0 warp 1 0x80000084 0xf84f0f13 x 30  80003004
sm   0 warp 0 0x8000009c 0x000300e7 Jump? 1  800000b8
sm   0 warp 3 0x80000088 0x007ea023 lsu.w x   7 op 0 00000000 @ 80003000+00000000
sm   0 warp 1 0x80000074 0x0342ae03 x 28  00000000
sm   0 warp 2 0x80000090 0x00000f97 x 31  80000090
sm   0 warp 2 0x8000008c 0x01cf2023 lsu.w x  28 op 0 00000000 @ 80003004+00000000
sm   0 warp 3 0x80000090 0x00000f97 x 31  80000090
sm   0 warp 3 0x8000008c 0x01cf2023 lsu.w x  28 op 0 00000000 @ 80003004+00000000
sm   0 warp 2 0x80000094 0x018f8f93 x 31  800000a8
sm   0 warp 0 0x800000b8 0x01010113 x  2  70000010
sm   0 warp 1 0x80000088 0x007ea023 lsu.w x   7 op 0 00000000 @ 80003000+00000000
sm   0 warp 3 0x80000094 0x018f8f93 x 31  800000a8
sm   0 warp 1 0x80000090 0x00000f97 x 31  80000090
sm   0 warp 1 0x8000008c 0x01cf2023 lsu.w x  28 op 0 00000000 @ 80003004+00000000
sm   0 warp 2 0x80000098 0x305f9073 x  0  00000000
sm   0 warp 3 0x80000098 0x305f9073 x  0  00000000
sm   0 warp 0 0x800000bc 0xfe112823 lsu.w x   1 op 3 800000a0 @ 70000010+fffffff0
sm   0 warp 1 0x80000094 0x018f8f93 x 31  800000a8
sm   0 warp 2 0x8000009c 0x000300e7 x  1  800000a0
sm   0 warp 2 0x8000009c 0x000300e7 Jump? 1  800000b8
sm   0 warp 3 0x8000009c 0x000300e7 Jump? 1  800000b8
sm   0 warp 3 0x8000009c 0x000300e7 x  1  800000a0
sm   0 warp 0 0x800000c0 0x00852283 lsu.r x   5 op 0 @ 90003000+00000008
sm   0 warp 0 0x800000bc 0xfe112823 lsu.w finish
sm   0 warp 1 0x80000098 0x305f9073 x  0  00000000
sm   0 warp 1 0x8000009c 0x000300e7 x  1  800000a0
sm   0 warp 2 0x800000b8 0x01010113 x  2  70000810
sm   0 warp 1 0x8000009c 0x000300e7 Jump? 1  800000b8
sm   0 warp 2 0x800000bc 0xfe112823 lsu.w x   1 op 3 800000a0 @ 70000810+fffffff0
sm   0 warp 3 0x800000b8 0x01010113 x  2  70000c10
sm   0 warp 1 0x800000b8 0x01010113 x  2  70000410
sm   0 warp 2 0x800000bc 0xfe112823 lsu.w finish
sm   0 warp 2 0x800000c0 0x00852283 lsu.r x   5 op 0 @ 90003000+00000008
[L1C] #  15138 SM 0 CACHE 1 ADDR 80003000
[L1C] #  15139 SM 0 CACHE 1 ADDR 80003000
sm   1 warp 0 0x8000006c 0x0042a503 lsu.r x  10 op 0 @ 90404000+00000004
sm   1 warp 0 0x80000070 0x0302a383 lsu.r x   7 op 0 @ 90404000+00000030
[L1C] #  15151 SM 1 CACHE 1 ADDR 8ac57f80
sm   0 warp 2 0x80000088 0x007ea023 lsu.w finish
sm   0 warp 3 0x800000bc 0xfe112823 lsu.w x   1 op 3 800000a0 @ 70000c10+fffffff0
sm   0 warp 3 0x800000bc 0xfe112823 lsu.w finish
sm   0 warp 1 0x800000bc 0xfe112823 lsu.w x   1 op 3 800000a0 @ 70000410+fffffff0
sm   0 warp 1 0x800000bc 0xfe112823 lsu.w finish
sm   0 warp 3 0x800000c0 0x00852283 lsu.r x   5 op 0 @ 90003000+00000008
[L1C] #  17202 SM 1 CACHE 1 ADDR 90404000
[L1C] #  17203 SM 0 CACHE 1 ADDR 80003000
sm   1 warp 0 0x80000068 0x0002a303 x  6  800000b8
[L1C] #  17220 SM 0 CACHE 1 ADDR 80003000
sm   0 warp 3 0x80000088 0x007ea023 lsu.w finish
sm   1 warp 2 0x80000068 0x0002a303 lsu.r x   6 op 0 @ 90404000+00000000
sm   1 warp 0 0x8000006c 0x0042a503 x 10  90003000
sm   1 warp 3 0x80000068 0x0002a303 lsu.r x   6 op 0 @ 90404000+00000000
sm   1 warp 0 0x80000070 0x0302a383 x  7  00000000
sm   1 warp 1 0x80000068 0x0002a303 lsu.r x   6 op 0 @ 90404000+00000000
sm   1 warp 0 0x80000078 0x00003e97 x 29  80003078
sm   1 warp 2 0x80000068 0x0002a303 x  6  800000b8
sm   1 warp 3 0x80000068 0x0002a303 x  6  800000b8
sm   1 warp 0 0x8000007c 0xf88e8e93 x 29  80003000
sm   1 warp 0 0x80000074 0x0342ae03 lsu.r x  28 op 0 @ 90404000+00000034
[L1C] #  17236 SM 0 CACHE 1 ADDR 80003000
sm   0 warp 2 0x8000008c 0x01cf2023 lsu.w finish
sm   1 warp 0 0x80000080 0x00003f17 x 30  80003080
sm   1 warp 2 0x8000006c 0x0042a503 lsu.r x  10 op 0 @ 90404000+00000004
sm   1 warp 1 0x80000068 0x0002a303 x  6  800000b8
sm   1 warp 3 0x8000006c 0x0042a503 lsu.r x  10 op 0 @ 90404000+00000004
sm   1 warp 0 0x80000084 0xf84f0f13 x 30  80003004
sm   1 warp 0 0x80000074 0x0342ae03 x 28  00000000
sm   1 warp 2 0x8000006c 0x0042a503 x 10  90003000
sm   1 warp 1 0x8000006c 0x0042a503 lsu.r x  10 op 0 @ 90404000+00000004
sm   1 warp 3 0x8000006c 0x0042a503 x 10  90003000
sm   1 warp 2 0x80000070 0x0302a383 lsu.r x   7 op 0 @ 90404000+00000030
[L1C] #  17252 SM 0 CACHE 1 ADDR 80003000
sm   0 warp 3 0x8000008c 0x01cf2023 lsu.w finish
sm   1 warp 1 0x8000006c 0x0042a503 x 10  90003000
sm   1 warp 3 0x80000070 0x0302a383 lsu.r x   7 op 0 @ 90404000+00000030
sm   1 warp 2 0x80000070 0x0302a383 x  7  00000000
sm   1 warp 0 0x80000088 0x007ea023 lsu.w x   7 op 0 00000000 @ 80003000+00000000
sm   1 warp 3 0x80000070 0x0302a383 x  7  00000000
sm   1 warp 1 0x80000070 0x0302a383 lsu.r x   7 op 0 @ 90404000+00000030
[L1C] #  17264 SM 1 CACHE 1 ADDR 80003000
sm   1 warp 2 0x80000078 0x00003e97 x 29  80003078
sm   1 warp 0 0x80000088 0x007ea023 lsu.w finish
sm   1 warp 2 0x80000074 0x0342ae03 lsu.r x  28 op 0 @ 90404000+00000034
[L1C] #  17268 SM 0 CACHE 1 ADDR 80003000
sm   1 warp 3 0x80000078 0x00003e97 x 29  80003078
sm   0 warp 1 0x80000088 0x007ea023 lsu.w finish
sm   1 warp 2 0x8000007c 0xf88e8e93 x 29  80003000
sm   1 warp 3 0x80000074 0x0342ae03 lsu.r x  28 op 0 @ 90404000+00000034
sm   1 warp 2 0x80000080 0x00003f17 x 30  80003080
sm   1 warp 0 0x80000090 0x00000f97 x 31  80000090
sm   1 warp 3 0x8000007c 0xf88e8e93 x 29  80003000
sm   1 warp 0 0x8000008c 0x01cf2023 lsu.w x  28 op 0 00000000 @ 80003004+00000000
sm   1 warp 1 0x80000078 0x00003e97 x 29  80003078
sm   1 warp 3 0x80000080 0x00003f17 x 30  80003080
sm   1 warp 2 0x80000084 0xf84f0f13 x 30  80003004
sm   1 warp 1 0x80000074 0x0342ae03 lsu.r x  28 op 0 @ 90404000+00000034
sm   1 warp 0 0x80000094 0x018f8f93 x 31  800000a8
[L1C] #  17279 SM 1 CACHE 1 ADDR 80003000
sm   1 warp 1 0x8000007c 0xf88e8e93 x 29  80003000
[L1C] #  17282 SM 0 CACHE 1 ADDR 80003000
sm   1 warp 3 0x80000084 0xf84f0f13 x 30  80003004
sm   0 warp 1 0x8000008c 0x01cf2023 lsu.w finish
sm   1 warp 1 0x80000080 0x00003f17 x 30  80003080
sm   1 warp 2 0x80000088 0x007ea023 lsu.w x   7 op 0 00000000 @ 80003000+00000000
sm   1 warp 0 0x80000098 0x305f9073 x  0  00000000
sm   1 warp 1 0x80000070 0x0302a383 x  7  00000000
sm   1 warp 2 0x80000074 0x0342ae03 x 28  00000000
sm   1 warp 3 0x80000074 0x0342ae03 x 28  00000000
sm   1 warp 0 0x8000009c 0x000300e7 x  1  800000a0
sm   1 warp 0 0x8000008c 0x01cf2023 lsu.w finish
sm   1 warp 1 0x80000084 0xf84f0f13 x 30  80003004
sm   1 warp 0 0x8000009c 0x000300e7 Jump? 1  800000b8
sm   1 warp 3 0x80000088 0x007ea023 lsu.w x   7 op 0 00000000 @ 80003000+00000000
sm   1 warp 1 0x80000074 0x0342ae03 x 28  00000000
sm   1 warp 2 0x80000090 0x00000f97 x 31  80000090
sm   1 warp 2 0x8000008c 0x01cf2023 lsu.w x  28 op 0 00000000 @ 80003004+00000000
[L1C] #  17295 SM 1 CACHE 1 ADDR 80003000
sm   1 warp 3 0x80000090 0x00000f97 x 31  80000090
sm   1 warp 2 0x80000088 0x007ea023 lsu.w finish
[L1C] #  17297 SM 0 CACHE 1 ADDR 90003000
sm   1 warp 3 0x8000008c 0x01cf2023 lsu.w x  28 op 0 00000000 @ 80003004+00000000
sm   1 warp 2 0x80000094 0x018f8f93 x 31  800000a8
sm   1 warp 0 0x800000b8 0x01010113 x  2  70000010
sm   1 warp 3 0x80000094 0x018f8f93 x 31  800000a8
sm   1 warp 1 0x80000088 0x007ea023 lsu.w x   7 op 0 00000000 @ 80003000+00000000
sm   1 warp 1 0x80000090 0x00000f97 x 31  80000090
sm   1 warp 2 0x80000098 0x305f9073 x  0  00000000
sm   1 warp 1 0x8000008c 0x01cf2023 lsu.w x  28 op 0 00000000 @ 80003004+00000000
sm   1 warp 3 0x80000098 0x305f9073 x  0  00000000
sm   1 warp 0 0x800000bc 0xfe112823 lsu.w x   1 op 3 800000a0 @ 70000010+fffffff0
sm   1 warp 1 0x80000094 0x018f8f93 x 31  800000a8
sm   1 warp 2 0x8000009c 0x000300e7 x  1  800000a0
sm   1 warp 2 0x8000009c 0x000300e7 Jump? 1  800000b8
sm   1 warp 3 0x8000009c 0x000300e7 x  1  800000a0
sm   1 warp 0 0x800000c0 0x00852283 lsu.r x   5 op 0 @ 90003000+00000008
sm   1 warp 3 0x8000009c 0x000300e7 Jump? 1  800000b8
[L1C] #  17311 SM 1 CACHE 1 ADDR 80003000
sm   1 warp 3 0x80000088 0x007ea023 lsu.w finish
sm   1 warp 1 0x80000098 0x305f9073 x  0  00000000
sm   0 warp 0 0x800000c0 0x00852283 x  5  90002000
sm   1 warp 0 0x800000bc 0xfe112823 lsu.w finish
sm   1 warp 1 0x8000009c 0x000300e7 x  1  800000a0
sm   0 warp 1 0x800000c0 0x00852283 lsu.r x   5 op 0 @ 90003000+00000008
sm   1 warp 2 0x800000b8 0x01010113 x  2  70000810
sm   1 warp 1 0x8000009c 0x000300e7 Jump? 1  800000b8
sm   0 warp 2 0x800000c0 0x00852283 x  5  90002000
sm   0 warp 0 0x800000c4 0xfe512e23 lsu.w x   5 op 3 90002000 @ 70000010+fffffffc
sm   0 warp 3 0x800000c0 0x00852283 x  5  90002000
sm   1 warp 2 0x800000bc 0xfe112823 lsu.w x   1 op 3 800000a0 @ 70000810+fffffff0
sm   1 warp 3 0x800000b8 0x01010113 x  2  70000c10
sm   0 warp 2 0x800000c4 0xfe512e23 lsu.w x   5 op 3 90002000 @ 70000810+fffffffc
sm   0 warp 1 0x800000c0 0x00852283 x  5  90002000
sm   1 warp 1 0x800000b8 0x01010113 x  2  70000410
[L1C] #  17327 SM 1 CACHE 1 ADDR 80003000
sm   1 warp 2 0x8000008c 0x01cf2023 lsu.w finish
sm   0 warp 0 0x800000c8 0x00452283 lsu.r x   5 op 0 @ 90003000+00000004
sm   1 warp 2 0x800000c0 0x00852283 lsu.r x   5 op 0 @ 90003000+00000008
sm   0 warp 0 0x800000c4 0xfe512e23 lsu.w finish
sm   1 warp 2 0x800000bc 0xfe112823 lsu.w finish
sm   0 warp 2 0x800000c8 0x00452283 lsu.r x   5 op 0 @ 90003000+00000004
sm   1 warp 3 0x800000bc 0xfe112823 lsu.w x   1 op 3 800000a0 @ 70000c10+fffffff0
sm   0 warp 0 0x800000c8 0x00452283 x  5  90001000
sm   0 warp 3 0x800000c4 0xfe512e23 lsu.w x   5 op 3 90002000 @ 70000c10+fffffffc
sm   1 warp 1 0x800000bc 0xfe112823 lsu.w x   1 op 3 800000a0 @ 70000410+fffffff0
sm   0 warp 2 0x800000c8 0x00452283 x  5  90001000
sm   1 warp 3 0x800000bc 0xfe112823 lsu.w finish
sm   0 warp 1 0x800000c4 0xfe512e23 lsu.w x   5 op 3 90002000 @ 70000410+fffffffc
sm   1 warp 3 0x800000c0 0x00852283 lsu.r x   5 op 0 @ 90003000+00000008
sm   0 warp 2 0x800000c4 0xfe512e23 lsu.w finish
sm   1 warp 1 0x800000bc 0xfe112823 lsu.w finish
[L1C] #  17343 SM 1 CACHE 1 ADDR 80003000
sm   0 warp 3 0x800000c8 0x00452283 lsu.r x   5 op 0 @ 90003000+00000004
sm   1 warp 3 0x8000008c 0x01cf2023 lsu.w finish
sm   0 warp 3 0x800000c4 0xfe512e23 lsu.w finish
sm   0 warp 1 0x800000c8 0x00452283 lsu.r x   5 op 0 @ 90003000+00000004
sm   0 warp 3 0x800000c8 0x00452283 x  5  90001000
sm   0 warp 0 0x800000cc 0xfe512c23 lsu.w x   5 op 3 90001000 @ 70000010+fffffff8
sm   0 warp 1 0x800000c8 0x00452283 x  5  90001000
sm   0 warp 2 0x800000cc 0xfe512c23 lsu.w x   5 op 3 90001000 @ 70000810+fffffff8
sm   0 warp 1 0x800000c4 0xfe512e23 lsu.w finish
[L1C] #  17359 SM 1 CACHE 1 ADDR 80003000
sm   1 warp 1 0x80000088 0x007ea023 lsu.w finish
sm   0 warp 0 0x800000d0 0x00052283 lsu.r x   5 op 0 @ 90003000+00000000
sm   0 warp 0 0x800000cc 0xfe512c23 lsu.w finish
sm   0 warp 2 0x800000d0 0x00052283 lsu.r x   5 op 0 @ 90003000+00000000
sm   0 warp 0 0x800000d0 0x00052283 x  5  90000000
sm   0 warp 3 0x800000cc 0xfe512c23 lsu.w x   5 op 3 90001000 @ 70000c10+fffffff8
sm   0 warp 2 0x800000d0 0x00052283 x  5  90000000
sm   0 warp 1 0x800000cc 0xfe512c23 lsu.w x   5 op 3 90001000 @ 70000410+fffffff8
sm   0 warp 2 0x800000cc 0xfe512c23 lsu.w finish
[L1C] #  17375 SM 1 CACHE 1 ADDR 80003000
sm   1 warp 1 0x8000008c 0x01cf2023 lsu.w finish
sm   0 warp 3 0x800000d0 0x00052283 lsu.r x   5 op 0 @ 90003000+00000000
sm   0 warp 3 0x800000cc 0xfe512c23 lsu.w finish
sm   0 warp 1 0x800000d0 0x00052283 lsu.r x   5 op 0 @ 90003000+00000000
sm   0 warp 3 0x800000d0 0x00052283 x  5  90000000
sm   0 warp 0 0x800000d4 0xfe512a23 lsu.w x   5 op 3 90000000 @ 70000010+fffffff4
sm   0 warp 0 0x800000d8 0x5e004057 v  0 11111111111111111111111111111111 00000000 00000000 00000000 00000000 00000000 00000000 00000000 00000000 00000000 00000000 00000000 00000000 00000000 00000000 00000000 00000000 00000000 00000000 00000000 00000000 00000000 00000000 00000000 00000000 00000000 00000000 00000000 00000000 00000000 00000000 00000000 00000000 
sm   0 warp 0 0x800000dc 0x03c000ef Jump? 1  80000118
sm   0 warp 0 0x800000dc 0x03c000ef x  1  800000e0
sm   0 warp 2 0x800000d4 0xfe512a23 lsu.w x   5 op 3 90000000 @ 70000810+fffffff4
sm   0 warp 2 0x800000d8 0x5e004057 v  0 11111111111111111111111111111111 00000000 00000000 00000000 00000000 00000000 00000000 00000000 00000000 00000000 00000000 00000000 00000000 00000000 00000000 00000000 00000000 00000000 00000000 00000000 00000000 00000000 00000000 00000000 00000000 00000000 00000000 00000000 00000000 00000000 00000000 00000000 00000000 
sm   0 warp 2 0x800000dc 0x03c000ef x  1  800000e0
sm   0 warp 2 0x800000dc 0x03c000ef Jump? 1  80000118
sm   0 warp 3 0x800000d4 0xfe512a23 lsu.w x   5 op 3 90000000 @ 70000c10+fffffff4
[L1C] #  17391 SM 1 CACHE 1 ADDR 90003000
sm   0 warp 3 0x800000d8 0x5e004057 v  0 11111111111111111111111111111111 00000000 00000000 00000000 00000000 00000000 00000000 00000000 00000000 00000000 00000000 00000000 00000000 00000000 00000000 00000000 00000000 00000000 00000000 00000000 00000000 00000000 00000000 00000000 00000000 00000000 00000000 00000000 00000000 00000000 00000000 00000000 00000000 
sm   0 warp 0 0x800000d4 0xfe512a23 lsu.w finish
sm   0 warp 1 0x800000d0 0x00052283 x  5  90000000
sm   0 warp 3 0x800000dc 0x03c000ef x  1  800000e0
sm   0 warp 3 0x800000dc 0x03c000ef Jump? 1  80000118
sm   0 warp 1 0x800000cc 0xfe512c23 lsu.w finish
sm   0 warp 0 0x80000118 0x00410113 x  2  70000014
sm   0 warp 2 0x800000d4 0xfe512a23 lsu.w finish
sm   1 warp 0 0x800000c0 0x00852283 x  5  90002000
sm   0 warp 1 0x800000d4 0xfe512a23 lsu.w x   5 op 3 90000000 @ 70000410+fffffff4
sm   0 warp 2 0x80000118 0x00410113 x  2  70000814
sm   1 warp 1 0x800000c0 0x00852283 lsu.r x   5 op 0 @ 90003000+00000008
sm   0 warp 3 0x800000d4 0xfe512a23 lsu.w finish
sm   0 warp 1 0x800000d8 0x5e004057 v  0 11111111111111111111111111111111 00000000 00000000 00000000 00000000 00000000 00000000 00000000 00000000 00000000 00000000 00000000 00000000 00000000 00000000 00000000 00000000 00000000 00000000 00000000 00000000 00000000 00000000 00000000 00000000 00000000 00000000 00000000 00000000 00000000 00000000 00000000 00000000 
sm   1 warp 2 0x800000c0 0x00852283 x  5  90002000
sm   0 warp 0 0x8000011c 0xfe112e23 lsu.w x   1 op 3 800000e0 @ 70000014+fffffffc
sm   0 warp 1 0x800000dc 0x03c000ef Jump? 1  80000118
sm   0 warp 1 0x800000dc 0x03c000ef x  1  800000e0
sm   0 warp 0 0x80000120 0x00200293 x  5  00000002
sm   1 warp 0 0x800000c4 0xfe512e23 lsu.w x   5 op 3 90002000 @ 70000010+fffffffc
sm   0 warp 1 0x800000d4 0xfe512a23 lsu.w finish
sm   1 warp 3 0x800000c0 0x00852283 x  5  90002000
sm   0 warp 2 0x8000011c 0xfe112e23 lsu.w x   1 op 3 800000e0 @ 70000814+fffffffc
sm   0 warp 3 0x80000118 0x00410113 x  2  70000c14
sm   0 warp 2 0x80000120 0x00200293 x  5  00000002
sm   1 warp 2 0x800000c4 0xfe512e23 lsu.w x   5 op 3 90002000 @ 70000810+fffffffc
sm   0 warp 0 0x8000011c 0xfe112e23 lsu.w finish
sm   0 warp 0 0x80000124 0x5e02c0d7 v  1 11111111111111111111111111111111 00000002 00000002 00000002 00000002 00000002 00000002 00000002 00000002 00000002 00000002 00000002 00000002 00000002 00000002 00000002 00000002 00000002 00000002 00000002 00000002 00000002 00000002 00000002 00000002 00000002 00000002 00000002 00000002 00000002 00000002 00000002 00000002 
sm   1 warp 1 0x800000c0 0x00852283 x  5  90002000
sm   0 warp 0 0x80000128 0x00000317 x  6  80000128
sm   0 warp 2 0x8000011c 0xfe112e23 lsu.w finish
sm   0 warp 1 0x80000118 0x00410113 x  2  70000414
sm   1 warp 0 0x800000c8 0x00452283 lsu.r x   5 op 0 @ 90003000+00000004
sm   0 warp 3 0x8000011c 0xfe112e23 lsu.w x   1 op 3 800000e0 @ 70000c14+fffffffc
sm   0 warp 2 0x80000124 0x5e02c0d7 v  1 11111111111111111111111111111111 00000002 00000002 00000002 00000002 00000002 00000002 00000002 00000002 00000002 00000002 00000002 00000002 00000002 00000002 00000002 00000002 00000002 00000002 00000002 00000002 00000002 00000002 00000002 00000002 00000002 00000002 00000002 00000002 00000002 00000002 00000002 00000002 
sm   1 warp 0 0x800000c4 0xfe512e23 lsu.w finish
sm   0 warp 2 0x80000128 0x00000317 x  6  80000128
sm   1 warp 2 0x800000c8 0x00452283 lsu.r x   5 op 0 @ 90003000+00000004
sm   0 warp 3 0x80000120 0x00200293 x  5  00000002
sm 0 warp 0 0x8000012c 0x04c3305b  setrpc 0x80000174 
sm   0 warp 0 0x8000012c 0x04c3305b x  0  80000174
sm   1 warp 0 0x800000c8 0x00452283 x  5  90001000
sm   0 warp 3 0x8000011c 0xfe112e23 lsu.w finish
sm   0 warp 1 0x8000011c 0xfe112e23 lsu.w x   1 op 3 800000e0 @ 70000414+fffffffc
sm   1 warp 3 0x800000c4 0xfe512e23 lsu.w x   5 op 3 90002000 @ 70000c10+fffffffc
sm   0 warp 1 0x80000120 0x00200293 x  5  00000002
sm   0 warp 3 0x80000124 0x5e02c0d7 v  1 11111111111111111111111111111111 00000002 00000002 00000002 00000002 00000002 00000002 00000002 00000002 00000002 00000002 00000002 00000002 00000002 00000002 00000002 00000002 00000002 00000002 00000002 00000002 00000002 00000002 00000002 00000002 00000002 00000002 00000002 00000002 00000002 00000002 00000002 00000002 
sm   1 warp 2 0x800000c8 0x00452283 x  5  90001000
sm 0 warp 2 0x8000012c 0x04c3305b  setrpc 0x80000174 
sm   0 warp 2 0x8000012c 0x04c3305b x  0  80000174
sm   0 warp 0 0x80000130 0x0200885b vbranch     current mask and npc:   11111111111111111111111111111111 0x80000134, take_if=1, if_mask = 11111111111111111111111111111111
sm   1 warp 1 0x800000c4 0xfe512e23 lsu.w x   5 op 3 90002000 @ 70000410+fffffffc
sm   0 warp 1 0x8000011c 0xfe112e23 lsu.w finish
sm   0 warp 1 0x80000124 0x5e02c0d7 v  1 11111111111111111111111111111111 00000002 00000002 00000002 00000002 00000002 00000002 00000002 00000002 00000002 00000002 00000002 00000002 00000002 00000002 00000002 00000002 00000002 00000002 00000002 00000002 00000002 00000002 00000002 00000002 00000002 00000002 00000002 00000002 00000002 00000002 00000002 00000002 
sm   1 warp 2 0x800000c4 0xfe512e23 lsu.w finish
sm   0 warp 2 0x80000130 0x0200885b vbranch     current mask and npc:   11111111111111111111111111111111 0x80000134, take_if=1, if_mask = 11111111111111111111111111111111
sm   0 warp 1 0x80000128 0x00000317 x  6  80000128
sm   1 warp 3 0x800000c8 0x00452283 lsu.r x   5 op 0 @ 90003000+00000004
sm   0 warp 0 0x80000134 0x00100293 x  5  00000001
sm   1 warp 3 0x800000c4 0xfe512e23 lsu.w finish
sm   0 warp 2 0x80000134 0x00100293 x  5  00000001
sm   1 warp 1 0x800000c8 0x00452283 lsu.r x   5 op 0 @ 90003000+00000004
sm 0 warp 1 0x8000012c 0x04c3305b  setrpc 0x80000174 
sm   0 warp 1 0x8000012c 0x04c3305b x  0  80000174
sm   0 warp 3 0x80000128 0x00000317 x  6  80000128
sm   0 warp 0 0x80000138 0x5e02c0d7 v  1 11111111111111111111111111111111 00000001 00000001 00000001 00000001 00000001 00000001 00000001 00000001 00000001 00000001 00000001 00000001 00000001 00000001 00000001 00000001 00000001 00000001 00000001 00000001 00000001 00000001 00000001 00000001 00000001 00000001 00000001 00000001 00000001 00000001 00000001 00000001 
sm   1 warp 3 0x800000c8 0x00452283 x  5  90001000
sm   0 warp 0 0x8000013c 0x00000317 x  6  8000013c
sm   1 warp 0 0x800000cc 0xfe512c23 lsu.w x   5 op 3 90001000 @ 70000010+fffffff8
sm   0 warp 1 0x80000130 0x0200885b vbranch     current mask and npc:   11111111111111111111111111111111 0x80000134, take_if=1, if_mask = 11111111111111111111111111111111
sm   0 warp 2 0x80000138 0x5e02c0d7 v  1 11111111111111111111111111111111 00000001 00000001 00000001 00000001 00000001 00000001 00000001 00000001 00000001 00000001 00000001 00000001 00000001 00000001 00000001 00000001 00000001 00000001 00000001 00000001 00000001 00000001 00000001 00000001 00000001 00000001 00000001 00000001 00000001 00000001 00000001 00000001 
sm   1 warp 1 0x800000c8 0x00452283 x  5  90001000
sm 0 warp 3 0x8000012c 0x04c3305b  setrpc 0x80000174 
sm   0 warp 3 0x8000012c 0x04c3305b x  0  80000174
sm   1 warp 2 0x800000cc 0xfe512c23 lsu.w x   5 op 3 90001000 @ 70000810+fffffff8
sm 0 warp 0 0x80000140 0x0383305b  setrpc 0x80000174 
sm   0 warp 0 0x80000140 0x0383305b x  0  80000174
sm   0 warp 2 0x8000013c 0x00000317 x  6  8000013c
sm   1 warp 1 0x800000c4 0xfe512e23 lsu.w finish
sm   0 warp 1 0x80000134 0x00100293 x  5  00000001
sm   1 warp 0 0x800000d0 0x00052283 lsu.r x   5 op 0 @ 90003000+00000000
sm   0 warp 3 0x80000130 0x0200885b vbranch     current mask and npc:   11111111111111111111111111111111 0x80000134, take_if=1, if_mask = 11111111111111111111111111111111
sm 0 warp 2 0x80000140 0x0383305b  setrpc 0x80000174 
sm   1 warp 0 0x800000cc 0xfe512c23 lsu.w finish
sm   0 warp 2 0x80000140 0x0383305b x  0  80000174
sm   0 warp 0 0x80000144 0x0200825b vbranch     current mask and npc:   11111111111111111111111111111111 0x80000148, take_if=1, if_mask = 11111111111111111111111111111111
sm   0 warp 1 0x80000138 0x5e02c0d7 v  1 11111111111111111111111111111111 00000001 00000001 00000001 00000001 00000001 00000001 00000001 00000001 00000001 00000001 00000001 00000001 00000001 00000001 00000001 00000001 00000001 00000001 00000001 00000001 00000001 00000001 00000001 00000001 00000001 00000001 00000001 00000001 00000001 00000001 00000001 00000001 
sm   1 warp 2 0x800000d0 0x00052283 lsu.r x   5 op 0 @ 90003000+00000000
sm   0 warp 3 0x80000134 0x00100293 x  5  00000001
sm   1 warp 0 0x800000d0 0x00052283 x  5  90000000
sm   0 warp 1 0x8000013c 0x00000317 x  6  8000013c
sm   0 warp 2 0x80000144 0x0200825b vbranch     current mask and npc:   11111111111111111111111111111111 0x80000148, take_if=1, if_mask = 11111111111111111111111111111111
sm   0 warp 0 0x80000148 0x5e0040d7 v  1 11111111111111111111111111111111 00000000 00000000 00000000 00000000 00000000 00000000 00000000 00000000 00000000 00000000 00000000 00000000 00000000 00000000 00000000 00000000 00000000 00000000 00000000 00000000 00000000 00000000 00000000 00000000 00000000 00000000 00000000 00000000 00000000 00000000 00000000 00000000 
sm   1 warp 3 0x800000cc 0xfe512c23 lsu.w x   5 op 3 90001000 @ 70000c10+fffffff8
sm   0 warp 0 0x8000014c 0x00000317 x  6  8000014c
sm   1 warp 2 0x800000d0 0x00052283 x  5  90000000
sm   0 warp 3 0x80000138 0x5e02c0d7 v  1 11111111111111111111111111111111 00000001 00000001 00000001 00000001 00000001 00000001 00000001 00000001 00000001 00000001 00000001 00000001 00000001 00000001 00000001 00000001 00000001 00000001 00000001 00000001 00000001 00000001 00000001 00000001 00000001 00000001 00000001 00000001 00000001 00000001 00000001 00000001 
sm   0 warp 2 0x80000148 0x5e0040d7 v  1 11111111111111111111111111111111 00000000 00000000 00000000 00000000 00000000 00000000 00000000 00000000 00000000 00000000 00000000 00000000 00000000 00000000 00000000 00000000 00000000 00000000 00000000 00000000 00000000 00000000 00000000 00000000 00000000 00000000 00000000 00000000 00000000 00000000 00000000 00000000 
sm   1 warp 1 0x800000cc 0xfe512c23 lsu.w x   5 op 3 90001000 @ 70000410+fffffff8
sm 0 warp 1 0x80000140 0x0383305b  setrpc 0x80000174 
sm   0 warp 1 0x80000140 0x0383305b x  0  80000174
sm   0 warp 3 0x8000013c 0x00000317 x  6  8000013c
sm   1 warp 2 0x800000cc 0xfe512c23 lsu.w finish
sm   0 warp 2 0x8000014c 0x00000317 x  6  8000014c
sm 0 warp 0 0x80000150 0x0283305b  setrpc 0x80000174 
sm   0 warp 0 0x80000150 0x0283305b x  0  80000174
sm   1 warp 3 0x800000d0 0x00052283 lsu.r x   5 op 0 @ 90003000+00000000
sm   0 warp 1 0x80000144 0x0200825b vbranch     current mask and npc:   11111111111111111111111111111111 0x80000148, take_if=1, if_mask = 11111111111111111111111111111111
sm 0 warp 3 0x80000140 0x0383305b  setrpc 0x80000174 
sm   1 warp 3 0x800000cc 0xfe512c23 lsu.w finish
sm   0 warp 3 0x80000140 0x0383305b x  0  80000174
sm 0 warp 2 0x80000150 0x0283305b  setrpc 0x80000174 
sm   0 warp 2 0x80000150 0x0283305b x  0  80000174
sm   0 warp 0 0x80000154 0x00009e5b vbranch     current mask and npc:   11111111111111111111111111111111 0x80000158, take_if=1, if_mask = 11111111111111111111111111111111
sm   1 warp 1 0x800000d0 0x00052283 lsu.r x   5 op 0 @ 90003000+00000000
sm   0 warp 1 0x80000148 0x5e0040d7 v  1 11111111111111111111111111111111 00000000 00000000 00000000 00000000 00000000 00000000 00000000 00000000 00000000 00000000 00000000 00000000 00000000 00000000 00000000 00000000 00000000 00000000 00000000 00000000 00000000 00000000 00000000 00000000 00000000 00000000 00000000 00000000 00000000 00000000 00000000 00000000 
sm   1 warp 3 0x800000d0 0x00052283 x  5  90000000
sm   0 warp 0 0x80000158 0x1a0000ef x  1  8000015c
sm   0 warp 0 0x80000158 0x1a0000ef Jump? 1  800002f8
sm   0 warp 3 0x80000144 0x0200825b vbranch     current mask and npc:   11111111111111111111111111111111 0x80000148, take_if=1, if_mask = 11111111111111111111111111111111
sm   0 warp 1 0x8000014c 0x00000317 x  6  8000014c
sm   1 warp 0 0x800000d4 0xfe512a23 lsu.w x   5 op 3 90000000 @ 70000010+fffffff4
sm   1 warp 0 0x800000d8 0x5e004057 v  0 11111111111111111111111111111111 00000000 00000000 00000000 00000000 00000000 00000000 00000000 00000000 00000000 00000000 00000000 00000000 00000000 00000000 00000000 00000000 00000000 00000000 00000000 00000000 00000000 00000000 00000000 00000000 00000000 00000000 00000000 00000000 00000000 00000000 00000000 00000000 
sm   0 warp 2 0x80000154 0x00009e5b vbranch     current mask and npc:   11111111111111111111111111111111 0x80000158, take_if=1, if_mask = 11111111111111111111111111111111
sm   1 warp 0 0x800000dc 0x03c000ef x  1  800000e0
sm   1 warp 0 0x800000dc 0x03c000ef Jump? 1  80000118
sm   1 warp 2 0x800000d4 0xfe512a23 lsu.w x   5 op 3 90000000 @ 70000810+fffffff4
sm   1 warp 2 0x800000d8 0x5e004057 v  0 11111111111111111111111111111111 00000000 00000000 00000000 00000000 00000000 00000000 00000000 00000000 00000000 00000000 00000000 00000000 00000000 00000000 00000000 00000000 00000000 00000000 00000000 00000000 00000000 00000000 00000000 00000000 00000000 00000000 00000000 00000000 00000000 00000000 00000000 00000000 
sm   0 warp 2 0x80000158 0x1a0000ef x  1  8000015c
sm   0 warp 2 0x80000158 0x1a0000ef Jump? 1  800002f8
sm   0 warp 3 0x80000148 0x5e0040d7 v  1 11111111111111111111111111111111 00000000 00000000 00000000 00000000 00000000 00000000 00000000 00000000 00000000 00000000 00000000 00000000 00000000 00000000 00000000 00000000 00000000 00000000 00000000 00000000 00000000 00000000 00000000 00000000 00000000 00000000 00000000 00000000 00000000 00000000 00000000 00000000 
sm 0 warp 1 0x80000150 0x0283305b  setrpc 0x80000174 
sm   0 warp 1 0x80000150 0x0283305b x  0  80000174
sm   1 warp 2 0x800000dc 0x03c000ef x  1  800000e0
sm   1 warp 2 0x800000dc 0x03c000ef Jump? 1  80000118
sm   1 warp 1 0x800000cc 0xfe512c23 lsu.w finish
sm   0 warp 3 0x8000014c 0x00000317 x  6  8000014c
sm   1 warp 1 0x800000d0 0x00052283 x  5  90000000
sm   1 warp 3 0x800000d4 0xfe512a23 lsu.w x   5 op 3 90000000 @ 70000c10+fffffff4
sm   1 warp 3 0x800000d8 0x5e004057 v  0 11111111111111111111111111111111 00000000 00000000 00000000 00000000 00000000 00000000 00000000 00000000 00000000 00000000 00000000 00000000 00000000 00000000 00000000 00000000 00000000 00000000 00000000 00000000 00000000 00000000 00000000 00000000 00000000 00000000 00000000 00000000 00000000 00000000 00000000 00000000 
sm   0 warp 0 0x800002f8 0x00410113 x  2  70000018
sm   0 warp 1 0x80000154 0x00009e5b vbranch     current mask and npc:   11111111111111111111111111111111 0x80000158, take_if=1, if_mask = 11111111111111111111111111111111
sm   1 warp 3 0x800000dc 0x03c000ef x  1  800000e0
sm 0 warp 3 0x80000150 0x0283305b  setrpc 0x80000174 
sm   1 warp 3 0x800000dc 0x03c000ef Jump? 1  80000118
sm   1 warp 0 0x800000d4 0xfe512a23 lsu.w finish
sm   0 warp 3 0x80000150 0x0283305b x  0  80000174
sm   0 warp 1 0x80000158 0x1a0000ef x  1  8000015c
sm   0 warp 1 0x80000158 0x1a0000ef Jump? 1  800002f8
sm   1 warp 0 0x80000118 0x00410113 x  2  70000014
sm   1 warp 1 0x800000d4 0xfe512a23 lsu.w x   5 op 3 90000000 @ 70000410+fffffff4
sm   0 warp 2 0x800002f8 0x00410113 x  2  70000818
sm   1 warp 2 0x800000d4 0xfe512a23 lsu.w finish
sm   0 warp 3 0x80000154 0x00009e5b vbranch     current mask and npc:   11111111111111111111111111111111 0x80000158, take_if=1, if_mask = 11111111111111111111111111111111
sm   1 warp 1 0x800000d8 0x5e004057 v  0 11111111111111111111111111111111 00000000 00000000 00000000 00000000 00000000 00000000 00000000 00000000 00000000 00000000 00000000 00000000 00000000 00000000 00000000 00000000 00000000 00000000 00000000 00000000 00000000 00000000 00000000 00000000 00000000 00000000 00000000 00000000 00000000 00000000 00000000 00000000 
sm   0 warp 0 0x800002fc 0xfe112e23 lsu.w x   1 op 3 8000015c @ 70000018+fffffffc
sm   0 warp 0 0x80000300 0xf1dff0ef x  1  80000304
sm   0 warp 0 0x80000300 0xf1dff0ef Jump? 1  8000021c
sm   1 warp 1 0x800000dc 0x03c000ef x  1  800000e0
sm   1 warp 3 0x800000d4 0xfe512a23 lsu.w finish
sm   1 warp 1 0x800000dc 0x03c000ef Jump? 1  80000118
sm   0 warp 2 0x800002fc 0xfe112e23 lsu.w x   1 op 3 8000015c @ 70000818+fffffffc
sm   1 warp 0 0x8000011c 0xfe112e23 lsu.w x   1 op 3 800000e0 @ 70000014+fffffffc
sm   1 warp 2 0x80000118 0x00410113 x  2  70000814
sm   0 warp 2 0x80000300 0xf1dff0ef x  1  80000304
sm   0 warp 2 0x80000300 0xf1dff0ef Jump? 1  8000021c
sm   1 warp 0 0x80000120 0x00200293 x  5  00000002
sm   0 warp 0 0x800002fc 0xfe112e23 lsu.w finish
sm   1 warp 1 0x800000d4 0xfe512a23 lsu.w finish
sm   0 warp 1 0x800002f8 0x00410113 x  2  70000418
sm   0 warp 2 0x800002fc 0xfe112e23 lsu.w finish
sm   1 warp 0 0x8000011c 0xfe112e23 lsu.w finish
sm   0 warp 0 0x8000021c 0x00410113 x  2  7000001c
sm   1 warp 2 0x8000011c 0xfe112e23 lsu.w x   1 op 3 800000e0 @ 70000814+fffffffc
sm   1 warp 0 0x80000124 0x5e02c0d7 v  1 11111111111111111111111111111111 00000002 00000002 00000002 00000002 00000002 00000002 00000002 00000002 00000002 00000002 00000002 00000002 00000002 00000002 00000002 00000002 00000002 00000002 00000002 00000002 00000002 00000002 00000002 00000002 00000002 00000002 00000002 00000002 00000002 00000002 00000002 00000002 
sm   1 warp 1 0x80000118 0x00410113 x  2  70000414
sm   1 warp 0 0x80000128 0x00000317 x  6  80000128
sm   0 warp 1 0x800002fc 0xfe112e23 lsu.w x   1 op 3 8000015c @ 70000418+fffffffc
sm   0 warp 1 0x80000300 0xf1dff0ef Jump? 1  8000021c
sm   0 warp 1 0x80000300 0xf1dff0ef x  1  80000304
sm   1 warp 2 0x80000120 0x00200293 x  5  00000002
sm   0 warp 0 0x80000220 0xfe112e23 lsu.w x   1 op 3 80000304 @ 7000001c+fffffffc
sm   1 warp 2 0x8000011c 0xfe112e23 lsu.w finish
sm   0 warp 2 0x8000021c 0x00410113 x  2  7000081c
sm 1 warp 0 0x8000012c 0x04c3305b  setrpc 0x80000174 
sm   1 warp 0 0x8000012c 0x04c3305b x  0  80000174
sm   1 warp 1 0x8000011c 0xfe112e23 lsu.w x   1 op 3 800000e0 @ 70000414+fffffffc
sm   0 warp 1 0x800002fc 0xfe112e23 lsu.w finish
sm   0 warp 0 0x80000224 0x80302573 x 10  90404000
sm   1 warp 2 0x80000124 0x5e02c0d7 v  1 11111111111111111111111111111111 00000002 00000002 00000002 00000002 00000002 00000002 00000002 00000002 00000002 00000002 00000002 00000002 00000002 00000002 00000002 00000002 00000002 00000002 00000002 00000002 00000002 00000002 00000002 00000002 00000002 00000002 00000002 00000002 00000002 00000002 00000002 00000002 
sm   1 warp 1 0x80000120 0x00200293 x  5  00000002
sm   0 warp 0 0x80000220 0xfe112e23 lsu.w finish
sm   1 warp 2 0x80000128 0x00000317 x  6  80000128
sm   1 warp 0 0x80000130 0x0200885b vbranch     current mask and npc:   11111111111111111111111111111111 0x80000134, take_if=1, if_mask = 11111111111111111111111111111111
sm   1 warp 1 0x8000011c 0xfe112e23 lsu.w finish
sm   0 warp 1 0x8000021c 0x00410113 x  2  7000041c
sm   0 warp 2 0x80000220 0xfe112e23 lsu.w x   1 op 3 80000304 @ 7000081c+fffffffc
sm   1 warp 1 0x80000124 0x5e02c0d7 v  1 11111111111111111111111111111111 00000002 00000002 00000002 00000002 00000002 00000002 00000002 00000002 00000002 00000002 00000002 00000002 00000002 00000002 00000002 00000002 00000002 00000002 00000002 00000002 00000002 00000002 00000002 00000002 00000002 00000002 00000002 00000002 00000002 00000002 00000002 00000002 
sm   0 warp 2 0x80000224 0x80302573 x 10  90404000
sm   1 warp 0 0x80000134 0x00100293 x  5  00000001
sm   0 warp 0 0x80000228 0x00852283 lsu.r x   5 op 0 @ 90404000+00000008
sm 1 warp 2 0x8000012c 0x04c3305b  setrpc 0x80000174 
sm   0 warp 0 0x8000022c 0x80002373 x  6  00000000
sm   1 warp 2 0x8000012c 0x04c3305b x  0  80000174
sm   1 warp 1 0x80000128 0x00000317 x  6  80000128
sm   0 warp 2 0x80000220 0xfe112e23 lsu.w finish
sm   1 warp 3 0x80000118 0x00410113 x  2  70000c14
sm   0 warp 1 0x80000220 0xfe112e23 lsu.w x   1 op 3 80000304 @ 7000041c+fffffffc
sm   0 warp 0 0x80000230 0x5208a157 v  2 11111111111111111111111111111111 0000001f 0000001e 0000001d 0000001c 0000001b 0000001a 00000019 00000018 00000017 00000016 00000015 00000014 00000013 00000012 00000011 00000010 0000000f 0000000e 0000000d 0000000c 0000000b 0000000a 00000009 00000008 00000007 00000006 00000005 00000004 00000003 00000002 00000001 00000000 
sm   1 warp 2 0x80000130 0x0200885b vbranch     current mask and npc:   11111111111111111111111111111111 0x80000134, take_if=1, if_mask = 11111111111111111111111111111111
sm   0 warp 0 0x80000228 0x00852283 x  5  00000001
sm   1 warp 0 0x80000138 0x5e02c0d7 v  1 11111111111111111111111111111111 00000001 00000001 00000001 00000001 00000001 00000001 00000001 00000001 00000001 00000001 00000001 00000001 00000001 00000001 00000001 00000001 00000001 00000001 00000001 00000001 00000001 00000001 00000001 00000001 00000001 00000001 00000001 00000001 00000001 00000001 00000001 00000001 
sm 1 warp 1 0x8000012c 0x04c3305b  setrpc 0x80000174 
sm   0 warp 1 0x80000224 0x80302573 x 10  90404000
sm   1 warp 1 0x8000012c 0x04c3305b x  0  80000174
sm   0 warp 2 0x80000228 0x00852283 lsu.r x   5 op 0 @ 90404000+00000008
sm   0 warp 2 0x8000022c 0x80002373 x  6  00000040
sm   1 warp 0 0x8000013c 0x00000317 x  6  8000013c
sm   1 warp 3 0x8000011c 0xfe112e23 lsu.w x   1 op 3 800000e0 @ 70000c14+fffffffc
sm   0 warp 0 0x80000234 0x02234057 v  0 11111111111111111111111111111111 0000001f 0000001e 0000001d 0000001c 0000001b 0000001a 00000019 00000018 00000017 00000016 00000015 00000014 00000013 00000012 00000011 00000010 0000000f 0000000e 0000000d 0000000c 0000000b 0000000a 00000009 00000008 00000007 00000006 00000005 00000004 00000003 00000002 00000001 00000000 
sm   1 warp 2 0x80000134 0x00100293 x  5  00000001
sm   0 warp 1 0x80000220 0xfe112e23 lsu.w finish
sm   0 warp 2 0x80000230 0x5208a157 v  2 11111111111111111111111111111111 0000001f 0000001e 0000001d 0000001c 0000001b 0000001a 00000019 00000018 00000017 00000016 00000015 00000014 00000013 00000012 00000011 00000010 0000000f 0000000e 0000000d 0000000c 0000000b 0000000a 00000009 00000008 00000007 00000006 00000005 00000004 00000003 00000002 00000001 00000000 
sm   1 warp 1 0x80000130 0x0200885b vbranch     current mask and npc:   11111111111111111111111111111111 0x80000134, take_if=1, if_mask = 11111111111111111111111111111111
sm   1 warp 3 0x80000120 0x00200293 x  5  00000002
sm   0 warp 3 0x80000158 0x1a0000ef x  1  8000015c
sm   0 warp 3 0x80000158 0x1a0000ef Jump? 1  800002f8
sm 1 warp 0 0x80000140 0x0383305b  setrpc 0x80000174 
sm   1 warp 0 0x80000140 0x0383305b x  0  80000174
sm   0 warp 1 0x80000228 0x00852283 lsu.r x   5 op 0 @ 90404000+00000008
sm   1 warp 3 0x8000011c 0xfe112e23 lsu.w finish
sm   0 warp 2 0x80000228 0x00852283 x  5  00000001
sm   1 warp 2 0x80000138 0x5e02c0d7 v  1 11111111111111111111111111111111 00000001 00000001 00000001 00000001 00000001 00000001 00000001 00000001 00000001 00000001 00000001 00000001 00000001 00000001 00000001 00000001 00000001 00000001 00000001 00000001 00000001 00000001 00000001 00000001 00000001 00000001 00000001 00000001 00000001 00000001 00000001 00000001 
sm   0 warp 1 0x8000022c 0x80002373 x  6  00000020
sm   0 warp 2 0x80000234 0x02234057 v  0 11111111111111111111111111111111 0000005f 0000005e 0000005d 0000005c 0000005b 0000005a 00000059 00000058 00000057 00000056 00000055 00000054 00000053 00000052 00000051 00000050 0000004f 0000004e 0000004d 0000004c 0000004b 0000004a 00000049 00000048 00000047 00000046 00000045 00000044 00000043 00000042 00000041 00000040 
sm   1 warp 1 0x80000134 0x00100293 x  5  00000001
sm   1 warp 2 0x8000013c 0x00000317 x  6  8000013c
sm   0 warp 0 0x80000238 0x01852e03 lsu.r x  28 op 0 @ 90404000+00000018
sm   1 warp 3 0x80000124 0x5e02c0d7 v  1 11111111111111111111111111111111 00000002 00000002 00000002 00000002 00000002 00000002 00000002 00000002 00000002 00000002 00000002 00000002 00000002 00000002 00000002 00000002 00000002 00000002 00000002 00000002 00000002 00000002 00000002 00000002 00000002 00000002 00000002 00000002 00000002 00000002 00000002 00000002 
sm   0 warp 1 0x80000230 0x5208a157 v  2 11111111111111111111111111111111 0000001f 0000001e 0000001d 0000001c 0000001b 0000001a 00000019 00000018 00000017 00000016 00000015 00000014 00000013 00000012 00000011 00000010 0000000f 0000000e 0000000d 0000000c 0000000b 0000000a 00000009 00000008 00000007 00000006 00000005 00000004 00000003 00000002 00000001 00000000 
sm   1 warp 0 0x80000144 0x0200825b vbranch     current mask and npc:   11111111111111111111111111111111 0x80000148, take_if=1, if_mask = 11111111111111111111111111111111
sm   0 warp 1 0x80000228 0x00852283 x  5  00000001
sm   1 warp 3 0x80000128 0x00000317 x  6  80000128
sm   1 warp 1 0x80000138 0x5e02c0d7 v  1 11111111111111111111111111111111 00000001 00000001 00000001 00000001 00000001 00000001 00000001 00000001 00000001 00000001 00000001 00000001 00000001 00000001 00000001 00000001 00000001 00000001 00000001 00000001 00000001 00000001 00000001 00000001 00000001 00000001 00000001 00000001 00000001 00000001 00000001 00000001 
sm 1 warp 2 0x80000140 0x0383305b  setrpc 0x80000174 
sm   0 warp 0 0x80000238 0x01852e03 x 28  00000020
sm   1 warp 2 0x80000140 0x0383305b x  0  80000174
sm   0 warp 1 0x80000234 0x02234057 v  0 11111111111111111111111111111111 0000003f 0000003e 0000003d 0000003c 0000003b 0000003a 00000039 00000038 00000037 00000036 00000035 00000034 00000033 00000032 00000031 00000030 0000002f 0000002e 0000002d 0000002c 0000002b 0000002a 00000029 00000028 00000027 00000026 00000025 00000024 00000023 00000022 00000021 00000020 
sm   1 warp 1 0x8000013c 0x00000317 x  6  8000013c
sm   1 warp 0 0x80000148 0x5e0040d7 v  1 11111111111111111111111111111111 00000000 00000000 00000000 00000000 00000000 00000000 00000000 00000000 00000000 00000000 00000000 00000000 00000000 00000000 00000000 00000000 00000000 00000000 00000000 00000000 00000000 00000000 00000000 00000000 00000000 00000000 00000000 00000000 00000000 00000000 00000000 00000000 
sm 1 warp 3 0x8000012c 0x04c3305b  setrpc 0x80000174 
sm   1 warp 3 0x8000012c 0x04c3305b x  0  80000174
sm   0 warp 2 0x80000238 0x01852e03 lsu.r x  28 op 0 @ 90404000+00000018
sm   1 warp 0 0x8000014c 0x00000317 x  6  8000014c
sm   1 warp 2 0x80000144 0x0200825b vbranch     current mask and npc:   11111111111111111111111111111111 0x80000148, take_if=1, if_mask = 11111111111111111111111111111111
sm   0 warp 3 0x800002f8 0x00410113 x  2  70000c18
sm 1 warp 1 0x80000140 0x0383305b  setrpc 0x80000174 
sm   1 warp 1 0x80000140 0x0383305b x  0  80000174
sm   1 warp 3 0x80000130 0x0200885b vbranch     current mask and npc:   11111111111111111111111111111111 0x80000134, take_if=1, if_mask = 11111111111111111111111111111111
sm   0 warp 2 0x80000238 0x01852e03 x 28  00000020
sm 1 warp 0 0x80000150 0x0283305b  setrpc 0x80000174 
sm   1 warp 0 0x80000150 0x0283305b x  0  80000174
sm   1 warp 2 0x80000148 0x5e0040d7 v  1 11111111111111111111111111111111 00000000 00000000 00000000 00000000 00000000 00000000 00000000 00000000 00000000 00000000 00000000 00000000 00000000 00000000 00000000 00000000 00000000 00000000 00000000 00000000 00000000 00000000 00000000 00000000 00000000 00000000 00000000 00000000 00000000 00000000 00000000 00000000 
sm   0 warp 1 0x80000238 0x01852e03 lsu.r x  28 op 0 @ 90404000+00000018
sm   1 warp 1 0x80000144 0x0200825b vbranch     current mask and npc:   11111111111111111111111111111111 0x80000148, take_if=1, if_mask = 11111111111111111111111111111111
sm   1 warp 2 0x8000014c 0x00000317 x  6  8000014c
sm   1 warp 3 0x80000134 0x00100293 x  5  00000001
sm   0 warp 0 0x80000240 0xffc12083 lsu.r x   1 op 3 @ 7000001c+fffffffc
sm   1 warp 0 0x80000154 0x00009e5b vbranch     current mask and npc:   11111111111111111111111111111111 0x80000158, take_if=1, if_mask = 11111111111111111111111111111111
sm   0 warp 0 0x80000244 0xffc10113 x  2  70000018
sm   0 warp 3 0x80000300 0xf1dff0ef x  1  80000304
sm   0 warp 3 0x80000300 0xf1dff0ef Jump? 1  8000021c
sm   1 warp 0 0x80000158 0x1a0000ef x  1  8000015c
sm   0 warp 3 0x800002fc 0xfe112e23 lsu.w x   1 op 3 8000015c @ 70000c18+fffffffc
sm   1 warp 1 0x80000148 0x5e0040d7 v  1 11111111111111111111111111111111 00000000 00000000 00000000 00000000 00000000 00000000 00000000 00000000 00000000 00000000 00000000 00000000 00000000 00000000 00000000 00000000 00000000 00000000 00000000 00000000 00000000 00000000 00000000 00000000 00000000 00000000 00000000 00000000 00000000 00000000 00000000 00000000 
sm 1 warp 2 0x80000150 0x0283305b  setrpc 0x80000174 
sm   0 warp 1 0x80000238 0x01852e03 x 28  00000020
sm   1 warp 2 0x80000150 0x0283305b x  0  80000174
sm   1 warp 0 0x80000158 0x1a0000ef Jump? 1  800002f8
sm   1 warp 1 0x8000014c 0x00000317 x  6  8000014c
sm   1 warp 3 0x80000138 0x5e02c0d7 v  1 11111111111111111111111111111111 00000001 00000001 00000001 00000001 00000001 00000001 00000001 00000001 00000001 00000001 00000001 00000001 00000001 00000001 00000001 00000001 00000001 00000001 00000001 00000001 00000001 00000001 00000001 00000001 00000001 00000001 00000001 00000001 00000001 00000001 00000001 00000001 
sm   0 warp 0 0x8000023c 0x8a0e6057 v  0 11111111111111111111111111111111 0000001f 0000001e 0000001d 0000001c 0000001b 0000001a 00000019 00000018 00000017 00000016 00000015 00000014 00000013 00000012 00000011 00000010 0000000f 0000000e 0000000d 0000000c 0000000b 0000000a 00000009 00000008 00000007 00000006 00000005 00000004 00000003 00000002 00000001 00000000 
sm   0 warp 0 0x80000240 0xffc12083 x  1  80000304
sm   1 warp 3 0x8000013c 0x00000317 x  6  8000013c
sm   1 warp 2 0x80000154 0x00009e5b vbranch     current mask and npc:   11111111111111111111111111111111 0x80000158, take_if=1, if_mask = 11111111111111111111111111111111
sm 1 warp 1 0x80000150 0x0283305b  setrpc 0x80000174 
sm   1 warp 1 0x80000150 0x0283305b x  0  80000174
sm   0 warp 3 0x800002fc 0xfe112e23 lsu.w finish
sm   0 warp 3 0x8000021c 0x00410113 x  2  70000c1c
sm   1 warp 2 0x80000158 0x1a0000ef x  1  8000015c
sm 1 warp 3 0x80000140 0x0383305b  setrpc 0x80000174 
sm   1 warp 2 0x80000158 0x1a0000ef Jump? 1  800002f8
sm   0 warp 0 0x80000248 0x00008067 x  0  8000024c
sm   1 warp 3 0x80000140 0x0383305b x  0  80000174
sm   0 warp 0 0x80000248 0x00008067 Jump? 1  80000304
sm   1 warp 0 0x800002f8 0x00410113 x  2  70000018
sm   1 warp 1 0x80000154 0x00009e5b vbranch     current mask and npc:   11111111111111111111111111111111 0x80000158, take_if=1, if_mask = 11111111111111111111111111111111
sm   1 warp 3 0x80000144 0x0200825b vbranch     current mask and npc:   11111111111111111111111111111111 0x80000148, take_if=1, if_mask = 11111111111111111111111111111111
sm   1 warp 1 0x80000158 0x1a0000ef x  1  8000015c
sm   1 warp 1 0x80000158 0x1a0000ef Jump? 1  800002f8
sm   1 warp 0 0x800002fc 0xfe112e23 lsu.w x   1 op 3 8000015c @ 70000018+fffffffc
sm   1 warp 0 0x80000300 0xf1dff0ef x  1  80000304
sm   1 warp 3 0x80000148 0x5e0040d7 v  1 11111111111111111111111111111111 00000000 00000000 00000000 00000000 00000000 00000000 00000000 00000000 00000000 00000000 00000000 00000000 00000000 00000000 00000000 00000000 00000000 00000000 00000000 00000000 00000000 00000000 00000000 00000000 00000000 00000000 00000000 00000000 00000000 00000000 00000000 00000000 
sm   1 warp 0 0x80000300 0xf1dff0ef Jump? 1  8000021c
sm   0 warp 0 0x80000304 0x80302573 x 10  90404000
sm   1 warp 3 0x8000014c 0x00000317 x  6  8000014c
sm   1 warp 0 0x800002fc 0xfe112e23 lsu.w finish
sm   0 warp 0 0x80000308 0x80802373 x  6  00000002
sm   1 warp 1 0x800002f8 0x00410113 x  2  70000418
sm   1 warp 0 0x8000021c 0x00410113 x  2  7000001c
sm   0 warp 0 0x8000030c 0x01852e03 lsu.r x  28 op 0 @ 90404000+00000018
sm   0 warp 2 0x8000023c 0x8a0e6057 v  0 11111111111111111111111111111111 0000001f 0000001e 0000001d 0000001c 0000001b 0000001a 00000019 00000018 00000017 00000016 00000015 00000014 00000013 00000012 00000011 00000010 0000000f 0000000e 0000000d 0000000c 0000000b 0000000a 00000009 00000008 00000007 00000006 00000005 00000004 00000003 00000002 00000001 00000000 
sm   1 warp 1 0x800002fc 0xfe112e23 lsu.w x   1 op 3 8000015c @ 70000418+fffffffc
sm   1 warp 1 0x80000300 0xf1dff0ef x  1  80000304
sm   1 warp 1 0x80000300 0xf1dff0ef Jump? 1  8000021c
sm   0 warp 2 0x80000240 0xffc12083 lsu.r x   1 op 3 @ 7000081c+fffffffc
sm   1 warp 0 0x80000220 0xfe112e23 lsu.w x   1 op 3 80000304 @ 7000001c+fffffffc
sm   0 warp 0 0x8000030c 0x01852e03 x 28  00000020
sm   1 warp 2 0x800002f8 0x00410113 x  2  70000818
sm   0 warp 2 0x80000244 0xffc10113 x  2  70000818
sm   1 warp 1 0x800002fc 0xfe112e23 lsu.w finish
sm   0 warp 3 0x80000224 0x80302573 x 10  90404000
sm   1 warp 0 0x80000224 0x80302573 x 10  90404000
sm   0 warp 3 0x80000220 0xfe112e23 lsu.w x   1 op 3 80000304 @ 70000c1c+fffffffc
sm   0 warp 2 0x80000240 0xffc12083 x  1  80000304
sm   1 warp 0 0x80000220 0xfe112e23 lsu.w finish
sm   1 warp 1 0x8000021c 0x00410113 x  2  7000041c
sm   0 warp 0 0x80000310 0x02452e83 lsu.r x  29 op 0 @ 90404000+00000024
sm   1 warp 2 0x800002fc 0xfe112e23 lsu.w x   1 op 3 8000015c @ 70000818+fffffffc
sm   1 warp 2 0x80000300 0xf1dff0ef x  1  80000304
sm   1 warp 2 0x80000300 0xf1dff0ef Jump? 1  8000021c
sm   0 warp 0 0x80000314 0x03c30fb3 x 31  00000040
sm   0 warp 3 0x80000220 0xfe112e23 lsu.w finish
sm   0 warp 1 0x80000244 0xffc10113 x  2  70000418
sm   1 warp 0 0x80000228 0x00852283 lsu.r x   5 op 0 @ 90404000+00000008
sm   0 warp 2 0x80000248 0x00008067 Jump? 1  80000304
sm   0 warp 2 0x80000248 0x00008067 x  0  8000024c
sm   0 warp 1 0x80000240 0xffc12083 lsu.r x   1 op 3 @ 7000041c+fffffffc
sm   1 warp 0 0x8000022c 0x80002373 x  6  00000000
sm   1 warp 2 0x800002fc 0xfe112e23 lsu.w finish
sm   0 warp 0 0x80000310 0x02452e83 x 29  00000000
sm   0 warp 3 0x8000022c 0x80002373 x  6  00000060
sm   1 warp 0 0x80000228 0x00852283 x  5  00000001
sm   0 warp 3 0x80000228 0x00852283 lsu.r x   5 op 0 @ 90404000+00000008
sm   1 warp 0 0x80000230 0x5208a157 v  2 11111111111111111111111111111111 0000001f 0000001e 0000001d 0000001c 0000001b 0000001a 00000019 00000018 00000017 00000016 00000015 00000014 00000013 00000012 00000011 00000010 0000000f 0000000e 0000000d 0000000c 0000000b 0000000a 00000009 00000008 00000007 00000006 00000005 00000004 00000003 00000002 00000001 00000000 
sm   0 warp 3 0x80000230 0x5208a157 v  2 11111111111111111111111111111111 0000001f 0000001e 0000001d 0000001c 0000001b 0000001a 00000019 00000018 00000017 00000016 00000015 00000014 00000013 00000012 00000011 00000010 0000000f 0000000e 0000000d 0000000c 0000000b 0000000a 00000009 00000008 00000007 00000006 00000005 00000004 00000003 00000002 00000001 00000000 
sm   0 warp 1 0x80000240 0xffc12083 x  1  80000304
sm   1 warp 1 0x80000220 0xfe112e23 lsu.w x   1 op 3 80000304 @ 7000041c+fffffffc
sm   0 warp 0 0x80000318 0x01df8fb3 x 31  00000040
sm   0 warp 1 0x8000023c 0x8a0e6057 v  0 11111111111111111111111111111111 0000001f 0000001e 0000001d 0000001c 0000001b 0000001a 00000019 00000018 00000017 00000016 00000015 00000014 00000013 00000012 00000011 00000010 0000000f 0000000e 0000000d 0000000c 0000000b 0000000a 00000009 00000008 00000007 00000006 00000005 00000004 00000003 00000002 00000001 00000000 
sm   1 warp 1 0x80000224 0x80302573 x 10  90404000
sm   0 warp 3 0x80000228 0x00852283 x  5  00000001
sm   1 warp 0 0x80000234 0x02234057 v  0 11111111111111111111111111111111 0000001f 0000001e 0000001d 0000001c 0000001b 0000001a 00000019 00000018 00000017 00000016 00000015 00000014 00000013 00000012 00000011 00000010 0000000f 0000000e 0000000d 0000000c 0000000b 0000000a 00000009 00000008 00000007 00000006 00000005 00000004 00000003 00000002 00000001 00000000 
sm   0 warp 2 0x80000304 0x80302573 x 10  90404000
sm   0 warp 3 0x80000234 0x02234057 v  0 11111111111111111111111111111111 0000007f 0000007e 0000007d 0000007c 0000007b 0000007a 00000079 00000078 00000077 00000076 00000075 00000074 00000073 00000072 00000071 00000070 0000006f 0000006e 0000006d 0000006c 0000006b 0000006a 00000069 00000068 00000067 00000066 00000065 00000064 00000063 00000062 00000061 00000060 
sm   0 warp 1 0x80000248 0x00008067 x  0  8000024c
sm   0 warp 1 0x80000248 0x00008067 Jump? 1  80000304
sm   1 warp 1 0x80000220 0xfe112e23 lsu.w finish
sm   0 warp 0 0x8000031c 0x020fc057 v  0 11111111111111111111111111111111 0000005f 0000005e 0000005d 0000005c 0000005b 0000005a 00000059 00000058 00000057 00000056 00000055 00000054 00000053 00000052 00000051 00000050 0000004f 0000004e 0000004d 0000004c 0000004b 0000004a 00000049 00000048 00000047 00000046 00000045 00000044 00000043 00000042 00000041 00000040 
sm   0 warp 2 0x80000308 0x80802373 x  6  00000002
sm   1 warp 2 0x8000021c 0x00410113 x  2  7000081c
sm   1 warp 1 0x80000228 0x00852283 lsu.r x   5 op 0 @ 90404000+00000008
sm   0 warp 3 0x80000238 0x01852e03 lsu.r x  28 op 0 @ 90404000+00000018
sm   1 warp 1 0x8000022c 0x80002373 x  6  00000020
sm   1 warp 0 0x80000238 0x01852e03 lsu.r x  28 op 0 @ 90404000+00000018
sm   1 warp 1 0x80000228 0x00852283 x  5  00000001
sm   0 warp 0 0x80000320 0xffc12083 lsu.r x   1 op 3 @ 70000018+fffffffc
sm   1 warp 1 0x80000230 0x5208a157 v  2 11111111111111111111111111111111 0000001f 0000001e 0000001d 0000001c 0000001b 0000001a 00000019 00000018 00000017 00000016 00000015 00000014 00000013 00000012 00000011 00000010 0000000f 0000000e 0000000d 0000000c 0000000b 0000000a 00000009 00000008 00000007 00000006 00000005 00000004 00000003 00000002 00000001 00000000 
sm   0 warp 0 0x80000324 0xffc10113 x  2  70000014
sm   1 warp 2 0x80000220 0xfe112e23 lsu.w x   1 op 3 80000304 @ 7000081c+fffffffc
sm   0 warp 1 0x80000304 0x80302573 x 10  90404000
sm   0 warp 2 0x8000030c 0x01852e03 lsu.r x  28 op 0 @ 90404000+00000018
sm   0 warp 3 0x80000238 0x01852e03 x 28  00000020
sm   1 warp 0 0x80000238 0x01852e03 x 28  00000020
sm   1 warp 2 0x80000224 0x80302573 x 10  90404000
sm   1 warp 1 0x80000234 0x02234057 v  0 11111111111111111111111111111111 0000003f 0000003e 0000003d 0000003c 0000003b 0000003a 00000039 00000038 00000037 00000036 00000035 00000034 00000033 00000032 00000031 00000030 0000002f 0000002e 0000002d 0000002c 0000002b 0000002a 00000029 00000028 00000027 00000026 00000025 00000024 00000023 00000022 00000021 00000020 
sm   0 warp 2 0x80000310 0x02452e83 lsu.r x  29 op 0 @ 90404000+00000024
sm   0 warp 1 0x80000308 0x80802373 x  6  00000002
sm   1 warp 2 0x80000220 0xfe112e23 lsu.w finish
sm   0 warp 0 0x80000320 0xffc12083 x  1  8000015c
sm 1 warp 3 0x80000150 0x0283305b  setrpc 0x80000174 
sm   1 warp 3 0x80000150 0x0283305b x  0  80000174
sm   0 warp 2 0x8000030c 0x01852e03 x 28  00000020
sm   1 warp 1 0x80000238 0x01852e03 lsu.r x  28 op 0 @ 90404000+00000018
sm   0 warp 0 0x80000328 0x00008067 x  0  8000032c
sm   0 warp 0 0x80000328 0x00008067 Jump? 1  8000015c
sm   0 warp 1 0x8000030c 0x01852e03 lsu.r x  28 op 0 @ 90404000+00000018
sm   1 warp 3 0x80000154 0x00009e5b vbranch     current mask and npc:   11111111111111111111111111111111 0x80000158, take_if=1, if_mask = 11111111111111111111111111111111
sm   1 warp 2 0x80000228 0x00852283 lsu.r x   5 op 0 @ 90404000+00000008
sm   0 warp 2 0x80000310 0x02452e83 x 29  00000000
sm   1 warp 2 0x8000022c 0x80002373 x  6  00000040
sm   1 warp 1 0x80000238 0x01852e03 x 28  00000020
sm   1 warp 3 0x80000158 0x1a0000ef x  1  8000015c
sm   0 warp 3 0x80000240 0xffc12083 lsu.r x   1 op 3 @ 70000c1c+fffffffc
sm   1 warp 2 0x80000230 0x5208a157 v  2 11111111111111111111111111111111 0000001f 0000001e 0000001d 0000001c 0000001b 0000001a 00000019 00000018 00000017 00000016 00000015 00000014 00000013 00000012 00000011 00000010 0000000f 0000000e 0000000d 0000000c 0000000b 0000000a 00000009 00000008 00000007 00000006 00000005 00000004 00000003 00000002 00000001 00000000 
sm   1 warp 3 0x80000158 0x1a0000ef Jump? 1  800002f8
sm   0 warp 3 0x80000244 0xffc10113 x  2  70000c18
sm   1 warp 0 0x80000244 0xffc10113 x  2  70000018
sm   1 warp 0 0x80000240 0xffc12083 lsu.r x   1 op 3 @ 7000001c+fffffffc
sm   0 warp 2 0x80000314 0x03c30fb3 x 31  00000040
sm   0 warp 0 0x8000015c 0x0180006f x  0  80000160
sm   1 warp 2 0x80000228 0x00852283 x  5  00000001
sm   0 warp 0 0x8000015c 0x0180006f Jump? 1  80000174
sm   0 warp 1 0x80000310 0x02452e83 lsu.r x  29 op 0 @ 90404000+00000024
sm   1 warp 2 0x80000234 0x02234057 v  0 11111111111111111111111111111111 0000005f 0000005e 0000005d 0000005c 0000005b 0000005a 00000059 00000058 00000057 00000056 00000055 00000054 00000053 00000052 00000051 00000050 0000004f 0000004e 0000004d 0000004c 0000004b 0000004a 00000049 00000048 00000047 00000046 00000045 00000044 00000043 00000042 00000041 00000040 
sm   0 warp 3 0x80000240 0xffc12083 x  1  80000304
sm   1 warp 0 0x80000240 0xffc12083 x  1  80000304
sm   1 warp 0 0x8000023c 0x8a0e6057 v  0 11111111111111111111111111111111 0000001f 0000001e 0000001d 0000001c 0000001b 0000001a 00000019 00000018 00000017 00000016 00000015 00000014 00000013 00000012 00000011 00000010 0000000f 0000000e 0000000d 0000000c 0000000b 0000000a 00000009 00000008 00000007 00000006 00000005 00000004 00000003 00000002 00000001 00000000 
sm   0 warp 2 0x80000318 0x01df8fb3 x 31  00000040
sm   0 warp 1 0x8000030c 0x01852e03 x 28  00000020
sm   0 warp 1 0x80000310 0x02452e83 x 29  00000000
sm   0 warp 0 0x80000174 0x0000205b Jump? 0  00000000
sm   0 warp 0 0x80000174 0x0000205b join    mask and npc:    00001011000111111100110000000010 0xcb1bb819 pop stack ? 0
sm   1 warp 2 0x80000238 0x01852e03 lsu.r x  28 op 0 @ 90404000+00000018
sm   0 warp 3 0x80000248 0x00008067 x  0  8000024c
sm   1 warp 0 0x80000248 0x00008067 x  0  8000024c
sm   0 warp 3 0x80000248 0x00008067 Jump? 1  80000304
sm   0 warp 2 0x8000031c 0x020fc057 v  0 11111111111111111111111111111111 0000005f 0000005e 0000005d 0000005c 0000005b 0000005a 00000059 00000058 00000057 00000056 00000055 00000054 00000053 00000052 00000051 00000050 0000004f 0000004e 0000004d 0000004c 0000004b 0000004a 00000049 00000048 00000047 00000046 00000045 00000044 00000043 00000042 00000041 00000040 
sm   1 warp 0 0x80000248 0x00008067 Jump? 1  80000304
sm   1 warp 1 0x80000240 0xffc12083 lsu.r x   1 op 3 @ 7000041c+fffffffc
sm   1 warp 1 0x80000244 0xffc10113 x  2  70000418
sm   0 warp 1 0x80000314 0x03c30fb3 x 31  00000040
sm   1 warp 3 0x800002f8 0x00410113 x  2  70000c18
sm   0 warp 0 0x80000178 0xffc12083 lsu.r x   1 op 3 @ 70000014+fffffffc
sm   0 warp 3 0x8000023c 0x8a0e6057 v  0 11111111111111111111111111111111 0000001f 0000001e 0000001d 0000001c 0000001b 0000001a 00000019 00000018 00000017 00000016 00000015 00000014 00000013 00000012 00000011 00000010 0000000f 0000000e 0000000d 0000000c 0000000b 0000000a 00000009 00000008 00000007 00000006 00000005 00000004 00000003 00000002 00000001 00000000 
sm   1 warp 2 0x80000238 0x01852e03 x 28  00000020
sm   0 warp 0 0x8000017c 0xffc10113 x  2  70000010
sm   1 warp 1 0x80000240 0xffc12083 x  1  80000304
sm   0 warp 2 0x80000320 0xffc12083 lsu.r x   1 op 3 @ 70000818+fffffffc
sm   0 warp 2 0x80000324 0xffc10113 x  2  70000814
sm   0 warp 1 0x80000318 0x01df8fb3 x 31  00000040
sm   1 warp 0 0x80000304 0x80302573 x 10  90404000
sm   1 warp 3 0x800002fc 0xfe112e23 lsu.w x   1 op 3 8000015c @ 70000c18+fffffffc
sm   0 warp 0 0x80000178 0xffc12083 x  1  800000e0
sm   1 warp 3 0x80000300 0xf1dff0ef x  1  80000304
sm   1 warp 3 0x80000300 0xf1dff0ef Jump? 1  8000021c
sm   1 warp 1 0x80000248 0x00008067 x  0  8000024c
sm   1 warp 1 0x80000248 0x00008067 Jump? 1  80000304
sm   0 warp 2 0x80000320 0xffc12083 x  1  8000015c
sm   0 warp 1 0x8000031c 0x020fc057 v  0 11111111111111111111111111111111 0000005f 0000005e 0000005d 0000005c 0000005b 0000005a 00000059 00000058 00000057 00000056 00000055 00000054 00000053 00000052 00000051 00000050 0000004f 0000004e 0000004d 0000004c 0000004b 0000004a 00000049 00000048 00000047 00000046 00000045 00000044 00000043 00000042 00000041 00000040 
sm   1 warp 0 0x80000308 0x80802373 x  6  00000005
sm   0 warp 3 0x80000304 0x80302573 x 10  90404000
sm   1 warp 1 0x8000023c 0x8a0e6057 v  0 11111111111111111111111111111111 0000001f 0000001e 0000001d 0000001c 0000001b 0000001a 00000019 00000018 00000017 00000016 00000015 00000014 00000013 00000012 00000011 00000010 0000000f 0000000e 0000000d 0000000c 0000000b 0000000a 00000009 00000008 00000007 00000006 00000005 00000004 00000003 00000002 00000001 00000000 
sm   1 warp 3 0x800002fc 0xfe112e23 lsu.w finish
sm   0 warp 0 0x80000180 0x00008067 x  0  80000184
sm   0 warp 0 0x80000180 0x00008067 Jump? 1  800000e0
sm   0 warp 2 0x80000328 0x00008067 x  0  8000032c
sm   0 warp 2 0x80000328 0x00008067 Jump? 1  8000015c
sm   0 warp 1 0x80000320 0xffc12083 lsu.r x   1 op 3 @ 70000418+fffffffc
sm   1 warp 0 0x8000030c 0x01852e03 lsu.r x  28 op 0 @ 90404000+00000018
sm   0 warp 3 0x80000308 0x80802373 x  6  00000002
sm   1 warp 3 0x8000021c 0x00410113 x  2  70000c1c
sm   0 warp 1 0x80000324 0xffc10113 x  2  70000414
sm   1 warp 1 0x80000304 0x80302573 x 10  90404000
sm   1 warp 2 0x80000240 0xffc12083 lsu.r x   1 op 3 @ 7000081c+fffffffc
sm   0 warp 1 0x80000320 0xffc12083 x  1  8000015c
sm   1 warp 2 0x80000244 0xffc10113 x  2  70000818
sm   1 warp 0 0x80000310 0x02452e83 lsu.r x  29 op 0 @ 90404000+00000024
sm   0 warp 0 0x800000e0 0x96013057 v  0 11111111111111111111111111111111 0000017c 00000178 00000174 00000170 0000016c 00000168 00000164 00000160 0000015c 00000158 00000154 00000150 0000014c 00000148 00000144 00000140 0000013c 00000138 00000134 00000130 0000012c 00000128 00000124 00000120 0000011c 00000118 00000114 00000110 0000010c 00000108 00000104 00000100 
sm   1 warp 0 0x8000030c 0x01852e03 x 28  00000020
sm   0 warp 3 0x8000030c 0x01852e03 lsu.r x  28 op 0 @ 90404000+00000018
sm   1 warp 1 0x80000308 0x80802373 x  6  00000005
sm   1 warp 2 0x80000240 0xffc12083 x  1  80000304
sm   0 warp 3 0x80000310 0x02452e83 lsu.r x  29 op 0 @ 90404000+00000024
sm   0 warp 1 0x80000328 0x00008067 x  0  8000032c
sm   0 warp 1 0x80000328 0x00008067 Jump? 1  8000015c
sm   0 warp 2 0x8000015c 0x0180006f x  0  80000160
sm   0 warp 2 0x8000015c 0x0180006f Jump? 1  80000174
sm   1 warp 0 0x80000310 0x02452e83 x 29  00000000
sm   0 warp 0 0x800000e4 0xff412303 lsu.r x   6 op 3 @ 70000010+fffffff4
sm   0 warp 3 0x8000030c 0x01852e03 x 28  00000020
sm   1 warp 0 0x80000314 0x03c30fb3 x 31  000000a0
sm   1 warp 2 0x80000248 0x00008067 x  0  8000024c
sm   1 warp 1 0x8000030c 0x01852e03 lsu.r x  28 op 0 @ 90404000+00000018
sm   1 warp 2 0x80000248 0x00008067 Jump? 1  80000304
sm   0 warp 3 0x80000310 0x02452e83 x 29  00000000
sm   0 warp 1 0x8000015c 0x0180006f x  0  80000160
sm   1 warp 3 0x80000220 0xfe112e23 lsu.w x   1 op 3 80000304 @ 70000c1c+fffffffc
sm   0 warp 1 0x8000015c 0x0180006f Jump? 1  80000174
sm   1 warp 0 0x80000318 0x01df8fb3 x 31  000000a0
sm   0 warp 0 0x800000e4 0xff412303 x  6  90000000
sm   0 warp 3 0x80000314 0x03c30fb3 x 31  00000040
sm   1 warp 1 0x8000030c 0x01852e03 x 28  00000020
sm   1 warp 3 0x80000224 0x80302573 x 10  90404000
sm   1 warp 2 0x8000023c 0x8a0e6057 v  0 11111111111111111111111111111111 0000001f 0000001e 0000001d 0000001c 0000001b 0000001a 00000019 00000018 00000017 00000016 00000015 00000014 00000013 00000012 00000011 00000010 0000000f 0000000e 0000000d 0000000c 0000000b 0000000a 00000009 00000008 00000007 00000006 00000005 00000004 00000003 00000002 00000001 00000000 
sm   0 warp 2 0x80000174 0x0000205b Jump? 0  00000000
sm   0 warp 2 0x80000174 0x0000205b join    mask and npc:    00001111011001011100110111010111 0xba1655f7 pop stack ? 0
sm   1 warp 1 0x80000310 0x02452e83 lsu.r x  29 op 0 @ 90404000+00000024
sm   1 warp 0 0x8000031c 0x020fc057 v  0 11111111111111111111111111111111 000000bf 000000be 000000bd 000000bc 000000bb 000000ba 000000b9 000000b8 000000b7 000000b6 000000b5 000000b4 000000b3 000000b2 000000b1 000000b0 000000af 000000ae 000000ad 000000ac 000000ab 000000aa 000000a9 000000a8 000000a7 000000a6 000000a5 000000a4 000000a3 000000a2 000000a1 000000a0 
sm   0 warp 1 0x80000174 0x0000205b Jump? 0  00000000
sm   0 warp 0 0x800000e8 0x020340d7 v  1 11111111111111111111111111111111 9000017c 90000178 90000174 90000170 9000016c 90000168 90000164 90000160 9000015c 90000158 90000154 90000150 9000014c 90000148 90000144 90000140 9000013c 90000138 90000134 90000130 9000012c 90000128 90000124 90000120 9000011c 90000118 90000114 90000110 9000010c 90000108 90000104 90000100 
sm   0 warp 1 0x80000174 0x0000205b join    mask and npc:    11111101011010010111011011000101 0x12688d1a pop stack ? 0
sm   1 warp 2 0x80000304 0x80302573 x 10  90404000
sm   1 warp 3 0x80000220 0xfe112e23 lsu.w finish
sm   0 warp 3 0x80000318 0x01df8fb3 x 31  00000040
sm   1 warp 1 0x80000310 0x02452e83 x 29  00000000
sm   1 warp 2 0x80000308 0x80802373 x  6  00000005
sm   1 warp 1 0x80000314 0x03c30fb3 x 31  000000a0
sm   0 warp 2 0x80000178 0xffc12083 lsu.r x   1 op 3 @ 70000814+fffffffc
sm   1 warp 3 0x80000228 0x00852283 lsu.r x   5 op 0 @ 90404000+00000008
sm   1 warp 3 0x8000022c 0x80002373 x  6  00000060
sm   0 warp 2 0x8000017c 0xffc10113 x  2  70000810
sm   0 warp 0 0x800000ec 0x0000a0fb lsu.r v  1 op 3 @ 9000017c 90000178 90000174 90000170 9000016c 90000168 90000164 90000160 9000015c 90000158 90000154 90000150 9000014c 90000148 90000144 90000140 9000013c 90000138 90000134 90000130 9000012c 90000128 90000124 90000120 9000011c 90000118 90000114 90000110 9000010c 90000108 90000104 90000100
sm   1 warp 0 0x80000320 0xffc12083 lsu.r x   1 op 3 @ 70000018+fffffffc
sm   0 warp 3 0x8000031c 0x020fc057 v  0 11111111111111111111111111111111 0000005f 0000005e 0000005d 0000005c 0000005b 0000005a 00000059 00000058 00000057 00000056 00000055 00000054 00000053 00000052 00000051 00000050 0000004f 0000004e 0000004d 0000004c 0000004b 0000004a 00000049 00000048 00000047 00000046 00000045 00000044 00000043 00000042 00000041 00000040 
sm   1 warp 0 0x80000324 0xffc10113 x  2  70000014
sm   1 warp 3 0x80000230 0x5208a157 v  2 11111111111111111111111111111111 0000001f 0000001e 0000001d 0000001c 0000001b 0000001a 00000019 00000018 00000017 00000016 00000015 00000014 00000013 00000012 00000011 00000010 0000000f 0000000e 0000000d 0000000c 0000000b 0000000a 00000009 00000008 00000007 00000006 00000005 00000004 00000003 00000002 00000001 00000000 
sm   0 warp 2 0x80000178 0xffc12083 x  1  800000e0
sm   1 warp 1 0x80000318 0x01df8fb3 x 31  000000a0
sm   1 warp 2 0x8000030c 0x01852e03 lsu.r x  28 op 0 @ 90404000+00000018
sm   0 warp 1 0x8000017c 0xffc10113 x  2  70000410
sm   1 warp 3 0x80000228 0x00852283 x  5  00000001
sm   0 warp 1 0x80000178 0xffc12083 lsu.r x   1 op 3 @ 70000414+fffffffc
[L1C] #  17696 SM 0 CACHE 1 ADDR 90000100
sm   1 warp 2 0x80000310 0x02452e83 lsu.r x  29 op 0 @ 90404000+00000024
sm   1 warp 3 0x80000234 0x02234057 v  0 11111111111111111111111111111111 0000007f 0000007e 0000007d 0000007c 0000007b 0000007a 00000079 00000078 00000077 00000076 00000075 00000074 00000073 00000072 00000071 00000070 0000006f 0000006e 0000006d 0000006c 0000006b 0000006a 00000069 00000068 00000067 00000066 00000065 00000064 00000063 00000062 00000061 00000060 
sm   0 warp 2 0x80000180 0x00008067 Jump? 1  800000e0
sm   0 warp 2 0x80000180 0x00008067 x  0  80000184
sm   0 warp 0 0x800000f0 0xff812283 lsu.r x   5 op 3 @ 70000010+fffffff8
sm   1 warp 1 0x8000031c 0x020fc057 v  0 11111111111111111111111111111111 000000bf 000000be 000000bd 000000bc 000000bb 000000ba 000000b9 000000b8 000000b7 000000b6 000000b5 000000b4 000000b3 000000b2 000000b1 000000b0 000000af 000000ae 000000ad 000000ac 000000ab 000000aa 000000a9 000000a8 000000a7 000000a6 000000a5 000000a4 000000a3 000000a2 000000a1 000000a0 
sm   1 warp 0 0x80000320 0xffc12083 x  1  8000015c
sm   0 warp 1 0x80000178 0xffc12083 x  1  800000e0
sm   1 warp 2 0x8000030c 0x01852e03 x 28  00000020
sm   0 warp 0 0x800000f0 0xff812283 x  5  90001000
sm   1 warp 0 0x80000328 0x00008067 x  0  8000032c
sm   1 warp 3 0x80000238 0x01852e03 lsu.r x  28 op 0 @ 90404000+00000018
sm   1 warp 0 0x80000328 0x00008067 Jump? 1  8000015c
sm   0 warp 1 0x80000180 0x00008067 x  0  80000184
sm   0 warp 1 0x80000180 0x00008067 Jump? 1  800000e0
sm   0 warp 3 0x80000320 0xffc12083 lsu.r x   1 op 3 @ 70000c18+fffffffc
sm   1 warp 1 0x80000324 0xffc10113 x  2  70000414
sm   0 warp 3 0x80000324 0xffc10113 x  2  70000c14
sm   1 warp 1 0x80000320 0xffc12083 lsu.r x   1 op 3 @ 70000418+fffffffc
sm   0 warp 2 0x800000e0 0x96013057 v  0 11111111111111111111111111111111 0000017c 00000178 00000174 00000170 0000016c 00000168 00000164 00000160 0000015c 00000158 00000154 00000150 0000014c 00000148 00000144 00000140 0000013c 00000138 00000134 00000130 0000012c 00000128 00000124 00000120 0000011c 00000118 00000114 00000110 0000010c 00000108 00000104 00000100 
sm   0 warp 0 0x800000f4 0x0202c157 v  2 11111111111111111111111111111111 9000117c 90001178 90001174 90001170 9000116c 90001168 90001164 90001160 9000115c 90001158 90001154 90001150 9000114c 90001148 90001144 90001140 9000113c 90001138 90001134 90001130 9000112c 90001128 90001124 90001120 9000111c 90001118 90001114 90001110 9000110c 90001108 90001104 90001100 
sm   1 warp 2 0x80000310 0x02452e83 x 29  00000000
sm   1 warp 2 0x80000314 0x03c30fb3 x 31  000000a0
sm   0 warp 3 0x80000320 0xffc12083 x  1  8000015c
sm   1 warp 0 0x8000015c 0x0180006f x  0  80000160
sm   0 warp 2 0x800000e4 0xff412303 lsu.r x   6 op 3 @ 70000810+fffffff4
sm   1 warp 0 0x8000015c 0x0180006f Jump? 1  80000174
sm   1 warp 3 0x80000238 0x01852e03 x 28  00000020
sm   0 warp 0 0x800000ec 0x0000a0fb v  1 11111111111111111111111111111111 42be0000 42bc0000 42ba0000 42b80000 42b60000 42b40000 42b20000 42b00000 42ae0000 42ac0000 42aa0000 42a80000 42a60000 42a40000 42a20000 42a00000 429e0000 429c0000 429a0000 42980000 42960000 42940000 42920000 42900000 428e0000 428c0000 428a0000 42880000 42860000 42840000 42820000 42800000 
sm   1 warp 2 0x80000318 0x01df8fb3 x 31  000000a0
sm   0 warp 3 0x80000328 0x00008067 x  0  8000032c
sm   0 warp 3 0x80000328 0x00008067 Jump? 1  8000015c
sm   0 warp 1 0x800000e0 0x96013057 v  0 11111111111111111111111111111111 0000017c 00000178 00000174 00000170 0000016c 00000168 00000164 00000160 0000015c 00000158 00000154 00000150 0000014c 00000148 00000144 00000140 0000013c 00000138 00000134 00000130 0000012c 00000128 00000124 00000120 0000011c 00000118 00000114 00000110 0000010c 00000108 00000104 00000100 
sm   1 warp 1 0x80000320 0xffc12083 x  1  8000015c
sm   0 warp 0 0x800000f8 0x0001217b lsu.r v  2 op 3 @ 9000117c 90001178 90001174 90001170 9000116c 90001168 90001164 90001160 9000115c 90001158 90001154 90001150 9000114c 90001148 90001144 90001140 9000113c 90001138 90001134 90001130 9000112c 90001128 90001124 90001120 9000111c 90001118 90001114 90001110 9000110c 90001108 90001104 90001100
sm   0 warp 2 0x800000e4 0xff412303 x  6  90000000
sm   1 warp 2 0x8000031c 0x020fc057 v  0 11111111111111111111111111111111 000000bf 000000be 000000bd 000000bc 000000bb 000000ba 000000b9 000000b8 000000b7 000000b6 000000b5 000000b4 000000b3 000000b2 000000b1 000000b0 000000af 000000ae 000000ad 000000ac 000000ab 000000aa 000000a9 000000a8 000000a7 000000a6 000000a5 000000a4 000000a3 000000a2 000000a1 000000a0 
sm   1 warp 0 0x80000174 0x0000205b join    mask and npc:    00000001001000000001010111001001 0xdd6d4d58 pop stack ? 0
sm   1 warp 0 0x80000174 0x0000205b Jump? 0  00000000
[L1C] #  17721 SM 0 CACHE 1 ADDR 90001100
sm   1 warp 1 0x80000328 0x00008067 x  0  8000032c
sm   0 warp 1 0x800000e4 0xff412303 lsu.r x   6 op 3 @ 70000410+fffffff4
sm   1 warp 1 0x80000328 0x00008067 Jump? 1  8000015c
sm   0 warp 3 0x8000015c 0x0180006f Jump? 1  80000174
sm   0 warp 3 0x8000015c 0x0180006f x  0  80000160
sm   1 warp 3 0x80000240 0xffc12083 lsu.r x   1 op 3 @ 70000c1c+fffffffc
sm   0 warp 2 0x800000e8 0x020340d7 v  1 11111111111111111111111111111111 9000017c 90000178 90000174 90000170 9000016c 90000168 90000164 90000160 9000015c 90000158 90000154 90000150 9000014c 90000148 90000144 90000140 9000013c 90000138 90000134 90000130 9000012c 90000128 90000124 90000120 9000011c 90000118 90000114 90000110 9000010c 90000108 90000104 90000100 
sm   0 warp 1 0x800000e4 0xff412303 x  6  90000000
sm   1 warp 3 0x80000244 0xffc10113 x  2  70000c18
sm   1 warp 2 0x80000320 0xffc12083 lsu.r x   1 op 3 @ 70000818+fffffffc
sm   1 warp 2 0x80000324 0xffc10113 x  2  70000814
sm   0 warp 3 0x80000174 0x0000205b join    mask and npc:    01001100010000011111010011000110 0xad1b04d7 pop stack ? 0
sm   1 warp 1 0x8000015c 0x0180006f x  0  80000160
sm   0 warp 3 0x80000174 0x0000205b Jump? 0  00000000
sm   0 warp 2 0x800000ec 0x0000a0fb lsu.r v  1 op 3 @ 9000017c 90000178 90000174 90000170 9000016c 90000168 90000164 90000160 9000015c 90000158 90000154 90000150 9000014c 90000148 90000144 90000140 9000013c 90000138 90000134 90000130 9000012c 90000128 90000124 90000120 9000011c 90000118 90000114 90000110 9000010c 90000108 90000104 90000100
sm   1 warp 1 0x8000015c 0x0180006f Jump? 1  80000174
sm   1 warp 0 0x8000017c 0xffc10113 x  2  70000010
sm   1 warp 0 0x80000178 0xffc12083 lsu.r x   1 op 3 @ 70000014+fffffffc
sm   0 warp 1 0x800000e8 0x020340d7 v  1 11111111111111111111111111111111 9000017c 90000178 90000174 90000170 9000016c 90000168 90000164 90000160 9000015c 90000158 90000154 90000150 9000014c 90000148 90000144 90000140 9000013c 90000138 90000134 90000130 9000012c 90000128 90000124 90000120 9000011c 90000118 90000114 90000110 9000010c 90000108 90000104 90000100 
sm   1 warp 3 0x80000240 0xffc12083 x  1  80000304
sm   1 warp 2 0x80000320 0xffc12083 x  1  8000015c
sm   0 warp 2 0x800000ec 0x0000a0fb v  1 11111111111111111111111111111111 42be0000 42bc0000 42ba0000 42b80000 42b60000 42b40000 42b20000 42b00000 42ae0000 42ac0000 42aa0000 42a80000 42a60000 42a40000 42a20000 42a00000 429e0000 429c0000 429a0000 42980000 42960000 42940000 42920000 42900000 428e0000 428c0000 428a0000 42880000 42860000 42840000 42820000 42800000 
sm   1 warp 0 0x80000178 0xffc12083 x  1  800000e0
sm   0 warp 2 0x800000f0 0xff812283 lsu.r x   5 op 3 @ 70000810+fffffff8
sm   1 warp 1 0x80000174 0x0000205b Jump? 0  00000000
sm   1 warp 1 0x80000174 0x0000205b join    mask and npc:    00010111100110100000010001100010 0x9ebf1347 pop stack ? 0
sm   1 warp 3 0x80000248 0x00008067 x  0  8000024c
sm   1 warp 3 0x80000248 0x00008067 Jump? 1  80000304
sm   0 warp 3 0x8000017c 0xffc10113 x  2  70000c10
sm   0 warp 0 0x800000f8 0x0001217b v  2 11111111111111111111111111111111 44684000 44688000 4468c000 44690000 44694000 44698000 4469c000 446a0000 446a4000 446a8000 446ac000 446b0000 446b4000 446b8000 446bc000 446c0000 446c4000 446c8000 446cc000 446d0000 446d4000 446d8000 446dc000 446e0000 446e4000 446e8000 446ec000 446f0000 446f4000 446f8000 446fc000 44700000 
sm   1 warp 2 0x80000328 0x00008067 x  0  8000032c
sm   1 warp 2 0x80000328 0x00008067 Jump? 1  8000015c
sm   0 warp 3 0x80000178 0xffc12083 lsu.r x   1 op 3 @ 70000c14+fffffffc
sm   1 warp 0 0x80000180 0x00008067 x  0  80000184
sm   1 warp 0 0x80000180 0x00008067 Jump? 1  800000e0
sm   0 warp 2 0x800000f0 0xff812283 x  5  90001000
sm   1 warp 1 0x80000178 0xffc12083 lsu.r x   1 op 3 @ 70000414+fffffffc
sm   1 warp 3 0x8000023c 0x8a0e6057 v  0 11111111111111111111111111111111 0000001f 0000001e 0000001d 0000001c 0000001b 0000001a 00000019 00000018 00000017 00000016 00000015 00000014 00000013 00000012 00000011 00000010 0000000f 0000000e 0000000d 0000000c 0000000b 0000000a 00000009 00000008 00000007 00000006 00000005 00000004 00000003 00000002 00000001 00000000 
sm   0 warp 1 0x800000ec 0x0000a0fb lsu.r v  1 op 3 @ 9000017c 90000178 90000174 90000170 9000016c 90000168 90000164 90000160 9000015c 90000158 90000154 90000150 9000014c 90000148 90000144 90000140 9000013c 90000138 90000134 90000130 9000012c 90000128 90000124 90000120 9000011c 90000118 90000114 90000110 9000010c 90000108 90000104 90000100
sm   0 warp 0 0x800000fc 0x021110d7 v  1 11111111111111111111111111111111 44800000 44800000 44800000 44800000 44800000 44800000 44800000 44800000 44800000 44800000 44800000 44800000 44800000 44800000 44800000 44800000 44800000 44800000 44800000 44800000 44800000 44800000 44800000 44800000 44800000 44800000 44800000 44800000 44800000 44800000 44800000 44800000 
sm   1 warp 2 0x8000015c 0x0180006f x  0  80000160
sm   1 warp 2 0x8000015c 0x0180006f Jump? 1  80000174
sm   0 warp 3 0x80000178 0xffc12083 x  1  800000e0
sm   1 warp 1 0x8000017c 0xffc10113 x  2  70000410
sm   0 warp 2 0x800000f4 0x0202c157 v  2 11111111111111111111111111111111 9000117c 90001178 90001174 90001170 9000116c 90001168 90001164 90001160 9000115c 90001158 90001154 90001150 9000114c 90001148 90001144 90001140 9000113c 90001138 90001134 90001130 9000112c 90001128 90001124 90001120 9000111c 90001118 90001114 90001110 9000110c 90001108 90001104 90001100 
sm   1 warp 1 0x80000178 0xffc12083 x  1  800000e0
sm   0 warp 1 0x800000f0 0xff812283 lsu.r x   5 op 3 @ 70000410+fffffff8
sm   0 warp 1 0x800000ec 0x0000a0fb v  1 11111111111111111111111111111111 42be0000 42bc0000 42ba0000 42b80000 42b60000 42b40000 42b20000 42b00000 42ae0000 42ac0000 42aa0000 42a80000 42a60000 42a40000 42a20000 42a00000 429e0000 429c0000 429a0000 42980000 42960000 42940000 42920000 42900000 428e0000 428c0000 428a0000 42880000 42860000 42840000 42820000 42800000 
sm   1 warp 0 0x800000e0 0x96013057 v  0 11111111111111111111111111111111 000002fc 000002f8 000002f4 000002f0 000002ec 000002e8 000002e4 000002e0 000002dc 000002d8 000002d4 000002d0 000002cc 000002c8 000002c4 000002c0 000002bc 000002b8 000002b4 000002b0 000002ac 000002a8 000002a4 000002a0 0000029c 00000298 00000294 00000290 0000028c 00000288 00000284 00000280 
sm   0 warp 3 0x80000180 0x00008067 x  0  80000184
sm   0 warp 3 0x80000180 0x00008067 Jump? 1  800000e0
sm   0 warp 0 0x80000100 0xffc12283 lsu.r x   5 op 3 @ 70000010+fffffffc
sm   1 warp 1 0x80000180 0x00008067 x  0  80000184
sm   1 warp 1 0x80000180 0x00008067 Jump? 1  800000e0
sm   0 warp 1 0x800000f0 0xff812283 x  5  90001000
sm   1 warp 0 0x800000e4 0xff412303 lsu.r x   6 op 3 @ 70000010+fffffff4
sm   1 warp 2 0x80000174 0x0000205b Jump? 0  00000000
sm   1 warp 2 0x80000174 0x0000205b join    mask and npc:    11101011001111100111100011010111 0xf3350197 pop stack ? 0
sm   0 warp 2 0x800000f8 0x0001217b lsu.r v  2 op 3 @ 9000117c 90001178 90001174 90001170 9000116c 90001168 90001164 90001160 9000115c 90001158 90001154 90001150 9000114c 90001148 90001144 90001140 9000113c 90001138 90001134 90001130 9000112c 90001128 90001124 90001120 9000111c 90001118 90001114 90001110 9000110c 90001108 90001104 90001100
sm   0 warp 0 0x80000100 0xffc12283 x  5  90002000
sm   0 warp 1 0x800000f4 0x0202c157 v  2 11111111111111111111111111111111 9000117c 90001178 90001174 90001170 9000116c 90001168 90001164 90001160 9000115c 90001158 90001154 90001150 9000114c 90001148 90001144 90001140 9000113c 90001138 90001134 90001130 9000112c 90001128 90001124 90001120 9000111c 90001118 90001114 90001110 9000110c 90001108 90001104 90001100 
sm   0 warp 3 0x800000e0 0x96013057 v  0 11111111111111111111111111111111 0000017c 00000178 00000174 00000170 0000016c 00000168 00000164 00000160 0000015c 00000158 00000154 00000150 0000014c 00000148 00000144 00000140 0000013c 00000138 00000134 00000130 0000012c 00000128 00000124 00000120 0000011c 00000118 00000114 00000110 0000010c 00000108 00000104 00000100 
sm   1 warp 0 0x800000e4 0xff412303 x  6  90000000
sm   0 warp 2 0x800000f8 0x0001217b v  2 11111111111111111111111111111111 44684000 44688000 4468c000 44690000 44694000 44698000 4469c000 446a0000 446a4000 446a8000 446ac000 446b0000 446b4000 446b8000 446bc000 446c0000 446c4000 446c8000 446cc000 446d0000 446d4000 446d8000 446dc000 446e0000 446e4000 446e8000 446ec000 446f0000 446f4000 446f8000 446fc000 44700000 
sm   1 warp 1 0x800000e0 0x96013057 v  0 11111111111111111111111111111111 000002fc 000002f8 000002f4 000002f0 000002ec 000002e8 000002e4 000002e0 000002dc 000002d8 000002d4 000002d0 000002cc 000002c8 000002c4 000002c0 000002bc 000002b8 000002b4 000002b0 000002ac 000002a8 000002a4 000002a0 0000029c 00000298 00000294 00000290 0000028c 00000288 00000284 00000280 
sm   0 warp 0 0x80000104 0x0202c057 v  0 11111111111111111111111111111111 9000217c 90002178 90002174 90002170 9000216c 90002168 90002164 90002160 9000215c 90002158 90002154 90002150 9000214c 90002148 90002144 90002140 9000213c 90002138 90002134 90002130 9000212c 90002128 90002124 90002120 9000211c 90002118 90002114 90002110 9000210c 90002108 90002104 90002100 
sm   1 warp 0 0x800000e8 0x020340d7 v  1 11111111111111111111111111111111 900002fc 900002f8 900002f4 900002f0 900002ec 900002e8 900002e4 900002e0 900002dc 900002d8 900002d4 900002d0 900002cc 900002c8 900002c4 900002c0 900002bc 900002b8 900002b4 900002b0 900002ac 900002a8 900002a4 900002a0 9000029c 90000298 90000294 90000290 9000028c 90000288 90000284 90000280 
sm   0 warp 1 0x800000f8 0x0001217b lsu.r v  2 op 3 @ 9000117c 90001178 90001174 90001170 9000116c 90001168 90001164 90001160 9000115c 90001158 90001154 90001150 9000114c 90001148 90001144 90001140 9000113c 90001138 90001134 90001130 9000112c 90001128 90001124 90001120 9000111c 90001118 90001114 90001110 9000110c 90001108 90001104 90001100
sm   1 warp 1 0x800000e4 0xff412303 lsu.r x   6 op 3 @ 70000410+fffffff4
sm   0 warp 3 0x800000e4 0xff412303 lsu.r x   6 op 3 @ 70000c10+fffffff4
sm   0 warp 2 0x800000fc 0x021110d7 v  1 11111111111111111111111111111111 44800000 44800000 44800000 44800000 44800000 44800000 44800000 44800000 44800000 44800000 44800000 44800000 44800000 44800000 44800000 44800000 44800000 44800000 44800000 44800000 44800000 44800000 44800000 44800000 44800000 44800000 44800000 44800000 44800000 44800000 44800000 44800000 
sm   1 warp 2 0x80000178 0xffc12083 lsu.r x   1 op 3 @ 70000814+fffffffc
sm   0 warp 1 0x800000f8 0x0001217b v  2 11111111111111111111111111111111 44684000 44688000 4468c000 44690000 44694000 44698000 4469c000 446a0000 446a4000 446a8000 446ac000 446b0000 446b4000 446b8000 446bc000 446c0000 446c4000 446c8000 446cc000 446d0000 446d4000 446d8000 446dc000 446e0000 446e4000 446e8000 446ec000 446f0000 446f4000 446f8000 446fc000 44700000 
sm   1 warp 2 0x8000017c 0xffc10113 x  2  70000810
sm   0 warp 0 0x80000108 0x0010607b lsu.w v  1 op 3 mask 11111111111111111111111111111111 44800000 44800000 44800000 44800000 44800000 44800000 44800000 44800000 44800000 44800000 44800000 44800000 44800000 44800000 44800000 44800000 44800000 44800000 44800000 44800000 44800000 44800000 44800000 44800000 44800000 44800000 44800000 44800000 44800000 44800000 44800000 44800000 @ 9000217c 90002178 90002174 90002170 9000216c 90002168 90002164 90002160 9000215c 90002158 90002154 90002150 9000214c 90002148 90002144 90002140 9000213c 90002138 90002134 90002130 9000212c 90002128 90002124 90002120 9000211c 90002118 90002114 90002110 9000210c 90002108 90002104 90002100
sm   1 warp 0 0x800000ec 0x0000a0fb lsu.r v  1 op 3 @ 900002fc 900002f8 900002f4 900002f0 900002ec 900002e8 900002e4 900002e0 900002dc 900002d8 900002d4 900002d0 900002cc 900002c8 900002c4 900002c0 900002bc 900002b8 900002b4 900002b0 900002ac 900002a8 900002a4 900002a0 9000029c 90000298 90000294 90000290 9000028c 90000288 90000284 90000280
sm   0 warp 3 0x800000e4 0xff412303 x  6  90000000
sm   1 warp 1 0x800000e4 0xff412303 x  6  90000000
sm   0 warp 2 0x80000100 0xffc12283 lsu.r x   5 op 3 @ 70000810+fffffffc
sm   1 warp 0 0x800000f0 0xff812283 lsu.r x   5 op 3 @ 70000010+fffffff8
[L1C] #  17777 SM 0 CACHE 1 ADDR 90002100
sm   0 warp 1 0x800000fc 0x021110d7 v  1 11111111111111111111111111111111 44800000 44800000 44800000 44800000 44800000 44800000 44800000 44800000 44800000 44800000 44800000 44800000 44800000 44800000 44800000 44800000 44800000 44800000 44800000 44800000 44800000 44800000 44800000 44800000 44800000 44800000 44800000 44800000 44800000 44800000 44800000 44800000 
sm   1 warp 2 0x80000178 0xffc12083 x  1  800000e0
sm   0 warp 0 0x80000108 0x0010607b lsu.w finish
[L1C] #  17779 SM 1 CACHE 1 ADDR 90000280
sm   0 warp 0 0x80000110 0xff010113 x  2  70000000
sm   0 warp 3 0x800000e8 0x020340d7 v  1 11111111111111111111111111111111 9000017c 90000178 90000174 90000170 9000016c 90000168 90000164 90000160 9000015c 90000158 90000154 90000150 9000014c 90000148 90000144 90000140 9000013c 90000138 90000134 90000130 9000012c 90000128 90000124 90000120 9000011c 90000118 90000114 90000110 9000010c 90000108 90000104 90000100 
sm   1 warp 1 0x800000e8 0x020340d7 v  1 11111111111111111111111111111111 900002fc 900002f8 900002f4 900002f0 900002ec 900002e8 900002e4 900002e0 900002dc 900002d8 900002d4 900002d0 900002cc 900002c8 900002c4 900002c0 900002bc 900002b8 900002b4 900002b0 900002ac 900002a8 900002a4 900002a0 9000029c 90000298 90000294 90000290 9000028c 90000288 90000284 90000280 
sm   0 warp 0 0x8000010c 0xff012083 lsu.r x   1 op 3 @ 70000010+fffffff0
sm   1 warp 0 0x800000f0 0xff812283 x  5  90001000
sm   0 warp 2 0x80000100 0xffc12283 x  5  90002000
sm   1 warp 3 0x80000304 0x80302573 x 10  90404000
sm   1 warp 2 0x80000180 0x00008067 x  0  80000184
sm   1 warp 2 0x80000180 0x00008067 Jump? 1  800000e0
sm   0 warp 1 0x80000100 0xffc12283 lsu.r x   5 op 3 @ 70000410+fffffffc
sm   1 warp 3 0x80000308 0x80802373 x  6  00000005
sm   1 warp 1 0x800000ec 0x0000a0fb lsu.r v  1 op 3 @ 900002fc 900002f8 900002f4 900002f0 900002ec 900002e8 900002e4 900002e0 900002dc 900002d8 900002d4 900002d0 900002cc 900002c8 900002c4 900002c0 900002bc 900002b8 900002b4 900002b0 900002ac 900002a8 900002a4 900002a0 9000029c 90000298 90000294 90000290 9000028c 90000288 90000284 90000280
sm   0 warp 0 0x8000010c 0xff012083 x  1  800000a0
sm   1 warp 0 0x800000f4 0x0202c157 v  2 11111111111111111111111111111111 900012fc 900012f8 900012f4 900012f0 900012ec 900012e8 900012e4 900012e0 900012dc 900012d8 900012d4 900012d0 900012cc 900012c8 900012c4 900012c0 900012bc 900012b8 900012b4 900012b0 900012ac 900012a8 900012a4 900012a0 9000129c 90001298 90001294 90001290 9000128c 90001288 90001284 90001280 
sm   0 warp 2 0x80000104 0x0202c057 v  0 11111111111111111111111111111111 9000217c 90002178 90002174 90002170 9000216c 90002168 90002164 90002160 9000215c 90002158 90002154 90002150 9000214c 90002148 90002144 90002140 9000213c 90002138 90002134 90002130 9000212c 90002128 90002124 90002120 9000211c 90002118 90002114 90002110 9000210c 90002108 90002104 90002100 
sm   0 warp 3 0x800000ec 0x0000a0fb lsu.r v  1 op 3 @ 9000017c 90000178 90000174 90000170 9000016c 90000168 90000164 90000160 9000015c 90000158 90000154 90000150 9000014c 90000148 90000144 90000140 9000013c 90000138 90000134 90000130 9000012c 90000128 90000124 90000120 9000011c 90000118 90000114 90000110 9000010c 90000108 90000104 90000100
sm   1 warp 1 0x800000f0 0xff812283 lsu.r x   5 op 3 @ 70000410+fffffff8
sm   0 warp 1 0x80000100 0xffc12283 x  5  90002000
sm   0 warp 0 0x80000114 0x00008067 x  0  80000118
sm   0 warp 0 0x80000114 0x00008067 Jump? 1  800000a0
sm   0 warp 3 0x800000f0 0xff812283 lsu.r x   5 op 3 @ 70000c10+fffffff8
sm   1 warp 3 0x8000030c 0x01852e03 lsu.r x  28 op 0 @ 90404000+00000018
sm   0 warp 3 0x800000ec 0x0000a0fb v  1 11111111111111111111111111111111 42be0000 42bc0000 42ba0000 42b80000 42b60000 42b40000 42b20000 42b00000 42ae0000 42ac0000 42aa0000 42a80000 42a60000 42a40000 42a20000 42a00000 429e0000 429c0000 429a0000 42980000 42960000 42940000 42920000 42900000 428e0000 428c0000 428a0000 42880000 42860000 42840000 42820000 42800000 
sm   1 warp 1 0x800000f0 0xff812283 x  5  90001000
sm   0 warp 1 0x80000104 0x0202c057 v  0 11111111111111111111111111111111 9000217c 90002178 90002174 90002170 9000216c 90002168 90002164 90002160 9000215c 90002158 90002154 90002150 9000214c 90002148 90002144 90002140 9000213c 90002138 90002134 90002130 9000212c 90002128 90002124 90002120 9000211c 90002118 90002114 90002110 9000210c 90002108 90002104 90002100 
sm   0 warp 2 0x80000108 0x0010607b lsu.w v  1 op 3 mask 11111111111111111111111111111111 44800000 44800000 44800000 44800000 44800000 44800000 44800000 44800000 44800000 44800000 44800000 44800000 44800000 44800000 44800000 44800000 44800000 44800000 44800000 44800000 44800000 44800000 44800000 44800000 44800000 44800000 44800000 44800000 44800000 44800000 44800000 44800000 @ 9000217c 90002178 90002174 90002170 9000216c 90002168 90002164 90002160 9000215c 90002158 90002154 90002150 9000214c 90002148 90002144 90002140 9000213c 90002138 90002134 90002130 9000212c 90002128 90002124 90002120 9000211c 90002118 90002114 90002110 9000210c 90002108 90002104 90002100
sm   1 warp 0 0x800000ec 0x0000a0fb v  1 11111111111111111111111111111111 433f0000 433e0000 433d0000 433c0000 433b0000 433a0000 43390000 43380000 43370000 43360000 43350000 43340000 43330000 43320000 43310000 43300000 432f0000 432e0000 432d0000 432c0000 432b0000 432a0000 43290000 43280000 43270000 43260000 43250000 43240000 43230000 43220000 43210000 43200000 
sm   0 warp 3 0x800000f0 0xff812283 x  5  90001000
sm   1 warp 2 0x800000e0 0x96013057 v  0 11111111111111111111111111111111 000002fc 000002f8 000002f4 000002f0 000002ec 000002e8 000002e4 000002e0 000002dc 000002d8 000002d4 000002d0 000002cc 000002c8 000002c4 000002c0 000002bc 000002b8 000002b4 000002b0 000002ac 000002a8 000002a4 000002a0 0000029c 00000298 00000294 00000290 0000028c 00000288 00000284 00000280 
sm   1 warp 1 0x800000f4 0x0202c157 v  2 11111111111111111111111111111111 900012fc 900012f8 900012f4 900012f0 900012ec 900012e8 900012e4 900012e0 900012dc 900012d8 900012d4 900012d0 900012cc 900012c8 900012c4 900012c0 900012bc 900012b8 900012b4 900012b0 900012ac 900012a8 900012a4 900012a0 9000129c 90001298 90001294 90001290 9000128c 90001288 90001284 90001280 
sm   1 warp 0 0x800000f8 0x0001217b lsu.r v  2 op 3 @ 900012fc 900012f8 900012f4 900012f0 900012ec 900012e8 900012e4 900012e0 900012dc 900012d8 900012d4 900012d0 900012cc 900012c8 900012c4 900012c0 900012bc 900012b8 900012b4 900012b0 900012ac 900012a8 900012a4 900012a0 9000129c 90001298 90001294 90001290 9000128c 90001288 90001284 90001280
sm   0 warp 0 0x800000a0 0x0000400b endprg
sm   0 warp 2 0x8000010c 0xff012083 lsu.r x   1 op 3 @ 70000810+fffffff0
[L1C] #  17801 SM 0 CACHE 1 ADDR 90002100
sm   0 warp 2 0x80000110 0xff010113 x  2  70000800
sm   1 warp 1 0x800000ec 0x0000a0fb v  1 11111111111111111111111111111111 433f0000 433e0000 433d0000 433c0000 433b0000 433a0000 43390000 43380000 43370000 43360000 43350000 43340000 43330000 43320000 43310000 43300000 432f0000 432e0000 432d0000 432c0000 432b0000 432a0000 43290000 43280000 43270000 43260000 43250000 43240000 43230000 43220000 43210000 43200000 
sm   0 warp 2 0x80000108 0x0010607b lsu.w finish
sm   1 warp 3 0x80000310 0x02452e83 lsu.r x  29 op 0 @ 90404000+00000024
sm   0 warp 3 0x800000f4 0x0202c157 v  2 11111111111111111111111111111111 9000117c 90001178 90001174 90001170 9000116c 90001168 90001164 90001160 9000115c 90001158 90001154 90001150 9000114c 90001148 90001144 90001140 9000113c 90001138 90001134 90001130 9000112c 90001128 90001124 90001120 9000111c 90001118 90001114 90001110 9000110c 90001108 90001104 90001100 
[L1C] #  17804 SM 1 CACHE 1 ADDR 90001280
sm   0 warp 1 0x80000108 0x0010607b lsu.w v  1 op 3 mask 11111111111111111111111111111111 44800000 44800000 44800000 44800000 44800000 44800000 44800000 44800000 44800000 44800000 44800000 44800000 44800000 44800000 44800000 44800000 44800000 44800000 44800000 44800000 44800000 44800000 44800000 44800000 44800000 44800000 44800000 44800000 44800000 44800000 44800000 44800000 @ 9000217c 90002178 90002174 90002170 9000216c 90002168 90002164 90002160 9000215c 90002158 90002154 90002150 9000214c 90002148 90002144 90002140 9000213c 90002138 90002134 90002130 9000212c 90002128 90002124 90002120 9000211c 90002118 90002114 90002110 9000210c 90002108 90002104 90002100
sm   1 warp 3 0x8000030c 0x01852e03 x 28  00000020
sm   0 warp 2 0x8000010c 0xff012083 x  1  800000a0
sm   1 warp 2 0x800000e4 0xff412303 lsu.r x   6 op 3 @ 70000810+fffffff4
sm   0 warp 1 0x80000110 0xff010113 x  2  70000400
sm   0 warp 1 0x8000010c 0xff012083 lsu.r x   1 op 3 @ 70000410+fffffff0
sm   1 warp 3 0x80000310 0x02452e83 x 29  00000000
sm   0 warp 2 0x80000114 0x00008067 x  0  80000118
sm   0 warp 3 0x800000f8 0x0001217b lsu.r v  2 op 3 @ 9000117c 90001178 90001174 90001170 9000116c 90001168 90001164 90001160 9000115c 90001158 90001154 90001150 9000114c 90001148 90001144 90001140 9000113c 90001138 90001134 90001130 9000112c 90001128 90001124 90001120 9000111c 90001118 90001114 90001110 9000110c 90001108 90001104 90001100
sm   1 warp 1 0x800000f8 0x0001217b lsu.r v  2 op 3 @ 900012fc 900012f8 900012f4 900012f0 900012ec 900012e8 900012e4 900012e0 900012dc 900012d8 900012d4 900012d0 900012cc 900012c8 900012c4 900012c0 900012bc 900012b8 900012b4 900012b0 900012ac 900012a8 900012a4 900012a0 9000129c 90001298 90001294 90001290 9000128c 90001288 90001284 90001280
sm   0 warp 2 0x80000114 0x00008067 Jump? 1  800000a0
sm   1 warp 3 0x80000314 0x03c30fb3 x 31  000000a0
sm   0 warp 1 0x8000010c 0xff012083 x  1  800000a0
sm   1 warp 2 0x800000e4 0xff412303 x  6  90000000
sm   0 warp 3 0x800000f8 0x0001217b v  2 11111111111111111111111111111111 44684000 44688000 4468c000 44690000 44694000 44698000 4469c000 446a0000 446a4000 446a8000 446ac000 446b0000 446b4000 446b8000 446bc000 446c0000 446c4000 446c8000 446cc000 446d0000 446d4000 446d8000 446dc000 446e0000 446e4000 446e8000 446ec000 446f0000 446f4000 446f8000 446fc000 44700000 
[L1C] #  17817 SM 0 CACHE 1 ADDR 90002100
sm   1 warp 3 0x80000318 0x01df8fb3 x 31  000000a0
sm   0 warp 1 0x80000114 0x00008067 x  0  80000118
sm   1 warp 2 0x800000e8 0x020340d7 v  1 11111111111111111111111111111111 900002fc 900002f8 900002f4 900002f0 900002ec 900002e8 900002e4 900002e0 900002dc 900002d8 900002d4 900002d0 900002cc 900002c8 900002c4 900002c0 900002bc 900002b8 900002b4 900002b0 900002ac 900002a8 900002a4 900002a0 9000029c 90000298 90000294 90000290 9000028c 90000288 90000284 90000280 
sm   0 warp 1 0x80000114 0x00008067 Jump? 1  800000a0
sm   0 warp 1 0x80000108 0x0010607b lsu.w finish
sm   0 warp 2 0x800000a0 0x0000400b endprg
sm   1 warp 0 0x800000f8 0x0001217b v  2 11111111111111111111111111111111 44504000 44508000 4450c000 44510000 44514000 44518000 4451c000 44520000 44524000 44528000 4452c000 44530000 44534000 44538000 4453c000 44540000 44544000 44548000 4454c000 44550000 44554000 44558000 4455c000 44560000 44564000 44568000 4456c000 44570000 44574000 44578000 4457c000 44580000 
sm   1 warp 3 0x8000031c 0x020fc057 v  0 11111111111111111111111111111111 000000bf 000000be 000000bd 000000bc 000000bb 000000ba 000000b9 000000b8 000000b7 000000b6 000000b5 000000b4 000000b3 000000b2 000000b1 000000b0 000000af 000000ae 000000ad 000000ac 000000ab 000000aa 000000a9 000000a8 000000a7 000000a6 000000a5 000000a4 000000a3 000000a2 000000a1 000000a0 
sm   0 warp 3 0x800000fc 0x021110d7 v  1 11111111111111111111111111111111 44800000 44800000 44800000 44800000 44800000 44800000 44800000 44800000 44800000 44800000 44800000 44800000 44800000 44800000 44800000 44800000 44800000 44800000 44800000 44800000 44800000 44800000 44800000 44800000 44800000 44800000 44800000 44800000 44800000 44800000 44800000 44800000 
sm   1 warp 1 0x800000f8 0x0001217b v  2 11111111111111111111111111111111 44504000 44508000 4450c000 44510000 44514000 44518000 4451c000 44520000 44524000 44528000 4452c000 44530000 44534000 44538000 4453c000 44540000 44544000 44548000 4454c000 44550000 44554000 44558000 4455c000 44560000 44564000 44568000 4456c000 44570000 44574000 44578000 4457c000 44580000 
sm   0 warp 3 0x80000100 0xffc12283 lsu.r x   5 op 3 @ 70000c10+fffffffc
sm   1 warp 2 0x800000ec 0x0000a0fb lsu.r v  1 op 3 @ 900002fc 900002f8 900002f4 900002f0 900002ec 900002e8 900002e4 900002e0 900002dc 900002d8 900002d4 900002d0 900002cc 900002c8 900002c4 900002c0 900002bc 900002b8 900002b4 900002b0 900002ac 900002a8 900002a4 900002a0 9000029c 90000298 90000294 90000290 9000028c 90000288 90000284 90000280
sm   0 warp 1 0x800000a0 0x0000400b endprg
sm   1 warp 3 0x80000320 0xffc12083 lsu.r x   1 op 3 @ 70000c18+fffffffc
sm   1 warp 0 0x800000fc 0x021110d7 v  1 11111111111111111111111111111111 44800000 44800000 44800000 44800000 44800000 44800000 44800000 44800000 44800000 44800000 44800000 44800000 44800000 44800000 44800000 44800000 44800000 44800000 44800000 44800000 44800000 44800000 44800000 44800000 44800000 44800000 44800000 44800000 44800000 44800000 44800000 44800000 
sm   1 warp 3 0x80000324 0xffc10113 x  2  70000c14
sm   0 warp 3 0x80000100 0xffc12283 x  5  90002000
sm   1 warp 2 0x800000ec 0x0000a0fb v  1 11111111111111111111111111111111 433f0000 433e0000 433d0000 433c0000 433b0000 433a0000 43390000 43380000 43370000 43360000 43350000 43340000 43330000 43320000 43310000 43300000 432f0000 432e0000 432d0000 432c0000 432b0000 432a0000 43290000 43280000 43270000 43260000 43250000 43240000 43230000 43220000 43210000 43200000 
sm   1 warp 1 0x800000fc 0x021110d7 v  1 11111111111111111111111111111111 44800000 44800000 44800000 44800000 44800000 44800000 44800000 44800000 44800000 44800000 44800000 44800000 44800000 44800000 44800000 44800000 44800000 44800000 44800000 44800000 44800000 44800000 44800000 44800000 44800000 44800000 44800000 44800000 44800000 44800000 44800000 44800000 
sm   1 warp 2 0x800000f0 0xff812283 lsu.r x   5 op 3 @ 70000810+fffffff8
sm   1 warp 3 0x80000320 0xffc12083 x  1  8000015c
sm   0 warp 3 0x80000104 0x0202c057 v  0 11111111111111111111111111111111 9000217c 90002178 90002174 90002170 9000216c 90002168 90002164 90002160 9000215c 90002158 90002154 90002150 9000214c 90002148 90002144 90002140 9000213c 90002138 90002134 90002130 9000212c 90002128 90002124 90002120 9000211c 90002118 90002114 90002110 9000210c 90002108 90002104 90002100 
sm   1 warp 0 0x80000100 0xffc12283 lsu.r x   5 op 3 @ 70000010+fffffffc
sm   1 warp 2 0x800000f0 0xff812283 x  5  90001000
sm   1 warp 3 0x80000328 0x00008067 x  0  8000032c
sm   1 warp 3 0x80000328 0x00008067 Jump? 1  8000015c
sm   1 warp 1 0x80000100 0xffc12283 lsu.r x   5 op 3 @ 70000410+fffffffc
sm   0 warp 3 0x80000108 0x0010607b lsu.w v  1 op 3 mask 11111111111111111111111111111111 44800000 44800000 44800000 44800000 44800000 44800000 44800000 44800000 44800000 44800000 44800000 44800000 44800000 44800000 44800000 44800000 44800000 44800000 44800000 44800000 44800000 44800000 44800000 44800000 44800000 44800000 44800000 44800000 44800000 44800000 44800000 44800000 @ 9000217c 90002178 90002174 90002170 9000216c 90002168 90002164 90002160 9000215c 90002158 90002154 90002150 9000214c 90002148 90002144 90002140 9000213c 90002138 90002134 90002130 9000212c 90002128 90002124 90002120 9000211c 90002118 90002114 90002110 9000210c 90002108 90002104 90002100
sm   1 warp 0 0x80000100 0xffc12283 x  5  90002000
sm   1 warp 2 0x800000f4 0x0202c157 v  2 11111111111111111111111111111111 900012fc 900012f8 900012f4 900012f0 900012ec 900012e8 900012e4 900012e0 900012dc 900012d8 900012d4 900012d0 900012cc 900012c8 900012c4 900012c0 900012bc 900012b8 900012b4 900012b0 900012ac 900012a8 900012a4 900012a0 9000129c 90001298 90001294 90001290 9000128c 90001288 90001284 90001280 
sm   1 warp 1 0x80000100 0xffc12283 x  5  90002000
sm   0 warp 3 0x8000010c 0xff012083 lsu.r x   1 op 3 @ 70000c10+fffffff0
[L1C] #  17847 SM 0 CACHE 1 ADDR 90002100
sm   1 warp 0 0x80000104 0x0202c057 v  0 11111111111111111111111111111111 900022fc 900022f8 900022f4 900022f0 900022ec 900022e8 900022e4 900022e0 900022dc 900022d8 900022d4 900022d0 900022cc 900022c8 900022c4 900022c0 900022bc 900022b8 900022b4 900022b0 900022ac 900022a8 900022a4 900022a0 9000229c 90002298 90002294 90002290 9000228c 90002288 90002284 90002280 
sm   0 warp 3 0x80000108 0x0010607b lsu.w finish
sm   0 warp 3 0x80000110 0xff010113 x  2  70000c00
sm   1 warp 3 0x8000015c 0x0180006f x  0  80000160
sm   1 warp 2 0x800000f8 0x0001217b lsu.r v  2 op 3 @ 900012fc 900012f8 900012f4 900012f0 900012ec 900012e8 900012e4 900012e0 900012dc 900012d8 900012d4 900012d0 900012cc 900012c8 900012c4 900012c0 900012bc 900012b8 900012b4 900012b0 900012ac 900012a8 900012a4 900012a0 9000129c 90001298 90001294 90001290 9000128c 90001288 90001284 90001280
sm   1 warp 3 0x8000015c 0x0180006f Jump? 1  80000174
sm   0 warp 3 0x8000010c 0xff012083 x  1  800000a0
sm   1 warp 1 0x80000104 0x0202c057 v  0 11111111111111111111111111111111 900022fc 900022f8 900022f4 900022f0 900022ec 900022e8 900022e4 900022e0 900022dc 900022d8 900022d4 900022d0 900022cc 900022c8 900022c4 900022c0 900022bc 900022b8 900022b4 900022b0 900022ac 900022a8 900022a4 900022a0 9000229c 90002298 90002294 90002290 9000228c 90002288 90002284 90002280 
sm   1 warp 0 0x80000108 0x0010607b lsu.w v  1 op 3 mask 11111111111111111111111111111111 44800000 44800000 44800000 44800000 44800000 44800000 44800000 44800000 44800000 44800000 44800000 44800000 44800000 44800000 44800000 44800000 44800000 44800000 44800000 44800000 44800000 44800000 44800000 44800000 44800000 44800000 44800000 44800000 44800000 44800000 44800000 44800000 @ 900022fc 900022f8 900022f4 900022f0 900022ec 900022e8 900022e4 900022e0 900022dc 900022d8 900022d4 900022d0 900022cc 900022c8 900022c4 900022c0 900022bc 900022b8 900022b4 900022b0 900022ac 900022a8 900022a4 900022a0 9000229c 90002298 90002294 90002290 9000228c 90002288 90002284 90002280
sm   0 warp 3 0x80000114 0x00008067 x  0  80000118
sm   1 warp 2 0x800000f8 0x0001217b v  2 11111111111111111111111111111111 44504000 44508000 4450c000 44510000 44514000 44518000 4451c000 44520000 44524000 44528000 4452c000 44530000 44534000 44538000 4453c000 44540000 44544000 44548000 4454c000 44550000 44554000 44558000 4455c000 44560000 44564000 44568000 4456c000 44570000 44574000 44578000 4457c000 44580000 
sm   1 warp 3 0x80000174 0x0000205b Jump? 0  00000000
sm   1 warp 3 0x80000174 0x0000205b join    mask and npc:    00111101101101011100110011111000 0x6e2d0255 pop stack ? 0
sm   0 warp 3 0x80000114 0x00008067 Jump? 1  800000a0
sm   1 warp 1 0x80000108 0x0010607b lsu.w v  1 op 3 mask 11111111111111111111111111111111 44800000 44800000 44800000 44800000 44800000 44800000 44800000 44800000 44800000 44800000 44800000 44800000 44800000 44800000 44800000 44800000 44800000 44800000 44800000 44800000 44800000 44800000 44800000 44800000 44800000 44800000 44800000 44800000 44800000 44800000 44800000 44800000 @ 900022fc 900022f8 900022f4 900022f0 900022ec 900022e8 900022e4 900022e0 900022dc 900022d8 900022d4 900022d0 900022cc 900022c8 900022c4 900022c0 900022bc 900022b8 900022b4 900022b0 900022ac 900022a8 900022a4 900022a0 9000229c 90002298 90002294 90002290 9000228c 90002288 90002284 90002280
[L1C] #  17859 SM 1 CACHE 1 ADDR 90002280
sm   1 warp 0 0x80000108 0x0010607b lsu.w finish
sm   1 warp 0 0x80000110 0xff010113 x  2  70000000
sm   1 warp 0 0x8000010c 0xff012083 lsu.r x   1 op 3 @ 70000010+fffffff0
[L1C] #  17863 SM 1 CACHE 1 ADDR 90002280
sm   1 warp 2 0x800000fc 0x021110d7 v  1 11111111111111111111111111111111 44800000 44800000 44800000 44800000 44800000 44800000 44800000 44800000 44800000 44800000 44800000 44800000 44800000 44800000 44800000 44800000 44800000 44800000 44800000 44800000 44800000 44800000 44800000 44800000 44800000 44800000 44800000 44800000 44800000 44800000 44800000 44800000 
sm   0 warp 3 0x800000a0 0x0000400b endprg
sm   1 warp 1 0x80000108 0x0010607b lsu.w finish
sm   1 warp 1 0x80000110 0xff010113 x  2  70000400
sm   1 warp 1 0x8000010c 0xff012083 lsu.r x   1 op 3 @ 70000410+fffffff0
sm   1 warp 0 0x8000010c 0xff012083 x  1  800000a0
sm   1 warp 3 0x8000017c 0xffc10113 x  2  70000c10
sm   1 warp 3 0x80000178 0xffc12083 lsu.r x   1 op 3 @ 70000c14+fffffffc
[L1C] #  17872 SM 0 CACHE 1 ADDR 9d0f7f80
sm   1 warp 1 0x8000010c 0xff012083 x  1  800000a0
sm   1 warp 0 0x80000114 0x00008067 x  0  80000118
sm   1 warp 2 0x80000100 0xffc12283 lsu.r x   5 op 3 @ 70000810+fffffffc
sm   1 warp 0 0x80000114 0x00008067 Jump? 1  800000a0
sm   1 warp 3 0x80000178 0xffc12083 x  1  800000e0
sm   1 warp 1 0x80000114 0x00008067 x  0  80000118
sm   1 warp 1 0x80000114 0x00008067 Jump? 1  800000a0
sm   1 warp 2 0x80000100 0xffc12283 x  5  90002000
sm   1 warp 0 0x800000a0 0x0000400b endprg
sm   1 warp 3 0x80000180 0x00008067 x  0  80000184
sm   1 warp 3 0x80000180 0x00008067 Jump? 1  800000e0
sm   1 warp 2 0x80000104 0x0202c057 v  0 11111111111111111111111111111111 900022fc 900022f8 900022f4 900022f0 900022ec 900022e8 900022e4 900022e0 900022dc 900022d8 900022d4 900022d0 900022cc 900022c8 900022c4 900022c0 900022bc 900022b8 900022b4 900022b0 900022ac 900022a8 900022a4 900022a0 9000229c 90002298 90002294 90002290 9000228c 90002288 90002284 90002280 
sm   1 warp 1 0x800000a0 0x0000400b endprg
sm   0 warp 0 0x80000000 0x00004197 x  3  80004000
sm   1 warp 2 0x80000108 0x0010607b lsu.w v  1 op 3 mask 11111111111111111111111111111111 44800000 44800000 44800000 44800000 44800000 44800000 44800000 44800000 44800000 44800000 44800000 44800000 44800000 44800000 44800000 44800000 44800000 44800000 44800000 44800000 44800000 44800000 44800000 44800000 44800000 44800000 44800000 44800000 44800000 44800000 44800000 44800000 @ 900022fc 900022f8 900022f4 900022f0 900022ec 900022e8 900022e4 900022e0 900022dc 900022d8 900022d4 900022d0 900022cc 900022c8 900022c4 900022c0 900022bc 900022b8 900022b4 900022b0 900022ac 900022a8 900022a4 900022a0 9000229c 90002298 90002294 90002290 9000228c 90002288 90002284 90002280
sm   0 warp 1 0x80000000 0x00004197 x  3  80004000
sm   0 warp 0 0x80000004 0x80818193 x  3  80003808
sm   1 warp 2 0x8000010c 0xff012083 lsu.r x   1 op 3 @ 70000810+fffffff0
sm   1 warp 3 0x800000e0 0x96013057 v  0 11111111111111111111111111111111 000002fc 000002f8 000002f4 000002f0 000002ec 000002e8 000002e4 000002e0 000002dc 000002d8 000002d4 000002d0 000002cc 000002c8 000002c4 000002c0 000002bc 000002b8 000002b4 000002b0 000002ac 000002a8 000002a4 000002a0 0000029c 00000298 00000294 00000290 0000028c 00000288 00000284 00000280 
sm   1 warp 2 0x80000108 0x0010607b lsu.w finish
sm   0 warp 0 0x80000008 0x02000e93 x 29  00000020
sm   1 warp 2 0x80000110 0xff010113 x  2  70000800
sm   0 warp 1 0x80000004 0x80818193 x  3  80003808
sm   0 warp 2 0x80000000 0x00004197 x  3  80004000
sm   1 warp 2 0x8000010c 0xff012083 x  1  800000a0
sm   1 warp 3 0x800000e4 0xff412303 lsu.r x   6 op 3 @ 70000c10+fffffff4
sm   0 warp 0 0x8000000c 0x0d0efed7 x 29  00000020
sm   0 warp 1 0x80000008 0x02000e93 x 29  00000020
sm   0 warp 2 0x80000004 0x80818193 x  3  80003808
sm   1 warp 2 0x80000114 0x00008067 x  0  80000118
sm   0 warp 3 0x80000000 0x00004197 x  3  80004000
sm   1 warp 2 0x80000114 0x00008067 Jump? 1  800000a0
sm   0 warp 0 0x80000010 0x00002eb7 x 29  00002000
sm   1 warp 3 0x800000e4 0xff412303 x  6  90000000
sm   0 warp 1 0x8000000c 0x0d0efed7 x 29  00000020
sm   0 warp 2 0x80000008 0x02000e93 x 29  00000020
sm   0 warp 3 0x80000004 0x80818193 x  3  80003808
sm   0 warp 0 0x80000014 0x300eaef3 x 29  00001800
sm   1 warp 3 0x800000e8 0x020340d7 v  1 11111111111111111111111111111111 900002fc 900002f8 900002f4 900002f0 900002ec 900002e8 900002e4 900002e0 900002dc 900002d8 900002d4 900002d0 900002cc 900002c8 900002c4 900002c0 900002bc 900002b8 900002b4 900002b0 900002ac 900002a8 900002a4 900002a0 9000029c 90000298 90000294 90000290 9000028c 90000288 90000284 90000280 
sm   0 warp 1 0x80000010 0x00002eb7 x 29  00002000
sm   1 warp 2 0x800000a0 0x0000400b endprg
sm   0 warp 2 0x8000000c 0x0d0efed7 x 29  00000020
sm   0 warp 0 0x80000018 0x00000e93 x 29  00000000
sm   0 warp 2 0x80000010 0x00002eb7 x 29  00002000
sm   1 warp 3 0x800000ec 0x0000a0fb lsu.r v  1 op 3 @ 900002fc 900002f8 900002f4 900002f0 900002ec 900002e8 900002e4 900002e0 900002dc 900002d8 900002d4 900002d0 900002cc 900002c8 900002c4 900002c0 900002bc 900002b8 900002b4 900002b0 900002ac 900002a8 900002a4 900002a0 9000029c 90000298 90000294 90000290 9000028c 90000288 90000284 90000280
sm   0 warp 1 0x80000014 0x300eaef3 x 29  00001800
sm   0 warp 0 0x8000001c 0x80502373 x  6  00000000
sm   1 warp 3 0x800000f0 0xff812283 lsu.r x   5 op 3 @ 70000c10+fffffff8
sm   0 warp 2 0x80000014 0x300eaef3 x 29  00001800
sm   0 warp 1 0x80000018 0x00000e93 x 29  00000000
sm   1 warp 3 0x800000ec 0x0000a0fb v  1 11111111111111111111111111111111 433f0000 433e0000 433d0000 433c0000 433b0000 433a0000 43390000 43380000 43370000 43360000 43350000 43340000 43330000 43320000 43310000 43300000 432f0000 432e0000 432d0000 432c0000 432b0000 432a0000 43290000 43280000 43270000 43260000 43250000 43240000 43230000 43220000 43210000 43200000 
sm   0 warp 0 0x80000020 0x806023f3 x  7  70000000
sm   1 warp 3 0x800000f0 0xff812283 x  5  90001000
sm   0 warp 1 0x8000001c 0x80502373 x  6  00000001
sm   0 warp 2 0x80000018 0x00000e93 x 29  00000000
sm   0 warp 0 0x80000024 0x40000e13 x 28  00000400
sm   0 warp 1 0x80000020 0x806023f3 x  7  70000000
sm   1 warp 3 0x800000f4 0x0202c157 v  2 11111111111111111111111111111111 900012fc 900012f8 900012f4 900012f0 900012ec 900012e8 900012e4 900012e0 900012dc 900012d8 900012d4 900012d0 900012cc 900012c8 900012c4 900012c0 900012bc 900012b8 900012b4 900012b0 900012ac 900012a8 900012a4 900012a0 9000129c 90001298 90001294 90001290 9000128c 90001288 90001284 90001280 
sm   0 warp 2 0x8000001c 0x80502373 x  6  00000002
sm   0 warp 3 0x80000008 0x02000e93 x 29  00000020
sm   0 warp 1 0x80000024 0x40000e13 x 28  00000400
sm   0 warp 2 0x80000020 0x806023f3 x  7  70000000
sm   0 warp 0 0x80000028 0x03c30333 x  6  00000000
sm   1 warp 3 0x800000f8 0x0001217b lsu.r v  2 op 3 @ 900012fc 900012f8 900012f4 900012f0 900012ec 900012e8 900012e4 900012e0 900012dc 900012d8 900012d4 900012d0 900012cc 900012c8 900012c4 900012c0 900012bc 900012b8 900012b4 900012b0 900012ac 900012a8 900012a4 900012a0 9000129c 90001298 90001294 90001290 9000128c 90001288 90001284 90001280
sm   0 warp 3 0x8000000c 0x0d0efed7 x 29  00000020
sm   0 warp 2 0x80000024 0x40000e13 x 28  00000400
sm   0 warp 0 0x8000002c 0x00730133 x  2  70000000
sm   1 warp 3 0x800000f8 0x0001217b v  2 11111111111111111111111111111111 44504000 44508000 4450c000 44510000 44514000 44518000 4451c000 44520000 44524000 44528000 4452c000 44530000 44534000 44538000 4453c000 44540000 44544000 44548000 4454c000 44550000 44554000 44558000 4455c000 44560000 44564000 44568000 4456c000 44570000 44574000 44578000 4457c000 44580000 
sm   0 warp 3 0x80000010 0x00002eb7 x 29  00002000
sm   0 warp 1 0x80000028 0x03c30333 x  6  00000400
sm   0 warp 0 0x80000030 0x00000213 x  4  00000000
sm   0 warp 2 0x80000028 0x03c30333 x  6  00000800
sm   0 warp 3 0x80000014 0x300eaef3 x 29  00001800
sm   0 warp 1 0x8000002c 0x00730133 x  2  70000400
sm   1 warp 3 0x800000fc 0x021110d7 v  1 11111111111111111111111111111111 44800000 44800000 44800000 44800000 44800000 44800000 44800000 44800000 44800000 44800000 44800000 44800000 44800000 44800000 44800000 44800000 44800000 44800000 44800000 44800000 44800000 44800000 44800000 44800000 44800000 44800000 44800000 44800000 44800000 44800000 44800000 44800000 
sm   0 warp 0 0x80000034 0x80102f73 x 30  00000004
sm   0 warp 2 0x8000002c 0x00730133 x  2  70000800
sm   1 warp 3 0x80000100 0xffc12283 lsu.r x   5 op 3 @ 70000c10+fffffffc
sm   0 warp 3 0x80000018 0x00000e93 x 29  00000000
sm   0 warp 0 0x80000038 0x40000e13 x 28  00000400
sm   0 warp 1 0x80000030 0x00000213 x  4  00000000
sm   0 warp 2 0x80000030 0x00000213 x  4  00000000
sm   0 warp 3 0x8000001c 0x80502373 x  6  00000003
sm   1 warp 3 0x80000100 0xffc12283 x  5  90002000
sm   0 warp 1 0x80000034 0x80102f73 x 30  00000004
sm   0 warp 2 0x80000034 0x80102f73 x 30  00000004
sm   0 warp 3 0x80000020 0x806023f3 x  7  70000000
sm   0 warp 0 0x8000003c 0x03cf0f33 x 30  00001000
sm   1 warp 3 0x80000104 0x0202c057 v  0 11111111111111111111111111111111 900022fc 900022f8 900022f4 900022f0 900022ec 900022e8 900022e4 900022e0 900022dc 900022d8 900022d4 900022d0 900022cc 900022c8 900022c4 900022c0 900022bc 900022b8 900022b4 900022b0 900022ac 900022a8 900022a4 900022a0 9000229c 90002298 90002294 90002290 9000228c 90002288 90002284 90002280 
sm   0 warp 1 0x80000038 0x40000e13 x 28  00000400
sm   0 warp 2 0x80000038 0x40000e13 x 28  00000400
sm   0 warp 3 0x80000024 0x40000e13 x 28  00000400
sm   0 warp 0 0x80000040 0x01e38433 x  8  70001000
sm   1 warp 3 0x80000108 0x0010607b lsu.w v  1 op 3 mask 11111111111111111111111111111111 44800000 44800000 44800000 44800000 44800000 44800000 44800000 44800000 44800000 44800000 44800000 44800000 44800000 44800000 44800000 44800000 44800000 44800000 44800000 44800000 44800000 44800000 44800000 44800000 44800000 44800000 44800000 44800000 44800000 44800000 44800000 44800000 @ 900022fc 900022f8 900022f4 900022f0 900022ec 900022e8 900022e4 900022e0 900022dc 900022d8 900022d4 900022d0 900022cc 900022c8 900022c4 900022c0 900022bc 900022b8 900022b4 900022b0 900022ac 900022a8 900022a4 900022a0 9000229c 90002298 90002294 90002290 9000228c 90002288 90002284 90002280
sm   0 warp 0 0x80000044 0x00003517 x 10  80003044
sm   0 warp 1 0x8000003c 0x03cf0f33 x 30  00001000
sm   0 warp 2 0x8000003c 0x03cf0f33 x 30  00001000
sm   0 warp 3 0x80000028 0x03c30333 x  6  00000c00
sm   1 warp 3 0x8000010c 0xff012083 lsu.r x   1 op 3 @ 70000c10+fffffff0
sm   0 warp 0 0x80000048 0xfc450513 x 10  80003008
sm   0 warp 1 0x80000040 0x01e38433 x  8  70001000
sm   1 warp 3 0x80000110 0xff010113 x  2  70000c00
sm   0 warp 2 0x80000040 0x01e38433 x  8  70001000
sm   0 warp 3 0x8000002c 0x00730133 x  2  70000c00
sm   1 warp 3 0x8000010c 0xff012083 x  1  800000a0
sm   0 warp 0 0x8000004c 0x00003617 x 12  8000304c
sm   0 warp 1 0x80000044 0x00003517 x 10  80003044
sm   0 warp 2 0x80000044 0x00003517 x 10  80003044
sm   0 warp 3 0x80000030 0x00000213 x  4  00000000
sm   1 warp 3 0x80000114 0x00008067 x  0  80000118
sm   0 warp 0 0x80000050 0xfbc60613 x 12  80003008
sm   1 warp 3 0x80000114 0x00008067 Jump? 1  800000a0
sm   0 warp 1 0x80000048 0xfc450513 x 10  80003008
sm   0 warp 2 0x80000048 0xfc450513 x 10  80003008
sm   0 warp 3 0x80000034 0x80102f73 x 30  00000004
sm   0 warp 1 0x8000004c 0x00003617 x 12  8000304c
sm   0 warp 2 0x8000004c 0x00003617 x 12  8000304c
sm   0 warp 0 0x80000054 0x00c50863 Jump? 1  80000064
sm   1 warp 3 0x800000a0 0x0000400b endprg
sm   0 warp 3 0x80000038 0x40000e13 x 28  00000400
sm   0 warp 1 0x80000050 0xfbc60613 x 12  80003008
sm   0 warp 2 0x80000050 0xfbc60613 x 12  80003008
sm   0 warp 1 0x80000054 0x00c50863 Jump? 1  80000064
sm   0 warp 2 0x80000054 0x00c50863 Jump? 1  80000064
sm   0 warp 3 0x8000003c 0x03cf0f33 x 30  00001000
sm   0 warp 0 0x80000064 0x803022f3 x  5  90404000
sm   0 warp 3 0x80000040 0x01e38433 x  8  70001000
sm   0 warp 0 0x80000068 0x0002a303 lsu.r x   6 op 0 @ 90404000+00000000
sm   0 warp 3 0x80000044 0x00003517 x 10  80003044
sm   0 warp 1 0x80000064 0x803022f3 x  5  90404000
sm   1 warp 0 0x80000000 0x00004197 x  3  80004000
sm   0 warp 2 0x80000064 0x803022f3 x  5  90404000
sm   1 warp 1 0x80000000 0x00004197 x  3  80004000
sm   1 warp 0 0x80000004 0x80818193 x  3  80003808
sm   1 warp 0 0x80000008 0x02000e93 x 29  00000020
sm   0 warp 3 0x80000048 0xfc450513 x 10  80003008
sm   1 warp 1 0x80000004 0x80818193 x  3  80003808
sm   1 warp 2 0x80000000 0x00004197 x  3  80004000
sm   0 warp 3 0x8000004c 0x00003617 x 12  8000304c
sm   1 warp 0 0x8000000c 0x0d0efed7 x 29  00000020
sm   1 warp 1 0x80000008 0x02000e93 x 29  00000020
sm   1 warp 2 0x80000004 0x80818193 x  3  80003808
sm   0 warp 3 0x80000050 0xfbc60613 x 12  80003008
sm   1 warp 3 0x80000000 0x00004197 x  3  80004000
sm   1 warp 0 0x80000010 0x00002eb7 x 29  00002000
sm   1 warp 1 0x8000000c 0x0d0efed7 x 29  00000020
sm   1 warp 2 0x80000008 0x02000e93 x 29  00000020
sm   1 warp 3 0x80000004 0x80818193 x  3  80003808
sm   1 warp 0 0x80000014 0x300eaef3 x 29  00001800
sm   0 warp 3 0x80000054 0x00c50863 Jump? 1  80000064
sm   1 warp 1 0x80000010 0x00002eb7 x 29  00002000
sm   1 warp 2 0x8000000c 0x0d0efed7 x 29  00000020
sm   1 warp 0 0x80000018 0x00000e93 x 29  00000000
sm   1 warp 2 0x80000010 0x00002eb7 x 29  00002000
sm   1 warp 1 0x80000014 0x300eaef3 x 29  00001800
sm   0 warp 3 0x80000064 0x803022f3 x  5  90404000
sm   1 warp 0 0x8000001c 0x80502373 x  6  00000000
sm   1 warp 2 0x80000014 0x300eaef3 x 29  00001800
sm   1 warp 1 0x80000018 0x00000e93 x 29  00000000
sm   1 warp 0 0x80000020 0x806023f3 x  7  70000000
sm   1 warp 1 0x8000001c 0x80502373 x  6  00000001
sm   1 warp 2 0x80000018 0x00000e93 x 29  00000000
sm   1 warp 0 0x80000024 0x40000e13 x 28  00000400
sm   1 warp 1 0x80000020 0x806023f3 x  7  70000000
sm   1 warp 2 0x8000001c 0x80502373 x  6  00000002
sm   1 warp 3 0x80000008 0x02000e93 x 29  00000020
sm   1 warp 1 0x80000024 0x40000e13 x 28  00000400
sm   1 warp 2 0x80000020 0x806023f3 x  7  70000000
sm   1 warp 0 0x80000028 0x03c30333 x  6  00000000
sm   1 warp 3 0x8000000c 0x0d0efed7 x 29  00000020
sm   1 warp 2 0x80000024 0x40000e13 x 28  00000400
sm   1 warp 0 0x8000002c 0x00730133 x  2  70000000
sm   1 warp 3 0x80000010 0x00002eb7 x 29  00002000
sm   1 warp 1 0x80000028 0x03c30333 x  6  00000400
sm   1 warp 0 0x80000030 0x00000213 x  4  00000000
sm   1 warp 2 0x80000028 0x03c30333 x  6  00000800
sm   1 warp 3 0x80000014 0x300eaef3 x 29  00001800
sm   1 warp 1 0x8000002c 0x00730133 x  2  70000400
sm   1 warp 0 0x80000034 0x80102f73 x 30  00000004
sm   1 warp 2 0x8000002c 0x00730133 x  2  70000800
sm   1 warp 3 0x80000018 0x00000e93 x 29  00000000
sm   1 warp 0 0x80000038 0x40000e13 x 28  00000400
sm   1 warp 1 0x80000030 0x00000213 x  4  00000000
sm   1 warp 2 0x80000030 0x00000213 x  4  00000000
sm   1 warp 3 0x8000001c 0x80502373 x  6  00000003
sm   1 warp 1 0x80000034 0x80102f73 x 30  00000004
sm   1 warp 2 0x80000034 0x80102f73 x 30  00000004
sm   1 warp 3 0x80000020 0x806023f3 x  7  70000000
sm   1 warp 0 0x8000003c 0x03cf0f33 x 30  00001000
sm   1 warp 1 0x80000038 0x40000e13 x 28  00000400
sm   1 warp 2 0x80000038 0x40000e13 x 28  00000400
sm   1 warp 3 0x80000024 0x40000e13 x 28  00000400
sm   1 warp 0 0x80000040 0x01e38433 x  8  70001000
sm   1 warp 0 0x80000044 0x00003517 x 10  80003044
sm   1 warp 1 0x8000003c 0x03cf0f33 x 30  00001000
sm   1 warp 2 0x8000003c 0x03cf0f33 x 30  00001000
sm   1 warp 3 0x80000028 0x03c30333 x  6  00000c00
sm   1 warp 0 0x80000048 0xfc450513 x 10  80003008
sm   1 warp 1 0x80000040 0x01e38433 x  8  70001000
sm   1 warp 2 0x80000040 0x01e38433 x  8  70001000
sm   1 warp 3 0x8000002c 0x00730133 x  2  70000c00
sm   1 warp 0 0x8000004c 0x00003617 x 12  8000304c
sm   1 warp 1 0x80000044 0x00003517 x 10  80003044
sm   1 warp 2 0x80000044 0x00003517 x 10  80003044
sm   1 warp 3 0x80000030 0x00000213 x  4  00000000
sm   1 warp 0 0x80000050 0xfbc60613 x 12  80003008
sm   1 warp 1 0x80000048 0xfc450513 x 10  80003008
sm   1 warp 2 0x80000048 0xfc450513 x 10  80003008
sm   1 warp 3 0x80000034 0x80102f73 x 30  00000004
sm   1 warp 1 0x8000004c 0x00003617 x 12  8000304c
sm   1 warp 2 0x8000004c 0x00003617 x 12  8000304c
sm   1 warp 0 0x80000054 0x00c50863 Jump? 1  80000064
sm   1 warp 3 0x80000038 0x40000e13 x 28  00000400
sm   1 warp 1 0x80000050 0xfbc60613 x 12  80003008
sm   1 warp 2 0x80000050 0xfbc60613 x 12  80003008
sm   1 warp 1 0x80000054 0x00c50863 Jump? 1  80000064
sm   1 warp 3 0x8000003c 0x03cf0f33 x 30  00001000
sm   1 warp 2 0x80000054 0x00c50863 Jump? 1  80000064
sm   1 warp 0 0x80000064 0x803022f3 x  5  90404000
sm   1 warp 3 0x80000040 0x01e38433 x  8  70001000
sm   1 warp 0 0x80000068 0x0002a303 lsu.r x   6 op 0 @ 90404000+00000000
sm   1 warp 3 0x80000044 0x00003517 x 10  80003044
sm   1 warp 1 0x80000064 0x803022f3 x  5  90404000
sm   1 warp 2 0x80000064 0x803022f3 x  5  90404000
sm   1 warp 3 0x80000048 0xfc450513 x 10  80003008
sm   1 warp 3 0x8000004c 0x00003617 x 12  8000304c
sm   1 warp 3 0x80000050 0xfbc60613 x 12  80003008
sm   1 warp 3 0x80000054 0x00c50863 Jump? 1  80000064
sm   1 warp 3 0x80000064 0x803022f3 x  5  90404000
[L1C] #  19923 SM 1 CACHE 1 ADDR 90002280
sm   0 warp 0 0x8000006c 0x0042a503 lsu.r x  10 op 0 @ 90404000+00000004
sm   0 warp 0 0x80000070 0x0302a383 lsu.r x   7 op 0 @ 90404000+00000030
[L1C] #  19934 SM 0 CACHE 1 ADDR 9d0f7f80
sm   1 warp 3 0x80000108 0x0010607b lsu.w finish
[L1C] #  21985 SM 0 CACHE 1 ADDR 90404000
[L1C] #  21986 SM 1 CACHE 1 ADDR 90002280
[L1C] #  21998 SM 1 CACHE 1 ADDR 8ac57f80
sm   0 warp 0 0x80000068 0x0002a303 x  6  800000b8
sm   0 warp 2 0x80000068 0x0002a303 lsu.r x   6 op 0 @ 90404000+00000000
sm   0 warp 0 0x8000006c 0x0042a503 x 10  90003000
sm   0 warp 3 0x80000068 0x0002a303 lsu.r x   6 op 0 @ 90404000+00000000
sm   0 warp 0 0x80000070 0x0302a383 x  7  00000000
sm   0 warp 1 0x80000068 0x0002a303 lsu.r x   6 op 0 @ 90404000+00000000
sm   0 warp 0 0x80000078 0x00003e97 x 29  80003078
sm   0 warp 2 0x80000068 0x0002a303 x  6  800000b8
sm   0 warp 3 0x80000068 0x0002a303 x  6  800000b8
sm   0 warp 0 0x8000007c 0xf88e8e93 x 29  80003000
sm   0 warp 0 0x80000074 0x0342ae03 lsu.r x  28 op 0 @ 90404000+00000034
sm   0 warp 0 0x80000080 0x00003f17 x 30  80003080
sm   0 warp 2 0x8000006c 0x0042a503 lsu.r x  10 op 0 @ 90404000+00000004
sm   0 warp 1 0x80000068 0x0002a303 x  6  800000b8
sm   0 warp 3 0x8000006c 0x0042a503 lsu.r x  10 op 0 @ 90404000+00000004
sm   0 warp 0 0x80000084 0xf84f0f13 x 30  80003004
sm   0 warp 0 0x80000074 0x0342ae03 x 28  00000000
sm   0 warp 2 0x8000006c 0x0042a503 x 10  90003000
sm   0 warp 1 0x8000006c 0x0042a503 lsu.r x  10 op 0 @ 90404000+00000004
sm   0 warp 3 0x8000006c 0x0042a503 x 10  90003000
sm   0 warp 2 0x80000070 0x0302a383 lsu.r x   7 op 0 @ 90404000+00000030
sm   0 warp 1 0x8000006c 0x0042a503 x 10  90003000
sm   0 warp 3 0x80000070 0x0302a383 lsu.r x   7 op 0 @ 90404000+00000030
sm   0 warp 2 0x80000070 0x0302a383 x  7  00000000
sm   0 warp 0 0x80000088 0x007ea023 lsu.w x   7 op 0 00000000 @ 80003000+00000000
sm   0 warp 3 0x80000070 0x0302a383 x  7  00000000
sm   0 warp 1 0x80000070 0x0302a383 lsu.r x   7 op 0 @ 90404000+00000030
sm   0 warp 2 0x80000078 0x00003e97 x 29  80003078
sm   0 warp 0 0x80000088 0x007ea023 lsu.w finish
sm   0 warp 2 0x80000074 0x0342ae03 lsu.r x  28 op 0 @ 90404000+00000034
sm   0 warp 3 0x80000078 0x00003e97 x 29  80003078
sm   0 warp 2 0x8000007c 0xf88e8e93 x 29  80003000
sm   0 warp 3 0x80000074 0x0342ae03 lsu.r x  28 op 0 @ 90404000+00000034
sm   0 warp 2 0x80000080 0x00003f17 x 30  80003080
sm   0 warp 0 0x80000090 0x00000f97 x 31  80000090
sm   0 warp 3 0x8000007c 0xf88e8e93 x 29  80003000
sm   0 warp 0 0x8000008c 0x01cf2023 lsu.w x  28 op 0 00000000 @ 80003004+00000000
sm   0 warp 1 0x80000078 0x00003e97 x 29  80003078
sm   0 warp 3 0x80000080 0x00003f17 x 30  80003080
sm   0 warp 2 0x80000084 0xf84f0f13 x 30  80003004
sm   0 warp 1 0x80000074 0x0342ae03 lsu.r x  28 op 0 @ 90404000+00000034
sm   0 warp 0 0x80000094 0x018f8f93 x 31  800000a8
sm   0 warp 1 0x8000007c 0xf88e8e93 x 29  80003000
sm   0 warp 3 0x80000084 0xf84f0f13 x 30  80003004
sm   0 warp 1 0x80000080 0x00003f17 x 30  80003080
sm   0 warp 2 0x80000088 0x007ea023 lsu.w x   7 op 0 00000000 @ 80003000+00000000
sm   0 warp 0 0x80000098 0x305f9073 x  0  00000000
sm   0 warp 1 0x80000070 0x0302a383 x  7  00000000
sm   0 warp 2 0x80000074 0x0342ae03 x 28  00000000
sm   0 warp 3 0x80000074 0x0342ae03 x 28  00000000
sm   0 warp 0 0x8000009c 0x000300e7 x  1  800000a0
sm   0 warp 0 0x8000008c 0x01cf2023 lsu.w finish
sm   0 warp 1 0x80000084 0xf84f0f13 x 30  80003004
sm   0 warp 0 0x8000009c 0x000300e7 Jump? 1  800000b8
sm   0 warp 3 0x80000088 0x007ea023 lsu.w x   7 op 0 00000000 @ 80003000+00000000
sm   0 warp 1 0x80000074 0x0342ae03 x 28  00000000
sm   0 warp 2 0x80000090 0x00000f97 x 31  80000090
sm   0 warp 2 0x8000008c 0x01cf2023 lsu.w x  28 op 0 00000000 @ 80003004+00000000
sm   0 warp 3 0x80000090 0x00000f97 x 31  80000090
sm   0 warp 3 0x8000008c 0x01cf2023 lsu.w x  28 op 0 00000000 @ 80003004+00000000
sm   0 warp 2 0x80000094 0x018f8f93 x 31  800000a8
sm   0 warp 0 0x800000b8 0x01010113 x  2  70000010
sm   0 warp 1 0x80000088 0x007ea023 lsu.w x   7 op 0 00000000 @ 80003000+00000000
sm   0 warp 3 0x80000094 0x018f8f93 x 31  800000a8
sm   0 warp 1 0x80000090 0x00000f97 x 31  80000090
sm   0 warp 1 0x8000008c 0x01cf2023 lsu.w x  28 op 0 00000000 @ 80003004+00000000
sm   0 warp 2 0x80000098 0x305f9073 x  0  00000000
sm   0 warp 3 0x80000098 0x305f9073 x  0  00000000
sm   0 warp 0 0x800000bc 0xfe112823 lsu.w x   1 op 3 800000a0 @ 70000010+fffffff0
sm   0 warp 1 0x80000094 0x018f8f93 x 31  800000a8
sm   0 warp 2 0x8000009c 0x000300e7 x  1  800000a0
sm   0 warp 2 0x8000009c 0x000300e7 Jump? 1  800000b8
sm   0 warp 3 0x8000009c 0x000300e7 Jump? 1  800000b8
sm   0 warp 3 0x8000009c 0x000300e7 x  1  800000a0
sm   0 warp 0 0x800000c0 0x00852283 lsu.r x   5 op 0 @ 90003000+00000008
sm   0 warp 0 0x800000bc 0xfe112823 lsu.w finish
sm   0 warp 1 0x80000098 0x305f9073 x  0  00000000
sm   0 warp 1 0x8000009c 0x000300e7 x  1  800000a0
sm   0 warp 2 0x800000b8 0x01010113 x  2  70000810
sm   0 warp 1 0x8000009c 0x000300e7 Jump? 1  800000b8
sm   0 warp 2 0x800000bc 0xfe112823 lsu.w x   1 op 3 800000a0 @ 70000810+fffffff0
sm   0 warp 3 0x800000b8 0x01010113 x  2  70000c10
sm   0 warp 1 0x800000b8 0x01010113 x  2  70000410
sm   0 warp 2 0x800000bc 0xfe112823 lsu.w finish
sm   0 warp 2 0x800000c0 0x00852283 lsu.r x   5 op 0 @ 90003000+00000008
[L1C] #  24049 SM 0 CACHE 1 ADDR 80003000
[L1C] #  24050 SM 0 CACHE 1 ADDR 80003000
sm   1 warp 0 0x8000006c 0x0042a503 lsu.r x  10 op 0 @ 90404000+00000004
sm   1 warp 0 0x80000070 0x0302a383 lsu.r x   7 op 0 @ 90404000+00000030
[L1C] #  24062 SM 1 CACHE 1 ADDR 8ac57f80
sm   0 warp 2 0x80000088 0x007ea023 lsu.w finish
sm   0 warp 3 0x800000bc 0xfe112823 lsu.w x   1 op 3 800000a0 @ 70000c10+fffffff0
sm   0 warp 3 0x800000bc 0xfe112823 lsu.w finish
sm   0 warp 1 0x800000bc 0xfe112823 lsu.w x   1 op 3 800000a0 @ 70000410+fffffff0
sm   0 warp 1 0x800000bc 0xfe112823 lsu.w finish
sm   0 warp 3 0x800000c0 0x00852283 lsu.r x   5 op 0 @ 90003000+00000008
[L1C] #  26113 SM 1 CACHE 1 ADDR 90404000
[L1C] #  26114 SM 0 CACHE 1 ADDR 80003000
sm   1 warp 0 0x80000068 0x0002a303 x  6  800000b8
[L1C] #  26131 SM 0 CACHE 1 ADDR 80003000
sm   0 warp 3 0x80000088 0x007ea023 lsu.w finish
sm   1 warp 2 0x80000068 0x0002a303 lsu.r x   6 op 0 @ 90404000+00000000
sm   1 warp 0 0x8000006c 0x0042a503 x 10  90003000
sm   1 warp 3 0x80000068 0x0002a303 lsu.r x   6 op 0 @ 90404000+00000000
sm   1 warp 0 0x80000070 0x0302a383 x  7  00000000
sm   1 warp 1 0x80000068 0x0002a303 lsu.r x   6 op 0 @ 90404000+00000000
sm   1 warp 0 0x80000078 0x00003e97 x 29  80003078
sm   1 warp 3 0x80000068 0x0002a303 x  6  800000b8
sm   1 warp 2 0x80000068 0x0002a303 x  6  800000b8
sm   1 warp 0 0x8000007c 0xf88e8e93 x 29  80003000
sm   1 warp 0 0x80000074 0x0342ae03 lsu.r x  28 op 0 @ 90404000+00000034
[L1C] #  26147 SM 0 CACHE 1 ADDR 80003000
sm   0 warp 2 0x8000008c 0x01cf2023 lsu.w finish
sm   1 warp 0 0x80000080 0x00003f17 x 30  80003080
sm   1 warp 2 0x8000006c 0x0042a503 lsu.r x  10 op 0 @ 90404000+00000004
sm   1 warp 1 0x80000068 0x0002a303 x  6  800000b8
sm   1 warp 3 0x8000006c 0x0042a503 lsu.r x  10 op 0 @ 90404000+00000004
sm   1 warp 0 0x80000084 0xf84f0f13 x 30  80003004
sm   1 warp 0 0x80000074 0x0342ae03 x 28  00000000
sm   1 warp 2 0x8000006c 0x0042a503 x 10  90003000
sm   1 warp 1 0x8000006c 0x0042a503 lsu.r x  10 op 0 @ 90404000+00000004
sm   1 warp 3 0x8000006c 0x0042a503 x 10  90003000
sm   1 warp 2 0x80000070 0x0302a383 lsu.r x   7 op 0 @ 90404000+00000030
[L1C] #  26163 SM 0 CACHE 1 ADDR 80003000
sm   0 warp 3 0x8000008c 0x01cf2023 lsu.w finish
sm   1 warp 1 0x8000006c 0x0042a503 x 10  90003000
sm   1 warp 3 0x80000070 0x0302a383 lsu.r x   7 op 0 @ 90404000+00000030
sm   1 warp 2 0x80000070 0x0302a383 x  7  00000000
sm   1 warp 0 0x80000088 0x007ea023 lsu.w x   7 op 0 00000000 @ 80003000+00000000
sm   1 warp 3 0x80000070 0x0302a383 x  7  00000000
sm   1 warp 1 0x80000070 0x0302a383 lsu.r x   7 op 0 @ 90404000+00000030
[L1C] #  26175 SM 1 CACHE 1 ADDR 80003000
sm   1 warp 2 0x80000078 0x00003e97 x 29  80003078
sm   1 warp 0 0x80000088 0x007ea023 lsu.w finish
sm   1 warp 2 0x80000074 0x0342ae03 lsu.r x  28 op 0 @ 90404000+00000034
[L1C] #  26179 SM 0 CACHE 1 ADDR 80003000
sm   1 warp 3 0x80000078 0x00003e97 x 29  80003078
sm   0 warp 1 0x80000088 0x007ea023 lsu.w finish
sm   1 warp 2 0x8000007c 0xf88e8e93 x 29  80003000
sm   1 warp 3 0x80000074 0x0342ae03 lsu.r x  28 op 0 @ 90404000+00000034
sm   1 warp 2 0x80000080 0x00003f17 x 30  80003080
sm   1 warp 0 0x80000090 0x00000f97 x 31  80000090
sm   1 warp 3 0x8000007c 0xf88e8e93 x 29  80003000
sm   1 warp 0 0x8000008c 0x01cf2023 lsu.w x  28 op 0 00000000 @ 80003004+00000000
sm   1 warp 1 0x80000078 0x00003e97 x 29  80003078
sm   1 warp 3 0x80000080 0x00003f17 x 30  80003080
sm   1 warp 2 0x80000084 0xf84f0f13 x 30  80003004
sm   1 warp 1 0x80000074 0x0342ae03 lsu.r x  28 op 0 @ 90404000+00000034
[L1C] #  26190 SM 1 CACHE 1 ADDR 80003000
sm   1 warp 0 0x80000094 0x018f8f93 x 31  800000a8
sm   1 warp 1 0x8000007c 0xf88e8e93 x 29  80003000
[L1C] #  26193 SM 0 CACHE 1 ADDR 80003000
sm   1 warp 3 0x80000084 0xf84f0f13 x 30  80003004
sm   0 warp 1 0x8000008c 0x01cf2023 lsu.w finish
sm   1 warp 1 0x80000080 0x00003f17 x 30  80003080
sm   1 warp 2 0x80000088 0x007ea023 lsu.w x   7 op 0 00000000 @ 80003000+00000000
sm   1 warp 0 0x80000098 0x305f9073 x  0  00000000
sm   1 warp 1 0x80000070 0x0302a383 x  7  00000000
sm   1 warp 2 0x80000074 0x0342ae03 x 28  00000000
sm   1 warp 3 0x80000074 0x0342ae03 x 28  00000000
sm   1 warp 0 0x8000009c 0x000300e7 x  1  800000a0
sm   1 warp 0 0x8000008c 0x01cf2023 lsu.w finish
sm   1 warp 1 0x80000084 0xf84f0f13 x 30  80003004
sm   1 warp 0 0x8000009c 0x000300e7 Jump? 1  800000b8
sm   1 warp 3 0x80000088 0x007ea023 lsu.w x   7 op 0 00000000 @ 80003000+00000000
sm   1 warp 1 0x80000074 0x0342ae03 x 28  00000000
sm   1 warp 2 0x80000090 0x00000f97 x 31  80000090
sm   1 warp 2 0x8000008c 0x01cf2023 lsu.w x  28 op 0 00000000 @ 80003004+00000000
[L1C] #  26206 SM 1 CACHE 1 ADDR 80003000
sm   1 warp 3 0x80000090 0x00000f97 x 31  80000090
sm   1 warp 2 0x80000088 0x007ea023 lsu.w finish
[L1C] #  26208 SM 0 CACHE 1 ADDR 90003000
sm   1 warp 3 0x8000008c 0x01cf2023 lsu.w x  28 op 0 00000000 @ 80003004+00000000
sm   1 warp 2 0x80000094 0x018f8f93 x 31  800000a8
sm   1 warp 0 0x800000b8 0x01010113 x  2  70000010
sm   1 warp 3 0x80000094 0x018f8f93 x 31  800000a8
sm   1 warp 1 0x80000088 0x007ea023 lsu.w x   7 op 0 00000000 @ 80003000+00000000
sm   1 warp 1 0x80000090 0x00000f97 x 31  80000090
sm   1 warp 2 0x80000098 0x305f9073 x  0  00000000
sm   1 warp 1 0x8000008c 0x01cf2023 lsu.w x  28 op 0 00000000 @ 80003004+00000000
sm   1 warp 3 0x80000098 0x305f9073 x  0  00000000
sm   1 warp 0 0x800000bc 0xfe112823 lsu.w x   1 op 3 800000a0 @ 70000010+fffffff0
sm   1 warp 1 0x80000094 0x018f8f93 x 31  800000a8
sm   1 warp 2 0x8000009c 0x000300e7 x  1  800000a0
sm   1 warp 2 0x8000009c 0x000300e7 Jump? 1  800000b8
sm   1 warp 3 0x8000009c 0x000300e7 x  1  800000a0
sm   1 warp 0 0x800000c0 0x00852283 lsu.r x   5 op 0 @ 90003000+00000008
sm   1 warp 3 0x8000009c 0x000300e7 Jump? 1  800000b8
[L1C] #  26222 SM 1 CACHE 1 ADDR 80003000
sm   1 warp 3 0x80000088 0x007ea023 lsu.w finish
sm   1 warp 1 0x80000098 0x305f9073 x  0  00000000
sm   0 warp 0 0x800000c0 0x00852283 x  5  90002000
sm   1 warp 0 0x800000bc 0xfe112823 lsu.w finish
sm   1 warp 1 0x8000009c 0x000300e7 x  1  800000a0
sm   0 warp 1 0x800000c0 0x00852283 lsu.r x   5 op 0 @ 90003000+00000008
sm   1 warp 2 0x800000b8 0x01010113 x  2  70000810
sm   1 warp 1 0x8000009c 0x000300e7 Jump? 1  800000b8
sm   0 warp 2 0x800000c0 0x00852283 x  5  90002000
sm   0 warp 0 0x800000c4 0xfe512e23 lsu.w x   5 op 3 90002000 @ 70000010+fffffffc
sm   0 warp 3 0x800000c0 0x00852283 x  5  90002000
sm   1 warp 2 0x800000bc 0xfe112823 lsu.w x   1 op 3 800000a0 @ 70000810+fffffff0
sm   1 warp 3 0x800000b8 0x01010113 x  2  70000c10
sm   0 warp 2 0x800000c4 0xfe512e23 lsu.w x   5 op 3 90002000 @ 70000810+fffffffc
sm   0 warp 1 0x800000c0 0x00852283 x  5  90002000
sm   1 warp 1 0x800000b8 0x01010113 x  2  70000410
[L1C] #  26238 SM 1 CACHE 1 ADDR 80003000
sm   1 warp 2 0x8000008c 0x01cf2023 lsu.w finish
sm   0 warp 0 0x800000c8 0x00452283 lsu.r x   5 op 0 @ 90003000+00000004
sm   1 warp 2 0x800000c0 0x00852283 lsu.r x   5 op 0 @ 90003000+00000008
sm   0 warp 0 0x800000c4 0xfe512e23 lsu.w finish
sm   1 warp 2 0x800000bc 0xfe112823 lsu.w finish
sm   0 warp 2 0x800000c8 0x00452283 lsu.r x   5 op 0 @ 90003000+00000004
sm   1 warp 3 0x800000bc 0xfe112823 lsu.w x   1 op 3 800000a0 @ 70000c10+fffffff0
sm   0 warp 0 0x800000c8 0x00452283 x  5  90001000
sm   0 warp 3 0x800000c4 0xfe512e23 lsu.w x   5 op 3 90002000 @ 70000c10+fffffffc
sm   1 warp 1 0x800000bc 0xfe112823 lsu.w x   1 op 3 800000a0 @ 70000410+fffffff0
sm   0 warp 2 0x800000c8 0x00452283 x  5  90001000
sm   1 warp 3 0x800000bc 0xfe112823 lsu.w finish
sm   0 warp 1 0x800000c4 0xfe512e23 lsu.w x   5 op 3 90002000 @ 70000410+fffffffc
sm   1 warp 3 0x800000c0 0x00852283 lsu.r x   5 op 0 @ 90003000+00000008
sm   0 warp 2 0x800000c4 0xfe512e23 lsu.w finish
sm   1 warp 1 0x800000bc 0xfe112823 lsu.w finish
[L1C] #  26254 SM 1 CACHE 1 ADDR 80003000
sm   0 warp 3 0x800000c8 0x00452283 lsu.r x   5 op 0 @ 90003000+00000004
sm   1 warp 3 0x8000008c 0x01cf2023 lsu.w finish
sm   0 warp 3 0x800000c4 0xfe512e23 lsu.w finish
sm   0 warp 1 0x800000c8 0x00452283 lsu.r x   5 op 0 @ 90003000+00000004
sm   0 warp 3 0x800000c8 0x00452283 x  5  90001000
sm   0 warp 0 0x800000cc 0xfe512c23 lsu.w x   5 op 3 90001000 @ 70000010+fffffff8
sm   0 warp 1 0x800000c8 0x00452283 x  5  90001000
sm   0 warp 2 0x800000cc 0xfe512c23 lsu.w x   5 op 3 90001000 @ 70000810+fffffff8
sm   0 warp 1 0x800000c4 0xfe512e23 lsu.w finish
[L1C] #  26270 SM 1 CACHE 1 ADDR 80003000
sm   1 warp 1 0x80000088 0x007ea023 lsu.w finish
sm   0 warp 0 0x800000d0 0x00052283 lsu.r x   5 op 0 @ 90003000+00000000
sm   0 warp 0 0x800000cc 0xfe512c23 lsu.w finish
sm   0 warp 2 0x800000d0 0x00052283 lsu.r x   5 op 0 @ 90003000+00000000
sm   0 warp 0 0x800000d0 0x00052283 x  5  90000000
sm   0 warp 3 0x800000cc 0xfe512c23 lsu.w x   5 op 3 90001000 @ 70000c10+fffffff8
sm   0 warp 2 0x800000d0 0x00052283 x  5  90000000
sm   0 warp 1 0x800000cc 0xfe512c23 lsu.w x   5 op 3 90001000 @ 70000410+fffffff8
sm   0 warp 2 0x800000cc 0xfe512c23 lsu.w finish
[L1C] #  26286 SM 1 CACHE 1 ADDR 80003000
sm   1 warp 1 0x8000008c 0x01cf2023 lsu.w finish
sm   0 warp 3 0x800000d0 0x00052283 lsu.r x   5 op 0 @ 90003000+00000000
sm   0 warp 3 0x800000cc 0xfe512c23 lsu.w finish
sm   0 warp 1 0x800000d0 0x00052283 lsu.r x   5 op 0 @ 90003000+00000000
sm   0 warp 3 0x800000d0 0x00052283 x  5  90000000
sm   0 warp 0 0x800000d4 0xfe512a23 lsu.w x   5 op 3 90000000 @ 70000010+fffffff4
sm   0 warp 0 0x800000d8 0x5e004057 v  0 11111111111111111111111111111111 00000000 00000000 00000000 00000000 00000000 00000000 00000000 00000000 00000000 00000000 00000000 00000000 00000000 00000000 00000000 00000000 00000000 00000000 00000000 00000000 00000000 00000000 00000000 00000000 00000000 00000000 00000000 00000000 00000000 00000000 00000000 00000000 
sm   0 warp 0 0x800000dc 0x03c000ef x  1  800000e0
sm   0 warp 0 0x800000dc 0x03c000ef Jump? 1  80000118
sm   0 warp 2 0x800000d4 0xfe512a23 lsu.w x   5 op 3 90000000 @ 70000810+fffffff4
sm   0 warp 2 0x800000d8 0x5e004057 v  0 11111111111111111111111111111111 00000000 00000000 00000000 00000000 00000000 00000000 00000000 00000000 00000000 00000000 00000000 00000000 00000000 00000000 00000000 00000000 00000000 00000000 00000000 00000000 00000000 00000000 00000000 00000000 00000000 00000000 00000000 00000000 00000000 00000000 00000000 00000000 
sm   0 warp 2 0x800000dc 0x03c000ef x  1  800000e0
sm   0 warp 2 0x800000dc 0x03c000ef Jump? 1  80000118
sm   0 warp 3 0x800000d4 0xfe512a23 lsu.w x   5 op 3 90000000 @ 70000c10+fffffff4
[L1C] #  26302 SM 1 CACHE 1 ADDR 90003000
sm   0 warp 3 0x800000d8 0x5e004057 v  0 11111111111111111111111111111111 00000000 00000000 00000000 00000000 00000000 00000000 00000000 00000000 00000000 00000000 00000000 00000000 00000000 00000000 00000000 00000000 00000000 00000000 00000000 00000000 00000000 00000000 00000000 00000000 00000000 00000000 00000000 00000000 00000000 00000000 00000000 00000000 
sm   0 warp 0 0x800000d4 0xfe512a23 lsu.w finish
sm   0 warp 1 0x800000d0 0x00052283 x  5  90000000
sm   0 warp 3 0x800000dc 0x03c000ef x  1  800000e0
sm   0 warp 3 0x800000dc 0x03c000ef Jump? 1  80000118
sm   0 warp 1 0x800000cc 0xfe512c23 lsu.w finish
sm   0 warp 0 0x80000118 0x00410113 x  2  70000014
sm   0 warp 2 0x800000d4 0xfe512a23 lsu.w finish
sm   1 warp 0 0x800000c0 0x00852283 x  5  90002000
sm   0 warp 1 0x800000d4 0xfe512a23 lsu.w x   5 op 3 90000000 @ 70000410+fffffff4
sm   0 warp 2 0x80000118 0x00410113 x  2  70000814
sm   1 warp 1 0x800000c0 0x00852283 lsu.r x   5 op 0 @ 90003000+00000008
sm   0 warp 3 0x800000d4 0xfe512a23 lsu.w finish
sm   0 warp 1 0x800000d8 0x5e004057 v  0 11111111111111111111111111111111 00000000 00000000 00000000 00000000 00000000 00000000 00000000 00000000 00000000 00000000 00000000 00000000 00000000 00000000 00000000 00000000 00000000 00000000 00000000 00000000 00000000 00000000 00000000 00000000 00000000 00000000 00000000 00000000 00000000 00000000 00000000 00000000 
sm   1 warp 2 0x800000c0 0x00852283 x  5  90002000
sm   0 warp 0 0x8000011c 0xfe112e23 lsu.w x   1 op 3 800000e0 @ 70000014+fffffffc
sm   0 warp 1 0x800000dc 0x03c000ef x  1  800000e0
sm   0 warp 1 0x800000dc 0x03c000ef Jump? 1  80000118
sm   0 warp 0 0x80000120 0x00200293 x  5  00000002
sm   1 warp 0 0x800000c4 0xfe512e23 lsu.w x   5 op 3 90002000 @ 70000010+fffffffc
sm   0 warp 1 0x800000d4 0xfe512a23 lsu.w finish
sm   1 warp 3 0x800000c0 0x00852283 x  5  90002000
sm   0 warp 2 0x8000011c 0xfe112e23 lsu.w x   1 op 3 800000e0 @ 70000814+fffffffc
sm   0 warp 3 0x80000118 0x00410113 x  2  70000c14
sm   0 warp 2 0x80000120 0x00200293 x  5  00000002
sm   1 warp 2 0x800000c4 0xfe512e23 lsu.w x   5 op 3 90002000 @ 70000810+fffffffc
sm   0 warp 0 0x8000011c 0xfe112e23 lsu.w finish
sm   0 warp 0 0x80000124 0x5e02c0d7 v  1 11111111111111111111111111111111 00000002 00000002 00000002 00000002 00000002 00000002 00000002 00000002 00000002 00000002 00000002 00000002 00000002 00000002 00000002 00000002 00000002 00000002 00000002 00000002 00000002 00000002 00000002 00000002 00000002 00000002 00000002 00000002 00000002 00000002 00000002 00000002 
sm   1 warp 1 0x800000c0 0x00852283 x  5  90002000
sm   0 warp 0 0x80000128 0x00000317 x  6  80000128
sm   0 warp 2 0x8000011c 0xfe112e23 lsu.w finish
sm   0 warp 1 0x80000118 0x00410113 x  2  70000414
sm   1 warp 0 0x800000c8 0x00452283 lsu.r x   5 op 0 @ 90003000+00000004
sm   0 warp 3 0x8000011c 0xfe112e23 lsu.w x   1 op 3 800000e0 @ 70000c14+fffffffc
sm   0 warp 2 0x80000124 0x5e02c0d7 v  1 11111111111111111111111111111111 00000002 00000002 00000002 00000002 00000002 00000002 00000002 00000002 00000002 00000002 00000002 00000002 00000002 00000002 00000002 00000002 00000002 00000002 00000002 00000002 00000002 00000002 00000002 00000002 00000002 00000002 00000002 00000002 00000002 00000002 00000002 00000002 
sm   1 warp 0 0x800000c4 0xfe512e23 lsu.w finish
sm   0 warp 2 0x80000128 0x00000317 x  6  80000128
sm   1 warp 2 0x800000c8 0x00452283 lsu.r x   5 op 0 @ 90003000+00000004
sm   0 warp 3 0x80000120 0x00200293 x  5  00000002
sm 0 warp 0 0x8000012c 0x04c3305b  setrpc 0x80000174 
sm   0 warp 0 0x8000012c 0x04c3305b x  0  80000174
sm   1 warp 0 0x800000c8 0x00452283 x  5  90001000
sm   0 warp 3 0x8000011c 0xfe112e23 lsu.w finish
sm   0 warp 1 0x8000011c 0xfe112e23 lsu.w x   1 op 3 800000e0 @ 70000414+fffffffc
sm   1 warp 3 0x800000c4 0xfe512e23 lsu.w x   5 op 3 90002000 @ 70000c10+fffffffc
sm   0 warp 1 0x80000120 0x00200293 x  5  00000002
sm   0 warp 3 0x80000124 0x5e02c0d7 v  1 11111111111111111111111111111111 00000002 00000002 00000002 00000002 00000002 00000002 00000002 00000002 00000002 00000002 00000002 00000002 00000002 00000002 00000002 00000002 00000002 00000002 00000002 00000002 00000002 00000002 00000002 00000002 00000002 00000002 00000002 00000002 00000002 00000002 00000002 00000002 
sm   1 warp 2 0x800000c8 0x00452283 x  5  90001000
sm 0 warp 2 0x8000012c 0x04c3305b  setrpc 0x80000174 
sm   0 warp 2 0x8000012c 0x04c3305b x  0  80000174
sm   0 warp 0 0x80000130 0x0200885b vbranch     current mask and npc:   11111111111111111111111111111111 0x80000134, take_if=1, if_mask = 11111111111111111111111111111111
sm   1 warp 1 0x800000c4 0xfe512e23 lsu.w x   5 op 3 90002000 @ 70000410+fffffffc
sm   0 warp 1 0x8000011c 0xfe112e23 lsu.w finish
sm   0 warp 1 0x80000124 0x5e02c0d7 v  1 11111111111111111111111111111111 00000002 00000002 00000002 00000002 00000002 00000002 00000002 00000002 00000002 00000002 00000002 00000002 00000002 00000002 00000002 00000002 00000002 00000002 00000002 00000002 00000002 00000002 00000002 00000002 00000002 00000002 00000002 00000002 00000002 00000002 00000002 00000002 
sm   1 warp 2 0x800000c4 0xfe512e23 lsu.w finish
sm   0 warp 2 0x80000130 0x0200885b vbranch     current mask and npc:   11111111111111111111111111111111 0x80000134, take_if=1, if_mask = 11111111111111111111111111111111
sm   0 warp 1 0x80000128 0x00000317 x  6  80000128
sm   1 warp 3 0x800000c8 0x00452283 lsu.r x   5 op 0 @ 90003000+00000004
sm   0 warp 0 0x80000134 0x00100293 x  5  00000001
sm   1 warp 3 0x800000c4 0xfe512e23 lsu.w finish
sm   0 warp 2 0x80000134 0x00100293 x  5  00000001
sm   1 warp 1 0x800000c8 0x00452283 lsu.r x   5 op 0 @ 90003000+00000004
sm 0 warp 1 0x8000012c 0x04c3305b  setrpc 0x80000174 
sm   0 warp 1 0x8000012c 0x04c3305b x  0  80000174
sm   0 warp 3 0x80000128 0x00000317 x  6  80000128
sm   0 warp 0 0x80000138 0x5e02c0d7 v  1 11111111111111111111111111111111 00000001 00000001 00000001 00000001 00000001 00000001 00000001 00000001 00000001 00000001 00000001 00000001 00000001 00000001 00000001 00000001 00000001 00000001 00000001 00000001 00000001 00000001 00000001 00000001 00000001 00000001 00000001 00000001 00000001 00000001 00000001 00000001 
sm   1 warp 3 0x800000c8 0x00452283 x  5  90001000
sm   0 warp 0 0x8000013c 0x00000317 x  6  8000013c
sm   1 warp 0 0x800000cc 0xfe512c23 lsu.w x   5 op 3 90001000 @ 70000010+fffffff8
sm   0 warp 1 0x80000130 0x0200885b vbranch     current mask and npc:   11111111111111111111111111111111 0x80000134, take_if=1, if_mask = 11111111111111111111111111111111
sm   0 warp 2 0x80000138 0x5e02c0d7 v  1 11111111111111111111111111111111 00000001 00000001 00000001 00000001 00000001 00000001 00000001 00000001 00000001 00000001 00000001 00000001 00000001 00000001 00000001 00000001 00000001 00000001 00000001 00000001 00000001 00000001 00000001 00000001 00000001 00000001 00000001 00000001 00000001 00000001 00000001 00000001 
sm   1 warp 1 0x800000c8 0x00452283 x  5  90001000
sm 0 warp 3 0x8000012c 0x04c3305b  setrpc 0x80000174 
sm   0 warp 3 0x8000012c 0x04c3305b x  0  80000174
sm   1 warp 2 0x800000cc 0xfe512c23 lsu.w x   5 op 3 90001000 @ 70000810+fffffff8
sm 0 warp 0 0x80000140 0x0383305b  setrpc 0x80000174 
sm   0 warp 0 0x80000140 0x0383305b x  0  80000174
sm   0 warp 2 0x8000013c 0x00000317 x  6  8000013c
sm   1 warp 1 0x800000c4 0xfe512e23 lsu.w finish
sm   0 warp 1 0x80000134 0x00100293 x  5  00000001
sm   1 warp 0 0x800000d0 0x00052283 lsu.r x   5 op 0 @ 90003000+00000000
sm   0 warp 3 0x80000130 0x0200885b vbranch     current mask and npc:   11111111111111111111111111111111 0x80000134, take_if=1, if_mask = 11111111111111111111111111111111
sm 0 warp 2 0x80000140 0x0383305b  setrpc 0x80000174 
sm   1 warp 0 0x800000cc 0xfe512c23 lsu.w finish
sm   0 warp 2 0x80000140 0x0383305b x  0  80000174
sm   0 warp 0 0x80000144 0x0200825b vbranch     current mask and npc:   11111111111111111111111111111111 0x80000148, take_if=1, if_mask = 11111111111111111111111111111111
sm   1 warp 2 0x800000d0 0x00052283 lsu.r x   5 op 0 @ 90003000+00000000
sm   0 warp 1 0x80000138 0x5e02c0d7 v  1 11111111111111111111111111111111 00000001 00000001 00000001 00000001 00000001 00000001 00000001 00000001 00000001 00000001 00000001 00000001 00000001 00000001 00000001 00000001 00000001 00000001 00000001 00000001 00000001 00000001 00000001 00000001 00000001 00000001 00000001 00000001 00000001 00000001 00000001 00000001 
sm   0 warp 3 0x80000134 0x00100293 x  5  00000001
sm   1 warp 0 0x800000d0 0x00052283 x  5  90000000
sm   0 warp 1 0x8000013c 0x00000317 x  6  8000013c
sm   0 warp 2 0x80000144 0x0200825b vbranch     current mask and npc:   11111111111111111111111111111111 0x80000148, take_if=1, if_mask = 11111111111111111111111111111111
sm   1 warp 3 0x800000cc 0xfe512c23 lsu.w x   5 op 3 90001000 @ 70000c10+fffffff8
sm   0 warp 0 0x80000148 0x5e0040d7 v  1 11111111111111111111111111111111 00000000 00000000 00000000 00000000 00000000 00000000 00000000 00000000 00000000 00000000 00000000 00000000 00000000 00000000 00000000 00000000 00000000 00000000 00000000 00000000 00000000 00000000 00000000 00000000 00000000 00000000 00000000 00000000 00000000 00000000 00000000 00000000 
sm   0 warp 0 0x8000014c 0x00000317 x  6  8000014c
sm   1 warp 2 0x800000d0 0x00052283 x  5  90000000
sm   0 warp 3 0x80000138 0x5e02c0d7 v  1 11111111111111111111111111111111 00000001 00000001 00000001 00000001 00000001 00000001 00000001 00000001 00000001 00000001 00000001 00000001 00000001 00000001 00000001 00000001 00000001 00000001 00000001 00000001 00000001 00000001 00000001 00000001 00000001 00000001 00000001 00000001 00000001 00000001 00000001 00000001 
sm   0 warp 2 0x80000148 0x5e0040d7 v  1 11111111111111111111111111111111 00000000 00000000 00000000 00000000 00000000 00000000 00000000 00000000 00000000 00000000 00000000 00000000 00000000 00000000 00000000 00000000 00000000 00000000 00000000 00000000 00000000 00000000 00000000 00000000 00000000 00000000 00000000 00000000 00000000 00000000 00000000 00000000 
sm   1 warp 1 0x800000cc 0xfe512c23 lsu.w x   5 op 3 90001000 @ 70000410+fffffff8
sm 0 warp 1 0x80000140 0x0383305b  setrpc 0x80000174 
sm   0 warp 1 0x80000140 0x0383305b x  0  80000174
sm   0 warp 3 0x8000013c 0x00000317 x  6  8000013c
sm   1 warp 2 0x800000cc 0xfe512c23 lsu.w finish
sm   0 warp 2 0x8000014c 0x00000317 x  6  8000014c
sm 0 warp 0 0x80000150 0x0283305b  setrpc 0x80000174 
sm   0 warp 0 0x80000150 0x0283305b x  0  80000174
sm   1 warp 3 0x800000d0 0x00052283 lsu.r x   5 op 0 @ 90003000+00000000
sm   0 warp 1 0x80000144 0x0200825b vbranch     current mask and npc:   11111111111111111111111111111111 0x80000148, take_if=1, if_mask = 11111111111111111111111111111111
sm 0 warp 3 0x80000140 0x0383305b  setrpc 0x80000174 
sm   1 warp 3 0x800000cc 0xfe512c23 lsu.w finish
sm   0 warp 3 0x80000140 0x0383305b x  0  80000174
sm 0 warp 2 0x80000150 0x0283305b  setrpc 0x80000174 
sm   0 warp 2 0x80000150 0x0283305b x  0  80000174
sm   0 warp 0 0x80000154 0x00009e5b vbranch     current mask and npc:   11111111111111111111111111111111 0x80000158, take_if=1, if_mask = 11111111111111111111111111111111
sm   1 warp 1 0x800000d0 0x00052283 lsu.r x   5 op 0 @ 90003000+00000000
sm   0 warp 1 0x80000148 0x5e0040d7 v  1 11111111111111111111111111111111 00000000 00000000 00000000 00000000 00000000 00000000 00000000 00000000 00000000 00000000 00000000 00000000 00000000 00000000 00000000 00000000 00000000 00000000 00000000 00000000 00000000 00000000 00000000 00000000 00000000 00000000 00000000 00000000 00000000 00000000 00000000 00000000 
sm   1 warp 3 0x800000d0 0x00052283 x  5  90000000
sm   0 warp 0 0x80000158 0x1a0000ef x  1  8000015c
sm   0 warp 0 0x80000158 0x1a0000ef Jump? 1  800002f8
sm   0 warp 3 0x80000144 0x0200825b vbranch     current mask and npc:   11111111111111111111111111111111 0x80000148, take_if=1, if_mask = 11111111111111111111111111111111
sm   0 warp 1 0x8000014c 0x00000317 x  6  8000014c
sm   1 warp 0 0x800000d4 0xfe512a23 lsu.w x   5 op 3 90000000 @ 70000010+fffffff4
sm   1 warp 0 0x800000d8 0x5e004057 v  0 11111111111111111111111111111111 00000000 00000000 00000000 00000000 00000000 00000000 00000000 00000000 00000000 00000000 00000000 00000000 00000000 00000000 00000000 00000000 00000000 00000000 00000000 00000000 00000000 00000000 00000000 00000000 00000000 00000000 00000000 00000000 00000000 00000000 00000000 00000000 
sm   0 warp 2 0x80000154 0x00009e5b vbranch     current mask and npc:   11111111111111111111111111111111 0x80000158, take_if=1, if_mask = 11111111111111111111111111111111
sm   1 warp 0 0x800000dc 0x03c000ef x  1  800000e0
sm   1 warp 0 0x800000dc 0x03c000ef Jump? 1  80000118
sm   1 warp 2 0x800000d4 0xfe512a23 lsu.w x   5 op 3 90000000 @ 70000810+fffffff4
sm   1 warp 2 0x800000d8 0x5e004057 v  0 11111111111111111111111111111111 00000000 00000000 00000000 00000000 00000000 00000000 00000000 00000000 00000000 00000000 00000000 00000000 00000000 00000000 00000000 00000000 00000000 00000000 00000000 00000000 00000000 00000000 00000000 00000000 00000000 00000000 00000000 00000000 00000000 00000000 00000000 00000000 
sm   0 warp 2 0x80000158 0x1a0000ef x  1  8000015c
sm   0 warp 2 0x80000158 0x1a0000ef Jump? 1  800002f8
sm   0 warp 3 0x80000148 0x5e0040d7 v  1 11111111111111111111111111111111 00000000 00000000 00000000 00000000 00000000 00000000 00000000 00000000 00000000 00000000 00000000 00000000 00000000 00000000 00000000 00000000 00000000 00000000 00000000 00000000 00000000 00000000 00000000 00000000 00000000 00000000 00000000 00000000 00000000 00000000 00000000 00000000 
sm 0 warp 1 0x80000150 0x0283305b  setrpc 0x80000174 
sm   0 warp 1 0x80000150 0x0283305b x  0  80000174
sm   1 warp 2 0x800000dc 0x03c000ef x  1  800000e0
sm   1 warp 2 0x800000dc 0x03c000ef Jump? 1  80000118
sm   1 warp 1 0x800000cc 0xfe512c23 lsu.w finish
sm   0 warp 3 0x8000014c 0x00000317 x  6  8000014c
sm   1 warp 1 0x800000d0 0x00052283 x  5  90000000
sm   1 warp 3 0x800000d4 0xfe512a23 lsu.w x   5 op 3 90000000 @ 70000c10+fffffff4
sm   1 warp 3 0x800000d8 0x5e004057 v  0 11111111111111111111111111111111 00000000 00000000 00000000 00000000 00000000 00000000 00000000 00000000 00000000 00000000 00000000 00000000 00000000 00000000 00000000 00000000 00000000 00000000 00000000 00000000 00000000 00000000 00000000 00000000 00000000 00000000 00000000 00000000 00000000 00000000 00000000 00000000 
sm   0 warp 0 0x800002f8 0x00410113 x  2  70000018
sm   0 warp 1 0x80000154 0x00009e5b vbranch     current mask and npc:   11111111111111111111111111111111 0x80000158, take_if=1, if_mask = 11111111111111111111111111111111
sm   1 warp 3 0x800000dc 0x03c000ef x  1  800000e0
sm 0 warp 3 0x80000150 0x0283305b  setrpc 0x80000174 
sm   1 warp 3 0x800000dc 0x03c000ef Jump? 1  80000118
sm   1 warp 0 0x800000d4 0xfe512a23 lsu.w finish
sm   0 warp 3 0x80000150 0x0283305b x  0  80000174
sm   0 warp 1 0x80000158 0x1a0000ef x  1  8000015c
sm   0 warp 1 0x80000158 0x1a0000ef Jump? 1  800002f8
sm   1 warp 0 0x80000118 0x00410113 x  2  70000014
sm   1 warp 1 0x800000d4 0xfe512a23 lsu.w x   5 op 3 90000000 @ 70000410+fffffff4
sm   0 warp 2 0x800002f8 0x00410113 x  2  70000818
sm   1 warp 2 0x800000d4 0xfe512a23 lsu.w finish
sm   0 warp 3 0x80000154 0x00009e5b vbranch     current mask and npc:   11111111111111111111111111111111 0x80000158, take_if=1, if_mask = 11111111111111111111111111111111
sm   1 warp 1 0x800000d8 0x5e004057 v  0 11111111111111111111111111111111 00000000 00000000 00000000 00000000 00000000 00000000 00000000 00000000 00000000 00000000 00000000 00000000 00000000 00000000 00000000 00000000 00000000 00000000 00000000 00000000 00000000 00000000 00000000 00000000 00000000 00000000 00000000 00000000 00000000 00000000 00000000 00000000 
sm   0 warp 0 0x800002fc 0xfe112e23 lsu.w x   1 op 3 8000015c @ 70000018+fffffffc
sm   0 warp 0 0x80000300 0xf1dff0ef x  1  80000304
sm   0 warp 0 0x80000300 0xf1dff0ef Jump? 1  8000021c
sm   1 warp 1 0x800000dc 0x03c000ef x  1  800000e0
sm   1 warp 3 0x800000d4 0xfe512a23 lsu.w finish
sm   1 warp 1 0x800000dc 0x03c000ef Jump? 1  80000118
sm   0 warp 2 0x800002fc 0xfe112e23 lsu.w x   1 op 3 8000015c @ 70000818+fffffffc
sm   1 warp 0 0x8000011c 0xfe112e23 lsu.w x   1 op 3 800000e0 @ 70000014+fffffffc
sm   1 warp 2 0x80000118 0x00410113 x  2  70000814
sm   0 warp 2 0x80000300 0xf1dff0ef x  1  80000304
sm   0 warp 2 0x80000300 0xf1dff0ef Jump? 1  8000021c
sm   1 warp 0 0x80000120 0x00200293 x  5  00000002
sm   0 warp 0 0x800002fc 0xfe112e23 lsu.w finish
sm   1 warp 1 0x800000d4 0xfe512a23 lsu.w finish
sm   0 warp 1 0x800002f8 0x00410113 x  2  70000418
sm   0 warp 2 0x800002fc 0xfe112e23 lsu.w finish
sm   1 warp 0 0x8000011c 0xfe112e23 lsu.w finish
sm   0 warp 0 0x8000021c 0x00410113 x  2  7000001c
sm   1 warp 2 0x8000011c 0xfe112e23 lsu.w x   1 op 3 800000e0 @ 70000814+fffffffc
sm   1 warp 0 0x80000124 0x5e02c0d7 v  1 11111111111111111111111111111111 00000002 00000002 00000002 00000002 00000002 00000002 00000002 00000002 00000002 00000002 00000002 00000002 00000002 00000002 00000002 00000002 00000002 00000002 00000002 00000002 00000002 00000002 00000002 00000002 00000002 00000002 00000002 00000002 00000002 00000002 00000002 00000002 
sm   1 warp 1 0x80000118 0x00410113 x  2  70000414
sm   1 warp 0 0x80000128 0x00000317 x  6  80000128
sm   0 warp 1 0x800002fc 0xfe112e23 lsu.w x   1 op 3 8000015c @ 70000418+fffffffc
sm   0 warp 1 0x80000300 0xf1dff0ef Jump? 1  8000021c
sm   0 warp 1 0x80000300 0xf1dff0ef x  1  80000304
sm   1 warp 2 0x80000120 0x00200293 x  5  00000002
sm   0 warp 0 0x80000220 0xfe112e23 lsu.w x   1 op 3 80000304 @ 7000001c+fffffffc
sm   1 warp 2 0x8000011c 0xfe112e23 lsu.w finish
sm   0 warp 2 0x8000021c 0x00410113 x  2  7000081c
sm 1 warp 0 0x8000012c 0x04c3305b  setrpc 0x80000174 
sm   1 warp 0 0x8000012c 0x04c3305b x  0  80000174
sm   1 warp 1 0x8000011c 0xfe112e23 lsu.w x   1 op 3 800000e0 @ 70000414+fffffffc
sm   0 warp 1 0x800002fc 0xfe112e23 lsu.w finish
sm   0 warp 0 0x80000224 0x80302573 x 10  90404000
sm   1 warp 2 0x80000124 0x5e02c0d7 v  1 11111111111111111111111111111111 00000002 00000002 00000002 00000002 00000002 00000002 00000002 00000002 00000002 00000002 00000002 00000002 00000002 00000002 00000002 00000002 00000002 00000002 00000002 00000002 00000002 00000002 00000002 00000002 00000002 00000002 00000002 00000002 00000002 00000002 00000002 00000002 
sm   1 warp 1 0x80000120 0x00200293 x  5  00000002
sm   0 warp 0 0x80000220 0xfe112e23 lsu.w finish
sm   1 warp 2 0x80000128 0x00000317 x  6  80000128
sm   1 warp 0 0x80000130 0x0200885b vbranch     current mask and npc:   11111111111111111111111111111111 0x80000134, take_if=1, if_mask = 11111111111111111111111111111111
sm   1 warp 1 0x8000011c 0xfe112e23 lsu.w finish
sm   0 warp 1 0x8000021c 0x00410113 x  2  7000041c
sm   0 warp 2 0x80000220 0xfe112e23 lsu.w x   1 op 3 80000304 @ 7000081c+fffffffc
sm   1 warp 1 0x80000124 0x5e02c0d7 v  1 11111111111111111111111111111111 00000002 00000002 00000002 00000002 00000002 00000002 00000002 00000002 00000002 00000002 00000002 00000002 00000002 00000002 00000002 00000002 00000002 00000002 00000002 00000002 00000002 00000002 00000002 00000002 00000002 00000002 00000002 00000002 00000002 00000002 00000002 00000002 
sm   0 warp 2 0x80000224 0x80302573 x 10  90404000
sm   1 warp 0 0x80000134 0x00100293 x  5  00000001
sm   0 warp 0 0x80000228 0x00852283 lsu.r x   5 op 0 @ 90404000+00000008
sm 1 warp 2 0x8000012c 0x04c3305b  setrpc 0x80000174 
sm   0 warp 0 0x8000022c 0x80002373 x  6  00000000
sm   1 warp 2 0x8000012c 0x04c3305b x  0  80000174
sm   1 warp 1 0x80000128 0x00000317 x  6  80000128
sm   0 warp 2 0x80000220 0xfe112e23 lsu.w finish
sm   1 warp 3 0x80000118 0x00410113 x  2  70000c14
sm   0 warp 0 0x80000230 0x5208a157 v  2 11111111111111111111111111111111 0000001f 0000001e 0000001d 0000001c 0000001b 0000001a 00000019 00000018 00000017 00000016 00000015 00000014 00000013 00000012 00000011 00000010 0000000f 0000000e 0000000d 0000000c 0000000b 0000000a 00000009 00000008 00000007 00000006 00000005 00000004 00000003 00000002 00000001 00000000 
sm   0 warp 1 0x80000220 0xfe112e23 lsu.w x   1 op 3 80000304 @ 7000041c+fffffffc
sm   1 warp 2 0x80000130 0x0200885b vbranch     current mask and npc:   11111111111111111111111111111111 0x80000134, take_if=1, if_mask = 11111111111111111111111111111111
sm   0 warp 0 0x80000228 0x00852283 x  5  00000001
sm   1 warp 0 0x80000138 0x5e02c0d7 v  1 11111111111111111111111111111111 00000001 00000001 00000001 00000001 00000001 00000001 00000001 00000001 00000001 00000001 00000001 00000001 00000001 00000001 00000001 00000001 00000001 00000001 00000001 00000001 00000001 00000001 00000001 00000001 00000001 00000001 00000001 00000001 00000001 00000001 00000001 00000001 
sm 1 warp 1 0x8000012c 0x04c3305b  setrpc 0x80000174 
sm   0 warp 1 0x80000224 0x80302573 x 10  90404000
sm   1 warp 1 0x8000012c 0x04c3305b x  0  80000174
sm   0 warp 2 0x80000228 0x00852283 lsu.r x   5 op 0 @ 90404000+00000008
sm   0 warp 2 0x8000022c 0x80002373 x  6  00000040
sm   1 warp 0 0x8000013c 0x00000317 x  6  8000013c
sm   1 warp 3 0x8000011c 0xfe112e23 lsu.w x   1 op 3 800000e0 @ 70000c14+fffffffc
sm   0 warp 0 0x80000234 0x02234057 v  0 11111111111111111111111111111111 0000001f 0000001e 0000001d 0000001c 0000001b 0000001a 00000019 00000018 00000017 00000016 00000015 00000014 00000013 00000012 00000011 00000010 0000000f 0000000e 0000000d 0000000c 0000000b 0000000a 00000009 00000008 00000007 00000006 00000005 00000004 00000003 00000002 00000001 00000000 
sm   1 warp 2 0x80000134 0x00100293 x  5  00000001
sm   0 warp 1 0x80000220 0xfe112e23 lsu.w finish
sm   0 warp 2 0x80000230 0x5208a157 v  2 11111111111111111111111111111111 0000001f 0000001e 0000001d 0000001c 0000001b 0000001a 00000019 00000018 00000017 00000016 00000015 00000014 00000013 00000012 00000011 00000010 0000000f 0000000e 0000000d 0000000c 0000000b 0000000a 00000009 00000008 00000007 00000006 00000005 00000004 00000003 00000002 00000001 00000000 
sm   1 warp 1 0x80000130 0x0200885b vbranch     current mask and npc:   11111111111111111111111111111111 0x80000134, take_if=1, if_mask = 11111111111111111111111111111111
sm   1 warp 3 0x80000120 0x00200293 x  5  00000002
sm   0 warp 3 0x80000158 0x1a0000ef x  1  8000015c
sm   0 warp 3 0x80000158 0x1a0000ef Jump? 1  800002f8
sm 1 warp 0 0x80000140 0x0383305b  setrpc 0x80000174 
sm   1 warp 0 0x80000140 0x0383305b x  0  80000174
sm   0 warp 1 0x80000228 0x00852283 lsu.r x   5 op 0 @ 90404000+00000008
sm   1 warp 3 0x8000011c 0xfe112e23 lsu.w finish
sm   0 warp 2 0x80000228 0x00852283 x  5  00000001
sm   1 warp 2 0x80000138 0x5e02c0d7 v  1 11111111111111111111111111111111 00000001 00000001 00000001 00000001 00000001 00000001 00000001 00000001 00000001 00000001 00000001 00000001 00000001 00000001 00000001 00000001 00000001 00000001 00000001 00000001 00000001 00000001 00000001 00000001 00000001 00000001 00000001 00000001 00000001 00000001 00000001 00000001 
sm   0 warp 1 0x8000022c 0x80002373 x  6  00000020
sm   0 warp 2 0x80000234 0x02234057 v  0 11111111111111111111111111111111 0000005f 0000005e 0000005d 0000005c 0000005b 0000005a 00000059 00000058 00000057 00000056 00000055 00000054 00000053 00000052 00000051 00000050 0000004f 0000004e 0000004d 0000004c 0000004b 0000004a 00000049 00000048 00000047 00000046 00000045 00000044 00000043 00000042 00000041 00000040 
sm   1 warp 1 0x80000134 0x00100293 x  5  00000001
sm   1 warp 2 0x8000013c 0x00000317 x  6  8000013c
sm   0 warp 0 0x80000238 0x01852e03 lsu.r x  28 op 0 @ 90404000+00000018
sm   1 warp 3 0x80000124 0x5e02c0d7 v  1 11111111111111111111111111111111 00000002 00000002 00000002 00000002 00000002 00000002 00000002 00000002 00000002 00000002 00000002 00000002 00000002 00000002 00000002 00000002 00000002 00000002 00000002 00000002 00000002 00000002 00000002 00000002 00000002 00000002 00000002 00000002 00000002 00000002 00000002 00000002 
sm   0 warp 1 0x80000230 0x5208a157 v  2 11111111111111111111111111111111 0000001f 0000001e 0000001d 0000001c 0000001b 0000001a 00000019 00000018 00000017 00000016 00000015 00000014 00000013 00000012 00000011 00000010 0000000f 0000000e 0000000d 0000000c 0000000b 0000000a 00000009 00000008 00000007 00000006 00000005 00000004 00000003 00000002 00000001 00000000 
sm   1 warp 0 0x80000144 0x0200825b vbranch     current mask and npc:   11111111111111111111111111111111 0x80000148, take_if=1, if_mask = 11111111111111111111111111111111
sm   0 warp 1 0x80000228 0x00852283 x  5  00000001
sm   1 warp 3 0x80000128 0x00000317 x  6  80000128
sm   1 warp 1 0x80000138 0x5e02c0d7 v  1 11111111111111111111111111111111 00000001 00000001 00000001 00000001 00000001 00000001 00000001 00000001 00000001 00000001 00000001 00000001 00000001 00000001 00000001 00000001 00000001 00000001 00000001 00000001 00000001 00000001 00000001 00000001 00000001 00000001 00000001 00000001 00000001 00000001 00000001 00000001 
sm 1 warp 2 0x80000140 0x0383305b  setrpc 0x80000174 
sm   0 warp 0 0x80000238 0x01852e03 x 28  00000020
sm   1 warp 2 0x80000140 0x0383305b x  0  80000174
sm   0 warp 1 0x80000234 0x02234057 v  0 11111111111111111111111111111111 0000003f 0000003e 0000003d 0000003c 0000003b 0000003a 00000039 00000038 00000037 00000036 00000035 00000034 00000033 00000032 00000031 00000030 0000002f 0000002e 0000002d 0000002c 0000002b 0000002a 00000029 00000028 00000027 00000026 00000025 00000024 00000023 00000022 00000021 00000020 
sm   1 warp 1 0x8000013c 0x00000317 x  6  8000013c
sm   1 warp 0 0x80000148 0x5e0040d7 v  1 11111111111111111111111111111111 00000000 00000000 00000000 00000000 00000000 00000000 00000000 00000000 00000000 00000000 00000000 00000000 00000000 00000000 00000000 00000000 00000000 00000000 00000000 00000000 00000000 00000000 00000000 00000000 00000000 00000000 00000000 00000000 00000000 00000000 00000000 00000000 
sm 1 warp 3 0x8000012c 0x04c3305b  setrpc 0x80000174 
sm   1 warp 3 0x8000012c 0x04c3305b x  0  80000174
sm   0 warp 2 0x80000238 0x01852e03 lsu.r x  28 op 0 @ 90404000+00000018
sm   1 warp 0 0x8000014c 0x00000317 x  6  8000014c
sm   1 warp 2 0x80000144 0x0200825b vbranch     current mask and npc:   11111111111111111111111111111111 0x80000148, take_if=1, if_mask = 11111111111111111111111111111111
sm   0 warp 3 0x800002f8 0x00410113 x  2  70000c18
sm 1 warp 1 0x80000140 0x0383305b  setrpc 0x80000174 
sm   1 warp 1 0x80000140 0x0383305b x  0  80000174
sm   1 warp 3 0x80000130 0x0200885b vbranch     current mask and npc:   11111111111111111111111111111111 0x80000134, take_if=1, if_mask = 11111111111111111111111111111111
sm   0 warp 2 0x80000238 0x01852e03 x 28  00000020
sm 1 warp 0 0x80000150 0x0283305b  setrpc 0x80000174 
sm   1 warp 0 0x80000150 0x0283305b x  0  80000174
sm   0 warp 1 0x80000238 0x01852e03 lsu.r x  28 op 0 @ 90404000+00000018
sm   1 warp 2 0x80000148 0x5e0040d7 v  1 11111111111111111111111111111111 00000000 00000000 00000000 00000000 00000000 00000000 00000000 00000000 00000000 00000000 00000000 00000000 00000000 00000000 00000000 00000000 00000000 00000000 00000000 00000000 00000000 00000000 00000000 00000000 00000000 00000000 00000000 00000000 00000000 00000000 00000000 00000000 
sm   1 warp 1 0x80000144 0x0200825b vbranch     current mask and npc:   11111111111111111111111111111111 0x80000148, take_if=1, if_mask = 11111111111111111111111111111111
sm   1 warp 2 0x8000014c 0x00000317 x  6  8000014c
sm   1 warp 3 0x80000134 0x00100293 x  5  00000001
sm   0 warp 0 0x80000240 0xffc12083 lsu.r x   1 op 3 @ 7000001c+fffffffc
sm   1 warp 0 0x80000154 0x00009e5b vbranch     current mask and npc:   11111111111111111111111111111111 0x80000158, take_if=1, if_mask = 11111111111111111111111111111111
sm   0 warp 0 0x80000244 0xffc10113 x  2  70000018
sm   0 warp 3 0x80000300 0xf1dff0ef x  1  80000304
sm   0 warp 3 0x80000300 0xf1dff0ef Jump? 1  8000021c
sm   1 warp 0 0x80000158 0x1a0000ef x  1  8000015c
sm   0 warp 3 0x800002fc 0xfe112e23 lsu.w x   1 op 3 8000015c @ 70000c18+fffffffc
sm   1 warp 1 0x80000148 0x5e0040d7 v  1 11111111111111111111111111111111 00000000 00000000 00000000 00000000 00000000 00000000 00000000 00000000 00000000 00000000 00000000 00000000 00000000 00000000 00000000 00000000 00000000 00000000 00000000 00000000 00000000 00000000 00000000 00000000 00000000 00000000 00000000 00000000 00000000 00000000 00000000 00000000 
sm 1 warp 2 0x80000150 0x0283305b  setrpc 0x80000174 
sm   0 warp 1 0x80000238 0x01852e03 x 28  00000020
sm   1 warp 2 0x80000150 0x0283305b x  0  80000174
sm   1 warp 0 0x80000158 0x1a0000ef Jump? 1  800002f8
sm   1 warp 1 0x8000014c 0x00000317 x  6  8000014c
sm   1 warp 3 0x80000138 0x5e02c0d7 v  1 11111111111111111111111111111111 00000001 00000001 00000001 00000001 00000001 00000001 00000001 00000001 00000001 00000001 00000001 00000001 00000001 00000001 00000001 00000001 00000001 00000001 00000001 00000001 00000001 00000001 00000001 00000001 00000001 00000001 00000001 00000001 00000001 00000001 00000001 00000001 
sm   0 warp 0 0x8000023c 0x8a0e6057 v  0 11111111111111111111111111111111 0000001f 0000001e 0000001d 0000001c 0000001b 0000001a 00000019 00000018 00000017 00000016 00000015 00000014 00000013 00000012 00000011 00000010 0000000f 0000000e 0000000d 0000000c 0000000b 0000000a 00000009 00000008 00000007 00000006 00000005 00000004 00000003 00000002 00000001 00000000 
sm   0 warp 0 0x80000240 0xffc12083 x  1  80000304
sm   1 warp 3 0x8000013c 0x00000317 x  6  8000013c
sm   1 warp 2 0x80000154 0x00009e5b vbranch     current mask and npc:   11111111111111111111111111111111 0x80000158, take_if=1, if_mask = 11111111111111111111111111111111
sm 1 warp 1 0x80000150 0x0283305b  setrpc 0x80000174 
sm   1 warp 1 0x80000150 0x0283305b x  0  80000174
sm   0 warp 3 0x800002fc 0xfe112e23 lsu.w finish
sm   0 warp 3 0x8000021c 0x00410113 x  2  70000c1c
sm   1 warp 2 0x80000158 0x1a0000ef x  1  8000015c
sm 1 warp 3 0x80000140 0x0383305b  setrpc 0x80000174 
sm   1 warp 2 0x80000158 0x1a0000ef Jump? 1  800002f8
sm   0 warp 0 0x80000248 0x00008067 x  0  8000024c
sm   1 warp 3 0x80000140 0x0383305b x  0  80000174
sm   0 warp 0 0x80000248 0x00008067 Jump? 1  80000304
sm   1 warp 0 0x800002f8 0x00410113 x  2  70000018
sm   1 warp 1 0x80000154 0x00009e5b vbranch     current mask and npc:   11111111111111111111111111111111 0x80000158, take_if=1, if_mask = 11111111111111111111111111111111
sm   1 warp 3 0x80000144 0x0200825b vbranch     current mask and npc:   11111111111111111111111111111111 0x80000148, take_if=1, if_mask = 11111111111111111111111111111111
sm   1 warp 1 0x80000158 0x1a0000ef x  1  8000015c
sm   1 warp 1 0x80000158 0x1a0000ef Jump? 1  800002f8
sm   1 warp 0 0x800002fc 0xfe112e23 lsu.w x   1 op 3 8000015c @ 70000018+fffffffc
sm   1 warp 0 0x80000300 0xf1dff0ef x  1  80000304
sm   1 warp 3 0x80000148 0x5e0040d7 v  1 11111111111111111111111111111111 00000000 00000000 00000000 00000000 00000000 00000000 00000000 00000000 00000000 00000000 00000000 00000000 00000000 00000000 00000000 00000000 00000000 00000000 00000000 00000000 00000000 00000000 00000000 00000000 00000000 00000000 00000000 00000000 00000000 00000000 00000000 00000000 
sm   1 warp 0 0x80000300 0xf1dff0ef Jump? 1  8000021c
sm   0 warp 0 0x80000304 0x80302573 x 10  90404000
sm   1 warp 3 0x8000014c 0x00000317 x  6  8000014c
sm   1 warp 0 0x800002fc 0xfe112e23 lsu.w finish
sm   0 warp 0 0x80000308 0x80802373 x  6  00000004
sm   1 warp 1 0x800002f8 0x00410113 x  2  70000418
sm   1 warp 0 0x8000021c 0x00410113 x  2  7000001c
sm   0 warp 0 0x8000030c 0x01852e03 lsu.r x  28 op 0 @ 90404000+00000018
sm   0 warp 2 0x8000023c 0x8a0e6057 v  0 11111111111111111111111111111111 0000001f 0000001e 0000001d 0000001c 0000001b 0000001a 00000019 00000018 00000017 00000016 00000015 00000014 00000013 00000012 00000011 00000010 0000000f 0000000e 0000000d 0000000c 0000000b 0000000a 00000009 00000008 00000007 00000006 00000005 00000004 00000003 00000002 00000001 00000000 
sm   1 warp 1 0x800002fc 0xfe112e23 lsu.w x   1 op 3 8000015c @ 70000418+fffffffc
sm   1 warp 1 0x80000300 0xf1dff0ef x  1  80000304
sm   1 warp 1 0x80000300 0xf1dff0ef Jump? 1  8000021c
sm   0 warp 2 0x80000240 0xffc12083 lsu.r x   1 op 3 @ 7000081c+fffffffc
sm   1 warp 0 0x80000220 0xfe112e23 lsu.w x   1 op 3 80000304 @ 7000001c+fffffffc
sm   0 warp 0 0x8000030c 0x01852e03 x 28  00000020
sm   1 warp 2 0x800002f8 0x00410113 x  2  70000818
sm   0 warp 2 0x80000244 0xffc10113 x  2  70000818
sm   1 warp 1 0x800002fc 0xfe112e23 lsu.w finish
sm   0 warp 3 0x80000224 0x80302573 x 10  90404000
sm   1 warp 0 0x80000224 0x80302573 x 10  90404000
sm   0 warp 3 0x80000220 0xfe112e23 lsu.w x   1 op 3 80000304 @ 70000c1c+fffffffc
sm   0 warp 2 0x80000240 0xffc12083 x  1  80000304
sm   1 warp 0 0x80000220 0xfe112e23 lsu.w finish
sm   1 warp 1 0x8000021c 0x00410113 x  2  7000041c
sm   0 warp 0 0x80000310 0x02452e83 lsu.r x  29 op 0 @ 90404000+00000024
sm   1 warp 2 0x800002fc 0xfe112e23 lsu.w x   1 op 3 8000015c @ 70000818+fffffffc
sm   1 warp 2 0x80000300 0xf1dff0ef x  1  80000304
sm   1 warp 2 0x80000300 0xf1dff0ef Jump? 1  8000021c
sm   0 warp 0 0x80000314 0x03c30fb3 x 31  00000080
sm   0 warp 3 0x80000220 0xfe112e23 lsu.w finish
sm   0 warp 1 0x80000244 0xffc10113 x  2  70000418
sm   1 warp 0 0x80000228 0x00852283 lsu.r x   5 op 0 @ 90404000+00000008
sm   0 warp 2 0x80000248 0x00008067 Jump? 1  80000304
sm   0 warp 2 0x80000248 0x00008067 x  0  8000024c
sm   0 warp 1 0x80000240 0xffc12083 lsu.r x   1 op 3 @ 7000041c+fffffffc
sm   1 warp 0 0x8000022c 0x80002373 x  6  00000000
sm   1 warp 2 0x800002fc 0xfe112e23 lsu.w finish
sm   0 warp 0 0x80000310 0x02452e83 x 29  00000000
sm   0 warp 3 0x8000022c 0x80002373 x  6  00000060
sm   1 warp 0 0x80000228 0x00852283 x  5  00000001
sm   0 warp 3 0x80000228 0x00852283 lsu.r x   5 op 0 @ 90404000+00000008
sm   1 warp 0 0x80000230 0x5208a157 v  2 11111111111111111111111111111111 0000001f 0000001e 0000001d 0000001c 0000001b 0000001a 00000019 00000018 00000017 00000016 00000015 00000014 00000013 00000012 00000011 00000010 0000000f 0000000e 0000000d 0000000c 0000000b 0000000a 00000009 00000008 00000007 00000006 00000005 00000004 00000003 00000002 00000001 00000000 
sm   0 warp 3 0x80000230 0x5208a157 v  2 11111111111111111111111111111111 0000001f 0000001e 0000001d 0000001c 0000001b 0000001a 00000019 00000018 00000017 00000016 00000015 00000014 00000013 00000012 00000011 00000010 0000000f 0000000e 0000000d 0000000c 0000000b 0000000a 00000009 00000008 00000007 00000006 00000005 00000004 00000003 00000002 00000001 00000000 
sm   0 warp 1 0x80000240 0xffc12083 x  1  80000304
sm   1 warp 1 0x80000220 0xfe112e23 lsu.w x   1 op 3 80000304 @ 7000041c+fffffffc
sm   0 warp 0 0x80000318 0x01df8fb3 x 31  00000080
sm   0 warp 1 0x8000023c 0x8a0e6057 v  0 11111111111111111111111111111111 0000001f 0000001e 0000001d 0000001c 0000001b 0000001a 00000019 00000018 00000017 00000016 00000015 00000014 00000013 00000012 00000011 00000010 0000000f 0000000e 0000000d 0000000c 0000000b 0000000a 00000009 00000008 00000007 00000006 00000005 00000004 00000003 00000002 00000001 00000000 
sm   1 warp 1 0x80000224 0x80302573 x 10  90404000
sm   0 warp 3 0x80000228 0x00852283 x  5  00000001
sm   1 warp 0 0x80000234 0x02234057 v  0 11111111111111111111111111111111 0000001f 0000001e 0000001d 0000001c 0000001b 0000001a 00000019 00000018 00000017 00000016 00000015 00000014 00000013 00000012 00000011 00000010 0000000f 0000000e 0000000d 0000000c 0000000b 0000000a 00000009 00000008 00000007 00000006 00000005 00000004 00000003 00000002 00000001 00000000 
sm   0 warp 2 0x80000304 0x80302573 x 10  90404000
sm   0 warp 3 0x80000234 0x02234057 v  0 11111111111111111111111111111111 0000007f 0000007e 0000007d 0000007c 0000007b 0000007a 00000079 00000078 00000077 00000076 00000075 00000074 00000073 00000072 00000071 00000070 0000006f 0000006e 0000006d 0000006c 0000006b 0000006a 00000069 00000068 00000067 00000066 00000065 00000064 00000063 00000062 00000061 00000060 
sm   0 warp 1 0x80000248 0x00008067 x  0  8000024c
sm   0 warp 1 0x80000248 0x00008067 Jump? 1  80000304
sm   1 warp 1 0x80000220 0xfe112e23 lsu.w finish
sm   0 warp 0 0x8000031c 0x020fc057 v  0 11111111111111111111111111111111 0000009f 0000009e 0000009d 0000009c 0000009b 0000009a 00000099 00000098 00000097 00000096 00000095 00000094 00000093 00000092 00000091 00000090 0000008f 0000008e 0000008d 0000008c 0000008b 0000008a 00000089 00000088 00000087 00000086 00000085 00000084 00000083 00000082 00000081 00000080 
sm   0 warp 2 0x80000308 0x80802373 x  6  00000004
sm   1 warp 2 0x8000021c 0x00410113 x  2  7000081c
sm   1 warp 1 0x80000228 0x00852283 lsu.r x   5 op 0 @ 90404000+00000008
sm   0 warp 3 0x80000238 0x01852e03 lsu.r x  28 op 0 @ 90404000+00000018
sm   1 warp 1 0x8000022c 0x80002373 x  6  00000020
sm   1 warp 0 0x80000238 0x01852e03 lsu.r x  28 op 0 @ 90404000+00000018
sm   1 warp 1 0x80000228 0x00852283 x  5  00000001
sm   0 warp 0 0x80000320 0xffc12083 lsu.r x   1 op 3 @ 70000018+fffffffc
sm   1 warp 1 0x80000230 0x5208a157 v  2 11111111111111111111111111111111 0000001f 0000001e 0000001d 0000001c 0000001b 0000001a 00000019 00000018 00000017 00000016 00000015 00000014 00000013 00000012 00000011 00000010 0000000f 0000000e 0000000d 0000000c 0000000b 0000000a 00000009 00000008 00000007 00000006 00000005 00000004 00000003 00000002 00000001 00000000 
sm   0 warp 0 0x80000324 0xffc10113 x  2  70000014
sm   1 warp 2 0x80000220 0xfe112e23 lsu.w x   1 op 3 80000304 @ 7000081c+fffffffc
sm   0 warp 1 0x80000304 0x80302573 x 10  90404000
sm   0 warp 2 0x8000030c 0x01852e03 lsu.r x  28 op 0 @ 90404000+00000018
sm   0 warp 3 0x80000238 0x01852e03 x 28  00000020
sm   1 warp 0 0x80000238 0x01852e03 x 28  00000020
sm   1 warp 2 0x80000224 0x80302573 x 10  90404000
sm   1 warp 1 0x80000234 0x02234057 v  0 11111111111111111111111111111111 0000003f 0000003e 0000003d 0000003c 0000003b 0000003a 00000039 00000038 00000037 00000036 00000035 00000034 00000033 00000032 00000031 00000030 0000002f 0000002e 0000002d 0000002c 0000002b 0000002a 00000029 00000028 00000027 00000026 00000025 00000024 00000023 00000022 00000021 00000020 
sm   0 warp 2 0x80000310 0x02452e83 lsu.r x  29 op 0 @ 90404000+00000024
sm   0 warp 1 0x80000308 0x80802373 x  6  00000004
sm   1 warp 2 0x80000220 0xfe112e23 lsu.w finish
sm   0 warp 0 0x80000320 0xffc12083 x  1  8000015c
sm 1 warp 3 0x80000150 0x0283305b  setrpc 0x80000174 
sm   1 warp 3 0x80000150 0x0283305b x  0  80000174
sm   0 warp 2 0x8000030c 0x01852e03 x 28  00000020
sm   1 warp 1 0x80000238 0x01852e03 lsu.r x  28 op 0 @ 90404000+00000018
sm   0 warp 0 0x80000328 0x00008067 x  0  8000032c
sm   0 warp 0 0x80000328 0x00008067 Jump? 1  8000015c
sm   0 warp 1 0x8000030c 0x01852e03 lsu.r x  28 op 0 @ 90404000+00000018
sm   1 warp 3 0x80000154 0x00009e5b vbranch     current mask and npc:   11111111111111111111111111111111 0x80000158, take_if=1, if_mask = 11111111111111111111111111111111
sm   1 warp 2 0x80000228 0x00852283 lsu.r x   5 op 0 @ 90404000+00000008
sm   0 warp 2 0x80000310 0x02452e83 x 29  00000000
sm   1 warp 2 0x8000022c 0x80002373 x  6  00000040
sm   1 warp 1 0x80000238 0x01852e03 x 28  00000020
sm   1 warp 3 0x80000158 0x1a0000ef x  1  8000015c
sm   0 warp 3 0x80000240 0xffc12083 lsu.r x   1 op 3 @ 70000c1c+fffffffc
sm   1 warp 2 0x80000230 0x5208a157 v  2 11111111111111111111111111111111 0000001f 0000001e 0000001d 0000001c 0000001b 0000001a 00000019 00000018 00000017 00000016 00000015 00000014 00000013 00000012 00000011 00000010 0000000f 0000000e 0000000d 0000000c 0000000b 0000000a 00000009 00000008 00000007 00000006 00000005 00000004 00000003 00000002 00000001 00000000 
sm   1 warp 3 0x80000158 0x1a0000ef Jump? 1  800002f8
sm   0 warp 3 0x80000244 0xffc10113 x  2  70000c18
sm   1 warp 0 0x80000244 0xffc10113 x  2  70000018
sm   1 warp 0 0x80000240 0xffc12083 lsu.r x   1 op 3 @ 7000001c+fffffffc
sm   0 warp 2 0x80000314 0x03c30fb3 x 31  00000080
sm   0 warp 0 0x8000015c 0x0180006f x  0  80000160
sm   1 warp 2 0x80000228 0x00852283 x  5  00000001
sm   0 warp 0 0x8000015c 0x0180006f Jump? 1  80000174
sm   0 warp 1 0x80000310 0x02452e83 lsu.r x  29 op 0 @ 90404000+00000024
sm   1 warp 2 0x80000234 0x02234057 v  0 11111111111111111111111111111111 0000005f 0000005e 0000005d 0000005c 0000005b 0000005a 00000059 00000058 00000057 00000056 00000055 00000054 00000053 00000052 00000051 00000050 0000004f 0000004e 0000004d 0000004c 0000004b 0000004a 00000049 00000048 00000047 00000046 00000045 00000044 00000043 00000042 00000041 00000040 
sm   0 warp 3 0x80000240 0xffc12083 x  1  80000304
sm   1 warp 0 0x80000240 0xffc12083 x  1  80000304
sm   1 warp 0 0x8000023c 0x8a0e6057 v  0 11111111111111111111111111111111 0000001f 0000001e 0000001d 0000001c 0000001b 0000001a 00000019 00000018 00000017 00000016 00000015 00000014 00000013 00000012 00000011 00000010 0000000f 0000000e 0000000d 0000000c 0000000b 0000000a 00000009 00000008 00000007 00000006 00000005 00000004 00000003 00000002 00000001 00000000 
sm   0 warp 2 0x80000318 0x01df8fb3 x 31  00000080
sm   0 warp 1 0x8000030c 0x01852e03 x 28  00000020
sm   0 warp 1 0x80000310 0x02452e83 x 29  00000000
sm   0 warp 0 0x80000174 0x0000205b Jump? 0  00000000
sm   0 warp 0 0x80000174 0x0000205b join    mask and npc:    00001011000111111100110000000010 0xcb1bb819 pop stack ? 0
sm   1 warp 2 0x80000238 0x01852e03 lsu.r x  28 op 0 @ 90404000+00000018
sm   0 warp 3 0x80000248 0x00008067 x  0  8000024c
sm   1 warp 0 0x80000248 0x00008067 x  0  8000024c
sm   0 warp 3 0x80000248 0x00008067 Jump? 1  80000304
sm   0 warp 2 0x8000031c 0x020fc057 v  0 11111111111111111111111111111111 0000009f 0000009e 0000009d 0000009c 0000009b 0000009a 00000099 00000098 00000097 00000096 00000095 00000094 00000093 00000092 00000091 00000090 0000008f 0000008e 0000008d 0000008c 0000008b 0000008a 00000089 00000088 00000087 00000086 00000085 00000084 00000083 00000082 00000081 00000080 
sm   1 warp 0 0x80000248 0x00008067 Jump? 1  80000304
sm   1 warp 1 0x80000240 0xffc12083 lsu.r x   1 op 3 @ 7000041c+fffffffc
sm   1 warp 1 0x80000244 0xffc10113 x  2  70000418
sm   0 warp 1 0x80000314 0x03c30fb3 x 31  00000080
sm   1 warp 3 0x800002f8 0x00410113 x  2  70000c18
sm   0 warp 0 0x80000178 0xffc12083 lsu.r x   1 op 3 @ 70000014+fffffffc
sm   0 warp 3 0x8000023c 0x8a0e6057 v  0 11111111111111111111111111111111 0000001f 0000001e 0000001d 0000001c 0000001b 0000001a 00000019 00000018 00000017 00000016 00000015 00000014 00000013 00000012 00000011 00000010 0000000f 0000000e 0000000d 0000000c 0000000b 0000000a 00000009 00000008 00000007 00000006 00000005 00000004 00000003 00000002 00000001 00000000 
sm   1 warp 2 0x80000238 0x01852e03 x 28  00000020
sm   0 warp 0 0x8000017c 0xffc10113 x  2  70000010
sm   1 warp 1 0x80000240 0xffc12083 x  1  80000304
sm   0 warp 2 0x80000320 0xffc12083 lsu.r x   1 op 3 @ 70000818+fffffffc
sm   0 warp 2 0x80000324 0xffc10113 x  2  70000814
sm   0 warp 1 0x80000318 0x01df8fb3 x 31  00000080
sm   1 warp 0 0x80000304 0x80302573 x 10  90404000
sm   1 warp 3 0x800002fc 0xfe112e23 lsu.w x   1 op 3 8000015c @ 70000c18+fffffffc
sm   0 warp 0 0x80000178 0xffc12083 x  1  800000e0
sm   1 warp 3 0x80000300 0xf1dff0ef x  1  80000304
sm   1 warp 3 0x80000300 0xf1dff0ef Jump? 1  8000021c
sm   1 warp 1 0x80000248 0x00008067 x  0  8000024c
sm   1 warp 1 0x80000248 0x00008067 Jump? 1  80000304
sm   0 warp 2 0x80000320 0xffc12083 x  1  8000015c
sm   0 warp 1 0x8000031c 0x020fc057 v  0 11111111111111111111111111111111 0000009f 0000009e 0000009d 0000009c 0000009b 0000009a 00000099 00000098 00000097 00000096 00000095 00000094 00000093 00000092 00000091 00000090 0000008f 0000008e 0000008d 0000008c 0000008b 0000008a 00000089 00000088 00000087 00000086 00000085 00000084 00000083 00000082 00000081 00000080 
sm   1 warp 0 0x80000308 0x80802373 x  6  00000003
sm   0 warp 3 0x80000304 0x80302573 x 10  90404000
sm   1 warp 1 0x8000023c 0x8a0e6057 v  0 11111111111111111111111111111111 0000001f 0000001e 0000001d 0000001c 0000001b 0000001a 00000019 00000018 00000017 00000016 00000015 00000014 00000013 00000012 00000011 00000010 0000000f 0000000e 0000000d 0000000c 0000000b 0000000a 00000009 00000008 00000007 00000006 00000005 00000004 00000003 00000002 00000001 00000000 
sm   1 warp 3 0x800002fc 0xfe112e23 lsu.w finish
sm   0 warp 0 0x80000180 0x00008067 x  0  80000184
sm   0 warp 0 0x80000180 0x00008067 Jump? 1  800000e0
sm   0 warp 2 0x80000328 0x00008067 x  0  8000032c
sm   0 warp 2 0x80000328 0x00008067 Jump? 1  8000015c
sm   0 warp 1 0x80000320 0xffc12083 lsu.r x   1 op 3 @ 70000418+fffffffc
sm   1 warp 0 0x8000030c 0x01852e03 lsu.r x  28 op 0 @ 90404000+00000018
sm   0 warp 3 0x80000308 0x80802373 x  6  00000004
sm   1 warp 3 0x8000021c 0x00410113 x  2  70000c1c
sm   0 warp 1 0x80000324 0xffc10113 x  2  70000414
sm   1 warp 1 0x80000304 0x80302573 x 10  90404000
sm   1 warp 2 0x80000240 0xffc12083 lsu.r x   1 op 3 @ 7000081c+fffffffc
sm   0 warp 1 0x80000320 0xffc12083 x  1  8000015c
sm   1 warp 2 0x80000244 0xffc10113 x  2  70000818
sm   0 warp 0 0x800000e0 0x96013057 v  0 11111111111111111111111111111111 0000027c 00000278 00000274 00000270 0000026c 00000268 00000264 00000260 0000025c 00000258 00000254 00000250 0000024c 00000248 00000244 00000240 0000023c 00000238 00000234 00000230 0000022c 00000228 00000224 00000220 0000021c 00000218 00000214 00000210 0000020c 00000208 00000204 00000200 
sm   1 warp 0 0x80000310 0x02452e83 lsu.r x  29 op 0 @ 90404000+00000024
sm   1 warp 0 0x8000030c 0x01852e03 x 28  00000020
sm   0 warp 3 0x8000030c 0x01852e03 lsu.r x  28 op 0 @ 90404000+00000018
sm   1 warp 1 0x80000308 0x80802373 x  6  00000003
sm   1 warp 2 0x80000240 0xffc12083 x  1  80000304
sm   0 warp 3 0x80000310 0x02452e83 lsu.r x  29 op 0 @ 90404000+00000024
sm   0 warp 1 0x80000328 0x00008067 Jump? 1  8000015c
sm   0 warp 1 0x80000328 0x00008067 x  0  8000032c
sm   0 warp 2 0x8000015c 0x0180006f x  0  80000160
sm   0 warp 2 0x8000015c 0x0180006f Jump? 1  80000174
sm   1 warp 0 0x80000310 0x02452e83 x 29  00000000
sm   0 warp 0 0x800000e4 0xff412303 lsu.r x   6 op 3 @ 70000010+fffffff4
sm   0 warp 3 0x8000030c 0x01852e03 x 28  00000020
sm   1 warp 0 0x80000314 0x03c30fb3 x 31  00000060
sm   1 warp 2 0x80000248 0x00008067 x  0  8000024c
sm   1 warp 1 0x8000030c 0x01852e03 lsu.r x  28 op 0 @ 90404000+00000018
sm   1 warp 2 0x80000248 0x00008067 Jump? 1  80000304
sm   0 warp 3 0x80000310 0x02452e83 x 29  00000000
sm   0 warp 1 0x8000015c 0x0180006f x  0  80000160
sm   1 warp 3 0x80000220 0xfe112e23 lsu.w x   1 op 3 80000304 @ 70000c1c+fffffffc
sm   1 warp 0 0x80000318 0x01df8fb3 x 31  00000060
sm   0 warp 1 0x8000015c 0x0180006f Jump? 1  80000174
sm   0 warp 0 0x800000e4 0xff412303 x  6  90000000
sm   0 warp 3 0x80000314 0x03c30fb3 x 31  00000080
sm   1 warp 1 0x8000030c 0x01852e03 x 28  00000020
sm   1 warp 3 0x80000224 0x80302573 x 10  90404000
sm   1 warp 2 0x8000023c 0x8a0e6057 v  0 11111111111111111111111111111111 0000001f 0000001e 0000001d 0000001c 0000001b 0000001a 00000019 00000018 00000017 00000016 00000015 00000014 00000013 00000012 00000011 00000010 0000000f 0000000e 0000000d 0000000c 0000000b 0000000a 00000009 00000008 00000007 00000006 00000005 00000004 00000003 00000002 00000001 00000000 
sm   0 warp 2 0x80000174 0x0000205b Jump? 0  00000000
sm   0 warp 2 0x80000174 0x0000205b join    mask and npc:    00001111011001011100110111010111 0xba1655f7 pop stack ? 0
sm   1 warp 1 0x80000310 0x02452e83 lsu.r x  29 op 0 @ 90404000+00000024
sm   1 warp 0 0x8000031c 0x020fc057 v  0 11111111111111111111111111111111 0000007f 0000007e 0000007d 0000007c 0000007b 0000007a 00000079 00000078 00000077 00000076 00000075 00000074 00000073 00000072 00000071 00000070 0000006f 0000006e 0000006d 0000006c 0000006b 0000006a 00000069 00000068 00000067 00000066 00000065 00000064 00000063 00000062 00000061 00000060 
sm   0 warp 1 0x80000174 0x0000205b Jump? 0  00000000
sm   0 warp 0 0x800000e8 0x020340d7 v  1 11111111111111111111111111111111 9000027c 90000278 90000274 90000270 9000026c 90000268 90000264 90000260 9000025c 90000258 90000254 90000250 9000024c 90000248 90000244 90000240 9000023c 90000238 90000234 90000230 9000022c 90000228 90000224 90000220 9000021c 90000218 90000214 90000210 9000020c 90000208 90000204 90000200 
sm   0 warp 1 0x80000174 0x0000205b join    mask and npc:    11111101011010010111011011000101 0x12688d1a pop stack ? 0
sm   1 warp 2 0x80000304 0x80302573 x 10  90404000
sm   1 warp 3 0x80000220 0xfe112e23 lsu.w finish
sm   0 warp 3 0x80000318 0x01df8fb3 x 31  00000080
sm   1 warp 1 0x80000310 0x02452e83 x 29  00000000
sm   1 warp 2 0x80000308 0x80802373 x  6  00000003
sm   1 warp 1 0x80000314 0x03c30fb3 x 31  00000060
sm   0 warp 2 0x80000178 0xffc12083 lsu.r x   1 op 3 @ 70000814+fffffffc
sm   1 warp 3 0x80000228 0x00852283 lsu.r x   5 op 0 @ 90404000+00000008
sm   1 warp 3 0x8000022c 0x80002373 x  6  00000060
sm   0 warp 2 0x8000017c 0xffc10113 x  2  70000810
sm   0 warp 0 0x800000ec 0x0000a0fb lsu.r v  1 op 3 @ 9000027c 90000278 90000274 90000270 9000026c 90000268 90000264 90000260 9000025c 90000258 90000254 90000250 9000024c 90000248 90000244 90000240 9000023c 90000238 90000234 90000230 9000022c 90000228 90000224 90000220 9000021c 90000218 90000214 90000210 9000020c 90000208 90000204 90000200
sm   1 warp 0 0x80000320 0xffc12083 lsu.r x   1 op 3 @ 70000018+fffffffc
sm   0 warp 3 0x8000031c 0x020fc057 v  0 11111111111111111111111111111111 0000009f 0000009e 0000009d 0000009c 0000009b 0000009a 00000099 00000098 00000097 00000096 00000095 00000094 00000093 00000092 00000091 00000090 0000008f 0000008e 0000008d 0000008c 0000008b 0000008a 00000089 00000088 00000087 00000086 00000085 00000084 00000083 00000082 00000081 00000080 
sm   1 warp 0 0x80000324 0xffc10113 x  2  70000014
sm   1 warp 3 0x80000230 0x5208a157 v  2 11111111111111111111111111111111 0000001f 0000001e 0000001d 0000001c 0000001b 0000001a 00000019 00000018 00000017 00000016 00000015 00000014 00000013 00000012 00000011 00000010 0000000f 0000000e 0000000d 0000000c 0000000b 0000000a 00000009 00000008 00000007 00000006 00000005 00000004 00000003 00000002 00000001 00000000 
sm   0 warp 2 0x80000178 0xffc12083 x  1  800000e0
sm   1 warp 1 0x80000318 0x01df8fb3 x 31  00000060
sm   1 warp 2 0x8000030c 0x01852e03 lsu.r x  28 op 0 @ 90404000+00000018
sm   0 warp 1 0x8000017c 0xffc10113 x  2  70000410
sm   1 warp 3 0x80000228 0x00852283 x  5  00000001
sm   0 warp 1 0x80000178 0xffc12083 lsu.r x   1 op 3 @ 70000414+fffffffc
[L1C] #  26607 SM 0 CACHE 1 ADDR 90000200
sm   1 warp 2 0x80000310 0x02452e83 lsu.r x  29 op 0 @ 90404000+00000024
sm   1 warp 3 0x80000234 0x02234057 v  0 11111111111111111111111111111111 0000007f 0000007e 0000007d 0000007c 0000007b 0000007a 00000079 00000078 00000077 00000076 00000075 00000074 00000073 00000072 00000071 00000070 0000006f 0000006e 0000006d 0000006c 0000006b 0000006a 00000069 00000068 00000067 00000066 00000065 00000064 00000063 00000062 00000061 00000060 
sm   0 warp 2 0x80000180 0x00008067 Jump? 1  800000e0
sm   0 warp 2 0x80000180 0x00008067 x  0  80000184
sm   0 warp 0 0x800000f0 0xff812283 lsu.r x   5 op 3 @ 70000010+fffffff8
sm   1 warp 1 0x8000031c 0x020fc057 v  0 11111111111111111111111111111111 0000007f 0000007e 0000007d 0000007c 0000007b 0000007a 00000079 00000078 00000077 00000076 00000075 00000074 00000073 00000072 00000071 00000070 0000006f 0000006e 0000006d 0000006c 0000006b 0000006a 00000069 00000068 00000067 00000066 00000065 00000064 00000063 00000062 00000061 00000060 
sm   1 warp 0 0x80000320 0xffc12083 x  1  8000015c
sm   0 warp 1 0x80000178 0xffc12083 x  1  800000e0
sm   1 warp 2 0x8000030c 0x01852e03 x 28  00000020
sm   0 warp 0 0x800000f0 0xff812283 x  5  90001000
sm   1 warp 0 0x80000328 0x00008067 x  0  8000032c
sm   1 warp 3 0x80000238 0x01852e03 lsu.r x  28 op 0 @ 90404000+00000018
sm   1 warp 0 0x80000328 0x00008067 Jump? 1  8000015c
sm   0 warp 1 0x80000180 0x00008067 Jump? 1  800000e0
sm   0 warp 1 0x80000180 0x00008067 x  0  80000184
sm   0 warp 3 0x80000320 0xffc12083 lsu.r x   1 op 3 @ 70000c18+fffffffc
sm   1 warp 1 0x80000324 0xffc10113 x  2  70000414
sm   0 warp 3 0x80000324 0xffc10113 x  2  70000c14
sm   1 warp 1 0x80000320 0xffc12083 lsu.r x   1 op 3 @ 70000418+fffffffc
sm   0 warp 2 0x800000e0 0x96013057 v  0 11111111111111111111111111111111 0000027c 00000278 00000274 00000270 0000026c 00000268 00000264 00000260 0000025c 00000258 00000254 00000250 0000024c 00000248 00000244 00000240 0000023c 00000238 00000234 00000230 0000022c 00000228 00000224 00000220 0000021c 00000218 00000214 00000210 0000020c 00000208 00000204 00000200 
sm   0 warp 0 0x800000f4 0x0202c157 v  2 11111111111111111111111111111111 9000127c 90001278 90001274 90001270 9000126c 90001268 90001264 90001260 9000125c 90001258 90001254 90001250 9000124c 90001248 90001244 90001240 9000123c 90001238 90001234 90001230 9000122c 90001228 90001224 90001220 9000121c 90001218 90001214 90001210 9000120c 90001208 90001204 90001200 
sm   1 warp 2 0x80000310 0x02452e83 x 29  00000000
sm   1 warp 2 0x80000314 0x03c30fb3 x 31  00000060
sm   0 warp 3 0x80000320 0xffc12083 x  1  8000015c
sm   1 warp 0 0x8000015c 0x0180006f x  0  80000160
sm   0 warp 2 0x800000e4 0xff412303 lsu.r x   6 op 3 @ 70000810+fffffff4
sm   1 warp 0 0x8000015c 0x0180006f Jump? 1  80000174
sm   1 warp 3 0x80000238 0x01852e03 x 28  00000020
sm   0 warp 0 0x800000ec 0x0000a0fb v  1 11111111111111111111111111111111 431f0000 431e0000 431d0000 431c0000 431b0000 431a0000 43190000 43180000 43170000 43160000 43150000 43140000 43130000 43120000 43110000 43100000 430f0000 430e0000 430d0000 430c0000 430b0000 430a0000 43090000 43080000 43070000 43060000 43050000 43040000 43030000 43020000 43010000 43000000 
sm   1 warp 2 0x80000318 0x01df8fb3 x 31  00000060
sm   0 warp 3 0x80000328 0x00008067 x  0  8000032c
sm   0 warp 3 0x80000328 0x00008067 Jump? 1  8000015c
sm   0 warp 1 0x800000e0 0x96013057 v  0 11111111111111111111111111111111 0000027c 00000278 00000274 00000270 0000026c 00000268 00000264 00000260 0000025c 00000258 00000254 00000250 0000024c 00000248 00000244 00000240 0000023c 00000238 00000234 00000230 0000022c 00000228 00000224 00000220 0000021c 00000218 00000214 00000210 0000020c 00000208 00000204 00000200 
sm   0 warp 0 0x800000f8 0x0001217b lsu.r v  2 op 3 @ 9000127c 90001278 90001274 90001270 9000126c 90001268 90001264 90001260 9000125c 90001258 90001254 90001250 9000124c 90001248 90001244 90001240 9000123c 90001238 90001234 90001230 9000122c 90001228 90001224 90001220 9000121c 90001218 90001214 90001210 9000120c 90001208 90001204 90001200
sm   1 warp 1 0x80000320 0xffc12083 x  1  8000015c
sm   0 warp 2 0x800000e4 0xff412303 x  6  90000000
sm   1 warp 2 0x8000031c 0x020fc057 v  0 11111111111111111111111111111111 0000007f 0000007e 0000007d 0000007c 0000007b 0000007a 00000079 00000078 00000077 00000076 00000075 00000074 00000073 00000072 00000071 00000070 0000006f 0000006e 0000006d 0000006c 0000006b 0000006a 00000069 00000068 00000067 00000066 00000065 00000064 00000063 00000062 00000061 00000060 
sm   1 warp 0 0x80000174 0x0000205b join    mask and npc:    00000001001000000001010111001001 0xdd6d4d58 pop stack ? 0
sm   1 warp 0 0x80000174 0x0000205b Jump? 0  00000000
[L1C] #  26632 SM 0 CACHE 1 ADDR 90001200
sm   1 warp 1 0x80000328 0x00008067 x  0  8000032c
sm   0 warp 1 0x800000e4 0xff412303 lsu.r x   6 op 3 @ 70000410+fffffff4
sm   1 warp 1 0x80000328 0x00008067 Jump? 1  8000015c
sm   0 warp 3 0x8000015c 0x0180006f x  0  80000160
sm   0 warp 3 0x8000015c 0x0180006f Jump? 1  80000174
sm   1 warp 3 0x80000240 0xffc12083 lsu.r x   1 op 3 @ 70000c1c+fffffffc
sm   0 warp 2 0x800000e8 0x020340d7 v  1 11111111111111111111111111111111 9000027c 90000278 90000274 90000270 9000026c 90000268 90000264 90000260 9000025c 90000258 90000254 90000250 9000024c 90000248 90000244 90000240 9000023c 90000238 90000234 90000230 9000022c 90000228 90000224 90000220 9000021c 90000218 90000214 90000210 9000020c 90000208 90000204 90000200 
sm   0 warp 1 0x800000e4 0xff412303 x  6  90000000
sm   1 warp 3 0x80000244 0xffc10113 x  2  70000c18
sm   1 warp 2 0x80000320 0xffc12083 lsu.r x   1 op 3 @ 70000818+fffffffc
sm   1 warp 2 0x80000324 0xffc10113 x  2  70000814
sm   0 warp 3 0x80000174 0x0000205b join    mask and npc:    01001100010000011111010011000110 0xad1b04d7 pop stack ? 0
sm   0 warp 3 0x80000174 0x0000205b Jump? 0  00000000
sm   1 warp 1 0x8000015c 0x0180006f x  0  80000160
sm   0 warp 2 0x800000ec 0x0000a0fb lsu.r v  1 op 3 @ 9000027c 90000278 90000274 90000270 9000026c 90000268 90000264 90000260 9000025c 90000258 90000254 90000250 9000024c 90000248 90000244 90000240 9000023c 90000238 90000234 90000230 9000022c 90000228 90000224 90000220 9000021c 90000218 90000214 90000210 9000020c 90000208 90000204 90000200
sm   1 warp 1 0x8000015c 0x0180006f Jump? 1  80000174
sm   1 warp 0 0x8000017c 0xffc10113 x  2  70000010
sm   1 warp 0 0x80000178 0xffc12083 lsu.r x   1 op 3 @ 70000014+fffffffc
sm   0 warp 1 0x800000e8 0x020340d7 v  1 11111111111111111111111111111111 9000027c 90000278 90000274 90000270 9000026c 90000268 90000264 90000260 9000025c 90000258 90000254 90000250 9000024c 90000248 90000244 90000240 9000023c 90000238 90000234 90000230 9000022c 90000228 90000224 90000220 9000021c 90000218 90000214 90000210 9000020c 90000208 90000204 90000200 
sm   1 warp 3 0x80000240 0xffc12083 x  1  80000304
sm   1 warp 2 0x80000320 0xffc12083 x  1  8000015c
sm   0 warp 2 0x800000ec 0x0000a0fb v  1 11111111111111111111111111111111 431f0000 431e0000 431d0000 431c0000 431b0000 431a0000 43190000 43180000 43170000 43160000 43150000 43140000 43130000 43120000 43110000 43100000 430f0000 430e0000 430d0000 430c0000 430b0000 430a0000 43090000 43080000 43070000 43060000 43050000 43040000 43030000 43020000 43010000 43000000 
sm   1 warp 0 0x80000178 0xffc12083 x  1  800000e0
sm   0 warp 2 0x800000f0 0xff812283 lsu.r x   5 op 3 @ 70000810+fffffff8
sm   1 warp 1 0x80000174 0x0000205b Jump? 0  00000000
sm   1 warp 1 0x80000174 0x0000205b join    mask and npc:    00010111100110100000010001100010 0x9ebf1347 pop stack ? 0
sm   1 warp 3 0x80000248 0x00008067 x  0  8000024c
sm   1 warp 3 0x80000248 0x00008067 Jump? 1  80000304
sm   0 warp 3 0x8000017c 0xffc10113 x  2  70000c10
sm   0 warp 0 0x800000f8 0x0001217b v  2 11111111111111111111111111111111 44584000 44588000 4458c000 44590000 44594000 44598000 4459c000 445a0000 445a4000 445a8000 445ac000 445b0000 445b4000 445b8000 445bc000 445c0000 445c4000 445c8000 445cc000 445d0000 445d4000 445d8000 445dc000 445e0000 445e4000 445e8000 445ec000 445f0000 445f4000 445f8000 445fc000 44600000 
sm   1 warp 2 0x80000328 0x00008067 x  0  8000032c
sm   1 warp 2 0x80000328 0x00008067 Jump? 1  8000015c
sm   0 warp 3 0x80000178 0xffc12083 lsu.r x   1 op 3 @ 70000c14+fffffffc
sm   1 warp 0 0x80000180 0x00008067 x  0  80000184
sm   1 warp 0 0x80000180 0x00008067 Jump? 1  800000e0
sm   0 warp 2 0x800000f0 0xff812283 x  5  90001000
sm   1 warp 1 0x80000178 0xffc12083 lsu.r x   1 op 3 @ 70000414+fffffffc
sm   1 warp 3 0x8000023c 0x8a0e6057 v  0 11111111111111111111111111111111 0000001f 0000001e 0000001d 0000001c 0000001b 0000001a 00000019 00000018 00000017 00000016 00000015 00000014 00000013 00000012 00000011 00000010 0000000f 0000000e 0000000d 0000000c 0000000b 0000000a 00000009 00000008 00000007 00000006 00000005 00000004 00000003 00000002 00000001 00000000 
sm   0 warp 1 0x800000ec 0x0000a0fb lsu.r v  1 op 3 @ 9000027c 90000278 90000274 90000270 9000026c 90000268 90000264 90000260 9000025c 90000258 90000254 90000250 9000024c 90000248 90000244 90000240 9000023c 90000238 90000234 90000230 9000022c 90000228 90000224 90000220 9000021c 90000218 90000214 90000210 9000020c 90000208 90000204 90000200
sm   0 warp 0 0x800000fc 0x021110d7 v  1 11111111111111111111111111111111 44800000 44800000 44800000 44800000 44800000 44800000 44800000 44800000 44800000 44800000 44800000 44800000 44800000 44800000 44800000 44800000 44800000 44800000 44800000 44800000 44800000 44800000 44800000 44800000 44800000 44800000 44800000 44800000 44800000 44800000 44800000 44800000 
sm   1 warp 2 0x8000015c 0x0180006f x  0  80000160
sm   1 warp 2 0x8000015c 0x0180006f Jump? 1  80000174
sm   0 warp 3 0x80000178 0xffc12083 x  1  800000e0
sm   1 warp 1 0x8000017c 0xffc10113 x  2  70000410
sm   0 warp 2 0x800000f4 0x0202c157 v  2 11111111111111111111111111111111 9000127c 90001278 90001274 90001270 9000126c 90001268 90001264 90001260 9000125c 90001258 90001254 90001250 9000124c 90001248 90001244 90001240 9000123c 90001238 90001234 90001230 9000122c 90001228 90001224 90001220 9000121c 90001218 90001214 90001210 9000120c 90001208 90001204 90001200 
sm   1 warp 1 0x80000178 0xffc12083 x  1  800000e0
sm   0 warp 1 0x800000f0 0xff812283 lsu.r x   5 op 3 @ 70000410+fffffff8
sm   0 warp 1 0x800000ec 0x0000a0fb v  1 11111111111111111111111111111111 431f0000 431e0000 431d0000 431c0000 431b0000 431a0000 43190000 43180000 43170000 43160000 43150000 43140000 43130000 43120000 43110000 43100000 430f0000 430e0000 430d0000 430c0000 430b0000 430a0000 43090000 43080000 43070000 43060000 43050000 43040000 43030000 43020000 43010000 43000000 
sm   1 warp 0 0x800000e0 0x96013057 v  0 11111111111111111111111111111111 000001fc 000001f8 000001f4 000001f0 000001ec 000001e8 000001e4 000001e0 000001dc 000001d8 000001d4 000001d0 000001cc 000001c8 000001c4 000001c0 000001bc 000001b8 000001b4 000001b0 000001ac 000001a8 000001a4 000001a0 0000019c 00000198 00000194 00000190 0000018c 00000188 00000184 00000180 
sm   0 warp 3 0x80000180 0x00008067 x  0  80000184
sm   0 warp 3 0x80000180 0x00008067 Jump? 1  800000e0
sm   0 warp 0 0x80000100 0xffc12283 lsu.r x   5 op 3 @ 70000010+fffffffc
sm   1 warp 1 0x80000180 0x00008067 x  0  80000184
sm   1 warp 1 0x80000180 0x00008067 Jump? 1  800000e0
sm   0 warp 1 0x800000f0 0xff812283 x  5  90001000
sm   1 warp 0 0x800000e4 0xff412303 lsu.r x   6 op 3 @ 70000010+fffffff4
sm   1 warp 2 0x80000174 0x0000205b Jump? 0  00000000
sm   1 warp 2 0x80000174 0x0000205b join    mask and npc:    11101011001111100111100011010111 0xf3350197 pop stack ? 0
sm   0 warp 2 0x800000f8 0x0001217b lsu.r v  2 op 3 @ 9000127c 90001278 90001274 90001270 9000126c 90001268 90001264 90001260 9000125c 90001258 90001254 90001250 9000124c 90001248 90001244 90001240 9000123c 90001238 90001234 90001230 9000122c 90001228 90001224 90001220 9000121c 90001218 90001214 90001210 9000120c 90001208 90001204 90001200
sm   0 warp 0 0x80000100 0xffc12283 x  5  90002000
sm   0 warp 1 0x800000f4 0x0202c157 v  2 11111111111111111111111111111111 9000127c 90001278 90001274 90001270 9000126c 90001268 90001264 90001260 9000125c 90001258 90001254 90001250 9000124c 90001248 90001244 90001240 9000123c 90001238 90001234 90001230 9000122c 90001228 90001224 90001220 9000121c 90001218 90001214 90001210 9000120c 90001208 90001204 90001200 
sm   0 warp 3 0x800000e0 0x96013057 v  0 11111111111111111111111111111111 0000027c 00000278 00000274 00000270 0000026c 00000268 00000264 00000260 0000025c 00000258 00000254 00000250 0000024c 00000248 00000244 00000240 0000023c 00000238 00000234 00000230 0000022c 00000228 00000224 00000220 0000021c 00000218 00000214 00000210 0000020c 00000208 00000204 00000200 
sm   1 warp 0 0x800000e4 0xff412303 x  6  90000000
sm   0 warp 2 0x800000f8 0x0001217b v  2 11111111111111111111111111111111 44584000 44588000 4458c000 44590000 44594000 44598000 4459c000 445a0000 445a4000 445a8000 445ac000 445b0000 445b4000 445b8000 445bc000 445c0000 445c4000 445c8000 445cc000 445d0000 445d4000 445d8000 445dc000 445e0000 445e4000 445e8000 445ec000 445f0000 445f4000 445f8000 445fc000 44600000 
sm   1 warp 1 0x800000e0 0x96013057 v  0 11111111111111111111111111111111 000001fc 000001f8 000001f4 000001f0 000001ec 000001e8 000001e4 000001e0 000001dc 000001d8 000001d4 000001d0 000001cc 000001c8 000001c4 000001c0 000001bc 000001b8 000001b4 000001b0 000001ac 000001a8 000001a4 000001a0 0000019c 00000198 00000194 00000190 0000018c 00000188 00000184 00000180 
sm   0 warp 0 0x80000104 0x0202c057 v  0 11111111111111111111111111111111 9000227c 90002278 90002274 90002270 9000226c 90002268 90002264 90002260 9000225c 90002258 90002254 90002250 9000224c 90002248 90002244 90002240 9000223c 90002238 90002234 90002230 9000222c 90002228 90002224 90002220 9000221c 90002218 90002214 90002210 9000220c 90002208 90002204 90002200 
sm   1 warp 0 0x800000e8 0x020340d7 v  1 11111111111111111111111111111111 900001fc 900001f8 900001f4 900001f0 900001ec 900001e8 900001e4 900001e0 900001dc 900001d8 900001d4 900001d0 900001cc 900001c8 900001c4 900001c0 900001bc 900001b8 900001b4 900001b0 900001ac 900001a8 900001a4 900001a0 9000019c 90000198 90000194 90000190 9000018c 90000188 90000184 90000180 
sm   0 warp 1 0x800000f8 0x0001217b lsu.r v  2 op 3 @ 9000127c 90001278 90001274 90001270 9000126c 90001268 90001264 90001260 9000125c 90001258 90001254 90001250 9000124c 90001248 90001244 90001240 9000123c 90001238 90001234 90001230 9000122c 90001228 90001224 90001220 9000121c 90001218 90001214 90001210 9000120c 90001208 90001204 90001200
sm   1 warp 1 0x800000e4 0xff412303 lsu.r x   6 op 3 @ 70000410+fffffff4
sm   0 warp 3 0x800000e4 0xff412303 lsu.r x   6 op 3 @ 70000c10+fffffff4
sm   0 warp 2 0x800000fc 0x021110d7 v  1 11111111111111111111111111111111 44800000 44800000 44800000 44800000 44800000 44800000 44800000 44800000 44800000 44800000 44800000 44800000 44800000 44800000 44800000 44800000 44800000 44800000 44800000 44800000 44800000 44800000 44800000 44800000 44800000 44800000 44800000 44800000 44800000 44800000 44800000 44800000 
sm   1 warp 2 0x80000178 0xffc12083 lsu.r x   1 op 3 @ 70000814+fffffffc
sm   0 warp 1 0x800000f8 0x0001217b v  2 11111111111111111111111111111111 44584000 44588000 4458c000 44590000 44594000 44598000 4459c000 445a0000 445a4000 445a8000 445ac000 445b0000 445b4000 445b8000 445bc000 445c0000 445c4000 445c8000 445cc000 445d0000 445d4000 445d8000 445dc000 445e0000 445e4000 445e8000 445ec000 445f0000 445f4000 445f8000 445fc000 44600000 
sm   1 warp 2 0x8000017c 0xffc10113 x  2  70000810
sm   0 warp 0 0x80000108 0x0010607b lsu.w v  1 op 3 mask 11111111111111111111111111111111 44800000 44800000 44800000 44800000 44800000 44800000 44800000 44800000 44800000 44800000 44800000 44800000 44800000 44800000 44800000 44800000 44800000 44800000 44800000 44800000 44800000 44800000 44800000 44800000 44800000 44800000 44800000 44800000 44800000 44800000 44800000 44800000 @ 9000227c 90002278 90002274 90002270 9000226c 90002268 90002264 90002260 9000225c 90002258 90002254 90002250 9000224c 90002248 90002244 90002240 9000223c 90002238 90002234 90002230 9000222c 90002228 90002224 90002220 9000221c 90002218 90002214 90002210 9000220c 90002208 90002204 90002200
sm   1 warp 0 0x800000ec 0x0000a0fb lsu.r v  1 op 3 @ 900001fc 900001f8 900001f4 900001f0 900001ec 900001e8 900001e4 900001e0 900001dc 900001d8 900001d4 900001d0 900001cc 900001c8 900001c4 900001c0 900001bc 900001b8 900001b4 900001b0 900001ac 900001a8 900001a4 900001a0 9000019c 90000198 90000194 90000190 9000018c 90000188 90000184 90000180
sm   0 warp 3 0x800000e4 0xff412303 x  6  90000000
sm   1 warp 1 0x800000e4 0xff412303 x  6  90000000
sm   0 warp 2 0x80000100 0xffc12283 lsu.r x   5 op 3 @ 70000810+fffffffc
sm   1 warp 0 0x800000f0 0xff812283 lsu.r x   5 op 3 @ 70000010+fffffff8
[L1C] #  26688 SM 0 CACHE 1 ADDR 90002200
sm   0 warp 1 0x800000fc 0x021110d7 v  1 11111111111111111111111111111111 44800000 44800000 44800000 44800000 44800000 44800000 44800000 44800000 44800000 44800000 44800000 44800000 44800000 44800000 44800000 44800000 44800000 44800000 44800000 44800000 44800000 44800000 44800000 44800000 44800000 44800000 44800000 44800000 44800000 44800000 44800000 44800000 
sm   1 warp 2 0x80000178 0xffc12083 x  1  800000e0
sm   0 warp 0 0x80000108 0x0010607b lsu.w finish
[L1C] #  26690 SM 1 CACHE 1 ADDR 90000180
sm   0 warp 0 0x80000110 0xff010113 x  2  70000000
sm   0 warp 3 0x800000e8 0x020340d7 v  1 11111111111111111111111111111111 9000027c 90000278 90000274 90000270 9000026c 90000268 90000264 90000260 9000025c 90000258 90000254 90000250 9000024c 90000248 90000244 90000240 9000023c 90000238 90000234 90000230 9000022c 90000228 90000224 90000220 9000021c 90000218 90000214 90000210 9000020c 90000208 90000204 90000200 
sm   1 warp 1 0x800000e8 0x020340d7 v  1 11111111111111111111111111111111 900001fc 900001f8 900001f4 900001f0 900001ec 900001e8 900001e4 900001e0 900001dc 900001d8 900001d4 900001d0 900001cc 900001c8 900001c4 900001c0 900001bc 900001b8 900001b4 900001b0 900001ac 900001a8 900001a4 900001a0 9000019c 90000198 90000194 90000190 9000018c 90000188 90000184 90000180 
sm   0 warp 0 0x8000010c 0xff012083 lsu.r x   1 op 3 @ 70000010+fffffff0
sm   1 warp 0 0x800000f0 0xff812283 x  5  90001000
sm   0 warp 2 0x80000100 0xffc12283 x  5  90002000
sm   1 warp 3 0x80000304 0x80302573 x 10  90404000
sm   1 warp 2 0x80000180 0x00008067 x  0  80000184
sm   1 warp 2 0x80000180 0x00008067 Jump? 1  800000e0
sm   0 warp 1 0x80000100 0xffc12283 lsu.r x   5 op 3 @ 70000410+fffffffc
sm   1 warp 3 0x80000308 0x80802373 x  6  00000003
sm   1 warp 1 0x800000ec 0x0000a0fb lsu.r v  1 op 3 @ 900001fc 900001f8 900001f4 900001f0 900001ec 900001e8 900001e4 900001e0 900001dc 900001d8 900001d4 900001d0 900001cc 900001c8 900001c4 900001c0 900001bc 900001b8 900001b4 900001b0 900001ac 900001a8 900001a4 900001a0 9000019c 90000198 90000194 90000190 9000018c 90000188 90000184 90000180
sm   0 warp 0 0x8000010c 0xff012083 x  1  800000a0
sm   1 warp 0 0x800000f4 0x0202c157 v  2 11111111111111111111111111111111 900011fc 900011f8 900011f4 900011f0 900011ec 900011e8 900011e4 900011e0 900011dc 900011d8 900011d4 900011d0 900011cc 900011c8 900011c4 900011c0 900011bc 900011b8 900011b4 900011b0 900011ac 900011a8 900011a4 900011a0 9000119c 90001198 90001194 90001190 9000118c 90001188 90001184 90001180 
sm   0 warp 2 0x80000104 0x0202c057 v  0 11111111111111111111111111111111 9000227c 90002278 90002274 90002270 9000226c 90002268 90002264 90002260 9000225c 90002258 90002254 90002250 9000224c 90002248 90002244 90002240 9000223c 90002238 90002234 90002230 9000222c 90002228 90002224 90002220 9000221c 90002218 90002214 90002210 9000220c 90002208 90002204 90002200 
sm   0 warp 3 0x800000ec 0x0000a0fb lsu.r v  1 op 3 @ 9000027c 90000278 90000274 90000270 9000026c 90000268 90000264 90000260 9000025c 90000258 90000254 90000250 9000024c 90000248 90000244 90000240 9000023c 90000238 90000234 90000230 9000022c 90000228 90000224 90000220 9000021c 90000218 90000214 90000210 9000020c 90000208 90000204 90000200
sm   1 warp 1 0x800000f0 0xff812283 lsu.r x   5 op 3 @ 70000410+fffffff8
sm   0 warp 1 0x80000100 0xffc12283 x  5  90002000
sm   0 warp 0 0x80000114 0x00008067 x  0  80000118
sm   0 warp 0 0x80000114 0x00008067 Jump? 1  800000a0
sm   0 warp 3 0x800000f0 0xff812283 lsu.r x   5 op 3 @ 70000c10+fffffff8
sm   1 warp 3 0x8000030c 0x01852e03 lsu.r x  28 op 0 @ 90404000+00000018
sm   0 warp 3 0x800000ec 0x0000a0fb v  1 11111111111111111111111111111111 431f0000 431e0000 431d0000 431c0000 431b0000 431a0000 43190000 43180000 43170000 43160000 43150000 43140000 43130000 43120000 43110000 43100000 430f0000 430e0000 430d0000 430c0000 430b0000 430a0000 43090000 43080000 43070000 43060000 43050000 43040000 43030000 43020000 43010000 43000000 
sm   1 warp 1 0x800000f0 0xff812283 x  5  90001000
sm   0 warp 1 0x80000104 0x0202c057 v  0 11111111111111111111111111111111 9000227c 90002278 90002274 90002270 9000226c 90002268 90002264 90002260 9000225c 90002258 90002254 90002250 9000224c 90002248 90002244 90002240 9000223c 90002238 90002234 90002230 9000222c 90002228 90002224 90002220 9000221c 90002218 90002214 90002210 9000220c 90002208 90002204 90002200 
sm   0 warp 2 0x80000108 0x0010607b lsu.w v  1 op 3 mask 11111111111111111111111111111111 44800000 44800000 44800000 44800000 44800000 44800000 44800000 44800000 44800000 44800000 44800000 44800000 44800000 44800000 44800000 44800000 44800000 44800000 44800000 44800000 44800000 44800000 44800000 44800000 44800000 44800000 44800000 44800000 44800000 44800000 44800000 44800000 @ 9000227c 90002278 90002274 90002270 9000226c 90002268 90002264 90002260 9000225c 90002258 90002254 90002250 9000224c 90002248 90002244 90002240 9000223c 90002238 90002234 90002230 9000222c 90002228 90002224 90002220 9000221c 90002218 90002214 90002210 9000220c 90002208 90002204 90002200
sm   1 warp 0 0x800000ec 0x0000a0fb v  1 11111111111111111111111111111111 42fe0000 42fc0000 42fa0000 42f80000 42f60000 42f40000 42f20000 42f00000 42ee0000 42ec0000 42ea0000 42e80000 42e60000 42e40000 42e20000 42e00000 42de0000 42dc0000 42da0000 42d80000 42d60000 42d40000 42d20000 42d00000 42ce0000 42cc0000 42ca0000 42c80000 42c60000 42c40000 42c20000 42c00000 
sm   0 warp 3 0x800000f0 0xff812283 x  5  90001000
sm   1 warp 2 0x800000e0 0x96013057 v  0 11111111111111111111111111111111 000001fc 000001f8 000001f4 000001f0 000001ec 000001e8 000001e4 000001e0 000001dc 000001d8 000001d4 000001d0 000001cc 000001c8 000001c4 000001c0 000001bc 000001b8 000001b4 000001b0 000001ac 000001a8 000001a4 000001a0 0000019c 00000198 00000194 00000190 0000018c 00000188 00000184 00000180 
sm   1 warp 1 0x800000f4 0x0202c157 v  2 11111111111111111111111111111111 900011fc 900011f8 900011f4 900011f0 900011ec 900011e8 900011e4 900011e0 900011dc 900011d8 900011d4 900011d0 900011cc 900011c8 900011c4 900011c0 900011bc 900011b8 900011b4 900011b0 900011ac 900011a8 900011a4 900011a0 9000119c 90001198 90001194 90001190 9000118c 90001188 90001184 90001180 
sm   1 warp 0 0x800000f8 0x0001217b lsu.r v  2 op 3 @ 900011fc 900011f8 900011f4 900011f0 900011ec 900011e8 900011e4 900011e0 900011dc 900011d8 900011d4 900011d0 900011cc 900011c8 900011c4 900011c0 900011bc 900011b8 900011b4 900011b0 900011ac 900011a8 900011a4 900011a0 9000119c 90001198 90001194 90001190 9000118c 90001188 90001184 90001180
sm   0 warp 0 0x800000a0 0x0000400b endprg
sm   0 warp 2 0x8000010c 0xff012083 lsu.r x   1 op 3 @ 70000810+fffffff0
[L1C] #  26712 SM 0 CACHE 1 ADDR 90002200
sm   0 warp 2 0x80000110 0xff010113 x  2  70000800
sm   1 warp 1 0x800000ec 0x0000a0fb v  1 11111111111111111111111111111111 42fe0000 42fc0000 42fa0000 42f80000 42f60000 42f40000 42f20000 42f00000 42ee0000 42ec0000 42ea0000 42e80000 42e60000 42e40000 42e20000 42e00000 42de0000 42dc0000 42da0000 42d80000 42d60000 42d40000 42d20000 42d00000 42ce0000 42cc0000 42ca0000 42c80000 42c60000 42c40000 42c20000 42c00000 
sm   0 warp 2 0x80000108 0x0010607b lsu.w finish
sm   1 warp 3 0x80000310 0x02452e83 lsu.r x  29 op 0 @ 90404000+00000024
sm   0 warp 3 0x800000f4 0x0202c157 v  2 11111111111111111111111111111111 9000127c 90001278 90001274 90001270 9000126c 90001268 90001264 90001260 9000125c 90001258 90001254 90001250 9000124c 90001248 90001244 90001240 9000123c 90001238 90001234 90001230 9000122c 90001228 90001224 90001220 9000121c 90001218 90001214 90001210 9000120c 90001208 90001204 90001200 
[L1C] #  26715 SM 1 CACHE 1 ADDR 90001180
sm   0 warp 1 0x80000108 0x0010607b lsu.w v  1 op 3 mask 11111111111111111111111111111111 44800000 44800000 44800000 44800000 44800000 44800000 44800000 44800000 44800000 44800000 44800000 44800000 44800000 44800000 44800000 44800000 44800000 44800000 44800000 44800000 44800000 44800000 44800000 44800000 44800000 44800000 44800000 44800000 44800000 44800000 44800000 44800000 @ 9000227c 90002278 90002274 90002270 9000226c 90002268 90002264 90002260 9000225c 90002258 90002254 90002250 9000224c 90002248 90002244 90002240 9000223c 90002238 90002234 90002230 9000222c 90002228 90002224 90002220 9000221c 90002218 90002214 90002210 9000220c 90002208 90002204 90002200
sm   1 warp 3 0x8000030c 0x01852e03 x 28  00000020
sm   0 warp 2 0x8000010c 0xff012083 x  1  800000a0
sm   1 warp 2 0x800000e4 0xff412303 lsu.r x   6 op 3 @ 70000810+fffffff4
sm   0 warp 1 0x80000110 0xff010113 x  2  70000400
sm   0 warp 1 0x8000010c 0xff012083 lsu.r x   1 op 3 @ 70000410+fffffff0
sm   1 warp 3 0x80000310 0x02452e83 x 29  00000000
sm   0 warp 2 0x80000114 0x00008067 x  0  80000118
sm   0 warp 3 0x800000f8 0x0001217b lsu.r v  2 op 3 @ 9000127c 90001278 90001274 90001270 9000126c 90001268 90001264 90001260 9000125c 90001258 90001254 90001250 9000124c 90001248 90001244 90001240 9000123c 90001238 90001234 90001230 9000122c 90001228 90001224 90001220 9000121c 90001218 90001214 90001210 9000120c 90001208 90001204 90001200
sm   1 warp 1 0x800000f8 0x0001217b lsu.r v  2 op 3 @ 900011fc 900011f8 900011f4 900011f0 900011ec 900011e8 900011e4 900011e0 900011dc 900011d8 900011d4 900011d0 900011cc 900011c8 900011c4 900011c0 900011bc 900011b8 900011b4 900011b0 900011ac 900011a8 900011a4 900011a0 9000119c 90001198 90001194 90001190 9000118c 90001188 90001184 90001180
sm   0 warp 2 0x80000114 0x00008067 Jump? 1  800000a0
sm   1 warp 3 0x80000314 0x03c30fb3 x 31  00000060
sm   0 warp 1 0x8000010c 0xff012083 x  1  800000a0
sm   1 warp 2 0x800000e4 0xff412303 x  6  90000000
sm   0 warp 3 0x800000f8 0x0001217b v  2 11111111111111111111111111111111 44584000 44588000 4458c000 44590000 44594000 44598000 4459c000 445a0000 445a4000 445a8000 445ac000 445b0000 445b4000 445b8000 445bc000 445c0000 445c4000 445c8000 445cc000 445d0000 445d4000 445d8000 445dc000 445e0000 445e4000 445e8000 445ec000 445f0000 445f4000 445f8000 445fc000 44600000 
[L1C] #  26728 SM 0 CACHE 1 ADDR 90002200
sm   1 warp 3 0x80000318 0x01df8fb3 x 31  00000060
sm   0 warp 1 0x80000114 0x00008067 x  0  80000118
sm   1 warp 2 0x800000e8 0x020340d7 v  1 11111111111111111111111111111111 900001fc 900001f8 900001f4 900001f0 900001ec 900001e8 900001e4 900001e0 900001dc 900001d8 900001d4 900001d0 900001cc 900001c8 900001c4 900001c0 900001bc 900001b8 900001b4 900001b0 900001ac 900001a8 900001a4 900001a0 9000019c 90000198 90000194 90000190 9000018c 90000188 90000184 90000180 
sm   0 warp 1 0x80000114 0x00008067 Jump? 1  800000a0
sm   0 warp 1 0x80000108 0x0010607b lsu.w finish
sm   0 warp 2 0x800000a0 0x0000400b endprg
sm   1 warp 0 0x800000f8 0x0001217b v  2 11111111111111111111111111111111 44604000 44608000 4460c000 44610000 44614000 44618000 4461c000 44620000 44624000 44628000 4462c000 44630000 44634000 44638000 4463c000 44640000 44644000 44648000 4464c000 44650000 44654000 44658000 4465c000 44660000 44664000 44668000 4466c000 44670000 44674000 44678000 4467c000 44680000 
sm   1 warp 3 0x8000031c 0x020fc057 v  0 11111111111111111111111111111111 0000007f 0000007e 0000007d 0000007c 0000007b 0000007a 00000079 00000078 00000077 00000076 00000075 00000074 00000073 00000072 00000071 00000070 0000006f 0000006e 0000006d 0000006c 0000006b 0000006a 00000069 00000068 00000067 00000066 00000065 00000064 00000063 00000062 00000061 00000060 
sm   0 warp 3 0x800000fc 0x021110d7 v  1 11111111111111111111111111111111 44800000 44800000 44800000 44800000 44800000 44800000 44800000 44800000 44800000 44800000 44800000 44800000 44800000 44800000 44800000 44800000 44800000 44800000 44800000 44800000 44800000 44800000 44800000 44800000 44800000 44800000 44800000 44800000 44800000 44800000 44800000 44800000 
sm   1 warp 1 0x800000f8 0x0001217b v  2 11111111111111111111111111111111 44604000 44608000 4460c000 44610000 44614000 44618000 4461c000 44620000 44624000 44628000 4462c000 44630000 44634000 44638000 4463c000 44640000 44644000 44648000 4464c000 44650000 44654000 44658000 4465c000 44660000 44664000 44668000 4466c000 44670000 44674000 44678000 4467c000 44680000 
sm   0 warp 3 0x80000100 0xffc12283 lsu.r x   5 op 3 @ 70000c10+fffffffc
sm   1 warp 2 0x800000ec 0x0000a0fb lsu.r v  1 op 3 @ 900001fc 900001f8 900001f4 900001f0 900001ec 900001e8 900001e4 900001e0 900001dc 900001d8 900001d4 900001d0 900001cc 900001c8 900001c4 900001c0 900001bc 900001b8 900001b4 900001b0 900001ac 900001a8 900001a4 900001a0 9000019c 90000198 90000194 90000190 9000018c 90000188 90000184 90000180
sm   0 warp 1 0x800000a0 0x0000400b endprg
sm   1 warp 3 0x80000320 0xffc12083 lsu.r x   1 op 3 @ 70000c18+fffffffc
sm   1 warp 0 0x800000fc 0x021110d7 v  1 11111111111111111111111111111111 44800000 44800000 44800000 44800000 44800000 44800000 44800000 44800000 44800000 44800000 44800000 44800000 44800000 44800000 44800000 44800000 44800000 44800000 44800000 44800000 44800000 44800000 44800000 44800000 44800000 44800000 44800000 44800000 44800000 44800000 44800000 44800000 
sm   1 warp 3 0x80000324 0xffc10113 x  2  70000c14
sm   0 warp 3 0x80000100 0xffc12283 x  5  90002000
sm   1 warp 2 0x800000ec 0x0000a0fb v  1 11111111111111111111111111111111 42fe0000 42fc0000 42fa0000 42f80000 42f60000 42f40000 42f20000 42f00000 42ee0000 42ec0000 42ea0000 42e80000 42e60000 42e40000 42e20000 42e00000 42de0000 42dc0000 42da0000 42d80000 42d60000 42d40000 42d20000 42d00000 42ce0000 42cc0000 42ca0000 42c80000 42c60000 42c40000 42c20000 42c00000 
sm   1 warp 1 0x800000fc 0x021110d7 v  1 11111111111111111111111111111111 44800000 44800000 44800000 44800000 44800000 44800000 44800000 44800000 44800000 44800000 44800000 44800000 44800000 44800000 44800000 44800000 44800000 44800000 44800000 44800000 44800000 44800000 44800000 44800000 44800000 44800000 44800000 44800000 44800000 44800000 44800000 44800000 
sm   1 warp 2 0x800000f0 0xff812283 lsu.r x   5 op 3 @ 70000810+fffffff8
sm   1 warp 3 0x80000320 0xffc12083 x  1  8000015c
sm   0 warp 3 0x80000104 0x0202c057 v  0 11111111111111111111111111111111 9000227c 90002278 90002274 90002270 9000226c 90002268 90002264 90002260 9000225c 90002258 90002254 90002250 9000224c 90002248 90002244 90002240 9000223c 90002238 90002234 90002230 9000222c 90002228 90002224 90002220 9000221c 90002218 90002214 90002210 9000220c 90002208 90002204 90002200 
sm   1 warp 0 0x80000100 0xffc12283 lsu.r x   5 op 3 @ 70000010+fffffffc
sm   1 warp 2 0x800000f0 0xff812283 x  5  90001000
sm   1 warp 3 0x80000328 0x00008067 x  0  8000032c
sm   1 warp 3 0x80000328 0x00008067 Jump? 1  8000015c
sm   1 warp 1 0x80000100 0xffc12283 lsu.r x   5 op 3 @ 70000410+fffffffc
sm   0 warp 3 0x80000108 0x0010607b lsu.w v  1 op 3 mask 11111111111111111111111111111111 44800000 44800000 44800000 44800000 44800000 44800000 44800000 44800000 44800000 44800000 44800000 44800000 44800000 44800000 44800000 44800000 44800000 44800000 44800000 44800000 44800000 44800000 44800000 44800000 44800000 44800000 44800000 44800000 44800000 44800000 44800000 44800000 @ 9000227c 90002278 90002274 90002270 9000226c 90002268 90002264 90002260 9000225c 90002258 90002254 90002250 9000224c 90002248 90002244 90002240 9000223c 90002238 90002234 90002230 9000222c 90002228 90002224 90002220 9000221c 90002218 90002214 90002210 9000220c 90002208 90002204 90002200
sm   1 warp 0 0x80000100 0xffc12283 x  5  90002000
sm   1 warp 2 0x800000f4 0x0202c157 v  2 11111111111111111111111111111111 900011fc 900011f8 900011f4 900011f0 900011ec 900011e8 900011e4 900011e0 900011dc 900011d8 900011d4 900011d0 900011cc 900011c8 900011c4 900011c0 900011bc 900011b8 900011b4 900011b0 900011ac 900011a8 900011a4 900011a0 9000119c 90001198 90001194 90001190 9000118c 90001188 90001184 90001180 
sm   1 warp 1 0x80000100 0xffc12283 x  5  90002000
sm   0 warp 3 0x8000010c 0xff012083 lsu.r x   1 op 3 @ 70000c10+fffffff0
[L1C] #  26758 SM 0 CACHE 1 ADDR 90002200
sm   1 warp 0 0x80000104 0x0202c057 v  0 11111111111111111111111111111111 900021fc 900021f8 900021f4 900021f0 900021ec 900021e8 900021e4 900021e0 900021dc 900021d8 900021d4 900021d0 900021cc 900021c8 900021c4 900021c0 900021bc 900021b8 900021b4 900021b0 900021ac 900021a8 900021a4 900021a0 9000219c 90002198 90002194 90002190 9000218c 90002188 90002184 90002180 
sm   0 warp 3 0x80000108 0x0010607b lsu.w finish
sm   0 warp 3 0x80000110 0xff010113 x  2  70000c00
sm   1 warp 3 0x8000015c 0x0180006f x  0  80000160
sm   1 warp 2 0x800000f8 0x0001217b lsu.r v  2 op 3 @ 900011fc 900011f8 900011f4 900011f0 900011ec 900011e8 900011e4 900011e0 900011dc 900011d8 900011d4 900011d0 900011cc 900011c8 900011c4 900011c0 900011bc 900011b8 900011b4 900011b0 900011ac 900011a8 900011a4 900011a0 9000119c 90001198 90001194 90001190 9000118c 90001188 90001184 90001180
sm   1 warp 3 0x8000015c 0x0180006f Jump? 1  80000174
sm   0 warp 3 0x8000010c 0xff012083 x  1  800000a0
sm   1 warp 1 0x80000104 0x0202c057 v  0 11111111111111111111111111111111 900021fc 900021f8 900021f4 900021f0 900021ec 900021e8 900021e4 900021e0 900021dc 900021d8 900021d4 900021d0 900021cc 900021c8 900021c4 900021c0 900021bc 900021b8 900021b4 900021b0 900021ac 900021a8 900021a4 900021a0 9000219c 90002198 90002194 90002190 9000218c 90002188 90002184 90002180 
sm   1 warp 0 0x80000108 0x0010607b lsu.w v  1 op 3 mask 11111111111111111111111111111111 44800000 44800000 44800000 44800000 44800000 44800000 44800000 44800000 44800000 44800000 44800000 44800000 44800000 44800000 44800000 44800000 44800000 44800000 44800000 44800000 44800000 44800000 44800000 44800000 44800000 44800000 44800000 44800000 44800000 44800000 44800000 44800000 @ 900021fc 900021f8 900021f4 900021f0 900021ec 900021e8 900021e4 900021e0 900021dc 900021d8 900021d4 900021d0 900021cc 900021c8 900021c4 900021c0 900021bc 900021b8 900021b4 900021b0 900021ac 900021a8 900021a4 900021a0 9000219c 90002198 90002194 90002190 9000218c 90002188 90002184 90002180
sm   0 warp 3 0x80000114 0x00008067 x  0  80000118
sm   1 warp 2 0x800000f8 0x0001217b v  2 11111111111111111111111111111111 44604000 44608000 4460c000 44610000 44614000 44618000 4461c000 44620000 44624000 44628000 4462c000 44630000 44634000 44638000 4463c000 44640000 44644000 44648000 4464c000 44650000 44654000 44658000 4465c000 44660000 44664000 44668000 4466c000 44670000 44674000 44678000 4467c000 44680000 
sm   1 warp 3 0x80000174 0x0000205b Jump? 0  00000000
sm   1 warp 3 0x80000174 0x0000205b join    mask and npc:    00111101101101011100110011111000 0x6e2d0255 pop stack ? 0
sm   0 warp 3 0x80000114 0x00008067 Jump? 1  800000a0
sm   1 warp 1 0x80000108 0x0010607b lsu.w v  1 op 3 mask 11111111111111111111111111111111 44800000 44800000 44800000 44800000 44800000 44800000 44800000 44800000 44800000 44800000 44800000 44800000 44800000 44800000 44800000 44800000 44800000 44800000 44800000 44800000 44800000 44800000 44800000 44800000 44800000 44800000 44800000 44800000 44800000 44800000 44800000 44800000 @ 900021fc 900021f8 900021f4 900021f0 900021ec 900021e8 900021e4 900021e0 900021dc 900021d8 900021d4 900021d0 900021cc 900021c8 900021c4 900021c0 900021bc 900021b8 900021b4 900021b0 900021ac 900021a8 900021a4 900021a0 9000219c 90002198 90002194 90002190 9000218c 90002188 90002184 90002180
[L1C] #  26770 SM 1 CACHE 1 ADDR 90002180
sm   1 warp 0 0x80000108 0x0010607b lsu.w finish
sm   1 warp 0 0x80000110 0xff010113 x  2  70000000
sm   1 warp 0 0x8000010c 0xff012083 lsu.r x   1 op 3 @ 70000010+fffffff0
[L1C] #  26774 SM 1 CACHE 1 ADDR 90002180
sm   1 warp 2 0x800000fc 0x021110d7 v  1 11111111111111111111111111111111 44800000 44800000 44800000 44800000 44800000 44800000 44800000 44800000 44800000 44800000 44800000 44800000 44800000 44800000 44800000 44800000 44800000 44800000 44800000 44800000 44800000 44800000 44800000 44800000 44800000 44800000 44800000 44800000 44800000 44800000 44800000 44800000 
sm   0 warp 3 0x800000a0 0x0000400b endprg
sm   1 warp 1 0x80000108 0x0010607b lsu.w finish
sm   1 warp 1 0x80000110 0xff010113 x  2  70000400
sm   1 warp 1 0x8000010c 0xff012083 lsu.r x   1 op 3 @ 70000410+fffffff0
sm   1 warp 0 0x8000010c 0xff012083 x  1  800000a0
sm   1 warp 3 0x8000017c 0xffc10113 x  2  70000c10
sm   1 warp 3 0x80000178 0xffc12083 lsu.r x   1 op 3 @ 70000c14+fffffffc
[L1C] #  26783 SM 0 CACHE 1 ADDR 9d0f7f80
sm   1 warp 1 0x8000010c 0xff012083 x  1  800000a0
sm   1 warp 0 0x80000114 0x00008067 x  0  80000118
sm   1 warp 2 0x80000100 0xffc12283 lsu.r x   5 op 3 @ 70000810+fffffffc
sm   1 warp 0 0x80000114 0x00008067 Jump? 1  800000a0
sm   1 warp 3 0x80000178 0xffc12083 x  1  800000e0
sm   1 warp 1 0x80000114 0x00008067 x  0  80000118
sm   1 warp 1 0x80000114 0x00008067 Jump? 1  800000a0
sm   1 warp 2 0x80000100 0xffc12283 x  5  90002000
sm   1 warp 0 0x800000a0 0x0000400b endprg
sm   1 warp 3 0x80000180 0x00008067 x  0  80000184
sm   1 warp 3 0x80000180 0x00008067 Jump? 1  800000e0
sm   1 warp 2 0x80000104 0x0202c057 v  0 11111111111111111111111111111111 900021fc 900021f8 900021f4 900021f0 900021ec 900021e8 900021e4 900021e0 900021dc 900021d8 900021d4 900021d0 900021cc 900021c8 900021c4 900021c0 900021bc 900021b8 900021b4 900021b0 900021ac 900021a8 900021a4 900021a0 9000219c 90002198 90002194 90002190 9000218c 90002188 90002184 90002180 
sm   1 warp 1 0x800000a0 0x0000400b endprg
sm   1 warp 2 0x80000108 0x0010607b lsu.w v  1 op 3 mask 11111111111111111111111111111111 44800000 44800000 44800000 44800000 44800000 44800000 44800000 44800000 44800000 44800000 44800000 44800000 44800000 44800000 44800000 44800000 44800000 44800000 44800000 44800000 44800000 44800000 44800000 44800000 44800000 44800000 44800000 44800000 44800000 44800000 44800000 44800000 @ 900021fc 900021f8 900021f4 900021f0 900021ec 900021e8 900021e4 900021e0 900021dc 900021d8 900021d4 900021d0 900021cc 900021c8 900021c4 900021c0 900021bc 900021b8 900021b4 900021b0 900021ac 900021a8 900021a4 900021a0 9000219c 90002198 90002194 90002190 9000218c 90002188 90002184 90002180
sm   1 warp 2 0x8000010c 0xff012083 lsu.r x   1 op 3 @ 70000810+fffffff0
sm   1 warp 3 0x800000e0 0x96013057 v  0 11111111111111111111111111111111 000001fc 000001f8 000001f4 000001f0 000001ec 000001e8 000001e4 000001e0 000001dc 000001d8 000001d4 000001d0 000001cc 000001c8 000001c4 000001c0 000001bc 000001b8 000001b4 000001b0 000001ac 000001a8 000001a4 000001a0 0000019c 00000198 00000194 00000190 0000018c 00000188 00000184 00000180 
sm   1 warp 2 0x80000108 0x0010607b lsu.w finish
sm   1 warp 2 0x80000110 0xff010113 x  2  70000800
sm   1 warp 2 0x8000010c 0xff012083 x  1  800000a0
sm   1 warp 3 0x800000e4 0xff412303 lsu.r x   6 op 3 @ 70000c10+fffffff4
sm   1 warp 2 0x80000114 0x00008067 x  0  80000118
sm   1 warp 2 0x80000114 0x00008067 Jump? 1  800000a0
sm   1 warp 3 0x800000e4 0xff412303 x  6  90000000
sm   1 warp 3 0x800000e8 0x020340d7 v  1 11111111111111111111111111111111 900001fc 900001f8 900001f4 900001f0 900001ec 900001e8 900001e4 900001e0 900001dc 900001d8 900001d4 900001d0 900001cc 900001c8 900001c4 900001c0 900001bc 900001b8 900001b4 900001b0 900001ac 900001a8 900001a4 900001a0 9000019c 90000198 90000194 90000190 9000018c 90000188 90000184 90000180 
sm   1 warp 2 0x800000a0 0x0000400b endprg
sm   1 warp 3 0x800000ec 0x0000a0fb lsu.r v  1 op 3 @ 900001fc 900001f8 900001f4 900001f0 900001ec 900001e8 900001e4 900001e0 900001dc 900001d8 900001d4 900001d0 900001cc 900001c8 900001c4 900001c0 900001bc 900001b8 900001b4 900001b0 900001ac 900001a8 900001a4 900001a0 9000019c 90000198 90000194 90000190 9000018c 90000188 90000184 90000180
sm   1 warp 3 0x800000f0 0xff812283 lsu.r x   5 op 3 @ 70000c10+fffffff8
sm   1 warp 3 0x800000ec 0x0000a0fb v  1 11111111111111111111111111111111 42fe0000 42fc0000 42fa0000 42f80000 42f60000 42f40000 42f20000 42f00000 42ee0000 42ec0000 42ea0000 42e80000 42e60000 42e40000 42e20000 42e00000 42de0000 42dc0000 42da0000 42d80000 42d60000 42d40000 42d20000 42d00000 42ce0000 42cc0000 42ca0000 42c80000 42c60000 42c40000 42c20000 42c00000 
sm   1 warp 3 0x800000f0 0xff812283 x  5  90001000
sm   1 warp 3 0x800000f4 0x0202c157 v  2 11111111111111111111111111111111 900011fc 900011f8 900011f4 900011f0 900011ec 900011e8 900011e4 900011e0 900011dc 900011d8 900011d4 900011d0 900011cc 900011c8 900011c4 900011c0 900011bc 900011b8 900011b4 900011b0 900011ac 900011a8 900011a4 900011a0 9000119c 90001198 90001194 90001190 9000118c 90001188 90001184 90001180 
sm   1 warp 3 0x800000f8 0x0001217b lsu.r v  2 op 3 @ 900011fc 900011f8 900011f4 900011f0 900011ec 900011e8 900011e4 900011e0 900011dc 900011d8 900011d4 900011d0 900011cc 900011c8 900011c4 900011c0 900011bc 900011b8 900011b4 900011b0 900011ac 900011a8 900011a4 900011a0 9000119c 90001198 90001194 90001190 9000118c 90001188 90001184 90001180
sm   1 warp 3 0x800000f8 0x0001217b v  2 11111111111111111111111111111111 44604000 44608000 4460c000 44610000 44614000 44618000 4461c000 44620000 44624000 44628000 4462c000 44630000 44634000 44638000 4463c000 44640000 44644000 44648000 4464c000 44650000 44654000 44658000 4465c000 44660000 44664000 44668000 4466c000 44670000 44674000 44678000 4467c000 44680000 
sm   1 warp 3 0x800000fc 0x021110d7 v  1 11111111111111111111111111111111 44800000 44800000 44800000 44800000 44800000 44800000 44800000 44800000 44800000 44800000 44800000 44800000 44800000 44800000 44800000 44800000 44800000 44800000 44800000 44800000 44800000 44800000 44800000 44800000 44800000 44800000 44800000 44800000 44800000 44800000 44800000 44800000 
sm   1 warp 3 0x80000100 0xffc12283 lsu.r x   5 op 3 @ 70000c10+fffffffc
sm   1 warp 3 0x80000100 0xffc12283 x  5  90002000
sm   1 warp 3 0x80000104 0x0202c057 v  0 11111111111111111111111111111111 900021fc 900021f8 900021f4 900021f0 900021ec 900021e8 900021e4 900021e0 900021dc 900021d8 900021d4 900021d0 900021cc 900021c8 900021c4 900021c0 900021bc 900021b8 900021b4 900021b0 900021ac 900021a8 900021a4 900021a0 9000219c 90002198 90002194 90002190 9000218c 90002188 90002184 90002180 
sm   1 warp 3 0x80000108 0x0010607b lsu.w v  1 op 3 mask 11111111111111111111111111111111 44800000 44800000 44800000 44800000 44800000 44800000 44800000 44800000 44800000 44800000 44800000 44800000 44800000 44800000 44800000 44800000 44800000 44800000 44800000 44800000 44800000 44800000 44800000 44800000 44800000 44800000 44800000 44800000 44800000 44800000 44800000 44800000 @ 900021fc 900021f8 900021f4 900021f0 900021ec 900021e8 900021e4 900021e0 900021dc 900021d8 900021d4 900021d0 900021cc 900021c8 900021c4 900021c0 900021bc 900021b8 900021b4 900021b0 900021ac 900021a8 900021a4 900021a0 9000219c 90002198 90002194 90002190 9000218c 90002188 90002184 90002180
sm   1 warp 3 0x8000010c 0xff012083 lsu.r x   1 op 3 @ 70000c10+fffffff0
sm   1 warp 3 0x80000110 0xff010113 x  2  70000c00
sm   1 warp 3 0x8000010c 0xff012083 x  1  800000a0
sm   1 warp 3 0x80000114 0x00008067 x  0  80000118
sm   1 warp 3 0x80000114 0x00008067 Jump? 1  800000a0
sm   1 warp 3 0x800000a0 0x0000400b endprg
[L1C] #  28834 SM 1 CACHE 1 ADDR 90002180
[L1C] #  28845 SM 0 CACHE 1 ADDR 9d0f7f80
sm   1 warp 3 0x80000108 0x0010607b lsu.w finish
[L1C] #  30896 SM 1 CACHE 1 ADDR 90002180
[L1C] #  30907 SM 1 CACHE 1 ADDR 8ac57f80
