id,group,key,name_cn,scope,provenance,baseline,impact_and_coupling,source_path,source_line,source_url,evidence,evidence_status,optimization_role,candidate_axis_group,alternative_implementation_status
V001,组织与驻留,sm_count,SM 数量,core,P,2,全局并行与内存争用,ventus/src/top/parameters.scala,7,https://github.com/THU-DSP-LAB/ventus-gpgpu/blob/681172541a8a34ffb43c483a19c075acbc11a4eb/ventus/src/top/parameters.scala#L7,def num_sm = 2,static_source,candidate_axis,sm_count,proposal_only
V002,组织与驻留,cluster_count,cluster 数量,core,P,1,SM 分组和互连扇入；num_sm 必须可整除,ventus/src/top/parameters.scala,27,https://github.com/THU-DSP-LAB/ventus-gpgpu/blob/681172541a8a34ffb43c483a19c075acbc11a4eb/ventus/src/top/parameters.scala#L27,def num_cluster = 1,static_source,candidate_axis,cluster_count,proposal_only
V003,组织与驻留,warp_slots,每 SM 驻留 warp 槽,core,P,8,隐藏延迟；当前同时绑定多项资源,ventus/src/top/parameters.scala,8,https://github.com/THU-DSP-LAB/ventus-gpgpu/blob/681172541a8a34ffb43c483a19c075acbc11a4eb/ventus/src/top/parameters.scala#L8,var num_warp = 8,static_source,candidate_axis,warp_slots,proposal_only
V004,组织与驻留,warp_threads,逻辑 warp 宽度,core,P,32,线程打包、掩码和协同粒度；更改需软件一致,ventus/src/top/parameters.scala,9,https://github.com/THU-DSP-LAB/ventus-gpgpu/blob/681172541a8a34ffb43c483a19c075acbc11a4eb/ventus/src/top/parameters.scala#L9,var num_thread = 32,static_source,candidate_axis,warp_threads,proposal_only
V005,组织与驻留,block_slots,每 SM 驻留 WG 槽,core,P,8,block 并发上限；须不超过 warp 数,ventus/src/top/parameters.scala,53,https://github.com/THU-DSP-LAB/ventus-gpgpu/blob/681172541a8a34ffb43c483a19c075acbc11a4eb/ventus/src/top/parameters.scala#L53,def num_block = 8// not bigger than num_warp,static_source,candidate_axis,block_slots,proposal_only
V006,组织与驻留,warps_per_block_limit,每 WG warp 上限,core,P,num_warp=8,当前绑定 warp_slots，可解耦候选,ventus/src/top/parameters.scala,55,https://github.com/THU-DSP-LAB/ventus-gpgpu/blob/681172541a8a34ffb43c483a19c075acbc11a4eb/ventus/src/top/parameters.scala#L55,def num_warp_in_a_block = num_warp,static_source,candidate_axis,warp_slots,proposal_only
V007,组织与驻留,vgpr_vector_slots,每 SM 向量寄存器槽,core,P,128*num_warp=1024,每槽含 num_thread 个32位元素；绑定 warp 数,ventus/src/top/parameters.scala,20,https://github.com/THU-DSP-LAB/ventus-gpgpu/blob/681172541a8a34ffb43c483a19c075acbc11a4eb/ventus/src/top/parameters.scala#L20,def num_vgpr:Int = 128*num_warp,static_source,candidate_axis,warp_slots,proposal_only
V008,组织与驻留,sgpr_scalar_slots,每 SM 标量寄存器槽,core,P,256*num_warp=2048,寄存器驻留限制；绑定 warp 数,ventus/src/top/parameters.scala,21,https://github.com/THU-DSP-LAB/ventus-gpgpu/blob/681172541a8a34ffb43c483a19c075acbc11a4eb/ventus/src/top/parameters.scala#L21,def num_sgpr:Int = 256*num_warp,static_source,candidate_axis,warp_slots,proposal_only
V009,组织与驻留,lds_rows,共享内存行数,core,P,1024,LDS 容量与 occupancy；容量还取决于行宽,ventus/src/top/parameters.scala,93,https://github.com/THU-DSP-LAB/ventus-gpgpu/blob/681172541a8a34ffb43c483a19c075acbc11a4eb/ventus/src/top/parameters.scala#L93,def sharedmem_depth = 1024,static_source,candidate_axis,lds_rows,proposal_only
V010,组织与驻留,mmu_enable,MMU 启用,core,P,false,决定是否启用 TLB/PTW 整条路径,ventus/src/top/parameters.scala,15,https://github.com/THU-DSP-LAB/ventus-gpgpu/blob/681172541a8a34ffb43c483a19c075acbc11a4eb/ventus/src/top/parameters.scala#L15,val MMU_ENABLED: Boolean = false,static_source,candidate_axis,mmu_enable,proposal_only
V011,CTA 分配与回收,pending_wg_depth,待分配 WG 表深度,core,P,8,提交吸收与分配器背压,ventus/src/top/parameters.scala,191,https://github.com/THU-DSP-LAB/ventus-gpgpu/blob/681172541a8a34ffb43c483a19c075acbc11a4eb/ventus/src/top/parameters.scala#L191,val NUM_ENTRIES = 8,static_source,candidate_axis,pending_wg_depth,proposal_only
V012,CTA 分配与回收,resource_result_count,每资源表保留空洞数,core,P,2,候选空闲段摘要；精细分配仍需扫描,ventus/src/top/parameters.scala,194,https://github.com/THU-DSP-LAB/ventus-gpgpu/blob/681172541a8a34ffb43c483a19c075acbc11a4eb/ventus/src/top/parameters.scala#L194,val NUM_RESULT = 2,static_source,candidate_axis,resource_result_count,proposal_only
V013,CTA 分配与回收,cu_scan_width,每周期检查 SM 数,core,H,1,可参数化检查并行度，涉及 FSM 改造,ventus/src/cta/allocator.scala,124,https://github.com/THU-DSP-LAB/ventus-gpgpu/blob/681172541a8a34ffb43c483a19c075acbc11a4eb/ventus/src/cta/allocator.scala#L124,val RESOURCE_CHECK_CU_STEP = 1  // how many CU is check in one clock cycle (FSM.RESOURCE_CHECK),static_source,candidate_axis,cu_scan_width,proposal_only
V014,CTA 分配与回收,cu_preference,SM 选择策略,core,H,从上次分配 SM 的后继开始,影响负载分配和 cache locality,ventus/src/cta/allocator.scala,224,https://github.com/THU-DSP-LAB/ventus-gpgpu/blob/681172541a8a34ffb43c483a19c075acbc11a4eb/ventus/src/cta/allocator.scala#L224,// FSM.CU_PREFER: generate preferred CU ID. Currently we prefer CU after the last allocated CU,static_source,candidate_axis,cu_preference,proposal_only
V015,CTA 分配与回收,resource_allocation_policy,资源空洞选择规则,core,H,best fit空洞,选满足WG大小的最小段；必须保留碎片化,ventus/src/cta/resource_table.scala,305,https://github.com/THU-DSP-LAB/ventus-gpgpu/blob/681172541a8a34ffb43c483a19c075acbc11a4eb/ventus/src/cta/resource_table.scala#L305,val result_update = (size >= wgsize) && (size < fsm_a_found_size),static_source,candidate_axis,resource_allocation_policy,proposal_only
V016,CTA 分配与回收,resource_handler_group,一组 handler 管理 SM 数,core,P,1,增加共享度改变资源表服务瓶颈,ventus/src/cta/resource_table.scala,620,https://github.com/THU-DSP-LAB/ventus-gpgpu/blob/681172541a8a34ffb43c483a19c075acbc11a4eb/ventus/src/cta/resource_table.scala#L620,class resource_table_top(val NUM_CU_PER_GROUP: Int = 1) extends Module {,static_source,candidate_axis,resource_handler_group,proposal_only
V017,CTA 分配与回收,resource_scan_pipeline,资源表扫描流水,core,C,指针、取数、空洞计算排序,保留逐段处理与填排空；总延迟依活跃 WG,ventus/src/cta/resource_table.scala,468,https://github.com/THU-DSP-LAB/ventus-gpgpu/blob/681172541a8a34ffb43c483a19c075acbc11a4eb/ventus/src/cta/resource_table.scala#L468,// pipeline stage 2: resource segment size calc & sort,needs_calibration,fixed_behavior_or_calibration,,not_applicable
V018,CTA 分配与回收,alloc_dealloc_priority,分配和回收优先级,core,H,可抢占扫描；分配优先,不同请求竞争改变分配可见时刻,ventus/src/cta/resource_table.scala,141,https://github.com/THU-DSP-LAB/ventus-gpgpu/blob/681172541a8a34ffb43c483a19c075acbc11a4eb/ventus/src/cta/resource_table.scala#L141,val alloc_same_cu_valid = io.alloc.valid && (cu_sel === io.alloc.bits.cu_id_local) // There is a alloc req which is able to preempt,static_source,candidate_axis,alloc_dealloc_priority,proposal_only
V019,CTA 分配与回收,slot_dealloc_queue,资源槽回收队列深度,core,H,2,回收背压,ventus/src/cta/resource_table.scala,769,https://github.com/THU-DSP-LAB/ventus-gpgpu/blob/681172541a8a34ffb43c483a19c075acbc11a4eb/ventus/src/cta/resource_table.scala#L769,"val slot_dealloc = Module(new Queue(new io_rt2dealloc, 2))",static_source,candidate_axis,slot_dealloc_queue,proposal_only
V020,CTA 分配与回收,baseaddr_queue,LDS/SGPR/VGPR 基址队列深度族,core,H,各1，pipe和flow开启,三条同结构队列作为一个模板字段,ventus/src/cta/resource_table.scala,853,https://github.com/THU-DSP-LAB/ventus-gpgpu/blob/681172541a8a34ffb43c483a19c075acbc11a4eb/ventus/src/cta/resource_table.scala#L853,"val baseaddr_lds_reg  = Queue(handler_lds_io(PriorityEncoder(baseaddr_lds_valid)).baseaddr  , entries=1, pipe=true, flow=true)",static_source,candidate_axis,baseaddr_queue,proposal_only
V021,CTA 分配与回收,cta_dispatch_queue,CTA 到 SM 分发队列深度,core,H,2,block 分配与逐 warp 派发的解耦,ventus/src/cta/cu_interface.scala,46,https://github.com/THU-DSP-LAB/ventus-gpgpu/blob/681172541a8a34ffb43c483a19c075acbc11a4eb/ventus/src/cta/cu_interface.scala#L46,"val fifo = Module(new Queue(new cta_data, 2))",static_source,candidate_axis,cta_dispatch_queue,proposal_only
V022,CTA 分配与回收,warp_dispatch_width,CTA splitter 派发宽度,core,H,每次1个 warp,block 启动服务，不可假设全 warp 同周期就绪,ventus/src/cta/cu_interface.scala,71,https://github.com/THU-DSP-LAB/ventus-gpgpu/blob/681172541a8a34ffb43c483a19c075acbc11a4eb/ventus/src/cta/cu_interface.scala#L71,val splitter_cnt = RegInit(0.U(log2Ceil(NUM_WF_MAX + 1).W)),static_source,candidate_axis,warp_dispatch_width,proposal_only
V023,CTA 分配与回收,warp_slot_policy,SM 内空闲 warp 槽选择,core,H,低位优先,硬件 warp ID 改变 RF bank 与取指优先级,ventus/src/pipeline/CTA2warp.scala,59,https://github.com/THU-DSP-LAB/ventus-gpgpu/blob/681172541a8a34ffb43c483a19c075acbc11a4eb/ventus/src/pipeline/CTA2warp.scala#L59,val idx_next_allocate = PriorityEncoder(~idx_using),static_source,fixed_behavior_or_calibration,,not_applicable
V024,CTA 分配与回收,warp_done_queue,warp 完成回报 FIFO 深度,core,H,16,隐藏的硬编码队列，回收路径仍要求 ready,ventus/src/pipeline/CTA2warp.scala,73,https://github.com/THU-DSP-LAB/ventus-gpgpu/blob/681172541a8a34ffb43c483a19c075acbc11a4eb/ventus/src/pipeline/CTA2warp.scala#L73,"val CTArsp_fifo = Queue(io.warpRsp, 16)",static_source,candidate_axis,warp_done_queue,proposal_only
V025,CTA 分配与回收,completion_arbitration,跨 SM 完成回报仲裁,core,H,round robin,完成吞吐与资源回收时刻,ventus/src/cta/cu_interface.scala,154,https://github.com/THU-DSP-LAB/ventus-gpgpu/blob/681172541a8a34ffb43c483a19c075acbc11a4eb/ventus/src/cta/cu_interface.scala#L154,"val arb_inst = Module(new RRArbiter[io_cu2cuinterface](new io_cu2cuinterface, NUM_CU))",static_source,candidate_axis,completion_arbitration,proposal_only
V026,CTA 分配与回收,completion_service,完成与回收 FSM,core,C,GET_WF→UPDATE→必要时 DEALLOC,每个 warp 回报占用服务周期；不简化为0,ventus/src/cta/cu_interface.scala,230,https://github.com/THU-DSP-LAB/ventus-gpgpu/blob/681172541a8a34ffb43c483a19c075acbc11a4eb/ventus/src/cta/cu_interface.scala#L230,"FSM.GET_WF.asUInt -> Mux(arb_inst.io.out.fire, FSM.UPDATE, fsm),",needs_calibration,fixed_behavior_or_calibration,,not_applicable
V027,CTA 分配与回收,wg_buffer_policy,WG 表入队及候选选择,core,H,RRPriorityEncoder,队列竞争与公平性；空位分配也用 RR,ventus/src/cta/wg_buffer.scala,73,https://github.com/THU-DSP-LAB/ventus-gpgpu/blob/681172541a8a34ffb43c483a19c075acbc11a4eb/ventus/src/cta/wg_buffer.scala#L73,val wgram1_rd_next = RRPriorityEncoder(wgram_valid & ~wgram_alloc),static_source,candidate_axis,wg_buffer_policy,proposal_only
V028,取指与指令分发,fetch_words,每次取指指令数,core,P,2,要求2的幂；决定包宽，不等同每 warp 双发射,ventus/src/top/parameters.scala,38,https://github.com/THU-DSP-LAB/ventus-gpgpu/blob/681172541a8a34ffb43c483a19c075acbc11a4eb/ventus/src/top/parameters.scala#L38,def num_fetch = 2,static_source,candidate_axis,fetch_words,proposal_only
V029,取指与指令分发,ibuffer_packets,每 warp 指令包 FIFO 深度,core,P,2包,每包 num_fetch 条；另有 SlowDown 寄存器,ventus/src/top/parameters.scala,45,https://github.com/THU-DSP-LAB/ventus-gpgpu/blob/681172541a8a34ffb43c483a19c075acbc11a4eb/ventus/src/top/parameters.scala#L45,def size_ibuffer = 2,static_source,candidate_axis,ibuffer_packets,proposal_only
V030,取指与指令分发,fetch_requests,每 SM 取指请求宽度,core,H,1,一条 ICache 请求通道,ventus/src/pipeline/warp_schedule.scala,187,https://github.com/THU-DSP-LAB/ventus-gpgpu/blob/681172541a8a34ffb43c483a19c075acbc11a4eb/ventus/src/pipeline/warp_schedule.scala#L187,io.pc_req.valid:=pc_ready(next_warp),static_source,candidate_axis,fetch_requests,proposal_only
V031,取指与指令分发,fetch_warp_policy,取指 warp 选择,core,H,就绪 warp 中低 ID 优先,反向循环赋值导致低 ID 覆盖；与发射 RR 区别明显,ventus/src/pipeline/warp_schedule.scala,185,https://github.com/THU-DSP-LAB/ventus-gpgpu/blob/681172541a8a34ffb43c483a19c075acbc11a4eb/ventus/src/pipeline/warp_schedule.scala#L185,when(pc_ready(i)){next_warp:=i.asUInt},static_source,candidate_axis,fetch_warp_policy,proposal_only
V032,取指与指令分发,fetch_eligibility,取指准入规则,core,H,active 且 ibuffer ready,取指可前推，不直接用 scoreboard_busy 门控,ventus/src/pipeline/warp_schedule.scala,184,https://github.com/THU-DSP-LAB/ventus-gpgpu/blob/681172541a8a34ffb43c483a19c075acbc11a4eb/ventus/src/pipeline/warp_schedule.scala#L184,pc_ready(i):= io.pc_ibuffer_ready(i) & warp_active(i),static_source,fixed_behavior_or_calibration,,not_applicable
V033,取指与指令分发,packet_unpack_width,每 warp 指令包拆分宽度,core,H,每次1条,限制同 warp 分发顺序,ventus/src/pipeline/ibuffer.scala,149,https://github.com/THU-DSP-LAB/ventus-gpgpu/blob/681172541a8a34ffb43c483a19c075acbc11a4eb/ventus/src/pipeline/ibuffer.scala#L149,val ptr = PriorityEncoder(mask_reg),static_source,fixed_behavior_or_calibration,,not_applicable
V034,取指与指令分发,packet_unpack_storage,拆包暂存容量,core,H,每 warp 1包,须与指令 FIFO 一起考虑可缓存指令数,ventus/src/pipeline/ibuffer.scala,147,https://github.com/THU-DSP-LAB/ventus-gpgpu/blob/681172541a8a34ffb43c483a19c075acbc11a4eb/ventus/src/pipeline/ibuffer.scala#L147,val control_reg = RegInit(0.U.asTypeOf(io.in.bits.control)),static_source,fixed_behavior_or_calibration,,not_applicable
V035,取指与指令分发,scalar_dispatch_width,到 collector 的标量分发宽度,core,H,1,可与另一 warp 的向量分发并行,ventus/src/pipeline/ibuffer.scala,64,https://github.com/THU-DSP-LAB/ventus-gpgpu/blob/681172541a8a34ffb43c483a19c075acbc11a4eb/ventus/src/pipeline/ibuffer.scala#L64,"val rrarbit_x=Module(new RRArbiter(new CtrlSigs(),num_warp))",static_source,candidate_axis,scalar_dispatch_width,proposal_only
V036,取指与指令分发,vector_dispatch_width,到 collector 的向量类分发宽度,core,H,1,向量类含访存、FP、SFU、TC 和 MUL,ventus/src/pipeline/ibuffer.scala,65,https://github.com/THU-DSP-LAB/ventus-gpgpu/blob/681172541a8a34ffb43c483a19c075acbc11a4eb/ventus/src/pipeline/ibuffer.scala#L65,"val rrarbit_v=Module(new RRArbiter(new CtrlSigs(),num_warp))",static_source,candidate_axis,vector_dispatch_width,proposal_only
V037,取指与指令分发,scalar_dispatch_policy,标量 warp 分发策略,core,H,round robin,选择就绪 warp,ventus/src/pipeline/ibuffer.scala,64,https://github.com/THU-DSP-LAB/ventus-gpgpu/blob/681172541a8a34ffb43c483a19c075acbc11a4eb/ventus/src/pipeline/ibuffer.scala#L64,"val rrarbit_x=Module(new RRArbiter(new CtrlSigs(),num_warp))",static_source,candidate_axis,scalar_dispatch_policy,proposal_only
V038,取指与指令分发,vector_dispatch_policy,向量 warp 分发策略,core,H,round robin,与标量类独立仲裁,ventus/src/pipeline/ibuffer.scala,65,https://github.com/THU-DSP-LAB/ventus-gpgpu/blob/681172541a8a34ffb43c483a19c075acbc11a4eb/ventus/src/pipeline/ibuffer.scala#L65,"val rrarbit_v=Module(new RRArbiter(new CtrlSigs(),num_warp))",static_source,candidate_axis,vector_dispatch_policy,proposal_only
V039,取指与指令分发,instruction_class_routing,指令类别到 X/V 路由,core,H,mem/fp/mul/sfu/tc 归 V,标量 load/FP 也会争用向量类资源,ventus/src/pipeline/ibuffer.scala,70,https://github.com/THU-DSP-LAB/ventus-gpgpu/blob/681172541a8a34ffb43c483a19c075acbc11a4eb/ventus/src/pipeline/ibuffer.scala#L70,when(in.tc || in.fp || in.mul || in.sfu || in.mem) {,static_source,fixed_behavior_or_calibration,,not_applicable
V040,取指与指令分发,branch_flush_scope,分支重定向丢弃范围,core,H,对应 warp 指令与取指流水,回收错误路径取指，影响分支代价,ventus/src/pipeline/pipe.scala,193,https://github.com/THU-DSP-LAB/ventus-gpgpu/blob/681172541a8a34ffb43c483a19c075acbc11a4eb/ventus/src/pipeline/pipe.scala#L193,ibuffer.io.flush_wid:=warp_sche.io.flush,static_source,fixed_behavior_or_calibration,,not_applicable
V041,依赖控制与 SIMT,scoreboard_entries,每 warp 逻辑寄存器依赖表大小,core,P,256，来自5+3位,架构索引空间；不等于物理 RF 容量,ventus/src/pipeline/scoreboard.scala,102,https://github.com/THU-DSP-LAB/ventus-gpgpu/blob/681172541a8a34ffb43c483a19c075acbc11a4eb/ventus/src/pipeline/scoreboard.scala#L102,val vectorReg=new ScoreboardUtil(1 << (regidx_width + regext_width)),static_source,fixed_behavior_or_calibration,,not_applicable
V042,依赖控制与 SIMT,raw_waw_interlock,RAW/WAW 依赖规则,core,H,目的 busy 到 WB 才清除,相同 opcode 流量但依赖链不同，周期不同,ventus/src/pipeline/scoreboard.scala,129,https://github.com/THU-DSP-LAB/ventus-gpgpu/blob/681172541a8a34ffb43c483a19c075acbc11a4eb/ventus/src/pipeline/scoreboard.scala#L129,"val readw=Mux(io.ibuffer_if_ctrl.wxd,scalarReg.read(io.ibuffer_if_ctrl.reg_idxw),false.B)|Mux(io.ibuffer_if_ctrl.wvd,vectorReg.read(io.ibuffer_if_ctrl.reg_idxw),false.B)",static_source,fixed_behavior_or_calibration,,not_applicable
V043,依赖控制与 SIMT,collector_tokens,每 warp X/V collector 在途令牌,core,H,X和V各1,限制单 warp 指令提前进入 collector,ventus/src/pipeline/scoreboard.scala,105,https://github.com/THU-DSP-LAB/ventus-gpgpu/blob/681172541a8a34ffb43c483a19c075acbc11a4eb/ventus/src/pipeline/scoreboard.scala#L105,val OpColRegV=new ScoreboardUtil(1),static_source,fixed_behavior_or_calibration,,not_applicable
V044,依赖控制与 SIMT,branch_interlock,分支和 barrier 的 warp 互锁,core,H,1个 busy 标志,顺序与控制依赖,ventus/src/pipeline/scoreboard.scala,113,https://github.com/THU-DSP-LAB/ventus-gpgpu/blob/681172541a8a34ffb43c483a19c075acbc11a4eb/ventus/src/pipeline/scoreboard.scala#L113,"beqReg.set(io.if_fire & ((io.if_ctrl.branch=/=0.U)|(io.if_ctrl.barrier)),0.U)",static_source,fixed_behavior_or_calibration,,not_applicable
V045,依赖控制与 SIMT,fence_interlock,fence 阻塞范围,core,H,对应 warp 后续访存,必须等待访存响应，不能只加固定开销,ventus/src/pipeline/scoreboard.scala,133,https://github.com/THU-DSP-LAB/ventus-gpgpu/blob/681172541a8a34ffb43c483a19c075acbc11a4eb/ventus/src/pipeline/scoreboard.scala#L133,val readf=io.ibuffer_if_ctrl.mem & fenceReg.read(0.U),static_source,fixed_behavior_or_calibration,,not_applicable
V046,依赖控制与 SIMT,scoreboard_release,依赖清除时点,core,H,WB fire/collector out/控制完成,同周期清除与读取规则需保留，边界周期待比对,ventus/src/pipeline/scoreboard.scala,110,https://github.com/THU-DSP-LAB/ventus-gpgpu/blob/681172541a8a34ffb43c483a19c075acbc11a4eb/ventus/src/pipeline/scoreboard.scala#L110,"vectorReg.clear(io.wb_v_fire & io.wb_v_ctrl.wvd,io.wb_v_ctrl.reg_idxw)",static_source,fixed_behavior_or_calibration,,not_applicable
V047,依赖控制与 SIMT,simt_stack_depth,每 warp SIMT 栈深度,core,P,num_thread=32,当前绑定逻辑线程数；合法嵌套限制,ventus/src/pipeline/pipe.scala,129,https://github.com/THU-DSP-LAB/ventus-gpgpu/blob/681172541a8a34ffb43c483a19c075acbc11a4eb/ventus/src/pipeline/pipe.scala#L129,val simt_stack=Module(new branch_join(num_thread)),static_source,candidate_axis,warp_threads,proposal_only
V048,依赖控制与 SIMT,divergent_path_policy,分歧路径先后顺序,core,H,优先活动线程较少路径,相等时偏 else；需要掩码和真实控制流,ventus/src/pipeline/branch_join.scala,145,https://github.com/THU-DSP-LAB/ventus-gpgpu/blob/681172541a8a34ffb43c483a19c075acbc11a4eb/ventus/src/pipeline/branch_join.scala#L145,takeif := ((ifCnt < elseCnt) && divOccur) || ifOnly  // take if first if thread take if path is less than thread take else,static_source,candidate_axis,divergent_path_policy,proposal_only
V049,依赖控制与 SIMT,branch_control_queue,分支控制 FIFO 深度与 flow,core,H,1，flow=true,控制与 compare 结果配对,ventus/src/pipeline/branch_join.scala,84,https://github.com/THU-DSP-LAB/ventus-gpgpu/blob/681172541a8a34ffb43c483a19c075acbc11a4eb/ventus/src/pipeline/branch_join.scala#L84,"val branch_ctl_buf = Queue(io.branch_ctl, 1, flow = true)",static_source,candidate_axis,branch_control_queue,proposal_only
V050,依赖控制与 SIMT,reconvergence_pc_queue,汇合 PC FIFO 深度与 flow,core,H,1，flow=true,与分支控制队列耦合,ventus/src/pipeline/branch_join.scala,86,https://github.com/THU-DSP-LAB/ventus-gpgpu/blob/681172541a8a34ffb43c483a19c075acbc11a4eb/ventus/src/pipeline/branch_join.scala#L86,"val PC_reconv_buf = Queue(io.pc_reconv, 1, flow = true)",static_source,candidate_axis,reconvergence_pc_queue,proposal_only
V051,依赖控制与 SIMT,redirect_queue,重定向结果 FIFO 深度与 flow,core,H,1，flow=true,控制背压,ventus/src/pipeline/branch_join.scala,88,https://github.com/THU-DSP-LAB/ventus-gpgpu/blob/681172541a8a34ffb43c483a19c075acbc11a4eb/ventus/src/pipeline/branch_join.scala#L88,"val fetch_ctl_buf = Module(new Queue(new BranchCtrl, 1, flow = true))",static_source,candidate_axis,redirect_queue,proposal_only
V052,依赖控制与 SIMT,barrier_release_rule,WG barrier 到达和释放规则,core,H,等待 WG 预期 warp 全到齐,影响同步停顿；不可用常数替代到达时差,ventus/src/pipeline/warp_schedule.scala,139,https://github.com/THU-DSP-LAB/ventus-gpgpu/blob/681172541a8a34ffb43c483a19c075acbc11a4eb/ventus/src/pipeline/warp_schedule.scala#L139,when((warp_bar_cur(end_wg_id) | (1.U<<end_wf_id).asUInt) === warp_bar_exp(end_wg_id)){,static_source,fixed_behavior_or_calibration,,not_applicable
V053,依赖控制与 SIMT,endprg_flush_rule,WG 完成后的 DCache 维护触发,core,H,WG 全部 warp 结束触发 invalidate,必须声明性能终点是否包含最终内存可见,ventus/src/pipeline/warp_schedule.scala,167,https://github.com/THU-DSP-LAB/ventus-gpgpu/blob/681172541a8a34ffb43c483a19c075acbc11a4eb/ventus/src/pipeline/warp_schedule.scala#L167,val need_flush = warp_endprg_mask_0.asUInt.orR,static_source,fixed_behavior_or_calibration,,not_applicable
V054,依赖控制与 SIMT,control_response_priority,分支与 warp 控制响应优先级,core,H,branch 优先，flushCache 会阻塞,同步、控制指令竞争,ventus/src/pipeline/warp_schedule.scala,52,https://github.com/THU-DSP-LAB/ventus-gpgpu/blob/681172541a8a34ffb43c483a19c075acbc11a4eb/ventus/src/pipeline/warp_schedule.scala#L52,io.warp_control.ready:= !io.branch.fire & !io.flushCache.valid,static_source,fixed_behavior_or_calibration,,not_applicable
V055,RF 与 Operand Collector,rf_banks,SGPR/VGPR bank 数,core,P,共用4,容量相同但 bank 映射不同会影响供数,ventus/src/top/parameters.scala,18,https://github.com/THU-DSP-LAB/ventus-gpgpu/blob/681172541a8a34ffb43c483a19c075acbc11a4eb/ventus/src/top/parameters.scala#L18,def num_bank = 4                  // # of banks for register file,static_source,candidate_axis,rf_banks,proposal_only
V056,RF 与 Operand Collector,collector_count,collector 单元数,core,P,num_warp=8,绑定 warp 数；可独立选择需 RTL 改造,ventus/src/top/parameters.scala,19,https://github.com/THU-DSP-LAB/ventus-gpgpu/blob/681172541a8a34ffb43c483a19c075acbc11a4eb/ventus/src/top/parameters.scala#L19,def num_collectorUnit = num_warp,static_source,candidate_axis,warp_slots,proposal_only
V057,RF 与 Operand Collector,rf_bank_mapping,RF bank 映射,core,H,(warp_id+reg_idx) mod banks,影响多源冲突；bank 宽度部分代码写死2位,ventus/src/pipeline/operandCollector.scala,581,https://github.com/THU-DSP-LAB/ventus-gpgpu/blob/681172541a8a34ffb43c483a19c075acbc11a4eb/ventus/src/pipeline/operandCollector.scala#L581,// bankID = (wid + regIdx) % num_bank,static_source,fixed_behavior_or_calibration,,not_applicable
V058,RF 与 Operand Collector,sgpr_read_ports,SGPR 每 bank 读端口数,core,H,1,四 bank 共最多四个标量读请求,ventus/src/pipeline/regfile.scala,25,https://github.com/THU-DSP-LAB/ventus-gpgpu/blob/681172541a8a34ffb43c483a19c075acbc11a4eb/ventus/src/pipeline/regfile.scala#L25,"io.rs := Mux(bypassSignal,RegNext(io.rd), regs.read(io.rsidx))",static_source,candidate_axis,sgpr_read_ports,proposal_only
V059,RF 与 Operand Collector,vgpr_read_ports,VGPR 每 bank 向量读端口数,core,H,1,每次读取一个 warp 向量槽,ventus/src/pipeline/regfile.scala,58,https://github.com/THU-DSP-LAB/ventus-gpgpu/blob/681172541a8a34ffb43c483a19c075acbc11a4eb/ventus/src/pipeline/regfile.scala#L58,"io.rs := Mux(bypassSignal,RegNext(io.rd),regs.read(io.rsidx))",static_source,candidate_axis,vgpr_read_ports,proposal_only
V060,RF 与 Operand Collector,sgpr_write_ports,SGPR 每 bank 写端口数,core,H,1,还受全局标量 WB 每周期1条限制,ventus/src/pipeline/regfile.scala,28,https://github.com/THU-DSP-LAB/ventus-gpgpu/blob/681172541a8a34ffb43c483a19c075acbc11a4eb/ventus/src/pipeline/regfile.scala#L28,"regs.write(io.rdidx, io.rd)",static_source,candidate_axis,sgpr_write_ports,proposal_only
V061,RF 与 Operand Collector,vgpr_write_ports,VGPR 每 bank 向量写端口数,core,H,1,掩码写入；还受向量 WB 限制,ventus/src/pipeline/regfile.scala,64,https://github.com/THU-DSP-LAB/ventus-gpgpu/blob/681172541a8a34ffb43c483a19c075acbc11a4eb/ventus/src/pipeline/regfile.scala#L64,"regs.write(io.rdidx, io.rd, internalMask)",static_source,candidate_axis,vgpr_write_ports,proposal_only
V062,RF 与 Operand Collector,rf_read_latency,RF 同步读延迟,core,C,1周期 SRAM 读,collector 返回路径另有协议开销,ventus/src/pipeline/regfile.scala,53,https://github.com/THU-DSP-LAB/ventus-gpgpu/blob/681172541a8a34ffb43c483a19c075acbc11a4eb/ventus/src/pipeline/regfile.scala#L53,"val regs = SyncReadMem(NUMBER_VGPR_SLOTS/num_bank, Vec(num_thread,UInt(xLen.W)))  //Register files of all warps are divided to number of bank",needs_calibration,fixed_behavior_or_calibration,,not_applicable
V063,RF 与 Operand Collector,rf_read_write_bypass,RF 同址读写旁路,core,H,RegNext匹配后旁路,不应给同址读写额外 stall,ventus/src/pipeline/regfile.scala,22,https://github.com/THU-DSP-LAB/ventus-gpgpu/blob/681172541a8a34ffb43c483a19c075acbc11a4eb/ventus/src/pipeline/regfile.scala#L22,bypassSignal := RegNext((io.rsidx===io.rdidx)&io.rdwen),static_source,candidate_axis,rf_read_write_bypass,proposal_only
V064,RF 与 Operand Collector,rf_vector_mask_write,VGPR 写掩码粒度,core,H,每 lane 一个32位元素,尾 warp/分歧保留旧元素,ventus/src/pipeline/regfile.scala,62,https://github.com/THU-DSP-LAB/ventus-gpgpu/blob/681172541a8a34ffb43c483a19c075acbc11a4eb/ventus/src/pipeline/regfile.scala#L62,internalMask:=io.rdwmask,static_source,fixed_behavior_or_calibration,,not_applicable
V065,RF 与 Operand Collector,collector_source_slots,collector 请求槽数量,core,H,3源+mask共4槽,源数量影响 bank 供数需求,ventus/src/pipeline/operandCollector.scala,67,https://github.com/THU-DSP-LAB/ventus-gpgpu/blob/681172541a8a34ffb43c483a19c075acbc11a4eb/ventus/src/pipeline/operandCollector.scala#L67,"val rsType = Reg(Vec(4, UInt(2.W)))",static_source,fixed_behavior_or_calibration,,not_applicable
V066,RF 与 Operand Collector,collector_allocation_policy,空 collector 选择与 X/V 优先级,core,H,低位空槽；默认V优先,num_warp=1 时 X/V 每周期轮流优先,ventus/src/pipeline/operandCollector.scala,461,https://github.com/THU-DSP-LAB/ventus-gpgpu/blob/681172541a8a34ffb43c483a19c075acbc11a4eb/ventus/src/pipeline/operandCollector.scala#L461,val outV_sel_oh = Wire(UInt(num_collectorUnit.W)),static_source,candidate_axis,collector_allocation_policy,proposal_only
V067,RF 与 Operand Collector,rf_read_arbitration,每 bank RF 读仲裁,core,H,round robin,所有 collector 源一起争用,ventus/src/pipeline/operandCollector.scala,340,https://github.com/THU-DSP-LAB/ventus-gpgpu/blob/681172541a8a34ffb43c483a19c075acbc11a4eb/ventus/src/pipeline/operandCollector.scala#L340,"val x = Module(new RRArbiter(new CU2Arbiter, 4*num_collectorUnit))",static_source,candidate_axis,rf_read_arbitration,proposal_only
V068,RF 与 Operand Collector,collector_ready_rule,collector 完成条件,core,H,所有要求的源均已收齐,须保留指令级源需求；不能统一3次读,ventus/src/pipeline/operandCollector.scala,85,https://github.com/THU-DSP-LAB/ventus-gpgpu/blob/681172541a8a34ffb43c483a19c075acbc11a4eb/ventus/src/pipeline/operandCollector.scala#L85,val s_idle :: s_add :: s_out :: Nil = Enum(3),static_source,fixed_behavior_or_calibration,,not_applicable
V069,RF 与 Operand Collector,collector_output_width,collector 到执行 X/V 宽度,core,H,各1,与前端两类分发构成相同两条流,ventus/src/pipeline/operandCollector.scala,630,https://github.com/THU-DSP-LAB/ventus-gpgpu/blob/681172541a8a34ffb43c483a19c075acbc11a4eb/ventus/src/pipeline/operandCollector.scala#L630,val out_x = Decoupled(Output(new issueIO)),static_source,candidate_axis,collector_output_width,proposal_only
V070,RF 与 Operand Collector,collector_output_policy,收齐源的 collector 选择,core,H,X/V 独立RR,源读取和发射可能乱序，执行仍受 scoreboard,ventus/src/pipeline/operandCollector.scala,650,https://github.com/THU-DSP-LAB/ventus-gpgpu/blob/681172541a8a34ffb43c483a19c075acbc11a4eb/ventus/src/pipeline/operandCollector.scala#L650,"val arb_x = Module(new RRArbiter(new issueIO, num_CU))",static_source,candidate_axis,collector_output_policy,proposal_only
V071,RF 与 Operand Collector,scalar_wb_width,标量写回通道数,core,H,1,聚合各执行单元；不是每个 bank 独立写回,ventus/src/pipeline/writeback.scala,47,https://github.com/THU-DSP-LAB/ventus-gpgpu/blob/681172541a8a34ffb43c483a19c075acbc11a4eb/ventus/src/pipeline/writeback.scala#L47,val out_x=(DecoupledIO(new WriteScalarCtrl)),static_source,candidate_axis,scalar_wb_width,proposal_only
V072,RF 与 Operand Collector,vector_wb_width,向量写回通道数,core,H,1,整数、FP、LSU、TC 竞争,ventus/src/pipeline/writeback.scala,46,https://github.com/THU-DSP-LAB/ventus-gpgpu/blob/681172541a8a34ffb43c483a19c075acbc11a4eb/ventus/src/pipeline/writeback.scala#L46,val out_v=(DecoupledIO(new WriteVecCtrl)),static_source,candidate_axis,vector_wb_width,proposal_only
V073,RF 与 Operand Collector,scalar_wb_priority,标量执行结果写回策略,core,H,固定输入优先级,以 pipe 的输入连接顺序为准,ventus/src/pipeline/writeback.scala,60,https://github.com/THU-DSP-LAB/ventus-gpgpu/blob/681172541a8a34ffb43c483a19c075acbc11a4eb/ventus/src/pipeline/writeback.scala#L60,"val arbiter_x=Module(new Arbiter(new WriteScalarCtrl(),num_x))",static_source,candidate_axis,scalar_wb_priority,proposal_only
V074,RF 与 Operand Collector,vector_wb_priority,向量执行结果写回策略,core,H,固定输入优先级,不能套用 RR,ventus/src/pipeline/writeback.scala,61,https://github.com/THU-DSP-LAB/ventus-gpgpu/blob/681172541a8a34ffb43c483a19c075acbc11a4eb/ventus/src/pipeline/writeback.scala#L61,"val arbiter_v=Module(new Arbiter(new WriteVecCtrl(),num_v))",static_source,candidate_axis,vector_wb_priority,proposal_only
V075,RF 与 Operand Collector,wb_input_storage,WB 聚合器输入暂存深度族,core,H,全部0,实际缓冲在 FU 结果队列，禁止重复计算,ventus/src/pipeline/writeback.scala,53,https://github.com/THU-DSP-LAB/ventus-gpgpu/blob/681172541a8a34ffb43c483a19c075acbc11a4eb/ventus/src/pipeline/writeback.scala#L53,"{ val x=Queue.apply(io.in_x(i),0)",static_source,candidate_axis,wb_input_storage,proposal_only
V076,整数与浮点执行,scalar_alu_instances,标量 ALU 数量,core,H,1,标量整数服务,ventus/src/pipeline/pipe.scala,76,https://github.com/THU-DSP-LAB/ventus-gpgpu/blob/681172541a8a34ffb43c483a19c075acbc11a4eb/ventus/src/pipeline/pipe.scala#L76,val alu=Module(new ALUexe),static_source,candidate_axis,scalar_alu_instances,proposal_only
V077,整数与浮点执行,vector_alu_lanes,向量 ALU 物理 lane 数,core,P,num_lane=num_thread=32,与 FPU/MUL 共用 num_lane，独立 lane 数需解耦,ventus/src/pipeline/pipe.scala,77,https://github.com/THU-DSP-LAB/ventus-gpgpu/blob/681172541a8a34ffb43c483a19c075acbc11a4eb/ventus/src/pipeline/pipe.scala#L77,"val valu=Module(new vALUv2(num_thread, num_lane))",static_source,candidate_axis,physical_lanes,proposal_only
V078,整数与浮点执行,vector_mul_lanes,向量 MUL 物理 lane 数,core,P,num_lane=32,当前与 ALU/FPU 绑定,ventus/src/pipeline/pipe.scala,81,https://github.com/THU-DSP-LAB/ventus-gpgpu/blob/681172541a8a34ffb43c483a19c075acbc11a4eb/ventus/src/pipeline/pipe.scala#L81,"val mul=Module(new vMULv2(num_thread,num_lane))",static_source,candidate_axis,physical_lanes,proposal_only
V079,整数与浮点执行,vector_fpu_lanes,向量 FPU 物理 lane 数,core,P,num_lane=32,lane 时分支路存在；需 softThread 可整除 hardThread,ventus/src/pipeline/pipe.scala,78,https://github.com/THU-DSP-LAB/ventus-gpgpu/blob/681172541a8a34ffb43c483a19c075acbc11a4eb/ventus/src/pipeline/pipe.scala#L78,"val fpu=Module(new FPUexe(num_thread,num_lane))",static_source,candidate_axis,physical_lanes,proposal_only
V080,整数与浮点执行,execution_route_queue,collector 到 Issue 缓冲深度族,core,H,0，直接连线,目的 FU 背压直接传回,ventus/src/pipeline/issue.scala,54,https://github.com/THU-DSP-LAB/ventus-gpgpu/blob/681172541a8a34ffb43c483a19c075acbc11a4eb/ventus/src/pipeline/issue.scala#L54,"val inputBuf=Queue.apply(io.in,0)//Module(new Queue(new vExeData,entries = 1,pipe=true))",static_source,candidate_axis,execution_route_queue,proposal_only
V081,整数与浮点执行,scalar_alu_result_queue,标量 ALU 结果 FIFO,core,H,1，pipe=true,WB 竞争回压,ventus/src/pipeline/execution.scala,37,https://github.com/THU-DSP-LAB/ventus-gpgpu/blob/681172541a8a34ffb43c483a19c075acbc11a4eb/ventus/src/pipeline/execution.scala#L37,"val result=Module(new Queue(new WriteScalarCtrl,1,pipe=true))",static_source,candidate_axis,scalar_alu_result_queue,proposal_only
V082,整数与浮点执行,scalar_branch_result_queue,标量分支结果 FIFO,core,H,1，pipe=true,分支重定向可与普通结果竞争,ventus/src/pipeline/execution.scala,38,https://github.com/THU-DSP-LAB/ventus-gpgpu/blob/681172541a8a34ffb43c483a19c075acbc11a4eb/ventus/src/pipeline/execution.scala#L38,"val result_br=Module(new Queue(new BranchCtrl,1,pipe=true))",static_source,candidate_axis,scalar_branch_result_queue,proposal_only
V083,整数与浮点执行,vector_alu_result_queue,向量 ALU 结果 FIFO,core,H,1，pipe=true,FU 可接收与 WB 延迟不同,ventus/src/pipeline/execution.scala,504,https://github.com/THU-DSP-LAB/ventus-gpgpu/blob/681172541a8a34ffb43c483a19c075acbc11a4eb/ventus/src/pipeline/execution.scala#L504,"val result = Module(new Queue(new WriteVecCtrl2, 1, pipe = true))",static_source,candidate_axis,vector_alu_result_queue,proposal_only
V084,整数与浮点执行,vector_compare_result_queue,向量比较到 SIMT FIFO,core,H,1，pipe=true,SIMT 背压,ventus/src/pipeline/execution.scala,422,https://github.com/THU-DSP-LAB/ventus-gpgpu/blob/681172541a8a34ffb43c483a19c075acbc11a4eb/ventus/src/pipeline/execution.scala#L422,"val result2simt=Module(new Queue(new vec_alu_bus,1,pipe=true))",static_source,candidate_axis,vector_compare_result_queue,proposal_only
V085,整数与浮点执行,mul_pipe_latency,整数乘法内部流水延迟,core,P,2,局部流水值；全路径还包含 FU/WB 队列,ventus/src/pipeline/Multiplier.scala,152,https://github.com/THU-DSP-LAB/ventus-gpgpu/blob/681172541a8a34ffb43c483a19c075acbc11a4eb/ventus/src/pipeline/Multiplier.scala#L152,override def latency = 2,static_source,candidate_axis,mul_implementation,proposal_only
V086,整数与浮点执行,mul_result_queue,乘法 X/V 结果 FIFO 深度族,core,H,各1，pipe=true,结果输出解耦,ventus/src/pipeline/execution.scala,190,https://github.com/THU-DSP-LAB/ventus-gpgpu/blob/681172541a8a34ffb43c483a19c075acbc11a4eb/ventus/src/pipeline/execution.scala#L190,"val result_v = Module(new Queue(new WriteVecCtrl2, 1, pipe = true))",static_source,candidate_axis,mul_result_queue,proposal_only
V087,整数与浮点执行,lane_serialization,逻辑 warp 到物理 lane 时分方式,core,H,按连续 lane 组发送并重组,当前32/32无需时分；减少 lane 时必须计填排空,ventus/src/pipeline/execution.scala,227,https://github.com/THU-DSP-LAB/ventus-gpgpu/blob/681172541a8a34ffb43c483a19c075acbc11a4eb/ventus/src/pipeline/execution.scala#L227,val maxIter = softThread / hardThread,static_source,fixed_behavior_or_calibration,,not_applicable
V088,整数与浮点执行,fpu_subunit_sharing,单 lane 浮点单元组成与共享,core,H,FMA/CMP/MV/FPToInt/IntToFP,每 lane 内多个子单元共享输入/输出通道,dependencies/fpuv2/src/main/scala/FPU.scala,15,https://github.com/liuxd17thu/fpuv2/blob/7ea30df00f9353f2e8645b32665b13f9b3f69e6d/src/main/scala/FPU.scala#L15,val subModules = Array[FPUSubModule](,static_source,candidate_axis,fpu_implementation,proposal_only
V089,整数与浮点执行,fpu_output_priority,FPU 五类子单元输出策略,core,H,固定优先级,不同 FP 指令混合吞吐不能仅看峰值,dependencies/fpuv2/src/main/scala/FPU.scala,39,https://github.com/liuxd17thu/fpuv2/blob/7ea30df00f9353f2e8645b32665b13f9b3f69e6d/src/main/scala/FPU.scala#L39,"val outArbiter = Module(new Arbiter(new FPUOutput(64, ctrlGen), 5))",static_source,candidate_axis,fpu_output_priority,proposal_only
V090,整数与浮点执行,fp_mul_pipe_latency,FP 乘法局部流水深度,core,P,2,不包含 FMA 内队列,dependencies/fpuv2/src/main/scala/FMA.scala,34,https://github.com/liuxd17thu/fpuv2/blob/7ea30df00f9353f2e8645b32665b13f9b3f69e6d/src/main/scala/FMA.scala#L34,override def latency: Int = 2,static_source,candidate_axis,fpu_implementation,proposal_only
V091,整数与浮点执行,fp_add_pipe_latency,FP 加法局部流水深度,core,P,1,FADD/FMA 共享加法流水,dependencies/fpuv2/src/main/scala/FMA.scala,74,https://github.com/liuxd17thu/fpuv2/blob/7ea30df00f9353f2e8645b32665b13f9b3f69e6d/src/main/scala/FMA.scala#L74,override def latency: Int = 1,static_source,candidate_axis,fpu_implementation,proposal_only
V092,整数与浮点执行,fma_add_arbitration,FMA 中共享 add 选择,core,H,mul返回的 FMA 优先于独立add,ADD/FMA 混合竞争,dependencies/fpuv2/src/main/scala/FMA.scala,133,https://github.com/liuxd17thu/fpuv2/blob/7ea30df00f9353f2e8645b32665b13f9b3f69e6d/src/main/scala/FMA.scala#L133,"val toAddArbiter = Module(new Arbiter(new ArbiterIO, 2))",static_source,candidate_axis,fma_add_arbitration,proposal_only
V093,整数与浮点执行,fma_control_queue,共享 add 两路控制队列模板,core,H,各1，pipe=true,控制与数据队列必须配对,dependencies/fpuv2/src/main/scala/FMA.scala,134,https://github.com/liuxd17thu/fpuv2/blob/7ea30df00f9353f2e8645b32665b13f9b3f69e6d/src/main/scala/FMA.scala#L134,"val toAddArbiterFIFO = Seq.fill(2)(Module(new Queue(new ArbiterIO, entries = 1, pipe = true)))",static_source,candidate_axis,fma_control_queue,proposal_only
V094,整数与浮点执行,fma_direct_add_queue,独立 ADD 数据 FIFO,core,H,1，pipe=true,共享 add 排队,dependencies/fpuv2/src/main/scala/FMA.scala,145,https://github.com/liuxd17thu/fpuv2/blob/7ea30df00f9353f2e8645b32665b13f9b3f69e6d/src/main/scala/FMA.scala#L145,"val inToAddFIFO = Module(new Queue(io.in.bits.cloneType, entries = 1, pipe = true))",static_source,candidate_axis,fma_direct_add_queue,proposal_only
V095,整数与浮点执行,fma_mul_to_add_queue,MUL 到 ADD 数据 FIFO,core,H,1，pipe=true,FMA 内部生产消费依赖,dependencies/fpuv2/src/main/scala/FMA.scala,152,https://github.com/liuxd17thu/fpuv2/blob/7ea30df00f9353f2e8645b32665b13f9b3f69e6d/src/main/scala/FMA.scala#L152,"val mulToAddFIFO = Module(new Queue(new MulToAddIO(expWidth, precision, ctrlGen), entries = 1, pipe = true))",static_source,candidate_axis,fma_mul_to_add_queue,proposal_only
V096,整数与浮点执行,fma_output_queue,FMA 的 mul/add 输出 FIFO 模板,core,H,各1，pipe=true,FMA 内输出竞争,dependencies/fpuv2/src/main/scala/FMA.scala,167,https://github.com/liuxd17thu/fpuv2/blob/7ea30df00f9353f2e8645b32665b13f9b3f69e6d/src/main/scala/FMA.scala#L167,"val mulFIFO = Module(new Queue(new FPUOutput(expWidth + precision, ctrlGen), entries = 1, pipe = true))",static_source,candidate_axis,fma_output_queue,proposal_only
V097,整数与浮点执行,fma_output_priority,FMA 内 add/mul 输出优先级,core,H,add/FMA 优先于mul,影响持续混合指令,dependencies/fpuv2/src/main/scala/FMA.scala,178,https://github.com/liuxd17thu/fpuv2/blob/7ea30df00f9353f2e8645b32665b13f9b3f69e6d/src/main/scala/FMA.scala#L178,toOutArbiter.io.in(0) <> addFIFO.io.deq,static_source,candidate_axis,fma_output_priority,proposal_only
V098,整数与浮点执行,fp_cmp_latency,浮点比较局部流水延迟,core,P,2,与转换同数值也保留独立操作族,dependencies/fpuv2/src/main/scala/FCMP.scala,11,https://github.com/liuxd17thu/fpuv2/blob/7ea30df00f9353f2e8645b32665b13f9b3f69e6d/src/main/scala/FCMP.scala#L11,override def latency = 2,static_source,candidate_axis,fpu_implementation,proposal_only
V099,整数与浮点执行,fp_move_latency,浮点搬移局部流水延迟,core,P,2,实际执行路径为 FPU 子模块,dependencies/fpuv2/src/main/scala/FPMV.scala,11,https://github.com/liuxd17thu/fpuv2/blob/7ea30df00f9353f2e8645b32665b13f9b3f69e6d/src/main/scala/FPMV.scala#L11,override def latency = 2,static_source,candidate_axis,fpu_implementation,proposal_only
V100,整数与浮点执行,fp_to_int_latency,浮点转整数局部延迟,core,P,2,转换类时序,dependencies/fpuv2/src/main/scala/FPToInt.scala,12,https://github.com/liuxd17thu/fpuv2/blob/7ea30df00f9353f2e8645b32665b13f9b3f69e6d/src/main/scala/FPToInt.scala#L12,override def latency = 2,static_source,candidate_axis,fpu_implementation,proposal_only
V101,整数与浮点执行,int_to_fp_latency,整数转浮点局部延迟,core,P,2,转换类时序,dependencies/fpuv2/src/main/scala/IntToFP.scala,11,https://github.com/liuxd17thu/fpuv2/blob/7ea30df00f9353f2e8645b32665b13f9b3f69e6d/src/main/scala/IntToFP.scala#L11,override def latency = 2,static_source,candidate_axis,fpu_implementation,proposal_only
V102,整数与浮点执行,sfu_units,每 SM SFU lane 数,core,P,"max(num_thread/4,1)=8",与 warp_width 绑定；每 lane 有整数除法和 FP div/sqrt,ventus/src/top/parameters.scala,91,https://github.com/THU-DSP-LAB/ventus-gpgpu/blob/681172541a8a34ffb43c483a19c075acbc11a4eb/ventus/src/top/parameters.scala#L91,def num_sfu = (num_thread >> 2).max(1),static_source,candidate_axis,warp_threads,proposal_only
V103,整数与浮点执行,sfu_input_queue,SFU 指令暂存 FIFO,core,H,1,默认整个 SFU 逐指令处理,ventus/src/pipeline/execution.scala,818,https://github.com/THU-DSP-LAB/ventus-gpgpu/blob/681172541a8a34ffb43c483a19c075acbc11a4eb/ventus/src/pipeline/execution.scala#L818,"val data_buffer=Queue(io.in,1)",static_source,candidate_axis,sfu_input_queue,proposal_only
V104,整数与浮点执行,sfu_output_queue,SFU X/V 结果 FIFO 模板,core,H,各1，pipe=true,SFU 与 WB 竞争,ventus/src/pipeline/execution.scala,813,https://github.com/THU-DSP-LAB/ventus-gpgpu/blob/681172541a8a34ffb43c483a19c075acbc11a4eb/ventus/src/pipeline/execution.scala#L813,"val result_x=Module(new Queue(new WriteScalarCtrl,1,pipe=true))",static_source,candidate_axis,sfu_output_queue,proposal_only
V105,整数与浮点执行,sfu_mask_group_policy,SFU 分组及空组跳过规则,core,H,优先低位活动组；每组num_sfu条,按掩码组数计服务；组内慢 lane 可拖全组,ventus/src/pipeline/execution.scala,828,https://github.com/THU-DSP-LAB/ventus-gpgpu/blob/681172541a8a34ffb43c483a19c075acbc11a4eb/ventus/src/pipeline/execution.scala#L828,val i_cnt = PriorityEncoder(mask_grp),static_source,candidate_axis,sfu_mask_group_policy,proposal_only
V106,整数与浮点执行,sfu_group_completion,SFU 组完成与 lane 同步,core,H,等待整组输出 valid,操作数相关慢 lane 与掩码填充有影响,ventus/src/pipeline/execution.scala,849,https://github.com/THU-DSP-LAB/ventus-gpgpu/blob/681172541a8a34ffb43c483a19c075acbc11a4eb/ventus/src/pipeline/execution.scala#L849,alu_out_arbiter.foreach(x=>x.out.ready:=alu_out_arbiter.map(x=>x.out.valid).reduce(_&_))// i_ctrl.wfd & result_v.io.enq.ready | i_ctrl.wxd & result_x.io.enq.ready | !(i_ctrl.wxd&i_ctrl.wfd),static_source,fixed_behavior_or_calibration,,not_applicable
V107,整数与浮点执行,int_div_latency_function,整数除法迭代与特殊值规则,core,C,依前导零差/除零/溢出变化,需要值或延迟类别输入，不能一个固定delay,ventus/src/pipeline/IntDivMod.scala,46,https://github.com/THU-DSP-LAB/ventus-gpgpu/blob/681172541a8a34ffb43c483a19c075acbc11a4eb/ventus/src/pipeline/IntDivMod.scala#L46,"val iter = Mux(aLez > dLez, 0.U, dLez - aLez + 1.U)",needs_calibration,fixed_behavior_or_calibration,,not_applicable
V108,整数与浮点执行,fp_div_sqrt_latency_function,FP div/sqrt 迭代与特殊值规则,core,C,28位 recurrence + prepare/round,特殊值捷径和正常路径需 FSM/微基准确认,ventus/src/pipeline/FloatDivSqrt.scala,34,https://github.com/THU-DSP-LAB/ventus-gpgpu/blob/681172541a8a34ffb43c483a19c075acbc11a4eb/ventus/src/pipeline/FloatDivSqrt.scala#L34,val cnt_next = Wire(UInt(log2Up((len+1)/2).W)),needs_calibration,fixed_behavior_or_calibration,,not_applicable
V109,整数与浮点执行,sfu_initiation_rule,SFU 新指令准入规则,core,H,等待当前指令 finish并消费,SFU 内部延迟与整个 warp II 不同,ventus/src/pipeline/execution.scala,897,https://github.com/THU-DSP-LAB/ventus-gpgpu/blob/681172541a8a34ffb43c483a19c075acbc11a4eb/ventus/src/pipeline/execution.scala#L897,data_buffer.ready:=state===s_finish&o_ready,static_source,fixed_behavior_or_calibration,,not_applicable
V110,Tensor Core,tc_instances,每 SM Tensor Core 数,core,H,1,可改造为多个独立资源,ventus/src/pipeline/pipe.scala,82,https://github.com/THU-DSP-LAB/ventus-gpgpu/blob/681172541a8a34ffb43c483a19c075acbc11a4eb/ventus/src/pipeline/pipe.scala#L82,val tensorcore=Module(new vTCexe),static_source,candidate_axis,tc_instances,proposal_only
V111,Tensor Core,matrix_output_m,TC 输出矩阵第一轴,core,P,DimM=4,默认和 num_thread 绑定,ventus/src/top/parameters.scala,124,https://github.com/THU-DSP-LAB/ventus-gpgpu/blob/681172541a8a34ffb43c483a19c075acbc11a4eb/ventus/src/top/parameters.scala#L124,"x = Seq(4, 8, 4)",static_source,candidate_axis,tc_implementation,proposal_only
V112,Tensor Core,matrix_output_n,TC 输出矩阵第二轴,core,P,代码DimK=4,代码 DimK 是输出轴，数学上记N，避免维度误读,dependencies/fpuv2/src/main/scala/Tensor.scala,213,https://github.com/liuxd17thu/fpuv2/blob/7ea30df00f9353f2e8645b32665b13f9b3f69e6d/src/main/scala/Tensor.scala#L213,for(k <- 0 until DimK){,static_source,candidate_axis,tc_implementation,proposal_only
V113,Tensor Core,matrix_reduction_k,TC 点积归约轴,core,P,代码DimN=8,代码 DimN 是归约轴，数学上记K,dependencies/fpuv2/src/main/scala/Tensor.scala,214,https://github.com/liuxd17thu/fpuv2/blob/7ea30df00f9353f2e8645b32665b13f9b3f69e6d/src/main/scala/Tensor.scala#L214,for(n <- 0 until DimN){,static_source,candidate_axis,tc_implementation,proposal_only
V114,Tensor Core,matrix_lane_layout,TC 碎片寄存器布局,core,H,A[m*DimN+n]、B[k*DimN+n]、C[m*DimK+k],决定编译器数据重排和供数,dependencies/fpuv2/src/main/scala/Tensor.scala,215,https://github.com/liuxd17thu/fpuv2/blob/7ea30df00f9353f2e8645b32665b13f9b3f69e6d/src/main/scala/Tensor.scala#L215,TCArray(m * DimK + k).io.in.bits.a(n) := io.in.bits.data(m * DimN + n).a,static_source,fixed_behavior_or_calibration,,not_applicable
V115,Tensor Core,matrix_arithmetic,TC 计算与舍入结构,core,H,FP32 mul→平衡add tree→add C,逐节点舍入；与单指令全融合语义需区分,dependencies/fpuv2/src/main/scala/Tensor.scala,161,https://github.com/liuxd17thu/fpuv2/blob/7ea30df00f9353f2e8645b32665b13f9b3f69e6d/src/main/scala/Tensor.scala#L161,"val finalAdd = Module(new TCAddPipe(expWidth, precision, new DotProdCtrl(len, tcCtrl)))",static_source,candidate_axis,tc_implementation,proposal_only
V116,Tensor Core,tc_mul_latency,TC 每乘法节点流水延迟,core,P,2,primitive 时序字段,dependencies/fpuv2/src/main/scala/Tensor.scala,14,https://github.com/liuxd17thu/fpuv2/blob/7ea30df00f9353f2e8645b32665b13f9b3f69e6d/src/main/scala/Tensor.scala#L14,override def latency = 2,static_source,candidate_axis,tc_implementation,proposal_only
V117,Tensor Core,reduction_add_latency,TC 每树加法节点流水延迟,core,P,2,按log2(归约轴) 层累计；源中该类latency=2,dependencies/fpuv2/src/main/scala/Tensor.scala,11,https://github.com/liuxd17thu/fpuv2/blob/7ea30df00f9353f2e8645b32665b13f9b3f69e6d/src/main/scala/Tensor.scala#L11,"class TCAddPipe(expWidth: Int, precision: Int, ctrlGen: Data = EmptyFPUCtrl())",static_source,candidate_axis,tc_implementation,proposal_only
V118,Tensor Core,tc_dot_output_queue,每 TC dot-product 输出 FIFO,core,H,1，pipe=true,同模板，按M*N复制但只计一个字段,dependencies/fpuv2/src/main/scala/Tensor.scala,173,https://github.com/liuxd17thu/fpuv2/blob/7ea30df00f9353f2e8645b32665b13f9b3f69e6d/src/main/scala/Tensor.scala#L173,"val fifo = Module(new Queue(new TCDotProductOutput(len, tcCtrl), entries = 1, pipe = true))",static_source,candidate_axis,tc_dot_output_queue,proposal_only
V119,Tensor Core,tc_warp_output_queue,TC wrapper 向量输出 FIFO,core,H,1，pipe=true,TC 与其它执行单元竞争 VGPR WB,ventus/src/pipeline/execution.scala,124,https://github.com/THU-DSP-LAB/ventus-gpgpu/blob/681172541a8a34ffb43c483a19c075acbc11a4eb/ventus/src/pipeline/execution.scala#L124,"val result_v=Module(new Queue(new WriteVecCtrl,1,pipe=true))",static_source,candidate_axis,tc_warp_output_queue,proposal_only
V120,Tensor Core,matrix_accept_rule,TC 输入与输出背压,core,H,head dot 控制，整阵列同 valid/ready,吞吐受数据供给与 WB 共同约束,dependencies/fpuv2/src/main/scala/Tensor.scala,209,https://github.com/liuxd17thu/fpuv2/blob/7ea30df00f9353f2e8645b32665b13f9b3f69e6d/src/main/scala/Tensor.scala#L209,io.in.ready := TCArray.head.io.in.ready,static_source,fixed_behavior_or_calibration,,not_applicable
V121,LSU 与合并返回,lsu_input_queue,LSU 指令 FIFO 深度,core,H,1，pipe=true,访存发射缓冲,ventus/src/pipeline/LSU.scala,551,https://github.com/THU-DSP-LAB/ventus-gpgpu/blob/681172541a8a34ffb43c483a19c075acbc11a4eb/ventus/src/pipeline/LSU.scala#L551,"val InputFIFO = Module(new Queue(new vExeData, entries=1, pipe=true))",static_source,candidate_axis,lsu_input_queue,proposal_only
V122,LSU 与合并返回,lsu_instruction_entries,LSU 在途 warp 指令记录数,core,P,num_warp=8,合并分段返回，不等于 DCache miss MSHR,ventus/src/top/parameters.scala,69,https://github.com/THU-DSP-LAB/ventus-gpgpu/blob/681172541a8a34ffb43c483a19c075acbc11a4eb/ventus/src/top/parameters.scala#L69,def lsu_nMshrEntry = num_warp // less than num_warp,static_source,candidate_axis,warp_slots,proposal_only
V123,LSU 与合并返回,lsu_per_warp_credit,每 warp 在途访存上限,core,P,4,ShiftBoard credit；与总LSU entries共同限制,ventus/src/top/parameters.scala,67,https://github.com/THU-DSP-LAB/ventus-gpgpu/blob/681172541a8a34ffb43c483a19c075acbc11a4eb/ventus/src/top/parameters.scala#L67,def lsu_num_entry_each_warp = 4 //blocking for each warp,static_source,candidate_axis,lsu_per_warp_credit,proposal_only
V124,LSU 与合并返回,lsu_address_width,地址计算/发起通道数量,core,H,1条 AddrCalculate FSM,每条向量访存分多笔 line 请求,ventus/src/pipeline/LSU.scala,554,https://github.com/THU-DSP-LAB/ventus-gpgpu/blob/681172541a8a34ffb43c483a19c075acbc11a4eb/ventus/src/pipeline/LSU.scala#L554,val AddrCalc = Module(new AddrCalculate(sharedmemory_addr_max)),static_source,candidate_axis,lsu_address_width,proposal_only
V125,LSU 与合并返回,lsu_address_modes,地址生成模式,core,H,unit stride/stride/index/private swizzle,对合并与外存局部性影响显著,ventus/src/pipeline/LSU.scala,153,https://github.com/THU-DSP-LAB/ventus-gpgpu/blob/681172541a8a34ffb43c483a19c075acbc11a4eb/ventus/src/pipeline/LSU.scala#L153,"reg_save.in1(x) + Mux(reg_save.ctrl.mop===0.U,",static_source,fixed_behavior_or_calibration,,not_applicable
V126,LSU 与合并返回,lsu_coalescing_granularity,全局访存合并粒度,core,P,128 B line,绑定 DCache_BlockWords；不能把warp load直接计一笔,ventus/src/pipeline/LSU.scala,173,https://github.com/THU-DSP-LAB/ventus-gpgpu/blob/681172541a8a34ffb43c483a19c075acbc11a4eb/ventus/src/pipeline/LSU.scala#L173,"val same_tag = Wire(Vec(num_thread, Bool()))",static_source,candidate_axis,cache_line_words,proposal_only
V127,LSU 与合并返回,lsu_line_selection,合并时下一 line 选择,core,H,最低活动 lane 所在 line,影响多 line 请求的顺序,ventus/src/pipeline/LSU.scala,169,https://github.com/THU-DSP-LAB/ventus-gpgpu/blob/681172541a8a34ffb43c483a19c075acbc11a4eb/ventus/src/pipeline/LSU.scala#L169,addr_wire:=addr(PriorityEncoder(reg_save.mask.asUInt)),static_source,candidate_axis,lsu_line_selection,proposal_only
V128,LSU 与合并返回,lsu_request_serialization,多 line 请求拆分发出规则,core,H,逐 line 清除已发掩码,由 FSM 逐笔服务，II 需微基准，不预设1,ventus/src/pipeline/LSU.scala,283,https://github.com/THU-DSP-LAB/ventus-gpgpu/blob/681172541a8a34ffb43c483a19c075acbc11a4eb/ventus/src/pipeline/LSU.scala#L283,"val mask_next = Wire(Vec(num_thread, Bool()))",static_source,fixed_behavior_or_calibration,,not_applicable
V129,LSU 与合并返回,lsu_shared_routing,全局与 LDS 路由判定,core,H,活动 lane 都落在 LDS 才选shared,混合地址不能任意逐 lane 分别路由,ventus/src/pipeline/LSU.scala,164,https://github.com/THU-DSP-LAB/ventus-gpgpu/blob/681172541a8a34ffb43c483a19c075acbc11a4eb/ventus/src/pipeline/LSU.scala#L164,"all_shared := Mux(reg_save.ctrl.isvec,",static_source,fixed_behavior_or_calibration,,not_applicable
V130,LSU 与合并返回,lsu_byte_masks,byte/half/word 访问掩码粒度,core,H,1/2/4 byte,影响合并字节与写回掩码,ventus/src/pipeline/LSU.scala,183,https://github.com/THU-DSP-LAB/ventus-gpgpu/blob/681172541a8a34ffb43c483a19c075acbc11a4eb/ventus/src/pipeline/LSU.scala#L183,switch(reg_save.ctrl.mem_whb){,static_source,fixed_behavior_or_calibration,,not_applicable
V131,LSU 与合并返回,lsu_response_priority,DCache/LDS 返回仲裁,core,H,DCache固定优先,LDS与global同时返回时争用,ventus/src/pipeline/LSU.scala,560,https://github.com/THU-DSP-LAB/ventus-gpgpu/blob/681172541a8a34ffb43c483a19c075acbc11a4eb/ventus/src/pipeline/LSU.scala#L560,"val rspArbiter = Module(new Arbiter(new DCacheCoreRsp_np, n = 2))",static_source,candidate_axis,lsu_response_priority,proposal_only
V132,LSU 与合并返回,lsu_response_accumulation,分段返回聚合规则,core,H,收齐原指令活动掩码才可 WB,不同 line 的最慢响应决定完成,ventus/src/pipeline/MSHR.scala,37,https://github.com/THU-DSP-LAB/ventus-gpgpu/blob/681172541a8a34ffb43c483a19c075acbc11a4eb/ventus/src/pipeline/MSHR.scala#L37,val complete = VecInit(currentMask.map{_===0.U}).asUInt & used,static_source,fixed_behavior_or_calibration,,not_applicable
V133,LSU 与合并返回,lsu_entry_selection,在途槽分配和完成选择,core,H,低位优先,返回/再分配次序,ventus/src/pipeline/MSHR.scala,38,https://github.com/THU-DSP-LAB/ventus-gpgpu/blob/681172541a8a34ffb43c483a19c075acbc11a4eb/ventus/src/pipeline/MSHR.scala#L38,"val output_entry = Mux(complete.orR, PriorityEncoder(complete), 0.U)",static_source,candidate_axis,lsu_entry_selection,proposal_only
V134,LSU 与合并返回,lsu_mshr_update_conflict,LSU 表同时分配和返回更新,core,H,返回优先；新分配延至s_add,合并表服务本身会产生瓶颈,ventus/src/pipeline/MSHR.scala,50,https://github.com/THU-DSP-LAB/ventus-gpgpu/blob/681172541a8a34ffb43c483a19c075acbc11a4eb/ventus/src/pipeline/MSHR.scala#L50,when(io.from_dcache.fire){,static_source,candidate_axis,lsu_mshr_update_conflict,proposal_only
V135,LSU 与合并返回,lsu_return_service,LSU 表到 WB 的 FSM 服务,core,C,idle/add/out，out 时才能释放,表数再大也不保证每周期完整指令完成,ventus/src/pipeline/MSHR.scala,106,https://github.com/THU-DSP-LAB/ventus-gpgpu/blob/681172541a8a34ffb43c483a19c075acbc11a4eb/ventus/src/pipeline/MSHR.scala#L106,io.to_pipe.valid := complete.orR && state===s_out,needs_calibration,fixed_behavior_or_calibration,,not_applicable
V136,LSU 与合并返回,lsu_fence_rule,LSU fence 完成条件,core,H,相应warp全部在途请求完成,fence效果由credit与响应时序决定,ventus/src/pipeline/LSU.scala,572,https://github.com/THU-DSP-LAB/ventus-gpgpu/blob/681172541a8a34ffb43c483a19c075acbc11a4eb/ventus/src/pipeline/LSU.scala#L572,val shiftBoard=VecInit(Seq.fill(num_warp)(Module(new ShiftBoard(lsu_num_entry_each_warp)).io)),static_source,fixed_behavior_or_calibration,,not_applicable
V137,LSU 与合并返回,lsu_flush_priority,LSU cache维护和新访存优先,core,H,idle 时优先处理flush_dcache；实际opcode为invalidate,WG结束flush与普通访存竞争,ventus/src/pipeline/LSU.scala,371,https://github.com/THU-DSP-LAB/ventus-gpgpu/blob/681172541a8a34ffb43c483a19c075acbc11a4eb/ventus/src/pipeline/LSU.scala#L371,when(io.flush_dcache.fire){,static_source,fixed_behavior_or_calibration,,not_applicable
V138,L1 指令缓存,icache_sets,ICache set 数,core,P,dcache_NSets=256,MyConfig 默认同 DCache；局部构造参数可改,ventus/src/L1Cache/ICache/ICacheParameters.scala,21,https://github.com/THU-DSP-LAB/ventus-gpgpu/blob/681172541a8a34ffb43c483a19c075acbc11a4eb/ventus/src/L1Cache/ICache/ICacheParameters.scala#L21,"nSets: Int = dcache_NSets,",static_source,candidate_axis,dcache_sets,proposal_only
V139,L1 指令缓存,icache_ways,ICache ways,core,P,dcache_NWays=2,当前默认绑定 DCache,ventus/src/L1Cache/ICache/ICacheParameters.scala,22,https://github.com/THU-DSP-LAB/ventus-gpgpu/blob/681172541a8a34ffb43c483a19c075acbc11a4eb/ventus/src/L1Cache/ICache/ICacheParameters.scala#L22,"nWays: Int = dcache_NWays,",static_source,candidate_axis,cache_ways,proposal_only
V140,L1 指令缓存,icache_line_bytes,ICache line 大小,core,P,DCache_BlockWords*4=128 B,line 属性继承共用基类,ventus/src/L1Cache/ICache/ICache.scala,85,https://github.com/THU-DSP-LAB/ventus-gpgpu/blob/681172541a8a34ffb43c483a19c075acbc11a4eb/ventus/src/L1Cache/ICache/ICache.scala#L85,"gen=UInt(BlockBits.W),",static_source,candidate_axis,cache_line_words,proposal_only
V141,L1 指令缓存,icache_mshr_entries,ICache primary MSHR,core,P,4,独立 miss line 数,ventus/src/L1Cache/ICache/ICacheParameters.scala,24,https://github.com/THU-DSP-LAB/ventus-gpgpu/blob/681172541a8a34ffb43c483a19c075acbc11a4eb/ventus/src/L1Cache/ICache/ICacheParameters.scala#L24,"nMshrEntry: Int = 4,",static_source,candidate_axis,icache_mshr_entries,proposal_only
V142,L1 指令缓存,icache_mshr_targets,ICache 每 miss 合并目标数,core,P,4,同 line 多warp miss 合并,ventus/src/L1Cache/ICache/ICacheParameters.scala,25,https://github.com/THU-DSP-LAB/ventus-gpgpu/blob/681172541a8a34ffb43c483a19c075acbc11a4eb/ventus/src/L1Cache/ICache/ICacheParameters.scala#L25,nMshrSubEntry: Int = 4,static_source,candidate_axis,icache_mshr_targets,proposal_only
V143,L1 指令缓存,icache_response_queue,ICache 下层返回 FIFO,core,H,2，pipe=true,refill吸收与背压,ventus/src/L1Cache/ICache/ICache.scala,99,https://github.com/THU-DSP-LAB/ventus-gpgpu/blob/681172541a8a34ffb43c483a19c075acbc11a4eb/ventus/src/L1Cache/ICache/ICache.scala#L99,"val memRsp_Q = Module(new Queue(new ICacheMemRsp,2, pipe = true))",static_source,candidate_axis,icache_response_queue,proposal_only
V144,L1 指令缓存,icache_hit_latency,ICache 命中核心路径,core,C,req fire 到 st2 response,静态推断2级；全路径仍有拆包开销,ventus/src/L1Cache/ICache/ICache.scala,201,https://github.com/THU-DSP-LAB/ventus-gpgpu/blob/681172541a8a34ffb43c483a19c075acbc11a4eb/ventus/src/L1Cache/ICache/ICache.scala#L201,io.coreRsp.valid := coreReqFire_st2 && !OrderViolation_st2 //&& !ShouldFlushCoreRsp_st2// || missRsp_from_mshr,needs_calibration,fixed_behavior_or_calibration,,not_applicable
V145,L1 指令缓存,icache_ports,ICache 数据存储端口组织,core,H,同步1R1W，双端口,读命中可与refill写并存；同址规则需保持,ventus/src/L1Cache/ICache/ICache.scala,90,https://github.com/THU-DSP-LAB/ventus-gpgpu/blob/681172541a8a34ffb43c483a19c075acbc11a4eb/ventus/src/L1Cache/ICache/ICache.scala#L90,singlePort = false,static_source,candidate_axis,icache_ports,proposal_only
V146,L1 指令缓存,icache_replacement,ICache 替换策略,core,H,全局循环one-hot victim,替换状态不按set独立，不能替成通用LRU,ventus/src/L1Cache/L1TagAccess.scala,516,https://github.com/THU-DSP-LAB/ventus-gpgpu/blob/681172541a8a34ffb43c483a19c075acbc11a4eb/ventus/src/L1Cache/L1TagAccess.scala#L516,val victim_1Hidx = if (way>1) RegInit(1.U(way.W)) else RegInit(0.U(1.W)),static_source,candidate_axis,icache_replacement,proposal_only
V147,L1 指令缓存,icache_miss_replay,ICache miss/replay 规则,core,H,返回miss status，refill后重取,miss等待不能只加一次固定delay,ventus/src/L1Cache/ICache/ICache.scala,220,https://github.com/THU-DSP-LAB/ventus-gpgpu/blob/681172541a8a34ffb43c483a19c075acbc11a4eb/ventus/src/L1Cache/ICache/ICache.scala#L220,"val Status_st2 = Mux(RegNext(ShouldFlushCoreRsp_st1),""b10"".U,RegNext(Status_st1))",static_source,fixed_behavior_or_calibration,,not_applicable
V148,L1 指令缓存,icache_replay_hazard,同warp近邻miss冲突窗口,core,H,检查前2/3级 warp与miss,影响取指密集及 miss 模式,ventus/src/L1Cache/ICache/ICache.scala,276,https://github.com/THU-DSP-LAB/ventus-gpgpu/blob/681172541a8a34ffb43c483a19c075acbc11a4eb/ventus/src/L1Cache/ICache/ICache.scala#L276,OrderViolation_st1 := (warpIdMatch2_st1 && cacheMiss_st2  && !OrderViolation_st2) || (warpIdMatch3_st1 && cacheMiss_st3 && !OrderViolation_st3),static_source,fixed_behavior_or_calibration,,not_applicable
V149,L1 指令缓存,icache_refill_target_service,同line miss目标返送顺序,core,H,一次返送一个 target,subentry>1仍有逐个服务,ventus/src/L1Cache/ICache/ICacheMSHR.scala,175,https://github.com/THU-DSP-LAB/ventus-gpgpu/blob/681172541a8a34ffb43c483a19c075acbc11a4eb/ventus/src/L1Cache/ICache/ICacheMSHR.scala#L175,io.missRspOut.bits.targetInfo := targetInfo_Accesss(entryMatchMissRsp)(subentry_next2cancel),static_source,fixed_behavior_or_calibration,,not_applicable
V150,L1 数据缓存,dcache_sets,DCache set 数,core,P,256,cache locality与容量,ventus/src/top/parameters.scala,71,https://github.com/THU-DSP-LAB/ventus-gpgpu/blob/681172541a8a34ffb43c483a19c075acbc11a4eb/ventus/src/top/parameters.scala#L71,def dcache_NSets: Int = 256,static_source,candidate_axis,dcache_sets,proposal_only
V151,L1 数据缓存,cache_ways,DCache ways,core,P,2,冲突miss与 tag探测,ventus/src/top/parameters.scala,73,https://github.com/THU-DSP-LAB/ventus-gpgpu/blob/681172541a8a34ffb43c483a19c075acbc11a4eb/ventus/src/top/parameters.scala#L73,def dcache_NWays: Int = 2,static_source,candidate_axis,cache_ways,proposal_only
V152,L1 数据缓存,cache_line_words,DCache line words,core,P,32即128 B,影响合并；其它多个结构引用该值,ventus/src/top/parameters.scala,75,https://github.com/THU-DSP-LAB/ventus-gpgpu/blob/681172541a8a34ffb43c483a19c075acbc11a4eb/ventus/src/top/parameters.scala#L75,def dcache_BlockWords: Int = 32  // number of words per cacheline(block),static_source,candidate_axis,cache_line_words,proposal_only
V153,L1 数据缓存,cache_mshr_entries,DCache primary MSHR,core,P,4,独立miss并发,ventus/src/top/parameters.scala,88,https://github.com/THU-DSP-LAB/ventus-gpgpu/blob/681172541a8a34ffb43c483a19c075acbc11a4eb/ventus/src/top/parameters.scala#L88,def dcache_MshrEntry: Int = 4,static_source,candidate_axis,cache_mshr_entries,proposal_only
V154,L1 数据缓存,cache_mshr_targets,DCache 每 miss 次级目标,core,P,2,同line miss合并能力,ventus/src/top/parameters.scala,90,https://github.com/THU-DSP-LAB/ventus-gpgpu/blob/681172541a8a34ffb43c483a19c075acbc11a4eb/ventus/src/top/parameters.scala#L90,def dcache_MshrSubEntry: Int = 2,static_source,candidate_axis,cache_mshr_targets,proposal_only
V155,L1 数据缓存,cache_write_status_entries,DCache WSHR 数,core,P,4,写miss/写回在途追踪,ventus/src/top/parameters.scala,76,https://github.com/THU-DSP-LAB/ventus-gpgpu/blob/681172541a8a34ffb43c483a19c075acbc11a4eb/ventus/src/top/parameters.scala#L76,def dcache_wshr_entry: Int = 4,static_source,candidate_axis,cache_write_status_entries,proposal_only
V156,L1 数据缓存,cache_request_queue,DCache core request FIFO,core,H,1，pipe=true，flow=false,lookup 准入与流水寄存,ventus/src/L1Cache/DCache/DCache.scala,188,https://github.com/THU-DSP-LAB/ventus-gpgpu/blob/681172541a8a34ffb43c483a19c075acbc11a4eb/ventus/src/L1Cache/DCache/DCache.scala#L188,"val coreReq_Q = Module(new Queue(new DCacheCoreReq,entries = 1,flow=false,pipe=true))",static_source,candidate_axis,cache_request_queue,proposal_only
V157,L1 数据缓存,cache_response_queue,DCache core response FIFO,core,H,NLanes=32，非pipe/flow,当前绑定warp线程数,ventus/src/L1Cache/DCache/DCache.scala,190,https://github.com/THU-DSP-LAB/ventus-gpgpu/blob/681172541a8a34ffb43c483a19c075acbc11a4eb/ventus/src/L1Cache/DCache/DCache.scala#L190,val coreRsp_Q_entries :Int = NLanes,static_source,candidate_axis,cache_response_queue,proposal_only
V158,L1 数据缓存,cache_refill_queue,DCache 下层响应 FIFO,core,H,2，非pipe/flow,命中与refill竞争,ventus/src/L1Cache/DCache/DCache.scala,194,https://github.com/THU-DSP-LAB/ventus-gpgpu/blob/681172541a8a34ffb43c483a19c075acbc11a4eb/ventus/src/L1Cache/DCache/DCache.scala#L194,"val memRsp_Q = Module(new Queue(new DCacheMemRsp,entries = 2,flow=false,pipe=false))",static_source,candidate_axis,cache_refill_queue,proposal_only
V159,L1 数据缓存,cache_outgoing_queue,DCache 下层请求 FIFO,core,H,8，非pipe/flow,miss、dirty替换、flush共享,ventus/src/L1Cache/DCache/DCache.scala,198,https://github.com/THU-DSP-LAB/ventus-gpgpu/blob/681172541a8a34ffb43c483a19c075acbc11a4eb/ventus/src/L1Cache/DCache/DCache.scala#L198,"val memReq_Q = Module(new Queue(new WshrMemReq,entries = 8,flow=false,pipe=false))",static_source,candidate_axis,cache_outgoing_queue,proposal_only
V160,L1 数据缓存,cache_internal_elasticity,DCache 内部1槽暂存模板,core,H,control/readHit/st2/data均1,作为同结构族，不逐个临时寄存器扩张计数,ventus/src/L1Cache/DCache/DCache.scala,232,https://github.com/THU-DSP-LAB/ventus-gpgpu/blob/681172541a8a34ffb43c483a19c075acbc11a4eb/ventus/src/L1Cache/DCache/DCache.scala#L232,"val coreReqControl_st1_Q = Module(new Queue(new DCacheControl,1,true,false))",static_source,candidate_axis,cache_internal_elasticity,proposal_only
V161,L1 数据缓存,cache_hit_service,DCache hit流水与响应服务,core,C,tag探测→data→coreRsp队列,准确边界周期及背压需要RTL确认,ventus/src/L1Cache/DCache/DCache.scala,249,https://github.com/THU-DSP-LAB/ventus-gpgpu/blob/681172541a8a34ffb43c483a19c075acbc11a4eb/ventus/src/L1Cache/DCache/DCache.scala#L249,"val readHit_st2 = Module(new Queue(Bool(),1,true,false))",needs_calibration,fixed_behavior_or_calibration,,not_applicable
V162,L1 数据缓存,cache_store_hit_policy,DCache store hit策略,core,H,本地更新并标脏，后续写回,当前RTL含dirty mask，早期写穿通文档过时,ventus/src/L1Cache/DCache/DCache.scala,315,https://github.com/THU-DSP-LAB/ventus-gpgpu/blob/681172541a8a34ffb43c483a19c075acbc11a4eb/ventus/src/L1Cache/DCache/DCache.scala#L315,TagAccess.io.probeIsWrite_st1.get := coreReqControl_st1_Q.io.deq.bits.isWrite && coreReqControl_st1_Q.io.deq.valid &&cacheHit_st1//writeHit_st1,static_source,candidate_axis,cache_store_hit_policy,proposal_only
V163,L1 数据缓存,cache_store_miss_policy,DCache store miss策略,core,H,PutPartial下传，不经读分配,区分hit和miss写策略,ventus/src/L1Cache/DCache/DCache.scala,358,https://github.com/THU-DSP-LAB/ventus-gpgpu/blob/681172541a8a34ffb43c483a19c075acbc11a4eb/ventus/src/L1Cache/DCache/DCache.scala#L358,writeMissReq.a_opcode := 1.U //PutPartialData:Get,static_source,candidate_axis,cache_store_miss_policy,proposal_only
V164,L1 数据缓存,cache_replacement_policy,DCache victim 选择,core,H,有限accessCount时间戳规则,接近LRU意图但有1000次counter循环，模型须按源码,ventus/src/L1Cache/L1TagAccess.scala,77,https://github.com/THU-DSP-LAB/ventus-gpgpu/blob/681172541a8a34ffb43c483a19c075acbc11a4eb/ventus/src/L1Cache/L1TagAccess.scala#L77,"val (accessCount,accessCounterFull) = Counter(accessFire,1000)",static_source,candidate_axis,cache_replacement_policy,proposal_only
V165,L1 数据缓存,cache_dirty_granularity,DCache dirty记录粒度,core,H,每cacheline字节掩码,脏流量取决于写覆盖字节,ventus/src/L1Cache/L1TagAccess.scala,209,https://github.com/THU-DSP-LAB/ventus-gpgpu/blob/681172541a8a34ffb43c483a19c075acbc11a4eb/ventus/src/L1Cache/L1TagAccess.scala#L209,val dirtyMaskAccess = Module(new SRAMTemplate(,static_source,candidate_axis,cache_dirty_granularity,proposal_only
V166,L1 数据缓存,cache_data_bank_layout,DCache data array组织,core,H,每line word独立字节掩码SRAM,实际按BlockWords实例化，勿把NBanks别名当物理组织,ventus/src/L1Cache/DCache/DCache.scala,637,https://github.com/THU-DSP-LAB/ventus-gpgpu/blob/681172541a8a34ffb43c483a19c075acbc11a4eb/ventus/src/L1Cache/DCache/DCache.scala#L637,val DataAccessesRRsp: Seq[UInt] = (0 until BlockWords).map { i =>,static_source,fixed_behavior_or_calibration,,not_applicable
V167,L1 数据缓存,cache_data_ports,DCache data array端口,core,H,同步1R1W双端口,refill写与writehit的实际mux优先级需保留,ventus/src/L1Cache/DCache/DCache.scala,644,https://github.com/THU-DSP-LAB/ventus-gpgpu/blob/681172541a8a34ffb43c483a19c075acbc11a4eb/ventus/src/L1Cache/DCache/DCache.scala#L644,singlePort = false,static_source,candidate_axis,cache_data_ports,proposal_only
V168,L1 数据缓存,cache_downstream_priority,DCache 下层请求策略,core,H,dirty victim→普通miss→flush,三个固定优先输入,ventus/src/L1Cache/DCache/DCache.scala,785,https://github.com/THU-DSP-LAB/ventus-gpgpu/blob/681172541a8a34ffb43c483a19c075acbc11a4eb/ventus/src/L1Cache/DCache/DCache.scala#L785,MemReqArb.io.in(0).valid := tagReplaceStatus,static_source,candidate_axis,cache_downstream_priority,proposal_only
V169,L1 数据缓存,cache_lookup_refill_conflict,tag探测与分配写冲突规则,core,H,probe遇allocate则阻塞,命中与refill并发不总为满吞吐,ventus/src/L1Cache/DCache/DCache.scala,623,https://github.com/THU-DSP-LAB/ventus-gpgpu/blob/681172541a8a34ffb43c483a19c075acbc11a4eb/ventus/src/L1Cache/DCache/DCache.scala#L623,probereadAllocateWriteConflict := io.coreReq.valid && TagAccess.io.allocateWrite.valid,static_source,fixed_behavior_or_calibration,,not_applicable
V170,L1 数据缓存,cache_write_miss_interlock,写miss与已有miss互锁,core,H,inflightreadwritemiss等状态阻塞,MSHR增加不能消除所有阻塞,ventus/src/L1Cache/DCache/DCache.scala,210,https://github.com/THU-DSP-LAB/ventus-gpgpu/blob/681172541a8a34ffb43c483a19c075acbc11a4eb/ventus/src/L1Cache/DCache/DCache.scala#L210,val inflightreadwritemiss_w = (coreReqControl_st0_noen.isWrite && MshrAccess.io.mshrStatus_st0 =/= 0.U) || inflightReadWriteMiss,static_source,fixed_behavior_or_calibration,,not_applicable
V171,L1 数据缓存,cache_sameword_merge,同word字节写合并规则,core,H,genDataMapSameWord重映射,字节覆盖与冲突影响实际请求数,ventus/src/L1Cache/DCache/DCache.scala,201,https://github.com/THU-DSP-LAB/ventus-gpgpu/blob/681172541a8a34ffb43c483a19c075acbc11a4eb/ventus/src/L1Cache/DCache/DCache.scala#L201,val remapDataPerWord = Module(new genDataMapSameWord),static_source,fixed_behavior_or_calibration,,not_applicable
V172,L1 数据缓存,cache_flush_rule,DCache flush/invalidate排空条件,core,H,dirty扫描、WSHR与L2确认,kernel尾部代价由dirty状态决定,ventus/src/L1Cache/DCache/DCache.scala,207,https://github.com/THU-DSP-LAB/ventus-gpgpu/blob/681172541a8a34ffb43c483a19c075acbc11a4eb/ventus/src/L1Cache/DCache/DCache.scala#L207,val waitforL2flush = RegInit(false.B),static_source,fixed_behavior_or_calibration,,not_applicable
V173,共享内存 LDS,lds_line_words,LDS 每行word数,core,P,DCache_BlockWords=32,与cacheline共用定义；按当前地址切片约束,ventus/src/top/parameters.scala,95,https://github.com/THU-DSP-LAB/ventus-gpgpu/blob/681172541a8a34ffb43c483a19c075acbc11a4eb/ventus/src/top/parameters.scala#L95,def sharedmem_BlockWords = dcache_BlockWords,static_source,candidate_axis,cache_line_words,proposal_only
V174,共享内存 LDS,lds_banks,LDS bank 数,core,P,NLanes=num_thread=32,显式TODO解耦；和线程数绑定,ventus/src/L1Cache/ShareMem/ShareMemParameters.scala,40,https://github.com/THU-DSP-LAB/ventus-gpgpu/blob/681172541a8a34ffb43c483a19c075acbc11a4eb/ventus/src/L1Cache/ShareMem/ShareMemParameters.scala#L40,"def NBanks = NLanes//TODO after support, decouple 2 params",static_source,candidate_axis,warp_threads,proposal_only
V175,共享内存 LDS,lds_bank_address_map,LDS bank地址映射,core,H,word地址低位,stride与布局决定冲突,ventus/src/L1Cache/ShareMem/ShareMemParameters.scala,48,https://github.com/THU-DSP-LAB/ventus-gpgpu/blob/681172541a8a34ffb43c483a19c075acbc11a4eb/ventus/src/L1Cache/ShareMem/ShareMemParameters.scala#L48,"def get_bankIdx(addr: UInt)= addr(BankIdxBits + WordOffsetBits-1,WordOffsetBits)",static_source,fixed_behavior_or_calibration,,not_applicable
V176,共享内存 LDS,lds_bank_ports,LDS 每bank端口,core,H,1R1W双端口,与bank冲突仲裁和写占用准入耦合,ventus/src/L1Cache/ShareMem/ShareMem.scala,152,https://github.com/THU-DSP-LAB/ventus-gpgpu/blob/681172541a8a34ffb43c483a19c075acbc11a4eb/ventus/src/L1Cache/ShareMem/ShareMem.scala#L152,"singlePort = false,",static_source,candidate_axis,lds_bank_ports,proposal_only
V177,共享内存 LDS,lds_read_latency,LDS data读时序,core,C,同步读+st1/st2响应路径,准确请求到响应周期需验证,ventus/src/L1Cache/ShareMem/ShareMem.scala,128,https://github.com/THU-DSP-LAB/ventus-gpgpu/blob/681172541a8a34ffb43c483a19c075acbc11a4eb/ventus/src/L1Cache/ShareMem/ShareMem.scala#L128,val coreReqisValidRead_st2 = RegNext(coreReqisValidRead_st1)//TODO verification for bank conflict,needs_calibration,fixed_behavior_or_calibration,,not_applicable
V178,共享内存 LDS,lds_response_queue,LDS 返回 FIFO,core,H,num_thread=32，pipe=true,warp_width绑定返回缓冲,ventus/src/L1Cache/ShareMem/ShareMem.scala,72,https://github.com/THU-DSP-LAB/ventus-gpgpu/blob/681172541a8a34ffb43c483a19c075acbc11a4eb/ventus/src/L1Cache/ShareMem/ShareMem.scala#L72,val DepthCoreRsp_Q: Int = num_thread,static_source,candidate_axis,lds_response_queue,proposal_only
V179,共享内存 LDS,lds_conflict_policy,每bank多个lane仲裁,core,H,低位lane优先；余者逐轮服务,要按实际地址/掩码计算冲突，非平均系数,ventus/src/L1Cache/ShareMem/BankConflictArbiter.scala,164,https://github.com/THU-DSP-LAB/ventus-gpgpu/blob/681172541a8a34ffb43c483a19c075acbc11a4eb/ventus/src/L1Cache/ShareMem/BankConflictArbiter.scala#L164,perBankActiveLaneWhenConflict1H := perBankReq_Bin.map(Cat(_)).map(PriorityEncoderOH(_)),static_source,candidate_axis,lds_conflict_policy,proposal_only
V180,共享内存 LDS,lds_same_address_merge,LDS 同地址广播合并,core,H,不合并,32 lane同word读也排队，不能套用NVIDIA广播假设,ventus/src/L1Cache/ShareMem/BankConflictArbiter.scala,184,https://github.com/THU-DSP-LAB/ventus-gpgpu/blob/681172541a8a34ffb43c483a19c075acbc11a4eb/ventus/src/L1Cache/ShareMem/BankConflictArbiter.scala#L184,//do not merge req to same addr from different lane. assume this optimization to be done at register level,static_source,candidate_axis,lds_same_address_merge,proposal_only
V181,共享内存 LDS,lds_access_overlap,LDS 新请求与重放/写重叠,core,H,冲突重放及st1写阻塞新请求,1R1W能力不等于每周期一条向量指令,ventus/src/L1Cache/ShareMem/ShareMem.scala,194,https://github.com/THU-DSP-LAB/ventus-gpgpu/blob/681172541a8a34ffb43c483a19c075acbc11a4eb/ventus/src/L1Cache/ShareMem/ShareMem.scala#L194,io.coreReq.ready := !RegNext(BankConfArb.io.bankConflict) && !coreRsp_QAlmstFull && !coreReqisValidWrite_st1,static_source,fixed_behavior_or_calibration,,not_applicable
V182,共享内存 LDS,lds_byte_write,LDS 写掩码和旁路,core,H,字节掩码；bypassWrite=true,影响同址读写语义；保持精确访问粒度,ventus/src/L1Cache/ShareMem/ShareMem.scala,153,https://github.com/THU-DSP-LAB/ventus-gpgpu/blob/681172541a8a34ffb43c483a19c075acbc11a4eb/ventus/src/L1Cache/ShareMem/ShareMem.scala#L153,bypassWrite = true,static_source,fixed_behavior_or_calibration,,not_applicable
V183,L2 缓存与服务,l2_slices,L2 slice 数,core,P,1,并行共享内存服务端点,ventus/src/top/parameters.scala,132,https://github.com/THU-DSP-LAB/ventus-gpgpu/blob/681172541a8a34ffb43c483a19c075acbc11a4eb/ventus/src/top/parameters.scala#L132,def num_l2cache = 1,static_source,candidate_axis,l2_slices,proposal_only
V184,L2 缓存与服务,l2_sets,每slice L2 set 数,core,P,64,容量与L2索引,ventus/src/top/parameters.scala,99,https://github.com/THU-DSP-LAB/ventus-gpgpu/blob/681172541a8a34ffb43c483a19c075acbc11a4eb/ventus/src/top/parameters.scala#L99,def l2cache_NSets: Int = 64,static_source,candidate_axis,l2_sets,proposal_only
V185,L2 缓存与服务,l2_ways,L2 associativity,core,P,16,冲突miss；victim取低wayBits，变更须合法,ventus/src/top/parameters.scala,101,https://github.com/THU-DSP-LAB/ventus-gpgpu/blob/681172541a8a34ffb43c483a19c075acbc11a4eb/ventus/src/top/parameters.scala#L101,def l2cache_NWays: Int = 16,static_source,candidate_axis,l2_ways,proposal_only
V186,L2 缓存与服务,l2_line_bytes,L2 line 大小,core,P,DCache_BlockWords*4=128 B,当前绑定L1大小,ventus/src/top/parameters.scala,103,https://github.com/THU-DSP-LAB/ventus-gpgpu/blob/681172541a8a34ffb43c483a19c075acbc11a4eb/ventus/src/top/parameters.scala#L103,def l2cache_BlockWords: Int = dcache_BlockWords,static_source,candidate_axis,cache_line_words,proposal_only
V187,L2 缓存与服务,l2_beat_bytes,L2内外接口beat大小,core,P,等于line=128 B,局部声明可设置，但实际多个路径依赖单beat,ventus/src/top/parameters.scala,113,https://github.com/THU-DSP-LAB/ventus-gpgpu/blob/681172541a8a34ffb43c483a19c075acbc11a4eb/ventus/src/top/parameters.scala#L113,"def l2cache_cache = CacheParameters(2, l2cache_NWays, l2cache_NSets, num_l2cache, l2cache_BlockWords << 2, l2cache_BlockWords << 2)",static_source,candidate_axis,cache_line_words,proposal_only
V188,L2 缓存与服务,l2_write_bytes,L2存储更新粒度,core,P,1 B,mask和data子bank组织,ventus/src/top/parameters.scala,105,https://github.com/THU-DSP-LAB/ventus-gpgpu/blob/681172541a8a34ffb43c483a19c075acbc11a4eb/ventus/src/top/parameters.scala#L105,def l2cache_writeBytes: Int = 1,static_source,candidate_axis,l2_write_bytes,proposal_only
V189,L2 缓存与服务,l2_sizing_mem_cycles,L2资源配额的memory cycles参数,core,P,32,只用于MSHR/secondary/put尺寸，绝非真实DDR延迟,ventus/src/top/parameters.scala,107,https://github.com/THU-DSP-LAB/ventus-gpgpu/blob/681172541a8a34ffb43c483a19c075acbc11a4eb/ventus/src/top/parameters.scala#L107,def l2cache_memCycles: Int = 32,static_source,candidate_axis,l2_sizing_mem_cycles,proposal_only
V190,L2 缓存与服务,l2_mshr_entries,L2 MSHR 数,core,D,"max(dirReg?3:2,ceil(memCycles/blockBeats))=32",由资源配额导出；不能当独立upstream参数,ventus/src/L2cache/Parameters.scala,164,https://github.com/THU-DSP-LAB/ventus-gpgpu/blob/681172541a8a34ffb43c483a19c075acbc11a4eb/ventus/src/L2cache/Parameters.scala#L164,"val mshrs = InclusiveCacheParameters.all_mshrs(cache, micro)",static_source,derived,,not_applicable
V191,L2 缓存与服务,l2_secondary_entries,L2 secondary共享entry池,core,D,"max(mshrs,memCycles-mshrs)=32",ListBuffer全局pool，非每MSHR32项,ventus/src/L2cache/Parameters.scala,165,https://github.com/THU-DSP-LAB/ventus-gpgpu/blob/681172541a8a34ffb43c483a19c075acbc11a4eb/ventus/src/L2cache/Parameters.scala#L165,"val secondary = max(mshrs, micro.memCycles - mshrs)",static_source,derived,,not_applicable
V192,L2 缓存与服务,l2_put_lists,L2写数据list数,core,D,memCycles=32,写数据追踪，绑定memory sizing,ventus/src/L2cache/Parameters.scala,166,https://github.com/THU-DSP-LAB/ventus-gpgpu/blob/681172541a8a34ffb43c483a19c075acbc11a4eb/ventus/src/L2cache/Parameters.scala#L166,val putLists = micro.memCycles // allow every request to be single beat,static_source,derived,,not_applicable
V193,L2 缓存与服务,l2_put_beats,L2写数据beat池大小,core,D,"max(2*blockBeats,memCycles)=32",统一beat池，非list数乘beat数,ventus/src/L2cache/Parameters.scala,167,https://github.com/THU-DSP-LAB/ventus-gpgpu/blob/681172541a8a34ffb43c483a19c075acbc11a4eb/ventus/src/L2cache/Parameters.scala#L167,"val putBeats = max(2*cache.blockBeats, micro.memCycles)",static_source,derived,,not_applicable
V194,L2 缓存与服务,l2_mshr_policy,L2 MSHR服务选择,core,H,round robin filter,directory、sourceA和sourceD多资源竞争,ventus/src/L2cache/Scheduler.scala,103,https://github.com/THU-DSP-LAB/ventus-gpgpu/blob/681172541a8a34ffb43c483a19c075acbc11a4eb/ventus/src/L2cache/Scheduler.scala#L103,val robin_filter = RegInit(0.U(params.mshrs.W)),static_source,fixed_behavior_or_calibration,,not_applicable
V195,L2 缓存与服务,l2_merge_semantics,L2同set请求合并/排队规则,core,H,ListBuffer关联到MSHR列表,必须检查MSHR/queued请求具体状态，非纯miss率模型,ventus/src/L2cache/Scheduler.scala,89,https://github.com/THU-DSP-LAB/ventus-gpgpu/blob/681172541a8a34ffb43c483a19c075acbc11a4eb/ventus/src/L2cache/Scheduler.scala#L89,"val requests = Module(new ListBuffer(ListBufferParameters(new Merge_meta(params), params.mshrs, params.secondary, false,true)))",static_source,fixed_behavior_or_calibration,,not_applicable
V196,L2 缓存与服务,l2_writeback_queue,L2 dirty下传FIFO,core,H,8，pipe=true,dirty victim与普通miss解耦,ventus/src/L2cache/Scheduler.scala,125,https://github.com/THU-DSP-LAB/ventus-gpgpu/blob/681172541a8a34ffb43c483a19c075acbc11a4eb/ventus/src/L2cache/Scheduler.scala#L125,"val write_buffer =Module(new Queue(new FullRequest(params),8,false,true))",static_source,candidate_axis,l2_writeback_queue,proposal_only
V197,L2 缓存与服务,l2_writeback_priority,L2下层A通道优先级,core,H,write_buffer优先,写回占用带宽并延迟读miss,ventus/src/L2cache/Scheduler.scala,143,https://github.com/THU-DSP-LAB/ventus-gpgpu/blob/681172541a8a34ffb43c483a19c075acbc11a4eb/ventus/src/L2cache/Scheduler.scala#L143,"sourceA.io.req.bits:=Mux(write_buffer.io.deq.valid,write_buffer.io.deq.bits,schedule.a.bits)",static_source,candidate_axis,l2_writeback_priority,proposal_only
V198,L2 缓存与服务,l2_replacement,L2实际victim策略,core,H,16位LFSR低wayBits,配置字符串plru未接入实际victim逻辑,ventus/src/L2cache/Directory_test.scala,227,https://github.com/THU-DSP-LAB/ventus-gpgpu/blob/681172541a8a34ffb43c483a19c075acbc11a4eb/ventus/src/L2cache/Directory_test.scala#L227,"val victimWay = victim_LFSR(params.wayBits-1,0)//replacer_array(set)",static_source,candidate_axis,l2_replacement,proposal_only
V199,L2 缓存与服务,l2_replacement_sequence,L2 LFSR种子和推进规则,core,H,reset=0；result.fire推进,同策略不同序列也影响冲突trace，可固定为校准常量,ventus/src/L2cache/Directory_test.scala,219,https://github.com/THU-DSP-LAB/ventus-gpgpu/blob/681172541a8a34ffb43c483a19c075acbc11a4eb/ventus/src/L2cache/Directory_test.scala#L219,val lfsr=RegInit(0.U(16.W)) //todo need to be configurable,static_source,fixed_behavior_or_calibration,,not_applicable
V200,L2 缓存与服务,l2_directory_ports,L2 directory存储端口,core,H,1R1W，sync、hold、bypass,lookup/refill同set竞争与旁路,ventus/src/L2cache/Directory_test.scala,103,https://github.com/THU-DSP-LAB/ventus-gpgpu/blob/681172541a8a34ffb43c483a19c075acbc11a4eb/ventus/src/L2cache/Directory_test.scala#L103,val singlePort = false,static_source,candidate_axis,l2_directory_ports,proposal_only
V201,L2 缓存与服务,l2_directory_service,L2 directory查询和冲突协议,core,C,同步读+结果保持/冲突处理,命中延迟不能只由capacity推得,ventus/src/L2cache/Directory_test.scala,229,https://github.com/THU-DSP-LAB/ventus-gpgpu/blob/681172541a8a34ffb43c483a19c075acbc11a4eb/ventus/src/L2cache/Directory_test.scala#L229,val setQuash_1 = wen && io.write.bits.set === io.read.bits.set //表示write到上次读出来的set,needs_calibration,fixed_behavior_or_calibration,,not_applicable
V202,L2 缓存与服务,l2_data_ports,L2 data array端口,core,H,1R1W、同步读,单共享访问端口，byte banks不提供独立128路请求,ventus/src/L2cache/BankedStore.scala,92,https://github.com/THU-DSP-LAB/ventus-gpgpu/blob/681172541a8a34ffb43c483a19c075acbc11a4eb/ventus/src/L2cache/BankedStore.scala#L92,val singlePort= false,static_source,candidate_axis,l2_data_ports,proposal_only
V203,L2 缓存与服务,l2_refill_store_priority,L2 refill和store数据写优先级,core,H,sinkD优先于sourceD写,refill吞吐与store hit相互竞争,ventus/src/L2cache/BankedStore.scala,109,https://github.com/THU-DSP-LAB/ventus-gpgpu/blob/681172541a8a34ffb43c483a19c075acbc11a4eb/ventus/src/L2cache/BankedStore.scala#L109,io.sourceD_wadr.ready:= !io.sinkD_adr.valid,static_source,candidate_axis,l2_refill_store_priority,proposal_only
V204,L2 缓存与服务,l2_source_d_service,L2 hit/miss/dirty返回服务FSM,core,C,8状态路径，依请求类型,hit与dirty miss服务时间分开，精确边界待校准,ventus/src/L2cache/SourceD.scala,68,https://github.com/THU-DSP-LAB/ventus-gpgpu/blob/681172541a8a34ffb43c483a19c075acbc11a4eb/ventus/src/L2cache/SourceD.scala#L68,val stage_1 :: stage_2 :: stage_3 ::stage_4::stage_5::stage_6::stage_7::stage_8::Nil =Enum(8),needs_calibration,fixed_behavior_or_calibration,,not_applicable
V205,L2 缓存与服务,l2_flush_service,L2 flush/invalidate协议,core,H,排空putbuffer；invalidate还待MSHR空,跨SM共享缓存状态影响尾部flush,ventus/src/L2cache/Scheduler.scala,154,https://github.com/THU-DSP-LAB/ventus-gpgpu/blob/681172541a8a34ffb43c483a19c075acbc11a4eb/ventus/src/L2cache/Scheduler.scala#L154,val invalidate_ready  = !issue_flush_invalidate &&  mshr_empty &&  putbuffer_empty,static_source,fixed_behavior_or_calibration,,not_applicable
V206,L2 缓存与服务,l2_input_buffer,L2 A通道输入buffer模板,core,P,BufferParams.none,仅实际消费的innerBuf.a纳入,ventus/src/L2cache/SinkA.scala,48,https://github.com/THU-DSP-LAB/ventus-gpgpu/blob/681172541a8a34ffb43c483a19c075acbc11a4eb/ventus/src/L2cache/SinkA.scala#L48,val a = params.micro.innerBuf.a(io.a),static_source,candidate_axis,l2_input_buffer,proposal_only
V207,互连与争用,l1_to_l2_policy,SM内I/D下层请求仲裁,core,H,固定优先级,输入连接顺序须纳入模型,ventus/src/L1Cache/L1Cache2L2Arbiter.scala,32,https://github.com/THU-DSP-LAB/ventus-gpgpu/blob/681172541a8a34ffb43c483a19c075acbc11a4eb/ventus/src/L1Cache/L1Cache2L2Arbiter.scala#L32,"val memReqArb = Module(new Arbiter(new L1CacheMemReq,NCacheInSM))",static_source,candidate_axis,l1_to_l2_policy,proposal_only
V208,互连与争用,sm_to_cluster_policy,SM到cluster仲裁,core,H,固定优先级,改变sm数量改变争用,ventus/src/top/GPGPU_top.scala,529,https://github.com/THU-DSP-LAB/ventus-gpgpu/blob/681172541a8a34ffb43c483a19c075acbc11a4eb/ventus/src/top/GPGPU_top.scala#L529,"val memReqArb = Module(new Arbiter(new TLBundleA_lite(L2param),NSmInCluster))",static_source,candidate_axis,sm_to_cluster_policy,proposal_only
V209,互连与争用,sm_to_cluster_queue,cluster入口请求FIFO,core,H,2,有限缓冲与背压,ventus/src/top/GPGPU_top.scala,530,https://github.com/THU-DSP-LAB/ventus-gpgpu/blob/681172541a8a34ffb43c483a19c075acbc11a4eb/ventus/src/top/GPGPU_top.scala#L530,"val memReqBuf = Module(new Queue(new TLBundleA_lite(L2param),2))",static_source,candidate_axis,sm_to_cluster_queue,proposal_only
V210,互连与争用,cluster_to_l2_policy,cluster到L2仲裁,core,H,固定优先级,多个cluster共L2端点,ventus/src/top/GPGPU_top.scala,610,https://github.com/THU-DSP-LAB/ventus-gpgpu/blob/681172541a8a34ffb43c483a19c075acbc11a4eb/ventus/src/top/GPGPU_top.scala#L610,"val memReqArb = Module(new Arbiter(new TLBundleA_lite(L2paramOut),NCluster))",static_source,candidate_axis,cluster_to_l2_policy,proposal_only
V211,互连与争用,l2_slice_address_map,L2 slice地址映射,core,H,offset→set→slice→tag,多slice地址条带布局,ventus/src/L2cache/Parameters.scala,222,https://github.com/THU-DSP-LAB/ventus-gpgpu/blob/681172541a8a34ffb43c483a19c075acbc11a4eb/ventus/src/L2cache/Parameters.scala#L222,val l2c = set >> setBits,static_source,candidate_axis,l2_slice_address_map,proposal_only
V212,互连与争用,l2_to_cluster_response_policy,L2到cluster返回仲裁,core,H,固定优先级,各slice响应争用返程通道,ventus/src/top/GPGPU_top.scala,590,https://github.com/THU-DSP-LAB/ventus-gpgpu/blob/681172541a8a34ffb43c483a19c075acbc11a4eb/ventus/src/top/GPGPU_top.scala#L590,"val memRspArb = Module(new Arbiter(new TLBundleD_lite_plus(l2param),NL2Cache))",static_source,candidate_axis,l2_to_cluster_response_policy,proposal_only
V213,互连与争用,interconnect_beat_service,互连每通道服务宽度,core,H,每次一个128B beat,当前为分层仲裁互连；无路由器、VC或mesh模型,ventus/src/top/GPGPU_top.scala,550,https://github.com/THU-DSP-LAB/ventus-gpgpu/blob/681172541a8a34ffb43c483a19c075acbc11a4eb/ventus/src/top/GPGPU_top.scala#L550,io.memReqOut <> memReqBuf.io.deq,static_source,fixed_behavior_or_calibration,,not_applicable
V214,可选 MMU,virtual_page_offset_bits,基本page offset位数,mmu,P,12即4 KiB,固定ISA和地址翻译契约时应冻结,ventus/src/mmu/PTW.scala,24,https://github.com/THU-DSP-LAB/ventus-gpgpu/blob/681172541a8a34ffb43c483a19c075acbc11a4eb/ventus/src/mmu/PTW.scala#L24,def offsetLen = 12,static_source,optional_feature,,not_applicable
V215,可选 MMU,page_table_levels,页表层数,mmu,P,SV32=2,superpage路径与walk流量,ventus/src/mmu/PTW.scala,27,https://github.com/THU-DSP-LAB/ventus-gpgpu/blob/681172541a8a34ffb43c483a19c075acbc11a4eb/ventus/src/mmu/PTW.scala#L27,def levels = 2,static_source,optional_feature,,not_applicable
V216,可选 MMU,asid_bits,ASID位数,mmu,P,16,上下文隔离，不随active kernel数重复展开,ventus/src/mmu/PTW.scala,20,https://github.com/THU-DSP-LAB/ventus-gpgpu/blob/681172541a8a34ffb43c483a19c075acbc11a4eb/ventus/src/mmu/PTW.scala#L20,def asidLen = 16,static_source,optional_feature,,not_applicable
V217,可选 MMU,l1_tlb_entries,每I/D L1 TLB ways,mmu,P,8,top实际实例传入；不要用unused trait nWays重复计数,ventus/src/top/parameters.scala,134,https://github.com/THU-DSP-LAB/ventus-gpgpu/blob/681172541a8a34ffb43c483a19c075acbc11a4eb/ventus/src/top/parameters.scala#L134,def l1tlb_ways = 8,static_source,optional_feature,,not_applicable
V218,可选 MMU,l1_tlb_service,L1 TLB lookup/miss等待规则,mmu,C,L1TLB FSM,仅MMU路径；命中延迟待边界核对,ventus/src/mmu/L1TLB.scala,121,https://github.com/THU-DSP-LAB/ventus-gpgpu/blob/681172541a8a34ffb43c483a19c075acbc11a4eb/ventus/src/mmu/L1TLB.scala#L121,"class L1TLB(SV: SVParam, nWays: Int, Debug: Boolean = true) extends L1TlbIO(SV, Debug){",needs_calibration,optional_feature,,not_applicable
V219,可选 MMU,l2_tlb_sets,共享L2 TLB set数,mmu,P,16合计,跨bank总数,ventus/src/mmu/L2TLB.scala,10,https://github.com/THU-DSP-LAB/ventus-gpgpu/blob/681172541a8a34ffb43c483a19c075acbc11a4eb/ventus/src/mmu/L2TLB.scala#L10,def nSets = 16 // total Sets of all banks,static_source,optional_feature,,not_applicable
V220,可选 MMU,l2_tlb_ways,L2 TLB ways,mmu,P,4,翻译冲突,ventus/src/mmu/L2TLB.scala,11,https://github.com/THU-DSP-LAB/ventus-gpgpu/blob/681172541a8a34ffb43c483a19c075acbc11a4eb/ventus/src/mmu/L2TLB.scala#L11,def nWays = 4,static_source,optional_feature,,not_applicable
V221,可选 MMU,l2_tlb_banks,L2 TLB bank数,mmu,P,2,translation并行,ventus/src/mmu/L2TLB.scala,13,https://github.com/THU-DSP-LAB/ventus-gpgpu/blob/681172541a8a34ffb43c483a19c075acbc11a4eb/ventus/src/mmu/L2TLB.scala#L13,def nBanks = 2,static_source,optional_feature,,not_applicable
V222,可选 MMU,l2_tlb_sectors,每L2 TLB项sector数,mmu,P,L2 line words=32,绑定cacheline；可覆盖相邻VPN,ventus/src/mmu/L2TLB.scala,12,https://github.com/THU-DSP-LAB/ventus-gpgpu/blob/681172541a8a34ffb43c483a19c075acbc11a4eb/ventus/src/mmu/L2TLB.scala#L12,def nSectors = top.parameters.l2cache_BlockWords,static_source,optional_feature,,not_applicable
V223,可选 MMU,l2_tlb_service,L2 TLB miss/walk/refill服务,mmu,C,bank内FSM和sector fill,精确延迟/并发需校准,ventus/src/mmu/L2TLB.scala,216,https://github.com/THU-DSP-LAB/ventus-gpgpu/blob/681172541a8a34ffb43c483a19c075acbc11a4eb/ventus/src/mmu/L2TLB.scala#L216,class L2TLB(,needs_calibration,optional_feature,,not_applicable
V224,可选 MMU,ptw_parallelism,页表遍历器并行度,mmu,P,按TLB banks实例,每bank一条walk状态；与nBanks绑定,ventus/src/mmu/PTW.scala,159,https://github.com/THU-DSP-LAB/ventus-gpgpu/blob/681172541a8a34ffb43c483a19c075acbc11a4eb/ventus/src/mmu/PTW.scala#L159,val entries = RegInit(VecInit(Seq.fill(Banks)(0.U.asTypeOf(new PTWEntry)))),static_source,optional_feature,,not_applicable
V225,可选 MMU,ptw_memory_sharing,PTW与普通L2请求仲裁,mmu,H,固定优先级,page miss抢占实际内存服务,ventus/src/top/GPGPU_top.scala,272,https://github.com/THU-DSP-LAB/ventus-gpgpu/blob/681172541a8a34ffb43c483a19c075acbc11a4eb/ventus/src/top/GPGPU_top.scala#L272,"val tlb_req_arb = Seq.fill(NL2Cache)(Module(new Arbiter(new TLBundleA_lite(l2cache_params), 2)))",static_source,optional_feature,,not_applicable
V226,可选 MMU,asid_lookup_entries,ASID到PTBR表项,mmu,H,8,top中硬编码,ventus/src/top/GPGPU_top.scala,226,https://github.com/THU-DSP-LAB/ventus-gpgpu/blob/681172541a8a34ffb43c483a19c075acbc11a4eb/ventus/src/top/GPGPU_top.scala#L226,"val asid_lookup = Module(new AsidLookup(SV.get, l2tlb.nBanks, 8)) // TODO: parameter of max ASID entries",static_source,optional_feature,,not_applicable
V227,可选 MMU,asid_invalidation,ASID替换及失效范围,mmu,H,fill更新时传播flush_tlb,多kernel迁移和TLB冷状态,ventus/src/mmu/AsidLookup.scala,17,https://github.com/THU-DSP-LAB/ventus-gpgpu/blob/681172541a8a34ffb43c483a19c075acbc11a4eb/ventus/src/mmu/AsidLookup.scala#L17,val flush_tlb = ValidIO(UInt(SV.asidLen.W)),static_source,optional_feature,,not_applicable
V228,可选 AXI 包装,axi_data_bits,AXI data位宽,axi,P,64,硬件包装，默认cached Verilator走另一接口,ventus/src/top/GPGPU_top.scala,117,https://github.com/THU-DSP-LAB/ventus-gpgpu/blob/681172541a8a34ffb43c483a19c075acbc11a4eb/ventus/src/top/GPGPU_top.scala#L117,"val l2cache_axi_params=AXI4BundleParameters(32,64,l2cache_params.source_bits)",static_source,optional_feature,,not_applicable
V229,可选 AXI 包装,axi_read_line_buffer,AXI读返回暂存容量,axi,H,1个line,允许的完成缓冲，不能据此声称只有1个已发读地址,ventus/src/axi/AXI4Adapter.scala,55,https://github.com/THU-DSP-LAB/ventus-gpgpu/blob/681172541a8a34ffb43c483a19c075acbc11a4eb/ventus/src/axi/AXI4Adapter.scala#L55,val buffer_read=  Seq.fill(total_times){Reg(new BufferBundle_read(params))}//Seq.fill(total_times){Reg(new BufferBundle_read(params))},static_source,optional_feature,,not_applicable
V230,可选 AXI 包装,axi_write_line_buffer,AXI写数据暂存容量,axi,H,1个line,burst序列化,ventus/src/axi/AXI4Adapter.scala,59,https://github.com/THU-DSP-LAB/ventus-gpgpu/blob/681172541a8a34ffb43c483a19c075acbc11a4eb/ventus/src/axi/AXI4Adapter.scala#L59,val buffer_write= Seq.fill(total_times){Reg(new BufferBundle_write(params))},static_source,optional_feature,,not_applicable
V231,可选 AXI 包装,axi_burst_mode,AXI突发模式与长度,axi,H,INCR；line/beat-1,长度为派生量；改变line和beat需验证adapter,ventus/src/axi/AXI4Adapter.scala,71,https://github.com/THU-DSP-LAB/ventus-gpgpu/blob/681172541a8a34ffb43c483a19c075acbc11a4eb/ventus/src/axi/AXI4Adapter.scala#L71,io.AXI_master_bundle.ar.bits.burst:= 1.U,static_source,optional_feature,,not_applicable
V232,可选 AXI 包装,axi_read_write_admission,AXI读写请求准入耦合,axi,H,AR/AW ready和buffer忙共同门控,不能把读写当两个完全独立满速通道,ventus/src/axi/AXI4Adapter.scala,173,https://github.com/THU-DSP-LAB/ventus-gpgpu/blob/681172541a8a34ffb43c483a19c075acbc11a4eb/ventus/src/axi/AXI4Adapter.scala#L173,"io.l2cache_outa.ready:= !buffer_write_busy && io.AXI_master_bundle.aw.ready && !buffer_read_busy &&io.AXI_master_bundle.ar.ready//Mux(io.l2cache_outa.bits.opcode===PutFullData,!buffer_write_busy && io.AXI_master_bundle.aw.ready, !buffer_read_busy &&io.AXI_master_bundle.ar.ready)",static_source,optional_feature,,not_applicable
V233,可选 AXI 包装,axi_response_priority,AXI B/R返回选择,axi,H,B优先于读line完成,下游ready协议需检查,ventus/src/axi/AXI4Adapter.scala,167,https://github.com/THU-DSP-LAB/ventus-gpgpu/blob/681172541a8a34ffb43c483a19c075acbc11a4eb/ventus/src/axi/AXI4Adapter.scala#L167,io.l2cache_outd.valid:= io.AXI_master_bundle.b.valid || buffer_read_valid,static_source,optional_feature,,not_applicable
V234,可选 AXI 包装,axi_max_outstanding,AXI允许的在途与ID匹配约束,axi,C,单读拼包缓冲，地址接收需另外审计,当前单读拼包结构的合法traffic与吞吐需验证,ventus/src/axi/AXI4Adapter.scala,57,https://github.com/THU-DSP-LAB/ventus-gpgpu/blob/681172541a8a34ffb43c483a19c075acbc11a4eb/ventus/src/axi/AXI4Adapter.scala#L57,val buffer_read_busy=WireInit(false.B),needs_calibration,optional_feature,,not_applicable
V235,仿真边界与外存,wrapper_request_stages,RTLsim请求wrapper流水级,system,H,2,必须注明比较周期是否包含wrapper,ventus/src/top/GPGPU_SimWrapper.scala,101,https://github.com/THU-DSP-LAB/ventus-gpgpu/blob/681172541a8a34ffb43c483a19c075acbc11a4eb/ventus/src/top/GPGPU_SimWrapper.scala#L101,"val pipe_a = Module(new DecoupledPipe(new TLBundleA_lite(l2cache_params), 2))",static_source,fixed_behavior_or_calibration,,not_applicable
V236,仿真边界与外存,wrapper_response_stages,RTLsim响应wrapper流水级,system,H,2,RTLSim测试边界，不是GPU核心结构,ventus/src/top/GPGPU_SimWrapper.scala,102,https://github.com/THU-DSP-LAB/ventus-gpgpu/blob/681172541a8a34ffb43c483a19c075acbc11a4eb/ventus/src/top/GPGPU_SimWrapper.scala#L102,"val pipe_d = Module(new DecoupledPipe(new TLBundleD_lite(l2cache_params), 2))",static_source,fixed_behavior_or_calibration,,not_applicable
V237,仿真边界与外存,sim_ddr_delay,当前RTLSim伪DDR延迟设置,system,P,DELAY_DDR=2,是wrapper delay设置，不含完整DRAM时序,ventus/src/top/Mem_SimWrapper.scala,22,https://github.com/THU-DSP-LAB/ventus-gpgpu/blob/681172541a8a34ffb43c483a19c075acbc11a4eb/ventus/src/top/Mem_SimWrapper.scala#L22,"class Mem_SimWrapper(val genA: TLBundleA_lite, genD: TLBundleD_lite, DELAY_LDS: Int = 0, val DELAY_DDR: Int = 2) extends Module {",static_source,fixed_behavior_or_calibration,,not_applicable
V238,仿真边界与外存,sim_lds_delay,MemSim LDS地址区delay设置,system,P,DELAY_LDS=0,shared通常走片上专用路径；只描述该wrapper规则,ventus/src/top/Mem_SimWrapper.scala,22,https://github.com/THU-DSP-LAB/ventus-gpgpu/blob/681172541a8a34ffb43c483a19c075acbc11a4eb/ventus/src/top/Mem_SimWrapper.scala#L22,"class Mem_SimWrapper(val genA: TLBundleA_lite, genD: TLBundleD_lite, DELAY_LDS: Int = 0, val DELAY_DDR: Int = 2) extends Module {",static_source,fixed_behavior_or_calibration,,not_applicable
V239,仿真边界与外存,sim_response_entries,MemSim外存响应槽数,system,H,5,有限在途credit,ventus/src/top/Mem_SimWrapper.scala,24,https://github.com/THU-DSP-LAB/ventus-gpgpu/blob/681172541a8a34ffb43c483a19c075acbc11a4eb/ventus/src/top/Mem_SimWrapper.scala#L24,val DEPTH = 5,static_source,fixed_behavior_or_calibration,,not_applicable
V240,仿真边界与外存,sim_response_selection,MemSim已到期响应仲裁,system,H,低槽位优先,延迟到期及slot占用影响返回,ventus/src/top/Mem_SimWrapper.scala,73,https://github.com/THU-DSP-LAB/ventus-gpgpu/blob/681172541a8a34ffb43c483a19c075acbc11a4eb/ventus/src/top/Mem_SimWrapper.scala#L73,val rsp_delay_finish_idx = PriorityEncoder(rsp_delay_finish),static_source,fixed_behavior_or_calibration,,not_applicable
V241,仿真边界与外存,core_clock_hz,核心实际频率,system,E,未提供物理校准值,周期转秒必需；不能从RTL常数直接得到,ventus/src/top/Mem_SimWrapper.scala,22,https://github.com/THU-DSP-LAB/ventus-gpgpu/blob/681172541a8a34ffb43c483a19c075acbc11a4eb/ventus/src/top/Mem_SimWrapper.scala#L22,"class Mem_SimWrapper(val genA: TLBundleA_lite, genD: TLBundleD_lite, DELAY_LDS: Int = 0, val DELAY_DDR: Int = 2) extends Module {",external_model_needed,external_model,,not_applicable
V242,仿真边界与外存,memory_channels,DRAM channel及子通道数,system,E,当前RTLsim未建模,需要目标板/DRAM模型证据；不能由L2 slice数推出,ventus/src/top/Mem_SimWrapper.scala,22,https://github.com/THU-DSP-LAB/ventus-gpgpu/blob/681172541a8a34ffb43c483a19c075acbc11a4eb/ventus/src/top/Mem_SimWrapper.scala#L22,"class Mem_SimWrapper(val genA: TLBundleA_lite, genD: TLBundleD_lite, DELAY_LDS: Int = 0, val DELAY_DDR: Int = 2) extends Module {",external_model_needed,external_model,,not_applicable
V243,仿真边界与外存,dram_bank_geometry,DRAM rank/bank/row组织,system,E,未提取,若用DRAM状态模型需拆为多个字段,ventus/src/top/Mem_SimWrapper.scala,22,https://github.com/THU-DSP-LAB/ventus-gpgpu/blob/681172541a8a34ffb43c483a19c075acbc11a4eb/ventus/src/top/Mem_SimWrapper.scala#L22,"class Mem_SimWrapper(val genA: TLBundleA_lite, genD: TLBundleD_lite, DELAY_LDS: Int = 0, val DELAY_DDR: Int = 2) extends Module {",external_model_needed,external_model,,not_applicable
V244,仿真边界与外存,memory_address_mapping,DRAM地址映射规则,system,E,未提取,影响row locality与bank冲突,ventus/src/top/Mem_SimWrapper.scala,22,https://github.com/THU-DSP-LAB/ventus-gpgpu/blob/681172541a8a34ffb43c483a19c075acbc11a4eb/ventus/src/top/Mem_SimWrapper.scala#L22,"class Mem_SimWrapper(val genA: TLBundleA_lite, genD: TLBundleD_lite, DELAY_LDS: Int = 0, val DELAY_DDR: Int = 2) extends Module {",external_model_needed,external_model,,not_applicable
V245,仿真边界与外存,dram_command_timing,DRAM时序参数族,system,E,tRCD/tRP/tRAS/tCCD/tRRD/tFAW/tRFC等未提取,族字段需按所选DDR规格展开，暂不声称一个独立变量,ventus/src/top/Mem_SimWrapper.scala,22,https://github.com/THU-DSP-LAB/ventus-gpgpu/blob/681172541a8a34ffb43c483a19c075acbc11a4eb/ventus/src/top/Mem_SimWrapper.scala#L22,"class Mem_SimWrapper(val genA: TLBundleA_lite, genD: TLBundleD_lite, DELAY_LDS: Int = 0, val DELAY_DDR: Int = 2) extends Module {",external_model_needed,external_model,,not_applicable
V246,仿真边界与外存,memory_bus_service,实际内存bus宽度速率,system,E,未校准,带宽和burst传输周期,ventus/src/top/Mem_SimWrapper.scala,22,https://github.com/THU-DSP-LAB/ventus-gpgpu/blob/681172541a8a34ffb43c483a19c075acbc11a4eb/ventus/src/top/Mem_SimWrapper.scala#L22,"class Mem_SimWrapper(val genA: TLBundleA_lite, genD: TLBundleD_lite, DELAY_LDS: Int = 0, val DELAY_DDR: Int = 2) extends Module {",external_model_needed,external_model,,not_applicable
V247,仿真边界与外存,memory_controller_policy,内存控制器排队和仲裁策略族,system,E,未提取,读写队列、row policy、读写切换需进一步展开,ventus/src/top/Mem_SimWrapper.scala,22,https://github.com/THU-DSP-LAB/ventus-gpgpu/blob/681172541a8a34ffb43c483a19c075acbc11a4eb/ventus/src/top/Mem_SimWrapper.scala#L22,"class Mem_SimWrapper(val genA: TLBundleA_lite, genD: TLBundleD_lite, DELAY_LDS: Int = 0, val DELAY_DDR: Int = 2) extends Module {",external_model_needed,external_model,,not_applicable
V248,仿真边界与外存,refresh_policy,DRAM刷新规则,system,E,当前RTLsim无模型,长kernel下可能改变尾延迟,ventus/src/top/Mem_SimWrapper.scala,22,https://github.com/THU-DSP-LAB/ventus-gpgpu/blob/681172541a8a34ffb43c483a19c075acbc11a4eb/ventus/src/top/Mem_SimWrapper.scala#L22,"class Mem_SimWrapper(val genA: TLBundleA_lite, genD: TLBundleD_lite, DELAY_LDS: Int = 0, val DELAY_DDR: Int = 2) extends Module {",external_model_needed,external_model,,not_applicable
V249,仿真边界与外存,host_launch_completion,host启动和完成固定开销,system,E,未测量,定义kernel设备周期/端到端时间时分开计费,sim-verilator/kernel.hpp,17,https://github.com/THU-DSP-LAB/ventus-gpgpu/blob/681172541a8a34ffb43c483a19c075acbc11a4eb/sim-verilator/kernel.hpp#L17,class Kernel {,external_model_needed,external_model,,not_applicable
V250,软件输入与共同设计,wg_grid_shape,workgroup grid形状,software,W,kernel_size[3],三轴值来自程序；不计硬件自由度,sim-verilator/kernel.hpp,38,https://github.com/THU-DSP-LAB/ventus-gpgpu/blob/681172541a8a34ffb43c483a19c075acbc11a4eb/sim-verilator/kernel.hpp#L38,dim3_t get_num_wg_3d() const { return m_grid_dim; },static_source,software_input,,not_applicable
V251,软件输入与共同设计,threads_per_warp_active,逻辑warp活动线程数,software,W,wf_size,尾warp掩码,sim-verilator/kernel.hpp,41,https://github.com/THU-DSP-LAB/ventus-gpgpu/blob/681172541a8a34ffb43c483a19c075acbc11a4eb/sim-verilator/kernel.hpp#L41,uint32_t get_num_thread() const { return m_metadata.wf_size; },static_source,software_input,,not_applicable
V252,软件输入与共同设计,warps_per_workgroup,每workgroup warp数,software,W,wg_size,block软件选择与occupancy约束,sim-verilator/kernel.hpp,40,https://github.com/THU-DSP-LAB/ventus-gpgpu/blob/681172541a8a34ffb43c483a19c075acbc11a4eb/sim-verilator/kernel.hpp#L40,uint32_t get_num_wf() const { return m_metadata.wg_size; },static_source,software_input,,not_applicable
V253,软件输入与共同设计,kernel_vgpr_usage,每warp VGPR用量,software,W,vgprUsage,决定资源驻留与spill tradeoff,sim-verilator/kernel.hpp,46,https://github.com/THU-DSP-LAB/ventus-gpgpu/blob/681172541a8a34ffb43c483a19c075acbc11a4eb/sim-verilator/kernel.hpp#L46,uint32_t get_num_vgpr_per_wf() const { return m_metadata.vgprUsage; },static_source,software_input,,not_applicable
V254,软件输入与共同设计,kernel_sgpr_usage,每warp SGPR用量,software,W,sgprUsage,block分配用总量,sim-verilator/kernel.hpp,45,https://github.com/THU-DSP-LAB/ventus-gpgpu/blob/681172541a8a34ffb43c483a19c075acbc11a4eb/sim-verilator/kernel.hpp#L45,uint32_t get_num_sgpr_per_wf() const { return m_metadata.sgprUsage; },static_source,software_input,,not_applicable
V255,软件输入与共同设计,kernel_lds_usage,每WG LDS用量,software,W,ldsSize,shared tiling与驻留耦合,sim-verilator/kernel.hpp,42,https://github.com/THU-DSP-LAB/ventus-gpgpu/blob/681172541a8a34ffb43c483a19c075acbc11a4eb/sim-verilator/kernel.hpp#L42,uint32_t get_num_lds() const { return m_metadata.ldsSize; },static_source,software_input,,not_applicable
V256,软件输入与共同设计,kernel_private_usage,每thread private用量,software,W,pdsSize,private/swizzle访存与spill,sim-verilator/kernel.hpp,51,https://github.com/THU-DSP-LAB/ventus-gpgpu/blob/681172541a8a34ffb43c483a19c075acbc11a4eb/sim-verilator/kernel.hpp#L51,uint32_t get_num_pds_per_thread() const { return m_metadata.pdsSize; },static_source,software_input,,not_applicable
V257,软件输入与共同设计,instruction_trace,指令序列及寄存器读写依赖,software,W,编译产物/动态执行,仅opcode频率不足，依赖链必须来自程序,ventus/src/pipeline/pipe.scala,57,https://github.com/THU-DSP-LAB/ventus-gpgpu/blob/681172541a8a34ffb43c483a19c075acbc11a4eb/ventus/src/pipeline/pipe.scala#L57,val control=Module(new InstrDecodeV2),static_source,software_input,,not_applicable
V258,软件输入与共同设计,lane_address_trace,各lane实际地址与访问掩码,software,W,动态输入,cache、coalescing、bank conflict可由此计算,ventus/src/pipeline/LSU.scala,173,https://github.com/THU-DSP-LAB/ventus-gpgpu/blob/681172541a8a34ffb43c483a19c075acbc11a4eb/ventus/src/pipeline/LSU.scala#L173,"val same_tag = Wire(Vec(num_thread, Bool()))",static_source,software_input,,not_applicable
V259,软件输入与共同设计,branch_mask_trace,分支结果及活动lane掩码,software,W,动态输入,路径顺序和SFU服务取决于掩码,ventus/src/pipeline/branch_join.scala,143,https://github.com/THU-DSP-LAB/ventus-gpgpu/blob/681172541a8a34ffb43c483a19c075acbc11a4eb/ventus/src/pipeline/branch_join.scala#L143,ifCnt := PopCount(if_mask),static_source,software_input,,not_applicable
V260,软件输入与共同设计,matrix_tile_layout,GEMM分块及fragment布局,software,W,软件选择,供数流量、RF占用、TC利用率,dependencies/fpuv2/src/main/scala/Tensor.scala,215,https://github.com/liuxd17thu/fpuv2/blob/7ea30df00f9353f2e8645b32665b13f9b3f69e6d/src/main/scala/Tensor.scala#L215,TCArray(m * DimK + k).io.in.bits.a(n) := io.in.bits.data(m * DimN + n).a,static_source,software_input,,not_applicable
V261,软件输入与共同设计,barrier_placement,同步指令位置,software,W,软件选择,消除或增加barrier改变依赖和停顿,ventus/src/pipeline/warp_schedule.scala,136,https://github.com/THU-DSP-LAB/ventus-gpgpu/blob/681172541a8a34ffb43c483a19c075acbc11a4eb/ventus/src/pipeline/warp_schedule.scala#L136,when(io.warp_control.fire&(!io.warp_control.bits.ctrl.simt_stack_op)){ //means barrrier,static_source,software_input,,not_applicable
V262,派生量与非维度,sm_per_cluster,每cluster SM数,derived,D,num_sm/num_cluster=2,无需独立设计变量,ventus/src/top/parameters.scala,29,https://github.com/THU-DSP-LAB/ventus-gpgpu/blob/681172541a8a34ffb43c483a19c075acbc11a4eb/ventus/src/top/parameters.scala#L29,def num_sm_in_cluster = num_sm / num_cluster,static_source,derived,,not_applicable
V263,派生量与非维度,vgpr_bytes,每SM VGPR容量,derived,D,1024*32*4=131072 B,向量槽乘warp宽度；勿当作1024个32bit总计,ventus/src/top/parameters.scala,20,https://github.com/THU-DSP-LAB/ventus-gpgpu/blob/681172541a8a34ffb43c483a19c075acbc11a4eb/ventus/src/top/parameters.scala#L20,def num_vgpr:Int = 128*num_warp,static_source,derived,,not_applicable
V264,派生量与非维度,sgpr_bytes,每SM SGPR容量,derived,D,2048*4=8192 B,容量和slot不重复计数,ventus/src/top/parameters.scala,21,https://github.com/THU-DSP-LAB/ventus-gpgpu/blob/681172541a8a34ffb43c483a19c075acbc11a4eb/ventus/src/top/parameters.scala#L21,def num_sgpr:Int = 256*num_warp,static_source,derived,,not_applicable
V265,派生量与非维度,lds_bytes,每SM LDS容量,derived,D,1024*32*4=131072 B,来自行数和行宽；不重复计独立轴,ventus/src/top/parameters.scala,97,https://github.com/THU-DSP-LAB/ventus-gpgpu/blob/681172541a8a34ffb43c483a19c075acbc11a4eb/ventus/src/top/parameters.scala#L97,def sharemem_size = sharedmem_depth * sharedmem_BlockWords * 4 //bytes,static_source,derived,,not_applicable
V266,派生量与非维度,icache_bytes,每SM ICache容量,derived,D,256*2*128=65536 B,来自sets/ways/line,ventus/src/L1Cache/ICache/ICacheParameters.scala,21,https://github.com/THU-DSP-LAB/ventus-gpgpu/blob/681172541a8a34ffb43c483a19c075acbc11a4eb/ventus/src/L1Cache/ICache/ICacheParameters.scala#L21,"nSets: Int = dcache_NSets,",static_source,derived,,not_applicable
V267,派生量与非维度,cache_bytes,每SM DCache容量,derived,D,256*2*128=65536 B,来自sets/ways/line,ventus/src/top/parameters.scala,71,https://github.com/THU-DSP-LAB/ventus-gpgpu/blob/681172541a8a34ffb43c483a19c075acbc11a4eb/ventus/src/top/parameters.scala#L71,def dcache_NSets: Int = 256,static_source,derived,,not_applicable
V268,派生量与非维度,l2_bytes,每L2 slice容量,derived,D,64*16*128=131072 B,来自sets/ways/line；total还乘slice数,ventus/src/top/parameters.scala,99,https://github.com/THU-DSP-LAB/ventus-gpgpu/blob/681172541a8a34ffb43c483a19c075acbc11a4eb/ventus/src/top/parameters.scala#L99,def l2cache_NSets: Int = 64,static_source,derived,,not_applicable
V269,派生量与非维度,tc_parallel_multipliers,TC乘法节点数量,derived,D,4*8*4=128,输出16个dot，每dot8个乘法；来自矩阵轴,dependencies/fpuv2/src/main/scala/Tensor.scala,203,https://github.com/liuxd17thu/fpuv2/blob/7ea30df00f9353f2e8645b32665b13f9b3f69e6d/src/main/scala/Tensor.scala#L203,"Seq.fill(DimM*DimK-1)(Module(new TCDotProduct(DimN, 8, 24)))",static_source,derived,,not_applicable
V270,派生量与非维度,tc_dot_pipeline,TC点积内部流水理论深度,derived,D,2+2*log2(8)+2=10,还未包含dot输出FIFO和wrapper FIFO，不作整条指令delay,dependencies/fpuv2/src/main/scala/Tensor.scala,161,https://github.com/liuxd17thu/fpuv2/blob/7ea30df00f9353f2e8645b32665b13f9b3f69e6d/src/main/scala/Tensor.scala#L161,"val finalAdd = Module(new TCAddPipe(expWidth, precision, new DotProdCtrl(len, tcCtrl)))",static_source,derived,,not_applicable
V271,派生量与非维度,nominal_issue_parameter,顶层num_issue,derived,X,1,当前pipe用Issue各一，num_issue只在未接入IssueV2使用,ventus/src/top/parameters.scala,43,https://github.com/THU-DSP-LAB/ventus-gpgpu/blob/681172541a8a34ffb43c483a19c075acbc11a4eb/ventus/src/top/parameters.scala#L43,def num_issue = 1,static_source,excluded,,not_applicable
V272,派生量与非维度,legacy_ibuffer_parameter,顶层num_ibuffer,derived,X,2,当前用InstrBufferV2/size_ibuffer；legacy instbuffer未接入,ventus/src/top/parameters.scala,63,https://github.com/THU-DSP-LAB/ventus-gpgpu/blob/681172541a8a34ffb43c483a19c075acbc11a4eb/ventus/src/top/parameters.scala#L63,def num_ibuffer = 2,static_source,excluded,,not_applicable
V273,派生量与非维度,legacy_icache_buffer_parameter,顶层num_icachebuf,derived,X,1,未见当前核心实例消耗,ventus/src/top/parameters.scala,59,https://github.com/THU-DSP-LAB/ventus-gpgpu/blob/681172541a8a34ffb43c483a19c075acbc11a4eb/ventus/src/top/parameters.scala#L59,def num_icachebuf = 1 //blocking for each warp,static_source,excluded,,not_applicable
V274,派生量与非维度,l2_port_factor,L2 portFactor,derived,X,2,当前BankedStore未用其生成端口；不可当实际吞吐控制旋钮,ventus/src/top/parameters.scala,109,https://github.com/THU-DSP-LAB/ventus-gpgpu/blob/681172541a8a34ffb43c483a19c075acbc11a4eb/ventus/src/top/parameters.scala#L109,def l2cache_portFactor: Int = 2,static_source,excluded,,not_applicable
V275,派生量与非维度,l2_replacement_string,L2 replacement字符串,derived,X,plru,actual Directory_test用LFSR；名义参数无实际policy效果,ventus/src/L2cache/Parameters.scala,32,https://github.com/THU-DSP-LAB/ventus-gpgpu/blob/681172541a8a34ffb43c483a19c075acbc11a4eb/ventus/src/L2cache/Parameters.scala#L32,"replacement: String = ""plru"")",static_source,excluded,,not_applicable
V276,派生量与非维度,l2_outer_buffer_template,L2 outerBuf全通道模板,derived,X,full,本lite实现未按完整A/B/C/D/E通道消费，禁止展开15个自由度,ventus/src/L2cache/Parameters.scala,126,https://github.com/THU-DSP-LAB/ventus-gpgpu/blob/681172541a8a34ffb43c483a19c075acbc11a4eb/ventus/src/L2cache/Parameters.scala#L126,outerBuf:   InclusiveCachePortParameters = InclusiveCachePortParameters.full)   // or flowAE,static_source,excluded,,not_applicable
V277,派生量与非维度,isa_data_width,ISA数据/指令/地址基本位宽,derived,X,当前RV32/FP32/32bit指令,固定ISA契约下冻结；不拆多个宽度凑维度,ventus/src/top/parameters.scala,47,https://github.com/THU-DSP-LAB/ventus-gpgpu/blob/681172541a8a34ffb43c483a19c075acbc11a4eb/ventus/src/top/parameters.scala#L47,def xLen = 32 // data length 32-bit,static_source,excluded,,not_applicable
V278,派生量与非维度,logging_debug_flags,debug、GVM、计数输出,derived,X,源码配置,影响仿真开销/实现形式但非设备架构性能自由度,ventus/src/top/parameters.scala,11,https://github.com/THU-DSP-LAB/ventus-gpgpu/blob/681172541a8a34ffb43c483a19c075acbc11a4eb/ventus/src/top/parameters.scala#L11,val SPIKE_OUTPUT: Boolean = true,static_source,excluded,,not_applicable
