
-- Executing script file `synth.ys' --

1. Executing SLANG frontend.
Top level design units:
    Scheduler

Build succeeded: 0 errors, 0 warnings

1.1. Executing PROC_CLEAN pass (remove empty switches from decision trees).
Found and cleaned up 1 empty switch in `\SRAMTemplate_139$Scheduler.bankedStore.cc_banks.$4'.
Found and cleaned up 1 empty switch in `\SRAMTemplate_138$Scheduler.directory.cc_dir.$68'.
Found and cleaned up 1 empty switch in `\ListBuffer$Scheduler.sinkA.putbuffer.$34'.
Found and cleaned up 1 empty switch in `\Queue1_DirectoryResult_lite_victim$Scheduler.dir_result_buffer.$0'.
Found and cleaned up 1 empty switch in `\Queue8_FullRequest$Scheduler.write_buffer.$20'.
Found and cleaned up 1 empty switch in `\MSHR_4$Scheduler.mshrs_31.$6'.
Found and cleaned up 1 empty switch in `\MSHR_4$Scheduler.mshrs_30.$6'.
Found and cleaned up 1 empty switch in `\MSHR_4$Scheduler.mshrs_29.$6'.
Found and cleaned up 1 empty switch in `\MSHR_4$Scheduler.mshrs_28.$6'.
Found and cleaned up 1 empty switch in `\MSHR_4$Scheduler.mshrs_27.$6'.
Found and cleaned up 1 empty switch in `\MSHR_4$Scheduler.mshrs_26.$6'.
Found and cleaned up 1 empty switch in `\MSHR_4$Scheduler.mshrs_25.$6'.
Found and cleaned up 1 empty switch in `\MSHR_4$Scheduler.mshrs_24.$6'.
Found and cleaned up 1 empty switch in `\MSHR_4$Scheduler.mshrs_23.$6'.
Found and cleaned up 1 empty switch in `\MSHR_4$Scheduler.mshrs_22.$6'.
Found and cleaned up 1 empty switch in `\MSHR_4$Scheduler.mshrs_21.$6'.
Found and cleaned up 1 empty switch in `\MSHR_4$Scheduler.mshrs_20.$6'.
Found and cleaned up 1 empty switch in `\MSHR_4$Scheduler.mshrs_19.$6'.
Found and cleaned up 1 empty switch in `\MSHR_4$Scheduler.mshrs_18.$6'.
Found and cleaned up 1 empty switch in `\MSHR_4$Scheduler.mshrs_17.$6'.
Found and cleaned up 1 empty switch in `\MSHR_4$Scheduler.mshrs_16.$6'.
Found and cleaned up 1 empty switch in `\MSHR_4$Scheduler.mshrs_15.$6'.
Found and cleaned up 1 empty switch in `\MSHR_4$Scheduler.mshrs_14.$6'.
Found and cleaned up 1 empty switch in `\MSHR_4$Scheduler.mshrs_13.$6'.
Found and cleaned up 1 empty switch in `\MSHR_4$Scheduler.mshrs_12.$6'.
Found and cleaned up 1 empty switch in `\MSHR_4$Scheduler.mshrs_11.$6'.
Found and cleaned up 1 empty switch in `\MSHR_4$Scheduler.mshrs_10.$6'.
Found and cleaned up 1 empty switch in `\MSHR_4$Scheduler.mshrs_9.$6'.
Found and cleaned up 1 empty switch in `\MSHR_4$Scheduler.mshrs_8.$6'.
Found and cleaned up 1 empty switch in `\MSHR_4$Scheduler.mshrs_7.$6'.
Found and cleaned up 1 empty switch in `\MSHR_4$Scheduler.mshrs_6.$6'.
Found and cleaned up 1 empty switch in `\MSHR_4$Scheduler.mshrs_5.$6'.
Found and cleaned up 1 empty switch in `\MSHR_4$Scheduler.mshrs_4.$6'.
Found and cleaned up 1 empty switch in `\MSHR_4$Scheduler.mshrs_3.$6'.
Found and cleaned up 1 empty switch in `\MSHR_4$Scheduler.mshrs_2.$6'.
Found and cleaned up 1 empty switch in `\MSHR_4$Scheduler.mshrs_1.$6'.
Found and cleaned up 1 empty switch in `\MSHR_4$Scheduler.mshrs_0.$6'.
Found and cleaned up 1 empty switch in `\ListBuffer_1$Scheduler.requests.$34'.
Found and cleaned up 1 empty switch in `\Directory_test$Scheduler.directory.$259'.
Found and cleaned up 1 empty switch in `\SinkD$Scheduler.sinkD.$0'.
Found and cleaned up 1 empty switch in `\SinkA$Scheduler.sinkA.$60'.
Found and cleaned up 1 empty switch in `\SourceD$Scheduler.sourceD.$61'.
Found and cleaned up 1 empty switch in `\Scheduler.$1661'.
Cleaned up 43 empty switches.

1.2. Executing TRIBUF pass.

1.3. Executing PROC_RMDEAD pass (remove dead branches from decision trees).
Marked 255 switch rules as full_case in process $4 in module SRAMTemplate_139$Scheduler.bankedStore.cc_banks.
Marked 3 switch rules as full_case in process $68 in module SRAMTemplate_138$Scheduler.directory.cc_dir.
Marked 1 switch rules as full_case in process $34 in module ListBuffer$Scheduler.sinkA.putbuffer.
Marked 3 switch rules as full_case in process $0 in module Queue1_DirectoryResult_lite_victim$Scheduler.dir_result_buffer.
Marked 4 switch rules as full_case in process $20 in module Queue8_FullRequest$Scheduler.write_buffer.
Marked 6 switch rules as full_case in process $6 in module MSHR_4$Scheduler.mshrs_31.
Marked 6 switch rules as full_case in process $6 in module MSHR_4$Scheduler.mshrs_30.
Marked 6 switch rules as full_case in process $6 in module MSHR_4$Scheduler.mshrs_29.
Marked 6 switch rules as full_case in process $6 in module MSHR_4$Scheduler.mshrs_28.
Marked 6 switch rules as full_case in process $6 in module MSHR_4$Scheduler.mshrs_27.
Marked 6 switch rules as full_case in process $6 in module MSHR_4$Scheduler.mshrs_26.
Marked 6 switch rules as full_case in process $6 in module MSHR_4$Scheduler.mshrs_25.
Marked 6 switch rules as full_case in process $6 in module MSHR_4$Scheduler.mshrs_24.
Marked 6 switch rules as full_case in process $6 in module MSHR_4$Scheduler.mshrs_23.
Marked 6 switch rules as full_case in process $6 in module MSHR_4$Scheduler.mshrs_22.
Marked 6 switch rules as full_case in process $6 in module MSHR_4$Scheduler.mshrs_21.
Marked 6 switch rules as full_case in process $6 in module MSHR_4$Scheduler.mshrs_20.
Marked 6 switch rules as full_case in process $6 in module MSHR_4$Scheduler.mshrs_19.
Marked 6 switch rules as full_case in process $6 in module MSHR_4$Scheduler.mshrs_18.
Marked 6 switch rules as full_case in process $6 in module MSHR_4$Scheduler.mshrs_17.
Marked 6 switch rules as full_case in process $6 in module MSHR_4$Scheduler.mshrs_16.
Marked 6 switch rules as full_case in process $6 in module MSHR_4$Scheduler.mshrs_15.
Marked 6 switch rules as full_case in process $6 in module MSHR_4$Scheduler.mshrs_14.
Marked 6 switch rules as full_case in process $6 in module MSHR_4$Scheduler.mshrs_13.
Marked 6 switch rules as full_case in process $6 in module MSHR_4$Scheduler.mshrs_12.
Marked 6 switch rules as full_case in process $6 in module MSHR_4$Scheduler.mshrs_11.
Marked 6 switch rules as full_case in process $6 in module MSHR_4$Scheduler.mshrs_10.
Marked 6 switch rules as full_case in process $6 in module MSHR_4$Scheduler.mshrs_9.
Marked 6 switch rules as full_case in process $6 in module MSHR_4$Scheduler.mshrs_8.
Marked 6 switch rules as full_case in process $6 in module MSHR_4$Scheduler.mshrs_7.
Marked 6 switch rules as full_case in process $6 in module MSHR_4$Scheduler.mshrs_6.
Marked 6 switch rules as full_case in process $6 in module MSHR_4$Scheduler.mshrs_5.
Marked 6 switch rules as full_case in process $6 in module MSHR_4$Scheduler.mshrs_4.
Marked 6 switch rules as full_case in process $6 in module MSHR_4$Scheduler.mshrs_3.
Marked 6 switch rules as full_case in process $6 in module MSHR_4$Scheduler.mshrs_2.
Marked 6 switch rules as full_case in process $6 in module MSHR_4$Scheduler.mshrs_1.
Marked 6 switch rules as full_case in process $6 in module MSHR_4$Scheduler.mshrs_0.
Marked 1 switch rules as full_case in process $34 in module ListBuffer_1$Scheduler.requests.
Marked 14 switch rules as full_case in process $259 in module Directory_test$Scheduler.directory.
Marked 1 switch rules as full_case in process $0 in module SinkD$Scheduler.sinkD.
Marked 1 switch rules as full_case in process $60 in module SinkA$Scheduler.sinkA.
Marked 30 switch rules as full_case in process $61 in module SourceD$Scheduler.sourceD.
Marked 2 switch rules as full_case in process $1661 in module Scheduler.
Removed a total of 0 dead cases.

1.4. Executing PROC_PRUNE pass (remove redundant assignments in processes).
Removed 707 redundant assignments.
Promoted 0 assignments to connections.

1.5. Executing PROC_INIT pass (extract init attributes).

1.6. Executing PROC_ROM pass (convert switches to ROMs).
Converted 0 switches.
<suppressed ~559 debug messages>

1.7. Executing PROC_MUX pass (convert decision trees to multiplexers).
Creating decoders for process `\SRAMTemplate_139$Scheduler.bankedStore.cc_banks.$4'.
     1/128: $bypass_wdata_lfsr_127$644
     2/128: $bypass_wdata_lfsr_126$639
     3/128: $bypass_wdata_lfsr_125$634
     4/128: $bypass_wdata_lfsr_124$629
     5/128: $bypass_wdata_lfsr_123$624
     6/128: $bypass_wdata_lfsr_122$619
     7/128: $bypass_wdata_lfsr_121$614
     8/128: $bypass_wdata_lfsr_120$609
     9/128: $bypass_wdata_lfsr_119$604
    10/128: $bypass_wdata_lfsr_118$599
    11/128: $bypass_wdata_lfsr_117$594
    12/128: $bypass_wdata_lfsr_116$589
    13/128: $bypass_wdata_lfsr_115$584
    14/128: $bypass_wdata_lfsr_114$579
    15/128: $bypass_wdata_lfsr_113$574
    16/128: $bypass_wdata_lfsr_112$569
    17/128: $bypass_wdata_lfsr_111$564
    18/128: $bypass_wdata_lfsr_110$559
    19/128: $bypass_wdata_lfsr_109$554
    20/128: $bypass_wdata_lfsr_108$549
    21/128: $bypass_wdata_lfsr_107$544
    22/128: $bypass_wdata_lfsr_106$539
    23/128: $bypass_wdata_lfsr_105$534
    24/128: $bypass_wdata_lfsr_104$529
    25/128: $bypass_wdata_lfsr_103$524
    26/128: $bypass_wdata_lfsr_102$519
    27/128: $bypass_wdata_lfsr_101$514
    28/128: $bypass_wdata_lfsr_100$509
    29/128: $bypass_wdata_lfsr_99$504
    30/128: $bypass_wdata_lfsr_98$499
    31/128: $bypass_wdata_lfsr_97$494
    32/128: $bypass_wdata_lfsr_96$489
    33/128: $bypass_wdata_lfsr_95$484
    34/128: $bypass_wdata_lfsr_94$479
    35/128: $bypass_wdata_lfsr_93$474
    36/128: $bypass_wdata_lfsr_92$469
    37/128: $bypass_wdata_lfsr_91$464
    38/128: $bypass_wdata_lfsr_90$459
    39/128: $bypass_wdata_lfsr_89$454
    40/128: $bypass_wdata_lfsr_88$449
    41/128: $bypass_wdata_lfsr_87$444
    42/128: $bypass_wdata_lfsr_86$439
    43/128: $bypass_wdata_lfsr_85$434
    44/128: $bypass_wdata_lfsr_84$429
    45/128: $bypass_wdata_lfsr_83$424
    46/128: $bypass_wdata_lfsr_82$419
    47/128: $bypass_wdata_lfsr_81$414
    48/128: $bypass_wdata_lfsr_80$409
    49/128: $bypass_wdata_lfsr_79$404
    50/128: $bypass_wdata_lfsr_78$399
    51/128: $bypass_wdata_lfsr_77$394
    52/128: $bypass_wdata_lfsr_76$389
    53/128: $bypass_wdata_lfsr_75$384
    54/128: $bypass_wdata_lfsr_74$379
    55/128: $bypass_wdata_lfsr_73$374
    56/128: $bypass_wdata_lfsr_72$369
    57/128: $bypass_wdata_lfsr_71$364
    58/128: $bypass_wdata_lfsr_70$359
    59/128: $bypass_wdata_lfsr_69$354
    60/128: $bypass_wdata_lfsr_68$349
    61/128: $bypass_wdata_lfsr_67$344
    62/128: $bypass_wdata_lfsr_66$339
    63/128: $bypass_wdata_lfsr_65$334
    64/128: $bypass_wdata_lfsr_64$329
    65/128: $bypass_wdata_lfsr_63$324
    66/128: $bypass_wdata_lfsr_62$319
    67/128: $bypass_wdata_lfsr_61$314
    68/128: $bypass_wdata_lfsr_60$309
    69/128: $bypass_wdata_lfsr_59$304
    70/128: $bypass_wdata_lfsr_58$299
    71/128: $bypass_wdata_lfsr_57$294
    72/128: $bypass_wdata_lfsr_56$289
    73/128: $bypass_wdata_lfsr_55$284
    74/128: $bypass_wdata_lfsr_54$279
    75/128: $bypass_wdata_lfsr_53$274
    76/128: $bypass_wdata_lfsr_52$269
    77/128: $bypass_wdata_lfsr_51$264
    78/128: $bypass_wdata_lfsr_50$259
    79/128: $bypass_wdata_lfsr_49$254
    80/128: $bypass_wdata_lfsr_48$249
    81/128: $bypass_wdata_lfsr_47$244
    82/128: $bypass_wdata_lfsr_46$239
    83/128: $bypass_wdata_lfsr_45$234
    84/128: $bypass_wdata_lfsr_44$229
    85/128: $bypass_wdata_lfsr_43$224
    86/128: $bypass_wdata_lfsr_42$219
    87/128: $bypass_wdata_lfsr_41$214
    88/128: $bypass_wdata_lfsr_40$209
    89/128: $bypass_wdata_lfsr_39$204
    90/128: $bypass_wdata_lfsr_38$199
    91/128: $bypass_wdata_lfsr_37$194
    92/128: $bypass_wdata_lfsr_36$189
    93/128: $bypass_wdata_lfsr_35$184
    94/128: $bypass_wdata_lfsr_34$179
    95/128: $bypass_wdata_lfsr_33$174
    96/128: $bypass_wdata_lfsr_32$169
    97/128: $bypass_wdata_lfsr_31$164
    98/128: $bypass_wdata_lfsr_30$159
    99/128: $bypass_wdata_lfsr_29$154
   100/128: $bypass_wdata_lfsr_28$149
   101/128: $bypass_wdata_lfsr_27$144
   102/128: $bypass_wdata_lfsr_26$139
   103/128: $bypass_wdata_lfsr_25$134
   104/128: $bypass_wdata_lfsr_24$129
   105/128: $bypass_wdata_lfsr_23$124
   106/128: $bypass_wdata_lfsr_22$119
   107/128: $bypass_wdata_lfsr_21$114
   108/128: $bypass_wdata_lfsr_20$109
   109/128: $bypass_wdata_lfsr_19$104
   110/128: $bypass_wdata_lfsr_18$99
   111/128: $bypass_wdata_lfsr_17$94
   112/128: $bypass_wdata_lfsr_16$89
   113/128: $bypass_wdata_lfsr_15$84
   114/128: $bypass_wdata_lfsr_14$79
   115/128: $bypass_wdata_lfsr_13$74
   116/128: $bypass_wdata_lfsr_12$69
   117/128: $bypass_wdata_lfsr_11$64
   118/128: $bypass_wdata_lfsr_10$59
   119/128: $bypass_wdata_lfsr_9$54
   120/128: $bypass_wdata_lfsr_8$49
   121/128: $bypass_wdata_lfsr_7$44
   122/128: $bypass_wdata_lfsr_6$39
   123/128: $bypass_wdata_lfsr_5$34
   124/128: $bypass_wdata_lfsr_4$29
   125/128: $bypass_wdata_lfsr_3$24
   126/128: $bypass_wdata_lfsr_2$19
   127/128: $bypass_wdata_lfsr_1$14
   128/128: $bypass_wdata_lfsr$9
Creating decoders for process `\SRAMTemplate_138$Scheduler.directory.cc_dir.$68'.
     1/35: $rdata_r_15$90
     2/35: $rdata_r_14$89
     3/35: $rdata_r_13$88
     4/35: $rdata_r_12$87
     5/35: $rdata_r_11$86
     6/35: $rdata_r_10$85
     7/35: $rdata_r_9$84
     8/35: $rdata_r_8$83
     9/35: $rdata_r_7$82
    10/35: $rdata_r_6$81
    11/35: $rdata_r_5$80
    12/35: $rdata_r_4$79
    13/35: $rdata_r_3$78
    14/35: $rdata_r_2$77
    15/35: $rdata_r_1$76
    16/35: $rdata_r_0$75
    17/35: $_resetSet$74
    18/35: $rdata_r_15$108
    19/35: $rdata_r_14$107
    20/35: $rdata_r_13$106
    21/35: $rdata_r_12$105
    22/35: $rdata_r_11$104
    23/35: $rdata_r_10$103
    24/35: $rdata_r_9$102
    25/35: $rdata_r_8$101
    26/35: $rdata_r_7$100
    27/35: $rdata_r_6$99
    28/35: $rdata_r_5$98
    29/35: $rdata_r_4$97
    30/35: $rdata_r_3$96
    31/35: $rdata_r_2$95
    32/35: $rdata_r_1$94
    33/35: $rdata_r_0$93
    34/35: $_resetSet$92
    35/35: $_resetState$91
Creating decoders for process `\ListBuffer$Scheduler.sinkA.putbuffer.$34'.
     1/2: $used$51
     2/2: $valid$50
Creating decoders for process `\Queue1_DirectoryResult_lite_victim$Scheduler.dir_result_buffer.$0'.
     1/3: $full$7
     2/3: $full$8
     3/3: $ram$3
Creating decoders for process `\Queue8_FullRequest$Scheduler.write_buffer.$20'.
     1/6: $maybe_full$27
     2/6: $deq_ptr_value$24
     3/6: $enq_ptr_value$22
     4/6: $maybe_full$30
     5/6: $deq_ptr_value$29
     6/6: $enq_ptr_value$28
Creating decoders for process `\MSHR_4$Scheduler.mshrs_31.$6'.
     1/24: $data_reg$14
     2/24: $data_reg$15
     3/24: $data_reg$16
     4/24: $request_last_flush$24
     5/24: $request_way$23
     6/24: $request_set$22
     7/24: $request_data$21
     8/24: $request_offset$20
     9/24: $request_tag$19
    10/24: $request_size$18
    11/24: $request_opcode$17
    12/24: $sink_d_reg$53
    13/24: $sche_dir_valid$52
    14/24: $sche_a_valid$51
    15/24: $request_last_flush$50
    16/24: $request_way$49
    17/24: $request_set$48
    18/24: $request_data$47
    19/24: $request_offset$46
    20/24: $request_tag$45
    21/24: $request_size$44
    22/24: $request_opcode$43
    23/24: $data_reg$42
    24/24: $mixed_reg$41
Creating decoders for process `\MSHR_4$Scheduler.mshrs_30.$6'.
     1/24: $data_reg$14
     2/24: $data_reg$15
     3/24: $data_reg$16
     4/24: $request_last_flush$24
     5/24: $request_way$23
     6/24: $request_set$22
     7/24: $request_data$21
     8/24: $request_offset$20
     9/24: $request_tag$19
    10/24: $request_size$18
    11/24: $request_opcode$17
    12/24: $sink_d_reg$53
    13/24: $sche_dir_valid$52
    14/24: $sche_a_valid$51
    15/24: $request_last_flush$50
    16/24: $request_way$49
    17/24: $request_set$48
    18/24: $request_data$47
    19/24: $request_offset$46
    20/24: $request_tag$45
    21/24: $request_size$44
    22/24: $request_opcode$43
    23/24: $data_reg$42
    24/24: $mixed_reg$41
Creating decoders for process `\MSHR_4$Scheduler.mshrs_29.$6'.
     1/24: $data_reg$14
     2/24: $data_reg$15
     3/24: $data_reg$16
     4/24: $request_last_flush$24
     5/24: $request_way$23
     6/24: $request_set$22
     7/24: $request_data$21
     8/24: $request_offset$20
     9/24: $request_tag$19
    10/24: $request_size$18
    11/24: $request_opcode$17
    12/24: $sink_d_reg$53
    13/24: $sche_dir_valid$52
    14/24: $sche_a_valid$51
    15/24: $request_last_flush$50
    16/24: $request_way$49
    17/24: $request_set$48
    18/24: $request_data$47
    19/24: $request_offset$46
    20/24: $request_tag$45
    21/24: $request_size$44
    22/24: $request_opcode$43
    23/24: $data_reg$42
    24/24: $mixed_reg$41
Creating decoders for process `\MSHR_4$Scheduler.mshrs_28.$6'.
     1/24: $data_reg$14
     2/24: $data_reg$15
     3/24: $data_reg$16
     4/24: $request_last_flush$24
     5/24: $request_way$23
     6/24: $request_set$22
     7/24: $request_data$21
     8/24: $request_offset$20
     9/24: $request_tag$19
    10/24: $request_size$18
    11/24: $request_opcode$17
    12/24: $sink_d_reg$53
    13/24: $sche_dir_valid$52
    14/24: $sche_a_valid$51
    15/24: $request_last_flush$50
    16/24: $request_way$49
    17/24: $request_set$48
    18/24: $request_data$47
    19/24: $request_offset$46
    20/24: $request_tag$45
    21/24: $request_size$44
    22/24: $request_opcode$43
    23/24: $data_reg$42
    24/24: $mixed_reg$41
Creating decoders for process `\MSHR_4$Scheduler.mshrs_27.$6'.
     1/24: $data_reg$14
     2/24: $data_reg$15
     3/24: $data_reg$16
     4/24: $request_last_flush$24
     5/24: $request_way$23
     6/24: $request_set$22
     7/24: $request_data$21
     8/24: $request_offset$20
     9/24: $request_tag$19
    10/24: $request_size$18
    11/24: $request_opcode$17
    12/24: $sink_d_reg$53
    13/24: $sche_dir_valid$52
    14/24: $sche_a_valid$51
    15/24: $request_last_flush$50
    16/24: $request_way$49
    17/24: $request_set$48
    18/24: $request_data$47
    19/24: $request_offset$46
    20/24: $request_tag$45
    21/24: $request_size$44
    22/24: $request_opcode$43
    23/24: $data_reg$42
    24/24: $mixed_reg$41
Creating decoders for process `\MSHR_4$Scheduler.mshrs_26.$6'.
     1/24: $data_reg$14
     2/24: $data_reg$15
     3/24: $data_reg$16
     4/24: $request_last_flush$24
     5/24: $request_way$23
     6/24: $request_set$22
     7/24: $request_data$21
     8/24: $request_offset$20
     9/24: $request_tag$19
    10/24: $request_size$18
    11/24: $request_opcode$17
    12/24: $sink_d_reg$53
    13/24: $sche_dir_valid$52
    14/24: $sche_a_valid$51
    15/24: $request_last_flush$50
    16/24: $request_way$49
    17/24: $request_set$48
    18/24: $request_data$47
    19/24: $request_offset$46
    20/24: $request_tag$45
    21/24: $request_size$44
    22/24: $request_opcode$43
    23/24: $data_reg$42
    24/24: $mixed_reg$41
Creating decoders for process `\MSHR_4$Scheduler.mshrs_25.$6'.
     1/24: $data_reg$14
     2/24: $data_reg$15
     3/24: $data_reg$16
     4/24: $request_last_flush$24
     5/24: $request_way$23
     6/24: $request_set$22
     7/24: $request_data$21
     8/24: $request_offset$20
     9/24: $request_tag$19
    10/24: $request_size$18
    11/24: $request_opcode$17
    12/24: $sink_d_reg$53
    13/24: $sche_dir_valid$52
    14/24: $sche_a_valid$51
    15/24: $request_last_flush$50
    16/24: $request_way$49
    17/24: $request_set$48
    18/24: $request_data$47
    19/24: $request_offset$46
    20/24: $request_tag$45
    21/24: $request_size$44
    22/24: $request_opcode$43
    23/24: $data_reg$42
    24/24: $mixed_reg$41
Creating decoders for process `\MSHR_4$Scheduler.mshrs_24.$6'.
     1/24: $data_reg$14
     2/24: $data_reg$15
     3/24: $data_reg$16
     4/24: $request_last_flush$24
     5/24: $request_way$23
     6/24: $request_set$22
     7/24: $request_data$21
     8/24: $request_offset$20
     9/24: $request_tag$19
    10/24: $request_size$18
    11/24: $request_opcode$17
    12/24: $sink_d_reg$53
    13/24: $sche_dir_valid$52
    14/24: $sche_a_valid$51
    15/24: $request_last_flush$50
    16/24: $request_way$49
    17/24: $request_set$48
    18/24: $request_data$47
    19/24: $request_offset$46
    20/24: $request_tag$45
    21/24: $request_size$44
    22/24: $request_opcode$43
    23/24: $data_reg$42
    24/24: $mixed_reg$41
Creating decoders for process `\MSHR_4$Scheduler.mshrs_23.$6'.
     1/24: $data_reg$14
     2/24: $data_reg$15
     3/24: $data_reg$16
     4/24: $request_last_flush$24
     5/24: $request_way$23
     6/24: $request_set$22
     7/24: $request_data$21
     8/24: $request_offset$20
     9/24: $request_tag$19
    10/24: $request_size$18
    11/24: $request_opcode$17
    12/24: $sink_d_reg$53
    13/24: $sche_dir_valid$52
    14/24: $sche_a_valid$51
    15/24: $request_last_flush$50
    16/24: $request_way$49
    17/24: $request_set$48
    18/24: $request_data$47
    19/24: $request_offset$46
    20/24: $request_tag$45
    21/24: $request_size$44
    22/24: $request_opcode$43
    23/24: $data_reg$42
    24/24: $mixed_reg$41
Creating decoders for process `\MSHR_4$Scheduler.mshrs_22.$6'.
     1/24: $data_reg$14
     2/24: $data_reg$15
     3/24: $data_reg$16
     4/24: $request_last_flush$24
     5/24: $request_way$23
     6/24: $request_set$22
     7/24: $request_data$21
     8/24: $request_offset$20
     9/24: $request_tag$19
    10/24: $request_size$18
    11/24: $request_opcode$17
    12/24: $sink_d_reg$53
    13/24: $sche_dir_valid$52
    14/24: $sche_a_valid$51
    15/24: $request_last_flush$50
    16/24: $request_way$49
    17/24: $request_set$48
    18/24: $request_data$47
    19/24: $request_offset$46
    20/24: $request_tag$45
    21/24: $request_size$44
    22/24: $request_opcode$43
    23/24: $data_reg$42
    24/24: $mixed_reg$41
Creating decoders for process `\MSHR_4$Scheduler.mshrs_21.$6'.
     1/24: $data_reg$14
     2/24: $data_reg$15
     3/24: $data_reg$16
     4/24: $request_last_flush$24
     5/24: $request_way$23
     6/24: $request_set$22
     7/24: $request_data$21
     8/24: $request_offset$20
     9/24: $request_tag$19
    10/24: $request_size$18
    11/24: $request_opcode$17
    12/24: $sink_d_reg$53
    13/24: $sche_dir_valid$52
    14/24: $sche_a_valid$51
    15/24: $request_last_flush$50
    16/24: $request_way$49
    17/24: $request_set$48
    18/24: $request_data$47
    19/24: $request_offset$46
    20/24: $request_tag$45
    21/24: $request_size$44
    22/24: $request_opcode$43
    23/24: $data_reg$42
    24/24: $mixed_reg$41
Creating decoders for process `\MSHR_4$Scheduler.mshrs_20.$6'.
     1/24: $data_reg$14
     2/24: $data_reg$15
     3/24: $data_reg$16
     4/24: $request_last_flush$24
     5/24: $request_way$23
     6/24: $request_set$22
     7/24: $request_data$21
     8/24: $request_offset$20
     9/24: $request_tag$19
    10/24: $request_size$18
    11/24: $request_opcode$17
    12/24: $sink_d_reg$53
    13/24: $sche_dir_valid$52
    14/24: $sche_a_valid$51
    15/24: $request_last_flush$50
    16/24: $request_way$49
    17/24: $request_set$48
    18/24: $request_data$47
    19/24: $request_offset$46
    20/24: $request_tag$45
    21/24: $request_size$44
    22/24: $request_opcode$43
    23/24: $data_reg$42
    24/24: $mixed_reg$41
Creating decoders for process `\MSHR_4$Scheduler.mshrs_19.$6'.
     1/24: $data_reg$14
     2/24: $data_reg$15
     3/24: $data_reg$16
     4/24: $request_last_flush$24
     5/24: $request_way$23
     6/24: $request_set$22
     7/24: $request_data$21
     8/24: $request_offset$20
     9/24: $request_tag$19
    10/24: $request_size$18
    11/24: $request_opcode$17
    12/24: $sink_d_reg$53
    13/24: $sche_dir_valid$52
    14/24: $sche_a_valid$51
    15/24: $request_last_flush$50
    16/24: $request_way$49
    17/24: $request_set$48
    18/24: $request_data$47
    19/24: $request_offset$46
    20/24: $request_tag$45
    21/24: $request_size$44
    22/24: $request_opcode$43
    23/24: $data_reg$42
    24/24: $mixed_reg$41
Creating decoders for process `\MSHR_4$Scheduler.mshrs_18.$6'.
     1/24: $data_reg$14
     2/24: $data_reg$15
     3/24: $data_reg$16
     4/24: $request_last_flush$24
     5/24: $request_way$23
     6/24: $request_set$22
     7/24: $request_data$21
     8/24: $request_offset$20
     9/24: $request_tag$19
    10/24: $request_size$18
    11/24: $request_opcode$17
    12/24: $sink_d_reg$53
    13/24: $sche_dir_valid$52
    14/24: $sche_a_valid$51
    15/24: $request_last_flush$50
    16/24: $request_way$49
    17/24: $request_set$48
    18/24: $request_data$47
    19/24: $request_offset$46
    20/24: $request_tag$45
    21/24: $request_size$44
    22/24: $request_opcode$43
    23/24: $data_reg$42
    24/24: $mixed_reg$41
Creating decoders for process `\MSHR_4$Scheduler.mshrs_17.$6'.
     1/24: $data_reg$14
     2/24: $data_reg$15
     3/24: $data_reg$16
     4/24: $request_last_flush$24
     5/24: $request_way$23
     6/24: $request_set$22
     7/24: $request_data$21
     8/24: $request_offset$20
     9/24: $request_tag$19
    10/24: $request_size$18
    11/24: $request_opcode$17
    12/24: $sink_d_reg$53
    13/24: $sche_dir_valid$52
    14/24: $sche_a_valid$51
    15/24: $request_last_flush$50
    16/24: $request_way$49
    17/24: $request_set$48
    18/24: $request_data$47
    19/24: $request_offset$46
    20/24: $request_tag$45
    21/24: $request_size$44
    22/24: $request_opcode$43
    23/24: $data_reg$42
    24/24: $mixed_reg$41
Creating decoders for process `\MSHR_4$Scheduler.mshrs_16.$6'.
     1/24: $data_reg$14
     2/24: $data_reg$15
     3/24: $data_reg$16
     4/24: $request_last_flush$24
     5/24: $request_way$23
     6/24: $request_set$22
     7/24: $request_data$21
     8/24: $request_offset$20
     9/24: $request_tag$19
    10/24: $request_size$18
    11/24: $request_opcode$17
    12/24: $sink_d_reg$53
    13/24: $sche_dir_valid$52
    14/24: $sche_a_valid$51
    15/24: $request_last_flush$50
    16/24: $request_way$49
    17/24: $request_set$48
    18/24: $request_data$47
    19/24: $request_offset$46
    20/24: $request_tag$45
    21/24: $request_size$44
    22/24: $request_opcode$43
    23/24: $data_reg$42
    24/24: $mixed_reg$41
Creating decoders for process `\MSHR_4$Scheduler.mshrs_15.$6'.
     1/24: $data_reg$14
     2/24: $data_reg$15
     3/24: $data_reg$16
     4/24: $request_last_flush$24
     5/24: $request_way$23
     6/24: $request_set$22
     7/24: $request_data$21
     8/24: $request_offset$20
     9/24: $request_tag$19
    10/24: $request_size$18
    11/24: $request_opcode$17
    12/24: $sink_d_reg$53
    13/24: $sche_dir_valid$52
    14/24: $sche_a_valid$51
    15/24: $request_last_flush$50
    16/24: $request_way$49
    17/24: $request_set$48
    18/24: $request_data$47
    19/24: $request_offset$46
    20/24: $request_tag$45
    21/24: $request_size$44
    22/24: $request_opcode$43
    23/24: $data_reg$42
    24/24: $mixed_reg$41
Creating decoders for process `\MSHR_4$Scheduler.mshrs_14.$6'.
     1/24: $data_reg$14
     2/24: $data_reg$15
     3/24: $data_reg$16
     4/24: $request_last_flush$24
     5/24: $request_way$23
     6/24: $request_set$22
     7/24: $request_data$21
     8/24: $request_offset$20
     9/24: $request_tag$19
    10/24: $request_size$18
    11/24: $request_opcode$17
    12/24: $sink_d_reg$53
    13/24: $sche_dir_valid$52
    14/24: $sche_a_valid$51
    15/24: $request_last_flush$50
    16/24: $request_way$49
    17/24: $request_set$48
    18/24: $request_data$47
    19/24: $request_offset$46
    20/24: $request_tag$45
    21/24: $request_size$44
    22/24: $request_opcode$43
    23/24: $data_reg$42
    24/24: $mixed_reg$41
Creating decoders for process `\MSHR_4$Scheduler.mshrs_13.$6'.
     1/24: $data_reg$14
     2/24: $data_reg$15
     3/24: $data_reg$16
     4/24: $request_last_flush$24
     5/24: $request_way$23
     6/24: $request_set$22
     7/24: $request_data$21
     8/24: $request_offset$20
     9/24: $request_tag$19
    10/24: $request_size$18
    11/24: $request_opcode$17
    12/24: $sink_d_reg$53
    13/24: $sche_dir_valid$52
    14/24: $sche_a_valid$51
    15/24: $request_last_flush$50
    16/24: $request_way$49
    17/24: $request_set$48
    18/24: $request_data$47
    19/24: $request_offset$46
    20/24: $request_tag$45
    21/24: $request_size$44
    22/24: $request_opcode$43
    23/24: $data_reg$42
    24/24: $mixed_reg$41
Creating decoders for process `\MSHR_4$Scheduler.mshrs_12.$6'.
     1/24: $data_reg$14
     2/24: $data_reg$15
     3/24: $data_reg$16
     4/24: $request_last_flush$24
     5/24: $request_way$23
     6/24: $request_set$22
     7/24: $request_data$21
     8/24: $request_offset$20
     9/24: $request_tag$19
    10/24: $request_size$18
    11/24: $request_opcode$17
    12/24: $sink_d_reg$53
    13/24: $sche_dir_valid$52
    14/24: $sche_a_valid$51
    15/24: $request_last_flush$50
    16/24: $request_way$49
    17/24: $request_set$48
    18/24: $request_data$47
    19/24: $request_offset$46
    20/24: $request_tag$45
    21/24: $request_size$44
    22/24: $request_opcode$43
    23/24: $data_reg$42
    24/24: $mixed_reg$41
Creating decoders for process `\MSHR_4$Scheduler.mshrs_11.$6'.
     1/24: $data_reg$14
     2/24: $data_reg$15
     3/24: $data_reg$16
     4/24: $request_last_flush$24
     5/24: $request_way$23
     6/24: $request_set$22
     7/24: $request_data$21
     8/24: $request_offset$20
     9/24: $request_tag$19
    10/24: $request_size$18
    11/24: $request_opcode$17
    12/24: $sink_d_reg$53
    13/24: $sche_dir_valid$52
    14/24: $sche_a_valid$51
    15/24: $request_last_flush$50
    16/24: $request_way$49
    17/24: $request_set$48
    18/24: $request_data$47
    19/24: $request_offset$46
    20/24: $request_tag$45
    21/24: $request_size$44
    22/24: $request_opcode$43
    23/24: $data_reg$42
    24/24: $mixed_reg$41
Creating decoders for process `\MSHR_4$Scheduler.mshrs_10.$6'.
     1/24: $data_reg$14
     2/24: $data_reg$15
     3/24: $data_reg$16
     4/24: $request_last_flush$24
     5/24: $request_way$23
     6/24: $request_set$22
     7/24: $request_data$21
     8/24: $request_offset$20
     9/24: $request_tag$19
    10/24: $request_size$18
    11/24: $request_opcode$17
    12/24: $sink_d_reg$53
    13/24: $sche_dir_valid$52
    14/24: $sche_a_valid$51
    15/24: $request_last_flush$50
    16/24: $request_way$49
    17/24: $request_set$48
    18/24: $request_data$47
    19/24: $request_offset$46
    20/24: $request_tag$45
    21/24: $request_size$44
    22/24: $request_opcode$43
    23/24: $data_reg$42
    24/24: $mixed_reg$41
Creating decoders for process `\MSHR_4$Scheduler.mshrs_9.$6'.
     1/24: $data_reg$14
     2/24: $data_reg$15
     3/24: $data_reg$16
     4/24: $request_last_flush$24
     5/24: $request_way$23
     6/24: $request_set$22
     7/24: $request_data$21
     8/24: $request_offset$20
     9/24: $request_tag$19
    10/24: $request_size$18
    11/24: $request_opcode$17
    12/24: $sink_d_reg$53
    13/24: $sche_dir_valid$52
    14/24: $sche_a_valid$51
    15/24: $request_last_flush$50
    16/24: $request_way$49
    17/24: $request_set$48
    18/24: $request_data$47
    19/24: $request_offset$46
    20/24: $request_tag$45
    21/24: $request_size$44
    22/24: $request_opcode$43
    23/24: $data_reg$42
    24/24: $mixed_reg$41
Creating decoders for process `\MSHR_4$Scheduler.mshrs_8.$6'.
     1/24: $data_reg$14
     2/24: $data_reg$15
     3/24: $data_reg$16
     4/24: $request_last_flush$24
     5/24: $request_way$23
     6/24: $request_set$22
     7/24: $request_data$21
     8/24: $request_offset$20
     9/24: $request_tag$19
    10/24: $request_size$18
    11/24: $request_opcode$17
    12/24: $sink_d_reg$53
    13/24: $sche_dir_valid$52
    14/24: $sche_a_valid$51
    15/24: $request_last_flush$50
    16/24: $request_way$49
    17/24: $request_set$48
    18/24: $request_data$47
    19/24: $request_offset$46
    20/24: $request_tag$45
    21/24: $request_size$44
    22/24: $request_opcode$43
    23/24: $data_reg$42
    24/24: $mixed_reg$41
Creating decoders for process `\MSHR_4$Scheduler.mshrs_7.$6'.
     1/24: $data_reg$14
     2/24: $data_reg$15
     3/24: $data_reg$16
     4/24: $request_last_flush$24
     5/24: $request_way$23
     6/24: $request_set$22
     7/24: $request_data$21
     8/24: $request_offset$20
     9/24: $request_tag$19
    10/24: $request_size$18
    11/24: $request_opcode$17
    12/24: $sink_d_reg$53
    13/24: $sche_dir_valid$52
    14/24: $sche_a_valid$51
    15/24: $request_last_flush$50
    16/24: $request_way$49
    17/24: $request_set$48
    18/24: $request_data$47
    19/24: $request_offset$46
    20/24: $request_tag$45
    21/24: $request_size$44
    22/24: $request_opcode$43
    23/24: $data_reg$42
    24/24: $mixed_reg$41
Creating decoders for process `\MSHR_4$Scheduler.mshrs_6.$6'.
     1/24: $data_reg$14
     2/24: $data_reg$15
     3/24: $data_reg$16
     4/24: $request_last_flush$24
     5/24: $request_way$23
     6/24: $request_set$22
     7/24: $request_data$21
     8/24: $request_offset$20
     9/24: $request_tag$19
    10/24: $request_size$18
    11/24: $request_opcode$17
    12/24: $sink_d_reg$53
    13/24: $sche_dir_valid$52
    14/24: $sche_a_valid$51
    15/24: $request_last_flush$50
    16/24: $request_way$49
    17/24: $request_set$48
    18/24: $request_data$47
    19/24: $request_offset$46
    20/24: $request_tag$45
    21/24: $request_size$44
    22/24: $request_opcode$43
    23/24: $data_reg$42
    24/24: $mixed_reg$41
Creating decoders for process `\MSHR_4$Scheduler.mshrs_5.$6'.
     1/24: $data_reg$14
     2/24: $data_reg$15
     3/24: $data_reg$16
     4/24: $request_last_flush$24
     5/24: $request_way$23
     6/24: $request_set$22
     7/24: $request_data$21
     8/24: $request_offset$20
     9/24: $request_tag$19
    10/24: $request_size$18
    11/24: $request_opcode$17
    12/24: $sink_d_reg$53
    13/24: $sche_dir_valid$52
    14/24: $sche_a_valid$51
    15/24: $request_last_flush$50
    16/24: $request_way$49
    17/24: $request_set$48
    18/24: $request_data$47
    19/24: $request_offset$46
    20/24: $request_tag$45
    21/24: $request_size$44
    22/24: $request_opcode$43
    23/24: $data_reg$42
    24/24: $mixed_reg$41
Creating decoders for process `\MSHR_4$Scheduler.mshrs_4.$6'.
     1/24: $data_reg$14
     2/24: $data_reg$15
     3/24: $data_reg$16
     4/24: $request_last_flush$24
     5/24: $request_way$23
     6/24: $request_set$22
     7/24: $request_data$21
     8/24: $request_offset$20
     9/24: $request_tag$19
    10/24: $request_size$18
    11/24: $request_opcode$17
    12/24: $sink_d_reg$53
    13/24: $sche_dir_valid$52
    14/24: $sche_a_valid$51
    15/24: $request_last_flush$50
    16/24: $request_way$49
    17/24: $request_set$48
    18/24: $request_data$47
    19/24: $request_offset$46
    20/24: $request_tag$45
    21/24: $request_size$44
    22/24: $request_opcode$43
    23/24: $data_reg$42
    24/24: $mixed_reg$41
Creating decoders for process `\MSHR_4$Scheduler.mshrs_3.$6'.
     1/24: $data_reg$14
     2/24: $data_reg$15
     3/24: $data_reg$16
     4/24: $request_last_flush$24
     5/24: $request_way$23
     6/24: $request_set$22
     7/24: $request_data$21
     8/24: $request_offset$20
     9/24: $request_tag$19
    10/24: $request_size$18
    11/24: $request_opcode$17
    12/24: $sink_d_reg$53
    13/24: $sche_dir_valid$52
    14/24: $sche_a_valid$51
    15/24: $request_last_flush$50
    16/24: $request_way$49
    17/24: $request_set$48
    18/24: $request_data$47
    19/24: $request_offset$46
    20/24: $request_tag$45
    21/24: $request_size$44
    22/24: $request_opcode$43
    23/24: $data_reg$42
    24/24: $mixed_reg$41
Creating decoders for process `\MSHR_4$Scheduler.mshrs_2.$6'.
     1/24: $data_reg$14
     2/24: $data_reg$15
     3/24: $data_reg$16
     4/24: $request_last_flush$24
     5/24: $request_way$23
     6/24: $request_set$22
     7/24: $request_data$21
     8/24: $request_offset$20
     9/24: $request_tag$19
    10/24: $request_size$18
    11/24: $request_opcode$17
    12/24: $sink_d_reg$53
    13/24: $sche_dir_valid$52
    14/24: $sche_a_valid$51
    15/24: $request_last_flush$50
    16/24: $request_way$49
    17/24: $request_set$48
    18/24: $request_data$47
    19/24: $request_offset$46
    20/24: $request_tag$45
    21/24: $request_size$44
    22/24: $request_opcode$43
    23/24: $data_reg$42
    24/24: $mixed_reg$41
Creating decoders for process `\MSHR_4$Scheduler.mshrs_1.$6'.
     1/24: $data_reg$14
     2/24: $data_reg$15
     3/24: $data_reg$16
     4/24: $request_last_flush$24
     5/24: $request_way$23
     6/24: $request_set$22
     7/24: $request_data$21
     8/24: $request_offset$20
     9/24: $request_tag$19
    10/24: $request_size$18
    11/24: $request_opcode$17
    12/24: $sink_d_reg$53
    13/24: $sche_dir_valid$52
    14/24: $sche_a_valid$51
    15/24: $request_last_flush$50
    16/24: $request_way$49
    17/24: $request_set$48
    18/24: $request_data$47
    19/24: $request_offset$46
    20/24: $request_tag$45
    21/24: $request_size$44
    22/24: $request_opcode$43
    23/24: $data_reg$42
    24/24: $mixed_reg$41
Creating decoders for process `\MSHR_4$Scheduler.mshrs_0.$6'.
     1/24: $data_reg$14
     2/24: $data_reg$15
     3/24: $data_reg$16
     4/24: $request_last_flush$24
     5/24: $request_way$23
     6/24: $request_set$22
     7/24: $request_data$21
     8/24: $request_offset$20
     9/24: $request_tag$19
    10/24: $request_size$18
    11/24: $request_opcode$17
    12/24: $sink_d_reg$53
    13/24: $sche_dir_valid$52
    14/24: $sche_a_valid$51
    15/24: $request_last_flush$50
    16/24: $request_way$49
    17/24: $request_set$48
    18/24: $request_data$47
    19/24: $request_offset$46
    20/24: $request_tag$45
    21/24: $request_size$44
    22/24: $request_opcode$43
    23/24: $data_reg$42
    24/24: $mixed_reg$41
Creating decoders for process `\ListBuffer_1$Scheduler.requests.$34'.
     1/2: $used$51
     2/2: $valid$50
Creating decoders for process `\Directory_test$Scheduler.directory.$259'.
     1/53: $set$24300
     2/53: $tag$24299
     3/53: $read_bits_reg_set$7878
     4/53: $read_bits_reg_spike_info_vaddr$7877
     5/53: $read_bits_reg_spike_info_pc$7876
     6/53: $read_bits_reg_param$7875
     7/53: $read_bits_reg_mask$7874
     8/53: $read_bits_reg_data$7873
     9/53: $read_bits_reg_put$7872
    10/53: $read_bits_reg_offset$7871
    11/53: $read_bits_reg_tag$7870
    12/53: $read_bits_reg_source$7869
    13/53: $read_bits_reg_opcode$7868
    14/53: $lfsr$7861
    15/53: $lfsr$7862
    16/53: $flushCount$7855
    17/53: $flushCount$7856
    18/53: $flush_source_reg$7847
    19/53: $flush_source_reg$7849
    20/53: $is_invalidate_reg$7848
    21/53: $wipeCount$7841
    22/53: $io_result_bits_flush_REG$7914
    23/53: $io_result_bits_last_flush_REG$7913
    24/53: $io_result_bits_dirty_REG$7912
    25/53: $io_result_bits_tag_REG$7911
    26/53: $io_result_bits_source_REG$7910
    27/53: $io_result_bits_set_REG$7909
    28/53: $io_result_bits_way_REG$7908
    29/53: $io_result_valid_REG$7907
    30/53: $flush_issue_regnext$7906
    31/53: $read_bits_reg_set$7905
    32/53: $read_bits_reg_spike_info_vaddr$7904
    33/53: $read_bits_reg_spike_info_pc$7903
    34/53: $read_bits_reg_param$7902
    35/53: $read_bits_reg_mask$7901
    36/53: $read_bits_reg_data$7900
    37/53: $read_bits_reg_put$7899
    38/53: $read_bits_reg_offset$7898
    39/53: $read_bits_reg_tag$7897
    40/53: $read_bits_reg_source$7896
    41/53: $read_bits_reg_opcode$7895
    42/53: $valid_reg$7894
    43/53: $tagMatch$7893
    44/53: $setQuash$7892
    45/53: $lfsr$7891
    46/53: $ren1$7890
    47/53: $REG$7889
    48/53: $flushCount$7888
    49/53: $flush_source_reg$7887
    50/53: $is_invalidate_reg$7886
    51/53: $flush_issue_reg$7885
    52/53: $wipeOff$7884
    53/53: $wipeCount$7883
Creating decoders for process `\SinkD$Scheduler.sinkD.$0'.
     1/1: $io_resp_valid_REG$1
Creating decoders for process `\SinkA$Scheduler.sinkA.$60'.
     1/1: $lists$63
Creating decoders for process `\SourceD$Scheduler.sourceD.$61'.
     1/57: $stateReg$136
     2/57: $stateReg$137
     3/57: $stateReg$132
     4/57: $stateReg$133
     5/57: $stateReg$129
     6/57: $stateReg$130
     7/57: $stateReg$131
     8/57: $stateReg$138
     9/57: $stateReg$127
    10/57: $stateReg$139
    11/57: $stateReg$125
    12/57: $stateReg$140
    13/57: $stateReg$119
    14/57: $stateReg$120
    15/57: $stateReg$121
    16/57: $stateReg$122
    17/57: $stateReg$123
    18/57: $s1_req_reg_from_mem$108
    19/57: $s1_req_reg_last_flush$107
    20/57: $s1_req_reg_dirty$106
    21/57: $s1_req_reg_way$105
    22/57: $s1_req_reg_hit$104
    23/57: $s1_req_reg_set$103
    24/57: $s1_req_reg_param$102
    25/57: $s1_req_reg_mask$101
    26/57: $s1_req_reg_data$100
    27/57: $s1_req_reg_put$99
    28/57: $s1_req_reg_offset$98
    29/57: $s1_req_reg_tag$97
    30/57: $s1_req_reg_source$96
    31/57: $s1_req_reg_size$95
    32/57: $s1_req_reg_opcode$94
    33/57: $pb_beat_reg_mask$93
    34/57: $pb_beat_reg_data$92
    35/57: $mshr_wait_reg$203
    36/57: $tobedone$202
    37/57: $write_sent_reg$201
    38/57: $read_sent_reg$200
    39/57: $s1_req_reg_from_mem$199
    40/57: $s1_req_reg_last_flush$198
    41/57: $s1_req_reg_dirty$197
    42/57: $s1_req_reg_way$196
    43/57: $s1_req_reg_hit$195
    44/57: $s1_req_reg_set$194
    45/57: $s1_req_reg_param$193
    46/57: $s1_req_reg_mask$192
    47/57: $s1_req_reg_data$191
    48/57: $s1_req_reg_put$190
    49/57: $s1_req_reg_offset$189
    50/57: $s1_req_reg_tag$188
    51/57: $s1_req_reg_source$187
    52/57: $s1_req_reg_size$186
    53/57: $s1_req_reg_opcode$185
    54/57: $stateReg$184
    55/57: $pb_beat_reg_mask$183
    56/57: $pb_beat_reg_data$182
    57/57: $busy$181
Creating decoders for process `\Scheduler.$1661'.
     1/3: $robin_filter$1673
     2/3: $robin_filter$1675
     3/3: $issue_flush_invalidate$1674

1.8. Executing PROC_CLEAN pass (remove empty switches from decision trees).
Found and cleaned up 255 empty switches in `\SRAMTemplate_139$Scheduler.bankedStore.cc_banks.$4'.
Removing empty process `SRAMTemplate_139$Scheduler.bankedStore.cc_banks.$4'.
Found and cleaned up 5 empty switches in `\SRAMTemplate_138$Scheduler.directory.cc_dir.$68'.
Removing empty process `SRAMTemplate_138$Scheduler.directory.cc_dir.$68'.
Found and cleaned up 1 empty switch in `\ListBuffer$Scheduler.sinkA.putbuffer.$34'.
Removing empty process `ListBuffer$Scheduler.sinkA.putbuffer.$34'.
Found and cleaned up 5 empty switches in `\Queue1_DirectoryResult_lite_victim$Scheduler.dir_result_buffer.$0'.
Removing empty process `Queue1_DirectoryResult_lite_victim$Scheduler.dir_result_buffer.$0'.
Found and cleaned up 7 empty switches in `\Queue8_FullRequest$Scheduler.write_buffer.$20'.
Removing empty process `Queue8_FullRequest$Scheduler.write_buffer.$20'.
Found and cleaned up 7 empty switches in `\MSHR_4$Scheduler.mshrs_31.$6'.
Removing empty process `MSHR_4$Scheduler.mshrs_31.$6'.
Found and cleaned up 7 empty switches in `\MSHR_4$Scheduler.mshrs_30.$6'.
Removing empty process `MSHR_4$Scheduler.mshrs_30.$6'.
Found and cleaned up 7 empty switches in `\MSHR_4$Scheduler.mshrs_29.$6'.
Removing empty process `MSHR_4$Scheduler.mshrs_29.$6'.
Found and cleaned up 7 empty switches in `\MSHR_4$Scheduler.mshrs_28.$6'.
Removing empty process `MSHR_4$Scheduler.mshrs_28.$6'.
Found and cleaned up 7 empty switches in `\MSHR_4$Scheduler.mshrs_27.$6'.
Removing empty process `MSHR_4$Scheduler.mshrs_27.$6'.
Found and cleaned up 7 empty switches in `\MSHR_4$Scheduler.mshrs_26.$6'.
Removing empty process `MSHR_4$Scheduler.mshrs_26.$6'.
Found and cleaned up 7 empty switches in `\MSHR_4$Scheduler.mshrs_25.$6'.
Removing empty process `MSHR_4$Scheduler.mshrs_25.$6'.
Found and cleaned up 7 empty switches in `\MSHR_4$Scheduler.mshrs_24.$6'.
Removing empty process `MSHR_4$Scheduler.mshrs_24.$6'.
Found and cleaned up 7 empty switches in `\MSHR_4$Scheduler.mshrs_23.$6'.
Removing empty process `MSHR_4$Scheduler.mshrs_23.$6'.
Found and cleaned up 7 empty switches in `\MSHR_4$Scheduler.mshrs_22.$6'.
Removing empty process `MSHR_4$Scheduler.mshrs_22.$6'.
Found and cleaned up 7 empty switches in `\MSHR_4$Scheduler.mshrs_21.$6'.
Removing empty process `MSHR_4$Scheduler.mshrs_21.$6'.
Found and cleaned up 7 empty switches in `\MSHR_4$Scheduler.mshrs_20.$6'.
Removing empty process `MSHR_4$Scheduler.mshrs_20.$6'.
Found and cleaned up 7 empty switches in `\MSHR_4$Scheduler.mshrs_19.$6'.
Removing empty process `MSHR_4$Scheduler.mshrs_19.$6'.
Found and cleaned up 7 empty switches in `\MSHR_4$Scheduler.mshrs_18.$6'.
Removing empty process `MSHR_4$Scheduler.mshrs_18.$6'.
Found and cleaned up 7 empty switches in `\MSHR_4$Scheduler.mshrs_17.$6'.
Removing empty process `MSHR_4$Scheduler.mshrs_17.$6'.
Found and cleaned up 7 empty switches in `\MSHR_4$Scheduler.mshrs_16.$6'.
Removing empty process `MSHR_4$Scheduler.mshrs_16.$6'.
Found and cleaned up 7 empty switches in `\MSHR_4$Scheduler.mshrs_15.$6'.
Removing empty process `MSHR_4$Scheduler.mshrs_15.$6'.
Found and cleaned up 7 empty switches in `\MSHR_4$Scheduler.mshrs_14.$6'.
Removing empty process `MSHR_4$Scheduler.mshrs_14.$6'.
Found and cleaned up 7 empty switches in `\MSHR_4$Scheduler.mshrs_13.$6'.
Removing empty process `MSHR_4$Scheduler.mshrs_13.$6'.
Found and cleaned up 7 empty switches in `\MSHR_4$Scheduler.mshrs_12.$6'.
Removing empty process `MSHR_4$Scheduler.mshrs_12.$6'.
Found and cleaned up 7 empty switches in `\MSHR_4$Scheduler.mshrs_11.$6'.
Removing empty process `MSHR_4$Scheduler.mshrs_11.$6'.
Found and cleaned up 7 empty switches in `\MSHR_4$Scheduler.mshrs_10.$6'.
Removing empty process `MSHR_4$Scheduler.mshrs_10.$6'.
Found and cleaned up 7 empty switches in `\MSHR_4$Scheduler.mshrs_9.$6'.
Removing empty process `MSHR_4$Scheduler.mshrs_9.$6'.
Found and cleaned up 7 empty switches in `\MSHR_4$Scheduler.mshrs_8.$6'.
Removing empty process `MSHR_4$Scheduler.mshrs_8.$6'.
Found and cleaned up 7 empty switches in `\MSHR_4$Scheduler.mshrs_7.$6'.
Removing empty process `MSHR_4$Scheduler.mshrs_7.$6'.
Found and cleaned up 7 empty switches in `\MSHR_4$Scheduler.mshrs_6.$6'.
Removing empty process `MSHR_4$Scheduler.mshrs_6.$6'.
Found and cleaned up 7 empty switches in `\MSHR_4$Scheduler.mshrs_5.$6'.
Removing empty process `MSHR_4$Scheduler.mshrs_5.$6'.
Found and cleaned up 7 empty switches in `\MSHR_4$Scheduler.mshrs_4.$6'.
Removing empty process `MSHR_4$Scheduler.mshrs_4.$6'.
Found and cleaned up 7 empty switches in `\MSHR_4$Scheduler.mshrs_3.$6'.
Removing empty process `MSHR_4$Scheduler.mshrs_3.$6'.
Found and cleaned up 7 empty switches in `\MSHR_4$Scheduler.mshrs_2.$6'.
Removing empty process `MSHR_4$Scheduler.mshrs_2.$6'.
Found and cleaned up 7 empty switches in `\MSHR_4$Scheduler.mshrs_1.$6'.
Removing empty process `MSHR_4$Scheduler.mshrs_1.$6'.
Found and cleaned up 7 empty switches in `\MSHR_4$Scheduler.mshrs_0.$6'.
Removing empty process `MSHR_4$Scheduler.mshrs_0.$6'.
Found and cleaned up 1 empty switch in `\ListBuffer_1$Scheduler.requests.$34'.
Removing empty process `ListBuffer_1$Scheduler.requests.$34'.
Found and cleaned up 19 empty switches in `\Directory_test$Scheduler.directory.$259'.
Removing empty process `Directory_test$Scheduler.directory.$259'.
Found and cleaned up 1 empty switch in `\SinkD$Scheduler.sinkD.$0'.
Removing empty process `SinkD$Scheduler.sinkD.$0'.
Found and cleaned up 1 empty switch in `\SinkA$Scheduler.sinkA.$60'.
Removing empty process `SinkA$Scheduler.sinkA.$60'.
Found and cleaned up 37 empty switches in `\SourceD$Scheduler.sourceD.$61'.
Removing empty process `SourceD$Scheduler.sourceD.$61'.
Found and cleaned up 3 empty switches in `\Scheduler.$1661'.
Removing empty process `Scheduler.$1661'.
Cleaned up 559 empty switches.

1.9. Executing OPT_EXPR pass (perform const folding).
Optimizing module SRAMTemplate_139$Scheduler.bankedStore.cc_banks.
<suppressed ~128 debug messages>
Optimizing module SRAMTemplate_138$Scheduler.directory.cc_dir.
Optimizing module ListBuffer$Scheduler.sinkA.putbuffer.
Optimizing module Queue1_DirectoryResult_lite_victim$Scheduler.dir_result_buffer.
<suppressed ~1 debug messages>
Optimizing module Queue8_FullRequest$Scheduler.write_buffer.
<suppressed ~1 debug messages>
Optimizing module MSHR_4$Scheduler.mshrs_31.
Optimizing module MSHR_4$Scheduler.mshrs_30.
Optimizing module MSHR_4$Scheduler.mshrs_29.
Optimizing module MSHR_4$Scheduler.mshrs_28.
Optimizing module MSHR_4$Scheduler.mshrs_27.
Optimizing module MSHR_4$Scheduler.mshrs_26.
Optimizing module MSHR_4$Scheduler.mshrs_25.
Optimizing module MSHR_4$Scheduler.mshrs_24.
Optimizing module MSHR_4$Scheduler.mshrs_23.
Optimizing module MSHR_4$Scheduler.mshrs_22.
Optimizing module MSHR_4$Scheduler.mshrs_21.
Optimizing module MSHR_4$Scheduler.mshrs_20.
Optimizing module MSHR_4$Scheduler.mshrs_19.
Optimizing module MSHR_4$Scheduler.mshrs_18.
Optimizing module MSHR_4$Scheduler.mshrs_17.
Optimizing module MSHR_4$Scheduler.mshrs_16.
Optimizing module MSHR_4$Scheduler.mshrs_15.
Optimizing module MSHR_4$Scheduler.mshrs_14.
Optimizing module MSHR_4$Scheduler.mshrs_13.
Optimizing module MSHR_4$Scheduler.mshrs_12.
Optimizing module MSHR_4$Scheduler.mshrs_11.
Optimizing module MSHR_4$Scheduler.mshrs_10.
Optimizing module MSHR_4$Scheduler.mshrs_9.
Optimizing module MSHR_4$Scheduler.mshrs_8.
Optimizing module MSHR_4$Scheduler.mshrs_7.
Optimizing module MSHR_4$Scheduler.mshrs_6.
Optimizing module MSHR_4$Scheduler.mshrs_5.
Optimizing module MSHR_4$Scheduler.mshrs_4.
Optimizing module MSHR_4$Scheduler.mshrs_3.
Optimizing module MSHR_4$Scheduler.mshrs_2.
Optimizing module MSHR_4$Scheduler.mshrs_1.
Optimizing module MSHR_4$Scheduler.mshrs_0.
Optimizing module ListBuffer_1$Scheduler.requests.
Optimizing module BankedStore$Scheduler.bankedStore.
Optimizing module Directory_test$Scheduler.directory.
<suppressed ~7 debug messages>
Optimizing module SinkD$Scheduler.sinkD.
Optimizing module SinkA$Scheduler.sinkA.
<suppressed ~2 debug messages>
Optimizing module SourceD$Scheduler.sourceD.
<suppressed ~4 debug messages>
Optimizing module SourceA$Scheduler.sourceA.
Optimizing module Scheduler.
<suppressed ~5 debug messages>

2. Executing HIERARCHY pass (managing design hierarchy).

2.1. Analyzing design hierarchy..
Top module:  \Scheduler
Used module:     \Queue1_DirectoryResult_lite_victim$Scheduler.dir_result_buffer
Used module:     \Queue8_FullRequest$Scheduler.write_buffer
Used module:     \MSHR_4$Scheduler.mshrs_31
Used module:     \MSHR_4$Scheduler.mshrs_30
Used module:     \MSHR_4$Scheduler.mshrs_29
Used module:     \MSHR_4$Scheduler.mshrs_28
Used module:     \MSHR_4$Scheduler.mshrs_27
Used module:     \MSHR_4$Scheduler.mshrs_26
Used module:     \MSHR_4$Scheduler.mshrs_25
Used module:     \MSHR_4$Scheduler.mshrs_24
Used module:     \MSHR_4$Scheduler.mshrs_23
Used module:     \MSHR_4$Scheduler.mshrs_22
Used module:     \MSHR_4$Scheduler.mshrs_21
Used module:     \MSHR_4$Scheduler.mshrs_20
Used module:     \MSHR_4$Scheduler.mshrs_19
Used module:     \MSHR_4$Scheduler.mshrs_18
Used module:     \MSHR_4$Scheduler.mshrs_17
Used module:     \MSHR_4$Scheduler.mshrs_16
Used module:     \MSHR_4$Scheduler.mshrs_15
Used module:     \MSHR_4$Scheduler.mshrs_14
Used module:     \MSHR_4$Scheduler.mshrs_13
Used module:     \MSHR_4$Scheduler.mshrs_12
Used module:     \MSHR_4$Scheduler.mshrs_11
Used module:     \MSHR_4$Scheduler.mshrs_10
Used module:     \MSHR_4$Scheduler.mshrs_9
Used module:     \MSHR_4$Scheduler.mshrs_8
Used module:     \MSHR_4$Scheduler.mshrs_7
Used module:     \MSHR_4$Scheduler.mshrs_6
Used module:     \MSHR_4$Scheduler.mshrs_5
Used module:     \MSHR_4$Scheduler.mshrs_4
Used module:     \MSHR_4$Scheduler.mshrs_3
Used module:     \MSHR_4$Scheduler.mshrs_2
Used module:     \MSHR_4$Scheduler.mshrs_1
Used module:     \MSHR_4$Scheduler.mshrs_0
Used module:     \ListBuffer_1$Scheduler.requests
Used module:     \BankedStore$Scheduler.bankedStore
Used module:         \SRAMTemplate_139$Scheduler.bankedStore.cc_banks
Used module:     \Directory_test$Scheduler.directory
Used module:         \SRAMTemplate_138$Scheduler.directory.cc_dir
Used module:     \SinkD$Scheduler.sinkD
Used module:     \SinkA$Scheduler.sinkA
Used module:         \ListBuffer$Scheduler.sinkA.putbuffer
Used module:     \SourceD$Scheduler.sourceD
Used module:     \SourceA$Scheduler.sourceA

2.2. Analyzing design hierarchy..
Top module:  \Scheduler
Used module:     \Queue1_DirectoryResult_lite_victim$Scheduler.dir_result_buffer
Used module:     \Queue8_FullRequest$Scheduler.write_buffer
Used module:     \MSHR_4$Scheduler.mshrs_31
Used module:     \MSHR_4$Scheduler.mshrs_30
Used module:     \MSHR_4$Scheduler.mshrs_29
Used module:     \MSHR_4$Scheduler.mshrs_28
Used module:     \MSHR_4$Scheduler.mshrs_27
Used module:     \MSHR_4$Scheduler.mshrs_26
Used module:     \MSHR_4$Scheduler.mshrs_25
Used module:     \MSHR_4$Scheduler.mshrs_24
Used module:     \MSHR_4$Scheduler.mshrs_23
Used module:     \MSHR_4$Scheduler.mshrs_22
Used module:     \MSHR_4$Scheduler.mshrs_21
Used module:     \MSHR_4$Scheduler.mshrs_20
Used module:     \MSHR_4$Scheduler.mshrs_19
Used module:     \MSHR_4$Scheduler.mshrs_18
Used module:     \MSHR_4$Scheduler.mshrs_17
Used module:     \MSHR_4$Scheduler.mshrs_16
Used module:     \MSHR_4$Scheduler.mshrs_15
Used module:     \MSHR_4$Scheduler.mshrs_14
Used module:     \MSHR_4$Scheduler.mshrs_13
Used module:     \MSHR_4$Scheduler.mshrs_12
Used module:     \MSHR_4$Scheduler.mshrs_11
Used module:     \MSHR_4$Scheduler.mshrs_10
Used module:     \MSHR_4$Scheduler.mshrs_9
Used module:     \MSHR_4$Scheduler.mshrs_8
Used module:     \MSHR_4$Scheduler.mshrs_7
Used module:     \MSHR_4$Scheduler.mshrs_6
Used module:     \MSHR_4$Scheduler.mshrs_5
Used module:     \MSHR_4$Scheduler.mshrs_4
Used module:     \MSHR_4$Scheduler.mshrs_3
Used module:     \MSHR_4$Scheduler.mshrs_2
Used module:     \MSHR_4$Scheduler.mshrs_1
Used module:     \MSHR_4$Scheduler.mshrs_0
Used module:     \ListBuffer_1$Scheduler.requests
Used module:     \BankedStore$Scheduler.bankedStore
Used module:         \SRAMTemplate_139$Scheduler.bankedStore.cc_banks
Used module:     \Directory_test$Scheduler.directory
Used module:         \SRAMTemplate_138$Scheduler.directory.cc_dir
Used module:     \SinkD$Scheduler.sinkD
Used module:     \SinkA$Scheduler.sinkA
Used module:         \ListBuffer$Scheduler.sinkA.putbuffer
Used module:     \SourceD$Scheduler.sourceD
Used module:     \SourceA$Scheduler.sourceA
Removed 0 unused modules.

3. Executing PROC pass (convert processes to netlists).

3.1. Executing PROC_CLEAN pass (remove empty switches from decision trees).
Cleaned up 0 empty switches.

3.2. Executing PROC_RMDEAD pass (remove dead branches from decision trees).
Removed a total of 0 dead cases.

3.3. Executing PROC_PRUNE pass (remove redundant assignments in processes).
Removed 0 redundant assignments.
Promoted 0 assignments to connections.

3.4. Executing PROC_INIT pass (extract init attributes).

3.5. Executing PROC_ARST pass (detect async resets in processes).

3.6. Executing PROC_ROM pass (convert switches to ROMs).
Converted 0 switches.

3.7. Executing PROC_MUX pass (convert decision trees to multiplexers).

3.8. Executing PROC_DLATCH pass (convert process syncs to latches).

3.9. Executing PROC_DFF pass (convert process syncs to FFs).

3.10. Executing PROC_MEMWR pass (convert process memory writes to cells).

3.11. Executing PROC_CLEAN pass (remove empty switches from decision trees).
Cleaned up 0 empty switches.

3.12. Executing OPT_EXPR pass (perform const folding).
Optimizing module SRAMTemplate_139$Scheduler.bankedStore.cc_banks.
Optimizing module SRAMTemplate_138$Scheduler.directory.cc_dir.
Optimizing module ListBuffer$Scheduler.sinkA.putbuffer.
Optimizing module Queue1_DirectoryResult_lite_victim$Scheduler.dir_result_buffer.
Optimizing module Queue8_FullRequest$Scheduler.write_buffer.
Optimizing module MSHR_4$Scheduler.mshrs_31.
Optimizing module MSHR_4$Scheduler.mshrs_30.
Optimizing module MSHR_4$Scheduler.mshrs_29.
Optimizing module MSHR_4$Scheduler.mshrs_28.
Optimizing module MSHR_4$Scheduler.mshrs_27.
Optimizing module MSHR_4$Scheduler.mshrs_26.
Optimizing module MSHR_4$Scheduler.mshrs_25.
Optimizing module MSHR_4$Scheduler.mshrs_24.
Optimizing module MSHR_4$Scheduler.mshrs_23.
Optimizing module MSHR_4$Scheduler.mshrs_22.
Optimizing module MSHR_4$Scheduler.mshrs_21.
Optimizing module MSHR_4$Scheduler.mshrs_20.
Optimizing module MSHR_4$Scheduler.mshrs_19.
Optimizing module MSHR_4$Scheduler.mshrs_18.
Optimizing module MSHR_4$Scheduler.mshrs_17.
Optimizing module MSHR_4$Scheduler.mshrs_16.
Optimizing module MSHR_4$Scheduler.mshrs_15.
Optimizing module MSHR_4$Scheduler.mshrs_14.
Optimizing module MSHR_4$Scheduler.mshrs_13.
Optimizing module MSHR_4$Scheduler.mshrs_12.
Optimizing module MSHR_4$Scheduler.mshrs_11.
Optimizing module MSHR_4$Scheduler.mshrs_10.
Optimizing module MSHR_4$Scheduler.mshrs_9.
Optimizing module MSHR_4$Scheduler.mshrs_8.
Optimizing module MSHR_4$Scheduler.mshrs_7.
Optimizing module MSHR_4$Scheduler.mshrs_6.
Optimizing module MSHR_4$Scheduler.mshrs_5.
Optimizing module MSHR_4$Scheduler.mshrs_4.
Optimizing module MSHR_4$Scheduler.mshrs_3.
Optimizing module MSHR_4$Scheduler.mshrs_2.
Optimizing module MSHR_4$Scheduler.mshrs_1.
Optimizing module MSHR_4$Scheduler.mshrs_0.
Optimizing module ListBuffer_1$Scheduler.requests.
Optimizing module BankedStore$Scheduler.bankedStore.
Optimizing module Directory_test$Scheduler.directory.
Optimizing module SinkD$Scheduler.sinkD.
Optimizing module SinkA$Scheduler.sinkA.
Optimizing module SourceD$Scheduler.sourceD.
Optimizing module SourceA$Scheduler.sourceA.
Optimizing module Scheduler.

4. Executing OPT_EXPR pass (perform const folding).
Optimizing module SRAMTemplate_139$Scheduler.bankedStore.cc_banks.
Optimizing module SRAMTemplate_138$Scheduler.directory.cc_dir.
Optimizing module ListBuffer$Scheduler.sinkA.putbuffer.
Optimizing module Queue1_DirectoryResult_lite_victim$Scheduler.dir_result_buffer.
Optimizing module Queue8_FullRequest$Scheduler.write_buffer.
Optimizing module MSHR_4$Scheduler.mshrs_31.
Optimizing module MSHR_4$Scheduler.mshrs_30.
Optimizing module MSHR_4$Scheduler.mshrs_29.
Optimizing module MSHR_4$Scheduler.mshrs_28.
Optimizing module MSHR_4$Scheduler.mshrs_27.
Optimizing module MSHR_4$Scheduler.mshrs_26.
Optimizing module MSHR_4$Scheduler.mshrs_25.
Optimizing module MSHR_4$Scheduler.mshrs_24.
Optimizing module MSHR_4$Scheduler.mshrs_23.
Optimizing module MSHR_4$Scheduler.mshrs_22.
Optimizing module MSHR_4$Scheduler.mshrs_21.
Optimizing module MSHR_4$Scheduler.mshrs_20.
Optimizing module MSHR_4$Scheduler.mshrs_19.
Optimizing module MSHR_4$Scheduler.mshrs_18.
Optimizing module MSHR_4$Scheduler.mshrs_17.
Optimizing module MSHR_4$Scheduler.mshrs_16.
Optimizing module MSHR_4$Scheduler.mshrs_15.
Optimizing module MSHR_4$Scheduler.mshrs_14.
Optimizing module MSHR_4$Scheduler.mshrs_13.
Optimizing module MSHR_4$Scheduler.mshrs_12.
Optimizing module MSHR_4$Scheduler.mshrs_11.
Optimizing module MSHR_4$Scheduler.mshrs_10.
Optimizing module MSHR_4$Scheduler.mshrs_9.
Optimizing module MSHR_4$Scheduler.mshrs_8.
Optimizing module MSHR_4$Scheduler.mshrs_7.
Optimizing module MSHR_4$Scheduler.mshrs_6.
Optimizing module MSHR_4$Scheduler.mshrs_5.
Optimizing module MSHR_4$Scheduler.mshrs_4.
Optimizing module MSHR_4$Scheduler.mshrs_3.
Optimizing module MSHR_4$Scheduler.mshrs_2.
Optimizing module MSHR_4$Scheduler.mshrs_1.
Optimizing module MSHR_4$Scheduler.mshrs_0.
Optimizing module ListBuffer_1$Scheduler.requests.
Optimizing module BankedStore$Scheduler.bankedStore.
Optimizing module Directory_test$Scheduler.directory.
<suppressed ~4 debug messages>
Optimizing module SinkD$Scheduler.sinkD.
Optimizing module SinkA$Scheduler.sinkA.
Optimizing module SourceD$Scheduler.sourceD.
Optimizing module SourceA$Scheduler.sourceA.
Optimizing module Scheduler.

5. Executing OPT_CLEAN pass (remove unused cells and wires).
Finding unused cells or wires in module \SRAMTemplate_139$Scheduler.bankedStore.cc_banks..
Finding unused cells or wires in module \SRAMTemplate_138$Scheduler.directory.cc_dir..
Finding unused cells or wires in module \ListBuffer$Scheduler.sinkA.putbuffer..
Finding unused cells or wires in module \Queue1_DirectoryResult_lite_victim$Scheduler.dir_result_buffer..
Finding unused cells or wires in module \Queue8_FullRequest$Scheduler.write_buffer..
Finding unused cells or wires in module \MSHR_4$Scheduler.mshrs_31..
Finding unused cells or wires in module \MSHR_4$Scheduler.mshrs_30..
Finding unused cells or wires in module \MSHR_4$Scheduler.mshrs_29..
Finding unused cells or wires in module \MSHR_4$Scheduler.mshrs_28..
Finding unused cells or wires in module \MSHR_4$Scheduler.mshrs_27..
Finding unused cells or wires in module \MSHR_4$Scheduler.mshrs_26..
Finding unused cells or wires in module \MSHR_4$Scheduler.mshrs_25..
Finding unused cells or wires in module \MSHR_4$Scheduler.mshrs_24..
Finding unused cells or wires in module \MSHR_4$Scheduler.mshrs_23..
Finding unused cells or wires in module \MSHR_4$Scheduler.mshrs_22..
Finding unused cells or wires in module \MSHR_4$Scheduler.mshrs_21..
Finding unused cells or wires in module \MSHR_4$Scheduler.mshrs_20..
Finding unused cells or wires in module \MSHR_4$Scheduler.mshrs_19..
Finding unused cells or wires in module \MSHR_4$Scheduler.mshrs_18..
Finding unused cells or wires in module \MSHR_4$Scheduler.mshrs_17..
Finding unused cells or wires in module \MSHR_4$Scheduler.mshrs_16..
Finding unused cells or wires in module \MSHR_4$Scheduler.mshrs_15..
Finding unused cells or wires in module \MSHR_4$Scheduler.mshrs_14..
Finding unused cells or wires in module \MSHR_4$Scheduler.mshrs_13..
Finding unused cells or wires in module \MSHR_4$Scheduler.mshrs_12..
Finding unused cells or wires in module \MSHR_4$Scheduler.mshrs_11..
Finding unused cells or wires in module \MSHR_4$Scheduler.mshrs_10..
Finding unused cells or wires in module \MSHR_4$Scheduler.mshrs_9..
Finding unused cells or wires in module \MSHR_4$Scheduler.mshrs_8..
Finding unused cells or wires in module \MSHR_4$Scheduler.mshrs_7..
Finding unused cells or wires in module \MSHR_4$Scheduler.mshrs_6..
Finding unused cells or wires in module \MSHR_4$Scheduler.mshrs_5..
Finding unused cells or wires in module \MSHR_4$Scheduler.mshrs_4..
Finding unused cells or wires in module \MSHR_4$Scheduler.mshrs_3..
Finding unused cells or wires in module \MSHR_4$Scheduler.mshrs_2..
Finding unused cells or wires in module \MSHR_4$Scheduler.mshrs_1..
Finding unused cells or wires in module \MSHR_4$Scheduler.mshrs_0..
Finding unused cells or wires in module \ListBuffer_1$Scheduler.requests..
Finding unused cells or wires in module \BankedStore$Scheduler.bankedStore..
Finding unused cells or wires in module \Directory_test$Scheduler.directory..
Finding unused cells or wires in module \SinkD$Scheduler.sinkD..
Finding unused cells or wires in module \SinkA$Scheduler.sinkA..
Finding unused cells or wires in module \SourceD$Scheduler.sourceD..
Finding unused cells or wires in module \SourceA$Scheduler.sourceA..
Finding unused cells or wires in module \Scheduler..
Removed 2 unused cells and 3535 unused wires.
<suppressed ~1611 debug messages>

6. Executing TECHMAP pass (map to technology primitives).

6.1. Executing Verilog-2005 frontend: ${REMOTE_HOME}/oss-cad-suite/lib/../share/yosys/techmap.v
Parsing Verilog input from `${REMOTE_HOME}/oss-cad-suite/lib/../share/yosys/techmap.v' to AST representation.
Generating RTLIL representation for module `\_90_simplemap_bool_ops'.
Generating RTLIL representation for module `\_90_simplemap_reduce_ops'.
Generating RTLIL representation for module `\_90_simplemap_logic_ops'.
Generating RTLIL representation for module `\_90_simplemap_compare_ops'.
Generating RTLIL representation for module `\_90_simplemap_various'.
Generating RTLIL representation for module `\_90_simplemap_registers'.
Generating RTLIL representation for module `\_90_shift_ops_shr_shl_sshl_sshr'.
Generating RTLIL representation for module `\_90_shift_shiftx'.
Generating RTLIL representation for module `\_90_fa'.
Generating RTLIL representation for module `\_90_lcu_brent_kung'.
Generating RTLIL representation for module `\_90_alu'.
Generating RTLIL representation for module `\_90_macc'.
Generating RTLIL representation for module `\_90_alumacc'.
Generating RTLIL representation for module `$__div_mod_u'.
Generating RTLIL representation for module `$__div_mod_trunc'.
Generating RTLIL representation for module `\_90_div'.
Generating RTLIL representation for module `\_90_mod'.
Generating RTLIL representation for module `$__div_mod_floor'.
Generating RTLIL representation for module `\_90_divfloor'.
Generating RTLIL representation for module `\_90_modfloor'.
Generating RTLIL representation for module `\_90_pow'.
Generating RTLIL representation for module `\_90_demux'.
Generating RTLIL representation for module `\_90_lut'.
Generating RTLIL representation for module `$connect'.
Generating RTLIL representation for module `$input_port'.
Successfully finished Verilog frontend.

6.2. Continuing TECHMAP pass.
Using extmapper simplemap for cells of type $and.
Using extmapper simplemap for cells of type $eq.
Using extmapper simplemap for cells of type $or.
Using extmapper simplemap for cells of type $not.
Using extmapper simplemap for cells of type $reduce_or.
Using extmapper simplemap for cells of type $mux.
Using extmapper simplemap for cells of type $logic_not.
Using extmapper simplemap for cells of type $ne.
Using template $paramod$constmap:dbc2ba79ec75f898536d93bb2dabe47f3682275f$paramod$56955d0f36f77738c952d3505dc563df3ee11b94\_90_shift_ops_shr_shl_sshl_sshr for cells of type $shr.
Using extmapper simplemap for cells of type $dff.
Using extmapper simplemap for cells of type $reduce_and.
Running "alumacc" on wrapper $extern:wrap:$lt:Y_WIDTH=1:B_WIDTH=5:A_WIDTH=4:B_SIGNED=1:A_SIGNED=1:394426c56d1a028ba8fdd5469b163e04011def47.
Using template $extern:wrap:$lt:Y_WIDTH=1:B_WIDTH=5:A_WIDTH=4:B_SIGNED=1:A_SIGNED=1:394426c56d1a028ba8fdd5469b163e04011def47 for cells of type $extern:wrap:$lt:Y_WIDTH=1:B_WIDTH=5:A_WIDTH=4:B_SIGNED=1:A_SIGNED=1:394426c56d1a028ba8fdd5469b163e04011def47.
Using extmapper simplemap for cells of type $bmux.
Using extmapper simplemap for cells of type $xor.
Using template $paramod$6ebf5979d184f4defa9d45ad88572ad623cb8360\_90_alu for cells of type $alu.
Using extmapper simplemap for cells of type $pos.
Using template $paramod\_90_fa\WIDTH=32'00000000000000000000000000000101 for cells of type $fa.
Using template $paramod\_90_lcu_brent_kung\WIDTH=32'00000000000000000000000000000101 for cells of type $lcu.
Using template $paramod$constmap:3e3329c3efee7307379171f3777dce381116869e$paramod$dce7c1188cb25d2520d170426d59301c3b73f9e7\_90_shift_ops_shr_shl_sshl_sshr for cells of type $shl.
Running "alumacc" on wrapper $extern:wrap:$lt:Y_WIDTH=1:B_WIDTH=8:A_WIDTH=7:B_SIGNED=1:A_SIGNED=1:394426c56d1a028ba8fdd5469b163e04011def47.
Using template $extern:wrap:$lt:Y_WIDTH=1:B_WIDTH=8:A_WIDTH=7:B_SIGNED=1:A_SIGNED=1:394426c56d1a028ba8fdd5469b163e04011def47 for cells of type $extern:wrap:$lt:Y_WIDTH=1:B_WIDTH=8:A_WIDTH=7:B_SIGNED=1:A_SIGNED=1:394426c56d1a028ba8fdd5469b163e04011def47.
Running "alumacc" on wrapper $extern:wrap:$lt:Y_WIDTH=1:B_WIDTH=6:A_WIDTH=5:B_SIGNED=1:A_SIGNED=1:394426c56d1a028ba8fdd5469b163e04011def47.
Using template $extern:wrap:$lt:Y_WIDTH=1:B_WIDTH=6:A_WIDTH=5:B_SIGNED=1:A_SIGNED=1:394426c56d1a028ba8fdd5469b163e04011def47 for cells of type $extern:wrap:$lt:Y_WIDTH=1:B_WIDTH=6:A_WIDTH=5:B_SIGNED=1:A_SIGNED=1:394426c56d1a028ba8fdd5469b163e04011def47.
Running "alumacc" on wrapper $extern:wrap:$add:Y_WIDTH=7:B_SIGNED=0:A_SIGNED=0:B_WIDTH=7:A_WIDTH=7:394426c56d1a028ba8fdd5469b163e04011def47.
Using template $extern:wrap:$add:Y_WIDTH=7:B_SIGNED=0:A_SIGNED=0:B_WIDTH=7:A_WIDTH=7:394426c56d1a028ba8fdd5469b163e04011def47 for cells of type $extern:wrap:$add:Y_WIDTH=7:B_SIGNED=0:A_SIGNED=0:B_WIDTH=7:A_WIDTH=7:394426c56d1a028ba8fdd5469b163e04011def47.
Running "alumacc" on wrapper $extern:wrap:$add:Y_WIDTH=11:B_SIGNED=0:A_SIGNED=0:B_WIDTH=11:A_WIDTH=11:394426c56d1a028ba8fdd5469b163e04011def47.
Using template $extern:wrap:$add:Y_WIDTH=11:B_SIGNED=0:A_SIGNED=0:B_WIDTH=11:A_WIDTH=11:394426c56d1a028ba8fdd5469b163e04011def47 for cells of type $extern:wrap:$add:Y_WIDTH=11:B_SIGNED=0:A_SIGNED=0:B_WIDTH=11:A_WIDTH=11:394426c56d1a028ba8fdd5469b163e04011def47.
Using template $paramod$constmap:eaaac26b675d197ddbdc4aa6c2c6aae9762a6e30$paramod$b1f8e9a58fee383a65180922397f7058048191fe\_90_shift_ops_shr_shl_sshl_sshr for cells of type $shl.
Using template $paramod$c703443eb15ff955db884f8bb126e3c9304e2f72\_90_alu for cells of type $alu.
Using template $paramod$ec32b97001540459632a2df9accd677d3703ea0f\_90_alu for cells of type $alu.
Using template $paramod$dbcdc7e8aa1a4080cea2deda6fdc8772064f4d90\_90_alu for cells of type $alu.
Using template $paramod$55c77272acecad365d187c23da880910c49a3940\_90_alu for cells of type $alu.
Using template $paramod\_90_fa\WIDTH=32'00000000000000000000000000001000 for cells of type $fa.
Using template $paramod\_90_lcu_brent_kung\WIDTH=32'00000000000000000000000000001000 for cells of type $lcu.
Using template $paramod\_90_fa\WIDTH=32'00000000000000000000000000000110 for cells of type $fa.
Using template $paramod\_90_lcu_brent_kung\WIDTH=32'00000000000000000000000000000110 for cells of type $lcu.
Using template $paramod\_90_fa\WIDTH=32'00000000000000000000000000000111 for cells of type $fa.
Using template $paramod\_90_lcu_brent_kung\WIDTH=32'00000000000000000000000000000111 for cells of type $lcu.
Using template $paramod\_90_fa\WIDTH=32'00000000000000000000000000001011 for cells of type $fa.
Using template $paramod\_90_lcu_brent_kung\WIDTH=32'00000000000000000000000000001011 for cells of type $lcu.
Running "alumacc" on wrapper $extern:wrap:$add:Y_WIDTH=10:B_SIGNED=0:A_SIGNED=0:B_WIDTH=10:A_WIDTH=10:394426c56d1a028ba8fdd5469b163e04011def47.
Using template $extern:wrap:$add:Y_WIDTH=10:B_SIGNED=0:A_SIGNED=0:B_WIDTH=10:A_WIDTH=10:394426c56d1a028ba8fdd5469b163e04011def47 for cells of type $extern:wrap:$add:Y_WIDTH=10:B_SIGNED=0:A_SIGNED=0:B_WIDTH=10:A_WIDTH=10:394426c56d1a028ba8fdd5469b163e04011def47.
Using template $paramod$484d51534650924b7ed4c69e46eed3a56904771f\_90_alu for cells of type $alu.
Using template $paramod\_90_fa\WIDTH=32'00000000000000000000000000001010 for cells of type $fa.
Using template $paramod\_90_lcu_brent_kung\WIDTH=32'00000000000000000000000000001010 for cells of type $lcu.
Using template $paramod$constmap:6c1a68dca7caecaf14657b7842cab57013c89f4a$paramod$335cfd09f1afa8139c4aafcbbe5f361887b79c5e\_90_shift_ops_shr_shl_sshl_sshr for cells of type $shl.
Running "alumacc" on wrapper $extern:wrap:$add:Y_WIDTH=3:B_SIGNED=0:A_SIGNED=0:B_WIDTH=3:A_WIDTH=3:394426c56d1a028ba8fdd5469b163e04011def47.
Using template $extern:wrap:$add:Y_WIDTH=3:B_SIGNED=0:A_SIGNED=0:B_WIDTH=3:A_WIDTH=3:394426c56d1a028ba8fdd5469b163e04011def47 for cells of type $extern:wrap:$add:Y_WIDTH=3:B_SIGNED=0:A_SIGNED=0:B_WIDTH=3:A_WIDTH=3:394426c56d1a028ba8fdd5469b163e04011def47.
Using template $paramod$78e969f2586efcf3a5b0b0440bcca0db83d5cca2\_90_alu for cells of type $alu.
Using template $paramod\_90_fa\WIDTH=32'00000000000000000000000000000011 for cells of type $fa.
Using template $paramod\_90_lcu_brent_kung\WIDTH=32'00000000000000000000000000000011 for cells of type $lcu.
Running "alumacc" on wrapper $extern:wrap:$add:Y_WIDTH=6:B_SIGNED=0:A_SIGNED=0:B_WIDTH=6:A_WIDTH=6:394426c56d1a028ba8fdd5469b163e04011def47.
Using template $extern:wrap:$add:Y_WIDTH=6:B_SIGNED=0:A_SIGNED=0:B_WIDTH=6:A_WIDTH=6:394426c56d1a028ba8fdd5469b163e04011def47 for cells of type $extern:wrap:$add:Y_WIDTH=6:B_SIGNED=0:A_SIGNED=0:B_WIDTH=6:A_WIDTH=6:394426c56d1a028ba8fdd5469b163e04011def47.
Using template $paramod$00298f3f8094950cb9a5ff2fda48d0d8bde8806c\_90_alu for cells of type $alu.
No more expansions possible.
<suppressed ~39329 debug messages>

7. Executing OPT_EXPR pass (perform const folding).
Optimizing module SRAMTemplate_139$Scheduler.bankedStore.cc_banks.
<suppressed ~8192 debug messages>
Optimizing module SRAMTemplate_138$Scheduler.directory.cc_dir.
<suppressed ~55 debug messages>
Optimizing module ListBuffer$Scheduler.sinkA.putbuffer.
<suppressed ~65 debug messages>
Optimizing module Queue1_DirectoryResult_lite_victim$Scheduler.dir_result_buffer.
<suppressed ~1 debug messages>
Optimizing module Queue8_FullRequest$Scheduler.write_buffer.
<suppressed ~55 debug messages>
Optimizing module MSHR_4$Scheduler.mshrs_31.
<suppressed ~3 debug messages>
Optimizing module MSHR_4$Scheduler.mshrs_30.
<suppressed ~3 debug messages>
Optimizing module MSHR_4$Scheduler.mshrs_29.
<suppressed ~3 debug messages>
Optimizing module MSHR_4$Scheduler.mshrs_28.
<suppressed ~3 debug messages>
Optimizing module MSHR_4$Scheduler.mshrs_27.
<suppressed ~3 debug messages>
Optimizing module MSHR_4$Scheduler.mshrs_26.
<suppressed ~3 debug messages>
Optimizing module MSHR_4$Scheduler.mshrs_25.
<suppressed ~3 debug messages>
Optimizing module MSHR_4$Scheduler.mshrs_24.
<suppressed ~3 debug messages>
Optimizing module MSHR_4$Scheduler.mshrs_23.
<suppressed ~3 debug messages>
Optimizing module MSHR_4$Scheduler.mshrs_22.
<suppressed ~3 debug messages>
Optimizing module MSHR_4$Scheduler.mshrs_21.
<suppressed ~3 debug messages>
Optimizing module MSHR_4$Scheduler.mshrs_20.
<suppressed ~3 debug messages>
Optimizing module MSHR_4$Scheduler.mshrs_19.
<suppressed ~3 debug messages>
Optimizing module MSHR_4$Scheduler.mshrs_18.
<suppressed ~3 debug messages>
Optimizing module MSHR_4$Scheduler.mshrs_17.
<suppressed ~3 debug messages>
Optimizing module MSHR_4$Scheduler.mshrs_16.
<suppressed ~3 debug messages>
Optimizing module MSHR_4$Scheduler.mshrs_15.
<suppressed ~3 debug messages>
Optimizing module MSHR_4$Scheduler.mshrs_14.
<suppressed ~3 debug messages>
Optimizing module MSHR_4$Scheduler.mshrs_13.
<suppressed ~3 debug messages>
Optimizing module MSHR_4$Scheduler.mshrs_12.
<suppressed ~3 debug messages>
Optimizing module MSHR_4$Scheduler.mshrs_11.
<suppressed ~3 debug messages>
Optimizing module MSHR_4$Scheduler.mshrs_10.
<suppressed ~3 debug messages>
Optimizing module MSHR_4$Scheduler.mshrs_9.
<suppressed ~3 debug messages>
Optimizing module MSHR_4$Scheduler.mshrs_8.
<suppressed ~3 debug messages>
Optimizing module MSHR_4$Scheduler.mshrs_7.
<suppressed ~3 debug messages>
Optimizing module MSHR_4$Scheduler.mshrs_6.
<suppressed ~3 debug messages>
Optimizing module MSHR_4$Scheduler.mshrs_5.
<suppressed ~3 debug messages>
Optimizing module MSHR_4$Scheduler.mshrs_4.
<suppressed ~3 debug messages>
Optimizing module MSHR_4$Scheduler.mshrs_3.
<suppressed ~3 debug messages>
Optimizing module MSHR_4$Scheduler.mshrs_2.
<suppressed ~3 debug messages>
Optimizing module MSHR_4$Scheduler.mshrs_1.
<suppressed ~3 debug messages>
Optimizing module MSHR_4$Scheduler.mshrs_0.
<suppressed ~3 debug messages>
Optimizing module ListBuffer_1$Scheduler.requests.
<suppressed ~65 debug messages>
Optimizing module BankedStore$Scheduler.bankedStore.
<suppressed ~321 debug messages>
Optimizing module Directory_test$Scheduler.directory.
<suppressed ~16889 debug messages>
Optimizing module SinkD$Scheduler.sinkD.
Optimizing module SinkA$Scheduler.sinkA.
<suppressed ~41 debug messages>
Optimizing module SourceD$Scheduler.sourceD.
<suppressed ~1393 debug messages>
Optimizing module SourceA$Scheduler.sourceA.
Optimizing module Scheduler.
<suppressed ~875 debug messages>

8. Executing OPT_CLEAN pass (remove unused cells and wires).
Finding unused cells or wires in module \SRAMTemplate_139$Scheduler.bankedStore.cc_banks..
Finding unused cells or wires in module \SRAMTemplate_138$Scheduler.directory.cc_dir..
Finding unused cells or wires in module \ListBuffer$Scheduler.sinkA.putbuffer..
Finding unused cells or wires in module \Queue1_DirectoryResult_lite_victim$Scheduler.dir_result_buffer..
Finding unused cells or wires in module \Queue8_FullRequest$Scheduler.write_buffer..
Finding unused cells or wires in module \MSHR_4$Scheduler.mshrs_31..
Finding unused cells or wires in module \MSHR_4$Scheduler.mshrs_30..
Finding unused cells or wires in module \MSHR_4$Scheduler.mshrs_29..
Finding unused cells or wires in module \MSHR_4$Scheduler.mshrs_28..
Finding unused cells or wires in module \MSHR_4$Scheduler.mshrs_27..
Finding unused cells or wires in module \MSHR_4$Scheduler.mshrs_26..
Finding unused cells or wires in module \MSHR_4$Scheduler.mshrs_25..
Finding unused cells or wires in module \MSHR_4$Scheduler.mshrs_24..
Finding unused cells or wires in module \MSHR_4$Scheduler.mshrs_23..
Finding unused cells or wires in module \MSHR_4$Scheduler.mshrs_22..
Finding unused cells or wires in module \MSHR_4$Scheduler.mshrs_21..
Finding unused cells or wires in module \MSHR_4$Scheduler.mshrs_20..
Finding unused cells or wires in module \MSHR_4$Scheduler.mshrs_19..
Finding unused cells or wires in module \MSHR_4$Scheduler.mshrs_18..
Finding unused cells or wires in module \MSHR_4$Scheduler.mshrs_17..
Finding unused cells or wires in module \MSHR_4$Scheduler.mshrs_16..
Finding unused cells or wires in module \MSHR_4$Scheduler.mshrs_15..
Finding unused cells or wires in module \MSHR_4$Scheduler.mshrs_14..
Finding unused cells or wires in module \MSHR_4$Scheduler.mshrs_13..
Finding unused cells or wires in module \MSHR_4$Scheduler.mshrs_12..
Finding unused cells or wires in module \MSHR_4$Scheduler.mshrs_11..
Finding unused cells or wires in module \MSHR_4$Scheduler.mshrs_10..
Finding unused cells or wires in module \MSHR_4$Scheduler.mshrs_9..
Finding unused cells or wires in module \MSHR_4$Scheduler.mshrs_8..
Finding unused cells or wires in module \MSHR_4$Scheduler.mshrs_7..
Finding unused cells or wires in module \MSHR_4$Scheduler.mshrs_6..
Finding unused cells or wires in module \MSHR_4$Scheduler.mshrs_5..
Finding unused cells or wires in module \MSHR_4$Scheduler.mshrs_4..
Finding unused cells or wires in module \MSHR_4$Scheduler.mshrs_3..
Finding unused cells or wires in module \MSHR_4$Scheduler.mshrs_2..
Finding unused cells or wires in module \MSHR_4$Scheduler.mshrs_1..
Finding unused cells or wires in module \MSHR_4$Scheduler.mshrs_0..
Finding unused cells or wires in module \ListBuffer_1$Scheduler.requests..
Finding unused cells or wires in module \BankedStore$Scheduler.bankedStore..
Finding unused cells or wires in module \Directory_test$Scheduler.directory..
Finding unused cells or wires in module \SinkD$Scheduler.sinkD..
Finding unused cells or wires in module \SinkA$Scheduler.sinkA..
Finding unused cells or wires in module \SourceD$Scheduler.sourceD..
Finding unused cells or wires in module \SourceA$Scheduler.sourceA..
Finding unused cells or wires in module \Scheduler..
Removed 1777 unused cells and 8096 unused wires.
<suppressed ~1822 debug messages>

9. Executing DFFLIBMAP pass (mapping DFF cells to sequential cells from liberty file).
  cell DFFLQNx1_ASAP7_75t_R (inv, pins=3, area=0.29) is a direct match for cell type $_DFF_N_.
  cell DFFHQNx1_ASAP7_75t_R (inv, pins=3, area=0.29) is a direct match for cell type $_DFF_P_.
  cell DFFASRHQNx1_ASAP7_75t_R (inv, pins=5, area=0.38) is a direct match for cell type $_DFFSR_PNN_.
  final dff cell mappings:
    \DFFLQNx1_ASAP7_75t_R _DFF_N_ (.CLK( C), .D( D), .QN(~Q));
    \DFFHQNx1_ASAP7_75t_R _DFF_P_ (.CLK( C), .D( D), .QN(~Q));
    unmapped dff cell: $_DFF_NN0_
    unmapped dff cell: $_DFF_NN1_
    unmapped dff cell: $_DFF_NP0_
    unmapped dff cell: $_DFF_NP1_
    unmapped dff cell: $_DFF_PN0_
    unmapped dff cell: $_DFF_PN1_
    unmapped dff cell: $_DFF_PP0_
    unmapped dff cell: $_DFF_PP1_
    unmapped dff cell: $_DFFE_NN_
    unmapped dff cell: $_DFFE_NP_
    unmapped dff cell: $_DFFE_PN_
    unmapped dff cell: $_DFFE_PP_
    unmapped dff cell: $_DFFSR_NNN_
    unmapped dff cell: $_DFFSR_NNP_
    unmapped dff cell: $_DFFSR_NPN_
    unmapped dff cell: $_DFFSR_NPP_
    \DFFASRHQNx1_ASAP7_75t_R _DFFSR_PNN_ (.CLK( C), .D( D), .QN(~Q), .RESETN( R), .SETN( S));
    unmapped dff cell: $_DFFSR_PNP_
    unmapped dff cell: $_DFFSR_PPN_
    unmapped dff cell: $_DFFSR_PPP_

9.1. Executing DFFLEGALIZE pass (convert FFs to types supported by the target).
<suppressed ~8 debug messages>
Mapping DFF cells in module `\SRAMTemplate_139$Scheduler.bankedStore.cc_banks':
  mapped 8341 $_DFF_P_ cells to \DFFHQNx1_ASAP7_75t_R cells.
Mapping DFF cells in module `\SRAMTemplate_138$Scheduler.directory.cc_dir':
  mapped 645 $_DFF_P_ cells to \DFFHQNx1_ASAP7_75t_R cells.
Mapping DFF cells in module `\ListBuffer$Scheduler.sinkA.putbuffer':
  mapped 64 $_DFF_P_ cells to \DFFHQNx1_ASAP7_75t_R cells.
Mapping DFF cells in module `\Queue1_DirectoryResult_lite_victim$Scheduler.dir_result_buffer':
  mapped 1245 $_DFF_P_ cells to \DFFHQNx1_ASAP7_75t_R cells.
Mapping DFF cells in module `\Queue8_FullRequest$Scheduler.write_buffer':
  mapped 7 $_DFF_P_ cells to \DFFHQNx1_ASAP7_75t_R cells.
Mapping DFF cells in module `\MSHR_4$Scheduler.mshrs_31':
  mapped 2099 $_DFF_P_ cells to \DFFHQNx1_ASAP7_75t_R cells.
Mapping DFF cells in module `\MSHR_4$Scheduler.mshrs_30':
  mapped 2099 $_DFF_P_ cells to \DFFHQNx1_ASAP7_75t_R cells.
Mapping DFF cells in module `\MSHR_4$Scheduler.mshrs_29':
  mapped 2099 $_DFF_P_ cells to \DFFHQNx1_ASAP7_75t_R cells.
Mapping DFF cells in module `\MSHR_4$Scheduler.mshrs_28':
  mapped 2099 $_DFF_P_ cells to \DFFHQNx1_ASAP7_75t_R cells.
Mapping DFF cells in module `\MSHR_4$Scheduler.mshrs_27':
  mapped 2099 $_DFF_P_ cells to \DFFHQNx1_ASAP7_75t_R cells.
Mapping DFF cells in module `\MSHR_4$Scheduler.mshrs_26':
  mapped 2099 $_DFF_P_ cells to \DFFHQNx1_ASAP7_75t_R cells.
Mapping DFF cells in module `\MSHR_4$Scheduler.mshrs_25':
  mapped 2099 $_DFF_P_ cells to \DFFHQNx1_ASAP7_75t_R cells.
Mapping DFF cells in module `\MSHR_4$Scheduler.mshrs_24':
  mapped 2099 $_DFF_P_ cells to \DFFHQNx1_ASAP7_75t_R cells.
Mapping DFF cells in module `\MSHR_4$Scheduler.mshrs_23':
  mapped 2099 $_DFF_P_ cells to \DFFHQNx1_ASAP7_75t_R cells.
Mapping DFF cells in module `\MSHR_4$Scheduler.mshrs_22':
  mapped 2099 $_DFF_P_ cells to \DFFHQNx1_ASAP7_75t_R cells.
Mapping DFF cells in module `\MSHR_4$Scheduler.mshrs_21':
  mapped 2099 $_DFF_P_ cells to \DFFHQNx1_ASAP7_75t_R cells.
Mapping DFF cells in module `\MSHR_4$Scheduler.mshrs_20':
  mapped 2099 $_DFF_P_ cells to \DFFHQNx1_ASAP7_75t_R cells.
Mapping DFF cells in module `\MSHR_4$Scheduler.mshrs_19':
  mapped 2099 $_DFF_P_ cells to \DFFHQNx1_ASAP7_75t_R cells.
Mapping DFF cells in module `\MSHR_4$Scheduler.mshrs_18':
  mapped 2099 $_DFF_P_ cells to \DFFHQNx1_ASAP7_75t_R cells.
Mapping DFF cells in module `\MSHR_4$Scheduler.mshrs_17':
  mapped 2099 $_DFF_P_ cells to \DFFHQNx1_ASAP7_75t_R cells.
Mapping DFF cells in module `\MSHR_4$Scheduler.mshrs_16':
  mapped 2099 $_DFF_P_ cells to \DFFHQNx1_ASAP7_75t_R cells.
Mapping DFF cells in module `\MSHR_4$Scheduler.mshrs_15':
  mapped 2099 $_DFF_P_ cells to \DFFHQNx1_ASAP7_75t_R cells.
Mapping DFF cells in module `\MSHR_4$Scheduler.mshrs_14':
  mapped 2099 $_DFF_P_ cells to \DFFHQNx1_ASAP7_75t_R cells.
Mapping DFF cells in module `\MSHR_4$Scheduler.mshrs_13':
  mapped 2099 $_DFF_P_ cells to \DFFHQNx1_ASAP7_75t_R cells.
Mapping DFF cells in module `\MSHR_4$Scheduler.mshrs_12':
  mapped 2099 $_DFF_P_ cells to \DFFHQNx1_ASAP7_75t_R cells.
Mapping DFF cells in module `\MSHR_4$Scheduler.mshrs_11':
  mapped 2099 $_DFF_P_ cells to \DFFHQNx1_ASAP7_75t_R cells.
Mapping DFF cells in module `\MSHR_4$Scheduler.mshrs_10':
  mapped 2099 $_DFF_P_ cells to \DFFHQNx1_ASAP7_75t_R cells.
Mapping DFF cells in module `\MSHR_4$Scheduler.mshrs_9':
  mapped 2099 $_DFF_P_ cells to \DFFHQNx1_ASAP7_75t_R cells.
Mapping DFF cells in module `\MSHR_4$Scheduler.mshrs_8':
  mapped 2099 $_DFF_P_ cells to \DFFHQNx1_ASAP7_75t_R cells.
Mapping DFF cells in module `\MSHR_4$Scheduler.mshrs_7':
  mapped 2099 $_DFF_P_ cells to \DFFHQNx1_ASAP7_75t_R cells.
Mapping DFF cells in module `\MSHR_4$Scheduler.mshrs_6':
  mapped 2099 $_DFF_P_ cells to \DFFHQNx1_ASAP7_75t_R cells.
Mapping DFF cells in module `\MSHR_4$Scheduler.mshrs_5':
  mapped 2099 $_DFF_P_ cells to \DFFHQNx1_ASAP7_75t_R cells.
Mapping DFF cells in module `\MSHR_4$Scheduler.mshrs_4':
  mapped 2099 $_DFF_P_ cells to \DFFHQNx1_ASAP7_75t_R cells.
Mapping DFF cells in module `\MSHR_4$Scheduler.mshrs_3':
  mapped 2099 $_DFF_P_ cells to \DFFHQNx1_ASAP7_75t_R cells.
Mapping DFF cells in module `\MSHR_4$Scheduler.mshrs_2':
  mapped 2099 $_DFF_P_ cells to \DFFHQNx1_ASAP7_75t_R cells.
Mapping DFF cells in module `\MSHR_4$Scheduler.mshrs_1':
  mapped 2099 $_DFF_P_ cells to \DFFHQNx1_ASAP7_75t_R cells.
Mapping DFF cells in module `\MSHR_4$Scheduler.mshrs_0':
  mapped 2099 $_DFF_P_ cells to \DFFHQNx1_ASAP7_75t_R cells.
Mapping DFF cells in module `\ListBuffer_1$Scheduler.requests':
  mapped 64 $_DFF_P_ cells to \DFFHQNx1_ASAP7_75t_R cells.
Mapping DFF cells in module `\BankedStore$Scheduler.bankedStore':
Mapping DFF cells in module `\Directory_test$Scheduler.directory':
  mapped 3485 $_DFF_P_ cells to \DFFHQNx1_ASAP7_75t_R cells.
Mapping DFF cells in module `\SinkD$Scheduler.sinkD':
  mapped 1044 $_DFF_P_ cells to \DFFHQNx1_ASAP7_75t_R cells.
Mapping DFF cells in module `\SinkA$Scheduler.sinkA':
  mapped 32 $_DFF_P_ cells to \DFFHQNx1_ASAP7_75t_R cells.
Mapping DFF cells in module `\SourceD$Scheduler.sourceD':
  mapped 3607 $_DFF_P_ cells to \DFFHQNx1_ASAP7_75t_R cells.
Mapping DFF cells in module `\SourceA$Scheduler.sourceA':
Mapping DFF cells in module `\Scheduler':
  mapped 33 $_DFF_P_ cells to \DFFHQNx1_ASAP7_75t_R cells.

10. Executing ABC pass (technology mapping using ABC).

10.1. Extracting gate netlist of module `\SRAMTemplate_139$Scheduler.bankedStore.cc_banks' to `<abc-temp-dir>/input.blif'..

10.1.1. Executed ABC.
Extracted 26155 gates and 35524 wires to a netlist network with 9367 inputs and 9217 outputs.
Running ABC script: <abc-temp-dir>/abc.script
ABC: UC Berkeley, ABC 1.01 (compiled Jun  3 2026 15:06:41)
ABC: abc 01> empty
ABC: abc 01> source <abc-temp-dir>/abc.script
ABC: + read_blif <abc-temp-dir>/input.blif 
ABC: + read_scl /tmp/yosys-liberty-scl-cache/yosys_merged_61c8ca31.scl 
ABC: Warning: Detected 2 multi-output cells (for example, "FAx1_ASAP7_75t_R").
ABC: + strash 
ABC: + &get -n 
ABC: + &fraig -x 
ABC: + &put 
ABC: + scorr 
ABC: Warning: The network is combinational (run "fraig" or "fraig_sweep").
ABC: + dc2 
ABC: + dretime 
ABC: + retime -o -D 1000 
ABC: + strash 
ABC: + &get -n 
ABC: + &dch -f 
ABC: + &nf -D 1000 
ABC: + &put 
ABC: + write_blif <abc-temp-dir>/output.blif 
ABC: 
ABC: YOSYS_ABC_DONE 

10.1.2. Re-integrating ABC results.
ABC RESULTS:   AND2x2_ASAP7_75t_R cells:        1
ABC RESULTS:   AND4x1_ASAP7_75t_R cells:      104
ABC RESULTS:   AO222x2_ASAP7_75t_R cells:        1
ABC RESULTS:   AOI22xp33_ASAP7_75t_R cells:        2
ABC RESULTS:   INVx1_ASAP7_75t_R cells:     7946
ABC RESULTS:   NAND2xp33_ASAP7_75t_R cells:        4
ABC RESULTS:   NAND3xp33_ASAP7_75t_R cells:        4
ABC RESULTS:   NAND4xp25_ASAP7_75t_R cells:      334
ABC RESULTS:   NAND5xp2_ASAP7_75t_R cells:      845
ABC RESULTS:   NOR2xp33_ASAP7_75t_R cells:        3
ABC RESULTS:   NOR3xp33_ASAP7_75t_R cells:        8
ABC RESULTS:   NOR4xp25_ASAP7_75t_R cells:      754
ABC RESULTS:   NOR5xp2_ASAP7_75t_R cells:       20
ABC RESULTS:   OA22x2_ASAP7_75t_R cells:        1
ABC RESULTS:   OAI21xp33_ASAP7_75t_R cells:     1148
ABC RESULTS:   OAI221xp5_ASAP7_75t_R cells:        1
ABC RESULTS:   OAI22xp33_ASAP7_75t_R cells:        2
ABC RESULTS:   OAI31xp33_ASAP7_75t_R cells:     1024
ABC RESULTS:   OR3x1_ASAP7_75t_R cells:      128
ABC RESULTS:   OR4x1_ASAP7_75t_R cells:      286
ABC RESULTS:   OR5x1_ASAP7_75t_R cells:        1
ABC RESULTS:   XNOR2xp5_ASAP7_75t_R cells:      258
ABC RESULTS:   XOR2xp5_ASAP7_75t_R cells:      128
ABC RESULTS:        internal signals:    16940
ABC RESULTS:           input signals:     9367
ABC RESULTS:          output signals:     9217
Removing temp directory.

10.2. Extracting gate netlist of module `\SRAMTemplate_138$Scheduler.directory.cc_dir' to `<abc-temp-dir>/input.blif'..
ABC: using cached merged SCL: /tmp/yosys-liberty-scl-cache/yosys_merged_61c8ca31.scl (1 files)
Replacing 310 occurrences of constant undef bits with constant zero bits

10.2.1. Executed ABC.
Extracted 2560 gates and 3841 wires to a netlist network with 1278 inputs and 943 outputs.
Running ABC script: <abc-temp-dir>/abc.script
ABC: UC Berkeley, ABC 1.01 (compiled Jun  3 2026 15:06:41)
ABC: abc 01> empty
ABC: abc 01> source <abc-temp-dir>/abc.script
ABC: + read_blif <abc-temp-dir>/input.blif 
ABC: + read_scl /tmp/yosys-liberty-scl-cache/yosys_merged_61c8ca31.scl 
ABC: Warning: Detected 2 multi-output cells (for example, "FAx1_ASAP7_75t_R").
ABC: + strash 
ABC: + &get -n 
ABC: + &fraig -x 
ABC: + &put 
ABC: + scorr 
ABC: Warning: The network is combinational (run "fraig" or "fraig_sweep").
ABC: + dc2 
ABC: + dretime 
ABC: + retime -o -D 1000 
ABC: + strash 
ABC: + &get -n 
ABC: + &dch -f 
ABC: + &nf -D 1000 
ABC: + &put 
ABC: + write_blif <abc-temp-dir>/output.blif 
ABC: 
ABC: YOSYS_ABC_DONE 

10.2.2. Re-integrating ABC results.
ABC RESULTS:   A2O1A1Ixp33_ASAP7_75t_R cells:      304
ABC RESULTS:   A2O1A1O1Ixp25_ASAP7_75t_R cells:      304
ABC RESULTS:   AND2x2_ASAP7_75t_R cells:      305
ABC RESULTS:   AND3x1_ASAP7_75t_R cells:        2
ABC RESULTS:   AO21x1_ASAP7_75t_R cells:        1
ABC RESULTS:   AOI211xp5_ASAP7_75t_R cells:        1
ABC RESULTS:   AOI21xp33_ASAP7_75t_R cells:        2
ABC RESULTS:   AOI221xp5_ASAP7_75t_R cells:        1
ABC RESULTS:   INVx1_ASAP7_75t_R cells:       38
ABC RESULTS:   NAND2xp33_ASAP7_75t_R cells:      327
ABC RESULTS:   NAND5xp2_ASAP7_75t_R cells:       16
ABC RESULTS:   NOR2xp33_ASAP7_75t_R cells:        2
ABC RESULTS:   O2A1O1Ixp33_ASAP7_75t_R cells:        1
ABC RESULTS:   OA222x2_ASAP7_75t_R cells:        1
ABC RESULTS:   OAI21xp33_ASAP7_75t_R cells:       10
ABC RESULTS:   OAI31xp33_ASAP7_75t_R cells:        2
ABC RESULTS:   OR2x2_ASAP7_75t_R cells:      608
ABC RESULTS:   OR3x1_ASAP7_75t_R cells:        1
ABC RESULTS:   OR4x1_ASAP7_75t_R cells:        1
ABC RESULTS:   XNOR2xp5_ASAP7_75t_R cells:        1
ABC RESULTS:   XOR2xp5_ASAP7_75t_R cells:        2
ABC RESULTS:        internal signals:     1620
ABC RESULTS:           input signals:     1278
ABC RESULTS:          output signals:      943
Removing temp directory.

10.3. Extracting gate netlist of module `\ListBuffer$Scheduler.sinkA.putbuffer' to `<abc-temp-dir>/input.blif'..
ABC: using cached merged SCL: /tmp/yosys-liberty-scl-cache/yosys_merged_61c8ca31.scl (1 files)

10.3.1. Executed ABC.
Extracted 1026 gates and 1124 wires to a netlist network with 97 inputs and 110 outputs.
Running ABC script: <abc-temp-dir>/abc.script
ABC: UC Berkeley, ABC 1.01 (compiled Jun  3 2026 15:06:41)
ABC: abc 01> empty
ABC: abc 01> source <abc-temp-dir>/abc.script
ABC: + read_blif <abc-temp-dir>/input.blif 
ABC: + read_scl /tmp/yosys-liberty-scl-cache/yosys_merged_61c8ca31.scl 
ABC: Warning: Detected 2 multi-output cells (for example, "FAx1_ASAP7_75t_R").
ABC: + strash 
ABC: + &get -n 
ABC: + &fraig -x 
ABC: + &put 
ABC: + scorr 
ABC: Warning: The network is combinational (run "fraig" or "fraig_sweep").
ABC: + dc2 
ABC: + dretime 
ABC: + retime -o -D 1000 
ABC: + strash 
ABC: + &get -n 
ABC: + &dch -f 
ABC: + &nf -D 1000 
ABC: + &put 
ABC: + write_blif <abc-temp-dir>/output.blif 
ABC: 
ABC: YOSYS_ABC_DONE 

10.3.2. Re-integrating ABC results.
ABC RESULTS:   A2O1A1Ixp33_ASAP7_75t_R cells:        1
ABC RESULTS:   A2O1A1O1Ixp25_ASAP7_75t_R cells:       11
ABC RESULTS:   AND2x2_ASAP7_75t_R cells:        3
ABC RESULTS:   AND3x1_ASAP7_75t_R cells:       13
ABC RESULTS:   AND4x1_ASAP7_75t_R cells:        2
ABC RESULTS:   AND5x1_ASAP7_75t_R cells:        1
ABC RESULTS:   AO21x1_ASAP7_75t_R cells:       10
ABC RESULTS:   AOI211xp5_ASAP7_75t_R cells:       12
ABC RESULTS:   AOI21xp33_ASAP7_75t_R cells:       12
ABC RESULTS:   AOI221xp5_ASAP7_75t_R cells:        3
ABC RESULTS:   AOI22xp33_ASAP7_75t_R cells:        3
ABC RESULTS:   AOI31xp33_ASAP7_75t_R cells:       13
ABC RESULTS:   AOI32xp33_ASAP7_75t_R cells:        3
ABC RESULTS:   INVx1_ASAP7_75t_R cells:       78
ABC RESULTS:   NAND2xp33_ASAP7_75t_R cells:       37
ABC RESULTS:   NAND3xp33_ASAP7_75t_R cells:       33
ABC RESULTS:   NAND4xp25_ASAP7_75t_R cells:       17
ABC RESULTS:   NAND5xp2_ASAP7_75t_R cells:        7
ABC RESULTS:   NOR2xp33_ASAP7_75t_R cells:       45
ABC RESULTS:   NOR3xp33_ASAP7_75t_R cells:       36
ABC RESULTS:   NOR4xp25_ASAP7_75t_R cells:       15
ABC RESULTS:   NOR5xp2_ASAP7_75t_R cells:        8
ABC RESULTS:   O2A1O1Ixp33_ASAP7_75t_R cells:       37
ABC RESULTS:   OA21x2_ASAP7_75t_R cells:        5
ABC RESULTS:   OA31x2_ASAP7_75t_R cells:        1
ABC RESULTS:   OAI21xp33_ASAP7_75t_R cells:        5
ABC RESULTS:   OAI221xp5_ASAP7_75t_R cells:        3
ABC RESULTS:   OAI22xp33_ASAP7_75t_R cells:        5
ABC RESULTS:   OAI311xp33_ASAP7_75t_R cells:        2
ABC RESULTS:   OAI31xp33_ASAP7_75t_R cells:       10
ABC RESULTS:   OAI32xp33_ASAP7_75t_R cells:        1
ABC RESULTS:   OR2x2_ASAP7_75t_R cells:        3
ABC RESULTS:   OR3x1_ASAP7_75t_R cells:        2
ABC RESULTS:   OR4x1_ASAP7_75t_R cells:       14
ABC RESULTS:   OR5x1_ASAP7_75t_R cells:        2
ABC RESULTS:   XNOR2xp5_ASAP7_75t_R cells:        1
ABC RESULTS:   XOR2xp5_ASAP7_75t_R cells:        3
ABC RESULTS:        internal signals:      917
ABC RESULTS:           input signals:       97
ABC RESULTS:          output signals:      110
Removing temp directory.

10.4. Extracting gate netlist of module `\Queue1_DirectoryResult_lite_victim$Scheduler.dir_result_buffer' to `<abc-temp-dir>/input.blif'..
ABC: using cached merged SCL: /tmp/yosys-liberty-scl-cache/yosys_merged_61c8ca31.scl (1 files)
Replacing 1 occurrences of constant undef bits with constant zero bits

10.4.1. Executed ABC.
Extracted 2497 gates and 4991 wires to a netlist network with 2492 inputs and 2491 outputs.
Running ABC script: <abc-temp-dir>/abc.script
ABC: UC Berkeley, ABC 1.01 (compiled Jun  3 2026 15:06:41)
ABC: abc 01> empty
ABC: abc 01> source <abc-temp-dir>/abc.script
ABC: + read_blif <abc-temp-dir>/input.blif 
ABC: + read_scl /tmp/yosys-liberty-scl-cache/yosys_merged_61c8ca31.scl 
ABC: Warning: Detected 2 multi-output cells (for example, "FAx1_ASAP7_75t_R").
ABC: + strash 
ABC: + &get -n 
ABC: + &fraig -x 
ABC: + &put 
ABC: + scorr 
ABC: Warning: The network is combinational (run "fraig" or "fraig_sweep").
ABC: + dc2 
ABC: + dretime 
ABC: + retime -o -D 1000 
ABC: + strash 
ABC: + &get -n 
ABC: + &dch -f 
ABC: + &nf -D 1000 
ABC: + &put 
ABC: + write_blif <abc-temp-dir>/output.blif 
ABC: 
ABC: YOSYS_ABC_DONE 

10.4.2. Re-integrating ABC results.
ABC RESULTS:   AND2x2_ASAP7_75t_R cells:        1
ABC RESULTS:   HB1xp67_ASAP7_75t_R cells:        1
ABC RESULTS:   INVx1_ASAP7_75t_R cells:     1245
ABC RESULTS:   NAND2xp33_ASAP7_75t_R cells:        1
ABC RESULTS:   NAND3xp33_ASAP7_75t_R cells:     1244
ABC RESULTS:   O2A1O1Ixp33_ASAP7_75t_R cells:        1
ABC RESULTS:   OAI21xp33_ASAP7_75t_R cells:     1244
ABC RESULTS:        internal signals:        8
ABC RESULTS:           input signals:     2492
ABC RESULTS:          output signals:     2491
Removing temp directory.

10.5. Extracting gate netlist of module `\Queue8_FullRequest$Scheduler.write_buffer' to `<abc-temp-dir>/input.blif'..
ABC: using cached merged SCL: /tmp/yosys-liberty-scl-cache/yosys_merged_61c8ca31.scl (1 files)
Replacing 7 occurrences of constant undef bits with constant zero bits

10.5.1. Executed ABC.
Extracted 1260 gates and 3675 wires to a netlist network with 2413 inputs and 1219 outputs.
Running ABC script: <abc-temp-dir>/abc.script
ABC: UC Berkeley, ABC 1.01 (compiled Jun  3 2026 15:06:41)
ABC: abc 01> empty
ABC: abc 01> source <abc-temp-dir>/abc.script
ABC: + read_blif <abc-temp-dir>/input.blif 
ABC: + read_scl /tmp/yosys-liberty-scl-cache/yosys_merged_61c8ca31.scl 
ABC: Warning: Detected 2 multi-output cells (for example, "FAx1_ASAP7_75t_R").
ABC: + strash 
ABC: + &get -n 
ABC: + &fraig -x 
ABC: + &put 
ABC: + scorr 
ABC: Warning: The network is combinational (run "fraig" or "fraig_sweep").
ABC: + dc2 
ABC: + dretime 
ABC: + retime -o -D 1000 
ABC: + strash 
ABC: + &get -n 
ABC: + &dch -f 
ABC: + &nf -D 1000 
ABC: + &put 
ABC: + write_blif <abc-temp-dir>/output.blif 
ABC: 
ABC: YOSYS_ABC_DONE 

10.5.2. Re-integrating ABC results.
ABC RESULTS:   A2O1A1Ixp33_ASAP7_75t_R cells:        3
ABC RESULTS:   AND2x2_ASAP7_75t_R cells:        3
ABC RESULTS:   AOI21xp33_ASAP7_75t_R cells:        4
ABC RESULTS:   AOI31xp33_ASAP7_75t_R cells:        2
ABC RESULTS:   INVx1_ASAP7_75t_R cells:     1210
ABC RESULTS:   NAND2xp33_ASAP7_75t_R cells:     1200
ABC RESULTS:   NOR3xp33_ASAP7_75t_R cells:        1
ABC RESULTS:   NOR4xp25_ASAP7_75t_R cells:        2
ABC RESULTS:   O2A1O1Ixp33_ASAP7_75t_R cells:        1
ABC RESULTS:   OA21x2_ASAP7_75t_R cells:        1
ABC RESULTS:   OAI21xp33_ASAP7_75t_R cells:     1201
ABC RESULTS:   OAI31xp33_ASAP7_75t_R cells:        2
ABC RESULTS:   OR2x2_ASAP7_75t_R cells:        3
ABC RESULTS:   OR3x1_ASAP7_75t_R cells:        1
ABC RESULTS:   OR4x1_ASAP7_75t_R cells:        1
ABC RESULTS:   XOR2xp5_ASAP7_75t_R cells:        3
ABC RESULTS:        internal signals:       43
ABC RESULTS:           input signals:     2413
ABC RESULTS:          output signals:     1219
Removing temp directory.

10.6. Extracting gate netlist of module `\MSHR_4$Scheduler.mshrs_31' to `<abc-temp-dir>/input.blif'..
ABC: using cached merged SCL: /tmp/yosys-liberty-scl-cache/yosys_merged_61c8ca31.scl (1 files)
Replacing 7215 occurrences of constant undef bits with constant zero bits

10.6.1. Executed ABC.
Extracted 19681 gates and 25038 wires to a netlist network with 5355 inputs and 4197 outputs.
Running ABC script: <abc-temp-dir>/abc.script
ABC: UC Berkeley, ABC 1.01 (compiled Jun  3 2026 15:06:41)
ABC: abc 01> empty
ABC: abc 01> source <abc-temp-dir>/abc.script
ABC: + read_blif <abc-temp-dir>/input.blif 
ABC: + read_scl /tmp/yosys-liberty-scl-cache/yosys_merged_61c8ca31.scl 
ABC: Warning: Detected 2 multi-output cells (for example, "FAx1_ASAP7_75t_R").
ABC: + strash 
ABC: + &get -n 
ABC: + &fraig -x 
ABC: + &put 
ABC: + scorr 
ABC: Warning: The network is combinational (run "fraig" or "fraig_sweep").
ABC: + dc2 
ABC: + dretime 
ABC: + retime -o -D 1000 
ABC: + strash 
ABC: + &get -n 
ABC: + &dch -f 
ABC: + &nf -D 1000 
ABC: + &put 
ABC: + write_blif <abc-temp-dir>/output.blif 
ABC: 
ABC: YOSYS_ABC_DONE 

10.6.2. Re-integrating ABC results.
ABC RESULTS:   A2O1A1Ixp33_ASAP7_75t_R cells:        1
ABC RESULTS:   AOI211xp5_ASAP7_75t_R cells:     1025
ABC RESULTS:   AOI21xp33_ASAP7_75t_R cells:     1025
ABC RESULTS:   AOI221xp5_ASAP7_75t_R cells:        1
ABC RESULTS:   INVx1_ASAP7_75t_R cells:     3171
ABC RESULTS:   NAND2xp33_ASAP7_75t_R cells:        3
ABC RESULTS:   NOR2xp33_ASAP7_75t_R cells:     1026
ABC RESULTS:   NOR4xp25_ASAP7_75t_R cells:        1
ABC RESULTS:   O2A1O1Ixp33_ASAP7_75t_R cells:        1
ABC RESULTS:   OAI21xp33_ASAP7_75t_R cells:     1024
ABC RESULTS:   OAI22xp33_ASAP7_75t_R cells:     1071
ABC RESULTS:   OAI32xp33_ASAP7_75t_R cells:     1024
ABC RESULTS:        internal signals:    15486
ABC RESULTS:           input signals:     5355
ABC RESULTS:          output signals:     4197
Removing temp directory.

10.7. Extracting gate netlist of module `\MSHR_4$Scheduler.mshrs_30' to `<abc-temp-dir>/input.blif'..
ABC: using cached merged SCL: /tmp/yosys-liberty-scl-cache/yosys_merged_61c8ca31.scl (1 files)
Replacing 7215 occurrences of constant undef bits with constant zero bits

10.7.1. Executed ABC.
Extracted 19681 gates and 25038 wires to a netlist network with 5355 inputs and 4197 outputs.
Running ABC script: <abc-temp-dir>/abc.script
ABC: UC Berkeley, ABC 1.01 (compiled Jun  3 2026 15:06:41)
ABC: abc 01> empty
ABC: abc 01> source <abc-temp-dir>/abc.script
ABC: + read_blif <abc-temp-dir>/input.blif 
ABC: + read_scl /tmp/yosys-liberty-scl-cache/yosys_merged_61c8ca31.scl 
ABC: Warning: Detected 2 multi-output cells (for example, "FAx1_ASAP7_75t_R").
ABC: + strash 
ABC: + &get -n 
ABC: + &fraig -x 
ABC: + &put 
ABC: + scorr 
ABC: Warning: The network is combinational (run "fraig" or "fraig_sweep").
ABC: + dc2 
ABC: + dretime 
ABC: + retime -o -D 1000 
ABC: + strash 
ABC: + &get -n 
ABC: + &dch -f 
ABC: + &nf -D 1000 
ABC: + &put 
ABC: + write_blif <abc-temp-dir>/output.blif 
ABC: 
ABC: YOSYS_ABC_DONE 

10.7.2. Re-integrating ABC results.
ABC RESULTS:   A2O1A1Ixp33_ASAP7_75t_R cells:        1
ABC RESULTS:   AOI211xp5_ASAP7_75t_R cells:     1025
ABC RESULTS:   AOI21xp33_ASAP7_75t_R cells:     1025
ABC RESULTS:   AOI221xp5_ASAP7_75t_R cells:        1
ABC RESULTS:   INVx1_ASAP7_75t_R cells:     3171
ABC RESULTS:   NAND2xp33_ASAP7_75t_R cells:        3
ABC RESULTS:   NOR2xp33_ASAP7_75t_R cells:     1026
ABC RESULTS:   NOR4xp25_ASAP7_75t_R cells:        1
ABC RESULTS:   O2A1O1Ixp33_ASAP7_75t_R cells:        1
ABC RESULTS:   OAI21xp33_ASAP7_75t_R cells:     1024
ABC RESULTS:   OAI22xp33_ASAP7_75t_R cells:     1071
ABC RESULTS:   OAI32xp33_ASAP7_75t_R cells:     1024
ABC RESULTS:        internal signals:    15486
ABC RESULTS:           input signals:     5355
ABC RESULTS:          output signals:     4197
Removing temp directory.

10.8. Extracting gate netlist of module `\MSHR_4$Scheduler.mshrs_29' to `<abc-temp-dir>/input.blif'..
ABC: using cached merged SCL: /tmp/yosys-liberty-scl-cache/yosys_merged_61c8ca31.scl (1 files)
Replacing 7215 occurrences of constant undef bits with constant zero bits

10.8.1. Executed ABC.
Extracted 19681 gates and 25038 wires to a netlist network with 5355 inputs and 4197 outputs.
Running ABC script: <abc-temp-dir>/abc.script
ABC: UC Berkeley, ABC 1.01 (compiled Jun  3 2026 15:06:41)
ABC: abc 01> empty
ABC: abc 01> source <abc-temp-dir>/abc.script
ABC: + read_blif <abc-temp-dir>/input.blif 
ABC: + read_scl /tmp/yosys-liberty-scl-cache/yosys_merged_61c8ca31.scl 
ABC: Warning: Detected 2 multi-output cells (for example, "FAx1_ASAP7_75t_R").
ABC: + strash 
ABC: + &get -n 
ABC: + &fraig -x 
ABC: + &put 
ABC: + scorr 
ABC: Warning: The network is combinational (run "fraig" or "fraig_sweep").
ABC: + dc2 
ABC: + dretime 
ABC: + retime -o -D 1000 
ABC: + strash 
ABC: + &get -n 
ABC: + &dch -f 
ABC: + &nf -D 1000 
ABC: + &put 
ABC: + write_blif <abc-temp-dir>/output.blif 
ABC: 
ABC: YOSYS_ABC_DONE 

10.8.2. Re-integrating ABC results.
ABC RESULTS:   A2O1A1Ixp33_ASAP7_75t_R cells:        1
ABC RESULTS:   AOI211xp5_ASAP7_75t_R cells:     1025
ABC RESULTS:   AOI21xp33_ASAP7_75t_R cells:     1025
ABC RESULTS:   AOI221xp5_ASAP7_75t_R cells:        1
ABC RESULTS:   INVx1_ASAP7_75t_R cells:     3171
ABC RESULTS:   NAND2xp33_ASAP7_75t_R cells:        3
ABC RESULTS:   NOR2xp33_ASAP7_75t_R cells:     1026
ABC RESULTS:   NOR4xp25_ASAP7_75t_R cells:        1
ABC RESULTS:   O2A1O1Ixp33_ASAP7_75t_R cells:        1
ABC RESULTS:   OAI21xp33_ASAP7_75t_R cells:     1024
ABC RESULTS:   OAI22xp33_ASAP7_75t_R cells:     1071
ABC RESULTS:   OAI32xp33_ASAP7_75t_R cells:     1024
ABC RESULTS:        internal signals:    15486
ABC RESULTS:           input signals:     5355
ABC RESULTS:          output signals:     4197
Removing temp directory.

10.9. Extracting gate netlist of module `\MSHR_4$Scheduler.mshrs_28' to `<abc-temp-dir>/input.blif'..
ABC: using cached merged SCL: /tmp/yosys-liberty-scl-cache/yosys_merged_61c8ca31.scl (1 files)
Replacing 7215 occurrences of constant undef bits with constant zero bits

10.9.1. Executed ABC.
Extracted 19681 gates and 25038 wires to a netlist network with 5355 inputs and 4197 outputs.
Running ABC script: <abc-temp-dir>/abc.script
ABC: UC Berkeley, ABC 1.01 (compiled Jun  3 2026 15:06:41)
ABC: abc 01> empty
ABC: abc 01> source <abc-temp-dir>/abc.script
ABC: + read_blif <abc-temp-dir>/input.blif 
ABC: + read_scl /tmp/yosys-liberty-scl-cache/yosys_merged_61c8ca31.scl 
ABC: Warning: Detected 2 multi-output cells (for example, "FAx1_ASAP7_75t_R").
ABC: + strash 
ABC: + &get -n 
ABC: + &fraig -x 
ABC: + &put 
ABC: + scorr 
ABC: Warning: The network is combinational (run "fraig" or "fraig_sweep").
ABC: + dc2 
ABC: + dretime 
ABC: + retime -o -D 1000 
ABC: + strash 
ABC: + &get -n 
ABC: + &dch -f 
ABC: + &nf -D 1000 
ABC: + &put 
ABC: + write_blif <abc-temp-dir>/output.blif 
ABC: 
ABC: YOSYS_ABC_DONE 

10.9.2. Re-integrating ABC results.
ABC RESULTS:   A2O1A1Ixp33_ASAP7_75t_R cells:        1
ABC RESULTS:   AOI211xp5_ASAP7_75t_R cells:     1025
ABC RESULTS:   AOI21xp33_ASAP7_75t_R cells:     1025
ABC RESULTS:   AOI221xp5_ASAP7_75t_R cells:        1
ABC RESULTS:   INVx1_ASAP7_75t_R cells:     3171
ABC RESULTS:   NAND2xp33_ASAP7_75t_R cells:        3
ABC RESULTS:   NOR2xp33_ASAP7_75t_R cells:     1026
ABC RESULTS:   NOR4xp25_ASAP7_75t_R cells:        1
ABC RESULTS:   O2A1O1Ixp33_ASAP7_75t_R cells:        1
ABC RESULTS:   OAI21xp33_ASAP7_75t_R cells:     1024
ABC RESULTS:   OAI22xp33_ASAP7_75t_R cells:     1071
ABC RESULTS:   OAI32xp33_ASAP7_75t_R cells:     1024
ABC RESULTS:        internal signals:    15486
ABC RESULTS:           input signals:     5355
ABC RESULTS:          output signals:     4197
Removing temp directory.

10.10. Extracting gate netlist of module `\MSHR_4$Scheduler.mshrs_27' to `<abc-temp-dir>/input.blif'..
ABC: using cached merged SCL: /tmp/yosys-liberty-scl-cache/yosys_merged_61c8ca31.scl (1 files)
Replacing 7215 occurrences of constant undef bits with constant zero bits

10.10.1. Executed ABC.
Extracted 19681 gates and 25038 wires to a netlist network with 5355 inputs and 4197 outputs.
Running ABC script: <abc-temp-dir>/abc.script
ABC: UC Berkeley, ABC 1.01 (compiled Jun  3 2026 15:06:41)
ABC: abc 01> empty
ABC: abc 01> source <abc-temp-dir>/abc.script
ABC: + read_blif <abc-temp-dir>/input.blif 
ABC: + read_scl /tmp/yosys-liberty-scl-cache/yosys_merged_61c8ca31.scl 
ABC: Warning: Detected 2 multi-output cells (for example, "FAx1_ASAP7_75t_R").
ABC: + strash 
ABC: + &get -n 
ABC: + &fraig -x 
ABC: + &put 
ABC: + scorr 
ABC: Warning: The network is combinational (run "fraig" or "fraig_sweep").
ABC: + dc2 
ABC: + dretime 
ABC: + retime -o -D 1000 
ABC: + strash 
ABC: + &get -n 
ABC: + &dch -f 
ABC: + &nf -D 1000 
ABC: + &put 
ABC: + write_blif <abc-temp-dir>/output.blif 
ABC: 
ABC: YOSYS_ABC_DONE 

10.10.2. Re-integrating ABC results.
ABC RESULTS:   A2O1A1Ixp33_ASAP7_75t_R cells:        1
ABC RESULTS:   AOI211xp5_ASAP7_75t_R cells:     1025
ABC RESULTS:   AOI21xp33_ASAP7_75t_R cells:     1025
ABC RESULTS:   AOI221xp5_ASAP7_75t_R cells:        1
ABC RESULTS:   INVx1_ASAP7_75t_R cells:     3171
ABC RESULTS:   NAND2xp33_ASAP7_75t_R cells:        3
ABC RESULTS:   NOR2xp33_ASAP7_75t_R cells:     1026
ABC RESULTS:   NOR4xp25_ASAP7_75t_R cells:        1
ABC RESULTS:   O2A1O1Ixp33_ASAP7_75t_R cells:        1
ABC RESULTS:   OAI21xp33_ASAP7_75t_R cells:     1024
ABC RESULTS:   OAI22xp33_ASAP7_75t_R cells:     1071
ABC RESULTS:   OAI32xp33_ASAP7_75t_R cells:     1024
ABC RESULTS:        internal signals:    15486
ABC RESULTS:           input signals:     5355
ABC RESULTS:          output signals:     4197
Removing temp directory.

10.11. Extracting gate netlist of module `\MSHR_4$Scheduler.mshrs_26' to `<abc-temp-dir>/input.blif'..
ABC: using cached merged SCL: /tmp/yosys-liberty-scl-cache/yosys_merged_61c8ca31.scl (1 files)
Replacing 7215 occurrences of constant undef bits with constant zero bits

10.11.1. Executed ABC.
Extracted 19681 gates and 25038 wires to a netlist network with 5355 inputs and 4197 outputs.
Running ABC script: <abc-temp-dir>/abc.script
ABC: UC Berkeley, ABC 1.01 (compiled Jun  3 2026 15:06:41)
ABC: abc 01> empty
ABC: abc 01> source <abc-temp-dir>/abc.script
ABC: + read_blif <abc-temp-dir>/input.blif 
ABC: + read_scl /tmp/yosys-liberty-scl-cache/yosys_merged_61c8ca31.scl 
ABC: Warning: Detected 2 multi-output cells (for example, "FAx1_ASAP7_75t_R").
ABC: + strash 
ABC: + &get -n 
ABC: + &fraig -x 
ABC: + &put 
ABC: + scorr 
ABC: Warning: The network is combinational (run "fraig" or "fraig_sweep").
ABC: + dc2 
ABC: + dretime 
ABC: + retime -o -D 1000 
ABC: + strash 
ABC: + &get -n 
ABC: + &dch -f 
ABC: + &nf -D 1000 
ABC: + &put 
ABC: + write_blif <abc-temp-dir>/output.blif 
ABC: 
ABC: YOSYS_ABC_DONE 

10.11.2. Re-integrating ABC results.
ABC RESULTS:   A2O1A1Ixp33_ASAP7_75t_R cells:        1
ABC RESULTS:   AOI211xp5_ASAP7_75t_R cells:     1025
ABC RESULTS:   AOI21xp33_ASAP7_75t_R cells:     1025
ABC RESULTS:   AOI221xp5_ASAP7_75t_R cells:        1
ABC RESULTS:   INVx1_ASAP7_75t_R cells:     3171
ABC RESULTS:   NAND2xp33_ASAP7_75t_R cells:        3
ABC RESULTS:   NOR2xp33_ASAP7_75t_R cells:     1026
ABC RESULTS:   NOR4xp25_ASAP7_75t_R cells:        1
ABC RESULTS:   O2A1O1Ixp33_ASAP7_75t_R cells:        1
ABC RESULTS:   OAI21xp33_ASAP7_75t_R cells:     1024
ABC RESULTS:   OAI22xp33_ASAP7_75t_R cells:     1071
ABC RESULTS:   OAI32xp33_ASAP7_75t_R cells:     1024
ABC RESULTS:        internal signals:    15486
ABC RESULTS:           input signals:     5355
ABC RESULTS:          output signals:     4197
Removing temp directory.

10.12. Extracting gate netlist of module `\MSHR_4$Scheduler.mshrs_25' to `<abc-temp-dir>/input.blif'..
ABC: using cached merged SCL: /tmp/yosys-liberty-scl-cache/yosys_merged_61c8ca31.scl (1 files)
Replacing 7215 occurrences of constant undef bits with constant zero bits

10.12.1. Executed ABC.
Extracted 19681 gates and 25038 wires to a netlist network with 5355 inputs and 4197 outputs.
Running ABC script: <abc-temp-dir>/abc.script
ABC: UC Berkeley, ABC 1.01 (compiled Jun  3 2026 15:06:41)
ABC: abc 01> empty
ABC: abc 01> source <abc-temp-dir>/abc.script
ABC: + read_blif <abc-temp-dir>/input.blif 
ABC: + read_scl /tmp/yosys-liberty-scl-cache/yosys_merged_61c8ca31.scl 
ABC: Warning: Detected 2 multi-output cells (for example, "FAx1_ASAP7_75t_R").
ABC: + strash 
ABC: + &get -n 
ABC: + &fraig -x 
ABC: + &put 
ABC: + scorr 
ABC: Warning: The network is combinational (run "fraig" or "fraig_sweep").
ABC: + dc2 
ABC: + dretime 
ABC: + retime -o -D 1000 
ABC: + strash 
ABC: + &get -n 
ABC: + &dch -f 
ABC: + &nf -D 1000 
ABC: + &put 
ABC: + write_blif <abc-temp-dir>/output.blif 
ABC: 
ABC: YOSYS_ABC_DONE 

10.12.2. Re-integrating ABC results.
ABC RESULTS:   A2O1A1Ixp33_ASAP7_75t_R cells:        1
ABC RESULTS:   AOI211xp5_ASAP7_75t_R cells:     1025
ABC RESULTS:   AOI21xp33_ASAP7_75t_R cells:     1025
ABC RESULTS:   AOI221xp5_ASAP7_75t_R cells:        1
ABC RESULTS:   INVx1_ASAP7_75t_R cells:     3171
ABC RESULTS:   NAND2xp33_ASAP7_75t_R cells:        3
ABC RESULTS:   NOR2xp33_ASAP7_75t_R cells:     1026
ABC RESULTS:   NOR4xp25_ASAP7_75t_R cells:        1
ABC RESULTS:   O2A1O1Ixp33_ASAP7_75t_R cells:        1
ABC RESULTS:   OAI21xp33_ASAP7_75t_R cells:     1024
ABC RESULTS:   OAI22xp33_ASAP7_75t_R cells:     1071
ABC RESULTS:   OAI32xp33_ASAP7_75t_R cells:     1024
ABC RESULTS:        internal signals:    15486
ABC RESULTS:           input signals:     5355
ABC RESULTS:          output signals:     4197
Removing temp directory.

10.13. Extracting gate netlist of module `\MSHR_4$Scheduler.mshrs_24' to `<abc-temp-dir>/input.blif'..
ABC: using cached merged SCL: /tmp/yosys-liberty-scl-cache/yosys_merged_61c8ca31.scl (1 files)
Replacing 7215 occurrences of constant undef bits with constant zero bits

10.13.1. Executed ABC.
Extracted 19681 gates and 25038 wires to a netlist network with 5355 inputs and 4197 outputs.
Running ABC script: <abc-temp-dir>/abc.script
ABC: UC Berkeley, ABC 1.01 (compiled Jun  3 2026 15:06:41)
ABC: abc 01> empty
ABC: abc 01> source <abc-temp-dir>/abc.script
ABC: + read_blif <abc-temp-dir>/input.blif 
ABC: + read_scl /tmp/yosys-liberty-scl-cache/yosys_merged_61c8ca31.scl 
ABC: Warning: Detected 2 multi-output cells (for example, "FAx1_ASAP7_75t_R").
ABC: + strash 
ABC: + &get -n 
ABC: + &fraig -x 
ABC: + &put 
ABC: + scorr 
ABC: Warning: The network is combinational (run "fraig" or "fraig_sweep").
ABC: + dc2 
ABC: + dretime 
ABC: + retime -o -D 1000 
ABC: + strash 
ABC: + &get -n 
ABC: + &dch -f 
ABC: + &nf -D 1000 
ABC: + &put 
ABC: + write_blif <abc-temp-dir>/output.blif 
ABC: 
ABC: YOSYS_ABC_DONE 

10.13.2. Re-integrating ABC results.
ABC RESULTS:   A2O1A1Ixp33_ASAP7_75t_R cells:        1
ABC RESULTS:   AOI211xp5_ASAP7_75t_R cells:     1025
ABC RESULTS:   AOI21xp33_ASAP7_75t_R cells:     1025
ABC RESULTS:   AOI221xp5_ASAP7_75t_R cells:        1
ABC RESULTS:   INVx1_ASAP7_75t_R cells:     3171
ABC RESULTS:   NAND2xp33_ASAP7_75t_R cells:        3
ABC RESULTS:   NOR2xp33_ASAP7_75t_R cells:     1026
ABC RESULTS:   NOR4xp25_ASAP7_75t_R cells:        1
ABC RESULTS:   O2A1O1Ixp33_ASAP7_75t_R cells:        1
ABC RESULTS:   OAI21xp33_ASAP7_75t_R cells:     1024
ABC RESULTS:   OAI22xp33_ASAP7_75t_R cells:     1071
ABC RESULTS:   OAI32xp33_ASAP7_75t_R cells:     1024
ABC RESULTS:        internal signals:    15486
ABC RESULTS:           input signals:     5355
ABC RESULTS:          output signals:     4197
Removing temp directory.

10.14. Extracting gate netlist of module `\MSHR_4$Scheduler.mshrs_23' to `<abc-temp-dir>/input.blif'..
ABC: using cached merged SCL: /tmp/yosys-liberty-scl-cache/yosys_merged_61c8ca31.scl (1 files)
Replacing 7215 occurrences of constant undef bits with constant zero bits

10.14.1. Executed ABC.
Extracted 19681 gates and 25038 wires to a netlist network with 5355 inputs and 4197 outputs.
Running ABC script: <abc-temp-dir>/abc.script
ABC: UC Berkeley, ABC 1.01 (compiled Jun  3 2026 15:06:41)
ABC: abc 01> empty
ABC: abc 01> source <abc-temp-dir>/abc.script
ABC: + read_blif <abc-temp-dir>/input.blif 
ABC: + read_scl /tmp/yosys-liberty-scl-cache/yosys_merged_61c8ca31.scl 
ABC: Warning: Detected 2 multi-output cells (for example, "FAx1_ASAP7_75t_R").
ABC: + strash 
ABC: + &get -n 
ABC: + &fraig -x 
ABC: + &put 
ABC: + scorr 
ABC: Warning: The network is combinational (run "fraig" or "fraig_sweep").
ABC: + dc2 
ABC: + dretime 
ABC: + retime -o -D 1000 
ABC: + strash 
ABC: + &get -n 
ABC: + &dch -f 
ABC: + &nf -D 1000 
ABC: + &put 
ABC: + write_blif <abc-temp-dir>/output.blif 
ABC: 
ABC: YOSYS_ABC_DONE 

10.14.2. Re-integrating ABC results.
ABC RESULTS:   A2O1A1Ixp33_ASAP7_75t_R cells:        1
ABC RESULTS:   AOI211xp5_ASAP7_75t_R cells:     1025
ABC RESULTS:   AOI21xp33_ASAP7_75t_R cells:     1025
ABC RESULTS:   AOI221xp5_ASAP7_75t_R cells:        1
ABC RESULTS:   INVx1_ASAP7_75t_R cells:     3171
ABC RESULTS:   NAND2xp33_ASAP7_75t_R cells:        3
ABC RESULTS:   NOR2xp33_ASAP7_75t_R cells:     1026
ABC RESULTS:   NOR4xp25_ASAP7_75t_R cells:        1
ABC RESULTS:   O2A1O1Ixp33_ASAP7_75t_R cells:        1
ABC RESULTS:   OAI21xp33_ASAP7_75t_R cells:     1024
ABC RESULTS:   OAI22xp33_ASAP7_75t_R cells:     1071
ABC RESULTS:   OAI32xp33_ASAP7_75t_R cells:     1024
ABC RESULTS:        internal signals:    15486
ABC RESULTS:           input signals:     5355
ABC RESULTS:          output signals:     4197
Removing temp directory.

10.15. Extracting gate netlist of module `\MSHR_4$Scheduler.mshrs_22' to `<abc-temp-dir>/input.blif'..
ABC: using cached merged SCL: /tmp/yosys-liberty-scl-cache/yosys_merged_61c8ca31.scl (1 files)
Replacing 7215 occurrences of constant undef bits with constant zero bits

10.15.1. Executed ABC.
Extracted 19681 gates and 25038 wires to a netlist network with 5355 inputs and 4197 outputs.
Running ABC script: <abc-temp-dir>/abc.script
ABC: UC Berkeley, ABC 1.01 (compiled Jun  3 2026 15:06:41)
ABC: abc 01> empty
ABC: abc 01> source <abc-temp-dir>/abc.script
ABC: + read_blif <abc-temp-dir>/input.blif 
ABC: + read_scl /tmp/yosys-liberty-scl-cache/yosys_merged_61c8ca31.scl 
ABC: Warning: Detected 2 multi-output cells (for example, "FAx1_ASAP7_75t_R").
ABC: + strash 
ABC: + &get -n 
ABC: + &fraig -x 
ABC: + &put 
ABC: + scorr 
ABC: Warning: The network is combinational (run "fraig" or "fraig_sweep").
ABC: + dc2 
ABC: + dretime 
ABC: + retime -o -D 1000 
ABC: + strash 
ABC: + &get -n 
ABC: + &dch -f 
ABC: + &nf -D 1000 
ABC: + &put 
ABC: + write_blif <abc-temp-dir>/output.blif 
ABC: 
ABC: YOSYS_ABC_DONE 

10.15.2. Re-integrating ABC results.
ABC RESULTS:   A2O1A1Ixp33_ASAP7_75t_R cells:        1
ABC RESULTS:   AOI211xp5_ASAP7_75t_R cells:     1025
ABC RESULTS:   AOI21xp33_ASAP7_75t_R cells:     1025
ABC RESULTS:   AOI221xp5_ASAP7_75t_R cells:        1
ABC RESULTS:   INVx1_ASAP7_75t_R cells:     3171
ABC RESULTS:   NAND2xp33_ASAP7_75t_R cells:        3
ABC RESULTS:   NOR2xp33_ASAP7_75t_R cells:     1026
ABC RESULTS:   NOR4xp25_ASAP7_75t_R cells:        1
ABC RESULTS:   O2A1O1Ixp33_ASAP7_75t_R cells:        1
ABC RESULTS:   OAI21xp33_ASAP7_75t_R cells:     1024
ABC RESULTS:   OAI22xp33_ASAP7_75t_R cells:     1071
ABC RESULTS:   OAI32xp33_ASAP7_75t_R cells:     1024
ABC RESULTS:        internal signals:    15486
ABC RESULTS:           input signals:     5355
ABC RESULTS:          output signals:     4197
Removing temp directory.

10.16. Extracting gate netlist of module `\MSHR_4$Scheduler.mshrs_21' to `<abc-temp-dir>/input.blif'..
ABC: using cached merged SCL: /tmp/yosys-liberty-scl-cache/yosys_merged_61c8ca31.scl (1 files)
Replacing 7215 occurrences of constant undef bits with constant zero bits

10.16.1. Executed ABC.
Extracted 19681 gates and 25038 wires to a netlist network with 5355 inputs and 4197 outputs.
Running ABC script: <abc-temp-dir>/abc.script
ABC: UC Berkeley, ABC 1.01 (compiled Jun  3 2026 15:06:41)
ABC: abc 01> empty
ABC: abc 01> source <abc-temp-dir>/abc.script
ABC: + read_blif <abc-temp-dir>/input.blif 
ABC: + read_scl /tmp/yosys-liberty-scl-cache/yosys_merged_61c8ca31.scl 
ABC: Warning: Detected 2 multi-output cells (for example, "FAx1_ASAP7_75t_R").
ABC: + strash 
ABC: + &get -n 
ABC: + &fraig -x 
ABC: + &put 
ABC: + scorr 
ABC: Warning: The network is combinational (run "fraig" or "fraig_sweep").
ABC: + dc2 
ABC: + dretime 
ABC: + retime -o -D 1000 
ABC: + strash 
ABC: + &get -n 
ABC: + &dch -f 
ABC: + &nf -D 1000 
ABC: + &put 
ABC: + write_blif <abc-temp-dir>/output.blif 
ABC: 
ABC: YOSYS_ABC_DONE 

10.16.2. Re-integrating ABC results.
ABC RESULTS:   A2O1A1Ixp33_ASAP7_75t_R cells:        1
ABC RESULTS:   AOI211xp5_ASAP7_75t_R cells:     1025
ABC RESULTS:   AOI21xp33_ASAP7_75t_R cells:     1025
ABC RESULTS:   AOI221xp5_ASAP7_75t_R cells:        1
ABC RESULTS:   INVx1_ASAP7_75t_R cells:     3171
ABC RESULTS:   NAND2xp33_ASAP7_75t_R cells:        3
ABC RESULTS:   NOR2xp33_ASAP7_75t_R cells:     1026
ABC RESULTS:   NOR4xp25_ASAP7_75t_R cells:        1
ABC RESULTS:   O2A1O1Ixp33_ASAP7_75t_R cells:        1
ABC RESULTS:   OAI21xp33_ASAP7_75t_R cells:     1024
ABC RESULTS:   OAI22xp33_ASAP7_75t_R cells:     1071
ABC RESULTS:   OAI32xp33_ASAP7_75t_R cells:     1024
ABC RESULTS:        internal signals:    15486
ABC RESULTS:           input signals:     5355
ABC RESULTS:          output signals:     4197
Removing temp directory.

10.17. Extracting gate netlist of module `\MSHR_4$Scheduler.mshrs_20' to `<abc-temp-dir>/input.blif'..
ABC: using cached merged SCL: /tmp/yosys-liberty-scl-cache/yosys_merged_61c8ca31.scl (1 files)
Replacing 7215 occurrences of constant undef bits with constant zero bits

10.17.1. Executed ABC.
Extracted 19681 gates and 25038 wires to a netlist network with 5355 inputs and 4197 outputs.
Running ABC script: <abc-temp-dir>/abc.script
ABC: UC Berkeley, ABC 1.01 (compiled Jun  3 2026 15:06:41)
ABC: abc 01> empty
ABC: abc 01> source <abc-temp-dir>/abc.script
ABC: + read_blif <abc-temp-dir>/input.blif 
ABC: + read_scl /tmp/yosys-liberty-scl-cache/yosys_merged_61c8ca31.scl 
ABC: Warning: Detected 2 multi-output cells (for example, "FAx1_ASAP7_75t_R").
ABC: + strash 
ABC: + &get -n 
ABC: + &fraig -x 
ABC: + &put 
ABC: + scorr 
ABC: Warning: The network is combinational (run "fraig" or "fraig_sweep").
ABC: + dc2 
ABC: + dretime 
ABC: + retime -o -D 1000 
ABC: + strash 
ABC: + &get -n 
ABC: + &dch -f 
ABC: + &nf -D 1000 
ABC: + &put 
ABC: + write_blif <abc-temp-dir>/output.blif 
ABC: 
ABC: YOSYS_ABC_DONE 

10.17.2. Re-integrating ABC results.
ABC RESULTS:   A2O1A1Ixp33_ASAP7_75t_R cells:        1
ABC RESULTS:   AOI211xp5_ASAP7_75t_R cells:     1025
ABC RESULTS:   AOI21xp33_ASAP7_75t_R cells:     1025
ABC RESULTS:   AOI221xp5_ASAP7_75t_R cells:        1
ABC RESULTS:   INVx1_ASAP7_75t_R cells:     3171
ABC RESULTS:   NAND2xp33_ASAP7_75t_R cells:        3
ABC RESULTS:   NOR2xp33_ASAP7_75t_R cells:     1026
ABC RESULTS:   NOR4xp25_ASAP7_75t_R cells:        1
ABC RESULTS:   O2A1O1Ixp33_ASAP7_75t_R cells:        1
ABC RESULTS:   OAI21xp33_ASAP7_75t_R cells:     1024
ABC RESULTS:   OAI22xp33_ASAP7_75t_R cells:     1071
ABC RESULTS:   OAI32xp33_ASAP7_75t_R cells:     1024
ABC RESULTS:        internal signals:    15486
ABC RESULTS:           input signals:     5355
ABC RESULTS:          output signals:     4197
Removing temp directory.

10.18. Extracting gate netlist of module `\MSHR_4$Scheduler.mshrs_19' to `<abc-temp-dir>/input.blif'..
ABC: using cached merged SCL: /tmp/yosys-liberty-scl-cache/yosys_merged_61c8ca31.scl (1 files)
Replacing 7215 occurrences of constant undef bits with constant zero bits

10.18.1. Executed ABC.
Extracted 19681 gates and 25038 wires to a netlist network with 5355 inputs and 4197 outputs.
Running ABC script: <abc-temp-dir>/abc.script
ABC: UC Berkeley, ABC 1.01 (compiled Jun  3 2026 15:06:41)
ABC: abc 01> empty
ABC: abc 01> source <abc-temp-dir>/abc.script
ABC: + read_blif <abc-temp-dir>/input.blif 
ABC: + read_scl /tmp/yosys-liberty-scl-cache/yosys_merged_61c8ca31.scl 
ABC: Warning: Detected 2 multi-output cells (for example, "FAx1_ASAP7_75t_R").
ABC: + strash 
ABC: + &get -n 
ABC: + &fraig -x 
ABC: + &put 
ABC: + scorr 
ABC: Warning: The network is combinational (run "fraig" or "fraig_sweep").
ABC: + dc2 
ABC: + dretime 
ABC: + retime -o -D 1000 
ABC: + strash 
ABC: + &get -n 
ABC: + &dch -f 
ABC: + &nf -D 1000 
ABC: + &put 
ABC: + write_blif <abc-temp-dir>/output.blif 
ABC: 
ABC: YOSYS_ABC_DONE 

10.18.2. Re-integrating ABC results.
ABC RESULTS:   A2O1A1Ixp33_ASAP7_75t_R cells:        1
ABC RESULTS:   AOI211xp5_ASAP7_75t_R cells:     1025
ABC RESULTS:   AOI21xp33_ASAP7_75t_R cells:     1025
ABC RESULTS:   AOI221xp5_ASAP7_75t_R cells:        1
ABC RESULTS:   INVx1_ASAP7_75t_R cells:     3171
ABC RESULTS:   NAND2xp33_ASAP7_75t_R cells:        3
ABC RESULTS:   NOR2xp33_ASAP7_75t_R cells:     1026
ABC RESULTS:   NOR4xp25_ASAP7_75t_R cells:        1
ABC RESULTS:   O2A1O1Ixp33_ASAP7_75t_R cells:        1
ABC RESULTS:   OAI21xp33_ASAP7_75t_R cells:     1024
ABC RESULTS:   OAI22xp33_ASAP7_75t_R cells:     1071
ABC RESULTS:   OAI32xp33_ASAP7_75t_R cells:     1024
ABC RESULTS:        internal signals:    15486
ABC RESULTS:           input signals:     5355
ABC RESULTS:          output signals:     4197
Removing temp directory.

10.19. Extracting gate netlist of module `\MSHR_4$Scheduler.mshrs_18' to `<abc-temp-dir>/input.blif'..
ABC: using cached merged SCL: /tmp/yosys-liberty-scl-cache/yosys_merged_61c8ca31.scl (1 files)
Replacing 7215 occurrences of constant undef bits with constant zero bits

10.19.1. Executed ABC.
Extracted 19681 gates and 25038 wires to a netlist network with 5355 inputs and 4197 outputs.
Running ABC script: <abc-temp-dir>/abc.script
ABC: UC Berkeley, ABC 1.01 (compiled Jun  3 2026 15:06:41)
ABC: abc 01> empty
ABC: abc 01> source <abc-temp-dir>/abc.script
ABC: + read_blif <abc-temp-dir>/input.blif 
ABC: + read_scl /tmp/yosys-liberty-scl-cache/yosys_merged_61c8ca31.scl 
ABC: Warning: Detected 2 multi-output cells (for example, "FAx1_ASAP7_75t_R").
ABC: + strash 
ABC: + &get -n 
ABC: + &fraig -x 
ABC: + &put 
ABC: + scorr 
ABC: Warning: The network is combinational (run "fraig" or "fraig_sweep").
ABC: + dc2 
ABC: + dretime 
ABC: + retime -o -D 1000 
ABC: + strash 
ABC: + &get -n 
ABC: + &dch -f 
ABC: + &nf -D 1000 
ABC: + &put 
ABC: + write_blif <abc-temp-dir>/output.blif 
ABC: 
ABC: YOSYS_ABC_DONE 

10.19.2. Re-integrating ABC results.
ABC RESULTS:   A2O1A1Ixp33_ASAP7_75t_R cells:        1
ABC RESULTS:   AOI211xp5_ASAP7_75t_R cells:     1025
ABC RESULTS:   AOI21xp33_ASAP7_75t_R cells:     1025
ABC RESULTS:   AOI221xp5_ASAP7_75t_R cells:        1
ABC RESULTS:   INVx1_ASAP7_75t_R cells:     3171
ABC RESULTS:   NAND2xp33_ASAP7_75t_R cells:        3
ABC RESULTS:   NOR2xp33_ASAP7_75t_R cells:     1026
ABC RESULTS:   NOR4xp25_ASAP7_75t_R cells:        1
ABC RESULTS:   O2A1O1Ixp33_ASAP7_75t_R cells:        1
ABC RESULTS:   OAI21xp33_ASAP7_75t_R cells:     1024
ABC RESULTS:   OAI22xp33_ASAP7_75t_R cells:     1071
ABC RESULTS:   OAI32xp33_ASAP7_75t_R cells:     1024
ABC RESULTS:        internal signals:    15486
ABC RESULTS:           input signals:     5355
ABC RESULTS:          output signals:     4197
Removing temp directory.

10.20. Extracting gate netlist of module `\MSHR_4$Scheduler.mshrs_17' to `<abc-temp-dir>/input.blif'..
ABC: using cached merged SCL: /tmp/yosys-liberty-scl-cache/yosys_merged_61c8ca31.scl (1 files)
Replacing 7215 occurrences of constant undef bits with constant zero bits

10.20.1. Executed ABC.
Extracted 19681 gates and 25038 wires to a netlist network with 5355 inputs and 4197 outputs.
Running ABC script: <abc-temp-dir>/abc.script
ABC: UC Berkeley, ABC 1.01 (compiled Jun  3 2026 15:06:41)
ABC: abc 01> empty
ABC: abc 01> source <abc-temp-dir>/abc.script
ABC: + read_blif <abc-temp-dir>/input.blif 
ABC: + read_scl /tmp/yosys-liberty-scl-cache/yosys_merged_61c8ca31.scl 
ABC: Warning: Detected 2 multi-output cells (for example, "FAx1_ASAP7_75t_R").
ABC: + strash 
ABC: + &get -n 
ABC: + &fraig -x 
ABC: + &put 
ABC: + scorr 
ABC: Warning: The network is combinational (run "fraig" or "fraig_sweep").
ABC: + dc2 
ABC: + dretime 
ABC: + retime -o -D 1000 
ABC: + strash 
ABC: + &get -n 
ABC: + &dch -f 
ABC: + &nf -D 1000 
ABC: + &put 
ABC: + write_blif <abc-temp-dir>/output.blif 
ABC: 
ABC: YOSYS_ABC_DONE 

10.20.2. Re-integrating ABC results.
ABC RESULTS:   A2O1A1Ixp33_ASAP7_75t_R cells:        1
ABC RESULTS:   AOI211xp5_ASAP7_75t_R cells:     1025
ABC RESULTS:   AOI21xp33_ASAP7_75t_R cells:     1025
ABC RESULTS:   AOI221xp5_ASAP7_75t_R cells:        1
ABC RESULTS:   INVx1_ASAP7_75t_R cells:     3171
ABC RESULTS:   NAND2xp33_ASAP7_75t_R cells:        3
ABC RESULTS:   NOR2xp33_ASAP7_75t_R cells:     1026
ABC RESULTS:   NOR4xp25_ASAP7_75t_R cells:        1
ABC RESULTS:   O2A1O1Ixp33_ASAP7_75t_R cells:        1
ABC RESULTS:   OAI21xp33_ASAP7_75t_R cells:     1024
ABC RESULTS:   OAI22xp33_ASAP7_75t_R cells:     1071
ABC RESULTS:   OAI32xp33_ASAP7_75t_R cells:     1024
ABC RESULTS:        internal signals:    15486
ABC RESULTS:           input signals:     5355
ABC RESULTS:          output signals:     4197
Removing temp directory.

10.21. Extracting gate netlist of module `\MSHR_4$Scheduler.mshrs_16' to `<abc-temp-dir>/input.blif'..
ABC: using cached merged SCL: /tmp/yosys-liberty-scl-cache/yosys_merged_61c8ca31.scl (1 files)
Replacing 7215 occurrences of constant undef bits with constant zero bits

10.21.1. Executed ABC.
Extracted 19681 gates and 25038 wires to a netlist network with 5355 inputs and 4197 outputs.
Running ABC script: <abc-temp-dir>/abc.script
ABC: UC Berkeley, ABC 1.01 (compiled Jun  3 2026 15:06:41)
ABC: abc 01> empty
ABC: abc 01> source <abc-temp-dir>/abc.script
ABC: + read_blif <abc-temp-dir>/input.blif 
ABC: + read_scl /tmp/yosys-liberty-scl-cache/yosys_merged_61c8ca31.scl 
ABC: Warning: Detected 2 multi-output cells (for example, "FAx1_ASAP7_75t_R").
ABC: + strash 
ABC: + &get -n 
ABC: + &fraig -x 
ABC: + &put 
ABC: + scorr 
ABC: Warning: The network is combinational (run "fraig" or "fraig_sweep").
ABC: + dc2 
ABC: + dretime 
ABC: + retime -o -D 1000 
ABC: + strash 
ABC: + &get -n 
ABC: + &dch -f 
ABC: + &nf -D 1000 
ABC: + &put 
ABC: + write_blif <abc-temp-dir>/output.blif 
ABC: 
ABC: YOSYS_ABC_DONE 

10.21.2. Re-integrating ABC results.
ABC RESULTS:   A2O1A1Ixp33_ASAP7_75t_R cells:        1
ABC RESULTS:   AOI211xp5_ASAP7_75t_R cells:     1025
ABC RESULTS:   AOI21xp33_ASAP7_75t_R cells:     1025
ABC RESULTS:   AOI221xp5_ASAP7_75t_R cells:        1
ABC RESULTS:   INVx1_ASAP7_75t_R cells:     3171
ABC RESULTS:   NAND2xp33_ASAP7_75t_R cells:        3
ABC RESULTS:   NOR2xp33_ASAP7_75t_R cells:     1026
ABC RESULTS:   NOR4xp25_ASAP7_75t_R cells:        1
ABC RESULTS:   O2A1O1Ixp33_ASAP7_75t_R cells:        1
ABC RESULTS:   OAI21xp33_ASAP7_75t_R cells:     1024
ABC RESULTS:   OAI22xp33_ASAP7_75t_R cells:     1071
ABC RESULTS:   OAI32xp33_ASAP7_75t_R cells:     1024
ABC RESULTS:        internal signals:    15486
ABC RESULTS:           input signals:     5355
ABC RESULTS:          output signals:     4197
Removing temp directory.

10.22. Extracting gate netlist of module `\MSHR_4$Scheduler.mshrs_15' to `<abc-temp-dir>/input.blif'..
ABC: using cached merged SCL: /tmp/yosys-liberty-scl-cache/yosys_merged_61c8ca31.scl (1 files)
Replacing 7215 occurrences of constant undef bits with constant zero bits

10.22.1. Executed ABC.
Extracted 19681 gates and 25038 wires to a netlist network with 5355 inputs and 4197 outputs.
Running ABC script: <abc-temp-dir>/abc.script
ABC: UC Berkeley, ABC 1.01 (compiled Jun  3 2026 15:06:41)
ABC: abc 01> empty
ABC: abc 01> source <abc-temp-dir>/abc.script
ABC: + read_blif <abc-temp-dir>/input.blif 
ABC: + read_scl /tmp/yosys-liberty-scl-cache/yosys_merged_61c8ca31.scl 
ABC: Warning: Detected 2 multi-output cells (for example, "FAx1_ASAP7_75t_R").
ABC: + strash 
ABC: + &get -n 
ABC: + &fraig -x 
ABC: + &put 
ABC: + scorr 
ABC: Warning: The network is combinational (run "fraig" or "fraig_sweep").
ABC: + dc2 
ABC: + dretime 
ABC: + retime -o -D 1000 
ABC: + strash 
ABC: + &get -n 
ABC: + &dch -f 
ABC: + &nf -D 1000 
ABC: + &put 
ABC: + write_blif <abc-temp-dir>/output.blif 
ABC: 
ABC: YOSYS_ABC_DONE 

10.22.2. Re-integrating ABC results.
ABC RESULTS:   A2O1A1Ixp33_ASAP7_75t_R cells:        1
ABC RESULTS:   AOI211xp5_ASAP7_75t_R cells:     1025
ABC RESULTS:   AOI21xp33_ASAP7_75t_R cells:     1025
ABC RESULTS:   AOI221xp5_ASAP7_75t_R cells:        1
ABC RESULTS:   INVx1_ASAP7_75t_R cells:     3171
ABC RESULTS:   NAND2xp33_ASAP7_75t_R cells:        3
ABC RESULTS:   NOR2xp33_ASAP7_75t_R cells:     1026
ABC RESULTS:   NOR4xp25_ASAP7_75t_R cells:        1
ABC RESULTS:   O2A1O1Ixp33_ASAP7_75t_R cells:        1
ABC RESULTS:   OAI21xp33_ASAP7_75t_R cells:     1024
ABC RESULTS:   OAI22xp33_ASAP7_75t_R cells:     1071
ABC RESULTS:   OAI32xp33_ASAP7_75t_R cells:     1024
ABC RESULTS:        internal signals:    15486
ABC RESULTS:           input signals:     5355
ABC RESULTS:          output signals:     4197
Removing temp directory.

10.23. Extracting gate netlist of module `\MSHR_4$Scheduler.mshrs_14' to `<abc-temp-dir>/input.blif'..
ABC: using cached merged SCL: /tmp/yosys-liberty-scl-cache/yosys_merged_61c8ca31.scl (1 files)
Replacing 7215 occurrences of constant undef bits with constant zero bits

10.23.1. Executed ABC.
Extracted 19681 gates and 25038 wires to a netlist network with 5355 inputs and 4197 outputs.
Running ABC script: <abc-temp-dir>/abc.script
ABC: UC Berkeley, ABC 1.01 (compiled Jun  3 2026 15:06:41)
ABC: abc 01> empty
ABC: abc 01> source <abc-temp-dir>/abc.script
ABC: + read_blif <abc-temp-dir>/input.blif 
ABC: + read_scl /tmp/yosys-liberty-scl-cache/yosys_merged_61c8ca31.scl 
ABC: Warning: Detected 2 multi-output cells (for example, "FAx1_ASAP7_75t_R").
ABC: + strash 
ABC: + &get -n 
ABC: + &fraig -x 
ABC: + &put 
ABC: + scorr 
ABC: Warning: The network is combinational (run "fraig" or "fraig_sweep").
ABC: + dc2 
ABC: + dretime 
ABC: + retime -o -D 1000 
ABC: + strash 
ABC: + &get -n 
ABC: + &dch -f 
ABC: + &nf -D 1000 
ABC: + &put 
ABC: + write_blif <abc-temp-dir>/output.blif 
ABC: 
ABC: YOSYS_ABC_DONE 

10.23.2. Re-integrating ABC results.
ABC RESULTS:   A2O1A1Ixp33_ASAP7_75t_R cells:        1
ABC RESULTS:   AOI211xp5_ASAP7_75t_R cells:     1025
ABC RESULTS:   AOI21xp33_ASAP7_75t_R cells:     1025
ABC RESULTS:   AOI221xp5_ASAP7_75t_R cells:        1
ABC RESULTS:   INVx1_ASAP7_75t_R cells:     3171
ABC RESULTS:   NAND2xp33_ASAP7_75t_R cells:        3
ABC RESULTS:   NOR2xp33_ASAP7_75t_R cells:     1026
ABC RESULTS:   NOR4xp25_ASAP7_75t_R cells:        1
ABC RESULTS:   O2A1O1Ixp33_ASAP7_75t_R cells:        1
ABC RESULTS:   OAI21xp33_ASAP7_75t_R cells:     1024
ABC RESULTS:   OAI22xp33_ASAP7_75t_R cells:     1071
ABC RESULTS:   OAI32xp33_ASAP7_75t_R cells:     1024
ABC RESULTS:        internal signals:    15486
ABC RESULTS:           input signals:     5355
ABC RESULTS:          output signals:     4197
Removing temp directory.

10.24. Extracting gate netlist of module `\MSHR_4$Scheduler.mshrs_13' to `<abc-temp-dir>/input.blif'..
ABC: using cached merged SCL: /tmp/yosys-liberty-scl-cache/yosys_merged_61c8ca31.scl (1 files)
Replacing 7215 occurrences of constant undef bits with constant zero bits

10.24.1. Executed ABC.
Extracted 19681 gates and 25038 wires to a netlist network with 5355 inputs and 4197 outputs.
Running ABC script: <abc-temp-dir>/abc.script
ABC: UC Berkeley, ABC 1.01 (compiled Jun  3 2026 15:06:41)
ABC: abc 01> empty
ABC: abc 01> source <abc-temp-dir>/abc.script
ABC: + read_blif <abc-temp-dir>/input.blif 
ABC: + read_scl /tmp/yosys-liberty-scl-cache/yosys_merged_61c8ca31.scl 
ABC: Warning: Detected 2 multi-output cells (for example, "FAx1_ASAP7_75t_R").
ABC: + strash 
ABC: + &get -n 
ABC: + &fraig -x 
ABC: + &put 
ABC: + scorr 
ABC: Warning: The network is combinational (run "fraig" or "fraig_sweep").
ABC: + dc2 
ABC: + dretime 
ABC: + retime -o -D 1000 
ABC: + strash 
ABC: + &get -n 
ABC: + &dch -f 
ABC: + &nf -D 1000 
ABC: + &put 
ABC: + write_blif <abc-temp-dir>/output.blif 
ABC: 
ABC: YOSYS_ABC_DONE 

10.24.2. Re-integrating ABC results.
ABC RESULTS:   A2O1A1Ixp33_ASAP7_75t_R cells:        1
ABC RESULTS:   AOI211xp5_ASAP7_75t_R cells:     1025
ABC RESULTS:   AOI21xp33_ASAP7_75t_R cells:     1025
ABC RESULTS:   AOI221xp5_ASAP7_75t_R cells:        1
ABC RESULTS:   INVx1_ASAP7_75t_R cells:     3171
ABC RESULTS:   NAND2xp33_ASAP7_75t_R cells:        3
ABC RESULTS:   NOR2xp33_ASAP7_75t_R cells:     1026
ABC RESULTS:   NOR4xp25_ASAP7_75t_R cells:        1
ABC RESULTS:   O2A1O1Ixp33_ASAP7_75t_R cells:        1
ABC RESULTS:   OAI21xp33_ASAP7_75t_R cells:     1024
ABC RESULTS:   OAI22xp33_ASAP7_75t_R cells:     1071
ABC RESULTS:   OAI32xp33_ASAP7_75t_R cells:     1024
ABC RESULTS:        internal signals:    15486
ABC RESULTS:           input signals:     5355
ABC RESULTS:          output signals:     4197
Removing temp directory.

10.25. Extracting gate netlist of module `\MSHR_4$Scheduler.mshrs_12' to `<abc-temp-dir>/input.blif'..
ABC: using cached merged SCL: /tmp/yosys-liberty-scl-cache/yosys_merged_61c8ca31.scl (1 files)
Replacing 7215 occurrences of constant undef bits with constant zero bits

10.25.1. Executed ABC.
Extracted 19681 gates and 25038 wires to a netlist network with 5355 inputs and 4197 outputs.
Running ABC script: <abc-temp-dir>/abc.script
ABC: UC Berkeley, ABC 1.01 (compiled Jun  3 2026 15:06:41)
ABC: abc 01> empty
ABC: abc 01> source <abc-temp-dir>/abc.script
ABC: + read_blif <abc-temp-dir>/input.blif 
ABC: + read_scl /tmp/yosys-liberty-scl-cache/yosys_merged_61c8ca31.scl 
ABC: Warning: Detected 2 multi-output cells (for example, "FAx1_ASAP7_75t_R").
ABC: + strash 
ABC: + &get -n 
ABC: + &fraig -x 
ABC: + &put 
ABC: + scorr 
ABC: Warning: The network is combinational (run "fraig" or "fraig_sweep").
ABC: + dc2 
ABC: + dretime 
ABC: + retime -o -D 1000 
ABC: + strash 
ABC: + &get -n 
ABC: + &dch -f 
ABC: + &nf -D 1000 
ABC: + &put 
ABC: + write_blif <abc-temp-dir>/output.blif 
ABC: 
ABC: YOSYS_ABC_DONE 

10.25.2. Re-integrating ABC results.
ABC RESULTS:   A2O1A1Ixp33_ASAP7_75t_R cells:        1
ABC RESULTS:   AOI211xp5_ASAP7_75t_R cells:     1025
ABC RESULTS:   AOI21xp33_ASAP7_75t_R cells:     1025
ABC RESULTS:   AOI221xp5_ASAP7_75t_R cells:        1
ABC RESULTS:   INVx1_ASAP7_75t_R cells:     3171
ABC RESULTS:   NAND2xp33_ASAP7_75t_R cells:        3
ABC RESULTS:   NOR2xp33_ASAP7_75t_R cells:     1026
ABC RESULTS:   NOR4xp25_ASAP7_75t_R cells:        1
ABC RESULTS:   O2A1O1Ixp33_ASAP7_75t_R cells:        1
ABC RESULTS:   OAI21xp33_ASAP7_75t_R cells:     1024
ABC RESULTS:   OAI22xp33_ASAP7_75t_R cells:     1071
ABC RESULTS:   OAI32xp33_ASAP7_75t_R cells:     1024
ABC RESULTS:        internal signals:    15486
ABC RESULTS:           input signals:     5355
ABC RESULTS:          output signals:     4197
Removing temp directory.

10.26. Extracting gate netlist of module `\MSHR_4$Scheduler.mshrs_11' to `<abc-temp-dir>/input.blif'..
ABC: using cached merged SCL: /tmp/yosys-liberty-scl-cache/yosys_merged_61c8ca31.scl (1 files)
Replacing 7215 occurrences of constant undef bits with constant zero bits

10.26.1. Executed ABC.
Extracted 19681 gates and 25038 wires to a netlist network with 5355 inputs and 4197 outputs.
Running ABC script: <abc-temp-dir>/abc.script
ABC: UC Berkeley, ABC 1.01 (compiled Jun  3 2026 15:06:41)
ABC: abc 01> empty
ABC: abc 01> source <abc-temp-dir>/abc.script
ABC: + read_blif <abc-temp-dir>/input.blif 
ABC: + read_scl /tmp/yosys-liberty-scl-cache/yosys_merged_61c8ca31.scl 
ABC: Warning: Detected 2 multi-output cells (for example, "FAx1_ASAP7_75t_R").
ABC: + strash 
ABC: + &get -n 
ABC: + &fraig -x 
ABC: + &put 
ABC: + scorr 
ABC: Warning: The network is combinational (run "fraig" or "fraig_sweep").
ABC: + dc2 
ABC: + dretime 
ABC: + retime -o -D 1000 
ABC: + strash 
ABC: + &get -n 
ABC: + &dch -f 
ABC: + &nf -D 1000 
ABC: + &put 
ABC: + write_blif <abc-temp-dir>/output.blif 
ABC: 
ABC: YOSYS_ABC_DONE 

10.26.2. Re-integrating ABC results.
ABC RESULTS:   A2O1A1Ixp33_ASAP7_75t_R cells:        1
ABC RESULTS:   AOI211xp5_ASAP7_75t_R cells:     1025
ABC RESULTS:   AOI21xp33_ASAP7_75t_R cells:     1025
ABC RESULTS:   AOI221xp5_ASAP7_75t_R cells:        1
ABC RESULTS:   INVx1_ASAP7_75t_R cells:     3171
ABC RESULTS:   NAND2xp33_ASAP7_75t_R cells:        3
ABC RESULTS:   NOR2xp33_ASAP7_75t_R cells:     1026
ABC RESULTS:   NOR4xp25_ASAP7_75t_R cells:        1
ABC RESULTS:   O2A1O1Ixp33_ASAP7_75t_R cells:        1
ABC RESULTS:   OAI21xp33_ASAP7_75t_R cells:     1024
ABC RESULTS:   OAI22xp33_ASAP7_75t_R cells:     1071
ABC RESULTS:   OAI32xp33_ASAP7_75t_R cells:     1024
ABC RESULTS:        internal signals:    15486
ABC RESULTS:           input signals:     5355
ABC RESULTS:          output signals:     4197
Removing temp directory.

10.27. Extracting gate netlist of module `\MSHR_4$Scheduler.mshrs_10' to `<abc-temp-dir>/input.blif'..
ABC: using cached merged SCL: /tmp/yosys-liberty-scl-cache/yosys_merged_61c8ca31.scl (1 files)
Replacing 7215 occurrences of constant undef bits with constant zero bits

10.27.1. Executed ABC.
Extracted 19681 gates and 25038 wires to a netlist network with 5355 inputs and 4197 outputs.
Running ABC script: <abc-temp-dir>/abc.script
ABC: UC Berkeley, ABC 1.01 (compiled Jun  3 2026 15:06:41)
ABC: abc 01> empty
ABC: abc 01> source <abc-temp-dir>/abc.script
ABC: + read_blif <abc-temp-dir>/input.blif 
ABC: + read_scl /tmp/yosys-liberty-scl-cache/yosys_merged_61c8ca31.scl 
ABC: Warning: Detected 2 multi-output cells (for example, "FAx1_ASAP7_75t_R").
ABC: + strash 
ABC: + &get -n 
ABC: + &fraig -x 
ABC: + &put 
ABC: + scorr 
ABC: Warning: The network is combinational (run "fraig" or "fraig_sweep").
ABC: + dc2 
ABC: + dretime 
ABC: + retime -o -D 1000 
ABC: + strash 
ABC: + &get -n 
ABC: + &dch -f 
ABC: + &nf -D 1000 
ABC: + &put 
ABC: + write_blif <abc-temp-dir>/output.blif 
ABC: 
ABC: YOSYS_ABC_DONE 

10.27.2. Re-integrating ABC results.
ABC RESULTS:   A2O1A1Ixp33_ASAP7_75t_R cells:        1
ABC RESULTS:   AOI211xp5_ASAP7_75t_R cells:     1025
ABC RESULTS:   AOI21xp33_ASAP7_75t_R cells:     1025
ABC RESULTS:   AOI221xp5_ASAP7_75t_R cells:        1
ABC RESULTS:   INVx1_ASAP7_75t_R cells:     3171
ABC RESULTS:   NAND2xp33_ASAP7_75t_R cells:        3
ABC RESULTS:   NOR2xp33_ASAP7_75t_R cells:     1026
ABC RESULTS:   NOR4xp25_ASAP7_75t_R cells:        1
ABC RESULTS:   O2A1O1Ixp33_ASAP7_75t_R cells:        1
ABC RESULTS:   OAI21xp33_ASAP7_75t_R cells:     1024
ABC RESULTS:   OAI22xp33_ASAP7_75t_R cells:     1071
ABC RESULTS:   OAI32xp33_ASAP7_75t_R cells:     1024
ABC RESULTS:        internal signals:    15486
ABC RESULTS:           input signals:     5355
ABC RESULTS:          output signals:     4197
Removing temp directory.

10.28. Extracting gate netlist of module `\MSHR_4$Scheduler.mshrs_9' to `<abc-temp-dir>/input.blif'..
ABC: using cached merged SCL: /tmp/yosys-liberty-scl-cache/yosys_merged_61c8ca31.scl (1 files)
Replacing 7215 occurrences of constant undef bits with constant zero bits

10.28.1. Executed ABC.
Extracted 19681 gates and 25038 wires to a netlist network with 5355 inputs and 4197 outputs.
Running ABC script: <abc-temp-dir>/abc.script
ABC: UC Berkeley, ABC 1.01 (compiled Jun  3 2026 15:06:41)
ABC: abc 01> empty
ABC: abc 01> source <abc-temp-dir>/abc.script
ABC: + read_blif <abc-temp-dir>/input.blif 
ABC: + read_scl /tmp/yosys-liberty-scl-cache/yosys_merged_61c8ca31.scl 
ABC: Warning: Detected 2 multi-output cells (for example, "FAx1_ASAP7_75t_R").
ABC: + strash 
ABC: + &get -n 
ABC: + &fraig -x 
ABC: + &put 
ABC: + scorr 
ABC: Warning: The network is combinational (run "fraig" or "fraig_sweep").
ABC: + dc2 
ABC: + dretime 
ABC: + retime -o -D 1000 
ABC: + strash 
ABC: + &get -n 
ABC: + &dch -f 
ABC: + &nf -D 1000 
ABC: + &put 
ABC: + write_blif <abc-temp-dir>/output.blif 
ABC: 
ABC: YOSYS_ABC_DONE 

10.28.2. Re-integrating ABC results.
ABC RESULTS:   A2O1A1Ixp33_ASAP7_75t_R cells:        1
ABC RESULTS:   AOI211xp5_ASAP7_75t_R cells:     1025
ABC RESULTS:   AOI21xp33_ASAP7_75t_R cells:     1025
ABC RESULTS:   AOI221xp5_ASAP7_75t_R cells:        1
ABC RESULTS:   INVx1_ASAP7_75t_R cells:     3171
ABC RESULTS:   NAND2xp33_ASAP7_75t_R cells:        3
ABC RESULTS:   NOR2xp33_ASAP7_75t_R cells:     1026
ABC RESULTS:   NOR4xp25_ASAP7_75t_R cells:        1
ABC RESULTS:   O2A1O1Ixp33_ASAP7_75t_R cells:        1
ABC RESULTS:   OAI21xp33_ASAP7_75t_R cells:     1024
ABC RESULTS:   OAI22xp33_ASAP7_75t_R cells:     1071
ABC RESULTS:   OAI32xp33_ASAP7_75t_R cells:     1024
ABC RESULTS:        internal signals:    15486
ABC RESULTS:           input signals:     5355
ABC RESULTS:          output signals:     4197
Removing temp directory.

10.29. Extracting gate netlist of module `\MSHR_4$Scheduler.mshrs_8' to `<abc-temp-dir>/input.blif'..
ABC: using cached merged SCL: /tmp/yosys-liberty-scl-cache/yosys_merged_61c8ca31.scl (1 files)
Replacing 7215 occurrences of constant undef bits with constant zero bits

10.29.1. Executed ABC.
Extracted 19681 gates and 25038 wires to a netlist network with 5355 inputs and 4197 outputs.
Running ABC script: <abc-temp-dir>/abc.script
ABC: UC Berkeley, ABC 1.01 (compiled Jun  3 2026 15:06:41)
ABC: abc 01> empty
ABC: abc 01> source <abc-temp-dir>/abc.script
ABC: + read_blif <abc-temp-dir>/input.blif 
ABC: + read_scl /tmp/yosys-liberty-scl-cache/yosys_merged_61c8ca31.scl 
ABC: Warning: Detected 2 multi-output cells (for example, "FAx1_ASAP7_75t_R").
ABC: + strash 
ABC: + &get -n 
ABC: + &fraig -x 
ABC: + &put 
ABC: + scorr 
ABC: Warning: The network is combinational (run "fraig" or "fraig_sweep").
ABC: + dc2 
ABC: + dretime 
ABC: + retime -o -D 1000 
ABC: + strash 
ABC: + &get -n 
ABC: + &dch -f 
ABC: + &nf -D 1000 
ABC: + &put 
ABC: + write_blif <abc-temp-dir>/output.blif 
ABC: 
ABC: YOSYS_ABC_DONE 

10.29.2. Re-integrating ABC results.
ABC RESULTS:   A2O1A1Ixp33_ASAP7_75t_R cells:        1
ABC RESULTS:   AOI211xp5_ASAP7_75t_R cells:     1025
ABC RESULTS:   AOI21xp33_ASAP7_75t_R cells:     1025
ABC RESULTS:   AOI221xp5_ASAP7_75t_R cells:        1
ABC RESULTS:   INVx1_ASAP7_75t_R cells:     3171
ABC RESULTS:   NAND2xp33_ASAP7_75t_R cells:        3
ABC RESULTS:   NOR2xp33_ASAP7_75t_R cells:     1026
ABC RESULTS:   NOR4xp25_ASAP7_75t_R cells:        1
ABC RESULTS:   O2A1O1Ixp33_ASAP7_75t_R cells:        1
ABC RESULTS:   OAI21xp33_ASAP7_75t_R cells:     1024
ABC RESULTS:   OAI22xp33_ASAP7_75t_R cells:     1071
ABC RESULTS:   OAI32xp33_ASAP7_75t_R cells:     1024
ABC RESULTS:        internal signals:    15486
ABC RESULTS:           input signals:     5355
ABC RESULTS:          output signals:     4197
Removing temp directory.

10.30. Extracting gate netlist of module `\MSHR_4$Scheduler.mshrs_7' to `<abc-temp-dir>/input.blif'..
ABC: using cached merged SCL: /tmp/yosys-liberty-scl-cache/yosys_merged_61c8ca31.scl (1 files)
Replacing 7215 occurrences of constant undef bits with constant zero bits

10.30.1. Executed ABC.
Extracted 19681 gates and 25038 wires to a netlist network with 5355 inputs and 4197 outputs.
Running ABC script: <abc-temp-dir>/abc.script
ABC: UC Berkeley, ABC 1.01 (compiled Jun  3 2026 15:06:41)
ABC: abc 01> empty
ABC: abc 01> source <abc-temp-dir>/abc.script
ABC: + read_blif <abc-temp-dir>/input.blif 
ABC: + read_scl /tmp/yosys-liberty-scl-cache/yosys_merged_61c8ca31.scl 
ABC: Warning: Detected 2 multi-output cells (for example, "FAx1_ASAP7_75t_R").
ABC: + strash 
ABC: + &get -n 
ABC: + &fraig -x 
ABC: + &put 
ABC: + scorr 
ABC: Warning: The network is combinational (run "fraig" or "fraig_sweep").
ABC: + dc2 
ABC: + dretime 
ABC: + retime -o -D 1000 
ABC: + strash 
ABC: + &get -n 
ABC: + &dch -f 
ABC: + &nf -D 1000 
ABC: + &put 
ABC: + write_blif <abc-temp-dir>/output.blif 
ABC: 
ABC: YOSYS_ABC_DONE 

10.30.2. Re-integrating ABC results.
ABC RESULTS:   A2O1A1Ixp33_ASAP7_75t_R cells:        1
ABC RESULTS:   AOI211xp5_ASAP7_75t_R cells:     1025
ABC RESULTS:   AOI21xp33_ASAP7_75t_R cells:     1025
ABC RESULTS:   AOI221xp5_ASAP7_75t_R cells:        1
ABC RESULTS:   INVx1_ASAP7_75t_R cells:     3171
ABC RESULTS:   NAND2xp33_ASAP7_75t_R cells:        3
ABC RESULTS:   NOR2xp33_ASAP7_75t_R cells:     1026
ABC RESULTS:   NOR4xp25_ASAP7_75t_R cells:        1
ABC RESULTS:   O2A1O1Ixp33_ASAP7_75t_R cells:        1
ABC RESULTS:   OAI21xp33_ASAP7_75t_R cells:     1024
ABC RESULTS:   OAI22xp33_ASAP7_75t_R cells:     1071
ABC RESULTS:   OAI32xp33_ASAP7_75t_R cells:     1024
ABC RESULTS:        internal signals:    15486
ABC RESULTS:           input signals:     5355
ABC RESULTS:          output signals:     4197
Removing temp directory.

10.31. Extracting gate netlist of module `\MSHR_4$Scheduler.mshrs_6' to `<abc-temp-dir>/input.blif'..
ABC: using cached merged SCL: /tmp/yosys-liberty-scl-cache/yosys_merged_61c8ca31.scl (1 files)
Replacing 7215 occurrences of constant undef bits with constant zero bits

10.31.1. Executed ABC.
Extracted 19681 gates and 25038 wires to a netlist network with 5355 inputs and 4197 outputs.
Running ABC script: <abc-temp-dir>/abc.script
ABC: UC Berkeley, ABC 1.01 (compiled Jun  3 2026 15:06:41)
ABC: abc 01> empty
ABC: abc 01> source <abc-temp-dir>/abc.script
ABC: + read_blif <abc-temp-dir>/input.blif 
ABC: + read_scl /tmp/yosys-liberty-scl-cache/yosys_merged_61c8ca31.scl 
ABC: Warning: Detected 2 multi-output cells (for example, "FAx1_ASAP7_75t_R").
ABC: + strash 
ABC: + &get -n 
ABC: + &fraig -x 
ABC: + &put 
ABC: + scorr 
ABC: Warning: The network is combinational (run "fraig" or "fraig_sweep").
ABC: + dc2 
ABC: + dretime 
ABC: + retime -o -D 1000 
ABC: + strash 
ABC: + &get -n 
ABC: + &dch -f 
ABC: + &nf -D 1000 
ABC: + &put 
ABC: + write_blif <abc-temp-dir>/output.blif 
ABC: 
ABC: YOSYS_ABC_DONE 

10.31.2. Re-integrating ABC results.
ABC RESULTS:   A2O1A1Ixp33_ASAP7_75t_R cells:        1
ABC RESULTS:   AOI211xp5_ASAP7_75t_R cells:     1025
ABC RESULTS:   AOI21xp33_ASAP7_75t_R cells:     1025
ABC RESULTS:   AOI221xp5_ASAP7_75t_R cells:        1
ABC RESULTS:   INVx1_ASAP7_75t_R cells:     3171
ABC RESULTS:   NAND2xp33_ASAP7_75t_R cells:        3
ABC RESULTS:   NOR2xp33_ASAP7_75t_R cells:     1026
ABC RESULTS:   NOR4xp25_ASAP7_75t_R cells:        1
ABC RESULTS:   O2A1O1Ixp33_ASAP7_75t_R cells:        1
ABC RESULTS:   OAI21xp33_ASAP7_75t_R cells:     1024
ABC RESULTS:   OAI22xp33_ASAP7_75t_R cells:     1071
ABC RESULTS:   OAI32xp33_ASAP7_75t_R cells:     1024
ABC RESULTS:        internal signals:    15486
ABC RESULTS:           input signals:     5355
ABC RESULTS:          output signals:     4197
Removing temp directory.

10.32. Extracting gate netlist of module `\MSHR_4$Scheduler.mshrs_5' to `<abc-temp-dir>/input.blif'..
ABC: using cached merged SCL: /tmp/yosys-liberty-scl-cache/yosys_merged_61c8ca31.scl (1 files)
Replacing 7215 occurrences of constant undef bits with constant zero bits

10.32.1. Executed ABC.
Extracted 19681 gates and 25038 wires to a netlist network with 5355 inputs and 4197 outputs.
Running ABC script: <abc-temp-dir>/abc.script
ABC: UC Berkeley, ABC 1.01 (compiled Jun  3 2026 15:06:41)
ABC: abc 01> empty
ABC: abc 01> source <abc-temp-dir>/abc.script
ABC: + read_blif <abc-temp-dir>/input.blif 
ABC: + read_scl /tmp/yosys-liberty-scl-cache/yosys_merged_61c8ca31.scl 
ABC: Warning: Detected 2 multi-output cells (for example, "FAx1_ASAP7_75t_R").
ABC: + strash 
ABC: + &get -n 
ABC: + &fraig -x 
ABC: + &put 
ABC: + scorr 
ABC: Warning: The network is combinational (run "fraig" or "fraig_sweep").
ABC: + dc2 
ABC: + dretime 
ABC: + retime -o -D 1000 
ABC: + strash 
ABC: + &get -n 
ABC: + &dch -f 
ABC: + &nf -D 1000 
ABC: + &put 
ABC: + write_blif <abc-temp-dir>/output.blif 
ABC: 
ABC: YOSYS_ABC_DONE 

10.32.2. Re-integrating ABC results.
ABC RESULTS:   A2O1A1Ixp33_ASAP7_75t_R cells:        1
ABC RESULTS:   AOI211xp5_ASAP7_75t_R cells:     1025
ABC RESULTS:   AOI21xp33_ASAP7_75t_R cells:     1025
ABC RESULTS:   AOI221xp5_ASAP7_75t_R cells:        1
ABC RESULTS:   INVx1_ASAP7_75t_R cells:     3171
ABC RESULTS:   NAND2xp33_ASAP7_75t_R cells:        3
ABC RESULTS:   NOR2xp33_ASAP7_75t_R cells:     1026
ABC RESULTS:   NOR4xp25_ASAP7_75t_R cells:        1
ABC RESULTS:   O2A1O1Ixp33_ASAP7_75t_R cells:        1
ABC RESULTS:   OAI21xp33_ASAP7_75t_R cells:     1024
ABC RESULTS:   OAI22xp33_ASAP7_75t_R cells:     1071
ABC RESULTS:   OAI32xp33_ASAP7_75t_R cells:     1024
ABC RESULTS:        internal signals:    15486
ABC RESULTS:           input signals:     5355
ABC RESULTS:          output signals:     4197
Removing temp directory.

10.33. Extracting gate netlist of module `\MSHR_4$Scheduler.mshrs_4' to `<abc-temp-dir>/input.blif'..
ABC: using cached merged SCL: /tmp/yosys-liberty-scl-cache/yosys_merged_61c8ca31.scl (1 files)
Replacing 7215 occurrences of constant undef bits with constant zero bits

10.33.1. Executed ABC.
Extracted 19681 gates and 25038 wires to a netlist network with 5355 inputs and 4197 outputs.
Running ABC script: <abc-temp-dir>/abc.script
ABC: UC Berkeley, ABC 1.01 (compiled Jun  3 2026 15:06:41)
ABC: abc 01> empty
ABC: abc 01> source <abc-temp-dir>/abc.script
ABC: + read_blif <abc-temp-dir>/input.blif 
ABC: + read_scl /tmp/yosys-liberty-scl-cache/yosys_merged_61c8ca31.scl 
ABC: Warning: Detected 2 multi-output cells (for example, "FAx1_ASAP7_75t_R").
ABC: + strash 
ABC: + &get -n 
ABC: + &fraig -x 
ABC: + &put 
ABC: + scorr 
ABC: Warning: The network is combinational (run "fraig" or "fraig_sweep").
ABC: + dc2 
ABC: + dretime 
ABC: + retime -o -D 1000 
ABC: + strash 
ABC: + &get -n 
ABC: + &dch -f 
ABC: + &nf -D 1000 
ABC: + &put 
ABC: + write_blif <abc-temp-dir>/output.blif 
ABC: 
ABC: YOSYS_ABC_DONE 

10.33.2. Re-integrating ABC results.
ABC RESULTS:   A2O1A1Ixp33_ASAP7_75t_R cells:        1
ABC RESULTS:   AOI211xp5_ASAP7_75t_R cells:     1025
ABC RESULTS:   AOI21xp33_ASAP7_75t_R cells:     1025
ABC RESULTS:   AOI221xp5_ASAP7_75t_R cells:        1
ABC RESULTS:   INVx1_ASAP7_75t_R cells:     3171
ABC RESULTS:   NAND2xp33_ASAP7_75t_R cells:        3
ABC RESULTS:   NOR2xp33_ASAP7_75t_R cells:     1026
ABC RESULTS:   NOR4xp25_ASAP7_75t_R cells:        1
ABC RESULTS:   O2A1O1Ixp33_ASAP7_75t_R cells:        1
ABC RESULTS:   OAI21xp33_ASAP7_75t_R cells:     1024
ABC RESULTS:   OAI22xp33_ASAP7_75t_R cells:     1071
ABC RESULTS:   OAI32xp33_ASAP7_75t_R cells:     1024
ABC RESULTS:        internal signals:    15486
ABC RESULTS:           input signals:     5355
ABC RESULTS:          output signals:     4197
Removing temp directory.

10.34. Extracting gate netlist of module `\MSHR_4$Scheduler.mshrs_3' to `<abc-temp-dir>/input.blif'..
ABC: using cached merged SCL: /tmp/yosys-liberty-scl-cache/yosys_merged_61c8ca31.scl (1 files)
Replacing 7215 occurrences of constant undef bits with constant zero bits

10.34.1. Executed ABC.
Extracted 19681 gates and 25038 wires to a netlist network with 5355 inputs and 4197 outputs.
Running ABC script: <abc-temp-dir>/abc.script
ABC: UC Berkeley, ABC 1.01 (compiled Jun  3 2026 15:06:41)
ABC: abc 01> empty
ABC: abc 01> source <abc-temp-dir>/abc.script
ABC: + read_blif <abc-temp-dir>/input.blif 
ABC: + read_scl /tmp/yosys-liberty-scl-cache/yosys_merged_61c8ca31.scl 
ABC: Warning: Detected 2 multi-output cells (for example, "FAx1_ASAP7_75t_R").
ABC: + strash 
ABC: + &get -n 
ABC: + &fraig -x 
ABC: + &put 
ABC: + scorr 
ABC: Warning: The network is combinational (run "fraig" or "fraig_sweep").
ABC: + dc2 
ABC: + dretime 
ABC: + retime -o -D 1000 
ABC: + strash 
ABC: + &get -n 
ABC: + &dch -f 
ABC: + &nf -D 1000 
ABC: + &put 
ABC: + write_blif <abc-temp-dir>/output.blif 
ABC: 
ABC: YOSYS_ABC_DONE 

10.34.2. Re-integrating ABC results.
ABC RESULTS:   A2O1A1Ixp33_ASAP7_75t_R cells:        1
ABC RESULTS:   AOI211xp5_ASAP7_75t_R cells:     1025
ABC RESULTS:   AOI21xp33_ASAP7_75t_R cells:     1025
ABC RESULTS:   AOI221xp5_ASAP7_75t_R cells:        1
ABC RESULTS:   INVx1_ASAP7_75t_R cells:     3171
ABC RESULTS:   NAND2xp33_ASAP7_75t_R cells:        3
ABC RESULTS:   NOR2xp33_ASAP7_75t_R cells:     1026
ABC RESULTS:   NOR4xp25_ASAP7_75t_R cells:        1
ABC RESULTS:   O2A1O1Ixp33_ASAP7_75t_R cells:        1
ABC RESULTS:   OAI21xp33_ASAP7_75t_R cells:     1024
ABC RESULTS:   OAI22xp33_ASAP7_75t_R cells:     1071
ABC RESULTS:   OAI32xp33_ASAP7_75t_R cells:     1024
ABC RESULTS:        internal signals:    15486
ABC RESULTS:           input signals:     5355
ABC RESULTS:          output signals:     4197
Removing temp directory.

10.35. Extracting gate netlist of module `\MSHR_4$Scheduler.mshrs_2' to `<abc-temp-dir>/input.blif'..
ABC: using cached merged SCL: /tmp/yosys-liberty-scl-cache/yosys_merged_61c8ca31.scl (1 files)
Replacing 7215 occurrences of constant undef bits with constant zero bits

10.35.1. Executed ABC.
Extracted 19681 gates and 25038 wires to a netlist network with 5355 inputs and 4197 outputs.
Running ABC script: <abc-temp-dir>/abc.script
ABC: UC Berkeley, ABC 1.01 (compiled Jun  3 2026 15:06:41)
ABC: abc 01> empty
ABC: abc 01> source <abc-temp-dir>/abc.script
ABC: + read_blif <abc-temp-dir>/input.blif 
ABC: + read_scl /tmp/yosys-liberty-scl-cache/yosys_merged_61c8ca31.scl 
ABC: Warning: Detected 2 multi-output cells (for example, "FAx1_ASAP7_75t_R").
ABC: + strash 
ABC: + &get -n 
ABC: + &fraig -x 
ABC: + &put 
ABC: + scorr 
ABC: Warning: The network is combinational (run "fraig" or "fraig_sweep").
ABC: + dc2 
ABC: + dretime 
ABC: + retime -o -D 1000 
ABC: + strash 
ABC: + &get -n 
ABC: + &dch -f 
ABC: + &nf -D 1000 
ABC: + &put 
ABC: + write_blif <abc-temp-dir>/output.blif 
ABC: 
ABC: YOSYS_ABC_DONE 

10.35.2. Re-integrating ABC results.
ABC RESULTS:   A2O1A1Ixp33_ASAP7_75t_R cells:        1
ABC RESULTS:   AOI211xp5_ASAP7_75t_R cells:     1025
ABC RESULTS:   AOI21xp33_ASAP7_75t_R cells:     1025
ABC RESULTS:   AOI221xp5_ASAP7_75t_R cells:        1
ABC RESULTS:   INVx1_ASAP7_75t_R cells:     3171
ABC RESULTS:   NAND2xp33_ASAP7_75t_R cells:        3
ABC RESULTS:   NOR2xp33_ASAP7_75t_R cells:     1026
ABC RESULTS:   NOR4xp25_ASAP7_75t_R cells:        1
ABC RESULTS:   O2A1O1Ixp33_ASAP7_75t_R cells:        1
ABC RESULTS:   OAI21xp33_ASAP7_75t_R cells:     1024
ABC RESULTS:   OAI22xp33_ASAP7_75t_R cells:     1071
ABC RESULTS:   OAI32xp33_ASAP7_75t_R cells:     1024
ABC RESULTS:        internal signals:    15486
ABC RESULTS:           input signals:     5355
ABC RESULTS:          output signals:     4197
Removing temp directory.

10.36. Extracting gate netlist of module `\MSHR_4$Scheduler.mshrs_1' to `<abc-temp-dir>/input.blif'..
ABC: using cached merged SCL: /tmp/yosys-liberty-scl-cache/yosys_merged_61c8ca31.scl (1 files)
Replacing 7215 occurrences of constant undef bits with constant zero bits

10.36.1. Executed ABC.
Extracted 19681 gates and 25038 wires to a netlist network with 5355 inputs and 4197 outputs.
Running ABC script: <abc-temp-dir>/abc.script
ABC: UC Berkeley, ABC 1.01 (compiled Jun  3 2026 15:06:41)
ABC: abc 01> empty
ABC: abc 01> source <abc-temp-dir>/abc.script
ABC: + read_blif <abc-temp-dir>/input.blif 
ABC: + read_scl /tmp/yosys-liberty-scl-cache/yosys_merged_61c8ca31.scl 
ABC: Warning: Detected 2 multi-output cells (for example, "FAx1_ASAP7_75t_R").
ABC: + strash 
ABC: + &get -n 
ABC: + &fraig -x 
ABC: + &put 
ABC: + scorr 
ABC: Warning: The network is combinational (run "fraig" or "fraig_sweep").
ABC: + dc2 
ABC: + dretime 
ABC: + retime -o -D 1000 
ABC: + strash 
ABC: + &get -n 
ABC: + &dch -f 
ABC: + &nf -D 1000 
ABC: + &put 
ABC: + write_blif <abc-temp-dir>/output.blif 
ABC: 
ABC: YOSYS_ABC_DONE 

10.36.2. Re-integrating ABC results.
ABC RESULTS:   A2O1A1Ixp33_ASAP7_75t_R cells:        1
ABC RESULTS:   AOI211xp5_ASAP7_75t_R cells:     1025
ABC RESULTS:   AOI21xp33_ASAP7_75t_R cells:     1025
ABC RESULTS:   AOI221xp5_ASAP7_75t_R cells:        1
ABC RESULTS:   INVx1_ASAP7_75t_R cells:     3171
ABC RESULTS:   NAND2xp33_ASAP7_75t_R cells:        3
ABC RESULTS:   NOR2xp33_ASAP7_75t_R cells:     1026
ABC RESULTS:   NOR4xp25_ASAP7_75t_R cells:        1
ABC RESULTS:   O2A1O1Ixp33_ASAP7_75t_R cells:        1
ABC RESULTS:   OAI21xp33_ASAP7_75t_R cells:     1024
ABC RESULTS:   OAI22xp33_ASAP7_75t_R cells:     1071
ABC RESULTS:   OAI32xp33_ASAP7_75t_R cells:     1024
ABC RESULTS:        internal signals:    15486
ABC RESULTS:           input signals:     5355
ABC RESULTS:          output signals:     4197
Removing temp directory.

10.37. Extracting gate netlist of module `\MSHR_4$Scheduler.mshrs_0' to `<abc-temp-dir>/input.blif'..
ABC: using cached merged SCL: /tmp/yosys-liberty-scl-cache/yosys_merged_61c8ca31.scl (1 files)
Replacing 7215 occurrences of constant undef bits with constant zero bits

10.37.1. Executed ABC.
Extracted 19681 gates and 25038 wires to a netlist network with 5355 inputs and 4197 outputs.
Running ABC script: <abc-temp-dir>/abc.script
ABC: UC Berkeley, ABC 1.01 (compiled Jun  3 2026 15:06:41)
ABC: abc 01> empty
ABC: abc 01> source <abc-temp-dir>/abc.script
ABC: + read_blif <abc-temp-dir>/input.blif 
ABC: + read_scl /tmp/yosys-liberty-scl-cache/yosys_merged_61c8ca31.scl 
ABC: Warning: Detected 2 multi-output cells (for example, "FAx1_ASAP7_75t_R").
ABC: + strash 
ABC: + &get -n 
ABC: + &fraig -x 
ABC: + &put 
ABC: + scorr 
ABC: Warning: The network is combinational (run "fraig" or "fraig_sweep").
ABC: + dc2 
ABC: + dretime 
ABC: + retime -o -D 1000 
ABC: + strash 
ABC: + &get -n 
ABC: + &dch -f 
ABC: + &nf -D 1000 
ABC: + &put 
ABC: + write_blif <abc-temp-dir>/output.blif 
ABC: 
ABC: YOSYS_ABC_DONE 

10.37.2. Re-integrating ABC results.
ABC RESULTS:   A2O1A1Ixp33_ASAP7_75t_R cells:        1
ABC RESULTS:   AOI211xp5_ASAP7_75t_R cells:     1025
ABC RESULTS:   AOI21xp33_ASAP7_75t_R cells:     1025
ABC RESULTS:   AOI221xp5_ASAP7_75t_R cells:        1
ABC RESULTS:   INVx1_ASAP7_75t_R cells:     3171
ABC RESULTS:   NAND2xp33_ASAP7_75t_R cells:        3
ABC RESULTS:   NOR2xp33_ASAP7_75t_R cells:     1026
ABC RESULTS:   NOR4xp25_ASAP7_75t_R cells:        1
ABC RESULTS:   O2A1O1Ixp33_ASAP7_75t_R cells:        1
ABC RESULTS:   OAI21xp33_ASAP7_75t_R cells:     1024
ABC RESULTS:   OAI22xp33_ASAP7_75t_R cells:     1071
ABC RESULTS:   OAI32xp33_ASAP7_75t_R cells:     1024
ABC RESULTS:        internal signals:    15486
ABC RESULTS:           input signals:     5355
ABC RESULTS:          output signals:     4197
Removing temp directory.

10.38. Extracting gate netlist of module `\ListBuffer_1$Scheduler.requests' to `<abc-temp-dir>/input.blif'..
ABC: using cached merged SCL: /tmp/yosys-liberty-scl-cache/yosys_merged_61c8ca31.scl (1 files)

10.38.1. Executed ABC.
Extracted 1026 gates and 1124 wires to a netlist network with 97 inputs and 110 outputs.
Running ABC script: <abc-temp-dir>/abc.script
ABC: UC Berkeley, ABC 1.01 (compiled Jun  3 2026 15:06:41)
ABC: abc 01> empty
ABC: abc 01> source <abc-temp-dir>/abc.script
ABC: + read_blif <abc-temp-dir>/input.blif 
ABC: + read_scl /tmp/yosys-liberty-scl-cache/yosys_merged_61c8ca31.scl 
ABC: Warning: Detected 2 multi-output cells (for example, "FAx1_ASAP7_75t_R").
ABC: + strash 
ABC: + &get -n 
ABC: + &fraig -x 
ABC: + &put 
ABC: + scorr 
ABC: Warning: The network is combinational (run "fraig" or "fraig_sweep").
ABC: + dc2 
ABC: + dretime 
ABC: + retime -o -D 1000 
ABC: + strash 
ABC: + &get -n 
ABC: + &dch -f 
ABC: + &nf -D 1000 
ABC: + &put 
ABC: + write_blif <abc-temp-dir>/output.blif 
ABC: 
ABC: YOSYS_ABC_DONE 

10.38.2. Re-integrating ABC results.
ABC RESULTS:   A2O1A1Ixp33_ASAP7_75t_R cells:        1
ABC RESULTS:   A2O1A1O1Ixp25_ASAP7_75t_R cells:       11
ABC RESULTS:   AND2x2_ASAP7_75t_R cells:        3
ABC RESULTS:   AND3x1_ASAP7_75t_R cells:       13
ABC RESULTS:   AND4x1_ASAP7_75t_R cells:        2
ABC RESULTS:   AND5x1_ASAP7_75t_R cells:        1
ABC RESULTS:   AO21x1_ASAP7_75t_R cells:       10
ABC RESULTS:   AOI211xp5_ASAP7_75t_R cells:       12
ABC RESULTS:   AOI21xp33_ASAP7_75t_R cells:       12
ABC RESULTS:   AOI221xp5_ASAP7_75t_R cells:        3
ABC RESULTS:   AOI22xp33_ASAP7_75t_R cells:        3
ABC RESULTS:   AOI31xp33_ASAP7_75t_R cells:       13
ABC RESULTS:   AOI32xp33_ASAP7_75t_R cells:        3
ABC RESULTS:   INVx1_ASAP7_75t_R cells:       78
ABC RESULTS:   NAND2xp33_ASAP7_75t_R cells:       37
ABC RESULTS:   NAND3xp33_ASAP7_75t_R cells:       33
ABC RESULTS:   NAND4xp25_ASAP7_75t_R cells:       17
ABC RESULTS:   NAND5xp2_ASAP7_75t_R cells:        7
ABC RESULTS:   NOR2xp33_ASAP7_75t_R cells:       45
ABC RESULTS:   NOR3xp33_ASAP7_75t_R cells:       36
ABC RESULTS:   NOR4xp25_ASAP7_75t_R cells:       15
ABC RESULTS:   NOR5xp2_ASAP7_75t_R cells:        8
ABC RESULTS:   O2A1O1Ixp33_ASAP7_75t_R cells:       37
ABC RESULTS:   OA21x2_ASAP7_75t_R cells:        5
ABC RESULTS:   OA31x2_ASAP7_75t_R cells:        1
ABC RESULTS:   OAI21xp33_ASAP7_75t_R cells:        5
ABC RESULTS:   OAI221xp5_ASAP7_75t_R cells:        3
ABC RESULTS:   OAI22xp33_ASAP7_75t_R cells:        5
ABC RESULTS:   OAI311xp33_ASAP7_75t_R cells:        2
ABC RESULTS:   OAI31xp33_ASAP7_75t_R cells:       10
ABC RESULTS:   OAI32xp33_ASAP7_75t_R cells:        1
ABC RESULTS:   OR2x2_ASAP7_75t_R cells:        3
ABC RESULTS:   OR3x1_ASAP7_75t_R cells:        2
ABC RESULTS:   OR4x1_ASAP7_75t_R cells:       14
ABC RESULTS:   OR5x1_ASAP7_75t_R cells:        2
ABC RESULTS:   XNOR2xp5_ASAP7_75t_R cells:        1
ABC RESULTS:   XOR2xp5_ASAP7_75t_R cells:        3
ABC RESULTS:        internal signals:      917
ABC RESULTS:           input signals:       97
ABC RESULTS:          output signals:      110
Removing temp directory.

10.39. Extracting gate netlist of module `\BankedStore$Scheduler.bankedStore' to `<abc-temp-dir>/input.blif'..
ABC: using cached merged SCL: /tmp/yosys-liberty-scl-cache/yosys_merged_61c8ca31.scl (1 files)

10.39.1. Executed ABC.
Extracted 1164 gates and 3363 wires to a netlist network with 2198 inputs and 1164 outputs.
Running ABC script: <abc-temp-dir>/abc.script
ABC: UC Berkeley, ABC 1.01 (compiled Jun  3 2026 15:06:41)
ABC: abc 01> empty
ABC: abc 01> source <abc-temp-dir>/abc.script
ABC: + read_blif <abc-temp-dir>/input.blif 
ABC: + read_scl /tmp/yosys-liberty-scl-cache/yosys_merged_61c8ca31.scl 
ABC: Warning: Detected 2 multi-output cells (for example, "FAx1_ASAP7_75t_R").
ABC: + strash 
ABC: + &get -n 
ABC: + &fraig -x 
ABC: + &put 
ABC: + scorr 
ABC: Warning: The network is combinational (run "fraig" or "fraig_sweep").
ABC: + dc2 
ABC: + dretime 
ABC: + retime -o -D 1000 
ABC: + strash 
ABC: + &get -n 
ABC: + &dch -f 
ABC: + &nf -D 1000 
ABC: + &put 
ABC: + write_blif <abc-temp-dir>/output.blif 
ABC: 
ABC: YOSYS_ABC_DONE 

10.39.2. Re-integrating ABC results.
ABC RESULTS:   INVx1_ASAP7_75t_R cells:     1035
ABC RESULTS:   NAND2xp33_ASAP7_75t_R cells:     1034
ABC RESULTS:   OAI21xp33_ASAP7_75t_R cells:     1034
ABC RESULTS:   OR2x2_ASAP7_75t_R cells:      129
ABC RESULTS:        internal signals:        1
ABC RESULTS:           input signals:     2198
ABC RESULTS:          output signals:     1164
Removing temp directory.

10.40. Extracting gate netlist of module `\Directory_test$Scheduler.directory' to `<abc-temp-dir>/input.blif'..
ABC: using cached merged SCL: /tmp/yosys-liberty-scl-cache/yosys_merged_61c8ca31.scl (1 files)
Replacing 1412 occurrences of constant undef bits with constant zero bits

10.40.1. Executed ABC.
Extracted 54221 gates and 59340 wires to a netlist network with 5116 inputs and 4811 outputs.
Running ABC script: <abc-temp-dir>/abc.script
ABC: UC Berkeley, ABC 1.01 (compiled Jun  3 2026 15:06:41)
ABC: abc 01> empty
ABC: abc 01> source <abc-temp-dir>/abc.script
ABC: + read_blif <abc-temp-dir>/input.blif 
ABC: + read_scl /tmp/yosys-liberty-scl-cache/yosys_merged_61c8ca31.scl 
ABC: Warning: Detected 2 multi-output cells (for example, "FAx1_ASAP7_75t_R").
ABC: + strash 
ABC: + &get -n 
ABC: + &fraig -x 
ABC: + &put 
ABC: + scorr 
ABC: Warning: The network is combinational (run "fraig" or "fraig_sweep").
ABC: + dc2 
ABC: + dretime 
ABC: + retime -o -D 1000 
ABC: + strash 
ABC: + &get -n 
ABC: + &dch -f 
ABC: + &nf -D 1000 
ABC: + &put 
ABC: + write_blif <abc-temp-dir>/output.blif 
ABC: 
ABC: YOSYS_ABC_DONE 

10.40.2. Re-integrating ABC results.
ABC RESULTS:   A2O1A1Ixp33_ASAP7_75t_R cells:      333
ABC RESULTS:   A2O1A1O1Ixp25_ASAP7_75t_R cells:      401
ABC RESULTS:   AND2x2_ASAP7_75t_R cells:      116
ABC RESULTS:   AND3x1_ASAP7_75t_R cells:       53
ABC RESULTS:   AND4x1_ASAP7_75t_R cells:       91
ABC RESULTS:   AND5x1_ASAP7_75t_R cells:        3
ABC RESULTS:   AO21x1_ASAP7_75t_R cells:      277
ABC RESULTS:   AO221x1_ASAP7_75t_R cells:       18
ABC RESULTS:   AO222x2_ASAP7_75t_R cells:        2
ABC RESULTS:   AO22x1_ASAP7_75t_R cells:        1
ABC RESULTS:   AO32x1_ASAP7_75t_R cells:        3
ABC RESULTS:   AO33x2_ASAP7_75t_R cells:        1
ABC RESULTS:   AOI211xp5_ASAP7_75t_R cells:     1111
ABC RESULTS:   AOI21xp33_ASAP7_75t_R cells:     1112
ABC RESULTS:   AOI221xp5_ASAP7_75t_R cells:      210
ABC RESULTS:   AOI222xp33_ASAP7_75t_R cells:        4
ABC RESULTS:   AOI22xp33_ASAP7_75t_R cells:      357
ABC RESULTS:   AOI311xp33_ASAP7_75t_R cells:      177
ABC RESULTS:   AOI31xp33_ASAP7_75t_R cells:      154
ABC RESULTS:   AOI321xp33_ASAP7_75t_R cells:       11
ABC RESULTS:   AOI32xp33_ASAP7_75t_R cells:       24
ABC RESULTS:   AOI33xp33_ASAP7_75t_R cells:        1
ABC RESULTS:   INVx1_ASAP7_75t_R cells:     1010
ABC RESULTS:   NAND2xp33_ASAP7_75t_R cells:     3092
ABC RESULTS:   NAND3xp33_ASAP7_75t_R cells:      681
ABC RESULTS:   NAND4xp25_ASAP7_75t_R cells:      131
ABC RESULTS:   NAND5xp2_ASAP7_75t_R cells:      108
ABC RESULTS:   NOR2xp33_ASAP7_75t_R cells:     2021
ABC RESULTS:   NOR3xp33_ASAP7_75t_R cells:      624
ABC RESULTS:   NOR4xp25_ASAP7_75t_R cells:      347
ABC RESULTS:   NOR5xp2_ASAP7_75t_R cells:       21
ABC RESULTS:   O2A1O1Ixp33_ASAP7_75t_R cells:     2049
ABC RESULTS:   OA211x2_ASAP7_75t_R cells:      113
ABC RESULTS:   OA21x2_ASAP7_75t_R cells:      305
ABC RESULTS:   OA33x2_ASAP7_75t_R cells:        1
ABC RESULTS:   OAI211xp5_ASAP7_75t_R cells:      741
ABC RESULTS:   OAI21xp33_ASAP7_75t_R cells:     1274
ABC RESULTS:   OAI221xp5_ASAP7_75t_R cells:      173
ABC RESULTS:   OAI222xp33_ASAP7_75t_R cells:        8
ABC RESULTS:   OAI22xp33_ASAP7_75t_R cells:      741
ABC RESULTS:   OAI311xp33_ASAP7_75t_R cells:      164
ABC RESULTS:   OAI31xp33_ASAP7_75t_R cells:      247
ABC RESULTS:   OAI321xp33_ASAP7_75t_R cells:        5
ABC RESULTS:   OAI32xp33_ASAP7_75t_R cells:      182
ABC RESULTS:   OAI33xp33_ASAP7_75t_R cells:        1
ABC RESULTS:   OR2x2_ASAP7_75t_R cells:       53
ABC RESULTS:   OR3x1_ASAP7_75t_R cells:       61
ABC RESULTS:   OR4x1_ASAP7_75t_R cells:      195
ABC RESULTS:   OR5x1_ASAP7_75t_R cells:       34
ABC RESULTS:   XNOR2xp5_ASAP7_75t_R cells:      149
ABC RESULTS:   XOR2xp5_ASAP7_75t_R cells:      128
ABC RESULTS:        internal signals:    49413
ABC RESULTS:           input signals:     5116
ABC RESULTS:          output signals:     4811
Removing temp directory.

10.41. Extracting gate netlist of module `\SinkD$Scheduler.sinkD' to `<abc-temp-dir>/input.blif'..
ABC: using cached merged SCL: /tmp/yosys-liberty-scl-cache/yosys_merged_61c8ca31.scl (1 files)

10.41.1. Executed ABC.
Extracted 1045 gates and 2092 wires to a netlist network with 1046 inputs and 1045 outputs.
Running ABC script: <abc-temp-dir>/abc.script
ABC: UC Berkeley, ABC 1.01 (compiled Jun  3 2026 15:06:41)
ABC: abc 01> empty
ABC: abc 01> source <abc-temp-dir>/abc.script
ABC: + read_blif <abc-temp-dir>/input.blif 
ABC: + read_scl /tmp/yosys-liberty-scl-cache/yosys_merged_61c8ca31.scl 
ABC: Warning: Detected 2 multi-output cells (for example, "FAx1_ASAP7_75t_R").
ABC: + strash 
ABC: + &get -n 
ABC: + &fraig -x 
ABC: + &put 
ABC: + scorr 
ABC: Warning: The network is combinational (run "fraig" or "fraig_sweep").
ABC: + dc2 
ABC: + dretime 
ABC: + retime -o -D 1000 
ABC: + strash 
ABC: + &get -n 
ABC: + &dch -f 
ABC: + &nf -D 1000 
ABC: + &put 
ABC: + write_blif <abc-temp-dir>/output.blif 
ABC: 
ABC: YOSYS_ABC_DONE 

10.41.2. Re-integrating ABC results.
ABC RESULTS:   INVx1_ASAP7_75t_R cells:     1045
ABC RESULTS:   NOR2xp33_ASAP7_75t_R cells:        1
ABC RESULTS:        internal signals:        1
ABC RESULTS:           input signals:     1046
ABC RESULTS:          output signals:     1045
Removing temp directory.

10.42. Extracting gate netlist of module `\SinkA$Scheduler.sinkA' to `<abc-temp-dir>/input.blif'..
ABC: using cached merged SCL: /tmp/yosys-liberty-scl-cache/yosys_merged_61c8ca31.scl (1 files)

10.42.1. Executed ABC.
Extracted 755 gates and 833 wires to a netlist network with 77 inputs and 41 outputs.
Running ABC script: <abc-temp-dir>/abc.script
ABC: UC Berkeley, ABC 1.01 (compiled Jun  3 2026 15:06:41)
ABC: abc 01> empty
ABC: abc 01> source <abc-temp-dir>/abc.script
ABC: + read_blif <abc-temp-dir>/input.blif 
ABC: + read_scl /tmp/yosys-liberty-scl-cache/yosys_merged_61c8ca31.scl 
ABC: Warning: Detected 2 multi-output cells (for example, "FAx1_ASAP7_75t_R").
ABC: + strash 
ABC: + &get -n 
ABC: + &fraig -x 
ABC: + &put 
ABC: + scorr 
ABC: Warning: The network is combinational (run "fraig" or "fraig_sweep").
ABC: + dc2 
ABC: + dretime 
ABC: + retime -o -D 1000 
ABC: + strash 
ABC: + &get -n 
ABC: + &dch -f 
ABC: + &nf -D 1000 
ABC: + &put 
ABC: + write_blif <abc-temp-dir>/output.blif 
ABC: 
ABC: YOSYS_ABC_DONE 

10.42.2. Re-integrating ABC results.
ABC RESULTS:   A2O1A1Ixp33_ASAP7_75t_R cells:        2
ABC RESULTS:   AND2x2_ASAP7_75t_R cells:        4
ABC RESULTS:   AND3x1_ASAP7_75t_R cells:        6
ABC RESULTS:   AND4x1_ASAP7_75t_R cells:        5
ABC RESULTS:   AND5x1_ASAP7_75t_R cells:        1
ABC RESULTS:   AO21x1_ASAP7_75t_R cells:        6
ABC RESULTS:   AO221x1_ASAP7_75t_R cells:        1
ABC RESULTS:   AO222x2_ASAP7_75t_R cells:        4
ABC RESULTS:   AO32x1_ASAP7_75t_R cells:       15
ABC RESULTS:   AOI211xp5_ASAP7_75t_R cells:        4
ABC RESULTS:   AOI21xp33_ASAP7_75t_R cells:        6
ABC RESULTS:   AOI221xp5_ASAP7_75t_R cells:        2
ABC RESULTS:   AOI22xp33_ASAP7_75t_R cells:        3
ABC RESULTS:   AOI311xp33_ASAP7_75t_R cells:        1
ABC RESULTS:   AOI31xp33_ASAP7_75t_R cells:        4
ABC RESULTS:   AOI321xp33_ASAP7_75t_R cells:       15
ABC RESULTS:   AOI32xp33_ASAP7_75t_R cells:       17
ABC RESULTS:   INVx1_ASAP7_75t_R cells:       16
ABC RESULTS:   NAND2xp33_ASAP7_75t_R cells:       26
ABC RESULTS:   NAND3xp33_ASAP7_75t_R cells:       21
ABC RESULTS:   NAND4xp25_ASAP7_75t_R cells:        8
ABC RESULTS:   NAND5xp2_ASAP7_75t_R cells:        3
ABC RESULTS:   NOR2xp33_ASAP7_75t_R cells:       35
ABC RESULTS:   NOR3xp33_ASAP7_75t_R cells:       13
ABC RESULTS:   NOR4xp25_ASAP7_75t_R cells:        8
ABC RESULTS:   NOR5xp2_ASAP7_75t_R cells:        7
ABC RESULTS:   O2A1O1Ixp33_ASAP7_75t_R cells:        2
ABC RESULTS:   OA21x2_ASAP7_75t_R cells:        1
ABC RESULTS:   OAI211xp5_ASAP7_75t_R cells:        4
ABC RESULTS:   OAI21xp33_ASAP7_75t_R cells:        3
ABC RESULTS:   OAI22xp33_ASAP7_75t_R cells:        1
ABC RESULTS:   OAI311xp33_ASAP7_75t_R cells:        1
ABC RESULTS:   OAI31xp33_ASAP7_75t_R cells:        2
ABC RESULTS:   OR2x2_ASAP7_75t_R cells:        2
ABC RESULTS:   OR3x1_ASAP7_75t_R cells:        2
ABC RESULTS:   OR4x1_ASAP7_75t_R cells:        4
ABC RESULTS:   OR5x1_ASAP7_75t_R cells:        2
ABC RESULTS:        internal signals:      715
ABC RESULTS:           input signals:       77
ABC RESULTS:          output signals:       41
Removing temp directory.

10.43. Extracting gate netlist of module `\SourceD$Scheduler.sourceD' to `<abc-temp-dir>/input.blif'..
ABC: using cached merged SCL: /tmp/yosys-liberty-scl-cache/yosys_merged_61c8ca31.scl (1 files)
Replacing 2600 occurrences of constant undef bits with constant zero bits

10.43.1. Executed ABC.
Extracted 16677 gates and 23694 wires to a netlist network with 7014 inputs and 7012 outputs.
Running ABC script: <abc-temp-dir>/abc.script
ABC: UC Berkeley, ABC 1.01 (compiled Jun  3 2026 15:06:41)
ABC: abc 01> empty
ABC: abc 01> source <abc-temp-dir>/abc.script
ABC: + read_blif <abc-temp-dir>/input.blif 
ABC: + read_scl /tmp/yosys-liberty-scl-cache/yosys_merged_61c8ca31.scl 
ABC: Warning: Detected 2 multi-output cells (for example, "FAx1_ASAP7_75t_R").
ABC: + strash 
ABC: + &get -n 
ABC: + &fraig -x 
ABC: + &put 
ABC: + scorr 
ABC: Warning: The network is combinational (run "fraig" or "fraig_sweep").
ABC: + dc2 
ABC: + dretime 
ABC: + retime -o -D 1000 
ABC: + strash 
ABC: + &get -n 
ABC: + &dch -f 
ABC: + &nf -D 1000 
ABC: + &put 
ABC: + write_blif <abc-temp-dir>/output.blif 
ABC: 
ABC: YOSYS_ABC_DONE 

10.43.2. Re-integrating ABC results.
ABC RESULTS:   A2O1A1Ixp33_ASAP7_75t_R cells:        3
ABC RESULTS:   A2O1A1O1Ixp25_ASAP7_75t_R cells:        1
ABC RESULTS:   AND2x2_ASAP7_75t_R cells:        2
ABC RESULTS:   AND3x1_ASAP7_75t_R cells:        2
ABC RESULTS:   AO21x1_ASAP7_75t_R cells:        1
ABC RESULTS:   AOI211xp5_ASAP7_75t_R cells:     2373
ABC RESULTS:   AOI21xp33_ASAP7_75t_R cells:     2380
ABC RESULTS:   AOI221xp5_ASAP7_75t_R cells:        1
ABC RESULTS:   AOI31xp33_ASAP7_75t_R cells:        3
ABC RESULTS:   HB1xp67_ASAP7_75t_R cells:        1
ABC RESULTS:   INVx1_ASAP7_75t_R cells:      207
ABC RESULTS:   NAND2xp33_ASAP7_75t_R cells:     2059
ABC RESULTS:   NAND3xp33_ASAP7_75t_R cells:        9
ABC RESULTS:   NAND4xp25_ASAP7_75t_R cells:        3
ABC RESULTS:   NAND5xp2_ASAP7_75t_R cells:        2
ABC RESULTS:   NOR2xp33_ASAP7_75t_R cells:     2381
ABC RESULTS:   NOR3xp33_ASAP7_75t_R cells:        4
ABC RESULTS:   NOR4xp25_ASAP7_75t_R cells:        1
ABC RESULTS:   O2A1O1Ixp33_ASAP7_75t_R cells:     1028
ABC RESULTS:   OA211x2_ASAP7_75t_R cells:        1
ABC RESULTS:   OA21x2_ASAP7_75t_R cells:        3
ABC RESULTS:   OAI211xp5_ASAP7_75t_R cells:        3
ABC RESULTS:   OAI21xp33_ASAP7_75t_R cells:     1029
ABC RESULTS:   OAI311xp33_ASAP7_75t_R cells:        2
ABC RESULTS:   OAI31xp33_ASAP7_75t_R cells:        4
ABC RESULTS:   OR2x2_ASAP7_75t_R cells:        2
ABC RESULTS:   OR3x1_ASAP7_75t_R cells:        2
ABC RESULTS:   OR4x1_ASAP7_75t_R cells:        4
ABC RESULTS:        internal signals:     9668
ABC RESULTS:           input signals:     7014
ABC RESULTS:          output signals:     7012
Removing temp directory.

10.44. Extracting gate netlist of module `\SourceA$Scheduler.sourceA' to `<abc-temp-dir>/input.blif'..
ABC: using cached merged SCL: /tmp/yosys-liberty-scl-cache/yosys_merged_61c8ca31.scl (1 files)

10.44.1. Executed ABC.
Extracted 0 gates and 0 wires to a netlist network with 0 inputs and 0 outputs.
Don't call ABC as there is nothing to map.
Removing temp directory.

10.45. Extracting gate netlist of module `\Scheduler' to `<abc-temp-dir>/input.blif'..
ABC: using cached merged SCL: /tmp/yosys-liberty-scl-cache/yosys_merged_61c8ca31.scl (1 files)
Replacing 32 occurrences of constant undef bits with constant zero bits

10.45.1. Executed ABC.
Extracted 252957 gates and 360416 wires to a netlist network with 107457 inputs and 38002 outputs.
Running ABC script: <abc-temp-dir>/abc.script
ABC: UC Berkeley, ABC 1.01 (compiled Jun  3 2026 15:06:41)
ABC: abc 01> empty
ABC: abc 01> source <abc-temp-dir>/abc.script
ABC: + read_blif <abc-temp-dir>/input.blif 
ABC: + read_scl /tmp/yosys-liberty-scl-cache/yosys_merged_61c8ca31.scl 
ABC: Warning: Detected 2 multi-output cells (for example, "FAx1_ASAP7_75t_R").
ABC: + strash 
ABC: + &get -n 
ABC: + &fraig -x 
ABC: + &put 
ABC: + scorr 
ABC: Warning: The network is combinational (run "fraig" or "fraig_sweep").
ABC: + dc2 
ABC: + dretime 
ABC: + retime -o -D 1000 
ABC: + strash 
ABC: + &get -n 
ABC: + &dch -f 
ABC: + &nf -D 1000 
ABC: + &put 
ABC: + write_blif <abc-temp-dir>/output.blif 
ABC: 
ABC: YOSYS_ABC_DONE 

10.45.2. Re-integrating ABC results.
ABC RESULTS:   A2O1A1Ixp33_ASAP7_75t_R cells:      162
ABC RESULTS:   AND2x2_ASAP7_75t_R cells:    29736
ABC RESULTS:   AND3x1_ASAP7_75t_R cells:     4362
ABC RESULTS:   AND4x1_ASAP7_75t_R cells:     2555
ABC RESULTS:   AND5x1_ASAP7_75t_R cells:       74
ABC RESULTS:   AO21x1_ASAP7_75t_R cells:      668
ABC RESULTS:   AO221x1_ASAP7_75t_R cells:        1
ABC RESULTS:   AO222x2_ASAP7_75t_R cells:      585
ABC RESULTS:   AO22x1_ASAP7_75t_R cells:      354
ABC RESULTS:   AO32x1_ASAP7_75t_R cells:        2
ABC RESULTS:   AO33x2_ASAP7_75t_R cells:        2
ABC RESULTS:   AOI211xp5_ASAP7_75t_R cells:      723
ABC RESULTS:   AOI21xp33_ASAP7_75t_R cells:     1631
ABC RESULTS:   AOI221xp5_ASAP7_75t_R cells:     8212
ABC RESULTS:   AOI222xp33_ASAP7_75t_R cells:     7599
ABC RESULTS:   AOI22xp33_ASAP7_75t_R cells:    26855
ABC RESULTS:   AOI311xp33_ASAP7_75t_R cells:      330
ABC RESULTS:   AOI31xp33_ASAP7_75t_R cells:      360
ABC RESULTS:   AOI32xp33_ASAP7_75t_R cells:      618
ABC RESULTS:   AOI33xp33_ASAP7_75t_R cells:        3
ABC RESULTS:   INVx1_ASAP7_75t_R cells:     2584
ABC RESULTS:   NAND2xp33_ASAP7_75t_R cells:     4929
ABC RESULTS:   NAND3xp33_ASAP7_75t_R cells:     4541
ABC RESULTS:   NAND4xp25_ASAP7_75t_R cells:     1256
ABC RESULTS:   NAND5xp2_ASAP7_75t_R cells:     3405
ABC RESULTS:   NOR2xp33_ASAP7_75t_R cells:      775
ABC RESULTS:   NOR3xp33_ASAP7_75t_R cells:      386
ABC RESULTS:   NOR4xp25_ASAP7_75t_R cells:      176
ABC RESULTS:   NOR5xp2_ASAP7_75t_R cells:       32
ABC RESULTS:   O2A1O1Ixp33_ASAP7_75t_R cells:       70
ABC RESULTS:   OA211x2_ASAP7_75t_R cells:        4
ABC RESULTS:   OA21x2_ASAP7_75t_R cells:       13
ABC RESULTS:   OA222x2_ASAP7_75t_R cells:        2
ABC RESULTS:   OA22x2_ASAP7_75t_R cells:        6
ABC RESULTS:   OA31x2_ASAP7_75t_R cells:        1
ABC RESULTS:   OA33x2_ASAP7_75t_R cells:        3
ABC RESULTS:   OAI211xp5_ASAP7_75t_R cells:      371
ABC RESULTS:   OAI21xp33_ASAP7_75t_R cells:     2100
ABC RESULTS:   OAI221xp5_ASAP7_75t_R cells:      120
ABC RESULTS:   OAI222xp33_ASAP7_75t_R cells:        5
ABC RESULTS:   OAI22xp33_ASAP7_75t_R cells:      201
ABC RESULTS:   OAI311xp33_ASAP7_75t_R cells:        2
ABC RESULTS:   OAI31xp33_ASAP7_75t_R cells:       11
ABC RESULTS:   OAI32xp33_ASAP7_75t_R cells:       15
ABC RESULTS:   OAI33xp33_ASAP7_75t_R cells:       10
ABC RESULTS:   OR2x2_ASAP7_75t_R cells:       31
ABC RESULTS:   OR3x1_ASAP7_75t_R cells:       13
ABC RESULTS:   OR4x1_ASAP7_75t_R cells:       44
ABC RESULTS:   OR5x1_ASAP7_75t_R cells:        8
ABC RESULTS:   XNOR2xp5_ASAP7_75t_R cells:      211
ABC RESULTS:   XOR2xp5_ASAP7_75t_R cells:      118
ABC RESULTS:        internal signals:   214957
ABC RESULTS:           input signals:   107457
ABC RESULTS:          output signals:    38002
Removing temp directory.
Removing global temp directory.
Removed 0 unused cells and 472759 unused wires.
{
   "creator": "Yosys 0.64+308 (git sha1 78e05dfb0, Release, Clang /usr/bin/clang++ 18.1.8)",
   "invocation": "stat -json -liberty ${REMOTE_STORAGE_ROOT}/ventus-cost-v1c-20261006/mapping.lib ",
   "modules": {
      "\\SRAMTemplate_139$Scheduler.bankedStore.cc_banks": {
         "num_wires":         20583,
         "num_wire_bits":     23543,
         "num_pub_wires":     263,
         "num_pub_wire_bits": 3223,
         "num_ports":         262,
         "num_port_bits":     2199,
         "num_memories":      0,
         "num_memory_bits":   0,
         "num_processes":     0,
         "num_cells":         21345,
         "num_submodules":       0,
         "area":              3240.434160,
         "sequential_area":    2432.235600,
         "num_cells_by_type": {
            "AND2x2_ASAP7_75t_R": 1,
            "AND4x1_ASAP7_75t_R": 104,
            "AO222x2_ASAP7_75t_R": 1,
            "AOI22xp33_ASAP7_75t_R": 2,
            "DFFHQNx1_ASAP7_75t_R": 8341,
            "INVx1_ASAP7_75t_R": 7946,
            "NAND2xp33_ASAP7_75t_R": 4,
            "NAND3xp33_ASAP7_75t_R": 4,
            "NAND4xp25_ASAP7_75t_R": 334,
            "NAND5xp2_ASAP7_75t_R": 845,
            "NOR2xp33_ASAP7_75t_R": 3,
            "NOR3xp33_ASAP7_75t_R": 8,
            "NOR4xp25_ASAP7_75t_R": 754,
            "NOR5xp2_ASAP7_75t_R": 20,
            "OA22x2_ASAP7_75t_R": 1,
            "OAI21xp33_ASAP7_75t_R": 1148,
            "OAI221xp5_ASAP7_75t_R": 1,
            "OAI22xp33_ASAP7_75t_R": 2,
            "OAI31xp33_ASAP7_75t_R": 1024,
            "OR3x1_ASAP7_75t_R": 128,
            "OR4x1_ASAP7_75t_R": 286,
            "OR5x1_ASAP7_75t_R": 1,
            "XNOR2xp5_ASAP7_75t_R": 258,
            "XOR2xp5_ASAP7_75t_R": 128,
            "array_1024x1024": 1
         }
      },
      "\\SRAMTemplate_138$Scheduler.directory.cc_dir": {
         "num_wires":         1998,
         "num_wire_bits":     3215,
         "num_pub_wires":     56,
         "num_pub_wire_bits": 1248,
         "num_ports":         39,
         "num_port_bits":     640,
         "num_memories":      0,
         "num_memory_bits":   0,
         "num_processes":     0,
         "num_cells":         2576,
         "num_submodules":       0,
         "area":              359.265780,
         "sequential_area":    188.082000,
         "num_cells_by_type": {
            "A2O1A1Ixp33_ASAP7_75t_R": 304,
            "A2O1A1O1Ixp25_ASAP7_75t_R": 304,
            "AND2x2_ASAP7_75t_R": 305,
            "AND3x1_ASAP7_75t_R": 2,
            "AO21x1_ASAP7_75t_R": 1,
            "AOI211xp5_ASAP7_75t_R": 1,
            "AOI21xp33_ASAP7_75t_R": 2,
            "AOI221xp5_ASAP7_75t_R": 1,
            "DFFHQNx1_ASAP7_75t_R": 645,
            "INVx1_ASAP7_75t_R": 38,
            "NAND2xp33_ASAP7_75t_R": 327,
            "NAND5xp2_ASAP7_75t_R": 16,
            "NOR2xp33_ASAP7_75t_R": 2,
            "O2A1O1Ixp33_ASAP7_75t_R": 1,
            "OA222x2_ASAP7_75t_R": 1,
            "OAI21xp33_ASAP7_75t_R": 10,
            "OAI31xp33_ASAP7_75t_R": 2,
            "OR2x2_ASAP7_75t_R": 608,
            "OR3x1_ASAP7_75t_R": 1,
            "OR4x1_ASAP7_75t_R": 1,
            "XNOR2xp5_ASAP7_75t_R": 1,
            "XOR2xp5_ASAP7_75t_R": 2,
            "array_64x304": 1
         }
      },
      "\\ListBuffer$Scheduler.sinkA.putbuffer": {
         "num_wires":         501,
         "num_wire_bits":     4108,
         "num_pub_wires":     23,
         "num_pub_wire_bits": 3626,
         "num_ports":         12,
         "num_port_bits":     2351,
         "num_memories":      0,
         "num_memory_bits":   0,
         "num_processes":     0,
         "num_cells":         525,
         "num_submodules":       0,
         "area":              53.158680,
         "sequential_area":    18.662400,
         "num_cells_by_type": {
            "A2O1A1Ixp33_ASAP7_75t_R": 1,
            "A2O1A1O1Ixp25_ASAP7_75t_R": 11,
            "AND2x2_ASAP7_75t_R": 3,
            "AND3x1_ASAP7_75t_R": 13,
            "AND4x1_ASAP7_75t_R": 2,
            "AND5x1_ASAP7_75t_R": 1,
            "AO21x1_ASAP7_75t_R": 10,
            "AOI211xp5_ASAP7_75t_R": 12,
            "AOI21xp33_ASAP7_75t_R": 12,
            "AOI221xp5_ASAP7_75t_R": 3,
            "AOI22xp33_ASAP7_75t_R": 3,
            "AOI31xp33_ASAP7_75t_R": 13,
            "AOI32xp33_ASAP7_75t_R": 3,
            "DFFHQNx1_ASAP7_75t_R": 64,
            "INVx1_ASAP7_75t_R": 78,
            "NAND2xp33_ASAP7_75t_R": 37,
            "NAND3xp33_ASAP7_75t_R": 33,
            "NAND4xp25_ASAP7_75t_R": 17,
            "NAND5xp2_ASAP7_75t_R": 7,
            "NOR2xp33_ASAP7_75t_R": 45,
            "NOR3xp33_ASAP7_75t_R": 36,
            "NOR4xp25_ASAP7_75t_R": 15,
            "NOR5xp2_ASAP7_75t_R": 8,
            "O2A1O1Ixp33_ASAP7_75t_R": 37,
            "OA21x2_ASAP7_75t_R": 5,
            "OA31x2_ASAP7_75t_R": 1,
            "OAI21xp33_ASAP7_75t_R": 5,
            "OAI221xp5_ASAP7_75t_R": 3,
            "OAI22xp33_ASAP7_75t_R": 5,
            "OAI311xp33_ASAP7_75t_R": 2,
            "OAI31xp33_ASAP7_75t_R": 10,
            "OAI32xp33_ASAP7_75t_R": 1,
            "OR2x2_ASAP7_75t_R": 3,
            "OR3x1_ASAP7_75t_R": 2,
            "OR4x1_ASAP7_75t_R": 14,
            "OR5x1_ASAP7_75t_R": 2,
            "XNOR2xp5_ASAP7_75t_R": 1,
            "XOR2xp5_ASAP7_75t_R": 3,
            "data_32x1152": 1,
            "head_32x5": 1,
            "next_32x5": 1,
            "tail_32x5": 1
         }
      },
      "\\Queue1_DirectoryResult_lite_victim$Scheduler.dir_result_buffer": {
         "num_wires":         3777,
         "num_wire_bits":     7605,
         "num_pub_wires":     41,
         "num_pub_wire_bits": 3869,
         "num_ports":         39,
         "num_port_bits":     2559,
         "num_memories":      0,
         "num_memory_bits":   0,
         "num_processes":     0,
         "num_cells":         4982,
         "num_submodules":       0,
         "area":              599.165100,
         "sequential_area":    363.042000,
         "num_cells_by_type": {
            "AND2x2_ASAP7_75t_R": 1,
            "DFFHQNx1_ASAP7_75t_R": 1245,
            "HB1xp67_ASAP7_75t_R": 1,
            "INVx1_ASAP7_75t_R": 1245,
            "NAND2xp33_ASAP7_75t_R": 1,
            "NAND3xp33_ASAP7_75t_R": 1244,
            "O2A1O1Ixp33_ASAP7_75t_R": 1,
            "OAI21xp33_ASAP7_75t_R": 1244
         }
      },
      "\\Queue8_FullRequest$Scheduler.write_buffer": {
         "num_wires":         2460,
         "num_wire_bits":     6068,
         "num_pub_wires":     27,
         "num_pub_wire_bits": 3635,
         "num_ports":         22,
         "num_port_bits":     2424,
         "num_memories":      0,
         "num_memory_bits":   0,
         "num_processes":     0,
         "num_cells":         3646,
         "num_submodules":       0,
         "area":              214.952940,
         "sequential_area":    2.041200,
         "num_cells_by_type": {
            "A2O1A1Ixp33_ASAP7_75t_R": 3,
            "AND2x2_ASAP7_75t_R": 3,
            "AOI21xp33_ASAP7_75t_R": 4,
            "AOI31xp33_ASAP7_75t_R": 2,
            "DFFHQNx1_ASAP7_75t_R": 7,
            "INVx1_ASAP7_75t_R": 1210,
            "NAND2xp33_ASAP7_75t_R": 1200,
            "NOR3xp33_ASAP7_75t_R": 1,
            "NOR4xp25_ASAP7_75t_R": 2,
            "O2A1O1Ixp33_ASAP7_75t_R": 1,
            "OA21x2_ASAP7_75t_R": 1,
            "OAI21xp33_ASAP7_75t_R": 1201,
            "OAI31xp33_ASAP7_75t_R": 2,
            "OR2x2_ASAP7_75t_R": 3,
            "OR3x1_ASAP7_75t_R": 1,
            "OR4x1_ASAP7_75t_R": 1,
            "XOR2xp5_ASAP7_75t_R": 3,
            "ram_8x1203": 1
         }
      },
      "\\MSHR_4$Scheduler.mshrs_31": {
         "num_wires":         9427,
         "num_wire_bits":     17936,
         "num_pub_wires":     53,
         "num_pub_wire_bits": 8562,
         "num_ports":         42,
         "num_port_bits":     6465,
         "num_memories":      0,
         "num_memory_bits":   0,
         "num_processes":     0,
         "num_cells":         11472,
         "num_submodules":       0,
         "area":              1248.383340,
         "sequential_area":    612.068400,
         "num_cells_by_type": {
            "A2O1A1Ixp33_ASAP7_75t_R": 1,
            "AOI211xp5_ASAP7_75t_R": 1025,
            "AOI21xp33_ASAP7_75t_R": 1025,
            "AOI221xp5_ASAP7_75t_R": 1,
            "DFFHQNx1_ASAP7_75t_R": 2099,
            "INVx1_ASAP7_75t_R": 3171,
            "NAND2xp33_ASAP7_75t_R": 3,
            "NOR2xp33_ASAP7_75t_R": 1026,
            "NOR4xp25_ASAP7_75t_R": 1,
            "O2A1O1Ixp33_ASAP7_75t_R": 1,
            "OAI21xp33_ASAP7_75t_R": 1024,
            "OAI22xp33_ASAP7_75t_R": 1071,
            "OAI32xp33_ASAP7_75t_R": 1024
         }
      },
      "\\MSHR_4$Scheduler.mshrs_30": {
         "num_wires":         9427,
         "num_wire_bits":     17936,
         "num_pub_wires":     53,
         "num_pub_wire_bits": 8562,
         "num_ports":         42,
         "num_port_bits":     6465,
         "num_memories":      0,
         "num_memory_bits":   0,
         "num_processes":     0,
         "num_cells":         11472,
         "num_submodules":       0,
         "area":              1248.383340,
         "sequential_area":    612.068400,
         "num_cells_by_type": {
            "A2O1A1Ixp33_ASAP7_75t_R": 1,
            "AOI211xp5_ASAP7_75t_R": 1025,
            "AOI21xp33_ASAP7_75t_R": 1025,
            "AOI221xp5_ASAP7_75t_R": 1,
            "DFFHQNx1_ASAP7_75t_R": 2099,
            "INVx1_ASAP7_75t_R": 3171,
            "NAND2xp33_ASAP7_75t_R": 3,
            "NOR2xp33_ASAP7_75t_R": 1026,
            "NOR4xp25_ASAP7_75t_R": 1,
            "O2A1O1Ixp33_ASAP7_75t_R": 1,
            "OAI21xp33_ASAP7_75t_R": 1024,
            "OAI22xp33_ASAP7_75t_R": 1071,
            "OAI32xp33_ASAP7_75t_R": 1024
         }
      },
      "\\MSHR_4$Scheduler.mshrs_29": {
         "num_wires":         9427,
         "num_wire_bits":     17936,
         "num_pub_wires":     53,
         "num_pub_wire_bits": 8562,
         "num_ports":         42,
         "num_port_bits":     6465,
         "num_memories":      0,
         "num_memory_bits":   0,
         "num_processes":     0,
         "num_cells":         11472,
         "num_submodules":       0,
         "area":              1248.383340,
         "sequential_area":    612.068400,
         "num_cells_by_type": {
            "A2O1A1Ixp33_ASAP7_75t_R": 1,
            "AOI211xp5_ASAP7_75t_R": 1025,
            "AOI21xp33_ASAP7_75t_R": 1025,
            "AOI221xp5_ASAP7_75t_R": 1,
            "DFFHQNx1_ASAP7_75t_R": 2099,
            "INVx1_ASAP7_75t_R": 3171,
            "NAND2xp33_ASAP7_75t_R": 3,
            "NOR2xp33_ASAP7_75t_R": 1026,
            "NOR4xp25_ASAP7_75t_R": 1,
            "O2A1O1Ixp33_ASAP7_75t_R": 1,
            "OAI21xp33_ASAP7_75t_R": 1024,
            "OAI22xp33_ASAP7_75t_R": 1071,
            "OAI32xp33_ASAP7_75t_R": 1024
         }
      },
      "\\MSHR_4$Scheduler.mshrs_28": {
         "num_wires":         9427,
         "num_wire_bits":     17936,
         "num_pub_wires":     53,
         "num_pub_wire_bits": 8562,
         "num_ports":         42,
         "num_port_bits":     6465,
         "num_memories":      0,
         "num_memory_bits":   0,
         "num_processes":     0,
         "num_cells":         11472,
         "num_submodules":       0,
         "area":              1248.383340,
         "sequential_area":    612.068400,
         "num_cells_by_type": {
            "A2O1A1Ixp33_ASAP7_75t_R": 1,
            "AOI211xp5_ASAP7_75t_R": 1025,
            "AOI21xp33_ASAP7_75t_R": 1025,
            "AOI221xp5_ASAP7_75t_R": 1,
            "DFFHQNx1_ASAP7_75t_R": 2099,
            "INVx1_ASAP7_75t_R": 3171,
            "NAND2xp33_ASAP7_75t_R": 3,
            "NOR2xp33_ASAP7_75t_R": 1026,
            "NOR4xp25_ASAP7_75t_R": 1,
            "O2A1O1Ixp33_ASAP7_75t_R": 1,
            "OAI21xp33_ASAP7_75t_R": 1024,
            "OAI22xp33_ASAP7_75t_R": 1071,
            "OAI32xp33_ASAP7_75t_R": 1024
         }
      },
      "\\MSHR_4$Scheduler.mshrs_27": {
         "num_wires":         9427,
         "num_wire_bits":     17936,
         "num_pub_wires":     53,
         "num_pub_wire_bits": 8562,
         "num_ports":         42,
         "num_port_bits":     6465,
         "num_memories":      0,
         "num_memory_bits":   0,
         "num_processes":     0,
         "num_cells":         11472,
         "num_submodules":       0,
         "area":              1248.383340,
         "sequential_area":    612.068400,
         "num_cells_by_type": {
            "A2O1A1Ixp33_ASAP7_75t_R": 1,
            "AOI211xp5_ASAP7_75t_R": 1025,
            "AOI21xp33_ASAP7_75t_R": 1025,
            "AOI221xp5_ASAP7_75t_R": 1,
            "DFFHQNx1_ASAP7_75t_R": 2099,
            "INVx1_ASAP7_75t_R": 3171,
            "NAND2xp33_ASAP7_75t_R": 3,
            "NOR2xp33_ASAP7_75t_R": 1026,
            "NOR4xp25_ASAP7_75t_R": 1,
            "O2A1O1Ixp33_ASAP7_75t_R": 1,
            "OAI21xp33_ASAP7_75t_R": 1024,
            "OAI22xp33_ASAP7_75t_R": 1071,
            "OAI32xp33_ASAP7_75t_R": 1024
         }
      },
      "\\MSHR_4$Scheduler.mshrs_26": {
         "num_wires":         9427,
         "num_wire_bits":     17936,
         "num_pub_wires":     53,
         "num_pub_wire_bits": 8562,
         "num_ports":         42,
         "num_port_bits":     6465,
         "num_memories":      0,
         "num_memory_bits":   0,
         "num_processes":     0,
         "num_cells":         11472,
         "num_submodules":       0,
         "area":              1248.383340,
         "sequential_area":    612.068400,
         "num_cells_by_type": {
            "A2O1A1Ixp33_ASAP7_75t_R": 1,
            "AOI211xp5_ASAP7_75t_R": 1025,
            "AOI21xp33_ASAP7_75t_R": 1025,
            "AOI221xp5_ASAP7_75t_R": 1,
            "DFFHQNx1_ASAP7_75t_R": 2099,
            "INVx1_ASAP7_75t_R": 3171,
            "NAND2xp33_ASAP7_75t_R": 3,
            "NOR2xp33_ASAP7_75t_R": 1026,
            "NOR4xp25_ASAP7_75t_R": 1,
            "O2A1O1Ixp33_ASAP7_75t_R": 1,
            "OAI21xp33_ASAP7_75t_R": 1024,
            "OAI22xp33_ASAP7_75t_R": 1071,
            "OAI32xp33_ASAP7_75t_R": 1024
         }
      },
      "\\MSHR_4$Scheduler.mshrs_25": {
         "num_wires":         9427,
         "num_wire_bits":     17936,
         "num_pub_wires":     53,
         "num_pub_wire_bits": 8562,
         "num_ports":         42,
         "num_port_bits":     6465,
         "num_memories":      0,
         "num_memory_bits":   0,
         "num_processes":     0,
         "num_cells":         11472,
         "num_submodules":       0,
         "area":              1248.383340,
         "sequential_area":    612.068400,
         "num_cells_by_type": {
            "A2O1A1Ixp33_ASAP7_75t_R": 1,
            "AOI211xp5_ASAP7_75t_R": 1025,
            "AOI21xp33_ASAP7_75t_R": 1025,
            "AOI221xp5_ASAP7_75t_R": 1,
            "DFFHQNx1_ASAP7_75t_R": 2099,
            "INVx1_ASAP7_75t_R": 3171,
            "NAND2xp33_ASAP7_75t_R": 3,
            "NOR2xp33_ASAP7_75t_R": 1026,
            "NOR4xp25_ASAP7_75t_R": 1,
            "O2A1O1Ixp33_ASAP7_75t_R": 1,
            "OAI21xp33_ASAP7_75t_R": 1024,
            "OAI22xp33_ASAP7_75t_R": 1071,
            "OAI32xp33_ASAP7_75t_R": 1024
         }
      },
      "\\MSHR_4$Scheduler.mshrs_24": {
         "num_wires":         9427,
         "num_wire_bits":     17936,
         "num_pub_wires":     53,
         "num_pub_wire_bits": 8562,
         "num_ports":         42,
         "num_port_bits":     6465,
         "num_memories":      0,
         "num_memory_bits":   0,
         "num_processes":     0,
         "num_cells":         11472,
         "num_submodules":       0,
         "area":              1248.383340,
         "sequential_area":    612.068400,
         "num_cells_by_type": {
            "A2O1A1Ixp33_ASAP7_75t_R": 1,
            "AOI211xp5_ASAP7_75t_R": 1025,
            "AOI21xp33_ASAP7_75t_R": 1025,
            "AOI221xp5_ASAP7_75t_R": 1,
            "DFFHQNx1_ASAP7_75t_R": 2099,
            "INVx1_ASAP7_75t_R": 3171,
            "NAND2xp33_ASAP7_75t_R": 3,
            "NOR2xp33_ASAP7_75t_R": 1026,
            "NOR4xp25_ASAP7_75t_R": 1,
            "O2A1O1Ixp33_ASAP7_75t_R": 1,
            "OAI21xp33_ASAP7_75t_R": 1024,
            "OAI22xp33_ASAP7_75t_R": 1071,
            "OAI32xp33_ASAP7_75t_R": 1024
         }
      },
      "\\MSHR_4$Scheduler.mshrs_23": {
         "num_wires":         9427,
         "num_wire_bits":     17936,
         "num_pub_wires":     53,
         "num_pub_wire_bits": 8562,
         "num_ports":         42,
         "num_port_bits":     6465,
         "num_memories":      0,
         "num_memory_bits":   0,
         "num_processes":     0,
         "num_cells":         11472,
         "num_submodules":       0,
         "area":              1248.383340,
         "sequential_area":    612.068400,
         "num_cells_by_type": {
            "A2O1A1Ixp33_ASAP7_75t_R": 1,
            "AOI211xp5_ASAP7_75t_R": 1025,
            "AOI21xp33_ASAP7_75t_R": 1025,
            "AOI221xp5_ASAP7_75t_R": 1,
            "DFFHQNx1_ASAP7_75t_R": 2099,
            "INVx1_ASAP7_75t_R": 3171,
            "NAND2xp33_ASAP7_75t_R": 3,
            "NOR2xp33_ASAP7_75t_R": 1026,
            "NOR4xp25_ASAP7_75t_R": 1,
            "O2A1O1Ixp33_ASAP7_75t_R": 1,
            "OAI21xp33_ASAP7_75t_R": 1024,
            "OAI22xp33_ASAP7_75t_R": 1071,
            "OAI32xp33_ASAP7_75t_R": 1024
         }
      },
      "\\MSHR_4$Scheduler.mshrs_22": {
         "num_wires":         9427,
         "num_wire_bits":     17936,
         "num_pub_wires":     53,
         "num_pub_wire_bits": 8562,
         "num_ports":         42,
         "num_port_bits":     6465,
         "num_memories":      0,
         "num_memory_bits":   0,
         "num_processes":     0,
         "num_cells":         11472,
         "num_submodules":       0,
         "area":              1248.383340,
         "sequential_area":    612.068400,
         "num_cells_by_type": {
            "A2O1A1Ixp33_ASAP7_75t_R": 1,
            "AOI211xp5_ASAP7_75t_R": 1025,
            "AOI21xp33_ASAP7_75t_R": 1025,
            "AOI221xp5_ASAP7_75t_R": 1,
            "DFFHQNx1_ASAP7_75t_R": 2099,
            "INVx1_ASAP7_75t_R": 3171,
            "NAND2xp33_ASAP7_75t_R": 3,
            "NOR2xp33_ASAP7_75t_R": 1026,
            "NOR4xp25_ASAP7_75t_R": 1,
            "O2A1O1Ixp33_ASAP7_75t_R": 1,
            "OAI21xp33_ASAP7_75t_R": 1024,
            "OAI22xp33_ASAP7_75t_R": 1071,
            "OAI32xp33_ASAP7_75t_R": 1024
         }
      },
      "\\MSHR_4$Scheduler.mshrs_21": {
         "num_wires":         9427,
         "num_wire_bits":     17936,
         "num_pub_wires":     53,
         "num_pub_wire_bits": 8562,
         "num_ports":         42,
         "num_port_bits":     6465,
         "num_memories":      0,
         "num_memory_bits":   0,
         "num_processes":     0,
         "num_cells":         11472,
         "num_submodules":       0,
         "area":              1248.383340,
         "sequential_area":    612.068400,
         "num_cells_by_type": {
            "A2O1A1Ixp33_ASAP7_75t_R": 1,
            "AOI211xp5_ASAP7_75t_R": 1025,
            "AOI21xp33_ASAP7_75t_R": 1025,
            "AOI221xp5_ASAP7_75t_R": 1,
            "DFFHQNx1_ASAP7_75t_R": 2099,
            "INVx1_ASAP7_75t_R": 3171,
            "NAND2xp33_ASAP7_75t_R": 3,
            "NOR2xp33_ASAP7_75t_R": 1026,
            "NOR4xp25_ASAP7_75t_R": 1,
            "O2A1O1Ixp33_ASAP7_75t_R": 1,
            "OAI21xp33_ASAP7_75t_R": 1024,
            "OAI22xp33_ASAP7_75t_R": 1071,
            "OAI32xp33_ASAP7_75t_R": 1024
         }
      },
      "\\MSHR_4$Scheduler.mshrs_20": {
         "num_wires":         9427,
         "num_wire_bits":     17936,
         "num_pub_wires":     53,
         "num_pub_wire_bits": 8562,
         "num_ports":         42,
         "num_port_bits":     6465,
         "num_memories":      0,
         "num_memory_bits":   0,
         "num_processes":     0,
         "num_cells":         11472,
         "num_submodules":       0,
         "area":              1248.383340,
         "sequential_area":    612.068400,
         "num_cells_by_type": {
            "A2O1A1Ixp33_ASAP7_75t_R": 1,
            "AOI211xp5_ASAP7_75t_R": 1025,
            "AOI21xp33_ASAP7_75t_R": 1025,
            "AOI221xp5_ASAP7_75t_R": 1,
            "DFFHQNx1_ASAP7_75t_R": 2099,
            "INVx1_ASAP7_75t_R": 3171,
            "NAND2xp33_ASAP7_75t_R": 3,
            "NOR2xp33_ASAP7_75t_R": 1026,
            "NOR4xp25_ASAP7_75t_R": 1,
            "O2A1O1Ixp33_ASAP7_75t_R": 1,
            "OAI21xp33_ASAP7_75t_R": 1024,
            "OAI22xp33_ASAP7_75t_R": 1071,
            "OAI32xp33_ASAP7_75t_R": 1024
         }
      },
      "\\MSHR_4$Scheduler.mshrs_19": {
         "num_wires":         9427,
         "num_wire_bits":     17936,
         "num_pub_wires":     53,
         "num_pub_wire_bits": 8562,
         "num_ports":         42,
         "num_port_bits":     6465,
         "num_memories":      0,
         "num_memory_bits":   0,
         "num_processes":     0,
         "num_cells":         11472,
         "num_submodules":       0,
         "area":              1248.383340,
         "sequential_area":    612.068400,
         "num_cells_by_type": {
            "A2O1A1Ixp33_ASAP7_75t_R": 1,
            "AOI211xp5_ASAP7_75t_R": 1025,
            "AOI21xp33_ASAP7_75t_R": 1025,
            "AOI221xp5_ASAP7_75t_R": 1,
            "DFFHQNx1_ASAP7_75t_R": 2099,
            "INVx1_ASAP7_75t_R": 3171,
            "NAND2xp33_ASAP7_75t_R": 3,
            "NOR2xp33_ASAP7_75t_R": 1026,
            "NOR4xp25_ASAP7_75t_R": 1,
            "O2A1O1Ixp33_ASAP7_75t_R": 1,
            "OAI21xp33_ASAP7_75t_R": 1024,
            "OAI22xp33_ASAP7_75t_R": 1071,
            "OAI32xp33_ASAP7_75t_R": 1024
         }
      },
      "\\MSHR_4$Scheduler.mshrs_18": {
         "num_wires":         9427,
         "num_wire_bits":     17936,
         "num_pub_wires":     53,
         "num_pub_wire_bits": 8562,
         "num_ports":         42,
         "num_port_bits":     6465,
         "num_memories":      0,
         "num_memory_bits":   0,
         "num_processes":     0,
         "num_cells":         11472,
         "num_submodules":       0,
         "area":              1248.383340,
         "sequential_area":    612.068400,
         "num_cells_by_type": {
            "A2O1A1Ixp33_ASAP7_75t_R": 1,
            "AOI211xp5_ASAP7_75t_R": 1025,
            "AOI21xp33_ASAP7_75t_R": 1025,
            "AOI221xp5_ASAP7_75t_R": 1,
            "DFFHQNx1_ASAP7_75t_R": 2099,
            "INVx1_ASAP7_75t_R": 3171,
            "NAND2xp33_ASAP7_75t_R": 3,
            "NOR2xp33_ASAP7_75t_R": 1026,
            "NOR4xp25_ASAP7_75t_R": 1,
            "O2A1O1Ixp33_ASAP7_75t_R": 1,
            "OAI21xp33_ASAP7_75t_R": 1024,
            "OAI22xp33_ASAP7_75t_R": 1071,
            "OAI32xp33_ASAP7_75t_R": 1024
         }
      },
      "\\MSHR_4$Scheduler.mshrs_17": {
         "num_wires":         9427,
         "num_wire_bits":     17936,
         "num_pub_wires":     53,
         "num_pub_wire_bits": 8562,
         "num_ports":         42,
         "num_port_bits":     6465,
         "num_memories":      0,
         "num_memory_bits":   0,
         "num_processes":     0,
         "num_cells":         11472,
         "num_submodules":       0,
         "area":              1248.383340,
         "sequential_area":    612.068400,
         "num_cells_by_type": {
            "A2O1A1Ixp33_ASAP7_75t_R": 1,
            "AOI211xp5_ASAP7_75t_R": 1025,
            "AOI21xp33_ASAP7_75t_R": 1025,
            "AOI221xp5_ASAP7_75t_R": 1,
            "DFFHQNx1_ASAP7_75t_R": 2099,
            "INVx1_ASAP7_75t_R": 3171,
            "NAND2xp33_ASAP7_75t_R": 3,
            "NOR2xp33_ASAP7_75t_R": 1026,
            "NOR4xp25_ASAP7_75t_R": 1,
            "O2A1O1Ixp33_ASAP7_75t_R": 1,
            "OAI21xp33_ASAP7_75t_R": 1024,
            "OAI22xp33_ASAP7_75t_R": 1071,
            "OAI32xp33_ASAP7_75t_R": 1024
         }
      },
      "\\MSHR_4$Scheduler.mshrs_16": {
         "num_wires":         9427,
         "num_wire_bits":     17936,
         "num_pub_wires":     53,
         "num_pub_wire_bits": 8562,
         "num_ports":         42,
         "num_port_bits":     6465,
         "num_memories":      0,
         "num_memory_bits":   0,
         "num_processes":     0,
         "num_cells":         11472,
         "num_submodules":       0,
         "area":              1248.383340,
         "sequential_area":    612.068400,
         "num_cells_by_type": {
            "A2O1A1Ixp33_ASAP7_75t_R": 1,
            "AOI211xp5_ASAP7_75t_R": 1025,
            "AOI21xp33_ASAP7_75t_R": 1025,
            "AOI221xp5_ASAP7_75t_R": 1,
            "DFFHQNx1_ASAP7_75t_R": 2099,
            "INVx1_ASAP7_75t_R": 3171,
            "NAND2xp33_ASAP7_75t_R": 3,
            "NOR2xp33_ASAP7_75t_R": 1026,
            "NOR4xp25_ASAP7_75t_R": 1,
            "O2A1O1Ixp33_ASAP7_75t_R": 1,
            "OAI21xp33_ASAP7_75t_R": 1024,
            "OAI22xp33_ASAP7_75t_R": 1071,
            "OAI32xp33_ASAP7_75t_R": 1024
         }
      },
      "\\MSHR_4$Scheduler.mshrs_15": {
         "num_wires":         9427,
         "num_wire_bits":     17936,
         "num_pub_wires":     53,
         "num_pub_wire_bits": 8562,
         "num_ports":         42,
         "num_port_bits":     6465,
         "num_memories":      0,
         "num_memory_bits":   0,
         "num_processes":     0,
         "num_cells":         11472,
         "num_submodules":       0,
         "area":              1248.383340,
         "sequential_area":    612.068400,
         "num_cells_by_type": {
            "A2O1A1Ixp33_ASAP7_75t_R": 1,
            "AOI211xp5_ASAP7_75t_R": 1025,
            "AOI21xp33_ASAP7_75t_R": 1025,
            "AOI221xp5_ASAP7_75t_R": 1,
            "DFFHQNx1_ASAP7_75t_R": 2099,
            "INVx1_ASAP7_75t_R": 3171,
            "NAND2xp33_ASAP7_75t_R": 3,
            "NOR2xp33_ASAP7_75t_R": 1026,
            "NOR4xp25_ASAP7_75t_R": 1,
            "O2A1O1Ixp33_ASAP7_75t_R": 1,
            "OAI21xp33_ASAP7_75t_R": 1024,
            "OAI22xp33_ASAP7_75t_R": 1071,
            "OAI32xp33_ASAP7_75t_R": 1024
         }
      },
      "\\MSHR_4$Scheduler.mshrs_14": {
         "num_wires":         9427,
         "num_wire_bits":     17936,
         "num_pub_wires":     53,
         "num_pub_wire_bits": 8562,
         "num_ports":         42,
         "num_port_bits":     6465,
         "num_memories":      0,
         "num_memory_bits":   0,
         "num_processes":     0,
         "num_cells":         11472,
         "num_submodules":       0,
         "area":              1248.383340,
         "sequential_area":    612.068400,
         "num_cells_by_type": {
            "A2O1A1Ixp33_ASAP7_75t_R": 1,
            "AOI211xp5_ASAP7_75t_R": 1025,
            "AOI21xp33_ASAP7_75t_R": 1025,
            "AOI221xp5_ASAP7_75t_R": 1,
            "DFFHQNx1_ASAP7_75t_R": 2099,
            "INVx1_ASAP7_75t_R": 3171,
            "NAND2xp33_ASAP7_75t_R": 3,
            "NOR2xp33_ASAP7_75t_R": 1026,
            "NOR4xp25_ASAP7_75t_R": 1,
            "O2A1O1Ixp33_ASAP7_75t_R": 1,
            "OAI21xp33_ASAP7_75t_R": 1024,
            "OAI22xp33_ASAP7_75t_R": 1071,
            "OAI32xp33_ASAP7_75t_R": 1024
         }
      },
      "\\MSHR_4$Scheduler.mshrs_13": {
         "num_wires":         9427,
         "num_wire_bits":     17936,
         "num_pub_wires":     53,
         "num_pub_wire_bits": 8562,
         "num_ports":         42,
         "num_port_bits":     6465,
         "num_memories":      0,
         "num_memory_bits":   0,
         "num_processes":     0,
         "num_cells":         11472,
         "num_submodules":       0,
         "area":              1248.383340,
         "sequential_area":    612.068400,
         "num_cells_by_type": {
            "A2O1A1Ixp33_ASAP7_75t_R": 1,
            "AOI211xp5_ASAP7_75t_R": 1025,
            "AOI21xp33_ASAP7_75t_R": 1025,
            "AOI221xp5_ASAP7_75t_R": 1,
            "DFFHQNx1_ASAP7_75t_R": 2099,
            "INVx1_ASAP7_75t_R": 3171,
            "NAND2xp33_ASAP7_75t_R": 3,
            "NOR2xp33_ASAP7_75t_R": 1026,
            "NOR4xp25_ASAP7_75t_R": 1,
            "O2A1O1Ixp33_ASAP7_75t_R": 1,
            "OAI21xp33_ASAP7_75t_R": 1024,
            "OAI22xp33_ASAP7_75t_R": 1071,
            "OAI32xp33_ASAP7_75t_R": 1024
         }
      },
      "\\MSHR_4$Scheduler.mshrs_12": {
         "num_wires":         9427,
         "num_wire_bits":     17936,
         "num_pub_wires":     53,
         "num_pub_wire_bits": 8562,
         "num_ports":         42,
         "num_port_bits":     6465,
         "num_memories":      0,
         "num_memory_bits":   0,
         "num_processes":     0,
         "num_cells":         11472,
         "num_submodules":       0,
         "area":              1248.383340,
         "sequential_area":    612.068400,
         "num_cells_by_type": {
            "A2O1A1Ixp33_ASAP7_75t_R": 1,
            "AOI211xp5_ASAP7_75t_R": 1025,
            "AOI21xp33_ASAP7_75t_R": 1025,
            "AOI221xp5_ASAP7_75t_R": 1,
            "DFFHQNx1_ASAP7_75t_R": 2099,
            "INVx1_ASAP7_75t_R": 3171,
            "NAND2xp33_ASAP7_75t_R": 3,
            "NOR2xp33_ASAP7_75t_R": 1026,
            "NOR4xp25_ASAP7_75t_R": 1,
            "O2A1O1Ixp33_ASAP7_75t_R": 1,
            "OAI21xp33_ASAP7_75t_R": 1024,
            "OAI22xp33_ASAP7_75t_R": 1071,
            "OAI32xp33_ASAP7_75t_R": 1024
         }
      },
      "\\MSHR_4$Scheduler.mshrs_11": {
         "num_wires":         9427,
         "num_wire_bits":     17936,
         "num_pub_wires":     53,
         "num_pub_wire_bits": 8562,
         "num_ports":         42,
         "num_port_bits":     6465,
         "num_memories":      0,
         "num_memory_bits":   0,
         "num_processes":     0,
         "num_cells":         11472,
         "num_submodules":       0,
         "area":              1248.383340,
         "sequential_area":    612.068400,
         "num_cells_by_type": {
            "A2O1A1Ixp33_ASAP7_75t_R": 1,
            "AOI211xp5_ASAP7_75t_R": 1025,
            "AOI21xp33_ASAP7_75t_R": 1025,
            "AOI221xp5_ASAP7_75t_R": 1,
            "DFFHQNx1_ASAP7_75t_R": 2099,
            "INVx1_ASAP7_75t_R": 3171,
            "NAND2xp33_ASAP7_75t_R": 3,
            "NOR2xp33_ASAP7_75t_R": 1026,
            "NOR4xp25_ASAP7_75t_R": 1,
            "O2A1O1Ixp33_ASAP7_75t_R": 1,
            "OAI21xp33_ASAP7_75t_R": 1024,
            "OAI22xp33_ASAP7_75t_R": 1071,
            "OAI32xp33_ASAP7_75t_R": 1024
         }
      },
      "\\MSHR_4$Scheduler.mshrs_10": {
         "num_wires":         9427,
         "num_wire_bits":     17936,
         "num_pub_wires":     53,
         "num_pub_wire_bits": 8562,
         "num_ports":         42,
         "num_port_bits":     6465,
         "num_memories":      0,
         "num_memory_bits":   0,
         "num_processes":     0,
         "num_cells":         11472,
         "num_submodules":       0,
         "area":              1248.383340,
         "sequential_area":    612.068400,
         "num_cells_by_type": {
            "A2O1A1Ixp33_ASAP7_75t_R": 1,
            "AOI211xp5_ASAP7_75t_R": 1025,
            "AOI21xp33_ASAP7_75t_R": 1025,
            "AOI221xp5_ASAP7_75t_R": 1,
            "DFFHQNx1_ASAP7_75t_R": 2099,
            "INVx1_ASAP7_75t_R": 3171,
            "NAND2xp33_ASAP7_75t_R": 3,
            "NOR2xp33_ASAP7_75t_R": 1026,
            "NOR4xp25_ASAP7_75t_R": 1,
            "O2A1O1Ixp33_ASAP7_75t_R": 1,
            "OAI21xp33_ASAP7_75t_R": 1024,
            "OAI22xp33_ASAP7_75t_R": 1071,
            "OAI32xp33_ASAP7_75t_R": 1024
         }
      },
      "\\MSHR_4$Scheduler.mshrs_9": {
         "num_wires":         9427,
         "num_wire_bits":     17936,
         "num_pub_wires":     53,
         "num_pub_wire_bits": 8562,
         "num_ports":         42,
         "num_port_bits":     6465,
         "num_memories":      0,
         "num_memory_bits":   0,
         "num_processes":     0,
         "num_cells":         11472,
         "num_submodules":       0,
         "area":              1248.383340,
         "sequential_area":    612.068400,
         "num_cells_by_type": {
            "A2O1A1Ixp33_ASAP7_75t_R": 1,
            "AOI211xp5_ASAP7_75t_R": 1025,
            "AOI21xp33_ASAP7_75t_R": 1025,
            "AOI221xp5_ASAP7_75t_R": 1,
            "DFFHQNx1_ASAP7_75t_R": 2099,
            "INVx1_ASAP7_75t_R": 3171,
            "NAND2xp33_ASAP7_75t_R": 3,
            "NOR2xp33_ASAP7_75t_R": 1026,
            "NOR4xp25_ASAP7_75t_R": 1,
            "O2A1O1Ixp33_ASAP7_75t_R": 1,
            "OAI21xp33_ASAP7_75t_R": 1024,
            "OAI22xp33_ASAP7_75t_R": 1071,
            "OAI32xp33_ASAP7_75t_R": 1024
         }
      },
      "\\MSHR_4$Scheduler.mshrs_8": {
         "num_wires":         9427,
         "num_wire_bits":     17936,
         "num_pub_wires":     53,
         "num_pub_wire_bits": 8562,
         "num_ports":         42,
         "num_port_bits":     6465,
         "num_memories":      0,
         "num_memory_bits":   0,
         "num_processes":     0,
         "num_cells":         11472,
         "num_submodules":       0,
         "area":              1248.383340,
         "sequential_area":    612.068400,
         "num_cells_by_type": {
            "A2O1A1Ixp33_ASAP7_75t_R": 1,
            "AOI211xp5_ASAP7_75t_R": 1025,
            "AOI21xp33_ASAP7_75t_R": 1025,
            "AOI221xp5_ASAP7_75t_R": 1,
            "DFFHQNx1_ASAP7_75t_R": 2099,
            "INVx1_ASAP7_75t_R": 3171,
            "NAND2xp33_ASAP7_75t_R": 3,
            "NOR2xp33_ASAP7_75t_R": 1026,
            "NOR4xp25_ASAP7_75t_R": 1,
            "O2A1O1Ixp33_ASAP7_75t_R": 1,
            "OAI21xp33_ASAP7_75t_R": 1024,
            "OAI22xp33_ASAP7_75t_R": 1071,
            "OAI32xp33_ASAP7_75t_R": 1024
         }
      },
      "\\MSHR_4$Scheduler.mshrs_7": {
         "num_wires":         9427,
         "num_wire_bits":     17936,
         "num_pub_wires":     53,
         "num_pub_wire_bits": 8562,
         "num_ports":         42,
         "num_port_bits":     6465,
         "num_memories":      0,
         "num_memory_bits":   0,
         "num_processes":     0,
         "num_cells":         11472,
         "num_submodules":       0,
         "area":              1248.383340,
         "sequential_area":    612.068400,
         "num_cells_by_type": {
            "A2O1A1Ixp33_ASAP7_75t_R": 1,
            "AOI211xp5_ASAP7_75t_R": 1025,
            "AOI21xp33_ASAP7_75t_R": 1025,
            "AOI221xp5_ASAP7_75t_R": 1,
            "DFFHQNx1_ASAP7_75t_R": 2099,
            "INVx1_ASAP7_75t_R": 3171,
            "NAND2xp33_ASAP7_75t_R": 3,
            "NOR2xp33_ASAP7_75t_R": 1026,
            "NOR4xp25_ASAP7_75t_R": 1,
            "O2A1O1Ixp33_ASAP7_75t_R": 1,
            "OAI21xp33_ASAP7_75t_R": 1024,
            "OAI22xp33_ASAP7_75t_R": 1071,
            "OAI32xp33_ASAP7_75t_R": 1024
         }
      },
      "\\MSHR_4$Scheduler.mshrs_6": {
         "num_wires":         9427,
         "num_wire_bits":     17936,
         "num_pub_wires":     53,
         "num_pub_wire_bits": 8562,
         "num_ports":         42,
         "num_port_bits":     6465,
         "num_memories":      0,
         "num_memory_bits":   0,
         "num_processes":     0,
         "num_cells":         11472,
         "num_submodules":       0,
         "area":              1248.383340,
         "sequential_area":    612.068400,
         "num_cells_by_type": {
            "A2O1A1Ixp33_ASAP7_75t_R": 1,
            "AOI211xp5_ASAP7_75t_R": 1025,
            "AOI21xp33_ASAP7_75t_R": 1025,
            "AOI221xp5_ASAP7_75t_R": 1,
            "DFFHQNx1_ASAP7_75t_R": 2099,
            "INVx1_ASAP7_75t_R": 3171,
            "NAND2xp33_ASAP7_75t_R": 3,
            "NOR2xp33_ASAP7_75t_R": 1026,
            "NOR4xp25_ASAP7_75t_R": 1,
            "O2A1O1Ixp33_ASAP7_75t_R": 1,
            "OAI21xp33_ASAP7_75t_R": 1024,
            "OAI22xp33_ASAP7_75t_R": 1071,
            "OAI32xp33_ASAP7_75t_R": 1024
         }
      },
      "\\MSHR_4$Scheduler.mshrs_5": {
         "num_wires":         9427,
         "num_wire_bits":     17936,
         "num_pub_wires":     53,
         "num_pub_wire_bits": 8562,
         "num_ports":         42,
         "num_port_bits":     6465,
         "num_memories":      0,
         "num_memory_bits":   0,
         "num_processes":     0,
         "num_cells":         11472,
         "num_submodules":       0,
         "area":              1248.383340,
         "sequential_area":    612.068400,
         "num_cells_by_type": {
            "A2O1A1Ixp33_ASAP7_75t_R": 1,
            "AOI211xp5_ASAP7_75t_R": 1025,
            "AOI21xp33_ASAP7_75t_R": 1025,
            "AOI221xp5_ASAP7_75t_R": 1,
            "DFFHQNx1_ASAP7_75t_R": 2099,
            "INVx1_ASAP7_75t_R": 3171,
            "NAND2xp33_ASAP7_75t_R": 3,
            "NOR2xp33_ASAP7_75t_R": 1026,
            "NOR4xp25_ASAP7_75t_R": 1,
            "O2A1O1Ixp33_ASAP7_75t_R": 1,
            "OAI21xp33_ASAP7_75t_R": 1024,
            "OAI22xp33_ASAP7_75t_R": 1071,
            "OAI32xp33_ASAP7_75t_R": 1024
         }
      },
      "\\MSHR_4$Scheduler.mshrs_4": {
         "num_wires":         9427,
         "num_wire_bits":     17936,
         "num_pub_wires":     53,
         "num_pub_wire_bits": 8562,
         "num_ports":         42,
         "num_port_bits":     6465,
         "num_memories":      0,
         "num_memory_bits":   0,
         "num_processes":     0,
         "num_cells":         11472,
         "num_submodules":       0,
         "area":              1248.383340,
         "sequential_area":    612.068400,
         "num_cells_by_type": {
            "A2O1A1Ixp33_ASAP7_75t_R": 1,
            "AOI211xp5_ASAP7_75t_R": 1025,
            "AOI21xp33_ASAP7_75t_R": 1025,
            "AOI221xp5_ASAP7_75t_R": 1,
            "DFFHQNx1_ASAP7_75t_R": 2099,
            "INVx1_ASAP7_75t_R": 3171,
            "NAND2xp33_ASAP7_75t_R": 3,
            "NOR2xp33_ASAP7_75t_R": 1026,
            "NOR4xp25_ASAP7_75t_R": 1,
            "O2A1O1Ixp33_ASAP7_75t_R": 1,
            "OAI21xp33_ASAP7_75t_R": 1024,
            "OAI22xp33_ASAP7_75t_R": 1071,
            "OAI32xp33_ASAP7_75t_R": 1024
         }
      },
      "\\MSHR_4$Scheduler.mshrs_3": {
         "num_wires":         9427,
         "num_wire_bits":     17936,
         "num_pub_wires":     53,
         "num_pub_wire_bits": 8562,
         "num_ports":         42,
         "num_port_bits":     6465,
         "num_memories":      0,
         "num_memory_bits":   0,
         "num_processes":     0,
         "num_cells":         11472,
         "num_submodules":       0,
         "area":              1248.383340,
         "sequential_area":    612.068400,
         "num_cells_by_type": {
            "A2O1A1Ixp33_ASAP7_75t_R": 1,
            "AOI211xp5_ASAP7_75t_R": 1025,
            "AOI21xp33_ASAP7_75t_R": 1025,
            "AOI221xp5_ASAP7_75t_R": 1,
            "DFFHQNx1_ASAP7_75t_R": 2099,
            "INVx1_ASAP7_75t_R": 3171,
            "NAND2xp33_ASAP7_75t_R": 3,
            "NOR2xp33_ASAP7_75t_R": 1026,
            "NOR4xp25_ASAP7_75t_R": 1,
            "O2A1O1Ixp33_ASAP7_75t_R": 1,
            "OAI21xp33_ASAP7_75t_R": 1024,
            "OAI22xp33_ASAP7_75t_R": 1071,
            "OAI32xp33_ASAP7_75t_R": 1024
         }
      },
      "\\MSHR_4$Scheduler.mshrs_2": {
         "num_wires":         9427,
         "num_wire_bits":     17936,
         "num_pub_wires":     53,
         "num_pub_wire_bits": 8562,
         "num_ports":         42,
         "num_port_bits":     6465,
         "num_memories":      0,
         "num_memory_bits":   0,
         "num_processes":     0,
         "num_cells":         11472,
         "num_submodules":       0,
         "area":              1248.383340,
         "sequential_area":    612.068400,
         "num_cells_by_type": {
            "A2O1A1Ixp33_ASAP7_75t_R": 1,
            "AOI211xp5_ASAP7_75t_R": 1025,
            "AOI21xp33_ASAP7_75t_R": 1025,
            "AOI221xp5_ASAP7_75t_R": 1,
            "DFFHQNx1_ASAP7_75t_R": 2099,
            "INVx1_ASAP7_75t_R": 3171,
            "NAND2xp33_ASAP7_75t_R": 3,
            "NOR2xp33_ASAP7_75t_R": 1026,
            "NOR4xp25_ASAP7_75t_R": 1,
            "O2A1O1Ixp33_ASAP7_75t_R": 1,
            "OAI21xp33_ASAP7_75t_R": 1024,
            "OAI22xp33_ASAP7_75t_R": 1071,
            "OAI32xp33_ASAP7_75t_R": 1024
         }
      },
      "\\MSHR_4$Scheduler.mshrs_1": {
         "num_wires":         9427,
         "num_wire_bits":     17936,
         "num_pub_wires":     53,
         "num_pub_wire_bits": 8562,
         "num_ports":         42,
         "num_port_bits":     6465,
         "num_memories":      0,
         "num_memory_bits":   0,
         "num_processes":     0,
         "num_cells":         11472,
         "num_submodules":       0,
         "area":              1248.383340,
         "sequential_area":    612.068400,
         "num_cells_by_type": {
            "A2O1A1Ixp33_ASAP7_75t_R": 1,
            "AOI211xp5_ASAP7_75t_R": 1025,
            "AOI21xp33_ASAP7_75t_R": 1025,
            "AOI221xp5_ASAP7_75t_R": 1,
            "DFFHQNx1_ASAP7_75t_R": 2099,
            "INVx1_ASAP7_75t_R": 3171,
            "NAND2xp33_ASAP7_75t_R": 3,
            "NOR2xp33_ASAP7_75t_R": 1026,
            "NOR4xp25_ASAP7_75t_R": 1,
            "O2A1O1Ixp33_ASAP7_75t_R": 1,
            "OAI21xp33_ASAP7_75t_R": 1024,
            "OAI22xp33_ASAP7_75t_R": 1071,
            "OAI32xp33_ASAP7_75t_R": 1024
         }
      },
      "\\MSHR_4$Scheduler.mshrs_0": {
         "num_wires":         9427,
         "num_wire_bits":     17936,
         "num_pub_wires":     53,
         "num_pub_wire_bits": 8562,
         "num_ports":         42,
         "num_port_bits":     6465,
         "num_memories":      0,
         "num_memory_bits":   0,
         "num_processes":     0,
         "num_cells":         11472,
         "num_submodules":       0,
         "area":              1248.383340,
         "sequential_area":    612.068400,
         "num_cells_by_type": {
            "A2O1A1Ixp33_ASAP7_75t_R": 1,
            "AOI211xp5_ASAP7_75t_R": 1025,
            "AOI21xp33_ASAP7_75t_R": 1025,
            "AOI221xp5_ASAP7_75t_R": 1,
            "DFFHQNx1_ASAP7_75t_R": 2099,
            "INVx1_ASAP7_75t_R": 3171,
            "NAND2xp33_ASAP7_75t_R": 3,
            "NOR2xp33_ASAP7_75t_R": 1026,
            "NOR4xp25_ASAP7_75t_R": 1,
            "O2A1O1Ixp33_ASAP7_75t_R": 1,
            "OAI21xp33_ASAP7_75t_R": 1024,
            "OAI22xp33_ASAP7_75t_R": 1071,
            "OAI32xp33_ASAP7_75t_R": 1024
         }
      },
      "\\ListBuffer_1$Scheduler.requests": {
         "num_wires":         507,
         "num_wire_bits":     4180,
         "num_pub_wires":     29,
         "num_pub_wire_bits": 3698,
         "num_ports":         18,
         "num_port_bits":     2399,
         "num_memories":      0,
         "num_memory_bits":   0,
         "num_processes":     0,
         "num_cells":         525,
         "num_submodules":       0,
         "area":              53.158680,
         "sequential_area":    18.662400,
         "num_cells_by_type": {
            "A2O1A1Ixp33_ASAP7_75t_R": 1,
            "A2O1A1O1Ixp25_ASAP7_75t_R": 11,
            "AND2x2_ASAP7_75t_R": 3,
            "AND3x1_ASAP7_75t_R": 13,
            "AND4x1_ASAP7_75t_R": 2,
            "AND5x1_ASAP7_75t_R": 1,
            "AO21x1_ASAP7_75t_R": 10,
            "AOI211xp5_ASAP7_75t_R": 12,
            "AOI21xp33_ASAP7_75t_R": 12,
            "AOI221xp5_ASAP7_75t_R": 3,
            "AOI22xp33_ASAP7_75t_R": 3,
            "AOI31xp33_ASAP7_75t_R": 13,
            "AOI32xp33_ASAP7_75t_R": 3,
            "DFFHQNx1_ASAP7_75t_R": 64,
            "INVx1_ASAP7_75t_R": 78,
            "NAND2xp33_ASAP7_75t_R": 37,
            "NAND3xp33_ASAP7_75t_R": 33,
            "NAND4xp25_ASAP7_75t_R": 17,
            "NAND5xp2_ASAP7_75t_R": 7,
            "NOR2xp33_ASAP7_75t_R": 45,
            "NOR3xp33_ASAP7_75t_R": 36,
            "NOR4xp25_ASAP7_75t_R": 15,
            "NOR5xp2_ASAP7_75t_R": 8,
            "O2A1O1Ixp33_ASAP7_75t_R": 37,
            "OA21x2_ASAP7_75t_R": 5,
            "OA31x2_ASAP7_75t_R": 1,
            "OAI21xp33_ASAP7_75t_R": 5,
            "OAI221xp5_ASAP7_75t_R": 3,
            "OAI22xp33_ASAP7_75t_R": 5,
            "OAI311xp33_ASAP7_75t_R": 2,
            "OAI31xp33_ASAP7_75t_R": 10,
            "OAI32xp33_ASAP7_75t_R": 1,
            "OR2x2_ASAP7_75t_R": 3,
            "OR3x1_ASAP7_75t_R": 2,
            "OR4x1_ASAP7_75t_R": 14,
            "OR5x1_ASAP7_75t_R": 2,
            "XNOR2xp5_ASAP7_75t_R": 1,
            "XOR2xp5_ASAP7_75t_R": 3,
            "data_32x1176": 1,
            "head_32x5": 1,
            "next_32x5": 1,
            "tail_32x5": 1
         }
      },
      "\\BankedStore$Scheduler.bankedStore": {
         "num_wires":         2215,
         "num_wire_bits":     7490,
         "num_pub_wires":     144,
         "num_pub_wire_bits": 5283,
         "num_ports":         15,
         "num_port_bits":     3235,
         "num_memories":      0,
         "num_memory_bits":   0,
         "num_processes":     0,
         "num_cells":         3232,
         "num_submodules":       1,
         "area":              3432.671460,
         "sequential_area":    2432.235600,
         "num_cells_by_type": {
            "INVx1_ASAP7_75t_R": 1035,
            "NAND2xp33_ASAP7_75t_R": 1034,
            "OAI21xp33_ASAP7_75t_R": 1034,
            "OR2x2_ASAP7_75t_R": 129,
            "SRAMTemplate_139$Scheduler.bankedStore.cc_banks": 1
         }
      },
      "\\Directory_test$Scheduler.directory": {
         "num_wires":         21329,
         "num_wire_bits":     24641,
         "num_pub_wires":     76,
         "num_pub_wire_bits": 3363,
         "num_ports":         45,
         "num_port_bits":     2641,
         "num_memories":      0,
         "num_memory_bits":   0,
         "num_processes":     0,
         "num_cells":         22604,
         "num_submodules":       1,
         "area":              2861.718660,
         "sequential_area":    1204.308000,
         "num_cells_by_type": {
            "A2O1A1Ixp33_ASAP7_75t_R": 333,
            "A2O1A1O1Ixp25_ASAP7_75t_R": 401,
            "AND2x2_ASAP7_75t_R": 116,
            "AND3x1_ASAP7_75t_R": 53,
            "AND4x1_ASAP7_75t_R": 91,
            "AND5x1_ASAP7_75t_R": 3,
            "AO21x1_ASAP7_75t_R": 277,
            "AO221x1_ASAP7_75t_R": 18,
            "AO222x2_ASAP7_75t_R": 2,
            "AO22x1_ASAP7_75t_R": 1,
            "AO32x1_ASAP7_75t_R": 3,
            "AO33x2_ASAP7_75t_R": 1,
            "AOI211xp5_ASAP7_75t_R": 1111,
            "AOI21xp33_ASAP7_75t_R": 1112,
            "AOI221xp5_ASAP7_75t_R": 210,
            "AOI222xp33_ASAP7_75t_R": 4,
            "AOI22xp33_ASAP7_75t_R": 357,
            "AOI311xp33_ASAP7_75t_R": 177,
            "AOI31xp33_ASAP7_75t_R": 154,
            "AOI321xp33_ASAP7_75t_R": 11,
            "AOI32xp33_ASAP7_75t_R": 24,
            "AOI33xp33_ASAP7_75t_R": 1,
            "DFFHQNx1_ASAP7_75t_R": 3485,
            "INVx1_ASAP7_75t_R": 1010,
            "NAND2xp33_ASAP7_75t_R": 3092,
            "NAND3xp33_ASAP7_75t_R": 681,
            "NAND4xp25_ASAP7_75t_R": 131,
            "NAND5xp2_ASAP7_75t_R": 108,
            "NOR2xp33_ASAP7_75t_R": 2021,
            "NOR3xp33_ASAP7_75t_R": 624,
            "NOR4xp25_ASAP7_75t_R": 347,
            "NOR5xp2_ASAP7_75t_R": 21,
            "O2A1O1Ixp33_ASAP7_75t_R": 2049,
            "OA211x2_ASAP7_75t_R": 113,
            "OA21x2_ASAP7_75t_R": 305,
            "OA33x2_ASAP7_75t_R": 1,
            "OAI211xp5_ASAP7_75t_R": 741,
            "OAI21xp33_ASAP7_75t_R": 1274,
            "OAI221xp5_ASAP7_75t_R": 173,
            "OAI222xp33_ASAP7_75t_R": 8,
            "OAI22xp33_ASAP7_75t_R": 741,
            "OAI311xp33_ASAP7_75t_R": 164,
            "OAI31xp33_ASAP7_75t_R": 247,
            "OAI321xp33_ASAP7_75t_R": 5,
            "OAI32xp33_ASAP7_75t_R": 182,
            "OAI33xp33_ASAP7_75t_R": 1,
            "OR2x2_ASAP7_75t_R": 53,
            "OR3x1_ASAP7_75t_R": 61,
            "OR4x1_ASAP7_75t_R": 195,
            "OR5x1_ASAP7_75t_R": 34,
            "XNOR2xp5_ASAP7_75t_R": 149,
            "XOR2xp5_ASAP7_75t_R": 128,
            "SRAMTemplate_138$Scheduler.directory.cc_dir": 1
         }
      },
      "\\SinkD$Scheduler.sinkD": {
         "num_wires":         1060,
         "num_wire_bits":     4180,
         "num_pub_wires":     14,
         "num_pub_wire_bits": 3134,
         "num_ports":         10,
         "num_port_bits":     2090,
         "num_memories":      0,
         "num_memory_bits":   0,
         "num_processes":     0,
         "num_cells":         2090,
         "num_submodules":       0,
         "area":              350.197020,
         "sequential_area":    304.430400,
         "num_cells_by_type": {
            "DFFHQNx1_ASAP7_75t_R": 1044,
            "INVx1_ASAP7_75t_R": 1045,
            "NOR2xp33_ASAP7_75t_R": 1
         }
      },
      "\\SinkA$Scheduler.sinkA": {
         "num_wires":         315,
         "num_wire_bits":     4061,
         "num_pub_wires":     34,
         "num_pub_wire_bits": 3780,
         "num_ports":         29,
         "num_port_bits":     3709,
         "num_memories":      0,
         "num_memory_bits":   0,
         "num_processes":     0,
         "num_cells":         289,
         "num_submodules":       1,
         "area":              83.835000,
         "sequential_area":    27.993600,
         "num_cells_by_type": {
            "A2O1A1Ixp33_ASAP7_75t_R": 2,
            "AND2x2_ASAP7_75t_R": 4,
            "AND3x1_ASAP7_75t_R": 6,
            "AND4x1_ASAP7_75t_R": 5,
            "AND5x1_ASAP7_75t_R": 1,
            "AO21x1_ASAP7_75t_R": 6,
            "AO221x1_ASAP7_75t_R": 1,
            "AO222x2_ASAP7_75t_R": 4,
            "AO32x1_ASAP7_75t_R": 15,
            "AOI211xp5_ASAP7_75t_R": 4,
            "AOI21xp33_ASAP7_75t_R": 6,
            "AOI221xp5_ASAP7_75t_R": 2,
            "AOI22xp33_ASAP7_75t_R": 3,
            "AOI311xp33_ASAP7_75t_R": 1,
            "AOI31xp33_ASAP7_75t_R": 4,
            "AOI321xp33_ASAP7_75t_R": 15,
            "AOI32xp33_ASAP7_75t_R": 17,
            "DFFHQNx1_ASAP7_75t_R": 32,
            "INVx1_ASAP7_75t_R": 16,
            "NAND2xp33_ASAP7_75t_R": 26,
            "NAND3xp33_ASAP7_75t_R": 21,
            "NAND4xp25_ASAP7_75t_R": 8,
            "NAND5xp2_ASAP7_75t_R": 3,
            "NOR2xp33_ASAP7_75t_R": 35,
            "NOR3xp33_ASAP7_75t_R": 13,
            "NOR4xp25_ASAP7_75t_R": 8,
            "NOR5xp2_ASAP7_75t_R": 7,
            "O2A1O1Ixp33_ASAP7_75t_R": 2,
            "OA21x2_ASAP7_75t_R": 1,
            "OAI211xp5_ASAP7_75t_R": 4,
            "OAI21xp33_ASAP7_75t_R": 3,
            "OAI22xp33_ASAP7_75t_R": 1,
            "OAI311xp33_ASAP7_75t_R": 1,
            "OAI31xp33_ASAP7_75t_R": 2,
            "OR2x2_ASAP7_75t_R": 2,
            "OR3x1_ASAP7_75t_R": 2,
            "OR4x1_ASAP7_75t_R": 4,
            "OR5x1_ASAP7_75t_R": 2,
            "ListBuffer$Scheduler.sinkA.putbuffer": 1
         }
      },
      "\\SourceD$Scheduler.sourceD": {
         "num_wires":         10569,
         "num_wire_bits":     18794,
         "num_pub_wires":     68,
         "num_pub_wire_bits": 7092,
         "num_ports":         52,
         "num_port_bits":     6883,
         "num_memories":      0,
         "num_memory_bits":   0,
         "num_processes":     0,
         "num_cells":         15118,
         "num_submodules":       0,
         "area":              1870.584840,
         "sequential_area":    1051.801200,
         "num_cells_by_type": {
            "A2O1A1Ixp33_ASAP7_75t_R": 3,
            "A2O1A1O1Ixp25_ASAP7_75t_R": 1,
            "AND2x2_ASAP7_75t_R": 2,
            "AND3x1_ASAP7_75t_R": 2,
            "AO21x1_ASAP7_75t_R": 1,
            "AOI211xp5_ASAP7_75t_R": 2373,
            "AOI21xp33_ASAP7_75t_R": 2380,
            "AOI221xp5_ASAP7_75t_R": 1,
            "AOI31xp33_ASAP7_75t_R": 3,
            "DFFHQNx1_ASAP7_75t_R": 3607,
            "HB1xp67_ASAP7_75t_R": 1,
            "INVx1_ASAP7_75t_R": 207,
            "NAND2xp33_ASAP7_75t_R": 2059,
            "NAND3xp33_ASAP7_75t_R": 9,
            "NAND4xp25_ASAP7_75t_R": 3,
            "NAND5xp2_ASAP7_75t_R": 2,
            "NOR2xp33_ASAP7_75t_R": 2381,
            "NOR3xp33_ASAP7_75t_R": 4,
            "NOR4xp25_ASAP7_75t_R": 1,
            "O2A1O1Ixp33_ASAP7_75t_R": 1028,
            "OA211x2_ASAP7_75t_R": 1,
            "OA21x2_ASAP7_75t_R": 3,
            "OAI211xp5_ASAP7_75t_R": 3,
            "OAI21xp33_ASAP7_75t_R": 1029,
            "OAI311xp33_ASAP7_75t_R": 2,
            "OAI31xp33_ASAP7_75t_R": 4,
            "OR2x2_ASAP7_75t_R": 2,
            "OR3x1_ASAP7_75t_R": 2,
            "OR4x1_ASAP7_75t_R": 4
         }
      },
      "\\SourceA$Scheduler.sourceA": {
         "num_wires":         16,
         "num_wire_bits":     2410,
         "num_pub_wires":     16,
         "num_pub_wire_bits": 2410,
         "num_ports":         16,
         "num_port_bits":     2410,
         "num_memories":      0,
         "num_memory_bits":   0,
         "num_processes":     0,
         "num_cells":         0,
         "num_submodules":       0,
         "num_cells_by_type": {

         }
      },
      "\\Scheduler": {
         "num_wires":         69634,
         "num_wire_bits":     226459,
         "num_pub_wires":     840,
         "num_pub_wire_bits": 120201,
         "num_ports":         29,
         "num_port_bits":     4600,
         "num_memories":      0,
         "num_memory_bits":   0,
         "num_processes":     0,
         "num_cells":         106308,
         "num_submodules":       41,
         "area":              59067.735300,
         "sequential_area":    25000.326000,
         "num_cells_by_type": {
            "A2O1A1Ixp33_ASAP7_75t_R": 162,
            "AND2x2_ASAP7_75t_R": 29736,
            "AND3x1_ASAP7_75t_R": 4362,
            "AND4x1_ASAP7_75t_R": 2555,
            "AND5x1_ASAP7_75t_R": 74,
            "AO21x1_ASAP7_75t_R": 668,
            "AO221x1_ASAP7_75t_R": 1,
            "AO222x2_ASAP7_75t_R": 585,
            "AO22x1_ASAP7_75t_R": 354,
            "AO32x1_ASAP7_75t_R": 2,
            "AO33x2_ASAP7_75t_R": 2,
            "AOI211xp5_ASAP7_75t_R": 723,
            "AOI21xp33_ASAP7_75t_R": 1631,
            "AOI221xp5_ASAP7_75t_R": 8212,
            "AOI222xp33_ASAP7_75t_R": 7599,
            "AOI22xp33_ASAP7_75t_R": 26855,
            "AOI311xp33_ASAP7_75t_R": 330,
            "AOI31xp33_ASAP7_75t_R": 360,
            "AOI32xp33_ASAP7_75t_R": 618,
            "AOI33xp33_ASAP7_75t_R": 3,
            "DFFHQNx1_ASAP7_75t_R": 33,
            "INVx1_ASAP7_75t_R": 2584,
            "NAND2xp33_ASAP7_75t_R": 4929,
            "NAND3xp33_ASAP7_75t_R": 4541,
            "NAND4xp25_ASAP7_75t_R": 1256,
            "NAND5xp2_ASAP7_75t_R": 3405,
            "NOR2xp33_ASAP7_75t_R": 775,
            "NOR3xp33_ASAP7_75t_R": 386,
            "NOR4xp25_ASAP7_75t_R": 176,
            "NOR5xp2_ASAP7_75t_R": 32,
            "O2A1O1Ixp33_ASAP7_75t_R": 70,
            "OA211x2_ASAP7_75t_R": 4,
            "OA21x2_ASAP7_75t_R": 13,
            "OA222x2_ASAP7_75t_R": 2,
            "OA22x2_ASAP7_75t_R": 6,
            "OA31x2_ASAP7_75t_R": 1,
            "OA33x2_ASAP7_75t_R": 3,
            "OAI211xp5_ASAP7_75t_R": 371,
            "OAI21xp33_ASAP7_75t_R": 2100,
            "OAI221xp5_ASAP7_75t_R": 120,
            "OAI222xp33_ASAP7_75t_R": 5,
            "OAI22xp33_ASAP7_75t_R": 201,
            "OAI311xp33_ASAP7_75t_R": 2,
            "OAI31xp33_ASAP7_75t_R": 11,
            "OAI32xp33_ASAP7_75t_R": 15,
            "OAI33xp33_ASAP7_75t_R": 10,
            "OR2x2_ASAP7_75t_R": 31,
            "OR3x1_ASAP7_75t_R": 13,
            "OR4x1_ASAP7_75t_R": 44,
            "OR5x1_ASAP7_75t_R": 8,
            "XNOR2xp5_ASAP7_75t_R": 211,
            "XOR2xp5_ASAP7_75t_R": 118,
            "BankedStore$Scheduler.bankedStore": 1,
            "Directory_test$Scheduler.directory": 1,
            "ListBuffer_1$Scheduler.requests": 1,
            "MSHR_4$Scheduler.mshrs_0": 1,
            "MSHR_4$Scheduler.mshrs_1": 1,
            "MSHR_4$Scheduler.mshrs_10": 1,
            "MSHR_4$Scheduler.mshrs_11": 1,
            "MSHR_4$Scheduler.mshrs_12": 1,
            "MSHR_4$Scheduler.mshrs_13": 1,
            "MSHR_4$Scheduler.mshrs_14": 1,
            "MSHR_4$Scheduler.mshrs_15": 1,
            "MSHR_4$Scheduler.mshrs_16": 1,
            "MSHR_4$Scheduler.mshrs_17": 1,
            "MSHR_4$Scheduler.mshrs_18": 1,
            "MSHR_4$Scheduler.mshrs_19": 1,
            "MSHR_4$Scheduler.mshrs_2": 1,
            "MSHR_4$Scheduler.mshrs_20": 1,
            "MSHR_4$Scheduler.mshrs_21": 1,
            "MSHR_4$Scheduler.mshrs_22": 1,
            "MSHR_4$Scheduler.mshrs_23": 1,
            "MSHR_4$Scheduler.mshrs_24": 1,
            "MSHR_4$Scheduler.mshrs_25": 1,
            "MSHR_4$Scheduler.mshrs_26": 1,
            "MSHR_4$Scheduler.mshrs_27": 1,
            "MSHR_4$Scheduler.mshrs_28": 1,
            "MSHR_4$Scheduler.mshrs_29": 1,
            "MSHR_4$Scheduler.mshrs_3": 1,
            "MSHR_4$Scheduler.mshrs_30": 1,
            "MSHR_4$Scheduler.mshrs_31": 1,
            "MSHR_4$Scheduler.mshrs_4": 1,
            "MSHR_4$Scheduler.mshrs_5": 1,
            "MSHR_4$Scheduler.mshrs_6": 1,
            "MSHR_4$Scheduler.mshrs_7": 1,
            "MSHR_4$Scheduler.mshrs_8": 1,
            "MSHR_4$Scheduler.mshrs_9": 1,
            "Queue1_DirectoryResult_lite_victim$Scheduler.dir_result_buffer": 1,
            "Queue8_FullRequest$Scheduler.write_buffer": 1,
            "SinkA$Scheduler.sinkA": 1,
            "SinkD$Scheduler.sinkD": 1,
            "SourceA$Scheduler.sourceA": 1,
            "SourceD$Scheduler.sourceD": 1
         }
      }
   },
      "design": {
         "num_wires":         436628,
         "num_wire_bits":     910706,
         "num_pub_wires":     3327,
         "num_pub_wire_bits": 438546,
         "num_ports":         1932,
         "num_port_bits":     245020,
         "num_memories":      0,
         "num_memory_bits":   0,
         "num_processes":     0,
         "num_cells":         550344,
         "num_submodules":       41,
         "area":              59067.735300,
         "sequential_area":    25000.326000,
         "num_cells_by_type": {
            "A2O1A1Ixp33_ASAP7_75t_R": 841,
            "A2O1A1O1Ixp25_ASAP7_75t_R": 728,
            "AND2x2_ASAP7_75t_R": 30174,
            "AND3x1_ASAP7_75t_R": 4451,
            "AND4x1_ASAP7_75t_R": 2759,
            "AND5x1_ASAP7_75t_R": 80,
            "AO21x1_ASAP7_75t_R": 973,
            "AO221x1_ASAP7_75t_R": 20,
            "AO222x2_ASAP7_75t_R": 592,
            "AO22x1_ASAP7_75t_R": 355,
            "AO32x1_ASAP7_75t_R": 20,
            "AO33x2_ASAP7_75t_R": 3,
            "AOI211xp5_ASAP7_75t_R": 37036,
            "AOI21xp33_ASAP7_75t_R": 37959,
            "AOI221xp5_ASAP7_75t_R": 8464,
            "AOI222xp33_ASAP7_75t_R": 7603,
            "AOI22xp33_ASAP7_75t_R": 27223,
            "AOI311xp33_ASAP7_75t_R": 508,
            "AOI31xp33_ASAP7_75t_R": 549,
            "AOI321xp33_ASAP7_75t_R": 26,
            "AOI32xp33_ASAP7_75t_R": 665,
            "AOI33xp33_ASAP7_75t_R": 4,
            "DFFHQNx1_ASAP7_75t_R": 85735,
            "HB1xp67_ASAP7_75t_R": 2,
            "INVx1_ASAP7_75t_R": 117964,
            "NAND2xp33_ASAP7_75t_R": 12842,
            "NAND3xp33_ASAP7_75t_R": 6566,
            "NAND4xp25_ASAP7_75t_R": 1766,
            "NAND5xp2_ASAP7_75t_R": 4393,
            "NOR2xp33_ASAP7_75t_R": 38140,
            "NOR3xp33_ASAP7_75t_R": 1108,
            "NOR4xp25_ASAP7_75t_R": 1350,
            "NOR5xp2_ASAP7_75t_R": 96,
            "O2A1O1Ixp33_ASAP7_75t_R": 3258,
            "OA211x2_ASAP7_75t_R": 118,
            "OA21x2_ASAP7_75t_R": 333,
            "OA222x2_ASAP7_75t_R": 3,
            "OA22x2_ASAP7_75t_R": 7,
            "OA31x2_ASAP7_75t_R": 3,
            "OA33x2_ASAP7_75t_R": 4,
            "OAI211xp5_ASAP7_75t_R": 1119,
            "OAI21xp33_ASAP7_75t_R": 41821,
            "OAI221xp5_ASAP7_75t_R": 300,
            "OAI222xp33_ASAP7_75t_R": 13,
            "OAI22xp33_ASAP7_75t_R": 35227,
            "OAI311xp33_ASAP7_75t_R": 173,
            "OAI31xp33_ASAP7_75t_R": 1312,
            "OAI321xp33_ASAP7_75t_R": 5,
            "OAI32xp33_ASAP7_75t_R": 32967,
            "OAI33xp33_ASAP7_75t_R": 11,
            "OR2x2_ASAP7_75t_R": 834,
            "OR3x1_ASAP7_75t_R": 212,
            "OR4x1_ASAP7_75t_R": 563,
            "OR5x1_ASAP7_75t_R": 49,
            "XNOR2xp5_ASAP7_75t_R": 621,
            "XOR2xp5_ASAP7_75t_R": 385,
            "array_1024x1024": 1,
            "array_64x304": 1,
            "data_32x1152": 1,
            "data_32x1176": 1,
            "head_32x5": 2,
            "next_32x5": 2,
            "ram_8x1203": 1,
            "tail_32x5": 2,
            "BankedStore$Scheduler.bankedStore": 1,
            "Directory_test$Scheduler.directory": 1,
            "ListBuffer_1$Scheduler.requests": 1,
            "MSHR_4$Scheduler.mshrs_0": 1,
            "MSHR_4$Scheduler.mshrs_1": 1,
            "MSHR_4$Scheduler.mshrs_10": 1,
            "MSHR_4$Scheduler.mshrs_11": 1,
            "MSHR_4$Scheduler.mshrs_12": 1,
            "MSHR_4$Scheduler.mshrs_13": 1,
            "MSHR_4$Scheduler.mshrs_14": 1,
            "MSHR_4$Scheduler.mshrs_15": 1,
            "MSHR_4$Scheduler.mshrs_16": 1,
            "MSHR_4$Scheduler.mshrs_17": 1,
            "MSHR_4$Scheduler.mshrs_18": 1,
            "MSHR_4$Scheduler.mshrs_19": 1,
            "MSHR_4$Scheduler.mshrs_2": 1,
            "MSHR_4$Scheduler.mshrs_20": 1,
            "MSHR_4$Scheduler.mshrs_21": 1,
            "MSHR_4$Scheduler.mshrs_22": 1,
            "MSHR_4$Scheduler.mshrs_23": 1,
            "MSHR_4$Scheduler.mshrs_24": 1,
            "MSHR_4$Scheduler.mshrs_25": 1,
            "MSHR_4$Scheduler.mshrs_26": 1,
            "MSHR_4$Scheduler.mshrs_27": 1,
            "MSHR_4$Scheduler.mshrs_28": 1,
            "MSHR_4$Scheduler.mshrs_29": 1,
            "MSHR_4$Scheduler.mshrs_3": 1,
            "MSHR_4$Scheduler.mshrs_30": 1,
            "MSHR_4$Scheduler.mshrs_31": 1,
            "MSHR_4$Scheduler.mshrs_4": 1,
            "MSHR_4$Scheduler.mshrs_5": 1,
            "MSHR_4$Scheduler.mshrs_6": 1,
            "MSHR_4$Scheduler.mshrs_7": 1,
            "MSHR_4$Scheduler.mshrs_8": 1,
            "MSHR_4$Scheduler.mshrs_9": 1,
            "Queue1_DirectoryResult_lite_victim$Scheduler.dir_result_buffer": 1,
            "Queue8_FullRequest$Scheduler.write_buffer": 1,
            "SinkA$Scheduler.sinkA": 1,
            "SinkD$Scheduler.sinkD": 1,
            "SourceA$Scheduler.sourceA": 1,
            "SourceD$Scheduler.sourceD": 1
         }
      }
}

11. Executing Verilog backend.

11.1. Executing BMUXMAP pass.

11.2. Executing DEMUXMAP pass.
Dumping module `\BankedStore$Scheduler.bankedStore'.
Dumping module `\Directory_test$Scheduler.directory'.
Dumping module `\ListBuffer$Scheduler.sinkA.putbuffer'.
Dumping module `\ListBuffer_1$Scheduler.requests'.
Dumping module `\MSHR_4$Scheduler.mshrs_0'.
Dumping module `\MSHR_4$Scheduler.mshrs_1'.
Dumping module `\MSHR_4$Scheduler.mshrs_10'.
Dumping module `\MSHR_4$Scheduler.mshrs_11'.
Dumping module `\MSHR_4$Scheduler.mshrs_12'.
Dumping module `\MSHR_4$Scheduler.mshrs_13'.
Dumping module `\MSHR_4$Scheduler.mshrs_14'.
Dumping module `\MSHR_4$Scheduler.mshrs_15'.
Dumping module `\MSHR_4$Scheduler.mshrs_16'.
Dumping module `\MSHR_4$Scheduler.mshrs_17'.
Dumping module `\MSHR_4$Scheduler.mshrs_18'.
Dumping module `\MSHR_4$Scheduler.mshrs_19'.
Dumping module `\MSHR_4$Scheduler.mshrs_2'.
Dumping module `\MSHR_4$Scheduler.mshrs_20'.
Dumping module `\MSHR_4$Scheduler.mshrs_21'.
Dumping module `\MSHR_4$Scheduler.mshrs_22'.
Dumping module `\MSHR_4$Scheduler.mshrs_23'.
Dumping module `\MSHR_4$Scheduler.mshrs_24'.
Dumping module `\MSHR_4$Scheduler.mshrs_25'.
Dumping module `\MSHR_4$Scheduler.mshrs_26'.
Dumping module `\MSHR_4$Scheduler.mshrs_27'.
Dumping module `\MSHR_4$Scheduler.mshrs_28'.
Dumping module `\MSHR_4$Scheduler.mshrs_29'.
Dumping module `\MSHR_4$Scheduler.mshrs_3'.
Dumping module `\MSHR_4$Scheduler.mshrs_30'.
Dumping module `\MSHR_4$Scheduler.mshrs_31'.
Dumping module `\MSHR_4$Scheduler.mshrs_4'.
Dumping module `\MSHR_4$Scheduler.mshrs_5'.
Dumping module `\MSHR_4$Scheduler.mshrs_6'.
Dumping module `\MSHR_4$Scheduler.mshrs_7'.
Dumping module `\MSHR_4$Scheduler.mshrs_8'.
Dumping module `\MSHR_4$Scheduler.mshrs_9'.
Dumping module `\Queue1_DirectoryResult_lite_victim$Scheduler.dir_result_buffer'.
Dumping module `\Queue8_FullRequest$Scheduler.write_buffer'.
Dumping module `\SRAMTemplate_138$Scheduler.directory.cc_dir'.
Dumping module `\SRAMTemplate_139$Scheduler.bankedStore.cc_banks'.
Dumping module `\Scheduler'.
Dumping module `\SinkA$Scheduler.sinkA'.
Dumping module `\SinkD$Scheduler.sinkD'.
Dumping module `\SourceA$Scheduler.sourceA'.
Dumping module `\SourceD$Scheduler.sourceD'.

End of script. Logfile hash: 3c3996a8f5, time: 507.47s, user: 144.41s, system: 4.54s, MEM: 1483.17 MB peak
Yosys 0.64+308 (git sha1 78e05dfb0, Release, Clang /usr/bin/clang++ 18.1.8)
Time spent: 79% 1x abc (420 sec), 6% 9x opt_clean (31 sec), ...
