
-- Executing script file `synth.ys' --

1. Executing SLANG frontend.
Top level design units:
    GPU

Build succeeded: 0 errors, 0 warnings

1.1. Executing PROC_CLEAN pass (remove empty switches from decision trees).
Found and cleaned up 1 empty switch in `\RRArbiter$GPU.cta.cta_sche.cu_interface_inst.arb_inst.$8'.
Found and cleaned up 1 empty switch in `\Queue2_cta_data$GPU.cta.cta_sche.cu_interface_inst.fifo.$10'.
Found and cleaned up 1 empty switch in `\Queue1_5_Anon_2$GPU.cta.cta_sche.resource_table_inst.baseaddr_vgpr_reg_q.$11'.
Found and cleaned up 1 empty switch in `\Queue1_5_Anon_1$GPU.cta.cta_sche.resource_table_inst.baseaddr_sgpr_reg_q.$11'.
Found and cleaned up 1 empty switch in `\Queue1_5_Anon$GPU.cta.cta_sche.resource_table_inst.baseaddr_lds_reg_q.$11'.
Found and cleaned up 1 empty switch in `\Queue2_io_rt2dealloc$GPU.cta.cta_sche.resource_table_inst.slot_dealloc.$10'.
Found and cleaned up 1 empty switch in `\DecoupledIO_1_to_3_1$GPU.cta.cta_sche.resource_table_inst.dealloc_decoupledio.$30'.
Found and cleaned up 1 empty switch in `\DecoupledIO_1_to_3$GPU.cta.cta_sche.resource_table_inst.alloc_decoupledio.$21'.
Found and cleaned up 1 empty switch in `\resource_table_ram_4$GPU.cta.cta_sche.resource_table_inst.rtram_vgpr_1_0.$2'.
Found and cleaned up 1 empty switch in `\resource_table_ram_4$GPU.cta.cta_sche.resource_table_inst.rtram_vgpr_0_0.$2'.
Found and cleaned up 1 empty switch in `\resource_table_ram_2$GPU.cta.cta_sche.resource_table_inst.rtram_sgpr_1_0.$2'.
Found and cleaned up 1 empty switch in `\resource_table_ram_2$GPU.cta.cta_sche.resource_table_inst.rtram_sgpr_0_0.$2'.
Found and cleaned up 1 empty switch in `\resource_table_ram$GPU.cta.cta_sche.resource_table_inst.rtram_lds_1_0.$2'.
Found and cleaned up 1 empty switch in `\resource_table_ram$GPU.cta.cta_sche.resource_table_inst.rtram_lds_0_0.$2'.
Found and cleaned up 1 empty switch in `\resource_table_handler_4$GPU.cta.cta_sche.resource_table_inst.handler_vgpr_1.$204'.
Found and cleaned up 1 empty switch in `\resource_table_handler_4$GPU.cta.cta_sche.resource_table_inst.handler_vgpr_0.$204'.
Found and cleaned up 1 empty switch in `\resource_table_handler_2$GPU.cta.cta_sche.resource_table_inst.handler_sgpr_1.$204'.
Found and cleaned up 1 empty switch in `\resource_table_handler_2$GPU.cta.cta_sche.resource_table_inst.handler_sgpr_0.$204'.
Found and cleaned up 1 empty switch in `\resource_table_handler$GPU.cta.cta_sche.resource_table_inst.handler_lds_1.$204'.
Found and cleaned up 1 empty switch in `\resource_table_handler$GPU.cta.cta_sche.resource_table_inst.handler_lds_0.$204'.
Found and cleaned up 1 empty switch in `\Queue1_io_alloc2cuinterface$GPU.cta.cta_sche.allocator_inst.cuinterface_buf.$3'.
Removing empty process `rtcache_writer_2$GPU.cta.cta_sche.allocator_inst.writer_vgpr.$9'.
Removing empty process `rtcache_writer_1$GPU.cta.cta_sche.allocator_inst.writer_sgpr.$9'.
Removing empty process `rtcache_writer$GPU.cta.cta_sche.allocator_inst.writer_lds.$9'.
Found and cleaned up 1 empty switch in `\RRPriorityEncoder$GPU.cta.cta_sche.wg_buffer_inst.wgram1_rd_next_inst.$10'.
Found and cleaned up 1 empty switch in `\RRPriorityEncoder$GPU.cta.cta_sche.wg_buffer_inst.wgram_wr_next_inst.$10'.
Found and cleaned up 1 empty switch in `\SRAMTemplate_139$GPU.Scheduler.bankedStore.cc_banks.$4'.
Found and cleaned up 1 empty switch in `\SRAMTemplate_138$GPU.Scheduler.directory.cc_dir.$68'.
Found and cleaned up 1 empty switch in `\ListBuffer$GPU.Scheduler.sinkA.putbuffer.$34'.
Found and cleaned up 2 empty switches in `\cu_interface$GPU.cta.cta_sche.cu_interface_inst.$64'.
Found and cleaned up 1 empty switch in `\resource_table_top$GPU.cta.cta_sche.resource_table_inst.$10'.
Found and cleaned up 1 empty switch in `\allocator$GPU.cta.cta_sche.allocator_inst.$102'.
Found and cleaned up 1 empty switch in `\wg_buffer$GPU.cta.cta_sche.wg_buffer_inst.$46'.
Found and cleaned up 1 empty switch in `\Queue2_TLBundleA_lite$GPU.SM2clusterArbiter.memReqBuf.$10'.
Found and cleaned up 1 empty switch in `\Queue1_DirectoryResult_lite_victim$GPU.Scheduler.dir_result_buffer.$0'.
Found and cleaned up 1 empty switch in `\Queue8_FullRequest$GPU.Scheduler.write_buffer.$20'.
Found and cleaned up 1 empty switch in `\MSHR_4$GPU.Scheduler.mshrs_31.$6'.
Found and cleaned up 1 empty switch in `\MSHR_4$GPU.Scheduler.mshrs_30.$6'.
Found and cleaned up 1 empty switch in `\MSHR_4$GPU.Scheduler.mshrs_29.$6'.
Found and cleaned up 1 empty switch in `\MSHR_4$GPU.Scheduler.mshrs_28.$6'.
Found and cleaned up 1 empty switch in `\MSHR_4$GPU.Scheduler.mshrs_27.$6'.
Found and cleaned up 1 empty switch in `\MSHR_4$GPU.Scheduler.mshrs_26.$6'.
Found and cleaned up 1 empty switch in `\MSHR_4$GPU.Scheduler.mshrs_25.$6'.
Found and cleaned up 1 empty switch in `\MSHR_4$GPU.Scheduler.mshrs_24.$6'.
Found and cleaned up 1 empty switch in `\MSHR_4$GPU.Scheduler.mshrs_23.$6'.
Found and cleaned up 1 empty switch in `\MSHR_4$GPU.Scheduler.mshrs_22.$6'.
Found and cleaned up 1 empty switch in `\MSHR_4$GPU.Scheduler.mshrs_21.$6'.
Found and cleaned up 1 empty switch in `\MSHR_4$GPU.Scheduler.mshrs_20.$6'.
Found and cleaned up 1 empty switch in `\MSHR_4$GPU.Scheduler.mshrs_19.$6'.
Found and cleaned up 1 empty switch in `\MSHR_4$GPU.Scheduler.mshrs_18.$6'.
Found and cleaned up 1 empty switch in `\MSHR_4$GPU.Scheduler.mshrs_17.$6'.
Found and cleaned up 1 empty switch in `\MSHR_4$GPU.Scheduler.mshrs_16.$6'.
Found and cleaned up 1 empty switch in `\MSHR_4$GPU.Scheduler.mshrs_15.$6'.
Found and cleaned up 1 empty switch in `\MSHR_4$GPU.Scheduler.mshrs_14.$6'.
Found and cleaned up 1 empty switch in `\MSHR_4$GPU.Scheduler.mshrs_13.$6'.
Found and cleaned up 1 empty switch in `\MSHR_4$GPU.Scheduler.mshrs_12.$6'.
Found and cleaned up 1 empty switch in `\MSHR_4$GPU.Scheduler.mshrs_11.$6'.
Found and cleaned up 1 empty switch in `\MSHR_4$GPU.Scheduler.mshrs_10.$6'.
Found and cleaned up 1 empty switch in `\MSHR_4$GPU.Scheduler.mshrs_9.$6'.
Found and cleaned up 1 empty switch in `\MSHR_4$GPU.Scheduler.mshrs_8.$6'.
Found and cleaned up 1 empty switch in `\MSHR_4$GPU.Scheduler.mshrs_7.$6'.
Found and cleaned up 1 empty switch in `\MSHR_4$GPU.Scheduler.mshrs_6.$6'.
Found and cleaned up 1 empty switch in `\MSHR_4$GPU.Scheduler.mshrs_5.$6'.
Found and cleaned up 1 empty switch in `\MSHR_4$GPU.Scheduler.mshrs_4.$6'.
Found and cleaned up 1 empty switch in `\MSHR_4$GPU.Scheduler.mshrs_3.$6'.
Found and cleaned up 1 empty switch in `\MSHR_4$GPU.Scheduler.mshrs_2.$6'.
Found and cleaned up 1 empty switch in `\MSHR_4$GPU.Scheduler.mshrs_1.$6'.
Found and cleaned up 1 empty switch in `\MSHR_4$GPU.Scheduler.mshrs_0.$6'.
Found and cleaned up 1 empty switch in `\ListBuffer_1$GPU.Scheduler.requests.$34'.
Found and cleaned up 1 empty switch in `\Directory_test$GPU.Scheduler.directory.$259'.
Found and cleaned up 1 empty switch in `\SinkD$GPU.Scheduler.sinkD.$0'.
Found and cleaned up 1 empty switch in `\SinkA$GPU.Scheduler.sinkA.$60'.
Found and cleaned up 1 empty switch in `\SourceD$GPU.Scheduler.sourceD.$61'.
Found and cleaned up 1 empty switch in `\Scheduler$GPU.Scheduler.$1661'.
Cleaned up 72 empty switches.

1.2. Executing TRIBUF pass.

1.3. Executing PROC_RMDEAD pass (remove dead branches from decision trees).
Marked 4 switch rules as full_case in process $10 in module Queue2_cta_data$GPU.cta.cta_sche.cu_interface_inst.fifo.
Marked 3 switch rules as full_case in process $11 in module Queue1_5_Anon_2$GPU.cta.cta_sche.resource_table_inst.baseaddr_vgpr_reg_q.
Marked 3 switch rules as full_case in process $11 in module Queue1_5_Anon_1$GPU.cta.cta_sche.resource_table_inst.baseaddr_sgpr_reg_q.
Marked 3 switch rules as full_case in process $11 in module Queue1_5_Anon$GPU.cta.cta_sche.resource_table_inst.baseaddr_lds_reg_q.
Marked 4 switch rules as full_case in process $10 in module Queue2_io_rt2dealloc$GPU.cta.cta_sche.resource_table_inst.slot_dealloc.
Marked 1 switch rules as full_case in process $30 in module DecoupledIO_1_to_3_1$GPU.cta.cta_sche.resource_table_inst.dealloc_decoupledio.
Marked 1 switch rules as full_case in process $21 in module DecoupledIO_1_to_3$GPU.cta.cta_sche.resource_table_inst.alloc_decoupledio.
Marked 20 switch rules as full_case in process $2 in module resource_table_ram_4$GPU.cta.cta_sche.resource_table_inst.rtram_vgpr_1_0.
Marked 20 switch rules as full_case in process $2 in module resource_table_ram_4$GPU.cta.cta_sche.resource_table_inst.rtram_vgpr_0_0.
Marked 20 switch rules as full_case in process $2 in module resource_table_ram_2$GPU.cta.cta_sche.resource_table_inst.rtram_sgpr_1_0.
Marked 20 switch rules as full_case in process $2 in module resource_table_ram_2$GPU.cta.cta_sche.resource_table_inst.rtram_sgpr_0_0.
Marked 20 switch rules as full_case in process $2 in module resource_table_ram$GPU.cta.cta_sche.resource_table_inst.rtram_lds_1_0.
Marked 20 switch rules as full_case in process $2 in module resource_table_ram$GPU.cta.cta_sche.resource_table_inst.rtram_lds_0_0.
Marked 73 switch rules as full_case in process $204 in module resource_table_handler_4$GPU.cta.cta_sche.resource_table_inst.handler_vgpr_1.
Marked 73 switch rules as full_case in process $204 in module resource_table_handler_4$GPU.cta.cta_sche.resource_table_inst.handler_vgpr_0.
Marked 73 switch rules as full_case in process $204 in module resource_table_handler_2$GPU.cta.cta_sche.resource_table_inst.handler_sgpr_1.
Marked 73 switch rules as full_case in process $204 in module resource_table_handler_2$GPU.cta.cta_sche.resource_table_inst.handler_sgpr_0.
Marked 73 switch rules as full_case in process $204 in module resource_table_handler$GPU.cta.cta_sche.resource_table_inst.handler_lds_1.
Marked 73 switch rules as full_case in process $204 in module resource_table_handler$GPU.cta.cta_sche.resource_table_inst.handler_lds_0.
Marked 3 switch rules as full_case in process $3 in module Queue1_io_alloc2cuinterface$GPU.cta.cta_sche.allocator_inst.cuinterface_buf.
Marked 2 switch rules as full_case in process $10 in module RRPriorityEncoder$GPU.cta.cta_sche.wg_buffer_inst.wgram1_rd_next_inst.
Marked 2 switch rules as full_case in process $10 in module RRPriorityEncoder$GPU.cta.cta_sche.wg_buffer_inst.wgram_wr_next_inst.
Marked 255 switch rules as full_case in process $4 in module SRAMTemplate_139$GPU.Scheduler.bankedStore.cc_banks.
Marked 3 switch rules as full_case in process $68 in module SRAMTemplate_138$GPU.Scheduler.directory.cc_dir.
Marked 1 switch rules as full_case in process $34 in module ListBuffer$GPU.Scheduler.sinkA.putbuffer.
Marked 52 switch rules as full_case in process $64 in module cu_interface$GPU.cta.cta_sche.cu_interface_inst.
Marked 1 switch rules as full_case in process $10 in module resource_table_top$GPU.cta.cta_sche.resource_table_inst.
Marked 29 switch rules as full_case in process $102 in module allocator$GPU.cta.cta_sche.allocator_inst.
Marked 3 switch rules as full_case in process $46 in module wg_buffer$GPU.cta.cta_sche.wg_buffer_inst.
Marked 4 switch rules as full_case in process $10 in module Queue2_TLBundleA_lite$GPU.SM2clusterArbiter.memReqBuf.
Marked 3 switch rules as full_case in process $0 in module Queue1_DirectoryResult_lite_victim$GPU.Scheduler.dir_result_buffer.
Marked 4 switch rules as full_case in process $20 in module Queue8_FullRequest$GPU.Scheduler.write_buffer.
Marked 6 switch rules as full_case in process $6 in module MSHR_4$GPU.Scheduler.mshrs_31.
Marked 6 switch rules as full_case in process $6 in module MSHR_4$GPU.Scheduler.mshrs_30.
Marked 6 switch rules as full_case in process $6 in module MSHR_4$GPU.Scheduler.mshrs_29.
Marked 6 switch rules as full_case in process $6 in module MSHR_4$GPU.Scheduler.mshrs_28.
Marked 6 switch rules as full_case in process $6 in module MSHR_4$GPU.Scheduler.mshrs_27.
Marked 6 switch rules as full_case in process $6 in module MSHR_4$GPU.Scheduler.mshrs_26.
Marked 6 switch rules as full_case in process $6 in module MSHR_4$GPU.Scheduler.mshrs_25.
Marked 6 switch rules as full_case in process $6 in module MSHR_4$GPU.Scheduler.mshrs_24.
Marked 6 switch rules as full_case in process $6 in module MSHR_4$GPU.Scheduler.mshrs_23.
Marked 6 switch rules as full_case in process $6 in module MSHR_4$GPU.Scheduler.mshrs_22.
Marked 6 switch rules as full_case in process $6 in module MSHR_4$GPU.Scheduler.mshrs_21.
Marked 6 switch rules as full_case in process $6 in module MSHR_4$GPU.Scheduler.mshrs_20.
Marked 6 switch rules as full_case in process $6 in module MSHR_4$GPU.Scheduler.mshrs_19.
Marked 6 switch rules as full_case in process $6 in module MSHR_4$GPU.Scheduler.mshrs_18.
Marked 6 switch rules as full_case in process $6 in module MSHR_4$GPU.Scheduler.mshrs_17.
Marked 6 switch rules as full_case in process $6 in module MSHR_4$GPU.Scheduler.mshrs_16.
Marked 6 switch rules as full_case in process $6 in module MSHR_4$GPU.Scheduler.mshrs_15.
Marked 6 switch rules as full_case in process $6 in module MSHR_4$GPU.Scheduler.mshrs_14.
Marked 6 switch rules as full_case in process $6 in module MSHR_4$GPU.Scheduler.mshrs_13.
Marked 6 switch rules as full_case in process $6 in module MSHR_4$GPU.Scheduler.mshrs_12.
Marked 6 switch rules as full_case in process $6 in module MSHR_4$GPU.Scheduler.mshrs_11.
Marked 6 switch rules as full_case in process $6 in module MSHR_4$GPU.Scheduler.mshrs_10.
Marked 6 switch rules as full_case in process $6 in module MSHR_4$GPU.Scheduler.mshrs_9.
Marked 6 switch rules as full_case in process $6 in module MSHR_4$GPU.Scheduler.mshrs_8.
Marked 6 switch rules as full_case in process $6 in module MSHR_4$GPU.Scheduler.mshrs_7.
Marked 6 switch rules as full_case in process $6 in module MSHR_4$GPU.Scheduler.mshrs_6.
Marked 6 switch rules as full_case in process $6 in module MSHR_4$GPU.Scheduler.mshrs_5.
Marked 6 switch rules as full_case in process $6 in module MSHR_4$GPU.Scheduler.mshrs_4.
Marked 6 switch rules as full_case in process $6 in module MSHR_4$GPU.Scheduler.mshrs_3.
Marked 6 switch rules as full_case in process $6 in module MSHR_4$GPU.Scheduler.mshrs_2.
Marked 6 switch rules as full_case in process $6 in module MSHR_4$GPU.Scheduler.mshrs_1.
Marked 6 switch rules as full_case in process $6 in module MSHR_4$GPU.Scheduler.mshrs_0.
Marked 1 switch rules as full_case in process $34 in module ListBuffer_1$GPU.Scheduler.requests.
Marked 14 switch rules as full_case in process $259 in module Directory_test$GPU.Scheduler.directory.
Marked 1 switch rules as full_case in process $0 in module SinkD$GPU.Scheduler.sinkD.
Marked 1 switch rules as full_case in process $60 in module SinkA$GPU.Scheduler.sinkA.
Marked 30 switch rules as full_case in process $61 in module SourceD$GPU.Scheduler.sourceD.
Marked 2 switch rules as full_case in process $1661 in module Scheduler$GPU.Scheduler.
Removed a total of 0 dead cases.

1.4. Executing PROC_PRUNE pass (remove redundant assignments in processes).
Removed 1141 redundant assignments.
Promoted 0 assignments to connections.

1.5. Executing PROC_INIT pass (extract init attributes).

1.6. Executing PROC_ROM pass (convert switches to ROMs).
Converted 0 switches.
<suppressed ~1485 debug messages>

1.7. Executing PROC_MUX pass (convert decision trees to multiplexers).
Creating decoders for process `\RRArbiter$GPU.cta.cta_sche.cu_interface_inst.arb_inst.$8'.
     1/1: $ctrl_validMask_grantMask_lastGrant$10
Creating decoders for process `\Queue2_cta_data$GPU.cta.cta_sche.cu_interface_inst.fifo.$10'.
     1/6: $maybe_full$19
     2/6: $wrap_1$16
     3/6: $wrap$14
     4/6: $maybe_full$22
     5/6: $wrap_1$21
     6/6: $wrap$20
Creating decoders for process `\Queue1_5_Anon_2$GPU.cta.cta_sche.resource_table_inst.baseaddr_vgpr_reg_q.$11'.
     1/3: $full$17
     2/3: $full$18
     3/3: $ram$12
Creating decoders for process `\Queue1_5_Anon_1$GPU.cta.cta_sche.resource_table_inst.baseaddr_sgpr_reg_q.$11'.
     1/3: $full$17
     2/3: $full$18
     3/3: $ram$12
Creating decoders for process `\Queue1_5_Anon$GPU.cta.cta_sche.resource_table_inst.baseaddr_lds_reg_q.$11'.
     1/3: $full$17
     2/3: $full$18
     3/3: $ram$12
Creating decoders for process `\Queue2_io_rt2dealloc$GPU.cta.cta_sche.resource_table_inst.slot_dealloc.$10'.
     1/6: $maybe_full$19
     2/6: $wrap_1$16
     3/6: $wrap$14
     4/6: $maybe_full$22
     5/6: $wrap_1$21
     6/6: $wrap$20
Creating decoders for process `\DecoupledIO_1_to_3_1$GPU.cta.cta_sche.resource_table_inst.dealloc_decoupledio.$30'.
     1/5: $in_valid_r$51
     2/5: $in_fire_r$50
     3/5: $fire2$49
     4/5: $fire1$48
     5/5: $fire0$47
Creating decoders for process `\DecoupledIO_1_to_3$GPU.cta.cta_sche.resource_table_inst.alloc_decoupledio.$21'.
     1/5: $in_valid_r$36
     2/5: $in_fire_r$35
     3/5: $fire2$34
     4/5: $fire1$33
     5/5: $fire0$32
Creating decoders for process `\resource_table_ram_4$GPU.cta.cta_sche.resource_table_inst.rtram_vgpr_1_0.$2'.
     1/28: $wgid_7$62
     2/28: $wgid_6$59
     3/28: $wgid_5$56
     4/28: $wgid_4$53
     5/28: $wgid_3$50
     6/28: $wgid_2$47
     7/28: $wgid_1$44
     8/28: $wgid_0$41
     9/28: $tail$38
    10/28: $head$37
    11/28: $valid_7$27
    12/28: $valid_6$24
    13/28: $valid_5$21
    14/28: $valid_4$18
    15/28: $valid_3$15
    16/28: $valid_2$12
    17/28: $valid_1$9
    18/28: $valid_0$6
    19/28: $cnt$3
    20/28: $valid_7$36
    21/28: $valid_6$35
    22/28: $valid_5$34
    23/28: $valid_4$33
    24/28: $valid_3$32
    25/28: $valid_2$31
    26/28: $valid_1$30
    27/28: $valid_0$29
    28/28: $cnt$28
Creating decoders for process `\resource_table_ram_4$GPU.cta.cta_sche.resource_table_inst.rtram_vgpr_0_0.$2'.
     1/28: $wgid_7$62
     2/28: $wgid_6$59
     3/28: $wgid_5$56
     4/28: $wgid_4$53
     5/28: $wgid_3$50
     6/28: $wgid_2$47
     7/28: $wgid_1$44
     8/28: $wgid_0$41
     9/28: $tail$38
    10/28: $head$37
    11/28: $valid_7$27
    12/28: $valid_6$24
    13/28: $valid_5$21
    14/28: $valid_4$18
    15/28: $valid_3$15
    16/28: $valid_2$12
    17/28: $valid_1$9
    18/28: $valid_0$6
    19/28: $cnt$3
    20/28: $valid_7$36
    21/28: $valid_6$35
    22/28: $valid_5$34
    23/28: $valid_4$33
    24/28: $valid_3$32
    25/28: $valid_2$31
    26/28: $valid_1$30
    27/28: $valid_0$29
    28/28: $cnt$28
Creating decoders for process `\resource_table_ram_2$GPU.cta.cta_sche.resource_table_inst.rtram_sgpr_1_0.$2'.
     1/28: $wgid_7$62
     2/28: $wgid_6$59
     3/28: $wgid_5$56
     4/28: $wgid_4$53
     5/28: $wgid_3$50
     6/28: $wgid_2$47
     7/28: $wgid_1$44
     8/28: $wgid_0$41
     9/28: $tail$38
    10/28: $head$37
    11/28: $valid_7$27
    12/28: $valid_6$24
    13/28: $valid_5$21
    14/28: $valid_4$18
    15/28: $valid_3$15
    16/28: $valid_2$12
    17/28: $valid_1$9
    18/28: $valid_0$6
    19/28: $cnt$3
    20/28: $valid_7$36
    21/28: $valid_6$35
    22/28: $valid_5$34
    23/28: $valid_4$33
    24/28: $valid_3$32
    25/28: $valid_2$31
    26/28: $valid_1$30
    27/28: $valid_0$29
    28/28: $cnt$28
Creating decoders for process `\resource_table_ram_2$GPU.cta.cta_sche.resource_table_inst.rtram_sgpr_0_0.$2'.
     1/28: $wgid_7$62
     2/28: $wgid_6$59
     3/28: $wgid_5$56
     4/28: $wgid_4$53
     5/28: $wgid_3$50
     6/28: $wgid_2$47
     7/28: $wgid_1$44
     8/28: $wgid_0$41
     9/28: $tail$38
    10/28: $head$37
    11/28: $valid_7$27
    12/28: $valid_6$24
    13/28: $valid_5$21
    14/28: $valid_4$18
    15/28: $valid_3$15
    16/28: $valid_2$12
    17/28: $valid_1$9
    18/28: $valid_0$6
    19/28: $cnt$3
    20/28: $valid_7$36
    21/28: $valid_6$35
    22/28: $valid_5$34
    23/28: $valid_4$33
    24/28: $valid_3$32
    25/28: $valid_2$31
    26/28: $valid_1$30
    27/28: $valid_0$29
    28/28: $cnt$28
Creating decoders for process `\resource_table_ram$GPU.cta.cta_sche.resource_table_inst.rtram_lds_1_0.$2'.
     1/28: $wgid_7$62
     2/28: $wgid_6$59
     3/28: $wgid_5$56
     4/28: $wgid_4$53
     5/28: $wgid_3$50
     6/28: $wgid_2$47
     7/28: $wgid_1$44
     8/28: $wgid_0$41
     9/28: $tail$38
    10/28: $head$37
    11/28: $valid_7$27
    12/28: $valid_6$24
    13/28: $valid_5$21
    14/28: $valid_4$18
    15/28: $valid_3$15
    16/28: $valid_2$12
    17/28: $valid_1$9
    18/28: $valid_0$6
    19/28: $cnt$3
    20/28: $valid_7$36
    21/28: $valid_6$35
    22/28: $valid_5$34
    23/28: $valid_4$33
    24/28: $valid_3$32
    25/28: $valid_2$31
    26/28: $valid_1$30
    27/28: $valid_0$29
    28/28: $cnt$28
Creating decoders for process `\resource_table_ram$GPU.cta.cta_sche.resource_table_inst.rtram_lds_0_0.$2'.
     1/28: $wgid_7$62
     2/28: $wgid_6$59
     3/28: $wgid_5$56
     4/28: $wgid_4$53
     5/28: $wgid_3$50
     6/28: $wgid_2$47
     7/28: $wgid_1$44
     8/28: $wgid_0$41
     9/28: $tail$38
    10/28: $head$37
    11/28: $valid_7$27
    12/28: $valid_6$24
    13/28: $valid_5$21
    14/28: $valid_4$18
    15/28: $valid_3$15
    16/28: $valid_2$12
    17/28: $valid_1$9
    18/28: $valid_0$6
    19/28: $cnt$3
    20/28: $valid_7$36
    21/28: $valid_6$35
    22/28: $valid_5$34
    23/28: $valid_4$33
    24/28: $valid_3$32
    25/28: $valid_2$31
    26/28: $valid_1$30
    27/28: $valid_0$29
    28/28: $cnt$28
Creating decoders for process `\resource_table_handler_4$GPU.cta.cta_sche.resource_table_inst.handler_vgpr_1.$204'.
     1/69: $fsm_a_write_cnt$374
     2/69: $fsm_a_write_cnt$373
     3/69: $fsm_a_found_ptr2$356
     4/69: $fsm_a_found_ptr1$355
     5/69: $fsm_a_found_ptr2$359
     6/69: $fsm_a_found_ptr1$358
     7/69: $fsm_a_found_ptr2$354
     8/69: $fsm_a_found_ptr1$353
     9/69: $fsm_a_ptr1$357
    10/69: $fsm_a_found_size$352
    11/69: $fsm_a_found_addr$351
    12/69: $fsm_a_found_addr$348
    13/69: $fsm_a_found_size$347
    14/69: $fsm_a_found_size$350
    15/69: $fsm_a_found_addr$349
    16/69: $fsm_a_found_size$344
    17/69: $wgsize$324
    18/69: $rtcache_data_1$302
    19/69: $rtcache_data_0$301
    20/69: $fsm_s_cnt$300
    21/69: $fsm_d$287
    22/69: $fsm_d$288
    23/69: $fsm_a_found$278
    24/69: $fsm_a_cnt$256
    25/69: $fsm_a_cnt$254
    26/69: $fsm_a_cnt$255
    27/69: $fsm_a$248
    28/69: $fsm_a$249
    29/69: $fsm_a$250
    30/69: $fsm_a$246
    31/69: $fsm_a$251
    32/69: $fsm_a$245
    33/69: $fsm$237
    34/69: $fsm$238
    35/69: $fsm$239
    36/69: $fsm$232
    37/69: $fsm$230
    38/69: $fsm$231
    39/69: $fsm$233
    40/69: $fsm$227
    41/69: $fsm$228
    42/69: $fsm$229
    43/69: $fsm$234
    44/69: $fsm$225
    45/69: $fsm$226
    46/69: $fsm$235
    47/69: $fsm$223
    48/69: $fsm$224
    49/69: $fsm$236
    50/69: $fsm$221
    51/69: $fsm$222
    52/69: $checked_wg_valid$323
    53/69: $rtcache_data_1$322
    54/69: $rtcache_data_0$321
    55/69: $fsm_s_cnt$320
    56/69: $fsm_s_valid_p1$319
    57/69: $fsm_s_finish_p1$318
    58/69: $fsm_s_init_p1$317
    59/69: $fsm_d$316
    60/69: $fsm_a_output_valid$315
    61/69: $fsm_a_found$314
    62/69: $fsm_a_finish_p1$313
    63/69: $fsm_a_init_p1$312
    64/69: $fsm_a_valid_p1$311
    65/69: $fsm_a_cnt$310
    66/69: $fsm_a$309
    67/69: $cu_sel_en$308
    68/69: $output_ok$307
    69/69: $fsm$306
Creating decoders for process `\resource_table_handler_4$GPU.cta.cta_sche.resource_table_inst.handler_vgpr_0.$204'.
     1/69: $fsm_a_write_cnt$374
     2/69: $fsm_a_write_cnt$373
     3/69: $fsm_a_found_ptr2$356
     4/69: $fsm_a_found_ptr1$355
     5/69: $fsm_a_found_ptr2$359
     6/69: $fsm_a_found_ptr1$358
     7/69: $fsm_a_found_ptr2$354
     8/69: $fsm_a_found_ptr1$353
     9/69: $fsm_a_ptr1$357
    10/69: $fsm_a_found_size$352
    11/69: $fsm_a_found_addr$351
    12/69: $fsm_a_found_addr$348
    13/69: $fsm_a_found_size$347
    14/69: $fsm_a_found_size$350
    15/69: $fsm_a_found_addr$349
    16/69: $fsm_a_found_size$344
    17/69: $wgsize$324
    18/69: $rtcache_data_1$302
    19/69: $rtcache_data_0$301
    20/69: $fsm_s_cnt$300
    21/69: $fsm_d$287
    22/69: $fsm_d$288
    23/69: $fsm_a_found$278
    24/69: $fsm_a_cnt$256
    25/69: $fsm_a_cnt$254
    26/69: $fsm_a_cnt$255
    27/69: $fsm_a$248
    28/69: $fsm_a$249
    29/69: $fsm_a$250
    30/69: $fsm_a$246
    31/69: $fsm_a$251
    32/69: $fsm_a$245
    33/69: $fsm$237
    34/69: $fsm$238
    35/69: $fsm$239
    36/69: $fsm$232
    37/69: $fsm$230
    38/69: $fsm$231
    39/69: $fsm$233
    40/69: $fsm$227
    41/69: $fsm$228
    42/69: $fsm$229
    43/69: $fsm$234
    44/69: $fsm$225
    45/69: $fsm$226
    46/69: $fsm$235
    47/69: $fsm$223
    48/69: $fsm$224
    49/69: $fsm$236
    50/69: $fsm$221
    51/69: $fsm$222
    52/69: $checked_wg_valid$323
    53/69: $rtcache_data_1$322
    54/69: $rtcache_data_0$321
    55/69: $fsm_s_cnt$320
    56/69: $fsm_s_valid_p1$319
    57/69: $fsm_s_finish_p1$318
    58/69: $fsm_s_init_p1$317
    59/69: $fsm_d$316
    60/69: $fsm_a_output_valid$315
    61/69: $fsm_a_found$314
    62/69: $fsm_a_finish_p1$313
    63/69: $fsm_a_init_p1$312
    64/69: $fsm_a_valid_p1$311
    65/69: $fsm_a_cnt$310
    66/69: $fsm_a$309
    67/69: $cu_sel_en$308
    68/69: $output_ok$307
    69/69: $fsm$306
Creating decoders for process `\resource_table_handler_2$GPU.cta.cta_sche.resource_table_inst.handler_sgpr_1.$204'.
     1/69: $fsm_a_write_cnt$374
     2/69: $fsm_a_write_cnt$373
     3/69: $fsm_a_found_ptr2$356
     4/69: $fsm_a_found_ptr1$355
     5/69: $fsm_a_found_ptr2$359
     6/69: $fsm_a_found_ptr1$358
     7/69: $fsm_a_found_ptr2$354
     8/69: $fsm_a_found_ptr1$353
     9/69: $fsm_a_ptr1$357
    10/69: $fsm_a_found_size$352
    11/69: $fsm_a_found_addr$351
    12/69: $fsm_a_found_addr$348
    13/69: $fsm_a_found_size$347
    14/69: $fsm_a_found_size$350
    15/69: $fsm_a_found_addr$349
    16/69: $fsm_a_found_size$344
    17/69: $wgsize$324
    18/69: $rtcache_data_1$302
    19/69: $rtcache_data_0$301
    20/69: $fsm_s_cnt$300
    21/69: $fsm_d$287
    22/69: $fsm_d$288
    23/69: $fsm_a_found$278
    24/69: $fsm_a_cnt$256
    25/69: $fsm_a_cnt$254
    26/69: $fsm_a_cnt$255
    27/69: $fsm_a$248
    28/69: $fsm_a$249
    29/69: $fsm_a$250
    30/69: $fsm_a$246
    31/69: $fsm_a$251
    32/69: $fsm_a$245
    33/69: $fsm$237
    34/69: $fsm$238
    35/69: $fsm$239
    36/69: $fsm$232
    37/69: $fsm$230
    38/69: $fsm$231
    39/69: $fsm$233
    40/69: $fsm$227
    41/69: $fsm$228
    42/69: $fsm$229
    43/69: $fsm$234
    44/69: $fsm$225
    45/69: $fsm$226
    46/69: $fsm$235
    47/69: $fsm$223
    48/69: $fsm$224
    49/69: $fsm$236
    50/69: $fsm$221
    51/69: $fsm$222
    52/69: $checked_wg_valid$323
    53/69: $rtcache_data_1$322
    54/69: $rtcache_data_0$321
    55/69: $fsm_s_cnt$320
    56/69: $fsm_s_valid_p1$319
    57/69: $fsm_s_finish_p1$318
    58/69: $fsm_s_init_p1$317
    59/69: $fsm_d$316
    60/69: $fsm_a_output_valid$315
    61/69: $fsm_a_found$314
    62/69: $fsm_a_finish_p1$313
    63/69: $fsm_a_init_p1$312
    64/69: $fsm_a_valid_p1$311
    65/69: $fsm_a_cnt$310
    66/69: $fsm_a$309
    67/69: $cu_sel_en$308
    68/69: $output_ok$307
    69/69: $fsm$306
Creating decoders for process `\resource_table_handler_2$GPU.cta.cta_sche.resource_table_inst.handler_sgpr_0.$204'.
     1/69: $fsm_a_write_cnt$374
     2/69: $fsm_a_write_cnt$373
     3/69: $fsm_a_found_ptr2$356
     4/69: $fsm_a_found_ptr1$355
     5/69: $fsm_a_found_ptr2$359
     6/69: $fsm_a_found_ptr1$358
     7/69: $fsm_a_found_ptr2$354
     8/69: $fsm_a_found_ptr1$353
     9/69: $fsm_a_ptr1$357
    10/69: $fsm_a_found_size$352
    11/69: $fsm_a_found_addr$351
    12/69: $fsm_a_found_addr$348
    13/69: $fsm_a_found_size$347
    14/69: $fsm_a_found_size$350
    15/69: $fsm_a_found_addr$349
    16/69: $fsm_a_found_size$344
    17/69: $wgsize$324
    18/69: $rtcache_data_1$302
    19/69: $rtcache_data_0$301
    20/69: $fsm_s_cnt$300
    21/69: $fsm_d$287
    22/69: $fsm_d$288
    23/69: $fsm_a_found$278
    24/69: $fsm_a_cnt$256
    25/69: $fsm_a_cnt$254
    26/69: $fsm_a_cnt$255
    27/69: $fsm_a$248
    28/69: $fsm_a$249
    29/69: $fsm_a$250
    30/69: $fsm_a$246
    31/69: $fsm_a$251
    32/69: $fsm_a$245
    33/69: $fsm$237
    34/69: $fsm$238
    35/69: $fsm$239
    36/69: $fsm$232
    37/69: $fsm$230
    38/69: $fsm$231
    39/69: $fsm$233
    40/69: $fsm$227
    41/69: $fsm$228
    42/69: $fsm$229
    43/69: $fsm$234
    44/69: $fsm$225
    45/69: $fsm$226
    46/69: $fsm$235
    47/69: $fsm$223
    48/69: $fsm$224
    49/69: $fsm$236
    50/69: $fsm$221
    51/69: $fsm$222
    52/69: $checked_wg_valid$323
    53/69: $rtcache_data_1$322
    54/69: $rtcache_data_0$321
    55/69: $fsm_s_cnt$320
    56/69: $fsm_s_valid_p1$319
    57/69: $fsm_s_finish_p1$318
    58/69: $fsm_s_init_p1$317
    59/69: $fsm_d$316
    60/69: $fsm_a_output_valid$315
    61/69: $fsm_a_found$314
    62/69: $fsm_a_finish_p1$313
    63/69: $fsm_a_init_p1$312
    64/69: $fsm_a_valid_p1$311
    65/69: $fsm_a_cnt$310
    66/69: $fsm_a$309
    67/69: $cu_sel_en$308
    68/69: $output_ok$307
    69/69: $fsm$306
Creating decoders for process `\resource_table_handler$GPU.cta.cta_sche.resource_table_inst.handler_lds_1.$204'.
     1/69: $fsm_a_write_cnt$374
     2/69: $fsm_a_write_cnt$373
     3/69: $fsm_a_found_ptr2$356
     4/69: $fsm_a_found_ptr1$355
     5/69: $fsm_a_found_ptr2$359
     6/69: $fsm_a_found_ptr1$358
     7/69: $fsm_a_found_ptr2$354
     8/69: $fsm_a_found_ptr1$353
     9/69: $fsm_a_ptr1$357
    10/69: $fsm_a_found_size$352
    11/69: $fsm_a_found_addr$351
    12/69: $fsm_a_found_addr$348
    13/69: $fsm_a_found_size$347
    14/69: $fsm_a_found_size$350
    15/69: $fsm_a_found_addr$349
    16/69: $fsm_a_found_size$344
    17/69: $wgsize$324
    18/69: $rtcache_data_1$302
    19/69: $rtcache_data_0$301
    20/69: $fsm_s_cnt$300
    21/69: $fsm_d$287
    22/69: $fsm_d$288
    23/69: $fsm_a_found$278
    24/69: $fsm_a_cnt$256
    25/69: $fsm_a_cnt$254
    26/69: $fsm_a_cnt$255
    27/69: $fsm_a$248
    28/69: $fsm_a$249
    29/69: $fsm_a$250
    30/69: $fsm_a$246
    31/69: $fsm_a$251
    32/69: $fsm_a$245
    33/69: $fsm$237
    34/69: $fsm$238
    35/69: $fsm$239
    36/69: $fsm$232
    37/69: $fsm$230
    38/69: $fsm$231
    39/69: $fsm$233
    40/69: $fsm$227
    41/69: $fsm$228
    42/69: $fsm$229
    43/69: $fsm$234
    44/69: $fsm$225
    45/69: $fsm$226
    46/69: $fsm$235
    47/69: $fsm$223
    48/69: $fsm$224
    49/69: $fsm$236
    50/69: $fsm$221
    51/69: $fsm$222
    52/69: $checked_wg_valid$323
    53/69: $rtcache_data_1$322
    54/69: $rtcache_data_0$321
    55/69: $fsm_s_cnt$320
    56/69: $fsm_s_valid_p1$319
    57/69: $fsm_s_finish_p1$318
    58/69: $fsm_s_init_p1$317
    59/69: $fsm_d$316
    60/69: $fsm_a_output_valid$315
    61/69: $fsm_a_found$314
    62/69: $fsm_a_finish_p1$313
    63/69: $fsm_a_init_p1$312
    64/69: $fsm_a_valid_p1$311
    65/69: $fsm_a_cnt$310
    66/69: $fsm_a$309
    67/69: $cu_sel_en$308
    68/69: $output_ok$307
    69/69: $fsm$306
Creating decoders for process `\resource_table_handler$GPU.cta.cta_sche.resource_table_inst.handler_lds_0.$204'.
     1/69: $fsm_a_write_cnt$374
     2/69: $fsm_a_write_cnt$373
     3/69: $fsm_a_found_ptr2$356
     4/69: $fsm_a_found_ptr1$355
     5/69: $fsm_a_found_ptr2$359
     6/69: $fsm_a_found_ptr1$358
     7/69: $fsm_a_found_ptr2$354
     8/69: $fsm_a_found_ptr1$353
     9/69: $fsm_a_ptr1$357
    10/69: $fsm_a_found_size$352
    11/69: $fsm_a_found_addr$351
    12/69: $fsm_a_found_addr$348
    13/69: $fsm_a_found_size$347
    14/69: $fsm_a_found_size$350
    15/69: $fsm_a_found_addr$349
    16/69: $fsm_a_found_size$344
    17/69: $wgsize$324
    18/69: $rtcache_data_1$302
    19/69: $rtcache_data_0$301
    20/69: $fsm_s_cnt$300
    21/69: $fsm_d$287
    22/69: $fsm_d$288
    23/69: $fsm_a_found$278
    24/69: $fsm_a_cnt$256
    25/69: $fsm_a_cnt$254
    26/69: $fsm_a_cnt$255
    27/69: $fsm_a$248
    28/69: $fsm_a$249
    29/69: $fsm_a$250
    30/69: $fsm_a$246
    31/69: $fsm_a$251
    32/69: $fsm_a$245
    33/69: $fsm$237
    34/69: $fsm$238
    35/69: $fsm$239
    36/69: $fsm$232
    37/69: $fsm$230
    38/69: $fsm$231
    39/69: $fsm$233
    40/69: $fsm$227
    41/69: $fsm$228
    42/69: $fsm$229
    43/69: $fsm$234
    44/69: $fsm$225
    45/69: $fsm$226
    46/69: $fsm$235
    47/69: $fsm$223
    48/69: $fsm$224
    49/69: $fsm$236
    50/69: $fsm$221
    51/69: $fsm$222
    52/69: $checked_wg_valid$323
    53/69: $rtcache_data_1$322
    54/69: $rtcache_data_0$321
    55/69: $fsm_s_cnt$320
    56/69: $fsm_s_valid_p1$319
    57/69: $fsm_s_finish_p1$318
    58/69: $fsm_s_init_p1$317
    59/69: $fsm_d$316
    60/69: $fsm_a_output_valid$315
    61/69: $fsm_a_found$314
    62/69: $fsm_a_finish_p1$313
    63/69: $fsm_a_init_p1$312
    64/69: $fsm_a_valid_p1$311
    65/69: $fsm_a_cnt$310
    66/69: $fsm_a$309
    67/69: $cu_sel_en$308
    68/69: $output_ok$307
    69/69: $fsm$306
Creating decoders for process `\Queue1_io_alloc2cuinterface$GPU.cta.cta_sche.allocator_inst.cuinterface_buf.$3'.
     1/3: $full$9
     2/3: $full$10
     3/3: $ram$5
Creating decoders for process `\RRPriorityEncoder$GPU.cta.cta_sche.wg_buffer_inst.wgram1_rd_next_inst.$10'.
     1/2: $last$21
     2/2: $last$22
Creating decoders for process `\RRPriorityEncoder$GPU.cta.cta_sche.wg_buffer_inst.wgram_wr_next_inst.$10'.
     1/2: $last$21
     2/2: $last$22
Creating decoders for process `\SRAMTemplate_139$GPU.Scheduler.bankedStore.cc_banks.$4'.
     1/128: $bypass_wdata_lfsr_127$644
     2/128: $bypass_wdata_lfsr_126$639
     3/128: $bypass_wdata_lfsr_125$634
     4/128: $bypass_wdata_lfsr_124$629
     5/128: $bypass_wdata_lfsr_123$624
     6/128: $bypass_wdata_lfsr_122$619
     7/128: $bypass_wdata_lfsr_121$614
     8/128: $bypass_wdata_lfsr_120$609
     9/128: $bypass_wdata_lfsr_119$604
    10/128: $bypass_wdata_lfsr_118$599
    11/128: $bypass_wdata_lfsr_117$594
    12/128: $bypass_wdata_lfsr_116$589
    13/128: $bypass_wdata_lfsr_115$584
    14/128: $bypass_wdata_lfsr_114$579
    15/128: $bypass_wdata_lfsr_113$574
    16/128: $bypass_wdata_lfsr_112$569
    17/128: $bypass_wdata_lfsr_111$564
    18/128: $bypass_wdata_lfsr_110$559
    19/128: $bypass_wdata_lfsr_109$554
    20/128: $bypass_wdata_lfsr_108$549
    21/128: $bypass_wdata_lfsr_107$544
    22/128: $bypass_wdata_lfsr_106$539
    23/128: $bypass_wdata_lfsr_105$534
    24/128: $bypass_wdata_lfsr_104$529
    25/128: $bypass_wdata_lfsr_103$524
    26/128: $bypass_wdata_lfsr_102$519
    27/128: $bypass_wdata_lfsr_101$514
    28/128: $bypass_wdata_lfsr_100$509
    29/128: $bypass_wdata_lfsr_99$504
    30/128: $bypass_wdata_lfsr_98$499
    31/128: $bypass_wdata_lfsr_97$494
    32/128: $bypass_wdata_lfsr_96$489
    33/128: $bypass_wdata_lfsr_95$484
    34/128: $bypass_wdata_lfsr_94$479
    35/128: $bypass_wdata_lfsr_93$474
    36/128: $bypass_wdata_lfsr_92$469
    37/128: $bypass_wdata_lfsr_91$464
    38/128: $bypass_wdata_lfsr_90$459
    39/128: $bypass_wdata_lfsr_89$454
    40/128: $bypass_wdata_lfsr_88$449
    41/128: $bypass_wdata_lfsr_87$444
    42/128: $bypass_wdata_lfsr_86$439
    43/128: $bypass_wdata_lfsr_85$434
    44/128: $bypass_wdata_lfsr_84$429
    45/128: $bypass_wdata_lfsr_83$424
    46/128: $bypass_wdata_lfsr_82$419
    47/128: $bypass_wdata_lfsr_81$414
    48/128: $bypass_wdata_lfsr_80$409
    49/128: $bypass_wdata_lfsr_79$404
    50/128: $bypass_wdata_lfsr_78$399
    51/128: $bypass_wdata_lfsr_77$394
    52/128: $bypass_wdata_lfsr_76$389
    53/128: $bypass_wdata_lfsr_75$384
    54/128: $bypass_wdata_lfsr_74$379
    55/128: $bypass_wdata_lfsr_73$374
    56/128: $bypass_wdata_lfsr_72$369
    57/128: $bypass_wdata_lfsr_71$364
    58/128: $bypass_wdata_lfsr_70$359
    59/128: $bypass_wdata_lfsr_69$354
    60/128: $bypass_wdata_lfsr_68$349
    61/128: $bypass_wdata_lfsr_67$344
    62/128: $bypass_wdata_lfsr_66$339
    63/128: $bypass_wdata_lfsr_65$334
    64/128: $bypass_wdata_lfsr_64$329
    65/128: $bypass_wdata_lfsr_63$324
    66/128: $bypass_wdata_lfsr_62$319
    67/128: $bypass_wdata_lfsr_61$314
    68/128: $bypass_wdata_lfsr_60$309
    69/128: $bypass_wdata_lfsr_59$304
    70/128: $bypass_wdata_lfsr_58$299
    71/128: $bypass_wdata_lfsr_57$294
    72/128: $bypass_wdata_lfsr_56$289
    73/128: $bypass_wdata_lfsr_55$284
    74/128: $bypass_wdata_lfsr_54$279
    75/128: $bypass_wdata_lfsr_53$274
    76/128: $bypass_wdata_lfsr_52$269
    77/128: $bypass_wdata_lfsr_51$264
    78/128: $bypass_wdata_lfsr_50$259
    79/128: $bypass_wdata_lfsr_49$254
    80/128: $bypass_wdata_lfsr_48$249
    81/128: $bypass_wdata_lfsr_47$244
    82/128: $bypass_wdata_lfsr_46$239
    83/128: $bypass_wdata_lfsr_45$234
    84/128: $bypass_wdata_lfsr_44$229
    85/128: $bypass_wdata_lfsr_43$224
    86/128: $bypass_wdata_lfsr_42$219
    87/128: $bypass_wdata_lfsr_41$214
    88/128: $bypass_wdata_lfsr_40$209
    89/128: $bypass_wdata_lfsr_39$204
    90/128: $bypass_wdata_lfsr_38$199
    91/128: $bypass_wdata_lfsr_37$194
    92/128: $bypass_wdata_lfsr_36$189
    93/128: $bypass_wdata_lfsr_35$184
    94/128: $bypass_wdata_lfsr_34$179
    95/128: $bypass_wdata_lfsr_33$174
    96/128: $bypass_wdata_lfsr_32$169
    97/128: $bypass_wdata_lfsr_31$164
    98/128: $bypass_wdata_lfsr_30$159
    99/128: $bypass_wdata_lfsr_29$154
   100/128: $bypass_wdata_lfsr_28$149
   101/128: $bypass_wdata_lfsr_27$144
   102/128: $bypass_wdata_lfsr_26$139
   103/128: $bypass_wdata_lfsr_25$134
   104/128: $bypass_wdata_lfsr_24$129
   105/128: $bypass_wdata_lfsr_23$124
   106/128: $bypass_wdata_lfsr_22$119
   107/128: $bypass_wdata_lfsr_21$114
   108/128: $bypass_wdata_lfsr_20$109
   109/128: $bypass_wdata_lfsr_19$104
   110/128: $bypass_wdata_lfsr_18$99
   111/128: $bypass_wdata_lfsr_17$94
   112/128: $bypass_wdata_lfsr_16$89
   113/128: $bypass_wdata_lfsr_15$84
   114/128: $bypass_wdata_lfsr_14$79
   115/128: $bypass_wdata_lfsr_13$74
   116/128: $bypass_wdata_lfsr_12$69
   117/128: $bypass_wdata_lfsr_11$64
   118/128: $bypass_wdata_lfsr_10$59
   119/128: $bypass_wdata_lfsr_9$54
   120/128: $bypass_wdata_lfsr_8$49
   121/128: $bypass_wdata_lfsr_7$44
   122/128: $bypass_wdata_lfsr_6$39
   123/128: $bypass_wdata_lfsr_5$34
   124/128: $bypass_wdata_lfsr_4$29
   125/128: $bypass_wdata_lfsr_3$24
   126/128: $bypass_wdata_lfsr_2$19
   127/128: $bypass_wdata_lfsr_1$14
   128/128: $bypass_wdata_lfsr$9
Creating decoders for process `\SRAMTemplate_138$GPU.Scheduler.directory.cc_dir.$68'.
     1/35: $rdata_r_15$90
     2/35: $rdata_r_14$89
     3/35: $rdata_r_13$88
     4/35: $rdata_r_12$87
     5/35: $rdata_r_11$86
     6/35: $rdata_r_10$85
     7/35: $rdata_r_9$84
     8/35: $rdata_r_8$83
     9/35: $rdata_r_7$82
    10/35: $rdata_r_6$81
    11/35: $rdata_r_5$80
    12/35: $rdata_r_4$79
    13/35: $rdata_r_3$78
    14/35: $rdata_r_2$77
    15/35: $rdata_r_1$76
    16/35: $rdata_r_0$75
    17/35: $_resetSet$74
    18/35: $rdata_r_15$108
    19/35: $rdata_r_14$107
    20/35: $rdata_r_13$106
    21/35: $rdata_r_12$105
    22/35: $rdata_r_11$104
    23/35: $rdata_r_10$103
    24/35: $rdata_r_9$102
    25/35: $rdata_r_8$101
    26/35: $rdata_r_7$100
    27/35: $rdata_r_6$99
    28/35: $rdata_r_5$98
    29/35: $rdata_r_4$97
    30/35: $rdata_r_3$96
    31/35: $rdata_r_2$95
    32/35: $rdata_r_1$94
    33/35: $rdata_r_0$93
    34/35: $_resetSet$92
    35/35: $_resetState$91
Creating decoders for process `\ListBuffer$GPU.Scheduler.sinkA.putbuffer.$34'.
     1/2: $used$51
     2/2: $valid$50
Creating decoders for process `\cu_interface$GPU.cta.cta_sche.cu_interface_inst.$64'.
     1/56: $wf_gather_ram_read_data_r_vgpr_dealloc_en$295
     2/56: $wf_gather_ram_read_data_r_sgpr_dealloc_en$294
     3/56: $wf_gather_ram_read_data_r_lds_dealloc_en$293
     4/56: $wf_gather_ram_read_data_r_wg_id$292
     5/56: $wf_gather_ram_read_data_r_num_wf$291
     6/56: $wf_wgslot_reg$290
     7/56: $wf_cu_reg$289
     8/56: $splitter_pds_addr$287
     9/56: $splitter_pds_addr$288
    10/56: $init_wf_gather_cnt_idx$251
    11/56: $fsm$245
    12/56: $fsm$246
    13/56: $fsm$247
    14/56: $fsm$248
    15/56: $fsm$238
    16/56: $wf_gather_ram_valid_1_7$235
    17/56: $wf_gather_ram_valid_1_6$225
    18/56: $wf_gather_ram_valid_1_5$217
    19/56: $wf_gather_ram_valid_1_4$209
    20/56: $wf_gather_ram_valid_1_3$201
    21/56: $wf_gather_ram_valid_1_2$193
    22/56: $wf_gather_ram_valid_1_1$185
    23/56: $wf_gather_ram_valid_1_0$177
    24/56: $wf_gather_ram_valid_0_7$169
    25/56: $wf_gather_ram_valid_0_6$157
    26/56: $wf_gather_ram_valid_0_5$147
    27/56: $wf_gather_ram_valid_0_4$137
    28/56: $wf_gather_ram_valid_0_3$127
    29/56: $wf_gather_ram_valid_0_2$117
    30/56: $wf_gather_ram_valid_0_1$107
    31/56: $wf_gather_ram_valid_0_0$97
    32/56: $splitter_cnt$86
    33/56: $splitter_cnt$87
    34/56: $splitter_cnt$85
    35/56: $host_wg_done_ok$279
    36/56: $rt_dealloc_ok$278
    37/56: $wf_gather_ram_read_data_tmp$277
    38/56: $init_wf_gather_cnt_idx$276
    39/56: $fsm$275
    40/56: $wf_gather_ram_valid_1_7$274
    41/56: $wf_gather_ram_valid_1_6$273
    42/56: $wf_gather_ram_valid_1_5$272
    43/56: $wf_gather_ram_valid_1_4$271
    44/56: $wf_gather_ram_valid_1_3$270
    45/56: $wf_gather_ram_valid_1_2$269
    46/56: $wf_gather_ram_valid_1_1$268
    47/56: $wf_gather_ram_valid_1_0$267
    48/56: $wf_gather_ram_valid_0_7$266
    49/56: $wf_gather_ram_valid_0_6$265
    50/56: $wf_gather_ram_valid_0_5$264
    51/56: $wf_gather_ram_valid_0_4$263
    52/56: $wf_gather_ram_valid_0_3$262
    53/56: $wf_gather_ram_valid_0_2$261
    54/56: $wf_gather_ram_valid_0_1$260
    55/56: $wf_gather_ram_valid_0_0$259
    56/56: $splitter_cnt$258
Creating decoders for process `\resource_table_top$GPU.cta.cta_sche.resource_table_inst.$10'.
     1/1: $alloc_record$15
Creating decoders for process `\allocator$GPU.cta.cta_sche.allocator_inst.$102'.
     1/62: $wg_wgram_addr$244
     2/62: $wg_wg_id$243
     3/62: $wg_num_lds$242
     4/62: $wg_num_vgpr$241
     5/62: $wg_num_sgpr$240
     6/62: $wg_num_wf$239
     7/62: $rtcache_vgpr_sel$238
     8/62: $rtcache_sgpr_sel$237
     9/62: $rtcache_lds_sel$236
    10/62: $wgslot_id_1H$235
    11/62: $wgslot_id$234
    12/62: $alloc_task_wgram2_reg$192
    13/62: $cu$174
    14/62: $cu_cnt$172
    15/62: $cu_cnt$173
    16/62: $fsm$169
    17/62: $fsm$170
    18/62: $fsm$166
    19/62: $fsm$167
    20/62: $fsm$163
    21/62: $fsm$164
    22/62: $fsm$165
    23/62: $fsm$168
    24/62: $wfslot_1$160
    25/62: $wfslot_0$159
    26/62: $wgslot_1$158
    27/62: $wgslot_0$157
    28/62: $rtcache_vgpr_1_size_1$156
    29/62: $rtcache_vgpr_1_size_0$155
    30/62: $rtcache_vgpr_0_size_1$153
    31/62: $rtcache_vgpr_0_size_0$152
    32/62: $rtcache_sgpr_1_size_1$149
    33/62: $rtcache_sgpr_1_size_0$148
    34/62: $rtcache_sgpr_0_size_1$146
    35/62: $rtcache_sgpr_0_size_0$145
    36/62: $rtcache_lds_1_size_1$142
    37/62: $rtcache_lds_1_size_0$141
    38/62: $rtcache_lds_0_size_1$139
    39/62: $rtcache_lds_0_size_0$138
    40/62: $alloc_task_wgram2_reg$215
    41/62: $alloc_task_cuinterface_reg$214
    42/62: $alloc_task_rt_reg$213
    43/62: $cu$212
    44/62: $cu_cnt$211
    45/62: $fsm_r1$210
    46/62: $fsm$209
    47/62: $wfslot_1$208
    48/62: $wfslot_0$207
    49/62: $wgslot_1$206
    50/62: $wgslot_0$205
    51/62: $rtcache_vgpr_1_size_1$204
    52/62: $rtcache_vgpr_1_size_0$203
    53/62: $rtcache_vgpr_0_size_1$202
    54/62: $rtcache_vgpr_0_size_0$201
    55/62: $rtcache_sgpr_1_size_1$200
    56/62: $rtcache_sgpr_1_size_0$199
    57/62: $rtcache_sgpr_0_size_1$198
    58/62: $rtcache_sgpr_0_size_0$197
    59/62: $rtcache_lds_1_size_1$196
    60/62: $rtcache_lds_1_size_0$195
    61/62: $rtcache_lds_0_size_1$194
    62/62: $rtcache_lds_0_size_0$193
Creating decoders for process `\wg_buffer$GPU.cta.cta_sche.wg_buffer_inst.$46'.
     1/25: $alloc_result_wgid$85
     2/25: $wgram2_rd_data_wg_id$84
     3/25: $wgram2_rd_data_useless$83
     4/25: $wgram2_rd_data_num_pds_per_wf$82
     5/25: $wgram2_rd_data_num_vgpr_per_wf$81
     6/25: $wgram2_rd_data_num_sgpr_per_wf$80
     7/25: $wgram2_rd_data_num_wg_z$79
     8/25: $wgram2_rd_data_num_wg_y$78
     9/25: $wgram2_rd_data_num_wg_x$77
    10/25: $wgram2_rd_data_csr_kernel$76
    11/25: $wgram2_rd_data_start_pc$75
    12/25: $wgram2_rd_data_pds_base$74
    13/25: $wgram2_rd_data_gds_base$73
    14/25: $wgram2_rd_data_num_thread_per_wf$72
    15/25: $wgram1_rd_data_addr$71
    16/25: $wgram1_rd_data_r_wg_id$70
    17/25: $wgram1_rd_data_r_num_lds$69
    18/25: $wgram1_rd_data_r_num_vgpr$68
    19/25: $wgram1_rd_data_r_num_sgpr$67
    20/25: $wgram1_rd_data_r_num_wf$66
    21/25: $wgram_rd2_clear_act_r1$65
    22/25: $cuinterface_new_wg_valid_r$64
    23/25: $alloc_wg_new_valid_r$63
    24/25: $wgram_alloc$62
    25/25: $wgram_valid$61
Creating decoders for process `\Queue2_TLBundleA_lite$GPU.SM2clusterArbiter.memReqBuf.$10'.
     1/6: $maybe_full$19
     2/6: $wrap_1$16
     3/6: $wrap$14
     4/6: $maybe_full$22
     5/6: $wrap_1$21
     6/6: $wrap$20
Creating decoders for process `\Queue1_DirectoryResult_lite_victim$GPU.Scheduler.dir_result_buffer.$0'.
     1/3: $full$7
     2/3: $full$8
     3/3: $ram$3
Creating decoders for process `\Queue8_FullRequest$GPU.Scheduler.write_buffer.$20'.
     1/6: $maybe_full$27
     2/6: $deq_ptr_value$24
     3/6: $enq_ptr_value$22
     4/6: $maybe_full$30
     5/6: $deq_ptr_value$29
     6/6: $enq_ptr_value$28
Creating decoders for process `\MSHR_4$GPU.Scheduler.mshrs_31.$6'.
     1/24: $data_reg$14
     2/24: $data_reg$15
     3/24: $data_reg$16
     4/24: $request_last_flush$24
     5/24: $request_way$23
     6/24: $request_set$22
     7/24: $request_data$21
     8/24: $request_offset$20
     9/24: $request_tag$19
    10/24: $request_size$18
    11/24: $request_opcode$17
    12/24: $sink_d_reg$53
    13/24: $sche_dir_valid$52
    14/24: $sche_a_valid$51
    15/24: $request_last_flush$50
    16/24: $request_way$49
    17/24: $request_set$48
    18/24: $request_data$47
    19/24: $request_offset$46
    20/24: $request_tag$45
    21/24: $request_size$44
    22/24: $request_opcode$43
    23/24: $data_reg$42
    24/24: $mixed_reg$41
Creating decoders for process `\MSHR_4$GPU.Scheduler.mshrs_30.$6'.
     1/24: $data_reg$14
     2/24: $data_reg$15
     3/24: $data_reg$16
     4/24: $request_last_flush$24
     5/24: $request_way$23
     6/24: $request_set$22
     7/24: $request_data$21
     8/24: $request_offset$20
     9/24: $request_tag$19
    10/24: $request_size$18
    11/24: $request_opcode$17
    12/24: $sink_d_reg$53
    13/24: $sche_dir_valid$52
    14/24: $sche_a_valid$51
    15/24: $request_last_flush$50
    16/24: $request_way$49
    17/24: $request_set$48
    18/24: $request_data$47
    19/24: $request_offset$46
    20/24: $request_tag$45
    21/24: $request_size$44
    22/24: $request_opcode$43
    23/24: $data_reg$42
    24/24: $mixed_reg$41
Creating decoders for process `\MSHR_4$GPU.Scheduler.mshrs_29.$6'.
     1/24: $data_reg$14
     2/24: $data_reg$15
     3/24: $data_reg$16
     4/24: $request_last_flush$24
     5/24: $request_way$23
     6/24: $request_set$22
     7/24: $request_data$21
     8/24: $request_offset$20
     9/24: $request_tag$19
    10/24: $request_size$18
    11/24: $request_opcode$17
    12/24: $sink_d_reg$53
    13/24: $sche_dir_valid$52
    14/24: $sche_a_valid$51
    15/24: $request_last_flush$50
    16/24: $request_way$49
    17/24: $request_set$48
    18/24: $request_data$47
    19/24: $request_offset$46
    20/24: $request_tag$45
    21/24: $request_size$44
    22/24: $request_opcode$43
    23/24: $data_reg$42
    24/24: $mixed_reg$41
Creating decoders for process `\MSHR_4$GPU.Scheduler.mshrs_28.$6'.
     1/24: $data_reg$14
     2/24: $data_reg$15
     3/24: $data_reg$16
     4/24: $request_last_flush$24
     5/24: $request_way$23
     6/24: $request_set$22
     7/24: $request_data$21
     8/24: $request_offset$20
     9/24: $request_tag$19
    10/24: $request_size$18
    11/24: $request_opcode$17
    12/24: $sink_d_reg$53
    13/24: $sche_dir_valid$52
    14/24: $sche_a_valid$51
    15/24: $request_last_flush$50
    16/24: $request_way$49
    17/24: $request_set$48
    18/24: $request_data$47
    19/24: $request_offset$46
    20/24: $request_tag$45
    21/24: $request_size$44
    22/24: $request_opcode$43
    23/24: $data_reg$42
    24/24: $mixed_reg$41
Creating decoders for process `\MSHR_4$GPU.Scheduler.mshrs_27.$6'.
     1/24: $data_reg$14
     2/24: $data_reg$15
     3/24: $data_reg$16
     4/24: $request_last_flush$24
     5/24: $request_way$23
     6/24: $request_set$22
     7/24: $request_data$21
     8/24: $request_offset$20
     9/24: $request_tag$19
    10/24: $request_size$18
    11/24: $request_opcode$17
    12/24: $sink_d_reg$53
    13/24: $sche_dir_valid$52
    14/24: $sche_a_valid$51
    15/24: $request_last_flush$50
    16/24: $request_way$49
    17/24: $request_set$48
    18/24: $request_data$47
    19/24: $request_offset$46
    20/24: $request_tag$45
    21/24: $request_size$44
    22/24: $request_opcode$43
    23/24: $data_reg$42
    24/24: $mixed_reg$41
Creating decoders for process `\MSHR_4$GPU.Scheduler.mshrs_26.$6'.
     1/24: $data_reg$14
     2/24: $data_reg$15
     3/24: $data_reg$16
     4/24: $request_last_flush$24
     5/24: $request_way$23
     6/24: $request_set$22
     7/24: $request_data$21
     8/24: $request_offset$20
     9/24: $request_tag$19
    10/24: $request_size$18
    11/24: $request_opcode$17
    12/24: $sink_d_reg$53
    13/24: $sche_dir_valid$52
    14/24: $sche_a_valid$51
    15/24: $request_last_flush$50
    16/24: $request_way$49
    17/24: $request_set$48
    18/24: $request_data$47
    19/24: $request_offset$46
    20/24: $request_tag$45
    21/24: $request_size$44
    22/24: $request_opcode$43
    23/24: $data_reg$42
    24/24: $mixed_reg$41
Creating decoders for process `\MSHR_4$GPU.Scheduler.mshrs_25.$6'.
     1/24: $data_reg$14
     2/24: $data_reg$15
     3/24: $data_reg$16
     4/24: $request_last_flush$24
     5/24: $request_way$23
     6/24: $request_set$22
     7/24: $request_data$21
     8/24: $request_offset$20
     9/24: $request_tag$19
    10/24: $request_size$18
    11/24: $request_opcode$17
    12/24: $sink_d_reg$53
    13/24: $sche_dir_valid$52
    14/24: $sche_a_valid$51
    15/24: $request_last_flush$50
    16/24: $request_way$49
    17/24: $request_set$48
    18/24: $request_data$47
    19/24: $request_offset$46
    20/24: $request_tag$45
    21/24: $request_size$44
    22/24: $request_opcode$43
    23/24: $data_reg$42
    24/24: $mixed_reg$41
Creating decoders for process `\MSHR_4$GPU.Scheduler.mshrs_24.$6'.
     1/24: $data_reg$14
     2/24: $data_reg$15
     3/24: $data_reg$16
     4/24: $request_last_flush$24
     5/24: $request_way$23
     6/24: $request_set$22
     7/24: $request_data$21
     8/24: $request_offset$20
     9/24: $request_tag$19
    10/24: $request_size$18
    11/24: $request_opcode$17
    12/24: $sink_d_reg$53
    13/24: $sche_dir_valid$52
    14/24: $sche_a_valid$51
    15/24: $request_last_flush$50
    16/24: $request_way$49
    17/24: $request_set$48
    18/24: $request_data$47
    19/24: $request_offset$46
    20/24: $request_tag$45
    21/24: $request_size$44
    22/24: $request_opcode$43
    23/24: $data_reg$42
    24/24: $mixed_reg$41
Creating decoders for process `\MSHR_4$GPU.Scheduler.mshrs_23.$6'.
     1/24: $data_reg$14
     2/24: $data_reg$15
     3/24: $data_reg$16
     4/24: $request_last_flush$24
     5/24: $request_way$23
     6/24: $request_set$22
     7/24: $request_data$21
     8/24: $request_offset$20
     9/24: $request_tag$19
    10/24: $request_size$18
    11/24: $request_opcode$17
    12/24: $sink_d_reg$53
    13/24: $sche_dir_valid$52
    14/24: $sche_a_valid$51
    15/24: $request_last_flush$50
    16/24: $request_way$49
    17/24: $request_set$48
    18/24: $request_data$47
    19/24: $request_offset$46
    20/24: $request_tag$45
    21/24: $request_size$44
    22/24: $request_opcode$43
    23/24: $data_reg$42
    24/24: $mixed_reg$41
Creating decoders for process `\MSHR_4$GPU.Scheduler.mshrs_22.$6'.
     1/24: $data_reg$14
     2/24: $data_reg$15
     3/24: $data_reg$16
     4/24: $request_last_flush$24
     5/24: $request_way$23
     6/24: $request_set$22
     7/24: $request_data$21
     8/24: $request_offset$20
     9/24: $request_tag$19
    10/24: $request_size$18
    11/24: $request_opcode$17
    12/24: $sink_d_reg$53
    13/24: $sche_dir_valid$52
    14/24: $sche_a_valid$51
    15/24: $request_last_flush$50
    16/24: $request_way$49
    17/24: $request_set$48
    18/24: $request_data$47
    19/24: $request_offset$46
    20/24: $request_tag$45
    21/24: $request_size$44
    22/24: $request_opcode$43
    23/24: $data_reg$42
    24/24: $mixed_reg$41
Creating decoders for process `\MSHR_4$GPU.Scheduler.mshrs_21.$6'.
     1/24: $data_reg$14
     2/24: $data_reg$15
     3/24: $data_reg$16
     4/24: $request_last_flush$24
     5/24: $request_way$23
     6/24: $request_set$22
     7/24: $request_data$21
     8/24: $request_offset$20
     9/24: $request_tag$19
    10/24: $request_size$18
    11/24: $request_opcode$17
    12/24: $sink_d_reg$53
    13/24: $sche_dir_valid$52
    14/24: $sche_a_valid$51
    15/24: $request_last_flush$50
    16/24: $request_way$49
    17/24: $request_set$48
    18/24: $request_data$47
    19/24: $request_offset$46
    20/24: $request_tag$45
    21/24: $request_size$44
    22/24: $request_opcode$43
    23/24: $data_reg$42
    24/24: $mixed_reg$41
Creating decoders for process `\MSHR_4$GPU.Scheduler.mshrs_20.$6'.
     1/24: $data_reg$14
     2/24: $data_reg$15
     3/24: $data_reg$16
     4/24: $request_last_flush$24
     5/24: $request_way$23
     6/24: $request_set$22
     7/24: $request_data$21
     8/24: $request_offset$20
     9/24: $request_tag$19
    10/24: $request_size$18
    11/24: $request_opcode$17
    12/24: $sink_d_reg$53
    13/24: $sche_dir_valid$52
    14/24: $sche_a_valid$51
    15/24: $request_last_flush$50
    16/24: $request_way$49
    17/24: $request_set$48
    18/24: $request_data$47
    19/24: $request_offset$46
    20/24: $request_tag$45
    21/24: $request_size$44
    22/24: $request_opcode$43
    23/24: $data_reg$42
    24/24: $mixed_reg$41
Creating decoders for process `\MSHR_4$GPU.Scheduler.mshrs_19.$6'.
     1/24: $data_reg$14
     2/24: $data_reg$15
     3/24: $data_reg$16
     4/24: $request_last_flush$24
     5/24: $request_way$23
     6/24: $request_set$22
     7/24: $request_data$21
     8/24: $request_offset$20
     9/24: $request_tag$19
    10/24: $request_size$18
    11/24: $request_opcode$17
    12/24: $sink_d_reg$53
    13/24: $sche_dir_valid$52
    14/24: $sche_a_valid$51
    15/24: $request_last_flush$50
    16/24: $request_way$49
    17/24: $request_set$48
    18/24: $request_data$47
    19/24: $request_offset$46
    20/24: $request_tag$45
    21/24: $request_size$44
    22/24: $request_opcode$43
    23/24: $data_reg$42
    24/24: $mixed_reg$41
Creating decoders for process `\MSHR_4$GPU.Scheduler.mshrs_18.$6'.
     1/24: $data_reg$14
     2/24: $data_reg$15
     3/24: $data_reg$16
     4/24: $request_last_flush$24
     5/24: $request_way$23
     6/24: $request_set$22
     7/24: $request_data$21
     8/24: $request_offset$20
     9/24: $request_tag$19
    10/24: $request_size$18
    11/24: $request_opcode$17
    12/24: $sink_d_reg$53
    13/24: $sche_dir_valid$52
    14/24: $sche_a_valid$51
    15/24: $request_last_flush$50
    16/24: $request_way$49
    17/24: $request_set$48
    18/24: $request_data$47
    19/24: $request_offset$46
    20/24: $request_tag$45
    21/24: $request_size$44
    22/24: $request_opcode$43
    23/24: $data_reg$42
    24/24: $mixed_reg$41
Creating decoders for process `\MSHR_4$GPU.Scheduler.mshrs_17.$6'.
     1/24: $data_reg$14
     2/24: $data_reg$15
     3/24: $data_reg$16
     4/24: $request_last_flush$24
     5/24: $request_way$23
     6/24: $request_set$22
     7/24: $request_data$21
     8/24: $request_offset$20
     9/24: $request_tag$19
    10/24: $request_size$18
    11/24: $request_opcode$17
    12/24: $sink_d_reg$53
    13/24: $sche_dir_valid$52
    14/24: $sche_a_valid$51
    15/24: $request_last_flush$50
    16/24: $request_way$49
    17/24: $request_set$48
    18/24: $request_data$47
    19/24: $request_offset$46
    20/24: $request_tag$45
    21/24: $request_size$44
    22/24: $request_opcode$43
    23/24: $data_reg$42
    24/24: $mixed_reg$41
Creating decoders for process `\MSHR_4$GPU.Scheduler.mshrs_16.$6'.
     1/24: $data_reg$14
     2/24: $data_reg$15
     3/24: $data_reg$16
     4/24: $request_last_flush$24
     5/24: $request_way$23
     6/24: $request_set$22
     7/24: $request_data$21
     8/24: $request_offset$20
     9/24: $request_tag$19
    10/24: $request_size$18
    11/24: $request_opcode$17
    12/24: $sink_d_reg$53
    13/24: $sche_dir_valid$52
    14/24: $sche_a_valid$51
    15/24: $request_last_flush$50
    16/24: $request_way$49
    17/24: $request_set$48
    18/24: $request_data$47
    19/24: $request_offset$46
    20/24: $request_tag$45
    21/24: $request_size$44
    22/24: $request_opcode$43
    23/24: $data_reg$42
    24/24: $mixed_reg$41
Creating decoders for process `\MSHR_4$GPU.Scheduler.mshrs_15.$6'.
     1/24: $data_reg$14
     2/24: $data_reg$15
     3/24: $data_reg$16
     4/24: $request_last_flush$24
     5/24: $request_way$23
     6/24: $request_set$22
     7/24: $request_data$21
     8/24: $request_offset$20
     9/24: $request_tag$19
    10/24: $request_size$18
    11/24: $request_opcode$17
    12/24: $sink_d_reg$53
    13/24: $sche_dir_valid$52
    14/24: $sche_a_valid$51
    15/24: $request_last_flush$50
    16/24: $request_way$49
    17/24: $request_set$48
    18/24: $request_data$47
    19/24: $request_offset$46
    20/24: $request_tag$45
    21/24: $request_size$44
    22/24: $request_opcode$43
    23/24: $data_reg$42
    24/24: $mixed_reg$41
Creating decoders for process `\MSHR_4$GPU.Scheduler.mshrs_14.$6'.
     1/24: $data_reg$14
     2/24: $data_reg$15
     3/24: $data_reg$16
     4/24: $request_last_flush$24
     5/24: $request_way$23
     6/24: $request_set$22
     7/24: $request_data$21
     8/24: $request_offset$20
     9/24: $request_tag$19
    10/24: $request_size$18
    11/24: $request_opcode$17
    12/24: $sink_d_reg$53
    13/24: $sche_dir_valid$52
    14/24: $sche_a_valid$51
    15/24: $request_last_flush$50
    16/24: $request_way$49
    17/24: $request_set$48
    18/24: $request_data$47
    19/24: $request_offset$46
    20/24: $request_tag$45
    21/24: $request_size$44
    22/24: $request_opcode$43
    23/24: $data_reg$42
    24/24: $mixed_reg$41
Creating decoders for process `\MSHR_4$GPU.Scheduler.mshrs_13.$6'.
     1/24: $data_reg$14
     2/24: $data_reg$15
     3/24: $data_reg$16
     4/24: $request_last_flush$24
     5/24: $request_way$23
     6/24: $request_set$22
     7/24: $request_data$21
     8/24: $request_offset$20
     9/24: $request_tag$19
    10/24: $request_size$18
    11/24: $request_opcode$17
    12/24: $sink_d_reg$53
    13/24: $sche_dir_valid$52
    14/24: $sche_a_valid$51
    15/24: $request_last_flush$50
    16/24: $request_way$49
    17/24: $request_set$48
    18/24: $request_data$47
    19/24: $request_offset$46
    20/24: $request_tag$45
    21/24: $request_size$44
    22/24: $request_opcode$43
    23/24: $data_reg$42
    24/24: $mixed_reg$41
Creating decoders for process `\MSHR_4$GPU.Scheduler.mshrs_12.$6'.
     1/24: $data_reg$14
     2/24: $data_reg$15
     3/24: $data_reg$16
     4/24: $request_last_flush$24
     5/24: $request_way$23
     6/24: $request_set$22
     7/24: $request_data$21
     8/24: $request_offset$20
     9/24: $request_tag$19
    10/24: $request_size$18
    11/24: $request_opcode$17
    12/24: $sink_d_reg$53
    13/24: $sche_dir_valid$52
    14/24: $sche_a_valid$51
    15/24: $request_last_flush$50
    16/24: $request_way$49
    17/24: $request_set$48
    18/24: $request_data$47
    19/24: $request_offset$46
    20/24: $request_tag$45
    21/24: $request_size$44
    22/24: $request_opcode$43
    23/24: $data_reg$42
    24/24: $mixed_reg$41
Creating decoders for process `\MSHR_4$GPU.Scheduler.mshrs_11.$6'.
     1/24: $data_reg$14
     2/24: $data_reg$15
     3/24: $data_reg$16
     4/24: $request_last_flush$24
     5/24: $request_way$23
     6/24: $request_set$22
     7/24: $request_data$21
     8/24: $request_offset$20
     9/24: $request_tag$19
    10/24: $request_size$18
    11/24: $request_opcode$17
    12/24: $sink_d_reg$53
    13/24: $sche_dir_valid$52
    14/24: $sche_a_valid$51
    15/24: $request_last_flush$50
    16/24: $request_way$49
    17/24: $request_set$48
    18/24: $request_data$47
    19/24: $request_offset$46
    20/24: $request_tag$45
    21/24: $request_size$44
    22/24: $request_opcode$43
    23/24: $data_reg$42
    24/24: $mixed_reg$41
Creating decoders for process `\MSHR_4$GPU.Scheduler.mshrs_10.$6'.
     1/24: $data_reg$14
     2/24: $data_reg$15
     3/24: $data_reg$16
     4/24: $request_last_flush$24
     5/24: $request_way$23
     6/24: $request_set$22
     7/24: $request_data$21
     8/24: $request_offset$20
     9/24: $request_tag$19
    10/24: $request_size$18
    11/24: $request_opcode$17
    12/24: $sink_d_reg$53
    13/24: $sche_dir_valid$52
    14/24: $sche_a_valid$51
    15/24: $request_last_flush$50
    16/24: $request_way$49
    17/24: $request_set$48
    18/24: $request_data$47
    19/24: $request_offset$46
    20/24: $request_tag$45
    21/24: $request_size$44
    22/24: $request_opcode$43
    23/24: $data_reg$42
    24/24: $mixed_reg$41
Creating decoders for process `\MSHR_4$GPU.Scheduler.mshrs_9.$6'.
     1/24: $data_reg$14
     2/24: $data_reg$15
     3/24: $data_reg$16
     4/24: $request_last_flush$24
     5/24: $request_way$23
     6/24: $request_set$22
     7/24: $request_data$21
     8/24: $request_offset$20
     9/24: $request_tag$19
    10/24: $request_size$18
    11/24: $request_opcode$17
    12/24: $sink_d_reg$53
    13/24: $sche_dir_valid$52
    14/24: $sche_a_valid$51
    15/24: $request_last_flush$50
    16/24: $request_way$49
    17/24: $request_set$48
    18/24: $request_data$47
    19/24: $request_offset$46
    20/24: $request_tag$45
    21/24: $request_size$44
    22/24: $request_opcode$43
    23/24: $data_reg$42
    24/24: $mixed_reg$41
Creating decoders for process `\MSHR_4$GPU.Scheduler.mshrs_8.$6'.
     1/24: $data_reg$14
     2/24: $data_reg$15
     3/24: $data_reg$16
     4/24: $request_last_flush$24
     5/24: $request_way$23
     6/24: $request_set$22
     7/24: $request_data$21
     8/24: $request_offset$20
     9/24: $request_tag$19
    10/24: $request_size$18
    11/24: $request_opcode$17
    12/24: $sink_d_reg$53
    13/24: $sche_dir_valid$52
    14/24: $sche_a_valid$51
    15/24: $request_last_flush$50
    16/24: $request_way$49
    17/24: $request_set$48
    18/24: $request_data$47
    19/24: $request_offset$46
    20/24: $request_tag$45
    21/24: $request_size$44
    22/24: $request_opcode$43
    23/24: $data_reg$42
    24/24: $mixed_reg$41
Creating decoders for process `\MSHR_4$GPU.Scheduler.mshrs_7.$6'.
     1/24: $data_reg$14
     2/24: $data_reg$15
     3/24: $data_reg$16
     4/24: $request_last_flush$24
     5/24: $request_way$23
     6/24: $request_set$22
     7/24: $request_data$21
     8/24: $request_offset$20
     9/24: $request_tag$19
    10/24: $request_size$18
    11/24: $request_opcode$17
    12/24: $sink_d_reg$53
    13/24: $sche_dir_valid$52
    14/24: $sche_a_valid$51
    15/24: $request_last_flush$50
    16/24: $request_way$49
    17/24: $request_set$48
    18/24: $request_data$47
    19/24: $request_offset$46
    20/24: $request_tag$45
    21/24: $request_size$44
    22/24: $request_opcode$43
    23/24: $data_reg$42
    24/24: $mixed_reg$41
Creating decoders for process `\MSHR_4$GPU.Scheduler.mshrs_6.$6'.
     1/24: $data_reg$14
     2/24: $data_reg$15
     3/24: $data_reg$16
     4/24: $request_last_flush$24
     5/24: $request_way$23
     6/24: $request_set$22
     7/24: $request_data$21
     8/24: $request_offset$20
     9/24: $request_tag$19
    10/24: $request_size$18
    11/24: $request_opcode$17
    12/24: $sink_d_reg$53
    13/24: $sche_dir_valid$52
    14/24: $sche_a_valid$51
    15/24: $request_last_flush$50
    16/24: $request_way$49
    17/24: $request_set$48
    18/24: $request_data$47
    19/24: $request_offset$46
    20/24: $request_tag$45
    21/24: $request_size$44
    22/24: $request_opcode$43
    23/24: $data_reg$42
    24/24: $mixed_reg$41
Creating decoders for process `\MSHR_4$GPU.Scheduler.mshrs_5.$6'.
     1/24: $data_reg$14
     2/24: $data_reg$15
     3/24: $data_reg$16
     4/24: $request_last_flush$24
     5/24: $request_way$23
     6/24: $request_set$22
     7/24: $request_data$21
     8/24: $request_offset$20
     9/24: $request_tag$19
    10/24: $request_size$18
    11/24: $request_opcode$17
    12/24: $sink_d_reg$53
    13/24: $sche_dir_valid$52
    14/24: $sche_a_valid$51
    15/24: $request_last_flush$50
    16/24: $request_way$49
    17/24: $request_set$48
    18/24: $request_data$47
    19/24: $request_offset$46
    20/24: $request_tag$45
    21/24: $request_size$44
    22/24: $request_opcode$43
    23/24: $data_reg$42
    24/24: $mixed_reg$41
Creating decoders for process `\MSHR_4$GPU.Scheduler.mshrs_4.$6'.
     1/24: $data_reg$14
     2/24: $data_reg$15
     3/24: $data_reg$16
     4/24: $request_last_flush$24
     5/24: $request_way$23
     6/24: $request_set$22
     7/24: $request_data$21
     8/24: $request_offset$20
     9/24: $request_tag$19
    10/24: $request_size$18
    11/24: $request_opcode$17
    12/24: $sink_d_reg$53
    13/24: $sche_dir_valid$52
    14/24: $sche_a_valid$51
    15/24: $request_last_flush$50
    16/24: $request_way$49
    17/24: $request_set$48
    18/24: $request_data$47
    19/24: $request_offset$46
    20/24: $request_tag$45
    21/24: $request_size$44
    22/24: $request_opcode$43
    23/24: $data_reg$42
    24/24: $mixed_reg$41
Creating decoders for process `\MSHR_4$GPU.Scheduler.mshrs_3.$6'.
     1/24: $data_reg$14
     2/24: $data_reg$15
     3/24: $data_reg$16
     4/24: $request_last_flush$24
     5/24: $request_way$23
     6/24: $request_set$22
     7/24: $request_data$21
     8/24: $request_offset$20
     9/24: $request_tag$19
    10/24: $request_size$18
    11/24: $request_opcode$17
    12/24: $sink_d_reg$53
    13/24: $sche_dir_valid$52
    14/24: $sche_a_valid$51
    15/24: $request_last_flush$50
    16/24: $request_way$49
    17/24: $request_set$48
    18/24: $request_data$47
    19/24: $request_offset$46
    20/24: $request_tag$45
    21/24: $request_size$44
    22/24: $request_opcode$43
    23/24: $data_reg$42
    24/24: $mixed_reg$41
Creating decoders for process `\MSHR_4$GPU.Scheduler.mshrs_2.$6'.
     1/24: $data_reg$14
     2/24: $data_reg$15
     3/24: $data_reg$16
     4/24: $request_last_flush$24
     5/24: $request_way$23
     6/24: $request_set$22
     7/24: $request_data$21
     8/24: $request_offset$20
     9/24: $request_tag$19
    10/24: $request_size$18
    11/24: $request_opcode$17
    12/24: $sink_d_reg$53
    13/24: $sche_dir_valid$52
    14/24: $sche_a_valid$51
    15/24: $request_last_flush$50
    16/24: $request_way$49
    17/24: $request_set$48
    18/24: $request_data$47
    19/24: $request_offset$46
    20/24: $request_tag$45
    21/24: $request_size$44
    22/24: $request_opcode$43
    23/24: $data_reg$42
    24/24: $mixed_reg$41
Creating decoders for process `\MSHR_4$GPU.Scheduler.mshrs_1.$6'.
     1/24: $data_reg$14
     2/24: $data_reg$15
     3/24: $data_reg$16
     4/24: $request_last_flush$24
     5/24: $request_way$23
     6/24: $request_set$22
     7/24: $request_data$21
     8/24: $request_offset$20
     9/24: $request_tag$19
    10/24: $request_size$18
    11/24: $request_opcode$17
    12/24: $sink_d_reg$53
    13/24: $sche_dir_valid$52
    14/24: $sche_a_valid$51
    15/24: $request_last_flush$50
    16/24: $request_way$49
    17/24: $request_set$48
    18/24: $request_data$47
    19/24: $request_offset$46
    20/24: $request_tag$45
    21/24: $request_size$44
    22/24: $request_opcode$43
    23/24: $data_reg$42
    24/24: $mixed_reg$41
Creating decoders for process `\MSHR_4$GPU.Scheduler.mshrs_0.$6'.
     1/24: $data_reg$14
     2/24: $data_reg$15
     3/24: $data_reg$16
     4/24: $request_last_flush$24
     5/24: $request_way$23
     6/24: $request_set$22
     7/24: $request_data$21
     8/24: $request_offset$20
     9/24: $request_tag$19
    10/24: $request_size$18
    11/24: $request_opcode$17
    12/24: $sink_d_reg$53
    13/24: $sche_dir_valid$52
    14/24: $sche_a_valid$51
    15/24: $request_last_flush$50
    16/24: $request_way$49
    17/24: $request_set$48
    18/24: $request_data$47
    19/24: $request_offset$46
    20/24: $request_tag$45
    21/24: $request_size$44
    22/24: $request_opcode$43
    23/24: $data_reg$42
    24/24: $mixed_reg$41
Creating decoders for process `\ListBuffer_1$GPU.Scheduler.requests.$34'.
     1/2: $used$51
     2/2: $valid$50
Creating decoders for process `\Directory_test$GPU.Scheduler.directory.$259'.
     1/53: $set$24300
     2/53: $tag$24299
     3/53: $read_bits_reg_set$7878
     4/53: $read_bits_reg_spike_info_vaddr$7877
     5/53: $read_bits_reg_spike_info_pc$7876
     6/53: $read_bits_reg_param$7875
     7/53: $read_bits_reg_mask$7874
     8/53: $read_bits_reg_data$7873
     9/53: $read_bits_reg_put$7872
    10/53: $read_bits_reg_offset$7871
    11/53: $read_bits_reg_tag$7870
    12/53: $read_bits_reg_source$7869
    13/53: $read_bits_reg_opcode$7868
    14/53: $lfsr$7861
    15/53: $lfsr$7862
    16/53: $flushCount$7855
    17/53: $flushCount$7856
    18/53: $flush_source_reg$7847
    19/53: $flush_source_reg$7849
    20/53: $is_invalidate_reg$7848
    21/53: $wipeCount$7841
    22/53: $io_result_bits_flush_REG$7914
    23/53: $io_result_bits_last_flush_REG$7913
    24/53: $io_result_bits_dirty_REG$7912
    25/53: $io_result_bits_tag_REG$7911
    26/53: $io_result_bits_source_REG$7910
    27/53: $io_result_bits_set_REG$7909
    28/53: $io_result_bits_way_REG$7908
    29/53: $io_result_valid_REG$7907
    30/53: $flush_issue_regnext$7906
    31/53: $read_bits_reg_set$7905
    32/53: $read_bits_reg_spike_info_vaddr$7904
    33/53: $read_bits_reg_spike_info_pc$7903
    34/53: $read_bits_reg_param$7902
    35/53: $read_bits_reg_mask$7901
    36/53: $read_bits_reg_data$7900
    37/53: $read_bits_reg_put$7899
    38/53: $read_bits_reg_offset$7898
    39/53: $read_bits_reg_tag$7897
    40/53: $read_bits_reg_source$7896
    41/53: $read_bits_reg_opcode$7895
    42/53: $valid_reg$7894
    43/53: $tagMatch$7893
    44/53: $setQuash$7892
    45/53: $lfsr$7891
    46/53: $ren1$7890
    47/53: $REG$7889
    48/53: $flushCount$7888
    49/53: $flush_source_reg$7887
    50/53: $is_invalidate_reg$7886
    51/53: $flush_issue_reg$7885
    52/53: $wipeOff$7884
    53/53: $wipeCount$7883
Creating decoders for process `\SinkD$GPU.Scheduler.sinkD.$0'.
     1/1: $io_resp_valid_REG$1
Creating decoders for process `\SinkA$GPU.Scheduler.sinkA.$60'.
     1/1: $lists$63
Creating decoders for process `\SourceD$GPU.Scheduler.sourceD.$61'.
     1/57: $stateReg$136
     2/57: $stateReg$137
     3/57: $stateReg$132
     4/57: $stateReg$133
     5/57: $stateReg$129
     6/57: $stateReg$130
     7/57: $stateReg$131
     8/57: $stateReg$138
     9/57: $stateReg$127
    10/57: $stateReg$139
    11/57: $stateReg$125
    12/57: $stateReg$140
    13/57: $stateReg$119
    14/57: $stateReg$120
    15/57: $stateReg$121
    16/57: $stateReg$122
    17/57: $stateReg$123
    18/57: $s1_req_reg_from_mem$108
    19/57: $s1_req_reg_last_flush$107
    20/57: $s1_req_reg_dirty$106
    21/57: $s1_req_reg_way$105
    22/57: $s1_req_reg_hit$104
    23/57: $s1_req_reg_set$103
    24/57: $s1_req_reg_param$102
    25/57: $s1_req_reg_mask$101
    26/57: $s1_req_reg_data$100
    27/57: $s1_req_reg_put$99
    28/57: $s1_req_reg_offset$98
    29/57: $s1_req_reg_tag$97
    30/57: $s1_req_reg_source$96
    31/57: $s1_req_reg_size$95
    32/57: $s1_req_reg_opcode$94
    33/57: $pb_beat_reg_mask$93
    34/57: $pb_beat_reg_data$92
    35/57: $mshr_wait_reg$203
    36/57: $tobedone$202
    37/57: $write_sent_reg$201
    38/57: $read_sent_reg$200
    39/57: $s1_req_reg_from_mem$199
    40/57: $s1_req_reg_last_flush$198
    41/57: $s1_req_reg_dirty$197
    42/57: $s1_req_reg_way$196
    43/57: $s1_req_reg_hit$195
    44/57: $s1_req_reg_set$194
    45/57: $s1_req_reg_param$193
    46/57: $s1_req_reg_mask$192
    47/57: $s1_req_reg_data$191
    48/57: $s1_req_reg_put$190
    49/57: $s1_req_reg_offset$189
    50/57: $s1_req_reg_tag$188
    51/57: $s1_req_reg_source$187
    52/57: $s1_req_reg_size$186
    53/57: $s1_req_reg_opcode$185
    54/57: $stateReg$184
    55/57: $pb_beat_reg_mask$183
    56/57: $pb_beat_reg_data$182
    57/57: $busy$181
Creating decoders for process `\Scheduler$GPU.Scheduler.$1661'.
     1/3: $robin_filter$1673
     2/3: $robin_filter$1675
     3/3: $issue_flush_invalidate$1674

1.8. Executing PROC_CLEAN pass (remove empty switches from decision trees).
Found and cleaned up 1 empty switch in `\RRArbiter$GPU.cta.cta_sche.cu_interface_inst.arb_inst.$8'.
Removing empty process `RRArbiter$GPU.cta.cta_sche.cu_interface_inst.arb_inst.$8'.
Found and cleaned up 7 empty switches in `\Queue2_cta_data$GPU.cta.cta_sche.cu_interface_inst.fifo.$10'.
Removing empty process `Queue2_cta_data$GPU.cta.cta_sche.cu_interface_inst.fifo.$10'.
Found and cleaned up 5 empty switches in `\Queue1_5_Anon_2$GPU.cta.cta_sche.resource_table_inst.baseaddr_vgpr_reg_q.$11'.
Removing empty process `Queue1_5_Anon_2$GPU.cta.cta_sche.resource_table_inst.baseaddr_vgpr_reg_q.$11'.
Found and cleaned up 5 empty switches in `\Queue1_5_Anon_1$GPU.cta.cta_sche.resource_table_inst.baseaddr_sgpr_reg_q.$11'.
Removing empty process `Queue1_5_Anon_1$GPU.cta.cta_sche.resource_table_inst.baseaddr_sgpr_reg_q.$11'.
Found and cleaned up 5 empty switches in `\Queue1_5_Anon$GPU.cta.cta_sche.resource_table_inst.baseaddr_lds_reg_q.$11'.
Removing empty process `Queue1_5_Anon$GPU.cta.cta_sche.resource_table_inst.baseaddr_lds_reg_q.$11'.
Found and cleaned up 7 empty switches in `\Queue2_io_rt2dealloc$GPU.cta.cta_sche.resource_table_inst.slot_dealloc.$10'.
Removing empty process `Queue2_io_rt2dealloc$GPU.cta.cta_sche.resource_table_inst.slot_dealloc.$10'.
Found and cleaned up 1 empty switch in `\DecoupledIO_1_to_3_1$GPU.cta.cta_sche.resource_table_inst.dealloc_decoupledio.$30'.
Removing empty process `DecoupledIO_1_to_3_1$GPU.cta.cta_sche.resource_table_inst.dealloc_decoupledio.$30'.
Found and cleaned up 1 empty switch in `\DecoupledIO_1_to_3$GPU.cta.cta_sche.resource_table_inst.alloc_decoupledio.$21'.
Removing empty process `DecoupledIO_1_to_3$GPU.cta.cta_sche.resource_table_inst.alloc_decoupledio.$21'.
Found and cleaned up 39 empty switches in `\resource_table_ram_4$GPU.cta.cta_sche.resource_table_inst.rtram_vgpr_1_0.$2'.
Removing empty process `resource_table_ram_4$GPU.cta.cta_sche.resource_table_inst.rtram_vgpr_1_0.$2'.
Found and cleaned up 39 empty switches in `\resource_table_ram_4$GPU.cta.cta_sche.resource_table_inst.rtram_vgpr_0_0.$2'.
Removing empty process `resource_table_ram_4$GPU.cta.cta_sche.resource_table_inst.rtram_vgpr_0_0.$2'.
Found and cleaned up 39 empty switches in `\resource_table_ram_2$GPU.cta.cta_sche.resource_table_inst.rtram_sgpr_1_0.$2'.
Removing empty process `resource_table_ram_2$GPU.cta.cta_sche.resource_table_inst.rtram_sgpr_1_0.$2'.
Found and cleaned up 39 empty switches in `\resource_table_ram_2$GPU.cta.cta_sche.resource_table_inst.rtram_sgpr_0_0.$2'.
Removing empty process `resource_table_ram_2$GPU.cta.cta_sche.resource_table_inst.rtram_sgpr_0_0.$2'.
Found and cleaned up 39 empty switches in `\resource_table_ram$GPU.cta.cta_sche.resource_table_inst.rtram_lds_1_0.$2'.
Removing empty process `resource_table_ram$GPU.cta.cta_sche.resource_table_inst.rtram_lds_1_0.$2'.
Found and cleaned up 39 empty switches in `\resource_table_ram$GPU.cta.cta_sche.resource_table_inst.rtram_lds_0_0.$2'.
Removing empty process `resource_table_ram$GPU.cta.cta_sche.resource_table_inst.rtram_lds_0_0.$2'.
Found and cleaned up 89 empty switches in `\resource_table_handler_4$GPU.cta.cta_sche.resource_table_inst.handler_vgpr_1.$204'.
Removing empty process `resource_table_handler_4$GPU.cta.cta_sche.resource_table_inst.handler_vgpr_1.$204'.
Found and cleaned up 89 empty switches in `\resource_table_handler_4$GPU.cta.cta_sche.resource_table_inst.handler_vgpr_0.$204'.
Removing empty process `resource_table_handler_4$GPU.cta.cta_sche.resource_table_inst.handler_vgpr_0.$204'.
Found and cleaned up 89 empty switches in `\resource_table_handler_2$GPU.cta.cta_sche.resource_table_inst.handler_sgpr_1.$204'.
Removing empty process `resource_table_handler_2$GPU.cta.cta_sche.resource_table_inst.handler_sgpr_1.$204'.
Found and cleaned up 89 empty switches in `\resource_table_handler_2$GPU.cta.cta_sche.resource_table_inst.handler_sgpr_0.$204'.
Removing empty process `resource_table_handler_2$GPU.cta.cta_sche.resource_table_inst.handler_sgpr_0.$204'.
Found and cleaned up 89 empty switches in `\resource_table_handler$GPU.cta.cta_sche.resource_table_inst.handler_lds_1.$204'.
Removing empty process `resource_table_handler$GPU.cta.cta_sche.resource_table_inst.handler_lds_1.$204'.
Found and cleaned up 89 empty switches in `\resource_table_handler$GPU.cta.cta_sche.resource_table_inst.handler_lds_0.$204'.
Removing empty process `resource_table_handler$GPU.cta.cta_sche.resource_table_inst.handler_lds_0.$204'.
Found and cleaned up 5 empty switches in `\Queue1_io_alloc2cuinterface$GPU.cta.cta_sche.allocator_inst.cuinterface_buf.$3'.
Removing empty process `Queue1_io_alloc2cuinterface$GPU.cta.cta_sche.allocator_inst.cuinterface_buf.$3'.
Found and cleaned up 3 empty switches in `\RRPriorityEncoder$GPU.cta.cta_sche.wg_buffer_inst.wgram1_rd_next_inst.$10'.
Removing empty process `RRPriorityEncoder$GPU.cta.cta_sche.wg_buffer_inst.wgram1_rd_next_inst.$10'.
Found and cleaned up 3 empty switches in `\RRPriorityEncoder$GPU.cta.cta_sche.wg_buffer_inst.wgram_wr_next_inst.$10'.
Removing empty process `RRPriorityEncoder$GPU.cta.cta_sche.wg_buffer_inst.wgram_wr_next_inst.$10'.
Found and cleaned up 255 empty switches in `\SRAMTemplate_139$GPU.Scheduler.bankedStore.cc_banks.$4'.
Removing empty process `SRAMTemplate_139$GPU.Scheduler.bankedStore.cc_banks.$4'.
Found and cleaned up 5 empty switches in `\SRAMTemplate_138$GPU.Scheduler.directory.cc_dir.$68'.
Removing empty process `SRAMTemplate_138$GPU.Scheduler.directory.cc_dir.$68'.
Found and cleaned up 1 empty switch in `\ListBuffer$GPU.Scheduler.sinkA.putbuffer.$34'.
Removing empty process `ListBuffer$GPU.Scheduler.sinkA.putbuffer.$34'.
Found and cleaned up 59 empty switches in `\cu_interface$GPU.cta.cta_sche.cu_interface_inst.$64'.
Removing empty process `cu_interface$GPU.cta.cta_sche.cu_interface_inst.$64'.
Found and cleaned up 1 empty switch in `\resource_table_top$GPU.cta.cta_sche.resource_table_inst.$10'.
Removing empty process `resource_table_top$GPU.cta.cta_sche.resource_table_inst.$10'.
Found and cleaned up 43 empty switches in `\allocator$GPU.cta.cta_sche.allocator_inst.$102'.
Removing empty process `allocator$GPU.cta.cta_sche.allocator_inst.$102'.
Found and cleaned up 5 empty switches in `\wg_buffer$GPU.cta.cta_sche.wg_buffer_inst.$46'.
Removing empty process `wg_buffer$GPU.cta.cta_sche.wg_buffer_inst.$46'.
Found and cleaned up 7 empty switches in `\Queue2_TLBundleA_lite$GPU.SM2clusterArbiter.memReqBuf.$10'.
Removing empty process `Queue2_TLBundleA_lite$GPU.SM2clusterArbiter.memReqBuf.$10'.
Found and cleaned up 5 empty switches in `\Queue1_DirectoryResult_lite_victim$GPU.Scheduler.dir_result_buffer.$0'.
Removing empty process `Queue1_DirectoryResult_lite_victim$GPU.Scheduler.dir_result_buffer.$0'.
Found and cleaned up 7 empty switches in `\Queue8_FullRequest$GPU.Scheduler.write_buffer.$20'.
Removing empty process `Queue8_FullRequest$GPU.Scheduler.write_buffer.$20'.
Found and cleaned up 7 empty switches in `\MSHR_4$GPU.Scheduler.mshrs_31.$6'.
Removing empty process `MSHR_4$GPU.Scheduler.mshrs_31.$6'.
Found and cleaned up 7 empty switches in `\MSHR_4$GPU.Scheduler.mshrs_30.$6'.
Removing empty process `MSHR_4$GPU.Scheduler.mshrs_30.$6'.
Found and cleaned up 7 empty switches in `\MSHR_4$GPU.Scheduler.mshrs_29.$6'.
Removing empty process `MSHR_4$GPU.Scheduler.mshrs_29.$6'.
Found and cleaned up 7 empty switches in `\MSHR_4$GPU.Scheduler.mshrs_28.$6'.
Removing empty process `MSHR_4$GPU.Scheduler.mshrs_28.$6'.
Found and cleaned up 7 empty switches in `\MSHR_4$GPU.Scheduler.mshrs_27.$6'.
Removing empty process `MSHR_4$GPU.Scheduler.mshrs_27.$6'.
Found and cleaned up 7 empty switches in `\MSHR_4$GPU.Scheduler.mshrs_26.$6'.
Removing empty process `MSHR_4$GPU.Scheduler.mshrs_26.$6'.
Found and cleaned up 7 empty switches in `\MSHR_4$GPU.Scheduler.mshrs_25.$6'.
Removing empty process `MSHR_4$GPU.Scheduler.mshrs_25.$6'.
Found and cleaned up 7 empty switches in `\MSHR_4$GPU.Scheduler.mshrs_24.$6'.
Removing empty process `MSHR_4$GPU.Scheduler.mshrs_24.$6'.
Found and cleaned up 7 empty switches in `\MSHR_4$GPU.Scheduler.mshrs_23.$6'.
Removing empty process `MSHR_4$GPU.Scheduler.mshrs_23.$6'.
Found and cleaned up 7 empty switches in `\MSHR_4$GPU.Scheduler.mshrs_22.$6'.
Removing empty process `MSHR_4$GPU.Scheduler.mshrs_22.$6'.
Found and cleaned up 7 empty switches in `\MSHR_4$GPU.Scheduler.mshrs_21.$6'.
Removing empty process `MSHR_4$GPU.Scheduler.mshrs_21.$6'.
Found and cleaned up 7 empty switches in `\MSHR_4$GPU.Scheduler.mshrs_20.$6'.
Removing empty process `MSHR_4$GPU.Scheduler.mshrs_20.$6'.
Found and cleaned up 7 empty switches in `\MSHR_4$GPU.Scheduler.mshrs_19.$6'.
Removing empty process `MSHR_4$GPU.Scheduler.mshrs_19.$6'.
Found and cleaned up 7 empty switches in `\MSHR_4$GPU.Scheduler.mshrs_18.$6'.
Removing empty process `MSHR_4$GPU.Scheduler.mshrs_18.$6'.
Found and cleaned up 7 empty switches in `\MSHR_4$GPU.Scheduler.mshrs_17.$6'.
Removing empty process `MSHR_4$GPU.Scheduler.mshrs_17.$6'.
Found and cleaned up 7 empty switches in `\MSHR_4$GPU.Scheduler.mshrs_16.$6'.
Removing empty process `MSHR_4$GPU.Scheduler.mshrs_16.$6'.
Found and cleaned up 7 empty switches in `\MSHR_4$GPU.Scheduler.mshrs_15.$6'.
Removing empty process `MSHR_4$GPU.Scheduler.mshrs_15.$6'.
Found and cleaned up 7 empty switches in `\MSHR_4$GPU.Scheduler.mshrs_14.$6'.
Removing empty process `MSHR_4$GPU.Scheduler.mshrs_14.$6'.
Found and cleaned up 7 empty switches in `\MSHR_4$GPU.Scheduler.mshrs_13.$6'.
Removing empty process `MSHR_4$GPU.Scheduler.mshrs_13.$6'.
Found and cleaned up 7 empty switches in `\MSHR_4$GPU.Scheduler.mshrs_12.$6'.
Removing empty process `MSHR_4$GPU.Scheduler.mshrs_12.$6'.
Found and cleaned up 7 empty switches in `\MSHR_4$GPU.Scheduler.mshrs_11.$6'.
Removing empty process `MSHR_4$GPU.Scheduler.mshrs_11.$6'.
Found and cleaned up 7 empty switches in `\MSHR_4$GPU.Scheduler.mshrs_10.$6'.
Removing empty process `MSHR_4$GPU.Scheduler.mshrs_10.$6'.
Found and cleaned up 7 empty switches in `\MSHR_4$GPU.Scheduler.mshrs_9.$6'.
Removing empty process `MSHR_4$GPU.Scheduler.mshrs_9.$6'.
Found and cleaned up 7 empty switches in `\MSHR_4$GPU.Scheduler.mshrs_8.$6'.
Removing empty process `MSHR_4$GPU.Scheduler.mshrs_8.$6'.
Found and cleaned up 7 empty switches in `\MSHR_4$GPU.Scheduler.mshrs_7.$6'.
Removing empty process `MSHR_4$GPU.Scheduler.mshrs_7.$6'.
Found and cleaned up 7 empty switches in `\MSHR_4$GPU.Scheduler.mshrs_6.$6'.
Removing empty process `MSHR_4$GPU.Scheduler.mshrs_6.$6'.
Found and cleaned up 7 empty switches in `\MSHR_4$GPU.Scheduler.mshrs_5.$6'.
Removing empty process `MSHR_4$GPU.Scheduler.mshrs_5.$6'.
Found and cleaned up 7 empty switches in `\MSHR_4$GPU.Scheduler.mshrs_4.$6'.
Removing empty process `MSHR_4$GPU.Scheduler.mshrs_4.$6'.
Found and cleaned up 7 empty switches in `\MSHR_4$GPU.Scheduler.mshrs_3.$6'.
Removing empty process `MSHR_4$GPU.Scheduler.mshrs_3.$6'.
Found and cleaned up 7 empty switches in `\MSHR_4$GPU.Scheduler.mshrs_2.$6'.
Removing empty process `MSHR_4$GPU.Scheduler.mshrs_2.$6'.
Found and cleaned up 7 empty switches in `\MSHR_4$GPU.Scheduler.mshrs_1.$6'.
Removing empty process `MSHR_4$GPU.Scheduler.mshrs_1.$6'.
Found and cleaned up 7 empty switches in `\MSHR_4$GPU.Scheduler.mshrs_0.$6'.
Removing empty process `MSHR_4$GPU.Scheduler.mshrs_0.$6'.
Found and cleaned up 1 empty switch in `\ListBuffer_1$GPU.Scheduler.requests.$34'.
Removing empty process `ListBuffer_1$GPU.Scheduler.requests.$34'.
Found and cleaned up 19 empty switches in `\Directory_test$GPU.Scheduler.directory.$259'.
Removing empty process `Directory_test$GPU.Scheduler.directory.$259'.
Found and cleaned up 1 empty switch in `\SinkD$GPU.Scheduler.sinkD.$0'.
Removing empty process `SinkD$GPU.Scheduler.sinkD.$0'.
Found and cleaned up 1 empty switch in `\SinkA$GPU.Scheduler.sinkA.$60'.
Removing empty process `SinkA$GPU.Scheduler.sinkA.$60'.
Found and cleaned up 37 empty switches in `\SourceD$GPU.Scheduler.sourceD.$61'.
Removing empty process `SourceD$GPU.Scheduler.sourceD.$61'.
Found and cleaned up 3 empty switches in `\Scheduler$GPU.Scheduler.$1661'.
Removing empty process `Scheduler$GPU.Scheduler.$1661'.
Cleaned up 1485 empty switches.

1.9. Executing OPT_EXPR pass (perform const folding).
Optimizing module sort3_4$GPU.cta.cta_sche.resource_table_inst.handler_vgpr_1.result_tmp_inst.
Optimizing module sort3_4$GPU.cta.cta_sche.resource_table_inst.handler_vgpr_0.result_tmp_inst.
Optimizing module sort3_2$GPU.cta.cta_sche.resource_table_inst.handler_sgpr_1.result_tmp_inst.
Optimizing module sort3_2$GPU.cta.cta_sche.resource_table_inst.handler_sgpr_0.result_tmp_inst.
Optimizing module sort3$GPU.cta.cta_sche.resource_table_inst.handler_lds_1.result_tmp_inst.
Optimizing module sort3$GPU.cta.cta_sche.resource_table_inst.handler_lds_0.result_tmp_inst.
Optimizing module RRArbiter$GPU.cta.cta_sche.cu_interface_inst.arb_inst.
Optimizing module Queue2_cta_data$GPU.cta.cta_sche.cu_interface_inst.fifo.
<suppressed ~1 debug messages>
Optimizing module Queue1_5_Anon_2$GPU.cta.cta_sche.resource_table_inst.baseaddr_vgpr_reg_q.
<suppressed ~1 debug messages>
Optimizing module Queue1_5_Anon_1$GPU.cta.cta_sche.resource_table_inst.baseaddr_sgpr_reg_q.
<suppressed ~1 debug messages>
Optimizing module Queue1_5_Anon$GPU.cta.cta_sche.resource_table_inst.baseaddr_lds_reg_q.
<suppressed ~1 debug messages>
Optimizing module Queue2_io_rt2dealloc$GPU.cta.cta_sche.resource_table_inst.slot_dealloc.
<suppressed ~1 debug messages>
Optimizing module DecoupledIO_1_to_3_1$GPU.cta.cta_sche.resource_table_inst.dealloc_decoupledio.
Optimizing module DecoupledIO_1_to_3$GPU.cta.cta_sche.resource_table_inst.alloc_decoupledio.
Optimizing module resource_table_ram_4$GPU.cta.cta_sche.resource_table_inst.rtram_vgpr_1_0.
<suppressed ~2 debug messages>
Optimizing module resource_table_ram_4$GPU.cta.cta_sche.resource_table_inst.rtram_vgpr_0_0.
<suppressed ~2 debug messages>
Optimizing module resource_table_ram_2$GPU.cta.cta_sche.resource_table_inst.rtram_sgpr_1_0.
<suppressed ~2 debug messages>
Optimizing module resource_table_ram_2$GPU.cta.cta_sche.resource_table_inst.rtram_sgpr_0_0.
<suppressed ~2 debug messages>
Optimizing module resource_table_ram$GPU.cta.cta_sche.resource_table_inst.rtram_lds_1_0.
<suppressed ~2 debug messages>
Optimizing module resource_table_ram$GPU.cta.cta_sche.resource_table_inst.rtram_lds_0_0.
<suppressed ~2 debug messages>
Optimizing module resource_table_handler_4$GPU.cta.cta_sche.resource_table_inst.handler_vgpr_1.
<suppressed ~3 debug messages>
Optimizing module resource_table_handler_4$GPU.cta.cta_sche.resource_table_inst.handler_vgpr_0.
<suppressed ~3 debug messages>
Optimizing module resource_table_handler_2$GPU.cta.cta_sche.resource_table_inst.handler_sgpr_1.
<suppressed ~3 debug messages>
Optimizing module resource_table_handler_2$GPU.cta.cta_sche.resource_table_inst.handler_sgpr_0.
<suppressed ~3 debug messages>
Optimizing module resource_table_handler$GPU.cta.cta_sche.resource_table_inst.handler_lds_1.
<suppressed ~3 debug messages>
Optimizing module resource_table_handler$GPU.cta.cta_sche.resource_table_inst.handler_lds_0.
<suppressed ~3 debug messages>
Optimizing module Queue1_io_alloc2cuinterface$GPU.cta.cta_sche.allocator_inst.cuinterface_buf.
<suppressed ~1 debug messages>
Optimizing module rtcache_writer_2$GPU.cta.cta_sche.allocator_inst.writer_vgpr.
Optimizing module rtcache_writer_1$GPU.cta.cta_sche.allocator_inst.writer_sgpr.
Optimizing module rtcache_writer$GPU.cta.cta_sche.allocator_inst.writer_lds.
Optimizing module RRPriorityEncoder$GPU.cta.cta_sche.wg_buffer_inst.wgram1_rd_next_inst.
Optimizing module RRPriorityEncoder$GPU.cta.cta_sche.wg_buffer_inst.wgram_wr_next_inst.
Optimizing module SRAMTemplate_139$GPU.Scheduler.bankedStore.cc_banks.
<suppressed ~128 debug messages>
Optimizing module SRAMTemplate_138$GPU.Scheduler.directory.cc_dir.
Optimizing module ListBuffer$GPU.Scheduler.sinkA.putbuffer.
Optimizing module cu_interface$GPU.cta.cta_sche.cu_interface_inst.
<suppressed ~4 debug messages>
Optimizing module resource_table_top$GPU.cta.cta_sche.resource_table_inst.
Optimizing module allocator$GPU.cta.cta_sche.allocator_inst.
<suppressed ~3 debug messages>
Optimizing module wg_buffer$GPU.cta.cta_sche.wg_buffer_inst.
Optimizing module Arbiter1_TLBundleA_lite$GPU.cluster2L2Arbiter.memReqArb.
Optimizing module Arbiter1_TLBundleD_lite_plus$GPU.l2Distribute.memRspArb.
Optimizing module Queue2_TLBundleA_lite$GPU.SM2clusterArbiter.memReqBuf.
<suppressed ~1 debug messages>
Optimizing module Arbiter2_TLBundleA_lite$GPU.SM2clusterArbiter.memReqArb.
Optimizing module Queue1_DirectoryResult_lite_victim$GPU.Scheduler.dir_result_buffer.
<suppressed ~1 debug messages>
Optimizing module Queue8_FullRequest$GPU.Scheduler.write_buffer.
<suppressed ~1 debug messages>
Optimizing module MSHR_4$GPU.Scheduler.mshrs_31.
Optimizing module MSHR_4$GPU.Scheduler.mshrs_30.
Optimizing module MSHR_4$GPU.Scheduler.mshrs_29.
Optimizing module MSHR_4$GPU.Scheduler.mshrs_28.
Optimizing module MSHR_4$GPU.Scheduler.mshrs_27.
Optimizing module MSHR_4$GPU.Scheduler.mshrs_26.
Optimizing module MSHR_4$GPU.Scheduler.mshrs_25.
Optimizing module MSHR_4$GPU.Scheduler.mshrs_24.
Optimizing module MSHR_4$GPU.Scheduler.mshrs_23.
Optimizing module MSHR_4$GPU.Scheduler.mshrs_22.
Optimizing module MSHR_4$GPU.Scheduler.mshrs_21.
Optimizing module MSHR_4$GPU.Scheduler.mshrs_20.
Optimizing module MSHR_4$GPU.Scheduler.mshrs_19.
Optimizing module MSHR_4$GPU.Scheduler.mshrs_18.
Optimizing module MSHR_4$GPU.Scheduler.mshrs_17.
Optimizing module MSHR_4$GPU.Scheduler.mshrs_16.
Optimizing module MSHR_4$GPU.Scheduler.mshrs_15.
Optimizing module MSHR_4$GPU.Scheduler.mshrs_14.
Optimizing module MSHR_4$GPU.Scheduler.mshrs_13.
Optimizing module MSHR_4$GPU.Scheduler.mshrs_12.
Optimizing module MSHR_4$GPU.Scheduler.mshrs_11.
Optimizing module MSHR_4$GPU.Scheduler.mshrs_10.
Optimizing module MSHR_4$GPU.Scheduler.mshrs_9.
Optimizing module MSHR_4$GPU.Scheduler.mshrs_8.
Optimizing module MSHR_4$GPU.Scheduler.mshrs_7.
Optimizing module MSHR_4$GPU.Scheduler.mshrs_6.
Optimizing module MSHR_4$GPU.Scheduler.mshrs_5.
Optimizing module MSHR_4$GPU.Scheduler.mshrs_4.
Optimizing module MSHR_4$GPU.Scheduler.mshrs_3.
Optimizing module MSHR_4$GPU.Scheduler.mshrs_2.
Optimizing module MSHR_4$GPU.Scheduler.mshrs_1.
Optimizing module MSHR_4$GPU.Scheduler.mshrs_0.
Optimizing module ListBuffer_1$GPU.Scheduler.requests.
Optimizing module BankedStore$GPU.Scheduler.bankedStore.
Optimizing module Directory_test$GPU.Scheduler.directory.
<suppressed ~7 debug messages>
Optimizing module SinkD$GPU.Scheduler.sinkD.
Optimizing module SinkA$GPU.Scheduler.sinkA.
<suppressed ~2 debug messages>
Optimizing module SourceD$GPU.Scheduler.sourceD.
<suppressed ~4 debug messages>
Optimizing module SourceA$GPU.Scheduler.sourceA.
Optimizing module cta_scheduler_top$GPU.cta.cta_sche.
Optimizing module cluster2L2Arbiter$GPU.cluster2L2Arbiter.
Optimizing module l2Distribute$GPU.l2Distribute.
Optimizing module SM2clusterArbiter$GPU.SM2clusterArbiter.
Optimizing module Scheduler$GPU.Scheduler.
<suppressed ~5 debug messages>
Optimizing module CTAinterface$GPU.cta.
Optimizing module GPU.

2. Executing HIERARCHY pass (managing design hierarchy).

2.1. Analyzing design hierarchy..
Top module:  \GPU
Used module:     \cluster2L2Arbiter$GPU.cluster2L2Arbiter
Used module:         \Arbiter1_TLBundleA_lite$GPU.cluster2L2Arbiter.memReqArb
Used module:     \l2Distribute$GPU.l2Distribute
Used module:         \Arbiter1_TLBundleD_lite_plus$GPU.l2Distribute.memRspArb
Used module:     \SM2clusterArbiter$GPU.SM2clusterArbiter
Used module:         \Queue2_TLBundleA_lite$GPU.SM2clusterArbiter.memReqBuf
Used module:         \Arbiter2_TLBundleA_lite$GPU.SM2clusterArbiter.memReqArb
Used module:     \Scheduler$GPU.Scheduler
Used module:         \Queue1_DirectoryResult_lite_victim$GPU.Scheduler.dir_result_buffer
Used module:         \Queue8_FullRequest$GPU.Scheduler.write_buffer
Used module:         \MSHR_4$GPU.Scheduler.mshrs_31
Used module:         \MSHR_4$GPU.Scheduler.mshrs_30
Used module:         \MSHR_4$GPU.Scheduler.mshrs_29
Used module:         \MSHR_4$GPU.Scheduler.mshrs_28
Used module:         \MSHR_4$GPU.Scheduler.mshrs_27
Used module:         \MSHR_4$GPU.Scheduler.mshrs_26
Used module:         \MSHR_4$GPU.Scheduler.mshrs_25
Used module:         \MSHR_4$GPU.Scheduler.mshrs_24
Used module:         \MSHR_4$GPU.Scheduler.mshrs_23
Used module:         \MSHR_4$GPU.Scheduler.mshrs_22
Used module:         \MSHR_4$GPU.Scheduler.mshrs_21
Used module:         \MSHR_4$GPU.Scheduler.mshrs_20
Used module:         \MSHR_4$GPU.Scheduler.mshrs_19
Used module:         \MSHR_4$GPU.Scheduler.mshrs_18
Used module:         \MSHR_4$GPU.Scheduler.mshrs_17
Used module:         \MSHR_4$GPU.Scheduler.mshrs_16
Used module:         \MSHR_4$GPU.Scheduler.mshrs_15
Used module:         \MSHR_4$GPU.Scheduler.mshrs_14
Used module:         \MSHR_4$GPU.Scheduler.mshrs_13
Used module:         \MSHR_4$GPU.Scheduler.mshrs_12
Used module:         \MSHR_4$GPU.Scheduler.mshrs_11
Used module:         \MSHR_4$GPU.Scheduler.mshrs_10
Used module:         \MSHR_4$GPU.Scheduler.mshrs_9
Used module:         \MSHR_4$GPU.Scheduler.mshrs_8
Used module:         \MSHR_4$GPU.Scheduler.mshrs_7
Used module:         \MSHR_4$GPU.Scheduler.mshrs_6
Used module:         \MSHR_4$GPU.Scheduler.mshrs_5
Used module:         \MSHR_4$GPU.Scheduler.mshrs_4
Used module:         \MSHR_4$GPU.Scheduler.mshrs_3
Used module:         \MSHR_4$GPU.Scheduler.mshrs_2
Used module:         \MSHR_4$GPU.Scheduler.mshrs_1
Used module:         \MSHR_4$GPU.Scheduler.mshrs_0
Used module:         \ListBuffer_1$GPU.Scheduler.requests
Used module:         \BankedStore$GPU.Scheduler.bankedStore
Used module:             \SRAMTemplate_139$GPU.Scheduler.bankedStore.cc_banks
Used module:         \Directory_test$GPU.Scheduler.directory
Used module:             \SRAMTemplate_138$GPU.Scheduler.directory.cc_dir
Used module:         \SinkD$GPU.Scheduler.sinkD
Used module:         \SinkA$GPU.Scheduler.sinkA
Used module:             \ListBuffer$GPU.Scheduler.sinkA.putbuffer
Used module:         \SourceD$GPU.Scheduler.sourceD
Used module:         \SourceA$GPU.Scheduler.sourceA
Used module:     \CTAinterface$GPU.cta
Used module:         \cta_scheduler_top$GPU.cta.cta_sche
Used module:             \cu_interface$GPU.cta.cta_sche.cu_interface_inst
Used module:                 \RRArbiter$GPU.cta.cta_sche.cu_interface_inst.arb_inst
Used module:                 \Queue2_cta_data$GPU.cta.cta_sche.cu_interface_inst.fifo
Used module:             \resource_table_top$GPU.cta.cta_sche.resource_table_inst
Used module:                 \Queue1_5_Anon_2$GPU.cta.cta_sche.resource_table_inst.baseaddr_vgpr_reg_q
Used module:                 \Queue1_5_Anon_1$GPU.cta.cta_sche.resource_table_inst.baseaddr_sgpr_reg_q
Used module:                 \Queue1_5_Anon$GPU.cta.cta_sche.resource_table_inst.baseaddr_lds_reg_q
Used module:                 \Queue2_io_rt2dealloc$GPU.cta.cta_sche.resource_table_inst.slot_dealloc
Used module:                 \DecoupledIO_1_to_3_1$GPU.cta.cta_sche.resource_table_inst.dealloc_decoupledio
Used module:                 \DecoupledIO_1_to_3$GPU.cta.cta_sche.resource_table_inst.alloc_decoupledio
Used module:                 \resource_table_ram_4$GPU.cta.cta_sche.resource_table_inst.rtram_vgpr_1_0
Used module:                 \resource_table_ram_4$GPU.cta.cta_sche.resource_table_inst.rtram_vgpr_0_0
Used module:                 \resource_table_ram_2$GPU.cta.cta_sche.resource_table_inst.rtram_sgpr_1_0
Used module:                 \resource_table_ram_2$GPU.cta.cta_sche.resource_table_inst.rtram_sgpr_0_0
Used module:                 \resource_table_ram$GPU.cta.cta_sche.resource_table_inst.rtram_lds_1_0
Used module:                 \resource_table_ram$GPU.cta.cta_sche.resource_table_inst.rtram_lds_0_0
Used module:                 \resource_table_handler_4$GPU.cta.cta_sche.resource_table_inst.handler_vgpr_1
Used module:                     \sort3_4$GPU.cta.cta_sche.resource_table_inst.handler_vgpr_1.result_tmp_inst
Used module:                 \resource_table_handler_4$GPU.cta.cta_sche.resource_table_inst.handler_vgpr_0
Used module:                     \sort3_4$GPU.cta.cta_sche.resource_table_inst.handler_vgpr_0.result_tmp_inst
Used module:                 \resource_table_handler_2$GPU.cta.cta_sche.resource_table_inst.handler_sgpr_1
Used module:                     \sort3_2$GPU.cta.cta_sche.resource_table_inst.handler_sgpr_1.result_tmp_inst
Used module:                 \resource_table_handler_2$GPU.cta.cta_sche.resource_table_inst.handler_sgpr_0
Used module:                     \sort3_2$GPU.cta.cta_sche.resource_table_inst.handler_sgpr_0.result_tmp_inst
Used module:                 \resource_table_handler$GPU.cta.cta_sche.resource_table_inst.handler_lds_1
Used module:                     \sort3$GPU.cta.cta_sche.resource_table_inst.handler_lds_1.result_tmp_inst
Used module:                 \resource_table_handler$GPU.cta.cta_sche.resource_table_inst.handler_lds_0
Used module:                     \sort3$GPU.cta.cta_sche.resource_table_inst.handler_lds_0.result_tmp_inst
Used module:             \allocator$GPU.cta.cta_sche.allocator_inst
Used module:                 \Queue1_io_alloc2cuinterface$GPU.cta.cta_sche.allocator_inst.cuinterface_buf
Used module:                 \rtcache_writer_2$GPU.cta.cta_sche.allocator_inst.writer_vgpr
Used module:                 \rtcache_writer_1$GPU.cta.cta_sche.allocator_inst.writer_sgpr
Used module:                 \rtcache_writer$GPU.cta.cta_sche.allocator_inst.writer_lds
Used module:             \wg_buffer$GPU.cta.cta_sche.wg_buffer_inst
Used module:                 \RRPriorityEncoder$GPU.cta.cta_sche.wg_buffer_inst.wgram1_rd_next_inst
Used module:                 \RRPriorityEncoder$GPU.cta.cta_sche.wg_buffer_inst.wgram_wr_next_inst

2.2. Analyzing design hierarchy..
Top module:  \GPU
Used module:     \cluster2L2Arbiter$GPU.cluster2L2Arbiter
Used module:         \Arbiter1_TLBundleA_lite$GPU.cluster2L2Arbiter.memReqArb
Used module:     \l2Distribute$GPU.l2Distribute
Used module:         \Arbiter1_TLBundleD_lite_plus$GPU.l2Distribute.memRspArb
Used module:     \SM2clusterArbiter$GPU.SM2clusterArbiter
Used module:         \Queue2_TLBundleA_lite$GPU.SM2clusterArbiter.memReqBuf
Used module:         \Arbiter2_TLBundleA_lite$GPU.SM2clusterArbiter.memReqArb
Used module:     \Scheduler$GPU.Scheduler
Used module:         \Queue1_DirectoryResult_lite_victim$GPU.Scheduler.dir_result_buffer
Used module:         \Queue8_FullRequest$GPU.Scheduler.write_buffer
Used module:         \MSHR_4$GPU.Scheduler.mshrs_31
Used module:         \MSHR_4$GPU.Scheduler.mshrs_30
Used module:         \MSHR_4$GPU.Scheduler.mshrs_29
Used module:         \MSHR_4$GPU.Scheduler.mshrs_28
Used module:         \MSHR_4$GPU.Scheduler.mshrs_27
Used module:         \MSHR_4$GPU.Scheduler.mshrs_26
Used module:         \MSHR_4$GPU.Scheduler.mshrs_25
Used module:         \MSHR_4$GPU.Scheduler.mshrs_24
Used module:         \MSHR_4$GPU.Scheduler.mshrs_23
Used module:         \MSHR_4$GPU.Scheduler.mshrs_22
Used module:         \MSHR_4$GPU.Scheduler.mshrs_21
Used module:         \MSHR_4$GPU.Scheduler.mshrs_20
Used module:         \MSHR_4$GPU.Scheduler.mshrs_19
Used module:         \MSHR_4$GPU.Scheduler.mshrs_18
Used module:         \MSHR_4$GPU.Scheduler.mshrs_17
Used module:         \MSHR_4$GPU.Scheduler.mshrs_16
Used module:         \MSHR_4$GPU.Scheduler.mshrs_15
Used module:         \MSHR_4$GPU.Scheduler.mshrs_14
Used module:         \MSHR_4$GPU.Scheduler.mshrs_13
Used module:         \MSHR_4$GPU.Scheduler.mshrs_12
Used module:         \MSHR_4$GPU.Scheduler.mshrs_11
Used module:         \MSHR_4$GPU.Scheduler.mshrs_10
Used module:         \MSHR_4$GPU.Scheduler.mshrs_9
Used module:         \MSHR_4$GPU.Scheduler.mshrs_8
Used module:         \MSHR_4$GPU.Scheduler.mshrs_7
Used module:         \MSHR_4$GPU.Scheduler.mshrs_6
Used module:         \MSHR_4$GPU.Scheduler.mshrs_5
Used module:         \MSHR_4$GPU.Scheduler.mshrs_4
Used module:         \MSHR_4$GPU.Scheduler.mshrs_3
Used module:         \MSHR_4$GPU.Scheduler.mshrs_2
Used module:         \MSHR_4$GPU.Scheduler.mshrs_1
Used module:         \MSHR_4$GPU.Scheduler.mshrs_0
Used module:         \ListBuffer_1$GPU.Scheduler.requests
Used module:         \BankedStore$GPU.Scheduler.bankedStore
Used module:             \SRAMTemplate_139$GPU.Scheduler.bankedStore.cc_banks
Used module:         \Directory_test$GPU.Scheduler.directory
Used module:             \SRAMTemplate_138$GPU.Scheduler.directory.cc_dir
Used module:         \SinkD$GPU.Scheduler.sinkD
Used module:         \SinkA$GPU.Scheduler.sinkA
Used module:             \ListBuffer$GPU.Scheduler.sinkA.putbuffer
Used module:         \SourceD$GPU.Scheduler.sourceD
Used module:         \SourceA$GPU.Scheduler.sourceA
Used module:     \CTAinterface$GPU.cta
Used module:         \cta_scheduler_top$GPU.cta.cta_sche
Used module:             \cu_interface$GPU.cta.cta_sche.cu_interface_inst
Used module:                 \RRArbiter$GPU.cta.cta_sche.cu_interface_inst.arb_inst
Used module:                 \Queue2_cta_data$GPU.cta.cta_sche.cu_interface_inst.fifo
Used module:             \resource_table_top$GPU.cta.cta_sche.resource_table_inst
Used module:                 \Queue1_5_Anon_2$GPU.cta.cta_sche.resource_table_inst.baseaddr_vgpr_reg_q
Used module:                 \Queue1_5_Anon_1$GPU.cta.cta_sche.resource_table_inst.baseaddr_sgpr_reg_q
Used module:                 \Queue1_5_Anon$GPU.cta.cta_sche.resource_table_inst.baseaddr_lds_reg_q
Used module:                 \Queue2_io_rt2dealloc$GPU.cta.cta_sche.resource_table_inst.slot_dealloc
Used module:                 \DecoupledIO_1_to_3_1$GPU.cta.cta_sche.resource_table_inst.dealloc_decoupledio
Used module:                 \DecoupledIO_1_to_3$GPU.cta.cta_sche.resource_table_inst.alloc_decoupledio
Used module:                 \resource_table_ram_4$GPU.cta.cta_sche.resource_table_inst.rtram_vgpr_1_0
Used module:                 \resource_table_ram_4$GPU.cta.cta_sche.resource_table_inst.rtram_vgpr_0_0
Used module:                 \resource_table_ram_2$GPU.cta.cta_sche.resource_table_inst.rtram_sgpr_1_0
Used module:                 \resource_table_ram_2$GPU.cta.cta_sche.resource_table_inst.rtram_sgpr_0_0
Used module:                 \resource_table_ram$GPU.cta.cta_sche.resource_table_inst.rtram_lds_1_0
Used module:                 \resource_table_ram$GPU.cta.cta_sche.resource_table_inst.rtram_lds_0_0
Used module:                 \resource_table_handler_4$GPU.cta.cta_sche.resource_table_inst.handler_vgpr_1
Used module:                     \sort3_4$GPU.cta.cta_sche.resource_table_inst.handler_vgpr_1.result_tmp_inst
Used module:                 \resource_table_handler_4$GPU.cta.cta_sche.resource_table_inst.handler_vgpr_0
Used module:                     \sort3_4$GPU.cta.cta_sche.resource_table_inst.handler_vgpr_0.result_tmp_inst
Used module:                 \resource_table_handler_2$GPU.cta.cta_sche.resource_table_inst.handler_sgpr_1
Used module:                     \sort3_2$GPU.cta.cta_sche.resource_table_inst.handler_sgpr_1.result_tmp_inst
Used module:                 \resource_table_handler_2$GPU.cta.cta_sche.resource_table_inst.handler_sgpr_0
Used module:                     \sort3_2$GPU.cta.cta_sche.resource_table_inst.handler_sgpr_0.result_tmp_inst
Used module:                 \resource_table_handler$GPU.cta.cta_sche.resource_table_inst.handler_lds_1
Used module:                     \sort3$GPU.cta.cta_sche.resource_table_inst.handler_lds_1.result_tmp_inst
Used module:                 \resource_table_handler$GPU.cta.cta_sche.resource_table_inst.handler_lds_0
Used module:                     \sort3$GPU.cta.cta_sche.resource_table_inst.handler_lds_0.result_tmp_inst
Used module:             \allocator$GPU.cta.cta_sche.allocator_inst
Used module:                 \Queue1_io_alloc2cuinterface$GPU.cta.cta_sche.allocator_inst.cuinterface_buf
Used module:                 \rtcache_writer_2$GPU.cta.cta_sche.allocator_inst.writer_vgpr
Used module:                 \rtcache_writer_1$GPU.cta.cta_sche.allocator_inst.writer_sgpr
Used module:                 \rtcache_writer$GPU.cta.cta_sche.allocator_inst.writer_lds
Used module:             \wg_buffer$GPU.cta.cta_sche.wg_buffer_inst
Used module:                 \RRPriorityEncoder$GPU.cta.cta_sche.wg_buffer_inst.wgram1_rd_next_inst
Used module:                 \RRPriorityEncoder$GPU.cta.cta_sche.wg_buffer_inst.wgram_wr_next_inst
Removed 0 unused modules.

3. Executing PROC pass (convert processes to netlists).

3.1. Executing PROC_CLEAN pass (remove empty switches from decision trees).
Cleaned up 0 empty switches.

3.2. Executing PROC_RMDEAD pass (remove dead branches from decision trees).
Removed a total of 0 dead cases.

3.3. Executing PROC_PRUNE pass (remove redundant assignments in processes).
Removed 0 redundant assignments.
Promoted 0 assignments to connections.

3.4. Executing PROC_INIT pass (extract init attributes).

3.5. Executing PROC_ARST pass (detect async resets in processes).

3.6. Executing PROC_ROM pass (convert switches to ROMs).
Converted 0 switches.

3.7. Executing PROC_MUX pass (convert decision trees to multiplexers).

3.8. Executing PROC_DLATCH pass (convert process syncs to latches).

3.9. Executing PROC_DFF pass (convert process syncs to FFs).

3.10. Executing PROC_MEMWR pass (convert process memory writes to cells).

3.11. Executing PROC_CLEAN pass (remove empty switches from decision trees).
Cleaned up 0 empty switches.

3.12. Executing OPT_EXPR pass (perform const folding).
Optimizing module sort3_4$GPU.cta.cta_sche.resource_table_inst.handler_vgpr_1.result_tmp_inst.
Optimizing module sort3_4$GPU.cta.cta_sche.resource_table_inst.handler_vgpr_0.result_tmp_inst.
Optimizing module sort3_2$GPU.cta.cta_sche.resource_table_inst.handler_sgpr_1.result_tmp_inst.
Optimizing module sort3_2$GPU.cta.cta_sche.resource_table_inst.handler_sgpr_0.result_tmp_inst.
Optimizing module sort3$GPU.cta.cta_sche.resource_table_inst.handler_lds_1.result_tmp_inst.
Optimizing module sort3$GPU.cta.cta_sche.resource_table_inst.handler_lds_0.result_tmp_inst.
Optimizing module RRArbiter$GPU.cta.cta_sche.cu_interface_inst.arb_inst.
Optimizing module Queue2_cta_data$GPU.cta.cta_sche.cu_interface_inst.fifo.
Optimizing module Queue1_5_Anon_2$GPU.cta.cta_sche.resource_table_inst.baseaddr_vgpr_reg_q.
Optimizing module Queue1_5_Anon_1$GPU.cta.cta_sche.resource_table_inst.baseaddr_sgpr_reg_q.
Optimizing module Queue1_5_Anon$GPU.cta.cta_sche.resource_table_inst.baseaddr_lds_reg_q.
Optimizing module Queue2_io_rt2dealloc$GPU.cta.cta_sche.resource_table_inst.slot_dealloc.
Optimizing module DecoupledIO_1_to_3_1$GPU.cta.cta_sche.resource_table_inst.dealloc_decoupledio.
Optimizing module DecoupledIO_1_to_3$GPU.cta.cta_sche.resource_table_inst.alloc_decoupledio.
Optimizing module resource_table_ram_4$GPU.cta.cta_sche.resource_table_inst.rtram_vgpr_1_0.
Optimizing module resource_table_ram_4$GPU.cta.cta_sche.resource_table_inst.rtram_vgpr_0_0.
Optimizing module resource_table_ram_2$GPU.cta.cta_sche.resource_table_inst.rtram_sgpr_1_0.
Optimizing module resource_table_ram_2$GPU.cta.cta_sche.resource_table_inst.rtram_sgpr_0_0.
Optimizing module resource_table_ram$GPU.cta.cta_sche.resource_table_inst.rtram_lds_1_0.
Optimizing module resource_table_ram$GPU.cta.cta_sche.resource_table_inst.rtram_lds_0_0.
Optimizing module resource_table_handler_4$GPU.cta.cta_sche.resource_table_inst.handler_vgpr_1.
Optimizing module resource_table_handler_4$GPU.cta.cta_sche.resource_table_inst.handler_vgpr_0.
Optimizing module resource_table_handler_2$GPU.cta.cta_sche.resource_table_inst.handler_sgpr_1.
Optimizing module resource_table_handler_2$GPU.cta.cta_sche.resource_table_inst.handler_sgpr_0.
Optimizing module resource_table_handler$GPU.cta.cta_sche.resource_table_inst.handler_lds_1.
Optimizing module resource_table_handler$GPU.cta.cta_sche.resource_table_inst.handler_lds_0.
Optimizing module Queue1_io_alloc2cuinterface$GPU.cta.cta_sche.allocator_inst.cuinterface_buf.
Optimizing module rtcache_writer_2$GPU.cta.cta_sche.allocator_inst.writer_vgpr.
Optimizing module rtcache_writer_1$GPU.cta.cta_sche.allocator_inst.writer_sgpr.
Optimizing module rtcache_writer$GPU.cta.cta_sche.allocator_inst.writer_lds.
Optimizing module RRPriorityEncoder$GPU.cta.cta_sche.wg_buffer_inst.wgram1_rd_next_inst.
Optimizing module RRPriorityEncoder$GPU.cta.cta_sche.wg_buffer_inst.wgram_wr_next_inst.
Optimizing module SRAMTemplate_139$GPU.Scheduler.bankedStore.cc_banks.
Optimizing module SRAMTemplate_138$GPU.Scheduler.directory.cc_dir.
Optimizing module ListBuffer$GPU.Scheduler.sinkA.putbuffer.
Optimizing module cu_interface$GPU.cta.cta_sche.cu_interface_inst.
Optimizing module resource_table_top$GPU.cta.cta_sche.resource_table_inst.
Optimizing module allocator$GPU.cta.cta_sche.allocator_inst.
Optimizing module wg_buffer$GPU.cta.cta_sche.wg_buffer_inst.
Optimizing module Arbiter1_TLBundleA_lite$GPU.cluster2L2Arbiter.memReqArb.
Optimizing module Arbiter1_TLBundleD_lite_plus$GPU.l2Distribute.memRspArb.
Optimizing module Queue2_TLBundleA_lite$GPU.SM2clusterArbiter.memReqBuf.
Optimizing module Arbiter2_TLBundleA_lite$GPU.SM2clusterArbiter.memReqArb.
Optimizing module Queue1_DirectoryResult_lite_victim$GPU.Scheduler.dir_result_buffer.
Optimizing module Queue8_FullRequest$GPU.Scheduler.write_buffer.
Optimizing module MSHR_4$GPU.Scheduler.mshrs_31.
Optimizing module MSHR_4$GPU.Scheduler.mshrs_30.
Optimizing module MSHR_4$GPU.Scheduler.mshrs_29.
Optimizing module MSHR_4$GPU.Scheduler.mshrs_28.
Optimizing module MSHR_4$GPU.Scheduler.mshrs_27.
Optimizing module MSHR_4$GPU.Scheduler.mshrs_26.
Optimizing module MSHR_4$GPU.Scheduler.mshrs_25.
Optimizing module MSHR_4$GPU.Scheduler.mshrs_24.
Optimizing module MSHR_4$GPU.Scheduler.mshrs_23.
Optimizing module MSHR_4$GPU.Scheduler.mshrs_22.
Optimizing module MSHR_4$GPU.Scheduler.mshrs_21.
Optimizing module MSHR_4$GPU.Scheduler.mshrs_20.
Optimizing module MSHR_4$GPU.Scheduler.mshrs_19.
Optimizing module MSHR_4$GPU.Scheduler.mshrs_18.
Optimizing module MSHR_4$GPU.Scheduler.mshrs_17.
Optimizing module MSHR_4$GPU.Scheduler.mshrs_16.
Optimizing module MSHR_4$GPU.Scheduler.mshrs_15.
Optimizing module MSHR_4$GPU.Scheduler.mshrs_14.
Optimizing module MSHR_4$GPU.Scheduler.mshrs_13.
Optimizing module MSHR_4$GPU.Scheduler.mshrs_12.
Optimizing module MSHR_4$GPU.Scheduler.mshrs_11.
Optimizing module MSHR_4$GPU.Scheduler.mshrs_10.
Optimizing module MSHR_4$GPU.Scheduler.mshrs_9.
Optimizing module MSHR_4$GPU.Scheduler.mshrs_8.
Optimizing module MSHR_4$GPU.Scheduler.mshrs_7.
Optimizing module MSHR_4$GPU.Scheduler.mshrs_6.
Optimizing module MSHR_4$GPU.Scheduler.mshrs_5.
Optimizing module MSHR_4$GPU.Scheduler.mshrs_4.
Optimizing module MSHR_4$GPU.Scheduler.mshrs_3.
Optimizing module MSHR_4$GPU.Scheduler.mshrs_2.
Optimizing module MSHR_4$GPU.Scheduler.mshrs_1.
Optimizing module MSHR_4$GPU.Scheduler.mshrs_0.
Optimizing module ListBuffer_1$GPU.Scheduler.requests.
Optimizing module BankedStore$GPU.Scheduler.bankedStore.
Optimizing module Directory_test$GPU.Scheduler.directory.
Optimizing module SinkD$GPU.Scheduler.sinkD.
Optimizing module SinkA$GPU.Scheduler.sinkA.
Optimizing module SourceD$GPU.Scheduler.sourceD.
Optimizing module SourceA$GPU.Scheduler.sourceA.
Optimizing module cta_scheduler_top$GPU.cta.cta_sche.
Optimizing module cluster2L2Arbiter$GPU.cluster2L2Arbiter.
Optimizing module l2Distribute$GPU.l2Distribute.
Optimizing module SM2clusterArbiter$GPU.SM2clusterArbiter.
Optimizing module Scheduler$GPU.Scheduler.
Optimizing module CTAinterface$GPU.cta.
Optimizing module GPU.

4. Executing OPT_EXPR pass (perform const folding).
Optimizing module sort3_4$GPU.cta.cta_sche.resource_table_inst.handler_vgpr_1.result_tmp_inst.
Optimizing module sort3_4$GPU.cta.cta_sche.resource_table_inst.handler_vgpr_0.result_tmp_inst.
Optimizing module sort3_2$GPU.cta.cta_sche.resource_table_inst.handler_sgpr_1.result_tmp_inst.
Optimizing module sort3_2$GPU.cta.cta_sche.resource_table_inst.handler_sgpr_0.result_tmp_inst.
Optimizing module sort3$GPU.cta.cta_sche.resource_table_inst.handler_lds_1.result_tmp_inst.
Optimizing module sort3$GPU.cta.cta_sche.resource_table_inst.handler_lds_0.result_tmp_inst.
Optimizing module RRArbiter$GPU.cta.cta_sche.cu_interface_inst.arb_inst.
Optimizing module Queue2_cta_data$GPU.cta.cta_sche.cu_interface_inst.fifo.
Optimizing module Queue1_5_Anon_2$GPU.cta.cta_sche.resource_table_inst.baseaddr_vgpr_reg_q.
Optimizing module Queue1_5_Anon_1$GPU.cta.cta_sche.resource_table_inst.baseaddr_sgpr_reg_q.
Optimizing module Queue1_5_Anon$GPU.cta.cta_sche.resource_table_inst.baseaddr_lds_reg_q.
Optimizing module Queue2_io_rt2dealloc$GPU.cta.cta_sche.resource_table_inst.slot_dealloc.
Optimizing module DecoupledIO_1_to_3_1$GPU.cta.cta_sche.resource_table_inst.dealloc_decoupledio.
Optimizing module DecoupledIO_1_to_3$GPU.cta.cta_sche.resource_table_inst.alloc_decoupledio.
Optimizing module resource_table_ram_4$GPU.cta.cta_sche.resource_table_inst.rtram_vgpr_1_0.
Optimizing module resource_table_ram_4$GPU.cta.cta_sche.resource_table_inst.rtram_vgpr_0_0.
Optimizing module resource_table_ram_2$GPU.cta.cta_sche.resource_table_inst.rtram_sgpr_1_0.
Optimizing module resource_table_ram_2$GPU.cta.cta_sche.resource_table_inst.rtram_sgpr_0_0.
Optimizing module resource_table_ram$GPU.cta.cta_sche.resource_table_inst.rtram_lds_1_0.
Optimizing module resource_table_ram$GPU.cta.cta_sche.resource_table_inst.rtram_lds_0_0.
Optimizing module resource_table_handler_4$GPU.cta.cta_sche.resource_table_inst.handler_vgpr_1.
Optimizing module resource_table_handler_4$GPU.cta.cta_sche.resource_table_inst.handler_vgpr_0.
Optimizing module resource_table_handler_2$GPU.cta.cta_sche.resource_table_inst.handler_sgpr_1.
Optimizing module resource_table_handler_2$GPU.cta.cta_sche.resource_table_inst.handler_sgpr_0.
Optimizing module resource_table_handler$GPU.cta.cta_sche.resource_table_inst.handler_lds_1.
Optimizing module resource_table_handler$GPU.cta.cta_sche.resource_table_inst.handler_lds_0.
Optimizing module Queue1_io_alloc2cuinterface$GPU.cta.cta_sche.allocator_inst.cuinterface_buf.
Optimizing module rtcache_writer_2$GPU.cta.cta_sche.allocator_inst.writer_vgpr.
Optimizing module rtcache_writer_1$GPU.cta.cta_sche.allocator_inst.writer_sgpr.
Optimizing module rtcache_writer$GPU.cta.cta_sche.allocator_inst.writer_lds.
Optimizing module RRPriorityEncoder$GPU.cta.cta_sche.wg_buffer_inst.wgram1_rd_next_inst.
Optimizing module RRPriorityEncoder$GPU.cta.cta_sche.wg_buffer_inst.wgram_wr_next_inst.
Optimizing module SRAMTemplate_139$GPU.Scheduler.bankedStore.cc_banks.
Optimizing module SRAMTemplate_138$GPU.Scheduler.directory.cc_dir.
Optimizing module ListBuffer$GPU.Scheduler.sinkA.putbuffer.
Optimizing module cu_interface$GPU.cta.cta_sche.cu_interface_inst.
Optimizing module resource_table_top$GPU.cta.cta_sche.resource_table_inst.
Optimizing module allocator$GPU.cta.cta_sche.allocator_inst.
Optimizing module wg_buffer$GPU.cta.cta_sche.wg_buffer_inst.
Optimizing module Arbiter1_TLBundleA_lite$GPU.cluster2L2Arbiter.memReqArb.
Optimizing module Arbiter1_TLBundleD_lite_plus$GPU.l2Distribute.memRspArb.
Optimizing module Queue2_TLBundleA_lite$GPU.SM2clusterArbiter.memReqBuf.
Optimizing module Arbiter2_TLBundleA_lite$GPU.SM2clusterArbiter.memReqArb.
Optimizing module Queue1_DirectoryResult_lite_victim$GPU.Scheduler.dir_result_buffer.
Optimizing module Queue8_FullRequest$GPU.Scheduler.write_buffer.
Optimizing module MSHR_4$GPU.Scheduler.mshrs_31.
Optimizing module MSHR_4$GPU.Scheduler.mshrs_30.
Optimizing module MSHR_4$GPU.Scheduler.mshrs_29.
Optimizing module MSHR_4$GPU.Scheduler.mshrs_28.
Optimizing module MSHR_4$GPU.Scheduler.mshrs_27.
Optimizing module MSHR_4$GPU.Scheduler.mshrs_26.
Optimizing module MSHR_4$GPU.Scheduler.mshrs_25.
Optimizing module MSHR_4$GPU.Scheduler.mshrs_24.
Optimizing module MSHR_4$GPU.Scheduler.mshrs_23.
Optimizing module MSHR_4$GPU.Scheduler.mshrs_22.
Optimizing module MSHR_4$GPU.Scheduler.mshrs_21.
Optimizing module MSHR_4$GPU.Scheduler.mshrs_20.
Optimizing module MSHR_4$GPU.Scheduler.mshrs_19.
Optimizing module MSHR_4$GPU.Scheduler.mshrs_18.
Optimizing module MSHR_4$GPU.Scheduler.mshrs_17.
Optimizing module MSHR_4$GPU.Scheduler.mshrs_16.
Optimizing module MSHR_4$GPU.Scheduler.mshrs_15.
Optimizing module MSHR_4$GPU.Scheduler.mshrs_14.
Optimizing module MSHR_4$GPU.Scheduler.mshrs_13.
Optimizing module MSHR_4$GPU.Scheduler.mshrs_12.
Optimizing module MSHR_4$GPU.Scheduler.mshrs_11.
Optimizing module MSHR_4$GPU.Scheduler.mshrs_10.
Optimizing module MSHR_4$GPU.Scheduler.mshrs_9.
Optimizing module MSHR_4$GPU.Scheduler.mshrs_8.
Optimizing module MSHR_4$GPU.Scheduler.mshrs_7.
Optimizing module MSHR_4$GPU.Scheduler.mshrs_6.
Optimizing module MSHR_4$GPU.Scheduler.mshrs_5.
Optimizing module MSHR_4$GPU.Scheduler.mshrs_4.
Optimizing module MSHR_4$GPU.Scheduler.mshrs_3.
Optimizing module MSHR_4$GPU.Scheduler.mshrs_2.
Optimizing module MSHR_4$GPU.Scheduler.mshrs_1.
Optimizing module MSHR_4$GPU.Scheduler.mshrs_0.
Optimizing module ListBuffer_1$GPU.Scheduler.requests.
Optimizing module BankedStore$GPU.Scheduler.bankedStore.
Optimizing module Directory_test$GPU.Scheduler.directory.
<suppressed ~4 debug messages>
Optimizing module SinkD$GPU.Scheduler.sinkD.
Optimizing module SinkA$GPU.Scheduler.sinkA.
Optimizing module SourceD$GPU.Scheduler.sourceD.
Optimizing module SourceA$GPU.Scheduler.sourceA.
Optimizing module cta_scheduler_top$GPU.cta.cta_sche.
Optimizing module cluster2L2Arbiter$GPU.cluster2L2Arbiter.
Optimizing module l2Distribute$GPU.l2Distribute.
Optimizing module SM2clusterArbiter$GPU.SM2clusterArbiter.
Optimizing module Scheduler$GPU.Scheduler.
Optimizing module CTAinterface$GPU.cta.
Optimizing module GPU.

5. Executing OPT_CLEAN pass (remove unused cells and wires).
Finding unused cells or wires in module \sort3_4$GPU.cta.cta_sche.resource_table_inst.handler_vgpr_1.result_tmp_inst..
Finding unused cells or wires in module \sort3_4$GPU.cta.cta_sche.resource_table_inst.handler_vgpr_0.result_tmp_inst..
Finding unused cells or wires in module \sort3_2$GPU.cta.cta_sche.resource_table_inst.handler_sgpr_1.result_tmp_inst..
Finding unused cells or wires in module \sort3_2$GPU.cta.cta_sche.resource_table_inst.handler_sgpr_0.result_tmp_inst..
Finding unused cells or wires in module \sort3$GPU.cta.cta_sche.resource_table_inst.handler_lds_1.result_tmp_inst..
Finding unused cells or wires in module \sort3$GPU.cta.cta_sche.resource_table_inst.handler_lds_0.result_tmp_inst..
Finding unused cells or wires in module \RRArbiter$GPU.cta.cta_sche.cu_interface_inst.arb_inst..
Finding unused cells or wires in module \Queue2_cta_data$GPU.cta.cta_sche.cu_interface_inst.fifo..
Finding unused cells or wires in module \Queue1_5_Anon_2$GPU.cta.cta_sche.resource_table_inst.baseaddr_vgpr_reg_q..
Finding unused cells or wires in module \Queue1_5_Anon_1$GPU.cta.cta_sche.resource_table_inst.baseaddr_sgpr_reg_q..
Finding unused cells or wires in module \Queue1_5_Anon$GPU.cta.cta_sche.resource_table_inst.baseaddr_lds_reg_q..
Finding unused cells or wires in module \Queue2_io_rt2dealloc$GPU.cta.cta_sche.resource_table_inst.slot_dealloc..
Finding unused cells or wires in module \DecoupledIO_1_to_3_1$GPU.cta.cta_sche.resource_table_inst.dealloc_decoupledio..
Finding unused cells or wires in module \DecoupledIO_1_to_3$GPU.cta.cta_sche.resource_table_inst.alloc_decoupledio..
Finding unused cells or wires in module \resource_table_ram_4$GPU.cta.cta_sche.resource_table_inst.rtram_vgpr_1_0..
Finding unused cells or wires in module \resource_table_ram_4$GPU.cta.cta_sche.resource_table_inst.rtram_vgpr_0_0..
Finding unused cells or wires in module \resource_table_ram_2$GPU.cta.cta_sche.resource_table_inst.rtram_sgpr_1_0..
Finding unused cells or wires in module \resource_table_ram_2$GPU.cta.cta_sche.resource_table_inst.rtram_sgpr_0_0..
Finding unused cells or wires in module \resource_table_ram$GPU.cta.cta_sche.resource_table_inst.rtram_lds_1_0..
Finding unused cells or wires in module \resource_table_ram$GPU.cta.cta_sche.resource_table_inst.rtram_lds_0_0..
Finding unused cells or wires in module \resource_table_handler_4$GPU.cta.cta_sche.resource_table_inst.handler_vgpr_1..
Finding unused cells or wires in module \resource_table_handler_4$GPU.cta.cta_sche.resource_table_inst.handler_vgpr_0..
Finding unused cells or wires in module \resource_table_handler_2$GPU.cta.cta_sche.resource_table_inst.handler_sgpr_1..
Finding unused cells or wires in module \resource_table_handler_2$GPU.cta.cta_sche.resource_table_inst.handler_sgpr_0..
Finding unused cells or wires in module \resource_table_handler$GPU.cta.cta_sche.resource_table_inst.handler_lds_1..
Finding unused cells or wires in module \resource_table_handler$GPU.cta.cta_sche.resource_table_inst.handler_lds_0..
Finding unused cells or wires in module \Queue1_io_alloc2cuinterface$GPU.cta.cta_sche.allocator_inst.cuinterface_buf..
Finding unused cells or wires in module \rtcache_writer_2$GPU.cta.cta_sche.allocator_inst.writer_vgpr..
Finding unused cells or wires in module \rtcache_writer_1$GPU.cta.cta_sche.allocator_inst.writer_sgpr..
Finding unused cells or wires in module \rtcache_writer$GPU.cta.cta_sche.allocator_inst.writer_lds..
Finding unused cells or wires in module \RRPriorityEncoder$GPU.cta.cta_sche.wg_buffer_inst.wgram1_rd_next_inst..
Finding unused cells or wires in module \RRPriorityEncoder$GPU.cta.cta_sche.wg_buffer_inst.wgram_wr_next_inst..
Finding unused cells or wires in module \SRAMTemplate_139$GPU.Scheduler.bankedStore.cc_banks..
Finding unused cells or wires in module \SRAMTemplate_138$GPU.Scheduler.directory.cc_dir..
Finding unused cells or wires in module \ListBuffer$GPU.Scheduler.sinkA.putbuffer..
Finding unused cells or wires in module \cu_interface$GPU.cta.cta_sche.cu_interface_inst..
Finding unused cells or wires in module \resource_table_top$GPU.cta.cta_sche.resource_table_inst..
Finding unused cells or wires in module \allocator$GPU.cta.cta_sche.allocator_inst..
Finding unused cells or wires in module \wg_buffer$GPU.cta.cta_sche.wg_buffer_inst..
Finding unused cells or wires in module \Arbiter1_TLBundleA_lite$GPU.cluster2L2Arbiter.memReqArb..
Finding unused cells or wires in module \Arbiter1_TLBundleD_lite_plus$GPU.l2Distribute.memRspArb..
Finding unused cells or wires in module \Queue2_TLBundleA_lite$GPU.SM2clusterArbiter.memReqBuf..
Finding unused cells or wires in module \Arbiter2_TLBundleA_lite$GPU.SM2clusterArbiter.memReqArb..
Finding unused cells or wires in module \Queue1_DirectoryResult_lite_victim$GPU.Scheduler.dir_result_buffer..
Finding unused cells or wires in module \Queue8_FullRequest$GPU.Scheduler.write_buffer..
Finding unused cells or wires in module \MSHR_4$GPU.Scheduler.mshrs_31..
Finding unused cells or wires in module \MSHR_4$GPU.Scheduler.mshrs_30..
Finding unused cells or wires in module \MSHR_4$GPU.Scheduler.mshrs_29..
Finding unused cells or wires in module \MSHR_4$GPU.Scheduler.mshrs_28..
Finding unused cells or wires in module \MSHR_4$GPU.Scheduler.mshrs_27..
Finding unused cells or wires in module \MSHR_4$GPU.Scheduler.mshrs_26..
Finding unused cells or wires in module \MSHR_4$GPU.Scheduler.mshrs_25..
Finding unused cells or wires in module \MSHR_4$GPU.Scheduler.mshrs_24..
Finding unused cells or wires in module \MSHR_4$GPU.Scheduler.mshrs_23..
Finding unused cells or wires in module \MSHR_4$GPU.Scheduler.mshrs_22..
Finding unused cells or wires in module \MSHR_4$GPU.Scheduler.mshrs_21..
Finding unused cells or wires in module \MSHR_4$GPU.Scheduler.mshrs_20..
Finding unused cells or wires in module \MSHR_4$GPU.Scheduler.mshrs_19..
Finding unused cells or wires in module \MSHR_4$GPU.Scheduler.mshrs_18..
Finding unused cells or wires in module \MSHR_4$GPU.Scheduler.mshrs_17..
Finding unused cells or wires in module \MSHR_4$GPU.Scheduler.mshrs_16..
Finding unused cells or wires in module \MSHR_4$GPU.Scheduler.mshrs_15..
Finding unused cells or wires in module \MSHR_4$GPU.Scheduler.mshrs_14..
Finding unused cells or wires in module \MSHR_4$GPU.Scheduler.mshrs_13..
Finding unused cells or wires in module \MSHR_4$GPU.Scheduler.mshrs_12..
Finding unused cells or wires in module \MSHR_4$GPU.Scheduler.mshrs_11..
Finding unused cells or wires in module \MSHR_4$GPU.Scheduler.mshrs_10..
Finding unused cells or wires in module \MSHR_4$GPU.Scheduler.mshrs_9..
Finding unused cells or wires in module \MSHR_4$GPU.Scheduler.mshrs_8..
Finding unused cells or wires in module \MSHR_4$GPU.Scheduler.mshrs_7..
Finding unused cells or wires in module \MSHR_4$GPU.Scheduler.mshrs_6..
Finding unused cells or wires in module \MSHR_4$GPU.Scheduler.mshrs_5..
Finding unused cells or wires in module \MSHR_4$GPU.Scheduler.mshrs_4..
Finding unused cells or wires in module \MSHR_4$GPU.Scheduler.mshrs_3..
Finding unused cells or wires in module \MSHR_4$GPU.Scheduler.mshrs_2..
Finding unused cells or wires in module \MSHR_4$GPU.Scheduler.mshrs_1..
Finding unused cells or wires in module \MSHR_4$GPU.Scheduler.mshrs_0..
Finding unused cells or wires in module \ListBuffer_1$GPU.Scheduler.requests..
Finding unused cells or wires in module \BankedStore$GPU.Scheduler.bankedStore..
Finding unused cells or wires in module \Directory_test$GPU.Scheduler.directory..
Finding unused cells or wires in module \SinkD$GPU.Scheduler.sinkD..
Finding unused cells or wires in module \SinkA$GPU.Scheduler.sinkA..
Finding unused cells or wires in module \SourceD$GPU.Scheduler.sourceD..
Finding unused cells or wires in module \SourceA$GPU.Scheduler.sourceA..
Finding unused cells or wires in module \cta_scheduler_top$GPU.cta.cta_sche..
Finding unused cells or wires in module \cluster2L2Arbiter$GPU.cluster2L2Arbiter..
Finding unused cells or wires in module \l2Distribute$GPU.l2Distribute..
Finding unused cells or wires in module \SM2clusterArbiter$GPU.SM2clusterArbiter..
Finding unused cells or wires in module \Scheduler$GPU.Scheduler..
Finding unused cells or wires in module \CTAinterface$GPU.cta..
Finding unused cells or wires in module \GPU..
Removed 393 unused cells and 7205 unused wires.
<suppressed ~3354 debug messages>

6. Executing TECHMAP pass (map to technology primitives).

6.1. Executing Verilog-2005 frontend: ${REMOTE_HOME}/oss-cad-suite/lib/../share/yosys/techmap.v
Parsing Verilog input from `${REMOTE_HOME}/oss-cad-suite/lib/../share/yosys/techmap.v' to AST representation.
Generating RTLIL representation for module `\_90_simplemap_bool_ops'.
Generating RTLIL representation for module `\_90_simplemap_reduce_ops'.
Generating RTLIL representation for module `\_90_simplemap_logic_ops'.
Generating RTLIL representation for module `\_90_simplemap_compare_ops'.
Generating RTLIL representation for module `\_90_simplemap_various'.
Generating RTLIL representation for module `\_90_simplemap_registers'.
Generating RTLIL representation for module `\_90_shift_ops_shr_shl_sshl_sshr'.
Generating RTLIL representation for module `\_90_shift_shiftx'.
Generating RTLIL representation for module `\_90_fa'.
Generating RTLIL representation for module `\_90_lcu_brent_kung'.
Generating RTLIL representation for module `\_90_alu'.
Generating RTLIL representation for module `\_90_macc'.
Generating RTLIL representation for module `\_90_alumacc'.
Generating RTLIL representation for module `$__div_mod_u'.
Generating RTLIL representation for module `$__div_mod_trunc'.
Generating RTLIL representation for module `\_90_div'.
Generating RTLIL representation for module `\_90_mod'.
Generating RTLIL representation for module `$__div_mod_floor'.
Generating RTLIL representation for module `\_90_divfloor'.
Generating RTLIL representation for module `\_90_modfloor'.
Generating RTLIL representation for module `\_90_pow'.
Generating RTLIL representation for module `\_90_demux'.
Generating RTLIL representation for module `\_90_lut'.
Generating RTLIL representation for module `$connect'.
Generating RTLIL representation for module `$input_port'.
Successfully finished Verilog frontend.

6.2. Continuing TECHMAP pass.
Using extmapper simplemap for cells of type $and.
Using extmapper simplemap for cells of type $eq.
Using extmapper simplemap for cells of type $or.
Using extmapper simplemap for cells of type $not.
Using extmapper simplemap for cells of type $reduce_or.
Using extmapper simplemap for cells of type $mux.
Using extmapper simplemap for cells of type $logic_not.
Using extmapper simplemap for cells of type $ne.
Using template $paramod$constmap:dbc2ba79ec75f898536d93bb2dabe47f3682275f$paramod$56955d0f36f77738c952d3505dc563df3ee11b94\_90_shift_ops_shr_shl_sshl_sshr for cells of type $shr.
Using extmapper simplemap for cells of type $dff.
Using extmapper simplemap for cells of type $reduce_and.
Using template $paramod$constmap:fba8058c37667b7b56845b10cf0534c8539d9917$paramod$ef9e48a36f5fda0d89dccc2f7416db6495ad9d2a\_90_shift_ops_shr_shl_sshl_sshr for cells of type $shl.
Running "alumacc" on wrapper $extern:wrap:$lt:Y_WIDTH=1:B_WIDTH=5:A_WIDTH=4:B_SIGNED=1:A_SIGNED=1:394426c56d1a028ba8fdd5469b163e04011def47.
Using template $extern:wrap:$lt:Y_WIDTH=1:B_WIDTH=5:A_WIDTH=4:B_SIGNED=1:A_SIGNED=1:394426c56d1a028ba8fdd5469b163e04011def47 for cells of type $extern:wrap:$lt:Y_WIDTH=1:B_WIDTH=5:A_WIDTH=4:B_SIGNED=1:A_SIGNED=1:394426c56d1a028ba8fdd5469b163e04011def47.
Using extmapper simplemap for cells of type $bmux.
Using extmapper simplemap for cells of type $xor.
Using template $paramod$6ebf5979d184f4defa9d45ad88572ad623cb8360\_90_alu for cells of type $alu.
Using extmapper simplemap for cells of type $pos.
Using template $paramod\_90_fa\WIDTH=32'00000000000000000000000000000101 for cells of type $fa.
Using template $paramod\_90_lcu_brent_kung\WIDTH=32'00000000000000000000000000000101 for cells of type $lcu.
Using template $paramod$constmap:3e3329c3efee7307379171f3777dce381116869e$paramod$dce7c1188cb25d2520d170426d59301c3b73f9e7\_90_shift_ops_shr_shl_sshl_sshr for cells of type $shl.
Running "alumacc" on wrapper $extern:wrap:$lt:Y_WIDTH=1:B_WIDTH=8:A_WIDTH=7:B_SIGNED=1:A_SIGNED=1:394426c56d1a028ba8fdd5469b163e04011def47.
Using template $extern:wrap:$lt:Y_WIDTH=1:B_WIDTH=8:A_WIDTH=7:B_SIGNED=1:A_SIGNED=1:394426c56d1a028ba8fdd5469b163e04011def47 for cells of type $extern:wrap:$lt:Y_WIDTH=1:B_WIDTH=8:A_WIDTH=7:B_SIGNED=1:A_SIGNED=1:394426c56d1a028ba8fdd5469b163e04011def47.
Running "alumacc" on wrapper $extern:wrap:$lt:Y_WIDTH=1:B_WIDTH=6:A_WIDTH=5:B_SIGNED=1:A_SIGNED=1:394426c56d1a028ba8fdd5469b163e04011def47.
Using template $extern:wrap:$lt:Y_WIDTH=1:B_WIDTH=6:A_WIDTH=5:B_SIGNED=1:A_SIGNED=1:394426c56d1a028ba8fdd5469b163e04011def47 for cells of type $extern:wrap:$lt:Y_WIDTH=1:B_WIDTH=6:A_WIDTH=5:B_SIGNED=1:A_SIGNED=1:394426c56d1a028ba8fdd5469b163e04011def47.
Running "alumacc" on wrapper $extern:wrap:$add:Y_WIDTH=7:B_SIGNED=0:A_SIGNED=0:B_WIDTH=7:A_WIDTH=7:394426c56d1a028ba8fdd5469b163e04011def47.
Using template $extern:wrap:$add:Y_WIDTH=7:B_SIGNED=0:A_SIGNED=0:B_WIDTH=7:A_WIDTH=7:394426c56d1a028ba8fdd5469b163e04011def47 for cells of type $extern:wrap:$add:Y_WIDTH=7:B_SIGNED=0:A_SIGNED=0:B_WIDTH=7:A_WIDTH=7:394426c56d1a028ba8fdd5469b163e04011def47.
Running "alumacc" on wrapper $extern:wrap:$add:Y_WIDTH=11:B_SIGNED=0:A_SIGNED=0:B_WIDTH=11:A_WIDTH=11:394426c56d1a028ba8fdd5469b163e04011def47.
Using template $extern:wrap:$add:Y_WIDTH=11:B_SIGNED=0:A_SIGNED=0:B_WIDTH=11:A_WIDTH=11:394426c56d1a028ba8fdd5469b163e04011def47 for cells of type $extern:wrap:$add:Y_WIDTH=11:B_SIGNED=0:A_SIGNED=0:B_WIDTH=11:A_WIDTH=11:394426c56d1a028ba8fdd5469b163e04011def47.
Using template $paramod$constmap:eaaac26b675d197ddbdc4aa6c2c6aae9762a6e30$paramod$b1f8e9a58fee383a65180922397f7058048191fe\_90_shift_ops_shr_shl_sshl_sshr for cells of type $shl.
Using template $paramod$c703443eb15ff955db884f8bb126e3c9304e2f72\_90_alu for cells of type $alu.
Using template $paramod$ec32b97001540459632a2df9accd677d3703ea0f\_90_alu for cells of type $alu.
Using template $paramod$dbcdc7e8aa1a4080cea2deda6fdc8772064f4d90\_90_alu for cells of type $alu.
Using template $paramod$55c77272acecad365d187c23da880910c49a3940\_90_alu for cells of type $alu.
Using template $paramod\_90_fa\WIDTH=32'00000000000000000000000000001000 for cells of type $fa.
Using template $paramod\_90_lcu_brent_kung\WIDTH=32'00000000000000000000000000001000 for cells of type $lcu.
Using template $paramod\_90_fa\WIDTH=32'00000000000000000000000000000110 for cells of type $fa.
Using template $paramod\_90_lcu_brent_kung\WIDTH=32'00000000000000000000000000000110 for cells of type $lcu.
Using template $paramod\_90_fa\WIDTH=32'00000000000000000000000000000111 for cells of type $fa.
Using template $paramod\_90_lcu_brent_kung\WIDTH=32'00000000000000000000000000000111 for cells of type $lcu.
Using template $paramod\_90_fa\WIDTH=32'00000000000000000000000000001011 for cells of type $fa.
Using template $paramod\_90_lcu_brent_kung\WIDTH=32'00000000000000000000000000001011 for cells of type $lcu.
Running "alumacc" on wrapper $extern:wrap:$add:Y_WIDTH=10:B_SIGNED=0:A_SIGNED=0:B_WIDTH=10:A_WIDTH=10:394426c56d1a028ba8fdd5469b163e04011def47.
Using template $extern:wrap:$add:Y_WIDTH=10:B_SIGNED=0:A_SIGNED=0:B_WIDTH=10:A_WIDTH=10:394426c56d1a028ba8fdd5469b163e04011def47 for cells of type $extern:wrap:$add:Y_WIDTH=10:B_SIGNED=0:A_SIGNED=0:B_WIDTH=10:A_WIDTH=10:394426c56d1a028ba8fdd5469b163e04011def47.
Using template $paramod$484d51534650924b7ed4c69e46eed3a56904771f\_90_alu for cells of type $alu.
Using template $paramod\_90_fa\WIDTH=32'00000000000000000000000000001010 for cells of type $fa.
Using template $paramod\_90_lcu_brent_kung\WIDTH=32'00000000000000000000000000001010 for cells of type $lcu.
Using template $paramod$constmap:6c1a68dca7caecaf14657b7842cab57013c89f4a$paramod$335cfd09f1afa8139c4aafcbbe5f361887b79c5e\_90_shift_ops_shr_shl_sshl_sshr for cells of type $shl.
Running "alumacc" on wrapper $extern:wrap:$add:Y_WIDTH=3:B_SIGNED=0:A_SIGNED=0:B_WIDTH=3:A_WIDTH=3:394426c56d1a028ba8fdd5469b163e04011def47.
Using template $extern:wrap:$add:Y_WIDTH=3:B_SIGNED=0:A_SIGNED=0:B_WIDTH=3:A_WIDTH=3:394426c56d1a028ba8fdd5469b163e04011def47 for cells of type $extern:wrap:$add:Y_WIDTH=3:B_SIGNED=0:A_SIGNED=0:B_WIDTH=3:A_WIDTH=3:394426c56d1a028ba8fdd5469b163e04011def47.
Using template $paramod$78e969f2586efcf3a5b0b0440bcca0db83d5cca2\_90_alu for cells of type $alu.
Using template $paramod\_90_fa\WIDTH=32'00000000000000000000000000000011 for cells of type $fa.
Using template $paramod\_90_lcu_brent_kung\WIDTH=32'00000000000000000000000000000011 for cells of type $lcu.
Running "alumacc" on wrapper $extern:wrap:$sub:Y_WIDTH=1:B_SIGNED=0:A_SIGNED=0:B_WIDTH=1:A_WIDTH=1:394426c56d1a028ba8fdd5469b163e04011def47.
Using template $extern:wrap:$sub:Y_WIDTH=1:B_SIGNED=0:A_SIGNED=0:B_WIDTH=1:A_WIDTH=1:394426c56d1a028ba8fdd5469b163e04011def47 for cells of type $extern:wrap:$sub:Y_WIDTH=1:B_SIGNED=0:A_SIGNED=0:B_WIDTH=1:A_WIDTH=1:394426c56d1a028ba8fdd5469b163e04011def47.
Using template $paramod$fc972a7a46956c1788f3cb5257b53c8f1df2d0cc\_90_alu for cells of type $alu.
Using template $paramod\_90_fa\WIDTH=32'00000000000000000000000000000001 for cells of type $fa.
Using template $paramod\_90_lcu_brent_kung\WIDTH=32'00000000000000000000000000000001 for cells of type $lcu.
Using template $paramod$constmap:53310ae268f4a8276ec333a5b6f816a684a3f8ea$paramod$07b7add2a98e6a8075092e1e89aa3751e6a000b0\_90_shift_ops_shr_shl_sshl_sshr for cells of type $shl.
Using template $paramod$constmap:281af25041ecb121c1431b3ae122a17c1f2b1ece$paramod$ccb11fc325c62cbff7f992cb27026a81e9f74166\_90_shift_ops_shr_shl_sshl_sshr for cells of type $shl.
Running "alumacc" on wrapper $extern:wrap:$le:Y_WIDTH=1:B_SIGNED=0:A_SIGNED=0:B_WIDTH=1:A_WIDTH=1:394426c56d1a028ba8fdd5469b163e04011def47.
Using template $extern:wrap:$le:Y_WIDTH=1:B_SIGNED=0:A_SIGNED=0:B_WIDTH=1:A_WIDTH=1:394426c56d1a028ba8fdd5469b163e04011def47 for cells of type $extern:wrap:$le:Y_WIDTH=1:B_SIGNED=0:A_SIGNED=0:B_WIDTH=1:A_WIDTH=1:394426c56d1a028ba8fdd5469b163e04011def47.
Running "alumacc" on wrapper $extern:wrap:$ge:Y_WIDTH=1:B_SIGNED=0:A_SIGNED=0:B_WIDTH=1:A_WIDTH=1:394426c56d1a028ba8fdd5469b163e04011def47.
Using template $extern:wrap:$ge:Y_WIDTH=1:B_SIGNED=0:A_SIGNED=0:B_WIDTH=1:A_WIDTH=1:394426c56d1a028ba8fdd5469b163e04011def47 for cells of type $extern:wrap:$ge:Y_WIDTH=1:B_SIGNED=0:A_SIGNED=0:B_WIDTH=1:A_WIDTH=1:394426c56d1a028ba8fdd5469b163e04011def47.
Running "alumacc" on wrapper $extern:wrap:$ge:Y_WIDTH=1:B_SIGNED=0:A_SIGNED=0:B_WIDTH=18:A_WIDTH=18:394426c56d1a028ba8fdd5469b163e04011def47.
Using template $extern:wrap:$ge:Y_WIDTH=1:B_SIGNED=0:A_SIGNED=0:B_WIDTH=18:A_WIDTH=18:394426c56d1a028ba8fdd5469b163e04011def47 for cells of type $extern:wrap:$ge:Y_WIDTH=1:B_SIGNED=0:A_SIGNED=0:B_WIDTH=18:A_WIDTH=18:394426c56d1a028ba8fdd5469b163e04011def47.
Running "alumacc" on wrapper $extern:wrap:$ge:Y_WIDTH=1:B_SIGNED=0:A_SIGNED=0:B_WIDTH=12:A_WIDTH=12:394426c56d1a028ba8fdd5469b163e04011def47.
Using template $extern:wrap:$ge:Y_WIDTH=1:B_SIGNED=0:A_SIGNED=0:B_WIDTH=12:A_WIDTH=12:394426c56d1a028ba8fdd5469b163e04011def47 for cells of type $extern:wrap:$ge:Y_WIDTH=1:B_SIGNED=0:A_SIGNED=0:B_WIDTH=12:A_WIDTH=12:394426c56d1a028ba8fdd5469b163e04011def47.
Running "alumacc" on wrapper $extern:wrap:$ge:Y_WIDTH=1:B_SIGNED=0:A_SIGNED=0:B_WIDTH=11:A_WIDTH=11:394426c56d1a028ba8fdd5469b163e04011def47.
Using template $extern:wrap:$ge:Y_WIDTH=1:B_SIGNED=0:A_SIGNED=0:B_WIDTH=11:A_WIDTH=11:394426c56d1a028ba8fdd5469b163e04011def47 for cells of type $extern:wrap:$ge:Y_WIDTH=1:B_SIGNED=0:A_SIGNED=0:B_WIDTH=11:A_WIDTH=11:394426c56d1a028ba8fdd5469b163e04011def47.
Running "alumacc" on wrapper $extern:wrap:$sub:Y_WIDTH=4:B_SIGNED=0:A_SIGNED=0:B_WIDTH=4:A_WIDTH=4:394426c56d1a028ba8fdd5469b163e04011def47.
Using template $extern:wrap:$sub:Y_WIDTH=4:B_SIGNED=0:A_SIGNED=0:B_WIDTH=4:A_WIDTH=4:394426c56d1a028ba8fdd5469b163e04011def47 for cells of type $extern:wrap:$sub:Y_WIDTH=4:B_SIGNED=0:A_SIGNED=0:B_WIDTH=4:A_WIDTH=4:394426c56d1a028ba8fdd5469b163e04011def47.
Running "alumacc" on wrapper $extern:wrap:$ge:Y_WIDTH=1:B_SIGNED=0:A_SIGNED=0:B_WIDTH=4:A_WIDTH=4:394426c56d1a028ba8fdd5469b163e04011def47.
Using template $extern:wrap:$ge:Y_WIDTH=1:B_SIGNED=0:A_SIGNED=0:B_WIDTH=4:A_WIDTH=4:394426c56d1a028ba8fdd5469b163e04011def47 for cells of type $extern:wrap:$ge:Y_WIDTH=1:B_SIGNED=0:A_SIGNED=0:B_WIDTH=4:A_WIDTH=4:394426c56d1a028ba8fdd5469b163e04011def47.
Running "alumacc" on wrapper $extern:wrap:$add:Y_WIDTH=2:B_SIGNED=0:A_SIGNED=0:B_WIDTH=2:A_WIDTH=2:394426c56d1a028ba8fdd5469b163e04011def47.
Using template $extern:wrap:$add:Y_WIDTH=2:B_SIGNED=0:A_SIGNED=0:B_WIDTH=2:A_WIDTH=2:394426c56d1a028ba8fdd5469b163e04011def47 for cells of type $extern:wrap:$add:Y_WIDTH=2:B_SIGNED=0:A_SIGNED=0:B_WIDTH=2:A_WIDTH=2:394426c56d1a028ba8fdd5469b163e04011def47.
Analyzing pattern of constant bits for this cell:
  Constant input on bit 0 of port A: 1'1
  Constant input on bit 1 of port A: 1'0
  Constant input on bit 2 of port A: 1'0
  Constant input on bit 3 of port A: 1'0
  Constant input on bit 4 of port A: 1'0
  Constant input on bit 5 of port A: 1'0
  Constant input on bit 6 of port A: 1'0
  Constant input on bit 7 of port A: 1'0
Creating constmapped module `$paramod$constmap:2a0a6072ad0c7d86c44c1db79ad9db1c0e9a0353$paramod$07b7add2a98e6a8075092e1e89aa3751e6a000b0\_90_shift_ops_shr_shl_sshl_sshr'.

6.134. Executing OPT_MUXTREE pass (detect dead branches in mux trees).
Running muxtree optimizer on module $paramod$constmap:2a0a6072ad0c7d86c44c1db79ad9db1c0e9a0353$paramod$07b7add2a98e6a8075092e1e89aa3751e6a000b0\_90_shift_ops_shr_shl_sshl_sshr..
  Creating internal representation of mux trees.
  No muxes found in this module.
Removed 0 multiplexer ports.
<suppressed ~39165 debug messages>

6.135. Executing OPT_EXPR pass (perform const folding).
Optimizing module $paramod$constmap:2a0a6072ad0c7d86c44c1db79ad9db1c0e9a0353$paramod$07b7add2a98e6a8075092e1e89aa3751e6a000b0\_90_shift_ops_shr_shl_sshl_sshr.
<suppressed ~35 debug messages>
Removed 0 unused cells and 8 unused wires.
Using template $paramod$constmap:2a0a6072ad0c7d86c44c1db79ad9db1c0e9a0353$paramod$07b7add2a98e6a8075092e1e89aa3751e6a000b0\_90_shift_ops_shr_shl_sshl_sshr for cells of type $shl.
Running "alumacc" on wrapper $extern:wrap:$add:Y_WIDTH=4:B_SIGNED=0:A_SIGNED=0:B_WIDTH=4:A_WIDTH=4:394426c56d1a028ba8fdd5469b163e04011def47.
Using template $extern:wrap:$add:Y_WIDTH=4:B_SIGNED=0:A_SIGNED=0:B_WIDTH=4:A_WIDTH=4:394426c56d1a028ba8fdd5469b163e04011def47 for cells of type $extern:wrap:$add:Y_WIDTH=4:B_SIGNED=0:A_SIGNED=0:B_WIDTH=4:A_WIDTH=4:394426c56d1a028ba8fdd5469b163e04011def47.
Using template $paramod$12350b8c8422a70d10b7db4eaae1202a7148b784\_90_alu for cells of type $alu.
Using template $paramod$ee3d784672cdb1cb32d9a801a3af776716f16b74\_90_alu for cells of type $alu.
Using template $paramod$740b056ede97228d3eae64ea2fdc81f0a33e0fe7\_90_alu for cells of type $alu.
Using template $paramod$7e708ae28ab761f11d0fb59d3ffc72f6a4baf5d9\_90_alu for cells of type $alu.
Using template $paramod\_90_fa\WIDTH=32'00000000000000000000000000010010 for cells of type $fa.
Using template $paramod\_90_lcu_brent_kung\WIDTH=32'00000000000000000000000000010010 for cells of type $lcu.
Using template $paramod\_90_fa\WIDTH=32'00000000000000000000000000001100 for cells of type $fa.
Using template $paramod\_90_lcu_brent_kung\WIDTH=32'00000000000000000000000000001100 for cells of type $lcu.
Using template $paramod\_90_fa\WIDTH=32'00000000000000000000000000000100 for cells of type $fa.
Using template $paramod\_90_lcu_brent_kung\WIDTH=32'00000000000000000000000000000100 for cells of type $lcu.
Using template $paramod\_90_fa\WIDTH=32'00000000000000000000000000000010 for cells of type $fa.
Using template $paramod\_90_lcu_brent_kung\WIDTH=32'00000000000000000000000000000010 for cells of type $lcu.
Running "alumacc" on wrapper $extern:wrap:$sub:Y_WIDTH=3:B_SIGNED=0:A_SIGNED=0:B_WIDTH=3:A_WIDTH=3:394426c56d1a028ba8fdd5469b163e04011def47.
Using template $extern:wrap:$sub:Y_WIDTH=3:B_SIGNED=0:A_SIGNED=0:B_WIDTH=3:A_WIDTH=3:394426c56d1a028ba8fdd5469b163e04011def47 for cells of type $extern:wrap:$sub:Y_WIDTH=3:B_SIGNED=0:A_SIGNED=0:B_WIDTH=3:A_WIDTH=3:394426c56d1a028ba8fdd5469b163e04011def47.
Running "alumacc" on wrapper $extern:wrap:$add:Y_WIDTH=5:B_SIGNED=0:A_SIGNED=0:B_WIDTH=5:A_WIDTH=5:394426c56d1a028ba8fdd5469b163e04011def47.
Using template $extern:wrap:$add:Y_WIDTH=5:B_SIGNED=0:A_SIGNED=0:B_WIDTH=5:A_WIDTH=5:394426c56d1a028ba8fdd5469b163e04011def47 for cells of type $extern:wrap:$add:Y_WIDTH=5:B_SIGNED=0:A_SIGNED=0:B_WIDTH=5:A_WIDTH=5:394426c56d1a028ba8fdd5469b163e04011def47.
Running "alumacc" on wrapper $extern:wrap:$add:Y_WIDTH=32:B_SIGNED=0:A_SIGNED=0:B_WIDTH=32:A_WIDTH=32:394426c56d1a028ba8fdd5469b163e04011def47.
Using template $extern:wrap:$add:Y_WIDTH=32:B_SIGNED=0:A_SIGNED=0:B_WIDTH=32:A_WIDTH=32:394426c56d1a028ba8fdd5469b163e04011def47 for cells of type $extern:wrap:$add:Y_WIDTH=32:B_SIGNED=0:A_SIGNED=0:B_WIDTH=32:A_WIDTH=32:394426c56d1a028ba8fdd5469b163e04011def47.
Using template $paramod$b18e16801adf491a64caa0542270798e5d4ac6b6\_90_alu for cells of type $alu.
Using template $paramod$fbc7873bff55778c0b3173955b7e4bce1d9d6834\_90_alu for cells of type $alu.
Using template $paramod\_90_fa\WIDTH=32'00000000000000000000000000100000 for cells of type $fa.
Using template $paramod\_90_lcu_brent_kung\WIDTH=32'00000000000000000000000000100000 for cells of type $lcu.
Running "alumacc" on wrapper $extern:wrap:$add:Y_WIDTH=6:B_SIGNED=0:A_SIGNED=0:B_WIDTH=6:A_WIDTH=6:394426c56d1a028ba8fdd5469b163e04011def47.
Using template $extern:wrap:$add:Y_WIDTH=6:B_SIGNED=0:A_SIGNED=0:B_WIDTH=6:A_WIDTH=6:394426c56d1a028ba8fdd5469b163e04011def47 for cells of type $extern:wrap:$add:Y_WIDTH=6:B_SIGNED=0:A_SIGNED=0:B_WIDTH=6:A_WIDTH=6:394426c56d1a028ba8fdd5469b163e04011def47.
Using template $paramod$00298f3f8094950cb9a5ff2fda48d0d8bde8806c\_90_alu for cells of type $alu.
Using template $paramod$constmap:98b85c9b164d09ab5f2e502cfb2941b7503064bb$paramod$e02a20504e61ebe09eb52d686bcb6c2238e4a84f\_90_shift_ops_shr_shl_sshl_sshr for cells of type $shr.
Using template $paramod$constmap:0527a9cfd749ace79bf23a96a75e2568e926c33b$paramod$917ea7c7993b2fc14b6190efe5ea012b8025503f\_90_shift_ops_shr_shl_sshl_sshr for cells of type $shl.
Running "alumacc" on wrapper $extern:wrap:$sub:Y_WIDTH=18:B_SIGNED=0:A_SIGNED=0:B_WIDTH=18:A_WIDTH=18:394426c56d1a028ba8fdd5469b163e04011def47.
Using template $extern:wrap:$sub:Y_WIDTH=18:B_SIGNED=0:A_SIGNED=0:B_WIDTH=18:A_WIDTH=18:394426c56d1a028ba8fdd5469b163e04011def47 for cells of type $extern:wrap:$sub:Y_WIDTH=18:B_SIGNED=0:A_SIGNED=0:B_WIDTH=18:A_WIDTH=18:394426c56d1a028ba8fdd5469b163e04011def47.
Running "alumacc" on wrapper $extern:wrap:$sub:Y_WIDTH=12:B_SIGNED=0:A_SIGNED=0:B_WIDTH=12:A_WIDTH=12:394426c56d1a028ba8fdd5469b163e04011def47.
Using template $extern:wrap:$sub:Y_WIDTH=12:B_SIGNED=0:A_SIGNED=0:B_WIDTH=12:A_WIDTH=12:394426c56d1a028ba8fdd5469b163e04011def47 for cells of type $extern:wrap:$sub:Y_WIDTH=12:B_SIGNED=0:A_SIGNED=0:B_WIDTH=12:A_WIDTH=12:394426c56d1a028ba8fdd5469b163e04011def47.
Running "alumacc" on wrapper $extern:wrap:$sub:Y_WIDTH=11:B_SIGNED=0:A_SIGNED=0:B_WIDTH=11:A_WIDTH=11:394426c56d1a028ba8fdd5469b163e04011def47.
Using template $extern:wrap:$sub:Y_WIDTH=11:B_SIGNED=0:A_SIGNED=0:B_WIDTH=11:A_WIDTH=11:394426c56d1a028ba8fdd5469b163e04011def47 for cells of type $extern:wrap:$sub:Y_WIDTH=11:B_SIGNED=0:A_SIGNED=0:B_WIDTH=11:A_WIDTH=11:394426c56d1a028ba8fdd5469b163e04011def47.
Running "alumacc" on wrapper $extern:wrap:$lt:Y_WIDTH=1:B_SIGNED=0:A_SIGNED=0:B_WIDTH=18:A_WIDTH=18:394426c56d1a028ba8fdd5469b163e04011def47.
Using template $extern:wrap:$lt:Y_WIDTH=1:B_SIGNED=0:A_SIGNED=0:B_WIDTH=18:A_WIDTH=18:394426c56d1a028ba8fdd5469b163e04011def47 for cells of type $extern:wrap:$lt:Y_WIDTH=1:B_SIGNED=0:A_SIGNED=0:B_WIDTH=18:A_WIDTH=18:394426c56d1a028ba8fdd5469b163e04011def47.
Running "alumacc" on wrapper $extern:wrap:$add:Y_WIDTH=17:B_SIGNED=0:A_SIGNED=0:B_WIDTH=17:A_WIDTH=17:394426c56d1a028ba8fdd5469b163e04011def47.
Using template $extern:wrap:$add:Y_WIDTH=17:B_SIGNED=0:A_SIGNED=0:B_WIDTH=17:A_WIDTH=17:394426c56d1a028ba8fdd5469b163e04011def47 for cells of type $extern:wrap:$add:Y_WIDTH=17:B_SIGNED=0:A_SIGNED=0:B_WIDTH=17:A_WIDTH=17:394426c56d1a028ba8fdd5469b163e04011def47.
Running "alumacc" on wrapper $extern:wrap:$sub:Y_WIDTH=17:B_SIGNED=0:A_SIGNED=0:B_WIDTH=17:A_WIDTH=17:394426c56d1a028ba8fdd5469b163e04011def47.
Using template $extern:wrap:$sub:Y_WIDTH=17:B_SIGNED=0:A_SIGNED=0:B_WIDTH=17:A_WIDTH=17:394426c56d1a028ba8fdd5469b163e04011def47 for cells of type $extern:wrap:$sub:Y_WIDTH=17:B_SIGNED=0:A_SIGNED=0:B_WIDTH=17:A_WIDTH=17:394426c56d1a028ba8fdd5469b163e04011def47.
Running "alumacc" on wrapper $extern:wrap:$gt:Y_WIDTH=1:B_SIGNED=0:A_SIGNED=0:B_WIDTH=4:A_WIDTH=4:394426c56d1a028ba8fdd5469b163e04011def47.
Using template $extern:wrap:$gt:Y_WIDTH=1:B_SIGNED=0:A_SIGNED=0:B_WIDTH=4:A_WIDTH=4:394426c56d1a028ba8fdd5469b163e04011def47 for cells of type $extern:wrap:$gt:Y_WIDTH=1:B_SIGNED=0:A_SIGNED=0:B_WIDTH=4:A_WIDTH=4:394426c56d1a028ba8fdd5469b163e04011def47.
Using template $paramod$3bb72ad0665cdca279bbc49ed6a39f403f16497f\_90_alu for cells of type $alu.
Using template $paramod\_90_fa\WIDTH=32'00000000000000000000000000010001 for cells of type $fa.
Using template $paramod\_90_lcu_brent_kung\WIDTH=32'00000000000000000000000000010001 for cells of type $lcu.
Running "alumacc" on wrapper $extern:wrap:$lt:Y_WIDTH=1:B_SIGNED=0:A_SIGNED=0:B_WIDTH=12:A_WIDTH=12:394426c56d1a028ba8fdd5469b163e04011def47.
Using template $extern:wrap:$lt:Y_WIDTH=1:B_SIGNED=0:A_SIGNED=0:B_WIDTH=12:A_WIDTH=12:394426c56d1a028ba8fdd5469b163e04011def47 for cells of type $extern:wrap:$lt:Y_WIDTH=1:B_SIGNED=0:A_SIGNED=0:B_WIDTH=12:A_WIDTH=12:394426c56d1a028ba8fdd5469b163e04011def47.
Running "alumacc" on wrapper $extern:wrap:$lt:Y_WIDTH=1:B_SIGNED=0:A_SIGNED=0:B_WIDTH=11:A_WIDTH=11:394426c56d1a028ba8fdd5469b163e04011def47.
Using template $extern:wrap:$lt:Y_WIDTH=1:B_SIGNED=0:A_SIGNED=0:B_WIDTH=11:A_WIDTH=11:394426c56d1a028ba8fdd5469b163e04011def47 for cells of type $extern:wrap:$lt:Y_WIDTH=1:B_SIGNED=0:A_SIGNED=0:B_WIDTH=11:A_WIDTH=11:394426c56d1a028ba8fdd5469b163e04011def47.
Running "alumacc" on wrapper $extern:wrap:$sub:Y_WIDTH=10:B_SIGNED=0:A_SIGNED=0:B_WIDTH=10:A_WIDTH=10:394426c56d1a028ba8fdd5469b163e04011def47.
Using template $extern:wrap:$sub:Y_WIDTH=10:B_SIGNED=0:A_SIGNED=0:B_WIDTH=10:A_WIDTH=10:394426c56d1a028ba8fdd5469b163e04011def47 for cells of type $extern:wrap:$sub:Y_WIDTH=10:B_SIGNED=0:A_SIGNED=0:B_WIDTH=10:A_WIDTH=10:394426c56d1a028ba8fdd5469b163e04011def47.
Running "alumacc" on wrapper $extern:wrap:$gt:Y_WIDTH=1:B_SIGNED=0:A_SIGNED=0:B_WIDTH=18:A_WIDTH=18:394426c56d1a028ba8fdd5469b163e04011def47.
Using template $extern:wrap:$gt:Y_WIDTH=1:B_SIGNED=0:A_SIGNED=0:B_WIDTH=18:A_WIDTH=18:394426c56d1a028ba8fdd5469b163e04011def47 for cells of type $extern:wrap:$gt:Y_WIDTH=1:B_SIGNED=0:A_SIGNED=0:B_WIDTH=18:A_WIDTH=18:394426c56d1a028ba8fdd5469b163e04011def47.
Using extmapper simplemap for cells of type $reduce_xor.
Running "alumacc" on wrapper $extern:wrap:$gt:Y_WIDTH=1:B_SIGNED=0:A_SIGNED=0:B_WIDTH=12:A_WIDTH=12:394426c56d1a028ba8fdd5469b163e04011def47.
Using template $extern:wrap:$gt:Y_WIDTH=1:B_SIGNED=0:A_SIGNED=0:B_WIDTH=12:A_WIDTH=12:394426c56d1a028ba8fdd5469b163e04011def47 for cells of type $extern:wrap:$gt:Y_WIDTH=1:B_SIGNED=0:A_SIGNED=0:B_WIDTH=12:A_WIDTH=12:394426c56d1a028ba8fdd5469b163e04011def47.
Running "alumacc" on wrapper $extern:wrap:$gt:Y_WIDTH=1:B_SIGNED=0:A_SIGNED=0:B_WIDTH=11:A_WIDTH=11:394426c56d1a028ba8fdd5469b163e04011def47.
Using template $extern:wrap:$gt:Y_WIDTH=1:B_SIGNED=0:A_SIGNED=0:B_WIDTH=11:A_WIDTH=11:394426c56d1a028ba8fdd5469b163e04011def47 for cells of type $extern:wrap:$gt:Y_WIDTH=1:B_SIGNED=0:A_SIGNED=0:B_WIDTH=11:A_WIDTH=11:394426c56d1a028ba8fdd5469b163e04011def47.
No more expansions possible.
<suppressed ~15132 debug messages>

7. Executing OPT_EXPR pass (perform const folding).
Optimizing module sort3_4$GPU.cta.cta_sche.resource_table_inst.handler_vgpr_1.result_tmp_inst.
<suppressed ~144 debug messages>
Optimizing module sort3_4$GPU.cta.cta_sche.resource_table_inst.handler_vgpr_0.result_tmp_inst.
<suppressed ~144 debug messages>
Optimizing module sort3_2$GPU.cta.cta_sche.resource_table_inst.handler_sgpr_1.result_tmp_inst.
<suppressed ~156 debug messages>
Optimizing module sort3_2$GPU.cta.cta_sche.resource_table_inst.handler_sgpr_0.result_tmp_inst.
<suppressed ~156 debug messages>
Optimizing module sort3$GPU.cta.cta_sche.resource_table_inst.handler_lds_1.result_tmp_inst.
<suppressed ~228 debug messages>
Optimizing module sort3$GPU.cta.cta_sche.resource_table_inst.handler_lds_0.result_tmp_inst.
<suppressed ~228 debug messages>
Optimizing module RRArbiter$GPU.cta.cta_sche.cu_interface_inst.arb_inst.
Optimizing module Queue2_cta_data$GPU.cta.cta_sche.cu_interface_inst.fifo.
<suppressed ~23 debug messages>
Optimizing module Queue1_5_Anon_2$GPU.cta.cta_sche.resource_table_inst.baseaddr_vgpr_reg_q.
<suppressed ~1 debug messages>
Optimizing module Queue1_5_Anon_1$GPU.cta.cta_sche.resource_table_inst.baseaddr_sgpr_reg_q.
<suppressed ~1 debug messages>
Optimizing module Queue1_5_Anon$GPU.cta.cta_sche.resource_table_inst.baseaddr_lds_reg_q.
<suppressed ~1 debug messages>
Optimizing module Queue2_io_rt2dealloc$GPU.cta.cta_sche.resource_table_inst.slot_dealloc.
<suppressed ~23 debug messages>
Optimizing module DecoupledIO_1_to_3_1$GPU.cta.cta_sche.resource_table_inst.dealloc_decoupledio.
Optimizing module DecoupledIO_1_to_3$GPU.cta.cta_sche.resource_table_inst.alloc_decoupledio.
Optimizing module resource_table_ram_4$GPU.cta.cta_sche.resource_table_inst.rtram_vgpr_1_0.
<suppressed ~189 debug messages>
Optimizing module resource_table_ram_4$GPU.cta.cta_sche.resource_table_inst.rtram_vgpr_0_0.
<suppressed ~189 debug messages>
Optimizing module resource_table_ram_2$GPU.cta.cta_sche.resource_table_inst.rtram_sgpr_1_0.
<suppressed ~189 debug messages>
Optimizing module resource_table_ram_2$GPU.cta.cta_sche.resource_table_inst.rtram_sgpr_0_0.
<suppressed ~189 debug messages>
Optimizing module resource_table_ram$GPU.cta.cta_sche.resource_table_inst.rtram_lds_1_0.
<suppressed ~189 debug messages>
Optimizing module resource_table_ram$GPU.cta.cta_sche.resource_table_inst.rtram_lds_0_0.
<suppressed ~189 debug messages>
Optimizing module resource_table_handler_4$GPU.cta.cta_sche.resource_table_inst.handler_vgpr_1.
<suppressed ~1227 debug messages>
Optimizing module resource_table_handler_4$GPU.cta.cta_sche.resource_table_inst.handler_vgpr_0.
<suppressed ~1227 debug messages>
Optimizing module resource_table_handler_2$GPU.cta.cta_sche.resource_table_inst.handler_sgpr_1.
<suppressed ~1286 debug messages>
Optimizing module resource_table_handler_2$GPU.cta.cta_sche.resource_table_inst.handler_sgpr_0.
<suppressed ~1286 debug messages>
Optimizing module resource_table_handler$GPU.cta.cta_sche.resource_table_inst.handler_lds_1.
<suppressed ~1640 debug messages>
Optimizing module resource_table_handler$GPU.cta.cta_sche.resource_table_inst.handler_lds_0.
<suppressed ~1640 debug messages>
Optimizing module Queue1_io_alloc2cuinterface$GPU.cta.cta_sche.allocator_inst.cuinterface_buf.
<suppressed ~1 debug messages>
Optimizing module rtcache_writer_2$GPU.cta.cta_sche.allocator_inst.writer_vgpr.
<suppressed ~94 debug messages>
Optimizing module rtcache_writer_1$GPU.cta.cta_sche.allocator_inst.writer_sgpr.
<suppressed ~102 debug messages>
Optimizing module rtcache_writer$GPU.cta.cta_sche.allocator_inst.writer_lds.
<suppressed ~150 debug messages>
Optimizing module RRPriorityEncoder$GPU.cta.cta_sche.wg_buffer_inst.wgram1_rd_next_inst.
<suppressed ~120 debug messages>
Optimizing module RRPriorityEncoder$GPU.cta.cta_sche.wg_buffer_inst.wgram_wr_next_inst.
<suppressed ~120 debug messages>
Optimizing module SRAMTemplate_139$GPU.Scheduler.bankedStore.cc_banks.
<suppressed ~8192 debug messages>
Optimizing module SRAMTemplate_138$GPU.Scheduler.directory.cc_dir.
<suppressed ~55 debug messages>
Optimizing module ListBuffer$GPU.Scheduler.sinkA.putbuffer.
<suppressed ~65 debug messages>
Optimizing module cu_interface$GPU.cta.cta_sche.cu_interface_inst.
<suppressed ~647 debug messages>
Optimizing module resource_table_top$GPU.cta.cta_sche.resource_table_inst.
Optimizing module allocator$GPU.cta.cta_sche.allocator_inst.
<suppressed ~729 debug messages>
Optimizing module wg_buffer$GPU.cta.cta_sche.wg_buffer_inst.
Optimizing module Arbiter1_TLBundleA_lite$GPU.cluster2L2Arbiter.memReqArb.
Optimizing module Arbiter1_TLBundleD_lite_plus$GPU.l2Distribute.memRspArb.
Optimizing module Queue2_TLBundleA_lite$GPU.SM2clusterArbiter.memReqBuf.
<suppressed ~23 debug messages>
Optimizing module Arbiter2_TLBundleA_lite$GPU.SM2clusterArbiter.memReqArb.
Optimizing module Queue1_DirectoryResult_lite_victim$GPU.Scheduler.dir_result_buffer.
<suppressed ~1 debug messages>
Optimizing module Queue8_FullRequest$GPU.Scheduler.write_buffer.
<suppressed ~55 debug messages>
Optimizing module MSHR_4$GPU.Scheduler.mshrs_31.
<suppressed ~3 debug messages>
Optimizing module MSHR_4$GPU.Scheduler.mshrs_30.
<suppressed ~3 debug messages>
Optimizing module MSHR_4$GPU.Scheduler.mshrs_29.
<suppressed ~3 debug messages>
Optimizing module MSHR_4$GPU.Scheduler.mshrs_28.
<suppressed ~3 debug messages>
Optimizing module MSHR_4$GPU.Scheduler.mshrs_27.
<suppressed ~3 debug messages>
Optimizing module MSHR_4$GPU.Scheduler.mshrs_26.
<suppressed ~3 debug messages>
Optimizing module MSHR_4$GPU.Scheduler.mshrs_25.
<suppressed ~3 debug messages>
Optimizing module MSHR_4$GPU.Scheduler.mshrs_24.
<suppressed ~3 debug messages>
Optimizing module MSHR_4$GPU.Scheduler.mshrs_23.
<suppressed ~3 debug messages>
Optimizing module MSHR_4$GPU.Scheduler.mshrs_22.
<suppressed ~3 debug messages>
Optimizing module MSHR_4$GPU.Scheduler.mshrs_21.
<suppressed ~3 debug messages>
Optimizing module MSHR_4$GPU.Scheduler.mshrs_20.
<suppressed ~3 debug messages>
Optimizing module MSHR_4$GPU.Scheduler.mshrs_19.
<suppressed ~3 debug messages>
Optimizing module MSHR_4$GPU.Scheduler.mshrs_18.
<suppressed ~3 debug messages>
Optimizing module MSHR_4$GPU.Scheduler.mshrs_17.
<suppressed ~3 debug messages>
Optimizing module MSHR_4$GPU.Scheduler.mshrs_16.
<suppressed ~3 debug messages>
Optimizing module MSHR_4$GPU.Scheduler.mshrs_15.
<suppressed ~3 debug messages>
Optimizing module MSHR_4$GPU.Scheduler.mshrs_14.
<suppressed ~3 debug messages>
Optimizing module MSHR_4$GPU.Scheduler.mshrs_13.
<suppressed ~3 debug messages>
Optimizing module MSHR_4$GPU.Scheduler.mshrs_12.
<suppressed ~3 debug messages>
Optimizing module MSHR_4$GPU.Scheduler.mshrs_11.
<suppressed ~3 debug messages>
Optimizing module MSHR_4$GPU.Scheduler.mshrs_10.
<suppressed ~3 debug messages>
Optimizing module MSHR_4$GPU.Scheduler.mshrs_9.
<suppressed ~3 debug messages>
Optimizing module MSHR_4$GPU.Scheduler.mshrs_8.
<suppressed ~3 debug messages>
Optimizing module MSHR_4$GPU.Scheduler.mshrs_7.
<suppressed ~3 debug messages>
Optimizing module MSHR_4$GPU.Scheduler.mshrs_6.
<suppressed ~3 debug messages>
Optimizing module MSHR_4$GPU.Scheduler.mshrs_5.
<suppressed ~3 debug messages>
Optimizing module MSHR_4$GPU.Scheduler.mshrs_4.
<suppressed ~3 debug messages>
Optimizing module MSHR_4$GPU.Scheduler.mshrs_3.
<suppressed ~3 debug messages>
Optimizing module MSHR_4$GPU.Scheduler.mshrs_2.
<suppressed ~3 debug messages>
Optimizing module MSHR_4$GPU.Scheduler.mshrs_1.
<suppressed ~3 debug messages>
Optimizing module MSHR_4$GPU.Scheduler.mshrs_0.
<suppressed ~3 debug messages>
Optimizing module ListBuffer_1$GPU.Scheduler.requests.
<suppressed ~65 debug messages>
Optimizing module BankedStore$GPU.Scheduler.bankedStore.
<suppressed ~321 debug messages>
Optimizing module Directory_test$GPU.Scheduler.directory.
<suppressed ~16889 debug messages>
Optimizing module SinkD$GPU.Scheduler.sinkD.
Optimizing module SinkA$GPU.Scheduler.sinkA.
<suppressed ~41 debug messages>
Optimizing module SourceD$GPU.Scheduler.sourceD.
<suppressed ~1393 debug messages>
Optimizing module SourceA$GPU.Scheduler.sourceA.
Optimizing module cta_scheduler_top$GPU.cta.cta_sche.
Optimizing module cluster2L2Arbiter$GPU.cluster2L2Arbiter.
Optimizing module l2Distribute$GPU.l2Distribute.
Optimizing module SM2clusterArbiter$GPU.SM2clusterArbiter.
Optimizing module Scheduler$GPU.Scheduler.
<suppressed ~875 debug messages>
Optimizing module CTAinterface$GPU.cta.
Optimizing module GPU.

8. Executing OPT_CLEAN pass (remove unused cells and wires).
Finding unused cells or wires in module \sort3_4$GPU.cta.cta_sche.resource_table_inst.handler_vgpr_1.result_tmp_inst..
Finding unused cells or wires in module \sort3_4$GPU.cta.cta_sche.resource_table_inst.handler_vgpr_0.result_tmp_inst..
Finding unused cells or wires in module \sort3_2$GPU.cta.cta_sche.resource_table_inst.handler_sgpr_1.result_tmp_inst..
Finding unused cells or wires in module \sort3_2$GPU.cta.cta_sche.resource_table_inst.handler_sgpr_0.result_tmp_inst..
Finding unused cells or wires in module \sort3$GPU.cta.cta_sche.resource_table_inst.handler_lds_1.result_tmp_inst..
Finding unused cells or wires in module \sort3$GPU.cta.cta_sche.resource_table_inst.handler_lds_0.result_tmp_inst..
Finding unused cells or wires in module \RRArbiter$GPU.cta.cta_sche.cu_interface_inst.arb_inst..
Finding unused cells or wires in module \Queue2_cta_data$GPU.cta.cta_sche.cu_interface_inst.fifo..
Finding unused cells or wires in module \Queue1_5_Anon_2$GPU.cta.cta_sche.resource_table_inst.baseaddr_vgpr_reg_q..
Finding unused cells or wires in module \Queue1_5_Anon_1$GPU.cta.cta_sche.resource_table_inst.baseaddr_sgpr_reg_q..
Finding unused cells or wires in module \Queue1_5_Anon$GPU.cta.cta_sche.resource_table_inst.baseaddr_lds_reg_q..
Finding unused cells or wires in module \Queue2_io_rt2dealloc$GPU.cta.cta_sche.resource_table_inst.slot_dealloc..
Finding unused cells or wires in module \DecoupledIO_1_to_3_1$GPU.cta.cta_sche.resource_table_inst.dealloc_decoupledio..
Finding unused cells or wires in module \DecoupledIO_1_to_3$GPU.cta.cta_sche.resource_table_inst.alloc_decoupledio..
Finding unused cells or wires in module \resource_table_ram_4$GPU.cta.cta_sche.resource_table_inst.rtram_vgpr_1_0..
Finding unused cells or wires in module \resource_table_ram_4$GPU.cta.cta_sche.resource_table_inst.rtram_vgpr_0_0..
Finding unused cells or wires in module \resource_table_ram_2$GPU.cta.cta_sche.resource_table_inst.rtram_sgpr_1_0..
Finding unused cells or wires in module \resource_table_ram_2$GPU.cta.cta_sche.resource_table_inst.rtram_sgpr_0_0..
Finding unused cells or wires in module \resource_table_ram$GPU.cta.cta_sche.resource_table_inst.rtram_lds_1_0..
Finding unused cells or wires in module \resource_table_ram$GPU.cta.cta_sche.resource_table_inst.rtram_lds_0_0..
Finding unused cells or wires in module \resource_table_handler_4$GPU.cta.cta_sche.resource_table_inst.handler_vgpr_1..
Finding unused cells or wires in module \resource_table_handler_4$GPU.cta.cta_sche.resource_table_inst.handler_vgpr_0..
Finding unused cells or wires in module \resource_table_handler_2$GPU.cta.cta_sche.resource_table_inst.handler_sgpr_1..
Finding unused cells or wires in module \resource_table_handler_2$GPU.cta.cta_sche.resource_table_inst.handler_sgpr_0..
Finding unused cells or wires in module \resource_table_handler$GPU.cta.cta_sche.resource_table_inst.handler_lds_1..
Finding unused cells or wires in module \resource_table_handler$GPU.cta.cta_sche.resource_table_inst.handler_lds_0..
Finding unused cells or wires in module \Queue1_io_alloc2cuinterface$GPU.cta.cta_sche.allocator_inst.cuinterface_buf..
Finding unused cells or wires in module \rtcache_writer_2$GPU.cta.cta_sche.allocator_inst.writer_vgpr..
Finding unused cells or wires in module \rtcache_writer_1$GPU.cta.cta_sche.allocator_inst.writer_sgpr..
Finding unused cells or wires in module \rtcache_writer$GPU.cta.cta_sche.allocator_inst.writer_lds..
Finding unused cells or wires in module \RRPriorityEncoder$GPU.cta.cta_sche.wg_buffer_inst.wgram1_rd_next_inst..
Finding unused cells or wires in module \RRPriorityEncoder$GPU.cta.cta_sche.wg_buffer_inst.wgram_wr_next_inst..
Finding unused cells or wires in module \SRAMTemplate_139$GPU.Scheduler.bankedStore.cc_banks..
Finding unused cells or wires in module \SRAMTemplate_138$GPU.Scheduler.directory.cc_dir..
Finding unused cells or wires in module \ListBuffer$GPU.Scheduler.sinkA.putbuffer..
Finding unused cells or wires in module \cu_interface$GPU.cta.cta_sche.cu_interface_inst..
Finding unused cells or wires in module \resource_table_top$GPU.cta.cta_sche.resource_table_inst..
Finding unused cells or wires in module \allocator$GPU.cta.cta_sche.allocator_inst..
Finding unused cells or wires in module \wg_buffer$GPU.cta.cta_sche.wg_buffer_inst..
Finding unused cells or wires in module \Arbiter1_TLBundleA_lite$GPU.cluster2L2Arbiter.memReqArb..
Finding unused cells or wires in module \Arbiter1_TLBundleD_lite_plus$GPU.l2Distribute.memRspArb..
Finding unused cells or wires in module \Queue2_TLBundleA_lite$GPU.SM2clusterArbiter.memReqBuf..
Finding unused cells or wires in module \Arbiter2_TLBundleA_lite$GPU.SM2clusterArbiter.memReqArb..
Finding unused cells or wires in module \Queue1_DirectoryResult_lite_victim$GPU.Scheduler.dir_result_buffer..
Finding unused cells or wires in module \Queue8_FullRequest$GPU.Scheduler.write_buffer..
Finding unused cells or wires in module \MSHR_4$GPU.Scheduler.mshrs_31..
Finding unused cells or wires in module \MSHR_4$GPU.Scheduler.mshrs_30..
Finding unused cells or wires in module \MSHR_4$GPU.Scheduler.mshrs_29..
Finding unused cells or wires in module \MSHR_4$GPU.Scheduler.mshrs_28..
Finding unused cells or wires in module \MSHR_4$GPU.Scheduler.mshrs_27..
Finding unused cells or wires in module \MSHR_4$GPU.Scheduler.mshrs_26..
Finding unused cells or wires in module \MSHR_4$GPU.Scheduler.mshrs_25..
Finding unused cells or wires in module \MSHR_4$GPU.Scheduler.mshrs_24..
Finding unused cells or wires in module \MSHR_4$GPU.Scheduler.mshrs_23..
Finding unused cells or wires in module \MSHR_4$GPU.Scheduler.mshrs_22..
Finding unused cells or wires in module \MSHR_4$GPU.Scheduler.mshrs_21..
Finding unused cells or wires in module \MSHR_4$GPU.Scheduler.mshrs_20..
Finding unused cells or wires in module \MSHR_4$GPU.Scheduler.mshrs_19..
Finding unused cells or wires in module \MSHR_4$GPU.Scheduler.mshrs_18..
Finding unused cells or wires in module \MSHR_4$GPU.Scheduler.mshrs_17..
Finding unused cells or wires in module \MSHR_4$GPU.Scheduler.mshrs_16..
Finding unused cells or wires in module \MSHR_4$GPU.Scheduler.mshrs_15..
Finding unused cells or wires in module \MSHR_4$GPU.Scheduler.mshrs_14..
Finding unused cells or wires in module \MSHR_4$GPU.Scheduler.mshrs_13..
Finding unused cells or wires in module \MSHR_4$GPU.Scheduler.mshrs_12..
Finding unused cells or wires in module \MSHR_4$GPU.Scheduler.mshrs_11..
Finding unused cells or wires in module \MSHR_4$GPU.Scheduler.mshrs_10..
Finding unused cells or wires in module \MSHR_4$GPU.Scheduler.mshrs_9..
Finding unused cells or wires in module \MSHR_4$GPU.Scheduler.mshrs_8..
Finding unused cells or wires in module \MSHR_4$GPU.Scheduler.mshrs_7..
Finding unused cells or wires in module \MSHR_4$GPU.Scheduler.mshrs_6..
Finding unused cells or wires in module \MSHR_4$GPU.Scheduler.mshrs_5..
Finding unused cells or wires in module \MSHR_4$GPU.Scheduler.mshrs_4..
Finding unused cells or wires in module \MSHR_4$GPU.Scheduler.mshrs_3..
Finding unused cells or wires in module \MSHR_4$GPU.Scheduler.mshrs_2..
Finding unused cells or wires in module \MSHR_4$GPU.Scheduler.mshrs_1..
Finding unused cells or wires in module \MSHR_4$GPU.Scheduler.mshrs_0..
Finding unused cells or wires in module \ListBuffer_1$GPU.Scheduler.requests..
Finding unused cells or wires in module \BankedStore$GPU.Scheduler.bankedStore..
Finding unused cells or wires in module \Directory_test$GPU.Scheduler.directory..
Finding unused cells or wires in module \SinkD$GPU.Scheduler.sinkD..
Finding unused cells or wires in module \SinkA$GPU.Scheduler.sinkA..
Finding unused cells or wires in module \SourceD$GPU.Scheduler.sourceD..
Finding unused cells or wires in module \SourceA$GPU.Scheduler.sourceA..
Finding unused cells or wires in module \cta_scheduler_top$GPU.cta.cta_sche..
Finding unused cells or wires in module \cluster2L2Arbiter$GPU.cluster2L2Arbiter..
Finding unused cells or wires in module \l2Distribute$GPU.l2Distribute..
Finding unused cells or wires in module \SM2clusterArbiter$GPU.SM2clusterArbiter..
Finding unused cells or wires in module \Scheduler$GPU.Scheduler..
Finding unused cells or wires in module \CTAinterface$GPU.cta..
Finding unused cells or wires in module \GPU..
Removed 3535 unused cells and 18231 unused wires.
<suppressed ~3664 debug messages>

9. Executing DFFLIBMAP pass (mapping DFF cells to sequential cells from liberty file).
  cell DFFLQNx1_ASAP7_75t_R (inv, pins=3, area=0.29) is a direct match for cell type $_DFF_N_.
  cell DFFHQNx1_ASAP7_75t_R (inv, pins=3, area=0.29) is a direct match for cell type $_DFF_P_.
  cell DFFASRHQNx1_ASAP7_75t_R (inv, pins=5, area=0.38) is a direct match for cell type $_DFFSR_PNN_.
  final dff cell mappings:
    \DFFLQNx1_ASAP7_75t_R _DFF_N_ (.CLK( C), .D( D), .QN(~Q));
    \DFFHQNx1_ASAP7_75t_R _DFF_P_ (.CLK( C), .D( D), .QN(~Q));
    unmapped dff cell: $_DFF_NN0_
    unmapped dff cell: $_DFF_NN1_
    unmapped dff cell: $_DFF_NP0_
    unmapped dff cell: $_DFF_NP1_
    unmapped dff cell: $_DFF_PN0_
    unmapped dff cell: $_DFF_PN1_
    unmapped dff cell: $_DFF_PP0_
    unmapped dff cell: $_DFF_PP1_
    unmapped dff cell: $_DFFE_NN_
    unmapped dff cell: $_DFFE_NP_
    unmapped dff cell: $_DFFE_PN_
    unmapped dff cell: $_DFFE_PP_
    unmapped dff cell: $_DFFSR_NNN_
    unmapped dff cell: $_DFFSR_NNP_
    unmapped dff cell: $_DFFSR_NPN_
    unmapped dff cell: $_DFFSR_NPP_
    \DFFASRHQNx1_ASAP7_75t_R _DFFSR_PNN_ (.CLK( C), .D( D), .QN(~Q), .RESETN( R), .SETN( S));
    unmapped dff cell: $_DFFSR_PNP_
    unmapped dff cell: $_DFFSR_PPN_
    unmapped dff cell: $_DFFSR_PPP_

9.1. Executing DFFLEGALIZE pass (convert FFs to types supported by the target).
<suppressed ~8 debug messages>
Mapping DFF cells in module `\sort3_4$GPU.cta.cta_sche.resource_table_inst.handler_vgpr_1.result_tmp_inst':
Mapping DFF cells in module `\sort3_4$GPU.cta.cta_sche.resource_table_inst.handler_vgpr_0.result_tmp_inst':
Mapping DFF cells in module `\sort3_2$GPU.cta.cta_sche.resource_table_inst.handler_sgpr_1.result_tmp_inst':
Mapping DFF cells in module `\sort3_2$GPU.cta.cta_sche.resource_table_inst.handler_sgpr_0.result_tmp_inst':
Mapping DFF cells in module `\sort3$GPU.cta.cta_sche.resource_table_inst.handler_lds_1.result_tmp_inst':
Mapping DFF cells in module `\sort3$GPU.cta.cta_sche.resource_table_inst.handler_lds_0.result_tmp_inst':
Mapping DFF cells in module `\RRArbiter$GPU.cta.cta_sche.cu_interface_inst.arb_inst':
  mapped 1 $_DFF_P_ cells to \DFFHQNx1_ASAP7_75t_R cells.
Mapping DFF cells in module `\Queue2_cta_data$GPU.cta.cta_sche.cu_interface_inst.fifo':
  mapped 3 $_DFF_P_ cells to \DFFHQNx1_ASAP7_75t_R cells.
Mapping DFF cells in module `\Queue1_5_Anon_2$GPU.cta.cta_sche.resource_table_inst.baseaddr_vgpr_reg_q':
  mapped 43 $_DFF_P_ cells to \DFFHQNx1_ASAP7_75t_R cells.
Mapping DFF cells in module `\Queue1_5_Anon_1$GPU.cta.cta_sche.resource_table_inst.baseaddr_sgpr_reg_q':
  mapped 44 $_DFF_P_ cells to \DFFHQNx1_ASAP7_75t_R cells.
Mapping DFF cells in module `\Queue1_5_Anon$GPU.cta.cta_sche.resource_table_inst.baseaddr_lds_reg_q':
  mapped 50 $_DFF_P_ cells to \DFFHQNx1_ASAP7_75t_R cells.
Mapping DFF cells in module `\Queue2_io_rt2dealloc$GPU.cta.cta_sche.resource_table_inst.slot_dealloc':
  mapped 3 $_DFF_P_ cells to \DFFHQNx1_ASAP7_75t_R cells.
Mapping DFF cells in module `\DecoupledIO_1_to_3_1$GPU.cta.cta_sche.resource_table_inst.dealloc_decoupledio':
  mapped 3 $_DFF_P_ cells to \DFFHQNx1_ASAP7_75t_R cells.
Mapping DFF cells in module `\DecoupledIO_1_to_3$GPU.cta.cta_sche.resource_table_inst.alloc_decoupledio':
  mapped 3 $_DFF_P_ cells to \DFFHQNx1_ASAP7_75t_R cells.
Mapping DFF cells in module `\resource_table_ram_4$GPU.cta.cta_sche.resource_table_inst.rtram_vgpr_1_0':
  mapped 274 $_DFF_P_ cells to \DFFHQNx1_ASAP7_75t_R cells.
Mapping DFF cells in module `\resource_table_ram_4$GPU.cta.cta_sche.resource_table_inst.rtram_vgpr_0_0':
  mapped 274 $_DFF_P_ cells to \DFFHQNx1_ASAP7_75t_R cells.
Mapping DFF cells in module `\resource_table_ram_2$GPU.cta.cta_sche.resource_table_inst.rtram_sgpr_1_0':
  mapped 274 $_DFF_P_ cells to \DFFHQNx1_ASAP7_75t_R cells.
Mapping DFF cells in module `\resource_table_ram_2$GPU.cta.cta_sche.resource_table_inst.rtram_sgpr_0_0':
  mapped 274 $_DFF_P_ cells to \DFFHQNx1_ASAP7_75t_R cells.
Mapping DFF cells in module `\resource_table_ram$GPU.cta.cta_sche.resource_table_inst.rtram_lds_1_0':
  mapped 274 $_DFF_P_ cells to \DFFHQNx1_ASAP7_75t_R cells.
Mapping DFF cells in module `\resource_table_ram$GPU.cta.cta_sche.resource_table_inst.rtram_lds_0_0':
  mapped 274 $_DFF_P_ cells to \DFFHQNx1_ASAP7_75t_R cells.
Mapping DFF cells in module `\resource_table_handler_4$GPU.cta.cta_sche.resource_table_inst.handler_vgpr_1':
  mapped 135 $_DFF_P_ cells to \DFFHQNx1_ASAP7_75t_R cells.
Mapping DFF cells in module `\resource_table_handler_4$GPU.cta.cta_sche.resource_table_inst.handler_vgpr_0':
  mapped 135 $_DFF_P_ cells to \DFFHQNx1_ASAP7_75t_R cells.
Mapping DFF cells in module `\resource_table_handler_2$GPU.cta.cta_sche.resource_table_inst.handler_sgpr_1':
  mapped 140 $_DFF_P_ cells to \DFFHQNx1_ASAP7_75t_R cells.
Mapping DFF cells in module `\resource_table_handler_2$GPU.cta.cta_sche.resource_table_inst.handler_sgpr_0':
  mapped 140 $_DFF_P_ cells to \DFFHQNx1_ASAP7_75t_R cells.
Mapping DFF cells in module `\resource_table_handler$GPU.cta.cta_sche.resource_table_inst.handler_lds_1':
  mapped 170 $_DFF_P_ cells to \DFFHQNx1_ASAP7_75t_R cells.
Mapping DFF cells in module `\resource_table_handler$GPU.cta.cta_sche.resource_table_inst.handler_lds_0':
  mapped 170 $_DFF_P_ cells to \DFFHQNx1_ASAP7_75t_R cells.
Mapping DFF cells in module `\Queue1_io_alloc2cuinterface$GPU.cta.cta_sche.allocator_inst.cuinterface_buf':
  mapped 44 $_DFF_P_ cells to \DFFHQNx1_ASAP7_75t_R cells.
Mapping DFF cells in module `\rtcache_writer_2$GPU.cta.cta_sche.allocator_inst.writer_vgpr':
  mapped 1 $_DFF_P_ cells to \DFFHQNx1_ASAP7_75t_R cells.
Mapping DFF cells in module `\rtcache_writer_1$GPU.cta.cta_sche.allocator_inst.writer_sgpr':
  mapped 1 $_DFF_P_ cells to \DFFHQNx1_ASAP7_75t_R cells.
Mapping DFF cells in module `\rtcache_writer$GPU.cta.cta_sche.allocator_inst.writer_lds':
  mapped 1 $_DFF_P_ cells to \DFFHQNx1_ASAP7_75t_R cells.
Mapping DFF cells in module `\RRPriorityEncoder$GPU.cta.cta_sche.wg_buffer_inst.wgram1_rd_next_inst':
  mapped 3 $_DFF_P_ cells to \DFFHQNx1_ASAP7_75t_R cells.
Mapping DFF cells in module `\RRPriorityEncoder$GPU.cta.cta_sche.wg_buffer_inst.wgram_wr_next_inst':
  mapped 3 $_DFF_P_ cells to \DFFHQNx1_ASAP7_75t_R cells.
Mapping DFF cells in module `\SRAMTemplate_139$GPU.Scheduler.bankedStore.cc_banks':
  mapped 8341 $_DFF_P_ cells to \DFFHQNx1_ASAP7_75t_R cells.
Mapping DFF cells in module `\SRAMTemplate_138$GPU.Scheduler.directory.cc_dir':
  mapped 645 $_DFF_P_ cells to \DFFHQNx1_ASAP7_75t_R cells.
Mapping DFF cells in module `\ListBuffer$GPU.Scheduler.sinkA.putbuffer':
  mapped 64 $_DFF_P_ cells to \DFFHQNx1_ASAP7_75t_R cells.
Mapping DFF cells in module `\cu_interface$GPU.cta.cta_sche.cu_interface_inst':
  mapped 110 $_DFF_P_ cells to \DFFHQNx1_ASAP7_75t_R cells.
Mapping DFF cells in module `\resource_table_top$GPU.cta.cta_sche.resource_table_inst':
  mapped 1 $_DFF_P_ cells to \DFFHQNx1_ASAP7_75t_R cells.
Mapping DFF cells in module `\allocator$GPU.cta.cta_sche.allocator_inst':
  mapped 294 $_DFF_P_ cells to \DFFHQNx1_ASAP7_75t_R cells.
Mapping DFF cells in module `\wg_buffer$GPU.cta.cta_sche.wg_buffer_inst':
  mapped 338 $_DFF_P_ cells to \DFFHQNx1_ASAP7_75t_R cells.
Mapping DFF cells in module `\Arbiter1_TLBundleA_lite$GPU.cluster2L2Arbiter.memReqArb':
Mapping DFF cells in module `\Arbiter1_TLBundleD_lite_plus$GPU.l2Distribute.memRspArb':
Mapping DFF cells in module `\Queue2_TLBundleA_lite$GPU.SM2clusterArbiter.memReqBuf':
  mapped 3 $_DFF_P_ cells to \DFFHQNx1_ASAP7_75t_R cells.
Mapping DFF cells in module `\Arbiter2_TLBundleA_lite$GPU.SM2clusterArbiter.memReqArb':
Mapping DFF cells in module `\Queue1_DirectoryResult_lite_victim$GPU.Scheduler.dir_result_buffer':
  mapped 1245 $_DFF_P_ cells to \DFFHQNx1_ASAP7_75t_R cells.
Mapping DFF cells in module `\Queue8_FullRequest$GPU.Scheduler.write_buffer':
  mapped 7 $_DFF_P_ cells to \DFFHQNx1_ASAP7_75t_R cells.
Mapping DFF cells in module `\MSHR_4$GPU.Scheduler.mshrs_31':
  mapped 2099 $_DFF_P_ cells to \DFFHQNx1_ASAP7_75t_R cells.
Mapping DFF cells in module `\MSHR_4$GPU.Scheduler.mshrs_30':
  mapped 2099 $_DFF_P_ cells to \DFFHQNx1_ASAP7_75t_R cells.
Mapping DFF cells in module `\MSHR_4$GPU.Scheduler.mshrs_29':
  mapped 2099 $_DFF_P_ cells to \DFFHQNx1_ASAP7_75t_R cells.
Mapping DFF cells in module `\MSHR_4$GPU.Scheduler.mshrs_28':
  mapped 2099 $_DFF_P_ cells to \DFFHQNx1_ASAP7_75t_R cells.
Mapping DFF cells in module `\MSHR_4$GPU.Scheduler.mshrs_27':
  mapped 2099 $_DFF_P_ cells to \DFFHQNx1_ASAP7_75t_R cells.
Mapping DFF cells in module `\MSHR_4$GPU.Scheduler.mshrs_26':
  mapped 2099 $_DFF_P_ cells to \DFFHQNx1_ASAP7_75t_R cells.
Mapping DFF cells in module `\MSHR_4$GPU.Scheduler.mshrs_25':
  mapped 2099 $_DFF_P_ cells to \DFFHQNx1_ASAP7_75t_R cells.
Mapping DFF cells in module `\MSHR_4$GPU.Scheduler.mshrs_24':
  mapped 2099 $_DFF_P_ cells to \DFFHQNx1_ASAP7_75t_R cells.
Mapping DFF cells in module `\MSHR_4$GPU.Scheduler.mshrs_23':
  mapped 2099 $_DFF_P_ cells to \DFFHQNx1_ASAP7_75t_R cells.
Mapping DFF cells in module `\MSHR_4$GPU.Scheduler.mshrs_22':
  mapped 2099 $_DFF_P_ cells to \DFFHQNx1_ASAP7_75t_R cells.
Mapping DFF cells in module `\MSHR_4$GPU.Scheduler.mshrs_21':
  mapped 2099 $_DFF_P_ cells to \DFFHQNx1_ASAP7_75t_R cells.
Mapping DFF cells in module `\MSHR_4$GPU.Scheduler.mshrs_20':
  mapped 2099 $_DFF_P_ cells to \DFFHQNx1_ASAP7_75t_R cells.
Mapping DFF cells in module `\MSHR_4$GPU.Scheduler.mshrs_19':
  mapped 2099 $_DFF_P_ cells to \DFFHQNx1_ASAP7_75t_R cells.
Mapping DFF cells in module `\MSHR_4$GPU.Scheduler.mshrs_18':
  mapped 2099 $_DFF_P_ cells to \DFFHQNx1_ASAP7_75t_R cells.
Mapping DFF cells in module `\MSHR_4$GPU.Scheduler.mshrs_17':
  mapped 2099 $_DFF_P_ cells to \DFFHQNx1_ASAP7_75t_R cells.
Mapping DFF cells in module `\MSHR_4$GPU.Scheduler.mshrs_16':
  mapped 2099 $_DFF_P_ cells to \DFFHQNx1_ASAP7_75t_R cells.
Mapping DFF cells in module `\MSHR_4$GPU.Scheduler.mshrs_15':
  mapped 2099 $_DFF_P_ cells to \DFFHQNx1_ASAP7_75t_R cells.
Mapping DFF cells in module `\MSHR_4$GPU.Scheduler.mshrs_14':
  mapped 2099 $_DFF_P_ cells to \DFFHQNx1_ASAP7_75t_R cells.
Mapping DFF cells in module `\MSHR_4$GPU.Scheduler.mshrs_13':
  mapped 2099 $_DFF_P_ cells to \DFFHQNx1_ASAP7_75t_R cells.
Mapping DFF cells in module `\MSHR_4$GPU.Scheduler.mshrs_12':
  mapped 2099 $_DFF_P_ cells to \DFFHQNx1_ASAP7_75t_R cells.
Mapping DFF cells in module `\MSHR_4$GPU.Scheduler.mshrs_11':
  mapped 2099 $_DFF_P_ cells to \DFFHQNx1_ASAP7_75t_R cells.
Mapping DFF cells in module `\MSHR_4$GPU.Scheduler.mshrs_10':
  mapped 2099 $_DFF_P_ cells to \DFFHQNx1_ASAP7_75t_R cells.
Mapping DFF cells in module `\MSHR_4$GPU.Scheduler.mshrs_9':
  mapped 2099 $_DFF_P_ cells to \DFFHQNx1_ASAP7_75t_R cells.
Mapping DFF cells in module `\MSHR_4$GPU.Scheduler.mshrs_8':
  mapped 2099 $_DFF_P_ cells to \DFFHQNx1_ASAP7_75t_R cells.
Mapping DFF cells in module `\MSHR_4$GPU.Scheduler.mshrs_7':
  mapped 2099 $_DFF_P_ cells to \DFFHQNx1_ASAP7_75t_R cells.
Mapping DFF cells in module `\MSHR_4$GPU.Scheduler.mshrs_6':
  mapped 2099 $_DFF_P_ cells to \DFFHQNx1_ASAP7_75t_R cells.
Mapping DFF cells in module `\MSHR_4$GPU.Scheduler.mshrs_5':
  mapped 2099 $_DFF_P_ cells to \DFFHQNx1_ASAP7_75t_R cells.
Mapping DFF cells in module `\MSHR_4$GPU.Scheduler.mshrs_4':
  mapped 2099 $_DFF_P_ cells to \DFFHQNx1_ASAP7_75t_R cells.
Mapping DFF cells in module `\MSHR_4$GPU.Scheduler.mshrs_3':
  mapped 2099 $_DFF_P_ cells to \DFFHQNx1_ASAP7_75t_R cells.
Mapping DFF cells in module `\MSHR_4$GPU.Scheduler.mshrs_2':
  mapped 2099 $_DFF_P_ cells to \DFFHQNx1_ASAP7_75t_R cells.
Mapping DFF cells in module `\MSHR_4$GPU.Scheduler.mshrs_1':
  mapped 2099 $_DFF_P_ cells to \DFFHQNx1_ASAP7_75t_R cells.
Mapping DFF cells in module `\MSHR_4$GPU.Scheduler.mshrs_0':
  mapped 2099 $_DFF_P_ cells to \DFFHQNx1_ASAP7_75t_R cells.
Mapping DFF cells in module `\ListBuffer_1$GPU.Scheduler.requests':
  mapped 64 $_DFF_P_ cells to \DFFHQNx1_ASAP7_75t_R cells.
Mapping DFF cells in module `\BankedStore$GPU.Scheduler.bankedStore':
Mapping DFF cells in module `\Directory_test$GPU.Scheduler.directory':
  mapped 3485 $_DFF_P_ cells to \DFFHQNx1_ASAP7_75t_R cells.
Mapping DFF cells in module `\SinkD$GPU.Scheduler.sinkD':
  mapped 1044 $_DFF_P_ cells to \DFFHQNx1_ASAP7_75t_R cells.
Mapping DFF cells in module `\SinkA$GPU.Scheduler.sinkA':
  mapped 32 $_DFF_P_ cells to \DFFHQNx1_ASAP7_75t_R cells.
Mapping DFF cells in module `\SourceD$GPU.Scheduler.sourceD':
  mapped 3607 $_DFF_P_ cells to \DFFHQNx1_ASAP7_75t_R cells.
Mapping DFF cells in module `\SourceA$GPU.Scheduler.sourceA':
Mapping DFF cells in module `\cta_scheduler_top$GPU.cta.cta_sche':
Mapping DFF cells in module `\cluster2L2Arbiter$GPU.cluster2L2Arbiter':
Mapping DFF cells in module `\l2Distribute$GPU.l2Distribute':
Mapping DFF cells in module `\SM2clusterArbiter$GPU.SM2clusterArbiter':
Mapping DFF cells in module `\Scheduler$GPU.Scheduler':
  mapped 33 $_DFF_P_ cells to \DFFHQNx1_ASAP7_75t_R cells.
Mapping DFF cells in module `\CTAinterface$GPU.cta':
Mapping DFF cells in module `\GPU':

10. Executing ABC pass (technology mapping using ABC).

10.1. Extracting gate netlist of module `\sort3_4$GPU.cta.cta_sche.resource_table_inst.handler_vgpr_1.result_tmp_inst' to `<abc-temp-dir>/input.blif'..

10.1.1. Executed ABC.
Extracted 356 gates and 390 wires to a netlist network with 33 inputs and 22 outputs.
Running ABC script: <abc-temp-dir>/abc.script
ABC: UC Berkeley, ABC 1.01 (compiled Jun  3 2026 15:06:41)
ABC: abc 01> empty
ABC: abc 01> source <abc-temp-dir>/abc.script
ABC: + read_blif <abc-temp-dir>/input.blif 
ABC: + read_scl /tmp/yosys-liberty-scl-cache/yosys_merged_a033288f.scl 
ABC: Warning: Detected 2 multi-output cells (for example, "FAx1_ASAP7_75t_R").
ABC: + strash 
ABC: + &get -n 
ABC: + &fraig -x 
ABC: + &put 
ABC: + scorr 
ABC: Warning: The network is combinational (run "fraig" or "fraig_sweep").
ABC: + dc2 
ABC: + dretime 
ABC: + retime -o -D 1000 
ABC: + strash 
ABC: + &get -n 
ABC: + &dch -f 
ABC: + &nf -D 1000 
ABC: + &put 
ABC: + write_blif <abc-temp-dir>/output.blif 
ABC: 
ABC: YOSYS_ABC_DONE 

10.1.2. Re-integrating ABC results.
ABC RESULTS:   A2O1A1Ixp33_ASAP7_75t_R cells:        2
ABC RESULTS:   A2O1A1O1Ixp25_ASAP7_75t_R cells:        3
ABC RESULTS:   AND3x1_ASAP7_75t_R cells:        2
ABC RESULTS:   AO222x2_ASAP7_75t_R cells:       11
ABC RESULTS:   AO32x1_ASAP7_75t_R cells:        2
ABC RESULTS:   AOI21xp33_ASAP7_75t_R cells:        1
ABC RESULTS:   AOI221xp5_ASAP7_75t_R cells:        2
ABC RESULTS:   AOI222xp33_ASAP7_75t_R cells:        1
ABC RESULTS:   AOI22xp33_ASAP7_75t_R cells:       14
ABC RESULTS:   INVx1_ASAP7_75t_R cells:       34
ABC RESULTS:   MAJIxp5_ASAP7_75t_R cells:        6
ABC RESULTS:   NAND2xp33_ASAP7_75t_R cells:       10
ABC RESULTS:   NAND4xp25_ASAP7_75t_R cells:        2
ABC RESULTS:   NOR2xp33_ASAP7_75t_R cells:       11
ABC RESULTS:   NOR3xp33_ASAP7_75t_R cells:        2
ABC RESULTS:   O2A1O1Ixp33_ASAP7_75t_R cells:        3
ABC RESULTS:   OA211x2_ASAP7_75t_R cells:        1
ABC RESULTS:   OA21x2_ASAP7_75t_R cells:        1
ABC RESULTS:   OA22x2_ASAP7_75t_R cells:        1
ABC RESULTS:   OA31x2_ASAP7_75t_R cells:        1
ABC RESULTS:   OAI211xp5_ASAP7_75t_R cells:        3
ABC RESULTS:   OAI21xp33_ASAP7_75t_R cells:        2
ABC RESULTS:   OAI221xp5_ASAP7_75t_R cells:        1
ABC RESULTS:   OAI222xp33_ASAP7_75t_R cells:       11
ABC RESULTS:   OAI22xp33_ASAP7_75t_R cells:        3
ABC RESULTS:   XNOR2xp5_ASAP7_75t_R cells:        4
ABC RESULTS:   XOR2xp5_ASAP7_75t_R cells:        5
ABC RESULTS:        internal signals:      335
ABC RESULTS:           input signals:       33
ABC RESULTS:          output signals:       22
Removing temp directory.

10.2. Extracting gate netlist of module `\sort3_4$GPU.cta.cta_sche.resource_table_inst.handler_vgpr_0.result_tmp_inst' to `<abc-temp-dir>/input.blif'..
ABC: using cached merged SCL: /tmp/yosys-liberty-scl-cache/yosys_merged_a033288f.scl (1 files)

10.2.1. Executed ABC.
Extracted 356 gates and 390 wires to a netlist network with 33 inputs and 22 outputs.
Running ABC script: <abc-temp-dir>/abc.script
ABC: UC Berkeley, ABC 1.01 (compiled Jun  3 2026 15:06:41)
ABC: abc 01> empty
ABC: abc 01> source <abc-temp-dir>/abc.script
ABC: + read_blif <abc-temp-dir>/input.blif 
ABC: + read_scl /tmp/yosys-liberty-scl-cache/yosys_merged_a033288f.scl 
ABC: Warning: Detected 2 multi-output cells (for example, "FAx1_ASAP7_75t_R").
ABC: + strash 
ABC: + &get -n 
ABC: + &fraig -x 
ABC: + &put 
ABC: + scorr 
ABC: Warning: The network is combinational (run "fraig" or "fraig_sweep").
ABC: + dc2 
ABC: + dretime 
ABC: + retime -o -D 1000 
ABC: + strash 
ABC: + &get -n 
ABC: + &dch -f 
ABC: + &nf -D 1000 
ABC: + &put 
ABC: + write_blif <abc-temp-dir>/output.blif 
ABC: 
ABC: YOSYS_ABC_DONE 

10.2.2. Re-integrating ABC results.
ABC RESULTS:   A2O1A1Ixp33_ASAP7_75t_R cells:        2
ABC RESULTS:   A2O1A1O1Ixp25_ASAP7_75t_R cells:        3
ABC RESULTS:   AND3x1_ASAP7_75t_R cells:        2
ABC RESULTS:   AO222x2_ASAP7_75t_R cells:       11
ABC RESULTS:   AO32x1_ASAP7_75t_R cells:        2
ABC RESULTS:   AOI21xp33_ASAP7_75t_R cells:        1
ABC RESULTS:   AOI221xp5_ASAP7_75t_R cells:        2
ABC RESULTS:   AOI222xp33_ASAP7_75t_R cells:        1
ABC RESULTS:   AOI22xp33_ASAP7_75t_R cells:       14
ABC RESULTS:   INVx1_ASAP7_75t_R cells:       34
ABC RESULTS:   MAJIxp5_ASAP7_75t_R cells:        6
ABC RESULTS:   NAND2xp33_ASAP7_75t_R cells:       10
ABC RESULTS:   NAND4xp25_ASAP7_75t_R cells:        2
ABC RESULTS:   NOR2xp33_ASAP7_75t_R cells:       11
ABC RESULTS:   NOR3xp33_ASAP7_75t_R cells:        2
ABC RESULTS:   O2A1O1Ixp33_ASAP7_75t_R cells:        3
ABC RESULTS:   OA211x2_ASAP7_75t_R cells:        1
ABC RESULTS:   OA21x2_ASAP7_75t_R cells:        1
ABC RESULTS:   OA22x2_ASAP7_75t_R cells:        1
ABC RESULTS:   OA31x2_ASAP7_75t_R cells:        1
ABC RESULTS:   OAI211xp5_ASAP7_75t_R cells:        3
ABC RESULTS:   OAI21xp33_ASAP7_75t_R cells:        2
ABC RESULTS:   OAI221xp5_ASAP7_75t_R cells:        1
ABC RESULTS:   OAI222xp33_ASAP7_75t_R cells:       11
ABC RESULTS:   OAI22xp33_ASAP7_75t_R cells:        3
ABC RESULTS:   XNOR2xp5_ASAP7_75t_R cells:        4
ABC RESULTS:   XOR2xp5_ASAP7_75t_R cells:        5
ABC RESULTS:        internal signals:      335
ABC RESULTS:           input signals:       33
ABC RESULTS:          output signals:       22
Removing temp directory.

10.3. Extracting gate netlist of module `\sort3_2$GPU.cta.cta_sche.resource_table_inst.handler_sgpr_1.result_tmp_inst' to `<abc-temp-dir>/input.blif'..
ABC: using cached merged SCL: /tmp/yosys-liberty-scl-cache/yosys_merged_a033288f.scl (1 files)

10.3.1. Executed ABC.
Extracted 392 gates and 429 wires to a netlist network with 36 inputs and 24 outputs.
Running ABC script: <abc-temp-dir>/abc.script
ABC: UC Berkeley, ABC 1.01 (compiled Jun  3 2026 15:06:41)
ABC: abc 01> empty
ABC: abc 01> source <abc-temp-dir>/abc.script
ABC: + read_blif <abc-temp-dir>/input.blif 
ABC: + read_scl /tmp/yosys-liberty-scl-cache/yosys_merged_a033288f.scl 
ABC: Warning: Detected 2 multi-output cells (for example, "FAx1_ASAP7_75t_R").
ABC: + strash 
ABC: + &get -n 
ABC: + &fraig -x 
ABC: + &put 
ABC: + scorr 
ABC: Warning: The network is combinational (run "fraig" or "fraig_sweep").
ABC: + dc2 
ABC: + dretime 
ABC: + retime -o -D 1000 
ABC: + strash 
ABC: + &get -n 
ABC: + &dch -f 
ABC: + &nf -D 1000 
ABC: + &put 
ABC: + write_blif <abc-temp-dir>/output.blif 
ABC: 
ABC: YOSYS_ABC_DONE 

10.3.2. Re-integrating ABC results.
ABC RESULTS:   A2O1A1Ixp33_ASAP7_75t_R cells:        3
ABC RESULTS:   A2O1A1O1Ixp25_ASAP7_75t_R cells:        1
ABC RESULTS:   AND2x2_ASAP7_75t_R cells:        1
ABC RESULTS:   AND4x1_ASAP7_75t_R cells:        1
ABC RESULTS:   AO222x2_ASAP7_75t_R cells:       12
ABC RESULTS:   AOI211xp5_ASAP7_75t_R cells:        7
ABC RESULTS:   AOI21xp33_ASAP7_75t_R cells:        3
ABC RESULTS:   AOI221xp5_ASAP7_75t_R cells:        1
ABC RESULTS:   AOI22xp33_ASAP7_75t_R cells:        8
ABC RESULTS:   AOI32xp33_ASAP7_75t_R cells:        1
ABC RESULTS:   INVx1_ASAP7_75t_R cells:       38
ABC RESULTS:   MAJIxp5_ASAP7_75t_R cells:        4
ABC RESULTS:   NAND2xp33_ASAP7_75t_R cells:        8
ABC RESULTS:   NAND3xp33_ASAP7_75t_R cells:        1
ABC RESULTS:   NOR2xp33_ASAP7_75t_R cells:        6
ABC RESULTS:   NOR3xp33_ASAP7_75t_R cells:        1
ABC RESULTS:   NOR4xp25_ASAP7_75t_R cells:        1
ABC RESULTS:   O2A1O1Ixp33_ASAP7_75t_R cells:        2
ABC RESULTS:   OA211x2_ASAP7_75t_R cells:        1
ABC RESULTS:   OA21x2_ASAP7_75t_R cells:        1
ABC RESULTS:   OAI211xp5_ASAP7_75t_R cells:        7
ABC RESULTS:   OAI21xp33_ASAP7_75t_R cells:        5
ABC RESULTS:   OAI221xp5_ASAP7_75t_R cells:        1
ABC RESULTS:   OAI222xp33_ASAP7_75t_R cells:       12
ABC RESULTS:   OAI22xp33_ASAP7_75t_R cells:        9
ABC RESULTS:   XNOR2xp5_ASAP7_75t_R cells:       13
ABC RESULTS:   XOR2xp5_ASAP7_75t_R cells:        9
ABC RESULTS:        internal signals:      369
ABC RESULTS:           input signals:       36
ABC RESULTS:          output signals:       24
Removing temp directory.

10.4. Extracting gate netlist of module `\sort3_2$GPU.cta.cta_sche.resource_table_inst.handler_sgpr_0.result_tmp_inst' to `<abc-temp-dir>/input.blif'..
ABC: using cached merged SCL: /tmp/yosys-liberty-scl-cache/yosys_merged_a033288f.scl (1 files)

10.4.1. Executed ABC.
Extracted 392 gates and 429 wires to a netlist network with 36 inputs and 24 outputs.
Running ABC script: <abc-temp-dir>/abc.script
ABC: UC Berkeley, ABC 1.01 (compiled Jun  3 2026 15:06:41)
ABC: abc 01> empty
ABC: abc 01> source <abc-temp-dir>/abc.script
ABC: + read_blif <abc-temp-dir>/input.blif 
ABC: + read_scl /tmp/yosys-liberty-scl-cache/yosys_merged_a033288f.scl 
ABC: Warning: Detected 2 multi-output cells (for example, "FAx1_ASAP7_75t_R").
ABC: + strash 
ABC: + &get -n 
ABC: + &fraig -x 
ABC: + &put 
ABC: + scorr 
ABC: Warning: The network is combinational (run "fraig" or "fraig_sweep").
ABC: + dc2 
ABC: + dretime 
ABC: + retime -o -D 1000 
ABC: + strash 
ABC: + &get -n 
ABC: + &dch -f 
ABC: + &nf -D 1000 
ABC: + &put 
ABC: + write_blif <abc-temp-dir>/output.blif 
ABC: 
ABC: YOSYS_ABC_DONE 

10.4.2. Re-integrating ABC results.
ABC RESULTS:   A2O1A1Ixp33_ASAP7_75t_R cells:        3
ABC RESULTS:   A2O1A1O1Ixp25_ASAP7_75t_R cells:        1
ABC RESULTS:   AND2x2_ASAP7_75t_R cells:        1
ABC RESULTS:   AND4x1_ASAP7_75t_R cells:        1
ABC RESULTS:   AO222x2_ASAP7_75t_R cells:       12
ABC RESULTS:   AOI211xp5_ASAP7_75t_R cells:        7
ABC RESULTS:   AOI21xp33_ASAP7_75t_R cells:        3
ABC RESULTS:   AOI221xp5_ASAP7_75t_R cells:        1
ABC RESULTS:   AOI22xp33_ASAP7_75t_R cells:        8
ABC RESULTS:   AOI32xp33_ASAP7_75t_R cells:        1
ABC RESULTS:   INVx1_ASAP7_75t_R cells:       38
ABC RESULTS:   MAJIxp5_ASAP7_75t_R cells:        4
ABC RESULTS:   NAND2xp33_ASAP7_75t_R cells:        8
ABC RESULTS:   NAND3xp33_ASAP7_75t_R cells:        1
ABC RESULTS:   NOR2xp33_ASAP7_75t_R cells:        6
ABC RESULTS:   NOR3xp33_ASAP7_75t_R cells:        1
ABC RESULTS:   NOR4xp25_ASAP7_75t_R cells:        1
ABC RESULTS:   O2A1O1Ixp33_ASAP7_75t_R cells:        2
ABC RESULTS:   OA211x2_ASAP7_75t_R cells:        1
ABC RESULTS:   OA21x2_ASAP7_75t_R cells:        1
ABC RESULTS:   OAI211xp5_ASAP7_75t_R cells:        7
ABC RESULTS:   OAI21xp33_ASAP7_75t_R cells:        5
ABC RESULTS:   OAI221xp5_ASAP7_75t_R cells:        1
ABC RESULTS:   OAI222xp33_ASAP7_75t_R cells:       12
ABC RESULTS:   OAI22xp33_ASAP7_75t_R cells:        9
ABC RESULTS:   XNOR2xp5_ASAP7_75t_R cells:       13
ABC RESULTS:   XOR2xp5_ASAP7_75t_R cells:        9
ABC RESULTS:        internal signals:      369
ABC RESULTS:           input signals:       36
ABC RESULTS:          output signals:       24
Removing temp directory.

10.5. Extracting gate netlist of module `\sort3$GPU.cta.cta_sche.resource_table_inst.handler_lds_1.result_tmp_inst' to `<abc-temp-dir>/input.blif'..
ABC: using cached merged SCL: /tmp/yosys-liberty-scl-cache/yosys_merged_a033288f.scl (1 files)

10.5.1. Executed ABC.
Extracted 587 gates and 642 wires to a netlist network with 54 inputs and 36 outputs.
Running ABC script: <abc-temp-dir>/abc.script
ABC: UC Berkeley, ABC 1.01 (compiled Jun  3 2026 15:06:41)
ABC: abc 01> empty
ABC: abc 01> source <abc-temp-dir>/abc.script
ABC: + read_blif <abc-temp-dir>/input.blif 
ABC: + read_scl /tmp/yosys-liberty-scl-cache/yosys_merged_a033288f.scl 
ABC: Warning: Detected 2 multi-output cells (for example, "FAx1_ASAP7_75t_R").
ABC: + strash 
ABC: + &get -n 
ABC: + &fraig -x 
ABC: + &put 
ABC: + scorr 
ABC: Warning: The network is combinational (run "fraig" or "fraig_sweep").
ABC: + dc2 
ABC: + dretime 
ABC: + retime -o -D 1000 
ABC: + strash 
ABC: + &get -n 
ABC: + &dch -f 
ABC: + &nf -D 1000 
ABC: + &put 
ABC: + write_blif <abc-temp-dir>/output.blif 
ABC: 
ABC: YOSYS_ABC_DONE 

10.5.2. Re-integrating ABC results.
ABC RESULTS:   A2O1A1Ixp33_ASAP7_75t_R cells:        5
ABC RESULTS:   A2O1A1O1Ixp25_ASAP7_75t_R cells:        1
ABC RESULTS:   AND2x2_ASAP7_75t_R cells:        2
ABC RESULTS:   AND3x1_ASAP7_75t_R cells:        1
ABC RESULTS:   AO21x1_ASAP7_75t_R cells:        1
ABC RESULTS:   AO222x2_ASAP7_75t_R cells:       18
ABC RESULTS:   AOI211xp5_ASAP7_75t_R cells:       10
ABC RESULTS:   AOI21xp33_ASAP7_75t_R cells:        3
ABC RESULTS:   AOI221xp5_ASAP7_75t_R cells:        1
ABC RESULTS:   AOI22xp33_ASAP7_75t_R cells:       17
ABC RESULTS:   AOI311xp33_ASAP7_75t_R cells:        1
ABC RESULTS:   INVx1_ASAP7_75t_R cells:       54
ABC RESULTS:   MAJIxp5_ASAP7_75t_R cells:        5
ABC RESULTS:   NAND2xp33_ASAP7_75t_R cells:       21
ABC RESULTS:   NAND3xp33_ASAP7_75t_R cells:        1
ABC RESULTS:   NAND4xp25_ASAP7_75t_R cells:        7
ABC RESULTS:   NOR2xp33_ASAP7_75t_R cells:       14
ABC RESULTS:   NOR3xp33_ASAP7_75t_R cells:        1
ABC RESULTS:   NOR4xp25_ASAP7_75t_R cells:        4
ABC RESULTS:   O2A1O1Ixp33_ASAP7_75t_R cells:        5
ABC RESULTS:   OA211x2_ASAP7_75t_R cells:        2
ABC RESULTS:   OA21x2_ASAP7_75t_R cells:        1
ABC RESULTS:   OAI211xp5_ASAP7_75t_R cells:        9
ABC RESULTS:   OAI21xp33_ASAP7_75t_R cells:        2
ABC RESULTS:   OAI221xp5_ASAP7_75t_R cells:        2
ABC RESULTS:   OAI222xp33_ASAP7_75t_R cells:       18
ABC RESULTS:   OAI22xp33_ASAP7_75t_R cells:        9
ABC RESULTS:   OAI311xp33_ASAP7_75t_R cells:        1
ABC RESULTS:   OR2x2_ASAP7_75t_R cells:        1
ABC RESULTS:   OR4x1_ASAP7_75t_R cells:        1
ABC RESULTS:   XNOR2xp5_ASAP7_75t_R cells:       14
ABC RESULTS:   XOR2xp5_ASAP7_75t_R cells:        9
ABC RESULTS:        internal signals:      552
ABC RESULTS:           input signals:       54
ABC RESULTS:          output signals:       36
Removing temp directory.

10.6. Extracting gate netlist of module `\sort3$GPU.cta.cta_sche.resource_table_inst.handler_lds_0.result_tmp_inst' to `<abc-temp-dir>/input.blif'..
ABC: using cached merged SCL: /tmp/yosys-liberty-scl-cache/yosys_merged_a033288f.scl (1 files)

10.6.1. Executed ABC.
Extracted 587 gates and 642 wires to a netlist network with 54 inputs and 36 outputs.
Running ABC script: <abc-temp-dir>/abc.script
ABC: UC Berkeley, ABC 1.01 (compiled Jun  3 2026 15:06:41)
ABC: abc 01> empty
ABC: abc 01> source <abc-temp-dir>/abc.script
ABC: + read_blif <abc-temp-dir>/input.blif 
ABC: + read_scl /tmp/yosys-liberty-scl-cache/yosys_merged_a033288f.scl 
ABC: Warning: Detected 2 multi-output cells (for example, "FAx1_ASAP7_75t_R").
ABC: + strash 
ABC: + &get -n 
ABC: + &fraig -x 
ABC: + &put 
ABC: + scorr 
ABC: Warning: The network is combinational (run "fraig" or "fraig_sweep").
ABC: + dc2 
ABC: + dretime 
ABC: + retime -o -D 1000 
ABC: + strash 
ABC: + &get -n 
ABC: + &dch -f 
ABC: + &nf -D 1000 
ABC: + &put 
ABC: + write_blif <abc-temp-dir>/output.blif 
ABC: 
ABC: YOSYS_ABC_DONE 

10.6.2. Re-integrating ABC results.
ABC RESULTS:   A2O1A1Ixp33_ASAP7_75t_R cells:        5
ABC RESULTS:   A2O1A1O1Ixp25_ASAP7_75t_R cells:        1
ABC RESULTS:   AND2x2_ASAP7_75t_R cells:        2
ABC RESULTS:   AND3x1_ASAP7_75t_R cells:        1
ABC RESULTS:   AO21x1_ASAP7_75t_R cells:        1
ABC RESULTS:   AO222x2_ASAP7_75t_R cells:       18
ABC RESULTS:   AOI211xp5_ASAP7_75t_R cells:       10
ABC RESULTS:   AOI21xp33_ASAP7_75t_R cells:        3
ABC RESULTS:   AOI221xp5_ASAP7_75t_R cells:        1
ABC RESULTS:   AOI22xp33_ASAP7_75t_R cells:       17
ABC RESULTS:   AOI311xp33_ASAP7_75t_R cells:        1
ABC RESULTS:   INVx1_ASAP7_75t_R cells:       54
ABC RESULTS:   MAJIxp5_ASAP7_75t_R cells:        5
ABC RESULTS:   NAND2xp33_ASAP7_75t_R cells:       21
ABC RESULTS:   NAND3xp33_ASAP7_75t_R cells:        1
ABC RESULTS:   NAND4xp25_ASAP7_75t_R cells:        7
ABC RESULTS:   NOR2xp33_ASAP7_75t_R cells:       14
ABC RESULTS:   NOR3xp33_ASAP7_75t_R cells:        1
ABC RESULTS:   NOR4xp25_ASAP7_75t_R cells:        4
ABC RESULTS:   O2A1O1Ixp33_ASAP7_75t_R cells:        5
ABC RESULTS:   OA211x2_ASAP7_75t_R cells:        2
ABC RESULTS:   OA21x2_ASAP7_75t_R cells:        1
ABC RESULTS:   OAI211xp5_ASAP7_75t_R cells:        9
ABC RESULTS:   OAI21xp33_ASAP7_75t_R cells:        2
ABC RESULTS:   OAI221xp5_ASAP7_75t_R cells:        2
ABC RESULTS:   OAI222xp33_ASAP7_75t_R cells:       18
ABC RESULTS:   OAI22xp33_ASAP7_75t_R cells:        9
ABC RESULTS:   OAI311xp33_ASAP7_75t_R cells:        1
ABC RESULTS:   OR2x2_ASAP7_75t_R cells:        1
ABC RESULTS:   OR4x1_ASAP7_75t_R cells:        1
ABC RESULTS:   XNOR2xp5_ASAP7_75t_R cells:       14
ABC RESULTS:   XOR2xp5_ASAP7_75t_R cells:        9
ABC RESULTS:        internal signals:      552
ABC RESULTS:           input signals:       54
ABC RESULTS:          output signals:       36
Removing temp directory.

10.7. Extracting gate netlist of module `\RRArbiter$GPU.cta.cta_sche.cu_interface_inst.arb_inst' to `<abc-temp-dir>/input.blif'..
ABC: using cached merged SCL: /tmp/yosys-liberty-scl-cache/yosys_merged_a033288f.scl (1 files)

10.7.1. Executed ABC.
Extracted 21 gates and 37 wires to a netlist network with 16 inputs and 11 outputs.
Running ABC script: <abc-temp-dir>/abc.script
ABC: UC Berkeley, ABC 1.01 (compiled Jun  3 2026 15:06:41)
ABC: abc 01> empty
ABC: abc 01> source <abc-temp-dir>/abc.script
ABC: + read_blif <abc-temp-dir>/input.blif 
ABC: + read_scl /tmp/yosys-liberty-scl-cache/yosys_merged_a033288f.scl 
ABC: Warning: Detected 2 multi-output cells (for example, "FAx1_ASAP7_75t_R").
ABC: + strash 
ABC: + &get -n 
ABC: + &fraig -x 
ABC: + &put 
ABC: + scorr 
ABC: Warning: The network is combinational (run "fraig" or "fraig_sweep").
ABC: + dc2 
ABC: + dretime 
ABC: + retime -o -D 1000 
ABC: + strash 
ABC: + &get -n 
ABC: + &dch -f 
ABC: + &nf -D 1000 
ABC: + &put 
ABC: + write_blif <abc-temp-dir>/output.blif 
ABC: 
ABC: YOSYS_ABC_DONE 

10.7.2. Re-integrating ABC results.
ABC RESULTS:   AND2x2_ASAP7_75t_R cells:        1
ABC RESULTS:   AOI21xp33_ASAP7_75t_R cells:        3
ABC RESULTS:   AOI31xp33_ASAP7_75t_R cells:        1
ABC RESULTS:   INVx1_ASAP7_75t_R cells:        9
ABC RESULTS:   NAND2xp33_ASAP7_75t_R cells:        1
ABC RESULTS:   NAND3xp33_ASAP7_75t_R cells:        6
ABC RESULTS:   OAI21xp33_ASAP7_75t_R cells:        6
ABC RESULTS:   OR2x2_ASAP7_75t_R cells:        1
ABC RESULTS:        internal signals:       10
ABC RESULTS:           input signals:       16
ABC RESULTS:          output signals:       11
Removing temp directory.

10.8. Extracting gate netlist of module `\Queue2_cta_data$GPU.cta.cta_sche.cu_interface_inst.fifo' to `<abc-temp-dir>/input.blif'..
ABC: using cached merged SCL: /tmp/yosys-liberty-scl-cache/yosys_merged_a033288f.scl (1 files)
Replacing 3 occurrences of constant undef bits with constant zero bits

10.8.1. Executed ABC.
Extracted 26 gates and 34 wires to a netlist network with 6 inputs and 8 outputs.
Running ABC script: <abc-temp-dir>/abc.script
ABC: UC Berkeley, ABC 1.01 (compiled Jun  3 2026 15:06:41)
ABC: abc 01> empty
ABC: abc 01> source <abc-temp-dir>/abc.script
ABC: + read_blif <abc-temp-dir>/input.blif 
ABC: + read_scl /tmp/yosys-liberty-scl-cache/yosys_merged_a033288f.scl 
ABC: Warning: Detected 2 multi-output cells (for example, "FAx1_ASAP7_75t_R").
ABC: + strash 
ABC: + &get -n 
ABC: + &fraig -x 
ABC: + &put 
ABC: + scorr 
ABC: Warning: The network is combinational (run "fraig" or "fraig_sweep").
ABC: + dc2 
ABC: + dretime 
ABC: + retime -o -D 1000 
ABC: + strash 
ABC: + &get -n 
ABC: + &dch -f 
ABC: + &nf -D 1000 
ABC: + &put 
ABC: + write_blif <abc-temp-dir>/output.blif 
ABC: 
ABC: YOSYS_ABC_DONE 

10.8.2. Re-integrating ABC results.
ABC RESULTS:   A2O1A1Ixp33_ASAP7_75t_R cells:        3
ABC RESULTS:   AOI21xp33_ASAP7_75t_R cells:        2
ABC RESULTS:   INVx1_ASAP7_75t_R cells:        6
ABC RESULTS:   OA211x2_ASAP7_75t_R cells:        1
ABC RESULTS:   OA21x2_ASAP7_75t_R cells:        1
ABC RESULTS:   OAI211xp5_ASAP7_75t_R cells:        2
ABC RESULTS:   OR2x2_ASAP7_75t_R cells:        2
ABC RESULTS:   XOR2xp5_ASAP7_75t_R cells:        1
ABC RESULTS:        internal signals:       20
ABC RESULTS:           input signals:        6
ABC RESULTS:          output signals:        8
Removing temp directory.

10.9. Extracting gate netlist of module `\Queue1_5_Anon_2$GPU.cta.cta_sche.resource_table_inst.baseaddr_vgpr_reg_q' to `<abc-temp-dir>/input.blif'..
ABC: using cached merged SCL: /tmp/yosys-liberty-scl-cache/yosys_merged_a033288f.scl (1 files)
Replacing 1 occurrences of constant undef bits with constant zero bits

10.9.1. Executed ABC.
Extracted 141 gates and 231 wires to a netlist network with 88 inputs and 87 outputs.
Running ABC script: <abc-temp-dir>/abc.script
ABC: UC Berkeley, ABC 1.01 (compiled Jun  3 2026 15:06:41)
ABC: abc 01> empty
ABC: abc 01> source <abc-temp-dir>/abc.script
ABC: + read_blif <abc-temp-dir>/input.blif 
ABC: + read_scl /tmp/yosys-liberty-scl-cache/yosys_merged_a033288f.scl 
ABC: Warning: Detected 2 multi-output cells (for example, "FAx1_ASAP7_75t_R").
ABC: + strash 
ABC: + &get -n 
ABC: + &fraig -x 
ABC: + &put 
ABC: + scorr 
ABC: Warning: The network is combinational (run "fraig" or "fraig_sweep").
ABC: + dc2 
ABC: + dretime 
ABC: + retime -o -D 1000 
ABC: + strash 
ABC: + &get -n 
ABC: + &dch -f 
ABC: + &nf -D 1000 
ABC: + &put 
ABC: + write_blif <abc-temp-dir>/output.blif 
ABC: 
ABC: YOSYS_ABC_DONE 

10.9.2. Re-integrating ABC results.
ABC RESULTS:   AND3x1_ASAP7_75t_R cells:        1
ABC RESULTS:   AOI21xp33_ASAP7_75t_R cells:        1
ABC RESULTS:   INVx1_ASAP7_75t_R cells:        1
ABC RESULTS:   NAND2xp33_ASAP7_75t_R cells:       45
ABC RESULTS:   NAND4xp25_ASAP7_75t_R cells:       42
ABC RESULTS:   OAI21xp33_ASAP7_75t_R cells:       84
ABC RESULTS:   OR2x2_ASAP7_75t_R cells:        1
ABC RESULTS:        internal signals:       56
ABC RESULTS:           input signals:       88
ABC RESULTS:          output signals:       87
Removing temp directory.

10.10. Extracting gate netlist of module `\Queue1_5_Anon_1$GPU.cta.cta_sche.resource_table_inst.baseaddr_sgpr_reg_q' to `<abc-temp-dir>/input.blif'..
ABC: using cached merged SCL: /tmp/yosys-liberty-scl-cache/yosys_merged_a033288f.scl (1 files)
Replacing 1 occurrences of constant undef bits with constant zero bits

10.10.1. Executed ABC.
Extracted 144 gates and 236 wires to a netlist network with 90 inputs and 89 outputs.
Running ABC script: <abc-temp-dir>/abc.script
ABC: UC Berkeley, ABC 1.01 (compiled Jun  3 2026 15:06:41)
ABC: abc 01> empty
ABC: abc 01> source <abc-temp-dir>/abc.script
ABC: + read_blif <abc-temp-dir>/input.blif 
ABC: + read_scl /tmp/yosys-liberty-scl-cache/yosys_merged_a033288f.scl 
ABC: Warning: Detected 2 multi-output cells (for example, "FAx1_ASAP7_75t_R").
ABC: + strash 
ABC: + &get -n 
ABC: + &fraig -x 
ABC: + &put 
ABC: + scorr 
ABC: Warning: The network is combinational (run "fraig" or "fraig_sweep").
ABC: + dc2 
ABC: + dretime 
ABC: + retime -o -D 1000 
ABC: + strash 
ABC: + &get -n 
ABC: + &dch -f 
ABC: + &nf -D 1000 
ABC: + &put 
ABC: + write_blif <abc-temp-dir>/output.blif 
ABC: 
ABC: YOSYS_ABC_DONE 

10.10.2. Re-integrating ABC results.
ABC RESULTS:   AND3x1_ASAP7_75t_R cells:        1
ABC RESULTS:   AOI21xp33_ASAP7_75t_R cells:        1
ABC RESULTS:   INVx1_ASAP7_75t_R cells:        1
ABC RESULTS:   NAND2xp33_ASAP7_75t_R cells:       46
ABC RESULTS:   NAND4xp25_ASAP7_75t_R cells:       43
ABC RESULTS:   OAI21xp33_ASAP7_75t_R cells:       86
ABC RESULTS:   OR2x2_ASAP7_75t_R cells:        1
ABC RESULTS:        internal signals:       57
ABC RESULTS:           input signals:       90
ABC RESULTS:          output signals:       89
Removing temp directory.

10.11. Extracting gate netlist of module `\Queue1_5_Anon$GPU.cta.cta_sche.resource_table_inst.baseaddr_lds_reg_q' to `<abc-temp-dir>/input.blif'..
ABC: using cached merged SCL: /tmp/yosys-liberty-scl-cache/yosys_merged_a033288f.scl (1 files)
Replacing 1 occurrences of constant undef bits with constant zero bits

10.11.1. Executed ABC.
Extracted 162 gates and 266 wires to a netlist network with 102 inputs and 101 outputs.
Running ABC script: <abc-temp-dir>/abc.script
ABC: UC Berkeley, ABC 1.01 (compiled Jun  3 2026 15:06:41)
ABC: abc 01> empty
ABC: abc 01> source <abc-temp-dir>/abc.script
ABC: + read_blif <abc-temp-dir>/input.blif 
ABC: + read_scl /tmp/yosys-liberty-scl-cache/yosys_merged_a033288f.scl 
ABC: Warning: Detected 2 multi-output cells (for example, "FAx1_ASAP7_75t_R").
ABC: + strash 
ABC: + &get -n 
ABC: + &fraig -x 
ABC: + &put 
ABC: + scorr 
ABC: Warning: The network is combinational (run "fraig" or "fraig_sweep").
ABC: + dc2 
ABC: + dretime 
ABC: + retime -o -D 1000 
ABC: + strash 
ABC: + &get -n 
ABC: + &dch -f 
ABC: + &nf -D 1000 
ABC: + &put 
ABC: + write_blif <abc-temp-dir>/output.blif 
ABC: 
ABC: YOSYS_ABC_DONE 

10.11.2. Re-integrating ABC results.
ABC RESULTS:   AND3x1_ASAP7_75t_R cells:        1
ABC RESULTS:   AOI21xp33_ASAP7_75t_R cells:        1
ABC RESULTS:   INVx1_ASAP7_75t_R cells:        1
ABC RESULTS:   NAND2xp33_ASAP7_75t_R cells:       52
ABC RESULTS:   NAND4xp25_ASAP7_75t_R cells:       49
ABC RESULTS:   OAI21xp33_ASAP7_75t_R cells:       98
ABC RESULTS:   OR2x2_ASAP7_75t_R cells:        1
ABC RESULTS:        internal signals:       63
ABC RESULTS:           input signals:      102
ABC RESULTS:          output signals:      101
Removing temp directory.

10.12. Extracting gate netlist of module `\Queue2_io_rt2dealloc$GPU.cta.cta_sche.resource_table_inst.slot_dealloc' to `<abc-temp-dir>/input.blif'..
ABC: using cached merged SCL: /tmp/yosys-liberty-scl-cache/yosys_merged_a033288f.scl (1 files)
Replacing 3 occurrences of constant undef bits with constant zero bits

10.12.1. Executed ABC.
Extracted 26 gates and 34 wires to a netlist network with 6 inputs and 8 outputs.
Running ABC script: <abc-temp-dir>/abc.script
ABC: UC Berkeley, ABC 1.01 (compiled Jun  3 2026 15:06:41)
ABC: abc 01> empty
ABC: abc 01> source <abc-temp-dir>/abc.script
ABC: + read_blif <abc-temp-dir>/input.blif 
ABC: + read_scl /tmp/yosys-liberty-scl-cache/yosys_merged_a033288f.scl 
ABC: Warning: Detected 2 multi-output cells (for example, "FAx1_ASAP7_75t_R").
ABC: + strash 
ABC: + &get -n 
ABC: + &fraig -x 
ABC: + &put 
ABC: + scorr 
ABC: Warning: The network is combinational (run "fraig" or "fraig_sweep").
ABC: + dc2 
ABC: + dretime 
ABC: + retime -o -D 1000 
ABC: + strash 
ABC: + &get -n 
ABC: + &dch -f 
ABC: + &nf -D 1000 
ABC: + &put 
ABC: + write_blif <abc-temp-dir>/output.blif 
ABC: 
ABC: YOSYS_ABC_DONE 

10.12.2. Re-integrating ABC results.
ABC RESULTS:   A2O1A1Ixp33_ASAP7_75t_R cells:        2
ABC RESULTS:   AOI21xp33_ASAP7_75t_R cells:        2
ABC RESULTS:   INVx1_ASAP7_75t_R cells:        8
ABC RESULTS:   NAND2xp33_ASAP7_75t_R cells:        2
ABC RESULTS:   O2A1O1Ixp33_ASAP7_75t_R cells:        1
ABC RESULTS:   OA211x2_ASAP7_75t_R cells:        1
ABC RESULTS:   OA21x2_ASAP7_75t_R cells:        1
ABC RESULTS:   OAI211xp5_ASAP7_75t_R cells:        2
ABC RESULTS:   XOR2xp5_ASAP7_75t_R cells:        1
ABC RESULTS:        internal signals:       20
ABC RESULTS:           input signals:        6
ABC RESULTS:          output signals:        8
Removing temp directory.

10.13. Extracting gate netlist of module `\DecoupledIO_1_to_3_1$GPU.cta.cta_sche.resource_table_inst.dealloc_decoupledio' to `<abc-temp-dir>/input.blif'..
ABC: using cached merged SCL: /tmp/yosys-liberty-scl-cache/yosys_merged_a033288f.scl (1 files)

10.13.1. Executed ABC.
Extracted 45 gates and 57 wires to a netlist network with 11 inputs and 7 outputs.
Running ABC script: <abc-temp-dir>/abc.script
ABC: UC Berkeley, ABC 1.01 (compiled Jun  3 2026 15:06:41)
ABC: abc 01> empty
ABC: abc 01> source <abc-temp-dir>/abc.script
ABC: + read_blif <abc-temp-dir>/input.blif 
ABC: + read_scl /tmp/yosys-liberty-scl-cache/yosys_merged_a033288f.scl 
ABC: Warning: Detected 2 multi-output cells (for example, "FAx1_ASAP7_75t_R").
ABC: + strash 
ABC: + &get -n 
ABC: + &fraig -x 
ABC: + &put 
ABC: + scorr 
ABC: Warning: The network is combinational (run "fraig" or "fraig_sweep").
ABC: + dc2 
ABC: + dretime 
ABC: + retime -o -D 1000 
ABC: + strash 
ABC: + &get -n 
ABC: + &dch -f 
ABC: + &nf -D 1000 
ABC: + &put 
ABC: + write_blif <abc-temp-dir>/output.blif 
ABC: 
ABC: YOSYS_ABC_DONE 

10.13.2. Re-integrating ABC results.
ABC RESULTS:   AO21x1_ASAP7_75t_R cells:        3
ABC RESULTS:   AOI211xp5_ASAP7_75t_R cells:        3
ABC RESULTS:   AOI311xp33_ASAP7_75t_R cells:        3
ABC RESULTS:   INVx1_ASAP7_75t_R cells:       10
ABC RESULTS:   NOR3xp33_ASAP7_75t_R cells:        4
ABC RESULTS:   OAI211xp5_ASAP7_75t_R cells:        3
ABC RESULTS:        internal signals:       39
ABC RESULTS:           input signals:       11
ABC RESULTS:          output signals:        7
Removing temp directory.

10.14. Extracting gate netlist of module `\DecoupledIO_1_to_3$GPU.cta.cta_sche.resource_table_inst.alloc_decoupledio' to `<abc-temp-dir>/input.blif'..
ABC: using cached merged SCL: /tmp/yosys-liberty-scl-cache/yosys_merged_a033288f.scl (1 files)

10.14.1. Executed ABC.
Extracted 30 gates and 39 wires to a netlist network with 8 inputs and 7 outputs.
Running ABC script: <abc-temp-dir>/abc.script
ABC: UC Berkeley, ABC 1.01 (compiled Jun  3 2026 15:06:41)
ABC: abc 01> empty
ABC: abc 01> source <abc-temp-dir>/abc.script
ABC: + read_blif <abc-temp-dir>/input.blif 
ABC: + read_scl /tmp/yosys-liberty-scl-cache/yosys_merged_a033288f.scl 
ABC: Warning: Detected 2 multi-output cells (for example, "FAx1_ASAP7_75t_R").
ABC: + strash 
ABC: + &get -n 
ABC: + &fraig -x 
ABC: + &put 
ABC: + scorr 
ABC: Warning: The network is combinational (run "fraig" or "fraig_sweep").
ABC: + dc2 
ABC: + dretime 
ABC: + retime -o -D 1000 
ABC: + strash 
ABC: + &get -n 
ABC: + &dch -f 
ABC: + &nf -D 1000 
ABC: + &put 
ABC: + write_blif <abc-temp-dir>/output.blif 
ABC: 
ABC: YOSYS_ABC_DONE 

10.14.2. Re-integrating ABC results.
ABC RESULTS:   AND2x2_ASAP7_75t_R cells:        3
ABC RESULTS:   AOI221xp5_ASAP7_75t_R cells:        3
ABC RESULTS:   AOI222xp33_ASAP7_75t_R cells:        1
ABC RESULTS:   NAND2xp33_ASAP7_75t_R cells:        3
ABC RESULTS:        internal signals:       24
ABC RESULTS:           input signals:        8
ABC RESULTS:          output signals:        7
Removing temp directory.

10.15. Extracting gate netlist of module `\resource_table_ram_4$GPU.cta.cta_sche.resource_table_inst.rtram_vgpr_1_0' to `<abc-temp-dir>/input.blif'..
ABC: using cached merged SCL: /tmp/yosys-liberty-scl-cache/yosys_merged_a033288f.scl (1 files)
Replacing 12 occurrences of constant undef bits with constant zero bits

10.15.1. Executed ABC.
Extracted 883 gates and 1220 wires to a netlist network with 335 inputs and 317 outputs.
Running ABC script: <abc-temp-dir>/abc.script
ABC: UC Berkeley, ABC 1.01 (compiled Jun  3 2026 15:06:41)
ABC: abc 01> empty
ABC: abc 01> source <abc-temp-dir>/abc.script
ABC: + read_blif <abc-temp-dir>/input.blif 
ABC: + read_scl /tmp/yosys-liberty-scl-cache/yosys_merged_a033288f.scl 
ABC: Warning: Detected 2 multi-output cells (for example, "FAx1_ASAP7_75t_R").
ABC: + strash 
ABC: + &get -n 
ABC: + &fraig -x 
ABC: + &put 
ABC: + scorr 
ABC: Warning: The network is combinational (run "fraig" or "fraig_sweep").
ABC: + dc2 
ABC: + dretime 
ABC: + retime -o -D 1000 
ABC: + strash 
ABC: + &get -n 
ABC: + &dch -f 
ABC: + &nf -D 1000 
ABC: + &put 
ABC: + write_blif <abc-temp-dir>/output.blif 
ABC: 
ABC: YOSYS_ABC_DONE 

10.15.2. Re-integrating ABC results.
ABC RESULTS:   A2O1A1Ixp33_ASAP7_75t_R cells:        1
ABC RESULTS:   AND2x2_ASAP7_75t_R cells:       32
ABC RESULTS:   AND3x1_ASAP7_75t_R cells:        1
ABC RESULTS:   AO21x1_ASAP7_75t_R cells:        2
ABC RESULTS:   AOI211xp5_ASAP7_75t_R cells:       33
ABC RESULTS:   AOI21xp33_ASAP7_75t_R cells:      167
ABC RESULTS:   AOI311xp33_ASAP7_75t_R cells:       33
ABC RESULTS:   AOI31xp33_ASAP7_75t_R cells:       33
ABC RESULTS:   INVx1_ASAP7_75t_R cells:       87
ABC RESULTS:   NAND2xp33_ASAP7_75t_R cells:      238
ABC RESULTS:   NAND3xp33_ASAP7_75t_R cells:        1
ABC RESULTS:   NAND4xp25_ASAP7_75t_R cells:        4
ABC RESULTS:   NOR2xp33_ASAP7_75t_R cells:      130
ABC RESULTS:   NOR3xp33_ASAP7_75t_R cells:        1
ABC RESULTS:   NOR4xp25_ASAP7_75t_R cells:        4
ABC RESULTS:   O2A1O1Ixp33_ASAP7_75t_R cells:        5
ABC RESULTS:   OAI211xp5_ASAP7_75t_R cells:       34
ABC RESULTS:   OAI21xp33_ASAP7_75t_R cells:      173
ABC RESULTS:   OR3x1_ASAP7_75t_R cells:        2
ABC RESULTS:   OR4x1_ASAP7_75t_R cells:        2
ABC RESULTS:        internal signals:      568
ABC RESULTS:           input signals:      335
ABC RESULTS:          output signals:      317
Removing temp directory.

10.16. Extracting gate netlist of module `\resource_table_ram_4$GPU.cta.cta_sche.resource_table_inst.rtram_vgpr_0_0' to `<abc-temp-dir>/input.blif'..
ABC: using cached merged SCL: /tmp/yosys-liberty-scl-cache/yosys_merged_a033288f.scl (1 files)
Replacing 12 occurrences of constant undef bits with constant zero bits

10.16.1. Executed ABC.
Extracted 883 gates and 1220 wires to a netlist network with 335 inputs and 317 outputs.
Running ABC script: <abc-temp-dir>/abc.script
ABC: UC Berkeley, ABC 1.01 (compiled Jun  3 2026 15:06:41)
ABC: abc 01> empty
ABC: abc 01> source <abc-temp-dir>/abc.script
ABC: + read_blif <abc-temp-dir>/input.blif 
ABC: + read_scl /tmp/yosys-liberty-scl-cache/yosys_merged_a033288f.scl 
ABC: Warning: Detected 2 multi-output cells (for example, "FAx1_ASAP7_75t_R").
ABC: + strash 
ABC: + &get -n 
ABC: + &fraig -x 
ABC: + &put 
ABC: + scorr 
ABC: Warning: The network is combinational (run "fraig" or "fraig_sweep").
ABC: + dc2 
ABC: + dretime 
ABC: + retime -o -D 1000 
ABC: + strash 
ABC: + &get -n 
ABC: + &dch -f 
ABC: + &nf -D 1000 
ABC: + &put 
ABC: + write_blif <abc-temp-dir>/output.blif 
ABC: 
ABC: YOSYS_ABC_DONE 

10.16.2. Re-integrating ABC results.
ABC RESULTS:   A2O1A1Ixp33_ASAP7_75t_R cells:        1
ABC RESULTS:   AND2x2_ASAP7_75t_R cells:       32
ABC RESULTS:   AND3x1_ASAP7_75t_R cells:        1
ABC RESULTS:   AO21x1_ASAP7_75t_R cells:        2
ABC RESULTS:   AOI211xp5_ASAP7_75t_R cells:       33
ABC RESULTS:   AOI21xp33_ASAP7_75t_R cells:      167
ABC RESULTS:   AOI311xp33_ASAP7_75t_R cells:       33
ABC RESULTS:   AOI31xp33_ASAP7_75t_R cells:       33
ABC RESULTS:   INVx1_ASAP7_75t_R cells:       87
ABC RESULTS:   NAND2xp33_ASAP7_75t_R cells:      238
ABC RESULTS:   NAND3xp33_ASAP7_75t_R cells:        1
ABC RESULTS:   NAND4xp25_ASAP7_75t_R cells:        4
ABC RESULTS:   NOR2xp33_ASAP7_75t_R cells:      130
ABC RESULTS:   NOR3xp33_ASAP7_75t_R cells:        1
ABC RESULTS:   NOR4xp25_ASAP7_75t_R cells:        4
ABC RESULTS:   O2A1O1Ixp33_ASAP7_75t_R cells:        5
ABC RESULTS:   OAI211xp5_ASAP7_75t_R cells:       34
ABC RESULTS:   OAI21xp33_ASAP7_75t_R cells:      173
ABC RESULTS:   OR3x1_ASAP7_75t_R cells:        2
ABC RESULTS:   OR4x1_ASAP7_75t_R cells:        2
ABC RESULTS:        internal signals:      568
ABC RESULTS:           input signals:      335
ABC RESULTS:          output signals:      317
Removing temp directory.

10.17. Extracting gate netlist of module `\resource_table_ram_2$GPU.cta.cta_sche.resource_table_inst.rtram_sgpr_1_0' to `<abc-temp-dir>/input.blif'..
ABC: using cached merged SCL: /tmp/yosys-liberty-scl-cache/yosys_merged_a033288f.scl (1 files)
Replacing 12 occurrences of constant undef bits with constant zero bits

10.17.1. Executed ABC.
Extracted 883 gates and 1220 wires to a netlist network with 335 inputs and 317 outputs.
Running ABC script: <abc-temp-dir>/abc.script
ABC: UC Berkeley, ABC 1.01 (compiled Jun  3 2026 15:06:41)
ABC: abc 01> empty
ABC: abc 01> source <abc-temp-dir>/abc.script
ABC: + read_blif <abc-temp-dir>/input.blif 
ABC: + read_scl /tmp/yosys-liberty-scl-cache/yosys_merged_a033288f.scl 
ABC: Warning: Detected 2 multi-output cells (for example, "FAx1_ASAP7_75t_R").
ABC: + strash 
ABC: + &get -n 
ABC: + &fraig -x 
ABC: + &put 
ABC: + scorr 
ABC: Warning: The network is combinational (run "fraig" or "fraig_sweep").
ABC: + dc2 
ABC: + dretime 
ABC: + retime -o -D 1000 
ABC: + strash 
ABC: + &get -n 
ABC: + &dch -f 
ABC: + &nf -D 1000 
ABC: + &put 
ABC: + write_blif <abc-temp-dir>/output.blif 
ABC: 
ABC: YOSYS_ABC_DONE 

10.17.2. Re-integrating ABC results.
ABC RESULTS:   A2O1A1Ixp33_ASAP7_75t_R cells:        1
ABC RESULTS:   AND2x2_ASAP7_75t_R cells:       32
ABC RESULTS:   AND3x1_ASAP7_75t_R cells:        1
ABC RESULTS:   AO21x1_ASAP7_75t_R cells:        2
ABC RESULTS:   AOI211xp5_ASAP7_75t_R cells:       33
ABC RESULTS:   AOI21xp33_ASAP7_75t_R cells:      167
ABC RESULTS:   AOI311xp33_ASAP7_75t_R cells:       33
ABC RESULTS:   AOI31xp33_ASAP7_75t_R cells:       33
ABC RESULTS:   INVx1_ASAP7_75t_R cells:       87
ABC RESULTS:   NAND2xp33_ASAP7_75t_R cells:      238
ABC RESULTS:   NAND3xp33_ASAP7_75t_R cells:        1
ABC RESULTS:   NAND4xp25_ASAP7_75t_R cells:        4
ABC RESULTS:   NOR2xp33_ASAP7_75t_R cells:      130
ABC RESULTS:   NOR3xp33_ASAP7_75t_R cells:        1
ABC RESULTS:   NOR4xp25_ASAP7_75t_R cells:        4
ABC RESULTS:   O2A1O1Ixp33_ASAP7_75t_R cells:        5
ABC RESULTS:   OAI211xp5_ASAP7_75t_R cells:       34
ABC RESULTS:   OAI21xp33_ASAP7_75t_R cells:      173
ABC RESULTS:   OR3x1_ASAP7_75t_R cells:        2
ABC RESULTS:   OR4x1_ASAP7_75t_R cells:        2
ABC RESULTS:        internal signals:      568
ABC RESULTS:           input signals:      335
ABC RESULTS:          output signals:      317
Removing temp directory.

10.18. Extracting gate netlist of module `\resource_table_ram_2$GPU.cta.cta_sche.resource_table_inst.rtram_sgpr_0_0' to `<abc-temp-dir>/input.blif'..
ABC: using cached merged SCL: /tmp/yosys-liberty-scl-cache/yosys_merged_a033288f.scl (1 files)
Replacing 12 occurrences of constant undef bits with constant zero bits

10.18.1. Executed ABC.
Extracted 883 gates and 1220 wires to a netlist network with 335 inputs and 317 outputs.
Running ABC script: <abc-temp-dir>/abc.script
ABC: UC Berkeley, ABC 1.01 (compiled Jun  3 2026 15:06:41)
ABC: abc 01> empty
ABC: abc 01> source <abc-temp-dir>/abc.script
ABC: + read_blif <abc-temp-dir>/input.blif 
ABC: + read_scl /tmp/yosys-liberty-scl-cache/yosys_merged_a033288f.scl 
ABC: Warning: Detected 2 multi-output cells (for example, "FAx1_ASAP7_75t_R").
ABC: + strash 
ABC: + &get -n 
ABC: + &fraig -x 
ABC: + &put 
ABC: + scorr 
ABC: Warning: The network is combinational (run "fraig" or "fraig_sweep").
ABC: + dc2 
ABC: + dretime 
ABC: + retime -o -D 1000 
ABC: + strash 
ABC: + &get -n 
ABC: + &dch -f 
ABC: + &nf -D 1000 
ABC: + &put 
ABC: + write_blif <abc-temp-dir>/output.blif 
ABC: 
ABC: YOSYS_ABC_DONE 

10.18.2. Re-integrating ABC results.
ABC RESULTS:   A2O1A1Ixp33_ASAP7_75t_R cells:        1
ABC RESULTS:   AND2x2_ASAP7_75t_R cells:       32
ABC RESULTS:   AND3x1_ASAP7_75t_R cells:        1
ABC RESULTS:   AO21x1_ASAP7_75t_R cells:        2
ABC RESULTS:   AOI211xp5_ASAP7_75t_R cells:       33
ABC RESULTS:   AOI21xp33_ASAP7_75t_R cells:      167
ABC RESULTS:   AOI311xp33_ASAP7_75t_R cells:       33
ABC RESULTS:   AOI31xp33_ASAP7_75t_R cells:       33
ABC RESULTS:   INVx1_ASAP7_75t_R cells:       87
ABC RESULTS:   NAND2xp33_ASAP7_75t_R cells:      238
ABC RESULTS:   NAND3xp33_ASAP7_75t_R cells:        1
ABC RESULTS:   NAND4xp25_ASAP7_75t_R cells:        4
ABC RESULTS:   NOR2xp33_ASAP7_75t_R cells:      130
ABC RESULTS:   NOR3xp33_ASAP7_75t_R cells:        1
ABC RESULTS:   NOR4xp25_ASAP7_75t_R cells:        4
ABC RESULTS:   O2A1O1Ixp33_ASAP7_75t_R cells:        5
ABC RESULTS:   OAI211xp5_ASAP7_75t_R cells:       34
ABC RESULTS:   OAI21xp33_ASAP7_75t_R cells:      173
ABC RESULTS:   OR3x1_ASAP7_75t_R cells:        2
ABC RESULTS:   OR4x1_ASAP7_75t_R cells:        2
ABC RESULTS:        internal signals:      568
ABC RESULTS:           input signals:      335
ABC RESULTS:          output signals:      317
Removing temp directory.

10.19. Extracting gate netlist of module `\resource_table_ram$GPU.cta.cta_sche.resource_table_inst.rtram_lds_1_0' to `<abc-temp-dir>/input.blif'..
ABC: using cached merged SCL: /tmp/yosys-liberty-scl-cache/yosys_merged_a033288f.scl (1 files)
Replacing 12 occurrences of constant undef bits with constant zero bits

10.19.1. Executed ABC.
Extracted 883 gates and 1220 wires to a netlist network with 335 inputs and 317 outputs.
Running ABC script: <abc-temp-dir>/abc.script
ABC: UC Berkeley, ABC 1.01 (compiled Jun  3 2026 15:06:41)
ABC: abc 01> empty
ABC: abc 01> source <abc-temp-dir>/abc.script
ABC: + read_blif <abc-temp-dir>/input.blif 
ABC: + read_scl /tmp/yosys-liberty-scl-cache/yosys_merged_a033288f.scl 
ABC: Warning: Detected 2 multi-output cells (for example, "FAx1_ASAP7_75t_R").
ABC: + strash 
ABC: + &get -n 
ABC: + &fraig -x 
ABC: + &put 
ABC: + scorr 
ABC: Warning: The network is combinational (run "fraig" or "fraig_sweep").
ABC: + dc2 
ABC: + dretime 
ABC: + retime -o -D 1000 
ABC: + strash 
ABC: + &get -n 
ABC: + &dch -f 
ABC: + &nf -D 1000 
ABC: + &put 
ABC: + write_blif <abc-temp-dir>/output.blif 
ABC: 
ABC: YOSYS_ABC_DONE 

10.19.2. Re-integrating ABC results.
ABC RESULTS:   A2O1A1Ixp33_ASAP7_75t_R cells:        1
ABC RESULTS:   AND2x2_ASAP7_75t_R cells:       32
ABC RESULTS:   AND3x1_ASAP7_75t_R cells:        1
ABC RESULTS:   AO21x1_ASAP7_75t_R cells:        2
ABC RESULTS:   AOI211xp5_ASAP7_75t_R cells:       33
ABC RESULTS:   AOI21xp33_ASAP7_75t_R cells:      167
ABC RESULTS:   AOI311xp33_ASAP7_75t_R cells:       33
ABC RESULTS:   AOI31xp33_ASAP7_75t_R cells:       33
ABC RESULTS:   INVx1_ASAP7_75t_R cells:       87
ABC RESULTS:   NAND2xp33_ASAP7_75t_R cells:      238
ABC RESULTS:   NAND3xp33_ASAP7_75t_R cells:        1
ABC RESULTS:   NAND4xp25_ASAP7_75t_R cells:        4
ABC RESULTS:   NOR2xp33_ASAP7_75t_R cells:      130
ABC RESULTS:   NOR3xp33_ASAP7_75t_R cells:        1
ABC RESULTS:   NOR4xp25_ASAP7_75t_R cells:        4
ABC RESULTS:   O2A1O1Ixp33_ASAP7_75t_R cells:        5
ABC RESULTS:   OAI211xp5_ASAP7_75t_R cells:       34
ABC RESULTS:   OAI21xp33_ASAP7_75t_R cells:      173
ABC RESULTS:   OR3x1_ASAP7_75t_R cells:        2
ABC RESULTS:   OR4x1_ASAP7_75t_R cells:        2
ABC RESULTS:        internal signals:      568
ABC RESULTS:           input signals:      335
ABC RESULTS:          output signals:      317
Removing temp directory.

10.20. Extracting gate netlist of module `\resource_table_ram$GPU.cta.cta_sche.resource_table_inst.rtram_lds_0_0' to `<abc-temp-dir>/input.blif'..
ABC: using cached merged SCL: /tmp/yosys-liberty-scl-cache/yosys_merged_a033288f.scl (1 files)
Replacing 12 occurrences of constant undef bits with constant zero bits

10.20.1. Executed ABC.
Extracted 883 gates and 1220 wires to a netlist network with 335 inputs and 317 outputs.
Running ABC script: <abc-temp-dir>/abc.script
ABC: UC Berkeley, ABC 1.01 (compiled Jun  3 2026 15:06:41)
ABC: abc 01> empty
ABC: abc 01> source <abc-temp-dir>/abc.script
ABC: + read_blif <abc-temp-dir>/input.blif 
ABC: + read_scl /tmp/yosys-liberty-scl-cache/yosys_merged_a033288f.scl 
ABC: Warning: Detected 2 multi-output cells (for example, "FAx1_ASAP7_75t_R").
ABC: + strash 
ABC: + &get -n 
ABC: + &fraig -x 
ABC: + &put 
ABC: + scorr 
ABC: Warning: The network is combinational (run "fraig" or "fraig_sweep").
ABC: + dc2 
ABC: + dretime 
ABC: + retime -o -D 1000 
ABC: + strash 
ABC: + &get -n 
ABC: + &dch -f 
ABC: + &nf -D 1000 
ABC: + &put 
ABC: + write_blif <abc-temp-dir>/output.blif 
ABC: 
ABC: YOSYS_ABC_DONE 

10.20.2. Re-integrating ABC results.
ABC RESULTS:   A2O1A1Ixp33_ASAP7_75t_R cells:        1
ABC RESULTS:   AND2x2_ASAP7_75t_R cells:       32
ABC RESULTS:   AND3x1_ASAP7_75t_R cells:        1
ABC RESULTS:   AO21x1_ASAP7_75t_R cells:        2
ABC RESULTS:   AOI211xp5_ASAP7_75t_R cells:       33
ABC RESULTS:   AOI21xp33_ASAP7_75t_R cells:      167
ABC RESULTS:   AOI311xp33_ASAP7_75t_R cells:       33
ABC RESULTS:   AOI31xp33_ASAP7_75t_R cells:       33
ABC RESULTS:   INVx1_ASAP7_75t_R cells:       87
ABC RESULTS:   NAND2xp33_ASAP7_75t_R cells:      238
ABC RESULTS:   NAND3xp33_ASAP7_75t_R cells:        1
ABC RESULTS:   NAND4xp25_ASAP7_75t_R cells:        4
ABC RESULTS:   NOR2xp33_ASAP7_75t_R cells:      130
ABC RESULTS:   NOR3xp33_ASAP7_75t_R cells:        1
ABC RESULTS:   NOR4xp25_ASAP7_75t_R cells:        4
ABC RESULTS:   O2A1O1Ixp33_ASAP7_75t_R cells:        5
ABC RESULTS:   OAI211xp5_ASAP7_75t_R cells:       34
ABC RESULTS:   OAI21xp33_ASAP7_75t_R cells:      173
ABC RESULTS:   OR3x1_ASAP7_75t_R cells:        2
ABC RESULTS:   OR4x1_ASAP7_75t_R cells:        2
ABC RESULTS:        internal signals:      568
ABC RESULTS:           input signals:      335
ABC RESULTS:          output signals:      317
Removing temp directory.

10.21. Extracting gate netlist of module `\resource_table_handler_4$GPU.cta.cta_sche.resource_table_inst.handler_vgpr_1' to `<abc-temp-dir>/input.blif'..
ABC: using cached merged SCL: /tmp/yosys-liberty-scl-cache/yosys_merged_a033288f.scl (1 files)
Replacing 452 occurrences of constant undef bits with constant zero bits

10.21.1. Executed ABC.
Extracted 2294 gates and 2578 wires to a netlist network with 281 inputs and 353 outputs.
Running ABC script: <abc-temp-dir>/abc.script
ABC: UC Berkeley, ABC 1.01 (compiled Jun  3 2026 15:06:41)
ABC: abc 01> empty
ABC: abc 01> source <abc-temp-dir>/abc.script
ABC: + read_blif <abc-temp-dir>/input.blif 
ABC: + read_scl /tmp/yosys-liberty-scl-cache/yosys_merged_a033288f.scl 
ABC: Warning: Detected 2 multi-output cells (for example, "FAx1_ASAP7_75t_R").
ABC: + strash 
ABC: + &get -n 
ABC: + &fraig -x 
ABC: + &put 
ABC: + scorr 
ABC: Warning: The network is combinational (run "fraig" or "fraig_sweep").
ABC: + dc2 
ABC: + dretime 
ABC: + retime -o -D 1000 
ABC: + strash 
ABC: + &get -n 
ABC: + &dch -f 
ABC: + &nf -D 1000 
ABC: + &put 
ABC: + write_blif <abc-temp-dir>/output.blif 
ABC: 
ABC: YOSYS_ABC_DONE 

10.21.2. Re-integrating ABC results.
ABC RESULTS:   A2O1A1Ixp33_ASAP7_75t_R cells:       19
ABC RESULTS:   A2O1A1O1Ixp25_ASAP7_75t_R cells:        8
ABC RESULTS:   AND2x2_ASAP7_75t_R cells:       12
ABC RESULTS:   AND3x1_ASAP7_75t_R cells:        8
ABC RESULTS:   AND4x1_ASAP7_75t_R cells:        3
ABC RESULTS:   AO21x1_ASAP7_75t_R cells:       31
ABC RESULTS:   AO221x1_ASAP7_75t_R cells:        1
ABC RESULTS:   AO22x1_ASAP7_75t_R cells:        1
ABC RESULTS:   AO32x1_ASAP7_75t_R cells:        1
ABC RESULTS:   AOI211xp5_ASAP7_75t_R cells:        5
ABC RESULTS:   AOI21xp33_ASAP7_75t_R cells:       58
ABC RESULTS:   AOI221xp5_ASAP7_75t_R cells:        2
ABC RESULTS:   AOI22xp33_ASAP7_75t_R cells:       37
ABC RESULTS:   AOI32xp33_ASAP7_75t_R cells:        1
ABC RESULTS:   INVx1_ASAP7_75t_R cells:      127
ABC RESULTS:   MAJIxp5_ASAP7_75t_R cells:       11
ABC RESULTS:   MAJx2_ASAP7_75t_R cells:        5
ABC RESULTS:   NAND2xp33_ASAP7_75t_R cells:       74
ABC RESULTS:   NAND3xp33_ASAP7_75t_R cells:       37
ABC RESULTS:   NAND4xp25_ASAP7_75t_R cells:        7
ABC RESULTS:   NAND5xp2_ASAP7_75t_R cells:        2
ABC RESULTS:   NOR2xp33_ASAP7_75t_R cells:      130
ABC RESULTS:   NOR3xp33_ASAP7_75t_R cells:       15
ABC RESULTS:   NOR4xp25_ASAP7_75t_R cells:        4
ABC RESULTS:   NOR5xp2_ASAP7_75t_R cells:        1
ABC RESULTS:   O2A1O1Ixp33_ASAP7_75t_R cells:       25
ABC RESULTS:   OA211x2_ASAP7_75t_R cells:        5
ABC RESULTS:   OA21x2_ASAP7_75t_R cells:        9
ABC RESULTS:   OAI211xp5_ASAP7_75t_R cells:       12
ABC RESULTS:   OAI21xp33_ASAP7_75t_R cells:      133
ABC RESULTS:   OAI221xp5_ASAP7_75t_R cells:        1
ABC RESULTS:   OAI22xp33_ASAP7_75t_R cells:       19
ABC RESULTS:   OAI31xp33_ASAP7_75t_R cells:        1
ABC RESULTS:   OAI32xp33_ASAP7_75t_R cells:        2
ABC RESULTS:   OR2x2_ASAP7_75t_R cells:       17
ABC RESULTS:   OR3x1_ASAP7_75t_R cells:       13
ABC RESULTS:   OR4x1_ASAP7_75t_R cells:        1
ABC RESULTS:   OR5x1_ASAP7_75t_R cells:        1
ABC RESULTS:   XNOR2xp5_ASAP7_75t_R cells:       43
ABC RESULTS:   XOR2xp5_ASAP7_75t_R cells:       29
ABC RESULTS:        internal signals:     1944
ABC RESULTS:           input signals:      281
ABC RESULTS:          output signals:      353
Removing temp directory.

10.22. Extracting gate netlist of module `\resource_table_handler_4$GPU.cta.cta_sche.resource_table_inst.handler_vgpr_0' to `<abc-temp-dir>/input.blif'..
ABC: using cached merged SCL: /tmp/yosys-liberty-scl-cache/yosys_merged_a033288f.scl (1 files)
Replacing 452 occurrences of constant undef bits with constant zero bits

10.22.1. Executed ABC.
Extracted 2294 gates and 2578 wires to a netlist network with 281 inputs and 353 outputs.
Running ABC script: <abc-temp-dir>/abc.script
ABC: UC Berkeley, ABC 1.01 (compiled Jun  3 2026 15:06:41)
ABC: abc 01> empty
ABC: abc 01> source <abc-temp-dir>/abc.script
ABC: + read_blif <abc-temp-dir>/input.blif 
ABC: + read_scl /tmp/yosys-liberty-scl-cache/yosys_merged_a033288f.scl 
ABC: Warning: Detected 2 multi-output cells (for example, "FAx1_ASAP7_75t_R").
ABC: + strash 
ABC: + &get -n 
ABC: + &fraig -x 
ABC: + &put 
ABC: + scorr 
ABC: Warning: The network is combinational (run "fraig" or "fraig_sweep").
ABC: + dc2 
ABC: + dretime 
ABC: + retime -o -D 1000 
ABC: + strash 
ABC: + &get -n 
ABC: + &dch -f 
ABC: + &nf -D 1000 
ABC: + &put 
ABC: + write_blif <abc-temp-dir>/output.blif 
ABC: 
ABC: YOSYS_ABC_DONE 

10.22.2. Re-integrating ABC results.
ABC RESULTS:   A2O1A1Ixp33_ASAP7_75t_R cells:       19
ABC RESULTS:   A2O1A1O1Ixp25_ASAP7_75t_R cells:        8
ABC RESULTS:   AND2x2_ASAP7_75t_R cells:       12
ABC RESULTS:   AND3x1_ASAP7_75t_R cells:        8
ABC RESULTS:   AND4x1_ASAP7_75t_R cells:        3
ABC RESULTS:   AO21x1_ASAP7_75t_R cells:       31
ABC RESULTS:   AO221x1_ASAP7_75t_R cells:        1
ABC RESULTS:   AO22x1_ASAP7_75t_R cells:        1
ABC RESULTS:   AO32x1_ASAP7_75t_R cells:        1
ABC RESULTS:   AOI211xp5_ASAP7_75t_R cells:        5
ABC RESULTS:   AOI21xp33_ASAP7_75t_R cells:       58
ABC RESULTS:   AOI221xp5_ASAP7_75t_R cells:        2
ABC RESULTS:   AOI22xp33_ASAP7_75t_R cells:       37
ABC RESULTS:   AOI32xp33_ASAP7_75t_R cells:        1
ABC RESULTS:   INVx1_ASAP7_75t_R cells:      127
ABC RESULTS:   MAJIxp5_ASAP7_75t_R cells:       11
ABC RESULTS:   MAJx2_ASAP7_75t_R cells:        5
ABC RESULTS:   NAND2xp33_ASAP7_75t_R cells:       74
ABC RESULTS:   NAND3xp33_ASAP7_75t_R cells:       37
ABC RESULTS:   NAND4xp25_ASAP7_75t_R cells:        7
ABC RESULTS:   NAND5xp2_ASAP7_75t_R cells:        2
ABC RESULTS:   NOR2xp33_ASAP7_75t_R cells:      130
ABC RESULTS:   NOR3xp33_ASAP7_75t_R cells:       15
ABC RESULTS:   NOR4xp25_ASAP7_75t_R cells:        4
ABC RESULTS:   NOR5xp2_ASAP7_75t_R cells:        1
ABC RESULTS:   O2A1O1Ixp33_ASAP7_75t_R cells:       25
ABC RESULTS:   OA211x2_ASAP7_75t_R cells:        5
ABC RESULTS:   OA21x2_ASAP7_75t_R cells:        9
ABC RESULTS:   OAI211xp5_ASAP7_75t_R cells:       12
ABC RESULTS:   OAI21xp33_ASAP7_75t_R cells:      133
ABC RESULTS:   OAI221xp5_ASAP7_75t_R cells:        1
ABC RESULTS:   OAI22xp33_ASAP7_75t_R cells:       19
ABC RESULTS:   OAI31xp33_ASAP7_75t_R cells:        1
ABC RESULTS:   OAI32xp33_ASAP7_75t_R cells:        2
ABC RESULTS:   OR2x2_ASAP7_75t_R cells:       17
ABC RESULTS:   OR3x1_ASAP7_75t_R cells:       13
ABC RESULTS:   OR4x1_ASAP7_75t_R cells:        1
ABC RESULTS:   OR5x1_ASAP7_75t_R cells:        1
ABC RESULTS:   XNOR2xp5_ASAP7_75t_R cells:       43
ABC RESULTS:   XOR2xp5_ASAP7_75t_R cells:       29
ABC RESULTS:        internal signals:     1944
ABC RESULTS:           input signals:      281
ABC RESULTS:          output signals:      353
Removing temp directory.

10.23. Extracting gate netlist of module `\resource_table_handler_2$GPU.cta.cta_sche.resource_table_inst.handler_sgpr_1' to `<abc-temp-dir>/input.blif'..
ABC: using cached merged SCL: /tmp/yosys-liberty-scl-cache/yosys_merged_a033288f.scl (1 files)
Replacing 462 occurrences of constant undef bits with constant zero bits

10.23.1. Executed ABC.
Extracted 2393 gates and 2687 wires to a netlist network with 291 inputs and 366 outputs.
Running ABC script: <abc-temp-dir>/abc.script
ABC: UC Berkeley, ABC 1.01 (compiled Jun  3 2026 15:06:41)
ABC: abc 01> empty
ABC: abc 01> source <abc-temp-dir>/abc.script
ABC: + read_blif <abc-temp-dir>/input.blif 
ABC: + read_scl /tmp/yosys-liberty-scl-cache/yosys_merged_a033288f.scl 
ABC: Warning: Detected 2 multi-output cells (for example, "FAx1_ASAP7_75t_R").
ABC: + strash 
ABC: + &get -n 
ABC: + &fraig -x 
ABC: + &put 
ABC: + scorr 
ABC: Warning: The network is combinational (run "fraig" or "fraig_sweep").
ABC: + dc2 
ABC: + dretime 
ABC: + retime -o -D 1000 
ABC: + strash 
ABC: + &get -n 
ABC: + &dch -f 
ABC: + &nf -D 1000 
ABC: + &put 
ABC: + write_blif <abc-temp-dir>/output.blif 
ABC: 
ABC: YOSYS_ABC_DONE 

10.23.2. Re-integrating ABC results.
ABC RESULTS:   A2O1A1Ixp33_ASAP7_75t_R cells:        4
ABC RESULTS:   A2O1A1O1Ixp25_ASAP7_75t_R cells:        7
ABC RESULTS:   AND2x2_ASAP7_75t_R cells:       17
ABC RESULTS:   AND3x1_ASAP7_75t_R cells:        8
ABC RESULTS:   AND4x1_ASAP7_75t_R cells:       10
ABC RESULTS:   AND5x1_ASAP7_75t_R cells:        3
ABC RESULTS:   AO211x2_ASAP7_75t_R cells:        1
ABC RESULTS:   AO21x1_ASAP7_75t_R cells:       31
ABC RESULTS:   AOI211xp5_ASAP7_75t_R cells:        9
ABC RESULTS:   AOI21xp33_ASAP7_75t_R cells:       32
ABC RESULTS:   AOI221xp5_ASAP7_75t_R cells:        2
ABC RESULTS:   AOI22xp33_ASAP7_75t_R cells:       39
ABC RESULTS:   AOI31xp33_ASAP7_75t_R cells:       32
ABC RESULTS:   AOI321xp33_ASAP7_75t_R cells:        2
ABC RESULTS:   AOI32xp33_ASAP7_75t_R cells:        4
ABC RESULTS:   AOI33xp33_ASAP7_75t_R cells:        1
ABC RESULTS:   INVx1_ASAP7_75t_R cells:      141
ABC RESULTS:   MAJIxp5_ASAP7_75t_R cells:       11
ABC RESULTS:   MAJx2_ASAP7_75t_R cells:        3
ABC RESULTS:   NAND2xp33_ASAP7_75t_R cells:      103
ABC RESULTS:   NAND3xp33_ASAP7_75t_R cells:       26
ABC RESULTS:   NAND4xp25_ASAP7_75t_R cells:        7
ABC RESULTS:   NAND5xp2_ASAP7_75t_R cells:        1
ABC RESULTS:   NOR2xp33_ASAP7_75t_R cells:      135
ABC RESULTS:   NOR3xp33_ASAP7_75t_R cells:       13
ABC RESULTS:   NOR4xp25_ASAP7_75t_R cells:       19
ABC RESULTS:   NOR5xp2_ASAP7_75t_R cells:        1
ABC RESULTS:   O2A1O1Ixp33_ASAP7_75t_R cells:       47
ABC RESULTS:   OA211x2_ASAP7_75t_R cells:        8
ABC RESULTS:   OA21x2_ASAP7_75t_R cells:        9
ABC RESULTS:   OA31x2_ASAP7_75t_R cells:        1
ABC RESULTS:   OAI211xp5_ASAP7_75t_R cells:       14
ABC RESULTS:   OAI21xp33_ASAP7_75t_R cells:       98
ABC RESULTS:   OAI221xp5_ASAP7_75t_R cells:        3
ABC RESULTS:   OAI22xp33_ASAP7_75t_R cells:        4
ABC RESULTS:   OAI311xp33_ASAP7_75t_R cells:        1
ABC RESULTS:   OAI31xp33_ASAP7_75t_R cells:        4
ABC RESULTS:   OAI32xp33_ASAP7_75t_R cells:       26
ABC RESULTS:   OR2x2_ASAP7_75t_R cells:       14
ABC RESULTS:   OR3x1_ASAP7_75t_R cells:       13
ABC RESULTS:   OR4x1_ASAP7_75t_R cells:        1
ABC RESULTS:   OR5x1_ASAP7_75t_R cells:        1
ABC RESULTS:   XNOR2xp5_ASAP7_75t_R cells:       45
ABC RESULTS:   XOR2xp5_ASAP7_75t_R cells:       27
ABC RESULTS:        internal signals:     2030
ABC RESULTS:           input signals:      291
ABC RESULTS:          output signals:      366
Removing temp directory.

10.24. Extracting gate netlist of module `\resource_table_handler_2$GPU.cta.cta_sche.resource_table_inst.handler_sgpr_0' to `<abc-temp-dir>/input.blif'..
ABC: using cached merged SCL: /tmp/yosys-liberty-scl-cache/yosys_merged_a033288f.scl (1 files)
Replacing 462 occurrences of constant undef bits with constant zero bits

10.24.1. Executed ABC.
Extracted 2393 gates and 2687 wires to a netlist network with 291 inputs and 366 outputs.
Running ABC script: <abc-temp-dir>/abc.script
ABC: UC Berkeley, ABC 1.01 (compiled Jun  3 2026 15:06:41)
ABC: abc 01> empty
ABC: abc 01> source <abc-temp-dir>/abc.script
ABC: + read_blif <abc-temp-dir>/input.blif 
ABC: + read_scl /tmp/yosys-liberty-scl-cache/yosys_merged_a033288f.scl 
ABC: Warning: Detected 2 multi-output cells (for example, "FAx1_ASAP7_75t_R").
ABC: + strash 
ABC: + &get -n 
ABC: + &fraig -x 
ABC: + &put 
ABC: + scorr 
ABC: Warning: The network is combinational (run "fraig" or "fraig_sweep").
ABC: + dc2 
ABC: + dretime 
ABC: + retime -o -D 1000 
ABC: + strash 
ABC: + &get -n 
ABC: + &dch -f 
ABC: + &nf -D 1000 
ABC: + &put 
ABC: + write_blif <abc-temp-dir>/output.blif 
ABC: 
ABC: YOSYS_ABC_DONE 

10.24.2. Re-integrating ABC results.
ABC RESULTS:   A2O1A1Ixp33_ASAP7_75t_R cells:        4
ABC RESULTS:   A2O1A1O1Ixp25_ASAP7_75t_R cells:        7
ABC RESULTS:   AND2x2_ASAP7_75t_R cells:       17
ABC RESULTS:   AND3x1_ASAP7_75t_R cells:        8
ABC RESULTS:   AND4x1_ASAP7_75t_R cells:       10
ABC RESULTS:   AND5x1_ASAP7_75t_R cells:        3
ABC RESULTS:   AO211x2_ASAP7_75t_R cells:        1
ABC RESULTS:   AO21x1_ASAP7_75t_R cells:       31
ABC RESULTS:   AOI211xp5_ASAP7_75t_R cells:        9
ABC RESULTS:   AOI21xp33_ASAP7_75t_R cells:       32
ABC RESULTS:   AOI221xp5_ASAP7_75t_R cells:        2
ABC RESULTS:   AOI22xp33_ASAP7_75t_R cells:       39
ABC RESULTS:   AOI31xp33_ASAP7_75t_R cells:       32
ABC RESULTS:   AOI321xp33_ASAP7_75t_R cells:        2
ABC RESULTS:   AOI32xp33_ASAP7_75t_R cells:        4
ABC RESULTS:   AOI33xp33_ASAP7_75t_R cells:        1
ABC RESULTS:   INVx1_ASAP7_75t_R cells:      141
ABC RESULTS:   MAJIxp5_ASAP7_75t_R cells:       11
ABC RESULTS:   MAJx2_ASAP7_75t_R cells:        3
ABC RESULTS:   NAND2xp33_ASAP7_75t_R cells:      103
ABC RESULTS:   NAND3xp33_ASAP7_75t_R cells:       26
ABC RESULTS:   NAND4xp25_ASAP7_75t_R cells:        7
ABC RESULTS:   NAND5xp2_ASAP7_75t_R cells:        1
ABC RESULTS:   NOR2xp33_ASAP7_75t_R cells:      135
ABC RESULTS:   NOR3xp33_ASAP7_75t_R cells:       13
ABC RESULTS:   NOR4xp25_ASAP7_75t_R cells:       19
ABC RESULTS:   NOR5xp2_ASAP7_75t_R cells:        1
ABC RESULTS:   O2A1O1Ixp33_ASAP7_75t_R cells:       47
ABC RESULTS:   OA211x2_ASAP7_75t_R cells:        8
ABC RESULTS:   OA21x2_ASAP7_75t_R cells:        9
ABC RESULTS:   OA31x2_ASAP7_75t_R cells:        1
ABC RESULTS:   OAI211xp5_ASAP7_75t_R cells:       14
ABC RESULTS:   OAI21xp33_ASAP7_75t_R cells:       98
ABC RESULTS:   OAI221xp5_ASAP7_75t_R cells:        3
ABC RESULTS:   OAI22xp33_ASAP7_75t_R cells:        4
ABC RESULTS:   OAI311xp33_ASAP7_75t_R cells:        1
ABC RESULTS:   OAI31xp33_ASAP7_75t_R cells:        4
ABC RESULTS:   OAI32xp33_ASAP7_75t_R cells:       26
ABC RESULTS:   OR2x2_ASAP7_75t_R cells:       14
ABC RESULTS:   OR3x1_ASAP7_75t_R cells:       13
ABC RESULTS:   OR4x1_ASAP7_75t_R cells:        1
ABC RESULTS:   OR5x1_ASAP7_75t_R cells:        1
ABC RESULTS:   XNOR2xp5_ASAP7_75t_R cells:       45
ABC RESULTS:   XOR2xp5_ASAP7_75t_R cells:       27
ABC RESULTS:        internal signals:     2030
ABC RESULTS:           input signals:      291
ABC RESULTS:          output signals:      366
Removing temp directory.

10.25. Extracting gate netlist of module `\resource_table_handler$GPU.cta.cta_sche.resource_table_inst.handler_lds_1' to `<abc-temp-dir>/input.blif'..
ABC: using cached merged SCL: /tmp/yosys-liberty-scl-cache/yosys_merged_a033288f.scl (1 files)
Replacing 522 occurrences of constant undef bits with constant zero bits

10.25.1. Executed ABC.
Extracted 3045 gates and 3399 wires to a netlist network with 351 inputs and 444 outputs.
Running ABC script: <abc-temp-dir>/abc.script
ABC: UC Berkeley, ABC 1.01 (compiled Jun  3 2026 15:06:41)
ABC: abc 01> empty
ABC: abc 01> source <abc-temp-dir>/abc.script
ABC: + read_blif <abc-temp-dir>/input.blif 
ABC: + read_scl /tmp/yosys-liberty-scl-cache/yosys_merged_a033288f.scl 
ABC: Warning: Detected 2 multi-output cells (for example, "FAx1_ASAP7_75t_R").
ABC: + strash 
ABC: + &get -n 
ABC: + &fraig -x 
ABC: + &put 
ABC: + scorr 
ABC: Warning: The network is combinational (run "fraig" or "fraig_sweep").
ABC: + dc2 
ABC: + dretime 
ABC: + retime -o -D 1000 
ABC: + strash 
ABC: + &get -n 
ABC: + &dch -f 
ABC: + &nf -D 1000 
ABC: + &put 
ABC: + write_blif <abc-temp-dir>/output.blif 
ABC: 
ABC: YOSYS_ABC_DONE 

10.25.2. Re-integrating ABC results.
ABC RESULTS:   A2O1A1Ixp33_ASAP7_75t_R cells:       46
ABC RESULTS:   A2O1A1O1Ixp25_ASAP7_75t_R cells:        8
ABC RESULTS:   AND2x2_ASAP7_75t_R cells:       17
ABC RESULTS:   AND3x1_ASAP7_75t_R cells:       10
ABC RESULTS:   AND4x1_ASAP7_75t_R cells:        5
ABC RESULTS:   AND5x1_ASAP7_75t_R cells:        1
ABC RESULTS:   AO211x2_ASAP7_75t_R cells:        2
ABC RESULTS:   AO21x1_ASAP7_75t_R cells:       33
ABC RESULTS:   AO221x1_ASAP7_75t_R cells:        1
ABC RESULTS:   AO32x1_ASAP7_75t_R cells:        1
ABC RESULTS:   AOI211xp5_ASAP7_75t_R cells:       16
ABC RESULTS:   AOI21xp33_ASAP7_75t_R cells:       82
ABC RESULTS:   AOI221xp5_ASAP7_75t_R cells:        2
ABC RESULTS:   AOI22xp33_ASAP7_75t_R cells:       41
ABC RESULTS:   AOI31xp33_ASAP7_75t_R cells:        1
ABC RESULTS:   AOI32xp33_ASAP7_75t_R cells:        3
ABC RESULTS:   INVx1_ASAP7_75t_R cells:      159
ABC RESULTS:   MAJIxp5_ASAP7_75t_R cells:       12
ABC RESULTS:   MAJx2_ASAP7_75t_R cells:        5
ABC RESULTS:   NAND2xp33_ASAP7_75t_R cells:      111
ABC RESULTS:   NAND3xp33_ASAP7_75t_R cells:       47
ABC RESULTS:   NAND4xp25_ASAP7_75t_R cells:        6
ABC RESULTS:   NAND5xp2_ASAP7_75t_R cells:        2
ABC RESULTS:   NOR2xp33_ASAP7_75t_R cells:      185
ABC RESULTS:   NOR3xp33_ASAP7_75t_R cells:       17
ABC RESULTS:   NOR4xp25_ASAP7_75t_R cells:        5
ABC RESULTS:   NOR5xp2_ASAP7_75t_R cells:        1
ABC RESULTS:   O2A1O1Ixp33_ASAP7_75t_R cells:       30
ABC RESULTS:   OA211x2_ASAP7_75t_R cells:       12
ABC RESULTS:   OA21x2_ASAP7_75t_R cells:       13
ABC RESULTS:   OA31x2_ASAP7_75t_R cells:        1
ABC RESULTS:   OA33x2_ASAP7_75t_R cells:        1
ABC RESULTS:   OAI211xp5_ASAP7_75t_R cells:       11
ABC RESULTS:   OAI21xp33_ASAP7_75t_R cells:      143
ABC RESULTS:   OAI221xp5_ASAP7_75t_R cells:        2
ABC RESULTS:   OAI22xp33_ASAP7_75t_R cells:        4
ABC RESULTS:   OAI311xp33_ASAP7_75t_R cells:        2
ABC RESULTS:   OAI31xp33_ASAP7_75t_R cells:       47
ABC RESULTS:   OAI321xp33_ASAP7_75t_R cells:        1
ABC RESULTS:   OAI32xp33_ASAP7_75t_R cells:        1
ABC RESULTS:   OR2x2_ASAP7_75t_R cells:       26
ABC RESULTS:   OR3x1_ASAP7_75t_R cells:       30
ABC RESULTS:   OR4x1_ASAP7_75t_R cells:        1
ABC RESULTS:   OR5x1_ASAP7_75t_R cells:        1
ABC RESULTS:   XNOR2xp5_ASAP7_75t_R cells:       64
ABC RESULTS:   XOR2xp5_ASAP7_75t_R cells:       52
ABC RESULTS:        internal signals:     2604
ABC RESULTS:           input signals:      351
ABC RESULTS:          output signals:      444
Removing temp directory.

10.26. Extracting gate netlist of module `\resource_table_handler$GPU.cta.cta_sche.resource_table_inst.handler_lds_0' to `<abc-temp-dir>/input.blif'..
ABC: using cached merged SCL: /tmp/yosys-liberty-scl-cache/yosys_merged_a033288f.scl (1 files)
Replacing 522 occurrences of constant undef bits with constant zero bits

10.26.1. Executed ABC.
Extracted 3045 gates and 3399 wires to a netlist network with 351 inputs and 444 outputs.
Running ABC script: <abc-temp-dir>/abc.script
ABC: UC Berkeley, ABC 1.01 (compiled Jun  3 2026 15:06:41)
ABC: abc 01> empty
ABC: abc 01> source <abc-temp-dir>/abc.script
ABC: + read_blif <abc-temp-dir>/input.blif 
ABC: + read_scl /tmp/yosys-liberty-scl-cache/yosys_merged_a033288f.scl 
ABC: Warning: Detected 2 multi-output cells (for example, "FAx1_ASAP7_75t_R").
ABC: + strash 
ABC: + &get -n 
ABC: + &fraig -x 
ABC: + &put 
ABC: + scorr 
ABC: Warning: The network is combinational (run "fraig" or "fraig_sweep").
ABC: + dc2 
ABC: + dretime 
ABC: + retime -o -D 1000 
ABC: + strash 
ABC: + &get -n 
ABC: + &dch -f 
ABC: + &nf -D 1000 
ABC: + &put 
ABC: + write_blif <abc-temp-dir>/output.blif 
ABC: 
ABC: YOSYS_ABC_DONE 

10.26.2. Re-integrating ABC results.
ABC RESULTS:   A2O1A1Ixp33_ASAP7_75t_R cells:       46
ABC RESULTS:   A2O1A1O1Ixp25_ASAP7_75t_R cells:        8
ABC RESULTS:   AND2x2_ASAP7_75t_R cells:       17
ABC RESULTS:   AND3x1_ASAP7_75t_R cells:       10
ABC RESULTS:   AND4x1_ASAP7_75t_R cells:        5
ABC RESULTS:   AND5x1_ASAP7_75t_R cells:        1
ABC RESULTS:   AO211x2_ASAP7_75t_R cells:        2
ABC RESULTS:   AO21x1_ASAP7_75t_R cells:       33
ABC RESULTS:   AO221x1_ASAP7_75t_R cells:        1
ABC RESULTS:   AO32x1_ASAP7_75t_R cells:        1
ABC RESULTS:   AOI211xp5_ASAP7_75t_R cells:       16
ABC RESULTS:   AOI21xp33_ASAP7_75t_R cells:       82
ABC RESULTS:   AOI221xp5_ASAP7_75t_R cells:        2
ABC RESULTS:   AOI22xp33_ASAP7_75t_R cells:       41
ABC RESULTS:   AOI31xp33_ASAP7_75t_R cells:        1
ABC RESULTS:   AOI32xp33_ASAP7_75t_R cells:        3
ABC RESULTS:   INVx1_ASAP7_75t_R cells:      159
ABC RESULTS:   MAJIxp5_ASAP7_75t_R cells:       12
ABC RESULTS:   MAJx2_ASAP7_75t_R cells:        5
ABC RESULTS:   NAND2xp33_ASAP7_75t_R cells:      111
ABC RESULTS:   NAND3xp33_ASAP7_75t_R cells:       47
ABC RESULTS:   NAND4xp25_ASAP7_75t_R cells:        6
ABC RESULTS:   NAND5xp2_ASAP7_75t_R cells:        2
ABC RESULTS:   NOR2xp33_ASAP7_75t_R cells:      185
ABC RESULTS:   NOR3xp33_ASAP7_75t_R cells:       17
ABC RESULTS:   NOR4xp25_ASAP7_75t_R cells:        5
ABC RESULTS:   NOR5xp2_ASAP7_75t_R cells:        1
ABC RESULTS:   O2A1O1Ixp33_ASAP7_75t_R cells:       30
ABC RESULTS:   OA211x2_ASAP7_75t_R cells:       12
ABC RESULTS:   OA21x2_ASAP7_75t_R cells:       13
ABC RESULTS:   OA31x2_ASAP7_75t_R cells:        1
ABC RESULTS:   OA33x2_ASAP7_75t_R cells:        1
ABC RESULTS:   OAI211xp5_ASAP7_75t_R cells:       11
ABC RESULTS:   OAI21xp33_ASAP7_75t_R cells:      143
ABC RESULTS:   OAI221xp5_ASAP7_75t_R cells:        2
ABC RESULTS:   OAI22xp33_ASAP7_75t_R cells:        4
ABC RESULTS:   OAI311xp33_ASAP7_75t_R cells:        2
ABC RESULTS:   OAI31xp33_ASAP7_75t_R cells:       47
ABC RESULTS:   OAI321xp33_ASAP7_75t_R cells:        1
ABC RESULTS:   OAI32xp33_ASAP7_75t_R cells:        1
ABC RESULTS:   OR2x2_ASAP7_75t_R cells:       26
ABC RESULTS:   OR3x1_ASAP7_75t_R cells:       30
ABC RESULTS:   OR4x1_ASAP7_75t_R cells:        1
ABC RESULTS:   OR5x1_ASAP7_75t_R cells:        1
ABC RESULTS:   XNOR2xp5_ASAP7_75t_R cells:       64
ABC RESULTS:   XOR2xp5_ASAP7_75t_R cells:       52
ABC RESULTS:        internal signals:     2604
ABC RESULTS:           input signals:      351
ABC RESULTS:          output signals:      444
Removing temp directory.

10.27. Extracting gate netlist of module `\Queue1_io_alloc2cuinterface$GPU.cta.cta_sche.allocator_inst.cuinterface_buf' to `<abc-temp-dir>/input.blif'..
ABC: using cached merged SCL: /tmp/yosys-liberty-scl-cache/yosys_merged_a033288f.scl (1 files)
Replacing 1 occurrences of constant undef bits with constant zero bits

10.27.1. Executed ABC.
Extracted 95 gates and 187 wires to a netlist network with 90 inputs and 89 outputs.
Running ABC script: <abc-temp-dir>/abc.script
ABC: UC Berkeley, ABC 1.01 (compiled Jun  3 2026 15:06:41)
ABC: abc 01> empty
ABC: abc 01> source <abc-temp-dir>/abc.script
ABC: + read_blif <abc-temp-dir>/input.blif 
ABC: + read_scl /tmp/yosys-liberty-scl-cache/yosys_merged_a033288f.scl 
ABC: Warning: Detected 2 multi-output cells (for example, "FAx1_ASAP7_75t_R").
ABC: + strash 
ABC: + &get -n 
ABC: + &fraig -x 
ABC: + &put 
ABC: + scorr 
ABC: Warning: The network is combinational (run "fraig" or "fraig_sweep").
ABC: + dc2 
ABC: + dretime 
ABC: + retime -o -D 1000 
ABC: + strash 
ABC: + &get -n 
ABC: + &dch -f 
ABC: + &nf -D 1000 
ABC: + &put 
ABC: + write_blif <abc-temp-dir>/output.blif 
ABC: 
ABC: YOSYS_ABC_DONE 

10.27.2. Re-integrating ABC results.
ABC RESULTS:   AOI21xp33_ASAP7_75t_R cells:        1
ABC RESULTS:   INVx1_ASAP7_75t_R cells:       45
ABC RESULTS:   OA21x2_ASAP7_75t_R cells:        1
ABC RESULTS:   OAI211xp5_ASAP7_75t_R cells:       43
ABC RESULTS:   OAI21xp33_ASAP7_75t_R cells:       43
ABC RESULTS:   OR2x2_ASAP7_75t_R cells:        1
ABC RESULTS:        internal signals:        8
ABC RESULTS:           input signals:       90
ABC RESULTS:          output signals:       89
Removing temp directory.

10.28. Extracting gate netlist of module `\rtcache_writer_2$GPU.cta.cta_sche.allocator_inst.writer_vgpr' to `<abc-temp-dir>/input.blif'..
ABC: using cached merged SCL: /tmp/yosys-liberty-scl-cache/yosys_merged_a033288f.scl (1 files)

10.28.1. Executed ABC.
Extracted 209 gates and 271 wires to a netlist network with 61 inputs and 25 outputs.
Running ABC script: <abc-temp-dir>/abc.script
ABC: UC Berkeley, ABC 1.01 (compiled Jun  3 2026 15:06:41)
ABC: abc 01> empty
ABC: abc 01> source <abc-temp-dir>/abc.script
ABC: + read_blif <abc-temp-dir>/input.blif 
ABC: + read_scl /tmp/yosys-liberty-scl-cache/yosys_merged_a033288f.scl 
ABC: Warning: Detected 2 multi-output cells (for example, "FAx1_ASAP7_75t_R").
ABC: + strash 
ABC: + &get -n 
ABC: + &fraig -x 
ABC: + &put 
ABC: + scorr 
ABC: Warning: The network is combinational (run "fraig" or "fraig_sweep").
ABC: + dc2 
ABC: + dretime 
ABC: + retime -o -D 1000 
ABC: + strash 
ABC: + &get -n 
ABC: + &dch -f 
ABC: + &nf -D 1000 
ABC: + &put 
ABC: + write_blif <abc-temp-dir>/output.blif 
ABC: 
ABC: YOSYS_ABC_DONE 

10.28.2. Re-integrating ABC results.
ABC RESULTS:   A2O1A1Ixp33_ASAP7_75t_R cells:        9
ABC RESULTS:   A2O1A1O1Ixp25_ASAP7_75t_R cells:        3
ABC RESULTS:   AND2x2_ASAP7_75t_R cells:        3
ABC RESULTS:   AO21x1_ASAP7_75t_R cells:        1
ABC RESULTS:   AO22x1_ASAP7_75t_R cells:        3
ABC RESULTS:   AOI211xp5_ASAP7_75t_R cells:        7
ABC RESULTS:   AOI21xp33_ASAP7_75t_R cells:        5
ABC RESULTS:   AOI31xp33_ASAP7_75t_R cells:        1
ABC RESULTS:   INVx1_ASAP7_75t_R cells:       22
ABC RESULTS:   NAND2xp33_ASAP7_75t_R cells:       36
ABC RESULTS:   NOR2xp33_ASAP7_75t_R cells:        9
ABC RESULTS:   NOR3xp33_ASAP7_75t_R cells:       12
ABC RESULTS:   O2A1O1Ixp33_ASAP7_75t_R cells:        1
ABC RESULTS:   OA211x2_ASAP7_75t_R cells:        4
ABC RESULTS:   OA21x2_ASAP7_75t_R cells:        7
ABC RESULTS:   OAI211xp5_ASAP7_75t_R cells:        2
ABC RESULTS:   OAI21xp33_ASAP7_75t_R cells:       22
ABC RESULTS:   OAI31xp33_ASAP7_75t_R cells:        7
ABC RESULTS:   OR2x2_ASAP7_75t_R cells:        1
ABC RESULTS:   OR3x1_ASAP7_75t_R cells:        4
ABC RESULTS:   XNOR2xp5_ASAP7_75t_R cells:        8
ABC RESULTS:   XOR2xp5_ASAP7_75t_R cells:        8
ABC RESULTS:        internal signals:      185
ABC RESULTS:           input signals:       61
ABC RESULTS:          output signals:       25
Removing temp directory.

10.29. Extracting gate netlist of module `\rtcache_writer_1$GPU.cta.cta_sche.allocator_inst.writer_sgpr' to `<abc-temp-dir>/input.blif'..
ABC: using cached merged SCL: /tmp/yosys-liberty-scl-cache/yosys_merged_a033288f.scl (1 files)

10.29.1. Executed ABC.
Extracted 225 gates and 292 wires to a netlist network with 66 inputs and 27 outputs.
Running ABC script: <abc-temp-dir>/abc.script
ABC: UC Berkeley, ABC 1.01 (compiled Jun  3 2026 15:06:41)
ABC: abc 01> empty
ABC: abc 01> source <abc-temp-dir>/abc.script
ABC: + read_blif <abc-temp-dir>/input.blif 
ABC: + read_scl /tmp/yosys-liberty-scl-cache/yosys_merged_a033288f.scl 
ABC: Warning: Detected 2 multi-output cells (for example, "FAx1_ASAP7_75t_R").
ABC: + strash 
ABC: + &get -n 
ABC: + &fraig -x 
ABC: + &put 
ABC: + scorr 
ABC: Warning: The network is combinational (run "fraig" or "fraig_sweep").
ABC: + dc2 
ABC: + dretime 
ABC: + retime -o -D 1000 
ABC: + strash 
ABC: + &get -n 
ABC: + &dch -f 
ABC: + &nf -D 1000 
ABC: + &put 
ABC: + write_blif <abc-temp-dir>/output.blif 
ABC: 
ABC: YOSYS_ABC_DONE 

10.29.2. Re-integrating ABC results.
ABC RESULTS:   A2O1A1Ixp33_ASAP7_75t_R cells:        9
ABC RESULTS:   A2O1A1O1Ixp25_ASAP7_75t_R cells:        4
ABC RESULTS:   AND2x2_ASAP7_75t_R cells:        5
ABC RESULTS:   AND3x1_ASAP7_75t_R cells:        1
ABC RESULTS:   AO21x1_ASAP7_75t_R cells:        3
ABC RESULTS:   AO22x1_ASAP7_75t_R cells:        3
ABC RESULTS:   AOI211xp5_ASAP7_75t_R cells:        4
ABC RESULTS:   AOI21xp33_ASAP7_75t_R cells:        3
ABC RESULTS:   AOI22xp33_ASAP7_75t_R cells:        1
ABC RESULTS:   INVx1_ASAP7_75t_R cells:       20
ABC RESULTS:   NAND2xp33_ASAP7_75t_R cells:       34
ABC RESULTS:   NOR2xp33_ASAP7_75t_R cells:        8
ABC RESULTS:   NOR3xp33_ASAP7_75t_R cells:       15
ABC RESULTS:   O2A1O1Ixp33_ASAP7_75t_R cells:        7
ABC RESULTS:   OA211x2_ASAP7_75t_R cells:        4
ABC RESULTS:   OA21x2_ASAP7_75t_R cells:       13
ABC RESULTS:   OAI211xp5_ASAP7_75t_R cells:        1
ABC RESULTS:   OAI21xp33_ASAP7_75t_R cells:       20
ABC RESULTS:   OAI311xp33_ASAP7_75t_R cells:        1
ABC RESULTS:   OAI31xp33_ASAP7_75t_R cells:        7
ABC RESULTS:   OR2x2_ASAP7_75t_R cells:        2
ABC RESULTS:   OR3x1_ASAP7_75t_R cells:        8
ABC RESULTS:   XNOR2xp5_ASAP7_75t_R cells:        9
ABC RESULTS:   XOR2xp5_ASAP7_75t_R cells:        5
ABC RESULTS:        internal signals:      199
ABC RESULTS:           input signals:       66
ABC RESULTS:          output signals:       27
Removing temp directory.

10.30. Extracting gate netlist of module `\rtcache_writer$GPU.cta.cta_sche.allocator_inst.writer_lds' to `<abc-temp-dir>/input.blif'..
ABC: using cached merged SCL: /tmp/yosys-liberty-scl-cache/yosys_merged_a033288f.scl (1 files)

10.30.1. Executed ABC.
Extracted 357 gates and 454 wires to a netlist network with 96 inputs and 39 outputs.
Running ABC script: <abc-temp-dir>/abc.script
ABC: UC Berkeley, ABC 1.01 (compiled Jun  3 2026 15:06:41)
ABC: abc 01> empty
ABC: abc 01> source <abc-temp-dir>/abc.script
ABC: + read_blif <abc-temp-dir>/input.blif 
ABC: + read_scl /tmp/yosys-liberty-scl-cache/yosys_merged_a033288f.scl 
ABC: Warning: Detected 2 multi-output cells (for example, "FAx1_ASAP7_75t_R").
ABC: + strash 
ABC: + &get -n 
ABC: + &fraig -x 
ABC: + &put 
ABC: + scorr 
ABC: Warning: The network is combinational (run "fraig" or "fraig_sweep").
ABC: + dc2 
ABC: + dretime 
ABC: + retime -o -D 1000 
ABC: + strash 
ABC: + &get -n 
ABC: + &dch -f 
ABC: + &nf -D 1000 
ABC: + &put 
ABC: + write_blif <abc-temp-dir>/output.blif 
ABC: 
ABC: YOSYS_ABC_DONE 

10.30.2. Re-integrating ABC results.
ABC RESULTS:   A2O1A1Ixp33_ASAP7_75t_R cells:       13
ABC RESULTS:   A2O1A1O1Ixp25_ASAP7_75t_R cells:        5
ABC RESULTS:   AND2x2_ASAP7_75t_R cells:        8
ABC RESULTS:   AND3x1_ASAP7_75t_R cells:        1
ABC RESULTS:   AO211x2_ASAP7_75t_R cells:        1
ABC RESULTS:   AO21x1_ASAP7_75t_R cells:        6
ABC RESULTS:   AO22x1_ASAP7_75t_R cells:        2
ABC RESULTS:   AO32x1_ASAP7_75t_R cells:        1
ABC RESULTS:   AOI211xp5_ASAP7_75t_R cells:        6
ABC RESULTS:   AOI21xp33_ASAP7_75t_R cells:        8
ABC RESULTS:   AOI311xp33_ASAP7_75t_R cells:        2
ABC RESULTS:   AOI31xp33_ASAP7_75t_R cells:        3
ABC RESULTS:   AOI321xp33_ASAP7_75t_R cells:        1
ABC RESULTS:   INVx1_ASAP7_75t_R cells:       34
ABC RESULTS:   NAND2xp33_ASAP7_75t_R cells:       61
ABC RESULTS:   NAND3xp33_ASAP7_75t_R cells:        4
ABC RESULTS:   NOR2xp33_ASAP7_75t_R cells:       25
ABC RESULTS:   NOR3xp33_ASAP7_75t_R cells:       16
ABC RESULTS:   O2A1O1Ixp33_ASAP7_75t_R cells:        4
ABC RESULTS:   OA211x2_ASAP7_75t_R cells:        3
ABC RESULTS:   OA21x2_ASAP7_75t_R cells:       14
ABC RESULTS:   OAI211xp5_ASAP7_75t_R cells:        1
ABC RESULTS:   OAI21xp33_ASAP7_75t_R cells:       35
ABC RESULTS:   OAI311xp33_ASAP7_75t_R cells:        2
ABC RESULTS:   OAI31xp33_ASAP7_75t_R cells:       10
ABC RESULTS:   OR2x2_ASAP7_75t_R cells:        3
ABC RESULTS:   OR3x1_ASAP7_75t_R cells:        9
ABC RESULTS:   XNOR2xp5_ASAP7_75t_R cells:       12
ABC RESULTS:   XOR2xp5_ASAP7_75t_R cells:       10
ABC RESULTS:        internal signals:      319
ABC RESULTS:           input signals:       96
ABC RESULTS:          output signals:       39
Removing temp directory.

10.31. Extracting gate netlist of module `\RRPriorityEncoder$GPU.cta.cta_sche.wg_buffer_inst.wgram1_rd_next_inst' to `<abc-temp-dir>/input.blif'..
ABC: using cached merged SCL: /tmp/yosys-liberty-scl-cache/yosys_merged_a033288f.scl (1 files)
Replacing 3 occurrences of constant undef bits with constant zero bits

10.31.1. Executed ABC.
Extracted 157 gates and 173 wires to a netlist network with 13 inputs and 7 outputs.
Running ABC script: <abc-temp-dir>/abc.script
ABC: UC Berkeley, ABC 1.01 (compiled Jun  3 2026 15:06:41)
ABC: abc 01> empty
ABC: abc 01> source <abc-temp-dir>/abc.script
ABC: + read_blif <abc-temp-dir>/input.blif 
ABC: + read_scl /tmp/yosys-liberty-scl-cache/yosys_merged_a033288f.scl 
ABC: Warning: Detected 2 multi-output cells (for example, "FAx1_ASAP7_75t_R").
ABC: + strash 
ABC: + &get -n 
ABC: + &fraig -x 
ABC: + &put 
ABC: + scorr 
ABC: Warning: The network is combinational (run "fraig" or "fraig_sweep").
ABC: + dc2 
ABC: + dretime 
ABC: + retime -o -D 1000 
ABC: + strash 
ABC: + &get -n 
ABC: + &dch -f 
ABC: + &nf -D 1000 
ABC: + &put 
ABC: + write_blif <abc-temp-dir>/output.blif 
ABC: 
ABC: YOSYS_ABC_DONE 

10.31.2. Re-integrating ABC results.
ABC RESULTS:   A2O1A1Ixp33_ASAP7_75t_R cells:        4
ABC RESULTS:   AND2x2_ASAP7_75t_R cells:        2
ABC RESULTS:   AND3x1_ASAP7_75t_R cells:        1
ABC RESULTS:   AO21x1_ASAP7_75t_R cells:        1
ABC RESULTS:   AOI211xp5_ASAP7_75t_R cells:        3
ABC RESULTS:   AOI21xp33_ASAP7_75t_R cells:        9
ABC RESULTS:   AOI311xp33_ASAP7_75t_R cells:        2
ABC RESULTS:   AOI31xp33_ASAP7_75t_R cells:        1
ABC RESULTS:   INVx1_ASAP7_75t_R cells:       10
ABC RESULTS:   NAND2xp33_ASAP7_75t_R cells:       12
ABC RESULTS:   NAND3xp33_ASAP7_75t_R cells:        4
ABC RESULTS:   NAND4xp25_ASAP7_75t_R cells:        1
ABC RESULTS:   NOR2xp33_ASAP7_75t_R cells:        6
ABC RESULTS:   NOR3xp33_ASAP7_75t_R cells:        2
ABC RESULTS:   NOR4xp25_ASAP7_75t_R cells:        1
ABC RESULTS:   NOR5xp2_ASAP7_75t_R cells:        1
ABC RESULTS:   O2A1O1Ixp33_ASAP7_75t_R cells:        3
ABC RESULTS:   OA211x2_ASAP7_75t_R cells:        5
ABC RESULTS:   OAI211xp5_ASAP7_75t_R cells:        8
ABC RESULTS:   OAI21xp33_ASAP7_75t_R cells:        8
ABC RESULTS:   OAI221xp5_ASAP7_75t_R cells:        1
ABC RESULTS:   OAI22xp33_ASAP7_75t_R cells:        1
ABC RESULTS:   OAI31xp33_ASAP7_75t_R cells:        2
ABC RESULTS:   OR4x1_ASAP7_75t_R cells:        2
ABC RESULTS:   XNOR2xp5_ASAP7_75t_R cells:        5
ABC RESULTS:   XOR2xp5_ASAP7_75t_R cells:        1
ABC RESULTS:        internal signals:      153
ABC RESULTS:           input signals:       13
ABC RESULTS:          output signals:        7
Removing temp directory.

10.32. Extracting gate netlist of module `\RRPriorityEncoder$GPU.cta.cta_sche.wg_buffer_inst.wgram_wr_next_inst' to `<abc-temp-dir>/input.blif'..
ABC: using cached merged SCL: /tmp/yosys-liberty-scl-cache/yosys_merged_a033288f.scl (1 files)
Replacing 3 occurrences of constant undef bits with constant zero bits

10.32.1. Executed ABC.
Extracted 157 gates and 173 wires to a netlist network with 13 inputs and 7 outputs.
Running ABC script: <abc-temp-dir>/abc.script
ABC: UC Berkeley, ABC 1.01 (compiled Jun  3 2026 15:06:41)
ABC: abc 01> empty
ABC: abc 01> source <abc-temp-dir>/abc.script
ABC: + read_blif <abc-temp-dir>/input.blif 
ABC: + read_scl /tmp/yosys-liberty-scl-cache/yosys_merged_a033288f.scl 
ABC: Warning: Detected 2 multi-output cells (for example, "FAx1_ASAP7_75t_R").
ABC: + strash 
ABC: + &get -n 
ABC: + &fraig -x 
ABC: + &put 
ABC: + scorr 
ABC: Warning: The network is combinational (run "fraig" or "fraig_sweep").
ABC: + dc2 
ABC: + dretime 
ABC: + retime -o -D 1000 
ABC: + strash 
ABC: + &get -n 
ABC: + &dch -f 
ABC: + &nf -D 1000 
ABC: + &put 
ABC: + write_blif <abc-temp-dir>/output.blif 
ABC: 
ABC: YOSYS_ABC_DONE 

10.32.2. Re-integrating ABC results.
ABC RESULTS:   A2O1A1Ixp33_ASAP7_75t_R cells:        4
ABC RESULTS:   AND2x2_ASAP7_75t_R cells:        2
ABC RESULTS:   AND3x1_ASAP7_75t_R cells:        1
ABC RESULTS:   AO21x1_ASAP7_75t_R cells:        1
ABC RESULTS:   AOI211xp5_ASAP7_75t_R cells:        3
ABC RESULTS:   AOI21xp33_ASAP7_75t_R cells:        9
ABC RESULTS:   AOI311xp33_ASAP7_75t_R cells:        2
ABC RESULTS:   AOI31xp33_ASAP7_75t_R cells:        1
ABC RESULTS:   INVx1_ASAP7_75t_R cells:       10
ABC RESULTS:   NAND2xp33_ASAP7_75t_R cells:       12
ABC RESULTS:   NAND3xp33_ASAP7_75t_R cells:        4
ABC RESULTS:   NAND4xp25_ASAP7_75t_R cells:        1
ABC RESULTS:   NOR2xp33_ASAP7_75t_R cells:        6
ABC RESULTS:   NOR3xp33_ASAP7_75t_R cells:        2
ABC RESULTS:   NOR4xp25_ASAP7_75t_R cells:        1
ABC RESULTS:   NOR5xp2_ASAP7_75t_R cells:        1
ABC RESULTS:   O2A1O1Ixp33_ASAP7_75t_R cells:        3
ABC RESULTS:   OA211x2_ASAP7_75t_R cells:        5
ABC RESULTS:   OAI211xp5_ASAP7_75t_R cells:        8
ABC RESULTS:   OAI21xp33_ASAP7_75t_R cells:        8
ABC RESULTS:   OAI221xp5_ASAP7_75t_R cells:        1
ABC RESULTS:   OAI22xp33_ASAP7_75t_R cells:        1
ABC RESULTS:   OAI31xp33_ASAP7_75t_R cells:        2
ABC RESULTS:   OR4x1_ASAP7_75t_R cells:        2
ABC RESULTS:   XNOR2xp5_ASAP7_75t_R cells:        5
ABC RESULTS:   XOR2xp5_ASAP7_75t_R cells:        1
ABC RESULTS:        internal signals:      153
ABC RESULTS:           input signals:       13
ABC RESULTS:          output signals:        7
Removing temp directory.

10.33. Extracting gate netlist of module `\SRAMTemplate_139$GPU.Scheduler.bankedStore.cc_banks' to `<abc-temp-dir>/input.blif'..
ABC: using cached merged SCL: /tmp/yosys-liberty-scl-cache/yosys_merged_a033288f.scl (1 files)

10.33.1. Executed ABC.
Extracted 26155 gates and 35524 wires to a netlist network with 9367 inputs and 9217 outputs.
Running ABC script: <abc-temp-dir>/abc.script
ABC: UC Berkeley, ABC 1.01 (compiled Jun  3 2026 15:06:41)
ABC: abc 01> empty
ABC: abc 01> source <abc-temp-dir>/abc.script
ABC: + read_blif <abc-temp-dir>/input.blif 
ABC: + read_scl /tmp/yosys-liberty-scl-cache/yosys_merged_a033288f.scl 
ABC: Warning: Detected 2 multi-output cells (for example, "FAx1_ASAP7_75t_R").
ABC: + strash 
ABC: + &get -n 
ABC: + &fraig -x 
ABC: + &put 
ABC: + scorr 
ABC: Warning: The network is combinational (run "fraig" or "fraig_sweep").
ABC: + dc2 
ABC: + dretime 
ABC: + retime -o -D 1000 
ABC: + strash 
ABC: + &get -n 
ABC: + &dch -f 
ABC: + &nf -D 1000 
ABC: + &put 
ABC: + write_blif <abc-temp-dir>/output.blif 
ABC: 
ABC: YOSYS_ABC_DONE 

10.33.2. Re-integrating ABC results.
ABC RESULTS:   AND2x2_ASAP7_75t_R cells:        1
ABC RESULTS:   AND4x1_ASAP7_75t_R cells:      104
ABC RESULTS:   AO222x2_ASAP7_75t_R cells:        1
ABC RESULTS:   AOI22xp33_ASAP7_75t_R cells:        2
ABC RESULTS:   INVx1_ASAP7_75t_R cells:     7946
ABC RESULTS:   NAND2xp33_ASAP7_75t_R cells:        4
ABC RESULTS:   NAND3xp33_ASAP7_75t_R cells:        4
ABC RESULTS:   NAND4xp25_ASAP7_75t_R cells:      334
ABC RESULTS:   NAND5xp2_ASAP7_75t_R cells:      845
ABC RESULTS:   NOR2xp33_ASAP7_75t_R cells:        3
ABC RESULTS:   NOR3xp33_ASAP7_75t_R cells:        8
ABC RESULTS:   NOR4xp25_ASAP7_75t_R cells:      754
ABC RESULTS:   NOR5xp2_ASAP7_75t_R cells:       20
ABC RESULTS:   OA22x2_ASAP7_75t_R cells:        1
ABC RESULTS:   OAI21xp33_ASAP7_75t_R cells:     1148
ABC RESULTS:   OAI221xp5_ASAP7_75t_R cells:        1
ABC RESULTS:   OAI22xp33_ASAP7_75t_R cells:        2
ABC RESULTS:   OAI31xp33_ASAP7_75t_R cells:     1024
ABC RESULTS:   OR3x1_ASAP7_75t_R cells:      128
ABC RESULTS:   OR4x1_ASAP7_75t_R cells:      286
ABC RESULTS:   OR5x1_ASAP7_75t_R cells:        1
ABC RESULTS:   XNOR2xp5_ASAP7_75t_R cells:      258
ABC RESULTS:   XOR2xp5_ASAP7_75t_R cells:      128
ABC RESULTS:        internal signals:    16940
ABC RESULTS:           input signals:     9367
ABC RESULTS:          output signals:     9217
Removing temp directory.

10.34. Extracting gate netlist of module `\SRAMTemplate_138$GPU.Scheduler.directory.cc_dir' to `<abc-temp-dir>/input.blif'..
ABC: using cached merged SCL: /tmp/yosys-liberty-scl-cache/yosys_merged_a033288f.scl (1 files)
Replacing 310 occurrences of constant undef bits with constant zero bits

10.34.1. Executed ABC.
Extracted 2560 gates and 3841 wires to a netlist network with 1278 inputs and 943 outputs.
Running ABC script: <abc-temp-dir>/abc.script
ABC: UC Berkeley, ABC 1.01 (compiled Jun  3 2026 15:06:41)
ABC: abc 01> empty
ABC: abc 01> source <abc-temp-dir>/abc.script
ABC: + read_blif <abc-temp-dir>/input.blif 
ABC: + read_scl /tmp/yosys-liberty-scl-cache/yosys_merged_a033288f.scl 
ABC: Warning: Detected 2 multi-output cells (for example, "FAx1_ASAP7_75t_R").
ABC: + strash 
ABC: + &get -n 
ABC: + &fraig -x 
ABC: + &put 
ABC: + scorr 
ABC: Warning: The network is combinational (run "fraig" or "fraig_sweep").
ABC: + dc2 
ABC: + dretime 
ABC: + retime -o -D 1000 
ABC: + strash 
ABC: + &get -n 
ABC: + &dch -f 
ABC: + &nf -D 1000 
ABC: + &put 
ABC: + write_blif <abc-temp-dir>/output.blif 
ABC: 
ABC: YOSYS_ABC_DONE 

10.34.2. Re-integrating ABC results.
ABC RESULTS:   A2O1A1Ixp33_ASAP7_75t_R cells:      304
ABC RESULTS:   A2O1A1O1Ixp25_ASAP7_75t_R cells:      304
ABC RESULTS:   AND2x2_ASAP7_75t_R cells:      305
ABC RESULTS:   AND3x1_ASAP7_75t_R cells:        2
ABC RESULTS:   AO21x1_ASAP7_75t_R cells:        1
ABC RESULTS:   AOI211xp5_ASAP7_75t_R cells:        1
ABC RESULTS:   AOI21xp33_ASAP7_75t_R cells:        2
ABC RESULTS:   AOI221xp5_ASAP7_75t_R cells:        1
ABC RESULTS:   INVx1_ASAP7_75t_R cells:       38
ABC RESULTS:   NAND2xp33_ASAP7_75t_R cells:      327
ABC RESULTS:   NAND5xp2_ASAP7_75t_R cells:       16
ABC RESULTS:   NOR2xp33_ASAP7_75t_R cells:        2
ABC RESULTS:   O2A1O1Ixp33_ASAP7_75t_R cells:        1
ABC RESULTS:   OA222x2_ASAP7_75t_R cells:        1
ABC RESULTS:   OAI21xp33_ASAP7_75t_R cells:       10
ABC RESULTS:   OAI31xp33_ASAP7_75t_R cells:        2
ABC RESULTS:   OR2x2_ASAP7_75t_R cells:      608
ABC RESULTS:   OR3x1_ASAP7_75t_R cells:        1
ABC RESULTS:   OR4x1_ASAP7_75t_R cells:        1
ABC RESULTS:   XNOR2xp5_ASAP7_75t_R cells:        1
ABC RESULTS:   XOR2xp5_ASAP7_75t_R cells:        2
ABC RESULTS:        internal signals:     1620
ABC RESULTS:           input signals:     1278
ABC RESULTS:          output signals:      943
Removing temp directory.

10.35. Extracting gate netlist of module `\ListBuffer$GPU.Scheduler.sinkA.putbuffer' to `<abc-temp-dir>/input.blif'..
ABC: using cached merged SCL: /tmp/yosys-liberty-scl-cache/yosys_merged_a033288f.scl (1 files)

10.35.1. Executed ABC.
Extracted 1026 gates and 1124 wires to a netlist network with 97 inputs and 110 outputs.
Running ABC script: <abc-temp-dir>/abc.script
ABC: UC Berkeley, ABC 1.01 (compiled Jun  3 2026 15:06:41)
ABC: abc 01> empty
ABC: abc 01> source <abc-temp-dir>/abc.script
ABC: + read_blif <abc-temp-dir>/input.blif 
ABC: + read_scl /tmp/yosys-liberty-scl-cache/yosys_merged_a033288f.scl 
ABC: Warning: Detected 2 multi-output cells (for example, "FAx1_ASAP7_75t_R").
ABC: + strash 
ABC: + &get -n 
ABC: + &fraig -x 
ABC: + &put 
ABC: + scorr 
ABC: Warning: The network is combinational (run "fraig" or "fraig_sweep").
ABC: + dc2 
ABC: + dretime 
ABC: + retime -o -D 1000 
ABC: + strash 
ABC: + &get -n 
ABC: + &dch -f 
ABC: + &nf -D 1000 
ABC: + &put 
ABC: + write_blif <abc-temp-dir>/output.blif 
ABC: 
ABC: YOSYS_ABC_DONE 

10.35.2. Re-integrating ABC results.
ABC RESULTS:   A2O1A1Ixp33_ASAP7_75t_R cells:        1
ABC RESULTS:   A2O1A1O1Ixp25_ASAP7_75t_R cells:       11
ABC RESULTS:   AND2x2_ASAP7_75t_R cells:        3
ABC RESULTS:   AND3x1_ASAP7_75t_R cells:       13
ABC RESULTS:   AND4x1_ASAP7_75t_R cells:        2
ABC RESULTS:   AND5x1_ASAP7_75t_R cells:        1
ABC RESULTS:   AO21x1_ASAP7_75t_R cells:       10
ABC RESULTS:   AOI211xp5_ASAP7_75t_R cells:       12
ABC RESULTS:   AOI21xp33_ASAP7_75t_R cells:       12
ABC RESULTS:   AOI221xp5_ASAP7_75t_R cells:        3
ABC RESULTS:   AOI22xp33_ASAP7_75t_R cells:        3
ABC RESULTS:   AOI31xp33_ASAP7_75t_R cells:       13
ABC RESULTS:   AOI32xp33_ASAP7_75t_R cells:        3
ABC RESULTS:   INVx1_ASAP7_75t_R cells:       78
ABC RESULTS:   NAND2xp33_ASAP7_75t_R cells:       37
ABC RESULTS:   NAND3xp33_ASAP7_75t_R cells:       33
ABC RESULTS:   NAND4xp25_ASAP7_75t_R cells:       17
ABC RESULTS:   NAND5xp2_ASAP7_75t_R cells:        7
ABC RESULTS:   NOR2xp33_ASAP7_75t_R cells:       45
ABC RESULTS:   NOR3xp33_ASAP7_75t_R cells:       36
ABC RESULTS:   NOR4xp25_ASAP7_75t_R cells:       15
ABC RESULTS:   NOR5xp2_ASAP7_75t_R cells:        8
ABC RESULTS:   O2A1O1Ixp33_ASAP7_75t_R cells:       37
ABC RESULTS:   OA21x2_ASAP7_75t_R cells:        5
ABC RESULTS:   OA31x2_ASAP7_75t_R cells:        1
ABC RESULTS:   OAI21xp33_ASAP7_75t_R cells:        5
ABC RESULTS:   OAI221xp5_ASAP7_75t_R cells:        3
ABC RESULTS:   OAI22xp33_ASAP7_75t_R cells:        5
ABC RESULTS:   OAI311xp33_ASAP7_75t_R cells:        2
ABC RESULTS:   OAI31xp33_ASAP7_75t_R cells:       10
ABC RESULTS:   OAI32xp33_ASAP7_75t_R cells:        1
ABC RESULTS:   OR2x2_ASAP7_75t_R cells:        3
ABC RESULTS:   OR3x1_ASAP7_75t_R cells:        2
ABC RESULTS:   OR4x1_ASAP7_75t_R cells:       14
ABC RESULTS:   OR5x1_ASAP7_75t_R cells:        2
ABC RESULTS:   XNOR2xp5_ASAP7_75t_R cells:        1
ABC RESULTS:   XOR2xp5_ASAP7_75t_R cells:        3
ABC RESULTS:        internal signals:      917
ABC RESULTS:           input signals:       97
ABC RESULTS:          output signals:      110
Removing temp directory.

10.36. Extracting gate netlist of module `\cu_interface$GPU.cta.cta_sche.cu_interface_inst' to `<abc-temp-dir>/input.blif'..
ABC: using cached merged SCL: /tmp/yosys-liberty-scl-cache/yosys_merged_a033288f.scl (1 files)
Replacing 81 occurrences of constant undef bits with constant zero bits

10.36.1. Executed ABC.
Extracted 845 gates and 1113 wires to a netlist network with 265 inputs and 231 outputs.
Running ABC script: <abc-temp-dir>/abc.script
ABC: UC Berkeley, ABC 1.01 (compiled Jun  3 2026 15:06:41)
ABC: abc 01> empty
ABC: abc 01> source <abc-temp-dir>/abc.script
ABC: + read_blif <abc-temp-dir>/input.blif 
ABC: + read_scl /tmp/yosys-liberty-scl-cache/yosys_merged_a033288f.scl 
ABC: Warning: Detected 2 multi-output cells (for example, "FAx1_ASAP7_75t_R").
ABC: + strash 
ABC: + &get -n 
ABC: + &fraig -x 
ABC: + &put 
ABC: + scorr 
ABC: Warning: The network is combinational (run "fraig" or "fraig_sweep").
ABC: + dc2 
ABC: + dretime 
ABC: + retime -o -D 1000 
ABC: + strash 
ABC: + &get -n 
ABC: + &dch -f 
ABC: + &nf -D 1000 
ABC: + &put 
ABC: + write_blif <abc-temp-dir>/output.blif 
ABC: 
ABC: YOSYS_ABC_DONE 

10.36.2. Re-integrating ABC results.
ABC RESULTS:   A2O1A1Ixp33_ASAP7_75t_R cells:        7
ABC RESULTS:   A2O1A1O1Ixp25_ASAP7_75t_R cells:        1
ABC RESULTS:   AND2x2_ASAP7_75t_R cells:        9
ABC RESULTS:   AND3x1_ASAP7_75t_R cells:        9
ABC RESULTS:   AND4x1_ASAP7_75t_R cells:        2
ABC RESULTS:   AO211x2_ASAP7_75t_R cells:        1
ABC RESULTS:   AO21x1_ASAP7_75t_R cells:       17
ABC RESULTS:   AO22x1_ASAP7_75t_R cells:        1
ABC RESULTS:   AOI211xp5_ASAP7_75t_R cells:        7
ABC RESULTS:   AOI21xp33_ASAP7_75t_R cells:      106
ABC RESULTS:   AOI221xp5_ASAP7_75t_R cells:        5
ABC RESULTS:   AOI22xp33_ASAP7_75t_R cells:        3
ABC RESULTS:   AOI311xp33_ASAP7_75t_R cells:        3
ABC RESULTS:   AOI31xp33_ASAP7_75t_R cells:        5
ABC RESULTS:   INVx1_ASAP7_75t_R cells:       82
ABC RESULTS:   MAJIxp5_ASAP7_75t_R cells:       10
ABC RESULTS:   MAJx2_ASAP7_75t_R cells:        5
ABC RESULTS:   NAND2xp33_ASAP7_75t_R cells:       73
ABC RESULTS:   NAND3xp33_ASAP7_75t_R cells:        7
ABC RESULTS:   NAND5xp2_ASAP7_75t_R cells:        2
ABC RESULTS:   NOR2xp33_ASAP7_75t_R cells:       92
ABC RESULTS:   NOR3xp33_ASAP7_75t_R cells:        4
ABC RESULTS:   NOR4xp25_ASAP7_75t_R cells:        2
ABC RESULTS:   NOR5xp2_ASAP7_75t_R cells:        2
ABC RESULTS:   O2A1O1Ixp33_ASAP7_75t_R cells:       13
ABC RESULTS:   OA211x2_ASAP7_75t_R cells:        1
ABC RESULTS:   OA21x2_ASAP7_75t_R cells:        3
ABC RESULTS:   OAI21xp33_ASAP7_75t_R cells:       21
ABC RESULTS:   OAI221xp5_ASAP7_75t_R cells:        8
ABC RESULTS:   OAI22xp33_ASAP7_75t_R cells:        7
ABC RESULTS:   OAI311xp33_ASAP7_75t_R cells:        3
ABC RESULTS:   OAI31xp33_ASAP7_75t_R cells:       11
ABC RESULTS:   OR2x2_ASAP7_75t_R cells:        5
ABC RESULTS:   OR3x1_ASAP7_75t_R cells:        1
ABC RESULTS:   XNOR2xp5_ASAP7_75t_R cells:       54
ABC RESULTS:   XOR2xp5_ASAP7_75t_R cells:       17
ABC RESULTS:        internal signals:      617
ABC RESULTS:           input signals:      265
ABC RESULTS:          output signals:      231
Removing temp directory.

10.37. Extracting gate netlist of module `\resource_table_top$GPU.cta.cta_sche.resource_table_inst' to `<abc-temp-dir>/input.blif'..
ABC: using cached merged SCL: /tmp/yosys-liberty-scl-cache/yosys_merged_a033288f.scl (1 files)

10.37.1. Executed ABC.
Extracted 289 gates and 786 wires to a netlist network with 496 inputs and 269 outputs.
Running ABC script: <abc-temp-dir>/abc.script
ABC: UC Berkeley, ABC 1.01 (compiled Jun  3 2026 15:06:41)
ABC: abc 01> empty
ABC: abc 01> source <abc-temp-dir>/abc.script
ABC: + read_blif <abc-temp-dir>/input.blif 
ABC: + read_scl /tmp/yosys-liberty-scl-cache/yosys_merged_a033288f.scl 
ABC: Warning: Detected 2 multi-output cells (for example, "FAx1_ASAP7_75t_R").
ABC: + strash 
ABC: + &get -n 
ABC: + &fraig -x 
ABC: + &put 
ABC: + scorr 
ABC: Warning: The network is combinational (run "fraig" or "fraig_sweep").
ABC: + dc2 
ABC: + dretime 
ABC: + retime -o -D 1000 
ABC: + strash 
ABC: + &get -n 
ABC: + &dch -f 
ABC: + &nf -D 1000 
ABC: + &put 
ABC: + write_blif <abc-temp-dir>/output.blif 
ABC: 
ABC: YOSYS_ABC_DONE 

10.37.2. Re-integrating ABC results.
ABC RESULTS:   AND2x2_ASAP7_75t_R cells:       15
ABC RESULTS:   AND3x1_ASAP7_75t_R cells:        1
ABC RESULTS:   AND4x1_ASAP7_75t_R cells:        1
ABC RESULTS:   INVx1_ASAP7_75t_R cells:      243
ABC RESULTS:   NAND2xp33_ASAP7_75t_R cells:      229
ABC RESULTS:   NOR2xp33_ASAP7_75t_R cells:       12
ABC RESULTS:   O2A1O1Ixp33_ASAP7_75t_R cells:        1
ABC RESULTS:   OA21x2_ASAP7_75t_R cells:        2
ABC RESULTS:   OAI21xp33_ASAP7_75t_R cells:      228
ABC RESULTS:   OR2x2_ASAP7_75t_R cells:        6
ABC RESULTS:        internal signals:       21
ABC RESULTS:           input signals:      496
ABC RESULTS:          output signals:      269
Removing temp directory.

10.38. Extracting gate netlist of module `\allocator$GPU.cta.cta_sche.allocator_inst' to `<abc-temp-dir>/input.blif'..
ABC: using cached merged SCL: /tmp/yosys-liberty-scl-cache/yosys_merged_a033288f.scl (1 files)
Replacing 277 occurrences of constant undef bits with constant zero bits

10.38.1. Executed ABC.
Extracted 2181 gates and 2669 wires to a netlist network with 485 inputs and 472 outputs.
Running ABC script: <abc-temp-dir>/abc.script
ABC: UC Berkeley, ABC 1.01 (compiled Jun  3 2026 15:06:41)
ABC: abc 01> empty
ABC: abc 01> source <abc-temp-dir>/abc.script
ABC: + read_blif <abc-temp-dir>/input.blif 
ABC: + read_scl /tmp/yosys-liberty-scl-cache/yosys_merged_a033288f.scl 
ABC: Warning: Detected 2 multi-output cells (for example, "FAx1_ASAP7_75t_R").
ABC: + strash 
ABC: + &get -n 
ABC: + &fraig -x 
ABC: + &put 
ABC: + scorr 
ABC: Warning: The network is combinational (run "fraig" or "fraig_sweep").
ABC: + dc2 
ABC: + dretime 
ABC: + retime -o -D 1000 
ABC: + strash 
ABC: + &get -n 
ABC: + &dch -f 
ABC: + &nf -D 1000 
ABC: + &put 
ABC: + write_blif <abc-temp-dir>/output.blif 
ABC: 
ABC: YOSYS_ABC_DONE 

10.38.2. Re-integrating ABC results.
ABC RESULTS:   A2O1A1Ixp33_ASAP7_75t_R cells:       16
ABC RESULTS:   A2O1A1O1Ixp25_ASAP7_75t_R cells:        8
ABC RESULTS:   AND2x2_ASAP7_75t_R cells:        8
ABC RESULTS:   AND3x1_ASAP7_75t_R cells:        1
ABC RESULTS:   AO21x1_ASAP7_75t_R cells:       24
ABC RESULTS:   AO221x1_ASAP7_75t_R cells:        2
ABC RESULTS:   AO22x1_ASAP7_75t_R cells:        9
ABC RESULTS:   AOI211xp5_ASAP7_75t_R cells:       12
ABC RESULTS:   AOI21xp33_ASAP7_75t_R cells:      210
ABC RESULTS:   AOI221xp5_ASAP7_75t_R cells:        2
ABC RESULTS:   AOI222xp33_ASAP7_75t_R cells:        1
ABC RESULTS:   AOI22xp33_ASAP7_75t_R cells:        9
ABC RESULTS:   AOI31xp33_ASAP7_75t_R cells:        3
ABC RESULTS:   INVx1_ASAP7_75t_R cells:      129
ABC RESULTS:   MAJIxp5_ASAP7_75t_R cells:        9
ABC RESULTS:   MAJx2_ASAP7_75t_R cells:        2
ABC RESULTS:   NAND2xp33_ASAP7_75t_R cells:      139
ABC RESULTS:   NAND3xp33_ASAP7_75t_R cells:        9
ABC RESULTS:   NAND4xp25_ASAP7_75t_R cells:        5
ABC RESULTS:   NAND5xp2_ASAP7_75t_R cells:        5
ABC RESULTS:   NOR2xp33_ASAP7_75t_R cells:      145
ABC RESULTS:   NOR3xp33_ASAP7_75t_R cells:       11
ABC RESULTS:   NOR4xp25_ASAP7_75t_R cells:        3
ABC RESULTS:   NOR5xp2_ASAP7_75t_R cells:        2
ABC RESULTS:   O2A1O1Ixp33_ASAP7_75t_R cells:       99
ABC RESULTS:   OA211x2_ASAP7_75t_R cells:        3
ABC RESULTS:   OA21x2_ASAP7_75t_R cells:       15
ABC RESULTS:   OA22x2_ASAP7_75t_R cells:        4
ABC RESULTS:   OAI211xp5_ASAP7_75t_R cells:       22
ABC RESULTS:   OAI21xp33_ASAP7_75t_R cells:      179
ABC RESULTS:   OAI221xp5_ASAP7_75t_R cells:       12
ABC RESULTS:   OAI22xp33_ASAP7_75t_R cells:       11
ABC RESULTS:   OAI311xp33_ASAP7_75t_R cells:        2
ABC RESULTS:   OAI31xp33_ASAP7_75t_R cells:        4
ABC RESULTS:   OAI32xp33_ASAP7_75t_R cells:        4
ABC RESULTS:   OR2x2_ASAP7_75t_R cells:       67
ABC RESULTS:   OR3x1_ASAP7_75t_R cells:        4
ABC RESULTS:   OR4x1_ASAP7_75t_R cells:        4
ABC RESULTS:   OR5x1_ASAP7_75t_R cells:        3
ABC RESULTS:   XNOR2xp5_ASAP7_75t_R cells:       15
ABC RESULTS:   XOR2xp5_ASAP7_75t_R cells:        9
ABC RESULTS:        internal signals:     1712
ABC RESULTS:           input signals:      485
ABC RESULTS:          output signals:      472
Removing temp directory.

10.39. Extracting gate netlist of module `\wg_buffer$GPU.cta.cta_sche.wg_buffer_inst' to `<abc-temp-dir>/input.blif'..
ABC: using cached merged SCL: /tmp/yosys-liberty-scl-cache/yosys_merged_a033288f.scl (1 files)

10.39.1. Executed ABC.
Extracted 839 gates and 1512 wires to a netlist network with 672 inputs and 679 outputs.
Running ABC script: <abc-temp-dir>/abc.script
ABC: UC Berkeley, ABC 1.01 (compiled Jun  3 2026 15:06:41)
ABC: abc 01> empty
ABC: abc 01> source <abc-temp-dir>/abc.script
ABC: + read_blif <abc-temp-dir>/input.blif 
ABC: + read_scl /tmp/yosys-liberty-scl-cache/yosys_merged_a033288f.scl 
ABC: Warning: Detected 2 multi-output cells (for example, "FAx1_ASAP7_75t_R").
ABC: + strash 
ABC: + &get -n 
ABC: + &fraig -x 
ABC: + &put 
ABC: + scorr 
ABC: Warning: The network is combinational (run "fraig" or "fraig_sweep").
ABC: + dc2 
ABC: + dretime 
ABC: + retime -o -D 1000 
ABC: + strash 
ABC: + &get -n 
ABC: + &dch -f 
ABC: + &nf -D 1000 
ABC: + &put 
ABC: + write_blif <abc-temp-dir>/output.blif 
ABC: 
ABC: YOSYS_ABC_DONE 

10.39.2. Re-integrating ABC results.
ABC RESULTS:   A2O1A1O1Ixp25_ASAP7_75t_R cells:        7
ABC RESULTS:   AND3x1_ASAP7_75t_R cells:        1
ABC RESULTS:   AO221x1_ASAP7_75t_R cells:        1
ABC RESULTS:   AOI21xp33_ASAP7_75t_R cells:        2
ABC RESULTS:   AOI311xp33_ASAP7_75t_R cells:        2
ABC RESULTS:   AOI32xp33_ASAP7_75t_R cells:        2
ABC RESULTS:   HB1xp67_ASAP7_75t_R cells:        8
ABC RESULTS:   INVx1_ASAP7_75t_R cells:      340
ABC RESULTS:   NAND2xp33_ASAP7_75t_R cells:      323
ABC RESULTS:   NAND3xp33_ASAP7_75t_R cells:        3
ABC RESULTS:   NAND4xp25_ASAP7_75t_R cells:        3
ABC RESULTS:   NAND5xp2_ASAP7_75t_R cells:        6
ABC RESULTS:   NOR2xp33_ASAP7_75t_R cells:       15
ABC RESULTS:   NOR3xp33_ASAP7_75t_R cells:        5
ABC RESULTS:   NOR4xp25_ASAP7_75t_R cells:        1
ABC RESULTS:   NOR5xp2_ASAP7_75t_R cells:        2
ABC RESULTS:   O2A1O1Ixp33_ASAP7_75t_R cells:        5
ABC RESULTS:   OA211x2_ASAP7_75t_R cells:        1
ABC RESULTS:   OA21x2_ASAP7_75t_R cells:        3
ABC RESULTS:   OAI211xp5_ASAP7_75t_R cells:        3
ABC RESULTS:   OAI21xp33_ASAP7_75t_R cells:      321
ABC RESULTS:   OR2x2_ASAP7_75t_R cells:        2
ABC RESULTS:   OR3x1_ASAP7_75t_R cells:        1
ABC RESULTS:   OR4x1_ASAP7_75t_R cells:        1
ABC RESULTS:        internal signals:      161
ABC RESULTS:           input signals:      672
ABC RESULTS:          output signals:      679
Removing temp directory.

10.40. Extracting gate netlist of module `\Arbiter1_TLBundleA_lite$GPU.cluster2L2Arbiter.memReqArb' to `<abc-temp-dir>/input.blif'..
ABC: using cached merged SCL: /tmp/yosys-liberty-scl-cache/yosys_merged_a033288f.scl (1 files)

10.40.1. Executed ABC.
Extracted 0 gates and 0 wires to a netlist network with 0 inputs and 0 outputs.
Don't call ABC as there is nothing to map.
Removing temp directory.

10.41. Extracting gate netlist of module `\Arbiter1_TLBundleD_lite_plus$GPU.l2Distribute.memRspArb' to `<abc-temp-dir>/input.blif'..
ABC: using cached merged SCL: /tmp/yosys-liberty-scl-cache/yosys_merged_a033288f.scl (1 files)

10.41.1. Executed ABC.
Extracted 0 gates and 0 wires to a netlist network with 0 inputs and 0 outputs.
Don't call ABC as there is nothing to map.
Removing temp directory.

10.42. Extracting gate netlist of module `\Queue2_TLBundleA_lite$GPU.SM2clusterArbiter.memReqBuf' to `<abc-temp-dir>/input.blif'..
ABC: using cached merged SCL: /tmp/yosys-liberty-scl-cache/yosys_merged_a033288f.scl (1 files)
Replacing 3 occurrences of constant undef bits with constant zero bits

10.42.1. Executed ABC.
Extracted 26 gates and 34 wires to a netlist network with 6 inputs and 8 outputs.
Running ABC script: <abc-temp-dir>/abc.script
ABC: UC Berkeley, ABC 1.01 (compiled Jun  3 2026 15:06:41)
ABC: abc 01> empty
ABC: abc 01> source <abc-temp-dir>/abc.script
ABC: + read_blif <abc-temp-dir>/input.blif 
ABC: + read_scl /tmp/yosys-liberty-scl-cache/yosys_merged_a033288f.scl 
ABC: Warning: Detected 2 multi-output cells (for example, "FAx1_ASAP7_75t_R").
ABC: + strash 
ABC: + &get -n 
ABC: + &fraig -x 
ABC: + &put 
ABC: + scorr 
ABC: Warning: The network is combinational (run "fraig" or "fraig_sweep").
ABC: + dc2 
ABC: + dretime 
ABC: + retime -o -D 1000 
ABC: + strash 
ABC: + &get -n 
ABC: + &dch -f 
ABC: + &nf -D 1000 
ABC: + &put 
ABC: + write_blif <abc-temp-dir>/output.blif 
ABC: 
ABC: YOSYS_ABC_DONE 

10.42.2. Re-integrating ABC results.
ABC RESULTS:   A2O1A1Ixp33_ASAP7_75t_R cells:        3
ABC RESULTS:   AOI21xp33_ASAP7_75t_R cells:        2
ABC RESULTS:   INVx1_ASAP7_75t_R cells:        6
ABC RESULTS:   OA211x2_ASAP7_75t_R cells:        1
ABC RESULTS:   OA21x2_ASAP7_75t_R cells:        1
ABC RESULTS:   OAI211xp5_ASAP7_75t_R cells:        2
ABC RESULTS:   OR2x2_ASAP7_75t_R cells:        2
ABC RESULTS:   XOR2xp5_ASAP7_75t_R cells:        1
ABC RESULTS:        internal signals:       20
ABC RESULTS:           input signals:        6
ABC RESULTS:          output signals:        8
Removing temp directory.

10.43. Extracting gate netlist of module `\Arbiter2_TLBundleA_lite$GPU.SM2clusterArbiter.memReqArb' to `<abc-temp-dir>/input.blif'..
ABC: using cached merged SCL: /tmp/yosys-liberty-scl-cache/yosys_merged_a033288f.scl (1 files)

10.43.1. Executed ABC.
Extracted 1273 gates and 3816 wires to a netlist network with 2543 inputs and 1272 outputs.
Running ABC script: <abc-temp-dir>/abc.script
ABC: UC Berkeley, ABC 1.01 (compiled Jun  3 2026 15:06:41)
ABC: abc 01> empty
ABC: abc 01> source <abc-temp-dir>/abc.script
ABC: + read_blif <abc-temp-dir>/input.blif 
ABC: + read_scl /tmp/yosys-liberty-scl-cache/yosys_merged_a033288f.scl 
ABC: Warning: Detected 2 multi-output cells (for example, "FAx1_ASAP7_75t_R").
ABC: + strash 
ABC: + &get -n 
ABC: + &fraig -x 
ABC: + &put 
ABC: + scorr 
ABC: Warning: The network is combinational (run "fraig" or "fraig_sweep").
ABC: + dc2 
ABC: + dretime 
ABC: + retime -o -D 1000 
ABC: + strash 
ABC: + &get -n 
ABC: + &dch -f 
ABC: + &nf -D 1000 
ABC: + &put 
ABC: + write_blif <abc-temp-dir>/output.blif 
ABC: 
ABC: YOSYS_ABC_DONE 

10.43.2. Re-integrating ABC results.
ABC RESULTS:   INVx1_ASAP7_75t_R cells:     1271
ABC RESULTS:   NAND2xp33_ASAP7_75t_R cells:     1270
ABC RESULTS:   NOR2xp33_ASAP7_75t_R cells:        1
ABC RESULTS:   OAI21xp33_ASAP7_75t_R cells:     1270
ABC RESULTS:   OR2x2_ASAP7_75t_R cells:        1
ABC RESULTS:        internal signals:        1
ABC RESULTS:           input signals:     2543
ABC RESULTS:          output signals:     1272
Removing temp directory.

10.44. Extracting gate netlist of module `\Queue1_DirectoryResult_lite_victim$GPU.Scheduler.dir_result_buffer' to `<abc-temp-dir>/input.blif'..
ABC: using cached merged SCL: /tmp/yosys-liberty-scl-cache/yosys_merged_a033288f.scl (1 files)
Replacing 1 occurrences of constant undef bits with constant zero bits

10.44.1. Executed ABC.
Extracted 2497 gates and 4991 wires to a netlist network with 2492 inputs and 2491 outputs.
Running ABC script: <abc-temp-dir>/abc.script
ABC: UC Berkeley, ABC 1.01 (compiled Jun  3 2026 15:06:41)
ABC: abc 01> empty
ABC: abc 01> source <abc-temp-dir>/abc.script
ABC: + read_blif <abc-temp-dir>/input.blif 
ABC: + read_scl /tmp/yosys-liberty-scl-cache/yosys_merged_a033288f.scl 
ABC: Warning: Detected 2 multi-output cells (for example, "FAx1_ASAP7_75t_R").
ABC: + strash 
ABC: + &get -n 
ABC: + &fraig -x 
ABC: + &put 
ABC: + scorr 
ABC: Warning: The network is combinational (run "fraig" or "fraig_sweep").
ABC: + dc2 
ABC: + dretime 
ABC: + retime -o -D 1000 
ABC: + strash 
ABC: + &get -n 
ABC: + &dch -f 
ABC: + &nf -D 1000 
ABC: + &put 
ABC: + write_blif <abc-temp-dir>/output.blif 
ABC: 
ABC: YOSYS_ABC_DONE 

10.44.2. Re-integrating ABC results.
ABC RESULTS:   AND2x2_ASAP7_75t_R cells:        1
ABC RESULTS:   HB1xp67_ASAP7_75t_R cells:        1
ABC RESULTS:   INVx1_ASAP7_75t_R cells:     1245
ABC RESULTS:   NAND2xp33_ASAP7_75t_R cells:        1
ABC RESULTS:   NAND3xp33_ASAP7_75t_R cells:     1244
ABC RESULTS:   O2A1O1Ixp33_ASAP7_75t_R cells:        1
ABC RESULTS:   OAI21xp33_ASAP7_75t_R cells:     1244
ABC RESULTS:        internal signals:        8
ABC RESULTS:           input signals:     2492
ABC RESULTS:          output signals:     2491
Removing temp directory.

10.45. Extracting gate netlist of module `\Queue8_FullRequest$GPU.Scheduler.write_buffer' to `<abc-temp-dir>/input.blif'..
ABC: using cached merged SCL: /tmp/yosys-liberty-scl-cache/yosys_merged_a033288f.scl (1 files)
Replacing 7 occurrences of constant undef bits with constant zero bits

10.45.1. Executed ABC.
Extracted 1260 gates and 3675 wires to a netlist network with 2413 inputs and 1219 outputs.
Running ABC script: <abc-temp-dir>/abc.script
ABC: UC Berkeley, ABC 1.01 (compiled Jun  3 2026 15:06:41)
ABC: abc 01> empty
ABC: abc 01> source <abc-temp-dir>/abc.script
ABC: + read_blif <abc-temp-dir>/input.blif 
ABC: + read_scl /tmp/yosys-liberty-scl-cache/yosys_merged_a033288f.scl 
ABC: Warning: Detected 2 multi-output cells (for example, "FAx1_ASAP7_75t_R").
ABC: + strash 
ABC: + &get -n 
ABC: + &fraig -x 
ABC: + &put 
ABC: + scorr 
ABC: Warning: The network is combinational (run "fraig" or "fraig_sweep").
ABC: + dc2 
ABC: + dretime 
ABC: + retime -o -D 1000 
ABC: + strash 
ABC: + &get -n 
ABC: + &dch -f 
ABC: + &nf -D 1000 
ABC: + &put 
ABC: + write_blif <abc-temp-dir>/output.blif 
ABC: 
ABC: YOSYS_ABC_DONE 

10.45.2. Re-integrating ABC results.
ABC RESULTS:   A2O1A1Ixp33_ASAP7_75t_R cells:        3
ABC RESULTS:   AND2x2_ASAP7_75t_R cells:        3
ABC RESULTS:   AOI21xp33_ASAP7_75t_R cells:        4
ABC RESULTS:   AOI31xp33_ASAP7_75t_R cells:        2
ABC RESULTS:   INVx1_ASAP7_75t_R cells:     1210
ABC RESULTS:   NAND2xp33_ASAP7_75t_R cells:     1200
ABC RESULTS:   NOR3xp33_ASAP7_75t_R cells:        1
ABC RESULTS:   NOR4xp25_ASAP7_75t_R cells:        2
ABC RESULTS:   O2A1O1Ixp33_ASAP7_75t_R cells:        1
ABC RESULTS:   OA21x2_ASAP7_75t_R cells:        1
ABC RESULTS:   OAI21xp33_ASAP7_75t_R cells:     1201
ABC RESULTS:   OAI31xp33_ASAP7_75t_R cells:        2
ABC RESULTS:   OR2x2_ASAP7_75t_R cells:        3
ABC RESULTS:   OR3x1_ASAP7_75t_R cells:        1
ABC RESULTS:   OR4x1_ASAP7_75t_R cells:        1
ABC RESULTS:   XOR2xp5_ASAP7_75t_R cells:        3
ABC RESULTS:        internal signals:       43
ABC RESULTS:           input signals:     2413
ABC RESULTS:          output signals:     1219
Removing temp directory.

10.46. Extracting gate netlist of module `\MSHR_4$GPU.Scheduler.mshrs_31' to `<abc-temp-dir>/input.blif'..
ABC: using cached merged SCL: /tmp/yosys-liberty-scl-cache/yosys_merged_a033288f.scl (1 files)
Replacing 7215 occurrences of constant undef bits with constant zero bits

10.46.1. Executed ABC.
Extracted 19681 gates and 25038 wires to a netlist network with 5355 inputs and 4197 outputs.
Running ABC script: <abc-temp-dir>/abc.script
ABC: UC Berkeley, ABC 1.01 (compiled Jun  3 2026 15:06:41)
ABC: abc 01> empty
ABC: abc 01> source <abc-temp-dir>/abc.script
ABC: + read_blif <abc-temp-dir>/input.blif 
ABC: + read_scl /tmp/yosys-liberty-scl-cache/yosys_merged_a033288f.scl 
ABC: Warning: Detected 2 multi-output cells (for example, "FAx1_ASAP7_75t_R").
ABC: + strash 
ABC: + &get -n 
ABC: + &fraig -x 
ABC: + &put 
ABC: + scorr 
ABC: Warning: The network is combinational (run "fraig" or "fraig_sweep").
ABC: + dc2 
ABC: + dretime 
ABC: + retime -o -D 1000 
ABC: + strash 
ABC: + &get -n 
ABC: + &dch -f 
ABC: + &nf -D 1000 
ABC: + &put 
ABC: + write_blif <abc-temp-dir>/output.blif 
ABC: 
ABC: YOSYS_ABC_DONE 

10.46.2. Re-integrating ABC results.
ABC RESULTS:   A2O1A1Ixp33_ASAP7_75t_R cells:        1
ABC RESULTS:   AOI211xp5_ASAP7_75t_R cells:     1025
ABC RESULTS:   AOI21xp33_ASAP7_75t_R cells:     1025
ABC RESULTS:   AOI221xp5_ASAP7_75t_R cells:        1
ABC RESULTS:   INVx1_ASAP7_75t_R cells:     3171
ABC RESULTS:   NAND2xp33_ASAP7_75t_R cells:        3
ABC RESULTS:   NOR2xp33_ASAP7_75t_R cells:     1026
ABC RESULTS:   NOR4xp25_ASAP7_75t_R cells:        1
ABC RESULTS:   O2A1O1Ixp33_ASAP7_75t_R cells:        1
ABC RESULTS:   OAI21xp33_ASAP7_75t_R cells:     1024
ABC RESULTS:   OAI22xp33_ASAP7_75t_R cells:     1071
ABC RESULTS:   OAI32xp33_ASAP7_75t_R cells:     1024
ABC RESULTS:        internal signals:    15486
ABC RESULTS:           input signals:     5355
ABC RESULTS:          output signals:     4197
Removing temp directory.

10.47. Extracting gate netlist of module `\MSHR_4$GPU.Scheduler.mshrs_30' to `<abc-temp-dir>/input.blif'..
ABC: using cached merged SCL: /tmp/yosys-liberty-scl-cache/yosys_merged_a033288f.scl (1 files)
Replacing 7215 occurrences of constant undef bits with constant zero bits

10.47.1. Executed ABC.
Extracted 19681 gates and 25038 wires to a netlist network with 5355 inputs and 4197 outputs.
Running ABC script: <abc-temp-dir>/abc.script
ABC: UC Berkeley, ABC 1.01 (compiled Jun  3 2026 15:06:41)
ABC: abc 01> empty
ABC: abc 01> source <abc-temp-dir>/abc.script
ABC: + read_blif <abc-temp-dir>/input.blif 
ABC: + read_scl /tmp/yosys-liberty-scl-cache/yosys_merged_a033288f.scl 
ABC: Warning: Detected 2 multi-output cells (for example, "FAx1_ASAP7_75t_R").
ABC: + strash 
ABC: + &get -n 
ABC: + &fraig -x 
ABC: + &put 
ABC: + scorr 
ABC: Warning: The network is combinational (run "fraig" or "fraig_sweep").
ABC: + dc2 
ABC: + dretime 
ABC: + retime -o -D 1000 
ABC: + strash 
ABC: + &get -n 
ABC: + &dch -f 
ABC: + &nf -D 1000 
ABC: + &put 
ABC: + write_blif <abc-temp-dir>/output.blif 
ABC: 
ABC: YOSYS_ABC_DONE 

10.47.2. Re-integrating ABC results.
ABC RESULTS:   A2O1A1Ixp33_ASAP7_75t_R cells:        1
ABC RESULTS:   AOI211xp5_ASAP7_75t_R cells:     1025
ABC RESULTS:   AOI21xp33_ASAP7_75t_R cells:     1025
ABC RESULTS:   AOI221xp5_ASAP7_75t_R cells:        1
ABC RESULTS:   INVx1_ASAP7_75t_R cells:     3171
ABC RESULTS:   NAND2xp33_ASAP7_75t_R cells:        3
ABC RESULTS:   NOR2xp33_ASAP7_75t_R cells:     1026
ABC RESULTS:   NOR4xp25_ASAP7_75t_R cells:        1
ABC RESULTS:   O2A1O1Ixp33_ASAP7_75t_R cells:        1
ABC RESULTS:   OAI21xp33_ASAP7_75t_R cells:     1024
ABC RESULTS:   OAI22xp33_ASAP7_75t_R cells:     1071
ABC RESULTS:   OAI32xp33_ASAP7_75t_R cells:     1024
ABC RESULTS:        internal signals:    15486
ABC RESULTS:           input signals:     5355
ABC RESULTS:          output signals:     4197
Removing temp directory.

10.48. Extracting gate netlist of module `\MSHR_4$GPU.Scheduler.mshrs_29' to `<abc-temp-dir>/input.blif'..
ABC: using cached merged SCL: /tmp/yosys-liberty-scl-cache/yosys_merged_a033288f.scl (1 files)
Replacing 7215 occurrences of constant undef bits with constant zero bits

10.48.1. Executed ABC.
Extracted 19681 gates and 25038 wires to a netlist network with 5355 inputs and 4197 outputs.
Running ABC script: <abc-temp-dir>/abc.script
ABC: UC Berkeley, ABC 1.01 (compiled Jun  3 2026 15:06:41)
ABC: abc 01> empty
ABC: abc 01> source <abc-temp-dir>/abc.script
ABC: + read_blif <abc-temp-dir>/input.blif 
ABC: + read_scl /tmp/yosys-liberty-scl-cache/yosys_merged_a033288f.scl 
ABC: Warning: Detected 2 multi-output cells (for example, "FAx1_ASAP7_75t_R").
ABC: + strash 
ABC: + &get -n 
ABC: + &fraig -x 
ABC: + &put 
ABC: + scorr 
ABC: Warning: The network is combinational (run "fraig" or "fraig_sweep").
ABC: + dc2 
ABC: + dretime 
ABC: + retime -o -D 1000 
ABC: + strash 
ABC: + &get -n 
ABC: + &dch -f 
ABC: + &nf -D 1000 
ABC: + &put 
ABC: + write_blif <abc-temp-dir>/output.blif 
ABC: 
ABC: YOSYS_ABC_DONE 

10.48.2. Re-integrating ABC results.
ABC RESULTS:   A2O1A1Ixp33_ASAP7_75t_R cells:        1
ABC RESULTS:   AOI211xp5_ASAP7_75t_R cells:     1025
ABC RESULTS:   AOI21xp33_ASAP7_75t_R cells:     1025
ABC RESULTS:   AOI221xp5_ASAP7_75t_R cells:        1
ABC RESULTS:   INVx1_ASAP7_75t_R cells:     3171
ABC RESULTS:   NAND2xp33_ASAP7_75t_R cells:        3
ABC RESULTS:   NOR2xp33_ASAP7_75t_R cells:     1026
ABC RESULTS:   NOR4xp25_ASAP7_75t_R cells:        1
ABC RESULTS:   O2A1O1Ixp33_ASAP7_75t_R cells:        1
ABC RESULTS:   OAI21xp33_ASAP7_75t_R cells:     1024
ABC RESULTS:   OAI22xp33_ASAP7_75t_R cells:     1071
ABC RESULTS:   OAI32xp33_ASAP7_75t_R cells:     1024
ABC RESULTS:        internal signals:    15486
ABC RESULTS:           input signals:     5355
ABC RESULTS:          output signals:     4197
Removing temp directory.

10.49. Extracting gate netlist of module `\MSHR_4$GPU.Scheduler.mshrs_28' to `<abc-temp-dir>/input.blif'..
ABC: using cached merged SCL: /tmp/yosys-liberty-scl-cache/yosys_merged_a033288f.scl (1 files)
Replacing 7215 occurrences of constant undef bits with constant zero bits

10.49.1. Executed ABC.
Extracted 19681 gates and 25038 wires to a netlist network with 5355 inputs and 4197 outputs.
Running ABC script: <abc-temp-dir>/abc.script
ABC: UC Berkeley, ABC 1.01 (compiled Jun  3 2026 15:06:41)
ABC: abc 01> empty
ABC: abc 01> source <abc-temp-dir>/abc.script
ABC: + read_blif <abc-temp-dir>/input.blif 
ABC: + read_scl /tmp/yosys-liberty-scl-cache/yosys_merged_a033288f.scl 
ABC: Warning: Detected 2 multi-output cells (for example, "FAx1_ASAP7_75t_R").
ABC: + strash 
ABC: + &get -n 
ABC: + &fraig -x 
ABC: + &put 
ABC: + scorr 
ABC: Warning: The network is combinational (run "fraig" or "fraig_sweep").
ABC: + dc2 
ABC: + dretime 
ABC: + retime -o -D 1000 
ABC: + strash 
ABC: + &get -n 
ABC: + &dch -f 
ABC: + &nf -D 1000 
ABC: + &put 
ABC: + write_blif <abc-temp-dir>/output.blif 
ABC: 
ABC: YOSYS_ABC_DONE 

10.49.2. Re-integrating ABC results.
ABC RESULTS:   A2O1A1Ixp33_ASAP7_75t_R cells:        1
ABC RESULTS:   AOI211xp5_ASAP7_75t_R cells:     1025
ABC RESULTS:   AOI21xp33_ASAP7_75t_R cells:     1025
ABC RESULTS:   AOI221xp5_ASAP7_75t_R cells:        1
ABC RESULTS:   INVx1_ASAP7_75t_R cells:     3171
ABC RESULTS:   NAND2xp33_ASAP7_75t_R cells:        3
ABC RESULTS:   NOR2xp33_ASAP7_75t_R cells:     1026
ABC RESULTS:   NOR4xp25_ASAP7_75t_R cells:        1
ABC RESULTS:   O2A1O1Ixp33_ASAP7_75t_R cells:        1
ABC RESULTS:   OAI21xp33_ASAP7_75t_R cells:     1024
ABC RESULTS:   OAI22xp33_ASAP7_75t_R cells:     1071
ABC RESULTS:   OAI32xp33_ASAP7_75t_R cells:     1024
ABC RESULTS:        internal signals:    15486
ABC RESULTS:           input signals:     5355
ABC RESULTS:          output signals:     4197
Removing temp directory.

10.50. Extracting gate netlist of module `\MSHR_4$GPU.Scheduler.mshrs_27' to `<abc-temp-dir>/input.blif'..
ABC: using cached merged SCL: /tmp/yosys-liberty-scl-cache/yosys_merged_a033288f.scl (1 files)
Replacing 7215 occurrences of constant undef bits with constant zero bits

10.50.1. Executed ABC.
Extracted 19681 gates and 25038 wires to a netlist network with 5355 inputs and 4197 outputs.
Running ABC script: <abc-temp-dir>/abc.script
ABC: UC Berkeley, ABC 1.01 (compiled Jun  3 2026 15:06:41)
ABC: abc 01> empty
ABC: abc 01> source <abc-temp-dir>/abc.script
ABC: + read_blif <abc-temp-dir>/input.blif 
ABC: + read_scl /tmp/yosys-liberty-scl-cache/yosys_merged_a033288f.scl 
ABC: Warning: Detected 2 multi-output cells (for example, "FAx1_ASAP7_75t_R").
ABC: + strash 
ABC: + &get -n 
ABC: + &fraig -x 
ABC: + &put 
ABC: + scorr 
ABC: Warning: The network is combinational (run "fraig" or "fraig_sweep").
ABC: + dc2 
ABC: + dretime 
ABC: + retime -o -D 1000 
ABC: + strash 
ABC: + &get -n 
ABC: + &dch -f 
ABC: + &nf -D 1000 
ABC: + &put 
ABC: + write_blif <abc-temp-dir>/output.blif 
ABC: 
ABC: YOSYS_ABC_DONE 

10.50.2. Re-integrating ABC results.
ABC RESULTS:   A2O1A1Ixp33_ASAP7_75t_R cells:        1
ABC RESULTS:   AOI211xp5_ASAP7_75t_R cells:     1025
ABC RESULTS:   AOI21xp33_ASAP7_75t_R cells:     1025
ABC RESULTS:   AOI221xp5_ASAP7_75t_R cells:        1
ABC RESULTS:   INVx1_ASAP7_75t_R cells:     3171
ABC RESULTS:   NAND2xp33_ASAP7_75t_R cells:        3
ABC RESULTS:   NOR2xp33_ASAP7_75t_R cells:     1026
ABC RESULTS:   NOR4xp25_ASAP7_75t_R cells:        1
ABC RESULTS:   O2A1O1Ixp33_ASAP7_75t_R cells:        1
ABC RESULTS:   OAI21xp33_ASAP7_75t_R cells:     1024
ABC RESULTS:   OAI22xp33_ASAP7_75t_R cells:     1071
ABC RESULTS:   OAI32xp33_ASAP7_75t_R cells:     1024
ABC RESULTS:        internal signals:    15486
ABC RESULTS:           input signals:     5355
ABC RESULTS:          output signals:     4197
Removing temp directory.

10.51. Extracting gate netlist of module `\MSHR_4$GPU.Scheduler.mshrs_26' to `<abc-temp-dir>/input.blif'..
ABC: using cached merged SCL: /tmp/yosys-liberty-scl-cache/yosys_merged_a033288f.scl (1 files)
Replacing 7215 occurrences of constant undef bits with constant zero bits

10.51.1. Executed ABC.
Extracted 19681 gates and 25038 wires to a netlist network with 5355 inputs and 4197 outputs.
Running ABC script: <abc-temp-dir>/abc.script
ABC: UC Berkeley, ABC 1.01 (compiled Jun  3 2026 15:06:41)
ABC: abc 01> empty
ABC: abc 01> source <abc-temp-dir>/abc.script
ABC: + read_blif <abc-temp-dir>/input.blif 
ABC: + read_scl /tmp/yosys-liberty-scl-cache/yosys_merged_a033288f.scl 
ABC: Warning: Detected 2 multi-output cells (for example, "FAx1_ASAP7_75t_R").
ABC: + strash 
ABC: + &get -n 
ABC: + &fraig -x 
ABC: + &put 
ABC: + scorr 
ABC: Warning: The network is combinational (run "fraig" or "fraig_sweep").
ABC: + dc2 
ABC: + dretime 
ABC: + retime -o -D 1000 
ABC: + strash 
ABC: + &get -n 
ABC: + &dch -f 
ABC: + &nf -D 1000 
ABC: + &put 
ABC: + write_blif <abc-temp-dir>/output.blif 
ABC: 
ABC: YOSYS_ABC_DONE 

10.51.2. Re-integrating ABC results.
ABC RESULTS:   A2O1A1Ixp33_ASAP7_75t_R cells:        1
ABC RESULTS:   AOI211xp5_ASAP7_75t_R cells:     1025
ABC RESULTS:   AOI21xp33_ASAP7_75t_R cells:     1025
ABC RESULTS:   AOI221xp5_ASAP7_75t_R cells:        1
ABC RESULTS:   INVx1_ASAP7_75t_R cells:     3171
ABC RESULTS:   NAND2xp33_ASAP7_75t_R cells:        3
ABC RESULTS:   NOR2xp33_ASAP7_75t_R cells:     1026
ABC RESULTS:   NOR4xp25_ASAP7_75t_R cells:        1
ABC RESULTS:   O2A1O1Ixp33_ASAP7_75t_R cells:        1
ABC RESULTS:   OAI21xp33_ASAP7_75t_R cells:     1024
ABC RESULTS:   OAI22xp33_ASAP7_75t_R cells:     1071
ABC RESULTS:   OAI32xp33_ASAP7_75t_R cells:     1024
ABC RESULTS:        internal signals:    15486
ABC RESULTS:           input signals:     5355
ABC RESULTS:          output signals:     4197
Removing temp directory.

10.52. Extracting gate netlist of module `\MSHR_4$GPU.Scheduler.mshrs_25' to `<abc-temp-dir>/input.blif'..
ABC: using cached merged SCL: /tmp/yosys-liberty-scl-cache/yosys_merged_a033288f.scl (1 files)
Replacing 7215 occurrences of constant undef bits with constant zero bits

10.52.1. Executed ABC.
Extracted 19681 gates and 25038 wires to a netlist network with 5355 inputs and 4197 outputs.
Running ABC script: <abc-temp-dir>/abc.script
ABC: UC Berkeley, ABC 1.01 (compiled Jun  3 2026 15:06:41)
ABC: abc 01> empty
ABC: abc 01> source <abc-temp-dir>/abc.script
ABC: + read_blif <abc-temp-dir>/input.blif 
ABC: + read_scl /tmp/yosys-liberty-scl-cache/yosys_merged_a033288f.scl 
ABC: Warning: Detected 2 multi-output cells (for example, "FAx1_ASAP7_75t_R").
ABC: + strash 
ABC: + &get -n 
ABC: + &fraig -x 
ABC: + &put 
ABC: + scorr 
ABC: Warning: The network is combinational (run "fraig" or "fraig_sweep").
ABC: + dc2 
ABC: + dretime 
ABC: + retime -o -D 1000 
ABC: + strash 
ABC: + &get -n 
ABC: + &dch -f 
ABC: + &nf -D 1000 
ABC: + &put 
ABC: + write_blif <abc-temp-dir>/output.blif 
ABC: 
ABC: YOSYS_ABC_DONE 

10.52.2. Re-integrating ABC results.
ABC RESULTS:   A2O1A1Ixp33_ASAP7_75t_R cells:        1
ABC RESULTS:   AOI211xp5_ASAP7_75t_R cells:     1025
ABC RESULTS:   AOI21xp33_ASAP7_75t_R cells:     1025
ABC RESULTS:   AOI221xp5_ASAP7_75t_R cells:        1
ABC RESULTS:   INVx1_ASAP7_75t_R cells:     3171
ABC RESULTS:   NAND2xp33_ASAP7_75t_R cells:        3
ABC RESULTS:   NOR2xp33_ASAP7_75t_R cells:     1026
ABC RESULTS:   NOR4xp25_ASAP7_75t_R cells:        1
ABC RESULTS:   O2A1O1Ixp33_ASAP7_75t_R cells:        1
ABC RESULTS:   OAI21xp33_ASAP7_75t_R cells:     1024
ABC RESULTS:   OAI22xp33_ASAP7_75t_R cells:     1071
ABC RESULTS:   OAI32xp33_ASAP7_75t_R cells:     1024
ABC RESULTS:        internal signals:    15486
ABC RESULTS:           input signals:     5355
ABC RESULTS:          output signals:     4197
Removing temp directory.

10.53. Extracting gate netlist of module `\MSHR_4$GPU.Scheduler.mshrs_24' to `<abc-temp-dir>/input.blif'..
ABC: using cached merged SCL: /tmp/yosys-liberty-scl-cache/yosys_merged_a033288f.scl (1 files)
Replacing 7215 occurrences of constant undef bits with constant zero bits

10.53.1. Executed ABC.
Extracted 19681 gates and 25038 wires to a netlist network with 5355 inputs and 4197 outputs.
Running ABC script: <abc-temp-dir>/abc.script
ABC: UC Berkeley, ABC 1.01 (compiled Jun  3 2026 15:06:41)
ABC: abc 01> empty
ABC: abc 01> source <abc-temp-dir>/abc.script
ABC: + read_blif <abc-temp-dir>/input.blif 
ABC: + read_scl /tmp/yosys-liberty-scl-cache/yosys_merged_a033288f.scl 
ABC: Warning: Detected 2 multi-output cells (for example, "FAx1_ASAP7_75t_R").
ABC: + strash 
ABC: + &get -n 
ABC: + &fraig -x 
ABC: + &put 
ABC: + scorr 
ABC: Warning: The network is combinational (run "fraig" or "fraig_sweep").
ABC: + dc2 
ABC: + dretime 
ABC: + retime -o -D 1000 
ABC: + strash 
ABC: + &get -n 
ABC: + &dch -f 
ABC: + &nf -D 1000 
ABC: + &put 
ABC: + write_blif <abc-temp-dir>/output.blif 
ABC: 
ABC: YOSYS_ABC_DONE 

10.53.2. Re-integrating ABC results.
ABC RESULTS:   A2O1A1Ixp33_ASAP7_75t_R cells:        1
ABC RESULTS:   AOI211xp5_ASAP7_75t_R cells:     1025
ABC RESULTS:   AOI21xp33_ASAP7_75t_R cells:     1025
ABC RESULTS:   AOI221xp5_ASAP7_75t_R cells:        1
ABC RESULTS:   INVx1_ASAP7_75t_R cells:     3171
ABC RESULTS:   NAND2xp33_ASAP7_75t_R cells:        3
ABC RESULTS:   NOR2xp33_ASAP7_75t_R cells:     1026
ABC RESULTS:   NOR4xp25_ASAP7_75t_R cells:        1
ABC RESULTS:   O2A1O1Ixp33_ASAP7_75t_R cells:        1
ABC RESULTS:   OAI21xp33_ASAP7_75t_R cells:     1024
ABC RESULTS:   OAI22xp33_ASAP7_75t_R cells:     1071
ABC RESULTS:   OAI32xp33_ASAP7_75t_R cells:     1024
ABC RESULTS:        internal signals:    15486
ABC RESULTS:           input signals:     5355
ABC RESULTS:          output signals:     4197
Removing temp directory.

10.54. Extracting gate netlist of module `\MSHR_4$GPU.Scheduler.mshrs_23' to `<abc-temp-dir>/input.blif'..
ABC: using cached merged SCL: /tmp/yosys-liberty-scl-cache/yosys_merged_a033288f.scl (1 files)
Replacing 7215 occurrences of constant undef bits with constant zero bits

10.54.1. Executed ABC.
Extracted 19681 gates and 25038 wires to a netlist network with 5355 inputs and 4197 outputs.
Running ABC script: <abc-temp-dir>/abc.script
ABC: UC Berkeley, ABC 1.01 (compiled Jun  3 2026 15:06:41)
ABC: abc 01> empty
ABC: abc 01> source <abc-temp-dir>/abc.script
ABC: + read_blif <abc-temp-dir>/input.blif 
ABC: + read_scl /tmp/yosys-liberty-scl-cache/yosys_merged_a033288f.scl 
ABC: Warning: Detected 2 multi-output cells (for example, "FAx1_ASAP7_75t_R").
ABC: + strash 
ABC: + &get -n 
ABC: + &fraig -x 
ABC: + &put 
ABC: + scorr 
ABC: Warning: The network is combinational (run "fraig" or "fraig_sweep").
ABC: + dc2 
ABC: + dretime 
ABC: + retime -o -D 1000 
ABC: + strash 
ABC: + &get -n 
ABC: + &dch -f 
ABC: + &nf -D 1000 
ABC: + &put 
ABC: + write_blif <abc-temp-dir>/output.blif 
ABC: 
ABC: YOSYS_ABC_DONE 

10.54.2. Re-integrating ABC results.
ABC RESULTS:   A2O1A1Ixp33_ASAP7_75t_R cells:        1
ABC RESULTS:   AOI211xp5_ASAP7_75t_R cells:     1025
ABC RESULTS:   AOI21xp33_ASAP7_75t_R cells:     1025
ABC RESULTS:   AOI221xp5_ASAP7_75t_R cells:        1
ABC RESULTS:   INVx1_ASAP7_75t_R cells:     3171
ABC RESULTS:   NAND2xp33_ASAP7_75t_R cells:        3
ABC RESULTS:   NOR2xp33_ASAP7_75t_R cells:     1026
ABC RESULTS:   NOR4xp25_ASAP7_75t_R cells:        1
ABC RESULTS:   O2A1O1Ixp33_ASAP7_75t_R cells:        1
ABC RESULTS:   OAI21xp33_ASAP7_75t_R cells:     1024
ABC RESULTS:   OAI22xp33_ASAP7_75t_R cells:     1071
ABC RESULTS:   OAI32xp33_ASAP7_75t_R cells:     1024
ABC RESULTS:        internal signals:    15486
ABC RESULTS:           input signals:     5355
ABC RESULTS:          output signals:     4197
Removing temp directory.

10.55. Extracting gate netlist of module `\MSHR_4$GPU.Scheduler.mshrs_22' to `<abc-temp-dir>/input.blif'..
ABC: using cached merged SCL: /tmp/yosys-liberty-scl-cache/yosys_merged_a033288f.scl (1 files)
Replacing 7215 occurrences of constant undef bits with constant zero bits

10.55.1. Executed ABC.
Extracted 19681 gates and 25038 wires to a netlist network with 5355 inputs and 4197 outputs.
Running ABC script: <abc-temp-dir>/abc.script
ABC: UC Berkeley, ABC 1.01 (compiled Jun  3 2026 15:06:41)
ABC: abc 01> empty
ABC: abc 01> source <abc-temp-dir>/abc.script
ABC: + read_blif <abc-temp-dir>/input.blif 
ABC: + read_scl /tmp/yosys-liberty-scl-cache/yosys_merged_a033288f.scl 
ABC: Warning: Detected 2 multi-output cells (for example, "FAx1_ASAP7_75t_R").
ABC: + strash 
ABC: + &get -n 
ABC: + &fraig -x 
ABC: + &put 
ABC: + scorr 
ABC: Warning: The network is combinational (run "fraig" or "fraig_sweep").
ABC: + dc2 
ABC: + dretime 
ABC: + retime -o -D 1000 
ABC: + strash 
ABC: + &get -n 
ABC: + &dch -f 
ABC: + &nf -D 1000 
ABC: + &put 
ABC: + write_blif <abc-temp-dir>/output.blif 
ABC: 
ABC: YOSYS_ABC_DONE 

10.55.2. Re-integrating ABC results.
ABC RESULTS:   A2O1A1Ixp33_ASAP7_75t_R cells:        1
ABC RESULTS:   AOI211xp5_ASAP7_75t_R cells:     1025
ABC RESULTS:   AOI21xp33_ASAP7_75t_R cells:     1025
ABC RESULTS:   AOI221xp5_ASAP7_75t_R cells:        1
ABC RESULTS:   INVx1_ASAP7_75t_R cells:     3171
ABC RESULTS:   NAND2xp33_ASAP7_75t_R cells:        3
ABC RESULTS:   NOR2xp33_ASAP7_75t_R cells:     1026
ABC RESULTS:   NOR4xp25_ASAP7_75t_R cells:        1
ABC RESULTS:   O2A1O1Ixp33_ASAP7_75t_R cells:        1
ABC RESULTS:   OAI21xp33_ASAP7_75t_R cells:     1024
ABC RESULTS:   OAI22xp33_ASAP7_75t_R cells:     1071
ABC RESULTS:   OAI32xp33_ASAP7_75t_R cells:     1024
ABC RESULTS:        internal signals:    15486
ABC RESULTS:           input signals:     5355
ABC RESULTS:          output signals:     4197
Removing temp directory.

10.56. Extracting gate netlist of module `\MSHR_4$GPU.Scheduler.mshrs_21' to `<abc-temp-dir>/input.blif'..
ABC: using cached merged SCL: /tmp/yosys-liberty-scl-cache/yosys_merged_a033288f.scl (1 files)
Replacing 7215 occurrences of constant undef bits with constant zero bits

10.56.1. Executed ABC.
Extracted 19681 gates and 25038 wires to a netlist network with 5355 inputs and 4197 outputs.
Running ABC script: <abc-temp-dir>/abc.script
ABC: UC Berkeley, ABC 1.01 (compiled Jun  3 2026 15:06:41)
ABC: abc 01> empty
ABC: abc 01> source <abc-temp-dir>/abc.script
ABC: + read_blif <abc-temp-dir>/input.blif 
ABC: + read_scl /tmp/yosys-liberty-scl-cache/yosys_merged_a033288f.scl 
ABC: Warning: Detected 2 multi-output cells (for example, "FAx1_ASAP7_75t_R").
ABC: + strash 
ABC: + &get -n 
ABC: + &fraig -x 
ABC: + &put 
ABC: + scorr 
ABC: Warning: The network is combinational (run "fraig" or "fraig_sweep").
ABC: + dc2 
ABC: + dretime 
ABC: + retime -o -D 1000 
ABC: + strash 
ABC: + &get -n 
ABC: + &dch -f 
ABC: + &nf -D 1000 
ABC: + &put 
ABC: + write_blif <abc-temp-dir>/output.blif 
ABC: 
ABC: YOSYS_ABC_DONE 

10.56.2. Re-integrating ABC results.
ABC RESULTS:   A2O1A1Ixp33_ASAP7_75t_R cells:        1
ABC RESULTS:   AOI211xp5_ASAP7_75t_R cells:     1025
ABC RESULTS:   AOI21xp33_ASAP7_75t_R cells:     1025
ABC RESULTS:   AOI221xp5_ASAP7_75t_R cells:        1
ABC RESULTS:   INVx1_ASAP7_75t_R cells:     3171
ABC RESULTS:   NAND2xp33_ASAP7_75t_R cells:        3
ABC RESULTS:   NOR2xp33_ASAP7_75t_R cells:     1026
ABC RESULTS:   NOR4xp25_ASAP7_75t_R cells:        1
ABC RESULTS:   O2A1O1Ixp33_ASAP7_75t_R cells:        1
ABC RESULTS:   OAI21xp33_ASAP7_75t_R cells:     1024
ABC RESULTS:   OAI22xp33_ASAP7_75t_R cells:     1071
ABC RESULTS:   OAI32xp33_ASAP7_75t_R cells:     1024
ABC RESULTS:        internal signals:    15486
ABC RESULTS:           input signals:     5355
ABC RESULTS:          output signals:     4197
Removing temp directory.

10.57. Extracting gate netlist of module `\MSHR_4$GPU.Scheduler.mshrs_20' to `<abc-temp-dir>/input.blif'..
ABC: using cached merged SCL: /tmp/yosys-liberty-scl-cache/yosys_merged_a033288f.scl (1 files)
Replacing 7215 occurrences of constant undef bits with constant zero bits

10.57.1. Executed ABC.
Extracted 19681 gates and 25038 wires to a netlist network with 5355 inputs and 4197 outputs.
Running ABC script: <abc-temp-dir>/abc.script
ABC: UC Berkeley, ABC 1.01 (compiled Jun  3 2026 15:06:41)
ABC: abc 01> empty
ABC: abc 01> source <abc-temp-dir>/abc.script
ABC: + read_blif <abc-temp-dir>/input.blif 
ABC: + read_scl /tmp/yosys-liberty-scl-cache/yosys_merged_a033288f.scl 
ABC: Warning: Detected 2 multi-output cells (for example, "FAx1_ASAP7_75t_R").
ABC: + strash 
ABC: + &get -n 
ABC: + &fraig -x 
ABC: + &put 
ABC: + scorr 
ABC: Warning: The network is combinational (run "fraig" or "fraig_sweep").
ABC: + dc2 
ABC: + dretime 
ABC: + retime -o -D 1000 
ABC: + strash 
ABC: + &get -n 
ABC: + &dch -f 
ABC: + &nf -D 1000 
ABC: + &put 
ABC: + write_blif <abc-temp-dir>/output.blif 
ABC: 
ABC: YOSYS_ABC_DONE 

10.57.2. Re-integrating ABC results.
ABC RESULTS:   A2O1A1Ixp33_ASAP7_75t_R cells:        1
ABC RESULTS:   AOI211xp5_ASAP7_75t_R cells:     1025
ABC RESULTS:   AOI21xp33_ASAP7_75t_R cells:     1025
ABC RESULTS:   AOI221xp5_ASAP7_75t_R cells:        1
ABC RESULTS:   INVx1_ASAP7_75t_R cells:     3171
ABC RESULTS:   NAND2xp33_ASAP7_75t_R cells:        3
ABC RESULTS:   NOR2xp33_ASAP7_75t_R cells:     1026
ABC RESULTS:   NOR4xp25_ASAP7_75t_R cells:        1
ABC RESULTS:   O2A1O1Ixp33_ASAP7_75t_R cells:        1
ABC RESULTS:   OAI21xp33_ASAP7_75t_R cells:     1024
ABC RESULTS:   OAI22xp33_ASAP7_75t_R cells:     1071
ABC RESULTS:   OAI32xp33_ASAP7_75t_R cells:     1024
ABC RESULTS:        internal signals:    15486
ABC RESULTS:           input signals:     5355
ABC RESULTS:          output signals:     4197
Removing temp directory.

10.58. Extracting gate netlist of module `\MSHR_4$GPU.Scheduler.mshrs_19' to `<abc-temp-dir>/input.blif'..
ABC: using cached merged SCL: /tmp/yosys-liberty-scl-cache/yosys_merged_a033288f.scl (1 files)
Replacing 7215 occurrences of constant undef bits with constant zero bits

10.58.1. Executed ABC.
Extracted 19681 gates and 25038 wires to a netlist network with 5355 inputs and 4197 outputs.
Running ABC script: <abc-temp-dir>/abc.script
ABC: UC Berkeley, ABC 1.01 (compiled Jun  3 2026 15:06:41)
ABC: abc 01> empty
ABC: abc 01> source <abc-temp-dir>/abc.script
ABC: + read_blif <abc-temp-dir>/input.blif 
ABC: + read_scl /tmp/yosys-liberty-scl-cache/yosys_merged_a033288f.scl 
ABC: Warning: Detected 2 multi-output cells (for example, "FAx1_ASAP7_75t_R").
ABC: + strash 
ABC: + &get -n 
ABC: + &fraig -x 
ABC: + &put 
ABC: + scorr 
ABC: Warning: The network is combinational (run "fraig" or "fraig_sweep").
ABC: + dc2 
ABC: + dretime 
ABC: + retime -o -D 1000 
ABC: + strash 
ABC: + &get -n 
ABC: + &dch -f 
ABC: + &nf -D 1000 
ABC: + &put 
ABC: + write_blif <abc-temp-dir>/output.blif 
ABC: 
ABC: YOSYS_ABC_DONE 

10.58.2. Re-integrating ABC results.
ABC RESULTS:   A2O1A1Ixp33_ASAP7_75t_R cells:        1
ABC RESULTS:   AOI211xp5_ASAP7_75t_R cells:     1025
ABC RESULTS:   AOI21xp33_ASAP7_75t_R cells:     1025
ABC RESULTS:   AOI221xp5_ASAP7_75t_R cells:        1
ABC RESULTS:   INVx1_ASAP7_75t_R cells:     3171
ABC RESULTS:   NAND2xp33_ASAP7_75t_R cells:        3
ABC RESULTS:   NOR2xp33_ASAP7_75t_R cells:     1026
ABC RESULTS:   NOR4xp25_ASAP7_75t_R cells:        1
ABC RESULTS:   O2A1O1Ixp33_ASAP7_75t_R cells:        1
ABC RESULTS:   OAI21xp33_ASAP7_75t_R cells:     1024
ABC RESULTS:   OAI22xp33_ASAP7_75t_R cells:     1071
ABC RESULTS:   OAI32xp33_ASAP7_75t_R cells:     1024
ABC RESULTS:        internal signals:    15486
ABC RESULTS:           input signals:     5355
ABC RESULTS:          output signals:     4197
Removing temp directory.

10.59. Extracting gate netlist of module `\MSHR_4$GPU.Scheduler.mshrs_18' to `<abc-temp-dir>/input.blif'..
ABC: using cached merged SCL: /tmp/yosys-liberty-scl-cache/yosys_merged_a033288f.scl (1 files)
Replacing 7215 occurrences of constant undef bits with constant zero bits

10.59.1. Executed ABC.
Extracted 19681 gates and 25038 wires to a netlist network with 5355 inputs and 4197 outputs.
Running ABC script: <abc-temp-dir>/abc.script
ABC: UC Berkeley, ABC 1.01 (compiled Jun  3 2026 15:06:41)
ABC: abc 01> empty
ABC: abc 01> source <abc-temp-dir>/abc.script
ABC: + read_blif <abc-temp-dir>/input.blif 
ABC: + read_scl /tmp/yosys-liberty-scl-cache/yosys_merged_a033288f.scl 
ABC: Warning: Detected 2 multi-output cells (for example, "FAx1_ASAP7_75t_R").
ABC: + strash 
ABC: + &get -n 
ABC: + &fraig -x 
ABC: + &put 
ABC: + scorr 
ABC: Warning: The network is combinational (run "fraig" or "fraig_sweep").
ABC: + dc2 
ABC: + dretime 
ABC: + retime -o -D 1000 
ABC: + strash 
ABC: + &get -n 
ABC: + &dch -f 
ABC: + &nf -D 1000 
ABC: + &put 
ABC: + write_blif <abc-temp-dir>/output.blif 
ABC: 
ABC: YOSYS_ABC_DONE 

10.59.2. Re-integrating ABC results.
ABC RESULTS:   A2O1A1Ixp33_ASAP7_75t_R cells:        1
ABC RESULTS:   AOI211xp5_ASAP7_75t_R cells:     1025
ABC RESULTS:   AOI21xp33_ASAP7_75t_R cells:     1025
ABC RESULTS:   AOI221xp5_ASAP7_75t_R cells:        1
ABC RESULTS:   INVx1_ASAP7_75t_R cells:     3171
ABC RESULTS:   NAND2xp33_ASAP7_75t_R cells:        3
ABC RESULTS:   NOR2xp33_ASAP7_75t_R cells:     1026
ABC RESULTS:   NOR4xp25_ASAP7_75t_R cells:        1
ABC RESULTS:   O2A1O1Ixp33_ASAP7_75t_R cells:        1
ABC RESULTS:   OAI21xp33_ASAP7_75t_R cells:     1024
ABC RESULTS:   OAI22xp33_ASAP7_75t_R cells:     1071
ABC RESULTS:   OAI32xp33_ASAP7_75t_R cells:     1024
ABC RESULTS:        internal signals:    15486
ABC RESULTS:           input signals:     5355
ABC RESULTS:          output signals:     4197
Removing temp directory.

10.60. Extracting gate netlist of module `\MSHR_4$GPU.Scheduler.mshrs_17' to `<abc-temp-dir>/input.blif'..
ABC: using cached merged SCL: /tmp/yosys-liberty-scl-cache/yosys_merged_a033288f.scl (1 files)
Replacing 7215 occurrences of constant undef bits with constant zero bits

10.60.1. Executed ABC.
Extracted 19681 gates and 25038 wires to a netlist network with 5355 inputs and 4197 outputs.
Running ABC script: <abc-temp-dir>/abc.script
ABC: UC Berkeley, ABC 1.01 (compiled Jun  3 2026 15:06:41)
ABC: abc 01> empty
ABC: abc 01> source <abc-temp-dir>/abc.script
ABC: + read_blif <abc-temp-dir>/input.blif 
ABC: + read_scl /tmp/yosys-liberty-scl-cache/yosys_merged_a033288f.scl 
ABC: Warning: Detected 2 multi-output cells (for example, "FAx1_ASAP7_75t_R").
ABC: + strash 
ABC: + &get -n 
ABC: + &fraig -x 
ABC: + &put 
ABC: + scorr 
ABC: Warning: The network is combinational (run "fraig" or "fraig_sweep").
ABC: + dc2 
ABC: + dretime 
ABC: + retime -o -D 1000 
ABC: + strash 
ABC: + &get -n 
ABC: + &dch -f 
ABC: + &nf -D 1000 
ABC: + &put 
ABC: + write_blif <abc-temp-dir>/output.blif 
ABC: 
ABC: YOSYS_ABC_DONE 

10.60.2. Re-integrating ABC results.
ABC RESULTS:   A2O1A1Ixp33_ASAP7_75t_R cells:        1
ABC RESULTS:   AOI211xp5_ASAP7_75t_R cells:     1025
ABC RESULTS:   AOI21xp33_ASAP7_75t_R cells:     1025
ABC RESULTS:   AOI221xp5_ASAP7_75t_R cells:        1
ABC RESULTS:   INVx1_ASAP7_75t_R cells:     3171
ABC RESULTS:   NAND2xp33_ASAP7_75t_R cells:        3
ABC RESULTS:   NOR2xp33_ASAP7_75t_R cells:     1026
ABC RESULTS:   NOR4xp25_ASAP7_75t_R cells:        1
ABC RESULTS:   O2A1O1Ixp33_ASAP7_75t_R cells:        1
ABC RESULTS:   OAI21xp33_ASAP7_75t_R cells:     1024
ABC RESULTS:   OAI22xp33_ASAP7_75t_R cells:     1071
ABC RESULTS:   OAI32xp33_ASAP7_75t_R cells:     1024
ABC RESULTS:        internal signals:    15486
ABC RESULTS:           input signals:     5355
ABC RESULTS:          output signals:     4197
Removing temp directory.

10.61. Extracting gate netlist of module `\MSHR_4$GPU.Scheduler.mshrs_16' to `<abc-temp-dir>/input.blif'..
ABC: using cached merged SCL: /tmp/yosys-liberty-scl-cache/yosys_merged_a033288f.scl (1 files)
Replacing 7215 occurrences of constant undef bits with constant zero bits

10.61.1. Executed ABC.
Extracted 19681 gates and 25038 wires to a netlist network with 5355 inputs and 4197 outputs.
Running ABC script: <abc-temp-dir>/abc.script
ABC: UC Berkeley, ABC 1.01 (compiled Jun  3 2026 15:06:41)
ABC: abc 01> empty
ABC: abc 01> source <abc-temp-dir>/abc.script
ABC: + read_blif <abc-temp-dir>/input.blif 
ABC: + read_scl /tmp/yosys-liberty-scl-cache/yosys_merged_a033288f.scl 
ABC: Warning: Detected 2 multi-output cells (for example, "FAx1_ASAP7_75t_R").
ABC: + strash 
ABC: + &get -n 
ABC: + &fraig -x 
ABC: + &put 
ABC: + scorr 
ABC: Warning: The network is combinational (run "fraig" or "fraig_sweep").
ABC: + dc2 
ABC: + dretime 
ABC: + retime -o -D 1000 
ABC: + strash 
ABC: + &get -n 
ABC: + &dch -f 
ABC: + &nf -D 1000 
ABC: + &put 
ABC: + write_blif <abc-temp-dir>/output.blif 
ABC: 
ABC: YOSYS_ABC_DONE 

10.61.2. Re-integrating ABC results.
ABC RESULTS:   A2O1A1Ixp33_ASAP7_75t_R cells:        1
ABC RESULTS:   AOI211xp5_ASAP7_75t_R cells:     1025
ABC RESULTS:   AOI21xp33_ASAP7_75t_R cells:     1025
ABC RESULTS:   AOI221xp5_ASAP7_75t_R cells:        1
ABC RESULTS:   INVx1_ASAP7_75t_R cells:     3171
ABC RESULTS:   NAND2xp33_ASAP7_75t_R cells:        3
ABC RESULTS:   NOR2xp33_ASAP7_75t_R cells:     1026
ABC RESULTS:   NOR4xp25_ASAP7_75t_R cells:        1
ABC RESULTS:   O2A1O1Ixp33_ASAP7_75t_R cells:        1
ABC RESULTS:   OAI21xp33_ASAP7_75t_R cells:     1024
ABC RESULTS:   OAI22xp33_ASAP7_75t_R cells:     1071
ABC RESULTS:   OAI32xp33_ASAP7_75t_R cells:     1024
ABC RESULTS:        internal signals:    15486
ABC RESULTS:           input signals:     5355
ABC RESULTS:          output signals:     4197
Removing temp directory.

10.62. Extracting gate netlist of module `\MSHR_4$GPU.Scheduler.mshrs_15' to `<abc-temp-dir>/input.blif'..
ABC: using cached merged SCL: /tmp/yosys-liberty-scl-cache/yosys_merged_a033288f.scl (1 files)
Replacing 7215 occurrences of constant undef bits with constant zero bits

10.62.1. Executed ABC.
Extracted 19681 gates and 25038 wires to a netlist network with 5355 inputs and 4197 outputs.
Running ABC script: <abc-temp-dir>/abc.script
ABC: UC Berkeley, ABC 1.01 (compiled Jun  3 2026 15:06:41)
ABC: abc 01> empty
ABC: abc 01> source <abc-temp-dir>/abc.script
ABC: + read_blif <abc-temp-dir>/input.blif 
ABC: + read_scl /tmp/yosys-liberty-scl-cache/yosys_merged_a033288f.scl 
ABC: Warning: Detected 2 multi-output cells (for example, "FAx1_ASAP7_75t_R").
ABC: + strash 
ABC: + &get -n 
ABC: + &fraig -x 
ABC: + &put 
ABC: + scorr 
ABC: Warning: The network is combinational (run "fraig" or "fraig_sweep").
ABC: + dc2 
ABC: + dretime 
ABC: + retime -o -D 1000 
ABC: + strash 
ABC: + &get -n 
ABC: + &dch -f 
ABC: + &nf -D 1000 
ABC: + &put 
ABC: + write_blif <abc-temp-dir>/output.blif 
ABC: 
ABC: YOSYS_ABC_DONE 

10.62.2. Re-integrating ABC results.
ABC RESULTS:   A2O1A1Ixp33_ASAP7_75t_R cells:        1
ABC RESULTS:   AOI211xp5_ASAP7_75t_R cells:     1025
ABC RESULTS:   AOI21xp33_ASAP7_75t_R cells:     1025
ABC RESULTS:   AOI221xp5_ASAP7_75t_R cells:        1
ABC RESULTS:   INVx1_ASAP7_75t_R cells:     3171
ABC RESULTS:   NAND2xp33_ASAP7_75t_R cells:        3
ABC RESULTS:   NOR2xp33_ASAP7_75t_R cells:     1026
ABC RESULTS:   NOR4xp25_ASAP7_75t_R cells:        1
ABC RESULTS:   O2A1O1Ixp33_ASAP7_75t_R cells:        1
ABC RESULTS:   OAI21xp33_ASAP7_75t_R cells:     1024
ABC RESULTS:   OAI22xp33_ASAP7_75t_R cells:     1071
ABC RESULTS:   OAI32xp33_ASAP7_75t_R cells:     1024
ABC RESULTS:        internal signals:    15486
ABC RESULTS:           input signals:     5355
ABC RESULTS:          output signals:     4197
Removing temp directory.

10.63. Extracting gate netlist of module `\MSHR_4$GPU.Scheduler.mshrs_14' to `<abc-temp-dir>/input.blif'..
ABC: using cached merged SCL: /tmp/yosys-liberty-scl-cache/yosys_merged_a033288f.scl (1 files)
Replacing 7215 occurrences of constant undef bits with constant zero bits

10.63.1. Executed ABC.
Extracted 19681 gates and 25038 wires to a netlist network with 5355 inputs and 4197 outputs.
Running ABC script: <abc-temp-dir>/abc.script
ABC: UC Berkeley, ABC 1.01 (compiled Jun  3 2026 15:06:41)
ABC: abc 01> empty
ABC: abc 01> source <abc-temp-dir>/abc.script
ABC: + read_blif <abc-temp-dir>/input.blif 
ABC: + read_scl /tmp/yosys-liberty-scl-cache/yosys_merged_a033288f.scl 
ABC: Warning: Detected 2 multi-output cells (for example, "FAx1_ASAP7_75t_R").
ABC: + strash 
ABC: + &get -n 
ABC: + &fraig -x 
ABC: + &put 
ABC: + scorr 
ABC: Warning: The network is combinational (run "fraig" or "fraig_sweep").
ABC: + dc2 
ABC: + dretime 
ABC: + retime -o -D 1000 
ABC: + strash 
ABC: + &get -n 
ABC: + &dch -f 
ABC: + &nf -D 1000 
ABC: + &put 
ABC: + write_blif <abc-temp-dir>/output.blif 
ABC: 
ABC: YOSYS_ABC_DONE 

10.63.2. Re-integrating ABC results.
ABC RESULTS:   A2O1A1Ixp33_ASAP7_75t_R cells:        1
ABC RESULTS:   AOI211xp5_ASAP7_75t_R cells:     1025
ABC RESULTS:   AOI21xp33_ASAP7_75t_R cells:     1025
ABC RESULTS:   AOI221xp5_ASAP7_75t_R cells:        1
ABC RESULTS:   INVx1_ASAP7_75t_R cells:     3171
ABC RESULTS:   NAND2xp33_ASAP7_75t_R cells:        3
ABC RESULTS:   NOR2xp33_ASAP7_75t_R cells:     1026
ABC RESULTS:   NOR4xp25_ASAP7_75t_R cells:        1
ABC RESULTS:   O2A1O1Ixp33_ASAP7_75t_R cells:        1
ABC RESULTS:   OAI21xp33_ASAP7_75t_R cells:     1024
ABC RESULTS:   OAI22xp33_ASAP7_75t_R cells:     1071
ABC RESULTS:   OAI32xp33_ASAP7_75t_R cells:     1024
ABC RESULTS:        internal signals:    15486
ABC RESULTS:           input signals:     5355
ABC RESULTS:          output signals:     4197
Removing temp directory.

10.64. Extracting gate netlist of module `\MSHR_4$GPU.Scheduler.mshrs_13' to `<abc-temp-dir>/input.blif'..
ABC: using cached merged SCL: /tmp/yosys-liberty-scl-cache/yosys_merged_a033288f.scl (1 files)
Replacing 7215 occurrences of constant undef bits with constant zero bits

10.64.1. Executed ABC.
Extracted 19681 gates and 25038 wires to a netlist network with 5355 inputs and 4197 outputs.
Running ABC script: <abc-temp-dir>/abc.script
ABC: UC Berkeley, ABC 1.01 (compiled Jun  3 2026 15:06:41)
ABC: abc 01> empty
ABC: abc 01> source <abc-temp-dir>/abc.script
ABC: + read_blif <abc-temp-dir>/input.blif 
ABC: + read_scl /tmp/yosys-liberty-scl-cache/yosys_merged_a033288f.scl 
ABC: Warning: Detected 2 multi-output cells (for example, "FAx1_ASAP7_75t_R").
ABC: + strash 
ABC: + &get -n 
ABC: + &fraig -x 
ABC: + &put 
ABC: + scorr 
ABC: Warning: The network is combinational (run "fraig" or "fraig_sweep").
ABC: + dc2 
ABC: + dretime 
ABC: + retime -o -D 1000 
ABC: + strash 
ABC: + &get -n 
ABC: + &dch -f 
ABC: + &nf -D 1000 
ABC: + &put 
ABC: + write_blif <abc-temp-dir>/output.blif 
ABC: 
ABC: YOSYS_ABC_DONE 

10.64.2. Re-integrating ABC results.
ABC RESULTS:   A2O1A1Ixp33_ASAP7_75t_R cells:        1
ABC RESULTS:   AOI211xp5_ASAP7_75t_R cells:     1025
ABC RESULTS:   AOI21xp33_ASAP7_75t_R cells:     1025
ABC RESULTS:   AOI221xp5_ASAP7_75t_R cells:        1
ABC RESULTS:   INVx1_ASAP7_75t_R cells:     3171
ABC RESULTS:   NAND2xp33_ASAP7_75t_R cells:        3
ABC RESULTS:   NOR2xp33_ASAP7_75t_R cells:     1026
ABC RESULTS:   NOR4xp25_ASAP7_75t_R cells:        1
ABC RESULTS:   O2A1O1Ixp33_ASAP7_75t_R cells:        1
ABC RESULTS:   OAI21xp33_ASAP7_75t_R cells:     1024
ABC RESULTS:   OAI22xp33_ASAP7_75t_R cells:     1071
ABC RESULTS:   OAI32xp33_ASAP7_75t_R cells:     1024
ABC RESULTS:        internal signals:    15486
ABC RESULTS:           input signals:     5355
ABC RESULTS:          output signals:     4197
Removing temp directory.

10.65. Extracting gate netlist of module `\MSHR_4$GPU.Scheduler.mshrs_12' to `<abc-temp-dir>/input.blif'..
ABC: using cached merged SCL: /tmp/yosys-liberty-scl-cache/yosys_merged_a033288f.scl (1 files)
Replacing 7215 occurrences of constant undef bits with constant zero bits

10.65.1. Executed ABC.
Extracted 19681 gates and 25038 wires to a netlist network with 5355 inputs and 4197 outputs.
Running ABC script: <abc-temp-dir>/abc.script
ABC: UC Berkeley, ABC 1.01 (compiled Jun  3 2026 15:06:41)
ABC: abc 01> empty
ABC: abc 01> source <abc-temp-dir>/abc.script
ABC: + read_blif <abc-temp-dir>/input.blif 
ABC: + read_scl /tmp/yosys-liberty-scl-cache/yosys_merged_a033288f.scl 
ABC: Warning: Detected 2 multi-output cells (for example, "FAx1_ASAP7_75t_R").
ABC: + strash 
ABC: + &get -n 
ABC: + &fraig -x 
ABC: + &put 
ABC: + scorr 
ABC: Warning: The network is combinational (run "fraig" or "fraig_sweep").
ABC: + dc2 
ABC: + dretime 
ABC: + retime -o -D 1000 
ABC: + strash 
ABC: + &get -n 
ABC: + &dch -f 
ABC: + &nf -D 1000 
ABC: + &put 
ABC: + write_blif <abc-temp-dir>/output.blif 
ABC: 
ABC: YOSYS_ABC_DONE 

10.65.2. Re-integrating ABC results.
ABC RESULTS:   A2O1A1Ixp33_ASAP7_75t_R cells:        1
ABC RESULTS:   AOI211xp5_ASAP7_75t_R cells:     1025
ABC RESULTS:   AOI21xp33_ASAP7_75t_R cells:     1025
ABC RESULTS:   AOI221xp5_ASAP7_75t_R cells:        1
ABC RESULTS:   INVx1_ASAP7_75t_R cells:     3171
ABC RESULTS:   NAND2xp33_ASAP7_75t_R cells:        3
ABC RESULTS:   NOR2xp33_ASAP7_75t_R cells:     1026
ABC RESULTS:   NOR4xp25_ASAP7_75t_R cells:        1
ABC RESULTS:   O2A1O1Ixp33_ASAP7_75t_R cells:        1
ABC RESULTS:   OAI21xp33_ASAP7_75t_R cells:     1024
ABC RESULTS:   OAI22xp33_ASAP7_75t_R cells:     1071
ABC RESULTS:   OAI32xp33_ASAP7_75t_R cells:     1024
ABC RESULTS:        internal signals:    15486
ABC RESULTS:           input signals:     5355
ABC RESULTS:          output signals:     4197
Removing temp directory.

10.66. Extracting gate netlist of module `\MSHR_4$GPU.Scheduler.mshrs_11' to `<abc-temp-dir>/input.blif'..
ABC: using cached merged SCL: /tmp/yosys-liberty-scl-cache/yosys_merged_a033288f.scl (1 files)
Replacing 7215 occurrences of constant undef bits with constant zero bits

10.66.1. Executed ABC.
Extracted 19681 gates and 25038 wires to a netlist network with 5355 inputs and 4197 outputs.
Running ABC script: <abc-temp-dir>/abc.script
ABC: UC Berkeley, ABC 1.01 (compiled Jun  3 2026 15:06:41)
ABC: abc 01> empty
ABC: abc 01> source <abc-temp-dir>/abc.script
ABC: + read_blif <abc-temp-dir>/input.blif 
ABC: + read_scl /tmp/yosys-liberty-scl-cache/yosys_merged_a033288f.scl 
ABC: Warning: Detected 2 multi-output cells (for example, "FAx1_ASAP7_75t_R").
ABC: + strash 
ABC: + &get -n 
ABC: + &fraig -x 
ABC: + &put 
ABC: + scorr 
ABC: Warning: The network is combinational (run "fraig" or "fraig_sweep").
ABC: + dc2 
ABC: + dretime 
ABC: + retime -o -D 1000 
ABC: + strash 
ABC: + &get -n 
ABC: + &dch -f 
ABC: + &nf -D 1000 
ABC: + &put 
ABC: + write_blif <abc-temp-dir>/output.blif 
ABC: 
ABC: YOSYS_ABC_DONE 

10.66.2. Re-integrating ABC results.
ABC RESULTS:   A2O1A1Ixp33_ASAP7_75t_R cells:        1
ABC RESULTS:   AOI211xp5_ASAP7_75t_R cells:     1025
ABC RESULTS:   AOI21xp33_ASAP7_75t_R cells:     1025
ABC RESULTS:   AOI221xp5_ASAP7_75t_R cells:        1
ABC RESULTS:   INVx1_ASAP7_75t_R cells:     3171
ABC RESULTS:   NAND2xp33_ASAP7_75t_R cells:        3
ABC RESULTS:   NOR2xp33_ASAP7_75t_R cells:     1026
ABC RESULTS:   NOR4xp25_ASAP7_75t_R cells:        1
ABC RESULTS:   O2A1O1Ixp33_ASAP7_75t_R cells:        1
ABC RESULTS:   OAI21xp33_ASAP7_75t_R cells:     1024
ABC RESULTS:   OAI22xp33_ASAP7_75t_R cells:     1071
ABC RESULTS:   OAI32xp33_ASAP7_75t_R cells:     1024
ABC RESULTS:        internal signals:    15486
ABC RESULTS:           input signals:     5355
ABC RESULTS:          output signals:     4197
Removing temp directory.

10.67. Extracting gate netlist of module `\MSHR_4$GPU.Scheduler.mshrs_10' to `<abc-temp-dir>/input.blif'..
ABC: using cached merged SCL: /tmp/yosys-liberty-scl-cache/yosys_merged_a033288f.scl (1 files)
Replacing 7215 occurrences of constant undef bits with constant zero bits

10.67.1. Executed ABC.
Extracted 19681 gates and 25038 wires to a netlist network with 5355 inputs and 4197 outputs.
Running ABC script: <abc-temp-dir>/abc.script
ABC: UC Berkeley, ABC 1.01 (compiled Jun  3 2026 15:06:41)
ABC: abc 01> empty
ABC: abc 01> source <abc-temp-dir>/abc.script
ABC: + read_blif <abc-temp-dir>/input.blif 
ABC: + read_scl /tmp/yosys-liberty-scl-cache/yosys_merged_a033288f.scl 
ABC: Warning: Detected 2 multi-output cells (for example, "FAx1_ASAP7_75t_R").
ABC: + strash 
ABC: + &get -n 
ABC: + &fraig -x 
ABC: + &put 
ABC: + scorr 
ABC: Warning: The network is combinational (run "fraig" or "fraig_sweep").
ABC: + dc2 
ABC: + dretime 
ABC: + retime -o -D 1000 
ABC: + strash 
ABC: + &get -n 
ABC: + &dch -f 
ABC: + &nf -D 1000 
ABC: + &put 
ABC: + write_blif <abc-temp-dir>/output.blif 
ABC: 
ABC: YOSYS_ABC_DONE 

10.67.2. Re-integrating ABC results.
ABC RESULTS:   A2O1A1Ixp33_ASAP7_75t_R cells:        1
ABC RESULTS:   AOI211xp5_ASAP7_75t_R cells:     1025
ABC RESULTS:   AOI21xp33_ASAP7_75t_R cells:     1025
ABC RESULTS:   AOI221xp5_ASAP7_75t_R cells:        1
ABC RESULTS:   INVx1_ASAP7_75t_R cells:     3171
ABC RESULTS:   NAND2xp33_ASAP7_75t_R cells:        3
ABC RESULTS:   NOR2xp33_ASAP7_75t_R cells:     1026
ABC RESULTS:   NOR4xp25_ASAP7_75t_R cells:        1
ABC RESULTS:   O2A1O1Ixp33_ASAP7_75t_R cells:        1
ABC RESULTS:   OAI21xp33_ASAP7_75t_R cells:     1024
ABC RESULTS:   OAI22xp33_ASAP7_75t_R cells:     1071
ABC RESULTS:   OAI32xp33_ASAP7_75t_R cells:     1024
ABC RESULTS:        internal signals:    15486
ABC RESULTS:           input signals:     5355
ABC RESULTS:          output signals:     4197
Removing temp directory.

10.68. Extracting gate netlist of module `\MSHR_4$GPU.Scheduler.mshrs_9' to `<abc-temp-dir>/input.blif'..
ABC: using cached merged SCL: /tmp/yosys-liberty-scl-cache/yosys_merged_a033288f.scl (1 files)
Replacing 7215 occurrences of constant undef bits with constant zero bits

10.68.1. Executed ABC.
Extracted 19681 gates and 25038 wires to a netlist network with 5355 inputs and 4197 outputs.
Running ABC script: <abc-temp-dir>/abc.script
ABC: UC Berkeley, ABC 1.01 (compiled Jun  3 2026 15:06:41)
ABC: abc 01> empty
ABC: abc 01> source <abc-temp-dir>/abc.script
ABC: + read_blif <abc-temp-dir>/input.blif 
ABC: + read_scl /tmp/yosys-liberty-scl-cache/yosys_merged_a033288f.scl 
ABC: Warning: Detected 2 multi-output cells (for example, "FAx1_ASAP7_75t_R").
ABC: + strash 
ABC: + &get -n 
ABC: + &fraig -x 
ABC: + &put 
ABC: + scorr 
ABC: Warning: The network is combinational (run "fraig" or "fraig_sweep").
ABC: + dc2 
ABC: + dretime 
ABC: + retime -o -D 1000 
ABC: + strash 
ABC: + &get -n 
ABC: + &dch -f 
ABC: + &nf -D 1000 
ABC: + &put 
ABC: + write_blif <abc-temp-dir>/output.blif 
ABC: 
ABC: YOSYS_ABC_DONE 

10.68.2. Re-integrating ABC results.
ABC RESULTS:   A2O1A1Ixp33_ASAP7_75t_R cells:        1
ABC RESULTS:   AOI211xp5_ASAP7_75t_R cells:     1025
ABC RESULTS:   AOI21xp33_ASAP7_75t_R cells:     1025
ABC RESULTS:   AOI221xp5_ASAP7_75t_R cells:        1
ABC RESULTS:   INVx1_ASAP7_75t_R cells:     3171
ABC RESULTS:   NAND2xp33_ASAP7_75t_R cells:        3
ABC RESULTS:   NOR2xp33_ASAP7_75t_R cells:     1026
ABC RESULTS:   NOR4xp25_ASAP7_75t_R cells:        1
ABC RESULTS:   O2A1O1Ixp33_ASAP7_75t_R cells:        1
ABC RESULTS:   OAI21xp33_ASAP7_75t_R cells:     1024
ABC RESULTS:   OAI22xp33_ASAP7_75t_R cells:     1071
ABC RESULTS:   OAI32xp33_ASAP7_75t_R cells:     1024
ABC RESULTS:        internal signals:    15486
ABC RESULTS:           input signals:     5355
ABC RESULTS:          output signals:     4197
Removing temp directory.

10.69. Extracting gate netlist of module `\MSHR_4$GPU.Scheduler.mshrs_8' to `<abc-temp-dir>/input.blif'..
ABC: using cached merged SCL: /tmp/yosys-liberty-scl-cache/yosys_merged_a033288f.scl (1 files)
Replacing 7215 occurrences of constant undef bits with constant zero bits

10.69.1. Executed ABC.
Extracted 19681 gates and 25038 wires to a netlist network with 5355 inputs and 4197 outputs.
Running ABC script: <abc-temp-dir>/abc.script
ABC: UC Berkeley, ABC 1.01 (compiled Jun  3 2026 15:06:41)
ABC: abc 01> empty
ABC: abc 01> source <abc-temp-dir>/abc.script
ABC: + read_blif <abc-temp-dir>/input.blif 
ABC: + read_scl /tmp/yosys-liberty-scl-cache/yosys_merged_a033288f.scl 
ABC: Warning: Detected 2 multi-output cells (for example, "FAx1_ASAP7_75t_R").
ABC: + strash 
ABC: + &get -n 
ABC: + &fraig -x 
ABC: + &put 
ABC: + scorr 
ABC: Warning: The network is combinational (run "fraig" or "fraig_sweep").
ABC: + dc2 
ABC: + dretime 
ABC: + retime -o -D 1000 
ABC: + strash 
ABC: + &get -n 
ABC: + &dch -f 
ABC: + &nf -D 1000 
ABC: + &put 
ABC: + write_blif <abc-temp-dir>/output.blif 
ABC: 
ABC: YOSYS_ABC_DONE 

10.69.2. Re-integrating ABC results.
ABC RESULTS:   A2O1A1Ixp33_ASAP7_75t_R cells:        1
ABC RESULTS:   AOI211xp5_ASAP7_75t_R cells:     1025
ABC RESULTS:   AOI21xp33_ASAP7_75t_R cells:     1025
ABC RESULTS:   AOI221xp5_ASAP7_75t_R cells:        1
ABC RESULTS:   INVx1_ASAP7_75t_R cells:     3171
ABC RESULTS:   NAND2xp33_ASAP7_75t_R cells:        3
ABC RESULTS:   NOR2xp33_ASAP7_75t_R cells:     1026
ABC RESULTS:   NOR4xp25_ASAP7_75t_R cells:        1
ABC RESULTS:   O2A1O1Ixp33_ASAP7_75t_R cells:        1
ABC RESULTS:   OAI21xp33_ASAP7_75t_R cells:     1024
ABC RESULTS:   OAI22xp33_ASAP7_75t_R cells:     1071
ABC RESULTS:   OAI32xp33_ASAP7_75t_R cells:     1024
ABC RESULTS:        internal signals:    15486
ABC RESULTS:           input signals:     5355
ABC RESULTS:          output signals:     4197
Removing temp directory.

10.70. Extracting gate netlist of module `\MSHR_4$GPU.Scheduler.mshrs_7' to `<abc-temp-dir>/input.blif'..
ABC: using cached merged SCL: /tmp/yosys-liberty-scl-cache/yosys_merged_a033288f.scl (1 files)
Replacing 7215 occurrences of constant undef bits with constant zero bits

10.70.1. Executed ABC.
Extracted 19681 gates and 25038 wires to a netlist network with 5355 inputs and 4197 outputs.
Running ABC script: <abc-temp-dir>/abc.script
ABC: UC Berkeley, ABC 1.01 (compiled Jun  3 2026 15:06:41)
ABC: abc 01> empty
ABC: abc 01> source <abc-temp-dir>/abc.script
ABC: + read_blif <abc-temp-dir>/input.blif 
ABC: + read_scl /tmp/yosys-liberty-scl-cache/yosys_merged_a033288f.scl 
ABC: Warning: Detected 2 multi-output cells (for example, "FAx1_ASAP7_75t_R").
ABC: + strash 
ABC: + &get -n 
ABC: + &fraig -x 
ABC: + &put 
ABC: + scorr 
ABC: Warning: The network is combinational (run "fraig" or "fraig_sweep").
ABC: + dc2 
ABC: + dretime 
ABC: + retime -o -D 1000 
ABC: + strash 
ABC: + &get -n 
ABC: + &dch -f 
ABC: + &nf -D 1000 
ABC: + &put 
ABC: + write_blif <abc-temp-dir>/output.blif 
ABC: 
ABC: YOSYS_ABC_DONE 

10.70.2. Re-integrating ABC results.
ABC RESULTS:   A2O1A1Ixp33_ASAP7_75t_R cells:        1
ABC RESULTS:   AOI211xp5_ASAP7_75t_R cells:     1025
ABC RESULTS:   AOI21xp33_ASAP7_75t_R cells:     1025
ABC RESULTS:   AOI221xp5_ASAP7_75t_R cells:        1
ABC RESULTS:   INVx1_ASAP7_75t_R cells:     3171
ABC RESULTS:   NAND2xp33_ASAP7_75t_R cells:        3
ABC RESULTS:   NOR2xp33_ASAP7_75t_R cells:     1026
ABC RESULTS:   NOR4xp25_ASAP7_75t_R cells:        1
ABC RESULTS:   O2A1O1Ixp33_ASAP7_75t_R cells:        1
ABC RESULTS:   OAI21xp33_ASAP7_75t_R cells:     1024
ABC RESULTS:   OAI22xp33_ASAP7_75t_R cells:     1071
ABC RESULTS:   OAI32xp33_ASAP7_75t_R cells:     1024
ABC RESULTS:        internal signals:    15486
ABC RESULTS:           input signals:     5355
ABC RESULTS:          output signals:     4197
Removing temp directory.

10.71. Extracting gate netlist of module `\MSHR_4$GPU.Scheduler.mshrs_6' to `<abc-temp-dir>/input.blif'..
ABC: using cached merged SCL: /tmp/yosys-liberty-scl-cache/yosys_merged_a033288f.scl (1 files)
Replacing 7215 occurrences of constant undef bits with constant zero bits

10.71.1. Executed ABC.
Extracted 19681 gates and 25038 wires to a netlist network with 5355 inputs and 4197 outputs.
Running ABC script: <abc-temp-dir>/abc.script
ABC: UC Berkeley, ABC 1.01 (compiled Jun  3 2026 15:06:41)
ABC: abc 01> empty
ABC: abc 01> source <abc-temp-dir>/abc.script
ABC: + read_blif <abc-temp-dir>/input.blif 
ABC: + read_scl /tmp/yosys-liberty-scl-cache/yosys_merged_a033288f.scl 
ABC: Warning: Detected 2 multi-output cells (for example, "FAx1_ASAP7_75t_R").
ABC: + strash 
ABC: + &get -n 
ABC: + &fraig -x 
ABC: + &put 
ABC: + scorr 
ABC: Warning: The network is combinational (run "fraig" or "fraig_sweep").
ABC: + dc2 
ABC: + dretime 
ABC: + retime -o -D 1000 
ABC: + strash 
ABC: + &get -n 
ABC: + &dch -f 
ABC: + &nf -D 1000 
ABC: + &put 
ABC: + write_blif <abc-temp-dir>/output.blif 
ABC: 
ABC: YOSYS_ABC_DONE 

10.71.2. Re-integrating ABC results.
ABC RESULTS:   A2O1A1Ixp33_ASAP7_75t_R cells:        1
ABC RESULTS:   AOI211xp5_ASAP7_75t_R cells:     1025
ABC RESULTS:   AOI21xp33_ASAP7_75t_R cells:     1025
ABC RESULTS:   AOI221xp5_ASAP7_75t_R cells:        1
ABC RESULTS:   INVx1_ASAP7_75t_R cells:     3171
ABC RESULTS:   NAND2xp33_ASAP7_75t_R cells:        3
ABC RESULTS:   NOR2xp33_ASAP7_75t_R cells:     1026
ABC RESULTS:   NOR4xp25_ASAP7_75t_R cells:        1
ABC RESULTS:   O2A1O1Ixp33_ASAP7_75t_R cells:        1
ABC RESULTS:   OAI21xp33_ASAP7_75t_R cells:     1024
ABC RESULTS:   OAI22xp33_ASAP7_75t_R cells:     1071
ABC RESULTS:   OAI32xp33_ASAP7_75t_R cells:     1024
ABC RESULTS:        internal signals:    15486
ABC RESULTS:           input signals:     5355
ABC RESULTS:          output signals:     4197
Removing temp directory.

10.72. Extracting gate netlist of module `\MSHR_4$GPU.Scheduler.mshrs_5' to `<abc-temp-dir>/input.blif'..
ABC: using cached merged SCL: /tmp/yosys-liberty-scl-cache/yosys_merged_a033288f.scl (1 files)
Replacing 7215 occurrences of constant undef bits with constant zero bits

10.72.1. Executed ABC.
Extracted 19681 gates and 25038 wires to a netlist network with 5355 inputs and 4197 outputs.
Running ABC script: <abc-temp-dir>/abc.script
ABC: UC Berkeley, ABC 1.01 (compiled Jun  3 2026 15:06:41)
ABC: abc 01> empty
ABC: abc 01> source <abc-temp-dir>/abc.script
ABC: + read_blif <abc-temp-dir>/input.blif 
ABC: + read_scl /tmp/yosys-liberty-scl-cache/yosys_merged_a033288f.scl 
ABC: Warning: Detected 2 multi-output cells (for example, "FAx1_ASAP7_75t_R").
ABC: + strash 
ABC: + &get -n 
ABC: + &fraig -x 
ABC: + &put 
ABC: + scorr 
ABC: Warning: The network is combinational (run "fraig" or "fraig_sweep").
ABC: + dc2 
ABC: + dretime 
ABC: + retime -o -D 1000 
ABC: + strash 
ABC: + &get -n 
ABC: + &dch -f 
ABC: + &nf -D 1000 
ABC: + &put 
ABC: + write_blif <abc-temp-dir>/output.blif 
ABC: 
ABC: YOSYS_ABC_DONE 

10.72.2. Re-integrating ABC results.
ABC RESULTS:   A2O1A1Ixp33_ASAP7_75t_R cells:        1
ABC RESULTS:   AOI211xp5_ASAP7_75t_R cells:     1025
ABC RESULTS:   AOI21xp33_ASAP7_75t_R cells:     1025
ABC RESULTS:   AOI221xp5_ASAP7_75t_R cells:        1
ABC RESULTS:   INVx1_ASAP7_75t_R cells:     3171
ABC RESULTS:   NAND2xp33_ASAP7_75t_R cells:        3
ABC RESULTS:   NOR2xp33_ASAP7_75t_R cells:     1026
ABC RESULTS:   NOR4xp25_ASAP7_75t_R cells:        1
ABC RESULTS:   O2A1O1Ixp33_ASAP7_75t_R cells:        1
ABC RESULTS:   OAI21xp33_ASAP7_75t_R cells:     1024
ABC RESULTS:   OAI22xp33_ASAP7_75t_R cells:     1071
ABC RESULTS:   OAI32xp33_ASAP7_75t_R cells:     1024
ABC RESULTS:        internal signals:    15486
ABC RESULTS:           input signals:     5355
ABC RESULTS:          output signals:     4197
Removing temp directory.

10.73. Extracting gate netlist of module `\MSHR_4$GPU.Scheduler.mshrs_4' to `<abc-temp-dir>/input.blif'..
ABC: using cached merged SCL: /tmp/yosys-liberty-scl-cache/yosys_merged_a033288f.scl (1 files)
Replacing 7215 occurrences of constant undef bits with constant zero bits

10.73.1. Executed ABC.
Extracted 19681 gates and 25038 wires to a netlist network with 5355 inputs and 4197 outputs.
Running ABC script: <abc-temp-dir>/abc.script
ABC: UC Berkeley, ABC 1.01 (compiled Jun  3 2026 15:06:41)
ABC: abc 01> empty
ABC: abc 01> source <abc-temp-dir>/abc.script
ABC: + read_blif <abc-temp-dir>/input.blif 
ABC: + read_scl /tmp/yosys-liberty-scl-cache/yosys_merged_a033288f.scl 
ABC: Warning: Detected 2 multi-output cells (for example, "FAx1_ASAP7_75t_R").
ABC: + strash 
ABC: + &get -n 
ABC: + &fraig -x 
ABC: + &put 
ABC: + scorr 
ABC: Warning: The network is combinational (run "fraig" or "fraig_sweep").
ABC: + dc2 
ABC: + dretime 
ABC: + retime -o -D 1000 
ABC: + strash 
ABC: + &get -n 
ABC: + &dch -f 
ABC: + &nf -D 1000 
ABC: + &put 
ABC: + write_blif <abc-temp-dir>/output.blif 
ABC: 
ABC: YOSYS_ABC_DONE 

10.73.2. Re-integrating ABC results.
ABC RESULTS:   A2O1A1Ixp33_ASAP7_75t_R cells:        1
ABC RESULTS:   AOI211xp5_ASAP7_75t_R cells:     1025
ABC RESULTS:   AOI21xp33_ASAP7_75t_R cells:     1025
ABC RESULTS:   AOI221xp5_ASAP7_75t_R cells:        1
ABC RESULTS:   INVx1_ASAP7_75t_R cells:     3171
ABC RESULTS:   NAND2xp33_ASAP7_75t_R cells:        3
ABC RESULTS:   NOR2xp33_ASAP7_75t_R cells:     1026
ABC RESULTS:   NOR4xp25_ASAP7_75t_R cells:        1
ABC RESULTS:   O2A1O1Ixp33_ASAP7_75t_R cells:        1
ABC RESULTS:   OAI21xp33_ASAP7_75t_R cells:     1024
ABC RESULTS:   OAI22xp33_ASAP7_75t_R cells:     1071
ABC RESULTS:   OAI32xp33_ASAP7_75t_R cells:     1024
ABC RESULTS:        internal signals:    15486
ABC RESULTS:           input signals:     5355
ABC RESULTS:          output signals:     4197
Removing temp directory.

10.74. Extracting gate netlist of module `\MSHR_4$GPU.Scheduler.mshrs_3' to `<abc-temp-dir>/input.blif'..
ABC: using cached merged SCL: /tmp/yosys-liberty-scl-cache/yosys_merged_a033288f.scl (1 files)
Replacing 7215 occurrences of constant undef bits with constant zero bits

10.74.1. Executed ABC.
Extracted 19681 gates and 25038 wires to a netlist network with 5355 inputs and 4197 outputs.
Running ABC script: <abc-temp-dir>/abc.script
ABC: UC Berkeley, ABC 1.01 (compiled Jun  3 2026 15:06:41)
ABC: abc 01> empty
ABC: abc 01> source <abc-temp-dir>/abc.script
ABC: + read_blif <abc-temp-dir>/input.blif 
ABC: + read_scl /tmp/yosys-liberty-scl-cache/yosys_merged_a033288f.scl 
ABC: Warning: Detected 2 multi-output cells (for example, "FAx1_ASAP7_75t_R").
ABC: + strash 
ABC: + &get -n 
ABC: + &fraig -x 
ABC: + &put 
ABC: + scorr 
ABC: Warning: The network is combinational (run "fraig" or "fraig_sweep").
ABC: + dc2 
ABC: + dretime 
ABC: + retime -o -D 1000 
ABC: + strash 
ABC: + &get -n 
ABC: + &dch -f 
ABC: + &nf -D 1000 
ABC: + &put 
ABC: + write_blif <abc-temp-dir>/output.blif 
ABC: 
ABC: YOSYS_ABC_DONE 

10.74.2. Re-integrating ABC results.
ABC RESULTS:   A2O1A1Ixp33_ASAP7_75t_R cells:        1
ABC RESULTS:   AOI211xp5_ASAP7_75t_R cells:     1025
ABC RESULTS:   AOI21xp33_ASAP7_75t_R cells:     1025
ABC RESULTS:   AOI221xp5_ASAP7_75t_R cells:        1
ABC RESULTS:   INVx1_ASAP7_75t_R cells:     3171
ABC RESULTS:   NAND2xp33_ASAP7_75t_R cells:        3
ABC RESULTS:   NOR2xp33_ASAP7_75t_R cells:     1026
ABC RESULTS:   NOR4xp25_ASAP7_75t_R cells:        1
ABC RESULTS:   O2A1O1Ixp33_ASAP7_75t_R cells:        1
ABC RESULTS:   OAI21xp33_ASAP7_75t_R cells:     1024
ABC RESULTS:   OAI22xp33_ASAP7_75t_R cells:     1071
ABC RESULTS:   OAI32xp33_ASAP7_75t_R cells:     1024
ABC RESULTS:        internal signals:    15486
ABC RESULTS:           input signals:     5355
ABC RESULTS:          output signals:     4197
Removing temp directory.

10.75. Extracting gate netlist of module `\MSHR_4$GPU.Scheduler.mshrs_2' to `<abc-temp-dir>/input.blif'..
ABC: using cached merged SCL: /tmp/yosys-liberty-scl-cache/yosys_merged_a033288f.scl (1 files)
Replacing 7215 occurrences of constant undef bits with constant zero bits

10.75.1. Executed ABC.
Extracted 19681 gates and 25038 wires to a netlist network with 5355 inputs and 4197 outputs.
Running ABC script: <abc-temp-dir>/abc.script
ABC: UC Berkeley, ABC 1.01 (compiled Jun  3 2026 15:06:41)
ABC: abc 01> empty
ABC: abc 01> source <abc-temp-dir>/abc.script
ABC: + read_blif <abc-temp-dir>/input.blif 
ABC: + read_scl /tmp/yosys-liberty-scl-cache/yosys_merged_a033288f.scl 
ABC: Warning: Detected 2 multi-output cells (for example, "FAx1_ASAP7_75t_R").
ABC: + strash 
ABC: + &get -n 
ABC: + &fraig -x 
ABC: + &put 
ABC: + scorr 
ABC: Warning: The network is combinational (run "fraig" or "fraig_sweep").
ABC: + dc2 
ABC: + dretime 
ABC: + retime -o -D 1000 
ABC: + strash 
ABC: + &get -n 
ABC: + &dch -f 
ABC: + &nf -D 1000 
ABC: + &put 
ABC: + write_blif <abc-temp-dir>/output.blif 
ABC: 
ABC: YOSYS_ABC_DONE 

10.75.2. Re-integrating ABC results.
ABC RESULTS:   A2O1A1Ixp33_ASAP7_75t_R cells:        1
ABC RESULTS:   AOI211xp5_ASAP7_75t_R cells:     1025
ABC RESULTS:   AOI21xp33_ASAP7_75t_R cells:     1025
ABC RESULTS:   AOI221xp5_ASAP7_75t_R cells:        1
ABC RESULTS:   INVx1_ASAP7_75t_R cells:     3171
ABC RESULTS:   NAND2xp33_ASAP7_75t_R cells:        3
ABC RESULTS:   NOR2xp33_ASAP7_75t_R cells:     1026
ABC RESULTS:   NOR4xp25_ASAP7_75t_R cells:        1
ABC RESULTS:   O2A1O1Ixp33_ASAP7_75t_R cells:        1
ABC RESULTS:   OAI21xp33_ASAP7_75t_R cells:     1024
ABC RESULTS:   OAI22xp33_ASAP7_75t_R cells:     1071
ABC RESULTS:   OAI32xp33_ASAP7_75t_R cells:     1024
ABC RESULTS:        internal signals:    15486
ABC RESULTS:           input signals:     5355
ABC RESULTS:          output signals:     4197
Removing temp directory.

10.76. Extracting gate netlist of module `\MSHR_4$GPU.Scheduler.mshrs_1' to `<abc-temp-dir>/input.blif'..
ABC: using cached merged SCL: /tmp/yosys-liberty-scl-cache/yosys_merged_a033288f.scl (1 files)
Replacing 7215 occurrences of constant undef bits with constant zero bits

10.76.1. Executed ABC.
Extracted 19681 gates and 25038 wires to a netlist network with 5355 inputs and 4197 outputs.
Running ABC script: <abc-temp-dir>/abc.script
ABC: UC Berkeley, ABC 1.01 (compiled Jun  3 2026 15:06:41)
ABC: abc 01> empty
ABC: abc 01> source <abc-temp-dir>/abc.script
ABC: + read_blif <abc-temp-dir>/input.blif 
ABC: + read_scl /tmp/yosys-liberty-scl-cache/yosys_merged_a033288f.scl 
ABC: Warning: Detected 2 multi-output cells (for example, "FAx1_ASAP7_75t_R").
ABC: + strash 
ABC: + &get -n 
ABC: + &fraig -x 
ABC: + &put 
ABC: + scorr 
ABC: Warning: The network is combinational (run "fraig" or "fraig_sweep").
ABC: + dc2 
ABC: + dretime 
ABC: + retime -o -D 1000 
ABC: + strash 
ABC: + &get -n 
ABC: + &dch -f 
ABC: + &nf -D 1000 
ABC: + &put 
ABC: + write_blif <abc-temp-dir>/output.blif 
ABC: 
ABC: YOSYS_ABC_DONE 

10.76.2. Re-integrating ABC results.
ABC RESULTS:   A2O1A1Ixp33_ASAP7_75t_R cells:        1
ABC RESULTS:   AOI211xp5_ASAP7_75t_R cells:     1025
ABC RESULTS:   AOI21xp33_ASAP7_75t_R cells:     1025
ABC RESULTS:   AOI221xp5_ASAP7_75t_R cells:        1
ABC RESULTS:   INVx1_ASAP7_75t_R cells:     3171
ABC RESULTS:   NAND2xp33_ASAP7_75t_R cells:        3
ABC RESULTS:   NOR2xp33_ASAP7_75t_R cells:     1026
ABC RESULTS:   NOR4xp25_ASAP7_75t_R cells:        1
ABC RESULTS:   O2A1O1Ixp33_ASAP7_75t_R cells:        1
ABC RESULTS:   OAI21xp33_ASAP7_75t_R cells:     1024
ABC RESULTS:   OAI22xp33_ASAP7_75t_R cells:     1071
ABC RESULTS:   OAI32xp33_ASAP7_75t_R cells:     1024
ABC RESULTS:        internal signals:    15486
ABC RESULTS:           input signals:     5355
ABC RESULTS:          output signals:     4197
Removing temp directory.

10.77. Extracting gate netlist of module `\MSHR_4$GPU.Scheduler.mshrs_0' to `<abc-temp-dir>/input.blif'..
ABC: using cached merged SCL: /tmp/yosys-liberty-scl-cache/yosys_merged_a033288f.scl (1 files)
Replacing 7215 occurrences of constant undef bits with constant zero bits

10.77.1. Executed ABC.
Extracted 19681 gates and 25038 wires to a netlist network with 5355 inputs and 4197 outputs.
Running ABC script: <abc-temp-dir>/abc.script
ABC: UC Berkeley, ABC 1.01 (compiled Jun  3 2026 15:06:41)
ABC: abc 01> empty
ABC: abc 01> source <abc-temp-dir>/abc.script
ABC: + read_blif <abc-temp-dir>/input.blif 
ABC: + read_scl /tmp/yosys-liberty-scl-cache/yosys_merged_a033288f.scl 
ABC: Warning: Detected 2 multi-output cells (for example, "FAx1_ASAP7_75t_R").
ABC: + strash 
ABC: + &get -n 
ABC: + &fraig -x 
ABC: + &put 
ABC: + scorr 
ABC: Warning: The network is combinational (run "fraig" or "fraig_sweep").
ABC: + dc2 
ABC: + dretime 
ABC: + retime -o -D 1000 
ABC: + strash 
ABC: + &get -n 
ABC: + &dch -f 
ABC: + &nf -D 1000 
ABC: + &put 
ABC: + write_blif <abc-temp-dir>/output.blif 
ABC: 
ABC: YOSYS_ABC_DONE 

10.77.2. Re-integrating ABC results.
ABC RESULTS:   A2O1A1Ixp33_ASAP7_75t_R cells:        1
ABC RESULTS:   AOI211xp5_ASAP7_75t_R cells:     1025
ABC RESULTS:   AOI21xp33_ASAP7_75t_R cells:     1025
ABC RESULTS:   AOI221xp5_ASAP7_75t_R cells:        1
ABC RESULTS:   INVx1_ASAP7_75t_R cells:     3171
ABC RESULTS:   NAND2xp33_ASAP7_75t_R cells:        3
ABC RESULTS:   NOR2xp33_ASAP7_75t_R cells:     1026
ABC RESULTS:   NOR4xp25_ASAP7_75t_R cells:        1
ABC RESULTS:   O2A1O1Ixp33_ASAP7_75t_R cells:        1
ABC RESULTS:   OAI21xp33_ASAP7_75t_R cells:     1024
ABC RESULTS:   OAI22xp33_ASAP7_75t_R cells:     1071
ABC RESULTS:   OAI32xp33_ASAP7_75t_R cells:     1024
ABC RESULTS:        internal signals:    15486
ABC RESULTS:           input signals:     5355
ABC RESULTS:          output signals:     4197
Removing temp directory.

10.78. Extracting gate netlist of module `\ListBuffer_1$GPU.Scheduler.requests' to `<abc-temp-dir>/input.blif'..
ABC: using cached merged SCL: /tmp/yosys-liberty-scl-cache/yosys_merged_a033288f.scl (1 files)

10.78.1. Executed ABC.
Extracted 1026 gates and 1124 wires to a netlist network with 97 inputs and 110 outputs.
Running ABC script: <abc-temp-dir>/abc.script
ABC: UC Berkeley, ABC 1.01 (compiled Jun  3 2026 15:06:41)
ABC: abc 01> empty
ABC: abc 01> source <abc-temp-dir>/abc.script
ABC: + read_blif <abc-temp-dir>/input.blif 
ABC: + read_scl /tmp/yosys-liberty-scl-cache/yosys_merged_a033288f.scl 
ABC: Warning: Detected 2 multi-output cells (for example, "FAx1_ASAP7_75t_R").
ABC: + strash 
ABC: + &get -n 
ABC: + &fraig -x 
ABC: + &put 
ABC: + scorr 
ABC: Warning: The network is combinational (run "fraig" or "fraig_sweep").
ABC: + dc2 
ABC: + dretime 
ABC: + retime -o -D 1000 
ABC: + strash 
ABC: + &get -n 
ABC: + &dch -f 
ABC: + &nf -D 1000 
ABC: + &put 
ABC: + write_blif <abc-temp-dir>/output.blif 
ABC: 
ABC: YOSYS_ABC_DONE 

10.78.2. Re-integrating ABC results.
ABC RESULTS:   A2O1A1Ixp33_ASAP7_75t_R cells:        1
ABC RESULTS:   A2O1A1O1Ixp25_ASAP7_75t_R cells:       11
ABC RESULTS:   AND2x2_ASAP7_75t_R cells:        3
ABC RESULTS:   AND3x1_ASAP7_75t_R cells:       13
ABC RESULTS:   AND4x1_ASAP7_75t_R cells:        2
ABC RESULTS:   AND5x1_ASAP7_75t_R cells:        1
ABC RESULTS:   AO21x1_ASAP7_75t_R cells:       10
ABC RESULTS:   AOI211xp5_ASAP7_75t_R cells:       12
ABC RESULTS:   AOI21xp33_ASAP7_75t_R cells:       12
ABC RESULTS:   AOI221xp5_ASAP7_75t_R cells:        3
ABC RESULTS:   AOI22xp33_ASAP7_75t_R cells:        3
ABC RESULTS:   AOI31xp33_ASAP7_75t_R cells:       13
ABC RESULTS:   AOI32xp33_ASAP7_75t_R cells:        3
ABC RESULTS:   INVx1_ASAP7_75t_R cells:       78
ABC RESULTS:   NAND2xp33_ASAP7_75t_R cells:       37
ABC RESULTS:   NAND3xp33_ASAP7_75t_R cells:       33
ABC RESULTS:   NAND4xp25_ASAP7_75t_R cells:       17
ABC RESULTS:   NAND5xp2_ASAP7_75t_R cells:        7
ABC RESULTS:   NOR2xp33_ASAP7_75t_R cells:       45
ABC RESULTS:   NOR3xp33_ASAP7_75t_R cells:       36
ABC RESULTS:   NOR4xp25_ASAP7_75t_R cells:       15
ABC RESULTS:   NOR5xp2_ASAP7_75t_R cells:        8
ABC RESULTS:   O2A1O1Ixp33_ASAP7_75t_R cells:       37
ABC RESULTS:   OA21x2_ASAP7_75t_R cells:        5
ABC RESULTS:   OA31x2_ASAP7_75t_R cells:        1
ABC RESULTS:   OAI21xp33_ASAP7_75t_R cells:        5
ABC RESULTS:   OAI221xp5_ASAP7_75t_R cells:        3
ABC RESULTS:   OAI22xp33_ASAP7_75t_R cells:        5
ABC RESULTS:   OAI311xp33_ASAP7_75t_R cells:        2
ABC RESULTS:   OAI31xp33_ASAP7_75t_R cells:       10
ABC RESULTS:   OAI32xp33_ASAP7_75t_R cells:        1
ABC RESULTS:   OR2x2_ASAP7_75t_R cells:        3
ABC RESULTS:   OR3x1_ASAP7_75t_R cells:        2
ABC RESULTS:   OR4x1_ASAP7_75t_R cells:       14
ABC RESULTS:   OR5x1_ASAP7_75t_R cells:        2
ABC RESULTS:   XNOR2xp5_ASAP7_75t_R cells:        1
ABC RESULTS:   XOR2xp5_ASAP7_75t_R cells:        3
ABC RESULTS:        internal signals:      917
ABC RESULTS:           input signals:       97
ABC RESULTS:          output signals:      110
Removing temp directory.

10.79. Extracting gate netlist of module `\BankedStore$GPU.Scheduler.bankedStore' to `<abc-temp-dir>/input.blif'..
ABC: using cached merged SCL: /tmp/yosys-liberty-scl-cache/yosys_merged_a033288f.scl (1 files)

10.79.1. Executed ABC.
Extracted 1164 gates and 3363 wires to a netlist network with 2198 inputs and 1164 outputs.
Running ABC script: <abc-temp-dir>/abc.script
ABC: UC Berkeley, ABC 1.01 (compiled Jun  3 2026 15:06:41)
ABC: abc 01> empty
ABC: abc 01> source <abc-temp-dir>/abc.script
ABC: + read_blif <abc-temp-dir>/input.blif 
ABC: + read_scl /tmp/yosys-liberty-scl-cache/yosys_merged_a033288f.scl 
ABC: Warning: Detected 2 multi-output cells (for example, "FAx1_ASAP7_75t_R").
ABC: + strash 
ABC: + &get -n 
ABC: + &fraig -x 
ABC: + &put 
ABC: + scorr 
ABC: Warning: The network is combinational (run "fraig" or "fraig_sweep").
ABC: + dc2 
ABC: + dretime 
ABC: + retime -o -D 1000 
ABC: + strash 
ABC: + &get -n 
ABC: + &dch -f 
ABC: + &nf -D 1000 
ABC: + &put 
ABC: + write_blif <abc-temp-dir>/output.blif 
ABC: 
ABC: YOSYS_ABC_DONE 

10.79.2. Re-integrating ABC results.
ABC RESULTS:   INVx1_ASAP7_75t_R cells:     1035
ABC RESULTS:   NAND2xp33_ASAP7_75t_R cells:     1034
ABC RESULTS:   OAI21xp33_ASAP7_75t_R cells:     1034
ABC RESULTS:   OR2x2_ASAP7_75t_R cells:      129
ABC RESULTS:        internal signals:        1
ABC RESULTS:           input signals:     2198
ABC RESULTS:          output signals:     1164
Removing temp directory.

10.80. Extracting gate netlist of module `\Directory_test$GPU.Scheduler.directory' to `<abc-temp-dir>/input.blif'..
ABC: using cached merged SCL: /tmp/yosys-liberty-scl-cache/yosys_merged_a033288f.scl (1 files)
Replacing 1412 occurrences of constant undef bits with constant zero bits

10.80.1. Executed ABC.
Extracted 54221 gates and 59340 wires to a netlist network with 5116 inputs and 4811 outputs.
Running ABC script: <abc-temp-dir>/abc.script
ABC: UC Berkeley, ABC 1.01 (compiled Jun  3 2026 15:06:41)
ABC: abc 01> empty
ABC: abc 01> source <abc-temp-dir>/abc.script
ABC: + read_blif <abc-temp-dir>/input.blif 
ABC: + read_scl /tmp/yosys-liberty-scl-cache/yosys_merged_a033288f.scl 
ABC: Warning: Detected 2 multi-output cells (for example, "FAx1_ASAP7_75t_R").
ABC: + strash 
ABC: + &get -n 
ABC: + &fraig -x 
ABC: + &put 
ABC: + scorr 
ABC: Warning: The network is combinational (run "fraig" or "fraig_sweep").
ABC: + dc2 
ABC: + dretime 
ABC: + retime -o -D 1000 
ABC: + strash 
ABC: + &get -n 
ABC: + &dch -f 
ABC: + &nf -D 1000 
ABC: + &put 
ABC: + write_blif <abc-temp-dir>/output.blif 
ABC: 
ABC: YOSYS_ABC_DONE 

10.80.2. Re-integrating ABC results.
ABC RESULTS:   A2O1A1Ixp33_ASAP7_75t_R cells:      751
ABC RESULTS:   A2O1A1O1Ixp25_ASAP7_75t_R cells:      215
ABC RESULTS:   AND2x2_ASAP7_75t_R cells:      166
ABC RESULTS:   AND3x1_ASAP7_75t_R cells:      112
ABC RESULTS:   AND4x1_ASAP7_75t_R cells:      401
ABC RESULTS:   AND5x1_ASAP7_75t_R cells:       14
ABC RESULTS:   AO21x1_ASAP7_75t_R cells:      437
ABC RESULTS:   AO221x1_ASAP7_75t_R cells:       40
ABC RESULTS:   AO222x2_ASAP7_75t_R cells:        6
ABC RESULTS:   AO22x1_ASAP7_75t_R cells:        5
ABC RESULTS:   AO31x2_ASAP7_75t_R cells:        1
ABC RESULTS:   AO32x1_ASAP7_75t_R cells:       14
ABC RESULTS:   AOI211xp5_ASAP7_75t_R cells:      597
ABC RESULTS:   AOI21xp33_ASAP7_75t_R cells:     1082
ABC RESULTS:   AOI221xp5_ASAP7_75t_R cells:      275
ABC RESULTS:   AOI222xp33_ASAP7_75t_R cells:        2
ABC RESULTS:   AOI22xp33_ASAP7_75t_R cells:      303
ABC RESULTS:   AOI311xp33_ASAP7_75t_R cells:       12
ABC RESULTS:   AOI31xp33_ASAP7_75t_R cells:       84
ABC RESULTS:   AOI321xp33_ASAP7_75t_R cells:      404
ABC RESULTS:   AOI32xp33_ASAP7_75t_R cells:       16
ABC RESULTS:   INVx1_ASAP7_75t_R cells:     1154
ABC RESULTS:   NAND2xp33_ASAP7_75t_R cells:     3453
ABC RESULTS:   NAND3xp33_ASAP7_75t_R cells:     1014
ABC RESULTS:   NAND4xp25_ASAP7_75t_R cells:      106
ABC RESULTS:   NAND5xp2_ASAP7_75t_R cells:      131
ABC RESULTS:   NOR2xp33_ASAP7_75t_R cells:     2102
ABC RESULTS:   NOR3xp33_ASAP7_75t_R cells:      556
ABC RESULTS:   NOR4xp25_ASAP7_75t_R cells:      177
ABC RESULTS:   NOR5xp2_ASAP7_75t_R cells:       64
ABC RESULTS:   O2A1O1Ixp33_ASAP7_75t_R cells:     1975
ABC RESULTS:   OA211x2_ASAP7_75t_R cells:       41
ABC RESULTS:   OA21x2_ASAP7_75t_R cells:      111
ABC RESULTS:   OA221x2_ASAP7_75t_R cells:        2
ABC RESULTS:   OA31x2_ASAP7_75t_R cells:        1
ABC RESULTS:   OA33x2_ASAP7_75t_R cells:        1
ABC RESULTS:   OAI211xp5_ASAP7_75t_R cells:      777
ABC RESULTS:   OAI21xp33_ASAP7_75t_R cells:      994
ABC RESULTS:   OAI221xp5_ASAP7_75t_R cells:       95
ABC RESULTS:   OAI222xp33_ASAP7_75t_R cells:       13
ABC RESULTS:   OAI22xp33_ASAP7_75t_R cells:      712
ABC RESULTS:   OAI311xp33_ASAP7_75t_R cells:      133
ABC RESULTS:   OAI31xp33_ASAP7_75t_R cells:      160
ABC RESULTS:   OAI321xp33_ASAP7_75t_R cells:       15
ABC RESULTS:   OAI32xp33_ASAP7_75t_R cells:      220
ABC RESULTS:   OAI33xp33_ASAP7_75t_R cells:        8
ABC RESULTS:   OR2x2_ASAP7_75t_R cells:       66
ABC RESULTS:   OR3x1_ASAP7_75t_R cells:       35
ABC RESULTS:   OR4x1_ASAP7_75t_R cells:      160
ABC RESULTS:   OR5x1_ASAP7_75t_R cells:       57
ABC RESULTS:   XNOR2xp5_ASAP7_75t_R cells:      133
ABC RESULTS:   XOR2xp5_ASAP7_75t_R cells:      156
ABC RESULTS:        internal signals:    49413
ABC RESULTS:           input signals:     5116
ABC RESULTS:          output signals:     4811
Removing temp directory.

10.81. Extracting gate netlist of module `\SinkD$GPU.Scheduler.sinkD' to `<abc-temp-dir>/input.blif'..
ABC: using cached merged SCL: /tmp/yosys-liberty-scl-cache/yosys_merged_a033288f.scl (1 files)

10.81.1. Executed ABC.
Extracted 1045 gates and 2092 wires to a netlist network with 1046 inputs and 1045 outputs.
Running ABC script: <abc-temp-dir>/abc.script
ABC: UC Berkeley, ABC 1.01 (compiled Jun  3 2026 15:06:41)
ABC: abc 01> empty
ABC: abc 01> source <abc-temp-dir>/abc.script
ABC: + read_blif <abc-temp-dir>/input.blif 
ABC: + read_scl /tmp/yosys-liberty-scl-cache/yosys_merged_a033288f.scl 
ABC: Warning: Detected 2 multi-output cells (for example, "FAx1_ASAP7_75t_R").
ABC: + strash 
ABC: + &get -n 
ABC: + &fraig -x 
ABC: + &put 
ABC: + scorr 
ABC: Warning: The network is combinational (run "fraig" or "fraig_sweep").
ABC: + dc2 
ABC: + dretime 
ABC: + retime -o -D 1000 
ABC: + strash 
ABC: + &get -n 
ABC: + &dch -f 
ABC: + &nf -D 1000 
ABC: + &put 
ABC: + write_blif <abc-temp-dir>/output.blif 
ABC: 
ABC: YOSYS_ABC_DONE 

10.81.2. Re-integrating ABC results.
ABC RESULTS:   INVx1_ASAP7_75t_R cells:     1045
ABC RESULTS:   NOR2xp33_ASAP7_75t_R cells:        1
ABC RESULTS:        internal signals:        1
ABC RESULTS:           input signals:     1046
ABC RESULTS:          output signals:     1045
Removing temp directory.

10.82. Extracting gate netlist of module `\SinkA$GPU.Scheduler.sinkA' to `<abc-temp-dir>/input.blif'..
ABC: using cached merged SCL: /tmp/yosys-liberty-scl-cache/yosys_merged_a033288f.scl (1 files)

10.82.1. Executed ABC.
Extracted 755 gates and 833 wires to a netlist network with 77 inputs and 41 outputs.
Running ABC script: <abc-temp-dir>/abc.script
ABC: UC Berkeley, ABC 1.01 (compiled Jun  3 2026 15:06:41)
ABC: abc 01> empty
ABC: abc 01> source <abc-temp-dir>/abc.script
ABC: + read_blif <abc-temp-dir>/input.blif 
ABC: + read_scl /tmp/yosys-liberty-scl-cache/yosys_merged_a033288f.scl 
ABC: Warning: Detected 2 multi-output cells (for example, "FAx1_ASAP7_75t_R").
ABC: + strash 
ABC: + &get -n 
ABC: + &fraig -x 
ABC: + &put 
ABC: + scorr 
ABC: Warning: The network is combinational (run "fraig" or "fraig_sweep").
ABC: + dc2 
ABC: + dretime 
ABC: + retime -o -D 1000 
ABC: + strash 
ABC: + &get -n 
ABC: + &dch -f 
ABC: + &nf -D 1000 
ABC: + &put 
ABC: + write_blif <abc-temp-dir>/output.blif 
ABC: 
ABC: YOSYS_ABC_DONE 

10.82.2. Re-integrating ABC results.
ABC RESULTS:   A2O1A1Ixp33_ASAP7_75t_R cells:        2
ABC RESULTS:   AND2x2_ASAP7_75t_R cells:        4
ABC RESULTS:   AND3x1_ASAP7_75t_R cells:        6
ABC RESULTS:   AND4x1_ASAP7_75t_R cells:        5
ABC RESULTS:   AND5x1_ASAP7_75t_R cells:        1
ABC RESULTS:   AO21x1_ASAP7_75t_R cells:        6
ABC RESULTS:   AO221x1_ASAP7_75t_R cells:        1
ABC RESULTS:   AO222x2_ASAP7_75t_R cells:        4
ABC RESULTS:   AO32x1_ASAP7_75t_R cells:       15
ABC RESULTS:   AOI211xp5_ASAP7_75t_R cells:        4
ABC RESULTS:   AOI21xp33_ASAP7_75t_R cells:        6
ABC RESULTS:   AOI221xp5_ASAP7_75t_R cells:        2
ABC RESULTS:   AOI22xp33_ASAP7_75t_R cells:        3
ABC RESULTS:   AOI311xp33_ASAP7_75t_R cells:        1
ABC RESULTS:   AOI31xp33_ASAP7_75t_R cells:        4
ABC RESULTS:   AOI321xp33_ASAP7_75t_R cells:       15
ABC RESULTS:   AOI32xp33_ASAP7_75t_R cells:       17
ABC RESULTS:   INVx1_ASAP7_75t_R cells:       16
ABC RESULTS:   NAND2xp33_ASAP7_75t_R cells:       26
ABC RESULTS:   NAND3xp33_ASAP7_75t_R cells:       21
ABC RESULTS:   NAND4xp25_ASAP7_75t_R cells:        8
ABC RESULTS:   NAND5xp2_ASAP7_75t_R cells:        3
ABC RESULTS:   NOR2xp33_ASAP7_75t_R cells:       35
ABC RESULTS:   NOR3xp33_ASAP7_75t_R cells:       13
ABC RESULTS:   NOR4xp25_ASAP7_75t_R cells:        8
ABC RESULTS:   NOR5xp2_ASAP7_75t_R cells:        7
ABC RESULTS:   O2A1O1Ixp33_ASAP7_75t_R cells:        2
ABC RESULTS:   OA21x2_ASAP7_75t_R cells:        1
ABC RESULTS:   OAI211xp5_ASAP7_75t_R cells:        4
ABC RESULTS:   OAI21xp33_ASAP7_75t_R cells:        3
ABC RESULTS:   OAI22xp33_ASAP7_75t_R cells:        1
ABC RESULTS:   OAI311xp33_ASAP7_75t_R cells:        1
ABC RESULTS:   OAI31xp33_ASAP7_75t_R cells:        2
ABC RESULTS:   OR2x2_ASAP7_75t_R cells:        2
ABC RESULTS:   OR3x1_ASAP7_75t_R cells:        2
ABC RESULTS:   OR4x1_ASAP7_75t_R cells:        4
ABC RESULTS:   OR5x1_ASAP7_75t_R cells:        2
ABC RESULTS:        internal signals:      715
ABC RESULTS:           input signals:       77
ABC RESULTS:          output signals:       41
Removing temp directory.

10.83. Extracting gate netlist of module `\SourceD$GPU.Scheduler.sourceD' to `<abc-temp-dir>/input.blif'..
ABC: using cached merged SCL: /tmp/yosys-liberty-scl-cache/yosys_merged_a033288f.scl (1 files)
Replacing 2600 occurrences of constant undef bits with constant zero bits

10.83.1. Executed ABC.
Extracted 16677 gates and 23694 wires to a netlist network with 7014 inputs and 7012 outputs.
Running ABC script: <abc-temp-dir>/abc.script
ABC: UC Berkeley, ABC 1.01 (compiled Jun  3 2026 15:06:41)
ABC: abc 01> empty
ABC: abc 01> source <abc-temp-dir>/abc.script
ABC: + read_blif <abc-temp-dir>/input.blif 
ABC: + read_scl /tmp/yosys-liberty-scl-cache/yosys_merged_a033288f.scl 
ABC: Warning: Detected 2 multi-output cells (for example, "FAx1_ASAP7_75t_R").
ABC: + strash 
ABC: + &get -n 
ABC: + &fraig -x 
ABC: + &put 
ABC: + scorr 
ABC: Warning: The network is combinational (run "fraig" or "fraig_sweep").
ABC: + dc2 
ABC: + dretime 
ABC: + retime -o -D 1000 
ABC: + strash 
ABC: + &get -n 
ABC: + &dch -f 
ABC: + &nf -D 1000 
ABC: + &put 
ABC: + write_blif <abc-temp-dir>/output.blif 
ABC: 
ABC: YOSYS_ABC_DONE 

10.83.2. Re-integrating ABC results.
ABC RESULTS:   A2O1A1Ixp33_ASAP7_75t_R cells:        3
ABC RESULTS:   A2O1A1O1Ixp25_ASAP7_75t_R cells:        1
ABC RESULTS:   AND2x2_ASAP7_75t_R cells:        2
ABC RESULTS:   AND3x1_ASAP7_75t_R cells:        2
ABC RESULTS:   AO21x1_ASAP7_75t_R cells:        1
ABC RESULTS:   AOI211xp5_ASAP7_75t_R cells:     2373
ABC RESULTS:   AOI21xp33_ASAP7_75t_R cells:     2380
ABC RESULTS:   AOI221xp5_ASAP7_75t_R cells:        1
ABC RESULTS:   AOI31xp33_ASAP7_75t_R cells:        3
ABC RESULTS:   HB1xp67_ASAP7_75t_R cells:        1
ABC RESULTS:   INVx1_ASAP7_75t_R cells:      207
ABC RESULTS:   NAND2xp33_ASAP7_75t_R cells:     2059
ABC RESULTS:   NAND3xp33_ASAP7_75t_R cells:        9
ABC RESULTS:   NAND4xp25_ASAP7_75t_R cells:        3
ABC RESULTS:   NAND5xp2_ASAP7_75t_R cells:        2
ABC RESULTS:   NOR2xp33_ASAP7_75t_R cells:     2381
ABC RESULTS:   NOR3xp33_ASAP7_75t_R cells:        4
ABC RESULTS:   NOR4xp25_ASAP7_75t_R cells:        1
ABC RESULTS:   O2A1O1Ixp33_ASAP7_75t_R cells:     1028
ABC RESULTS:   OA211x2_ASAP7_75t_R cells:        1
ABC RESULTS:   OA21x2_ASAP7_75t_R cells:        3
ABC RESULTS:   OAI211xp5_ASAP7_75t_R cells:        3
ABC RESULTS:   OAI21xp33_ASAP7_75t_R cells:     1029
ABC RESULTS:   OAI311xp33_ASAP7_75t_R cells:        2
ABC RESULTS:   OAI31xp33_ASAP7_75t_R cells:        4
ABC RESULTS:   OR2x2_ASAP7_75t_R cells:        2
ABC RESULTS:   OR3x1_ASAP7_75t_R cells:        2
ABC RESULTS:   OR4x1_ASAP7_75t_R cells:        4
ABC RESULTS:        internal signals:     9668
ABC RESULTS:           input signals:     7014
ABC RESULTS:          output signals:     7012
Removing temp directory.

10.84. Extracting gate netlist of module `\SourceA$GPU.Scheduler.sourceA' to `<abc-temp-dir>/input.blif'..
ABC: using cached merged SCL: /tmp/yosys-liberty-scl-cache/yosys_merged_a033288f.scl (1 files)

10.84.1. Executed ABC.
Extracted 0 gates and 0 wires to a netlist network with 0 inputs and 0 outputs.
Don't call ABC as there is nothing to map.
Removing temp directory.

10.85. Extracting gate netlist of module `\cta_scheduler_top$GPU.cta.cta_sche' to `<abc-temp-dir>/input.blif'..
ABC: using cached merged SCL: /tmp/yosys-liberty-scl-cache/yosys_merged_a033288f.scl (1 files)

10.85.1. Executed ABC.
Extracted 2 gates and 5 wires to a netlist network with 3 inputs and 2 outputs.
Running ABC script: <abc-temp-dir>/abc.script
ABC: UC Berkeley, ABC 1.01 (compiled Jun  3 2026 15:06:41)
ABC: abc 01> empty
ABC: abc 01> source <abc-temp-dir>/abc.script
ABC: + read_blif <abc-temp-dir>/input.blif 
ABC: + read_scl /tmp/yosys-liberty-scl-cache/yosys_merged_a033288f.scl 
ABC: Warning: Detected 2 multi-output cells (for example, "FAx1_ASAP7_75t_R").
ABC: + strash 
ABC: + &get -n 
ABC: + &fraig -x 
ABC: + &put 
ABC: + scorr 
ABC: Warning: The network is combinational (run "fraig" or "fraig_sweep").
ABC: + dc2 
ABC: + dretime 
ABC: + retime -o -D 1000 
ABC: + strash 
ABC: + &get -n 
ABC: + &dch -f 
ABC: + &nf -D 1000 
ABC: + &put 
ABC: + write_blif <abc-temp-dir>/output.blif 
ABC: 
ABC: YOSYS_ABC_DONE 

10.85.2. Re-integrating ABC results.
ABC RESULTS:   AND2x2_ASAP7_75t_R cells:        2
ABC RESULTS:        internal signals:        0
ABC RESULTS:           input signals:        3
ABC RESULTS:          output signals:        2
Removing temp directory.

10.86. Extracting gate netlist of module `\cluster2L2Arbiter$GPU.cluster2L2Arbiter' to `<abc-temp-dir>/input.blif'..
ABC: using cached merged SCL: /tmp/yosys-liberty-scl-cache/yosys_merged_a033288f.scl (1 files)

10.86.1. Executed ABC.
Extracted 0 gates and 0 wires to a netlist network with 0 inputs and 0 outputs.
Don't call ABC as there is nothing to map.
Removing temp directory.

10.87. Extracting gate netlist of module `\l2Distribute$GPU.l2Distribute' to `<abc-temp-dir>/input.blif'..
ABC: using cached merged SCL: /tmp/yosys-liberty-scl-cache/yosys_merged_a033288f.scl (1 files)

10.87.1. Executed ABC.
Extracted 0 gates and 0 wires to a netlist network with 0 inputs and 0 outputs.
Don't call ABC as there is nothing to map.
Removing temp directory.

10.88. Extracting gate netlist of module `\SM2clusterArbiter$GPU.SM2clusterArbiter' to `<abc-temp-dir>/input.blif'..
ABC: using cached merged SCL: /tmp/yosys-liberty-scl-cache/yosys_merged_a033288f.scl (1 files)

10.88.1. Executed ABC.
Extracted 7 gates and 11 wires to a netlist network with 4 inputs and 3 outputs.
Running ABC script: <abc-temp-dir>/abc.script
ABC: UC Berkeley, ABC 1.01 (compiled Jun  3 2026 15:06:41)
ABC: abc 01> empty
ABC: abc 01> source <abc-temp-dir>/abc.script
ABC: + read_blif <abc-temp-dir>/input.blif 
ABC: + read_scl /tmp/yosys-liberty-scl-cache/yosys_merged_a033288f.scl 
ABC: Warning: Detected 2 multi-output cells (for example, "FAx1_ASAP7_75t_R").
ABC: + strash 
ABC: + &get -n 
ABC: + &fraig -x 
ABC: + &put 
ABC: + scorr 
ABC: Warning: The network is combinational (run "fraig" or "fraig_sweep").
ABC: + dc2 
ABC: + dretime 
ABC: + retime -o -D 1000 
ABC: + strash 
ABC: + &get -n 
ABC: + &dch -f 
ABC: + &nf -D 1000 
ABC: + &put 
ABC: + write_blif <abc-temp-dir>/output.blif 
ABC: 
ABC: YOSYS_ABC_DONE 

10.88.2. Re-integrating ABC results.
ABC RESULTS:   AND2x2_ASAP7_75t_R cells:        1
ABC RESULTS:   INVx1_ASAP7_75t_R cells:        2
ABC RESULTS:   NAND2xp33_ASAP7_75t_R cells:        1
ABC RESULTS:   NOR2xp33_ASAP7_75t_R cells:        1
ABC RESULTS:   OAI21xp33_ASAP7_75t_R cells:        1
ABC RESULTS:        internal signals:        4
ABC RESULTS:           input signals:        4
ABC RESULTS:          output signals:        3
Removing temp directory.

10.89. Extracting gate netlist of module `\Scheduler$GPU.Scheduler' to `<abc-temp-dir>/input.blif'..
ABC: using cached merged SCL: /tmp/yosys-liberty-scl-cache/yosys_merged_a033288f.scl (1 files)
Replacing 32 occurrences of constant undef bits with constant zero bits

10.89.1. Executed ABC.
Extracted 252957 gates and 360416 wires to a netlist network with 107457 inputs and 38002 outputs.
Running ABC script: <abc-temp-dir>/abc.script
ABC: UC Berkeley, ABC 1.01 (compiled Jun  3 2026 15:06:41)
ABC: abc 01> empty
ABC: abc 01> source <abc-temp-dir>/abc.script
ABC: + read_blif <abc-temp-dir>/input.blif 
ABC: + read_scl /tmp/yosys-liberty-scl-cache/yosys_merged_a033288f.scl 
ABC: Warning: Detected 2 multi-output cells (for example, "FAx1_ASAP7_75t_R").
ABC: + strash 
ABC: + &get -n 
ABC: + &fraig -x 
ABC: + &put 
ABC: + scorr 
ABC: Warning: The network is combinational (run "fraig" or "fraig_sweep").
ABC: + dc2 
ABC: + dretime 
ABC: + retime -o -D 1000 
ABC: + strash 
ABC: + &get -n 
ABC: + &dch -f 
ABC: + &nf -D 1000 
ABC: + &put 
ABC: + write_blif <abc-temp-dir>/output.blif 
ABC: 
ABC: YOSYS_ABC_DONE 

10.89.2. Re-integrating ABC results.
ABC RESULTS:   A2O1A1Ixp33_ASAP7_75t_R cells:      162
ABC RESULTS:   AND2x2_ASAP7_75t_R cells:    29736
ABC RESULTS:   AND3x1_ASAP7_75t_R cells:     4362
ABC RESULTS:   AND4x1_ASAP7_75t_R cells:     2555
ABC RESULTS:   AND5x1_ASAP7_75t_R cells:       74
ABC RESULTS:   AO21x1_ASAP7_75t_R cells:      668
ABC RESULTS:   AO221x1_ASAP7_75t_R cells:        1
ABC RESULTS:   AO222x2_ASAP7_75t_R cells:      585
ABC RESULTS:   AO22x1_ASAP7_75t_R cells:      354
ABC RESULTS:   AO32x1_ASAP7_75t_R cells:        2
ABC RESULTS:   AO33x2_ASAP7_75t_R cells:        2
ABC RESULTS:   AOI211xp5_ASAP7_75t_R cells:      723
ABC RESULTS:   AOI21xp33_ASAP7_75t_R cells:     1631
ABC RESULTS:   AOI221xp5_ASAP7_75t_R cells:     8212
ABC RESULTS:   AOI222xp33_ASAP7_75t_R cells:     7599
ABC RESULTS:   AOI22xp33_ASAP7_75t_R cells:    26855
ABC RESULTS:   AOI311xp33_ASAP7_75t_R cells:      330
ABC RESULTS:   AOI31xp33_ASAP7_75t_R cells:      360
ABC RESULTS:   AOI32xp33_ASAP7_75t_R cells:      618
ABC RESULTS:   AOI33xp33_ASAP7_75t_R cells:        3
ABC RESULTS:   INVx1_ASAP7_75t_R cells:     2584
ABC RESULTS:   NAND2xp33_ASAP7_75t_R cells:     4929
ABC RESULTS:   NAND3xp33_ASAP7_75t_R cells:     4541
ABC RESULTS:   NAND4xp25_ASAP7_75t_R cells:     1256
ABC RESULTS:   NAND5xp2_ASAP7_75t_R cells:     3405
ABC RESULTS:   NOR2xp33_ASAP7_75t_R cells:      775
ABC RESULTS:   NOR3xp33_ASAP7_75t_R cells:      386
ABC RESULTS:   NOR4xp25_ASAP7_75t_R cells:      176
ABC RESULTS:   NOR5xp2_ASAP7_75t_R cells:       32
ABC RESULTS:   O2A1O1Ixp33_ASAP7_75t_R cells:       70
ABC RESULTS:   OA211x2_ASAP7_75t_R cells:        4
ABC RESULTS:   OA21x2_ASAP7_75t_R cells:       13
ABC RESULTS:   OA222x2_ASAP7_75t_R cells:        2
ABC RESULTS:   OA22x2_ASAP7_75t_R cells:        6
ABC RESULTS:   OA31x2_ASAP7_75t_R cells:        1
ABC RESULTS:   OA33x2_ASAP7_75t_R cells:        3
ABC RESULTS:   OAI211xp5_ASAP7_75t_R cells:      371
ABC RESULTS:   OAI21xp33_ASAP7_75t_R cells:     2100
ABC RESULTS:   OAI221xp5_ASAP7_75t_R cells:      120
ABC RESULTS:   OAI222xp33_ASAP7_75t_R cells:        5
ABC RESULTS:   OAI22xp33_ASAP7_75t_R cells:      201
ABC RESULTS:   OAI311xp33_ASAP7_75t_R cells:        2
ABC RESULTS:   OAI31xp33_ASAP7_75t_R cells:       11
ABC RESULTS:   OAI32xp33_ASAP7_75t_R cells:       15
ABC RESULTS:   OAI33xp33_ASAP7_75t_R cells:       10
ABC RESULTS:   OR2x2_ASAP7_75t_R cells:       31
ABC RESULTS:   OR3x1_ASAP7_75t_R cells:       13
ABC RESULTS:   OR4x1_ASAP7_75t_R cells:       44
ABC RESULTS:   OR5x1_ASAP7_75t_R cells:        8
ABC RESULTS:   XNOR2xp5_ASAP7_75t_R cells:      211
ABC RESULTS:   XOR2xp5_ASAP7_75t_R cells:      118
ABC RESULTS:        internal signals:   214957
ABC RESULTS:           input signals:   107457
ABC RESULTS:          output signals:    38002
Removing temp directory.

10.90. Extracting gate netlist of module `\CTAinterface$GPU.cta' to `<abc-temp-dir>/input.blif'..
ABC: using cached merged SCL: /tmp/yosys-liberty-scl-cache/yosys_merged_a033288f.scl (1 files)

10.90.1. Executed ABC.
Extracted 0 gates and 0 wires to a netlist network with 0 inputs and 0 outputs.
Don't call ABC as there is nothing to map.
Removing temp directory.

10.91. Extracting gate netlist of module `\GPU' to `<abc-temp-dir>/input.blif'..
ABC: using cached merged SCL: /tmp/yosys-liberty-scl-cache/yosys_merged_a033288f.scl (1 files)

10.91.1. Executed ABC.
Extracted 0 gates and 0 wires to a netlist network with 0 inputs and 0 outputs.
Don't call ABC as there is nothing to map.
Removing temp directory.
Removing global temp directory.
Removed 0 unused cells and 495209 unused wires.
{
   "creator": "Yosys 0.64+308 (git sha1 78e05dfb0, Release, Clang /usr/bin/clang++ 18.1.8)",
   "invocation": "stat -json -liberty ${REMOTE_STORAGE_ROOT}/ventus-cost-fixed-v1-20261006/mapping.lib ",
   "modules": {
      "\\sort3_4$GPU.cta.cta_sche.resource_table_inst.handler_vgpr_1.result_tmp_inst": {
         "num_wires":         126,
         "num_wire_bits":     196,
         "num_pub_wires":     9,
         "num_pub_wire_bits": 79,
         "num_ports":         7,
         "num_port_bits":     57,
         "num_memories":      0,
         "num_memory_bits":   0,
         "num_processes":     0,
         "num_cells":         139,
         "num_submodules":       0,
         "area":              12.597120,
         "sequential_area":    0.000000,
         "num_cells_by_type": {
            "A2O1A1Ixp33_ASAP7_75t_R": 2,
            "A2O1A1O1Ixp25_ASAP7_75t_R": 3,
            "AND3x1_ASAP7_75t_R": 2,
            "AO222x2_ASAP7_75t_R": 11,
            "AO32x1_ASAP7_75t_R": 2,
            "AOI21xp33_ASAP7_75t_R": 1,
            "AOI221xp5_ASAP7_75t_R": 2,
            "AOI222xp33_ASAP7_75t_R": 1,
            "AOI22xp33_ASAP7_75t_R": 14,
            "INVx1_ASAP7_75t_R": 34,
            "MAJIxp5_ASAP7_75t_R": 6,
            "NAND2xp33_ASAP7_75t_R": 10,
            "NAND4xp25_ASAP7_75t_R": 2,
            "NOR2xp33_ASAP7_75t_R": 11,
            "NOR3xp33_ASAP7_75t_R": 2,
            "O2A1O1Ixp33_ASAP7_75t_R": 3,
            "OA211x2_ASAP7_75t_R": 1,
            "OA21x2_ASAP7_75t_R": 1,
            "OA22x2_ASAP7_75t_R": 1,
            "OA31x2_ASAP7_75t_R": 1,
            "OAI211xp5_ASAP7_75t_R": 3,
            "OAI21xp33_ASAP7_75t_R": 2,
            "OAI221xp5_ASAP7_75t_R": 1,
            "OAI222xp33_ASAP7_75t_R": 11,
            "OAI22xp33_ASAP7_75t_R": 3,
            "XNOR2xp5_ASAP7_75t_R": 4,
            "XOR2xp5_ASAP7_75t_R": 5
         }
      },
      "\\sort3_4$GPU.cta.cta_sche.resource_table_inst.handler_vgpr_0.result_tmp_inst": {
         "num_wires":         126,
         "num_wire_bits":     196,
         "num_pub_wires":     9,
         "num_pub_wire_bits": 79,
         "num_ports":         7,
         "num_port_bits":     57,
         "num_memories":      0,
         "num_memory_bits":   0,
         "num_processes":     0,
         "num_cells":         139,
         "num_submodules":       0,
         "area":              12.597120,
         "sequential_area":    0.000000,
         "num_cells_by_type": {
            "A2O1A1Ixp33_ASAP7_75t_R": 2,
            "A2O1A1O1Ixp25_ASAP7_75t_R": 3,
            "AND3x1_ASAP7_75t_R": 2,
            "AO222x2_ASAP7_75t_R": 11,
            "AO32x1_ASAP7_75t_R": 2,
            "AOI21xp33_ASAP7_75t_R": 1,
            "AOI221xp5_ASAP7_75t_R": 2,
            "AOI222xp33_ASAP7_75t_R": 1,
            "AOI22xp33_ASAP7_75t_R": 14,
            "INVx1_ASAP7_75t_R": 34,
            "MAJIxp5_ASAP7_75t_R": 6,
            "NAND2xp33_ASAP7_75t_R": 10,
            "NAND4xp25_ASAP7_75t_R": 2,
            "NOR2xp33_ASAP7_75t_R": 11,
            "NOR3xp33_ASAP7_75t_R": 2,
            "O2A1O1Ixp33_ASAP7_75t_R": 3,
            "OA211x2_ASAP7_75t_R": 1,
            "OA21x2_ASAP7_75t_R": 1,
            "OA22x2_ASAP7_75t_R": 1,
            "OA31x2_ASAP7_75t_R": 1,
            "OAI211xp5_ASAP7_75t_R": 3,
            "OAI21xp33_ASAP7_75t_R": 2,
            "OAI221xp5_ASAP7_75t_R": 1,
            "OAI222xp33_ASAP7_75t_R": 11,
            "OAI22xp33_ASAP7_75t_R": 3,
            "XNOR2xp5_ASAP7_75t_R": 4,
            "XOR2xp5_ASAP7_75t_R": 5
         }
      },
      "\\sort3_2$GPU.cta.cta_sche.resource_table_inst.handler_sgpr_1.result_tmp_inst": {
         "num_wires":         142,
         "num_wire_bits":     219,
         "num_pub_wires":     9,
         "num_pub_wire_bits": 86,
         "num_ports":         7,
         "num_port_bits":     62,
         "num_memories":      0,
         "num_memory_bits":   0,
         "num_processes":     0,
         "num_cells":         157,
         "num_submodules":       0,
         "area":              14.434200,
         "sequential_area":    0.000000,
         "num_cells_by_type": {
            "A2O1A1Ixp33_ASAP7_75t_R": 3,
            "A2O1A1O1Ixp25_ASAP7_75t_R": 1,
            "AND2x2_ASAP7_75t_R": 1,
            "AND4x1_ASAP7_75t_R": 1,
            "AO222x2_ASAP7_75t_R": 12,
            "AOI211xp5_ASAP7_75t_R": 7,
            "AOI21xp33_ASAP7_75t_R": 3,
            "AOI221xp5_ASAP7_75t_R": 1,
            "AOI22xp33_ASAP7_75t_R": 8,
            "AOI32xp33_ASAP7_75t_R": 1,
            "INVx1_ASAP7_75t_R": 38,
            "MAJIxp5_ASAP7_75t_R": 4,
            "NAND2xp33_ASAP7_75t_R": 8,
            "NAND3xp33_ASAP7_75t_R": 1,
            "NOR2xp33_ASAP7_75t_R": 6,
            "NOR3xp33_ASAP7_75t_R": 1,
            "NOR4xp25_ASAP7_75t_R": 1,
            "O2A1O1Ixp33_ASAP7_75t_R": 2,
            "OA211x2_ASAP7_75t_R": 1,
            "OA21x2_ASAP7_75t_R": 1,
            "OAI211xp5_ASAP7_75t_R": 7,
            "OAI21xp33_ASAP7_75t_R": 5,
            "OAI221xp5_ASAP7_75t_R": 1,
            "OAI222xp33_ASAP7_75t_R": 12,
            "OAI22xp33_ASAP7_75t_R": 9,
            "XNOR2xp5_ASAP7_75t_R": 13,
            "XOR2xp5_ASAP7_75t_R": 9
         }
      },
      "\\sort3_2$GPU.cta.cta_sche.resource_table_inst.handler_sgpr_0.result_tmp_inst": {
         "num_wires":         142,
         "num_wire_bits":     219,
         "num_pub_wires":     9,
         "num_pub_wire_bits": 86,
         "num_ports":         7,
         "num_port_bits":     62,
         "num_memories":      0,
         "num_memory_bits":   0,
         "num_processes":     0,
         "num_cells":         157,
         "num_submodules":       0,
         "area":              14.434200,
         "sequential_area":    0.000000,
         "num_cells_by_type": {
            "A2O1A1Ixp33_ASAP7_75t_R": 3,
            "A2O1A1O1Ixp25_ASAP7_75t_R": 1,
            "AND2x2_ASAP7_75t_R": 1,
            "AND4x1_ASAP7_75t_R": 1,
            "AO222x2_ASAP7_75t_R": 12,
            "AOI211xp5_ASAP7_75t_R": 7,
            "AOI21xp33_ASAP7_75t_R": 3,
            "AOI221xp5_ASAP7_75t_R": 1,
            "AOI22xp33_ASAP7_75t_R": 8,
            "AOI32xp33_ASAP7_75t_R": 1,
            "INVx1_ASAP7_75t_R": 38,
            "MAJIxp5_ASAP7_75t_R": 4,
            "NAND2xp33_ASAP7_75t_R": 8,
            "NAND3xp33_ASAP7_75t_R": 1,
            "NOR2xp33_ASAP7_75t_R": 6,
            "NOR3xp33_ASAP7_75t_R": 1,
            "NOR4xp25_ASAP7_75t_R": 1,
            "O2A1O1Ixp33_ASAP7_75t_R": 2,
            "OA211x2_ASAP7_75t_R": 1,
            "OA21x2_ASAP7_75t_R": 1,
            "OAI211xp5_ASAP7_75t_R": 7,
            "OAI21xp33_ASAP7_75t_R": 5,
            "OAI221xp5_ASAP7_75t_R": 1,
            "OAI222xp33_ASAP7_75t_R": 12,
            "OAI22xp33_ASAP7_75t_R": 9,
            "XNOR2xp5_ASAP7_75t_R": 13,
            "XOR2xp5_ASAP7_75t_R": 9
         }
      },
      "\\sort3$GPU.cta.cta_sche.resource_table_inst.handler_lds_1.result_tmp_inst": {
         "num_wires":         214,
         "num_wire_bits":     333,
         "num_pub_wires":     9,
         "num_pub_wire_bits": 128,
         "num_ports":         7,
         "num_port_bits":     92,
         "num_memories":      0,
         "num_memory_bits":   0,
         "num_processes":     0,
         "num_cells":         241,
         "num_submodules":       0,
         "area":              21.505500,
         "sequential_area":    0.000000,
         "num_cells_by_type": {
            "A2O1A1Ixp33_ASAP7_75t_R": 5,
            "A2O1A1O1Ixp25_ASAP7_75t_R": 1,
            "AND2x2_ASAP7_75t_R": 2,
            "AND3x1_ASAP7_75t_R": 1,
            "AO21x1_ASAP7_75t_R": 1,
            "AO222x2_ASAP7_75t_R": 18,
            "AOI211xp5_ASAP7_75t_R": 10,
            "AOI21xp33_ASAP7_75t_R": 3,
            "AOI221xp5_ASAP7_75t_R": 1,
            "AOI22xp33_ASAP7_75t_R": 17,
            "AOI311xp33_ASAP7_75t_R": 1,
            "INVx1_ASAP7_75t_R": 54,
            "MAJIxp5_ASAP7_75t_R": 5,
            "NAND2xp33_ASAP7_75t_R": 21,
            "NAND3xp33_ASAP7_75t_R": 1,
            "NAND4xp25_ASAP7_75t_R": 7,
            "NOR2xp33_ASAP7_75t_R": 14,
            "NOR3xp33_ASAP7_75t_R": 1,
            "NOR4xp25_ASAP7_75t_R": 4,
            "O2A1O1Ixp33_ASAP7_75t_R": 5,
            "OA211x2_ASAP7_75t_R": 2,
            "OA21x2_ASAP7_75t_R": 1,
            "OAI211xp5_ASAP7_75t_R": 9,
            "OAI21xp33_ASAP7_75t_R": 2,
            "OAI221xp5_ASAP7_75t_R": 2,
            "OAI222xp33_ASAP7_75t_R": 18,
            "OAI22xp33_ASAP7_75t_R": 9,
            "OAI311xp33_ASAP7_75t_R": 1,
            "OR2x2_ASAP7_75t_R": 1,
            "OR4x1_ASAP7_75t_R": 1,
            "XNOR2xp5_ASAP7_75t_R": 14,
            "XOR2xp5_ASAP7_75t_R": 9
         }
      },
      "\\sort3$GPU.cta.cta_sche.resource_table_inst.handler_lds_0.result_tmp_inst": {
         "num_wires":         214,
         "num_wire_bits":     333,
         "num_pub_wires":     9,
         "num_pub_wire_bits": 128,
         "num_ports":         7,
         "num_port_bits":     92,
         "num_memories":      0,
         "num_memory_bits":   0,
         "num_processes":     0,
         "num_cells":         241,
         "num_submodules":       0,
         "area":              21.505500,
         "sequential_area":    0.000000,
         "num_cells_by_type": {
            "A2O1A1Ixp33_ASAP7_75t_R": 5,
            "A2O1A1O1Ixp25_ASAP7_75t_R": 1,
            "AND2x2_ASAP7_75t_R": 2,
            "AND3x1_ASAP7_75t_R": 1,
            "AO21x1_ASAP7_75t_R": 1,
            "AO222x2_ASAP7_75t_R": 18,
            "AOI211xp5_ASAP7_75t_R": 10,
            "AOI21xp33_ASAP7_75t_R": 3,
            "AOI221xp5_ASAP7_75t_R": 1,
            "AOI22xp33_ASAP7_75t_R": 17,
            "AOI311xp33_ASAP7_75t_R": 1,
            "INVx1_ASAP7_75t_R": 54,
            "MAJIxp5_ASAP7_75t_R": 5,
            "NAND2xp33_ASAP7_75t_R": 21,
            "NAND3xp33_ASAP7_75t_R": 1,
            "NAND4xp25_ASAP7_75t_R": 7,
            "NOR2xp33_ASAP7_75t_R": 14,
            "NOR3xp33_ASAP7_75t_R": 1,
            "NOR4xp25_ASAP7_75t_R": 4,
            "O2A1O1Ixp33_ASAP7_75t_R": 5,
            "OA211x2_ASAP7_75t_R": 2,
            "OA21x2_ASAP7_75t_R": 1,
            "OAI211xp5_ASAP7_75t_R": 9,
            "OAI21xp33_ASAP7_75t_R": 2,
            "OAI221xp5_ASAP7_75t_R": 2,
            "OAI222xp33_ASAP7_75t_R": 18,
            "OAI22xp33_ASAP7_75t_R": 9,
            "OAI311xp33_ASAP7_75t_R": 1,
            "OR2x2_ASAP7_75t_R": 1,
            "OR4x1_ASAP7_75t_R": 1,
            "XNOR2xp5_ASAP7_75t_R": 14,
            "XOR2xp5_ASAP7_75t_R": 9
         }
      },
      "\\RRArbiter$GPU.cta.cta_sche.cu_interface_inst.arb_inst": {
         "num_wires":         32,
         "num_wire_bits":     47,
         "num_pub_wires":     13,
         "num_pub_wire_bits": 28,
         "num_ports":         11,
         "num_port_bits":     26,
         "num_memories":      0,
         "num_memory_bits":   0,
         "num_processes":     0,
         "num_cells":         29,
         "num_submodules":       0,
         "area":              2.099520,
         "sequential_area":    0.291600,
         "num_cells_by_type": {
            "AND2x2_ASAP7_75t_R": 1,
            "AOI21xp33_ASAP7_75t_R": 3,
            "AOI31xp33_ASAP7_75t_R": 1,
            "DFFHQNx1_ASAP7_75t_R": 1,
            "INVx1_ASAP7_75t_R": 9,
            "NAND2xp33_ASAP7_75t_R": 1,
            "NAND3xp33_ASAP7_75t_R": 6,
            "OAI21xp33_ASAP7_75t_R": 6,
            "OR2x2_ASAP7_75t_R": 1
         }
      },
      "\\Queue2_cta_data$GPU.cta.cta_sche.cu_interface_inst.fifo": {
         "num_wires":         67,
         "num_wire_bits":     828,
         "num_pub_wires":     51,
         "num_pub_wire_bits": 812,
         "num_ports":         47,
         "num_port_bits":     552,
         "num_memories":      0,
         "num_memory_bits":   0,
         "num_processes":     0,
         "num_cells":         22,
         "num_submodules":       0,
         "area":              2.245320,
         "sequential_area":    0.874800,
         "num_cells_by_type": {
            "A2O1A1Ixp33_ASAP7_75t_R": 3,
            "AOI21xp33_ASAP7_75t_R": 2,
            "DFFHQNx1_ASAP7_75t_R": 3,
            "INVx1_ASAP7_75t_R": 6,
            "OA211x2_ASAP7_75t_R": 1,
            "OA21x2_ASAP7_75t_R": 1,
            "OAI211xp5_ASAP7_75t_R": 2,
            "OR2x2_ASAP7_75t_R": 2,
            "XOR2xp5_ASAP7_75t_R": 1,
            "ram_2x257": 1
         }
      },
      "\\Queue1_5_Anon_2$GPU.cta.cta_sche.resource_table_inst.baseaddr_vgpr_reg_q": {
         "num_wires":         187,
         "num_wire_bits":     267,
         "num_pub_wires":     13,
         "num_pub_wire_bits": 93,
         "num_ports":         11,
         "num_port_bits":     91,
         "num_memories":      0,
         "num_memory_bits":   0,
         "num_processes":     0,
         "num_cells":         218,
         "num_submodules":       0,
         "area":              25.252560,
         "sequential_area":    12.538800,
         "num_cells_by_type": {
            "AND3x1_ASAP7_75t_R": 1,
            "AOI21xp33_ASAP7_75t_R": 1,
            "DFFHQNx1_ASAP7_75t_R": 43,
            "INVx1_ASAP7_75t_R": 1,
            "NAND2xp33_ASAP7_75t_R": 45,
            "NAND4xp25_ASAP7_75t_R": 42,
            "OAI21xp33_ASAP7_75t_R": 84,
            "OR2x2_ASAP7_75t_R": 1
         }
      },
      "\\Queue1_5_Anon_1$GPU.cta.cta_sche.resource_table_inst.baseaddr_sgpr_reg_q": {
         "num_wires":         191,
         "num_wire_bits":     273,
         "num_pub_wires":     13,
         "num_pub_wire_bits": 95,
         "num_ports":         11,
         "num_port_bits":     93,
         "num_memories":      0,
         "num_memory_bits":   0,
         "num_processes":     0,
         "num_cells":         223,
         "num_submodules":       0,
         "area":              25.835760,
         "sequential_area":    12.830400,
         "num_cells_by_type": {
            "AND3x1_ASAP7_75t_R": 1,
            "AOI21xp33_ASAP7_75t_R": 1,
            "DFFHQNx1_ASAP7_75t_R": 44,
            "INVx1_ASAP7_75t_R": 1,
            "NAND2xp33_ASAP7_75t_R": 46,
            "NAND4xp25_ASAP7_75t_R": 43,
            "OAI21xp33_ASAP7_75t_R": 86,
            "OR2x2_ASAP7_75t_R": 1
         }
      },
      "\\Queue1_5_Anon$GPU.cta.cta_sche.resource_table_inst.baseaddr_lds_reg_q": {
         "num_wires":         215,
         "num_wire_bits":     309,
         "num_pub_wires":     13,
         "num_pub_wire_bits": 107,
         "num_ports":         11,
         "num_port_bits":     105,
         "num_memories":      0,
         "num_memory_bits":   0,
         "num_processes":     0,
         "num_cells":         253,
         "num_submodules":       0,
         "area":              29.334960,
         "sequential_area":    14.580000,
         "num_cells_by_type": {
            "AND3x1_ASAP7_75t_R": 1,
            "AOI21xp33_ASAP7_75t_R": 1,
            "DFFHQNx1_ASAP7_75t_R": 50,
            "INVx1_ASAP7_75t_R": 1,
            "NAND2xp33_ASAP7_75t_R": 52,
            "NAND4xp25_ASAP7_75t_R": 49,
            "OAI21xp33_ASAP7_75t_R": 98,
            "OR2x2_ASAP7_75t_R": 1
         }
      },
      "\\Queue2_io_rt2dealloc$GPU.cta.cta_sche.resource_table_inst.slot_dealloc": {
         "num_wires":         37,
         "num_wire_bits":     54,
         "num_pub_wires":     19,
         "num_pub_wire_bits": 36,
         "num_ports":         15,
         "num_port_bits":     25,
         "num_memories":      0,
         "num_memory_bits":   0,
         "num_processes":     0,
         "num_cells":         24,
         "num_submodules":       0,
         "area":              2.274480,
         "sequential_area":    0.874800,
         "num_cells_by_type": {
            "A2O1A1Ixp33_ASAP7_75t_R": 2,
            "AOI21xp33_ASAP7_75t_R": 2,
            "DFFHQNx1_ASAP7_75t_R": 3,
            "INVx1_ASAP7_75t_R": 8,
            "NAND2xp33_ASAP7_75t_R": 2,
            "O2A1O1Ixp33_ASAP7_75t_R": 1,
            "OA211x2_ASAP7_75t_R": 1,
            "OA21x2_ASAP7_75t_R": 1,
            "OAI211xp5_ASAP7_75t_R": 2,
            "XOR2xp5_ASAP7_75t_R": 1,
            "ram_2x8": 1
         }
      },
      "\\DecoupledIO_1_to_3_1$GPU.cta.cta_sche.resource_table_inst.dealloc_decoupledio": {
         "num_wires":         60,
         "num_wire_bits":     258,
         "num_pub_wires":     35,
         "num_pub_wire_bits": 233,
         "num_ports":         31,
         "num_port_bits":     229,
         "num_memories":      0,
         "num_memory_bits":   0,
         "num_processes":     0,
         "num_cells":         29,
         "num_submodules":       0,
         "area":              2.697300,
         "sequential_area":    0.874800,
         "num_cells_by_type": {
            "AO21x1_ASAP7_75t_R": 3,
            "AOI211xp5_ASAP7_75t_R": 3,
            "AOI311xp33_ASAP7_75t_R": 3,
            "DFFHQNx1_ASAP7_75t_R": 3,
            "INVx1_ASAP7_75t_R": 10,
            "NOR3xp33_ASAP7_75t_R": 4,
            "OAI211xp5_ASAP7_75t_R": 3
         }
      },
      "\\DecoupledIO_1_to_3$GPU.cta.cta_sche.resource_table_inst.alloc_decoupledio": {
         "num_wires":         47,
         "num_wire_bits":     321,
         "num_pub_wires":     38,
         "num_pub_wire_bits": 312,
         "num_ports":         34,
         "num_port_bits":     308,
         "num_memories":      0,
         "num_memory_bits":   0,
         "num_processes":     0,
         "num_cells":         13,
         "num_submodules":       0,
         "area":              1.764180,
         "sequential_area":    0.874800,
         "num_cells_by_type": {
            "AND2x2_ASAP7_75t_R": 3,
            "AOI221xp5_ASAP7_75t_R": 3,
            "AOI222xp33_ASAP7_75t_R": 1,
            "DFFHQNx1_ASAP7_75t_R": 3,
            "NAND2xp33_ASAP7_75t_R": 3
         }
      },
      "\\resource_table_ram_4$GPU.cta.cta_sche.resource_table_inst.rtram_vgpr_1_0": {
         "num_wires":         1261,
         "num_wire_bits":     1412,
         "num_pub_wires":     47,
         "num_pub_wire_bits": 198,
         "num_ports":         44,
         "num_port_bits":     188,
         "num_memories":      0,
         "num_memory_bits":   0,
         "num_processes":     0,
         "num_cells":         1261,
         "num_submodules":       0,
         "area":              146.878920,
         "sequential_area":    79.898400,
         "num_cells_by_type": {
            "A2O1A1Ixp33_ASAP7_75t_R": 1,
            "AND2x2_ASAP7_75t_R": 32,
            "AND3x1_ASAP7_75t_R": 1,
            "AO21x1_ASAP7_75t_R": 2,
            "AOI211xp5_ASAP7_75t_R": 33,
            "AOI21xp33_ASAP7_75t_R": 167,
            "AOI311xp33_ASAP7_75t_R": 33,
            "AOI31xp33_ASAP7_75t_R": 33,
            "DFFHQNx1_ASAP7_75t_R": 274,
            "INVx1_ASAP7_75t_R": 87,
            "NAND2xp33_ASAP7_75t_R": 238,
            "NAND3xp33_ASAP7_75t_R": 1,
            "NAND4xp25_ASAP7_75t_R": 4,
            "NOR2xp33_ASAP7_75t_R": 130,
            "NOR3xp33_ASAP7_75t_R": 1,
            "NOR4xp25_ASAP7_75t_R": 4,
            "O2A1O1Ixp33_ASAP7_75t_R": 5,
            "OAI211xp5_ASAP7_75t_R": 34,
            "OAI21xp33_ASAP7_75t_R": 173,
            "OR3x1_ASAP7_75t_R": 2,
            "OR4x1_ASAP7_75t_R": 2,
            "addr_8x10": 2,
            "mem_8x3": 2
         }
      },
      "\\resource_table_ram_4$GPU.cta.cta_sche.resource_table_inst.rtram_vgpr_0_0": {
         "num_wires":         1261,
         "num_wire_bits":     1412,
         "num_pub_wires":     47,
         "num_pub_wire_bits": 198,
         "num_ports":         44,
         "num_port_bits":     188,
         "num_memories":      0,
         "num_memory_bits":   0,
         "num_processes":     0,
         "num_cells":         1261,
         "num_submodules":       0,
         "area":              146.878920,
         "sequential_area":    79.898400,
         "num_cells_by_type": {
            "A2O1A1Ixp33_ASAP7_75t_R": 1,
            "AND2x2_ASAP7_75t_R": 32,
            "AND3x1_ASAP7_75t_R": 1,
            "AO21x1_ASAP7_75t_R": 2,
            "AOI211xp5_ASAP7_75t_R": 33,
            "AOI21xp33_ASAP7_75t_R": 167,
            "AOI311xp33_ASAP7_75t_R": 33,
            "AOI31xp33_ASAP7_75t_R": 33,
            "DFFHQNx1_ASAP7_75t_R": 274,
            "INVx1_ASAP7_75t_R": 87,
            "NAND2xp33_ASAP7_75t_R": 238,
            "NAND3xp33_ASAP7_75t_R": 1,
            "NAND4xp25_ASAP7_75t_R": 4,
            "NOR2xp33_ASAP7_75t_R": 130,
            "NOR3xp33_ASAP7_75t_R": 1,
            "NOR4xp25_ASAP7_75t_R": 4,
            "O2A1O1Ixp33_ASAP7_75t_R": 5,
            "OAI211xp5_ASAP7_75t_R": 34,
            "OAI21xp33_ASAP7_75t_R": 173,
            "OR3x1_ASAP7_75t_R": 2,
            "OR4x1_ASAP7_75t_R": 2,
            "addr_8x10": 2,
            "mem_8x3": 2
         }
      },
      "\\resource_table_ram_2$GPU.cta.cta_sche.resource_table_inst.rtram_sgpr_1_0": {
         "num_wires":         1261,
         "num_wire_bits":     1416,
         "num_pub_wires":     47,
         "num_pub_wire_bits": 202,
         "num_ports":         44,
         "num_port_bits":     192,
         "num_memories":      0,
         "num_memory_bits":   0,
         "num_processes":     0,
         "num_cells":         1261,
         "num_submodules":       0,
         "area":              146.878920,
         "sequential_area":    79.898400,
         "num_cells_by_type": {
            "A2O1A1Ixp33_ASAP7_75t_R": 1,
            "AND2x2_ASAP7_75t_R": 32,
            "AND3x1_ASAP7_75t_R": 1,
            "AO21x1_ASAP7_75t_R": 2,
            "AOI211xp5_ASAP7_75t_R": 33,
            "AOI21xp33_ASAP7_75t_R": 167,
            "AOI311xp33_ASAP7_75t_R": 33,
            "AOI31xp33_ASAP7_75t_R": 33,
            "DFFHQNx1_ASAP7_75t_R": 274,
            "INVx1_ASAP7_75t_R": 87,
            "NAND2xp33_ASAP7_75t_R": 238,
            "NAND3xp33_ASAP7_75t_R": 1,
            "NAND4xp25_ASAP7_75t_R": 4,
            "NOR2xp33_ASAP7_75t_R": 130,
            "NOR3xp33_ASAP7_75t_R": 1,
            "NOR4xp25_ASAP7_75t_R": 4,
            "O2A1O1Ixp33_ASAP7_75t_R": 5,
            "OAI211xp5_ASAP7_75t_R": 34,
            "OAI21xp33_ASAP7_75t_R": 173,
            "OR3x1_ASAP7_75t_R": 2,
            "OR4x1_ASAP7_75t_R": 2,
            "addr_8x11": 2,
            "mem_8x3": 2
         }
      },
      "\\resource_table_ram_2$GPU.cta.cta_sche.resource_table_inst.rtram_sgpr_0_0": {
         "num_wires":         1261,
         "num_wire_bits":     1416,
         "num_pub_wires":     47,
         "num_pub_wire_bits": 202,
         "num_ports":         44,
         "num_port_bits":     192,
         "num_memories":      0,
         "num_memory_bits":   0,
         "num_processes":     0,
         "num_cells":         1261,
         "num_submodules":       0,
         "area":              146.878920,
         "sequential_area":    79.898400,
         "num_cells_by_type": {
            "A2O1A1Ixp33_ASAP7_75t_R": 1,
            "AND2x2_ASAP7_75t_R": 32,
            "AND3x1_ASAP7_75t_R": 1,
            "AO21x1_ASAP7_75t_R": 2,
            "AOI211xp5_ASAP7_75t_R": 33,
            "AOI21xp33_ASAP7_75t_R": 167,
            "AOI311xp33_ASAP7_75t_R": 33,
            "AOI31xp33_ASAP7_75t_R": 33,
            "DFFHQNx1_ASAP7_75t_R": 274,
            "INVx1_ASAP7_75t_R": 87,
            "NAND2xp33_ASAP7_75t_R": 238,
            "NAND3xp33_ASAP7_75t_R": 1,
            "NAND4xp25_ASAP7_75t_R": 4,
            "NOR2xp33_ASAP7_75t_R": 130,
            "NOR3xp33_ASAP7_75t_R": 1,
            "NOR4xp25_ASAP7_75t_R": 4,
            "O2A1O1Ixp33_ASAP7_75t_R": 5,
            "OAI211xp5_ASAP7_75t_R": 34,
            "OAI21xp33_ASAP7_75t_R": 173,
            "OR3x1_ASAP7_75t_R": 2,
            "OR4x1_ASAP7_75t_R": 2,
            "addr_8x11": 2,
            "mem_8x3": 2
         }
      },
      "\\resource_table_ram$GPU.cta.cta_sche.resource_table_inst.rtram_lds_1_0": {
         "num_wires":         1261,
         "num_wire_bits":     1440,
         "num_pub_wires":     47,
         "num_pub_wire_bits": 226,
         "num_ports":         44,
         "num_port_bits":     216,
         "num_memories":      0,
         "num_memory_bits":   0,
         "num_processes":     0,
         "num_cells":         1261,
         "num_submodules":       0,
         "area":              146.878920,
         "sequential_area":    79.898400,
         "num_cells_by_type": {
            "A2O1A1Ixp33_ASAP7_75t_R": 1,
            "AND2x2_ASAP7_75t_R": 32,
            "AND3x1_ASAP7_75t_R": 1,
            "AO21x1_ASAP7_75t_R": 2,
            "AOI211xp5_ASAP7_75t_R": 33,
            "AOI21xp33_ASAP7_75t_R": 167,
            "AOI311xp33_ASAP7_75t_R": 33,
            "AOI31xp33_ASAP7_75t_R": 33,
            "DFFHQNx1_ASAP7_75t_R": 274,
            "INVx1_ASAP7_75t_R": 87,
            "NAND2xp33_ASAP7_75t_R": 238,
            "NAND3xp33_ASAP7_75t_R": 1,
            "NAND4xp25_ASAP7_75t_R": 4,
            "NOR2xp33_ASAP7_75t_R": 130,
            "NOR3xp33_ASAP7_75t_R": 1,
            "NOR4xp25_ASAP7_75t_R": 4,
            "O2A1O1Ixp33_ASAP7_75t_R": 5,
            "OAI211xp5_ASAP7_75t_R": 34,
            "OAI21xp33_ASAP7_75t_R": 173,
            "OR3x1_ASAP7_75t_R": 2,
            "OR4x1_ASAP7_75t_R": 2,
            "addr_8x17": 2,
            "mem_8x3": 2
         }
      },
      "\\resource_table_ram$GPU.cta.cta_sche.resource_table_inst.rtram_lds_0_0": {
         "num_wires":         1261,
         "num_wire_bits":     1440,
         "num_pub_wires":     47,
         "num_pub_wire_bits": 226,
         "num_ports":         44,
         "num_port_bits":     216,
         "num_memories":      0,
         "num_memory_bits":   0,
         "num_processes":     0,
         "num_cells":         1261,
         "num_submodules":       0,
         "area":              146.878920,
         "sequential_area":    79.898400,
         "num_cells_by_type": {
            "A2O1A1Ixp33_ASAP7_75t_R": 1,
            "AND2x2_ASAP7_75t_R": 32,
            "AND3x1_ASAP7_75t_R": 1,
            "AO21x1_ASAP7_75t_R": 2,
            "AOI211xp5_ASAP7_75t_R": 33,
            "AOI21xp33_ASAP7_75t_R": 167,
            "AOI311xp33_ASAP7_75t_R": 33,
            "AOI31xp33_ASAP7_75t_R": 33,
            "DFFHQNx1_ASAP7_75t_R": 274,
            "INVx1_ASAP7_75t_R": 87,
            "NAND2xp33_ASAP7_75t_R": 238,
            "NAND3xp33_ASAP7_75t_R": 1,
            "NAND4xp25_ASAP7_75t_R": 4,
            "NOR2xp33_ASAP7_75t_R": 130,
            "NOR3xp33_ASAP7_75t_R": 1,
            "NOR4xp25_ASAP7_75t_R": 4,
            "O2A1O1Ixp33_ASAP7_75t_R": 5,
            "OAI211xp5_ASAP7_75t_R": 34,
            "OAI21xp33_ASAP7_75t_R": 173,
            "OR3x1_ASAP7_75t_R": 2,
            "OR4x1_ASAP7_75t_R": 2,
            "addr_8x17": 2,
            "mem_8x3": 2
         }
      },
      "\\resource_table_handler_4$GPU.cta.cta_sche.resource_table_inst.handler_vgpr_1": {
         "num_wires":         878,
         "num_wire_bits":     1336,
         "num_pub_wires":     89,
         "num_pub_wire_bits": 484,
         "num_ports":         65,
         "num_port_bits":     345,
         "num_memories":      0,
         "num_memory_bits":   0,
         "num_processes":     0,
         "num_cells":         1046,
         "num_submodules":       1,
         "area":              121.116060,
         "sequential_area":    39.366000,
         "num_cells_by_type": {
            "A2O1A1Ixp33_ASAP7_75t_R": 19,
            "A2O1A1O1Ixp25_ASAP7_75t_R": 8,
            "AND2x2_ASAP7_75t_R": 12,
            "AND3x1_ASAP7_75t_R": 8,
            "AND4x1_ASAP7_75t_R": 3,
            "AO21x1_ASAP7_75t_R": 31,
            "AO221x1_ASAP7_75t_R": 1,
            "AO22x1_ASAP7_75t_R": 1,
            "AO32x1_ASAP7_75t_R": 1,
            "AOI211xp5_ASAP7_75t_R": 5,
            "AOI21xp33_ASAP7_75t_R": 58,
            "AOI221xp5_ASAP7_75t_R": 2,
            "AOI22xp33_ASAP7_75t_R": 37,
            "AOI32xp33_ASAP7_75t_R": 1,
            "DFFHQNx1_ASAP7_75t_R": 135,
            "INVx1_ASAP7_75t_R": 127,
            "MAJIxp5_ASAP7_75t_R": 11,
            "MAJx2_ASAP7_75t_R": 5,
            "NAND2xp33_ASAP7_75t_R": 74,
            "NAND3xp33_ASAP7_75t_R": 37,
            "NAND4xp25_ASAP7_75t_R": 7,
            "NAND5xp2_ASAP7_75t_R": 2,
            "NOR2xp33_ASAP7_75t_R": 130,
            "NOR3xp33_ASAP7_75t_R": 15,
            "NOR4xp25_ASAP7_75t_R": 4,
            "NOR5xp2_ASAP7_75t_R": 1,
            "O2A1O1Ixp33_ASAP7_75t_R": 25,
            "OA211x2_ASAP7_75t_R": 5,
            "OA21x2_ASAP7_75t_R": 9,
            "OAI211xp5_ASAP7_75t_R": 12,
            "OAI21xp33_ASAP7_75t_R": 133,
            "OAI221xp5_ASAP7_75t_R": 1,
            "OAI22xp33_ASAP7_75t_R": 19,
            "OAI31xp33_ASAP7_75t_R": 1,
            "OAI32xp33_ASAP7_75t_R": 2,
            "OR2x2_ASAP7_75t_R": 17,
            "OR3x1_ASAP7_75t_R": 13,
            "OR4x1_ASAP7_75t_R": 1,
            "OR5x1_ASAP7_75t_R": 1,
            "XNOR2xp5_ASAP7_75t_R": 43,
            "XOR2xp5_ASAP7_75t_R": 29,
            "sort3_4$GPU.cta.cta_sche.resource_table_inst.handler_vgpr_1.result_tmp_inst": 1
         }
      },
      "\\resource_table_handler_4$GPU.cta.cta_sche.resource_table_inst.handler_vgpr_0": {
         "num_wires":         878,
         "num_wire_bits":     1336,
         "num_pub_wires":     89,
         "num_pub_wire_bits": 484,
         "num_ports":         65,
         "num_port_bits":     345,
         "num_memories":      0,
         "num_memory_bits":   0,
         "num_processes":     0,
         "num_cells":         1046,
         "num_submodules":       1,
         "area":              121.116060,
         "sequential_area":    39.366000,
         "num_cells_by_type": {
            "A2O1A1Ixp33_ASAP7_75t_R": 19,
            "A2O1A1O1Ixp25_ASAP7_75t_R": 8,
            "AND2x2_ASAP7_75t_R": 12,
            "AND3x1_ASAP7_75t_R": 8,
            "AND4x1_ASAP7_75t_R": 3,
            "AO21x1_ASAP7_75t_R": 31,
            "AO221x1_ASAP7_75t_R": 1,
            "AO22x1_ASAP7_75t_R": 1,
            "AO32x1_ASAP7_75t_R": 1,
            "AOI211xp5_ASAP7_75t_R": 5,
            "AOI21xp33_ASAP7_75t_R": 58,
            "AOI221xp5_ASAP7_75t_R": 2,
            "AOI22xp33_ASAP7_75t_R": 37,
            "AOI32xp33_ASAP7_75t_R": 1,
            "DFFHQNx1_ASAP7_75t_R": 135,
            "INVx1_ASAP7_75t_R": 127,
            "MAJIxp5_ASAP7_75t_R": 11,
            "MAJx2_ASAP7_75t_R": 5,
            "NAND2xp33_ASAP7_75t_R": 74,
            "NAND3xp33_ASAP7_75t_R": 37,
            "NAND4xp25_ASAP7_75t_R": 7,
            "NAND5xp2_ASAP7_75t_R": 2,
            "NOR2xp33_ASAP7_75t_R": 130,
            "NOR3xp33_ASAP7_75t_R": 15,
            "NOR4xp25_ASAP7_75t_R": 4,
            "NOR5xp2_ASAP7_75t_R": 1,
            "O2A1O1Ixp33_ASAP7_75t_R": 25,
            "OA211x2_ASAP7_75t_R": 5,
            "OA21x2_ASAP7_75t_R": 9,
            "OAI211xp5_ASAP7_75t_R": 12,
            "OAI21xp33_ASAP7_75t_R": 133,
            "OAI221xp5_ASAP7_75t_R": 1,
            "OAI22xp33_ASAP7_75t_R": 19,
            "OAI31xp33_ASAP7_75t_R": 1,
            "OAI32xp33_ASAP7_75t_R": 2,
            "OR2x2_ASAP7_75t_R": 17,
            "OR3x1_ASAP7_75t_R": 13,
            "OR4x1_ASAP7_75t_R": 1,
            "OR5x1_ASAP7_75t_R": 1,
            "XNOR2xp5_ASAP7_75t_R": 43,
            "XOR2xp5_ASAP7_75t_R": 29,
            "sort3_4$GPU.cta.cta_sche.resource_table_inst.handler_vgpr_0.result_tmp_inst": 1
         }
      },
      "\\resource_table_handler_2$GPU.cta.cta_sche.resource_table_inst.handler_sgpr_1": {
         "num_wires":         942,
         "num_wire_bits":     1418,
         "num_pub_wires":     89,
         "num_pub_wire_bits": 499,
         "num_ports":         65,
         "num_port_bits":     353,
         "num_memories":      0,
         "num_memory_bits":   0,
         "num_processes":     0,
         "num_cells":         1118,
         "num_submodules":       1,
         "area":              130.549320,
         "sequential_area":    40.824000,
         "num_cells_by_type": {
            "A2O1A1Ixp33_ASAP7_75t_R": 4,
            "A2O1A1O1Ixp25_ASAP7_75t_R": 7,
            "AND2x2_ASAP7_75t_R": 17,
            "AND3x1_ASAP7_75t_R": 8,
            "AND4x1_ASAP7_75t_R": 10,
            "AND5x1_ASAP7_75t_R": 3,
            "AO211x2_ASAP7_75t_R": 1,
            "AO21x1_ASAP7_75t_R": 31,
            "AOI211xp5_ASAP7_75t_R": 9,
            "AOI21xp33_ASAP7_75t_R": 32,
            "AOI221xp5_ASAP7_75t_R": 2,
            "AOI22xp33_ASAP7_75t_R": 39,
            "AOI31xp33_ASAP7_75t_R": 32,
            "AOI321xp33_ASAP7_75t_R": 2,
            "AOI32xp33_ASAP7_75t_R": 4,
            "AOI33xp33_ASAP7_75t_R": 1,
            "DFFHQNx1_ASAP7_75t_R": 140,
            "INVx1_ASAP7_75t_R": 141,
            "MAJIxp5_ASAP7_75t_R": 11,
            "MAJx2_ASAP7_75t_R": 3,
            "NAND2xp33_ASAP7_75t_R": 103,
            "NAND3xp33_ASAP7_75t_R": 26,
            "NAND4xp25_ASAP7_75t_R": 7,
            "NAND5xp2_ASAP7_75t_R": 1,
            "NOR2xp33_ASAP7_75t_R": 135,
            "NOR3xp33_ASAP7_75t_R": 13,
            "NOR4xp25_ASAP7_75t_R": 19,
            "NOR5xp2_ASAP7_75t_R": 1,
            "O2A1O1Ixp33_ASAP7_75t_R": 47,
            "OA211x2_ASAP7_75t_R": 8,
            "OA21x2_ASAP7_75t_R": 9,
            "OA31x2_ASAP7_75t_R": 1,
            "OAI211xp5_ASAP7_75t_R": 14,
            "OAI21xp33_ASAP7_75t_R": 98,
            "OAI221xp5_ASAP7_75t_R": 3,
            "OAI22xp33_ASAP7_75t_R": 4,
            "OAI311xp33_ASAP7_75t_R": 1,
            "OAI31xp33_ASAP7_75t_R": 4,
            "OAI32xp33_ASAP7_75t_R": 26,
            "OR2x2_ASAP7_75t_R": 14,
            "OR3x1_ASAP7_75t_R": 13,
            "OR4x1_ASAP7_75t_R": 1,
            "OR5x1_ASAP7_75t_R": 1,
            "XNOR2xp5_ASAP7_75t_R": 45,
            "XOR2xp5_ASAP7_75t_R": 27,
            "sort3_2$GPU.cta.cta_sche.resource_table_inst.handler_sgpr_1.result_tmp_inst": 1
         }
      },
      "\\resource_table_handler_2$GPU.cta.cta_sche.resource_table_inst.handler_sgpr_0": {
         "num_wires":         942,
         "num_wire_bits":     1418,
         "num_pub_wires":     89,
         "num_pub_wire_bits": 499,
         "num_ports":         65,
         "num_port_bits":     353,
         "num_memories":      0,
         "num_memory_bits":   0,
         "num_processes":     0,
         "num_cells":         1118,
         "num_submodules":       1,
         "area":              130.549320,
         "sequential_area":    40.824000,
         "num_cells_by_type": {
            "A2O1A1Ixp33_ASAP7_75t_R": 4,
            "A2O1A1O1Ixp25_ASAP7_75t_R": 7,
            "AND2x2_ASAP7_75t_R": 17,
            "AND3x1_ASAP7_75t_R": 8,
            "AND4x1_ASAP7_75t_R": 10,
            "AND5x1_ASAP7_75t_R": 3,
            "AO211x2_ASAP7_75t_R": 1,
            "AO21x1_ASAP7_75t_R": 31,
            "AOI211xp5_ASAP7_75t_R": 9,
            "AOI21xp33_ASAP7_75t_R": 32,
            "AOI221xp5_ASAP7_75t_R": 2,
            "AOI22xp33_ASAP7_75t_R": 39,
            "AOI31xp33_ASAP7_75t_R": 32,
            "AOI321xp33_ASAP7_75t_R": 2,
            "AOI32xp33_ASAP7_75t_R": 4,
            "AOI33xp33_ASAP7_75t_R": 1,
            "DFFHQNx1_ASAP7_75t_R": 140,
            "INVx1_ASAP7_75t_R": 141,
            "MAJIxp5_ASAP7_75t_R": 11,
            "MAJx2_ASAP7_75t_R": 3,
            "NAND2xp33_ASAP7_75t_R": 103,
            "NAND3xp33_ASAP7_75t_R": 26,
            "NAND4xp25_ASAP7_75t_R": 7,
            "NAND5xp2_ASAP7_75t_R": 1,
            "NOR2xp33_ASAP7_75t_R": 135,
            "NOR3xp33_ASAP7_75t_R": 13,
            "NOR4xp25_ASAP7_75t_R": 19,
            "NOR5xp2_ASAP7_75t_R": 1,
            "O2A1O1Ixp33_ASAP7_75t_R": 47,
            "OA211x2_ASAP7_75t_R": 8,
            "OA21x2_ASAP7_75t_R": 9,
            "OA31x2_ASAP7_75t_R": 1,
            "OAI211xp5_ASAP7_75t_R": 14,
            "OAI21xp33_ASAP7_75t_R": 98,
            "OAI221xp5_ASAP7_75t_R": 3,
            "OAI22xp33_ASAP7_75t_R": 4,
            "OAI311xp33_ASAP7_75t_R": 1,
            "OAI31xp33_ASAP7_75t_R": 4,
            "OAI32xp33_ASAP7_75t_R": 26,
            "OR2x2_ASAP7_75t_R": 14,
            "OR3x1_ASAP7_75t_R": 13,
            "OR4x1_ASAP7_75t_R": 1,
            "OR5x1_ASAP7_75t_R": 1,
            "XNOR2xp5_ASAP7_75t_R": 45,
            "XOR2xp5_ASAP7_75t_R": 27,
            "sort3_2$GPU.cta.cta_sche.resource_table_inst.handler_sgpr_0.result_tmp_inst": 1
         }
      },
      "\\resource_table_handler$GPU.cta.cta_sche.resource_table_inst.handler_lds_1": {
         "num_wires":         1207,
         "num_wire_bits":     1791,
         "num_pub_wires":     89,
         "num_pub_wire_bits": 589,
         "num_ports":         65,
         "num_port_bits":     401,
         "num_memories":      0,
         "num_memory_bits":   0,
         "num_processes":     0,
         "num_cells":         1431,
         "num_submodules":       1,
         "area":              168.880140,
         "sequential_area":    49.572000,
         "num_cells_by_type": {
            "A2O1A1Ixp33_ASAP7_75t_R": 46,
            "A2O1A1O1Ixp25_ASAP7_75t_R": 8,
            "AND2x2_ASAP7_75t_R": 17,
            "AND3x1_ASAP7_75t_R": 10,
            "AND4x1_ASAP7_75t_R": 5,
            "AND5x1_ASAP7_75t_R": 1,
            "AO211x2_ASAP7_75t_R": 2,
            "AO21x1_ASAP7_75t_R": 33,
            "AO221x1_ASAP7_75t_R": 1,
            "AO32x1_ASAP7_75t_R": 1,
            "AOI211xp5_ASAP7_75t_R": 16,
            "AOI21xp33_ASAP7_75t_R": 82,
            "AOI221xp5_ASAP7_75t_R": 2,
            "AOI22xp33_ASAP7_75t_R": 41,
            "AOI31xp33_ASAP7_75t_R": 1,
            "AOI32xp33_ASAP7_75t_R": 3,
            "DFFHQNx1_ASAP7_75t_R": 170,
            "INVx1_ASAP7_75t_R": 159,
            "MAJIxp5_ASAP7_75t_R": 12,
            "MAJx2_ASAP7_75t_R": 5,
            "NAND2xp33_ASAP7_75t_R": 111,
            "NAND3xp33_ASAP7_75t_R": 47,
            "NAND4xp25_ASAP7_75t_R": 6,
            "NAND5xp2_ASAP7_75t_R": 2,
            "NOR2xp33_ASAP7_75t_R": 185,
            "NOR3xp33_ASAP7_75t_R": 17,
            "NOR4xp25_ASAP7_75t_R": 5,
            "NOR5xp2_ASAP7_75t_R": 1,
            "O2A1O1Ixp33_ASAP7_75t_R": 30,
            "OA211x2_ASAP7_75t_R": 12,
            "OA21x2_ASAP7_75t_R": 13,
            "OA31x2_ASAP7_75t_R": 1,
            "OA33x2_ASAP7_75t_R": 1,
            "OAI211xp5_ASAP7_75t_R": 11,
            "OAI21xp33_ASAP7_75t_R": 143,
            "OAI221xp5_ASAP7_75t_R": 2,
            "OAI22xp33_ASAP7_75t_R": 4,
            "OAI311xp33_ASAP7_75t_R": 2,
            "OAI31xp33_ASAP7_75t_R": 47,
            "OAI321xp33_ASAP7_75t_R": 1,
            "OAI32xp33_ASAP7_75t_R": 1,
            "OR2x2_ASAP7_75t_R": 26,
            "OR3x1_ASAP7_75t_R": 30,
            "OR4x1_ASAP7_75t_R": 1,
            "OR5x1_ASAP7_75t_R": 1,
            "XNOR2xp5_ASAP7_75t_R": 64,
            "XOR2xp5_ASAP7_75t_R": 52,
            "sort3$GPU.cta.cta_sche.resource_table_inst.handler_lds_1.result_tmp_inst": 1
         }
      },
      "\\resource_table_handler$GPU.cta.cta_sche.resource_table_inst.handler_lds_0": {
         "num_wires":         1207,
         "num_wire_bits":     1791,
         "num_pub_wires":     89,
         "num_pub_wire_bits": 589,
         "num_ports":         65,
         "num_port_bits":     401,
         "num_memories":      0,
         "num_memory_bits":   0,
         "num_processes":     0,
         "num_cells":         1431,
         "num_submodules":       1,
         "area":              168.880140,
         "sequential_area":    49.572000,
         "num_cells_by_type": {
            "A2O1A1Ixp33_ASAP7_75t_R": 46,
            "A2O1A1O1Ixp25_ASAP7_75t_R": 8,
            "AND2x2_ASAP7_75t_R": 17,
            "AND3x1_ASAP7_75t_R": 10,
            "AND4x1_ASAP7_75t_R": 5,
            "AND5x1_ASAP7_75t_R": 1,
            "AO211x2_ASAP7_75t_R": 2,
            "AO21x1_ASAP7_75t_R": 33,
            "AO221x1_ASAP7_75t_R": 1,
            "AO32x1_ASAP7_75t_R": 1,
            "AOI211xp5_ASAP7_75t_R": 16,
            "AOI21xp33_ASAP7_75t_R": 82,
            "AOI221xp5_ASAP7_75t_R": 2,
            "AOI22xp33_ASAP7_75t_R": 41,
            "AOI31xp33_ASAP7_75t_R": 1,
            "AOI32xp33_ASAP7_75t_R": 3,
            "DFFHQNx1_ASAP7_75t_R": 170,
            "INVx1_ASAP7_75t_R": 159,
            "MAJIxp5_ASAP7_75t_R": 12,
            "MAJx2_ASAP7_75t_R": 5,
            "NAND2xp33_ASAP7_75t_R": 111,
            "NAND3xp33_ASAP7_75t_R": 47,
            "NAND4xp25_ASAP7_75t_R": 6,
            "NAND5xp2_ASAP7_75t_R": 2,
            "NOR2xp33_ASAP7_75t_R": 185,
            "NOR3xp33_ASAP7_75t_R": 17,
            "NOR4xp25_ASAP7_75t_R": 5,
            "NOR5xp2_ASAP7_75t_R": 1,
            "O2A1O1Ixp33_ASAP7_75t_R": 30,
            "OA211x2_ASAP7_75t_R": 12,
            "OA21x2_ASAP7_75t_R": 13,
            "OA31x2_ASAP7_75t_R": 1,
            "OA33x2_ASAP7_75t_R": 1,
            "OAI211xp5_ASAP7_75t_R": 11,
            "OAI21xp33_ASAP7_75t_R": 143,
            "OAI221xp5_ASAP7_75t_R": 2,
            "OAI22xp33_ASAP7_75t_R": 4,
            "OAI311xp33_ASAP7_75t_R": 2,
            "OAI31xp33_ASAP7_75t_R": 47,
            "OAI321xp33_ASAP7_75t_R": 1,
            "OAI32xp33_ASAP7_75t_R": 1,
            "OR2x2_ASAP7_75t_R": 26,
            "OR3x1_ASAP7_75t_R": 30,
            "OR4x1_ASAP7_75t_R": 1,
            "OR5x1_ASAP7_75t_R": 1,
            "XNOR2xp5_ASAP7_75t_R": 64,
            "XOR2xp5_ASAP7_75t_R": 52,
            "sort3$GPU.cta.cta_sche.resource_table_inst.handler_lds_0.result_tmp_inst": 1
         }
      },
      "\\Queue1_io_alloc2cuinterface$GPU.cta.cta_sche.allocator_inst.cuinterface_buf": {
         "num_wires":         156,
         "num_wire_bits":     270,
         "num_pub_wires":     23,
         "num_pub_wire_bits": 137,
         "num_ports":         20,
         "num_port_bits":     92,
         "num_memories":      0,
         "num_memory_bits":   0,
         "num_processes":     0,
         "num_cells":         178,
         "num_submodules":       0,
         "area":              21.957480,
         "sequential_area":    12.830400,
         "num_cells_by_type": {
            "AOI21xp33_ASAP7_75t_R": 1,
            "DFFHQNx1_ASAP7_75t_R": 44,
            "INVx1_ASAP7_75t_R": 45,
            "OA21x2_ASAP7_75t_R": 1,
            "OAI211xp5_ASAP7_75t_R": 43,
            "OAI21xp33_ASAP7_75t_R": 43,
            "OR2x2_ASAP7_75t_R": 1
         }
      },
      "\\rtcache_writer_2$GPU.cta.cta_sche.allocator_inst.writer_vgpr": {
         "num_wires":         169,
         "num_wire_bits":     239,
         "num_pub_wires":     18,
         "num_pub_wire_bits": 88,
         "num_ports":         17,
         "num_port_bits":     87,
         "num_memories":      0,
         "num_memory_bits":   0,
         "num_processes":     0,
         "num_cells":         176,
         "num_submodules":       0,
         "area":              13.938480,
         "sequential_area":    0.291600,
         "num_cells_by_type": {
            "A2O1A1Ixp33_ASAP7_75t_R": 9,
            "A2O1A1O1Ixp25_ASAP7_75t_R": 3,
            "AND2x2_ASAP7_75t_R": 3,
            "AO21x1_ASAP7_75t_R": 1,
            "AO22x1_ASAP7_75t_R": 3,
            "AOI211xp5_ASAP7_75t_R": 7,
            "AOI21xp33_ASAP7_75t_R": 5,
            "AOI31xp33_ASAP7_75t_R": 1,
            "DFFHQNx1_ASAP7_75t_R": 1,
            "INVx1_ASAP7_75t_R": 22,
            "NAND2xp33_ASAP7_75t_R": 36,
            "NOR2xp33_ASAP7_75t_R": 9,
            "NOR3xp33_ASAP7_75t_R": 12,
            "O2A1O1Ixp33_ASAP7_75t_R": 1,
            "OA211x2_ASAP7_75t_R": 4,
            "OA21x2_ASAP7_75t_R": 7,
            "OAI211xp5_ASAP7_75t_R": 2,
            "OAI21xp33_ASAP7_75t_R": 22,
            "OAI31xp33_ASAP7_75t_R": 7,
            "OR2x2_ASAP7_75t_R": 1,
            "OR3x1_ASAP7_75t_R": 4,
            "XNOR2xp5_ASAP7_75t_R": 8,
            "XOR2xp5_ASAP7_75t_R": 8
         }
      },
      "\\rtcache_writer_1$GPU.cta.cta_sche.allocator_inst.writer_sgpr": {
         "num_wires":         179,
         "num_wire_bits":     256,
         "num_pub_wires":     18,
         "num_pub_wire_bits": 95,
         "num_ports":         17,
         "num_port_bits":     94,
         "num_memories":      0,
         "num_memory_bits":   0,
         "num_processes":     0,
         "num_cells":         188,
         "num_submodules":       0,
         "area":              15.236100,
         "sequential_area":    0.291600,
         "num_cells_by_type": {
            "A2O1A1Ixp33_ASAP7_75t_R": 9,
            "A2O1A1O1Ixp25_ASAP7_75t_R": 4,
            "AND2x2_ASAP7_75t_R": 5,
            "AND3x1_ASAP7_75t_R": 1,
            "AO21x1_ASAP7_75t_R": 3,
            "AO22x1_ASAP7_75t_R": 3,
            "AOI211xp5_ASAP7_75t_R": 4,
            "AOI21xp33_ASAP7_75t_R": 3,
            "AOI22xp33_ASAP7_75t_R": 1,
            "DFFHQNx1_ASAP7_75t_R": 1,
            "INVx1_ASAP7_75t_R": 20,
            "NAND2xp33_ASAP7_75t_R": 34,
            "NOR2xp33_ASAP7_75t_R": 8,
            "NOR3xp33_ASAP7_75t_R": 15,
            "O2A1O1Ixp33_ASAP7_75t_R": 7,
            "OA211x2_ASAP7_75t_R": 4,
            "OA21x2_ASAP7_75t_R": 13,
            "OAI211xp5_ASAP7_75t_R": 1,
            "OAI21xp33_ASAP7_75t_R": 20,
            "OAI311xp33_ASAP7_75t_R": 1,
            "OAI31xp33_ASAP7_75t_R": 7,
            "OR2x2_ASAP7_75t_R": 2,
            "OR3x1_ASAP7_75t_R": 8,
            "XNOR2xp5_ASAP7_75t_R": 9,
            "XOR2xp5_ASAP7_75t_R": 5
         }
      },
      "\\rtcache_writer$GPU.cta.cta_sche.allocator_inst.writer_lds": {
         "num_wires":         280,
         "num_wire_bits":     399,
         "num_pub_wires":     18,
         "num_pub_wire_bits": 137,
         "num_ports":         17,
         "num_port_bits":     136,
         "num_memories":      0,
         "num_memory_bits":   0,
         "num_processes":     0,
         "num_cells":         301,
         "num_submodules":       0,
         "area":              23.444640,
         "sequential_area":    0.291600,
         "num_cells_by_type": {
            "A2O1A1Ixp33_ASAP7_75t_R": 13,
            "A2O1A1O1Ixp25_ASAP7_75t_R": 5,
            "AND2x2_ASAP7_75t_R": 8,
            "AND3x1_ASAP7_75t_R": 1,
            "AO211x2_ASAP7_75t_R": 1,
            "AO21x1_ASAP7_75t_R": 6,
            "AO22x1_ASAP7_75t_R": 2,
            "AO32x1_ASAP7_75t_R": 1,
            "AOI211xp5_ASAP7_75t_R": 6,
            "AOI21xp33_ASAP7_75t_R": 8,
            "AOI311xp33_ASAP7_75t_R": 2,
            "AOI31xp33_ASAP7_75t_R": 3,
            "AOI321xp33_ASAP7_75t_R": 1,
            "DFFHQNx1_ASAP7_75t_R": 1,
            "INVx1_ASAP7_75t_R": 34,
            "NAND2xp33_ASAP7_75t_R": 61,
            "NAND3xp33_ASAP7_75t_R": 4,
            "NOR2xp33_ASAP7_75t_R": 25,
            "NOR3xp33_ASAP7_75t_R": 16,
            "O2A1O1Ixp33_ASAP7_75t_R": 4,
            "OA211x2_ASAP7_75t_R": 3,
            "OA21x2_ASAP7_75t_R": 14,
            "OAI211xp5_ASAP7_75t_R": 1,
            "OAI21xp33_ASAP7_75t_R": 35,
            "OAI311xp33_ASAP7_75t_R": 2,
            "OAI31xp33_ASAP7_75t_R": 10,
            "OR2x2_ASAP7_75t_R": 3,
            "OR3x1_ASAP7_75t_R": 9,
            "XNOR2xp5_ASAP7_75t_R": 12,
            "XOR2xp5_ASAP7_75t_R": 10
         }
      },
      "\\RRPriorityEncoder$GPU.cta.cta_sche.wg_buffer_inst.wgram1_rd_next_inst": {
         "num_wires":         109,
         "num_wire_bits":     118,
         "num_pub_wires":     14,
         "num_pub_wire_bits": 23,
         "num_ports":         13,
         "num_port_bits":     15,
         "num_memories":      0,
         "num_memory_bits":   0,
         "num_processes":     0,
         "num_cells":         99,
         "num_submodules":       0,
         "area":              8.470980,
         "sequential_area":    0.874800,
         "num_cells_by_type": {
            "A2O1A1Ixp33_ASAP7_75t_R": 4,
            "AND2x2_ASAP7_75t_R": 2,
            "AND3x1_ASAP7_75t_R": 1,
            "AO21x1_ASAP7_75t_R": 1,
            "AOI211xp5_ASAP7_75t_R": 3,
            "AOI21xp33_ASAP7_75t_R": 9,
            "AOI311xp33_ASAP7_75t_R": 2,
            "AOI31xp33_ASAP7_75t_R": 1,
            "DFFHQNx1_ASAP7_75t_R": 3,
            "INVx1_ASAP7_75t_R": 10,
            "NAND2xp33_ASAP7_75t_R": 12,
            "NAND3xp33_ASAP7_75t_R": 4,
            "NAND4xp25_ASAP7_75t_R": 1,
            "NOR2xp33_ASAP7_75t_R": 6,
            "NOR3xp33_ASAP7_75t_R": 2,
            "NOR4xp25_ASAP7_75t_R": 1,
            "NOR5xp2_ASAP7_75t_R": 1,
            "O2A1O1Ixp33_ASAP7_75t_R": 3,
            "OA211x2_ASAP7_75t_R": 5,
            "OAI211xp5_ASAP7_75t_R": 8,
            "OAI21xp33_ASAP7_75t_R": 8,
            "OAI221xp5_ASAP7_75t_R": 1,
            "OAI22xp33_ASAP7_75t_R": 1,
            "OAI31xp33_ASAP7_75t_R": 2,
            "OR4x1_ASAP7_75t_R": 2,
            "XNOR2xp5_ASAP7_75t_R": 5,
            "XOR2xp5_ASAP7_75t_R": 1
         }
      },
      "\\RRPriorityEncoder$GPU.cta.cta_sche.wg_buffer_inst.wgram_wr_next_inst": {
         "num_wires":         109,
         "num_wire_bits":     118,
         "num_pub_wires":     14,
         "num_pub_wire_bits": 23,
         "num_ports":         13,
         "num_port_bits":     15,
         "num_memories":      0,
         "num_memory_bits":   0,
         "num_processes":     0,
         "num_cells":         99,
         "num_submodules":       0,
         "area":              8.470980,
         "sequential_area":    0.874800,
         "num_cells_by_type": {
            "A2O1A1Ixp33_ASAP7_75t_R": 4,
            "AND2x2_ASAP7_75t_R": 2,
            "AND3x1_ASAP7_75t_R": 1,
            "AO21x1_ASAP7_75t_R": 1,
            "AOI211xp5_ASAP7_75t_R": 3,
            "AOI21xp33_ASAP7_75t_R": 9,
            "AOI311xp33_ASAP7_75t_R": 2,
            "AOI31xp33_ASAP7_75t_R": 1,
            "DFFHQNx1_ASAP7_75t_R": 3,
            "INVx1_ASAP7_75t_R": 10,
            "NAND2xp33_ASAP7_75t_R": 12,
            "NAND3xp33_ASAP7_75t_R": 4,
            "NAND4xp25_ASAP7_75t_R": 1,
            "NOR2xp33_ASAP7_75t_R": 6,
            "NOR3xp33_ASAP7_75t_R": 2,
            "NOR4xp25_ASAP7_75t_R": 1,
            "NOR5xp2_ASAP7_75t_R": 1,
            "O2A1O1Ixp33_ASAP7_75t_R": 3,
            "OA211x2_ASAP7_75t_R": 5,
            "OAI211xp5_ASAP7_75t_R": 8,
            "OAI21xp33_ASAP7_75t_R": 8,
            "OAI221xp5_ASAP7_75t_R": 1,
            "OAI22xp33_ASAP7_75t_R": 1,
            "OAI31xp33_ASAP7_75t_R": 2,
            "OR4x1_ASAP7_75t_R": 2,
            "XNOR2xp5_ASAP7_75t_R": 5,
            "XOR2xp5_ASAP7_75t_R": 1
         }
      },
      "\\SRAMTemplate_139$GPU.Scheduler.bankedStore.cc_banks": {
         "num_wires":         20583,
         "num_wire_bits":     23543,
         "num_pub_wires":     263,
         "num_pub_wire_bits": 3223,
         "num_ports":         262,
         "num_port_bits":     2199,
         "num_memories":      0,
         "num_memory_bits":   0,
         "num_processes":     0,
         "num_cells":         21345,
         "num_submodules":       0,
         "area":              3240.434160,
         "sequential_area":    2432.235600,
         "num_cells_by_type": {
            "AND2x2_ASAP7_75t_R": 1,
            "AND4x1_ASAP7_75t_R": 104,
            "AO222x2_ASAP7_75t_R": 1,
            "AOI22xp33_ASAP7_75t_R": 2,
            "DFFHQNx1_ASAP7_75t_R": 8341,
            "INVx1_ASAP7_75t_R": 7946,
            "NAND2xp33_ASAP7_75t_R": 4,
            "NAND3xp33_ASAP7_75t_R": 4,
            "NAND4xp25_ASAP7_75t_R": 334,
            "NAND5xp2_ASAP7_75t_R": 845,
            "NOR2xp33_ASAP7_75t_R": 3,
            "NOR3xp33_ASAP7_75t_R": 8,
            "NOR4xp25_ASAP7_75t_R": 754,
            "NOR5xp2_ASAP7_75t_R": 20,
            "OA22x2_ASAP7_75t_R": 1,
            "OAI21xp33_ASAP7_75t_R": 1148,
            "OAI221xp5_ASAP7_75t_R": 1,
            "OAI22xp33_ASAP7_75t_R": 2,
            "OAI31xp33_ASAP7_75t_R": 1024,
            "OR3x1_ASAP7_75t_R": 128,
            "OR4x1_ASAP7_75t_R": 286,
            "OR5x1_ASAP7_75t_R": 1,
            "XNOR2xp5_ASAP7_75t_R": 258,
            "XOR2xp5_ASAP7_75t_R": 128,
            "array_1024x1024": 1
         }
      },
      "\\SRAMTemplate_138$GPU.Scheduler.directory.cc_dir": {
         "num_wires":         1998,
         "num_wire_bits":     3215,
         "num_pub_wires":     56,
         "num_pub_wire_bits": 1248,
         "num_ports":         39,
         "num_port_bits":     640,
         "num_memories":      0,
         "num_memory_bits":   0,
         "num_processes":     0,
         "num_cells":         2576,
         "num_submodules":       0,
         "area":              359.265780,
         "sequential_area":    188.082000,
         "num_cells_by_type": {
            "A2O1A1Ixp33_ASAP7_75t_R": 304,
            "A2O1A1O1Ixp25_ASAP7_75t_R": 304,
            "AND2x2_ASAP7_75t_R": 305,
            "AND3x1_ASAP7_75t_R": 2,
            "AO21x1_ASAP7_75t_R": 1,
            "AOI211xp5_ASAP7_75t_R": 1,
            "AOI21xp33_ASAP7_75t_R": 2,
            "AOI221xp5_ASAP7_75t_R": 1,
            "DFFHQNx1_ASAP7_75t_R": 645,
            "INVx1_ASAP7_75t_R": 38,
            "NAND2xp33_ASAP7_75t_R": 327,
            "NAND5xp2_ASAP7_75t_R": 16,
            "NOR2xp33_ASAP7_75t_R": 2,
            "O2A1O1Ixp33_ASAP7_75t_R": 1,
            "OA222x2_ASAP7_75t_R": 1,
            "OAI21xp33_ASAP7_75t_R": 10,
            "OAI31xp33_ASAP7_75t_R": 2,
            "OR2x2_ASAP7_75t_R": 608,
            "OR3x1_ASAP7_75t_R": 1,
            "OR4x1_ASAP7_75t_R": 1,
            "XNOR2xp5_ASAP7_75t_R": 1,
            "XOR2xp5_ASAP7_75t_R": 2,
            "array_64x304": 1
         }
      },
      "\\ListBuffer$GPU.Scheduler.sinkA.putbuffer": {
         "num_wires":         501,
         "num_wire_bits":     4108,
         "num_pub_wires":     23,
         "num_pub_wire_bits": 3626,
         "num_ports":         12,
         "num_port_bits":     2351,
         "num_memories":      0,
         "num_memory_bits":   0,
         "num_processes":     0,
         "num_cells":         525,
         "num_submodules":       0,
         "area":              53.158680,
         "sequential_area":    18.662400,
         "num_cells_by_type": {
            "A2O1A1Ixp33_ASAP7_75t_R": 1,
            "A2O1A1O1Ixp25_ASAP7_75t_R": 11,
            "AND2x2_ASAP7_75t_R": 3,
            "AND3x1_ASAP7_75t_R": 13,
            "AND4x1_ASAP7_75t_R": 2,
            "AND5x1_ASAP7_75t_R": 1,
            "AO21x1_ASAP7_75t_R": 10,
            "AOI211xp5_ASAP7_75t_R": 12,
            "AOI21xp33_ASAP7_75t_R": 12,
            "AOI221xp5_ASAP7_75t_R": 3,
            "AOI22xp33_ASAP7_75t_R": 3,
            "AOI31xp33_ASAP7_75t_R": 13,
            "AOI32xp33_ASAP7_75t_R": 3,
            "DFFHQNx1_ASAP7_75t_R": 64,
            "INVx1_ASAP7_75t_R": 78,
            "NAND2xp33_ASAP7_75t_R": 37,
            "NAND3xp33_ASAP7_75t_R": 33,
            "NAND4xp25_ASAP7_75t_R": 17,
            "NAND5xp2_ASAP7_75t_R": 7,
            "NOR2xp33_ASAP7_75t_R": 45,
            "NOR3xp33_ASAP7_75t_R": 36,
            "NOR4xp25_ASAP7_75t_R": 15,
            "NOR5xp2_ASAP7_75t_R": 8,
            "O2A1O1Ixp33_ASAP7_75t_R": 37,
            "OA21x2_ASAP7_75t_R": 5,
            "OA31x2_ASAP7_75t_R": 1,
            "OAI21xp33_ASAP7_75t_R": 5,
            "OAI221xp5_ASAP7_75t_R": 3,
            "OAI22xp33_ASAP7_75t_R": 5,
            "OAI311xp33_ASAP7_75t_R": 2,
            "OAI31xp33_ASAP7_75t_R": 10,
            "OAI32xp33_ASAP7_75t_R": 1,
            "OR2x2_ASAP7_75t_R": 3,
            "OR3x1_ASAP7_75t_R": 2,
            "OR4x1_ASAP7_75t_R": 14,
            "OR5x1_ASAP7_75t_R": 2,
            "XNOR2xp5_ASAP7_75t_R": 1,
            "XOR2xp5_ASAP7_75t_R": 3,
            "data_32x1152": 1,
            "head_32x5": 1,
            "next_32x5": 1,
            "tail_32x5": 1
         }
      },
      "\\cu_interface$GPU.cta.cta_sche.cu_interface_inst": {
         "num_wires":         699,
         "num_wire_bits":     1912,
         "num_pub_wires":     125,
         "num_pub_wire_bits": 1313,
         "num_ports":         80,
         "num_port_bits":     891,
         "num_memories":      0,
         "num_memory_bits":   0,
         "num_processes":     0,
         "num_cells":         711,
         "num_submodules":       2,
         "area":              82.551960,
         "sequential_area":    33.242400,
         "num_cells_by_type": {
            "A2O1A1Ixp33_ASAP7_75t_R": 7,
            "A2O1A1O1Ixp25_ASAP7_75t_R": 1,
            "AND2x2_ASAP7_75t_R": 9,
            "AND3x1_ASAP7_75t_R": 9,
            "AND4x1_ASAP7_75t_R": 2,
            "AO211x2_ASAP7_75t_R": 1,
            "AO21x1_ASAP7_75t_R": 17,
            "AO22x1_ASAP7_75t_R": 1,
            "AOI211xp5_ASAP7_75t_R": 7,
            "AOI21xp33_ASAP7_75t_R": 106,
            "AOI221xp5_ASAP7_75t_R": 5,
            "AOI22xp33_ASAP7_75t_R": 3,
            "AOI311xp33_ASAP7_75t_R": 3,
            "AOI31xp33_ASAP7_75t_R": 5,
            "DFFHQNx1_ASAP7_75t_R": 110,
            "INVx1_ASAP7_75t_R": 82,
            "MAJIxp5_ASAP7_75t_R": 10,
            "MAJx2_ASAP7_75t_R": 5,
            "NAND2xp33_ASAP7_75t_R": 73,
            "NAND3xp33_ASAP7_75t_R": 7,
            "NAND5xp2_ASAP7_75t_R": 2,
            "NOR2xp33_ASAP7_75t_R": 92,
            "NOR3xp33_ASAP7_75t_R": 4,
            "NOR4xp25_ASAP7_75t_R": 2,
            "NOR5xp2_ASAP7_75t_R": 2,
            "O2A1O1Ixp33_ASAP7_75t_R": 13,
            "OA211x2_ASAP7_75t_R": 1,
            "OA21x2_ASAP7_75t_R": 3,
            "OAI21xp33_ASAP7_75t_R": 21,
            "OAI221xp5_ASAP7_75t_R": 8,
            "OAI22xp33_ASAP7_75t_R": 7,
            "OAI311xp33_ASAP7_75t_R": 3,
            "OAI31xp33_ASAP7_75t_R": 11,
            "OR2x2_ASAP7_75t_R": 5,
            "OR3x1_ASAP7_75t_R": 1,
            "XNOR2xp5_ASAP7_75t_R": 54,
            "XOR2xp5_ASAP7_75t_R": 17,
            "wf_gather_cnt_16x4": 1,
            "wf_gather_ram_16x39": 1,
            "Queue2_cta_data$GPU.cta.cta_sche.cu_interface_inst.fifo": 1,
            "RRArbiter$GPU.cta.cta_sche.cu_interface_inst.arb_inst": 1
         }
      },
      "\\resource_table_top$GPU.cta.cta_sche.resource_table_inst": {
         "num_wires":         918,
         "num_wire_bits":     2965,
         "num_pub_wires":     399,
         "num_pub_wire_bits": 2318,
         "num_ports":         45,
         "num_port_bits":     299,
         "num_memories":      0,
         "num_memory_bits":   0,
         "num_processes":     0,
         "num_cells":         739,
         "num_submodules":       18,
         "area":              1853.438760,
         "sequential_area":    781.779600,
         "num_cells_by_type": {
            "AND2x2_ASAP7_75t_R": 15,
            "AND3x1_ASAP7_75t_R": 1,
            "AND4x1_ASAP7_75t_R": 1,
            "DFFHQNx1_ASAP7_75t_R": 1,
            "INVx1_ASAP7_75t_R": 243,
            "NAND2xp33_ASAP7_75t_R": 229,
            "NOR2xp33_ASAP7_75t_R": 12,
            "O2A1O1Ixp33_ASAP7_75t_R": 1,
            "OA21x2_ASAP7_75t_R": 2,
            "OAI21xp33_ASAP7_75t_R": 228,
            "OR2x2_ASAP7_75t_R": 6,
            "DecoupledIO_1_to_3$GPU.cta.cta_sche.resource_table_inst.alloc_decoupledio": 1,
            "DecoupledIO_1_to_3_1$GPU.cta.cta_sche.resource_table_inst.dealloc_decoupledio": 1,
            "Queue1_5_Anon$GPU.cta.cta_sche.resource_table_inst.baseaddr_lds_reg_q": 1,
            "Queue1_5_Anon_1$GPU.cta.cta_sche.resource_table_inst.baseaddr_sgpr_reg_q": 1,
            "Queue1_5_Anon_2$GPU.cta.cta_sche.resource_table_inst.baseaddr_vgpr_reg_q": 1,
            "Queue2_io_rt2dealloc$GPU.cta.cta_sche.resource_table_inst.slot_dealloc": 1,
            "resource_table_handler$GPU.cta.cta_sche.resource_table_inst.handler_lds_0": 1,
            "resource_table_handler$GPU.cta.cta_sche.resource_table_inst.handler_lds_1": 1,
            "resource_table_handler_2$GPU.cta.cta_sche.resource_table_inst.handler_sgpr_0": 1,
            "resource_table_handler_2$GPU.cta.cta_sche.resource_table_inst.handler_sgpr_1": 1,
            "resource_table_handler_4$GPU.cta.cta_sche.resource_table_inst.handler_vgpr_0": 1,
            "resource_table_handler_4$GPU.cta.cta_sche.resource_table_inst.handler_vgpr_1": 1,
            "resource_table_ram$GPU.cta.cta_sche.resource_table_inst.rtram_lds_0_0": 1,
            "resource_table_ram$GPU.cta.cta_sche.resource_table_inst.rtram_lds_1_0": 1,
            "resource_table_ram_2$GPU.cta.cta_sche.resource_table_inst.rtram_sgpr_0_0": 1,
            "resource_table_ram_2$GPU.cta.cta_sche.resource_table_inst.rtram_sgpr_1_0": 1,
            "resource_table_ram_4$GPU.cta.cta_sche.resource_table_inst.rtram_vgpr_0_0": 1,
            "resource_table_ram_4$GPU.cta.cta_sche.resource_table_inst.rtram_vgpr_1_0": 1
         }
      },
      "\\allocator$GPU.cta.cta_sche.allocator_inst": {
         "num_wires":         1430,
         "num_wire_bits":     1953,
         "num_pub_wires":     90,
         "num_pub_wire_bits": 613,
         "num_ports":         52,
         "num_port_bits":     347,
         "num_memories":      0,
         "num_memory_bits":   0,
         "num_processes":     0,
         "num_cells":         1515,
         "num_submodules":       4,
         "area":              250.498980,
         "sequential_area":    99.435600,
         "num_cells_by_type": {
            "A2O1A1Ixp33_ASAP7_75t_R": 16,
            "A2O1A1O1Ixp25_ASAP7_75t_R": 8,
            "AND2x2_ASAP7_75t_R": 8,
            "AND3x1_ASAP7_75t_R": 1,
            "AO21x1_ASAP7_75t_R": 24,
            "AO221x1_ASAP7_75t_R": 2,
            "AO22x1_ASAP7_75t_R": 9,
            "AOI211xp5_ASAP7_75t_R": 12,
            "AOI21xp33_ASAP7_75t_R": 210,
            "AOI221xp5_ASAP7_75t_R": 2,
            "AOI222xp33_ASAP7_75t_R": 1,
            "AOI22xp33_ASAP7_75t_R": 9,
            "AOI31xp33_ASAP7_75t_R": 3,
            "DFFHQNx1_ASAP7_75t_R": 294,
            "INVx1_ASAP7_75t_R": 129,
            "MAJIxp5_ASAP7_75t_R": 9,
            "MAJx2_ASAP7_75t_R": 2,
            "NAND2xp33_ASAP7_75t_R": 139,
            "NAND3xp33_ASAP7_75t_R": 9,
            "NAND4xp25_ASAP7_75t_R": 5,
            "NAND5xp2_ASAP7_75t_R": 5,
            "NOR2xp33_ASAP7_75t_R": 145,
            "NOR3xp33_ASAP7_75t_R": 11,
            "NOR4xp25_ASAP7_75t_R": 3,
            "NOR5xp2_ASAP7_75t_R": 2,
            "O2A1O1Ixp33_ASAP7_75t_R": 99,
            "OA211x2_ASAP7_75t_R": 3,
            "OA21x2_ASAP7_75t_R": 15,
            "OA22x2_ASAP7_75t_R": 4,
            "OAI211xp5_ASAP7_75t_R": 22,
            "OAI21xp33_ASAP7_75t_R": 179,
            "OAI221xp5_ASAP7_75t_R": 12,
            "OAI22xp33_ASAP7_75t_R": 11,
            "OAI311xp33_ASAP7_75t_R": 2,
            "OAI31xp33_ASAP7_75t_R": 4,
            "OAI32xp33_ASAP7_75t_R": 4,
            "OR2x2_ASAP7_75t_R": 67,
            "OR3x1_ASAP7_75t_R": 4,
            "OR4x1_ASAP7_75t_R": 4,
            "OR5x1_ASAP7_75t_R": 3,
            "XNOR2xp5_ASAP7_75t_R": 15,
            "XOR2xp5_ASAP7_75t_R": 9,
            "Queue1_io_alloc2cuinterface$GPU.cta.cta_sche.allocator_inst.cuinterface_buf": 1,
            "rtcache_writer$GPU.cta.cta_sche.allocator_inst.writer_lds": 1,
            "rtcache_writer_1$GPU.cta.cta_sche.allocator_inst.writer_sgpr": 1,
            "rtcache_writer_2$GPU.cta.cta_sche.allocator_inst.writer_vgpr": 1
         }
      },
      "\\wg_buffer$GPU.cta.cta_sche.wg_buffer_inst": {
         "num_wires":         1154,
         "num_wire_bits":     2622,
         "num_pub_wires":     91,
         "num_pub_wire_bits": 1559,
         "num_ports":         47,
         "num_port_bits":     651,
         "num_memories":      0,
         "num_memory_bits":   0,
         "num_processes":     0,
         "num_cells":         1398,
         "num_submodules":       2,
         "area":              178.896600,
         "sequential_area":    100.310400,
         "num_cells_by_type": {
            "A2O1A1O1Ixp25_ASAP7_75t_R": 7,
            "AND3x1_ASAP7_75t_R": 1,
            "AO221x1_ASAP7_75t_R": 1,
            "AOI21xp33_ASAP7_75t_R": 2,
            "AOI311xp33_ASAP7_75t_R": 2,
            "AOI32xp33_ASAP7_75t_R": 2,
            "DFFHQNx1_ASAP7_75t_R": 338,
            "HB1xp67_ASAP7_75t_R": 8,
            "INVx1_ASAP7_75t_R": 340,
            "NAND2xp33_ASAP7_75t_R": 323,
            "NAND3xp33_ASAP7_75t_R": 3,
            "NAND4xp25_ASAP7_75t_R": 3,
            "NAND5xp2_ASAP7_75t_R": 6,
            "NOR2xp33_ASAP7_75t_R": 15,
            "NOR3xp33_ASAP7_75t_R": 5,
            "NOR4xp25_ASAP7_75t_R": 1,
            "NOR5xp2_ASAP7_75t_R": 2,
            "O2A1O1Ixp33_ASAP7_75t_R": 5,
            "OA211x2_ASAP7_75t_R": 1,
            "OA21x2_ASAP7_75t_R": 3,
            "OAI211xp5_ASAP7_75t_R": 3,
            "OAI21xp33_ASAP7_75t_R": 321,
            "OR2x2_ASAP7_75t_R": 2,
            "OR3x1_ASAP7_75t_R": 1,
            "OR4x1_ASAP7_75t_R": 1,
            "wgram1_8x77": 1,
            "wgram2_8x241": 1,
            "RRPriorityEncoder$GPU.cta.cta_sche.wg_buffer_inst.wgram1_rd_next_inst": 1,
            "RRPriorityEncoder$GPU.cta.cta_sche.wg_buffer_inst.wgram_wr_next_inst": 1
         }
      },
      "\\Arbiter1_TLBundleA_lite$GPU.cluster2L2Arbiter.memReqArb": {
         "num_wires":         20,
         "num_wire_bits":     2544,
         "num_pub_wires":     20,
         "num_pub_wire_bits": 2544,
         "num_ports":         20,
         "num_port_bits":     2544,
         "num_memories":      0,
         "num_memory_bits":   0,
         "num_processes":     0,
         "num_cells":         0,
         "num_submodules":       0,
         "num_cells_by_type": {

         }
      },
      "\\Arbiter1_TLBundleD_lite_plus$GPU.l2Distribute.memRspArb": {
         "num_wires":         12,
         "num_wire_bits":     2154,
         "num_pub_wires":     12,
         "num_pub_wire_bits": 2154,
         "num_ports":         12,
         "num_port_bits":     2154,
         "num_memories":      0,
         "num_memory_bits":   0,
         "num_processes":     0,
         "num_cells":         0,
         "num_submodules":       0,
         "num_cells_by_type": {

         }
      },
      "\\Queue2_TLBundleA_lite$GPU.SM2clusterArbiter.memReqBuf": {
         "num_wires":         42,
         "num_wire_bits":     3835,
         "num_pub_wires":     26,
         "num_pub_wire_bits": 3819,
         "num_ports":         22,
         "num_port_bits":     2546,
         "num_memories":      0,
         "num_memory_bits":   0,
         "num_processes":     0,
         "num_cells":         22,
         "num_submodules":       0,
         "area":              2.245320,
         "sequential_area":    0.874800,
         "num_cells_by_type": {
            "A2O1A1Ixp33_ASAP7_75t_R": 3,
            "AOI21xp33_ASAP7_75t_R": 2,
            "DFFHQNx1_ASAP7_75t_R": 3,
            "INVx1_ASAP7_75t_R": 6,
            "OA211x2_ASAP7_75t_R": 1,
            "OA21x2_ASAP7_75t_R": 1,
            "OAI211xp5_ASAP7_75t_R": 2,
            "OR2x2_ASAP7_75t_R": 2,
            "XOR2xp5_ASAP7_75t_R": 1,
            "ram_2x1270": 1
         }
      },
      "\\Arbiter2_TLBundleA_lite$GPU.SM2clusterArbiter.memReqArb": {
         "num_wires":         2571,
         "num_wire_bits":     6357,
         "num_pub_wires":     30,
         "num_pub_wire_bits": 3816,
         "num_ports":         30,
         "num_port_bits":     3816,
         "num_memories":      0,
         "num_memory_bits":   0,
         "num_processes":     0,
         "num_cells":         3813,
         "num_submodules":       0,
         "area":              222.388740,
         "sequential_area":    0.000000,
         "num_cells_by_type": {
            "INVx1_ASAP7_75t_R": 1271,
            "NAND2xp33_ASAP7_75t_R": 1270,
            "NOR2xp33_ASAP7_75t_R": 1,
            "OAI21xp33_ASAP7_75t_R": 1270,
            "OR2x2_ASAP7_75t_R": 1
         }
      },
      "\\Queue1_DirectoryResult_lite_victim$GPU.Scheduler.dir_result_buffer": {
         "num_wires":         3777,
         "num_wire_bits":     7605,
         "num_pub_wires":     41,
         "num_pub_wire_bits": 3869,
         "num_ports":         39,
         "num_port_bits":     2559,
         "num_memories":      0,
         "num_memory_bits":   0,
         "num_processes":     0,
         "num_cells":         4982,
         "num_submodules":       0,
         "area":              599.165100,
         "sequential_area":    363.042000,
         "num_cells_by_type": {
            "AND2x2_ASAP7_75t_R": 1,
            "DFFHQNx1_ASAP7_75t_R": 1245,
            "HB1xp67_ASAP7_75t_R": 1,
            "INVx1_ASAP7_75t_R": 1245,
            "NAND2xp33_ASAP7_75t_R": 1,
            "NAND3xp33_ASAP7_75t_R": 1244,
            "O2A1O1Ixp33_ASAP7_75t_R": 1,
            "OAI21xp33_ASAP7_75t_R": 1244
         }
      },
      "\\Queue8_FullRequest$GPU.Scheduler.write_buffer": {
         "num_wires":         2460,
         "num_wire_bits":     6068,
         "num_pub_wires":     27,
         "num_pub_wire_bits": 3635,
         "num_ports":         22,
         "num_port_bits":     2424,
         "num_memories":      0,
         "num_memory_bits":   0,
         "num_processes":     0,
         "num_cells":         3646,
         "num_submodules":       0,
         "area":              214.952940,
         "sequential_area":    2.041200,
         "num_cells_by_type": {
            "A2O1A1Ixp33_ASAP7_75t_R": 3,
            "AND2x2_ASAP7_75t_R": 3,
            "AOI21xp33_ASAP7_75t_R": 4,
            "AOI31xp33_ASAP7_75t_R": 2,
            "DFFHQNx1_ASAP7_75t_R": 7,
            "INVx1_ASAP7_75t_R": 1210,
            "NAND2xp33_ASAP7_75t_R": 1200,
            "NOR3xp33_ASAP7_75t_R": 1,
            "NOR4xp25_ASAP7_75t_R": 2,
            "O2A1O1Ixp33_ASAP7_75t_R": 1,
            "OA21x2_ASAP7_75t_R": 1,
            "OAI21xp33_ASAP7_75t_R": 1201,
            "OAI31xp33_ASAP7_75t_R": 2,
            "OR2x2_ASAP7_75t_R": 3,
            "OR3x1_ASAP7_75t_R": 1,
            "OR4x1_ASAP7_75t_R": 1,
            "XOR2xp5_ASAP7_75t_R": 3,
            "ram_8x1203": 1
         }
      },
      "\\MSHR_4$GPU.Scheduler.mshrs_31": {
         "num_wires":         9427,
         "num_wire_bits":     17936,
         "num_pub_wires":     53,
         "num_pub_wire_bits": 8562,
         "num_ports":         42,
         "num_port_bits":     6465,
         "num_memories":      0,
         "num_memory_bits":   0,
         "num_processes":     0,
         "num_cells":         11472,
         "num_submodules":       0,
         "area":              1248.383340,
         "sequential_area":    612.068400,
         "num_cells_by_type": {
            "A2O1A1Ixp33_ASAP7_75t_R": 1,
            "AOI211xp5_ASAP7_75t_R": 1025,
            "AOI21xp33_ASAP7_75t_R": 1025,
            "AOI221xp5_ASAP7_75t_R": 1,
            "DFFHQNx1_ASAP7_75t_R": 2099,
            "INVx1_ASAP7_75t_R": 3171,
            "NAND2xp33_ASAP7_75t_R": 3,
            "NOR2xp33_ASAP7_75t_R": 1026,
            "NOR4xp25_ASAP7_75t_R": 1,
            "O2A1O1Ixp33_ASAP7_75t_R": 1,
            "OAI21xp33_ASAP7_75t_R": 1024,
            "OAI22xp33_ASAP7_75t_R": 1071,
            "OAI32xp33_ASAP7_75t_R": 1024
         }
      },
      "\\MSHR_4$GPU.Scheduler.mshrs_30": {
         "num_wires":         9427,
         "num_wire_bits":     17936,
         "num_pub_wires":     53,
         "num_pub_wire_bits": 8562,
         "num_ports":         42,
         "num_port_bits":     6465,
         "num_memories":      0,
         "num_memory_bits":   0,
         "num_processes":     0,
         "num_cells":         11472,
         "num_submodules":       0,
         "area":              1248.383340,
         "sequential_area":    612.068400,
         "num_cells_by_type": {
            "A2O1A1Ixp33_ASAP7_75t_R": 1,
            "AOI211xp5_ASAP7_75t_R": 1025,
            "AOI21xp33_ASAP7_75t_R": 1025,
            "AOI221xp5_ASAP7_75t_R": 1,
            "DFFHQNx1_ASAP7_75t_R": 2099,
            "INVx1_ASAP7_75t_R": 3171,
            "NAND2xp33_ASAP7_75t_R": 3,
            "NOR2xp33_ASAP7_75t_R": 1026,
            "NOR4xp25_ASAP7_75t_R": 1,
            "O2A1O1Ixp33_ASAP7_75t_R": 1,
            "OAI21xp33_ASAP7_75t_R": 1024,
            "OAI22xp33_ASAP7_75t_R": 1071,
            "OAI32xp33_ASAP7_75t_R": 1024
         }
      },
      "\\MSHR_4$GPU.Scheduler.mshrs_29": {
         "num_wires":         9427,
         "num_wire_bits":     17936,
         "num_pub_wires":     53,
         "num_pub_wire_bits": 8562,
         "num_ports":         42,
         "num_port_bits":     6465,
         "num_memories":      0,
         "num_memory_bits":   0,
         "num_processes":     0,
         "num_cells":         11472,
         "num_submodules":       0,
         "area":              1248.383340,
         "sequential_area":    612.068400,
         "num_cells_by_type": {
            "A2O1A1Ixp33_ASAP7_75t_R": 1,
            "AOI211xp5_ASAP7_75t_R": 1025,
            "AOI21xp33_ASAP7_75t_R": 1025,
            "AOI221xp5_ASAP7_75t_R": 1,
            "DFFHQNx1_ASAP7_75t_R": 2099,
            "INVx1_ASAP7_75t_R": 3171,
            "NAND2xp33_ASAP7_75t_R": 3,
            "NOR2xp33_ASAP7_75t_R": 1026,
            "NOR4xp25_ASAP7_75t_R": 1,
            "O2A1O1Ixp33_ASAP7_75t_R": 1,
            "OAI21xp33_ASAP7_75t_R": 1024,
            "OAI22xp33_ASAP7_75t_R": 1071,
            "OAI32xp33_ASAP7_75t_R": 1024
         }
      },
      "\\MSHR_4$GPU.Scheduler.mshrs_28": {
         "num_wires":         9427,
         "num_wire_bits":     17936,
         "num_pub_wires":     53,
         "num_pub_wire_bits": 8562,
         "num_ports":         42,
         "num_port_bits":     6465,
         "num_memories":      0,
         "num_memory_bits":   0,
         "num_processes":     0,
         "num_cells":         11472,
         "num_submodules":       0,
         "area":              1248.383340,
         "sequential_area":    612.068400,
         "num_cells_by_type": {
            "A2O1A1Ixp33_ASAP7_75t_R": 1,
            "AOI211xp5_ASAP7_75t_R": 1025,
            "AOI21xp33_ASAP7_75t_R": 1025,
            "AOI221xp5_ASAP7_75t_R": 1,
            "DFFHQNx1_ASAP7_75t_R": 2099,
            "INVx1_ASAP7_75t_R": 3171,
            "NAND2xp33_ASAP7_75t_R": 3,
            "NOR2xp33_ASAP7_75t_R": 1026,
            "NOR4xp25_ASAP7_75t_R": 1,
            "O2A1O1Ixp33_ASAP7_75t_R": 1,
            "OAI21xp33_ASAP7_75t_R": 1024,
            "OAI22xp33_ASAP7_75t_R": 1071,
            "OAI32xp33_ASAP7_75t_R": 1024
         }
      },
      "\\MSHR_4$GPU.Scheduler.mshrs_27": {
         "num_wires":         9427,
         "num_wire_bits":     17936,
         "num_pub_wires":     53,
         "num_pub_wire_bits": 8562,
         "num_ports":         42,
         "num_port_bits":     6465,
         "num_memories":      0,
         "num_memory_bits":   0,
         "num_processes":     0,
         "num_cells":         11472,
         "num_submodules":       0,
         "area":              1248.383340,
         "sequential_area":    612.068400,
         "num_cells_by_type": {
            "A2O1A1Ixp33_ASAP7_75t_R": 1,
            "AOI211xp5_ASAP7_75t_R": 1025,
            "AOI21xp33_ASAP7_75t_R": 1025,
            "AOI221xp5_ASAP7_75t_R": 1,
            "DFFHQNx1_ASAP7_75t_R": 2099,
            "INVx1_ASAP7_75t_R": 3171,
            "NAND2xp33_ASAP7_75t_R": 3,
            "NOR2xp33_ASAP7_75t_R": 1026,
            "NOR4xp25_ASAP7_75t_R": 1,
            "O2A1O1Ixp33_ASAP7_75t_R": 1,
            "OAI21xp33_ASAP7_75t_R": 1024,
            "OAI22xp33_ASAP7_75t_R": 1071,
            "OAI32xp33_ASAP7_75t_R": 1024
         }
      },
      "\\MSHR_4$GPU.Scheduler.mshrs_26": {
         "num_wires":         9427,
         "num_wire_bits":     17936,
         "num_pub_wires":     53,
         "num_pub_wire_bits": 8562,
         "num_ports":         42,
         "num_port_bits":     6465,
         "num_memories":      0,
         "num_memory_bits":   0,
         "num_processes":     0,
         "num_cells":         11472,
         "num_submodules":       0,
         "area":              1248.383340,
         "sequential_area":    612.068400,
         "num_cells_by_type": {
            "A2O1A1Ixp33_ASAP7_75t_R": 1,
            "AOI211xp5_ASAP7_75t_R": 1025,
            "AOI21xp33_ASAP7_75t_R": 1025,
            "AOI221xp5_ASAP7_75t_R": 1,
            "DFFHQNx1_ASAP7_75t_R": 2099,
            "INVx1_ASAP7_75t_R": 3171,
            "NAND2xp33_ASAP7_75t_R": 3,
            "NOR2xp33_ASAP7_75t_R": 1026,
            "NOR4xp25_ASAP7_75t_R": 1,
            "O2A1O1Ixp33_ASAP7_75t_R": 1,
            "OAI21xp33_ASAP7_75t_R": 1024,
            "OAI22xp33_ASAP7_75t_R": 1071,
            "OAI32xp33_ASAP7_75t_R": 1024
         }
      },
      "\\MSHR_4$GPU.Scheduler.mshrs_25": {
         "num_wires":         9427,
         "num_wire_bits":     17936,
         "num_pub_wires":     53,
         "num_pub_wire_bits": 8562,
         "num_ports":         42,
         "num_port_bits":     6465,
         "num_memories":      0,
         "num_memory_bits":   0,
         "num_processes":     0,
         "num_cells":         11472,
         "num_submodules":       0,
         "area":              1248.383340,
         "sequential_area":    612.068400,
         "num_cells_by_type": {
            "A2O1A1Ixp33_ASAP7_75t_R": 1,
            "AOI211xp5_ASAP7_75t_R": 1025,
            "AOI21xp33_ASAP7_75t_R": 1025,
            "AOI221xp5_ASAP7_75t_R": 1,
            "DFFHQNx1_ASAP7_75t_R": 2099,
            "INVx1_ASAP7_75t_R": 3171,
            "NAND2xp33_ASAP7_75t_R": 3,
            "NOR2xp33_ASAP7_75t_R": 1026,
            "NOR4xp25_ASAP7_75t_R": 1,
            "O2A1O1Ixp33_ASAP7_75t_R": 1,
            "OAI21xp33_ASAP7_75t_R": 1024,
            "OAI22xp33_ASAP7_75t_R": 1071,
            "OAI32xp33_ASAP7_75t_R": 1024
         }
      },
      "\\MSHR_4$GPU.Scheduler.mshrs_24": {
         "num_wires":         9427,
         "num_wire_bits":     17936,
         "num_pub_wires":     53,
         "num_pub_wire_bits": 8562,
         "num_ports":         42,
         "num_port_bits":     6465,
         "num_memories":      0,
         "num_memory_bits":   0,
         "num_processes":     0,
         "num_cells":         11472,
         "num_submodules":       0,
         "area":              1248.383340,
         "sequential_area":    612.068400,
         "num_cells_by_type": {
            "A2O1A1Ixp33_ASAP7_75t_R": 1,
            "AOI211xp5_ASAP7_75t_R": 1025,
            "AOI21xp33_ASAP7_75t_R": 1025,
            "AOI221xp5_ASAP7_75t_R": 1,
            "DFFHQNx1_ASAP7_75t_R": 2099,
            "INVx1_ASAP7_75t_R": 3171,
            "NAND2xp33_ASAP7_75t_R": 3,
            "NOR2xp33_ASAP7_75t_R": 1026,
            "NOR4xp25_ASAP7_75t_R": 1,
            "O2A1O1Ixp33_ASAP7_75t_R": 1,
            "OAI21xp33_ASAP7_75t_R": 1024,
            "OAI22xp33_ASAP7_75t_R": 1071,
            "OAI32xp33_ASAP7_75t_R": 1024
         }
      },
      "\\MSHR_4$GPU.Scheduler.mshrs_23": {
         "num_wires":         9427,
         "num_wire_bits":     17936,
         "num_pub_wires":     53,
         "num_pub_wire_bits": 8562,
         "num_ports":         42,
         "num_port_bits":     6465,
         "num_memories":      0,
         "num_memory_bits":   0,
         "num_processes":     0,
         "num_cells":         11472,
         "num_submodules":       0,
         "area":              1248.383340,
         "sequential_area":    612.068400,
         "num_cells_by_type": {
            "A2O1A1Ixp33_ASAP7_75t_R": 1,
            "AOI211xp5_ASAP7_75t_R": 1025,
            "AOI21xp33_ASAP7_75t_R": 1025,
            "AOI221xp5_ASAP7_75t_R": 1,
            "DFFHQNx1_ASAP7_75t_R": 2099,
            "INVx1_ASAP7_75t_R": 3171,
            "NAND2xp33_ASAP7_75t_R": 3,
            "NOR2xp33_ASAP7_75t_R": 1026,
            "NOR4xp25_ASAP7_75t_R": 1,
            "O2A1O1Ixp33_ASAP7_75t_R": 1,
            "OAI21xp33_ASAP7_75t_R": 1024,
            "OAI22xp33_ASAP7_75t_R": 1071,
            "OAI32xp33_ASAP7_75t_R": 1024
         }
      },
      "\\MSHR_4$GPU.Scheduler.mshrs_22": {
         "num_wires":         9427,
         "num_wire_bits":     17936,
         "num_pub_wires":     53,
         "num_pub_wire_bits": 8562,
         "num_ports":         42,
         "num_port_bits":     6465,
         "num_memories":      0,
         "num_memory_bits":   0,
         "num_processes":     0,
         "num_cells":         11472,
         "num_submodules":       0,
         "area":              1248.383340,
         "sequential_area":    612.068400,
         "num_cells_by_type": {
            "A2O1A1Ixp33_ASAP7_75t_R": 1,
            "AOI211xp5_ASAP7_75t_R": 1025,
            "AOI21xp33_ASAP7_75t_R": 1025,
            "AOI221xp5_ASAP7_75t_R": 1,
            "DFFHQNx1_ASAP7_75t_R": 2099,
            "INVx1_ASAP7_75t_R": 3171,
            "NAND2xp33_ASAP7_75t_R": 3,
            "NOR2xp33_ASAP7_75t_R": 1026,
            "NOR4xp25_ASAP7_75t_R": 1,
            "O2A1O1Ixp33_ASAP7_75t_R": 1,
            "OAI21xp33_ASAP7_75t_R": 1024,
            "OAI22xp33_ASAP7_75t_R": 1071,
            "OAI32xp33_ASAP7_75t_R": 1024
         }
      },
      "\\MSHR_4$GPU.Scheduler.mshrs_21": {
         "num_wires":         9427,
         "num_wire_bits":     17936,
         "num_pub_wires":     53,
         "num_pub_wire_bits": 8562,
         "num_ports":         42,
         "num_port_bits":     6465,
         "num_memories":      0,
         "num_memory_bits":   0,
         "num_processes":     0,
         "num_cells":         11472,
         "num_submodules":       0,
         "area":              1248.383340,
         "sequential_area":    612.068400,
         "num_cells_by_type": {
            "A2O1A1Ixp33_ASAP7_75t_R": 1,
            "AOI211xp5_ASAP7_75t_R": 1025,
            "AOI21xp33_ASAP7_75t_R": 1025,
            "AOI221xp5_ASAP7_75t_R": 1,
            "DFFHQNx1_ASAP7_75t_R": 2099,
            "INVx1_ASAP7_75t_R": 3171,
            "NAND2xp33_ASAP7_75t_R": 3,
            "NOR2xp33_ASAP7_75t_R": 1026,
            "NOR4xp25_ASAP7_75t_R": 1,
            "O2A1O1Ixp33_ASAP7_75t_R": 1,
            "OAI21xp33_ASAP7_75t_R": 1024,
            "OAI22xp33_ASAP7_75t_R": 1071,
            "OAI32xp33_ASAP7_75t_R": 1024
         }
      },
      "\\MSHR_4$GPU.Scheduler.mshrs_20": {
         "num_wires":         9427,
         "num_wire_bits":     17936,
         "num_pub_wires":     53,
         "num_pub_wire_bits": 8562,
         "num_ports":         42,
         "num_port_bits":     6465,
         "num_memories":      0,
         "num_memory_bits":   0,
         "num_processes":     0,
         "num_cells":         11472,
         "num_submodules":       0,
         "area":              1248.383340,
         "sequential_area":    612.068400,
         "num_cells_by_type": {
            "A2O1A1Ixp33_ASAP7_75t_R": 1,
            "AOI211xp5_ASAP7_75t_R": 1025,
            "AOI21xp33_ASAP7_75t_R": 1025,
            "AOI221xp5_ASAP7_75t_R": 1,
            "DFFHQNx1_ASAP7_75t_R": 2099,
            "INVx1_ASAP7_75t_R": 3171,
            "NAND2xp33_ASAP7_75t_R": 3,
            "NOR2xp33_ASAP7_75t_R": 1026,
            "NOR4xp25_ASAP7_75t_R": 1,
            "O2A1O1Ixp33_ASAP7_75t_R": 1,
            "OAI21xp33_ASAP7_75t_R": 1024,
            "OAI22xp33_ASAP7_75t_R": 1071,
            "OAI32xp33_ASAP7_75t_R": 1024
         }
      },
      "\\MSHR_4$GPU.Scheduler.mshrs_19": {
         "num_wires":         9427,
         "num_wire_bits":     17936,
         "num_pub_wires":     53,
         "num_pub_wire_bits": 8562,
         "num_ports":         42,
         "num_port_bits":     6465,
         "num_memories":      0,
         "num_memory_bits":   0,
         "num_processes":     0,
         "num_cells":         11472,
         "num_submodules":       0,
         "area":              1248.383340,
         "sequential_area":    612.068400,
         "num_cells_by_type": {
            "A2O1A1Ixp33_ASAP7_75t_R": 1,
            "AOI211xp5_ASAP7_75t_R": 1025,
            "AOI21xp33_ASAP7_75t_R": 1025,
            "AOI221xp5_ASAP7_75t_R": 1,
            "DFFHQNx1_ASAP7_75t_R": 2099,
            "INVx1_ASAP7_75t_R": 3171,
            "NAND2xp33_ASAP7_75t_R": 3,
            "NOR2xp33_ASAP7_75t_R": 1026,
            "NOR4xp25_ASAP7_75t_R": 1,
            "O2A1O1Ixp33_ASAP7_75t_R": 1,
            "OAI21xp33_ASAP7_75t_R": 1024,
            "OAI22xp33_ASAP7_75t_R": 1071,
            "OAI32xp33_ASAP7_75t_R": 1024
         }
      },
      "\\MSHR_4$GPU.Scheduler.mshrs_18": {
         "num_wires":         9427,
         "num_wire_bits":     17936,
         "num_pub_wires":     53,
         "num_pub_wire_bits": 8562,
         "num_ports":         42,
         "num_port_bits":     6465,
         "num_memories":      0,
         "num_memory_bits":   0,
         "num_processes":     0,
         "num_cells":         11472,
         "num_submodules":       0,
         "area":              1248.383340,
         "sequential_area":    612.068400,
         "num_cells_by_type": {
            "A2O1A1Ixp33_ASAP7_75t_R": 1,
            "AOI211xp5_ASAP7_75t_R": 1025,
            "AOI21xp33_ASAP7_75t_R": 1025,
            "AOI221xp5_ASAP7_75t_R": 1,
            "DFFHQNx1_ASAP7_75t_R": 2099,
            "INVx1_ASAP7_75t_R": 3171,
            "NAND2xp33_ASAP7_75t_R": 3,
            "NOR2xp33_ASAP7_75t_R": 1026,
            "NOR4xp25_ASAP7_75t_R": 1,
            "O2A1O1Ixp33_ASAP7_75t_R": 1,
            "OAI21xp33_ASAP7_75t_R": 1024,
            "OAI22xp33_ASAP7_75t_R": 1071,
            "OAI32xp33_ASAP7_75t_R": 1024
         }
      },
      "\\MSHR_4$GPU.Scheduler.mshrs_17": {
         "num_wires":         9427,
         "num_wire_bits":     17936,
         "num_pub_wires":     53,
         "num_pub_wire_bits": 8562,
         "num_ports":         42,
         "num_port_bits":     6465,
         "num_memories":      0,
         "num_memory_bits":   0,
         "num_processes":     0,
         "num_cells":         11472,
         "num_submodules":       0,
         "area":              1248.383340,
         "sequential_area":    612.068400,
         "num_cells_by_type": {
            "A2O1A1Ixp33_ASAP7_75t_R": 1,
            "AOI211xp5_ASAP7_75t_R": 1025,
            "AOI21xp33_ASAP7_75t_R": 1025,
            "AOI221xp5_ASAP7_75t_R": 1,
            "DFFHQNx1_ASAP7_75t_R": 2099,
            "INVx1_ASAP7_75t_R": 3171,
            "NAND2xp33_ASAP7_75t_R": 3,
            "NOR2xp33_ASAP7_75t_R": 1026,
            "NOR4xp25_ASAP7_75t_R": 1,
            "O2A1O1Ixp33_ASAP7_75t_R": 1,
            "OAI21xp33_ASAP7_75t_R": 1024,
            "OAI22xp33_ASAP7_75t_R": 1071,
            "OAI32xp33_ASAP7_75t_R": 1024
         }
      },
      "\\MSHR_4$GPU.Scheduler.mshrs_16": {
         "num_wires":         9427,
         "num_wire_bits":     17936,
         "num_pub_wires":     53,
         "num_pub_wire_bits": 8562,
         "num_ports":         42,
         "num_port_bits":     6465,
         "num_memories":      0,
         "num_memory_bits":   0,
         "num_processes":     0,
         "num_cells":         11472,
         "num_submodules":       0,
         "area":              1248.383340,
         "sequential_area":    612.068400,
         "num_cells_by_type": {
            "A2O1A1Ixp33_ASAP7_75t_R": 1,
            "AOI211xp5_ASAP7_75t_R": 1025,
            "AOI21xp33_ASAP7_75t_R": 1025,
            "AOI221xp5_ASAP7_75t_R": 1,
            "DFFHQNx1_ASAP7_75t_R": 2099,
            "INVx1_ASAP7_75t_R": 3171,
            "NAND2xp33_ASAP7_75t_R": 3,
            "NOR2xp33_ASAP7_75t_R": 1026,
            "NOR4xp25_ASAP7_75t_R": 1,
            "O2A1O1Ixp33_ASAP7_75t_R": 1,
            "OAI21xp33_ASAP7_75t_R": 1024,
            "OAI22xp33_ASAP7_75t_R": 1071,
            "OAI32xp33_ASAP7_75t_R": 1024
         }
      },
      "\\MSHR_4$GPU.Scheduler.mshrs_15": {
         "num_wires":         9427,
         "num_wire_bits":     17936,
         "num_pub_wires":     53,
         "num_pub_wire_bits": 8562,
         "num_ports":         42,
         "num_port_bits":     6465,
         "num_memories":      0,
         "num_memory_bits":   0,
         "num_processes":     0,
         "num_cells":         11472,
         "num_submodules":       0,
         "area":              1248.383340,
         "sequential_area":    612.068400,
         "num_cells_by_type": {
            "A2O1A1Ixp33_ASAP7_75t_R": 1,
            "AOI211xp5_ASAP7_75t_R": 1025,
            "AOI21xp33_ASAP7_75t_R": 1025,
            "AOI221xp5_ASAP7_75t_R": 1,
            "DFFHQNx1_ASAP7_75t_R": 2099,
            "INVx1_ASAP7_75t_R": 3171,
            "NAND2xp33_ASAP7_75t_R": 3,
            "NOR2xp33_ASAP7_75t_R": 1026,
            "NOR4xp25_ASAP7_75t_R": 1,
            "O2A1O1Ixp33_ASAP7_75t_R": 1,
            "OAI21xp33_ASAP7_75t_R": 1024,
            "OAI22xp33_ASAP7_75t_R": 1071,
            "OAI32xp33_ASAP7_75t_R": 1024
         }
      },
      "\\MSHR_4$GPU.Scheduler.mshrs_14": {
         "num_wires":         9427,
         "num_wire_bits":     17936,
         "num_pub_wires":     53,
         "num_pub_wire_bits": 8562,
         "num_ports":         42,
         "num_port_bits":     6465,
         "num_memories":      0,
         "num_memory_bits":   0,
         "num_processes":     0,
         "num_cells":         11472,
         "num_submodules":       0,
         "area":              1248.383340,
         "sequential_area":    612.068400,
         "num_cells_by_type": {
            "A2O1A1Ixp33_ASAP7_75t_R": 1,
            "AOI211xp5_ASAP7_75t_R": 1025,
            "AOI21xp33_ASAP7_75t_R": 1025,
            "AOI221xp5_ASAP7_75t_R": 1,
            "DFFHQNx1_ASAP7_75t_R": 2099,
            "INVx1_ASAP7_75t_R": 3171,
            "NAND2xp33_ASAP7_75t_R": 3,
            "NOR2xp33_ASAP7_75t_R": 1026,
            "NOR4xp25_ASAP7_75t_R": 1,
            "O2A1O1Ixp33_ASAP7_75t_R": 1,
            "OAI21xp33_ASAP7_75t_R": 1024,
            "OAI22xp33_ASAP7_75t_R": 1071,
            "OAI32xp33_ASAP7_75t_R": 1024
         }
      },
      "\\MSHR_4$GPU.Scheduler.mshrs_13": {
         "num_wires":         9427,
         "num_wire_bits":     17936,
         "num_pub_wires":     53,
         "num_pub_wire_bits": 8562,
         "num_ports":         42,
         "num_port_bits":     6465,
         "num_memories":      0,
         "num_memory_bits":   0,
         "num_processes":     0,
         "num_cells":         11472,
         "num_submodules":       0,
         "area":              1248.383340,
         "sequential_area":    612.068400,
         "num_cells_by_type": {
            "A2O1A1Ixp33_ASAP7_75t_R": 1,
            "AOI211xp5_ASAP7_75t_R": 1025,
            "AOI21xp33_ASAP7_75t_R": 1025,
            "AOI221xp5_ASAP7_75t_R": 1,
            "DFFHQNx1_ASAP7_75t_R": 2099,
            "INVx1_ASAP7_75t_R": 3171,
            "NAND2xp33_ASAP7_75t_R": 3,
            "NOR2xp33_ASAP7_75t_R": 1026,
            "NOR4xp25_ASAP7_75t_R": 1,
            "O2A1O1Ixp33_ASAP7_75t_R": 1,
            "OAI21xp33_ASAP7_75t_R": 1024,
            "OAI22xp33_ASAP7_75t_R": 1071,
            "OAI32xp33_ASAP7_75t_R": 1024
         }
      },
      "\\MSHR_4$GPU.Scheduler.mshrs_12": {
         "num_wires":         9427,
         "num_wire_bits":     17936,
         "num_pub_wires":     53,
         "num_pub_wire_bits": 8562,
         "num_ports":         42,
         "num_port_bits":     6465,
         "num_memories":      0,
         "num_memory_bits":   0,
         "num_processes":     0,
         "num_cells":         11472,
         "num_submodules":       0,
         "area":              1248.383340,
         "sequential_area":    612.068400,
         "num_cells_by_type": {
            "A2O1A1Ixp33_ASAP7_75t_R": 1,
            "AOI211xp5_ASAP7_75t_R": 1025,
            "AOI21xp33_ASAP7_75t_R": 1025,
            "AOI221xp5_ASAP7_75t_R": 1,
            "DFFHQNx1_ASAP7_75t_R": 2099,
            "INVx1_ASAP7_75t_R": 3171,
            "NAND2xp33_ASAP7_75t_R": 3,
            "NOR2xp33_ASAP7_75t_R": 1026,
            "NOR4xp25_ASAP7_75t_R": 1,
            "O2A1O1Ixp33_ASAP7_75t_R": 1,
            "OAI21xp33_ASAP7_75t_R": 1024,
            "OAI22xp33_ASAP7_75t_R": 1071,
            "OAI32xp33_ASAP7_75t_R": 1024
         }
      },
      "\\MSHR_4$GPU.Scheduler.mshrs_11": {
         "num_wires":         9427,
         "num_wire_bits":     17936,
         "num_pub_wires":     53,
         "num_pub_wire_bits": 8562,
         "num_ports":         42,
         "num_port_bits":     6465,
         "num_memories":      0,
         "num_memory_bits":   0,
         "num_processes":     0,
         "num_cells":         11472,
         "num_submodules":       0,
         "area":              1248.383340,
         "sequential_area":    612.068400,
         "num_cells_by_type": {
            "A2O1A1Ixp33_ASAP7_75t_R": 1,
            "AOI211xp5_ASAP7_75t_R": 1025,
            "AOI21xp33_ASAP7_75t_R": 1025,
            "AOI221xp5_ASAP7_75t_R": 1,
            "DFFHQNx1_ASAP7_75t_R": 2099,
            "INVx1_ASAP7_75t_R": 3171,
            "NAND2xp33_ASAP7_75t_R": 3,
            "NOR2xp33_ASAP7_75t_R": 1026,
            "NOR4xp25_ASAP7_75t_R": 1,
            "O2A1O1Ixp33_ASAP7_75t_R": 1,
            "OAI21xp33_ASAP7_75t_R": 1024,
            "OAI22xp33_ASAP7_75t_R": 1071,
            "OAI32xp33_ASAP7_75t_R": 1024
         }
      },
      "\\MSHR_4$GPU.Scheduler.mshrs_10": {
         "num_wires":         9427,
         "num_wire_bits":     17936,
         "num_pub_wires":     53,
         "num_pub_wire_bits": 8562,
         "num_ports":         42,
         "num_port_bits":     6465,
         "num_memories":      0,
         "num_memory_bits":   0,
         "num_processes":     0,
         "num_cells":         11472,
         "num_submodules":       0,
         "area":              1248.383340,
         "sequential_area":    612.068400,
         "num_cells_by_type": {
            "A2O1A1Ixp33_ASAP7_75t_R": 1,
            "AOI211xp5_ASAP7_75t_R": 1025,
            "AOI21xp33_ASAP7_75t_R": 1025,
            "AOI221xp5_ASAP7_75t_R": 1,
            "DFFHQNx1_ASAP7_75t_R": 2099,
            "INVx1_ASAP7_75t_R": 3171,
            "NAND2xp33_ASAP7_75t_R": 3,
            "NOR2xp33_ASAP7_75t_R": 1026,
            "NOR4xp25_ASAP7_75t_R": 1,
            "O2A1O1Ixp33_ASAP7_75t_R": 1,
            "OAI21xp33_ASAP7_75t_R": 1024,
            "OAI22xp33_ASAP7_75t_R": 1071,
            "OAI32xp33_ASAP7_75t_R": 1024
         }
      },
      "\\MSHR_4$GPU.Scheduler.mshrs_9": {
         "num_wires":         9427,
         "num_wire_bits":     17936,
         "num_pub_wires":     53,
         "num_pub_wire_bits": 8562,
         "num_ports":         42,
         "num_port_bits":     6465,
         "num_memories":      0,
         "num_memory_bits":   0,
         "num_processes":     0,
         "num_cells":         11472,
         "num_submodules":       0,
         "area":              1248.383340,
         "sequential_area":    612.068400,
         "num_cells_by_type": {
            "A2O1A1Ixp33_ASAP7_75t_R": 1,
            "AOI211xp5_ASAP7_75t_R": 1025,
            "AOI21xp33_ASAP7_75t_R": 1025,
            "AOI221xp5_ASAP7_75t_R": 1,
            "DFFHQNx1_ASAP7_75t_R": 2099,
            "INVx1_ASAP7_75t_R": 3171,
            "NAND2xp33_ASAP7_75t_R": 3,
            "NOR2xp33_ASAP7_75t_R": 1026,
            "NOR4xp25_ASAP7_75t_R": 1,
            "O2A1O1Ixp33_ASAP7_75t_R": 1,
            "OAI21xp33_ASAP7_75t_R": 1024,
            "OAI22xp33_ASAP7_75t_R": 1071,
            "OAI32xp33_ASAP7_75t_R": 1024
         }
      },
      "\\MSHR_4$GPU.Scheduler.mshrs_8": {
         "num_wires":         9427,
         "num_wire_bits":     17936,
         "num_pub_wires":     53,
         "num_pub_wire_bits": 8562,
         "num_ports":         42,
         "num_port_bits":     6465,
         "num_memories":      0,
         "num_memory_bits":   0,
         "num_processes":     0,
         "num_cells":         11472,
         "num_submodules":       0,
         "area":              1248.383340,
         "sequential_area":    612.068400,
         "num_cells_by_type": {
            "A2O1A1Ixp33_ASAP7_75t_R": 1,
            "AOI211xp5_ASAP7_75t_R": 1025,
            "AOI21xp33_ASAP7_75t_R": 1025,
            "AOI221xp5_ASAP7_75t_R": 1,
            "DFFHQNx1_ASAP7_75t_R": 2099,
            "INVx1_ASAP7_75t_R": 3171,
            "NAND2xp33_ASAP7_75t_R": 3,
            "NOR2xp33_ASAP7_75t_R": 1026,
            "NOR4xp25_ASAP7_75t_R": 1,
            "O2A1O1Ixp33_ASAP7_75t_R": 1,
            "OAI21xp33_ASAP7_75t_R": 1024,
            "OAI22xp33_ASAP7_75t_R": 1071,
            "OAI32xp33_ASAP7_75t_R": 1024
         }
      },
      "\\MSHR_4$GPU.Scheduler.mshrs_7": {
         "num_wires":         9427,
         "num_wire_bits":     17936,
         "num_pub_wires":     53,
         "num_pub_wire_bits": 8562,
         "num_ports":         42,
         "num_port_bits":     6465,
         "num_memories":      0,
         "num_memory_bits":   0,
         "num_processes":     0,
         "num_cells":         11472,
         "num_submodules":       0,
         "area":              1248.383340,
         "sequential_area":    612.068400,
         "num_cells_by_type": {
            "A2O1A1Ixp33_ASAP7_75t_R": 1,
            "AOI211xp5_ASAP7_75t_R": 1025,
            "AOI21xp33_ASAP7_75t_R": 1025,
            "AOI221xp5_ASAP7_75t_R": 1,
            "DFFHQNx1_ASAP7_75t_R": 2099,
            "INVx1_ASAP7_75t_R": 3171,
            "NAND2xp33_ASAP7_75t_R": 3,
            "NOR2xp33_ASAP7_75t_R": 1026,
            "NOR4xp25_ASAP7_75t_R": 1,
            "O2A1O1Ixp33_ASAP7_75t_R": 1,
            "OAI21xp33_ASAP7_75t_R": 1024,
            "OAI22xp33_ASAP7_75t_R": 1071,
            "OAI32xp33_ASAP7_75t_R": 1024
         }
      },
      "\\MSHR_4$GPU.Scheduler.mshrs_6": {
         "num_wires":         9427,
         "num_wire_bits":     17936,
         "num_pub_wires":     53,
         "num_pub_wire_bits": 8562,
         "num_ports":         42,
         "num_port_bits":     6465,
         "num_memories":      0,
         "num_memory_bits":   0,
         "num_processes":     0,
         "num_cells":         11472,
         "num_submodules":       0,
         "area":              1248.383340,
         "sequential_area":    612.068400,
         "num_cells_by_type": {
            "A2O1A1Ixp33_ASAP7_75t_R": 1,
            "AOI211xp5_ASAP7_75t_R": 1025,
            "AOI21xp33_ASAP7_75t_R": 1025,
            "AOI221xp5_ASAP7_75t_R": 1,
            "DFFHQNx1_ASAP7_75t_R": 2099,
            "INVx1_ASAP7_75t_R": 3171,
            "NAND2xp33_ASAP7_75t_R": 3,
            "NOR2xp33_ASAP7_75t_R": 1026,
            "NOR4xp25_ASAP7_75t_R": 1,
            "O2A1O1Ixp33_ASAP7_75t_R": 1,
            "OAI21xp33_ASAP7_75t_R": 1024,
            "OAI22xp33_ASAP7_75t_R": 1071,
            "OAI32xp33_ASAP7_75t_R": 1024
         }
      },
      "\\MSHR_4$GPU.Scheduler.mshrs_5": {
         "num_wires":         9427,
         "num_wire_bits":     17936,
         "num_pub_wires":     53,
         "num_pub_wire_bits": 8562,
         "num_ports":         42,
         "num_port_bits":     6465,
         "num_memories":      0,
         "num_memory_bits":   0,
         "num_processes":     0,
         "num_cells":         11472,
         "num_submodules":       0,
         "area":              1248.383340,
         "sequential_area":    612.068400,
         "num_cells_by_type": {
            "A2O1A1Ixp33_ASAP7_75t_R": 1,
            "AOI211xp5_ASAP7_75t_R": 1025,
            "AOI21xp33_ASAP7_75t_R": 1025,
            "AOI221xp5_ASAP7_75t_R": 1,
            "DFFHQNx1_ASAP7_75t_R": 2099,
            "INVx1_ASAP7_75t_R": 3171,
            "NAND2xp33_ASAP7_75t_R": 3,
            "NOR2xp33_ASAP7_75t_R": 1026,
            "NOR4xp25_ASAP7_75t_R": 1,
            "O2A1O1Ixp33_ASAP7_75t_R": 1,
            "OAI21xp33_ASAP7_75t_R": 1024,
            "OAI22xp33_ASAP7_75t_R": 1071,
            "OAI32xp33_ASAP7_75t_R": 1024
         }
      },
      "\\MSHR_4$GPU.Scheduler.mshrs_4": {
         "num_wires":         9427,
         "num_wire_bits":     17936,
         "num_pub_wires":     53,
         "num_pub_wire_bits": 8562,
         "num_ports":         42,
         "num_port_bits":     6465,
         "num_memories":      0,
         "num_memory_bits":   0,
         "num_processes":     0,
         "num_cells":         11472,
         "num_submodules":       0,
         "area":              1248.383340,
         "sequential_area":    612.068400,
         "num_cells_by_type": {
            "A2O1A1Ixp33_ASAP7_75t_R": 1,
            "AOI211xp5_ASAP7_75t_R": 1025,
            "AOI21xp33_ASAP7_75t_R": 1025,
            "AOI221xp5_ASAP7_75t_R": 1,
            "DFFHQNx1_ASAP7_75t_R": 2099,
            "INVx1_ASAP7_75t_R": 3171,
            "NAND2xp33_ASAP7_75t_R": 3,
            "NOR2xp33_ASAP7_75t_R": 1026,
            "NOR4xp25_ASAP7_75t_R": 1,
            "O2A1O1Ixp33_ASAP7_75t_R": 1,
            "OAI21xp33_ASAP7_75t_R": 1024,
            "OAI22xp33_ASAP7_75t_R": 1071,
            "OAI32xp33_ASAP7_75t_R": 1024
         }
      },
      "\\MSHR_4$GPU.Scheduler.mshrs_3": {
         "num_wires":         9427,
         "num_wire_bits":     17936,
         "num_pub_wires":     53,
         "num_pub_wire_bits": 8562,
         "num_ports":         42,
         "num_port_bits":     6465,
         "num_memories":      0,
         "num_memory_bits":   0,
         "num_processes":     0,
         "num_cells":         11472,
         "num_submodules":       0,
         "area":              1248.383340,
         "sequential_area":    612.068400,
         "num_cells_by_type": {
            "A2O1A1Ixp33_ASAP7_75t_R": 1,
            "AOI211xp5_ASAP7_75t_R": 1025,
            "AOI21xp33_ASAP7_75t_R": 1025,
            "AOI221xp5_ASAP7_75t_R": 1,
            "DFFHQNx1_ASAP7_75t_R": 2099,
            "INVx1_ASAP7_75t_R": 3171,
            "NAND2xp33_ASAP7_75t_R": 3,
            "NOR2xp33_ASAP7_75t_R": 1026,
            "NOR4xp25_ASAP7_75t_R": 1,
            "O2A1O1Ixp33_ASAP7_75t_R": 1,
            "OAI21xp33_ASAP7_75t_R": 1024,
            "OAI22xp33_ASAP7_75t_R": 1071,
            "OAI32xp33_ASAP7_75t_R": 1024
         }
      },
      "\\MSHR_4$GPU.Scheduler.mshrs_2": {
         "num_wires":         9427,
         "num_wire_bits":     17936,
         "num_pub_wires":     53,
         "num_pub_wire_bits": 8562,
         "num_ports":         42,
         "num_port_bits":     6465,
         "num_memories":      0,
         "num_memory_bits":   0,
         "num_processes":     0,
         "num_cells":         11472,
         "num_submodules":       0,
         "area":              1248.383340,
         "sequential_area":    612.068400,
         "num_cells_by_type": {
            "A2O1A1Ixp33_ASAP7_75t_R": 1,
            "AOI211xp5_ASAP7_75t_R": 1025,
            "AOI21xp33_ASAP7_75t_R": 1025,
            "AOI221xp5_ASAP7_75t_R": 1,
            "DFFHQNx1_ASAP7_75t_R": 2099,
            "INVx1_ASAP7_75t_R": 3171,
            "NAND2xp33_ASAP7_75t_R": 3,
            "NOR2xp33_ASAP7_75t_R": 1026,
            "NOR4xp25_ASAP7_75t_R": 1,
            "O2A1O1Ixp33_ASAP7_75t_R": 1,
            "OAI21xp33_ASAP7_75t_R": 1024,
            "OAI22xp33_ASAP7_75t_R": 1071,
            "OAI32xp33_ASAP7_75t_R": 1024
         }
      },
      "\\MSHR_4$GPU.Scheduler.mshrs_1": {
         "num_wires":         9427,
         "num_wire_bits":     17936,
         "num_pub_wires":     53,
         "num_pub_wire_bits": 8562,
         "num_ports":         42,
         "num_port_bits":     6465,
         "num_memories":      0,
         "num_memory_bits":   0,
         "num_processes":     0,
         "num_cells":         11472,
         "num_submodules":       0,
         "area":              1248.383340,
         "sequential_area":    612.068400,
         "num_cells_by_type": {
            "A2O1A1Ixp33_ASAP7_75t_R": 1,
            "AOI211xp5_ASAP7_75t_R": 1025,
            "AOI21xp33_ASAP7_75t_R": 1025,
            "AOI221xp5_ASAP7_75t_R": 1,
            "DFFHQNx1_ASAP7_75t_R": 2099,
            "INVx1_ASAP7_75t_R": 3171,
            "NAND2xp33_ASAP7_75t_R": 3,
            "NOR2xp33_ASAP7_75t_R": 1026,
            "NOR4xp25_ASAP7_75t_R": 1,
            "O2A1O1Ixp33_ASAP7_75t_R": 1,
            "OAI21xp33_ASAP7_75t_R": 1024,
            "OAI22xp33_ASAP7_75t_R": 1071,
            "OAI32xp33_ASAP7_75t_R": 1024
         }
      },
      "\\MSHR_4$GPU.Scheduler.mshrs_0": {
         "num_wires":         9427,
         "num_wire_bits":     17936,
         "num_pub_wires":     53,
         "num_pub_wire_bits": 8562,
         "num_ports":         42,
         "num_port_bits":     6465,
         "num_memories":      0,
         "num_memory_bits":   0,
         "num_processes":     0,
         "num_cells":         11472,
         "num_submodules":       0,
         "area":              1248.383340,
         "sequential_area":    612.068400,
         "num_cells_by_type": {
            "A2O1A1Ixp33_ASAP7_75t_R": 1,
            "AOI211xp5_ASAP7_75t_R": 1025,
            "AOI21xp33_ASAP7_75t_R": 1025,
            "AOI221xp5_ASAP7_75t_R": 1,
            "DFFHQNx1_ASAP7_75t_R": 2099,
            "INVx1_ASAP7_75t_R": 3171,
            "NAND2xp33_ASAP7_75t_R": 3,
            "NOR2xp33_ASAP7_75t_R": 1026,
            "NOR4xp25_ASAP7_75t_R": 1,
            "O2A1O1Ixp33_ASAP7_75t_R": 1,
            "OAI21xp33_ASAP7_75t_R": 1024,
            "OAI22xp33_ASAP7_75t_R": 1071,
            "OAI32xp33_ASAP7_75t_R": 1024
         }
      },
      "\\ListBuffer_1$GPU.Scheduler.requests": {
         "num_wires":         507,
         "num_wire_bits":     4180,
         "num_pub_wires":     29,
         "num_pub_wire_bits": 3698,
         "num_ports":         18,
         "num_port_bits":     2399,
         "num_memories":      0,
         "num_memory_bits":   0,
         "num_processes":     0,
         "num_cells":         525,
         "num_submodules":       0,
         "area":              53.158680,
         "sequential_area":    18.662400,
         "num_cells_by_type": {
            "A2O1A1Ixp33_ASAP7_75t_R": 1,
            "A2O1A1O1Ixp25_ASAP7_75t_R": 11,
            "AND2x2_ASAP7_75t_R": 3,
            "AND3x1_ASAP7_75t_R": 13,
            "AND4x1_ASAP7_75t_R": 2,
            "AND5x1_ASAP7_75t_R": 1,
            "AO21x1_ASAP7_75t_R": 10,
            "AOI211xp5_ASAP7_75t_R": 12,
            "AOI21xp33_ASAP7_75t_R": 12,
            "AOI221xp5_ASAP7_75t_R": 3,
            "AOI22xp33_ASAP7_75t_R": 3,
            "AOI31xp33_ASAP7_75t_R": 13,
            "AOI32xp33_ASAP7_75t_R": 3,
            "DFFHQNx1_ASAP7_75t_R": 64,
            "INVx1_ASAP7_75t_R": 78,
            "NAND2xp33_ASAP7_75t_R": 37,
            "NAND3xp33_ASAP7_75t_R": 33,
            "NAND4xp25_ASAP7_75t_R": 17,
            "NAND5xp2_ASAP7_75t_R": 7,
            "NOR2xp33_ASAP7_75t_R": 45,
            "NOR3xp33_ASAP7_75t_R": 36,
            "NOR4xp25_ASAP7_75t_R": 15,
            "NOR5xp2_ASAP7_75t_R": 8,
            "O2A1O1Ixp33_ASAP7_75t_R": 37,
            "OA21x2_ASAP7_75t_R": 5,
            "OA31x2_ASAP7_75t_R": 1,
            "OAI21xp33_ASAP7_75t_R": 5,
            "OAI221xp5_ASAP7_75t_R": 3,
            "OAI22xp33_ASAP7_75t_R": 5,
            "OAI311xp33_ASAP7_75t_R": 2,
            "OAI31xp33_ASAP7_75t_R": 10,
            "OAI32xp33_ASAP7_75t_R": 1,
            "OR2x2_ASAP7_75t_R": 3,
            "OR3x1_ASAP7_75t_R": 2,
            "OR4x1_ASAP7_75t_R": 14,
            "OR5x1_ASAP7_75t_R": 2,
            "XNOR2xp5_ASAP7_75t_R": 1,
            "XOR2xp5_ASAP7_75t_R": 3,
            "data_32x1176": 1,
            "head_32x5": 1,
            "next_32x5": 1,
            "tail_32x5": 1
         }
      },
      "\\BankedStore$GPU.Scheduler.bankedStore": {
         "num_wires":         2215,
         "num_wire_bits":     7490,
         "num_pub_wires":     144,
         "num_pub_wire_bits": 5283,
         "num_ports":         15,
         "num_port_bits":     3235,
         "num_memories":      0,
         "num_memory_bits":   0,
         "num_processes":     0,
         "num_cells":         3232,
         "num_submodules":       1,
         "area":              3432.671460,
         "sequential_area":    2432.235600,
         "num_cells_by_type": {
            "INVx1_ASAP7_75t_R": 1035,
            "NAND2xp33_ASAP7_75t_R": 1034,
            "OAI21xp33_ASAP7_75t_R": 1034,
            "OR2x2_ASAP7_75t_R": 129,
            "SRAMTemplate_139$GPU.Scheduler.bankedStore.cc_banks": 1
         }
      },
      "\\Directory_test$GPU.Scheduler.directory": {
         "num_wires":         21769,
         "num_wire_bits":     25081,
         "num_pub_wires":     76,
         "num_pub_wire_bits": 3363,
         "num_ports":         45,
         "num_port_bits":     2641,
         "num_memories":      0,
         "num_memory_bits":   0,
         "num_processes":     0,
         "num_cells":         23044,
         "num_submodules":       1,
         "area":              2887.233660,
         "sequential_area":    1204.308000,
         "num_cells_by_type": {
            "A2O1A1Ixp33_ASAP7_75t_R": 751,
            "A2O1A1O1Ixp25_ASAP7_75t_R": 215,
            "AND2x2_ASAP7_75t_R": 166,
            "AND3x1_ASAP7_75t_R": 112,
            "AND4x1_ASAP7_75t_R": 401,
            "AND5x1_ASAP7_75t_R": 14,
            "AO21x1_ASAP7_75t_R": 437,
            "AO221x1_ASAP7_75t_R": 40,
            "AO222x2_ASAP7_75t_R": 6,
            "AO22x1_ASAP7_75t_R": 5,
            "AO31x2_ASAP7_75t_R": 1,
            "AO32x1_ASAP7_75t_R": 14,
            "AOI211xp5_ASAP7_75t_R": 597,
            "AOI21xp33_ASAP7_75t_R": 1082,
            "AOI221xp5_ASAP7_75t_R": 275,
            "AOI222xp33_ASAP7_75t_R": 2,
            "AOI22xp33_ASAP7_75t_R": 303,
            "AOI311xp33_ASAP7_75t_R": 12,
            "AOI31xp33_ASAP7_75t_R": 84,
            "AOI321xp33_ASAP7_75t_R": 404,
            "AOI32xp33_ASAP7_75t_R": 16,
            "DFFHQNx1_ASAP7_75t_R": 3485,
            "INVx1_ASAP7_75t_R": 1154,
            "NAND2xp33_ASAP7_75t_R": 3453,
            "NAND3xp33_ASAP7_75t_R": 1014,
            "NAND4xp25_ASAP7_75t_R": 106,
            "NAND5xp2_ASAP7_75t_R": 131,
            "NOR2xp33_ASAP7_75t_R": 2102,
            "NOR3xp33_ASAP7_75t_R": 556,
            "NOR4xp25_ASAP7_75t_R": 177,
            "NOR5xp2_ASAP7_75t_R": 64,
            "O2A1O1Ixp33_ASAP7_75t_R": 1975,
            "OA211x2_ASAP7_75t_R": 41,
            "OA21x2_ASAP7_75t_R": 111,
            "OA221x2_ASAP7_75t_R": 2,
            "OA31x2_ASAP7_75t_R": 1,
            "OA33x2_ASAP7_75t_R": 1,
            "OAI211xp5_ASAP7_75t_R": 777,
            "OAI21xp33_ASAP7_75t_R": 994,
            "OAI221xp5_ASAP7_75t_R": 95,
            "OAI222xp33_ASAP7_75t_R": 13,
            "OAI22xp33_ASAP7_75t_R": 712,
            "OAI311xp33_ASAP7_75t_R": 133,
            "OAI31xp33_ASAP7_75t_R": 160,
            "OAI321xp33_ASAP7_75t_R": 15,
            "OAI32xp33_ASAP7_75t_R": 220,
            "OAI33xp33_ASAP7_75t_R": 8,
            "OR2x2_ASAP7_75t_R": 66,
            "OR3x1_ASAP7_75t_R": 35,
            "OR4x1_ASAP7_75t_R": 160,
            "OR5x1_ASAP7_75t_R": 57,
            "XNOR2xp5_ASAP7_75t_R": 133,
            "XOR2xp5_ASAP7_75t_R": 156,
            "SRAMTemplate_138$GPU.Scheduler.directory.cc_dir": 1
         }
      },
      "\\SinkD$GPU.Scheduler.sinkD": {
         "num_wires":         1060,
         "num_wire_bits":     4180,
         "num_pub_wires":     14,
         "num_pub_wire_bits": 3134,
         "num_ports":         10,
         "num_port_bits":     2090,
         "num_memories":      0,
         "num_memory_bits":   0,
         "num_processes":     0,
         "num_cells":         2090,
         "num_submodules":       0,
         "area":              350.197020,
         "sequential_area":    304.430400,
         "num_cells_by_type": {
            "DFFHQNx1_ASAP7_75t_R": 1044,
            "INVx1_ASAP7_75t_R": 1045,
            "NOR2xp33_ASAP7_75t_R": 1
         }
      },
      "\\SinkA$GPU.Scheduler.sinkA": {
         "num_wires":         315,
         "num_wire_bits":     4061,
         "num_pub_wires":     34,
         "num_pub_wire_bits": 3780,
         "num_ports":         29,
         "num_port_bits":     3709,
         "num_memories":      0,
         "num_memory_bits":   0,
         "num_processes":     0,
         "num_cells":         289,
         "num_submodules":       1,
         "area":              83.835000,
         "sequential_area":    27.993600,
         "num_cells_by_type": {
            "A2O1A1Ixp33_ASAP7_75t_R": 2,
            "AND2x2_ASAP7_75t_R": 4,
            "AND3x1_ASAP7_75t_R": 6,
            "AND4x1_ASAP7_75t_R": 5,
            "AND5x1_ASAP7_75t_R": 1,
            "AO21x1_ASAP7_75t_R": 6,
            "AO221x1_ASAP7_75t_R": 1,
            "AO222x2_ASAP7_75t_R": 4,
            "AO32x1_ASAP7_75t_R": 15,
            "AOI211xp5_ASAP7_75t_R": 4,
            "AOI21xp33_ASAP7_75t_R": 6,
            "AOI221xp5_ASAP7_75t_R": 2,
            "AOI22xp33_ASAP7_75t_R": 3,
            "AOI311xp33_ASAP7_75t_R": 1,
            "AOI31xp33_ASAP7_75t_R": 4,
            "AOI321xp33_ASAP7_75t_R": 15,
            "AOI32xp33_ASAP7_75t_R": 17,
            "DFFHQNx1_ASAP7_75t_R": 32,
            "INVx1_ASAP7_75t_R": 16,
            "NAND2xp33_ASAP7_75t_R": 26,
            "NAND3xp33_ASAP7_75t_R": 21,
            "NAND4xp25_ASAP7_75t_R": 8,
            "NAND5xp2_ASAP7_75t_R": 3,
            "NOR2xp33_ASAP7_75t_R": 35,
            "NOR3xp33_ASAP7_75t_R": 13,
            "NOR4xp25_ASAP7_75t_R": 8,
            "NOR5xp2_ASAP7_75t_R": 7,
            "O2A1O1Ixp33_ASAP7_75t_R": 2,
            "OA21x2_ASAP7_75t_R": 1,
            "OAI211xp5_ASAP7_75t_R": 4,
            "OAI21xp33_ASAP7_75t_R": 3,
            "OAI22xp33_ASAP7_75t_R": 1,
            "OAI311xp33_ASAP7_75t_R": 1,
            "OAI31xp33_ASAP7_75t_R": 2,
            "OR2x2_ASAP7_75t_R": 2,
            "OR3x1_ASAP7_75t_R": 2,
            "OR4x1_ASAP7_75t_R": 4,
            "OR5x1_ASAP7_75t_R": 2,
            "ListBuffer$GPU.Scheduler.sinkA.putbuffer": 1
         }
      },
      "\\SourceD$GPU.Scheduler.sourceD": {
         "num_wires":         10569,
         "num_wire_bits":     18794,
         "num_pub_wires":     68,
         "num_pub_wire_bits": 7092,
         "num_ports":         52,
         "num_port_bits":     6883,
         "num_memories":      0,
         "num_memory_bits":   0,
         "num_processes":     0,
         "num_cells":         15118,
         "num_submodules":       0,
         "area":              1870.584840,
         "sequential_area":    1051.801200,
         "num_cells_by_type": {
            "A2O1A1Ixp33_ASAP7_75t_R": 3,
            "A2O1A1O1Ixp25_ASAP7_75t_R": 1,
            "AND2x2_ASAP7_75t_R": 2,
            "AND3x1_ASAP7_75t_R": 2,
            "AO21x1_ASAP7_75t_R": 1,
            "AOI211xp5_ASAP7_75t_R": 2373,
            "AOI21xp33_ASAP7_75t_R": 2380,
            "AOI221xp5_ASAP7_75t_R": 1,
            "AOI31xp33_ASAP7_75t_R": 3,
            "DFFHQNx1_ASAP7_75t_R": 3607,
            "HB1xp67_ASAP7_75t_R": 1,
            "INVx1_ASAP7_75t_R": 207,
            "NAND2xp33_ASAP7_75t_R": 2059,
            "NAND3xp33_ASAP7_75t_R": 9,
            "NAND4xp25_ASAP7_75t_R": 3,
            "NAND5xp2_ASAP7_75t_R": 2,
            "NOR2xp33_ASAP7_75t_R": 2381,
            "NOR3xp33_ASAP7_75t_R": 4,
            "NOR4xp25_ASAP7_75t_R": 1,
            "O2A1O1Ixp33_ASAP7_75t_R": 1028,
            "OA211x2_ASAP7_75t_R": 1,
            "OA21x2_ASAP7_75t_R": 3,
            "OAI211xp5_ASAP7_75t_R": 3,
            "OAI21xp33_ASAP7_75t_R": 1029,
            "OAI311xp33_ASAP7_75t_R": 2,
            "OAI31xp33_ASAP7_75t_R": 4,
            "OR2x2_ASAP7_75t_R": 2,
            "OR3x1_ASAP7_75t_R": 2,
            "OR4x1_ASAP7_75t_R": 4
         }
      },
      "\\SourceA$GPU.Scheduler.sourceA": {
         "num_wires":         16,
         "num_wire_bits":     2410,
         "num_pub_wires":     16,
         "num_pub_wire_bits": 2410,
         "num_ports":         16,
         "num_port_bits":     2410,
         "num_memories":      0,
         "num_memory_bits":   0,
         "num_processes":     0,
         "num_cells":         0,
         "num_submodules":       0,
         "num_cells_by_type": {

         }
      },
      "\\cta_scheduler_top$GPU.cta.cta_sche": {
         "num_wires":         141,
         "num_wire_bits":     1480,
         "num_pub_wires":     140,
         "num_pub_wire_bits": 1479,
         "num_ports":         59,
         "num_port_bits":     773,
         "num_memories":      0,
         "num_memory_bits":   0,
         "num_processes":     0,
         "num_cells":         2,
         "num_submodules":       4,
         "area":              2365.561260,
         "sequential_area":    1014.768000,
         "num_cells_by_type": {
            "AND2x2_ASAP7_75t_R": 2,
            "allocator$GPU.cta.cta_sche.allocator_inst": 1,
            "cu_interface$GPU.cta.cta_sche.cu_interface_inst": 1,
            "resource_table_top$GPU.cta.cta_sche.resource_table_inst": 1,
            "wg_buffer$GPU.cta.cta_sche.wg_buffer_inst": 1
         }
      },
      "\\cluster2L2Arbiter$GPU.cluster2L2Arbiter": {
         "num_wires":         32,
         "num_wire_bits":     4698,
         "num_pub_wires":     32,
         "num_pub_wire_bits": 4698,
         "num_ports":         32,
         "num_port_bits":     4698,
         "num_memories":      0,
         "num_memory_bits":   0,
         "num_processes":     0,
         "num_cells":         0,
         "num_submodules":       1,
         "num_cells_by_type": {
            "Arbiter1_TLBundleA_lite$GPU.cluster2L2Arbiter.memReqArb": 1
         }
      },
      "\\l2Distribute$GPU.l2Distribute": {
         "num_wires":         32,
         "num_wire_bits":     4698,
         "num_pub_wires":     32,
         "num_pub_wire_bits": 4698,
         "num_ports":         32,
         "num_port_bits":     4698,
         "num_memories":      0,
         "num_memory_bits":   0,
         "num_processes":     0,
         "num_cells":         0,
         "num_submodules":       1,
         "num_cells_by_type": {
            "Arbiter1_TLBundleD_lite_plus$GPU.l2Distribute.memRspArb": 1
         }
      },
      "\\SM2clusterArbiter$GPU.SM2clusterArbiter": {
         "num_wires":         249,
         "num_wire_bits":     8316,
         "num_pub_wires":     246,
         "num_pub_wire_bits": 8313,
         "num_ports":         236,
         "num_port_bits":     7041,
         "num_memories":      0,
         "num_memory_bits":   0,
         "num_processes":     0,
         "num_cells":         6,
         "num_submodules":       2,
         "area":              224.998560,
         "sequential_area":    0.874800,
         "num_cells_by_type": {
            "AND2x2_ASAP7_75t_R": 1,
            "INVx1_ASAP7_75t_R": 2,
            "NAND2xp33_ASAP7_75t_R": 1,
            "NOR2xp33_ASAP7_75t_R": 1,
            "OAI21xp33_ASAP7_75t_R": 1,
            "Arbiter2_TLBundleA_lite$GPU.SM2clusterArbiter.memReqArb": 1,
            "Queue2_TLBundleA_lite$GPU.SM2clusterArbiter.memReqBuf": 1
         }
      },
      "\\Scheduler$GPU.Scheduler": {
         "num_wires":         69634,
         "num_wire_bits":     226459,
         "num_pub_wires":     840,
         "num_pub_wire_bits": 120201,
         "num_ports":         29,
         "num_port_bits":     4600,
         "num_memories":      0,
         "num_memory_bits":   0,
         "num_processes":     0,
         "num_cells":         106308,
         "num_submodules":       41,
         "area":              59093.250300,
         "sequential_area":    25000.326000,
         "num_cells_by_type": {
            "A2O1A1Ixp33_ASAP7_75t_R": 162,
            "AND2x2_ASAP7_75t_R": 29736,
            "AND3x1_ASAP7_75t_R": 4362,
            "AND4x1_ASAP7_75t_R": 2555,
            "AND5x1_ASAP7_75t_R": 74,
            "AO21x1_ASAP7_75t_R": 668,
            "AO221x1_ASAP7_75t_R": 1,
            "AO222x2_ASAP7_75t_R": 585,
            "AO22x1_ASAP7_75t_R": 354,
            "AO32x1_ASAP7_75t_R": 2,
            "AO33x2_ASAP7_75t_R": 2,
            "AOI211xp5_ASAP7_75t_R": 723,
            "AOI21xp33_ASAP7_75t_R": 1631,
            "AOI221xp5_ASAP7_75t_R": 8212,
            "AOI222xp33_ASAP7_75t_R": 7599,
            "AOI22xp33_ASAP7_75t_R": 26855,
            "AOI311xp33_ASAP7_75t_R": 330,
            "AOI31xp33_ASAP7_75t_R": 360,
            "AOI32xp33_ASAP7_75t_R": 618,
            "AOI33xp33_ASAP7_75t_R": 3,
            "DFFHQNx1_ASAP7_75t_R": 33,
            "INVx1_ASAP7_75t_R": 2584,
            "NAND2xp33_ASAP7_75t_R": 4929,
            "NAND3xp33_ASAP7_75t_R": 4541,
            "NAND4xp25_ASAP7_75t_R": 1256,
            "NAND5xp2_ASAP7_75t_R": 3405,
            "NOR2xp33_ASAP7_75t_R": 775,
            "NOR3xp33_ASAP7_75t_R": 386,
            "NOR4xp25_ASAP7_75t_R": 176,
            "NOR5xp2_ASAP7_75t_R": 32,
            "O2A1O1Ixp33_ASAP7_75t_R": 70,
            "OA211x2_ASAP7_75t_R": 4,
            "OA21x2_ASAP7_75t_R": 13,
            "OA222x2_ASAP7_75t_R": 2,
            "OA22x2_ASAP7_75t_R": 6,
            "OA31x2_ASAP7_75t_R": 1,
            "OA33x2_ASAP7_75t_R": 3,
            "OAI211xp5_ASAP7_75t_R": 371,
            "OAI21xp33_ASAP7_75t_R": 2100,
            "OAI221xp5_ASAP7_75t_R": 120,
            "OAI222xp33_ASAP7_75t_R": 5,
            "OAI22xp33_ASAP7_75t_R": 201,
            "OAI311xp33_ASAP7_75t_R": 2,
            "OAI31xp33_ASAP7_75t_R": 11,
            "OAI32xp33_ASAP7_75t_R": 15,
            "OAI33xp33_ASAP7_75t_R": 10,
            "OR2x2_ASAP7_75t_R": 31,
            "OR3x1_ASAP7_75t_R": 13,
            "OR4x1_ASAP7_75t_R": 44,
            "OR5x1_ASAP7_75t_R": 8,
            "XNOR2xp5_ASAP7_75t_R": 211,
            "XOR2xp5_ASAP7_75t_R": 118,
            "BankedStore$GPU.Scheduler.bankedStore": 1,
            "Directory_test$GPU.Scheduler.directory": 1,
            "ListBuffer_1$GPU.Scheduler.requests": 1,
            "MSHR_4$GPU.Scheduler.mshrs_0": 1,
            "MSHR_4$GPU.Scheduler.mshrs_1": 1,
            "MSHR_4$GPU.Scheduler.mshrs_10": 1,
            "MSHR_4$GPU.Scheduler.mshrs_11": 1,
            "MSHR_4$GPU.Scheduler.mshrs_12": 1,
            "MSHR_4$GPU.Scheduler.mshrs_13": 1,
            "MSHR_4$GPU.Scheduler.mshrs_14": 1,
            "MSHR_4$GPU.Scheduler.mshrs_15": 1,
            "MSHR_4$GPU.Scheduler.mshrs_16": 1,
            "MSHR_4$GPU.Scheduler.mshrs_17": 1,
            "MSHR_4$GPU.Scheduler.mshrs_18": 1,
            "MSHR_4$GPU.Scheduler.mshrs_19": 1,
            "MSHR_4$GPU.Scheduler.mshrs_2": 1,
            "MSHR_4$GPU.Scheduler.mshrs_20": 1,
            "MSHR_4$GPU.Scheduler.mshrs_21": 1,
            "MSHR_4$GPU.Scheduler.mshrs_22": 1,
            "MSHR_4$GPU.Scheduler.mshrs_23": 1,
            "MSHR_4$GPU.Scheduler.mshrs_24": 1,
            "MSHR_4$GPU.Scheduler.mshrs_25": 1,
            "MSHR_4$GPU.Scheduler.mshrs_26": 1,
            "MSHR_4$GPU.Scheduler.mshrs_27": 1,
            "MSHR_4$GPU.Scheduler.mshrs_28": 1,
            "MSHR_4$GPU.Scheduler.mshrs_29": 1,
            "MSHR_4$GPU.Scheduler.mshrs_3": 1,
            "MSHR_4$GPU.Scheduler.mshrs_30": 1,
            "MSHR_4$GPU.Scheduler.mshrs_31": 1,
            "MSHR_4$GPU.Scheduler.mshrs_4": 1,
            "MSHR_4$GPU.Scheduler.mshrs_5": 1,
            "MSHR_4$GPU.Scheduler.mshrs_6": 1,
            "MSHR_4$GPU.Scheduler.mshrs_7": 1,
            "MSHR_4$GPU.Scheduler.mshrs_8": 1,
            "MSHR_4$GPU.Scheduler.mshrs_9": 1,
            "Queue1_DirectoryResult_lite_victim$GPU.Scheduler.dir_result_buffer": 1,
            "Queue8_FullRequest$GPU.Scheduler.write_buffer": 1,
            "SinkA$GPU.Scheduler.sinkA": 1,
            "SinkD$GPU.Scheduler.sinkD": 1,
            "SourceA$GPU.Scheduler.sourceA": 1,
            "SourceD$GPU.Scheduler.sourceD": 1
         }
      },
      "\\CTAinterface$GPU.cta": {
         "num_wires":         65,
         "num_wire_bits":     855,
         "num_pub_wires":     65,
         "num_pub_wire_bits": 855,
         "num_ports":         59,
         "num_port_bits":     779,
         "num_memories":      0,
         "num_memory_bits":   0,
         "num_processes":     0,
         "num_cells":         0,
         "num_submodules":       1,
         "area":              2365.561260,
         "sequential_area":    1014.768000,
         "num_cells_by_type": {
            "cta_scheduler_top$GPU.cta.cta_sche": 1
         }
      },
      "\\GPU": {
         "num_wires":         338,
         "num_wire_bits":     14822,
         "num_pub_wires":     338,
         "num_pub_wire_bits": 14822,
         "num_ports":         36,
         "num_port_bits":     2593,
         "num_memories":      0,
         "num_memory_bits":   0,
         "num_processes":     0,
         "num_cells":         2,
         "num_submodules":       5,
         "area":              61683.810120,
         "sequential_area":    26015.968800,
         "num_cells_by_type": {
            "SM_wrapper": 1,
            "SM_wrapper_1": 1,
            "CTAinterface$GPU.cta": 1,
            "SM2clusterArbiter$GPU.SM2clusterArbiter": 1,
            "Scheduler$GPU.Scheduler": 1,
            "cluster2L2Arbiter$GPU.cluster2L2Arbiter": 1,
            "l2Distribute$GPU.l2Distribute": 1
         }
      }
   },
      "design": {
         "num_wires":         461193,
         "num_wire_bits":     993236,
         "num_pub_wires":     6143,
         "num_pub_wire_bits": 498748,
         "num_ports":         3658,
         "num_port_bits":     284530,
         "num_memories":      0,
         "num_memory_bits":   0,
         "num_processes":     0,
         "num_cells":         576674,
         "num_submodules":       5,
         "area":              61683.810120,
         "sequential_area":    26015.968800,
         "num_cells_by_type": {
            "A2O1A1Ixp33_ASAP7_75t_R": 1493,
            "A2O1A1O1Ixp25_ASAP7_75t_R": 626,
            "AND2x2_ASAP7_75t_R": 30573,
            "AND3x1_ASAP7_75t_R": 4593,
            "AND4x1_ASAP7_75t_R": 3110,
            "AND5x1_ASAP7_75t_R": 99,
            "AO211x2_ASAP7_75t_R": 8,
            "AO21x1_ASAP7_75t_R": 1393,
            "AO221x1_ASAP7_75t_R": 49,
            "AO222x2_ASAP7_75t_R": 678,
            "AO22x1_ASAP7_75t_R": 379,
            "AO31x2_ASAP7_75t_R": 1,
            "AO32x1_ASAP7_75t_R": 40,
            "AO33x2_ASAP7_75t_R": 2,
            "AOI211xp5_ASAP7_75t_R": 36859,
            "AOI21xp33_ASAP7_75t_R": 39654,
            "AOI221xp5_ASAP7_75t_R": 8559,
            "AOI222xp33_ASAP7_75t_R": 7605,
            "AOI22xp33_ASAP7_75t_R": 27494,
            "AOI311xp33_ASAP7_75t_R": 557,
            "AOI31xp33_ASAP7_75t_R": 758,
            "AOI321xp33_ASAP7_75t_R": 424,
            "AOI32xp33_ASAP7_75t_R": 677,
            "AOI33xp33_ASAP7_75t_R": 5,
            "DFFHQNx1_ASAP7_75t_R": 89218,
            "HB1xp67_ASAP7_75t_R": 10,
            "INVx1_ASAP7_75t_R": 121986,
            "MAJIxp5_ASAP7_75t_R": 117,
            "MAJx2_ASAP7_75t_R": 33,
            "NAND2xp33_ASAP7_75t_R": 17624,
            "NAND3xp33_ASAP7_75t_R": 7166,
            "NAND4xp25_ASAP7_75t_R": 1967,
            "NAND5xp2_ASAP7_75t_R": 4439,
            "NOR2xp33_ASAP7_75t_R": 40283,
            "NOR3xp33_ASAP7_75t_R": 1215,
            "NOR4xp25_ASAP7_75t_R": 1278,
            "NOR5xp2_ASAP7_75t_R": 153,
            "O2A1O1Ixp33_ASAP7_75t_R": 3575,
            "OA211x2_ASAP7_75t_R": 133,
            "OA21x2_ASAP7_75t_R": 268,
            "OA221x2_ASAP7_75t_R": 2,
            "OA222x2_ASAP7_75t_R": 3,
            "OA22x2_ASAP7_75t_R": 13,
            "OA31x2_ASAP7_75t_R": 10,
            "OA33x2_ASAP7_75t_R": 6,
            "OAI211xp5_ASAP7_75t_R": 1568,
            "OAI21xp33_ASAP7_75t_R": 45775,
            "OAI221xp5_ASAP7_75t_R": 264,
            "OAI222xp33_ASAP7_75t_R": 100,
            "OAI22xp33_ASAP7_75t_R": 35314,
            "OAI311xp33_ASAP7_75t_R": 158,
            "OAI31xp33_ASAP7_75t_R": 1372,
            "OAI321xp33_ASAP7_75t_R": 17,
            "OAI32xp33_ASAP7_75t_R": 33067,
            "OAI33xp33_ASAP7_75t_R": 18,
            "OR2x2_ASAP7_75t_R": 1059,
            "OR3x1_ASAP7_75t_R": 337,
            "OR4x1_ASAP7_75t_R": 557,
            "OR5x1_ASAP7_75t_R": 81,
            "SM_wrapper": 1,
            "SM_wrapper_1": 1,
            "XNOR2xp5_ASAP7_75t_R": 1079,
            "XOR2xp5_ASAP7_75t_R": 729,
            "addr_8x10": 4,
            "addr_8x11": 4,
            "addr_8x17": 4,
            "array_1024x1024": 1,
            "array_64x304": 1,
            "data_32x1152": 1,
            "data_32x1176": 1,
            "head_32x5": 2,
            "mem_8x3": 12,
            "next_32x5": 2,
            "ram_2x1270": 1,
            "ram_2x257": 1,
            "ram_2x8": 1,
            "ram_8x1203": 1,
            "tail_32x5": 2,
            "wf_gather_cnt_16x4": 1,
            "wf_gather_ram_16x39": 1,
            "wgram1_8x77": 1,
            "wgram2_8x241": 1,
            "CTAinterface$GPU.cta": 1,
            "SM2clusterArbiter$GPU.SM2clusterArbiter": 1,
            "Scheduler$GPU.Scheduler": 1,
            "cluster2L2Arbiter$GPU.cluster2L2Arbiter": 1,
            "l2Distribute$GPU.l2Distribute": 1
         }
      }
}

11. Executing Verilog backend.

11.1. Executing BMUXMAP pass.

11.2. Executing DEMUXMAP pass.
Dumping module `\Arbiter1_TLBundleA_lite$GPU.cluster2L2Arbiter.memReqArb'.
Dumping module `\Arbiter1_TLBundleD_lite_plus$GPU.l2Distribute.memRspArb'.
Dumping module `\Arbiter2_TLBundleA_lite$GPU.SM2clusterArbiter.memReqArb'.
Dumping module `\BankedStore$GPU.Scheduler.bankedStore'.
Dumping module `\CTAinterface$GPU.cta'.
Dumping module `\DecoupledIO_1_to_3$GPU.cta.cta_sche.resource_table_inst.alloc_decoupledio'.
Dumping module `\DecoupledIO_1_to_3_1$GPU.cta.cta_sche.resource_table_inst.dealloc_decoupledio'.
Dumping module `\Directory_test$GPU.Scheduler.directory'.
Dumping module `\GPU'.
Dumping module `\ListBuffer$GPU.Scheduler.sinkA.putbuffer'.
Dumping module `\ListBuffer_1$GPU.Scheduler.requests'.
Dumping module `\MSHR_4$GPU.Scheduler.mshrs_0'.
Dumping module `\MSHR_4$GPU.Scheduler.mshrs_1'.
Dumping module `\MSHR_4$GPU.Scheduler.mshrs_10'.
Dumping module `\MSHR_4$GPU.Scheduler.mshrs_11'.
Dumping module `\MSHR_4$GPU.Scheduler.mshrs_12'.
Dumping module `\MSHR_4$GPU.Scheduler.mshrs_13'.
Dumping module `\MSHR_4$GPU.Scheduler.mshrs_14'.
Dumping module `\MSHR_4$GPU.Scheduler.mshrs_15'.
Dumping module `\MSHR_4$GPU.Scheduler.mshrs_16'.
Dumping module `\MSHR_4$GPU.Scheduler.mshrs_17'.
Dumping module `\MSHR_4$GPU.Scheduler.mshrs_18'.
Dumping module `\MSHR_4$GPU.Scheduler.mshrs_19'.
Dumping module `\MSHR_4$GPU.Scheduler.mshrs_2'.
Dumping module `\MSHR_4$GPU.Scheduler.mshrs_20'.
Dumping module `\MSHR_4$GPU.Scheduler.mshrs_21'.
Dumping module `\MSHR_4$GPU.Scheduler.mshrs_22'.
Dumping module `\MSHR_4$GPU.Scheduler.mshrs_23'.
Dumping module `\MSHR_4$GPU.Scheduler.mshrs_24'.
Dumping module `\MSHR_4$GPU.Scheduler.mshrs_25'.
Dumping module `\MSHR_4$GPU.Scheduler.mshrs_26'.
Dumping module `\MSHR_4$GPU.Scheduler.mshrs_27'.
Dumping module `\MSHR_4$GPU.Scheduler.mshrs_28'.
Dumping module `\MSHR_4$GPU.Scheduler.mshrs_29'.
Dumping module `\MSHR_4$GPU.Scheduler.mshrs_3'.
Dumping module `\MSHR_4$GPU.Scheduler.mshrs_30'.
Dumping module `\MSHR_4$GPU.Scheduler.mshrs_31'.
Dumping module `\MSHR_4$GPU.Scheduler.mshrs_4'.
Dumping module `\MSHR_4$GPU.Scheduler.mshrs_5'.
Dumping module `\MSHR_4$GPU.Scheduler.mshrs_6'.
Dumping module `\MSHR_4$GPU.Scheduler.mshrs_7'.
Dumping module `\MSHR_4$GPU.Scheduler.mshrs_8'.
Dumping module `\MSHR_4$GPU.Scheduler.mshrs_9'.
Dumping module `\Queue1_5_Anon$GPU.cta.cta_sche.resource_table_inst.baseaddr_lds_reg_q'.
Dumping module `\Queue1_5_Anon_1$GPU.cta.cta_sche.resource_table_inst.baseaddr_sgpr_reg_q'.
Dumping module `\Queue1_5_Anon_2$GPU.cta.cta_sche.resource_table_inst.baseaddr_vgpr_reg_q'.
Dumping module `\Queue1_DirectoryResult_lite_victim$GPU.Scheduler.dir_result_buffer'.
Dumping module `\Queue1_io_alloc2cuinterface$GPU.cta.cta_sche.allocator_inst.cuinterface_buf'.
Dumping module `\Queue2_TLBundleA_lite$GPU.SM2clusterArbiter.memReqBuf'.
Dumping module `\Queue2_cta_data$GPU.cta.cta_sche.cu_interface_inst.fifo'.
Dumping module `\Queue2_io_rt2dealloc$GPU.cta.cta_sche.resource_table_inst.slot_dealloc'.
Dumping module `\Queue8_FullRequest$GPU.Scheduler.write_buffer'.
Dumping module `\RRArbiter$GPU.cta.cta_sche.cu_interface_inst.arb_inst'.
Dumping module `\RRPriorityEncoder$GPU.cta.cta_sche.wg_buffer_inst.wgram1_rd_next_inst'.
Dumping module `\RRPriorityEncoder$GPU.cta.cta_sche.wg_buffer_inst.wgram_wr_next_inst'.
Dumping module `\SM2clusterArbiter$GPU.SM2clusterArbiter'.
Dumping module `\SRAMTemplate_138$GPU.Scheduler.directory.cc_dir'.
Dumping module `\SRAMTemplate_139$GPU.Scheduler.bankedStore.cc_banks'.
Dumping module `\Scheduler$GPU.Scheduler'.
Dumping module `\SinkA$GPU.Scheduler.sinkA'.
Dumping module `\SinkD$GPU.Scheduler.sinkD'.
Dumping module `\SourceA$GPU.Scheduler.sourceA'.
Dumping module `\SourceD$GPU.Scheduler.sourceD'.
Dumping module `\allocator$GPU.cta.cta_sche.allocator_inst'.
Dumping module `\cluster2L2Arbiter$GPU.cluster2L2Arbiter'.
Dumping module `\cta_scheduler_top$GPU.cta.cta_sche'.
Dumping module `\cu_interface$GPU.cta.cta_sche.cu_interface_inst'.
Dumping module `\l2Distribute$GPU.l2Distribute'.
Dumping module `\resource_table_handler$GPU.cta.cta_sche.resource_table_inst.handler_lds_0'.
Dumping module `\resource_table_handler$GPU.cta.cta_sche.resource_table_inst.handler_lds_1'.
Dumping module `\resource_table_handler_2$GPU.cta.cta_sche.resource_table_inst.handler_sgpr_0'.
Dumping module `\resource_table_handler_2$GPU.cta.cta_sche.resource_table_inst.handler_sgpr_1'.
Dumping module `\resource_table_handler_4$GPU.cta.cta_sche.resource_table_inst.handler_vgpr_0'.
Dumping module `\resource_table_handler_4$GPU.cta.cta_sche.resource_table_inst.handler_vgpr_1'.
Dumping module `\resource_table_ram$GPU.cta.cta_sche.resource_table_inst.rtram_lds_0_0'.
Dumping module `\resource_table_ram$GPU.cta.cta_sche.resource_table_inst.rtram_lds_1_0'.
Dumping module `\resource_table_ram_2$GPU.cta.cta_sche.resource_table_inst.rtram_sgpr_0_0'.
Dumping module `\resource_table_ram_2$GPU.cta.cta_sche.resource_table_inst.rtram_sgpr_1_0'.
Dumping module `\resource_table_ram_4$GPU.cta.cta_sche.resource_table_inst.rtram_vgpr_0_0'.
Dumping module `\resource_table_ram_4$GPU.cta.cta_sche.resource_table_inst.rtram_vgpr_1_0'.
Dumping module `\resource_table_top$GPU.cta.cta_sche.resource_table_inst'.
Dumping module `\rtcache_writer$GPU.cta.cta_sche.allocator_inst.writer_lds'.
Dumping module `\rtcache_writer_1$GPU.cta.cta_sche.allocator_inst.writer_sgpr'.
Dumping module `\rtcache_writer_2$GPU.cta.cta_sche.allocator_inst.writer_vgpr'.
Dumping module `\sort3$GPU.cta.cta_sche.resource_table_inst.handler_lds_0.result_tmp_inst'.
Dumping module `\sort3$GPU.cta.cta_sche.resource_table_inst.handler_lds_1.result_tmp_inst'.
Dumping module `\sort3_2$GPU.cta.cta_sche.resource_table_inst.handler_sgpr_0.result_tmp_inst'.
Dumping module `\sort3_2$GPU.cta.cta_sche.resource_table_inst.handler_sgpr_1.result_tmp_inst'.
Dumping module `\sort3_4$GPU.cta.cta_sche.resource_table_inst.handler_vgpr_0.result_tmp_inst'.
Dumping module `\sort3_4$GPU.cta.cta_sche.resource_table_inst.handler_vgpr_1.result_tmp_inst'.
Dumping module `\wg_buffer$GPU.cta.cta_sche.wg_buffer_inst'.

End of script. Logfile hash: c0c1329b6b, time: 532.98s, user: 153.63s, system: 5.09s, MEM: 1549.44 MB peak
Yosys 0.64+308 (git sha1 78e05dfb0, Release, Clang /usr/bin/clang++ 18.1.8)
Time spent: 78% 1x abc (437 sec), 6% 16x opt_clean (34 sec), ...
