[L1C] #     65 SM 0 CACHE 0 ADDR 80000000
[L1C] #     66 SM 1 CACHE 0 ADDR 80000000
sm   0 warp 0 0x80000000 0x00004197 x  3  80004000
sm   1 warp 0 0x80000000 0x00004197 x  3  80004000
sm   0 warp 1 0x80000000 0x00004197 x  3  80004000
sm   0 warp 0 0x80000004 0x80818193 x  3  80003808
sm   1 warp 1 0x80000000 0x00004197 x  3  80004000
sm   1 warp 0 0x80000004 0x80818193 x  3  80003808
sm   0 warp 0 0x80000008 0x02000e93 x 29  00000020
sm   0 warp 1 0x80000004 0x80818193 x  3  80003808
sm   0 warp 2 0x80000000 0x00004197 x  3  80004000
sm   1 warp 0 0x80000008 0x02000e93 x 29  00000020
sm   1 warp 1 0x80000004 0x80818193 x  3  80003808
sm   1 warp 2 0x80000000 0x00004197 x  3  80004000
sm   0 warp 0 0x8000000c 0x0d0efed7 x 29  00000020
sm   0 warp 1 0x80000008 0x02000e93 x 29  00000020
sm   0 warp 2 0x80000004 0x80818193 x  3  80003808
sm   1 warp 0 0x8000000c 0x0d0efed7 x 29  00000020
sm   0 warp 3 0x80000000 0x00004197 x  3  80004000
sm   1 warp 1 0x80000008 0x02000e93 x 29  00000020
sm   0 warp 0 0x80000010 0x00002eb7 x 29  00002000
sm   1 warp 2 0x80000004 0x80818193 x  3  80003808
sm   1 warp 3 0x80000000 0x00004197 x  3  80004000
sm   0 warp 1 0x8000000c 0x0d0efed7 x 29  00000020
sm   1 warp 0 0x80000010 0x00002eb7 x 29  00002000
sm   0 warp 2 0x80000008 0x02000e93 x 29  00000020
sm   0 warp 3 0x80000004 0x80818193 x  3  80003808
sm   1 warp 1 0x8000000c 0x0d0efed7 x 29  00000020
sm   0 warp 0 0x80000014 0x300eaef3 x 29  00001800
sm   1 warp 2 0x80000008 0x02000e93 x 29  00000020
sm   0 warp 1 0x80000010 0x00002eb7 x 29  00002000
sm   1 warp 3 0x80000004 0x80818193 x  3  80003808
sm   1 warp 0 0x80000014 0x300eaef3 x 29  00001800
sm   0 warp 2 0x8000000c 0x0d0efed7 x 29  00000020
sm   1 warp 1 0x80000010 0x00002eb7 x 29  00002000
sm   0 warp 0 0x80000018 0x00000e93 x 29  00000000
sm   1 warp 2 0x8000000c 0x0d0efed7 x 29  00000020
sm   0 warp 2 0x80000010 0x00002eb7 x 29  00002000
sm   0 warp 1 0x80000014 0x300eaef3 x 29  00001800
sm   1 warp 0 0x80000018 0x00000e93 x 29  00000000
sm   1 warp 2 0x80000010 0x00002eb7 x 29  00002000
sm   0 warp 0 0x8000001c 0x80502373 x  6  00000000
sm   1 warp 1 0x80000014 0x300eaef3 x 29  00001800
sm   0 warp 2 0x80000014 0x300eaef3 x 29  00001800
sm   1 warp 0 0x8000001c 0x80502373 x  6  00000000
sm   0 warp 1 0x80000018 0x00000e93 x 29  00000000
sm   0 warp 0 0x80000020 0x806023f3 x  7  70000000
sm   1 warp 2 0x80000014 0x300eaef3 x 29  00001800
sm   1 warp 1 0x80000018 0x00000e93 x 29  00000000
sm   1 warp 0 0x80000020 0x806023f3 x  7  70000000
sm   0 warp 1 0x8000001c 0x80502373 x  6  00000001
sm   0 warp 2 0x80000018 0x00000e93 x 29  00000000
sm   0 warp 0 0x80000024 0x40000e13 x 28  00000400
sm   1 warp 1 0x8000001c 0x80502373 x  6  00000001
sm   1 warp 2 0x80000018 0x00000e93 x 29  00000000
sm   0 warp 1 0x80000020 0x806023f3 x  7  70000000
sm   1 warp 0 0x80000024 0x40000e13 x 28  00000400
sm   0 warp 2 0x8000001c 0x80502373 x  6  00000002
sm   0 warp 3 0x80000008 0x02000e93 x 29  00000020
sm   1 warp 1 0x80000020 0x806023f3 x  7  70000000
sm   1 warp 2 0x8000001c 0x80502373 x  6  00000002
sm   0 warp 1 0x80000024 0x40000e13 x 28  00000400
sm   1 warp 3 0x80000008 0x02000e93 x 29  00000020
sm   0 warp 2 0x80000020 0x806023f3 x  7  70000000
sm   0 warp 0 0x80000028 0x03c30333 x  6  00000000
sm   1 warp 1 0x80000024 0x40000e13 x 28  00000400
sm   0 warp 3 0x8000000c 0x0d0efed7 x 29  00000020
sm   1 warp 2 0x80000020 0x806023f3 x  7  70000000
sm   1 warp 0 0x80000028 0x03c30333 x  6  00000000
sm   0 warp 2 0x80000024 0x40000e13 x 28  00000400
sm   1 warp 3 0x8000000c 0x0d0efed7 x 29  00000020
sm   0 warp 0 0x8000002c 0x00730133 x  2  70000000
sm   1 warp 2 0x80000024 0x40000e13 x 28  00000400
sm   0 warp 3 0x80000010 0x00002eb7 x 29  00002000
sm   0 warp 1 0x80000028 0x03c30333 x  6  00000400
sm   1 warp 0 0x8000002c 0x00730133 x  2  70000000
sm   1 warp 3 0x80000010 0x00002eb7 x 29  00002000
sm   0 warp 0 0x80000030 0x00000213 x  4  00000000
sm   1 warp 1 0x80000028 0x03c30333 x  6  00000400
sm   0 warp 2 0x80000028 0x03c30333 x  6  00000800
sm   0 warp 3 0x80000014 0x300eaef3 x 29  00001800
sm   1 warp 0 0x80000030 0x00000213 x  4  00000000
sm   0 warp 1 0x8000002c 0x00730133 x  2  70000400
sm   1 warp 2 0x80000028 0x03c30333 x  6  00000800
sm   0 warp 0 0x80000034 0x80102f73 x 30  00000004
sm   1 warp 3 0x80000014 0x300eaef3 x 29  00001800
sm   1 warp 1 0x8000002c 0x00730133 x  2  70000400
sm   0 warp 2 0x8000002c 0x00730133 x  2  70000800
sm   1 warp 0 0x80000034 0x80102f73 x 30  00000004
sm   0 warp 3 0x80000018 0x00000e93 x 29  00000000
sm   0 warp 0 0x80000038 0x40000e13 x 28  00000400
sm   1 warp 2 0x8000002c 0x00730133 x  2  70000800
sm   0 warp 1 0x80000030 0x00000213 x  4  00000000
sm   1 warp 3 0x80000018 0x00000e93 x 29  00000000
sm   0 warp 2 0x80000030 0x00000213 x  4  00000000
sm   1 warp 0 0x80000038 0x40000e13 x 28  00000400
sm   0 warp 3 0x8000001c 0x80502373 x  6  00000003
sm   1 warp 1 0x80000030 0x00000213 x  4  00000000
sm   1 warp 2 0x80000030 0x00000213 x  4  00000000
sm   0 warp 1 0x80000034 0x80102f73 x 30  00000004
sm   1 warp 3 0x8000001c 0x80502373 x  6  00000003
sm   0 warp 2 0x80000034 0x80102f73 x 30  00000004
sm   0 warp 4 0x80000000 0x00004197 x  3  80004000
sm   1 warp 1 0x80000034 0x80102f73 x 30  00000004
sm   0 warp 3 0x80000020 0x806023f3 x  7  70000000
sm   1 warp 2 0x80000034 0x80102f73 x 30  00000004
sm   0 warp 0 0x8000003c 0x03cf0f33 x 30  00001000
sm   1 warp 4 0x80000000 0x00004197 x  3  80004000
sm   0 warp 1 0x80000038 0x40000e13 x 28  00000400
sm   1 warp 3 0x80000020 0x806023f3 x  7  70000000
sm   0 warp 2 0x80000038 0x40000e13 x 28  00000400
sm   1 warp 0 0x8000003c 0x03cf0f33 x 30  00001000
sm   0 warp 3 0x80000024 0x40000e13 x 28  00000400
sm   1 warp 1 0x80000038 0x40000e13 x 28  00000400
sm   0 warp 4 0x80000004 0x80818193 x  3  80003808
sm   1 warp 2 0x80000038 0x40000e13 x 28  00000400
sm   0 warp 0 0x80000040 0x01e38433 x  8  70001000
sm   1 warp 3 0x80000024 0x40000e13 x 28  00000400
sm   1 warp 4 0x80000004 0x80818193 x  3  80003808
sm   0 warp 0 0x80000044 0x00003517 x 10  80003044
sm   1 warp 0 0x80000040 0x01e38433 x  8  70001000
sm   0 warp 1 0x8000003c 0x03cf0f33 x 30  00001000
sm   0 warp 2 0x8000003c 0x03cf0f33 x 30  00001000
sm   1 warp 0 0x80000044 0x00003517 x 10  80003044
sm   0 warp 3 0x80000028 0x03c30333 x  6  00000c00
sm   1 warp 1 0x8000003c 0x03cf0f33 x 30  00001000
sm   1 warp 2 0x8000003c 0x03cf0f33 x 30  00001000
sm   0 warp 0 0x80000048 0xfc450513 x 10  80003008
sm   1 warp 3 0x80000028 0x03c30333 x  6  00000c00
sm   0 warp 1 0x80000040 0x01e38433 x  8  70001000
sm   0 warp 2 0x80000040 0x01e38433 x  8  70001000
sm   1 warp 0 0x80000048 0xfc450513 x 10  80003008
sm   0 warp 3 0x8000002c 0x00730133 x  2  70000c00
sm   1 warp 1 0x80000040 0x01e38433 x  8  70001000
sm   0 warp 0 0x8000004c 0x00003617 x 12  8000304c
sm   1 warp 2 0x80000040 0x01e38433 x  8  70001000
sm   0 warp 1 0x80000044 0x00003517 x 10  80003044
sm   1 warp 3 0x8000002c 0x00730133 x  2  70000c00
sm   0 warp 2 0x80000044 0x00003517 x 10  80003044
sm   1 warp 0 0x8000004c 0x00003617 x 12  8000304c
sm   0 warp 3 0x80000030 0x00000213 x  4  00000000
sm   1 warp 1 0x80000044 0x00003517 x 10  80003044
sm   1 warp 2 0x80000044 0x00003517 x 10  80003044
sm   0 warp 0 0x80000050 0xfbc60613 x 12  80003008
sm   1 warp 3 0x80000030 0x00000213 x  4  00000000
sm   0 warp 1 0x80000048 0xfc450513 x 10  80003008
sm   0 warp 2 0x80000048 0xfc450513 x 10  80003008
sm   1 warp 0 0x80000050 0xfbc60613 x 12  80003008
sm   0 warp 3 0x80000034 0x80102f73 x 30  00000004
sm   1 warp 1 0x80000048 0xfc450513 x 10  80003008
sm   0 warp 1 0x8000004c 0x00003617 x 12  8000304c
sm   1 warp 2 0x80000048 0xfc450513 x 10  80003008
sm   0 warp 2 0x8000004c 0x00003617 x 12  8000304c
sm   1 warp 3 0x80000034 0x80102f73 x 30  00000004
sm   1 warp 1 0x8000004c 0x00003617 x 12  8000304c
sm   0 warp 0 0x80000054 0x00c50863 Jump? 1  80000064
sm   1 warp 2 0x8000004c 0x00003617 x 12  8000304c
sm   0 warp 3 0x80000038 0x40000e13 x 28  00000400
sm   1 warp 0 0x80000054 0x00c50863 Jump? 1  80000064
sm   0 warp 1 0x80000050 0xfbc60613 x 12  80003008
sm   0 warp 2 0x80000050 0xfbc60613 x 12  80003008
sm   1 warp 3 0x80000038 0x40000e13 x 28  00000400
sm   1 warp 1 0x80000050 0xfbc60613 x 12  80003008
sm   1 warp 2 0x80000050 0xfbc60613 x 12  80003008
[L1C] #    196 SM 0 CACHE 0 ADDR 80000080
sm   0 warp 1 0x80000054 0x00c50863 Jump? 1  80000064
sm   0 warp 2 0x80000054 0x00c50863 Jump? 1  80000064
sm   0 warp 3 0x8000003c 0x03cf0f33 x 30  00001000
[L1C] #    198 SM 1 CACHE 0 ADDR 80000080
sm   0 warp 0 0x80000064 0x803022f3 x  5  90404000
sm   1 warp 1 0x80000054 0x00c50863 Jump? 1  80000064
sm   1 warp 3 0x8000003c 0x03cf0f33 x 30  00001000
sm   1 warp 2 0x80000054 0x00c50863 Jump? 1  80000064
sm   1 warp 0 0x80000064 0x803022f3 x  5  90404000
sm   0 warp 3 0x80000040 0x01e38433 x  8  70001000
sm   1 warp 3 0x80000040 0x01e38433 x  8  70001000
sm   0 warp 0 0x80000068 0x0002a303 lsu.r x   6 op 0 @ 90404000+00000000
sm   0 warp 3 0x80000044 0x00003517 x 10  80003044
sm   0 warp 1 0x80000064 0x803022f3 x  5  90404000
sm   1 warp 0 0x80000068 0x0002a303 lsu.r x   6 op 0 @ 90404000+00000000
sm   1 warp 3 0x80000044 0x00003517 x 10  80003044
sm   1 warp 1 0x80000064 0x803022f3 x  5  90404000
sm   0 warp 3 0x80000048 0xfc450513 x 10  80003008
sm   0 warp 3 0x8000004c 0x00003617 x 12  8000304c
sm   1 warp 3 0x80000048 0xfc450513 x 10  80003008
sm   1 warp 3 0x8000004c 0x00003617 x 12  8000304c
sm   0 warp 2 0x80000064 0x803022f3 x  5  90404000
sm   1 warp 2 0x80000064 0x803022f3 x  5  90404000
sm   0 warp 3 0x80000050 0xfbc60613 x 12  80003008
sm   1 warp 3 0x80000050 0xfbc60613 x 12  80003008
sm   0 warp 4 0x80000008 0x02000e93 x 29  00000020
sm   0 warp 3 0x80000054 0x00c50863 Jump? 1  80000064
sm   1 warp 4 0x80000008 0x02000e93 x 29  00000020
sm   0 warp 5 0x80000000 0x00004197 x  3  80004000
sm   1 warp 3 0x80000054 0x00c50863 Jump? 1  80000064
sm   0 warp 4 0x8000000c 0x0d0efed7 x 29  00000020
sm   1 warp 5 0x80000000 0x00004197 x  3  80004000
sm   1 warp 4 0x8000000c 0x0d0efed7 x 29  00000020
sm   0 warp 4 0x80000010 0x00002eb7 x 29  00002000
sm   0 warp 5 0x80000004 0x80818193 x  3  80003808
sm   1 warp 4 0x80000010 0x00002eb7 x 29  00002000
sm   0 warp 3 0x80000064 0x803022f3 x  5  90404000
sm   1 warp 5 0x80000004 0x80818193 x  3  80003808
sm   0 warp 4 0x80000014 0x300eaef3 x 29  00001800
sm   1 warp 3 0x80000064 0x803022f3 x  5  90404000
sm   0 warp 5 0x80000008 0x02000e93 x 29  00000020
sm   1 warp 4 0x80000014 0x300eaef3 x 29  00001800
sm   1 warp 5 0x80000008 0x02000e93 x 29  00000020
sm   0 warp 4 0x80000018 0x00000e93 x 29  00000000
sm   0 warp 5 0x8000000c 0x0d0efed7 x 29  00000020
sm   1 warp 4 0x80000018 0x00000e93 x 29  00000000
sm   1 warp 5 0x8000000c 0x0d0efed7 x 29  00000020
sm   0 warp 4 0x8000001c 0x80502373 x  6  00000000
sm   0 warp 5 0x80000010 0x00002eb7 x 29  00002000
sm   0 warp 6 0x80000000 0x00004197 x  3  80004000
sm   1 warp 4 0x8000001c 0x80502373 x  6  00000000
sm   1 warp 5 0x80000010 0x00002eb7 x 29  00002000
sm   1 warp 6 0x80000000 0x00004197 x  3  80004000
sm   0 warp 0 0x8000006c 0x0042a503 lsu.r x  10 op 0 @ 90404000+00000004
sm   1 warp 0 0x8000006c 0x0042a503 lsu.r x  10 op 0 @ 90404000+00000004
sm   0 warp 4 0x80000020 0x806023f3 x  7  70001000
[L1C] #    260 SM 0 CACHE 1 ADDR 90404000
sm   0 warp 5 0x80000014 0x300eaef3 x 29  00001800
[L1C] #    261 SM 1 CACHE 1 ADDR 90404000
sm   0 warp 6 0x80000004 0x80818193 x  3  80003808
sm   1 warp 4 0x80000020 0x806023f3 x  7  70001000
sm   0 warp 0 0x80000070 0x0302a383 lsu.r x   7 op 0 @ 90404000+00000030
sm   1 warp 0 0x80000070 0x0302a383 lsu.r x   7 op 0 @ 90404000+00000030
sm   1 warp 5 0x80000014 0x300eaef3 x 29  00001800
sm   0 warp 4 0x80000024 0x40000e13 x 28  00000400
sm   1 warp 6 0x80000004 0x80818193 x  3  80003808
sm   0 warp 5 0x80000018 0x00000e93 x 29  00000000
sm   1 warp 4 0x80000024 0x40000e13 x 28  00000400
sm   0 warp 6 0x80000008 0x02000e93 x 29  00000020
sm   1 warp 5 0x80000018 0x00000e93 x 29  00000000
sm   1 warp 6 0x80000008 0x02000e93 x 29  00000020
sm   0 warp 5 0x8000001c 0x80502373 x  6  00000001
sm   0 warp 6 0x8000000c 0x0d0efed7 x 29  00000020
sm   1 warp 5 0x8000001c 0x80502373 x  6  00000001
sm   0 warp 5 0x80000020 0x806023f3 x  7  70001000
sm   1 warp 6 0x8000000c 0x0d0efed7 x 29  00000020
sm   0 warp 6 0x80000010 0x00002eb7 x 29  00002000
sm   1 warp 5 0x80000020 0x806023f3 x  7  70001000
sm   1 warp 6 0x80000010 0x00002eb7 x 29  00002000
sm   0 warp 5 0x80000024 0x40000e13 x 28  00000400
sm   0 warp 2 0x80000068 0x0002a303 lsu.r x   6 op 0 @ 90404000+00000000
sm   0 warp 6 0x80000014 0x300eaef3 x 29  00001800
sm   1 warp 5 0x80000024 0x40000e13 x 28  00000400
sm   0 warp 0 0x80000068 0x0002a303 x  6  800000b8
sm   1 warp 2 0x80000068 0x0002a303 lsu.r x   6 op 0 @ 90404000+00000000
sm   0 warp 0 0x8000006c 0x0042a503 x 10  90003000
sm   1 warp 6 0x80000014 0x300eaef3 x 29  00001800
sm   0 warp 4 0x80000028 0x03c30333 x  6  00000000
sm   1 warp 0 0x80000068 0x0002a303 x  6  800000b8
sm   1 warp 0 0x8000006c 0x0042a503 x 10  90003000
sm   0 warp 3 0x80000068 0x0002a303 lsu.r x   6 op 0 @ 90404000+00000000
sm   0 warp 6 0x80000018 0x00000e93 x 29  00000000
sm   1 warp 4 0x80000028 0x03c30333 x  6  00000000
sm   1 warp 3 0x80000068 0x0002a303 lsu.r x   6 op 0 @ 90404000+00000000
sm   0 warp 0 0x80000070 0x0302a383 x  7  00000000
sm   1 warp 6 0x80000018 0x00000e93 x 29  00000000
sm   0 warp 4 0x8000002c 0x00730133 x  2  70001000
sm   0 warp 0 0x80000078 0x00003e97 x 29  80003078
sm   1 warp 0 0x80000070 0x0302a383 x  7  00000000
sm   0 warp 1 0x80000068 0x0002a303 lsu.r x   6 op 0 @ 90404000+00000000
sm   0 warp 6 0x8000001c 0x80502373 x  6  00000002
sm   1 warp 4 0x8000002c 0x00730133 x  2  70001000
sm   0 warp 3 0x80000068 0x0002a303 x  6  800000b8
sm   1 warp 0 0x80000078 0x00003e97 x 29  80003078
sm   1 warp 1 0x80000068 0x0002a303 lsu.r x   6 op 0 @ 90404000+00000000
sm   0 warp 4 0x80000030 0x00000213 x  4  00000000
sm   1 warp 6 0x8000001c 0x80502373 x  6  00000002
sm   1 warp 3 0x80000068 0x0002a303 x  6  800000b8
sm   0 warp 0 0x80000074 0x0342ae03 lsu.r x  28 op 0 @ 90404000+00000034
sm   0 warp 6 0x80000020 0x806023f3 x  7  70001000
sm   1 warp 4 0x80000030 0x00000213 x  4  00000000
sm   0 warp 0 0x8000007c 0xf88e8e93 x 29  80003000
sm   1 warp 0 0x80000074 0x0342ae03 lsu.r x  28 op 0 @ 90404000+00000034
sm   0 warp 4 0x80000034 0x80102f73 x 30  00000004
sm   1 warp 6 0x80000020 0x806023f3 x  7  70001000
sm   0 warp 2 0x8000006c 0x0042a503 lsu.r x  10 op 0 @ 90404000+00000004
sm   0 warp 0 0x80000080 0x00003f17 x 30  80003080
sm   1 warp 0 0x8000007c 0xf88e8e93 x 29  80003000
sm   0 warp 6 0x80000024 0x40000e13 x 28  00000400
sm   1 warp 4 0x80000034 0x80102f73 x 30  00000004
sm   1 warp 2 0x8000006c 0x0042a503 lsu.r x  10 op 0 @ 90404000+00000004
sm   0 warp 5 0x80000028 0x03c30333 x  6  00000400
sm   1 warp 0 0x80000080 0x00003f17 x 30  80003080
sm   0 warp 3 0x8000006c 0x0042a503 lsu.r x  10 op 0 @ 90404000+00000004
sm   0 warp 4 0x80000038 0x40000e13 x 28  00000400
sm   1 warp 6 0x80000024 0x40000e13 x 28  00000400
sm   1 warp 5 0x80000028 0x03c30333 x  6  00000400
sm   1 warp 3 0x8000006c 0x0042a503 lsu.r x  10 op 0 @ 90404000+00000004
sm   0 warp 0 0x80000084 0xf84f0f13 x 30  80003004
sm   1 warp 4 0x80000038 0x40000e13 x 28  00000400
sm   0 warp 1 0x8000006c 0x0042a503 lsu.r x  10 op 0 @ 90404000+00000004
sm   0 warp 5 0x8000002c 0x00730133 x  2  70001400
sm   1 warp 0 0x80000084 0xf84f0f13 x 30  80003004
sm   1 warp 1 0x8000006c 0x0042a503 lsu.r x  10 op 0 @ 90404000+00000004
sm   0 warp 0 0x80000074 0x0342ae03 x 28  00000000
sm   1 warp 5 0x8000002c 0x00730133 x  2  70001400
sm   0 warp 1 0x80000068 0x0002a303 x  6  800000b8
sm   0 warp 5 0x80000030 0x00000213 x  4  00000000
sm   1 warp 0 0x80000074 0x0342ae03 x 28  00000000
sm   1 warp 1 0x80000068 0x0002a303 x  6  800000b8
sm   0 warp 2 0x80000070 0x0302a383 lsu.r x   7 op 0 @ 90404000+00000030
sm   1 warp 5 0x80000030 0x00000213 x  4  00000000
sm   0 warp 2 0x8000006c 0x0042a503 x 10  90003000
sm   1 warp 2 0x80000070 0x0302a383 lsu.r x   7 op 0 @ 90404000+00000030
sm   0 warp 2 0x80000068 0x0002a303 x  6  800000b8
sm   0 warp 3 0x8000006c 0x0042a503 x 10  90003000
sm   1 warp 2 0x8000006c 0x0042a503 x 10  90003000
sm   0 warp 1 0x8000006c 0x0042a503 x 10  90003000
sm   1 warp 2 0x80000068 0x0002a303 x  6  800000b8
sm   0 warp 5 0x80000034 0x80102f73 x 30  00000004
sm   1 warp 3 0x8000006c 0x0042a503 x 10  90003000
sm   0 warp 5 0x80000038 0x40000e13 x 28  00000400
sm   1 warp 1 0x8000006c 0x0042a503 x 10  90003000
sm   0 warp 3 0x80000070 0x0302a383 lsu.r x   7 op 0 @ 90404000+00000030
sm   1 warp 5 0x80000034 0x80102f73 x 30  00000004
sm   0 warp 2 0x80000070 0x0302a383 x  7  00000000
sm   1 warp 5 0x80000038 0x40000e13 x 28  00000400
sm   1 warp 3 0x80000070 0x0302a383 lsu.r x   7 op 0 @ 90404000+00000030
sm   1 warp 2 0x80000070 0x0302a383 x  7  00000000
sm   0 warp 1 0x80000070 0x0302a383 lsu.r x   7 op 0 @ 90404000+00000030
sm   0 warp 2 0x80000078 0x00003e97 x 29  80003078
sm   0 warp 7 0x80000000 0x00004197 x  3  80004000
sm   1 warp 1 0x80000070 0x0302a383 lsu.r x   7 op 0 @ 90404000+00000030
sm   0 warp 4 0x8000003c 0x03cf0f33 x 30  00001000
sm   1 warp 2 0x80000078 0x00003e97 x 29  80003078
sm   0 warp 2 0x80000074 0x0342ae03 lsu.r x  28 op 0 @ 90404000+00000034
sm   0 warp 3 0x80000070 0x0302a383 x  7  00000000
sm   1 warp 7 0x80000000 0x00004197 x  3  80004000
sm   0 warp 6 0x80000028 0x03c30333 x  6  00000800
sm   1 warp 4 0x8000003c 0x03cf0f33 x 30  00001000
sm   1 warp 2 0x80000074 0x0342ae03 lsu.r x  28 op 0 @ 90404000+00000034
sm   0 warp 2 0x8000007c 0xf88e8e93 x 29  80003000
sm   1 warp 3 0x80000070 0x0302a383 x  7  00000000
sm   0 warp 0 0x80000088 0x007ea023 lsu.w x   7 op 0 00000000 @ 80003000+00000000
sm   1 warp 6 0x80000028 0x03c30333 x  6  00000800
sm   0 warp 7 0x80000004 0x80818193 x  3  80003808
sm   1 warp 2 0x8000007c 0xf88e8e93 x 29  80003000
sm   1 warp 0 0x80000088 0x007ea023 lsu.w x   7 op 0 00000000 @ 80003000+00000000
sm   0 warp 2 0x80000080 0x00003f17 x 30  80003080
sm   0 warp 3 0x80000074 0x0342ae03 lsu.r x  28 op 0 @ 90404000+00000034
sm   0 warp 4 0x80000040 0x01e38433 x  8  70002000
sm   1 warp 7 0x80000004 0x80818193 x  3  80003808
[L1C] #    330 SM 0 CACHE 1 ADDR 80003000
sm   0 warp 3 0x80000078 0x00003e97 x 29  80003078
sm   1 warp 2 0x80000080 0x00003f17 x 30  80003080
sm   1 warp 3 0x80000074 0x0342ae03 lsu.r x  28 op 0 @ 90404000+00000034
sm   0 warp 1 0x80000078 0x00003e97 x 29  80003078
sm   1 warp 4 0x80000040 0x01e38433 x  8  70002000
sm   0 warp 1 0x80000074 0x0342ae03 lsu.r x  28 op 0 @ 90404000+00000034
[L1C] #    332 SM 1 CACHE 1 ADDR 80003000
sm   0 warp 6 0x8000002c 0x00730133 x  2  70001800
sm   1 warp 3 0x80000078 0x00003e97 x 29  80003078
sm   0 warp 7 0x80000008 0x02000e93 x 29  00000020
sm   1 warp 1 0x80000078 0x00003e97 x 29  80003078
sm   1 warp 1 0x80000074 0x0342ae03 lsu.r x  28 op 0 @ 90404000+00000034
sm   0 warp 4 0x80000044 0x00003517 x 10  80003044
sm   1 warp 6 0x8000002c 0x00730133 x  2  70001800
sm   0 warp 0 0x8000008c 0x01cf2023 lsu.w x  28 op 0 00000000 @ 80003004+00000000
sm   0 warp 3 0x8000007c 0xf88e8e93 x 29  80003000
sm   1 warp 7 0x80000008 0x02000e93 x 29  00000020
sm   0 warp 2 0x80000084 0xf84f0f13 x 30  80003004
sm   1 warp 4 0x80000044 0x00003517 x 10  80003044
sm   1 warp 0 0x8000008c 0x01cf2023 lsu.w x  28 op 0 00000000 @ 80003004+00000000
sm   0 warp 6 0x80000030 0x00000213 x  4  00000000
sm   1 warp 3 0x8000007c 0xf88e8e93 x 29  80003000
sm   0 warp 7 0x8000000c 0x0d0efed7 x 29  00000020
sm   1 warp 2 0x80000084 0xf84f0f13 x 30  80003004
sm   0 warp 3 0x80000080 0x00003f17 x 30  80003080
[L1C] #    339 SM 0 CACHE 1 ADDR 80003000
sm   1 warp 6 0x80000030 0x00000213 x  4  00000000
sm   0 warp 0 0x80000090 0x00000f97 x 31  80000090
sm   1 warp 7 0x8000000c 0x0d0efed7 x 29  00000020
[L1C] #    341 SM 1 CACHE 1 ADDR 80003000
sm   0 warp 1 0x8000007c 0xf88e8e93 x 29  80003000
sm   1 warp 3 0x80000080 0x00003f17 x 30  80003080
sm   0 warp 2 0x80000088 0x007ea023 lsu.w x   7 op 0 00000000 @ 80003000+00000000
sm   0 warp 4 0x80000048 0xfc450513 x 10  80003008
sm   1 warp 0 0x80000090 0x00000f97 x 31  80000090
sm   0 warp 6 0x80000034 0x80102f73 x 30  00000004
sm   1 warp 1 0x8000007c 0xf88e8e93 x 29  80003000
sm   1 warp 2 0x80000088 0x007ea023 lsu.w x   7 op 0 00000000 @ 80003000+00000000
sm   0 warp 7 0x80000010 0x00002eb7 x 29  00002000
sm   1 warp 4 0x80000048 0xfc450513 x 10  80003008
sm   0 warp 0 0x80000094 0x018f8f93 x 31  800000a8
sm   1 warp 6 0x80000034 0x80102f73 x 30  00000004
sm   0 warp 1 0x80000080 0x00003f17 x 30  80003080
sm   1 warp 7 0x80000010 0x00002eb7 x 29  00002000
sm   0 warp 3 0x80000084 0xf84f0f13 x 30  80003004
sm   1 warp 0 0x80000094 0x018f8f93 x 31  800000a8
sm   0 warp 4 0x8000004c 0x00003617 x 12  8000304c
sm   1 warp 1 0x80000080 0x00003f17 x 30  80003080
sm   0 warp 6 0x80000038 0x40000e13 x 28  00000400
sm   1 warp 3 0x80000084 0xf84f0f13 x 30  80003004
[L1C] #    350 SM 0 CACHE 1 ADDR 80003000
sm   0 warp 7 0x80000014 0x300eaef3 x 29  00001800
sm   1 warp 4 0x8000004c 0x00003617 x 12  8000304c
sm   0 warp 1 0x80000070 0x0302a383 x  7  00000000
sm   1 warp 6 0x80000038 0x40000e13 x 28  00000400
[L1C] #    352 SM 1 CACHE 1 ADDR 80003000
sm   0 warp 1 0x80000084 0xf84f0f13 x 30  80003004
sm   1 warp 7 0x80000014 0x300eaef3 x 29  00001800
sm   0 warp 0 0x80000088 0x007ea023 lsu.w finish
sm   0 warp 4 0x80000050 0xfbc60613 x 12  80003008
sm   1 warp 1 0x80000070 0x0302a383 x  7  00000000
sm   0 warp 0 0x80000098 0x305f9073 x  0  00000000
sm   1 warp 1 0x80000084 0xf84f0f13 x 30  80003004
sm   0 warp 3 0x80000088 0x007ea023 lsu.w x   7 op 0 00000000 @ 80003000+00000000
sm   1 warp 0 0x80000088 0x007ea023 lsu.w finish
sm   0 warp 7 0x80000018 0x00000e93 x 29  00000000
sm   1 warp 4 0x80000050 0xfbc60613 x 12  80003008
sm   0 warp 0 0x8000009c 0x000300e7 x  1  800000a0
sm   1 warp 0 0x80000098 0x305f9073 x  0  00000000
sm   1 warp 3 0x80000088 0x007ea023 lsu.w x   7 op 0 00000000 @ 80003000+00000000
sm   0 warp 0 0x8000009c 0x000300e7 Jump? 1  800000b8
sm   0 warp 5 0x8000003c 0x03cf0f33 x 30  00001000
sm   1 warp 7 0x80000018 0x00000e93 x 29  00000000
sm   0 warp 4 0x80000054 0x00c50863 Jump? 1  80000064
sm   0 warp 2 0x80000074 0x0342ae03 x 28  00000000
sm   1 warp 0 0x8000009c 0x000300e7 x  1  800000a0
sm   0 warp 3 0x80000074 0x0342ae03 x 28  00000000
sm   1 warp 5 0x8000003c 0x03cf0f33 x 30  00001000
sm   1 warp 0 0x8000009c 0x000300e7 Jump? 1  800000b8
sm   0 warp 1 0x80000074 0x0342ae03 x 28  00000000
sm   1 warp 2 0x80000074 0x0342ae03 x 28  00000000
sm   1 warp 4 0x80000054 0x00c50863 Jump? 1  80000064
sm   0 warp 7 0x8000001c 0x80502373 x  6  00000003
sm   1 warp 3 0x80000074 0x0342ae03 x 28  00000000
sm   0 warp 0 0x8000008c 0x01cf2023 lsu.w finish
sm   0 warp 5 0x80000040 0x01e38433 x  8  70002000
sm   1 warp 1 0x80000074 0x0342ae03 x 28  00000000
sm   0 warp 2 0x80000088 0x007ea023 lsu.w finish
sm   0 warp 6 0x8000003c 0x03cf0f33 x 30  00001000
sm   1 warp 7 0x8000001c 0x80502373 x  6  00000003
sm   1 warp 0 0x8000008c 0x01cf2023 lsu.w finish
sm   1 warp 5 0x80000040 0x01e38433 x  8  70002000
sm   0 warp 1 0x80000088 0x007ea023 lsu.w x   7 op 0 00000000 @ 80003000+00000000
sm   1 warp 2 0x80000088 0x007ea023 lsu.w finish
sm   0 warp 2 0x80000090 0x00000f97 x 31  80000090
sm   1 warp 6 0x8000003c 0x03cf0f33 x 30  00001000
[L1C] #    366 SM 0 CACHE 1 ADDR 80003000
sm   0 warp 0 0x800000b8 0x01010113 x  2  70000010
sm   1 warp 1 0x80000088 0x007ea023 lsu.w x   7 op 0 00000000 @ 80003000+00000000
sm   0 warp 3 0x80000088 0x007ea023 lsu.w finish
sm   0 warp 5 0x80000044 0x00003517 x 10  80003044
sm   1 warp 2 0x80000090 0x00000f97 x 31  80000090
[L1C] #    368 SM 1 CACHE 1 ADDR 80003000
sm   1 warp 0 0x800000b8 0x01010113 x  2  70000010
sm   0 warp 2 0x8000008c 0x01cf2023 lsu.w x  28 op 0 00000000 @ 80003004+00000000
sm   1 warp 3 0x80000088 0x007ea023 lsu.w finish
sm   0 warp 6 0x80000040 0x01e38433 x  8  70002000
sm   1 warp 5 0x80000044 0x00003517 x 10  80003044
sm   0 warp 3 0x80000090 0x00000f97 x 31  80000090
sm   1 warp 2 0x8000008c 0x01cf2023 lsu.w x  28 op 0 00000000 @ 80003004+00000000
sm   0 warp 2 0x80000094 0x018f8f93 x 31  800000a8
sm   1 warp 6 0x80000040 0x01e38433 x  8  70002000
sm   0 warp 3 0x8000008c 0x01cf2023 lsu.w x  28 op 0 00000000 @ 80003004+00000000
sm   0 warp 6 0x80000044 0x00003517 x 10  80003044
sm   1 warp 3 0x80000090 0x00000f97 x 31  80000090
sm   0 warp 5 0x80000048 0xfc450513 x 10  80003008
sm   1 warp 2 0x80000094 0x018f8f93 x 31  800000a8
sm   1 warp 3 0x8000008c 0x01cf2023 lsu.w x  28 op 0 00000000 @ 80003004+00000000
sm   0 warp 1 0x80000090 0x00000f97 x 31  80000090
sm   1 warp 6 0x80000044 0x00003517 x 10  80003044
sm   0 warp 1 0x8000008c 0x01cf2023 lsu.w x  28 op 0 00000000 @ 80003004+00000000
sm   1 warp 5 0x80000048 0xfc450513 x 10  80003008
sm   0 warp 2 0x80000098 0x305f9073 x  0  00000000
sm   1 warp 1 0x80000090 0x00000f97 x 31  80000090
sm   1 warp 1 0x8000008c 0x01cf2023 lsu.w x  28 op 0 00000000 @ 80003004+00000000
sm   0 warp 3 0x80000094 0x018f8f93 x 31  800000a8
sm   0 warp 0 0x800000bc 0xfe112823 lsu.w x   1 op 3 800000a0 @ 70000010+fffffff0
sm   0 warp 5 0x8000004c 0x00003617 x 12  8000304c
sm   1 warp 2 0x80000098 0x305f9073 x  0  00000000
sm   0 warp 6 0x80000048 0xfc450513 x 10  80003008
sm   1 warp 3 0x80000094 0x018f8f93 x 31  800000a8
sm   1 warp 0 0x800000bc 0xfe112823 lsu.w x   1 op 3 800000a0 @ 70000010+fffffff0
sm   0 warp 1 0x80000094 0x018f8f93 x 31  800000a8
sm   1 warp 5 0x8000004c 0x00003617 x 12  8000304c
sm   0 warp 0 0x800000c0 0x00852283 lsu.r x   5 op 0 @ 90003000+00000008
sm   0 warp 2 0x8000009c 0x000300e7 Jump? 1  800000b8
sm   0 warp 2 0x8000009c 0x000300e7 x  1  800000a0
sm   1 warp 6 0x80000048 0xfc450513 x 10  80003008
[L1C] #    382 SM 0 CACHE 1 ADDR 80003000
sm   0 warp 3 0x80000098 0x305f9073 x  0  00000000
sm   1 warp 1 0x80000094 0x018f8f93 x 31  800000a8
sm   1 warp 0 0x800000c0 0x00852283 lsu.r x   5 op 0 @ 90003000+00000008
sm   0 warp 1 0x80000088 0x007ea023 lsu.w finish
sm   0 warp 5 0x80000050 0xfbc60613 x 12  80003008
sm   1 warp 2 0x8000009c 0x000300e7 x  1  800000a0
sm   1 warp 2 0x8000009c 0x000300e7 Jump? 1  800000b8
[L1C] #    384 SM 1 CACHE 1 ADDR 80003000
sm   0 warp 6 0x8000004c 0x00003617 x 12  8000304c
sm   1 warp 3 0x80000098 0x305f9073 x  0  00000000
sm   1 warp 1 0x80000088 0x007ea023 lsu.w finish
sm   0 warp 1 0x80000098 0x305f9073 x  0  00000000
sm   1 warp 5 0x80000050 0xfbc60613 x 12  80003008
sm   0 warp 0 0x800000bc 0xfe112823 lsu.w finish
sm   0 warp 3 0x8000009c 0x000300e7 x  1  800000a0
sm   1 warp 6 0x8000004c 0x00003617 x 12  8000304c
sm   0 warp 4 0x80000064 0x803022f3 x  5  90404000
sm   0 warp 3 0x8000009c 0x000300e7 Jump? 1  800000b8
sm   1 warp 1 0x80000098 0x305f9073 x  0  00000000
sm   1 warp 0 0x800000bc 0xfe112823 lsu.w finish
sm   0 warp 5 0x80000054 0x00c50863 Jump? 1  80000064
sm   1 warp 3 0x8000009c 0x000300e7 x  1  800000a0
sm   0 warp 1 0x8000009c 0x000300e7 x  1  800000a0
sm   1 warp 4 0x80000064 0x803022f3 x  5  90404000
sm   1 warp 3 0x8000009c 0x000300e7 Jump? 1  800000b8
sm   0 warp 1 0x8000009c 0x000300e7 Jump? 1  800000b8
sm   1 warp 5 0x80000054 0x00c50863 Jump? 1  80000064
sm   0 warp 2 0x800000b8 0x01010113 x  2  70000810
sm   1 warp 1 0x8000009c 0x000300e7 x  1  800000a0
sm   1 warp 1 0x8000009c 0x000300e7 Jump? 1  800000b8
sm   1 warp 2 0x800000b8 0x01010113 x  2  70000810
sm   0 warp 4 0x80000068 0x0002a303 lsu.r x   6 op 0 @ 90404000+00000000
sm   1 warp 4 0x80000068 0x0002a303 lsu.r x   6 op 0 @ 90404000+00000000
sm   0 warp 2 0x800000bc 0xfe112823 lsu.w x   1 op 3 800000a0 @ 70000810+fffffff0
[L1C] #    398 SM 0 CACHE 1 ADDR 80003000
sm   0 warp 1 0x800000b8 0x01010113 x  2  70000410
sm   1 warp 2 0x800000bc 0xfe112823 lsu.w x   1 op 3 800000a0 @ 70000810+fffffff0
sm   0 warp 2 0x8000008c 0x01cf2023 lsu.w finish
[L1C] #    400 SM 1 CACHE 1 ADDR 80003000
sm   1 warp 1 0x800000b8 0x01010113 x  2  70000410
sm   0 warp 4 0x8000006c 0x0042a503 lsu.r x  10 op 0 @ 90404000+00000004
sm   1 warp 2 0x8000008c 0x01cf2023 lsu.w finish
sm   0 warp 4 0x80000068 0x0002a303 x  6  800000b8
sm   1 warp 4 0x8000006c 0x0042a503 lsu.r x  10 op 0 @ 90404000+00000004
sm   1 warp 4 0x80000068 0x0002a303 x  6  800000b8
sm   0 warp 2 0x800000c0 0x00852283 lsu.r x   5 op 0 @ 90003000+00000008
sm   0 warp 3 0x800000b8 0x01010113 x  2  70000c10
sm   1 warp 2 0x800000c0 0x00852283 lsu.r x   5 op 0 @ 90003000+00000008
sm   0 warp 1 0x800000bc 0xfe112823 lsu.w x   1 op 3 800000a0 @ 70000410+fffffff0
sm   1 warp 3 0x800000b8 0x01010113 x  2  70000c10
sm   0 warp 4 0x8000006c 0x0042a503 x 10  90003000
sm   1 warp 1 0x800000bc 0xfe112823 lsu.w x   1 op 3 800000a0 @ 70000410+fffffff0
sm   0 warp 2 0x800000bc 0xfe112823 lsu.w finish
sm   1 warp 4 0x8000006c 0x0042a503 x 10  90003000
sm   0 warp 1 0x800000c0 0x00852283 lsu.r x   5 op 0 @ 90003000+00000008
sm   1 warp 2 0x800000bc 0xfe112823 lsu.w finish
[L1C] #    414 SM 0 CACHE 1 ADDR 80003000
sm   1 warp 1 0x800000c0 0x00852283 lsu.r x   5 op 0 @ 90003000+00000008
sm   0 warp 3 0x8000008c 0x01cf2023 lsu.w finish
[L1C] #    416 SM 1 CACHE 1 ADDR 80003000
sm   1 warp 3 0x8000008c 0x01cf2023 lsu.w finish
sm   0 warp 1 0x800000bc 0xfe112823 lsu.w finish
sm   1 warp 1 0x800000bc 0xfe112823 lsu.w finish
sm   0 warp 5 0x80000064 0x803022f3 x  5  90404000
sm   1 warp 5 0x80000064 0x803022f3 x  5  90404000
sm   0 warp 6 0x80000050 0xfbc60613 x 12  80003008
[L1C] #    430 SM 0 CACHE 1 ADDR 80003000
sm   1 warp 6 0x80000050 0xfbc60613 x 12  80003008
sm   0 warp 1 0x8000008c 0x01cf2023 lsu.w finish
[L1C] #    432 SM 1 CACHE 1 ADDR 80003000
sm   1 warp 1 0x8000008c 0x01cf2023 lsu.w finish
sm   0 warp 7 0x80000020 0x806023f3 x  7  70001000
sm   0 warp 6 0x80000054 0x00c50863 Jump? 1  80000064
sm   1 warp 7 0x80000020 0x806023f3 x  7  70001000
sm   0 warp 7 0x80000024 0x40000e13 x 28  00000400
sm   1 warp 6 0x80000054 0x00c50863 Jump? 1  80000064
sm   1 warp 7 0x80000024 0x40000e13 x 28  00000400
sm   0 warp 6 0x80000064 0x803022f3 x  5  90404000
[L1C] #    446 SM 0 CACHE 1 ADDR 90003000
sm   1 warp 6 0x80000064 0x803022f3 x  5  90404000
[L1C] #    448 SM 1 CACHE 1 ADDR 90003000
sm   0 warp 0 0x800000c0 0x00852283 x  5  90002000
sm   1 warp 0 0x800000c0 0x00852283 x  5  90002000
sm   0 warp 3 0x800000bc 0xfe112823 lsu.w x   1 op 3 800000a0 @ 70000c10+fffffff0
sm   0 warp 2 0x800000c0 0x00852283 x  5  90002000
sm   1 warp 3 0x800000bc 0xfe112823 lsu.w x   1 op 3 800000a0 @ 70000c10+fffffff0
sm   1 warp 2 0x800000c0 0x00852283 x  5  90002000
sm   0 warp 3 0x800000c0 0x00852283 lsu.r x   5 op 0 @ 90003000+00000008
sm   0 warp 1 0x800000c0 0x00852283 x  5  90002000
sm   1 warp 3 0x800000c0 0x00852283 lsu.r x   5 op 0 @ 90003000+00000008
sm   0 warp 7 0x80000028 0x03c30333 x  6  00000c00
sm   1 warp 1 0x800000c0 0x00852283 x  5  90002000
sm   0 warp 5 0x80000068 0x0002a303 lsu.r x   6 op 0 @ 90404000+00000000
sm   1 warp 7 0x80000028 0x03c30333 x  6  00000c00
sm   0 warp 3 0x800000c0 0x00852283 x  5  90002000
sm   1 warp 5 0x80000068 0x0002a303 lsu.r x   6 op 0 @ 90404000+00000000
sm   1 warp 3 0x800000c0 0x00852283 x  5  90002000
sm   0 warp 6 0x80000068 0x0002a303 lsu.r x   6 op 0 @ 90404000+00000000
sm   0 warp 7 0x8000002c 0x00730133 x  2  70001c00
sm   1 warp 6 0x80000068 0x0002a303 lsu.r x   6 op 0 @ 90404000+00000000
sm   0 warp 5 0x80000068 0x0002a303 x  6  800000b8
sm   1 warp 7 0x8000002c 0x00730133 x  2  70001c00
sm   0 warp 3 0x800000bc 0xfe112823 lsu.w finish
sm   1 warp 5 0x80000068 0x0002a303 x  6  800000b8
sm   0 warp 4 0x80000070 0x0302a383 lsu.r x   7 op 0 @ 90404000+00000030
sm   1 warp 3 0x800000bc 0xfe112823 lsu.w finish
sm   0 warp 7 0x80000030 0x00000213 x  4  00000000
sm   1 warp 4 0x80000070 0x0302a383 lsu.r x   7 op 0 @ 90404000+00000030
sm   0 warp 6 0x80000068 0x0002a303 x  6  800000b8
sm   1 warp 7 0x80000030 0x00000213 x  4  00000000
sm   1 warp 6 0x80000068 0x0002a303 x  6  800000b8
sm   0 warp 0 0x800000c4 0xfe512e23 lsu.w x   5 op 3 90002000 @ 70000010+fffffffc
sm   0 warp 4 0x80000070 0x0302a383 x  7  00000000
sm   1 warp 0 0x800000c4 0xfe512e23 lsu.w x   5 op 3 90002000 @ 70000010+fffffffc
sm   0 warp 7 0x80000034 0x80102f73 x 30  00000004
sm   1 warp 4 0x80000070 0x0302a383 x  7  00000000
sm   0 warp 2 0x800000c4 0xfe512e23 lsu.w x   5 op 3 90002000 @ 70000810+fffffffc
sm   1 warp 7 0x80000034 0x80102f73 x 30  00000004
sm   1 warp 2 0x800000c4 0xfe512e23 lsu.w x   5 op 3 90002000 @ 70000810+fffffffc
sm   0 warp 0 0x800000c4 0xfe512e23 lsu.w finish
sm   0 warp 7 0x80000038 0x40000e13 x 28  00000400
sm   0 warp 5 0x8000006c 0x0042a503 lsu.r x  10 op 0 @ 90404000+00000004
sm   1 warp 0 0x800000c4 0xfe512e23 lsu.w finish
sm   1 warp 7 0x80000038 0x40000e13 x 28  00000400
sm   1 warp 5 0x8000006c 0x0042a503 lsu.r x  10 op 0 @ 90404000+00000004
sm   0 warp 2 0x800000c4 0xfe512e23 lsu.w finish
sm   0 warp 6 0x8000006c 0x0042a503 lsu.r x  10 op 0 @ 90404000+00000004
sm   1 warp 2 0x800000c4 0xfe512e23 lsu.w finish
sm   0 warp 5 0x8000006c 0x0042a503 x 10  90003000
sm   1 warp 6 0x8000006c 0x0042a503 lsu.r x  10 op 0 @ 90404000+00000004
sm   0 warp 7 0x8000003c 0x03cf0f33 x 30  00001000
sm   1 warp 5 0x8000006c 0x0042a503 x 10  90003000
sm   0 warp 1 0x800000c4 0xfe512e23 lsu.w x   5 op 3 90002000 @ 70000410+fffffffc
sm   0 warp 4 0x80000078 0x00003e97 x 29  80003078
sm   1 warp 7 0x8000003c 0x03cf0f33 x 30  00001000
sm   1 warp 1 0x800000c4 0xfe512e23 lsu.w x   5 op 3 90002000 @ 70000410+fffffffc
sm   0 warp 6 0x8000006c 0x0042a503 x 10  90003000
sm   1 warp 4 0x80000078 0x00003e97 x 29  80003078
sm   0 warp 7 0x80000040 0x01e38433 x  8  70002000
sm   0 warp 4 0x80000074 0x0342ae03 lsu.r x  28 op 0 @ 90404000+00000034
sm   1 warp 6 0x8000006c 0x0042a503 x 10  90003000
sm   1 warp 7 0x80000040 0x01e38433 x  8  70002000
sm   1 warp 4 0x80000074 0x0342ae03 lsu.r x  28 op 0 @ 90404000+00000034
sm   0 warp 1 0x800000c4 0xfe512e23 lsu.w finish
sm   0 warp 4 0x8000007c 0xf88e8e93 x 29  80003000
sm   0 warp 3 0x800000c4 0xfe512e23 lsu.w x   5 op 3 90002000 @ 70000c10+fffffffc
sm   1 warp 1 0x800000c4 0xfe512e23 lsu.w finish
sm   0 warp 7 0x80000044 0x00003517 x 10  80003044
sm   1 warp 4 0x8000007c 0xf88e8e93 x 29  80003000
sm   0 warp 4 0x80000080 0x00003f17 x 30  80003080
sm   1 warp 3 0x800000c4 0xfe512e23 lsu.w x   5 op 3 90002000 @ 70000c10+fffffffc
sm   1 warp 7 0x80000044 0x00003517 x 10  80003044
sm   0 warp 0 0x800000c8 0x00452283 lsu.r x   5 op 0 @ 90003000+00000004
sm   0 warp 4 0x80000074 0x0342ae03 x 28  00000000
sm   1 warp 4 0x80000080 0x00003f17 x 30  80003080
sm   1 warp 0 0x800000c8 0x00452283 lsu.r x   5 op 0 @ 90003000+00000004
sm   0 warp 7 0x80000048 0xfc450513 x 10  80003008
sm   0 warp 2 0x800000c8 0x00452283 lsu.r x   5 op 0 @ 90003000+00000004
sm   1 warp 4 0x80000074 0x0342ae03 x 28  00000000
sm   0 warp 4 0x80000084 0xf84f0f13 x 30  80003004
sm   0 warp 7 0x8000004c 0x00003617 x 12  8000304c
sm   1 warp 7 0x80000048 0xfc450513 x 10  80003008
sm   1 warp 2 0x800000c8 0x00452283 lsu.r x   5 op 0 @ 90003000+00000004
sm   0 warp 3 0x800000c4 0xfe512e23 lsu.w finish
sm   1 warp 4 0x80000084 0xf84f0f13 x 30  80003004
sm   1 warp 7 0x8000004c 0x00003617 x 12  8000304c
sm   0 warp 5 0x80000070 0x0302a383 lsu.r x   7 op 0 @ 90404000+00000030
sm   1 warp 3 0x800000c4 0xfe512e23 lsu.w finish
sm   0 warp 0 0x800000c8 0x00452283 x  5  90001000
sm   1 warp 5 0x80000070 0x0302a383 lsu.r x   7 op 0 @ 90404000+00000030
sm   0 warp 7 0x80000050 0xfbc60613 x 12  80003008
sm   0 warp 6 0x80000070 0x0302a383 lsu.r x   7 op 0 @ 90404000+00000030
sm   1 warp 0 0x800000c8 0x00452283 x  5  90001000
sm   0 warp 2 0x800000c8 0x00452283 x  5  90001000
sm   1 warp 7 0x80000050 0xfbc60613 x 12  80003008
sm   1 warp 6 0x80000070 0x0302a383 lsu.r x   7 op 0 @ 90404000+00000030
sm   1 warp 2 0x800000c8 0x00452283 x  5  90001000
sm   0 warp 1 0x800000c8 0x00452283 lsu.r x   5 op 0 @ 90003000+00000004
sm   0 warp 7 0x80000054 0x00c50863 Jump? 1  80000064
sm   0 warp 5 0x80000070 0x0302a383 x  7  00000000
sm   1 warp 1 0x800000c8 0x00452283 lsu.r x   5 op 0 @ 90003000+00000004
sm   1 warp 7 0x80000054 0x00c50863 Jump? 1  80000064
sm   1 warp 5 0x80000070 0x0302a383 x  7  00000000
sm   0 warp 3 0x800000c8 0x00452283 lsu.r x   5 op 0 @ 90003000+00000004
sm   0 warp 5 0x80000078 0x00003e97 x 29  80003078
sm   1 warp 3 0x800000c8 0x00452283 lsu.r x   5 op 0 @ 90003000+00000004
sm   0 warp 1 0x800000c8 0x00452283 x  5  90001000
sm   1 warp 5 0x80000078 0x00003e97 x 29  80003078
sm   0 warp 6 0x80000070 0x0302a383 x  7  00000000
sm   1 warp 1 0x800000c8 0x00452283 x  5  90001000
sm   0 warp 5 0x8000007c 0xf88e8e93 x 29  80003000
sm   1 warp 6 0x80000070 0x0302a383 x  7  00000000
sm   0 warp 5 0x80000074 0x0342ae03 lsu.r x  28 op 0 @ 90404000+00000034
sm   0 warp 7 0x80000064 0x803022f3 x  5  90404000
sm   0 warp 5 0x80000080 0x00003f17 x 30  80003080
sm   1 warp 5 0x8000007c 0xf88e8e93 x 29  80003000
sm   1 warp 5 0x80000074 0x0342ae03 lsu.r x  28 op 0 @ 90404000+00000034
sm   1 warp 7 0x80000064 0x803022f3 x  5  90404000
sm   0 warp 4 0x80000088 0x007ea023 lsu.w x   7 op 0 00000000 @ 80003000+00000000
sm   0 warp 3 0x800000c8 0x00452283 x  5  90001000
sm   1 warp 5 0x80000080 0x00003f17 x 30  80003080
sm   0 warp 6 0x80000078 0x00003e97 x 29  80003078
sm   1 warp 4 0x80000088 0x007ea023 lsu.w x   7 op 0 00000000 @ 80003000+00000000
sm   1 warp 3 0x800000c8 0x00452283 x  5  90001000
sm   0 warp 6 0x80000074 0x0342ae03 lsu.r x  28 op 0 @ 90404000+00000034
sm   1 warp 6 0x80000078 0x00003e97 x 29  80003078
[L1C] #    549 SM 0 CACHE 1 ADDR 80003000
sm   0 warp 5 0x80000084 0xf84f0f13 x 30  80003004
sm   1 warp 6 0x80000074 0x0342ae03 lsu.r x  28 op 0 @ 90404000+00000034
sm   0 warp 0 0x800000cc 0xfe512c23 lsu.w x   5 op 3 90001000 @ 70000010+fffffff8
[L1C] #    551 SM 1 CACHE 1 ADDR 80003000
sm   0 warp 6 0x8000007c 0xf88e8e93 x 29  80003000
sm   1 warp 5 0x80000084 0xf84f0f13 x 30  80003004
sm   1 warp 0 0x800000cc 0xfe512c23 lsu.w x   5 op 3 90001000 @ 70000010+fffffff8
sm   0 warp 5 0x80000074 0x0342ae03 x 28  00000000
sm   1 warp 6 0x8000007c 0xf88e8e93 x 29  80003000
sm   0 warp 6 0x80000074 0x0342ae03 x 28  00000000
sm   0 warp 6 0x80000080 0x00003f17 x 30  80003080
sm   1 warp 5 0x80000074 0x0342ae03 x 28  00000000
sm   0 warp 4 0x80000088 0x007ea023 lsu.w finish
sm   1 warp 6 0x80000074 0x0342ae03 x 28  00000000
sm   1 warp 6 0x80000080 0x00003f17 x 30  80003080
sm   0 warp 1 0x800000cc 0xfe512c23 lsu.w x   5 op 3 90001000 @ 70000410+fffffff8
sm   1 warp 4 0x80000088 0x007ea023 lsu.w finish
sm   1 warp 1 0x800000cc 0xfe512c23 lsu.w x   5 op 3 90001000 @ 70000410+fffffff8
sm   0 warp 0 0x800000cc 0xfe512c23 lsu.w finish
sm   0 warp 5 0x80000088 0x007ea023 lsu.w x   7 op 0 00000000 @ 80003000+00000000
sm   1 warp 0 0x800000cc 0xfe512c23 lsu.w finish
sm   1 warp 5 0x80000088 0x007ea023 lsu.w x   7 op 0 00000000 @ 80003000+00000000
sm   0 warp 1 0x800000cc 0xfe512c23 lsu.w finish
sm   0 warp 6 0x80000084 0xf84f0f13 x 30  80003004
sm   0 warp 2 0x800000cc 0xfe512c23 lsu.w x   5 op 3 90001000 @ 70000810+fffffff8
sm   1 warp 1 0x800000cc 0xfe512c23 lsu.w finish
[L1C] #    566 SM 0 CACHE 1 ADDR 80003000
sm   0 warp 4 0x80000090 0x00000f97 x 31  80000090
sm   1 warp 6 0x80000084 0xf84f0f13 x 30  80003004
sm   1 warp 2 0x800000cc 0xfe512c23 lsu.w x   5 op 3 90001000 @ 70000810+fffffff8
sm   0 warp 5 0x80000088 0x007ea023 lsu.w finish
[L1C] #    568 SM 1 CACHE 1 ADDR 80003000
sm   1 warp 4 0x80000090 0x00000f97 x 31  80000090
sm   0 warp 4 0x8000008c 0x01cf2023 lsu.w x  28 op 0 00000000 @ 80003004+00000000
sm   1 warp 5 0x80000088 0x007ea023 lsu.w finish
sm   1 warp 4 0x8000008c 0x01cf2023 lsu.w x  28 op 0 00000000 @ 80003004+00000000
sm   0 warp 2 0x800000cc 0xfe512c23 lsu.w finish
sm   0 warp 4 0x80000094 0x018f8f93 x 31  800000a8
sm   0 warp 7 0x80000068 0x0002a303 lsu.r x   6 op 0 @ 90404000+00000000
sm   1 warp 2 0x800000cc 0xfe512c23 lsu.w finish
sm   1 warp 4 0x80000094 0x018f8f93 x 31  800000a8
sm   1 warp 7 0x80000068 0x0002a303 lsu.r x   6 op 0 @ 90404000+00000000
sm   0 warp 3 0x800000cc 0xfe512c23 lsu.w x   5 op 3 90001000 @ 70000c10+fffffff8
sm   0 warp 7 0x80000068 0x0002a303 x  6  800000b8
sm   1 warp 3 0x800000cc 0xfe512c23 lsu.w x   5 op 3 90001000 @ 70000c10+fffffff8
sm   0 warp 4 0x80000098 0x305f9073 x  0  00000000
sm   0 warp 0 0x800000d0 0x00052283 lsu.r x   5 op 0 @ 90003000+00000000
sm   1 warp 7 0x80000068 0x0002a303 x  6  800000b8
sm   0 warp 5 0x80000090 0x00000f97 x 31  80000090
[L1C] #    582 SM 0 CACHE 1 ADDR 80003000
sm   1 warp 4 0x80000098 0x305f9073 x  0  00000000
sm   1 warp 0 0x800000d0 0x00052283 lsu.r x   5 op 0 @ 90003000+00000000
sm   0 warp 3 0x800000cc 0xfe512c23 lsu.w finish
sm   1 warp 5 0x80000090 0x00000f97 x 31  80000090
[L1C] #    584 SM 1 CACHE 1 ADDR 80003000
sm   0 warp 4 0x8000009c 0x000300e7 x  1  800000a0
sm   0 warp 5 0x8000008c 0x01cf2023 lsu.w x  28 op 0 00000000 @ 80003004+00000000
sm   1 warp 3 0x800000cc 0xfe512c23 lsu.w finish
sm   0 warp 4 0x8000009c 0x000300e7 Jump? 1  800000b8
sm   0 warp 5 0x80000094 0x018f8f93 x 31  800000a8
sm   1 warp 4 0x8000009c 0x000300e7 x  1  800000a0
sm   1 warp 5 0x8000008c 0x01cf2023 lsu.w x  28 op 0 00000000 @ 80003004+00000000
sm   0 warp 4 0x8000008c 0x01cf2023 lsu.w finish
sm   1 warp 4 0x8000009c 0x000300e7 Jump? 1  800000b8
sm   1 warp 5 0x80000094 0x018f8f93 x 31  800000a8
sm   0 warp 1 0x800000d0 0x00052283 lsu.r x   5 op 0 @ 90003000+00000000
sm   1 warp 4 0x8000008c 0x01cf2023 lsu.w finish
sm   0 warp 0 0x800000d0 0x00052283 x  5  90000000
sm   1 warp 1 0x800000d0 0x00052283 lsu.r x   5 op 0 @ 90003000+00000000
sm   0 warp 5 0x80000098 0x305f9073 x  0  00000000
sm   1 warp 0 0x800000d0 0x00052283 x  5  90000000
sm   0 warp 2 0x800000d0 0x00052283 lsu.r x   5 op 0 @ 90003000+00000000
sm   1 warp 5 0x80000098 0x305f9073 x  0  00000000
sm   0 warp 4 0x800000b8 0x01010113 x  2  70001010
sm   1 warp 2 0x800000d0 0x00052283 lsu.r x   5 op 0 @ 90003000+00000000
sm   0 warp 5 0x8000009c 0x000300e7 Jump? 1  800000b8
sm   0 warp 5 0x8000009c 0x000300e7 x  1  800000a0
sm   0 warp 6 0x80000088 0x007ea023 lsu.w x   7 op 0 00000000 @ 80003000+00000000
sm   1 warp 4 0x800000b8 0x01010113 x  2  70001010
sm   0 warp 2 0x800000d0 0x00052283 x  5  90000000
sm   1 warp 5 0x8000009c 0x000300e7 x  1  800000a0
sm   1 warp 6 0x80000088 0x007ea023 lsu.w x   7 op 0 00000000 @ 80003000+00000000
sm   1 warp 5 0x8000009c 0x000300e7 Jump? 1  800000b8
[L1C] #    598 SM 0 CACHE 1 ADDR 80003000
sm   0 warp 1 0x800000d0 0x00052283 x  5  90000000
sm   1 warp 2 0x800000d0 0x00052283 x  5  90000000
[L1C] #    600 SM 1 CACHE 1 ADDR 80003000
sm   1 warp 1 0x800000d0 0x00052283 x  5  90000000
sm   0 warp 7 0x8000006c 0x0042a503 lsu.r x  10 op 0 @ 90404000+00000004
sm   1 warp 7 0x8000006c 0x0042a503 lsu.r x  10 op 0 @ 90404000+00000004
sm   0 warp 5 0x8000008c 0x01cf2023 lsu.w finish
sm   0 warp 3 0x800000d0 0x00052283 lsu.r x   5 op 0 @ 90003000+00000000
sm   1 warp 5 0x8000008c 0x01cf2023 lsu.w finish
sm   0 warp 7 0x8000006c 0x0042a503 x 10  90003000
sm   1 warp 3 0x800000d0 0x00052283 lsu.r x   5 op 0 @ 90003000+00000000
sm   1 warp 7 0x8000006c 0x0042a503 x 10  90003000
sm   0 warp 0 0x800000d4 0xfe512a23 lsu.w x   5 op 3 90000000 @ 70000010+fffffff4
sm   0 warp 3 0x800000d0 0x00052283 x  5  90000000
sm   1 warp 0 0x800000d4 0xfe512a23 lsu.w x   5 op 3 90000000 @ 70000010+fffffff4
sm   0 warp 5 0x800000b8 0x01010113 x  2  70001410
sm   1 warp 3 0x800000d0 0x00052283 x  5  90000000
sm   0 warp 1 0x800000d4 0xfe512a23 lsu.w x   5 op 3 90000000 @ 70000410+fffffff4
sm   0 warp 6 0x80000090 0x00000f97 x 31  80000090
sm   1 warp 5 0x800000b8 0x01010113 x  2  70001410
[L1C] #    614 SM 0 CACHE 1 ADDR 80003000
sm   1 warp 1 0x800000d4 0xfe512a23 lsu.w x   5 op 3 90000000 @ 70000410+fffffff4
sm   0 warp 0 0x800000d4 0xfe512a23 lsu.w finish
sm   1 warp 6 0x80000090 0x00000f97 x 31  80000090
[L1C] #    616 SM 1 CACHE 1 ADDR 80003000
sm   0 warp 6 0x8000008c 0x01cf2023 lsu.w x  28 op 0 00000000 @ 80003004+00000000
sm   1 warp 0 0x800000d4 0xfe512a23 lsu.w finish
sm   1 warp 6 0x8000008c 0x01cf2023 lsu.w x  28 op 0 00000000 @ 80003004+00000000
sm   0 warp 6 0x80000088 0x007ea023 lsu.w finish
sm   0 warp 6 0x80000094 0x018f8f93 x 31  800000a8
sm   0 warp 4 0x800000bc 0xfe112823 lsu.w x   1 op 3 800000a0 @ 70001010+fffffff0
sm   1 warp 6 0x80000088 0x007ea023 lsu.w finish
sm   1 warp 6 0x80000094 0x018f8f93 x 31  800000a8
sm   1 warp 4 0x800000bc 0xfe112823 lsu.w x   1 op 3 800000a0 @ 70001010+fffffff0
sm   0 warp 1 0x800000d4 0xfe512a23 lsu.w finish
sm   0 warp 7 0x80000070 0x0302a383 lsu.r x   7 op 0 @ 90404000+00000030
sm   0 warp 0 0x800000d8 0x5e004057 v  0 11111111111111111111111111111111 00000000 00000000 00000000 00000000 00000000 00000000 00000000 00000000 00000000 00000000 00000000 00000000 00000000 00000000 00000000 00000000 00000000 00000000 00000000 00000000 00000000 00000000 00000000 00000000 00000000 00000000 00000000 00000000 00000000 00000000 00000000 00000000 
sm   1 warp 1 0x800000d4 0xfe512a23 lsu.w finish
sm   0 warp 1 0x800000d8 0x5e004057 v  0 11111111111111111111111111111111 00000000 00000000 00000000 00000000 00000000 00000000 00000000 00000000 00000000 00000000 00000000 00000000 00000000 00000000 00000000 00000000 00000000 00000000 00000000 00000000 00000000 00000000 00000000 00000000 00000000 00000000 00000000 00000000 00000000 00000000 00000000 00000000 
sm   1 warp 7 0x80000070 0x0302a383 lsu.r x   7 op 0 @ 90404000+00000030
sm   1 warp 0 0x800000d8 0x5e004057 v  0 11111111111111111111111111111111 00000000 00000000 00000000 00000000 00000000 00000000 00000000 00000000 00000000 00000000 00000000 00000000 00000000 00000000 00000000 00000000 00000000 00000000 00000000 00000000 00000000 00000000 00000000 00000000 00000000 00000000 00000000 00000000 00000000 00000000 00000000 00000000 
sm   0 warp 4 0x800000bc 0xfe112823 lsu.w finish
sm   0 warp 0 0x800000dc 0x03c000ef Jump? 1  80000118
sm   0 warp 0 0x800000dc 0x03c000ef x  1  800000e0
sm   1 warp 1 0x800000d8 0x5e004057 v  0 11111111111111111111111111111111 00000000 00000000 00000000 00000000 00000000 00000000 00000000 00000000 00000000 00000000 00000000 00000000 00000000 00000000 00000000 00000000 00000000 00000000 00000000 00000000 00000000 00000000 00000000 00000000 00000000 00000000 00000000 00000000 00000000 00000000 00000000 00000000 
sm   0 warp 6 0x80000098 0x305f9073 x  0  00000000
sm   0 warp 2 0x800000d4 0xfe512a23 lsu.w x   5 op 3 90000000 @ 70000810+fffffff4
sm   1 warp 4 0x800000bc 0xfe112823 lsu.w finish
sm   0 warp 1 0x800000dc 0x03c000ef Jump? 1  80000118
sm   0 warp 1 0x800000dc 0x03c000ef x  1  800000e0
sm   1 warp 0 0x800000dc 0x03c000ef x  1  800000e0
sm   1 warp 0 0x800000dc 0x03c000ef Jump? 1  80000118
[L1C] #    630 SM 0 CACHE 1 ADDR 80003000
sm   1 warp 6 0x80000098 0x305f9073 x  0  00000000
sm   1 warp 2 0x800000d4 0xfe512a23 lsu.w x   5 op 3 90000000 @ 70000810+fffffff4
[L1C] #    631 SM 0 CACHE 0 ADDR 80000100
sm   1 warp 1 0x800000dc 0x03c000ef x  1  800000e0
sm   1 warp 1 0x800000dc 0x03c000ef Jump? 1  80000118
sm   0 warp 6 0x8000008c 0x01cf2023 lsu.w finish
sm   0 warp 6 0x8000009c 0x000300e7 Jump? 1  800000b8
sm   0 warp 6 0x8000009c 0x000300e7 x  1  800000a0
[L1C] #    633 SM 1 CACHE 0 ADDR 80000100
sm   0 warp 5 0x800000bc 0xfe112823 lsu.w x   1 op 3 800000a0 @ 70001410+fffffff0
sm   1 warp 6 0x8000008c 0x01cf2023 lsu.w finish
[L1C] #    634 SM 1 CACHE 1 ADDR 80003000
sm   1 warp 6 0x8000009c 0x000300e7 x  1  800000a0
sm   1 warp 6 0x8000009c 0x000300e7 Jump? 1  800000b8
sm   0 warp 7 0x80000070 0x0302a383 x  7  00000000
sm   1 warp 5 0x800000bc 0xfe112823 lsu.w x   1 op 3 800000a0 @ 70001410+fffffff0
sm   0 warp 2 0x800000d4 0xfe512a23 lsu.w finish
sm   1 warp 7 0x80000070 0x0302a383 x  7  00000000
sm   0 warp 3 0x800000d4 0xfe512a23 lsu.w x   5 op 3 90000000 @ 70000c10+fffffff4
sm   1 warp 2 0x800000d4 0xfe512a23 lsu.w finish
sm   1 warp 3 0x800000d4 0xfe512a23 lsu.w x   5 op 3 90000000 @ 70000c10+fffffff4
sm   0 warp 5 0x800000bc 0xfe112823 lsu.w finish
sm   0 warp 4 0x800000c0 0x00852283 lsu.r x   5 op 0 @ 90003000+00000008
sm   0 warp 2 0x800000d8 0x5e004057 v  0 11111111111111111111111111111111 00000000 00000000 00000000 00000000 00000000 00000000 00000000 00000000 00000000 00000000 00000000 00000000 00000000 00000000 00000000 00000000 00000000 00000000 00000000 00000000 00000000 00000000 00000000 00000000 00000000 00000000 00000000 00000000 00000000 00000000 00000000 00000000 
sm   1 warp 5 0x800000bc 0xfe112823 lsu.w finish
sm   0 warp 7 0x80000078 0x00003e97 x 29  80003078
sm   0 warp 2 0x800000dc 0x03c000ef Jump? 1  80000118
sm   0 warp 2 0x800000dc 0x03c000ef x  1  800000e0
sm   1 warp 4 0x800000c0 0x00852283 lsu.r x   5 op 0 @ 90003000+00000008
sm   1 warp 2 0x800000d8 0x5e004057 v  0 11111111111111111111111111111111 00000000 00000000 00000000 00000000 00000000 00000000 00000000 00000000 00000000 00000000 00000000 00000000 00000000 00000000 00000000 00000000 00000000 00000000 00000000 00000000 00000000 00000000 00000000 00000000 00000000 00000000 00000000 00000000 00000000 00000000 00000000 00000000 
sm   0 warp 3 0x800000d4 0xfe512a23 lsu.w finish
sm   1 warp 7 0x80000078 0x00003e97 x 29  80003078
sm   0 warp 7 0x80000074 0x0342ae03 lsu.r x  28 op 0 @ 90404000+00000034
sm   0 warp 3 0x800000d8 0x5e004057 v  0 11111111111111111111111111111111 00000000 00000000 00000000 00000000 00000000 00000000 00000000 00000000 00000000 00000000 00000000 00000000 00000000 00000000 00000000 00000000 00000000 00000000 00000000 00000000 00000000 00000000 00000000 00000000 00000000 00000000 00000000 00000000 00000000 00000000 00000000 00000000 
sm   1 warp 2 0x800000dc 0x03c000ef x  1  800000e0
sm   1 warp 2 0x800000dc 0x03c000ef Jump? 1  80000118
sm   1 warp 3 0x800000d4 0xfe512a23 lsu.w finish
sm   0 warp 3 0x800000dc 0x03c000ef x  1  800000e0
sm   1 warp 7 0x80000074 0x0342ae03 lsu.r x  28 op 0 @ 90404000+00000034
sm   1 warp 3 0x800000d8 0x5e004057 v  0 11111111111111111111111111111111 00000000 00000000 00000000 00000000 00000000 00000000 00000000 00000000 00000000 00000000 00000000 00000000 00000000 00000000 00000000 00000000 00000000 00000000 00000000 00000000 00000000 00000000 00000000 00000000 00000000 00000000 00000000 00000000 00000000 00000000 00000000 00000000 
sm   0 warp 3 0x800000dc 0x03c000ef Jump? 1  80000118
sm   0 warp 7 0x8000007c 0xf88e8e93 x 29  80003000
sm   0 warp 5 0x800000c0 0x00852283 lsu.r x   5 op 0 @ 90003000+00000008
sm   1 warp 3 0x800000dc 0x03c000ef x  1  800000e0
sm   0 warp 7 0x80000080 0x00003f17 x 30  80003080
sm   1 warp 7 0x8000007c 0xf88e8e93 x 29  80003000
sm   1 warp 5 0x800000c0 0x00852283 lsu.r x   5 op 0 @ 90003000+00000008
sm   1 warp 3 0x800000dc 0x03c000ef Jump? 1  80000118
sm   0 warp 4 0x800000c0 0x00852283 x  5  90002000
sm   1 warp 7 0x80000080 0x00003f17 x 30  80003080
sm   0 warp 7 0x80000074 0x0342ae03 x 28  00000000
sm   1 warp 4 0x800000c0 0x00852283 x  5  90002000
sm   0 warp 7 0x80000084 0xf84f0f13 x 30  80003004
sm   1 warp 7 0x80000074 0x0342ae03 x 28  00000000
sm   0 warp 0 0x80000118 0x00410113 x  2  70000014
sm   1 warp 7 0x80000084 0xf84f0f13 x 30  80003004
sm   0 warp 5 0x800000c0 0x00852283 x  5  90002000
sm   1 warp 0 0x80000118 0x00410113 x  2  70000014
sm   1 warp 5 0x800000c0 0x00852283 x  5  90002000
sm   0 warp 4 0x800000c4 0xfe512e23 lsu.w x   5 op 3 90002000 @ 70001010+fffffffc
sm   0 warp 1 0x80000118 0x00410113 x  2  70000414
sm   1 warp 4 0x800000c4 0xfe512e23 lsu.w x   5 op 3 90002000 @ 70001010+fffffffc
sm   1 warp 1 0x80000118 0x00410113 x  2  70000414
sm   0 warp 7 0x80000088 0x007ea023 lsu.w x   7 op 0 00000000 @ 80003000+00000000
sm   1 warp 7 0x80000088 0x007ea023 lsu.w x   7 op 0 00000000 @ 80003000+00000000
sm   0 warp 4 0x800000c4 0xfe512e23 lsu.w finish
sm   0 warp 4 0x800000c8 0x00452283 lsu.r x   5 op 0 @ 90003000+00000004
sm   1 warp 4 0x800000c4 0xfe512e23 lsu.w finish
[L1C] #    669 SM 0 CACHE 1 ADDR 80003000
sm   0 warp 2 0x80000118 0x00410113 x  2  70000814
sm   1 warp 4 0x800000c8 0x00452283 lsu.r x   5 op 0 @ 90003000+00000004
sm   0 warp 7 0x80000088 0x007ea023 lsu.w finish
[L1C] #    671 SM 1 CACHE 1 ADDR 80003000
sm   1 warp 2 0x80000118 0x00410113 x  2  70000814
sm   0 warp 7 0x8000008c 0x01cf2023 lsu.w x  28 op 0 00000000 @ 80003004+00000000
sm   1 warp 7 0x80000088 0x007ea023 lsu.w finish
sm   0 warp 4 0x800000c8 0x00452283 x  5  90001000
sm   1 warp 7 0x8000008c 0x01cf2023 lsu.w x  28 op 0 00000000 @ 80003004+00000000
sm   0 warp 0 0x80000120 0x00200293 x  5  00000002
sm   1 warp 4 0x800000c8 0x00452283 x  5  90001000
sm   0 warp 0 0x8000011c 0xfe112e23 lsu.w x   1 op 3 800000e0 @ 70000014+fffffffc
sm   0 warp 3 0x80000118 0x00410113 x  2  70000c14
sm   1 warp 0 0x80000120 0x00200293 x  5  00000002
sm   1 warp 0 0x8000011c 0xfe112e23 lsu.w x   1 op 3 800000e0 @ 70000014+fffffffc
sm   0 warp 5 0x800000c4 0xfe512e23 lsu.w x   5 op 3 90002000 @ 70001410+fffffffc
sm   1 warp 3 0x80000118 0x00410113 x  2  70000c14
sm   1 warp 5 0x800000c4 0xfe512e23 lsu.w x   5 op 3 90002000 @ 70001410+fffffffc
sm   0 warp 0 0x8000011c 0xfe112e23 lsu.w finish
sm   0 warp 1 0x80000120 0x00200293 x  5  00000002
sm   0 warp 1 0x8000011c 0xfe112e23 lsu.w x   1 op 3 800000e0 @ 70000414+fffffffc
sm   0 warp 0 0x80000124 0x5e02c0d7 v  1 11111111111111111111111111111111 00000002 00000002 00000002 00000002 00000002 00000002 00000002 00000002 00000002 00000002 00000002 00000002 00000002 00000002 00000002 00000002 00000002 00000002 00000002 00000002 00000002 00000002 00000002 00000002 00000002 00000002 00000002 00000002 00000002 00000002 00000002 00000002 
sm   1 warp 0 0x8000011c 0xfe112e23 lsu.w finish
[L1C] #    685 SM 0 CACHE 1 ADDR 80003000
sm   0 warp 0 0x80000128 0x00000317 x  6  80000128
sm   1 warp 1 0x80000120 0x00200293 x  5  00000002
sm   1 warp 1 0x8000011c 0xfe112e23 lsu.w x   1 op 3 800000e0 @ 70000414+fffffffc
sm   1 warp 0 0x80000124 0x5e02c0d7 v  1 11111111111111111111111111111111 00000002 00000002 00000002 00000002 00000002 00000002 00000002 00000002 00000002 00000002 00000002 00000002 00000002 00000002 00000002 00000002 00000002 00000002 00000002 00000002 00000002 00000002 00000002 00000002 00000002 00000002 00000002 00000002 00000002 00000002 00000002 00000002 
sm   0 warp 5 0x800000c4 0xfe512e23 lsu.w finish
[L1C] #    687 SM 1 CACHE 1 ADDR 80003000
sm   1 warp 0 0x80000128 0x00000317 x  6  80000128
sm   0 warp 5 0x800000c8 0x00452283 lsu.r x   5 op 0 @ 90003000+00000004
sm   1 warp 5 0x800000c4 0xfe512e23 lsu.w finish
sm   1 warp 5 0x800000c8 0x00452283 lsu.r x   5 op 0 @ 90003000+00000004
sm   0 warp 7 0x8000008c 0x01cf2023 lsu.w finish
sm   0 warp 2 0x80000120 0x00200293 x  5  00000002
sm 0 warp 0 0x8000012c 0x04c3305b  setrpc 0x80000174 
sm   0 warp 0 0x8000012c 0x04c3305b x  0  80000174
sm   0 warp 2 0x8000011c 0xfe112e23 lsu.w x   1 op 3 800000e0 @ 70000814+fffffffc
sm   1 warp 7 0x8000008c 0x01cf2023 lsu.w finish
sm   1 warp 2 0x80000120 0x00200293 x  5  00000002
sm 1 warp 0 0x8000012c 0x04c3305b  setrpc 0x80000174 
sm   0 warp 5 0x800000c8 0x00452283 x  5  90001000
sm   1 warp 0 0x8000012c 0x04c3305b x  0  80000174
sm   1 warp 2 0x8000011c 0xfe112e23 lsu.w x   1 op 3 800000e0 @ 70000814+fffffffc
sm   0 warp 4 0x800000cc 0xfe512c23 lsu.w x   5 op 3 90001000 @ 70001010+fffffff8
sm   0 warp 1 0x80000124 0x5e02c0d7 v  1 11111111111111111111111111111111 00000002 00000002 00000002 00000002 00000002 00000002 00000002 00000002 00000002 00000002 00000002 00000002 00000002 00000002 00000002 00000002 00000002 00000002 00000002 00000002 00000002 00000002 00000002 00000002 00000002 00000002 00000002 00000002 00000002 00000002 00000002 00000002 
sm   1 warp 5 0x800000c8 0x00452283 x  5  90001000
sm   0 warp 2 0x80000124 0x5e02c0d7 v  1 11111111111111111111111111111111 00000002 00000002 00000002 00000002 00000002 00000002 00000002 00000002 00000002 00000002 00000002 00000002 00000002 00000002 00000002 00000002 00000002 00000002 00000002 00000002 00000002 00000002 00000002 00000002 00000002 00000002 00000002 00000002 00000002 00000002 00000002 00000002 
sm   0 warp 1 0x80000128 0x00000317 x  6  80000128
sm   1 warp 4 0x800000cc 0xfe512c23 lsu.w x   5 op 3 90001000 @ 70001010+fffffff8
sm   1 warp 1 0x80000124 0x5e02c0d7 v  1 11111111111111111111111111111111 00000002 00000002 00000002 00000002 00000002 00000002 00000002 00000002 00000002 00000002 00000002 00000002 00000002 00000002 00000002 00000002 00000002 00000002 00000002 00000002 00000002 00000002 00000002 00000002 00000002 00000002 00000002 00000002 00000002 00000002 00000002 00000002 
sm   0 warp 1 0x8000011c 0xfe112e23 lsu.w finish
sm   0 warp 2 0x80000128 0x00000317 x  6  80000128
sm   1 warp 2 0x80000124 0x5e02c0d7 v  1 11111111111111111111111111111111 00000002 00000002 00000002 00000002 00000002 00000002 00000002 00000002 00000002 00000002 00000002 00000002 00000002 00000002 00000002 00000002 00000002 00000002 00000002 00000002 00000002 00000002 00000002 00000002 00000002 00000002 00000002 00000002 00000002 00000002 00000002 00000002 
sm   0 warp 3 0x80000120 0x00200293 x  5  00000002
sm   0 warp 0 0x80000130 0x0200885b vbranch     current mask and npc:   11111111111111111111111111111111 0x80000134, take_if=1, if_mask = 11111111111111111111111111111111
sm   1 warp 1 0x80000128 0x00000317 x  6  80000128
sm   0 warp 3 0x8000011c 0xfe112e23 lsu.w x   1 op 3 800000e0 @ 70000c14+fffffffc
sm   1 warp 1 0x8000011c 0xfe112e23 lsu.w finish
sm   1 warp 2 0x80000128 0x00000317 x  6  80000128
sm   1 warp 3 0x80000120 0x00200293 x  5  00000002
sm   1 warp 3 0x8000011c 0xfe112e23 lsu.w x   1 op 3 800000e0 @ 70000c14+fffffffc
sm 0 warp 1 0x8000012c 0x04c3305b  setrpc 0x80000174 
sm   1 warp 0 0x80000130 0x0200885b vbranch     current mask and npc:   11111111111111111111111111111111 0x80000134, take_if=1, if_mask = 11111111111111111111111111111111
sm   0 warp 2 0x8000011c 0xfe112e23 lsu.w finish
sm   0 warp 1 0x8000012c 0x04c3305b x  0  80000174
sm 0 warp 2 0x8000012c 0x04c3305b  setrpc 0x80000174 
sm   0 warp 2 0x8000012c 0x04c3305b x  0  80000174
sm   0 warp 4 0x800000d0 0x00052283 lsu.r x   5 op 0 @ 90003000+00000000
sm 1 warp 1 0x8000012c 0x04c3305b  setrpc 0x80000174 
sm   1 warp 2 0x8000011c 0xfe112e23 lsu.w finish
sm   0 warp 0 0x80000134 0x00100293 x  5  00000001
sm   1 warp 1 0x8000012c 0x04c3305b x  0  80000174
sm 1 warp 2 0x8000012c 0x04c3305b  setrpc 0x80000174 
sm   1 warp 4 0x800000d0 0x00052283 lsu.r x   5 op 0 @ 90003000+00000000
sm   0 warp 3 0x80000124 0x5e02c0d7 v  1 11111111111111111111111111111111 00000002 00000002 00000002 00000002 00000002 00000002 00000002 00000002 00000002 00000002 00000002 00000002 00000002 00000002 00000002 00000002 00000002 00000002 00000002 00000002 00000002 00000002 00000002 00000002 00000002 00000002 00000002 00000002 00000002 00000002 00000002 00000002 
sm   1 warp 2 0x8000012c 0x04c3305b x  0  80000174
sm   0 warp 4 0x800000cc 0xfe512c23 lsu.w finish
sm   1 warp 0 0x80000134 0x00100293 x  5  00000001
sm   0 warp 3 0x80000128 0x00000317 x  6  80000128
sm   0 warp 1 0x80000130 0x0200885b vbranch     current mask and npc:   11111111111111111111111111111111 0x80000134, take_if=1, if_mask = 11111111111111111111111111111111
sm   1 warp 3 0x80000124 0x5e02c0d7 v  1 11111111111111111111111111111111 00000002 00000002 00000002 00000002 00000002 00000002 00000002 00000002 00000002 00000002 00000002 00000002 00000002 00000002 00000002 00000002 00000002 00000002 00000002 00000002 00000002 00000002 00000002 00000002 00000002 00000002 00000002 00000002 00000002 00000002 00000002 00000002 
sm   0 warp 5 0x800000cc 0xfe512c23 lsu.w x   5 op 3 90001000 @ 70001410+fffffff8
sm   1 warp 4 0x800000cc 0xfe512c23 lsu.w finish
sm   0 warp 4 0x800000d0 0x00052283 x  5  90000000
sm   0 warp 2 0x80000130 0x0200885b vbranch     current mask and npc:   11111111111111111111111111111111 0x80000134, take_if=1, if_mask = 11111111111111111111111111111111
sm   1 warp 3 0x80000128 0x00000317 x  6  80000128
sm   1 warp 5 0x800000cc 0xfe512c23 lsu.w x   5 op 3 90001000 @ 70001410+fffffff8
sm   1 warp 1 0x80000130 0x0200885b vbranch     current mask and npc:   11111111111111111111111111111111 0x80000134, take_if=1, if_mask = 11111111111111111111111111111111
sm   0 warp 0 0x80000138 0x5e02c0d7 v  1 11111111111111111111111111111111 00000001 00000001 00000001 00000001 00000001 00000001 00000001 00000001 00000001 00000001 00000001 00000001 00000001 00000001 00000001 00000001 00000001 00000001 00000001 00000001 00000001 00000001 00000001 00000001 00000001 00000001 00000001 00000001 00000001 00000001 00000001 00000001 
sm   1 warp 4 0x800000d0 0x00052283 x  5  90000000
sm   0 warp 5 0x800000d0 0x00052283 lsu.r x   5 op 0 @ 90003000+00000000
sm   1 warp 2 0x80000130 0x0200885b vbranch     current mask and npc:   11111111111111111111111111111111 0x80000134, take_if=1, if_mask = 11111111111111111111111111111111
sm   0 warp 0 0x8000013c 0x00000317 x  6  8000013c
sm   1 warp 0 0x80000138 0x5e02c0d7 v  1 11111111111111111111111111111111 00000001 00000001 00000001 00000001 00000001 00000001 00000001 00000001 00000001 00000001 00000001 00000001 00000001 00000001 00000001 00000001 00000001 00000001 00000001 00000001 00000001 00000001 00000001 00000001 00000001 00000001 00000001 00000001 00000001 00000001 00000001 00000001 
sm   0 warp 1 0x80000134 0x00100293 x  5  00000001
sm   1 warp 5 0x800000d0 0x00052283 lsu.r x   5 op 0 @ 90003000+00000000
sm 0 warp 3 0x8000012c 0x04c3305b  setrpc 0x80000174 
sm   0 warp 3 0x8000011c 0xfe112e23 lsu.w finish
sm   0 warp 3 0x8000012c 0x04c3305b x  0  80000174
sm   1 warp 0 0x8000013c 0x00000317 x  6  8000013c
sm   0 warp 2 0x80000134 0x00100293 x  5  00000001
sm   1 warp 1 0x80000134 0x00100293 x  5  00000001
sm   0 warp 4 0x800000d4 0xfe512a23 lsu.w x   5 op 3 90000000 @ 70001010+fffffff4
sm 1 warp 3 0x8000012c 0x04c3305b  setrpc 0x80000174 
sm   1 warp 3 0x8000011c 0xfe112e23 lsu.w finish
sm   1 warp 3 0x8000012c 0x04c3305b x  0  80000174
sm 0 warp 0 0x80000140 0x0383305b  setrpc 0x80000174 
sm   0 warp 5 0x800000d0 0x00052283 x  5  90000000
sm   1 warp 2 0x80000134 0x00100293 x  5  00000001
sm   1 warp 4 0x800000d4 0xfe512a23 lsu.w x   5 op 3 90000000 @ 70001010+fffffff4
sm   0 warp 0 0x80000140 0x0383305b x  0  80000174
sm   0 warp 1 0x80000138 0x5e02c0d7 v  1 11111111111111111111111111111111 00000001 00000001 00000001 00000001 00000001 00000001 00000001 00000001 00000001 00000001 00000001 00000001 00000001 00000001 00000001 00000001 00000001 00000001 00000001 00000001 00000001 00000001 00000001 00000001 00000001 00000001 00000001 00000001 00000001 00000001 00000001 00000001 
sm 1 warp 0 0x80000140 0x0383305b  setrpc 0x80000174 
sm   1 warp 5 0x800000d0 0x00052283 x  5  90000000
sm   0 warp 3 0x80000130 0x0200885b vbranch     current mask and npc:   11111111111111111111111111111111 0x80000134, take_if=1, if_mask = 11111111111111111111111111111111
sm   0 warp 1 0x8000013c 0x00000317 x  6  8000013c
sm   0 warp 4 0x800000d8 0x5e004057 v  0 11111111111111111111111111111111 00000000 00000000 00000000 00000000 00000000 00000000 00000000 00000000 00000000 00000000 00000000 00000000 00000000 00000000 00000000 00000000 00000000 00000000 00000000 00000000 00000000 00000000 00000000 00000000 00000000 00000000 00000000 00000000 00000000 00000000 00000000 00000000 
sm   1 warp 0 0x80000140 0x0383305b x  0  80000174
sm   1 warp 1 0x80000138 0x5e02c0d7 v  1 11111111111111111111111111111111 00000001 00000001 00000001 00000001 00000001 00000001 00000001 00000001 00000001 00000001 00000001 00000001 00000001 00000001 00000001 00000001 00000001 00000001 00000001 00000001 00000001 00000001 00000001 00000001 00000001 00000001 00000001 00000001 00000001 00000001 00000001 00000001 
sm   0 warp 5 0x800000cc 0xfe512c23 lsu.w finish
sm   0 warp 0 0x80000144 0x0200825b vbranch     current mask and npc:   11111111111111111111111111111111 0x80000148, take_if=1, if_mask = 11111111111111111111111111111111
sm   1 warp 3 0x80000130 0x0200885b vbranch     current mask and npc:   11111111111111111111111111111111 0x80000134, take_if=1, if_mask = 11111111111111111111111111111111
sm   0 warp 2 0x80000138 0x5e02c0d7 v  1 11111111111111111111111111111111 00000001 00000001 00000001 00000001 00000001 00000001 00000001 00000001 00000001 00000001 00000001 00000001 00000001 00000001 00000001 00000001 00000001 00000001 00000001 00000001 00000001 00000001 00000001 00000001 00000001 00000001 00000001 00000001 00000001 00000001 00000001 00000001 
sm   1 warp 1 0x8000013c 0x00000317 x  6  8000013c
sm   1 warp 4 0x800000d8 0x5e004057 v  0 11111111111111111111111111111111 00000000 00000000 00000000 00000000 00000000 00000000 00000000 00000000 00000000 00000000 00000000 00000000 00000000 00000000 00000000 00000000 00000000 00000000 00000000 00000000 00000000 00000000 00000000 00000000 00000000 00000000 00000000 00000000 00000000 00000000 00000000 00000000 
sm   1 warp 5 0x800000cc 0xfe512c23 lsu.w finish
sm   0 warp 4 0x800000dc 0x03c000ef Jump? 1  80000118
sm   0 warp 4 0x800000dc 0x03c000ef x  1  800000e0
sm   1 warp 0 0x80000144 0x0200825b vbranch     current mask and npc:   11111111111111111111111111111111 0x80000148, take_if=1, if_mask = 11111111111111111111111111111111
sm   0 warp 4 0x800000d4 0xfe512a23 lsu.w finish
sm   0 warp 3 0x80000134 0x00100293 x  5  00000001
sm   1 warp 2 0x80000138 0x5e02c0d7 v  1 11111111111111111111111111111111 00000001 00000001 00000001 00000001 00000001 00000001 00000001 00000001 00000001 00000001 00000001 00000001 00000001 00000001 00000001 00000001 00000001 00000001 00000001 00000001 00000001 00000001 00000001 00000001 00000001 00000001 00000001 00000001 00000001 00000001 00000001 00000001 
sm   0 warp 2 0x8000013c 0x00000317 x  6  8000013c
sm   0 warp 5 0x800000d4 0xfe512a23 lsu.w x   5 op 3 90000000 @ 70001410+fffffff4
sm   1 warp 4 0x800000dc 0x03c000ef x  1  800000e0
sm 0 warp 1 0x80000140 0x0383305b  setrpc 0x80000174 
sm   1 warp 4 0x800000dc 0x03c000ef Jump? 1  80000118
sm   1 warp 4 0x800000d4 0xfe512a23 lsu.w finish
sm   0 warp 1 0x80000140 0x0383305b x  0  80000174
sm   0 warp 0 0x80000148 0x5e0040d7 v  1 11111111111111111111111111111111 00000000 00000000 00000000 00000000 00000000 00000000 00000000 00000000 00000000 00000000 00000000 00000000 00000000 00000000 00000000 00000000 00000000 00000000 00000000 00000000 00000000 00000000 00000000 00000000 00000000 00000000 00000000 00000000 00000000 00000000 00000000 00000000 
sm   1 warp 3 0x80000134 0x00100293 x  5  00000001
sm   1 warp 5 0x800000d4 0xfe512a23 lsu.w x   5 op 3 90000000 @ 70001410+fffffff4
sm   0 warp 5 0x800000d8 0x5e004057 v  0 11111111111111111111111111111111 00000000 00000000 00000000 00000000 00000000 00000000 00000000 00000000 00000000 00000000 00000000 00000000 00000000 00000000 00000000 00000000 00000000 00000000 00000000 00000000 00000000 00000000 00000000 00000000 00000000 00000000 00000000 00000000 00000000 00000000 00000000 00000000 
sm   1 warp 2 0x8000013c 0x00000317 x  6  8000013c
sm 1 warp 1 0x80000140 0x0383305b  setrpc 0x80000174 
sm   0 warp 0 0x8000014c 0x00000317 x  6  8000014c
sm   1 warp 1 0x80000140 0x0383305b x  0  80000174
sm   1 warp 0 0x80000148 0x5e0040d7 v  1 11111111111111111111111111111111 00000000 00000000 00000000 00000000 00000000 00000000 00000000 00000000 00000000 00000000 00000000 00000000 00000000 00000000 00000000 00000000 00000000 00000000 00000000 00000000 00000000 00000000 00000000 00000000 00000000 00000000 00000000 00000000 00000000 00000000 00000000 00000000 
sm   0 warp 3 0x80000138 0x5e02c0d7 v  1 11111111111111111111111111111111 00000001 00000001 00000001 00000001 00000001 00000001 00000001 00000001 00000001 00000001 00000001 00000001 00000001 00000001 00000001 00000001 00000001 00000001 00000001 00000001 00000001 00000001 00000001 00000001 00000001 00000001 00000001 00000001 00000001 00000001 00000001 00000001 
sm   1 warp 5 0x800000d8 0x5e004057 v  0 11111111111111111111111111111111 00000000 00000000 00000000 00000000 00000000 00000000 00000000 00000000 00000000 00000000 00000000 00000000 00000000 00000000 00000000 00000000 00000000 00000000 00000000 00000000 00000000 00000000 00000000 00000000 00000000 00000000 00000000 00000000 00000000 00000000 00000000 00000000 
sm   0 warp 5 0x800000dc 0x03c000ef x  1  800000e0
sm   0 warp 1 0x80000144 0x0200825b vbranch     current mask and npc:   11111111111111111111111111111111 0x80000148, take_if=1, if_mask = 11111111111111111111111111111111
sm   1 warp 0 0x8000014c 0x00000317 x  6  8000014c
sm 0 warp 2 0x80000140 0x0383305b  setrpc 0x80000174 
sm   0 warp 5 0x800000d4 0xfe512a23 lsu.w finish
sm   0 warp 5 0x800000dc 0x03c000ef Jump? 1  80000118
sm   0 warp 2 0x80000140 0x0383305b x  0  80000174
sm   1 warp 3 0x80000138 0x5e02c0d7 v  1 11111111111111111111111111111111 00000001 00000001 00000001 00000001 00000001 00000001 00000001 00000001 00000001 00000001 00000001 00000001 00000001 00000001 00000001 00000001 00000001 00000001 00000001 00000001 00000001 00000001 00000001 00000001 00000001 00000001 00000001 00000001 00000001 00000001 00000001 00000001 
sm   0 warp 3 0x8000013c 0x00000317 x  6  8000013c
sm   1 warp 5 0x800000dc 0x03c000ef x  1  800000e0
sm 0 warp 0 0x80000150 0x0283305b  setrpc 0x80000174 
sm 1 warp 2 0x80000140 0x0383305b  setrpc 0x80000174 
sm   1 warp 1 0x80000144 0x0200825b vbranch     current mask and npc:   11111111111111111111111111111111 0x80000148, take_if=1, if_mask = 11111111111111111111111111111111
sm   1 warp 5 0x800000d4 0xfe512a23 lsu.w finish
sm   0 warp 0 0x80000150 0x0283305b x  0  80000174
sm   1 warp 2 0x80000140 0x0383305b x  0  80000174
sm   1 warp 5 0x800000dc 0x03c000ef Jump? 1  80000118
sm   1 warp 3 0x8000013c 0x00000317 x  6  8000013c
sm 1 warp 0 0x80000150 0x0283305b  setrpc 0x80000174 
sm   1 warp 0 0x80000150 0x0283305b x  0  80000174
sm   0 warp 2 0x80000144 0x0200825b vbranch     current mask and npc:   11111111111111111111111111111111 0x80000148, take_if=1, if_mask = 11111111111111111111111111111111
sm   0 warp 1 0x80000148 0x5e0040d7 v  1 11111111111111111111111111111111 00000000 00000000 00000000 00000000 00000000 00000000 00000000 00000000 00000000 00000000 00000000 00000000 00000000 00000000 00000000 00000000 00000000 00000000 00000000 00000000 00000000 00000000 00000000 00000000 00000000 00000000 00000000 00000000 00000000 00000000 00000000 00000000 
sm 0 warp 3 0x80000140 0x0383305b  setrpc 0x80000174 
sm   0 warp 3 0x80000140 0x0383305b x  0  80000174
sm   0 warp 0 0x80000154 0x00009e5b vbranch     current mask and npc:   11111111111111111111111111111111 0x80000158, take_if=1, if_mask = 11111111111111111111111111111111
sm   1 warp 2 0x80000144 0x0200825b vbranch     current mask and npc:   11111111111111111111111111111111 0x80000148, take_if=1, if_mask = 11111111111111111111111111111111
sm   0 warp 1 0x8000014c 0x00000317 x  6  8000014c
sm   1 warp 1 0x80000148 0x5e0040d7 v  1 11111111111111111111111111111111 00000000 00000000 00000000 00000000 00000000 00000000 00000000 00000000 00000000 00000000 00000000 00000000 00000000 00000000 00000000 00000000 00000000 00000000 00000000 00000000 00000000 00000000 00000000 00000000 00000000 00000000 00000000 00000000 00000000 00000000 00000000 00000000 
sm 1 warp 3 0x80000140 0x0383305b  setrpc 0x80000174 
sm   1 warp 3 0x80000140 0x0383305b x  0  80000174
sm   1 warp 0 0x80000154 0x00009e5b vbranch     current mask and npc:   11111111111111111111111111111111 0x80000158, take_if=1, if_mask = 11111111111111111111111111111111
sm   0 warp 0 0x80000158 0x1a0000ef x  1  8000015c
sm   0 warp 2 0x80000148 0x5e0040d7 v  1 11111111111111111111111111111111 00000000 00000000 00000000 00000000 00000000 00000000 00000000 00000000 00000000 00000000 00000000 00000000 00000000 00000000 00000000 00000000 00000000 00000000 00000000 00000000 00000000 00000000 00000000 00000000 00000000 00000000 00000000 00000000 00000000 00000000 00000000 00000000 
sm   1 warp 1 0x8000014c 0x00000317 x  6  8000014c
sm   0 warp 0 0x80000158 0x1a0000ef Jump? 1  800002f8
sm   0 warp 3 0x80000144 0x0200825b vbranch     current mask and npc:   11111111111111111111111111111111 0x80000148, take_if=1, if_mask = 11111111111111111111111111111111
sm   0 warp 2 0x8000014c 0x00000317 x  6  8000014c
sm   1 warp 0 0x80000158 0x1a0000ef x  1  8000015c
sm   1 warp 2 0x80000148 0x5e0040d7 v  1 11111111111111111111111111111111 00000000 00000000 00000000 00000000 00000000 00000000 00000000 00000000 00000000 00000000 00000000 00000000 00000000 00000000 00000000 00000000 00000000 00000000 00000000 00000000 00000000 00000000 00000000 00000000 00000000 00000000 00000000 00000000 00000000 00000000 00000000 00000000 
sm 0 warp 1 0x80000150 0x0283305b  setrpc 0x80000174 
sm   0 warp 1 0x80000150 0x0283305b x  0  80000174
sm   1 warp 0 0x80000158 0x1a0000ef Jump? 1  800002f8
sm   1 warp 3 0x80000144 0x0200825b vbranch     current mask and npc:   11111111111111111111111111111111 0x80000148, take_if=1, if_mask = 11111111111111111111111111111111
sm   1 warp 2 0x8000014c 0x00000317 x  6  8000014c
sm 1 warp 1 0x80000150 0x0283305b  setrpc 0x80000174 
[L1C] #    745 SM 0 CACHE 0 ADDR 80000280
sm   1 warp 1 0x80000150 0x0283305b x  0  80000174
[L1C] #    746 SM 0 CACHE 0 ADDR 80000300
sm 0 warp 2 0x80000150 0x0283305b  setrpc 0x80000174 
[L1C] #    747 SM 1 CACHE 0 ADDR 80000280
sm   0 warp 2 0x80000150 0x0283305b x  0  80000174
sm   0 warp 1 0x80000154 0x00009e5b vbranch     current mask and npc:   11111111111111111111111111111111 0x80000158, take_if=1, if_mask = 11111111111111111111111111111111
[L1C] #    748 SM 1 CACHE 0 ADDR 80000300
sm 1 warp 2 0x80000150 0x0283305b  setrpc 0x80000174 
sm   0 warp 3 0x80000148 0x5e0040d7 v  1 11111111111111111111111111111111 00000000 00000000 00000000 00000000 00000000 00000000 00000000 00000000 00000000 00000000 00000000 00000000 00000000 00000000 00000000 00000000 00000000 00000000 00000000 00000000 00000000 00000000 00000000 00000000 00000000 00000000 00000000 00000000 00000000 00000000 00000000 00000000 
sm   1 warp 2 0x80000150 0x0283305b x  0  80000174
sm   1 warp 1 0x80000154 0x00009e5b vbranch     current mask and npc:   11111111111111111111111111111111 0x80000158, take_if=1, if_mask = 11111111111111111111111111111111
sm   0 warp 1 0x80000158 0x1a0000ef x  1  8000015c
sm   0 warp 1 0x80000158 0x1a0000ef Jump? 1  800002f8
sm   0 warp 3 0x8000014c 0x00000317 x  6  8000014c
sm   0 warp 2 0x80000154 0x00009e5b vbranch     current mask and npc:   11111111111111111111111111111111 0x80000158, take_if=1, if_mask = 11111111111111111111111111111111
sm   1 warp 3 0x80000148 0x5e0040d7 v  1 11111111111111111111111111111111 00000000 00000000 00000000 00000000 00000000 00000000 00000000 00000000 00000000 00000000 00000000 00000000 00000000 00000000 00000000 00000000 00000000 00000000 00000000 00000000 00000000 00000000 00000000 00000000 00000000 00000000 00000000 00000000 00000000 00000000 00000000 00000000 
sm   1 warp 1 0x80000158 0x1a0000ef x  1  8000015c
sm   1 warp 3 0x8000014c 0x00000317 x  6  8000014c
sm   1 warp 1 0x80000158 0x1a0000ef Jump? 1  800002f8
sm   1 warp 2 0x80000154 0x00009e5b vbranch     current mask and npc:   11111111111111111111111111111111 0x80000158, take_if=1, if_mask = 11111111111111111111111111111111
sm   0 warp 2 0x80000158 0x1a0000ef Jump? 1  800002f8
sm   0 warp 2 0x80000158 0x1a0000ef x  1  8000015c
sm   1 warp 2 0x80000158 0x1a0000ef x  1  8000015c
sm   1 warp 2 0x80000158 0x1a0000ef Jump? 1  800002f8
sm   0 warp 0 0x800002f8 0x00410113 x  2  70000018
sm   1 warp 0 0x800002f8 0x00410113 x  2  70000018
sm   0 warp 0 0x800002fc 0xfe112e23 lsu.w x   1 op 3 8000015c @ 70000018+fffffffc
sm   0 warp 0 0x80000300 0xf1dff0ef Jump? 1  8000021c
sm   0 warp 0 0x80000300 0xf1dff0ef x  1  80000304
sm   0 warp 1 0x800002f8 0x00410113 x  2  70000418
sm   1 warp 0 0x800002fc 0xfe112e23 lsu.w x   1 op 3 8000015c @ 70000018+fffffffc
sm   1 warp 0 0x80000300 0xf1dff0ef x  1  80000304
sm   1 warp 0 0x80000300 0xf1dff0ef Jump? 1  8000021c
sm   1 warp 1 0x800002f8 0x00410113 x  2  70000418
[L1C] #    779 SM 0 CACHE 0 ADDR 80000200
sm   0 warp 0 0x800002fc 0xfe112e23 lsu.w finish
[L1C] #    781 SM 1 CACHE 0 ADDR 80000200
sm   1 warp 0 0x800002fc 0xfe112e23 lsu.w finish
sm   0 warp 1 0x800002fc 0xfe112e23 lsu.w x   1 op 3 8000015c @ 70000418+fffffffc
sm   0 warp 1 0x80000300 0xf1dff0ef Jump? 1  8000021c
sm   0 warp 1 0x80000300 0xf1dff0ef x  1  80000304
sm   1 warp 1 0x800002fc 0xfe112e23 lsu.w x   1 op 3 8000015c @ 70000418+fffffffc
sm   1 warp 1 0x80000300 0xf1dff0ef x  1  80000304
sm   1 warp 1 0x80000300 0xf1dff0ef Jump? 1  8000021c
sm   0 warp 1 0x800002fc 0xfe112e23 lsu.w finish
sm   1 warp 1 0x800002fc 0xfe112e23 lsu.w finish
sm   0 warp 0 0x8000021c 0x00410113 x  2  7000001c
sm   1 warp 0 0x8000021c 0x00410113 x  2  7000001c
sm   0 warp 1 0x8000021c 0x00410113 x  2  7000041c
sm   0 warp 0 0x80000220 0xfe112e23 lsu.w x   1 op 3 80000304 @ 7000001c+fffffffc
sm   1 warp 1 0x8000021c 0x00410113 x  2  7000041c
sm   1 warp 0 0x80000220 0xfe112e23 lsu.w x   1 op 3 80000304 @ 7000001c+fffffffc
sm   0 warp 0 0x80000224 0x80302573 x 10  90404000
sm   1 warp 0 0x80000224 0x80302573 x 10  90404000
sm   0 warp 0 0x80000220 0xfe112e23 lsu.w finish
sm   0 warp 2 0x800002f8 0x00410113 x  2  70000818
sm   0 warp 1 0x80000220 0xfe112e23 lsu.w x   1 op 3 80000304 @ 7000041c+fffffffc
sm   1 warp 0 0x80000220 0xfe112e23 lsu.w finish
sm   1 warp 2 0x800002f8 0x00410113 x  2  70000818
sm   0 warp 1 0x80000224 0x80302573 x 10  90404000
sm   1 warp 1 0x80000220 0xfe112e23 lsu.w x   1 op 3 80000304 @ 7000041c+fffffffc
sm   0 warp 0 0x80000228 0x00852283 lsu.r x   5 op 0 @ 90404000+00000008
sm   1 warp 1 0x80000224 0x80302573 x 10  90404000
sm   0 warp 0 0x8000022c 0x80002373 x  6  00000000
sm   1 warp 0 0x80000228 0x00852283 lsu.r x   5 op 0 @ 90404000+00000008
sm   0 warp 1 0x80000220 0xfe112e23 lsu.w finish
sm   0 warp 2 0x80000300 0xf1dff0ef Jump? 1  8000021c
sm   0 warp 2 0x80000300 0xf1dff0ef x  1  80000304
sm   1 warp 0 0x8000022c 0x80002373 x  6  00000000
sm   0 warp 2 0x800002fc 0xfe112e23 lsu.w x   1 op 3 8000015c @ 70000818+fffffffc
sm   1 warp 1 0x80000220 0xfe112e23 lsu.w finish
sm   0 warp 0 0x80000230 0x5208a157 v  2 11111111111111111111111111111111 0000001f 0000001e 0000001d 0000001c 0000001b 0000001a 00000019 00000018 00000017 00000016 00000015 00000014 00000013 00000012 00000011 00000010 0000000f 0000000e 0000000d 0000000c 0000000b 0000000a 00000009 00000008 00000007 00000006 00000005 00000004 00000003 00000002 00000001 00000000 
sm   1 warp 2 0x80000300 0xf1dff0ef x  1  80000304
sm   1 warp 2 0x80000300 0xf1dff0ef Jump? 1  8000021c
sm   0 warp 0 0x80000228 0x00852283 x  5  00000001
sm   1 warp 2 0x800002fc 0xfe112e23 lsu.w x   1 op 3 8000015c @ 70000818+fffffffc
sm   1 warp 0 0x80000230 0x5208a157 v  2 11111111111111111111111111111111 0000001f 0000001e 0000001d 0000001c 0000001b 0000001a 00000019 00000018 00000017 00000016 00000015 00000014 00000013 00000012 00000011 00000010 0000000f 0000000e 0000000d 0000000c 0000000b 0000000a 00000009 00000008 00000007 00000006 00000005 00000004 00000003 00000002 00000001 00000000 
sm   0 warp 1 0x8000022c 0x80002373 x  6  00000020
sm   1 warp 0 0x80000228 0x00852283 x  5  00000001
sm   0 warp 1 0x80000228 0x00852283 lsu.r x   5 op 0 @ 90404000+00000008
sm   1 warp 1 0x80000228 0x00852283 lsu.r x   5 op 0 @ 90404000+00000008
sm   0 warp 1 0x80000230 0x5208a157 v  2 11111111111111111111111111111111 0000001f 0000001e 0000001d 0000001c 0000001b 0000001a 00000019 00000018 00000017 00000016 00000015 00000014 00000013 00000012 00000011 00000010 0000000f 0000000e 0000000d 0000000c 0000000b 0000000a 00000009 00000008 00000007 00000006 00000005 00000004 00000003 00000002 00000001 00000000 
sm   1 warp 1 0x8000022c 0x80002373 x  6  00000020
sm   0 warp 2 0x800002fc 0xfe112e23 lsu.w finish
sm   0 warp 0 0x80000234 0x02234057 v  0 11111111111111111111111111111111 0000001f 0000001e 0000001d 0000001c 0000001b 0000001a 00000019 00000018 00000017 00000016 00000015 00000014 00000013 00000012 00000011 00000010 0000000f 0000000e 0000000d 0000000c 0000000b 0000000a 00000009 00000008 00000007 00000006 00000005 00000004 00000003 00000002 00000001 00000000 
sm   0 warp 2 0x8000021c 0x00410113 x  2  7000081c
sm   1 warp 1 0x80000230 0x5208a157 v  2 11111111111111111111111111111111 0000001f 0000001e 0000001d 0000001c 0000001b 0000001a 00000019 00000018 00000017 00000016 00000015 00000014 00000013 00000012 00000011 00000010 0000000f 0000000e 0000000d 0000000c 0000000b 0000000a 00000009 00000008 00000007 00000006 00000005 00000004 00000003 00000002 00000001 00000000 
sm   1 warp 2 0x800002fc 0xfe112e23 lsu.w finish
sm   0 warp 1 0x80000228 0x00852283 x  5  00000001
sm   1 warp 0 0x80000234 0x02234057 v  0 11111111111111111111111111111111 0000001f 0000001e 0000001d 0000001c 0000001b 0000001a 00000019 00000018 00000017 00000016 00000015 00000014 00000013 00000012 00000011 00000010 0000000f 0000000e 0000000d 0000000c 0000000b 0000000a 00000009 00000008 00000007 00000006 00000005 00000004 00000003 00000002 00000001 00000000 
sm   1 warp 2 0x8000021c 0x00410113 x  2  7000081c
sm   1 warp 1 0x80000228 0x00852283 x  5  00000001
sm   0 warp 0 0x80000238 0x01852e03 lsu.r x  28 op 0 @ 90404000+00000018
sm   0 warp 1 0x80000234 0x02234057 v  0 11111111111111111111111111111111 0000003f 0000003e 0000003d 0000003c 0000003b 0000003a 00000039 00000038 00000037 00000036 00000035 00000034 00000033 00000032 00000031 00000030 0000002f 0000002e 0000002d 0000002c 0000002b 0000002a 00000029 00000028 00000027 00000026 00000025 00000024 00000023 00000022 00000021 00000020 
sm   1 warp 0 0x80000238 0x01852e03 lsu.r x  28 op 0 @ 90404000+00000018
sm   1 warp 1 0x80000234 0x02234057 v  0 11111111111111111111111111111111 0000003f 0000003e 0000003d 0000003c 0000003b 0000003a 00000039 00000038 00000037 00000036 00000035 00000034 00000033 00000032 00000031 00000030 0000002f 0000002e 0000002d 0000002c 0000002b 0000002a 00000029 00000028 00000027 00000026 00000025 00000024 00000023 00000022 00000021 00000020 
sm   0 warp 2 0x80000220 0xfe112e23 lsu.w x   1 op 3 80000304 @ 7000081c+fffffffc
sm   0 warp 0 0x80000238 0x01852e03 x 28  00000020
sm   1 warp 2 0x80000220 0xfe112e23 lsu.w x   1 op 3 80000304 @ 7000081c+fffffffc
sm   0 warp 2 0x80000224 0x80302573 x 10  90404000
sm   1 warp 0 0x80000238 0x01852e03 x 28  00000020
sm   0 warp 1 0x80000238 0x01852e03 lsu.r x  28 op 0 @ 90404000+00000018
sm 0 warp 3 0x80000150 0x0283305b  setrpc 0x80000174 
sm   0 warp 3 0x80000150 0x0283305b x  0  80000174
sm   1 warp 2 0x80000224 0x80302573 x 10  90404000
sm   1 warp 1 0x80000238 0x01852e03 lsu.r x  28 op 0 @ 90404000+00000018
sm 1 warp 3 0x80000150 0x0283305b  setrpc 0x80000174 
sm   0 warp 2 0x80000220 0xfe112e23 lsu.w finish
sm   1 warp 3 0x80000150 0x0283305b x  0  80000174
sm   1 warp 2 0x80000220 0xfe112e23 lsu.w finish
sm   0 warp 1 0x80000238 0x01852e03 x 28  00000020
sm   0 warp 3 0x80000154 0x00009e5b vbranch     current mask and npc:   11111111111111111111111111111111 0x80000158, take_if=1, if_mask = 11111111111111111111111111111111
sm   0 warp 4 0x80000118 0x00410113 x  2  70001014
sm   1 warp 1 0x80000238 0x01852e03 x 28  00000020
sm   0 warp 2 0x80000228 0x00852283 lsu.r x   5 op 0 @ 90404000+00000008
sm   1 warp 3 0x80000154 0x00009e5b vbranch     current mask and npc:   11111111111111111111111111111111 0x80000158, take_if=1, if_mask = 11111111111111111111111111111111
sm   0 warp 2 0x8000022c 0x80002373 x  6  00000040
sm   0 warp 3 0x80000158 0x1a0000ef x  1  8000015c
sm   0 warp 3 0x80000158 0x1a0000ef Jump? 1  800002f8
sm   1 warp 4 0x80000118 0x00410113 x  2  70001014
sm   1 warp 2 0x80000228 0x00852283 lsu.r x   5 op 0 @ 90404000+00000008
sm   1 warp 2 0x8000022c 0x80002373 x  6  00000040
sm   0 warp 0 0x80000240 0xffc12083 lsu.r x   1 op 3 @ 7000001c+fffffffc
sm   1 warp 3 0x80000158 0x1a0000ef x  1  8000015c
sm   1 warp 3 0x80000158 0x1a0000ef Jump? 1  800002f8
sm   0 warp 2 0x80000228 0x00852283 x  5  00000001
sm   1 warp 0 0x80000240 0xffc12083 lsu.r x   1 op 3 @ 7000001c+fffffffc
sm   0 warp 0 0x80000244 0xffc10113 x  2  70000018
sm   1 warp 2 0x80000228 0x00852283 x  5  00000001
sm   0 warp 0 0x80000240 0xffc12083 x  1  80000304
sm   1 warp 0 0x80000244 0xffc10113 x  2  70000018
sm   0 warp 0 0x8000023c 0x8a0e6057 v  0 11111111111111111111111111111111 0000001f 0000001e 0000001d 0000001c 0000001b 0000001a 00000019 00000018 00000017 00000016 00000015 00000014 00000013 00000012 00000011 00000010 0000000f 0000000e 0000000d 0000000c 0000000b 0000000a 00000009 00000008 00000007 00000006 00000005 00000004 00000003 00000002 00000001 00000000 
sm   1 warp 0 0x80000240 0xffc12083 x  1  80000304
sm   0 warp 2 0x80000230 0x5208a157 v  2 11111111111111111111111111111111 0000001f 0000001e 0000001d 0000001c 0000001b 0000001a 00000019 00000018 00000017 00000016 00000015 00000014 00000013 00000012 00000011 00000010 0000000f 0000000e 0000000d 0000000c 0000000b 0000000a 00000009 00000008 00000007 00000006 00000005 00000004 00000003 00000002 00000001 00000000 
sm   1 warp 0 0x8000023c 0x8a0e6057 v  0 11111111111111111111111111111111 0000001f 0000001e 0000001d 0000001c 0000001b 0000001a 00000019 00000018 00000017 00000016 00000015 00000014 00000013 00000012 00000011 00000010 0000000f 0000000e 0000000d 0000000c 0000000b 0000000a 00000009 00000008 00000007 00000006 00000005 00000004 00000003 00000002 00000001 00000000 
sm   0 warp 0 0x80000248 0x00008067 Jump? 1  80000304
sm   0 warp 0 0x80000248 0x00008067 x  0  8000024c
sm   0 warp 4 0x8000011c 0xfe112e23 lsu.w x   1 op 3 800000e0 @ 70001014+fffffffc
sm   1 warp 2 0x80000230 0x5208a157 v  2 11111111111111111111111111111111 0000001f 0000001e 0000001d 0000001c 0000001b 0000001a 00000019 00000018 00000017 00000016 00000015 00000014 00000013 00000012 00000011 00000010 0000000f 0000000e 0000000d 0000000c 0000000b 0000000a 00000009 00000008 00000007 00000006 00000005 00000004 00000003 00000002 00000001 00000000 
sm   0 warp 3 0x800002f8 0x00410113 x  2  70000c18
sm   1 warp 0 0x80000248 0x00008067 x  0  8000024c
sm   1 warp 4 0x8000011c 0xfe112e23 lsu.w x   1 op 3 800000e0 @ 70001014+fffffffc
sm   1 warp 0 0x80000248 0x00008067 Jump? 1  80000304
sm   0 warp 1 0x80000240 0xffc12083 lsu.r x   1 op 3 @ 7000041c+fffffffc
sm   0 warp 2 0x80000234 0x02234057 v  0 11111111111111111111111111111111 0000005f 0000005e 0000005d 0000005c 0000005b 0000005a 00000059 00000058 00000057 00000056 00000055 00000054 00000053 00000052 00000051 00000050 0000004f 0000004e 0000004d 0000004c 0000004b 0000004a 00000049 00000048 00000047 00000046 00000045 00000044 00000043 00000042 00000041 00000040 
sm   1 warp 3 0x800002f8 0x00410113 x  2  70000c18
sm   0 warp 1 0x80000244 0xffc10113 x  2  70000418
sm   1 warp 1 0x80000240 0xffc12083 lsu.r x   1 op 3 @ 7000041c+fffffffc
sm   1 warp 2 0x80000234 0x02234057 v  0 11111111111111111111111111111111 0000005f 0000005e 0000005d 0000005c 0000005b 0000005a 00000059 00000058 00000057 00000056 00000055 00000054 00000053 00000052 00000051 00000050 0000004f 0000004e 0000004d 0000004c 0000004b 0000004a 00000049 00000048 00000047 00000046 00000045 00000044 00000043 00000042 00000041 00000040 
sm   0 warp 4 0x8000011c 0xfe112e23 lsu.w finish
sm   0 warp 4 0x80000120 0x00200293 x  5  00000002
sm   0 warp 3 0x800002fc 0xfe112e23 lsu.w x   1 op 3 8000015c @ 70000c18+fffffffc
sm   1 warp 1 0x80000244 0xffc10113 x  2  70000418
sm   1 warp 4 0x8000011c 0xfe112e23 lsu.w finish
sm   0 warp 3 0x80000300 0xf1dff0ef Jump? 1  8000021c
sm   0 warp 3 0x80000300 0xf1dff0ef x  1  80000304
sm   0 warp 0 0x80000304 0x80302573 x 10  90404000
sm   1 warp 4 0x80000120 0x00200293 x  5  00000002
sm   1 warp 3 0x800002fc 0xfe112e23 lsu.w x   1 op 3 8000015c @ 70000c18+fffffffc
sm   0 warp 1 0x80000240 0xffc12083 x  1  80000304
sm   1 warp 3 0x80000300 0xf1dff0ef x  1  80000304
sm   1 warp 3 0x80000300 0xf1dff0ef Jump? 1  8000021c
sm   1 warp 0 0x80000304 0x80302573 x 10  90404000
sm   0 warp 2 0x80000238 0x01852e03 lsu.r x  28 op 0 @ 90404000+00000018
sm   0 warp 4 0x80000124 0x5e02c0d7 v  1 11111111111111111111111111111111 00000002 00000002 00000002 00000002 00000002 00000002 00000002 00000002 00000002 00000002 00000002 00000002 00000002 00000002 00000002 00000002 00000002 00000002 00000002 00000002 00000002 00000002 00000002 00000002 00000002 00000002 00000002 00000002 00000002 00000002 00000002 00000002 
sm   1 warp 1 0x80000240 0xffc12083 x  1  80000304
sm   0 warp 0 0x80000308 0x80802373 x  6  00000000
sm   0 warp 4 0x80000128 0x00000317 x  6  80000128
sm   1 warp 2 0x80000238 0x01852e03 lsu.r x  28 op 0 @ 90404000+00000018
sm   1 warp 4 0x80000124 0x5e02c0d7 v  1 11111111111111111111111111111111 00000002 00000002 00000002 00000002 00000002 00000002 00000002 00000002 00000002 00000002 00000002 00000002 00000002 00000002 00000002 00000002 00000002 00000002 00000002 00000002 00000002 00000002 00000002 00000002 00000002 00000002 00000002 00000002 00000002 00000002 00000002 00000002 
sm   0 warp 3 0x800002fc 0xfe112e23 lsu.w finish
sm   0 warp 1 0x80000248 0x00008067 Jump? 1  80000304
sm   0 warp 1 0x80000248 0x00008067 x  0  8000024c
sm   1 warp 0 0x80000308 0x80802373 x  6  00000001
sm   1 warp 4 0x80000128 0x00000317 x  6  80000128
sm   1 warp 3 0x800002fc 0xfe112e23 lsu.w finish
sm   0 warp 2 0x80000238 0x01852e03 x 28  00000020
sm   1 warp 1 0x80000248 0x00008067 x  0  8000024c
sm   1 warp 1 0x80000248 0x00008067 Jump? 1  80000304
sm   0 warp 3 0x8000021c 0x00410113 x  2  70000c1c
sm   0 warp 1 0x8000023c 0x8a0e6057 v  0 11111111111111111111111111111111 0000001f 0000001e 0000001d 0000001c 0000001b 0000001a 00000019 00000018 00000017 00000016 00000015 00000014 00000013 00000012 00000011 00000010 0000000f 0000000e 0000000d 0000000c 0000000b 0000000a 00000009 00000008 00000007 00000006 00000005 00000004 00000003 00000002 00000001 00000000 
sm 0 warp 4 0x8000012c 0x04c3305b  setrpc 0x80000174 
sm   0 warp 4 0x8000012c 0x04c3305b x  0  80000174
sm   0 warp 0 0x8000030c 0x01852e03 lsu.r x  28 op 0 @ 90404000+00000018
sm   1 warp 2 0x80000238 0x01852e03 x 28  00000020
sm   1 warp 3 0x8000021c 0x00410113 x  2  70000c1c
sm   1 warp 1 0x8000023c 0x8a0e6057 v  0 11111111111111111111111111111111 0000001f 0000001e 0000001d 0000001c 0000001b 0000001a 00000019 00000018 00000017 00000016 00000015 00000014 00000013 00000012 00000011 00000010 0000000f 0000000e 0000000d 0000000c 0000000b 0000000a 00000009 00000008 00000007 00000006 00000005 00000004 00000003 00000002 00000001 00000000 
sm 1 warp 4 0x8000012c 0x04c3305b  setrpc 0x80000174 
sm   1 warp 4 0x8000012c 0x04c3305b x  0  80000174
sm   1 warp 0 0x8000030c 0x01852e03 lsu.r x  28 op 0 @ 90404000+00000018
sm   0 warp 0 0x80000310 0x02452e83 lsu.r x  29 op 0 @ 90404000+00000024
sm   0 warp 0 0x8000030c 0x01852e03 x 28  00000020
sm   1 warp 0 0x80000310 0x02452e83 lsu.r x  29 op 0 @ 90404000+00000024
sm   0 warp 1 0x80000304 0x80302573 x 10  90404000
sm   1 warp 0 0x8000030c 0x01852e03 x 28  00000020
sm   0 warp 3 0x80000220 0xfe112e23 lsu.w x   1 op 3 80000304 @ 70000c1c+fffffffc
sm   0 warp 3 0x80000224 0x80302573 x 10  90404000
sm   1 warp 1 0x80000304 0x80302573 x 10  90404000
sm   0 warp 0 0x80000310 0x02452e83 x 29  00000000
sm   1 warp 3 0x80000220 0xfe112e23 lsu.w x   1 op 3 80000304 @ 70000c1c+fffffffc
sm   0 warp 1 0x80000308 0x80802373 x  6  00000000
sm   1 warp 3 0x80000224 0x80302573 x 10  90404000
sm   0 warp 2 0x80000244 0xffc10113 x  2  70000818
sm   1 warp 0 0x80000310 0x02452e83 x 29  00000000
sm   0 warp 2 0x80000240 0xffc12083 lsu.r x   1 op 3 @ 7000081c+fffffffc
sm   0 warp 0 0x80000314 0x03c30fb3 x 31  00000000
sm   1 warp 1 0x80000308 0x80802373 x  6  00000001
sm   1 warp 2 0x80000244 0xffc10113 x  2  70000818
sm   1 warp 2 0x80000240 0xffc12083 lsu.r x   1 op 3 @ 7000081c+fffffffc
sm   0 warp 3 0x80000220 0xfe112e23 lsu.w finish
sm   1 warp 0 0x80000314 0x03c30fb3 x 31  00000020
sm   0 warp 3 0x80000228 0x00852283 lsu.r x   5 op 0 @ 90404000+00000008
sm   1 warp 3 0x80000220 0xfe112e23 lsu.w finish
sm   0 warp 2 0x80000240 0xffc12083 x  1  80000304
sm   1 warp 3 0x80000228 0x00852283 lsu.r x   5 op 0 @ 90404000+00000008
sm   0 warp 3 0x8000022c 0x80002373 x  6  00000060
sm   0 warp 0 0x80000318 0x01df8fb3 x 31  00000000
sm   0 warp 1 0x8000030c 0x01852e03 lsu.r x  28 op 0 @ 90404000+00000018
sm   0 warp 3 0x80000230 0x5208a157 v  2 11111111111111111111111111111111 0000001f 0000001e 0000001d 0000001c 0000001b 0000001a 00000019 00000018 00000017 00000016 00000015 00000014 00000013 00000012 00000011 00000010 0000000f 0000000e 0000000d 0000000c 0000000b 0000000a 00000009 00000008 00000007 00000006 00000005 00000004 00000003 00000002 00000001 00000000 
sm   1 warp 2 0x80000240 0xffc12083 x  1  80000304
sm   1 warp 3 0x8000022c 0x80002373 x  6  00000060
sm   0 warp 3 0x80000228 0x00852283 x  5  00000001
sm   1 warp 0 0x80000318 0x01df8fb3 x 31  00000020
sm   1 warp 1 0x8000030c 0x01852e03 lsu.r x  28 op 0 @ 90404000+00000018
sm   1 warp 3 0x80000230 0x5208a157 v  2 11111111111111111111111111111111 0000001f 0000001e 0000001d 0000001c 0000001b 0000001a 00000019 00000018 00000017 00000016 00000015 00000014 00000013 00000012 00000011 00000010 0000000f 0000000e 0000000d 0000000c 0000000b 0000000a 00000009 00000008 00000007 00000006 00000005 00000004 00000003 00000002 00000001 00000000 
sm   0 warp 2 0x80000248 0x00008067 x  0  8000024c
sm   0 warp 2 0x80000248 0x00008067 Jump? 1  80000304
sm   1 warp 3 0x80000228 0x00852283 x  5  00000001
sm   0 warp 1 0x80000310 0x02452e83 lsu.r x  29 op 0 @ 90404000+00000024
sm   0 warp 0 0x8000031c 0x020fc057 v  0 11111111111111111111111111111111 0000001f 0000001e 0000001d 0000001c 0000001b 0000001a 00000019 00000018 00000017 00000016 00000015 00000014 00000013 00000012 00000011 00000010 0000000f 0000000e 0000000d 0000000c 0000000b 0000000a 00000009 00000008 00000007 00000006 00000005 00000004 00000003 00000002 00000001 00000000 
sm   1 warp 2 0x80000248 0x00008067 x  0  8000024c
sm   1 warp 2 0x80000248 0x00008067 Jump? 1  80000304
sm   0 warp 1 0x8000030c 0x01852e03 x 28  00000020
sm   1 warp 1 0x80000310 0x02452e83 lsu.r x  29 op 0 @ 90404000+00000024
sm   0 warp 3 0x80000234 0x02234057 v  0 11111111111111111111111111111111 0000007f 0000007e 0000007d 0000007c 0000007b 0000007a 00000079 00000078 00000077 00000076 00000075 00000074 00000073 00000072 00000071 00000070 0000006f 0000006e 0000006d 0000006c 0000006b 0000006a 00000069 00000068 00000067 00000066 00000065 00000064 00000063 00000062 00000061 00000060 
sm   0 warp 4 0x80000130 0x0200885b vbranch     current mask and npc:   11111111111111111111111111111111 0x80000134, take_if=1, if_mask = 11111111111111111111111111111111
sm   1 warp 0 0x8000031c 0x020fc057 v  0 11111111111111111111111111111111 0000003f 0000003e 0000003d 0000003c 0000003b 0000003a 00000039 00000038 00000037 00000036 00000035 00000034 00000033 00000032 00000031 00000030 0000002f 0000002e 0000002d 0000002c 0000002b 0000002a 00000029 00000028 00000027 00000026 00000025 00000024 00000023 00000022 00000021 00000020 
sm   1 warp 1 0x8000030c 0x01852e03 x 28  00000020
sm   1 warp 3 0x80000234 0x02234057 v  0 11111111111111111111111111111111 0000007f 0000007e 0000007d 0000007c 0000007b 0000007a 00000079 00000078 00000077 00000076 00000075 00000074 00000073 00000072 00000071 00000070 0000006f 0000006e 0000006d 0000006c 0000006b 0000006a 00000069 00000068 00000067 00000066 00000065 00000064 00000063 00000062 00000061 00000060 
sm   0 warp 1 0x80000310 0x02452e83 x 29  00000000
sm   0 warp 2 0x8000023c 0x8a0e6057 v  0 11111111111111111111111111111111 0000001f 0000001e 0000001d 0000001c 0000001b 0000001a 00000019 00000018 00000017 00000016 00000015 00000014 00000013 00000012 00000011 00000010 0000000f 0000000e 0000000d 0000000c 0000000b 0000000a 00000009 00000008 00000007 00000006 00000005 00000004 00000003 00000002 00000001 00000000 
sm   1 warp 4 0x80000130 0x0200885b vbranch     current mask and npc:   11111111111111111111111111111111 0x80000134, take_if=1, if_mask = 11111111111111111111111111111111
sm   1 warp 1 0x80000310 0x02452e83 x 29  00000000
sm   0 warp 0 0x80000320 0xffc12083 lsu.r x   1 op 3 @ 70000018+fffffffc
sm   1 warp 2 0x8000023c 0x8a0e6057 v  0 11111111111111111111111111111111 0000001f 0000001e 0000001d 0000001c 0000001b 0000001a 00000019 00000018 00000017 00000016 00000015 00000014 00000013 00000012 00000011 00000010 0000000f 0000000e 0000000d 0000000c 0000000b 0000000a 00000009 00000008 00000007 00000006 00000005 00000004 00000003 00000002 00000001 00000000 
sm   0 warp 4 0x80000134 0x00100293 x  5  00000001
sm   0 warp 0 0x80000324 0xffc10113 x  2  70000014
sm   1 warp 0 0x80000320 0xffc12083 lsu.r x   1 op 3 @ 70000018+fffffffc
sm   0 warp 1 0x80000314 0x03c30fb3 x 31  00000000
sm   1 warp 4 0x80000134 0x00100293 x  5  00000001
sm   0 warp 3 0x80000238 0x01852e03 lsu.r x  28 op 0 @ 90404000+00000018
sm   0 warp 2 0x80000304 0x80302573 x 10  90404000
sm   1 warp 0 0x80000324 0xffc10113 x  2  70000014
sm   0 warp 0 0x80000320 0xffc12083 x  1  8000015c
sm   1 warp 1 0x80000314 0x03c30fb3 x 31  00000020
sm   1 warp 3 0x80000238 0x01852e03 lsu.r x  28 op 0 @ 90404000+00000018
sm   0 warp 4 0x80000138 0x5e02c0d7 v  1 11111111111111111111111111111111 00000001 00000001 00000001 00000001 00000001 00000001 00000001 00000001 00000001 00000001 00000001 00000001 00000001 00000001 00000001 00000001 00000001 00000001 00000001 00000001 00000001 00000001 00000001 00000001 00000001 00000001 00000001 00000001 00000001 00000001 00000001 00000001 
sm   1 warp 2 0x80000304 0x80302573 x 10  90404000
sm   1 warp 0 0x80000320 0xffc12083 x  1  8000015c
sm   0 warp 1 0x80000318 0x01df8fb3 x 31  00000000
sm   1 warp 4 0x80000138 0x5e02c0d7 v  1 11111111111111111111111111111111 00000001 00000001 00000001 00000001 00000001 00000001 00000001 00000001 00000001 00000001 00000001 00000001 00000001 00000001 00000001 00000001 00000001 00000001 00000001 00000001 00000001 00000001 00000001 00000001 00000001 00000001 00000001 00000001 00000001 00000001 00000001 00000001 
sm   0 warp 2 0x80000308 0x80802373 x  6  00000000
sm   0 warp 4 0x8000013c 0x00000317 x  6  8000013c
sm   1 warp 1 0x80000318 0x01df8fb3 x 31  00000020
sm   0 warp 0 0x80000328 0x00008067 x  0  8000032c
sm   0 warp 0 0x80000328 0x00008067 Jump? 1  8000015c
sm   1 warp 2 0x80000308 0x80802373 x  6  00000001
sm   1 warp 4 0x8000013c 0x00000317 x  6  8000013c
sm   0 warp 3 0x80000238 0x01852e03 x 28  00000020
sm   0 warp 1 0x8000031c 0x020fc057 v  0 11111111111111111111111111111111 0000001f 0000001e 0000001d 0000001c 0000001b 0000001a 00000019 00000018 00000017 00000016 00000015 00000014 00000013 00000012 00000011 00000010 0000000f 0000000e 0000000d 0000000c 0000000b 0000000a 00000009 00000008 00000007 00000006 00000005 00000004 00000003 00000002 00000001 00000000 
sm   1 warp 0 0x80000328 0x00008067 x  0  8000032c
sm   1 warp 0 0x80000328 0x00008067 Jump? 1  8000015c
sm 0 warp 4 0x80000140 0x0383305b  setrpc 0x80000174 
sm   0 warp 4 0x80000140 0x0383305b x  0  80000174
sm   1 warp 3 0x80000238 0x01852e03 x 28  00000020
sm   0 warp 2 0x8000030c 0x01852e03 lsu.r x  28 op 0 @ 90404000+00000018
sm   1 warp 1 0x8000031c 0x020fc057 v  0 11111111111111111111111111111111 0000003f 0000003e 0000003d 0000003c 0000003b 0000003a 00000039 00000038 00000037 00000036 00000035 00000034 00000033 00000032 00000031 00000030 0000002f 0000002e 0000002d 0000002c 0000002b 0000002a 00000029 00000028 00000027 00000026 00000025 00000024 00000023 00000022 00000021 00000020 
sm 1 warp 4 0x80000140 0x0383305b  setrpc 0x80000174 
sm   1 warp 4 0x80000140 0x0383305b x  0  80000174
sm   1 warp 2 0x8000030c 0x01852e03 lsu.r x  28 op 0 @ 90404000+00000018
sm   0 warp 0 0x8000015c 0x0180006f x  0  80000160
sm   0 warp 1 0x80000320 0xffc12083 lsu.r x   1 op 3 @ 70000418+fffffffc
sm   0 warp 0 0x8000015c 0x0180006f Jump? 1  80000174
[L1C] #    930 SM 0 CACHE 0 ADDR 80000180
sm   0 warp 2 0x8000030c 0x01852e03 x 28  00000020
sm   1 warp 0 0x8000015c 0x0180006f x  0  80000160
sm   0 warp 4 0x80000144 0x0200825b vbranch     current mask and npc:   11111111111111111111111111111111 0x80000148, take_if=1, if_mask = 11111111111111111111111111111111
sm   1 warp 1 0x80000320 0xffc12083 lsu.r x   1 op 3 @ 70000418+fffffffc
sm   0 warp 1 0x80000324 0xffc10113 x  2  70000414
sm   1 warp 0 0x8000015c 0x0180006f Jump? 1  80000174
[L1C] #    932 SM 1 CACHE 0 ADDR 80000180
sm   1 warp 2 0x8000030c 0x01852e03 x 28  00000020
sm   0 warp 2 0x80000310 0x02452e83 lsu.r x  29 op 0 @ 90404000+00000024
sm   1 warp 4 0x80000144 0x0200825b vbranch     current mask and npc:   11111111111111111111111111111111 0x80000148, take_if=1, if_mask = 11111111111111111111111111111111
sm   1 warp 1 0x80000324 0xffc10113 x  2  70000414
sm   0 warp 1 0x80000320 0xffc12083 x  1  8000015c
sm   1 warp 2 0x80000310 0x02452e83 lsu.r x  29 op 0 @ 90404000+00000024
sm   0 warp 4 0x80000148 0x5e0040d7 v  1 11111111111111111111111111111111 00000000 00000000 00000000 00000000 00000000 00000000 00000000 00000000 00000000 00000000 00000000 00000000 00000000 00000000 00000000 00000000 00000000 00000000 00000000 00000000 00000000 00000000 00000000 00000000 00000000 00000000 00000000 00000000 00000000 00000000 00000000 00000000 
sm   0 warp 0 0x80000174 0x0000205b Jump? 0  00000000
sm   1 warp 1 0x80000320 0xffc12083 x  1  8000015c
sm   0 warp 0 0x80000174 0x0000205b join    mask and npc:    00001011000111111100110000000010 0xcb1bb819 pop stack ? 0
sm   0 warp 3 0x80000240 0xffc12083 lsu.r x   1 op 3 @ 70000c1c+fffffffc
sm   0 warp 4 0x8000014c 0x00000317 x  6  8000014c
sm   1 warp 4 0x80000148 0x5e0040d7 v  1 11111111111111111111111111111111 00000000 00000000 00000000 00000000 00000000 00000000 00000000 00000000 00000000 00000000 00000000 00000000 00000000 00000000 00000000 00000000 00000000 00000000 00000000 00000000 00000000 00000000 00000000 00000000 00000000 00000000 00000000 00000000 00000000 00000000 00000000 00000000 
sm   0 warp 3 0x80000244 0xffc10113 x  2  70000c18
sm   1 warp 3 0x80000240 0xffc12083 lsu.r x   1 op 3 @ 70000c1c+fffffffc
sm   1 warp 0 0x80000174 0x0000205b Jump? 0  00000000
sm   1 warp 0 0x80000174 0x0000205b join    mask and npc:    00000001001000000001010111001001 0xdd6d4d58 pop stack ? 0
sm   0 warp 2 0x80000314 0x03c30fb3 x 31  00000000
sm   1 warp 4 0x8000014c 0x00000317 x  6  8000014c
sm   0 warp 1 0x80000328 0x00008067 x  0  8000032c
sm   1 warp 3 0x80000244 0xffc10113 x  2  70000c18
sm   0 warp 1 0x80000328 0x00008067 Jump? 1  8000015c
sm   1 warp 2 0x80000314 0x03c30fb3 x 31  00000020
sm   0 warp 2 0x80000310 0x02452e83 x 29  00000000
sm   1 warp 1 0x80000328 0x00008067 x  0  8000032c
sm   0 warp 3 0x80000240 0xffc12083 x  1  80000304
sm   1 warp 1 0x80000328 0x00008067 Jump? 1  8000015c
sm   1 warp 2 0x80000310 0x02452e83 x 29  00000000
sm   0 warp 0 0x8000017c 0xffc10113 x  2  70000010
sm   1 warp 3 0x80000240 0xffc12083 x  1  80000304
sm   0 warp 0 0x80000178 0xffc12083 lsu.r x   1 op 3 @ 70000014+fffffffc
sm   0 warp 2 0x80000318 0x01df8fb3 x 31  00000000
sm   1 warp 0 0x8000017c 0xffc10113 x  2  70000010
sm   1 warp 0 0x80000178 0xffc12083 lsu.r x   1 op 3 @ 70000014+fffffffc
sm   0 warp 3 0x80000248 0x00008067 Jump? 1  80000304
sm   0 warp 3 0x80000248 0x00008067 x  0  8000024c
sm   1 warp 2 0x80000318 0x01df8fb3 x 31  00000020
sm   0 warp 0 0x80000178 0xffc12083 x  1  800000e0
sm   1 warp 3 0x80000248 0x00008067 x  0  8000024c
sm   1 warp 3 0x80000248 0x00008067 Jump? 1  80000304
sm   0 warp 2 0x8000031c 0x020fc057 v  0 11111111111111111111111111111111 0000001f 0000001e 0000001d 0000001c 0000001b 0000001a 00000019 00000018 00000017 00000016 00000015 00000014 00000013 00000012 00000011 00000010 0000000f 0000000e 0000000d 0000000c 0000000b 0000000a 00000009 00000008 00000007 00000006 00000005 00000004 00000003 00000002 00000001 00000000 
sm   1 warp 0 0x80000178 0xffc12083 x  1  800000e0
sm   0 warp 3 0x8000023c 0x8a0e6057 v  0 11111111111111111111111111111111 0000001f 0000001e 0000001d 0000001c 0000001b 0000001a 00000019 00000018 00000017 00000016 00000015 00000014 00000013 00000012 00000011 00000010 0000000f 0000000e 0000000d 0000000c 0000000b 0000000a 00000009 00000008 00000007 00000006 00000005 00000004 00000003 00000002 00000001 00000000 
sm   1 warp 2 0x8000031c 0x020fc057 v  0 11111111111111111111111111111111 0000003f 0000003e 0000003d 0000003c 0000003b 0000003a 00000039 00000038 00000037 00000036 00000035 00000034 00000033 00000032 00000031 00000030 0000002f 0000002e 0000002d 0000002c 0000002b 0000002a 00000029 00000028 00000027 00000026 00000025 00000024 00000023 00000022 00000021 00000020 
sm   0 warp 0 0x80000180 0x00008067 x  0  80000184
sm   0 warp 0 0x80000180 0x00008067 Jump? 1  800000e0
sm   1 warp 3 0x8000023c 0x8a0e6057 v  0 11111111111111111111111111111111 0000001f 0000001e 0000001d 0000001c 0000001b 0000001a 00000019 00000018 00000017 00000016 00000015 00000014 00000013 00000012 00000011 00000010 0000000f 0000000e 0000000d 0000000c 0000000b 0000000a 00000009 00000008 00000007 00000006 00000005 00000004 00000003 00000002 00000001 00000000 
sm   0 warp 1 0x8000015c 0x0180006f Jump? 1  80000174
sm   0 warp 1 0x8000015c 0x0180006f x  0  80000160
sm   1 warp 0 0x80000180 0x00008067 x  0  80000184
sm   0 warp 2 0x80000320 0xffc12083 lsu.r x   1 op 3 @ 70000818+fffffffc
sm   1 warp 0 0x80000180 0x00008067 Jump? 1  800000e0
sm   1 warp 1 0x8000015c 0x0180006f x  0  80000160
sm   1 warp 2 0x80000320 0xffc12083 lsu.r x   1 op 3 @ 70000818+fffffffc
sm   1 warp 1 0x8000015c 0x0180006f Jump? 1  80000174
sm   0 warp 2 0x80000324 0xffc10113 x  2  70000814
sm   0 warp 2 0x80000320 0xffc12083 x  1  8000015c
sm   1 warp 2 0x80000324 0xffc10113 x  2  70000814
sm   1 warp 2 0x80000320 0xffc12083 x  1  8000015c
sm   0 warp 0 0x800000e0 0x96013057 v  0 11111111111111111111111111111111 0000007c 00000078 00000074 00000070 0000006c 00000068 00000064 00000060 0000005c 00000058 00000054 00000050 0000004c 00000048 00000044 00000040 0000003c 00000038 00000034 00000030 0000002c 00000028 00000024 00000020 0000001c 00000018 00000014 00000010 0000000c 00000008 00000004 00000000 
sm   0 warp 2 0x80000328 0x00008067 Jump? 1  8000015c
sm   0 warp 2 0x80000328 0x00008067 x  0  8000032c
sm   0 warp 1 0x80000174 0x0000205b join    mask and npc:    11111101011010010111011011000101 0x12688d1a pop stack ? 0
sm   1 warp 0 0x800000e0 0x96013057 v  0 11111111111111111111111111111111 000000fc 000000f8 000000f4 000000f0 000000ec 000000e8 000000e4 000000e0 000000dc 000000d8 000000d4 000000d0 000000cc 000000c8 000000c4 000000c0 000000bc 000000b8 000000b4 000000b0 000000ac 000000a8 000000a4 000000a0 0000009c 00000098 00000094 00000090 0000008c 00000088 00000084 00000080 
sm   0 warp 1 0x80000174 0x0000205b Jump? 0  00000000
sm   1 warp 2 0x80000328 0x00008067 x  0  8000032c
sm   1 warp 2 0x80000328 0x00008067 Jump? 1  8000015c
sm   1 warp 1 0x80000174 0x0000205b join    mask and npc:    00010111100110100000010001100010 0x9ebf1347 pop stack ? 0
sm   0 warp 0 0x800000e4 0xff412303 lsu.r x   6 op 3 @ 70000010+fffffff4
sm   1 warp 1 0x80000174 0x0000205b Jump? 0  00000000
sm   1 warp 0 0x800000e4 0xff412303 lsu.r x   6 op 3 @ 70000010+fffffff4
sm   0 warp 1 0x80000178 0xffc12083 lsu.r x   1 op 3 @ 70000414+fffffffc
sm   0 warp 2 0x8000015c 0x0180006f Jump? 1  80000174
sm   0 warp 2 0x8000015c 0x0180006f x  0  80000160
sm   1 warp 1 0x80000178 0xffc12083 lsu.r x   1 op 3 @ 70000414+fffffffc
sm   0 warp 1 0x8000017c 0xffc10113 x  2  70000410
sm   1 warp 2 0x8000015c 0x0180006f x  0  80000160
sm   1 warp 2 0x8000015c 0x0180006f Jump? 1  80000174
sm   0 warp 0 0x800000e4 0xff412303 x  6  90000000
sm   1 warp 1 0x8000017c 0xffc10113 x  2  70000410
sm   0 warp 1 0x80000178 0xffc12083 x  1  800000e0
sm   1 warp 0 0x800000e4 0xff412303 x  6  90000000
sm   1 warp 1 0x80000178 0xffc12083 x  1  800000e0
sm   0 warp 2 0x80000174 0x0000205b Jump? 0  00000000
sm   0 warp 2 0x80000174 0x0000205b join    mask and npc:    00001111011001011100110111010111 0xba1655f7 pop stack ? 0
sm   0 warp 0 0x800000e8 0x020340d7 v  1 11111111111111111111111111111111 9000007c 90000078 90000074 90000070 9000006c 90000068 90000064 90000060 9000005c 90000058 90000054 90000050 9000004c 90000048 90000044 90000040 9000003c 90000038 90000034 90000030 9000002c 90000028 90000024 90000020 9000001c 90000018 90000014 90000010 9000000c 90000008 90000004 90000000 
sm   1 warp 2 0x80000174 0x0000205b Jump? 0  00000000
sm   1 warp 2 0x80000174 0x0000205b join    mask and npc:    11101011001111100111100011010111 0xf3350197 pop stack ? 0
sm   0 warp 1 0x80000180 0x00008067 Jump? 1  800000e0
sm   0 warp 1 0x80000180 0x00008067 x  0  80000184
sm   1 warp 0 0x800000e8 0x020340d7 v  1 11111111111111111111111111111111 900000fc 900000f8 900000f4 900000f0 900000ec 900000e8 900000e4 900000e0 900000dc 900000d8 900000d4 900000d0 900000cc 900000c8 900000c4 900000c0 900000bc 900000b8 900000b4 900000b0 900000ac 900000a8 900000a4 900000a0 9000009c 90000098 90000094 90000090 9000008c 90000088 90000084 90000080 
sm   1 warp 1 0x80000180 0x00008067 x  0  80000184
sm   1 warp 1 0x80000180 0x00008067 Jump? 1  800000e0
sm   0 warp 2 0x80000178 0xffc12083 lsu.r x   1 op 3 @ 70000814+fffffffc
sm   1 warp 2 0x80000178 0xffc12083 lsu.r x   1 op 3 @ 70000814+fffffffc
sm   0 warp 2 0x8000017c 0xffc10113 x  2  70000810
sm   0 warp 0 0x800000ec 0x0000a0fb lsu.r v  1 op 3 @ 9000007c 90000078 90000074 90000070 9000006c 90000068 90000064 90000060 9000005c 90000058 90000054 90000050 9000004c 90000048 90000044 90000040 9000003c 90000038 90000034 90000030 9000002c 90000028 90000024 90000020 9000001c 90000018 90000014 90000010 9000000c 90000008 90000004 90000000
sm   0 warp 3 0x80000304 0x80302573 x 10  90404000
sm   0 warp 2 0x80000178 0xffc12083 x  1  800000e0
sm   1 warp 2 0x8000017c 0xffc10113 x  2  70000810
sm   1 warp 0 0x800000ec 0x0000a0fb lsu.r v  1 op 3 @ 900000fc 900000f8 900000f4 900000f0 900000ec 900000e8 900000e4 900000e0 900000dc 900000d8 900000d4 900000d0 900000cc 900000c8 900000c4 900000c0 900000bc 900000b8 900000b4 900000b0 900000ac 900000a8 900000a4 900000a0 9000009c 90000098 90000094 90000090 9000008c 90000088 90000084 90000080
sm   1 warp 3 0x80000304 0x80302573 x 10  90404000
sm   1 warp 2 0x80000178 0xffc12083 x  1  800000e0
sm   0 warp 0 0x800000f0 0xff812283 lsu.r x   5 op 3 @ 70000010+fffffff8
[L1C] #    996 SM 0 CACHE 1 ADDR 90000000
sm   0 warp 3 0x80000308 0x80802373 x  6  00000000
sm   1 warp 0 0x800000f0 0xff812283 lsu.r x   5 op 3 @ 70000010+fffffff8
sm   0 warp 1 0x800000e0 0x96013057 v  0 11111111111111111111111111111111 0000007c 00000078 00000074 00000070 0000006c 00000068 00000064 00000060 0000005c 00000058 00000054 00000050 0000004c 00000048 00000044 00000040 0000003c 00000038 00000034 00000030 0000002c 00000028 00000024 00000020 0000001c 00000018 00000014 00000010 0000000c 00000008 00000004 00000000 
[L1C] #    998 SM 1 CACHE 1 ADDR 90000080
sm   0 warp 2 0x80000180 0x00008067 x  0  80000184
sm   0 warp 2 0x80000180 0x00008067 Jump? 1  800000e0
sm   1 warp 3 0x80000308 0x80802373 x  6  00000001
sm   1 warp 1 0x800000e0 0x96013057 v  0 11111111111111111111111111111111 000000fc 000000f8 000000f4 000000f0 000000ec 000000e8 000000e4 000000e0 000000dc 000000d8 000000d4 000000d0 000000cc 000000c8 000000c4 000000c0 000000bc 000000b8 000000b4 000000b0 000000ac 000000a8 000000a4 000000a0 0000009c 00000098 00000094 00000090 0000008c 00000088 00000084 00000080 
sm   0 warp 0 0x800000f0 0xff812283 x  5  90001000
sm   1 warp 2 0x80000180 0x00008067 x  0  80000184
sm   1 warp 2 0x80000180 0x00008067 Jump? 1  800000e0
sm   1 warp 0 0x800000f0 0xff812283 x  5  90001000
sm   0 warp 3 0x8000030c 0x01852e03 lsu.r x  28 op 0 @ 90404000+00000018
sm   1 warp 3 0x8000030c 0x01852e03 lsu.r x  28 op 0 @ 90404000+00000018
sm   0 warp 1 0x800000e4 0xff412303 lsu.r x   6 op 3 @ 70000410+fffffff4
sm   0 warp 0 0x800000f4 0x0202c157 v  2 11111111111111111111111111111111 9000107c 90001078 90001074 90001070 9000106c 90001068 90001064 90001060 9000105c 90001058 90001054 90001050 9000104c 90001048 90001044 90001040 9000103c 90001038 90001034 90001030 9000102c 90001028 90001024 90001020 9000101c 90001018 90001014 90001010 9000100c 90001008 90001004 90001000 
sm   0 warp 3 0x8000030c 0x01852e03 x 28  00000020
sm   1 warp 1 0x800000e4 0xff412303 lsu.r x   6 op 3 @ 70000410+fffffff4
sm   1 warp 0 0x800000f4 0x0202c157 v  2 11111111111111111111111111111111 900010fc 900010f8 900010f4 900010f0 900010ec 900010e8 900010e4 900010e0 900010dc 900010d8 900010d4 900010d0 900010cc 900010c8 900010c4 900010c0 900010bc 900010b8 900010b4 900010b0 900010ac 900010a8 900010a4 900010a0 9000109c 90001098 90001094 90001090 9000108c 90001088 90001084 90001080 
sm   0 warp 3 0x80000310 0x02452e83 lsu.r x  29 op 0 @ 90404000+00000024
sm   0 warp 2 0x800000e0 0x96013057 v  0 11111111111111111111111111111111 0000007c 00000078 00000074 00000070 0000006c 00000068 00000064 00000060 0000005c 00000058 00000054 00000050 0000004c 00000048 00000044 00000040 0000003c 00000038 00000034 00000030 0000002c 00000028 00000024 00000020 0000001c 00000018 00000014 00000010 0000000c 00000008 00000004 00000000 
sm   1 warp 3 0x8000030c 0x01852e03 x 28  00000020
sm   0 warp 1 0x800000e4 0xff412303 x  6  90000000
sm   1 warp 3 0x80000310 0x02452e83 lsu.r x  29 op 0 @ 90404000+00000024
sm   1 warp 2 0x800000e0 0x96013057 v  0 11111111111111111111111111111111 000000fc 000000f8 000000f4 000000f0 000000ec 000000e8 000000e4 000000e0 000000dc 000000d8 000000d4 000000d0 000000cc 000000c8 000000c4 000000c0 000000bc 000000b8 000000b4 000000b0 000000ac 000000a8 000000a4 000000a0 0000009c 00000098 00000094 00000090 0000008c 00000088 00000084 00000080 
sm   1 warp 1 0x800000e4 0xff412303 x  6  90000000
sm   0 warp 0 0x800000f8 0x0001217b lsu.r v  2 op 3 @ 9000107c 90001078 90001074 90001070 9000106c 90001068 90001064 90001060 9000105c 90001058 90001054 90001050 9000104c 90001048 90001044 90001040 9000103c 90001038 90001034 90001030 9000102c 90001028 90001024 90001020 9000101c 90001018 90001014 90001010 9000100c 90001008 90001004 90001000
sm   0 warp 3 0x80000314 0x03c30fb3 x 31  00000000
sm   0 warp 0 0x800000ec 0x0000a0fb v  1 11111111111111111111111111111111 41f80000 41f00000 41e80000 41e00000 41d80000 41d00000 41c80000 41c00000 41b80000 41b00000 41a80000 41a00000 41980000 41900000 41880000 41800000 41700000 41600000 41500000 41400000 41300000 41200000 41100000 41000000 40e00000 40c00000 40a00000 40800000 40400000 40000000 3f800000 00000000 
sm   1 warp 0 0x800000f8 0x0001217b lsu.r v  2 op 3 @ 900010fc 900010f8 900010f4 900010f0 900010ec 900010e8 900010e4 900010e0 900010dc 900010d8 900010d4 900010d0 900010cc 900010c8 900010c4 900010c0 900010bc 900010b8 900010b4 900010b0 900010ac 900010a8 900010a4 900010a0 9000109c 90001098 90001094 90001090 9000108c 90001088 90001084 90001080
sm   0 warp 1 0x800000e8 0x020340d7 v  1 11111111111111111111111111111111 9000007c 90000078 90000074 90000070 9000006c 90000068 90000064 90000060 9000005c 90000058 90000054 90000050 9000004c 90000048 90000044 90000040 9000003c 90000038 90000034 90000030 9000002c 90000028 90000024 90000020 9000001c 90000018 90000014 90000010 9000000c 90000008 90000004 90000000 
sm   1 warp 3 0x80000314 0x03c30fb3 x 31  00000020
sm   0 warp 2 0x800000e4 0xff412303 lsu.r x   6 op 3 @ 70000810+fffffff4
sm   1 warp 0 0x800000ec 0x0000a0fb v  1 11111111111111111111111111111111 427c0000 42780000 42740000 42700000 426c0000 42680000 42640000 42600000 425c0000 42580000 42540000 42500000 424c0000 42480000 42440000 42400000 423c0000 42380000 42340000 42300000 422c0000 42280000 42240000 42200000 421c0000 42180000 42140000 42100000 420c0000 42080000 42040000 42000000 
[L1C] #   1018 SM 0 CACHE 1 ADDR 90001000
sm   1 warp 1 0x800000e8 0x020340d7 v  1 11111111111111111111111111111111 900000fc 900000f8 900000f4 900000f0 900000ec 900000e8 900000e4 900000e0 900000dc 900000d8 900000d4 900000d0 900000cc 900000c8 900000c4 900000c0 900000bc 900000b8 900000b4 900000b0 900000ac 900000a8 900000a4 900000a0 9000009c 90000098 90000094 90000090 9000008c 90000088 90000084 90000080 
sm   0 warp 3 0x80000310 0x02452e83 x 29  00000000
sm   1 warp 2 0x800000e4 0xff412303 lsu.r x   6 op 3 @ 70000810+fffffff4
[L1C] #   1020 SM 1 CACHE 1 ADDR 90001080
sm   1 warp 3 0x80000310 0x02452e83 x 29  00000000
sm   0 warp 2 0x800000e4 0xff412303 x  6  90000000
sm   0 warp 3 0x80000318 0x01df8fb3 x 31  00000000
sm   1 warp 2 0x800000e4 0xff412303 x  6  90000000
sm   0 warp 1 0x800000ec 0x0000a0fb lsu.r v  1 op 3 @ 9000007c 90000078 90000074 90000070 9000006c 90000068 90000064 90000060 9000005c 90000058 90000054 90000050 9000004c 90000048 90000044 90000040 9000003c 90000038 90000034 90000030 9000002c 90000028 90000024 90000020 9000001c 90000018 90000014 90000010 9000000c 90000008 90000004 90000000
sm 0 warp 4 0x80000150 0x0283305b  setrpc 0x80000174 
sm   0 warp 4 0x80000150 0x0283305b x  0  80000174
sm   1 warp 3 0x80000318 0x01df8fb3 x 31  00000020
sm   1 warp 1 0x800000ec 0x0000a0fb lsu.r v  1 op 3 @ 900000fc 900000f8 900000f4 900000f0 900000ec 900000e8 900000e4 900000e0 900000dc 900000d8 900000d4 900000d0 900000cc 900000c8 900000c4 900000c0 900000bc 900000b8 900000b4 900000b0 900000ac 900000a8 900000a4 900000a0 9000009c 90000098 90000094 90000090 9000008c 90000088 90000084 90000080
sm 1 warp 4 0x80000150 0x0283305b  setrpc 0x80000174 
sm   0 warp 1 0x800000f0 0xff812283 lsu.r x   5 op 3 @ 70000410+fffffff8
sm   0 warp 2 0x800000e8 0x020340d7 v  1 11111111111111111111111111111111 9000007c 90000078 90000074 90000070 9000006c 90000068 90000064 90000060 9000005c 90000058 90000054 90000050 9000004c 90000048 90000044 90000040 9000003c 90000038 90000034 90000030 9000002c 90000028 90000024 90000020 9000001c 90000018 90000014 90000010 9000000c 90000008 90000004 90000000 
sm   1 warp 4 0x80000150 0x0283305b x  0  80000174
sm   1 warp 1 0x800000f0 0xff812283 lsu.r x   5 op 3 @ 70000410+fffffff8
sm   0 warp 3 0x8000031c 0x020fc057 v  0 11111111111111111111111111111111 0000001f 0000001e 0000001d 0000001c 0000001b 0000001a 00000019 00000018 00000017 00000016 00000015 00000014 00000013 00000012 00000011 00000010 0000000f 0000000e 0000000d 0000000c 0000000b 0000000a 00000009 00000008 00000007 00000006 00000005 00000004 00000003 00000002 00000001 00000000 
sm   1 warp 2 0x800000e8 0x020340d7 v  1 11111111111111111111111111111111 900000fc 900000f8 900000f4 900000f0 900000ec 900000e8 900000e4 900000e0 900000dc 900000d8 900000d4 900000d0 900000cc 900000c8 900000c4 900000c0 900000bc 900000b8 900000b4 900000b0 900000ac 900000a8 900000a4 900000a0 9000009c 90000098 90000094 90000090 9000008c 90000088 90000084 90000080 
sm   0 warp 4 0x80000154 0x00009e5b vbranch     current mask and npc:   11111111111111111111111111111111 0x80000158, take_if=1, if_mask = 11111111111111111111111111111111
sm   0 warp 1 0x800000ec 0x0000a0fb v  1 11111111111111111111111111111111 41f80000 41f00000 41e80000 41e00000 41d80000 41d00000 41c80000 41c00000 41b80000 41b00000 41a80000 41a00000 41980000 41900000 41880000 41800000 41700000 41600000 41500000 41400000 41300000 41200000 41100000 41000000 40e00000 40c00000 40a00000 40800000 40400000 40000000 3f800000 00000000 
sm   1 warp 3 0x8000031c 0x020fc057 v  0 11111111111111111111111111111111 0000003f 0000003e 0000003d 0000003c 0000003b 0000003a 00000039 00000038 00000037 00000036 00000035 00000034 00000033 00000032 00000031 00000030 0000002f 0000002e 0000002d 0000002c 0000002b 0000002a 00000029 00000028 00000027 00000026 00000025 00000024 00000023 00000022 00000021 00000020 
sm   0 warp 5 0x80000118 0x00410113 x  2  70001414
sm   1 warp 4 0x80000154 0x00009e5b vbranch     current mask and npc:   11111111111111111111111111111111 0x80000158, take_if=1, if_mask = 11111111111111111111111111111111
sm   0 warp 4 0x80000158 0x1a0000ef Jump? 1  800002f8
sm   0 warp 4 0x80000158 0x1a0000ef x  1  8000015c
sm   1 warp 1 0x800000ec 0x0000a0fb v  1 11111111111111111111111111111111 427c0000 42780000 42740000 42700000 426c0000 42680000 42640000 42600000 425c0000 42580000 42540000 42500000 424c0000 42480000 42440000 42400000 423c0000 42380000 42340000 42300000 422c0000 42280000 42240000 42200000 421c0000 42180000 42140000 42100000 420c0000 42080000 42040000 42000000 
sm   0 warp 2 0x800000ec 0x0000a0fb lsu.r v  1 op 3 @ 9000007c 90000078 90000074 90000070 9000006c 90000068 90000064 90000060 9000005c 90000058 90000054 90000050 9000004c 90000048 90000044 90000040 9000003c 90000038 90000034 90000030 9000002c 90000028 90000024 90000020 9000001c 90000018 90000014 90000010 9000000c 90000008 90000004 90000000
sm   1 warp 5 0x80000118 0x00410113 x  2  70001414
sm   0 warp 1 0x800000f0 0xff812283 x  5  90001000
sm   1 warp 4 0x80000158 0x1a0000ef x  1  8000015c
sm   1 warp 2 0x800000ec 0x0000a0fb lsu.r v  1 op 3 @ 900000fc 900000f8 900000f4 900000f0 900000ec 900000e8 900000e4 900000e0 900000dc 900000d8 900000d4 900000d0 900000cc 900000c8 900000c4 900000c0 900000bc 900000b8 900000b4 900000b0 900000ac 900000a8 900000a4 900000a0 9000009c 90000098 90000094 90000090 9000008c 90000088 90000084 90000080
sm   1 warp 4 0x80000158 0x1a0000ef Jump? 1  800002f8
sm   0 warp 3 0x80000324 0xffc10113 x  2  70000c14
sm   1 warp 1 0x800000f0 0xff812283 x  5  90001000
sm   0 warp 3 0x80000320 0xffc12083 lsu.r x   1 op 3 @ 70000c18+fffffffc
sm   1 warp 3 0x80000320 0xffc12083 lsu.r x   1 op 3 @ 70000c18+fffffffc
sm   0 warp 0 0x800000f8 0x0001217b v  2 11111111111111111111111111111111 44784000 44788000 4478c000 44790000 44794000 44798000 4479c000 447a0000 447a4000 447a8000 447ac000 447b0000 447b4000 447b8000 447bc000 447c0000 447c4000 447c8000 447cc000 447d0000 447d4000 447d8000 447dc000 447e0000 447e4000 447e8000 447ec000 447f0000 447f4000 447f8000 447fc000 44800000 
sm   1 warp 3 0x80000324 0xffc10113 x  2  70000c14
sm   0 warp 2 0x800000f0 0xff812283 lsu.r x   5 op 3 @ 70000810+fffffff8
sm   0 warp 1 0x800000f4 0x0202c157 v  2 11111111111111111111111111111111 9000107c 90001078 90001074 90001070 9000106c 90001068 90001064 90001060 9000105c 90001058 90001054 90001050 9000104c 90001048 90001044 90001040 9000103c 90001038 90001034 90001030 9000102c 90001028 90001024 90001020 9000101c 90001018 90001014 90001010 9000100c 90001008 90001004 90001000 
sm   1 warp 0 0x800000f8 0x0001217b v  2 11111111111111111111111111111111 44704000 44708000 4470c000 44710000 44714000 44718000 4471c000 44720000 44724000 44728000 4472c000 44730000 44734000 44738000 4473c000 44740000 44744000 44748000 4474c000 44750000 44754000 44758000 4475c000 44760000 44764000 44768000 4476c000 44770000 44774000 44778000 4477c000 44780000 
sm   1 warp 2 0x800000f0 0xff812283 lsu.r x   5 op 3 @ 70000810+fffffff8
sm   0 warp 2 0x800000ec 0x0000a0fb v  1 11111111111111111111111111111111 41f80000 41f00000 41e80000 41e00000 41d80000 41d00000 41c80000 41c00000 41b80000 41b00000 41a80000 41a00000 41980000 41900000 41880000 41800000 41700000 41600000 41500000 41400000 41300000 41200000 41100000 41000000 40e00000 40c00000 40a00000 40800000 40400000 40000000 3f800000 00000000 
sm   1 warp 1 0x800000f4 0x0202c157 v  2 11111111111111111111111111111111 900010fc 900010f8 900010f4 900010f0 900010ec 900010e8 900010e4 900010e0 900010dc 900010d8 900010d4 900010d0 900010cc 900010c8 900010c4 900010c0 900010bc 900010b8 900010b4 900010b0 900010ac 900010a8 900010a4 900010a0 9000109c 90001098 90001094 90001090 9000108c 90001088 90001084 90001080 
sm   0 warp 5 0x80000120 0x00200293 x  5  00000002
sm   0 warp 5 0x8000011c 0xfe112e23 lsu.w x   1 op 3 800000e0 @ 70001414+fffffffc
sm   1 warp 2 0x800000ec 0x0000a0fb v  1 11111111111111111111111111111111 427c0000 42780000 42740000 42700000 426c0000 42680000 42640000 42600000 425c0000 42580000 42540000 42500000 424c0000 42480000 42440000 42400000 423c0000 42380000 42340000 42300000 422c0000 42280000 42240000 42200000 421c0000 42180000 42140000 42100000 420c0000 42080000 42040000 42000000 
sm   0 warp 0 0x800000fc 0x021110d7 v  1 11111111111111111111111111111111 44800000 44800000 44800000 44800000 44800000 44800000 44800000 44800000 44800000 44800000 44800000 44800000 44800000 44800000 44800000 44800000 44800000 44800000 44800000 44800000 44800000 44800000 44800000 44800000 44800000 44800000 44800000 44800000 44800000 44800000 44800000 44800000 
sm   1 warp 5 0x80000120 0x00200293 x  5  00000002
sm   0 warp 3 0x80000320 0xffc12083 x  1  8000015c
sm   1 warp 5 0x8000011c 0xfe112e23 lsu.w x   1 op 3 800000e0 @ 70001414+fffffffc
sm   0 warp 4 0x800002f8 0x00410113 x  2  70001018
sm   1 warp 0 0x800000fc 0x021110d7 v  1 11111111111111111111111111111111 44800000 44800000 44800000 44800000 44800000 44800000 44800000 44800000 44800000 44800000 44800000 44800000 44800000 44800000 44800000 44800000 44800000 44800000 44800000 44800000 44800000 44800000 44800000 44800000 44800000 44800000 44800000 44800000 44800000 44800000 44800000 44800000 
sm   0 warp 5 0x80000124 0x5e02c0d7 v  1 11111111111111111111111111111111 00000002 00000002 00000002 00000002 00000002 00000002 00000002 00000002 00000002 00000002 00000002 00000002 00000002 00000002 00000002 00000002 00000002 00000002 00000002 00000002 00000002 00000002 00000002 00000002 00000002 00000002 00000002 00000002 00000002 00000002 00000002 00000002 
sm   1 warp 3 0x80000320 0xffc12083 x  1  8000015c
sm   0 warp 1 0x800000f8 0x0001217b lsu.r v  2 op 3 @ 9000107c 90001078 90001074 90001070 9000106c 90001068 90001064 90001060 9000105c 90001058 90001054 90001050 9000104c 90001048 90001044 90001040 9000103c 90001038 90001034 90001030 9000102c 90001028 90001024 90001020 9000101c 90001018 90001014 90001010 9000100c 90001008 90001004 90001000
sm   1 warp 4 0x800002f8 0x00410113 x  2  70001018
sm   0 warp 2 0x800000f0 0xff812283 x  5  90001000
sm   1 warp 5 0x80000124 0x5e02c0d7 v  1 11111111111111111111111111111111 00000002 00000002 00000002 00000002 00000002 00000002 00000002 00000002 00000002 00000002 00000002 00000002 00000002 00000002 00000002 00000002 00000002 00000002 00000002 00000002 00000002 00000002 00000002 00000002 00000002 00000002 00000002 00000002 00000002 00000002 00000002 00000002 
sm   1 warp 1 0x800000f8 0x0001217b lsu.r v  2 op 3 @ 900010fc 900010f8 900010f4 900010f0 900010ec 900010e8 900010e4 900010e0 900010dc 900010d8 900010d4 900010d0 900010cc 900010c8 900010c4 900010c0 900010bc 900010b8 900010b4 900010b0 900010ac 900010a8 900010a4 900010a0 9000109c 90001098 90001094 90001090 9000108c 90001088 90001084 90001080
sm   0 warp 3 0x80000328 0x00008067 Jump? 1  8000015c
sm   0 warp 3 0x80000328 0x00008067 x  0  8000032c
sm   1 warp 2 0x800000f0 0xff812283 x  5  90001000
sm   0 warp 0 0x80000100 0xffc12283 lsu.r x   5 op 3 @ 70000010+fffffffc
sm   0 warp 5 0x80000128 0x00000317 x  6  80000128
sm   1 warp 3 0x80000328 0x00008067 x  0  8000032c
sm   1 warp 3 0x80000328 0x00008067 Jump? 1  8000015c
sm   0 warp 4 0x80000300 0xf1dff0ef Jump? 1  8000021c
sm   0 warp 4 0x80000300 0xf1dff0ef x  1  80000304
sm   1 warp 0 0x80000100 0xffc12283 lsu.r x   5 op 3 @ 70000010+fffffffc
sm   0 warp 1 0x800000f8 0x0001217b v  2 11111111111111111111111111111111 44784000 44788000 4478c000 44790000 44794000 44798000 4479c000 447a0000 447a4000 447a8000 447ac000 447b0000 447b4000 447b8000 447bc000 447c0000 447c4000 447c8000 447cc000 447d0000 447d4000 447d8000 447dc000 447e0000 447e4000 447e8000 447ec000 447f0000 447f4000 447f8000 447fc000 44800000 
sm   0 warp 2 0x800000f4 0x0202c157 v  2 11111111111111111111111111111111 9000107c 90001078 90001074 90001070 9000106c 90001068 90001064 90001060 9000105c 90001058 90001054 90001050 9000104c 90001048 90001044 90001040 9000103c 90001038 90001034 90001030 9000102c 90001028 90001024 90001020 9000101c 90001018 90001014 90001010 9000100c 90001008 90001004 90001000 
sm   1 warp 5 0x80000128 0x00000317 x  6  80000128
sm   1 warp 4 0x80000300 0xf1dff0ef x  1  80000304
sm   0 warp 4 0x800002fc 0xfe112e23 lsu.w x   1 op 3 8000015c @ 70001018+fffffffc
sm   1 warp 1 0x800000f8 0x0001217b v  2 11111111111111111111111111111111 44704000 44708000 4470c000 44710000 44714000 44718000 4471c000 44720000 44724000 44728000 4472c000 44730000 44734000 44738000 4473c000 44740000 44744000 44748000 4474c000 44750000 44754000 44758000 4475c000 44760000 44764000 44768000 4476c000 44770000 44774000 44778000 4477c000 44780000 
sm   1 warp 4 0x80000300 0xf1dff0ef Jump? 1  8000021c
sm   1 warp 2 0x800000f4 0x0202c157 v  2 11111111111111111111111111111111 900010fc 900010f8 900010f4 900010f0 900010ec 900010e8 900010e4 900010e0 900010dc 900010d8 900010d4 900010d0 900010cc 900010c8 900010c4 900010c0 900010bc 900010b8 900010b4 900010b0 900010ac 900010a8 900010a4 900010a0 9000109c 90001098 90001094 90001090 9000108c 90001088 90001084 90001080 
sm 0 warp 5 0x8000012c 0x04c3305b  setrpc 0x80000174 
sm   0 warp 5 0x8000012c 0x04c3305b x  0  80000174
sm   1 warp 4 0x800002fc 0xfe112e23 lsu.w x   1 op 3 8000015c @ 70001018+fffffffc
sm   0 warp 5 0x8000011c 0xfe112e23 lsu.w finish
sm 1 warp 5 0x8000012c 0x04c3305b  setrpc 0x80000174 
sm   1 warp 5 0x8000012c 0x04c3305b x  0  80000174
sm   1 warp 5 0x8000011c 0xfe112e23 lsu.w finish
sm   0 warp 3 0x8000015c 0x0180006f Jump? 1  80000174
sm   0 warp 3 0x8000015c 0x0180006f x  0  80000160
sm   0 warp 1 0x800000fc 0x021110d7 v  1 11111111111111111111111111111111 44800000 44800000 44800000 44800000 44800000 44800000 44800000 44800000 44800000 44800000 44800000 44800000 44800000 44800000 44800000 44800000 44800000 44800000 44800000 44800000 44800000 44800000 44800000 44800000 44800000 44800000 44800000 44800000 44800000 44800000 44800000 44800000 
sm   0 warp 5 0x80000130 0x0200885b vbranch     current mask and npc:   11111111111111111111111111111111 0x80000134, take_if=1, if_mask = 11111111111111111111111111111111
sm   0 warp 2 0x800000f8 0x0001217b lsu.r v  2 op 3 @ 9000107c 90001078 90001074 90001070 9000106c 90001068 90001064 90001060 9000105c 90001058 90001054 90001050 9000104c 90001048 90001044 90001040 9000103c 90001038 90001034 90001030 9000102c 90001028 90001024 90001020 9000101c 90001018 90001014 90001010 9000100c 90001008 90001004 90001000
sm   1 warp 3 0x8000015c 0x0180006f x  0  80000160
sm   1 warp 1 0x800000fc 0x021110d7 v  1 11111111111111111111111111111111 44800000 44800000 44800000 44800000 44800000 44800000 44800000 44800000 44800000 44800000 44800000 44800000 44800000 44800000 44800000 44800000 44800000 44800000 44800000 44800000 44800000 44800000 44800000 44800000 44800000 44800000 44800000 44800000 44800000 44800000 44800000 44800000 
sm   1 warp 3 0x8000015c 0x0180006f Jump? 1  80000174
sm   1 warp 2 0x800000f8 0x0001217b lsu.r v  2 op 3 @ 900010fc 900010f8 900010f4 900010f0 900010ec 900010e8 900010e4 900010e0 900010dc 900010d8 900010d4 900010d0 900010cc 900010c8 900010c4 900010c0 900010bc 900010b8 900010b4 900010b0 900010ac 900010a8 900010a4 900010a0 9000109c 90001098 90001094 90001090 9000108c 90001088 90001084 90001080
sm   1 warp 5 0x80000130 0x0200885b vbranch     current mask and npc:   11111111111111111111111111111111 0x80000134, take_if=1, if_mask = 11111111111111111111111111111111
sm   0 warp 4 0x800002fc 0xfe112e23 lsu.w finish
sm   0 warp 0 0x80000100 0xffc12283 x  5  90002000
sm   1 warp 4 0x800002fc 0xfe112e23 lsu.w finish
sm   0 warp 3 0x80000174 0x0000205b Jump? 0  00000000
sm   0 warp 5 0x80000134 0x00100293 x  5  00000001
sm   1 warp 0 0x80000100 0xffc12283 x  5  90002000
sm   0 warp 3 0x80000174 0x0000205b join    mask and npc:    01001100010000011111010011000110 0xad1b04d7 pop stack ? 0
sm   0 warp 1 0x80000100 0xffc12283 lsu.r x   5 op 3 @ 70000410+fffffffc
sm   1 warp 1 0x80000100 0xffc12283 lsu.r x   5 op 3 @ 70000410+fffffffc
sm   0 warp 2 0x800000f8 0x0001217b v  2 11111111111111111111111111111111 44784000 44788000 4478c000 44790000 44794000 44798000 4479c000 447a0000 447a4000 447a8000 447ac000 447b0000 447b4000 447b8000 447bc000 447c0000 447c4000 447c8000 447cc000 447d0000 447d4000 447d8000 447dc000 447e0000 447e4000 447e8000 447ec000 447f0000 447f4000 447f8000 447fc000 44800000 
sm   1 warp 5 0x80000134 0x00100293 x  5  00000001
sm   1 warp 3 0x80000174 0x0000205b Jump? 0  00000000
sm   1 warp 3 0x80000174 0x0000205b join    mask and npc:    00111101101101011100110011111000 0x6e2d0255 pop stack ? 0
sm   0 warp 0 0x80000104 0x0202c057 v  0 11111111111111111111111111111111 9000207c 90002078 90002074 90002070 9000206c 90002068 90002064 90002060 9000205c 90002058 90002054 90002050 9000204c 90002048 90002044 90002040 9000203c 90002038 90002034 90002030 9000202c 90002028 90002024 90002020 9000201c 90002018 90002014 90002010 9000200c 90002008 90002004 90002000 
sm   1 warp 2 0x800000f8 0x0001217b v  2 11111111111111111111111111111111 44704000 44708000 4470c000 44710000 44714000 44718000 4471c000 44720000 44724000 44728000 4472c000 44730000 44734000 44738000 4473c000 44740000 44744000 44748000 4474c000 44750000 44754000 44758000 4475c000 44760000 44764000 44768000 4476c000 44770000 44774000 44778000 4477c000 44780000 
sm   0 warp 1 0x80000100 0xffc12283 x  5  90002000
sm   1 warp 0 0x80000104 0x0202c057 v  0 11111111111111111111111111111111 900020fc 900020f8 900020f4 900020f0 900020ec 900020e8 900020e4 900020e0 900020dc 900020d8 900020d4 900020d0 900020cc 900020c8 900020c4 900020c0 900020bc 900020b8 900020b4 900020b0 900020ac 900020a8 900020a4 900020a0 9000209c 90002098 90002094 90002090 9000208c 90002088 90002084 90002080 
sm   1 warp 1 0x80000100 0xffc12283 x  5  90002000
sm   0 warp 3 0x80000178 0xffc12083 lsu.r x   1 op 3 @ 70000c14+fffffffc
sm   0 warp 3 0x8000017c 0xffc10113 x  2  70000c10
sm   0 warp 2 0x800000fc 0x021110d7 v  1 11111111111111111111111111111111 44800000 44800000 44800000 44800000 44800000 44800000 44800000 44800000 44800000 44800000 44800000 44800000 44800000 44800000 44800000 44800000 44800000 44800000 44800000 44800000 44800000 44800000 44800000 44800000 44800000 44800000 44800000 44800000 44800000 44800000 44800000 44800000 
sm   1 warp 3 0x80000178 0xffc12083 lsu.r x   1 op 3 @ 70000c14+fffffffc
sm   0 warp 1 0x80000104 0x0202c057 v  0 11111111111111111111111111111111 9000207c 90002078 90002074 90002070 9000206c 90002068 90002064 90002060 9000205c 90002058 90002054 90002050 9000204c 90002048 90002044 90002040 9000203c 90002038 90002034 90002030 9000202c 90002028 90002024 90002020 9000201c 90002018 90002014 90002010 9000200c 90002008 90002004 90002000 
sm   1 warp 3 0x8000017c 0xffc10113 x  2  70000c10
sm   0 warp 0 0x80000108 0x0010607b lsu.w v  1 op 3 mask 11111111111111111111111111111111 44800000 44800000 44800000 44800000 44800000 44800000 44800000 44800000 44800000 44800000 44800000 44800000 44800000 44800000 44800000 44800000 44800000 44800000 44800000 44800000 44800000 44800000 44800000 44800000 44800000 44800000 44800000 44800000 44800000 44800000 44800000 44800000 @ 9000207c 90002078 90002074 90002070 9000206c 90002068 90002064 90002060 9000205c 90002058 90002054 90002050 9000204c 90002048 90002044 90002040 9000203c 90002038 90002034 90002030 9000202c 90002028 90002024 90002020 9000201c 90002018 90002014 90002010 9000200c 90002008 90002004 90002000
sm   1 warp 2 0x800000fc 0x021110d7 v  1 11111111111111111111111111111111 44800000 44800000 44800000 44800000 44800000 44800000 44800000 44800000 44800000 44800000 44800000 44800000 44800000 44800000 44800000 44800000 44800000 44800000 44800000 44800000 44800000 44800000 44800000 44800000 44800000 44800000 44800000 44800000 44800000 44800000 44800000 44800000 
sm   0 warp 3 0x80000178 0xffc12083 x  1  800000e0
sm   1 warp 1 0x80000104 0x0202c057 v  0 11111111111111111111111111111111 900020fc 900020f8 900020f4 900020f0 900020ec 900020e8 900020e4 900020e0 900020dc 900020d8 900020d4 900020d0 900020cc 900020c8 900020c4 900020c0 900020bc 900020b8 900020b4 900020b0 900020ac 900020a8 900020a4 900020a0 9000209c 90002098 90002094 90002090 9000208c 90002088 90002084 90002080 
sm   1 warp 0 0x80000108 0x0010607b lsu.w v  1 op 3 mask 11111111111111111111111111111111 44800000 44800000 44800000 44800000 44800000 44800000 44800000 44800000 44800000 44800000 44800000 44800000 44800000 44800000 44800000 44800000 44800000 44800000 44800000 44800000 44800000 44800000 44800000 44800000 44800000 44800000 44800000 44800000 44800000 44800000 44800000 44800000 @ 900020fc 900020f8 900020f4 900020f0 900020ec 900020e8 900020e4 900020e0 900020dc 900020d8 900020d4 900020d0 900020cc 900020c8 900020c4 900020c0 900020bc 900020b8 900020b4 900020b0 900020ac 900020a8 900020a4 900020a0 9000209c 90002098 90002094 90002090 9000208c 90002088 90002084 90002080
sm   1 warp 3 0x80000178 0xffc12083 x  1  800000e0
sm   0 warp 2 0x80000100 0xffc12283 lsu.r x   5 op 3 @ 70000810+fffffffc
[L1C] #   1084 SM 0 CACHE 1 ADDR 90002000
sm   1 warp 2 0x80000100 0xffc12283 lsu.r x   5 op 3 @ 70000810+fffffffc
sm   0 warp 0 0x80000108 0x0010607b lsu.w finish
[L1C] #   1086 SM 1 CACHE 1 ADDR 90002080
sm   0 warp 0 0x80000110 0xff010113 x  2  70000000
sm   0 warp 3 0x80000180 0x00008067 x  0  80000184
sm   0 warp 0 0x8000010c 0xff012083 lsu.r x   1 op 3 @ 70000010+fffffff0
sm   1 warp 0 0x80000108 0x0010607b lsu.w finish
sm   0 warp 3 0x80000180 0x00008067 Jump? 1  800000e0
sm   1 warp 0 0x80000110 0xff010113 x  2  70000000
sm   0 warp 4 0x8000021c 0x00410113 x  2  7000101c
sm   1 warp 3 0x80000180 0x00008067 x  0  80000184
sm   1 warp 0 0x8000010c 0xff012083 lsu.r x   1 op 3 @ 70000010+fffffff0
sm   0 warp 1 0x80000108 0x0010607b lsu.w v  1 op 3 mask 11111111111111111111111111111111 44800000 44800000 44800000 44800000 44800000 44800000 44800000 44800000 44800000 44800000 44800000 44800000 44800000 44800000 44800000 44800000 44800000 44800000 44800000 44800000 44800000 44800000 44800000 44800000 44800000 44800000 44800000 44800000 44800000 44800000 44800000 44800000 @ 9000207c 90002078 90002074 90002070 9000206c 90002068 90002064 90002060 9000205c 90002058 90002054 90002050 9000204c 90002048 90002044 90002040 9000203c 90002038 90002034 90002030 9000202c 90002028 90002024 90002020 9000201c 90002018 90002014 90002010 9000200c 90002008 90002004 90002000
sm   1 warp 3 0x80000180 0x00008067 Jump? 1  800000e0
sm   0 warp 2 0x80000100 0xffc12283 x  5  90002000
sm   1 warp 4 0x8000021c 0x00410113 x  2  7000101c
sm   1 warp 1 0x80000108 0x0010607b lsu.w v  1 op 3 mask 11111111111111111111111111111111 44800000 44800000 44800000 44800000 44800000 44800000 44800000 44800000 44800000 44800000 44800000 44800000 44800000 44800000 44800000 44800000 44800000 44800000 44800000 44800000 44800000 44800000 44800000 44800000 44800000 44800000 44800000 44800000 44800000 44800000 44800000 44800000 @ 900020fc 900020f8 900020f4 900020f0 900020ec 900020e8 900020e4 900020e0 900020dc 900020d8 900020d4 900020d0 900020cc 900020c8 900020c4 900020c0 900020bc 900020b8 900020b4 900020b0 900020ac 900020a8 900020a4 900020a0 9000209c 90002098 90002094 90002090 9000208c 90002088 90002084 90002080
sm   1 warp 2 0x80000100 0xffc12283 x  5  90002000
sm   0 warp 1 0x8000010c 0xff012083 lsu.r x   1 op 3 @ 70000410+fffffff0
sm   0 warp 1 0x80000110 0xff010113 x  2  70000400
[L1C] #   1095 SM 0 CACHE 1 ADDR 90002000
sm   1 warp 1 0x8000010c 0xff012083 lsu.r x   1 op 3 @ 70000410+fffffff0
sm   0 warp 0 0x8000010c 0xff012083 x  1  800000a0
sm   0 warp 2 0x80000104 0x0202c057 v  0 11111111111111111111111111111111 9000207c 90002078 90002074 90002070 9000206c 90002068 90002064 90002060 9000205c 90002058 90002054 90002050 9000204c 90002048 90002044 90002040 9000203c 90002038 90002034 90002030 9000202c 90002028 90002024 90002020 9000201c 90002018 90002014 90002010 9000200c 90002008 90002004 90002000 
sm   1 warp 1 0x80000110 0xff010113 x  2  70000400
[L1C] #   1097 SM 1 CACHE 1 ADDR 90002080
sm   0 warp 1 0x80000108 0x0010607b lsu.w finish
sm   0 warp 4 0x80000224 0x80302573 x 10  90404000
sm   0 warp 3 0x800000e0 0x96013057 v  0 11111111111111111111111111111111 0000007c 00000078 00000074 00000070 0000006c 00000068 00000064 00000060 0000005c 00000058 00000054 00000050 0000004c 00000048 00000044 00000040 0000003c 00000038 00000034 00000030 0000002c 00000028 00000024 00000020 0000001c 00000018 00000014 00000010 0000000c 00000008 00000004 00000000 
sm   1 warp 0 0x8000010c 0xff012083 x  1  800000a0
sm   1 warp 2 0x80000104 0x0202c057 v  0 11111111111111111111111111111111 900020fc 900020f8 900020f4 900020f0 900020ec 900020e8 900020e4 900020e0 900020dc 900020d8 900020d4 900020d0 900020cc 900020c8 900020c4 900020c0 900020bc 900020b8 900020b4 900020b0 900020ac 900020a8 900020a4 900020a0 9000209c 90002098 90002094 90002090 9000208c 90002088 90002084 90002080 
sm   0 warp 4 0x80000220 0xfe112e23 lsu.w x   1 op 3 80000304 @ 7000101c+fffffffc
sm   1 warp 1 0x80000108 0x0010607b lsu.w finish
sm   1 warp 4 0x80000224 0x80302573 x 10  90404000
sm   1 warp 3 0x800000e0 0x96013057 v  0 11111111111111111111111111111111 000000fc 000000f8 000000f4 000000f0 000000ec 000000e8 000000e4 000000e0 000000dc 000000d8 000000d4 000000d0 000000cc 000000c8 000000c4 000000c0 000000bc 000000b8 000000b4 000000b0 000000ac 000000a8 000000a4 000000a0 0000009c 00000098 00000094 00000090 0000008c 00000088 00000084 00000080 
sm   0 warp 0 0x80000114 0x00008067 x  0  80000118
sm   1 warp 4 0x80000220 0xfe112e23 lsu.w x   1 op 3 80000304 @ 7000101c+fffffffc
sm   0 warp 0 0x80000114 0x00008067 Jump? 1  800000a0
sm   0 warp 2 0x80000108 0x0010607b lsu.w v  1 op 3 mask 11111111111111111111111111111111 44800000 44800000 44800000 44800000 44800000 44800000 44800000 44800000 44800000 44800000 44800000 44800000 44800000 44800000 44800000 44800000 44800000 44800000 44800000 44800000 44800000 44800000 44800000 44800000 44800000 44800000 44800000 44800000 44800000 44800000 44800000 44800000 @ 9000207c 90002078 90002074 90002070 9000206c 90002068 90002064 90002060 9000205c 90002058 90002054 90002050 9000204c 90002048 90002044 90002040 9000203c 90002038 90002034 90002030 9000202c 90002028 90002024 90002020 9000201c 90002018 90002014 90002010 9000200c 90002008 90002004 90002000
sm   0 warp 1 0x8000010c 0xff012083 x  1  800000a0
sm   1 warp 0 0x80000114 0x00008067 x  0  80000118
sm   1 warp 2 0x80000108 0x0010607b lsu.w v  1 op 3 mask 11111111111111111111111111111111 44800000 44800000 44800000 44800000 44800000 44800000 44800000 44800000 44800000 44800000 44800000 44800000 44800000 44800000 44800000 44800000 44800000 44800000 44800000 44800000 44800000 44800000 44800000 44800000 44800000 44800000 44800000 44800000 44800000 44800000 44800000 44800000 @ 900020fc 900020f8 900020f4 900020f0 900020ec 900020e8 900020e4 900020e0 900020dc 900020d8 900020d4 900020d0 900020cc 900020c8 900020c4 900020c0 900020bc 900020b8 900020b4 900020b0 900020ac 900020a8 900020a4 900020a0 9000209c 90002098 90002094 90002090 9000208c 90002088 90002084 90002080
sm   1 warp 0 0x80000114 0x00008067 Jump? 1  800000a0
sm   1 warp 1 0x8000010c 0xff012083 x  1  800000a0
sm   0 warp 3 0x800000e4 0xff412303 lsu.r x   6 op 3 @ 70000c10+fffffff4
sm   1 warp 3 0x800000e4 0xff412303 lsu.r x   6 op 3 @ 70000c10+fffffff4
sm   0 warp 4 0x80000220 0xfe112e23 lsu.w finish
sm   0 warp 1 0x80000114 0x00008067 x  0  80000118
sm   0 warp 1 0x80000114 0x00008067 Jump? 1  800000a0
sm   0 warp 4 0x80000228 0x00852283 lsu.r x   5 op 0 @ 90404000+00000008
sm   1 warp 4 0x80000220 0xfe112e23 lsu.w finish
sm   1 warp 1 0x80000114 0x00008067 x  0  80000118
sm   0 warp 0 0x800000a0 0x0000400b endprg
sm   0 warp 3 0x800000e4 0xff412303 x  6  90000000
sm   1 warp 4 0x80000228 0x00852283 lsu.r x   5 op 0 @ 90404000+00000008
sm   1 warp 1 0x80000114 0x00008067 Jump? 1  800000a0
sm   0 warp 4 0x8000022c 0x80002373 x  6  00000000
sm   1 warp 0 0x800000a0 0x0000400b endprg
[L1C] #   1113 SM 1 CACHE 1 ADDR 90002080
sm   0 warp 2 0x80000110 0xff010113 x  2  70000800
sm   1 warp 3 0x800000e4 0xff412303 x  6  90000000
sm   0 warp 2 0x8000010c 0xff012083 lsu.r x   1 op 3 @ 70000810+fffffff0
sm   1 warp 4 0x8000022c 0x80002373 x  6  00000000
[L1C] #   1115 SM 0 CACHE 1 ADDR 90002000
sm   0 warp 4 0x80000228 0x00852283 x  5  00000001
sm   1 warp 2 0x8000010c 0xff012083 lsu.r x   1 op 3 @ 70000810+fffffff0
sm   0 warp 4 0x80000230 0x5208a157 v  2 11111111111111111111111111111111 0000001f 0000001e 0000001d 0000001c 0000001b 0000001a 00000019 00000018 00000017 00000016 00000015 00000014 00000013 00000012 00000011 00000010 0000000f 0000000e 0000000d 0000000c 0000000b 0000000a 00000009 00000008 00000007 00000006 00000005 00000004 00000003 00000002 00000001 00000000 
sm   1 warp 2 0x80000110 0xff010113 x  2  70000800
sm   0 warp 3 0x800000e8 0x020340d7 v  1 11111111111111111111111111111111 9000007c 90000078 90000074 90000070 9000006c 90000068 90000064 90000060 9000005c 90000058 90000054 90000050 9000004c 90000048 90000044 90000040 9000003c 90000038 90000034 90000030 9000002c 90000028 90000024 90000020 9000001c 90000018 90000014 90000010 9000000c 90000008 90000004 90000000 
sm   0 warp 1 0x800000a0 0x0000400b endprg
sm   1 warp 4 0x80000230 0x5208a157 v  2 11111111111111111111111111111111 0000001f 0000001e 0000001d 0000001c 0000001b 0000001a 00000019 00000018 00000017 00000016 00000015 00000014 00000013 00000012 00000011 00000010 0000000f 0000000e 0000000d 0000000c 0000000b 0000000a 00000009 00000008 00000007 00000006 00000005 00000004 00000003 00000002 00000001 00000000 
sm   1 warp 2 0x80000108 0x0010607b lsu.w finish
sm   1 warp 3 0x800000e8 0x020340d7 v  1 11111111111111111111111111111111 900000fc 900000f8 900000f4 900000f0 900000ec 900000e8 900000e4 900000e0 900000dc 900000d8 900000d4 900000d0 900000cc 900000c8 900000c4 900000c0 900000bc 900000b8 900000b4 900000b0 900000ac 900000a8 900000a4 900000a0 9000009c 90000098 90000094 90000090 9000008c 90000088 90000084 90000080 
sm   1 warp 1 0x800000a0 0x0000400b endprg
sm   0 warp 2 0x80000108 0x0010607b lsu.w finish
sm   0 warp 4 0x80000234 0x02234057 v  0 11111111111111111111111111111111 0000001f 0000001e 0000001d 0000001c 0000001b 0000001a 00000019 00000018 00000017 00000016 00000015 00000014 00000013 00000012 00000011 00000010 0000000f 0000000e 0000000d 0000000c 0000000b 0000000a 00000009 00000008 00000007 00000006 00000005 00000004 00000003 00000002 00000001 00000000 
sm   1 warp 4 0x80000228 0x00852283 x  5  00000001
sm   0 warp 2 0x8000010c 0xff012083 x  1  800000a0
sm   1 warp 4 0x80000234 0x02234057 v  0 11111111111111111111111111111111 0000001f 0000001e 0000001d 0000001c 0000001b 0000001a 00000019 00000018 00000017 00000016 00000015 00000014 00000013 00000012 00000011 00000010 0000000f 0000000e 0000000d 0000000c 0000000b 0000000a 00000009 00000008 00000007 00000006 00000005 00000004 00000003 00000002 00000001 00000000 
sm   1 warp 2 0x8000010c 0xff012083 x  1  800000a0
sm   0 warp 3 0x800000ec 0x0000a0fb lsu.r v  1 op 3 @ 9000007c 90000078 90000074 90000070 9000006c 90000068 90000064 90000060 9000005c 90000058 90000054 90000050 9000004c 90000048 90000044 90000040 9000003c 90000038 90000034 90000030 9000002c 90000028 90000024 90000020 9000001c 90000018 90000014 90000010 9000000c 90000008 90000004 90000000
sm   1 warp 3 0x800000ec 0x0000a0fb lsu.r v  1 op 3 @ 900000fc 900000f8 900000f4 900000f0 900000ec 900000e8 900000e4 900000e0 900000dc 900000d8 900000d4 900000d0 900000cc 900000c8 900000c4 900000c0 900000bc 900000b8 900000b4 900000b0 900000ac 900000a8 900000a4 900000a0 9000009c 90000098 90000094 90000090 9000008c 90000088 90000084 90000080
sm   0 warp 2 0x80000114 0x00008067 x  0  80000118
sm   0 warp 4 0x80000238 0x01852e03 lsu.r x  28 op 0 @ 90404000+00000018
sm   0 warp 2 0x80000114 0x00008067 Jump? 1  800000a0
sm   1 warp 4 0x80000238 0x01852e03 lsu.r x  28 op 0 @ 90404000+00000018
sm   0 warp 3 0x800000ec 0x0000a0fb v  1 11111111111111111111111111111111 41f80000 41f00000 41e80000 41e00000 41d80000 41d00000 41c80000 41c00000 41b80000 41b00000 41a80000 41a00000 41980000 41900000 41880000 41800000 41700000 41600000 41500000 41400000 41300000 41200000 41100000 41000000 40e00000 40c00000 40a00000 40800000 40400000 40000000 3f800000 00000000 
sm   1 warp 2 0x80000114 0x00008067 x  0  80000118
sm   0 warp 5 0x80000138 0x5e02c0d7 v  1 11111111111111111111111111111111 00000001 00000001 00000001 00000001 00000001 00000001 00000001 00000001 00000001 00000001 00000001 00000001 00000001 00000001 00000001 00000001 00000001 00000001 00000001 00000001 00000001 00000001 00000001 00000001 00000001 00000001 00000001 00000001 00000001 00000001 00000001 00000001 
sm   1 warp 2 0x80000114 0x00008067 Jump? 1  800000a0
sm   0 warp 3 0x800000f0 0xff812283 lsu.r x   5 op 3 @ 70000c10+fffffff8
sm   1 warp 3 0x800000ec 0x0000a0fb v  1 11111111111111111111111111111111 427c0000 42780000 42740000 42700000 426c0000 42680000 42640000 42600000 425c0000 42580000 42540000 42500000 424c0000 42480000 42440000 42400000 423c0000 42380000 42340000 42300000 422c0000 42280000 42240000 42200000 421c0000 42180000 42140000 42100000 420c0000 42080000 42040000 42000000 
sm   0 warp 5 0x8000013c 0x00000317 x  6  8000013c
sm   1 warp 5 0x80000138 0x5e02c0d7 v  1 11111111111111111111111111111111 00000001 00000001 00000001 00000001 00000001 00000001 00000001 00000001 00000001 00000001 00000001 00000001 00000001 00000001 00000001 00000001 00000001 00000001 00000001 00000001 00000001 00000001 00000001 00000001 00000001 00000001 00000001 00000001 00000001 00000001 00000001 00000001 
sm   1 warp 3 0x800000f0 0xff812283 lsu.r x   5 op 3 @ 70000c10+fffffff8
sm   0 warp 4 0x80000238 0x01852e03 x 28  00000020
sm   1 warp 5 0x8000013c 0x00000317 x  6  8000013c
sm   0 warp 2 0x800000a0 0x0000400b endprg
sm   1 warp 4 0x80000238 0x01852e03 x 28  00000020
sm   0 warp 3 0x800000f0 0xff812283 x  5  90001000
sm 0 warp 5 0x80000140 0x0383305b  setrpc 0x80000174 
sm   1 warp 2 0x800000a0 0x0000400b endprg
sm   0 warp 5 0x80000140 0x0383305b x  0  80000174
sm   1 warp 3 0x800000f0 0xff812283 x  5  90001000
sm 1 warp 5 0x80000140 0x0383305b  setrpc 0x80000174 
sm   1 warp 5 0x80000140 0x0383305b x  0  80000174
sm   0 warp 5 0x80000144 0x0200825b vbranch     current mask and npc:   11111111111111111111111111111111 0x80000148, take_if=1, if_mask = 11111111111111111111111111111111
sm   0 warp 3 0x800000f4 0x0202c157 v  2 11111111111111111111111111111111 9000107c 90001078 90001074 90001070 9000106c 90001068 90001064 90001060 9000105c 90001058 90001054 90001050 9000104c 90001048 90001044 90001040 9000103c 90001038 90001034 90001030 9000102c 90001028 90001024 90001020 9000101c 90001018 90001014 90001010 9000100c 90001008 90001004 90001000 
sm   1 warp 5 0x80000144 0x0200825b vbranch     current mask and npc:   11111111111111111111111111111111 0x80000148, take_if=1, if_mask = 11111111111111111111111111111111
sm   0 warp 4 0x80000240 0xffc12083 lsu.r x   1 op 3 @ 7000101c+fffffffc
sm   1 warp 3 0x800000f4 0x0202c157 v  2 11111111111111111111111111111111 900010fc 900010f8 900010f4 900010f0 900010ec 900010e8 900010e4 900010e0 900010dc 900010d8 900010d4 900010d0 900010cc 900010c8 900010c4 900010c0 900010bc 900010b8 900010b4 900010b0 900010ac 900010a8 900010a4 900010a0 9000109c 90001098 90001094 90001090 9000108c 90001088 90001084 90001080 
sm   1 warp 4 0x80000240 0xffc12083 lsu.r x   1 op 3 @ 7000101c+fffffffc
sm   0 warp 5 0x80000148 0x5e0040d7 v  1 11111111111111111111111111111111 00000000 00000000 00000000 00000000 00000000 00000000 00000000 00000000 00000000 00000000 00000000 00000000 00000000 00000000 00000000 00000000 00000000 00000000 00000000 00000000 00000000 00000000 00000000 00000000 00000000 00000000 00000000 00000000 00000000 00000000 00000000 00000000 
sm   0 warp 4 0x80000244 0xffc10113 x  2  70001018
sm   0 warp 5 0x8000014c 0x00000317 x  6  8000014c
sm   0 warp 3 0x800000f8 0x0001217b lsu.r v  2 op 3 @ 9000107c 90001078 90001074 90001070 9000106c 90001068 90001064 90001060 9000105c 90001058 90001054 90001050 9000104c 90001048 90001044 90001040 9000103c 90001038 90001034 90001030 9000102c 90001028 90001024 90001020 9000101c 90001018 90001014 90001010 9000100c 90001008 90001004 90001000
sm   1 warp 5 0x80000148 0x5e0040d7 v  1 11111111111111111111111111111111 00000000 00000000 00000000 00000000 00000000 00000000 00000000 00000000 00000000 00000000 00000000 00000000 00000000 00000000 00000000 00000000 00000000 00000000 00000000 00000000 00000000 00000000 00000000 00000000 00000000 00000000 00000000 00000000 00000000 00000000 00000000 00000000 
sm   1 warp 4 0x80000244 0xffc10113 x  2  70001018
sm   0 warp 4 0x80000240 0xffc12083 x  1  80000304
sm   1 warp 5 0x8000014c 0x00000317 x  6  8000014c
sm   1 warp 3 0x800000f8 0x0001217b lsu.r v  2 op 3 @ 900010fc 900010f8 900010f4 900010f0 900010ec 900010e8 900010e4 900010e0 900010dc 900010d8 900010d4 900010d0 900010cc 900010c8 900010c4 900010c0 900010bc 900010b8 900010b4 900010b0 900010ac 900010a8 900010a4 900010a0 9000109c 90001098 90001094 90001090 9000108c 90001088 90001084 90001080
sm   0 warp 6 0x800000b8 0x01010113 x  2  70001810
sm   0 warp 4 0x8000023c 0x8a0e6057 v  0 11111111111111111111111111111111 0000001f 0000001e 0000001d 0000001c 0000001b 0000001a 00000019 00000018 00000017 00000016 00000015 00000014 00000013 00000012 00000011 00000010 0000000f 0000000e 0000000d 0000000c 0000000b 0000000a 00000009 00000008 00000007 00000006 00000005 00000004 00000003 00000002 00000001 00000000 
sm   1 warp 4 0x80000240 0xffc12083 x  1  80000304
sm 0 warp 5 0x80000150 0x0283305b  setrpc 0x80000174 
sm   0 warp 5 0x80000150 0x0283305b x  0  80000174
sm   0 warp 3 0x800000f8 0x0001217b v  2 11111111111111111111111111111111 44784000 44788000 4478c000 44790000 44794000 44798000 4479c000 447a0000 447a4000 447a8000 447ac000 447b0000 447b4000 447b8000 447bc000 447c0000 447c4000 447c8000 447cc000 447d0000 447d4000 447d8000 447dc000 447e0000 447e4000 447e8000 447ec000 447f0000 447f4000 447f8000 447fc000 44800000 
sm   1 warp 6 0x800000b8 0x01010113 x  2  70001810
sm   1 warp 4 0x8000023c 0x8a0e6057 v  0 11111111111111111111111111111111 0000001f 0000001e 0000001d 0000001c 0000001b 0000001a 00000019 00000018 00000017 00000016 00000015 00000014 00000013 00000012 00000011 00000010 0000000f 0000000e 0000000d 0000000c 0000000b 0000000a 00000009 00000008 00000007 00000006 00000005 00000004 00000003 00000002 00000001 00000000 
sm 1 warp 5 0x80000150 0x0283305b  setrpc 0x80000174 
sm   0 warp 4 0x80000248 0x00008067 Jump? 1  80000304
sm   0 warp 4 0x80000248 0x00008067 x  0  8000024c
sm   1 warp 5 0x80000150 0x0283305b x  0  80000174
sm   1 warp 3 0x800000f8 0x0001217b v  2 11111111111111111111111111111111 44704000 44708000 4470c000 44710000 44714000 44718000 4471c000 44720000 44724000 44728000 4472c000 44730000 44734000 44738000 4473c000 44740000 44744000 44748000 4474c000 44750000 44754000 44758000 4475c000 44760000 44764000 44768000 4476c000 44770000 44774000 44778000 4477c000 44780000 
sm   1 warp 4 0x80000248 0x00008067 x  0  8000024c
sm   0 warp 5 0x80000154 0x00009e5b vbranch     current mask and npc:   11111111111111111111111111111111 0x80000158, take_if=1, if_mask = 11111111111111111111111111111111
sm   0 warp 6 0x800000bc 0xfe112823 lsu.w x   1 op 3 800000a0 @ 70001810+fffffff0
sm   1 warp 4 0x80000248 0x00008067 Jump? 1  80000304
sm   1 warp 6 0x800000bc 0xfe112823 lsu.w x   1 op 3 800000a0 @ 70001810+fffffff0
sm   1 warp 5 0x80000154 0x00009e5b vbranch     current mask and npc:   11111111111111111111111111111111 0x80000158, take_if=1, if_mask = 11111111111111111111111111111111
sm   0 warp 5 0x80000158 0x1a0000ef Jump? 1  800002f8
sm   0 warp 5 0x80000158 0x1a0000ef x  1  8000015c
sm   0 warp 3 0x800000fc 0x021110d7 v  1 11111111111111111111111111111111 44800000 44800000 44800000 44800000 44800000 44800000 44800000 44800000 44800000 44800000 44800000 44800000 44800000 44800000 44800000 44800000 44800000 44800000 44800000 44800000 44800000 44800000 44800000 44800000 44800000 44800000 44800000 44800000 44800000 44800000 44800000 44800000 
sm   0 warp 6 0x800000c0 0x00852283 lsu.r x   5 op 0 @ 90003000+00000008
sm   1 warp 5 0x80000158 0x1a0000ef x  1  8000015c
sm   1 warp 3 0x800000fc 0x021110d7 v  1 11111111111111111111111111111111 44800000 44800000 44800000 44800000 44800000 44800000 44800000 44800000 44800000 44800000 44800000 44800000 44800000 44800000 44800000 44800000 44800000 44800000 44800000 44800000 44800000 44800000 44800000 44800000 44800000 44800000 44800000 44800000 44800000 44800000 44800000 44800000 
sm   1 warp 5 0x80000158 0x1a0000ef Jump? 1  800002f8
sm   1 warp 6 0x800000c0 0x00852283 lsu.r x   5 op 0 @ 90003000+00000008
sm   0 warp 6 0x800000bc 0xfe112823 lsu.w finish
sm   0 warp 3 0x80000100 0xffc12283 lsu.r x   5 op 3 @ 70000c10+fffffffc
sm   1 warp 6 0x800000bc 0xfe112823 lsu.w finish
sm   0 warp 4 0x80000304 0x80302573 x 10  90404000
sm   0 warp 6 0x800000c0 0x00852283 x  5  90002000
sm   1 warp 3 0x80000100 0xffc12283 lsu.r x   5 op 3 @ 70000c10+fffffffc
sm   1 warp 4 0x80000304 0x80302573 x 10  90404000
sm   1 warp 6 0x800000c0 0x00852283 x  5  90002000
sm   0 warp 3 0x80000100 0xffc12283 x  5  90002000
sm   0 warp 4 0x80000308 0x80802373 x  6  00000002
sm   0 warp 5 0x800002f8 0x00410113 x  2  70001418
sm   1 warp 3 0x80000100 0xffc12283 x  5  90002000
sm   1 warp 4 0x80000308 0x80802373 x  6  00000003
sm   1 warp 5 0x800002f8 0x00410113 x  2  70001418
sm   0 warp 6 0x800000c4 0xfe512e23 lsu.w x   5 op 3 90002000 @ 70001810+fffffffc
sm   0 warp 3 0x80000104 0x0202c057 v  0 11111111111111111111111111111111 9000207c 90002078 90002074 90002070 9000206c 90002068 90002064 90002060 9000205c 90002058 90002054 90002050 9000204c 90002048 90002044 90002040 9000203c 90002038 90002034 90002030 9000202c 90002028 90002024 90002020 9000201c 90002018 90002014 90002010 9000200c 90002008 90002004 90002000 
sm   1 warp 6 0x800000c4 0xfe512e23 lsu.w x   5 op 3 90002000 @ 70001810+fffffffc
sm   0 warp 4 0x8000030c 0x01852e03 lsu.r x  28 op 0 @ 90404000+00000018
sm   1 warp 3 0x80000104 0x0202c057 v  0 11111111111111111111111111111111 900020fc 900020f8 900020f4 900020f0 900020ec 900020e8 900020e4 900020e0 900020dc 900020d8 900020d4 900020d0 900020cc 900020c8 900020c4 900020c0 900020bc 900020b8 900020b4 900020b0 900020ac 900020a8 900020a4 900020a0 9000209c 90002098 90002094 90002090 9000208c 90002088 90002084 90002080 
sm   0 warp 5 0x80000300 0xf1dff0ef Jump? 1  8000021c
sm   0 warp 5 0x80000300 0xf1dff0ef x  1  80000304
sm   1 warp 4 0x8000030c 0x01852e03 lsu.r x  28 op 0 @ 90404000+00000018
sm   0 warp 6 0x800000c4 0xfe512e23 lsu.w finish
sm   1 warp 5 0x80000300 0xf1dff0ef x  1  80000304
sm   0 warp 5 0x800002fc 0xfe112e23 lsu.w x   1 op 3 8000015c @ 70001418+fffffffc
sm   1 warp 5 0x80000300 0xf1dff0ef Jump? 1  8000021c
sm   1 warp 6 0x800000c4 0xfe512e23 lsu.w finish
sm   0 warp 4 0x8000030c 0x01852e03 x 28  00000020
sm   1 warp 5 0x800002fc 0xfe112e23 lsu.w x   1 op 3 8000015c @ 70001418+fffffffc
sm   0 warp 7 0x80000090 0x00000f97 x 31  80000090
sm   1 warp 4 0x8000030c 0x01852e03 x 28  00000020
sm   0 warp 6 0x800000c8 0x00452283 lsu.r x   5 op 0 @ 90003000+00000004
sm   1 warp 7 0x80000090 0x00000f97 x 31  80000090
sm   1 warp 6 0x800000c8 0x00452283 lsu.r x   5 op 0 @ 90003000+00000004
sm   0 warp 5 0x800002fc 0xfe112e23 lsu.w finish
sm   0 warp 5 0x8000021c 0x00410113 x  2  7000141c
sm   0 warp 7 0x80000094 0x018f8f93 x 31  800000a8
sm   0 warp 4 0x80000310 0x02452e83 lsu.r x  29 op 0 @ 90404000+00000024
sm   1 warp 5 0x800002fc 0xfe112e23 lsu.w finish
sm   1 warp 5 0x8000021c 0x00410113 x  2  7000141c
sm   0 warp 6 0x800000c8 0x00452283 x  5  90001000
sm   1 warp 7 0x80000094 0x018f8f93 x 31  800000a8
sm   1 warp 4 0x80000310 0x02452e83 lsu.r x  29 op 0 @ 90404000+00000024
sm   0 warp 4 0x80000314 0x03c30fb3 x 31  00000040
sm   1 warp 6 0x800000c8 0x00452283 x  5  90001000
sm   0 warp 3 0x80000108 0x0010607b lsu.w v  1 op 3 mask 11111111111111111111111111111111 44800000 44800000 44800000 44800000 44800000 44800000 44800000 44800000 44800000 44800000 44800000 44800000 44800000 44800000 44800000 44800000 44800000 44800000 44800000 44800000 44800000 44800000 44800000 44800000 44800000 44800000 44800000 44800000 44800000 44800000 44800000 44800000 @ 9000207c 90002078 90002074 90002070 9000206c 90002068 90002064 90002060 9000205c 90002058 90002054 90002050 9000204c 90002048 90002044 90002040 9000203c 90002038 90002034 90002030 9000202c 90002028 90002024 90002020 9000201c 90002018 90002014 90002010 9000200c 90002008 90002004 90002000
sm   0 warp 7 0x80000098 0x305f9073 x  0  00000000
sm   1 warp 4 0x80000314 0x03c30fb3 x 31  00000060
sm   0 warp 4 0x80000310 0x02452e83 x 29  00000000
sm   1 warp 3 0x80000108 0x0010607b lsu.w v  1 op 3 mask 11111111111111111111111111111111 44800000 44800000 44800000 44800000 44800000 44800000 44800000 44800000 44800000 44800000 44800000 44800000 44800000 44800000 44800000 44800000 44800000 44800000 44800000 44800000 44800000 44800000 44800000 44800000 44800000 44800000 44800000 44800000 44800000 44800000 44800000 44800000 @ 900020fc 900020f8 900020f4 900020f0 900020ec 900020e8 900020e4 900020e0 900020dc 900020d8 900020d4 900020d0 900020cc 900020c8 900020c4 900020c0 900020bc 900020b8 900020b4 900020b0 900020ac 900020a8 900020a4 900020a0 9000209c 90002098 90002094 90002090 9000208c 90002088 90002084 90002080
sm   0 warp 3 0x80000110 0xff010113 x  2  70000c00
sm   1 warp 7 0x80000098 0x305f9073 x  0  00000000
sm   1 warp 4 0x80000310 0x02452e83 x 29  00000000
sm   0 warp 3 0x8000010c 0xff012083 lsu.r x   1 op 3 @ 70000c10+fffffff0
[L1C] #   1198 SM 0 CACHE 1 ADDR 90002000
sm   0 warp 7 0x8000009c 0x000300e7 x  1  800000a0
sm   0 warp 7 0x8000009c 0x000300e7 Jump? 1  800000b8
sm   1 warp 3 0x80000110 0xff010113 x  2  70000c00
sm   1 warp 3 0x8000010c 0xff012083 lsu.r x   1 op 3 @ 70000c10+fffffff0
sm   0 warp 3 0x80000108 0x0010607b lsu.w finish
[L1C] #   1200 SM 1 CACHE 1 ADDR 90002080
sm   0 warp 4 0x80000318 0x01df8fb3 x 31  00000040
sm   1 warp 7 0x8000009c 0x000300e7 x  1  800000a0
sm   1 warp 7 0x8000009c 0x000300e7 Jump? 1  800000b8
sm   0 warp 5 0x80000224 0x80302573 x 10  90404000
sm   0 warp 5 0x80000220 0xfe112e23 lsu.w x   1 op 3 80000304 @ 7000141c+fffffffc
sm   1 warp 3 0x80000108 0x0010607b lsu.w finish
sm   1 warp 4 0x80000318 0x01df8fb3 x 31  00000060
sm   0 warp 3 0x8000010c 0xff012083 x  1  800000a0
sm   1 warp 5 0x80000224 0x80302573 x 10  90404000
sm   1 warp 5 0x80000220 0xfe112e23 lsu.w x   1 op 3 80000304 @ 7000141c+fffffffc
sm   0 warp 6 0x800000cc 0xfe512c23 lsu.w x   5 op 3 90001000 @ 70001810+fffffff8
sm   0 warp 4 0x8000031c 0x020fc057 v  0 11111111111111111111111111111111 0000005f 0000005e 0000005d 0000005c 0000005b 0000005a 00000059 00000058 00000057 00000056 00000055 00000054 00000053 00000052 00000051 00000050 0000004f 0000004e 0000004d 0000004c 0000004b 0000004a 00000049 00000048 00000047 00000046 00000045 00000044 00000043 00000042 00000041 00000040 
sm   1 warp 3 0x8000010c 0xff012083 x  1  800000a0
sm   1 warp 6 0x800000cc 0xfe512c23 lsu.w x   5 op 3 90001000 @ 70001810+fffffff8
sm   1 warp 4 0x8000031c 0x020fc057 v  0 11111111111111111111111111111111 0000007f 0000007e 0000007d 0000007c 0000007b 0000007a 00000079 00000078 00000077 00000076 00000075 00000074 00000073 00000072 00000071 00000070 0000006f 0000006e 0000006d 0000006c 0000006b 0000006a 00000069 00000068 00000067 00000066 00000065 00000064 00000063 00000062 00000061 00000060 
sm   0 warp 5 0x80000220 0xfe112e23 lsu.w finish
sm   0 warp 3 0x80000114 0x00008067 x  0  80000118
sm   0 warp 3 0x80000114 0x00008067 Jump? 1  800000a0
sm   0 warp 7 0x800000b8 0x01010113 x  2  70001c10
sm   0 warp 6 0x800000d0 0x00052283 lsu.r x   5 op 0 @ 90003000+00000000
sm   1 warp 5 0x80000220 0xfe112e23 lsu.w finish
sm   1 warp 3 0x80000114 0x00008067 x  0  80000118
sm   1 warp 7 0x800000b8 0x01010113 x  2  70001c10
sm   1 warp 6 0x800000d0 0x00052283 lsu.r x   5 op 0 @ 90003000+00000000
sm   1 warp 3 0x80000114 0x00008067 Jump? 1  800000a0
sm   0 warp 6 0x800000cc 0xfe512c23 lsu.w finish
sm   0 warp 5 0x8000022c 0x80002373 x  6  00000020
sm   0 warp 5 0x80000228 0x00852283 lsu.r x   5 op 0 @ 90404000+00000008
sm   1 warp 6 0x800000cc 0xfe512c23 lsu.w finish
sm   1 warp 5 0x8000022c 0x80002373 x  6  00000020
sm   0 warp 6 0x800000d0 0x00052283 x  5  90000000
sm   1 warp 5 0x80000228 0x00852283 lsu.r x   5 op 0 @ 90404000+00000008
sm   0 warp 3 0x800000a0 0x0000400b endprg
sm   0 warp 4 0x80000320 0xffc12083 lsu.r x   1 op 3 @ 70001018+fffffffc
sm   0 warp 5 0x80000230 0x5208a157 v  2 11111111111111111111111111111111 0000001f 0000001e 0000001d 0000001c 0000001b 0000001a 00000019 00000018 00000017 00000016 00000015 00000014 00000013 00000012 00000011 00000010 0000000f 0000000e 0000000d 0000000c 0000000b 0000000a 00000009 00000008 00000007 00000006 00000005 00000004 00000003 00000002 00000001 00000000 
sm   1 warp 6 0x800000d0 0x00052283 x  5  90000000
sm   0 warp 4 0x80000324 0xffc10113 x  2  70001014
sm   1 warp 3 0x800000a0 0x0000400b endprg
sm   1 warp 4 0x80000320 0xffc12083 lsu.r x   1 op 3 @ 70001018+fffffffc
sm   1 warp 5 0x80000230 0x5208a157 v  2 11111111111111111111111111111111 0000001f 0000001e 0000001d 0000001c 0000001b 0000001a 00000019 00000018 00000017 00000016 00000015 00000014 00000013 00000012 00000011 00000010 0000000f 0000000e 0000000d 0000000c 0000000b 0000000a 00000009 00000008 00000007 00000006 00000005 00000004 00000003 00000002 00000001 00000000 
sm   0 warp 5 0x80000228 0x00852283 x  5  00000001
sm   1 warp 4 0x80000324 0xffc10113 x  2  70001014
sm   1 warp 5 0x80000228 0x00852283 x  5  00000001
sm   0 warp 7 0x800000bc 0xfe112823 lsu.w x   1 op 3 800000a0 @ 70001c10+fffffff0
sm   0 warp 5 0x80000234 0x02234057 v  0 11111111111111111111111111111111 0000003f 0000003e 0000003d 0000003c 0000003b 0000003a 00000039 00000038 00000037 00000036 00000035 00000034 00000033 00000032 00000031 00000030 0000002f 0000002e 0000002d 0000002c 0000002b 0000002a 00000029 00000028 00000027 00000026 00000025 00000024 00000023 00000022 00000021 00000020 
[L1C] #   1224 SM 0 CACHE 1 ADDR 9d0f7f80
sm   0 warp 4 0x80000320 0xffc12083 x  1  8000015c
sm   1 warp 7 0x800000bc 0xfe112823 lsu.w x   1 op 3 800000a0 @ 70001c10+fffffff0
sm   1 warp 5 0x80000234 0x02234057 v  0 11111111111111111111111111111111 0000003f 0000003e 0000003d 0000003c 0000003b 0000003a 00000039 00000038 00000037 00000036 00000035 00000034 00000033 00000032 00000031 00000030 0000002f 0000002e 0000002d 0000002c 0000002b 0000002a 00000029 00000028 00000027 00000026 00000025 00000024 00000023 00000022 00000021 00000020 
sm   0 warp 6 0x800000d4 0xfe512a23 lsu.w x   5 op 3 90000000 @ 70001810+fffffff4
sm   0 warp 6 0x800000d8 0x5e004057 v  0 11111111111111111111111111111111 00000000 00000000 00000000 00000000 00000000 00000000 00000000 00000000 00000000 00000000 00000000 00000000 00000000 00000000 00000000 00000000 00000000 00000000 00000000 00000000 00000000 00000000 00000000 00000000 00000000 00000000 00000000 00000000 00000000 00000000 00000000 00000000 
sm   1 warp 4 0x80000320 0xffc12083 x  1  8000015c
sm   0 warp 6 0x800000dc 0x03c000ef Jump? 1  80000118
sm   0 warp 6 0x800000dc 0x03c000ef x  1  800000e0
sm   1 warp 6 0x800000d4 0xfe512a23 lsu.w x   5 op 3 90000000 @ 70001810+fffffff4
sm   1 warp 6 0x800000d8 0x5e004057 v  0 11111111111111111111111111111111 00000000 00000000 00000000 00000000 00000000 00000000 00000000 00000000 00000000 00000000 00000000 00000000 00000000 00000000 00000000 00000000 00000000 00000000 00000000 00000000 00000000 00000000 00000000 00000000 00000000 00000000 00000000 00000000 00000000 00000000 00000000 00000000 
sm   0 warp 7 0x800000bc 0xfe112823 lsu.w finish
sm   0 warp 4 0x80000328 0x00008067 Jump? 1  8000015c
sm   0 warp 4 0x80000328 0x00008067 x  0  8000032c
sm   1 warp 6 0x800000dc 0x03c000ef x  1  800000e0
sm   0 warp 7 0x800000c0 0x00852283 lsu.r x   5 op 0 @ 90003000+00000008
sm   1 warp 6 0x800000dc 0x03c000ef Jump? 1  80000118
sm   1 warp 7 0x800000bc 0xfe112823 lsu.w finish
sm   1 warp 4 0x80000328 0x00008067 x  0  8000032c
sm   1 warp 4 0x80000328 0x00008067 Jump? 1  8000015c
sm   1 warp 7 0x800000c0 0x00852283 lsu.r x   5 op 0 @ 90003000+00000008
sm   0 warp 6 0x800000d4 0xfe512a23 lsu.w finish
sm   1 warp 6 0x800000d4 0xfe512a23 lsu.w finish
sm   0 warp 4 0x8000015c 0x0180006f x  0  80000160
sm   0 warp 6 0x80000118 0x00410113 x  2  70001814
sm   0 warp 4 0x8000015c 0x0180006f Jump? 1  80000174
sm   1 warp 4 0x8000015c 0x0180006f x  0  80000160
sm   1 warp 6 0x80000118 0x00410113 x  2  70001814
sm   1 warp 4 0x8000015c 0x0180006f Jump? 1  80000174
[L1C] #   2251 SM 1 CACHE 1 ADDR 8ac57f80
sm   0 warp 4 0x80000174 0x0000205b Jump? 0  00000000
sm   0 warp 4 0x80000174 0x0000205b join    mask and npc:    11000110111100001000111101101001 0x821aa81f pop stack ? 0
sm   0 warp 5 0x80000238 0x01852e03 lsu.r x  28 op 0 @ 90404000+00000018
sm   0 warp 6 0x8000011c 0xfe112e23 lsu.w x   1 op 3 800000e0 @ 70001814+fffffffc
sm   0 warp 6 0x80000120 0x00200293 x  5  00000002
sm   0 warp 4 0x80000178 0xffc12083 lsu.r x   1 op 3 @ 70001014+fffffffc
sm   0 warp 6 0x8000011c 0xfe112e23 lsu.w finish
sm   0 warp 4 0x8000017c 0xffc10113 x  2  70001010
sm   0 warp 4 0x80000178 0xffc12083 x  1  800000e0
sm   0 warp 6 0x80000124 0x5e02c0d7 v  1 11111111111111111111111111111111 00000002 00000002 00000002 00000002 00000002 00000002 00000002 00000002 00000002 00000002 00000002 00000002 00000002 00000002 00000002 00000002 00000002 00000002 00000002 00000002 00000002 00000002 00000002 00000002 00000002 00000002 00000002 00000002 00000002 00000002 00000002 00000002 
sm   0 warp 6 0x80000128 0x00000317 x  6  80000128
sm   0 warp 4 0x80000180 0x00008067 Jump? 1  800000e0
sm   0 warp 4 0x80000180 0x00008067 x  0  80000184
sm 0 warp 6 0x8000012c 0x04c3305b  setrpc 0x80000174 
sm   0 warp 6 0x8000012c 0x04c3305b x  0  80000174
sm   0 warp 6 0x80000130 0x0200885b vbranch     current mask and npc:   11111111111111111111111111111111 0x80000134, take_if=1, if_mask = 11111111111111111111111111111111
sm   0 warp 4 0x800000e0 0x96013057 v  0 11111111111111111111111111111111 0000017c 00000178 00000174 00000170 0000016c 00000168 00000164 00000160 0000015c 00000158 00000154 00000150 0000014c 00000148 00000144 00000140 0000013c 00000138 00000134 00000130 0000012c 00000128 00000124 00000120 0000011c 00000118 00000114 00000110 0000010c 00000108 00000104 00000100 
sm   0 warp 6 0x80000134 0x00100293 x  5  00000001
sm   0 warp 4 0x800000e4 0xff412303 lsu.r x   6 op 3 @ 70001010+fffffff4
sm   0 warp 6 0x80000138 0x5e02c0d7 v  1 11111111111111111111111111111111 00000001 00000001 00000001 00000001 00000001 00000001 00000001 00000001 00000001 00000001 00000001 00000001 00000001 00000001 00000001 00000001 00000001 00000001 00000001 00000001 00000001 00000001 00000001 00000001 00000001 00000001 00000001 00000001 00000001 00000001 00000001 00000001 
sm   0 warp 6 0x8000013c 0x00000317 x  6  8000013c
sm   0 warp 4 0x800000e4 0xff412303 x  6  90000000
sm 0 warp 6 0x80000140 0x0383305b  setrpc 0x80000174 
sm   0 warp 6 0x80000140 0x0383305b x  0  80000174
sm   0 warp 4 0x800000e8 0x020340d7 v  1 11111111111111111111111111111111 9000017c 90000178 90000174 90000170 9000016c 90000168 90000164 90000160 9000015c 90000158 90000154 90000150 9000014c 90000148 90000144 90000140 9000013c 90000138 90000134 90000130 9000012c 90000128 90000124 90000120 9000011c 90000118 90000114 90000110 9000010c 90000108 90000104 90000100 
sm   0 warp 6 0x80000144 0x0200825b vbranch     current mask and npc:   11111111111111111111111111111111 0x80000148, take_if=1, if_mask = 11111111111111111111111111111111
sm   0 warp 4 0x800000ec 0x0000a0fb lsu.r v  1 op 3 @ 9000017c 90000178 90000174 90000170 9000016c 90000168 90000164 90000160 9000015c 90000158 90000154 90000150 9000014c 90000148 90000144 90000140 9000013c 90000138 90000134 90000130 9000012c 90000128 90000124 90000120 9000011c 90000118 90000114 90000110 9000010c 90000108 90000104 90000100
sm   0 warp 6 0x80000148 0x5e0040d7 v  1 11111111111111111111111111111111 00000000 00000000 00000000 00000000 00000000 00000000 00000000 00000000 00000000 00000000 00000000 00000000 00000000 00000000 00000000 00000000 00000000 00000000 00000000 00000000 00000000 00000000 00000000 00000000 00000000 00000000 00000000 00000000 00000000 00000000 00000000 00000000 
sm   0 warp 6 0x8000014c 0x00000317 x  6  8000014c
sm   0 warp 4 0x800000f0 0xff812283 lsu.r x   5 op 3 @ 70001010+fffffff8
sm 0 warp 6 0x80000150 0x0283305b  setrpc 0x80000174 
sm   0 warp 6 0x80000150 0x0283305b x  0  80000174
sm   0 warp 4 0x800000f0 0xff812283 x  5  90001000
sm   0 warp 6 0x80000154 0x00009e5b vbranch     current mask and npc:   11111111111111111111111111111111 0x80000158, take_if=1, if_mask = 11111111111111111111111111111111
sm   0 warp 4 0x800000f4 0x0202c157 v  2 11111111111111111111111111111111 9000117c 90001178 90001174 90001170 9000116c 90001168 90001164 90001160 9000115c 90001158 90001154 90001150 9000114c 90001148 90001144 90001140 9000113c 90001138 90001134 90001130 9000112c 90001128 90001124 90001120 9000111c 90001118 90001114 90001110 9000110c 90001108 90001104 90001100 
sm   0 warp 6 0x80000158 0x1a0000ef Jump? 1  800002f8
sm   0 warp 6 0x80000158 0x1a0000ef x  1  8000015c
sm   0 warp 4 0x800000f8 0x0001217b lsu.r v  2 op 3 @ 9000117c 90001178 90001174 90001170 9000116c 90001168 90001164 90001160 9000115c 90001158 90001154 90001150 9000114c 90001148 90001144 90001140 9000113c 90001138 90001134 90001130 9000112c 90001128 90001124 90001120 9000111c 90001118 90001114 90001110 9000110c 90001108 90001104 90001100
sm   0 warp 6 0x800002f8 0x00410113 x  2  70001818
sm   0 warp 6 0x800002fc 0xfe112e23 lsu.w x   1 op 3 8000015c @ 70001818+fffffffc
sm   0 warp 6 0x80000300 0xf1dff0ef Jump? 1  8000021c
sm   0 warp 6 0x80000300 0xf1dff0ef x  1  80000304
sm   0 warp 6 0x800002fc 0xfe112e23 lsu.w finish
sm   0 warp 6 0x8000021c 0x00410113 x  2  7000181c
sm   0 warp 6 0x80000220 0xfe112e23 lsu.w x   1 op 3 80000304 @ 7000181c+fffffffc
sm   0 warp 6 0x80000224 0x80302573 x 10  90404000
sm   0 warp 6 0x80000220 0xfe112e23 lsu.w finish
sm   0 warp 6 0x80000228 0x00852283 lsu.r x   5 op 0 @ 90404000+00000008
sm   0 warp 6 0x8000022c 0x80002373 x  6  00000040
sm   0 warp 6 0x80000230 0x5208a157 v  2 11111111111111111111111111111111 0000001f 0000001e 0000001d 0000001c 0000001b 0000001a 00000019 00000018 00000017 00000016 00000015 00000014 00000013 00000012 00000011 00000010 0000000f 0000000e 0000000d 0000000c 0000000b 0000000a 00000009 00000008 00000007 00000006 00000005 00000004 00000003 00000002 00000001 00000000 
sm   0 warp 6 0x80000234 0x02234057 v  0 11111111111111111111111111111111 0000005f 0000005e 0000005d 0000005c 0000005b 0000005a 00000059 00000058 00000057 00000056 00000055 00000054 00000053 00000052 00000051 00000050 0000004f 0000004e 0000004d 0000004c 0000004b 0000004a 00000049 00000048 00000047 00000046 00000045 00000044 00000043 00000042 00000041 00000040 
sm   0 warp 6 0x80000238 0x01852e03 lsu.r x  28 op 0 @ 90404000+00000018
[L1C] #   4302 SM 0 CACHE 1 ADDR 9d0f7f80
sm   1 warp 5 0x80000238 0x01852e03 lsu.r x  28 op 0 @ 90404000+00000018
sm   1 warp 4 0x80000174 0x0000205b Jump? 0  00000000
sm   1 warp 4 0x80000174 0x0000205b join    mask and npc:    11110110100000010000101100100001 0x54aa055d pop stack ? 0
sm   1 warp 6 0x8000011c 0xfe112e23 lsu.w x   1 op 3 800000e0 @ 70001814+fffffffc
sm   1 warp 6 0x80000120 0x00200293 x  5  00000002
sm   1 warp 4 0x80000178 0xffc12083 lsu.r x   1 op 3 @ 70001014+fffffffc
sm   1 warp 6 0x8000011c 0xfe112e23 lsu.w finish
sm   1 warp 4 0x8000017c 0xffc10113 x  2  70001010
sm   1 warp 4 0x80000178 0xffc12083 x  1  800000e0
sm   1 warp 6 0x80000124 0x5e02c0d7 v  1 11111111111111111111111111111111 00000002 00000002 00000002 00000002 00000002 00000002 00000002 00000002 00000002 00000002 00000002 00000002 00000002 00000002 00000002 00000002 00000002 00000002 00000002 00000002 00000002 00000002 00000002 00000002 00000002 00000002 00000002 00000002 00000002 00000002 00000002 00000002 
sm   1 warp 6 0x80000128 0x00000317 x  6  80000128
sm   1 warp 4 0x80000180 0x00008067 x  0  80000184
sm   1 warp 4 0x80000180 0x00008067 Jump? 1  800000e0
sm 1 warp 6 0x8000012c 0x04c3305b  setrpc 0x80000174 
sm   1 warp 6 0x8000012c 0x04c3305b x  0  80000174
sm   1 warp 6 0x80000130 0x0200885b vbranch     current mask and npc:   11111111111111111111111111111111 0x80000134, take_if=1, if_mask = 11111111111111111111111111111111
sm   1 warp 4 0x800000e0 0x96013057 v  0 11111111111111111111111111111111 000001fc 000001f8 000001f4 000001f0 000001ec 000001e8 000001e4 000001e0 000001dc 000001d8 000001d4 000001d0 000001cc 000001c8 000001c4 000001c0 000001bc 000001b8 000001b4 000001b0 000001ac 000001a8 000001a4 000001a0 0000019c 00000198 00000194 00000190 0000018c 00000188 00000184 00000180 
sm   1 warp 6 0x80000134 0x00100293 x  5  00000001
sm   1 warp 4 0x800000e4 0xff412303 lsu.r x   6 op 3 @ 70001010+fffffff4
sm   1 warp 6 0x80000138 0x5e02c0d7 v  1 11111111111111111111111111111111 00000001 00000001 00000001 00000001 00000001 00000001 00000001 00000001 00000001 00000001 00000001 00000001 00000001 00000001 00000001 00000001 00000001 00000001 00000001 00000001 00000001 00000001 00000001 00000001 00000001 00000001 00000001 00000001 00000001 00000001 00000001 00000001 
sm   1 warp 6 0x8000013c 0x00000317 x  6  8000013c
sm   1 warp 4 0x800000e4 0xff412303 x  6  90000000
sm 1 warp 6 0x80000140 0x0383305b  setrpc 0x80000174 
sm   1 warp 6 0x80000140 0x0383305b x  0  80000174
sm   1 warp 4 0x800000e8 0x020340d7 v  1 11111111111111111111111111111111 900001fc 900001f8 900001f4 900001f0 900001ec 900001e8 900001e4 900001e0 900001dc 900001d8 900001d4 900001d0 900001cc 900001c8 900001c4 900001c0 900001bc 900001b8 900001b4 900001b0 900001ac 900001a8 900001a4 900001a0 9000019c 90000198 90000194 90000190 9000018c 90000188 90000184 90000180 
sm   1 warp 6 0x80000144 0x0200825b vbranch     current mask and npc:   11111111111111111111111111111111 0x80000148, take_if=1, if_mask = 11111111111111111111111111111111
sm   1 warp 4 0x800000ec 0x0000a0fb lsu.r v  1 op 3 @ 900001fc 900001f8 900001f4 900001f0 900001ec 900001e8 900001e4 900001e0 900001dc 900001d8 900001d4 900001d0 900001cc 900001c8 900001c4 900001c0 900001bc 900001b8 900001b4 900001b0 900001ac 900001a8 900001a4 900001a0 9000019c 90000198 90000194 90000190 9000018c 90000188 90000184 90000180
sm   1 warp 6 0x80000148 0x5e0040d7 v  1 11111111111111111111111111111111 00000000 00000000 00000000 00000000 00000000 00000000 00000000 00000000 00000000 00000000 00000000 00000000 00000000 00000000 00000000 00000000 00000000 00000000 00000000 00000000 00000000 00000000 00000000 00000000 00000000 00000000 00000000 00000000 00000000 00000000 00000000 00000000 
sm   1 warp 6 0x8000014c 0x00000317 x  6  8000014c
sm   1 warp 4 0x800000f0 0xff812283 lsu.r x   5 op 3 @ 70001010+fffffff8
sm 1 warp 6 0x80000150 0x0283305b  setrpc 0x80000174 
sm   1 warp 6 0x80000150 0x0283305b x  0  80000174
sm   1 warp 4 0x800000f0 0xff812283 x  5  90001000
sm   1 warp 6 0x80000154 0x00009e5b vbranch     current mask and npc:   11111111111111111111111111111111 0x80000158, take_if=1, if_mask = 11111111111111111111111111111111
sm   1 warp 4 0x800000f4 0x0202c157 v  2 11111111111111111111111111111111 900011fc 900011f8 900011f4 900011f0 900011ec 900011e8 900011e4 900011e0 900011dc 900011d8 900011d4 900011d0 900011cc 900011c8 900011c4 900011c0 900011bc 900011b8 900011b4 900011b0 900011ac 900011a8 900011a4 900011a0 9000119c 90001198 90001194 90001190 9000118c 90001188 90001184 90001180 
sm   1 warp 6 0x80000158 0x1a0000ef x  1  8000015c
sm   1 warp 6 0x80000158 0x1a0000ef Jump? 1  800002f8
sm   1 warp 4 0x800000f8 0x0001217b lsu.r v  2 op 3 @ 900011fc 900011f8 900011f4 900011f0 900011ec 900011e8 900011e4 900011e0 900011dc 900011d8 900011d4 900011d0 900011cc 900011c8 900011c4 900011c0 900011bc 900011b8 900011b4 900011b0 900011ac 900011a8 900011a4 900011a0 9000119c 90001198 90001194 90001190 9000118c 90001188 90001184 90001180
sm   1 warp 6 0x800002f8 0x00410113 x  2  70001818
sm   1 warp 6 0x800002fc 0xfe112e23 lsu.w x   1 op 3 8000015c @ 70001818+fffffffc
sm   1 warp 6 0x80000300 0xf1dff0ef x  1  80000304
sm   1 warp 6 0x80000300 0xf1dff0ef Jump? 1  8000021c
sm   1 warp 6 0x800002fc 0xfe112e23 lsu.w finish
sm   1 warp 6 0x8000021c 0x00410113 x  2  7000181c
sm   1 warp 6 0x80000220 0xfe112e23 lsu.w x   1 op 3 80000304 @ 7000181c+fffffffc
sm   1 warp 6 0x80000224 0x80302573 x 10  90404000
sm   1 warp 6 0x80000220 0xfe112e23 lsu.w finish
sm   1 warp 6 0x80000228 0x00852283 lsu.r x   5 op 0 @ 90404000+00000008
sm   1 warp 6 0x8000022c 0x80002373 x  6  00000040
sm   1 warp 6 0x80000230 0x5208a157 v  2 11111111111111111111111111111111 0000001f 0000001e 0000001d 0000001c 0000001b 0000001a 00000019 00000018 00000017 00000016 00000015 00000014 00000013 00000012 00000011 00000010 0000000f 0000000e 0000000d 0000000c 0000000b 0000000a 00000009 00000008 00000007 00000006 00000005 00000004 00000003 00000002 00000001 00000000 
sm   1 warp 6 0x80000234 0x02234057 v  0 11111111111111111111111111111111 0000005f 0000005e 0000005d 0000005c 0000005b 0000005a 00000059 00000058 00000057 00000056 00000055 00000054 00000053 00000052 00000051 00000050 0000004f 0000004e 0000004d 0000004c 0000004b 0000004a 00000049 00000048 00000047 00000046 00000045 00000044 00000043 00000042 00000041 00000040 
sm   1 warp 6 0x80000238 0x01852e03 lsu.r x  28 op 0 @ 90404000+00000018
[L1C] #   6353 SM 0 CACHE 1 ADDR 90003000
[L1C] #   6354 SM 0 CACHE 1 ADDR 90404000
[L1C] #   6355 SM 0 CACHE 1 ADDR 90000100
[L1C] #   6356 SM 0 CACHE 1 ADDR 90001100
[L1C] #   6358 SM 1 CACHE 1 ADDR 8ac57f80
sm   0 warp 7 0x800000c0 0x00852283 x  5  90002000
sm   0 warp 5 0x80000238 0x01852e03 x 28  00000020
sm   0 warp 6 0x80000228 0x00852283 x  5  00000001
sm   0 warp 7 0x800000c4 0xfe512e23 lsu.w x   5 op 3 90002000 @ 70001c10+fffffffc
sm   0 warp 4 0x800000ec 0x0000a0fb v  1 11111111111111111111111111111111 42be0000 42bc0000 42ba0000 42b80000 42b60000 42b40000 42b20000 42b00000 42ae0000 42ac0000 42aa0000 42a80000 42a60000 42a40000 42a20000 42a00000 429e0000 429c0000 429a0000 42980000 42960000 42940000 42920000 42900000 428e0000 428c0000 428a0000 42880000 42860000 42840000 42820000 42800000 
sm   0 warp 7 0x800000c8 0x00452283 lsu.r x   5 op 0 @ 90003000+00000004
sm   0 warp 4 0x800000f8 0x0001217b v  2 11111111111111111111111111111111 44684000 44688000 4468c000 44690000 44694000 44698000 4469c000 446a0000 446a4000 446a8000 446ac000 446b0000 446b4000 446b8000 446bc000 446c0000 446c4000 446c8000 446cc000 446d0000 446d4000 446d8000 446dc000 446e0000 446e4000 446e8000 446ec000 446f0000 446f4000 446f8000 446fc000 44700000 
sm   0 warp 5 0x80000244 0xffc10113 x  2  70001418
sm   0 warp 5 0x80000240 0xffc12083 lsu.r x   1 op 3 @ 7000141c+fffffffc
sm   0 warp 6 0x80000238 0x01852e03 x 28  00000020
sm   0 warp 7 0x800000c8 0x00452283 x  5  90001000
sm   0 warp 4 0x800000fc 0x021110d7 v  1 11111111111111111111111111111111 44800000 44800000 44800000 44800000 44800000 44800000 44800000 44800000 44800000 44800000 44800000 44800000 44800000 44800000 44800000 44800000 44800000 44800000 44800000 44800000 44800000 44800000 44800000 44800000 44800000 44800000 44800000 44800000 44800000 44800000 44800000 44800000 
sm   0 warp 7 0x800000c4 0xfe512e23 lsu.w finish
sm   0 warp 4 0x80000100 0xffc12283 lsu.r x   5 op 3 @ 70001010+fffffffc
sm   0 warp 5 0x80000240 0xffc12083 x  1  80000304
sm   0 warp 5 0x8000023c 0x8a0e6057 v  0 11111111111111111111111111111111 0000001f 0000001e 0000001d 0000001c 0000001b 0000001a 00000019 00000018 00000017 00000016 00000015 00000014 00000013 00000012 00000011 00000010 0000000f 0000000e 0000000d 0000000c 0000000b 0000000a 00000009 00000008 00000007 00000006 00000005 00000004 00000003 00000002 00000001 00000000 
sm   0 warp 7 0x800000cc 0xfe512c23 lsu.w x   5 op 3 90001000 @ 70001c10+fffffff8
sm   0 warp 4 0x80000100 0xffc12283 x  5  90002000
sm   0 warp 5 0x80000248 0x00008067 x  0  8000024c
sm   0 warp 5 0x80000248 0x00008067 Jump? 1  80000304
sm   0 warp 7 0x800000d0 0x00052283 lsu.r x   5 op 0 @ 90003000+00000000
sm   0 warp 7 0x800000cc 0xfe512c23 lsu.w finish
sm   0 warp 4 0x80000104 0x0202c057 v  0 11111111111111111111111111111111 9000217c 90002178 90002174 90002170 9000216c 90002168 90002164 90002160 9000215c 90002158 90002154 90002150 9000214c 90002148 90002144 90002140 9000213c 90002138 90002134 90002130 9000212c 90002128 90002124 90002120 9000211c 90002118 90002114 90002110 9000210c 90002108 90002104 90002100 
sm   0 warp 6 0x80000244 0xffc10113 x  2  70001818
sm   0 warp 6 0x80000240 0xffc12083 lsu.r x   1 op 3 @ 7000181c+fffffffc
sm   0 warp 7 0x800000d0 0x00052283 x  5  90000000
sm   0 warp 6 0x80000240 0xffc12083 x  1  80000304
sm   0 warp 5 0x80000304 0x80302573 x 10  90404000
sm   0 warp 4 0x80000108 0x0010607b lsu.w v  1 op 3 mask 11111111111111111111111111111111 44800000 44800000 44800000 44800000 44800000 44800000 44800000 44800000 44800000 44800000 44800000 44800000 44800000 44800000 44800000 44800000 44800000 44800000 44800000 44800000 44800000 44800000 44800000 44800000 44800000 44800000 44800000 44800000 44800000 44800000 44800000 44800000 @ 9000217c 90002178 90002174 90002170 9000216c 90002168 90002164 90002160 9000215c 90002158 90002154 90002150 9000214c 90002148 90002144 90002140 9000213c 90002138 90002134 90002130 9000212c 90002128 90002124 90002120 9000211c 90002118 90002114 90002110 9000210c 90002108 90002104 90002100
sm   0 warp 6 0x80000248 0x00008067 Jump? 1  80000304
sm   0 warp 6 0x80000248 0x00008067 x  0  8000024c
sm   0 warp 7 0x800000d4 0xfe512a23 lsu.w x   5 op 3 90000000 @ 70001c10+fffffff4
sm   0 warp 5 0x80000308 0x80802373 x  6  00000002
sm   0 warp 7 0x800000d8 0x5e004057 v  0 11111111111111111111111111111111 00000000 00000000 00000000 00000000 00000000 00000000 00000000 00000000 00000000 00000000 00000000 00000000 00000000 00000000 00000000 00000000 00000000 00000000 00000000 00000000 00000000 00000000 00000000 00000000 00000000 00000000 00000000 00000000 00000000 00000000 00000000 00000000 
sm   0 warp 4 0x8000010c 0xff012083 lsu.r x   1 op 3 @ 70001010+fffffff0
sm   0 warp 4 0x80000110 0xff010113 x  2  70001000
sm   0 warp 7 0x800000dc 0x03c000ef x  1  800000e0
sm   0 warp 7 0x800000d4 0xfe512a23 lsu.w finish
sm   0 warp 7 0x800000dc 0x03c000ef Jump? 1  80000118
sm   0 warp 5 0x8000030c 0x01852e03 lsu.r x  28 op 0 @ 90404000+00000018
sm   0 warp 6 0x8000023c 0x8a0e6057 v  0 11111111111111111111111111111111 0000001f 0000001e 0000001d 0000001c 0000001b 0000001a 00000019 00000018 00000017 00000016 00000015 00000014 00000013 00000012 00000011 00000010 0000000f 0000000e 0000000d 0000000c 0000000b 0000000a 00000009 00000008 00000007 00000006 00000005 00000004 00000003 00000002 00000001 00000000 
sm   0 warp 4 0x8000010c 0xff012083 x  1  800000a0
sm   0 warp 6 0x80000304 0x80302573 x 10  90404000
sm   0 warp 5 0x80000310 0x02452e83 lsu.r x  29 op 0 @ 90404000+00000024
sm   0 warp 5 0x8000030c 0x01852e03 x 28  00000020
sm   0 warp 4 0x80000114 0x00008067 x  0  80000118
sm   0 warp 4 0x80000114 0x00008067 Jump? 1  800000a0
sm   0 warp 5 0x80000310 0x02452e83 x 29  00000000
sm   0 warp 6 0x80000308 0x80802373 x  6  00000002
sm   0 warp 7 0x80000118 0x00410113 x  2  70001c14
sm   0 warp 5 0x80000314 0x03c30fb3 x 31  00000040
sm   0 warp 6 0x8000030c 0x01852e03 lsu.r x  28 op 0 @ 90404000+00000018
sm   0 warp 4 0x800000a0 0x0000400b endprg
sm   0 warp 7 0x8000011c 0xfe112e23 lsu.w x   1 op 3 800000e0 @ 70001c14+fffffffc
sm   0 warp 5 0x80000318 0x01df8fb3 x 31  00000040
sm   0 warp 7 0x80000120 0x00200293 x  5  00000002
sm   0 warp 6 0x80000310 0x02452e83 lsu.r x  29 op 0 @ 90404000+00000024
sm   0 warp 6 0x8000030c 0x01852e03 x 28  00000020
sm   0 warp 5 0x8000031c 0x020fc057 v  0 11111111111111111111111111111111 0000005f 0000005e 0000005d 0000005c 0000005b 0000005a 00000059 00000058 00000057 00000056 00000055 00000054 00000053 00000052 00000051 00000050 0000004f 0000004e 0000004d 0000004c 0000004b 0000004a 00000049 00000048 00000047 00000046 00000045 00000044 00000043 00000042 00000041 00000040 
sm   0 warp 7 0x8000011c 0xfe112e23 lsu.w finish
sm   0 warp 7 0x80000124 0x5e02c0d7 v  1 11111111111111111111111111111111 00000002 00000002 00000002 00000002 00000002 00000002 00000002 00000002 00000002 00000002 00000002 00000002 00000002 00000002 00000002 00000002 00000002 00000002 00000002 00000002 00000002 00000002 00000002 00000002 00000002 00000002 00000002 00000002 00000002 00000002 00000002 00000002 
sm   0 warp 7 0x80000128 0x00000317 x  6  80000128
sm   0 warp 5 0x80000320 0xffc12083 lsu.r x   1 op 3 @ 70001418+fffffffc
sm   0 warp 6 0x80000310 0x02452e83 x 29  00000000
sm   0 warp 6 0x80000314 0x03c30fb3 x 31  00000040
sm   0 warp 5 0x80000324 0xffc10113 x  2  70001414
sm 0 warp 7 0x8000012c 0x04c3305b  setrpc 0x80000174 
sm   0 warp 7 0x8000012c 0x04c3305b x  0  80000174
sm   0 warp 5 0x80000320 0xffc12083 x  1  8000015c
sm   0 warp 6 0x80000318 0x01df8fb3 x 31  00000040
sm   0 warp 7 0x80000130 0x0200885b vbranch     current mask and npc:   11111111111111111111111111111111 0x80000134, take_if=1, if_mask = 11111111111111111111111111111111
sm   0 warp 5 0x80000328 0x00008067 Jump? 1  8000015c
sm   0 warp 5 0x80000328 0x00008067 x  0  8000032c
sm   0 warp 6 0x8000031c 0x020fc057 v  0 11111111111111111111111111111111 0000005f 0000005e 0000005d 0000005c 0000005b 0000005a 00000059 00000058 00000057 00000056 00000055 00000054 00000053 00000052 00000051 00000050 0000004f 0000004e 0000004d 0000004c 0000004b 0000004a 00000049 00000048 00000047 00000046 00000045 00000044 00000043 00000042 00000041 00000040 
sm   0 warp 7 0x80000134 0x00100293 x  5  00000001
sm   0 warp 5 0x8000015c 0x0180006f x  0  80000160
sm   0 warp 6 0x80000320 0xffc12083 lsu.r x   1 op 3 @ 70001818+fffffffc
sm   0 warp 5 0x8000015c 0x0180006f Jump? 1  80000174
sm   0 warp 7 0x80000138 0x5e02c0d7 v  1 11111111111111111111111111111111 00000001 00000001 00000001 00000001 00000001 00000001 00000001 00000001 00000001 00000001 00000001 00000001 00000001 00000001 00000001 00000001 00000001 00000001 00000001 00000001 00000001 00000001 00000001 00000001 00000001 00000001 00000001 00000001 00000001 00000001 00000001 00000001 
sm   0 warp 7 0x8000013c 0x00000317 x  6  8000013c
sm   0 warp 6 0x80000324 0xffc10113 x  2  70001814
sm   0 warp 6 0x80000320 0xffc12083 x  1  8000015c
sm   0 warp 5 0x80000174 0x0000205b Jump? 0  00000000
sm   0 warp 5 0x80000174 0x0000205b join    mask and npc:    01110001111000010110010010011011 0xcd0fc4cb pop stack ? 0
sm 0 warp 7 0x80000140 0x0383305b  setrpc 0x80000174 
sm   0 warp 7 0x80000140 0x0383305b x  0  80000174
sm   0 warp 6 0x80000328 0x00008067 Jump? 1  8000015c
sm   0 warp 6 0x80000328 0x00008067 x  0  8000032c
sm   0 warp 7 0x80000144 0x0200825b vbranch     current mask and npc:   11111111111111111111111111111111 0x80000148, take_if=1, if_mask = 11111111111111111111111111111111
sm   0 warp 5 0x80000178 0xffc12083 lsu.r x   1 op 3 @ 70001414+fffffffc
sm   0 warp 6 0x8000015c 0x0180006f x  0  80000160
sm   0 warp 6 0x8000015c 0x0180006f Jump? 1  80000174
sm   0 warp 5 0x8000017c 0xffc10113 x  2  70001410
sm   0 warp 7 0x80000148 0x5e0040d7 v  1 11111111111111111111111111111111 00000000 00000000 00000000 00000000 00000000 00000000 00000000 00000000 00000000 00000000 00000000 00000000 00000000 00000000 00000000 00000000 00000000 00000000 00000000 00000000 00000000 00000000 00000000 00000000 00000000 00000000 00000000 00000000 00000000 00000000 00000000 00000000 
sm   0 warp 5 0x80000178 0xffc12083 x  1  800000e0
sm   0 warp 7 0x8000014c 0x00000317 x  6  8000014c
sm   0 warp 5 0x80000180 0x00008067 Jump? 1  800000e0
sm   0 warp 5 0x80000180 0x00008067 x  0  80000184
sm   0 warp 6 0x80000174 0x0000205b join    mask and npc:    10111111010011001010011110000111 0x57f91a8f pop stack ? 0
sm 0 warp 7 0x80000150 0x0283305b  setrpc 0x80000174 
sm   0 warp 7 0x80000150 0x0283305b x  0  80000174
sm   0 warp 6 0x80000174 0x0000205b Jump? 0  00000000
sm   0 warp 7 0x80000154 0x00009e5b vbranch     current mask and npc:   11111111111111111111111111111111 0x80000158, take_if=1, if_mask = 11111111111111111111111111111111
sm   0 warp 6 0x80000178 0xffc12083 lsu.r x   1 op 3 @ 70001814+fffffffc
sm   0 warp 5 0x800000e0 0x96013057 v  0 11111111111111111111111111111111 0000017c 00000178 00000174 00000170 0000016c 00000168 00000164 00000160 0000015c 00000158 00000154 00000150 0000014c 00000148 00000144 00000140 0000013c 00000138 00000134 00000130 0000012c 00000128 00000124 00000120 0000011c 00000118 00000114 00000110 0000010c 00000108 00000104 00000100 
sm   0 warp 6 0x8000017c 0xffc10113 x  2  70001810
sm   0 warp 7 0x80000158 0x1a0000ef Jump? 1  800002f8
sm   0 warp 7 0x80000158 0x1a0000ef x  1  8000015c
sm   0 warp 6 0x80000178 0xffc12083 x  1  800000e0
sm   0 warp 5 0x800000e4 0xff412303 lsu.r x   6 op 3 @ 70001410+fffffff4
sm   0 warp 6 0x80000180 0x00008067 x  0  80000184
sm   0 warp 6 0x80000180 0x00008067 Jump? 1  800000e0
sm   0 warp 5 0x800000e4 0xff412303 x  6  90000000
sm   0 warp 7 0x800002f8 0x00410113 x  2  70001c18
sm   0 warp 5 0x800000e8 0x020340d7 v  1 11111111111111111111111111111111 9000017c 90000178 90000174 90000170 9000016c 90000168 90000164 90000160 9000015c 90000158 90000154 90000150 9000014c 90000148 90000144 90000140 9000013c 90000138 90000134 90000130 9000012c 90000128 90000124 90000120 9000011c 90000118 90000114 90000110 9000010c 90000108 90000104 90000100 
sm   0 warp 7 0x800002fc 0xfe112e23 lsu.w x   1 op 3 8000015c @ 70001c18+fffffffc
sm   0 warp 7 0x80000300 0xf1dff0ef x  1  80000304
sm   0 warp 6 0x800000e0 0x96013057 v  0 11111111111111111111111111111111 0000017c 00000178 00000174 00000170 0000016c 00000168 00000164 00000160 0000015c 00000158 00000154 00000150 0000014c 00000148 00000144 00000140 0000013c 00000138 00000134 00000130 0000012c 00000128 00000124 00000120 0000011c 00000118 00000114 00000110 0000010c 00000108 00000104 00000100 
sm   0 warp 7 0x80000300 0xf1dff0ef Jump? 1  8000021c
sm   0 warp 5 0x800000ec 0x0000a0fb lsu.r v  1 op 3 @ 9000017c 90000178 90000174 90000170 9000016c 90000168 90000164 90000160 9000015c 90000158 90000154 90000150 9000014c 90000148 90000144 90000140 9000013c 90000138 90000134 90000130 9000012c 90000128 90000124 90000120 9000011c 90000118 90000114 90000110 9000010c 90000108 90000104 90000100
sm   0 warp 7 0x800002fc 0xfe112e23 lsu.w finish
sm   0 warp 6 0x800000e4 0xff412303 lsu.r x   6 op 3 @ 70001810+fffffff4
sm   0 warp 5 0x800000ec 0x0000a0fb v  1 11111111111111111111111111111111 42be0000 42bc0000 42ba0000 42b80000 42b60000 42b40000 42b20000 42b00000 42ae0000 42ac0000 42aa0000 42a80000 42a60000 42a40000 42a20000 42a00000 429e0000 429c0000 429a0000 42980000 42960000 42940000 42920000 42900000 428e0000 428c0000 428a0000 42880000 42860000 42840000 42820000 42800000 
sm   0 warp 5 0x800000f0 0xff812283 lsu.r x   5 op 3 @ 70001410+fffffff8
sm   0 warp 7 0x8000021c 0x00410113 x  2  70001c1c
sm   0 warp 6 0x800000e4 0xff412303 x  6  90000000
sm   0 warp 5 0x800000f0 0xff812283 x  5  90001000
sm   0 warp 7 0x80000220 0xfe112e23 lsu.w x   1 op 3 80000304 @ 70001c1c+fffffffc
sm   0 warp 6 0x800000e8 0x020340d7 v  1 11111111111111111111111111111111 9000017c 90000178 90000174 90000170 9000016c 90000168 90000164 90000160 9000015c 90000158 90000154 90000150 9000014c 90000148 90000144 90000140 9000013c 90000138 90000134 90000130 9000012c 90000128 90000124 90000120 9000011c 90000118 90000114 90000110 9000010c 90000108 90000104 90000100 
sm   0 warp 7 0x80000224 0x80302573 x 10  90404000
sm   0 warp 5 0x800000f4 0x0202c157 v  2 11111111111111111111111111111111 9000117c 90001178 90001174 90001170 9000116c 90001168 90001164 90001160 9000115c 90001158 90001154 90001150 9000114c 90001148 90001144 90001140 9000113c 90001138 90001134 90001130 9000112c 90001128 90001124 90001120 9000111c 90001118 90001114 90001110 9000110c 90001108 90001104 90001100 
sm   0 warp 7 0x80000220 0xfe112e23 lsu.w finish
sm   0 warp 6 0x800000ec 0x0000a0fb lsu.r v  1 op 3 @ 9000017c 90000178 90000174 90000170 9000016c 90000168 90000164 90000160 9000015c 90000158 90000154 90000150 9000014c 90000148 90000144 90000140 9000013c 90000138 90000134 90000130 9000012c 90000128 90000124 90000120 9000011c 90000118 90000114 90000110 9000010c 90000108 90000104 90000100
sm   0 warp 7 0x80000228 0x00852283 lsu.r x   5 op 0 @ 90404000+00000008
sm   0 warp 7 0x8000022c 0x80002373 x  6  00000060
sm   0 warp 6 0x800000ec 0x0000a0fb v  1 11111111111111111111111111111111 42be0000 42bc0000 42ba0000 42b80000 42b60000 42b40000 42b20000 42b00000 42ae0000 42ac0000 42aa0000 42a80000 42a60000 42a40000 42a20000 42a00000 429e0000 429c0000 429a0000 42980000 42960000 42940000 42920000 42900000 428e0000 428c0000 428a0000 42880000 42860000 42840000 42820000 42800000 
sm   0 warp 6 0x800000f0 0xff812283 lsu.r x   5 op 3 @ 70001810+fffffff8
sm   0 warp 7 0x80000230 0x5208a157 v  2 11111111111111111111111111111111 0000001f 0000001e 0000001d 0000001c 0000001b 0000001a 00000019 00000018 00000017 00000016 00000015 00000014 00000013 00000012 00000011 00000010 0000000f 0000000e 0000000d 0000000c 0000000b 0000000a 00000009 00000008 00000007 00000006 00000005 00000004 00000003 00000002 00000001 00000000 
sm   0 warp 7 0x80000228 0x00852283 x  5  00000001
sm   0 warp 5 0x800000f8 0x0001217b lsu.r v  2 op 3 @ 9000117c 90001178 90001174 90001170 9000116c 90001168 90001164 90001160 9000115c 90001158 90001154 90001150 9000114c 90001148 90001144 90001140 9000113c 90001138 90001134 90001130 9000112c 90001128 90001124 90001120 9000111c 90001118 90001114 90001110 9000110c 90001108 90001104 90001100
sm   0 warp 7 0x80000234 0x02234057 v  0 11111111111111111111111111111111 0000007f 0000007e 0000007d 0000007c 0000007b 0000007a 00000079 00000078 00000077 00000076 00000075 00000074 00000073 00000072 00000071 00000070 0000006f 0000006e 0000006d 0000006c 0000006b 0000006a 00000069 00000068 00000067 00000066 00000065 00000064 00000063 00000062 00000061 00000060 
sm   0 warp 6 0x800000f0 0xff812283 x  5  90001000
sm   0 warp 5 0x800000f8 0x0001217b v  2 11111111111111111111111111111111 44684000 44688000 4468c000 44690000 44694000 44698000 4469c000 446a0000 446a4000 446a8000 446ac000 446b0000 446b4000 446b8000 446bc000 446c0000 446c4000 446c8000 446cc000 446d0000 446d4000 446d8000 446dc000 446e0000 446e4000 446e8000 446ec000 446f0000 446f4000 446f8000 446fc000 44700000 
sm   0 warp 7 0x80000238 0x01852e03 lsu.r x  28 op 0 @ 90404000+00000018
sm   0 warp 6 0x800000f4 0x0202c157 v  2 11111111111111111111111111111111 9000117c 90001178 90001174 90001170 9000116c 90001168 90001164 90001160 9000115c 90001158 90001154 90001150 9000114c 90001148 90001144 90001140 9000113c 90001138 90001134 90001130 9000112c 90001128 90001124 90001120 9000111c 90001118 90001114 90001110 9000110c 90001108 90001104 90001100 
sm   0 warp 7 0x80000238 0x01852e03 x 28  00000020
sm   0 warp 5 0x800000fc 0x021110d7 v  1 11111111111111111111111111111111 44800000 44800000 44800000 44800000 44800000 44800000 44800000 44800000 44800000 44800000 44800000 44800000 44800000 44800000 44800000 44800000 44800000 44800000 44800000 44800000 44800000 44800000 44800000 44800000 44800000 44800000 44800000 44800000 44800000 44800000 44800000 44800000 
sm   0 warp 6 0x800000f8 0x0001217b lsu.r v  2 op 3 @ 9000117c 90001178 90001174 90001170 9000116c 90001168 90001164 90001160 9000115c 90001158 90001154 90001150 9000114c 90001148 90001144 90001140 9000113c 90001138 90001134 90001130 9000112c 90001128 90001124 90001120 9000111c 90001118 90001114 90001110 9000110c 90001108 90001104 90001100
sm   0 warp 5 0x80000100 0xffc12283 lsu.r x   5 op 3 @ 70001410+fffffffc
sm   0 warp 6 0x800000f8 0x0001217b v  2 11111111111111111111111111111111 44684000 44688000 4468c000 44690000 44694000 44698000 4469c000 446a0000 446a4000 446a8000 446ac000 446b0000 446b4000 446b8000 446bc000 446c0000 446c4000 446c8000 446cc000 446d0000 446d4000 446d8000 446dc000 446e0000 446e4000 446e8000 446ec000 446f0000 446f4000 446f8000 446fc000 44700000 
sm   0 warp 5 0x80000100 0xffc12283 x  5  90002000
sm   0 warp 7 0x80000240 0xffc12083 lsu.r x   1 op 3 @ 70001c1c+fffffffc
sm   0 warp 7 0x80000244 0xffc10113 x  2  70001c18
sm   0 warp 6 0x800000fc 0x021110d7 v  1 11111111111111111111111111111111 44800000 44800000 44800000 44800000 44800000 44800000 44800000 44800000 44800000 44800000 44800000 44800000 44800000 44800000 44800000 44800000 44800000 44800000 44800000 44800000 44800000 44800000 44800000 44800000 44800000 44800000 44800000 44800000 44800000 44800000 44800000 44800000 
sm   0 warp 5 0x80000104 0x0202c057 v  0 11111111111111111111111111111111 9000217c 90002178 90002174 90002170 9000216c 90002168 90002164 90002160 9000215c 90002158 90002154 90002150 9000214c 90002148 90002144 90002140 9000213c 90002138 90002134 90002130 9000212c 90002128 90002124 90002120 9000211c 90002118 90002114 90002110 9000210c 90002108 90002104 90002100 
sm   0 warp 7 0x80000240 0xffc12083 x  1  80000304
sm   0 warp 6 0x80000100 0xffc12283 lsu.r x   5 op 3 @ 70001810+fffffffc
sm   0 warp 7 0x80000248 0x00008067 Jump? 1  80000304
sm   0 warp 7 0x80000248 0x00008067 x  0  8000024c
sm   0 warp 5 0x80000108 0x0010607b lsu.w v  1 op 3 mask 11111111111111111111111111111111 44800000 44800000 44800000 44800000 44800000 44800000 44800000 44800000 44800000 44800000 44800000 44800000 44800000 44800000 44800000 44800000 44800000 44800000 44800000 44800000 44800000 44800000 44800000 44800000 44800000 44800000 44800000 44800000 44800000 44800000 44800000 44800000 @ 9000217c 90002178 90002174 90002170 9000216c 90002168 90002164 90002160 9000215c 90002158 90002154 90002150 9000214c 90002148 90002144 90002140 9000213c 90002138 90002134 90002130 9000212c 90002128 90002124 90002120 9000211c 90002118 90002114 90002110 9000210c 90002108 90002104 90002100
sm   0 warp 6 0x80000100 0xffc12283 x  5  90002000
sm   0 warp 5 0x8000010c 0xff012083 lsu.r x   1 op 3 @ 70001410+fffffff0
sm   0 warp 5 0x80000110 0xff010113 x  2  70001400
sm   0 warp 6 0x80000104 0x0202c057 v  0 11111111111111111111111111111111 9000217c 90002178 90002174 90002170 9000216c 90002168 90002164 90002160 9000215c 90002158 90002154 90002150 9000214c 90002148 90002144 90002140 9000213c 90002138 90002134 90002130 9000212c 90002128 90002124 90002120 9000211c 90002118 90002114 90002110 9000210c 90002108 90002104 90002100 
sm   0 warp 7 0x8000023c 0x8a0e6057 v  0 11111111111111111111111111111111 0000001f 0000001e 0000001d 0000001c 0000001b 0000001a 00000019 00000018 00000017 00000016 00000015 00000014 00000013 00000012 00000011 00000010 0000000f 0000000e 0000000d 0000000c 0000000b 0000000a 00000009 00000008 00000007 00000006 00000005 00000004 00000003 00000002 00000001 00000000 
sm   0 warp 5 0x8000010c 0xff012083 x  1  800000a0
sm   0 warp 7 0x80000304 0x80302573 x 10  90404000
sm   0 warp 6 0x80000108 0x0010607b lsu.w v  1 op 3 mask 11111111111111111111111111111111 44800000 44800000 44800000 44800000 44800000 44800000 44800000 44800000 44800000 44800000 44800000 44800000 44800000 44800000 44800000 44800000 44800000 44800000 44800000 44800000 44800000 44800000 44800000 44800000 44800000 44800000 44800000 44800000 44800000 44800000 44800000 44800000 @ 9000217c 90002178 90002174 90002170 9000216c 90002168 90002164 90002160 9000215c 90002158 90002154 90002150 9000214c 90002148 90002144 90002140 9000213c 90002138 90002134 90002130 9000212c 90002128 90002124 90002120 9000211c 90002118 90002114 90002110 9000210c 90002108 90002104 90002100
sm   0 warp 5 0x80000114 0x00008067 x  0  80000118
sm   0 warp 5 0x80000114 0x00008067 Jump? 1  800000a0
sm   0 warp 7 0x80000308 0x80802373 x  6  00000002
sm   0 warp 6 0x8000010c 0xff012083 lsu.r x   1 op 3 @ 70001810+fffffff0
sm   0 warp 6 0x80000110 0xff010113 x  2  70001800
sm   0 warp 7 0x8000030c 0x01852e03 lsu.r x  28 op 0 @ 90404000+00000018
sm   0 warp 6 0x8000010c 0xff012083 x  1  800000a0
sm   0 warp 5 0x800000a0 0x0000400b endprg
sm   0 warp 7 0x80000310 0x02452e83 lsu.r x  29 op 0 @ 90404000+00000024
sm   0 warp 7 0x8000030c 0x01852e03 x 28  00000020
sm   0 warp 6 0x80000114 0x00008067 x  0  80000118
sm   0 warp 6 0x80000114 0x00008067 Jump? 1  800000a0
sm   0 warp 7 0x80000310 0x02452e83 x 29  00000000
sm   0 warp 7 0x80000314 0x03c30fb3 x 31  00000040
sm   0 warp 6 0x800000a0 0x0000400b endprg
sm   0 warp 7 0x80000318 0x01df8fb3 x 31  00000040
sm   0 warp 7 0x8000031c 0x020fc057 v  0 11111111111111111111111111111111 0000005f 0000005e 0000005d 0000005c 0000005b 0000005a 00000059 00000058 00000057 00000056 00000055 00000054 00000053 00000052 00000051 00000050 0000004f 0000004e 0000004d 0000004c 0000004b 0000004a 00000049 00000048 00000047 00000046 00000045 00000044 00000043 00000042 00000041 00000040 
sm   0 warp 7 0x80000320 0xffc12083 lsu.r x   1 op 3 @ 70001c18+fffffffc
sm   0 warp 7 0x80000324 0xffc10113 x  2  70001c14
sm   0 warp 7 0x80000320 0xffc12083 x  1  8000015c
sm   0 warp 7 0x80000328 0x00008067 Jump? 1  8000015c
sm   0 warp 7 0x80000328 0x00008067 x  0  8000032c
sm   0 warp 7 0x8000015c 0x0180006f x  0  80000160
sm   0 warp 7 0x8000015c 0x0180006f Jump? 1  80000174
sm   0 warp 7 0x80000174 0x0000205b Jump? 0  00000000
sm   0 warp 7 0x80000174 0x0000205b join    mask and npc:    10001110101101100000110100000110 0xbb429488 pop stack ? 0
sm   0 warp 7 0x80000178 0xffc12083 lsu.r x   1 op 3 @ 70001c14+fffffffc
sm   0 warp 7 0x8000017c 0xffc10113 x  2  70001c10
sm   0 warp 7 0x80000178 0xffc12083 x  1  800000e0
sm   0 warp 7 0x80000180 0x00008067 Jump? 1  800000e0
sm   0 warp 7 0x80000180 0x00008067 x  0  80000184
sm   0 warp 7 0x800000e0 0x96013057 v  0 11111111111111111111111111111111 0000017c 00000178 00000174 00000170 0000016c 00000168 00000164 00000160 0000015c 00000158 00000154 00000150 0000014c 00000148 00000144 00000140 0000013c 00000138 00000134 00000130 0000012c 00000128 00000124 00000120 0000011c 00000118 00000114 00000110 0000010c 00000108 00000104 00000100 
sm   0 warp 7 0x800000e4 0xff412303 lsu.r x   6 op 3 @ 70001c10+fffffff4
sm   0 warp 7 0x800000e4 0xff412303 x  6  90000000
sm   0 warp 7 0x800000e8 0x020340d7 v  1 11111111111111111111111111111111 9000017c 90000178 90000174 90000170 9000016c 90000168 90000164 90000160 9000015c 90000158 90000154 90000150 9000014c 90000148 90000144 90000140 9000013c 90000138 90000134 90000130 9000012c 90000128 90000124 90000120 9000011c 90000118 90000114 90000110 9000010c 90000108 90000104 90000100 
sm   0 warp 7 0x800000ec 0x0000a0fb lsu.r v  1 op 3 @ 9000017c 90000178 90000174 90000170 9000016c 90000168 90000164 90000160 9000015c 90000158 90000154 90000150 9000014c 90000148 90000144 90000140 9000013c 90000138 90000134 90000130 9000012c 90000128 90000124 90000120 9000011c 90000118 90000114 90000110 9000010c 90000108 90000104 90000100
sm   0 warp 7 0x800000f0 0xff812283 lsu.r x   5 op 3 @ 70001c10+fffffff8
sm   0 warp 7 0x800000ec 0x0000a0fb v  1 11111111111111111111111111111111 42be0000 42bc0000 42ba0000 42b80000 42b60000 42b40000 42b20000 42b00000 42ae0000 42ac0000 42aa0000 42a80000 42a60000 42a40000 42a20000 42a00000 429e0000 429c0000 429a0000 42980000 42960000 42940000 42920000 42900000 428e0000 428c0000 428a0000 42880000 42860000 42840000 42820000 42800000 
sm   0 warp 7 0x800000f0 0xff812283 x  5  90001000
sm   0 warp 7 0x800000f4 0x0202c157 v  2 11111111111111111111111111111111 9000117c 90001178 90001174 90001170 9000116c 90001168 90001164 90001160 9000115c 90001158 90001154 90001150 9000114c 90001148 90001144 90001140 9000113c 90001138 90001134 90001130 9000112c 90001128 90001124 90001120 9000111c 90001118 90001114 90001110 9000110c 90001108 90001104 90001100 
sm   0 warp 7 0x800000f8 0x0001217b lsu.r v  2 op 3 @ 9000117c 90001178 90001174 90001170 9000116c 90001168 90001164 90001160 9000115c 90001158 90001154 90001150 9000114c 90001148 90001144 90001140 9000113c 90001138 90001134 90001130 9000112c 90001128 90001124 90001120 9000111c 90001118 90001114 90001110 9000110c 90001108 90001104 90001100
sm   0 warp 7 0x800000f8 0x0001217b v  2 11111111111111111111111111111111 44684000 44688000 4468c000 44690000 44694000 44698000 4469c000 446a0000 446a4000 446a8000 446ac000 446b0000 446b4000 446b8000 446bc000 446c0000 446c4000 446c8000 446cc000 446d0000 446d4000 446d8000 446dc000 446e0000 446e4000 446e8000 446ec000 446f0000 446f4000 446f8000 446fc000 44700000 
sm   0 warp 7 0x800000fc 0x021110d7 v  1 11111111111111111111111111111111 44800000 44800000 44800000 44800000 44800000 44800000 44800000 44800000 44800000 44800000 44800000 44800000 44800000 44800000 44800000 44800000 44800000 44800000 44800000 44800000 44800000 44800000 44800000 44800000 44800000 44800000 44800000 44800000 44800000 44800000 44800000 44800000 
sm   0 warp 7 0x80000100 0xffc12283 lsu.r x   5 op 3 @ 70001c10+fffffffc
sm   0 warp 7 0x80000100 0xffc12283 x  5  90002000
sm   0 warp 7 0x80000104 0x0202c057 v  0 11111111111111111111111111111111 9000217c 90002178 90002174 90002170 9000216c 90002168 90002164 90002160 9000215c 90002158 90002154 90002150 9000214c 90002148 90002144 90002140 9000213c 90002138 90002134 90002130 9000212c 90002128 90002124 90002120 9000211c 90002118 90002114 90002110 9000210c 90002108 90002104 90002100 
sm   0 warp 7 0x80000108 0x0010607b lsu.w v  1 op 3 mask 11111111111111111111111111111111 44800000 44800000 44800000 44800000 44800000 44800000 44800000 44800000 44800000 44800000 44800000 44800000 44800000 44800000 44800000 44800000 44800000 44800000 44800000 44800000 44800000 44800000 44800000 44800000 44800000 44800000 44800000 44800000 44800000 44800000 44800000 44800000 @ 9000217c 90002178 90002174 90002170 9000216c 90002168 90002164 90002160 9000215c 90002158 90002154 90002150 9000214c 90002148 90002144 90002140 9000213c 90002138 90002134 90002130 9000212c 90002128 90002124 90002120 9000211c 90002118 90002114 90002110 9000210c 90002108 90002104 90002100
sm   0 warp 7 0x8000010c 0xff012083 lsu.r x   1 op 3 @ 70001c10+fffffff0
sm   0 warp 7 0x80000110 0xff010113 x  2  70001c00
sm   0 warp 7 0x8000010c 0xff012083 x  1  800000a0
sm   0 warp 7 0x80000114 0x00008067 x  0  80000118
sm   0 warp 7 0x80000114 0x00008067 Jump? 1  800000a0
sm   0 warp 7 0x800000a0 0x0000400b endprg
[L1C] #   8410 SM 1 CACHE 1 ADDR 90003000
[L1C] #   8411 SM 1 CACHE 1 ADDR 90404000
[L1C] #   8413 SM 1 CACHE 1 ADDR 90000180
sm   0 warp 4 0x80000108 0x0010607b lsu.w finish
[L1C] #   8414 SM 0 CACHE 1 ADDR 90002100
[L1C] #   8415 SM 0 CACHE 1 ADDR 90002100
[L1C] #   8416 SM 1 CACHE 1 ADDR 90001180
sm   0 warp 5 0x80000108 0x0010607b lsu.w finish
sm   1 warp 7 0x800000c0 0x00852283 x  5  90002000
sm   1 warp 5 0x80000238 0x01852e03 x 28  00000020
sm   1 warp 6 0x80000228 0x00852283 x  5  00000001
sm   1 warp 7 0x800000c4 0xfe512e23 lsu.w x   5 op 3 90002000 @ 70001c10+fffffffc
sm   1 warp 6 0x80000238 0x01852e03 x 28  00000020
sm   1 warp 7 0x800000c8 0x00452283 lsu.r x   5 op 0 @ 90003000+00000004
sm   1 warp 4 0x800000ec 0x0000a0fb v  1 11111111111111111111111111111111 42fe0000 42fc0000 42fa0000 42f80000 42f60000 42f40000 42f20000 42f00000 42ee0000 42ec0000 42ea0000 42e80000 42e60000 42e40000 42e20000 42e00000 42de0000 42dc0000 42da0000 42d80000 42d60000 42d40000 42d20000 42d00000 42ce0000 42cc0000 42ca0000 42c80000 42c60000 42c40000 42c20000 42c00000 
[L1C] #   8433 SM 0 CACHE 1 ADDR 90002100
sm   0 warp 6 0x80000108 0x0010607b lsu.w finish
sm   1 warp 5 0x80000244 0xffc10113 x  2  70001418
sm   1 warp 5 0x80000240 0xffc12083 lsu.r x   1 op 3 @ 7000141c+fffffffc
sm   1 warp 7 0x800000c8 0x00452283 x  5  90001000
sm   1 warp 4 0x800000f8 0x0001217b v  2 11111111111111111111111111111111 44604000 44608000 4460c000 44610000 44614000 44618000 4461c000 44620000 44624000 44628000 4462c000 44630000 44634000 44638000 4463c000 44640000 44644000 44648000 4464c000 44650000 44654000 44658000 4465c000 44660000 44664000 44668000 4466c000 44670000 44674000 44678000 4467c000 44680000 
sm   1 warp 7 0x800000c4 0xfe512e23 lsu.w finish
sm   1 warp 5 0x80000240 0xffc12083 x  1  80000304
sm   1 warp 4 0x800000fc 0x021110d7 v  1 11111111111111111111111111111111 44800000 44800000 44800000 44800000 44800000 44800000 44800000 44800000 44800000 44800000 44800000 44800000 44800000 44800000 44800000 44800000 44800000 44800000 44800000 44800000 44800000 44800000 44800000 44800000 44800000 44800000 44800000 44800000 44800000 44800000 44800000 44800000 
sm   1 warp 5 0x8000023c 0x8a0e6057 v  0 11111111111111111111111111111111 0000001f 0000001e 0000001d 0000001c 0000001b 0000001a 00000019 00000018 00000017 00000016 00000015 00000014 00000013 00000012 00000011 00000010 0000000f 0000000e 0000000d 0000000c 0000000b 0000000a 00000009 00000008 00000007 00000006 00000005 00000004 00000003 00000002 00000001 00000000 
[L1C] #   8449 SM 0 CACHE 1 ADDR 90002100
sm   0 warp 7 0x80000108 0x0010607b lsu.w finish
sm   1 warp 5 0x80000248 0x00008067 x  0  8000024c
sm   1 warp 7 0x800000cc 0xfe512c23 lsu.w x   5 op 3 90001000 @ 70001c10+fffffff8
sm   1 warp 5 0x80000248 0x00008067 Jump? 1  80000304
sm   1 warp 4 0x80000100 0xffc12283 lsu.r x   5 op 3 @ 70001010+fffffffc
sm   1 warp 7 0x800000cc 0xfe512c23 lsu.w finish
sm   1 warp 6 0x80000244 0xffc10113 x  2  70001818
sm   1 warp 6 0x80000240 0xffc12083 lsu.r x   1 op 3 @ 7000181c+fffffffc
sm   1 warp 4 0x80000100 0xffc12283 x  5  90002000
[L1C] #   8460 SM 0 CACHE 1 ADDR 9d0f7f80
sm   1 warp 5 0x80000304 0x80302573 x 10  90404000
sm   1 warp 7 0x800000d0 0x00052283 lsu.r x   5 op 0 @ 90003000+00000000
sm   1 warp 6 0x80000240 0xffc12083 x  1  80000304
sm   1 warp 5 0x80000308 0x80802373 x  6  00000003
sm   1 warp 4 0x80000104 0x0202c057 v  0 11111111111111111111111111111111 900021fc 900021f8 900021f4 900021f0 900021ec 900021e8 900021e4 900021e0 900021dc 900021d8 900021d4 900021d0 900021cc 900021c8 900021c4 900021c0 900021bc 900021b8 900021b4 900021b0 900021ac 900021a8 900021a4 900021a0 9000219c 90002198 90002194 90002190 9000218c 90002188 90002184 90002180 
sm   1 warp 7 0x800000d0 0x00052283 x  5  90000000
sm   1 warp 6 0x80000248 0x00008067 x  0  8000024c
sm   1 warp 5 0x8000030c 0x01852e03 lsu.r x  28 op 0 @ 90404000+00000018
sm   1 warp 6 0x80000248 0x00008067 Jump? 1  80000304
sm   1 warp 4 0x80000108 0x0010607b lsu.w v  1 op 3 mask 11111111111111111111111111111111 44800000 44800000 44800000 44800000 44800000 44800000 44800000 44800000 44800000 44800000 44800000 44800000 44800000 44800000 44800000 44800000 44800000 44800000 44800000 44800000 44800000 44800000 44800000 44800000 44800000 44800000 44800000 44800000 44800000 44800000 44800000 44800000 @ 900021fc 900021f8 900021f4 900021f0 900021ec 900021e8 900021e4 900021e0 900021dc 900021d8 900021d4 900021d0 900021cc 900021c8 900021c4 900021c0 900021bc 900021b8 900021b4 900021b0 900021ac 900021a8 900021a4 900021a0 9000219c 90002198 90002194 90002190 9000218c 90002188 90002184 90002180
sm   1 warp 5 0x8000030c 0x01852e03 x 28  00000020
sm   1 warp 6 0x8000023c 0x8a0e6057 v  0 11111111111111111111111111111111 0000001f 0000001e 0000001d 0000001c 0000001b 0000001a 00000019 00000018 00000017 00000016 00000015 00000014 00000013 00000012 00000011 00000010 0000000f 0000000e 0000000d 0000000c 0000000b 0000000a 00000009 00000008 00000007 00000006 00000005 00000004 00000003 00000002 00000001 00000000 
sm   1 warp 5 0x80000310 0x02452e83 lsu.r x  29 op 0 @ 90404000+00000024
sm   1 warp 6 0x80000304 0x80302573 x 10  90404000
sm   1 warp 4 0x80000108 0x0010607b lsu.w finish
sm   1 warp 7 0x800000d4 0xfe512a23 lsu.w x   5 op 3 90000000 @ 70001c10+fffffff4
sm   1 warp 7 0x800000d8 0x5e004057 v  0 11111111111111111111111111111111 00000000 00000000 00000000 00000000 00000000 00000000 00000000 00000000 00000000 00000000 00000000 00000000 00000000 00000000 00000000 00000000 00000000 00000000 00000000 00000000 00000000 00000000 00000000 00000000 00000000 00000000 00000000 00000000 00000000 00000000 00000000 00000000 
sm   1 warp 5 0x80000310 0x02452e83 x 29  00000000
sm   1 warp 4 0x80000110 0xff010113 x  2  70001000
sm   1 warp 7 0x800000dc 0x03c000ef x  1  800000e0
sm   1 warp 4 0x8000010c 0xff012083 lsu.r x   1 op 3 @ 70001010+fffffff0
sm   1 warp 6 0x80000308 0x80802373 x  6  00000003
sm   1 warp 7 0x800000dc 0x03c000ef Jump? 1  80000118
sm   1 warp 5 0x80000314 0x03c30fb3 x 31  00000060
sm   1 warp 7 0x800000d4 0xfe512a23 lsu.w finish
sm   1 warp 4 0x8000010c 0xff012083 x  1  800000a0
sm   1 warp 5 0x80000318 0x01df8fb3 x 31  00000060
sm   1 warp 6 0x8000030c 0x01852e03 lsu.r x  28 op 0 @ 90404000+00000018
sm   1 warp 4 0x80000114 0x00008067 x  0  80000118
sm   1 warp 6 0x80000310 0x02452e83 lsu.r x  29 op 0 @ 90404000+00000024
sm   1 warp 4 0x80000114 0x00008067 Jump? 1  800000a0
sm   1 warp 6 0x8000030c 0x01852e03 x 28  00000020
sm   1 warp 5 0x8000031c 0x020fc057 v  0 11111111111111111111111111111111 0000007f 0000007e 0000007d 0000007c 0000007b 0000007a 00000079 00000078 00000077 00000076 00000075 00000074 00000073 00000072 00000071 00000070 0000006f 0000006e 0000006d 0000006c 0000006b 0000006a 00000069 00000068 00000067 00000066 00000065 00000064 00000063 00000062 00000061 00000060 
sm   1 warp 7 0x80000118 0x00410113 x  2  70001c14
sm   1 warp 6 0x80000310 0x02452e83 x 29  00000000
sm   1 warp 5 0x80000320 0xffc12083 lsu.r x   1 op 3 @ 70001418+fffffffc
sm   1 warp 4 0x800000a0 0x0000400b endprg
sm   1 warp 6 0x80000314 0x03c30fb3 x 31  00000060
sm   1 warp 7 0x8000011c 0xfe112e23 lsu.w x   1 op 3 800000e0 @ 70001c14+fffffffc
sm   1 warp 5 0x80000324 0xffc10113 x  2  70001414
sm   1 warp 7 0x80000120 0x00200293 x  5  00000002
sm   1 warp 6 0x80000318 0x01df8fb3 x 31  00000060
sm   1 warp 5 0x80000320 0xffc12083 x  1  8000015c
sm   1 warp 7 0x80000124 0x5e02c0d7 v  1 11111111111111111111111111111111 00000002 00000002 00000002 00000002 00000002 00000002 00000002 00000002 00000002 00000002 00000002 00000002 00000002 00000002 00000002 00000002 00000002 00000002 00000002 00000002 00000002 00000002 00000002 00000002 00000002 00000002 00000002 00000002 00000002 00000002 00000002 00000002 
sm   1 warp 7 0x8000011c 0xfe112e23 lsu.w finish
sm   1 warp 6 0x8000031c 0x020fc057 v  0 11111111111111111111111111111111 0000007f 0000007e 0000007d 0000007c 0000007b 0000007a 00000079 00000078 00000077 00000076 00000075 00000074 00000073 00000072 00000071 00000070 0000006f 0000006e 0000006d 0000006c 0000006b 0000006a 00000069 00000068 00000067 00000066 00000065 00000064 00000063 00000062 00000061 00000060 
sm   1 warp 7 0x80000128 0x00000317 x  6  80000128
sm   1 warp 5 0x80000328 0x00008067 x  0  8000032c
sm   1 warp 5 0x80000328 0x00008067 Jump? 1  8000015c
sm   1 warp 6 0x80000320 0xffc12083 lsu.r x   1 op 3 @ 70001818+fffffffc
sm 1 warp 7 0x8000012c 0x04c3305b  setrpc 0x80000174 
sm   1 warp 7 0x8000012c 0x04c3305b x  0  80000174
sm   1 warp 6 0x80000324 0xffc10113 x  2  70001814
sm   1 warp 6 0x80000320 0xffc12083 x  1  8000015c
sm   1 warp 5 0x8000015c 0x0180006f x  0  80000160
sm   1 warp 7 0x80000130 0x0200885b vbranch     current mask and npc:   11111111111111111111111111111111 0x80000134, take_if=1, if_mask = 11111111111111111111111111111111
sm   1 warp 5 0x8000015c 0x0180006f Jump? 1  80000174
sm   1 warp 6 0x80000328 0x00008067 x  0  8000032c
sm   1 warp 6 0x80000328 0x00008067 Jump? 1  8000015c
sm   1 warp 7 0x80000134 0x00100293 x  5  00000001
sm   1 warp 5 0x80000174 0x0000205b Jump? 0  00000000
sm   1 warp 5 0x80000174 0x0000205b join    mask and npc:    00111111001000010011001001110100 0xc1d757f5 pop stack ? 0
sm   1 warp 7 0x80000138 0x5e02c0d7 v  1 11111111111111111111111111111111 00000001 00000001 00000001 00000001 00000001 00000001 00000001 00000001 00000001 00000001 00000001 00000001 00000001 00000001 00000001 00000001 00000001 00000001 00000001 00000001 00000001 00000001 00000001 00000001 00000001 00000001 00000001 00000001 00000001 00000001 00000001 00000001 
sm   1 warp 7 0x8000013c 0x00000317 x  6  8000013c
sm   1 warp 5 0x80000178 0xffc12083 lsu.r x   1 op 3 @ 70001414+fffffffc
sm   1 warp 6 0x8000015c 0x0180006f x  0  80000160
sm   1 warp 6 0x8000015c 0x0180006f Jump? 1  80000174
sm   1 warp 5 0x8000017c 0xffc10113 x  2  70001410
sm 1 warp 7 0x80000140 0x0383305b  setrpc 0x80000174 
sm   1 warp 5 0x80000178 0xffc12083 x  1  800000e0
sm   1 warp 7 0x80000140 0x0383305b x  0  80000174
sm   1 warp 7 0x80000144 0x0200825b vbranch     current mask and npc:   11111111111111111111111111111111 0x80000148, take_if=1, if_mask = 11111111111111111111111111111111
sm   1 warp 5 0x80000180 0x00008067 x  0  80000184
sm   1 warp 5 0x80000180 0x00008067 Jump? 1  800000e0
sm   1 warp 6 0x80000174 0x0000205b join    mask and npc:    00110010000111110100111110000011 0x0bebe21a pop stack ? 0
sm   1 warp 6 0x80000174 0x0000205b Jump? 0  00000000
sm   1 warp 7 0x80000148 0x5e0040d7 v  1 11111111111111111111111111111111 00000000 00000000 00000000 00000000 00000000 00000000 00000000 00000000 00000000 00000000 00000000 00000000 00000000 00000000 00000000 00000000 00000000 00000000 00000000 00000000 00000000 00000000 00000000 00000000 00000000 00000000 00000000 00000000 00000000 00000000 00000000 00000000 
sm   1 warp 7 0x8000014c 0x00000317 x  6  8000014c
sm   1 warp 6 0x80000178 0xffc12083 lsu.r x   1 op 3 @ 70001814+fffffffc
sm   1 warp 5 0x800000e0 0x96013057 v  0 11111111111111111111111111111111 000001fc 000001f8 000001f4 000001f0 000001ec 000001e8 000001e4 000001e0 000001dc 000001d8 000001d4 000001d0 000001cc 000001c8 000001c4 000001c0 000001bc 000001b8 000001b4 000001b0 000001ac 000001a8 000001a4 000001a0 0000019c 00000198 00000194 00000190 0000018c 00000188 00000184 00000180 
sm   1 warp 6 0x8000017c 0xffc10113 x  2  70001810
sm   1 warp 6 0x80000178 0xffc12083 x  1  800000e0
sm 1 warp 7 0x80000150 0x0283305b  setrpc 0x80000174 
sm   1 warp 7 0x80000150 0x0283305b x  0  80000174
sm   1 warp 5 0x800000e4 0xff412303 lsu.r x   6 op 3 @ 70001410+fffffff4
sm   1 warp 6 0x80000180 0x00008067 x  0  80000184
sm   1 warp 6 0x80000180 0x00008067 Jump? 1  800000e0
sm   1 warp 7 0x80000154 0x00009e5b vbranch     current mask and npc:   11111111111111111111111111111111 0x80000158, take_if=1, if_mask = 11111111111111111111111111111111
sm   1 warp 5 0x800000e4 0xff412303 x  6  90000000
sm   1 warp 7 0x80000158 0x1a0000ef x  1  8000015c
sm   1 warp 7 0x80000158 0x1a0000ef Jump? 1  800002f8
sm   1 warp 5 0x800000e8 0x020340d7 v  1 11111111111111111111111111111111 900001fc 900001f8 900001f4 900001f0 900001ec 900001e8 900001e4 900001e0 900001dc 900001d8 900001d4 900001d0 900001cc 900001c8 900001c4 900001c0 900001bc 900001b8 900001b4 900001b0 900001ac 900001a8 900001a4 900001a0 9000019c 90000198 90000194 90000190 9000018c 90000188 90000184 90000180 
sm   1 warp 6 0x800000e0 0x96013057 v  0 11111111111111111111111111111111 000001fc 000001f8 000001f4 000001f0 000001ec 000001e8 000001e4 000001e0 000001dc 000001d8 000001d4 000001d0 000001cc 000001c8 000001c4 000001c0 000001bc 000001b8 000001b4 000001b0 000001ac 000001a8 000001a4 000001a0 0000019c 00000198 00000194 00000190 0000018c 00000188 00000184 00000180 
sm   1 warp 5 0x800000ec 0x0000a0fb lsu.r v  1 op 3 @ 900001fc 900001f8 900001f4 900001f0 900001ec 900001e8 900001e4 900001e0 900001dc 900001d8 900001d4 900001d0 900001cc 900001c8 900001c4 900001c0 900001bc 900001b8 900001b4 900001b0 900001ac 900001a8 900001a4 900001a0 9000019c 90000198 90000194 90000190 9000018c 90000188 90000184 90000180
sm   1 warp 7 0x800002f8 0x00410113 x  2  70001c18
sm   1 warp 6 0x800000e4 0xff412303 lsu.r x   6 op 3 @ 70001810+fffffff4
sm   1 warp 5 0x800000ec 0x0000a0fb v  1 11111111111111111111111111111111 42fe0000 42fc0000 42fa0000 42f80000 42f60000 42f40000 42f20000 42f00000 42ee0000 42ec0000 42ea0000 42e80000 42e60000 42e40000 42e20000 42e00000 42de0000 42dc0000 42da0000 42d80000 42d60000 42d40000 42d20000 42d00000 42ce0000 42cc0000 42ca0000 42c80000 42c60000 42c40000 42c20000 42c00000 
sm   1 warp 5 0x800000f0 0xff812283 lsu.r x   5 op 3 @ 70001410+fffffff8
sm   1 warp 7 0x80000300 0xf1dff0ef x  1  80000304
sm   1 warp 7 0x80000300 0xf1dff0ef Jump? 1  8000021c
sm   1 warp 7 0x800002fc 0xfe112e23 lsu.w x   1 op 3 8000015c @ 70001c18+fffffffc
sm   1 warp 6 0x800000e4 0xff412303 x  6  90000000
sm   1 warp 5 0x800000f0 0xff812283 x  5  90001000
sm   1 warp 6 0x800000e8 0x020340d7 v  1 11111111111111111111111111111111 900001fc 900001f8 900001f4 900001f0 900001ec 900001e8 900001e4 900001e0 900001dc 900001d8 900001d4 900001d0 900001cc 900001c8 900001c4 900001c0 900001bc 900001b8 900001b4 900001b0 900001ac 900001a8 900001a4 900001a0 9000019c 90000198 90000194 90000190 9000018c 90000188 90000184 90000180 
sm   1 warp 7 0x800002fc 0xfe112e23 lsu.w finish
sm   1 warp 7 0x8000021c 0x00410113 x  2  70001c1c
sm   1 warp 5 0x800000f4 0x0202c157 v  2 11111111111111111111111111111111 900011fc 900011f8 900011f4 900011f0 900011ec 900011e8 900011e4 900011e0 900011dc 900011d8 900011d4 900011d0 900011cc 900011c8 900011c4 900011c0 900011bc 900011b8 900011b4 900011b0 900011ac 900011a8 900011a4 900011a0 9000119c 90001198 90001194 90001190 9000118c 90001188 90001184 90001180 
sm   1 warp 6 0x800000ec 0x0000a0fb lsu.r v  1 op 3 @ 900001fc 900001f8 900001f4 900001f0 900001ec 900001e8 900001e4 900001e0 900001dc 900001d8 900001d4 900001d0 900001cc 900001c8 900001c4 900001c0 900001bc 900001b8 900001b4 900001b0 900001ac 900001a8 900001a4 900001a0 9000019c 90000198 90000194 90000190 9000018c 90000188 90000184 90000180
sm   1 warp 7 0x80000220 0xfe112e23 lsu.w x   1 op 3 80000304 @ 70001c1c+fffffffc
sm   1 warp 7 0x80000224 0x80302573 x 10  90404000
sm   1 warp 6 0x800000ec 0x0000a0fb v  1 11111111111111111111111111111111 42fe0000 42fc0000 42fa0000 42f80000 42f60000 42f40000 42f20000 42f00000 42ee0000 42ec0000 42ea0000 42e80000 42e60000 42e40000 42e20000 42e00000 42de0000 42dc0000 42da0000 42d80000 42d60000 42d40000 42d20000 42d00000 42ce0000 42cc0000 42ca0000 42c80000 42c60000 42c40000 42c20000 42c00000 
sm   1 warp 5 0x800000f8 0x0001217b lsu.r v  2 op 3 @ 900011fc 900011f8 900011f4 900011f0 900011ec 900011e8 900011e4 900011e0 900011dc 900011d8 900011d4 900011d0 900011cc 900011c8 900011c4 900011c0 900011bc 900011b8 900011b4 900011b0 900011ac 900011a8 900011a4 900011a0 9000119c 90001198 90001194 90001190 9000118c 90001188 90001184 90001180
sm   1 warp 7 0x80000220 0xfe112e23 lsu.w finish
sm   1 warp 6 0x800000f0 0xff812283 lsu.r x   5 op 3 @ 70001810+fffffff8
sm   1 warp 5 0x800000f8 0x0001217b v  2 11111111111111111111111111111111 44604000 44608000 4460c000 44610000 44614000 44618000 4461c000 44620000 44624000 44628000 4462c000 44630000 44634000 44638000 4463c000 44640000 44644000 44648000 4464c000 44650000 44654000 44658000 4465c000 44660000 44664000 44668000 4466c000 44670000 44674000 44678000 4467c000 44680000 
sm   1 warp 7 0x8000022c 0x80002373 x  6  00000060
sm   1 warp 7 0x80000228 0x00852283 lsu.r x   5 op 0 @ 90404000+00000008
sm   1 warp 6 0x800000f0 0xff812283 x  5  90001000
sm   1 warp 7 0x80000230 0x5208a157 v  2 11111111111111111111111111111111 0000001f 0000001e 0000001d 0000001c 0000001b 0000001a 00000019 00000018 00000017 00000016 00000015 00000014 00000013 00000012 00000011 00000010 0000000f 0000000e 0000000d 0000000c 0000000b 0000000a 00000009 00000008 00000007 00000006 00000005 00000004 00000003 00000002 00000001 00000000 
sm   1 warp 7 0x80000228 0x00852283 x  5  00000001
sm   1 warp 5 0x800000fc 0x021110d7 v  1 11111111111111111111111111111111 44800000 44800000 44800000 44800000 44800000 44800000 44800000 44800000 44800000 44800000 44800000 44800000 44800000 44800000 44800000 44800000 44800000 44800000 44800000 44800000 44800000 44800000 44800000 44800000 44800000 44800000 44800000 44800000 44800000 44800000 44800000 44800000 
sm   1 warp 5 0x80000100 0xffc12283 lsu.r x   5 op 3 @ 70001410+fffffffc
sm   1 warp 6 0x800000f4 0x0202c157 v  2 11111111111111111111111111111111 900011fc 900011f8 900011f4 900011f0 900011ec 900011e8 900011e4 900011e0 900011dc 900011d8 900011d4 900011d0 900011cc 900011c8 900011c4 900011c0 900011bc 900011b8 900011b4 900011b0 900011ac 900011a8 900011a4 900011a0 9000119c 90001198 90001194 90001190 9000118c 90001188 90001184 90001180 
sm   1 warp 7 0x80000234 0x02234057 v  0 11111111111111111111111111111111 0000007f 0000007e 0000007d 0000007c 0000007b 0000007a 00000079 00000078 00000077 00000076 00000075 00000074 00000073 00000072 00000071 00000070 0000006f 0000006e 0000006d 0000006c 0000006b 0000006a 00000069 00000068 00000067 00000066 00000065 00000064 00000063 00000062 00000061 00000060 
sm   1 warp 5 0x80000100 0xffc12283 x  5  90002000
sm   1 warp 6 0x800000f8 0x0001217b lsu.r v  2 op 3 @ 900011fc 900011f8 900011f4 900011f0 900011ec 900011e8 900011e4 900011e0 900011dc 900011d8 900011d4 900011d0 900011cc 900011c8 900011c4 900011c0 900011bc 900011b8 900011b4 900011b0 900011ac 900011a8 900011a4 900011a0 9000119c 90001198 90001194 90001190 9000118c 90001188 90001184 90001180
sm   1 warp 7 0x80000238 0x01852e03 lsu.r x  28 op 0 @ 90404000+00000018
sm   1 warp 5 0x80000104 0x0202c057 v  0 11111111111111111111111111111111 900021fc 900021f8 900021f4 900021f0 900021ec 900021e8 900021e4 900021e0 900021dc 900021d8 900021d4 900021d0 900021cc 900021c8 900021c4 900021c0 900021bc 900021b8 900021b4 900021b0 900021ac 900021a8 900021a4 900021a0 9000219c 90002198 90002194 90002190 9000218c 90002188 90002184 90002180 
sm   1 warp 6 0x800000f8 0x0001217b v  2 11111111111111111111111111111111 44604000 44608000 4460c000 44610000 44614000 44618000 4461c000 44620000 44624000 44628000 4462c000 44630000 44634000 44638000 4463c000 44640000 44644000 44648000 4464c000 44650000 44654000 44658000 4465c000 44660000 44664000 44668000 4466c000 44670000 44674000 44678000 4467c000 44680000 
sm   1 warp 7 0x80000238 0x01852e03 x 28  00000020
sm   1 warp 5 0x80000108 0x0010607b lsu.w v  1 op 3 mask 11111111111111111111111111111111 44800000 44800000 44800000 44800000 44800000 44800000 44800000 44800000 44800000 44800000 44800000 44800000 44800000 44800000 44800000 44800000 44800000 44800000 44800000 44800000 44800000 44800000 44800000 44800000 44800000 44800000 44800000 44800000 44800000 44800000 44800000 44800000 @ 900021fc 900021f8 900021f4 900021f0 900021ec 900021e8 900021e4 900021e0 900021dc 900021d8 900021d4 900021d0 900021cc 900021c8 900021c4 900021c0 900021bc 900021b8 900021b4 900021b0 900021ac 900021a8 900021a4 900021a0 9000219c 90002198 90002194 90002190 9000218c 90002188 90002184 90002180
sm   1 warp 6 0x800000fc 0x021110d7 v  1 11111111111111111111111111111111 44800000 44800000 44800000 44800000 44800000 44800000 44800000 44800000 44800000 44800000 44800000 44800000 44800000 44800000 44800000 44800000 44800000 44800000 44800000 44800000 44800000 44800000 44800000 44800000 44800000 44800000 44800000 44800000 44800000 44800000 44800000 44800000 
sm   1 warp 5 0x8000010c 0xff012083 lsu.r x   1 op 3 @ 70001410+fffffff0
sm   1 warp 5 0x80000108 0x0010607b lsu.w finish
sm   1 warp 5 0x80000110 0xff010113 x  2  70001400
sm   1 warp 6 0x80000100 0xffc12283 lsu.r x   5 op 3 @ 70001810+fffffffc
sm   1 warp 5 0x8000010c 0xff012083 x  1  800000a0
sm   1 warp 7 0x80000244 0xffc10113 x  2  70001c18
sm   1 warp 7 0x80000240 0xffc12083 lsu.r x   1 op 3 @ 70001c1c+fffffffc
sm   1 warp 6 0x80000100 0xffc12283 x  5  90002000
sm   1 warp 5 0x80000114 0x00008067 x  0  80000118
sm   1 warp 5 0x80000114 0x00008067 Jump? 1  800000a0
sm   1 warp 7 0x80000240 0xffc12083 x  1  80000304
sm   1 warp 6 0x80000104 0x0202c057 v  0 11111111111111111111111111111111 900021fc 900021f8 900021f4 900021f0 900021ec 900021e8 900021e4 900021e0 900021dc 900021d8 900021d4 900021d0 900021cc 900021c8 900021c4 900021c0 900021bc 900021b8 900021b4 900021b0 900021ac 900021a8 900021a4 900021a0 9000219c 90002198 90002194 90002190 9000218c 90002188 90002184 90002180 
sm   1 warp 7 0x80000248 0x00008067 x  0  8000024c
sm   1 warp 7 0x80000248 0x00008067 Jump? 1  80000304
sm   1 warp 5 0x800000a0 0x0000400b endprg
sm   1 warp 6 0x80000108 0x0010607b lsu.w v  1 op 3 mask 11111111111111111111111111111111 44800000 44800000 44800000 44800000 44800000 44800000 44800000 44800000 44800000 44800000 44800000 44800000 44800000 44800000 44800000 44800000 44800000 44800000 44800000 44800000 44800000 44800000 44800000 44800000 44800000 44800000 44800000 44800000 44800000 44800000 44800000 44800000 @ 900021fc 900021f8 900021f4 900021f0 900021ec 900021e8 900021e4 900021e0 900021dc 900021d8 900021d4 900021d0 900021cc 900021c8 900021c4 900021c0 900021bc 900021b8 900021b4 900021b0 900021ac 900021a8 900021a4 900021a0 9000219c 90002198 90002194 90002190 9000218c 90002188 90002184 90002180
sm   1 warp 6 0x8000010c 0xff012083 lsu.r x   1 op 3 @ 70001810+fffffff0
sm   1 warp 7 0x8000023c 0x8a0e6057 v  0 11111111111111111111111111111111 0000001f 0000001e 0000001d 0000001c 0000001b 0000001a 00000019 00000018 00000017 00000016 00000015 00000014 00000013 00000012 00000011 00000010 0000000f 0000000e 0000000d 0000000c 0000000b 0000000a 00000009 00000008 00000007 00000006 00000005 00000004 00000003 00000002 00000001 00000000 
sm   1 warp 6 0x80000110 0xff010113 x  2  70001800
sm   1 warp 7 0x80000304 0x80302573 x 10  90404000
sm   1 warp 6 0x8000010c 0xff012083 x  1  800000a0
sm   1 warp 6 0x80000114 0x00008067 x  0  80000118
sm   1 warp 7 0x80000308 0x80802373 x  6  00000003
sm   1 warp 6 0x80000114 0x00008067 Jump? 1  800000a0
sm   1 warp 7 0x8000030c 0x01852e03 lsu.r x  28 op 0 @ 90404000+00000018
sm   1 warp 6 0x800000a0 0x0000400b endprg
sm   1 warp 7 0x80000310 0x02452e83 lsu.r x  29 op 0 @ 90404000+00000024
sm   1 warp 7 0x8000030c 0x01852e03 x 28  00000020
sm   1 warp 7 0x80000310 0x02452e83 x 29  00000000
sm   1 warp 7 0x80000314 0x03c30fb3 x 31  00000060
sm   1 warp 7 0x80000318 0x01df8fb3 x 31  00000060
sm   1 warp 7 0x8000031c 0x020fc057 v  0 11111111111111111111111111111111 0000007f 0000007e 0000007d 0000007c 0000007b 0000007a 00000079 00000078 00000077 00000076 00000075 00000074 00000073 00000072 00000071 00000070 0000006f 0000006e 0000006d 0000006c 0000006b 0000006a 00000069 00000068 00000067 00000066 00000065 00000064 00000063 00000062 00000061 00000060 
sm   1 warp 7 0x80000320 0xffc12083 lsu.r x   1 op 3 @ 70001c18+fffffffc
sm   1 warp 7 0x80000324 0xffc10113 x  2  70001c14
sm   1 warp 7 0x80000320 0xffc12083 x  1  8000015c
sm   1 warp 7 0x80000328 0x00008067 x  0  8000032c
sm   1 warp 7 0x80000328 0x00008067 Jump? 1  8000015c
sm   1 warp 7 0x8000015c 0x0180006f x  0  80000160
sm   1 warp 7 0x8000015c 0x0180006f Jump? 1  80000174
sm   1 warp 7 0x80000174 0x0000205b Jump? 0  00000000
sm   1 warp 7 0x80000174 0x0000205b join    mask and npc:    10000010001011100110001111010000 0xaa089135 pop stack ? 0
sm   1 warp 7 0x80000178 0xffc12083 lsu.r x   1 op 3 @ 70001c14+fffffffc
sm   1 warp 7 0x8000017c 0xffc10113 x  2  70001c10
sm   1 warp 7 0x80000178 0xffc12083 x  1  800000e0
sm   1 warp 7 0x80000180 0x00008067 x  0  80000184
sm   1 warp 7 0x80000180 0x00008067 Jump? 1  800000e0
sm   1 warp 7 0x800000e0 0x96013057 v  0 11111111111111111111111111111111 000001fc 000001f8 000001f4 000001f0 000001ec 000001e8 000001e4 000001e0 000001dc 000001d8 000001d4 000001d0 000001cc 000001c8 000001c4 000001c0 000001bc 000001b8 000001b4 000001b0 000001ac 000001a8 000001a4 000001a0 0000019c 00000198 00000194 00000190 0000018c 00000188 00000184 00000180 
sm   1 warp 7 0x800000e4 0xff412303 lsu.r x   6 op 3 @ 70001c10+fffffff4
sm   1 warp 7 0x800000e4 0xff412303 x  6  90000000
sm   1 warp 7 0x800000e8 0x020340d7 v  1 11111111111111111111111111111111 900001fc 900001f8 900001f4 900001f0 900001ec 900001e8 900001e4 900001e0 900001dc 900001d8 900001d4 900001d0 900001cc 900001c8 900001c4 900001c0 900001bc 900001b8 900001b4 900001b0 900001ac 900001a8 900001a4 900001a0 9000019c 90000198 90000194 90000190 9000018c 90000188 90000184 90000180 
sm   1 warp 7 0x800000ec 0x0000a0fb lsu.r v  1 op 3 @ 900001fc 900001f8 900001f4 900001f0 900001ec 900001e8 900001e4 900001e0 900001dc 900001d8 900001d4 900001d0 900001cc 900001c8 900001c4 900001c0 900001bc 900001b8 900001b4 900001b0 900001ac 900001a8 900001a4 900001a0 9000019c 90000198 90000194 90000190 9000018c 90000188 90000184 90000180
sm   1 warp 7 0x800000f0 0xff812283 lsu.r x   5 op 3 @ 70001c10+fffffff8
sm   1 warp 7 0x800000ec 0x0000a0fb v  1 11111111111111111111111111111111 42fe0000 42fc0000 42fa0000 42f80000 42f60000 42f40000 42f20000 42f00000 42ee0000 42ec0000 42ea0000 42e80000 42e60000 42e40000 42e20000 42e00000 42de0000 42dc0000 42da0000 42d80000 42d60000 42d40000 42d20000 42d00000 42ce0000 42cc0000 42ca0000 42c80000 42c60000 42c40000 42c20000 42c00000 
sm   1 warp 7 0x800000f0 0xff812283 x  5  90001000
sm   1 warp 7 0x800000f4 0x0202c157 v  2 11111111111111111111111111111111 900011fc 900011f8 900011f4 900011f0 900011ec 900011e8 900011e4 900011e0 900011dc 900011d8 900011d4 900011d0 900011cc 900011c8 900011c4 900011c0 900011bc 900011b8 900011b4 900011b0 900011ac 900011a8 900011a4 900011a0 9000119c 90001198 90001194 90001190 9000118c 90001188 90001184 90001180 
sm   1 warp 7 0x800000f8 0x0001217b lsu.r v  2 op 3 @ 900011fc 900011f8 900011f4 900011f0 900011ec 900011e8 900011e4 900011e0 900011dc 900011d8 900011d4 900011d0 900011cc 900011c8 900011c4 900011c0 900011bc 900011b8 900011b4 900011b0 900011ac 900011a8 900011a4 900011a0 9000119c 90001198 90001194 90001190 9000118c 90001188 90001184 90001180
sm   1 warp 7 0x800000f8 0x0001217b v  2 11111111111111111111111111111111 44604000 44608000 4460c000 44610000 44614000 44618000 4461c000 44620000 44624000 44628000 4462c000 44630000 44634000 44638000 4463c000 44640000 44644000 44648000 4464c000 44650000 44654000 44658000 4465c000 44660000 44664000 44668000 4466c000 44670000 44674000 44678000 4467c000 44680000 
sm   1 warp 7 0x800000fc 0x021110d7 v  1 11111111111111111111111111111111 44800000 44800000 44800000 44800000 44800000 44800000 44800000 44800000 44800000 44800000 44800000 44800000 44800000 44800000 44800000 44800000 44800000 44800000 44800000 44800000 44800000 44800000 44800000 44800000 44800000 44800000 44800000 44800000 44800000 44800000 44800000 44800000 
sm   1 warp 7 0x80000100 0xffc12283 lsu.r x   5 op 3 @ 70001c10+fffffffc
sm   1 warp 7 0x80000100 0xffc12283 x  5  90002000
sm   1 warp 7 0x80000104 0x0202c057 v  0 11111111111111111111111111111111 900021fc 900021f8 900021f4 900021f0 900021ec 900021e8 900021e4 900021e0 900021dc 900021d8 900021d4 900021d0 900021cc 900021c8 900021c4 900021c0 900021bc 900021b8 900021b4 900021b0 900021ac 900021a8 900021a4 900021a0 9000219c 90002198 90002194 90002190 9000218c 90002188 90002184 90002180 
sm   1 warp 7 0x80000108 0x0010607b lsu.w v  1 op 3 mask 11111111111111111111111111111111 44800000 44800000 44800000 44800000 44800000 44800000 44800000 44800000 44800000 44800000 44800000 44800000 44800000 44800000 44800000 44800000 44800000 44800000 44800000 44800000 44800000 44800000 44800000 44800000 44800000 44800000 44800000 44800000 44800000 44800000 44800000 44800000 @ 900021fc 900021f8 900021f4 900021f0 900021ec 900021e8 900021e4 900021e0 900021dc 900021d8 900021d4 900021d0 900021cc 900021c8 900021c4 900021c0 900021bc 900021b8 900021b4 900021b0 900021ac 900021a8 900021a4 900021a0 9000219c 90002198 90002194 90002190 9000218c 90002188 90002184 90002180
sm   1 warp 7 0x8000010c 0xff012083 lsu.r x   1 op 3 @ 70001c10+fffffff0
sm   1 warp 7 0x80000110 0xff010113 x  2  70001c00
sm   1 warp 7 0x8000010c 0xff012083 x  1  800000a0
sm   1 warp 7 0x80000114 0x00008067 x  0  80000118
sm   1 warp 7 0x80000114 0x00008067 Jump? 1  800000a0
sm   1 warp 7 0x800000a0 0x0000400b endprg
[L1C] #  10511 SM 1 CACHE 1 ADDR 90002180
[L1C] #  10512 SM 1 CACHE 1 ADDR 90002180
[L1C] #  10524 SM 0 CACHE 1 ADDR 9d0f7f80
sm   1 warp 6 0x80000108 0x0010607b lsu.w finish
[L1C] #  12575 SM 1 CACHE 1 ADDR 90002180
[L1C] #  12591 SM 1 CACHE 1 ADDR 90002180
sm   1 warp 7 0x80000108 0x0010607b lsu.w finish
[L1C] #  12602 SM 1 CACHE 1 ADDR 8ac57f80
