[L1C] #    525 SM 0 CACHE 0 ADDR 80000000
sm   0 warp 0 0x80000000 0x2e1080d7 v  1 11111111111111111111111111111111 00000000 00000000 00000000 00000000 00000000 00000000 00000000 00000000 00000000 00000000 00000000 00000000 00000000 00000000 00000000 00000000 00000000 00000000 00000000 00000000 00000000 00000000 00000000 00000000 00000000 00000000 00000000 00000000 00000000 00000000 00000000 00000000 
sm   0 warp 0 0x80000004 0x90010337 x  6  90010000
sm   0 warp 0 0x80000008 0x5208a557 v 10 11111111111111111111111111111111 0000001f 0000001e 0000001d 0000001c 0000001b 0000001a 00000019 00000018 00000017 00000016 00000015 00000014 00000013 00000012 00000011 00000010 0000000f 0000000e 0000000d 0000000c 0000000b 0000000a 00000009 00000008 00000007 00000006 00000005 00000004 00000003 00000002 00000001 00000000 
sm   0 warp 0 0x8000000c 0x96a13557 v 10 11111111111111111111111111111111 0000007c 00000078 00000074 00000070 0000006c 00000068 00000064 00000060 0000005c 00000058 00000054 00000050 0000004c 00000048 00000044 00000040 0000003c 00000038 00000034 00000030 0000002c 00000028 00000024 00000020 0000001c 00000018 00000014 00000010 0000000c 00000008 00000004 00000000 
sm   0 warp 0 0x80000010 0x02a34557 v 10 11111111111111111111111111111111 9001007c 90010078 90010074 90010070 9001006c 90010068 90010064 90010060 9001005c 90010058 90010054 90010050 9001004c 90010048 90010044 90010040 9001003c 90010038 90010034 90010030 9001002c 90010028 90010024 90010020 9001001c 90010018 90010014 90010010 9001000c 90010008 90010004 90010000 
sm   0 warp 0 0x80000014 0x0005217b lsu.r v  2 op 3 @ 9001007c 90010078 90010074 90010070 9001006c 90010068 90010064 90010060 9001005c 90010058 90010054 90010050 9001004c 90010048 90010044 90010040 9001003c 90010038 90010034 90010030 9001002c 90010028 90010024 90010020 9001001c 90010018 90010014 90010010 9001000c 90010008 90010004 90010000
sm   0 warp 0 0x80000018 0x90100337 x  6  90100000
sm   0 warp 0 0x8000001c 0x5208a557 v 10 11111111111111111111111111111111 0000001f 0000001e 0000001d 0000001c 0000001b 0000001a 00000019 00000018 00000017 00000016 00000015 00000014 00000013 00000012 00000011 00000010 0000000f 0000000e 0000000d 0000000c 0000000b 0000000a 00000009 00000008 00000007 00000006 00000005 00000004 00000003 00000002 00000001 00000000 
[L1C] #    574 SM 0 CACHE 1 ADDR 90010000
sm   0 warp 0 0x80000020 0x96a13557 v 10 11111111111111111111111111111111 0000007c 00000078 00000074 00000070 0000006c 00000068 00000064 00000060 0000005c 00000058 00000054 00000050 0000004c 00000048 00000044 00000040 0000003c 00000038 00000034 00000030 0000002c 00000028 00000024 00000020 0000001c 00000018 00000014 00000010 0000000c 00000008 00000004 00000000 
sm   0 warp 0 0x80000024 0x02a34557 v 10 11111111111111111111111111111111 9010007c 90100078 90100074 90100070 9010006c 90100068 90100064 90100060 9010005c 90100058 90100054 90100050 9010004c 90100048 90100044 90100040 9010003c 90100038 90100034 90100030 9010002c 90100028 90100024 90100020 9010001c 90100018 90100014 90100010 9010000c 90100008 90100004 90100000 
sm   0 warp 0 0x80000028 0x000521fb lsu.r v  3 op 3 @ 9010007c 90100078 90100074 90100070 9010006c 90100068 90100064 90100060 9010005c 90100058 90100054 90100050 9010004c 90100048 90100044 90100040 9010003c 90100038 90100034 90100030 9010002c 90100028 90100024 90100020 9010001c 90100018 90100014 90100010 9010000c 90100008 90100004 90100000
sm   0 warp 0 0x80000014 0x0005217b v  2 11111111111111111111111111111111 bf800000 c0000000 c0400000 40400000 40000000 3f800000 00000000 bf800000 40400000 40000000 3f800000 00000000 bf800000 c0000000 c0400000 40400000 00000000 bf800000 c0000000 c0400000 40400000 40000000 3f800000 00000000 c0400000 40400000 40000000 3f800000 00000000 bf800000 c0000000 c0400000 
[L1C] #    593 SM 0 CACHE 1 ADDR 90100000
sm   0 warp 0 0x80000028 0x000521fb v  3 11111111111111111111111111111111 3f800000 00000000 bf800000 c0000000 40000000 3f800000 00000000 bf800000 bf800000 c0000000 40000000 3f800000 00000000 bf800000 c0000000 40000000 40000000 3f800000 00000000 bf800000 c0000000 40000000 3f800000 00000000 00000000 bf800000 c0000000 40000000 3f800000 00000000 bf800000 c0000000 
sm   0 warp 0 0x80000030 0x90010337 x  6  90010000
sm   0 warp 0 0x80000034 0x5208a557 v 10 11111111111111111111111111111111 0000001f 0000001e 0000001d 0000001c 0000001b 0000001a 00000019 00000018 00000017 00000016 00000015 00000014 00000013 00000012 00000011 00000010 0000000f 0000000e 0000000d 0000000c 0000000b 0000000a 00000009 00000008 00000007 00000006 00000005 00000004 00000003 00000002 00000001 00000000 
sm   0 warp 0 0x80000038 0x96a13557 v 10 11111111111111111111111111111111 0000007c 00000078 00000074 00000070 0000006c 00000068 00000064 00000060 0000005c 00000058 00000054 00000050 0000004c 00000048 00000044 00000040 0000003c 00000038 00000034 00000030 0000002c 00000028 00000024 00000020 0000001c 00000018 00000014 00000010 0000000c 00000008 00000004 00000000 
sm   0 warp 0 0x8000002c 0x0e31408b v  1 11111111111111111111111111111111 00000000 00000000 00000000 00000000 00000000 00000000 00000000 00000000 00000000 00000000 00000000 00000000 00000000 00000000 00000000 00000000 40000000 bf800000 c1100000 41900000 c0a00000 41100000 40400000 c1000000 41800000 c1100000 3f800000 3f800000 c0a00000 3f800000 c1000000 40400000 
sm   0 warp 0 0x8000003c 0x02a34557 v 10 11111111111111111111111111111111 9001007c 90010078 90010074 90010070 9001006c 90010068 90010064 90010060 9001005c 90010058 90010054 90010050 9001004c 90010048 90010044 90010040 9001003c 90010038 90010034 90010030 9001002c 90010028 90010024 90010020 9001001c 90010018 90010014 90010010 9001000c 90010008 90010004 90010000 
sm   0 warp 0 0x80000040 0x0005217b lsu.r v  2 op 3 @ 9001007c 90010078 90010074 90010070 9001006c 90010068 90010064 90010060 9001005c 90010058 90010054 90010050 9001004c 90010048 90010044 90010040 9001003c 90010038 90010034 90010030 9001002c 90010028 90010024 90010020 9001001c 90010018 90010014 90010010 9001000c 90010008 90010004 90010000
sm   0 warp 0 0x80000044 0x90100337 x  6  90100000
sm   0 warp 0 0x80000048 0x5208a557 v 10 11111111111111111111111111111111 0000001f 0000001e 0000001d 0000001c 0000001b 0000001a 00000019 00000018 00000017 00000016 00000015 00000014 00000013 00000012 00000011 00000010 0000000f 0000000e 0000000d 0000000c 0000000b 0000000a 00000009 00000008 00000007 00000006 00000005 00000004 00000003 00000002 00000001 00000000 
sm   0 warp 0 0x80000040 0x0005217b v  2 11111111111111111111111111111111 bf800000 c0000000 c0400000 40400000 40000000 3f800000 00000000 bf800000 40400000 40000000 3f800000 00000000 bf800000 c0000000 c0400000 40400000 00000000 bf800000 c0000000 c0400000 40400000 40000000 3f800000 00000000 c0400000 40400000 40000000 3f800000 00000000 bf800000 c0000000 c0400000 
sm   0 warp 0 0x8000004c 0x96a13557 v 10 11111111111111111111111111111111 0000007c 00000078 00000074 00000070 0000006c 00000068 00000064 00000060 0000005c 00000058 00000054 00000050 0000004c 00000048 00000044 00000040 0000003c 00000038 00000034 00000030 0000002c 00000028 00000024 00000020 0000001c 00000018 00000014 00000010 0000000c 00000008 00000004 00000000 
sm   0 warp 0 0x80000050 0x02a34557 v 10 11111111111111111111111111111111 9010007c 90100078 90100074 90100070 9010006c 90100068 90100064 90100060 9010005c 90100058 90100054 90100050 9010004c 90100048 90100044 90100040 9010003c 90100038 90100034 90100030 9010002c 90100028 90100024 90100020 9010001c 90100018 90100014 90100010 9010000c 90100008 90100004 90100000 
sm   0 warp 0 0x80000054 0x000521fb lsu.r v  3 op 3 @ 9010007c 90100078 90100074 90100070 9010006c 90100068 90100064 90100060 9010005c 90100058 90100054 90100050 9010004c 90100048 90100044 90100040 9010003c 90100038 90100034 90100030 9010002c 90100028 90100024 90100020 9010001c 90100018 90100014 90100010 9010000c 90100008 90100004 90100000
sm   0 warp 0 0x80000054 0x000521fb v  3 11111111111111111111111111111111 3f800000 00000000 bf800000 c0000000 40000000 3f800000 00000000 bf800000 bf800000 c0000000 40000000 3f800000 00000000 bf800000 c0000000 40000000 40000000 3f800000 00000000 bf800000 c0000000 40000000 3f800000 00000000 00000000 bf800000 c0000000 40000000 3f800000 00000000 bf800000 c0000000 
sm   0 warp 0 0x8000005c 0x90010337 x  6  90010000
sm   0 warp 0 0x80000060 0x5208a557 v 10 11111111111111111111111111111111 0000001f 0000001e 0000001d 0000001c 0000001b 0000001a 00000019 00000018 00000017 00000016 00000015 00000014 00000013 00000012 00000011 00000010 0000000f 0000000e 0000000d 0000000c 0000000b 0000000a 00000009 00000008 00000007 00000006 00000005 00000004 00000003 00000002 00000001 00000000 
[L1C] #    670 SM 0 CACHE 0 ADDR 80000080
sm   0 warp 0 0x80000064 0x96a13557 v 10 11111111111111111111111111111111 0000007c 00000078 00000074 00000070 0000006c 00000068 00000064 00000060 0000005c 00000058 00000054 00000050 0000004c 00000048 00000044 00000040 0000003c 00000038 00000034 00000030 0000002c 00000028 00000024 00000020 0000001c 00000018 00000014 00000010 0000000c 00000008 00000004 00000000 
sm   0 warp 0 0x80000058 0x0e31408b v  1 11111111111111111111111111111111 00000000 00000000 00000000 00000000 00000000 00000000 00000000 00000000 00000000 00000000 00000000 00000000 00000000 00000000 00000000 00000000 40800000 c0000000 c1900000 42100000 c1200000 41900000 40c00000 c1800000 42000000 c1900000 40000000 40000000 c1200000 40000000 c1800000 40c00000 
sm   0 warp 0 0x80000068 0x02a34557 v 10 11111111111111111111111111111111 9001007c 90010078 90010074 90010070 9001006c 90010068 90010064 90010060 9001005c 90010058 90010054 90010050 9001004c 90010048 90010044 90010040 9001003c 90010038 90010034 90010030 9001002c 90010028 90010024 90010020 9001001c 90010018 90010014 90010010 9001000c 90010008 90010004 90010000 
sm   0 warp 0 0x8000006c 0x0005217b lsu.r v  2 op 3 @ 9001007c 90010078 90010074 90010070 9001006c 90010068 90010064 90010060 9001005c 90010058 90010054 90010050 9001004c 90010048 90010044 90010040 9001003c 90010038 90010034 90010030 9001002c 90010028 90010024 90010020 9001001c 90010018 90010014 90010010 9001000c 90010008 90010004 90010000
sm   0 warp 0 0x80000070 0x90100337 x  6  90100000
sm   0 warp 0 0x80000074 0x5208a557 v 10 11111111111111111111111111111111 0000001f 0000001e 0000001d 0000001c 0000001b 0000001a 00000019 00000018 00000017 00000016 00000015 00000014 00000013 00000012 00000011 00000010 0000000f 0000000e 0000000d 0000000c 0000000b 0000000a 00000009 00000008 00000007 00000006 00000005 00000004 00000003 00000002 00000001 00000000 
sm   0 warp 0 0x8000006c 0x0005217b v  2 11111111111111111111111111111111 bf800000 c0000000 c0400000 40400000 40000000 3f800000 00000000 bf800000 40400000 40000000 3f800000 00000000 bf800000 c0000000 c0400000 40400000 00000000 bf800000 c0000000 c0400000 40400000 40000000 3f800000 00000000 c0400000 40400000 40000000 3f800000 00000000 bf800000 c0000000 c0400000 
sm   0 warp 0 0x80000078 0x96a13557 v 10 11111111111111111111111111111111 0000007c 00000078 00000074 00000070 0000006c 00000068 00000064 00000060 0000005c 00000058 00000054 00000050 0000004c 00000048 00000044 00000040 0000003c 00000038 00000034 00000030 0000002c 00000028 00000024 00000020 0000001c 00000018 00000014 00000010 0000000c 00000008 00000004 00000000 
sm   0 warp 0 0x8000007c 0x02a34557 v 10 11111111111111111111111111111111 9010007c 90100078 90100074 90100070 9010006c 90100068 90100064 90100060 9010005c 90100058 90100054 90100050 9010004c 90100048 90100044 90100040 9010003c 90100038 90100034 90100030 9010002c 90100028 90100024 90100020 9010001c 90100018 90100014 90100010 9010000c 90100008 90100004 90100000 
sm   0 warp 0 0x80000080 0x000521fb lsu.r v  3 op 3 @ 9010007c 90100078 90100074 90100070 9010006c 90100068 90100064 90100060 9010005c 90100058 90100054 90100050 9010004c 90100048 90100044 90100040 9010003c 90100038 90100034 90100030 9010002c 90100028 90100024 90100020 9010001c 90100018 90100014 90100010 9010000c 90100008 90100004 90100000
sm   0 warp 0 0x80000080 0x000521fb v  3 11111111111111111111111111111111 3f800000 00000000 bf800000 c0000000 40000000 3f800000 00000000 bf800000 bf800000 c0000000 40000000 3f800000 00000000 bf800000 c0000000 40000000 40000000 3f800000 00000000 bf800000 c0000000 40000000 3f800000 00000000 00000000 bf800000 c0000000 40000000 3f800000 00000000 bf800000 c0000000 
sm   0 warp 0 0x80000088 0x90010337 x  6  90010000
sm   0 warp 0 0x8000008c 0x5208a557 v 10 11111111111111111111111111111111 0000001f 0000001e 0000001d 0000001c 0000001b 0000001a 00000019 00000018 00000017 00000016 00000015 00000014 00000013 00000012 00000011 00000010 0000000f 0000000e 0000000d 0000000c 0000000b 0000000a 00000009 00000008 00000007 00000006 00000005 00000004 00000003 00000002 00000001 00000000 
sm   0 warp 0 0x80000090 0x96a13557 v 10 11111111111111111111111111111111 0000007c 00000078 00000074 00000070 0000006c 00000068 00000064 00000060 0000005c 00000058 00000054 00000050 0000004c 00000048 00000044 00000040 0000003c 00000038 00000034 00000030 0000002c 00000028 00000024 00000020 0000001c 00000018 00000014 00000010 0000000c 00000008 00000004 00000000 
sm   0 warp 0 0x80000084 0x0e31408b v  1 11111111111111111111111111111111 00000000 00000000 00000000 00000000 00000000 00000000 00000000 00000000 00000000 00000000 00000000 00000000 00000000 00000000 00000000 00000000 40c00000 c0400000 c1d80000 42580000 c1700000 41d80000 41100000 c1c00000 42400000 c1d80000 40400000 40400000 c1700000 40400000 c1c00000 41100000 
sm   0 warp 0 0x80000094 0x02a34557 v 10 11111111111111111111111111111111 9001007c 90010078 90010074 90010070 9001006c 90010068 90010064 90010060 9001005c 90010058 90010054 90010050 9001004c 90010048 90010044 90010040 9001003c 90010038 90010034 90010030 9001002c 90010028 90010024 90010020 9001001c 90010018 90010014 90010010 9001000c 90010008 90010004 90010000 
sm   0 warp 0 0x80000098 0x0005217b lsu.r v  2 op 3 @ 9001007c 90010078 90010074 90010070 9001006c 90010068 90010064 90010060 9001005c 90010058 90010054 90010050 9001004c 90010048 90010044 90010040 9001003c 90010038 90010034 90010030 9001002c 90010028 90010024 90010020 9001001c 90010018 90010014 90010010 9001000c 90010008 90010004 90010000
sm   0 warp 0 0x8000009c 0x90100337 x  6  90100000
sm   0 warp 0 0x800000a0 0x5208a557 v 10 11111111111111111111111111111111 0000001f 0000001e 0000001d 0000001c 0000001b 0000001a 00000019 00000018 00000017 00000016 00000015 00000014 00000013 00000012 00000011 00000010 0000000f 0000000e 0000000d 0000000c 0000000b 0000000a 00000009 00000008 00000007 00000006 00000005 00000004 00000003 00000002 00000001 00000000 
sm   0 warp 0 0x80000098 0x0005217b v  2 11111111111111111111111111111111 bf800000 c0000000 c0400000 40400000 40000000 3f800000 00000000 bf800000 40400000 40000000 3f800000 00000000 bf800000 c0000000 c0400000 40400000 00000000 bf800000 c0000000 c0400000 40400000 40000000 3f800000 00000000 c0400000 40400000 40000000 3f800000 00000000 bf800000 c0000000 c0400000 
sm   0 warp 0 0x800000a4 0x96a13557 v 10 11111111111111111111111111111111 0000007c 00000078 00000074 00000070 0000006c 00000068 00000064 00000060 0000005c 00000058 00000054 00000050 0000004c 00000048 00000044 00000040 0000003c 00000038 00000034 00000030 0000002c 00000028 00000024 00000020 0000001c 00000018 00000014 00000010 0000000c 00000008 00000004 00000000 
sm   0 warp 0 0x800000a8 0x02a34557 v 10 11111111111111111111111111111111 9010007c 90100078 90100074 90100070 9010006c 90100068 90100064 90100060 9010005c 90100058 90100054 90100050 9010004c 90100048 90100044 90100040 9010003c 90100038 90100034 90100030 9010002c 90100028 90100024 90100020 9010001c 90100018 90100014 90100010 9010000c 90100008 90100004 90100000 
sm   0 warp 0 0x800000ac 0x000521fb lsu.r v  3 op 3 @ 9010007c 90100078 90100074 90100070 9010006c 90100068 90100064 90100060 9010005c 90100058 90100054 90100050 9010004c 90100048 90100044 90100040 9010003c 90100038 90100034 90100030 9010002c 90100028 90100024 90100020 9010001c 90100018 90100014 90100010 9010000c 90100008 90100004 90100000
sm   0 warp 0 0x800000ac 0x000521fb v  3 11111111111111111111111111111111 3f800000 00000000 bf800000 c0000000 40000000 3f800000 00000000 bf800000 bf800000 c0000000 40000000 3f800000 00000000 bf800000 c0000000 40000000 40000000 3f800000 00000000 bf800000 c0000000 40000000 3f800000 00000000 00000000 bf800000 c0000000 40000000 3f800000 00000000 bf800000 c0000000 
sm   0 warp 0 0x800000b4 0x90010337 x  6  90010000
sm   0 warp 0 0x800000b8 0x5208a557 v 10 11111111111111111111111111111111 0000001f 0000001e 0000001d 0000001c 0000001b 0000001a 00000019 00000018 00000017 00000016 00000015 00000014 00000013 00000012 00000011 00000010 0000000f 0000000e 0000000d 0000000c 0000000b 0000000a 00000009 00000008 00000007 00000006 00000005 00000004 00000003 00000002 00000001 00000000 
sm   0 warp 0 0x800000bc 0x96a13557 v 10 11111111111111111111111111111111 0000007c 00000078 00000074 00000070 0000006c 00000068 00000064 00000060 0000005c 00000058 00000054 00000050 0000004c 00000048 00000044 00000040 0000003c 00000038 00000034 00000030 0000002c 00000028 00000024 00000020 0000001c 00000018 00000014 00000010 0000000c 00000008 00000004 00000000 
sm   0 warp 0 0x800000b0 0x0e31408b v  1 11111111111111111111111111111111 00000000 00000000 00000000 00000000 00000000 00000000 00000000 00000000 00000000 00000000 00000000 00000000 00000000 00000000 00000000 00000000 41000000 c0800000 c2100000 42900000 c1a00000 42100000 41400000 c2000000 42800000 c2100000 40800000 40800000 c1a00000 40800000 c2000000 41400000 
sm   0 warp 0 0x800000c0 0x02a34557 v 10 11111111111111111111111111111111 9001007c 90010078 90010074 90010070 9001006c 90010068 90010064 90010060 9001005c 90010058 90010054 90010050 9001004c 90010048 90010044 90010040 9001003c 90010038 90010034 90010030 9001002c 90010028 90010024 90010020 9001001c 90010018 90010014 90010010 9001000c 90010008 90010004 90010000 
sm   0 warp 0 0x800000c4 0x0005217b lsu.r v  2 op 3 @ 9001007c 90010078 90010074 90010070 9001006c 90010068 90010064 90010060 9001005c 90010058 90010054 90010050 9001004c 90010048 90010044 90010040 9001003c 90010038 90010034 90010030 9001002c 90010028 90010024 90010020 9001001c 90010018 90010014 90010010 9001000c 90010008 90010004 90010000
sm   0 warp 0 0x800000c8 0x90100337 x  6  90100000
sm   0 warp 0 0x800000cc 0x5208a557 v 10 11111111111111111111111111111111 0000001f 0000001e 0000001d 0000001c 0000001b 0000001a 00000019 00000018 00000017 00000016 00000015 00000014 00000013 00000012 00000011 00000010 0000000f 0000000e 0000000d 0000000c 0000000b 0000000a 00000009 00000008 00000007 00000006 00000005 00000004 00000003 00000002 00000001 00000000 
sm   0 warp 0 0x800000c4 0x0005217b v  2 11111111111111111111111111111111 bf800000 c0000000 c0400000 40400000 40000000 3f800000 00000000 bf800000 40400000 40000000 3f800000 00000000 bf800000 c0000000 c0400000 40400000 00000000 bf800000 c0000000 c0400000 40400000 40000000 3f800000 00000000 c0400000 40400000 40000000 3f800000 00000000 bf800000 c0000000 c0400000 
sm   0 warp 0 0x800000d0 0x96a13557 v 10 11111111111111111111111111111111 0000007c 00000078 00000074 00000070 0000006c 00000068 00000064 00000060 0000005c 00000058 00000054 00000050 0000004c 00000048 00000044 00000040 0000003c 00000038 00000034 00000030 0000002c 00000028 00000024 00000020 0000001c 00000018 00000014 00000010 0000000c 00000008 00000004 00000000 
sm   0 warp 0 0x800000d4 0x02a34557 v 10 11111111111111111111111111111111 9010007c 90100078 90100074 90100070 9010006c 90100068 90100064 90100060 9010005c 90100058 90100054 90100050 9010004c 90100048 90100044 90100040 9010003c 90100038 90100034 90100030 9010002c 90100028 90100024 90100020 9010001c 90100018 90100014 90100010 9010000c 90100008 90100004 90100000 
sm   0 warp 0 0x800000d8 0x000521fb lsu.r v  3 op 3 @ 9010007c 90100078 90100074 90100070 9010006c 90100068 90100064 90100060 9010005c 90100058 90100054 90100050 9010004c 90100048 90100044 90100040 9010003c 90100038 90100034 90100030 9010002c 90100028 90100024 90100020 9010001c 90100018 90100014 90100010 9010000c 90100008 90100004 90100000
sm   0 warp 0 0x800000d8 0x000521fb v  3 11111111111111111111111111111111 3f800000 00000000 bf800000 c0000000 40000000 3f800000 00000000 bf800000 bf800000 c0000000 40000000 3f800000 00000000 bf800000 c0000000 40000000 40000000 3f800000 00000000 bf800000 c0000000 40000000 3f800000 00000000 00000000 bf800000 c0000000 40000000 3f800000 00000000 bf800000 c0000000 
[L1C] #    813 SM 0 CACHE 0 ADDR 80000100
sm   0 warp 0 0x800000e0 0x90010337 x  6  90010000
sm   0 warp 0 0x800000e4 0x5208a557 v 10 11111111111111111111111111111111 0000001f 0000001e 0000001d 0000001c 0000001b 0000001a 00000019 00000018 00000017 00000016 00000015 00000014 00000013 00000012 00000011 00000010 0000000f 0000000e 0000000d 0000000c 0000000b 0000000a 00000009 00000008 00000007 00000006 00000005 00000004 00000003 00000002 00000001 00000000 
sm   0 warp 0 0x800000e8 0x96a13557 v 10 11111111111111111111111111111111 0000007c 00000078 00000074 00000070 0000006c 00000068 00000064 00000060 0000005c 00000058 00000054 00000050 0000004c 00000048 00000044 00000040 0000003c 00000038 00000034 00000030 0000002c 00000028 00000024 00000020 0000001c 00000018 00000014 00000010 0000000c 00000008 00000004 00000000 
sm   0 warp 0 0x800000dc 0x0e31408b v  1 11111111111111111111111111111111 00000000 00000000 00000000 00000000 00000000 00000000 00000000 00000000 00000000 00000000 00000000 00000000 00000000 00000000 00000000 00000000 41200000 c0a00000 c2340000 42b40000 c1c80000 42340000 41700000 c2200000 42a00000 c2340000 40a00000 40a00000 c1c80000 40a00000 c2200000 41700000 
sm   0 warp 0 0x800000ec 0x02a34557 v 10 11111111111111111111111111111111 9001007c 90010078 90010074 90010070 9001006c 90010068 90010064 90010060 9001005c 90010058 90010054 90010050 9001004c 90010048 90010044 90010040 9001003c 90010038 90010034 90010030 9001002c 90010028 90010024 90010020 9001001c 90010018 90010014 90010010 9001000c 90010008 90010004 90010000 
sm   0 warp 0 0x800000f0 0x0005217b lsu.r v  2 op 3 @ 9001007c 90010078 90010074 90010070 9001006c 90010068 90010064 90010060 9001005c 90010058 90010054 90010050 9001004c 90010048 90010044 90010040 9001003c 90010038 90010034 90010030 9001002c 90010028 90010024 90010020 9001001c 90010018 90010014 90010010 9001000c 90010008 90010004 90010000
sm   0 warp 0 0x800000f4 0x90100337 x  6  90100000
sm   0 warp 0 0x800000f8 0x5208a557 v 10 11111111111111111111111111111111 0000001f 0000001e 0000001d 0000001c 0000001b 0000001a 00000019 00000018 00000017 00000016 00000015 00000014 00000013 00000012 00000011 00000010 0000000f 0000000e 0000000d 0000000c 0000000b 0000000a 00000009 00000008 00000007 00000006 00000005 00000004 00000003 00000002 00000001 00000000 
sm   0 warp 0 0x800000f0 0x0005217b v  2 11111111111111111111111111111111 bf800000 c0000000 c0400000 40400000 40000000 3f800000 00000000 bf800000 40400000 40000000 3f800000 00000000 bf800000 c0000000 c0400000 40400000 00000000 bf800000 c0000000 c0400000 40400000 40000000 3f800000 00000000 c0400000 40400000 40000000 3f800000 00000000 bf800000 c0000000 c0400000 
sm   0 warp 0 0x800000fc 0x96a13557 v 10 11111111111111111111111111111111 0000007c 00000078 00000074 00000070 0000006c 00000068 00000064 00000060 0000005c 00000058 00000054 00000050 0000004c 00000048 00000044 00000040 0000003c 00000038 00000034 00000030 0000002c 00000028 00000024 00000020 0000001c 00000018 00000014 00000010 0000000c 00000008 00000004 00000000 
sm   0 warp 0 0x80000100 0x02a34557 v 10 11111111111111111111111111111111 9010007c 90100078 90100074 90100070 9010006c 90100068 90100064 90100060 9010005c 90100058 90100054 90100050 9010004c 90100048 90100044 90100040 9010003c 90100038 90100034 90100030 9010002c 90100028 90100024 90100020 9010001c 90100018 90100014 90100010 9010000c 90100008 90100004 90100000 
sm   0 warp 0 0x80000104 0x000521fb lsu.r v  3 op 3 @ 9010007c 90100078 90100074 90100070 9010006c 90100068 90100064 90100060 9010005c 90100058 90100054 90100050 9010004c 90100048 90100044 90100040 9010003c 90100038 90100034 90100030 9010002c 90100028 90100024 90100020 9010001c 90100018 90100014 90100010 9010000c 90100008 90100004 90100000
sm   0 warp 0 0x80000104 0x000521fb v  3 11111111111111111111111111111111 3f800000 00000000 bf800000 c0000000 40000000 3f800000 00000000 bf800000 bf800000 c0000000 40000000 3f800000 00000000 bf800000 c0000000 40000000 40000000 3f800000 00000000 bf800000 c0000000 40000000 3f800000 00000000 00000000 bf800000 c0000000 40000000 3f800000 00000000 bf800000 c0000000 
sm   0 warp 0 0x8000010c 0x90010337 x  6  90010000
sm   0 warp 0 0x80000110 0x5208a557 v 10 11111111111111111111111111111111 0000001f 0000001e 0000001d 0000001c 0000001b 0000001a 00000019 00000018 00000017 00000016 00000015 00000014 00000013 00000012 00000011 00000010 0000000f 0000000e 0000000d 0000000c 0000000b 0000000a 00000009 00000008 00000007 00000006 00000005 00000004 00000003 00000002 00000001 00000000 
sm   0 warp 0 0x80000114 0x96a13557 v 10 11111111111111111111111111111111 0000007c 00000078 00000074 00000070 0000006c 00000068 00000064 00000060 0000005c 00000058 00000054 00000050 0000004c 00000048 00000044 00000040 0000003c 00000038 00000034 00000030 0000002c 00000028 00000024 00000020 0000001c 00000018 00000014 00000010 0000000c 00000008 00000004 00000000 
sm   0 warp 0 0x80000108 0x0e31408b v  1 11111111111111111111111111111111 00000000 00000000 00000000 00000000 00000000 00000000 00000000 00000000 00000000 00000000 00000000 00000000 00000000 00000000 00000000 00000000 41400000 c0c00000 c2580000 42d80000 c1f00000 42580000 41900000 c2400000 42c00000 c2580000 40c00000 40c00000 c1f00000 40c00000 c2400000 41900000 
sm   0 warp 0 0x80000118 0x02a34557 v 10 11111111111111111111111111111111 9001007c 90010078 90010074 90010070 9001006c 90010068 90010064 90010060 9001005c 90010058 90010054 90010050 9001004c 90010048 90010044 90010040 9001003c 90010038 90010034 90010030 9001002c 90010028 90010024 90010020 9001001c 90010018 90010014 90010010 9001000c 90010008 90010004 90010000 
sm   0 warp 0 0x8000011c 0x0005217b lsu.r v  2 op 3 @ 9001007c 90010078 90010074 90010070 9001006c 90010068 90010064 90010060 9001005c 90010058 90010054 90010050 9001004c 90010048 90010044 90010040 9001003c 90010038 90010034 90010030 9001002c 90010028 90010024 90010020 9001001c 90010018 90010014 90010010 9001000c 90010008 90010004 90010000
sm   0 warp 0 0x80000120 0x90100337 x  6  90100000
sm   0 warp 0 0x80000124 0x5208a557 v 10 11111111111111111111111111111111 0000001f 0000001e 0000001d 0000001c 0000001b 0000001a 00000019 00000018 00000017 00000016 00000015 00000014 00000013 00000012 00000011 00000010 0000000f 0000000e 0000000d 0000000c 0000000b 0000000a 00000009 00000008 00000007 00000006 00000005 00000004 00000003 00000002 00000001 00000000 
sm   0 warp 0 0x8000011c 0x0005217b v  2 11111111111111111111111111111111 bf800000 c0000000 c0400000 40400000 40000000 3f800000 00000000 bf800000 40400000 40000000 3f800000 00000000 bf800000 c0000000 c0400000 40400000 00000000 bf800000 c0000000 c0400000 40400000 40000000 3f800000 00000000 c0400000 40400000 40000000 3f800000 00000000 bf800000 c0000000 c0400000 
sm   0 warp 0 0x80000128 0x96a13557 v 10 11111111111111111111111111111111 0000007c 00000078 00000074 00000070 0000006c 00000068 00000064 00000060 0000005c 00000058 00000054 00000050 0000004c 00000048 00000044 00000040 0000003c 00000038 00000034 00000030 0000002c 00000028 00000024 00000020 0000001c 00000018 00000014 00000010 0000000c 00000008 00000004 00000000 
sm   0 warp 0 0x8000012c 0x02a34557 v 10 11111111111111111111111111111111 9010007c 90100078 90100074 90100070 9010006c 90100068 90100064 90100060 9010005c 90100058 90100054 90100050 9010004c 90100048 90100044 90100040 9010003c 90100038 90100034 90100030 9010002c 90100028 90100024 90100020 9010001c 90100018 90100014 90100010 9010000c 90100008 90100004 90100000 
sm   0 warp 0 0x80000130 0x000521fb lsu.r v  3 op 3 @ 9010007c 90100078 90100074 90100070 9010006c 90100068 90100064 90100060 9010005c 90100058 90100054 90100050 9010004c 90100048 90100044 90100040 9010003c 90100038 90100034 90100030 9010002c 90100028 90100024 90100020 9010001c 90100018 90100014 90100010 9010000c 90100008 90100004 90100000
sm   0 warp 0 0x80000130 0x000521fb v  3 11111111111111111111111111111111 3f800000 00000000 bf800000 c0000000 40000000 3f800000 00000000 bf800000 bf800000 c0000000 40000000 3f800000 00000000 bf800000 c0000000 40000000 40000000 3f800000 00000000 bf800000 c0000000 40000000 3f800000 00000000 00000000 bf800000 c0000000 40000000 3f800000 00000000 bf800000 c0000000 
sm   0 warp 0 0x80000138 0x90010337 x  6  90010000
sm   0 warp 0 0x8000013c 0x5208a557 v 10 11111111111111111111111111111111 0000001f 0000001e 0000001d 0000001c 0000001b 0000001a 00000019 00000018 00000017 00000016 00000015 00000014 00000013 00000012 00000011 00000010 0000000f 0000000e 0000000d 0000000c 0000000b 0000000a 00000009 00000008 00000007 00000006 00000005 00000004 00000003 00000002 00000001 00000000 
sm   0 warp 0 0x80000140 0x96a13557 v 10 11111111111111111111111111111111 0000007c 00000078 00000074 00000070 0000006c 00000068 00000064 00000060 0000005c 00000058 00000054 00000050 0000004c 00000048 00000044 00000040 0000003c 00000038 00000034 00000030 0000002c 00000028 00000024 00000020 0000001c 00000018 00000014 00000010 0000000c 00000008 00000004 00000000 
sm   0 warp 0 0x80000134 0x0e31408b v  1 11111111111111111111111111111111 00000000 00000000 00000000 00000000 00000000 00000000 00000000 00000000 00000000 00000000 00000000 00000000 00000000 00000000 00000000 00000000 41600000 c0e00000 c27c0000 42fc0000 c20c0000 427c0000 41a80000 c2600000 42e00000 c27c0000 40e00000 40e00000 c20c0000 40e00000 c2600000 41a80000 
sm   0 warp 0 0x80000144 0x02a34557 v 10 11111111111111111111111111111111 9001007c 90010078 90010074 90010070 9001006c 90010068 90010064 90010060 9001005c 90010058 90010054 90010050 9001004c 90010048 90010044 90010040 9001003c 90010038 90010034 90010030 9001002c 90010028 90010024 90010020 9001001c 90010018 90010014 90010010 9001000c 90010008 90010004 90010000 
sm   0 warp 0 0x80000148 0x0005217b lsu.r v  2 op 3 @ 9001007c 90010078 90010074 90010070 9001006c 90010068 90010064 90010060 9001005c 90010058 90010054 90010050 9001004c 90010048 90010044 90010040 9001003c 90010038 90010034 90010030 9001002c 90010028 90010024 90010020 9001001c 90010018 90010014 90010010 9001000c 90010008 90010004 90010000
sm   0 warp 0 0x8000014c 0x90100337 x  6  90100000
sm   0 warp 0 0x80000150 0x5208a557 v 10 11111111111111111111111111111111 0000001f 0000001e 0000001d 0000001c 0000001b 0000001a 00000019 00000018 00000017 00000016 00000015 00000014 00000013 00000012 00000011 00000010 0000000f 0000000e 0000000d 0000000c 0000000b 0000000a 00000009 00000008 00000007 00000006 00000005 00000004 00000003 00000002 00000001 00000000 
sm   0 warp 0 0x80000148 0x0005217b v  2 11111111111111111111111111111111 bf800000 c0000000 c0400000 40400000 40000000 3f800000 00000000 bf800000 40400000 40000000 3f800000 00000000 bf800000 c0000000 c0400000 40400000 00000000 bf800000 c0000000 c0400000 40400000 40000000 3f800000 00000000 c0400000 40400000 40000000 3f800000 00000000 bf800000 c0000000 c0400000 
sm   0 warp 0 0x80000154 0x96a13557 v 10 11111111111111111111111111111111 0000007c 00000078 00000074 00000070 0000006c 00000068 00000064 00000060 0000005c 00000058 00000054 00000050 0000004c 00000048 00000044 00000040 0000003c 00000038 00000034 00000030 0000002c 00000028 00000024 00000020 0000001c 00000018 00000014 00000010 0000000c 00000008 00000004 00000000 
sm   0 warp 0 0x80000158 0x02a34557 v 10 11111111111111111111111111111111 9010007c 90100078 90100074 90100070 9010006c 90100068 90100064 90100060 9010005c 90100058 90100054 90100050 9010004c 90100048 90100044 90100040 9010003c 90100038 90100034 90100030 9010002c 90100028 90100024 90100020 9010001c 90100018 90100014 90100010 9010000c 90100008 90100004 90100000 
sm   0 warp 0 0x8000015c 0x000521fb lsu.r v  3 op 3 @ 9010007c 90100078 90100074 90100070 9010006c 90100068 90100064 90100060 9010005c 90100058 90100054 90100050 9010004c 90100048 90100044 90100040 9010003c 90100038 90100034 90100030 9010002c 90100028 90100024 90100020 9010001c 90100018 90100014 90100010 9010000c 90100008 90100004 90100000
[L1C] #    949 SM 0 CACHE 0 ADDR 80000180
sm   0 warp 0 0x8000015c 0x000521fb v  3 11111111111111111111111111111111 3f800000 00000000 bf800000 c0000000 40000000 3f800000 00000000 bf800000 bf800000 c0000000 40000000 3f800000 00000000 bf800000 c0000000 40000000 40000000 3f800000 00000000 bf800000 c0000000 40000000 3f800000 00000000 00000000 bf800000 c0000000 40000000 3f800000 00000000 bf800000 c0000000 
sm   0 warp 0 0x80000164 0x90010337 x  6  90010000
sm   0 warp 0 0x80000168 0x5208a557 v 10 11111111111111111111111111111111 0000001f 0000001e 0000001d 0000001c 0000001b 0000001a 00000019 00000018 00000017 00000016 00000015 00000014 00000013 00000012 00000011 00000010 0000000f 0000000e 0000000d 0000000c 0000000b 0000000a 00000009 00000008 00000007 00000006 00000005 00000004 00000003 00000002 00000001 00000000 
sm   0 warp 0 0x8000016c 0x96a13557 v 10 11111111111111111111111111111111 0000007c 00000078 00000074 00000070 0000006c 00000068 00000064 00000060 0000005c 00000058 00000054 00000050 0000004c 00000048 00000044 00000040 0000003c 00000038 00000034 00000030 0000002c 00000028 00000024 00000020 0000001c 00000018 00000014 00000010 0000000c 00000008 00000004 00000000 
sm   0 warp 0 0x80000160 0x0e31408b v  1 11111111111111111111111111111111 00000000 00000000 00000000 00000000 00000000 00000000 00000000 00000000 00000000 00000000 00000000 00000000 00000000 00000000 00000000 00000000 41800000 c1000000 c2900000 43100000 c2200000 42900000 41c00000 c2800000 43000000 c2900000 41000000 41000000 c2200000 41000000 c2800000 41c00000 
sm   0 warp 0 0x80000170 0x02a34557 v 10 11111111111111111111111111111111 9001007c 90010078 90010074 90010070 9001006c 90010068 90010064 90010060 9001005c 90010058 90010054 90010050 9001004c 90010048 90010044 90010040 9001003c 90010038 90010034 90010030 9001002c 90010028 90010024 90010020 9001001c 90010018 90010014 90010010 9001000c 90010008 90010004 90010000 
sm   0 warp 0 0x80000174 0x0005217b lsu.r v  2 op 3 @ 9001007c 90010078 90010074 90010070 9001006c 90010068 90010064 90010060 9001005c 90010058 90010054 90010050 9001004c 90010048 90010044 90010040 9001003c 90010038 90010034 90010030 9001002c 90010028 90010024 90010020 9001001c 90010018 90010014 90010010 9001000c 90010008 90010004 90010000
sm   0 warp 0 0x80000178 0x90100337 x  6  90100000
sm   0 warp 0 0x8000017c 0x5208a557 v 10 11111111111111111111111111111111 0000001f 0000001e 0000001d 0000001c 0000001b 0000001a 00000019 00000018 00000017 00000016 00000015 00000014 00000013 00000012 00000011 00000010 0000000f 0000000e 0000000d 0000000c 0000000b 0000000a 00000009 00000008 00000007 00000006 00000005 00000004 00000003 00000002 00000001 00000000 
sm   0 warp 0 0x80000174 0x0005217b v  2 11111111111111111111111111111111 bf800000 c0000000 c0400000 40400000 40000000 3f800000 00000000 bf800000 40400000 40000000 3f800000 00000000 bf800000 c0000000 c0400000 40400000 00000000 bf800000 c0000000 c0400000 40400000 40000000 3f800000 00000000 c0400000 40400000 40000000 3f800000 00000000 bf800000 c0000000 c0400000 
sm   0 warp 0 0x80000180 0x96a13557 v 10 11111111111111111111111111111111 0000007c 00000078 00000074 00000070 0000006c 00000068 00000064 00000060 0000005c 00000058 00000054 00000050 0000004c 00000048 00000044 00000040 0000003c 00000038 00000034 00000030 0000002c 00000028 00000024 00000020 0000001c 00000018 00000014 00000010 0000000c 00000008 00000004 00000000 
sm   0 warp 0 0x80000184 0x02a34557 v 10 11111111111111111111111111111111 9010007c 90100078 90100074 90100070 9010006c 90100068 90100064 90100060 9010005c 90100058 90100054 90100050 9010004c 90100048 90100044 90100040 9010003c 90100038 90100034 90100030 9010002c 90100028 90100024 90100020 9010001c 90100018 90100014 90100010 9010000c 90100008 90100004 90100000 
sm   0 warp 0 0x80000188 0x000521fb lsu.r v  3 op 3 @ 9010007c 90100078 90100074 90100070 9010006c 90100068 90100064 90100060 9010005c 90100058 90100054 90100050 9010004c 90100048 90100044 90100040 9010003c 90100038 90100034 90100030 9010002c 90100028 90100024 90100020 9010001c 90100018 90100014 90100010 9010000c 90100008 90100004 90100000
sm   0 warp 0 0x80000188 0x000521fb v  3 11111111111111111111111111111111 3f800000 00000000 bf800000 c0000000 40000000 3f800000 00000000 bf800000 bf800000 c0000000 40000000 3f800000 00000000 bf800000 c0000000 40000000 40000000 3f800000 00000000 bf800000 c0000000 40000000 3f800000 00000000 00000000 bf800000 c0000000 40000000 3f800000 00000000 bf800000 c0000000 
sm   0 warp 0 0x80000190 0x90010337 x  6  90010000
sm   0 warp 0 0x80000194 0x5208a557 v 10 11111111111111111111111111111111 0000001f 0000001e 0000001d 0000001c 0000001b 0000001a 00000019 00000018 00000017 00000016 00000015 00000014 00000013 00000012 00000011 00000010 0000000f 0000000e 0000000d 0000000c 0000000b 0000000a 00000009 00000008 00000007 00000006 00000005 00000004 00000003 00000002 00000001 00000000 
sm   0 warp 0 0x80000198 0x96a13557 v 10 11111111111111111111111111111111 0000007c 00000078 00000074 00000070 0000006c 00000068 00000064 00000060 0000005c 00000058 00000054 00000050 0000004c 00000048 00000044 00000040 0000003c 00000038 00000034 00000030 0000002c 00000028 00000024 00000020 0000001c 00000018 00000014 00000010 0000000c 00000008 00000004 00000000 
sm   0 warp 0 0x8000018c 0x0e31408b v  1 11111111111111111111111111111111 00000000 00000000 00000000 00000000 00000000 00000000 00000000 00000000 00000000 00000000 00000000 00000000 00000000 00000000 00000000 00000000 41900000 c1100000 c2a20000 43220000 c2340000 42a20000 41d80000 c2900000 43100000 c2a20000 41100000 41100000 c2340000 41100000 c2900000 41d80000 
sm   0 warp 0 0x8000019c 0x02a34557 v 10 11111111111111111111111111111111 9001007c 90010078 90010074 90010070 9001006c 90010068 90010064 90010060 9001005c 90010058 90010054 90010050 9001004c 90010048 90010044 90010040 9001003c 90010038 90010034 90010030 9001002c 90010028 90010024 90010020 9001001c 90010018 90010014 90010010 9001000c 90010008 90010004 90010000 
sm   0 warp 0 0x800001a0 0x0005217b lsu.r v  2 op 3 @ 9001007c 90010078 90010074 90010070 9001006c 90010068 90010064 90010060 9001005c 90010058 90010054 90010050 9001004c 90010048 90010044 90010040 9001003c 90010038 90010034 90010030 9001002c 90010028 90010024 90010020 9001001c 90010018 90010014 90010010 9001000c 90010008 90010004 90010000
sm   0 warp 0 0x800001a4 0x90100337 x  6  90100000
sm   0 warp 0 0x800001a8 0x5208a557 v 10 11111111111111111111111111111111 0000001f 0000001e 0000001d 0000001c 0000001b 0000001a 00000019 00000018 00000017 00000016 00000015 00000014 00000013 00000012 00000011 00000010 0000000f 0000000e 0000000d 0000000c 0000000b 0000000a 00000009 00000008 00000007 00000006 00000005 00000004 00000003 00000002 00000001 00000000 
sm   0 warp 0 0x800001a0 0x0005217b v  2 11111111111111111111111111111111 bf800000 c0000000 c0400000 40400000 40000000 3f800000 00000000 bf800000 40400000 40000000 3f800000 00000000 bf800000 c0000000 c0400000 40400000 00000000 bf800000 c0000000 c0400000 40400000 40000000 3f800000 00000000 c0400000 40400000 40000000 3f800000 00000000 bf800000 c0000000 c0400000 
sm   0 warp 0 0x800001ac 0x96a13557 v 10 11111111111111111111111111111111 0000007c 00000078 00000074 00000070 0000006c 00000068 00000064 00000060 0000005c 00000058 00000054 00000050 0000004c 00000048 00000044 00000040 0000003c 00000038 00000034 00000030 0000002c 00000028 00000024 00000020 0000001c 00000018 00000014 00000010 0000000c 00000008 00000004 00000000 
sm   0 warp 0 0x800001b0 0x02a34557 v 10 11111111111111111111111111111111 9010007c 90100078 90100074 90100070 9010006c 90100068 90100064 90100060 9010005c 90100058 90100054 90100050 9010004c 90100048 90100044 90100040 9010003c 90100038 90100034 90100030 9010002c 90100028 90100024 90100020 9010001c 90100018 90100014 90100010 9010000c 90100008 90100004 90100000 
sm   0 warp 0 0x800001b4 0x000521fb lsu.r v  3 op 3 @ 9010007c 90100078 90100074 90100070 9010006c 90100068 90100064 90100060 9010005c 90100058 90100054 90100050 9010004c 90100048 90100044 90100040 9010003c 90100038 90100034 90100030 9010002c 90100028 90100024 90100020 9010001c 90100018 90100014 90100010 9010000c 90100008 90100004 90100000
sm   0 warp 0 0x800001b4 0x000521fb v  3 11111111111111111111111111111111 3f800000 00000000 bf800000 c0000000 40000000 3f800000 00000000 bf800000 bf800000 c0000000 40000000 3f800000 00000000 bf800000 c0000000 40000000 40000000 3f800000 00000000 bf800000 c0000000 40000000 3f800000 00000000 00000000 bf800000 c0000000 40000000 3f800000 00000000 bf800000 c0000000 
sm   0 warp 0 0x800001bc 0x90010337 x  6  90010000
sm   0 warp 0 0x800001c0 0x5208a557 v 10 11111111111111111111111111111111 0000001f 0000001e 0000001d 0000001c 0000001b 0000001a 00000019 00000018 00000017 00000016 00000015 00000014 00000013 00000012 00000011 00000010 0000000f 0000000e 0000000d 0000000c 0000000b 0000000a 00000009 00000008 00000007 00000006 00000005 00000004 00000003 00000002 00000001 00000000 
sm   0 warp 0 0x800001c4 0x96a13557 v 10 11111111111111111111111111111111 0000007c 00000078 00000074 00000070 0000006c 00000068 00000064 00000060 0000005c 00000058 00000054 00000050 0000004c 00000048 00000044 00000040 0000003c 00000038 00000034 00000030 0000002c 00000028 00000024 00000020 0000001c 00000018 00000014 00000010 0000000c 00000008 00000004 00000000 
sm   0 warp 0 0x800001b8 0x0e31408b v  1 11111111111111111111111111111111 00000000 00000000 00000000 00000000 00000000 00000000 00000000 00000000 00000000 00000000 00000000 00000000 00000000 00000000 00000000 00000000 41a00000 c1200000 c2b40000 43340000 c2480000 42b40000 41f00000 c2a00000 43200000 c2b40000 41200000 41200000 c2480000 41200000 c2a00000 41f00000 
sm   0 warp 0 0x800001c8 0x02a34557 v 10 11111111111111111111111111111111 9001007c 90010078 90010074 90010070 9001006c 90010068 90010064 90010060 9001005c 90010058 90010054 90010050 9001004c 90010048 90010044 90010040 9001003c 90010038 90010034 90010030 9001002c 90010028 90010024 90010020 9001001c 90010018 90010014 90010010 9001000c 90010008 90010004 90010000 
sm   0 warp 0 0x800001cc 0x0005217b lsu.r v  2 op 3 @ 9001007c 90010078 90010074 90010070 9001006c 90010068 90010064 90010060 9001005c 90010058 90010054 90010050 9001004c 90010048 90010044 90010040 9001003c 90010038 90010034 90010030 9001002c 90010028 90010024 90010020 9001001c 90010018 90010014 90010010 9001000c 90010008 90010004 90010000
sm   0 warp 0 0x800001d0 0x90100337 x  6  90100000
sm   0 warp 0 0x800001d4 0x5208a557 v 10 11111111111111111111111111111111 0000001f 0000001e 0000001d 0000001c 0000001b 0000001a 00000019 00000018 00000017 00000016 00000015 00000014 00000013 00000012 00000011 00000010 0000000f 0000000e 0000000d 0000000c 0000000b 0000000a 00000009 00000008 00000007 00000006 00000005 00000004 00000003 00000002 00000001 00000000 
sm   0 warp 0 0x800001cc 0x0005217b v  2 11111111111111111111111111111111 bf800000 c0000000 c0400000 40400000 40000000 3f800000 00000000 bf800000 40400000 40000000 3f800000 00000000 bf800000 c0000000 c0400000 40400000 00000000 bf800000 c0000000 c0400000 40400000 40000000 3f800000 00000000 c0400000 40400000 40000000 3f800000 00000000 bf800000 c0000000 c0400000 
sm   0 warp 0 0x800001d8 0x96a13557 v 10 11111111111111111111111111111111 0000007c 00000078 00000074 00000070 0000006c 00000068 00000064 00000060 0000005c 00000058 00000054 00000050 0000004c 00000048 00000044 00000040 0000003c 00000038 00000034 00000030 0000002c 00000028 00000024 00000020 0000001c 00000018 00000014 00000010 0000000c 00000008 00000004 00000000 
sm   0 warp 0 0x800001dc 0x02a34557 v 10 11111111111111111111111111111111 9010007c 90100078 90100074 90100070 9010006c 90100068 90100064 90100060 9010005c 90100058 90100054 90100050 9010004c 90100048 90100044 90100040 9010003c 90100038 90100034 90100030 9010002c 90100028 90100024 90100020 9010001c 90100018 90100014 90100010 9010000c 90100008 90100004 90100000 
[L1C] #   1091 SM 0 CACHE 0 ADDR 80000200
sm   0 warp 0 0x800001e0 0x000521fb lsu.r v  3 op 3 @ 9010007c 90100078 90100074 90100070 9010006c 90100068 90100064 90100060 9010005c 90100058 90100054 90100050 9010004c 90100048 90100044 90100040 9010003c 90100038 90100034 90100030 9010002c 90100028 90100024 90100020 9010001c 90100018 90100014 90100010 9010000c 90100008 90100004 90100000
sm   0 warp 0 0x800001e0 0x000521fb v  3 11111111111111111111111111111111 3f800000 00000000 bf800000 c0000000 40000000 3f800000 00000000 bf800000 bf800000 c0000000 40000000 3f800000 00000000 bf800000 c0000000 40000000 40000000 3f800000 00000000 bf800000 c0000000 40000000 3f800000 00000000 00000000 bf800000 c0000000 40000000 3f800000 00000000 bf800000 c0000000 
[L1C] #   1107 SM 0 CACHE 0 ADDR 80000200
sm   0 warp 0 0x800001e8 0x90010337 x  6  90010000
sm   0 warp 0 0x800001ec 0x5208a557 v 10 11111111111111111111111111111111 0000001f 0000001e 0000001d 0000001c 0000001b 0000001a 00000019 00000018 00000017 00000016 00000015 00000014 00000013 00000012 00000011 00000010 0000000f 0000000e 0000000d 0000000c 0000000b 0000000a 00000009 00000008 00000007 00000006 00000005 00000004 00000003 00000002 00000001 00000000 
sm   0 warp 0 0x800001f0 0x96a13557 v 10 11111111111111111111111111111111 0000007c 00000078 00000074 00000070 0000006c 00000068 00000064 00000060 0000005c 00000058 00000054 00000050 0000004c 00000048 00000044 00000040 0000003c 00000038 00000034 00000030 0000002c 00000028 00000024 00000020 0000001c 00000018 00000014 00000010 0000000c 00000008 00000004 00000000 
sm   0 warp 0 0x800001e4 0x0e31408b v  1 11111111111111111111111111111111 00000000 00000000 00000000 00000000 00000000 00000000 00000000 00000000 00000000 00000000 00000000 00000000 00000000 00000000 00000000 00000000 41b00000 c1300000 c2c60000 43460000 c25c0000 42c60000 42040000 c2b00000 43300000 c2c60000 41300000 41300000 c25c0000 41300000 c2b00000 42040000 
sm   0 warp 0 0x800001f4 0x02a34557 v 10 11111111111111111111111111111111 9001007c 90010078 90010074 90010070 9001006c 90010068 90010064 90010060 9001005c 90010058 90010054 90010050 9001004c 90010048 90010044 90010040 9001003c 90010038 90010034 90010030 9001002c 90010028 90010024 90010020 9001001c 90010018 90010014 90010010 9001000c 90010008 90010004 90010000 
sm   0 warp 0 0x800001f8 0x0005217b lsu.r v  2 op 3 @ 9001007c 90010078 90010074 90010070 9001006c 90010068 90010064 90010060 9001005c 90010058 90010054 90010050 9001004c 90010048 90010044 90010040 9001003c 90010038 90010034 90010030 9001002c 90010028 90010024 90010020 9001001c 90010018 90010014 90010010 9001000c 90010008 90010004 90010000
sm   0 warp 0 0x800001fc 0x90100337 x  6  90100000
sm   0 warp 0 0x80000200 0x5208a557 v 10 11111111111111111111111111111111 0000001f 0000001e 0000001d 0000001c 0000001b 0000001a 00000019 00000018 00000017 00000016 00000015 00000014 00000013 00000012 00000011 00000010 0000000f 0000000e 0000000d 0000000c 0000000b 0000000a 00000009 00000008 00000007 00000006 00000005 00000004 00000003 00000002 00000001 00000000 
sm   0 warp 0 0x800001f8 0x0005217b v  2 11111111111111111111111111111111 bf800000 c0000000 c0400000 40400000 40000000 3f800000 00000000 bf800000 40400000 40000000 3f800000 00000000 bf800000 c0000000 c0400000 40400000 00000000 bf800000 c0000000 c0400000 40400000 40000000 3f800000 00000000 c0400000 40400000 40000000 3f800000 00000000 bf800000 c0000000 c0400000 
sm   0 warp 0 0x80000204 0x96a13557 v 10 11111111111111111111111111111111 0000007c 00000078 00000074 00000070 0000006c 00000068 00000064 00000060 0000005c 00000058 00000054 00000050 0000004c 00000048 00000044 00000040 0000003c 00000038 00000034 00000030 0000002c 00000028 00000024 00000020 0000001c 00000018 00000014 00000010 0000000c 00000008 00000004 00000000 
sm   0 warp 0 0x80000208 0x02a34557 v 10 11111111111111111111111111111111 9010007c 90100078 90100074 90100070 9010006c 90100068 90100064 90100060 9010005c 90100058 90100054 90100050 9010004c 90100048 90100044 90100040 9010003c 90100038 90100034 90100030 9010002c 90100028 90100024 90100020 9010001c 90100018 90100014 90100010 9010000c 90100008 90100004 90100000 
sm   0 warp 0 0x8000020c 0x000521fb lsu.r v  3 op 3 @ 9010007c 90100078 90100074 90100070 9010006c 90100068 90100064 90100060 9010005c 90100058 90100054 90100050 9010004c 90100048 90100044 90100040 9010003c 90100038 90100034 90100030 9010002c 90100028 90100024 90100020 9010001c 90100018 90100014 90100010 9010000c 90100008 90100004 90100000
sm   0 warp 0 0x8000020c 0x000521fb v  3 11111111111111111111111111111111 3f800000 00000000 bf800000 c0000000 40000000 3f800000 00000000 bf800000 bf800000 c0000000 40000000 3f800000 00000000 bf800000 c0000000 40000000 40000000 3f800000 00000000 bf800000 c0000000 40000000 3f800000 00000000 00000000 bf800000 c0000000 40000000 3f800000 00000000 bf800000 c0000000 
sm   0 warp 0 0x80000214 0x90010337 x  6  90010000
sm   0 warp 0 0x80000218 0x5208a557 v 10 11111111111111111111111111111111 0000001f 0000001e 0000001d 0000001c 0000001b 0000001a 00000019 00000018 00000017 00000016 00000015 00000014 00000013 00000012 00000011 00000010 0000000f 0000000e 0000000d 0000000c 0000000b 0000000a 00000009 00000008 00000007 00000006 00000005 00000004 00000003 00000002 00000001 00000000 
sm   0 warp 0 0x8000021c 0x96a13557 v 10 11111111111111111111111111111111 0000007c 00000078 00000074 00000070 0000006c 00000068 00000064 00000060 0000005c 00000058 00000054 00000050 0000004c 00000048 00000044 00000040 0000003c 00000038 00000034 00000030 0000002c 00000028 00000024 00000020 0000001c 00000018 00000014 00000010 0000000c 00000008 00000004 00000000 
sm   0 warp 0 0x80000210 0x0e31408b v  1 11111111111111111111111111111111 00000000 00000000 00000000 00000000 00000000 00000000 00000000 00000000 00000000 00000000 00000000 00000000 00000000 00000000 00000000 00000000 41c00000 c1400000 c2d80000 43580000 c2700000 42d80000 42100000 c2c00000 43400000 c2d80000 41400000 41400000 c2700000 41400000 c2c00000 42100000 
sm   0 warp 0 0x80000220 0x02a34557 v 10 11111111111111111111111111111111 9001007c 90010078 90010074 90010070 9001006c 90010068 90010064 90010060 9001005c 90010058 90010054 90010050 9001004c 90010048 90010044 90010040 9001003c 90010038 90010034 90010030 9001002c 90010028 90010024 90010020 9001001c 90010018 90010014 90010010 9001000c 90010008 90010004 90010000 
sm   0 warp 0 0x80000224 0x0005217b lsu.r v  2 op 3 @ 9001007c 90010078 90010074 90010070 9001006c 90010068 90010064 90010060 9001005c 90010058 90010054 90010050 9001004c 90010048 90010044 90010040 9001003c 90010038 90010034 90010030 9001002c 90010028 90010024 90010020 9001001c 90010018 90010014 90010010 9001000c 90010008 90010004 90010000
sm   0 warp 0 0x80000228 0x90100337 x  6  90100000
sm   0 warp 0 0x8000022c 0x5208a557 v 10 11111111111111111111111111111111 0000001f 0000001e 0000001d 0000001c 0000001b 0000001a 00000019 00000018 00000017 00000016 00000015 00000014 00000013 00000012 00000011 00000010 0000000f 0000000e 0000000d 0000000c 0000000b 0000000a 00000009 00000008 00000007 00000006 00000005 00000004 00000003 00000002 00000001 00000000 
sm   0 warp 0 0x80000224 0x0005217b v  2 11111111111111111111111111111111 bf800000 c0000000 c0400000 40400000 40000000 3f800000 00000000 bf800000 40400000 40000000 3f800000 00000000 bf800000 c0000000 c0400000 40400000 00000000 bf800000 c0000000 c0400000 40400000 40000000 3f800000 00000000 c0400000 40400000 40000000 3f800000 00000000 bf800000 c0000000 c0400000 
sm   0 warp 0 0x80000230 0x96a13557 v 10 11111111111111111111111111111111 0000007c 00000078 00000074 00000070 0000006c 00000068 00000064 00000060 0000005c 00000058 00000054 00000050 0000004c 00000048 00000044 00000040 0000003c 00000038 00000034 00000030 0000002c 00000028 00000024 00000020 0000001c 00000018 00000014 00000010 0000000c 00000008 00000004 00000000 
sm   0 warp 0 0x80000234 0x02a34557 v 10 11111111111111111111111111111111 9010007c 90100078 90100074 90100070 9010006c 90100068 90100064 90100060 9010005c 90100058 90100054 90100050 9010004c 90100048 90100044 90100040 9010003c 90100038 90100034 90100030 9010002c 90100028 90100024 90100020 9010001c 90100018 90100014 90100010 9010000c 90100008 90100004 90100000 
sm   0 warp 0 0x80000238 0x000521fb lsu.r v  3 op 3 @ 9010007c 90100078 90100074 90100070 9010006c 90100068 90100064 90100060 9010005c 90100058 90100054 90100050 9010004c 90100048 90100044 90100040 9010003c 90100038 90100034 90100030 9010002c 90100028 90100024 90100020 9010001c 90100018 90100014 90100010 9010000c 90100008 90100004 90100000
sm   0 warp 0 0x80000238 0x000521fb v  3 11111111111111111111111111111111 3f800000 00000000 bf800000 c0000000 40000000 3f800000 00000000 bf800000 bf800000 c0000000 40000000 3f800000 00000000 bf800000 c0000000 40000000 40000000 3f800000 00000000 bf800000 c0000000 40000000 3f800000 00000000 00000000 bf800000 c0000000 40000000 3f800000 00000000 bf800000 c0000000 
sm   0 warp 0 0x80000240 0x90010337 x  6  90010000
sm   0 warp 0 0x80000244 0x5208a557 v 10 11111111111111111111111111111111 0000001f 0000001e 0000001d 0000001c 0000001b 0000001a 00000019 00000018 00000017 00000016 00000015 00000014 00000013 00000012 00000011 00000010 0000000f 0000000e 0000000d 0000000c 0000000b 0000000a 00000009 00000008 00000007 00000006 00000005 00000004 00000003 00000002 00000001 00000000 
sm   0 warp 0 0x80000248 0x96a13557 v 10 11111111111111111111111111111111 0000007c 00000078 00000074 00000070 0000006c 00000068 00000064 00000060 0000005c 00000058 00000054 00000050 0000004c 00000048 00000044 00000040 0000003c 00000038 00000034 00000030 0000002c 00000028 00000024 00000020 0000001c 00000018 00000014 00000010 0000000c 00000008 00000004 00000000 
sm   0 warp 0 0x8000023c 0x0e31408b v  1 11111111111111111111111111111111 00000000 00000000 00000000 00000000 00000000 00000000 00000000 00000000 00000000 00000000 00000000 00000000 00000000 00000000 00000000 00000000 41d00000 c1500000 c2ea0000 436a0000 c2820000 42ea0000 421c0000 c2d00000 43500000 c2ea0000 41500000 41500000 c2820000 41500000 c2d00000 421c0000 
sm   0 warp 0 0x8000024c 0x02a34557 v 10 11111111111111111111111111111111 9001007c 90010078 90010074 90010070 9001006c 90010068 90010064 90010060 9001005c 90010058 90010054 90010050 9001004c 90010048 90010044 90010040 9001003c 90010038 90010034 90010030 9001002c 90010028 90010024 90010020 9001001c 90010018 90010014 90010010 9001000c 90010008 90010004 90010000 
sm   0 warp 0 0x80000250 0x0005217b lsu.r v  2 op 3 @ 9001007c 90010078 90010074 90010070 9001006c 90010068 90010064 90010060 9001005c 90010058 90010054 90010050 9001004c 90010048 90010044 90010040 9001003c 90010038 90010034 90010030 9001002c 90010028 90010024 90010020 9001001c 90010018 90010014 90010010 9001000c 90010008 90010004 90010000
sm   0 warp 0 0x80000254 0x90100337 x  6  90100000
sm   0 warp 0 0x80000258 0x5208a557 v 10 11111111111111111111111111111111 0000001f 0000001e 0000001d 0000001c 0000001b 0000001a 00000019 00000018 00000017 00000016 00000015 00000014 00000013 00000012 00000011 00000010 0000000f 0000000e 0000000d 0000000c 0000000b 0000000a 00000009 00000008 00000007 00000006 00000005 00000004 00000003 00000002 00000001 00000000 
sm   0 warp 0 0x80000250 0x0005217b v  2 11111111111111111111111111111111 bf800000 c0000000 c0400000 40400000 40000000 3f800000 00000000 bf800000 40400000 40000000 3f800000 00000000 bf800000 c0000000 c0400000 40400000 00000000 bf800000 c0000000 c0400000 40400000 40000000 3f800000 00000000 c0400000 40400000 40000000 3f800000 00000000 bf800000 c0000000 c0400000 
sm   0 warp 0 0x8000025c 0x96a13557 v 10 11111111111111111111111111111111 0000007c 00000078 00000074 00000070 0000006c 00000068 00000064 00000060 0000005c 00000058 00000054 00000050 0000004c 00000048 00000044 00000040 0000003c 00000038 00000034 00000030 0000002c 00000028 00000024 00000020 0000001c 00000018 00000014 00000010 0000000c 00000008 00000004 00000000 
[L1C] #   1233 SM 0 CACHE 0 ADDR 80000280
sm   0 warp 0 0x80000260 0x02a34557 v 10 11111111111111111111111111111111 9010007c 90100078 90100074 90100070 9010006c 90100068 90100064 90100060 9010005c 90100058 90100054 90100050 9010004c 90100048 90100044 90100040 9010003c 90100038 90100034 90100030 9010002c 90100028 90100024 90100020 9010001c 90100018 90100014 90100010 9010000c 90100008 90100004 90100000 
sm   0 warp 0 0x80000264 0x000521fb lsu.r v  3 op 3 @ 9010007c 90100078 90100074 90100070 9010006c 90100068 90100064 90100060 9010005c 90100058 90100054 90100050 9010004c 90100048 90100044 90100040 9010003c 90100038 90100034 90100030 9010002c 90100028 90100024 90100020 9010001c 90100018 90100014 90100010 9010000c 90100008 90100004 90100000
sm   0 warp 0 0x80000264 0x000521fb v  3 11111111111111111111111111111111 3f800000 00000000 bf800000 c0000000 40000000 3f800000 00000000 bf800000 bf800000 c0000000 40000000 3f800000 00000000 bf800000 c0000000 40000000 40000000 3f800000 00000000 bf800000 c0000000 40000000 3f800000 00000000 00000000 bf800000 c0000000 40000000 3f800000 00000000 bf800000 c0000000 
sm   0 warp 0 0x8000026c 0x90010337 x  6  90010000
sm   0 warp 0 0x80000270 0x5208a557 v 10 11111111111111111111111111111111 0000001f 0000001e 0000001d 0000001c 0000001b 0000001a 00000019 00000018 00000017 00000016 00000015 00000014 00000013 00000012 00000011 00000010 0000000f 0000000e 0000000d 0000000c 0000000b 0000000a 00000009 00000008 00000007 00000006 00000005 00000004 00000003 00000002 00000001 00000000 
sm   0 warp 0 0x80000274 0x96a13557 v 10 11111111111111111111111111111111 0000007c 00000078 00000074 00000070 0000006c 00000068 00000064 00000060 0000005c 00000058 00000054 00000050 0000004c 00000048 00000044 00000040 0000003c 00000038 00000034 00000030 0000002c 00000028 00000024 00000020 0000001c 00000018 00000014 00000010 0000000c 00000008 00000004 00000000 
sm   0 warp 0 0x80000268 0x0e31408b v  1 11111111111111111111111111111111 00000000 00000000 00000000 00000000 00000000 00000000 00000000 00000000 00000000 00000000 00000000 00000000 00000000 00000000 00000000 00000000 41e00000 c1600000 c2fc0000 437c0000 c28c0000 42fc0000 42280000 c2e00000 43600000 c2fc0000 41600000 41600000 c28c0000 41600000 c2e00000 42280000 
sm   0 warp 0 0x80000278 0x02a34557 v 10 11111111111111111111111111111111 9001007c 90010078 90010074 90010070 9001006c 90010068 90010064 90010060 9001005c 90010058 90010054 90010050 9001004c 90010048 90010044 90010040 9001003c 90010038 90010034 90010030 9001002c 90010028 90010024 90010020 9001001c 90010018 90010014 90010010 9001000c 90010008 90010004 90010000 
sm   0 warp 0 0x8000027c 0x0005217b lsu.r v  2 op 3 @ 9001007c 90010078 90010074 90010070 9001006c 90010068 90010064 90010060 9001005c 90010058 90010054 90010050 9001004c 90010048 90010044 90010040 9001003c 90010038 90010034 90010030 9001002c 90010028 90010024 90010020 9001001c 90010018 90010014 90010010 9001000c 90010008 90010004 90010000
sm   0 warp 0 0x80000280 0x90100337 x  6  90100000
sm   0 warp 0 0x80000284 0x5208a557 v 10 11111111111111111111111111111111 0000001f 0000001e 0000001d 0000001c 0000001b 0000001a 00000019 00000018 00000017 00000016 00000015 00000014 00000013 00000012 00000011 00000010 0000000f 0000000e 0000000d 0000000c 0000000b 0000000a 00000009 00000008 00000007 00000006 00000005 00000004 00000003 00000002 00000001 00000000 
sm   0 warp 0 0x8000027c 0x0005217b v  2 11111111111111111111111111111111 bf800000 c0000000 c0400000 40400000 40000000 3f800000 00000000 bf800000 40400000 40000000 3f800000 00000000 bf800000 c0000000 c0400000 40400000 00000000 bf800000 c0000000 c0400000 40400000 40000000 3f800000 00000000 c0400000 40400000 40000000 3f800000 00000000 bf800000 c0000000 c0400000 
sm   0 warp 0 0x80000288 0x96a13557 v 10 11111111111111111111111111111111 0000007c 00000078 00000074 00000070 0000006c 00000068 00000064 00000060 0000005c 00000058 00000054 00000050 0000004c 00000048 00000044 00000040 0000003c 00000038 00000034 00000030 0000002c 00000028 00000024 00000020 0000001c 00000018 00000014 00000010 0000000c 00000008 00000004 00000000 
sm   0 warp 0 0x8000028c 0x02a34557 v 10 11111111111111111111111111111111 9010007c 90100078 90100074 90100070 9010006c 90100068 90100064 90100060 9010005c 90100058 90100054 90100050 9010004c 90100048 90100044 90100040 9010003c 90100038 90100034 90100030 9010002c 90100028 90100024 90100020 9010001c 90100018 90100014 90100010 9010000c 90100008 90100004 90100000 
sm   0 warp 0 0x80000290 0x000521fb lsu.r v  3 op 3 @ 9010007c 90100078 90100074 90100070 9010006c 90100068 90100064 90100060 9010005c 90100058 90100054 90100050 9010004c 90100048 90100044 90100040 9010003c 90100038 90100034 90100030 9010002c 90100028 90100024 90100020 9010001c 90100018 90100014 90100010 9010000c 90100008 90100004 90100000
sm   0 warp 0 0x80000290 0x000521fb v  3 11111111111111111111111111111111 3f800000 00000000 bf800000 c0000000 40000000 3f800000 00000000 bf800000 bf800000 c0000000 40000000 3f800000 00000000 bf800000 c0000000 40000000 40000000 3f800000 00000000 bf800000 c0000000 40000000 3f800000 00000000 00000000 bf800000 c0000000 40000000 3f800000 00000000 bf800000 c0000000 
sm   0 warp 0 0x80000298 0x90010337 x  6  90010000
sm   0 warp 0 0x8000029c 0x5208a557 v 10 11111111111111111111111111111111 0000001f 0000001e 0000001d 0000001c 0000001b 0000001a 00000019 00000018 00000017 00000016 00000015 00000014 00000013 00000012 00000011 00000010 0000000f 0000000e 0000000d 0000000c 0000000b 0000000a 00000009 00000008 00000007 00000006 00000005 00000004 00000003 00000002 00000001 00000000 
sm   0 warp 0 0x800002a0 0x96a13557 v 10 11111111111111111111111111111111 0000007c 00000078 00000074 00000070 0000006c 00000068 00000064 00000060 0000005c 00000058 00000054 00000050 0000004c 00000048 00000044 00000040 0000003c 00000038 00000034 00000030 0000002c 00000028 00000024 00000020 0000001c 00000018 00000014 00000010 0000000c 00000008 00000004 00000000 
sm   0 warp 0 0x80000294 0x0e31408b v  1 11111111111111111111111111111111 00000000 00000000 00000000 00000000 00000000 00000000 00000000 00000000 00000000 00000000 00000000 00000000 00000000 00000000 00000000 00000000 41f00000 c1700000 c3070000 43870000 c2960000 43070000 42340000 c2f00000 43700000 c3070000 41700000 41700000 c2960000 41700000 c2f00000 42340000 
sm   0 warp 0 0x800002a4 0x02a34557 v 10 11111111111111111111111111111111 9001007c 90010078 90010074 90010070 9001006c 90010068 90010064 90010060 9001005c 90010058 90010054 90010050 9001004c 90010048 90010044 90010040 9001003c 90010038 90010034 90010030 9001002c 90010028 90010024 90010020 9001001c 90010018 90010014 90010010 9001000c 90010008 90010004 90010000 
sm   0 warp 0 0x800002a8 0x0005217b lsu.r v  2 op 3 @ 9001007c 90010078 90010074 90010070 9001006c 90010068 90010064 90010060 9001005c 90010058 90010054 90010050 9001004c 90010048 90010044 90010040 9001003c 90010038 90010034 90010030 9001002c 90010028 90010024 90010020 9001001c 90010018 90010014 90010010 9001000c 90010008 90010004 90010000
sm   0 warp 0 0x800002ac 0x90100337 x  6  90100000
sm   0 warp 0 0x800002b0 0x5208a557 v 10 11111111111111111111111111111111 0000001f 0000001e 0000001d 0000001c 0000001b 0000001a 00000019 00000018 00000017 00000016 00000015 00000014 00000013 00000012 00000011 00000010 0000000f 0000000e 0000000d 0000000c 0000000b 0000000a 00000009 00000008 00000007 00000006 00000005 00000004 00000003 00000002 00000001 00000000 
sm   0 warp 0 0x800002a8 0x0005217b v  2 11111111111111111111111111111111 bf800000 c0000000 c0400000 40400000 40000000 3f800000 00000000 bf800000 40400000 40000000 3f800000 00000000 bf800000 c0000000 c0400000 40400000 00000000 bf800000 c0000000 c0400000 40400000 40000000 3f800000 00000000 c0400000 40400000 40000000 3f800000 00000000 bf800000 c0000000 c0400000 
sm   0 warp 0 0x800002b4 0x96a13557 v 10 11111111111111111111111111111111 0000007c 00000078 00000074 00000070 0000006c 00000068 00000064 00000060 0000005c 00000058 00000054 00000050 0000004c 00000048 00000044 00000040 0000003c 00000038 00000034 00000030 0000002c 00000028 00000024 00000020 0000001c 00000018 00000014 00000010 0000000c 00000008 00000004 00000000 
sm   0 warp 0 0x800002b8 0x02a34557 v 10 11111111111111111111111111111111 9010007c 90100078 90100074 90100070 9010006c 90100068 90100064 90100060 9010005c 90100058 90100054 90100050 9010004c 90100048 90100044 90100040 9010003c 90100038 90100034 90100030 9010002c 90100028 90100024 90100020 9010001c 90100018 90100014 90100010 9010000c 90100008 90100004 90100000 
sm   0 warp 0 0x800002bc 0x000521fb lsu.r v  3 op 3 @ 9010007c 90100078 90100074 90100070 9010006c 90100068 90100064 90100060 9010005c 90100058 90100054 90100050 9010004c 90100048 90100044 90100040 9010003c 90100038 90100034 90100030 9010002c 90100028 90100024 90100020 9010001c 90100018 90100014 90100010 9010000c 90100008 90100004 90100000
sm   0 warp 0 0x800002bc 0x000521fb v  3 11111111111111111111111111111111 3f800000 00000000 bf800000 c0000000 40000000 3f800000 00000000 bf800000 bf800000 c0000000 40000000 3f800000 00000000 bf800000 c0000000 40000000 40000000 3f800000 00000000 bf800000 c0000000 40000000 3f800000 00000000 00000000 bf800000 c0000000 40000000 3f800000 00000000 bf800000 c0000000 
sm   0 warp 0 0x800002c4 0x90010337 x  6  90010000
sm   0 warp 0 0x800002c8 0x5208a557 v 10 11111111111111111111111111111111 0000001f 0000001e 0000001d 0000001c 0000001b 0000001a 00000019 00000018 00000017 00000016 00000015 00000014 00000013 00000012 00000011 00000010 0000000f 0000000e 0000000d 0000000c 0000000b 0000000a 00000009 00000008 00000007 00000006 00000005 00000004 00000003 00000002 00000001 00000000 
sm   0 warp 0 0x800002cc 0x96a13557 v 10 11111111111111111111111111111111 0000007c 00000078 00000074 00000070 0000006c 00000068 00000064 00000060 0000005c 00000058 00000054 00000050 0000004c 00000048 00000044 00000040 0000003c 00000038 00000034 00000030 0000002c 00000028 00000024 00000020 0000001c 00000018 00000014 00000010 0000000c 00000008 00000004 00000000 
sm   0 warp 0 0x800002c0 0x0e31408b v  1 11111111111111111111111111111111 00000000 00000000 00000000 00000000 00000000 00000000 00000000 00000000 00000000 00000000 00000000 00000000 00000000 00000000 00000000 00000000 42000000 c1800000 c3100000 43900000 c2a00000 43100000 42400000 c3000000 43800000 c3100000 41800000 41800000 c2a00000 41800000 c3000000 42400000 
sm   0 warp 0 0x800002d0 0x02a34557 v 10 11111111111111111111111111111111 9001007c 90010078 90010074 90010070 9001006c 90010068 90010064 90010060 9001005c 90010058 90010054 90010050 9001004c 90010048 90010044 90010040 9001003c 90010038 90010034 90010030 9001002c 90010028 90010024 90010020 9001001c 90010018 90010014 90010010 9001000c 90010008 90010004 90010000 
sm   0 warp 0 0x800002d4 0x0005217b lsu.r v  2 op 3 @ 9001007c 90010078 90010074 90010070 9001006c 90010068 90010064 90010060 9001005c 90010058 90010054 90010050 9001004c 90010048 90010044 90010040 9001003c 90010038 90010034 90010030 9001002c 90010028 90010024 90010020 9001001c 90010018 90010014 90010010 9001000c 90010008 90010004 90010000
sm   0 warp 0 0x800002d8 0x90100337 x  6  90100000
sm   0 warp 0 0x800002dc 0x5208a557 v 10 11111111111111111111111111111111 0000001f 0000001e 0000001d 0000001c 0000001b 0000001a 00000019 00000018 00000017 00000016 00000015 00000014 00000013 00000012 00000011 00000010 0000000f 0000000e 0000000d 0000000c 0000000b 0000000a 00000009 00000008 00000007 00000006 00000005 00000004 00000003 00000002 00000001 00000000 
sm   0 warp 0 0x800002d4 0x0005217b v  2 11111111111111111111111111111111 bf800000 c0000000 c0400000 40400000 40000000 3f800000 00000000 bf800000 40400000 40000000 3f800000 00000000 bf800000 c0000000 c0400000 40400000 00000000 bf800000 c0000000 c0400000 40400000 40000000 3f800000 00000000 c0400000 40400000 40000000 3f800000 00000000 bf800000 c0000000 c0400000 
[L1C] #   1377 SM 0 CACHE 0 ADDR 80000300
sm   0 warp 0 0x800002e0 0x96a13557 v 10 11111111111111111111111111111111 0000007c 00000078 00000074 00000070 0000006c 00000068 00000064 00000060 0000005c 00000058 00000054 00000050 0000004c 00000048 00000044 00000040 0000003c 00000038 00000034 00000030 0000002c 00000028 00000024 00000020 0000001c 00000018 00000014 00000010 0000000c 00000008 00000004 00000000 
sm   0 warp 0 0x800002e4 0x02a34557 v 10 11111111111111111111111111111111 9010007c 90100078 90100074 90100070 9010006c 90100068 90100064 90100060 9010005c 90100058 90100054 90100050 9010004c 90100048 90100044 90100040 9010003c 90100038 90100034 90100030 9010002c 90100028 90100024 90100020 9010001c 90100018 90100014 90100010 9010000c 90100008 90100004 90100000 
sm   0 warp 0 0x800002e8 0x000521fb lsu.r v  3 op 3 @ 9010007c 90100078 90100074 90100070 9010006c 90100068 90100064 90100060 9010005c 90100058 90100054 90100050 9010004c 90100048 90100044 90100040 9010003c 90100038 90100034 90100030 9010002c 90100028 90100024 90100020 9010001c 90100018 90100014 90100010 9010000c 90100008 90100004 90100000
sm   0 warp 0 0x800002e8 0x000521fb v  3 11111111111111111111111111111111 3f800000 00000000 bf800000 c0000000 40000000 3f800000 00000000 bf800000 bf800000 c0000000 40000000 3f800000 00000000 bf800000 c0000000 40000000 40000000 3f800000 00000000 bf800000 c0000000 40000000 3f800000 00000000 00000000 bf800000 c0000000 40000000 3f800000 00000000 bf800000 c0000000 
sm   0 warp 0 0x800002f0 0x90010337 x  6  90010000
sm   0 warp 0 0x800002f4 0x5208a557 v 10 11111111111111111111111111111111 0000001f 0000001e 0000001d 0000001c 0000001b 0000001a 00000019 00000018 00000017 00000016 00000015 00000014 00000013 00000012 00000011 00000010 0000000f 0000000e 0000000d 0000000c 0000000b 0000000a 00000009 00000008 00000007 00000006 00000005 00000004 00000003 00000002 00000001 00000000 
sm   0 warp 0 0x800002f8 0x96a13557 v 10 11111111111111111111111111111111 0000007c 00000078 00000074 00000070 0000006c 00000068 00000064 00000060 0000005c 00000058 00000054 00000050 0000004c 00000048 00000044 00000040 0000003c 00000038 00000034 00000030 0000002c 00000028 00000024 00000020 0000001c 00000018 00000014 00000010 0000000c 00000008 00000004 00000000 
sm   0 warp 0 0x800002ec 0x0e31408b v  1 11111111111111111111111111111111 00000000 00000000 00000000 00000000 00000000 00000000 00000000 00000000 00000000 00000000 00000000 00000000 00000000 00000000 00000000 00000000 42080000 c1880000 c3190000 43990000 c2aa0000 43190000 424c0000 c3080000 43880000 c3190000 41880000 41880000 c2aa0000 41880000 c3080000 424c0000 
sm   0 warp 0 0x800002fc 0x02a34557 v 10 11111111111111111111111111111111 9001007c 90010078 90010074 90010070 9001006c 90010068 90010064 90010060 9001005c 90010058 90010054 90010050 9001004c 90010048 90010044 90010040 9001003c 90010038 90010034 90010030 9001002c 90010028 90010024 90010020 9001001c 90010018 90010014 90010010 9001000c 90010008 90010004 90010000 
sm   0 warp 0 0x80000300 0x0005217b lsu.r v  2 op 3 @ 9001007c 90010078 90010074 90010070 9001006c 90010068 90010064 90010060 9001005c 90010058 90010054 90010050 9001004c 90010048 90010044 90010040 9001003c 90010038 90010034 90010030 9001002c 90010028 90010024 90010020 9001001c 90010018 90010014 90010010 9001000c 90010008 90010004 90010000
sm   0 warp 0 0x80000304 0x90100337 x  6  90100000
sm   0 warp 0 0x80000308 0x5208a557 v 10 11111111111111111111111111111111 0000001f 0000001e 0000001d 0000001c 0000001b 0000001a 00000019 00000018 00000017 00000016 00000015 00000014 00000013 00000012 00000011 00000010 0000000f 0000000e 0000000d 0000000c 0000000b 0000000a 00000009 00000008 00000007 00000006 00000005 00000004 00000003 00000002 00000001 00000000 
sm   0 warp 0 0x80000300 0x0005217b v  2 11111111111111111111111111111111 bf800000 c0000000 c0400000 40400000 40000000 3f800000 00000000 bf800000 40400000 40000000 3f800000 00000000 bf800000 c0000000 c0400000 40400000 00000000 bf800000 c0000000 c0400000 40400000 40000000 3f800000 00000000 c0400000 40400000 40000000 3f800000 00000000 bf800000 c0000000 c0400000 
sm   0 warp 0 0x8000030c 0x96a13557 v 10 11111111111111111111111111111111 0000007c 00000078 00000074 00000070 0000006c 00000068 00000064 00000060 0000005c 00000058 00000054 00000050 0000004c 00000048 00000044 00000040 0000003c 00000038 00000034 00000030 0000002c 00000028 00000024 00000020 0000001c 00000018 00000014 00000010 0000000c 00000008 00000004 00000000 
sm   0 warp 0 0x80000310 0x02a34557 v 10 11111111111111111111111111111111 9010007c 90100078 90100074 90100070 9010006c 90100068 90100064 90100060 9010005c 90100058 90100054 90100050 9010004c 90100048 90100044 90100040 9010003c 90100038 90100034 90100030 9010002c 90100028 90100024 90100020 9010001c 90100018 90100014 90100010 9010000c 90100008 90100004 90100000 
sm   0 warp 0 0x80000314 0x000521fb lsu.r v  3 op 3 @ 9010007c 90100078 90100074 90100070 9010006c 90100068 90100064 90100060 9010005c 90100058 90100054 90100050 9010004c 90100048 90100044 90100040 9010003c 90100038 90100034 90100030 9010002c 90100028 90100024 90100020 9010001c 90100018 90100014 90100010 9010000c 90100008 90100004 90100000
sm   0 warp 0 0x80000314 0x000521fb v  3 11111111111111111111111111111111 3f800000 00000000 bf800000 c0000000 40000000 3f800000 00000000 bf800000 bf800000 c0000000 40000000 3f800000 00000000 bf800000 c0000000 40000000 40000000 3f800000 00000000 bf800000 c0000000 40000000 3f800000 00000000 00000000 bf800000 c0000000 40000000 3f800000 00000000 bf800000 c0000000 
sm   0 warp 0 0x8000031c 0x90010337 x  6  90010000
sm   0 warp 0 0x80000320 0x5208a557 v 10 11111111111111111111111111111111 0000001f 0000001e 0000001d 0000001c 0000001b 0000001a 00000019 00000018 00000017 00000016 00000015 00000014 00000013 00000012 00000011 00000010 0000000f 0000000e 0000000d 0000000c 0000000b 0000000a 00000009 00000008 00000007 00000006 00000005 00000004 00000003 00000002 00000001 00000000 
sm   0 warp 0 0x80000324 0x96a13557 v 10 11111111111111111111111111111111 0000007c 00000078 00000074 00000070 0000006c 00000068 00000064 00000060 0000005c 00000058 00000054 00000050 0000004c 00000048 00000044 00000040 0000003c 00000038 00000034 00000030 0000002c 00000028 00000024 00000020 0000001c 00000018 00000014 00000010 0000000c 00000008 00000004 00000000 
sm   0 warp 0 0x80000318 0x0e31408b v  1 11111111111111111111111111111111 00000000 00000000 00000000 00000000 00000000 00000000 00000000 00000000 00000000 00000000 00000000 00000000 00000000 00000000 00000000 00000000 42100000 c1900000 c3220000 43a20000 c2b40000 43220000 42580000 c3100000 43900000 c3220000 41900000 41900000 c2b40000 41900000 c3100000 42580000 
sm   0 warp 0 0x80000328 0x02a34557 v 10 11111111111111111111111111111111 9001007c 90010078 90010074 90010070 9001006c 90010068 90010064 90010060 9001005c 90010058 90010054 90010050 9001004c 90010048 90010044 90010040 9001003c 90010038 90010034 90010030 9001002c 90010028 90010024 90010020 9001001c 90010018 90010014 90010010 9001000c 90010008 90010004 90010000 
sm   0 warp 0 0x8000032c 0x0005217b lsu.r v  2 op 3 @ 9001007c 90010078 90010074 90010070 9001006c 90010068 90010064 90010060 9001005c 90010058 90010054 90010050 9001004c 90010048 90010044 90010040 9001003c 90010038 90010034 90010030 9001002c 90010028 90010024 90010020 9001001c 90010018 90010014 90010010 9001000c 90010008 90010004 90010000
sm   0 warp 0 0x80000330 0x90100337 x  6  90100000
sm   0 warp 0 0x80000334 0x5208a557 v 10 11111111111111111111111111111111 0000001f 0000001e 0000001d 0000001c 0000001b 0000001a 00000019 00000018 00000017 00000016 00000015 00000014 00000013 00000012 00000011 00000010 0000000f 0000000e 0000000d 0000000c 0000000b 0000000a 00000009 00000008 00000007 00000006 00000005 00000004 00000003 00000002 00000001 00000000 
sm   0 warp 0 0x8000032c 0x0005217b v  2 11111111111111111111111111111111 bf800000 c0000000 c0400000 40400000 40000000 3f800000 00000000 bf800000 40400000 40000000 3f800000 00000000 bf800000 c0000000 c0400000 40400000 00000000 bf800000 c0000000 c0400000 40400000 40000000 3f800000 00000000 c0400000 40400000 40000000 3f800000 00000000 bf800000 c0000000 c0400000 
sm   0 warp 0 0x80000338 0x96a13557 v 10 11111111111111111111111111111111 0000007c 00000078 00000074 00000070 0000006c 00000068 00000064 00000060 0000005c 00000058 00000054 00000050 0000004c 00000048 00000044 00000040 0000003c 00000038 00000034 00000030 0000002c 00000028 00000024 00000020 0000001c 00000018 00000014 00000010 0000000c 00000008 00000004 00000000 
sm   0 warp 0 0x8000033c 0x02a34557 v 10 11111111111111111111111111111111 9010007c 90100078 90100074 90100070 9010006c 90100068 90100064 90100060 9010005c 90100058 90100054 90100050 9010004c 90100048 90100044 90100040 9010003c 90100038 90100034 90100030 9010002c 90100028 90100024 90100020 9010001c 90100018 90100014 90100010 9010000c 90100008 90100004 90100000 
sm   0 warp 0 0x80000340 0x000521fb lsu.r v  3 op 3 @ 9010007c 90100078 90100074 90100070 9010006c 90100068 90100064 90100060 9010005c 90100058 90100054 90100050 9010004c 90100048 90100044 90100040 9010003c 90100038 90100034 90100030 9010002c 90100028 90100024 90100020 9010001c 90100018 90100014 90100010 9010000c 90100008 90100004 90100000
sm   0 warp 0 0x80000340 0x000521fb v  3 11111111111111111111111111111111 3f800000 00000000 bf800000 c0000000 40000000 3f800000 00000000 bf800000 bf800000 c0000000 40000000 3f800000 00000000 bf800000 c0000000 40000000 40000000 3f800000 00000000 bf800000 c0000000 40000000 3f800000 00000000 00000000 bf800000 c0000000 40000000 3f800000 00000000 bf800000 c0000000 
sm   0 warp 0 0x80000348 0x90010337 x  6  90010000
sm   0 warp 0 0x8000034c 0x5208a557 v 10 11111111111111111111111111111111 0000001f 0000001e 0000001d 0000001c 0000001b 0000001a 00000019 00000018 00000017 00000016 00000015 00000014 00000013 00000012 00000011 00000010 0000000f 0000000e 0000000d 0000000c 0000000b 0000000a 00000009 00000008 00000007 00000006 00000005 00000004 00000003 00000002 00000001 00000000 
sm   0 warp 0 0x80000350 0x96a13557 v 10 11111111111111111111111111111111 0000007c 00000078 00000074 00000070 0000006c 00000068 00000064 00000060 0000005c 00000058 00000054 00000050 0000004c 00000048 00000044 00000040 0000003c 00000038 00000034 00000030 0000002c 00000028 00000024 00000020 0000001c 00000018 00000014 00000010 0000000c 00000008 00000004 00000000 
sm   0 warp 0 0x80000344 0x0e31408b v  1 11111111111111111111111111111111 00000000 00000000 00000000 00000000 00000000 00000000 00000000 00000000 00000000 00000000 00000000 00000000 00000000 00000000 00000000 00000000 42180000 c1980000 c32b0000 43ab0000 c2be0000 432b0000 42640000 c3180000 43980000 c32b0000 41980000 41980000 c2be0000 41980000 c3180000 42640000 
sm   0 warp 0 0x80000354 0x02a34557 v 10 11111111111111111111111111111111 9001007c 90010078 90010074 90010070 9001006c 90010068 90010064 90010060 9001005c 90010058 90010054 90010050 9001004c 90010048 90010044 90010040 9001003c 90010038 90010034 90010030 9001002c 90010028 90010024 90010020 9001001c 90010018 90010014 90010010 9001000c 90010008 90010004 90010000 
sm   0 warp 0 0x80000358 0x0005217b lsu.r v  2 op 3 @ 9001007c 90010078 90010074 90010070 9001006c 90010068 90010064 90010060 9001005c 90010058 90010054 90010050 9001004c 90010048 90010044 90010040 9001003c 90010038 90010034 90010030 9001002c 90010028 90010024 90010020 9001001c 90010018 90010014 90010010 9001000c 90010008 90010004 90010000
sm   0 warp 0 0x8000035c 0x90100337 x  6  90100000
sm   0 warp 0 0x80000360 0x5208a557 v 10 11111111111111111111111111111111 0000001f 0000001e 0000001d 0000001c 0000001b 0000001a 00000019 00000018 00000017 00000016 00000015 00000014 00000013 00000012 00000011 00000010 0000000f 0000000e 0000000d 0000000c 0000000b 0000000a 00000009 00000008 00000007 00000006 00000005 00000004 00000003 00000002 00000001 00000000 
[L1C] #   1522 SM 0 CACHE 0 ADDR 80000380
sm   0 warp 0 0x80000358 0x0005217b v  2 11111111111111111111111111111111 bf800000 c0000000 c0400000 40400000 40000000 3f800000 00000000 bf800000 40400000 40000000 3f800000 00000000 bf800000 c0000000 c0400000 40400000 00000000 bf800000 c0000000 c0400000 40400000 40000000 3f800000 00000000 c0400000 40400000 40000000 3f800000 00000000 bf800000 c0000000 c0400000 
sm   0 warp 0 0x80000364 0x96a13557 v 10 11111111111111111111111111111111 0000007c 00000078 00000074 00000070 0000006c 00000068 00000064 00000060 0000005c 00000058 00000054 00000050 0000004c 00000048 00000044 00000040 0000003c 00000038 00000034 00000030 0000002c 00000028 00000024 00000020 0000001c 00000018 00000014 00000010 0000000c 00000008 00000004 00000000 
sm   0 warp 0 0x80000368 0x02a34557 v 10 11111111111111111111111111111111 9010007c 90100078 90100074 90100070 9010006c 90100068 90100064 90100060 9010005c 90100058 90100054 90100050 9010004c 90100048 90100044 90100040 9010003c 90100038 90100034 90100030 9010002c 90100028 90100024 90100020 9010001c 90100018 90100014 90100010 9010000c 90100008 90100004 90100000 
sm   0 warp 0 0x8000036c 0x000521fb lsu.r v  3 op 3 @ 9010007c 90100078 90100074 90100070 9010006c 90100068 90100064 90100060 9010005c 90100058 90100054 90100050 9010004c 90100048 90100044 90100040 9010003c 90100038 90100034 90100030 9010002c 90100028 90100024 90100020 9010001c 90100018 90100014 90100010 9010000c 90100008 90100004 90100000
sm   0 warp 0 0x8000036c 0x000521fb v  3 11111111111111111111111111111111 3f800000 00000000 bf800000 c0000000 40000000 3f800000 00000000 bf800000 bf800000 c0000000 40000000 3f800000 00000000 bf800000 c0000000 40000000 40000000 3f800000 00000000 bf800000 c0000000 40000000 3f800000 00000000 00000000 bf800000 c0000000 40000000 3f800000 00000000 bf800000 c0000000 
sm   0 warp 0 0x80000374 0x90010337 x  6  90010000
sm   0 warp 0 0x80000378 0x5208a557 v 10 11111111111111111111111111111111 0000001f 0000001e 0000001d 0000001c 0000001b 0000001a 00000019 00000018 00000017 00000016 00000015 00000014 00000013 00000012 00000011 00000010 0000000f 0000000e 0000000d 0000000c 0000000b 0000000a 00000009 00000008 00000007 00000006 00000005 00000004 00000003 00000002 00000001 00000000 
sm   0 warp 0 0x8000037c 0x96a13557 v 10 11111111111111111111111111111111 0000007c 00000078 00000074 00000070 0000006c 00000068 00000064 00000060 0000005c 00000058 00000054 00000050 0000004c 00000048 00000044 00000040 0000003c 00000038 00000034 00000030 0000002c 00000028 00000024 00000020 0000001c 00000018 00000014 00000010 0000000c 00000008 00000004 00000000 
sm   0 warp 0 0x80000370 0x0e31408b v  1 11111111111111111111111111111111 00000000 00000000 00000000 00000000 00000000 00000000 00000000 00000000 00000000 00000000 00000000 00000000 00000000 00000000 00000000 00000000 42200000 c1a00000 c3340000 43b40000 c2c80000 43340000 42700000 c3200000 43a00000 c3340000 41a00000 41a00000 c2c80000 41a00000 c3200000 42700000 
sm   0 warp 0 0x80000380 0x02a34557 v 10 11111111111111111111111111111111 9001007c 90010078 90010074 90010070 9001006c 90010068 90010064 90010060 9001005c 90010058 90010054 90010050 9001004c 90010048 90010044 90010040 9001003c 90010038 90010034 90010030 9001002c 90010028 90010024 90010020 9001001c 90010018 90010014 90010010 9001000c 90010008 90010004 90010000 
sm   0 warp 0 0x80000384 0x0005217b lsu.r v  2 op 3 @ 9001007c 90010078 90010074 90010070 9001006c 90010068 90010064 90010060 9001005c 90010058 90010054 90010050 9001004c 90010048 90010044 90010040 9001003c 90010038 90010034 90010030 9001002c 90010028 90010024 90010020 9001001c 90010018 90010014 90010010 9001000c 90010008 90010004 90010000
sm   0 warp 0 0x80000388 0x90100337 x  6  90100000
sm   0 warp 0 0x8000038c 0x5208a557 v 10 11111111111111111111111111111111 0000001f 0000001e 0000001d 0000001c 0000001b 0000001a 00000019 00000018 00000017 00000016 00000015 00000014 00000013 00000012 00000011 00000010 0000000f 0000000e 0000000d 0000000c 0000000b 0000000a 00000009 00000008 00000007 00000006 00000005 00000004 00000003 00000002 00000001 00000000 
sm   0 warp 0 0x80000384 0x0005217b v  2 11111111111111111111111111111111 bf800000 c0000000 c0400000 40400000 40000000 3f800000 00000000 bf800000 40400000 40000000 3f800000 00000000 bf800000 c0000000 c0400000 40400000 00000000 bf800000 c0000000 c0400000 40400000 40000000 3f800000 00000000 c0400000 40400000 40000000 3f800000 00000000 bf800000 c0000000 c0400000 
sm   0 warp 0 0x80000390 0x96a13557 v 10 11111111111111111111111111111111 0000007c 00000078 00000074 00000070 0000006c 00000068 00000064 00000060 0000005c 00000058 00000054 00000050 0000004c 00000048 00000044 00000040 0000003c 00000038 00000034 00000030 0000002c 00000028 00000024 00000020 0000001c 00000018 00000014 00000010 0000000c 00000008 00000004 00000000 
sm   0 warp 0 0x80000394 0x02a34557 v 10 11111111111111111111111111111111 9010007c 90100078 90100074 90100070 9010006c 90100068 90100064 90100060 9010005c 90100058 90100054 90100050 9010004c 90100048 90100044 90100040 9010003c 90100038 90100034 90100030 9010002c 90100028 90100024 90100020 9010001c 90100018 90100014 90100010 9010000c 90100008 90100004 90100000 
sm   0 warp 0 0x80000398 0x000521fb lsu.r v  3 op 3 @ 9010007c 90100078 90100074 90100070 9010006c 90100068 90100064 90100060 9010005c 90100058 90100054 90100050 9010004c 90100048 90100044 90100040 9010003c 90100038 90100034 90100030 9010002c 90100028 90100024 90100020 9010001c 90100018 90100014 90100010 9010000c 90100008 90100004 90100000
sm   0 warp 0 0x80000398 0x000521fb v  3 11111111111111111111111111111111 3f800000 00000000 bf800000 c0000000 40000000 3f800000 00000000 bf800000 bf800000 c0000000 40000000 3f800000 00000000 bf800000 c0000000 40000000 40000000 3f800000 00000000 bf800000 c0000000 40000000 3f800000 00000000 00000000 bf800000 c0000000 40000000 3f800000 00000000 bf800000 c0000000 
sm   0 warp 0 0x800003a0 0x90010337 x  6  90010000
sm   0 warp 0 0x800003a4 0x5208a557 v 10 11111111111111111111111111111111 0000001f 0000001e 0000001d 0000001c 0000001b 0000001a 00000019 00000018 00000017 00000016 00000015 00000014 00000013 00000012 00000011 00000010 0000000f 0000000e 0000000d 0000000c 0000000b 0000000a 00000009 00000008 00000007 00000006 00000005 00000004 00000003 00000002 00000001 00000000 
sm   0 warp 0 0x800003a8 0x96a13557 v 10 11111111111111111111111111111111 0000007c 00000078 00000074 00000070 0000006c 00000068 00000064 00000060 0000005c 00000058 00000054 00000050 0000004c 00000048 00000044 00000040 0000003c 00000038 00000034 00000030 0000002c 00000028 00000024 00000020 0000001c 00000018 00000014 00000010 0000000c 00000008 00000004 00000000 
sm   0 warp 0 0x8000039c 0x0e31408b v  1 11111111111111111111111111111111 00000000 00000000 00000000 00000000 00000000 00000000 00000000 00000000 00000000 00000000 00000000 00000000 00000000 00000000 00000000 00000000 42280000 c1a80000 c33d0000 43bd0000 c2d20000 433d0000 427c0000 c3280000 43a80000 c33d0000 41a80000 41a80000 c2d20000 41a80000 c3280000 427c0000 
sm   0 warp 0 0x800003ac 0x02a34557 v 10 11111111111111111111111111111111 9001007c 90010078 90010074 90010070 9001006c 90010068 90010064 90010060 9001005c 90010058 90010054 90010050 9001004c 90010048 90010044 90010040 9001003c 90010038 90010034 90010030 9001002c 90010028 90010024 90010020 9001001c 90010018 90010014 90010010 9001000c 90010008 90010004 90010000 
sm   0 warp 0 0x800003b0 0x0005217b lsu.r v  2 op 3 @ 9001007c 90010078 90010074 90010070 9001006c 90010068 90010064 90010060 9001005c 90010058 90010054 90010050 9001004c 90010048 90010044 90010040 9001003c 90010038 90010034 90010030 9001002c 90010028 90010024 90010020 9001001c 90010018 90010014 90010010 9001000c 90010008 90010004 90010000
sm   0 warp 0 0x800003b4 0x90100337 x  6  90100000
sm   0 warp 0 0x800003b8 0x5208a557 v 10 11111111111111111111111111111111 0000001f 0000001e 0000001d 0000001c 0000001b 0000001a 00000019 00000018 00000017 00000016 00000015 00000014 00000013 00000012 00000011 00000010 0000000f 0000000e 0000000d 0000000c 0000000b 0000000a 00000009 00000008 00000007 00000006 00000005 00000004 00000003 00000002 00000001 00000000 
sm   0 warp 0 0x800003b0 0x0005217b v  2 11111111111111111111111111111111 bf800000 c0000000 c0400000 40400000 40000000 3f800000 00000000 bf800000 40400000 40000000 3f800000 00000000 bf800000 c0000000 c0400000 40400000 00000000 bf800000 c0000000 c0400000 40400000 40000000 3f800000 00000000 c0400000 40400000 40000000 3f800000 00000000 bf800000 c0000000 c0400000 
sm   0 warp 0 0x800003bc 0x96a13557 v 10 11111111111111111111111111111111 0000007c 00000078 00000074 00000070 0000006c 00000068 00000064 00000060 0000005c 00000058 00000054 00000050 0000004c 00000048 00000044 00000040 0000003c 00000038 00000034 00000030 0000002c 00000028 00000024 00000020 0000001c 00000018 00000014 00000010 0000000c 00000008 00000004 00000000 
sm   0 warp 0 0x800003c0 0x02a34557 v 10 11111111111111111111111111111111 9010007c 90100078 90100074 90100070 9010006c 90100068 90100064 90100060 9010005c 90100058 90100054 90100050 9010004c 90100048 90100044 90100040 9010003c 90100038 90100034 90100030 9010002c 90100028 90100024 90100020 9010001c 90100018 90100014 90100010 9010000c 90100008 90100004 90100000 
sm   0 warp 0 0x800003c4 0x000521fb lsu.r v  3 op 3 @ 9010007c 90100078 90100074 90100070 9010006c 90100068 90100064 90100060 9010005c 90100058 90100054 90100050 9010004c 90100048 90100044 90100040 9010003c 90100038 90100034 90100030 9010002c 90100028 90100024 90100020 9010001c 90100018 90100014 90100010 9010000c 90100008 90100004 90100000
sm   0 warp 0 0x800003c4 0x000521fb v  3 11111111111111111111111111111111 3f800000 00000000 bf800000 c0000000 40000000 3f800000 00000000 bf800000 bf800000 c0000000 40000000 3f800000 00000000 bf800000 c0000000 40000000 40000000 3f800000 00000000 bf800000 c0000000 40000000 3f800000 00000000 00000000 bf800000 c0000000 40000000 3f800000 00000000 bf800000 c0000000 
sm   0 warp 0 0x800003cc 0x90010337 x  6  90010000
sm   0 warp 0 0x800003d0 0x5208a557 v 10 11111111111111111111111111111111 0000001f 0000001e 0000001d 0000001c 0000001b 0000001a 00000019 00000018 00000017 00000016 00000015 00000014 00000013 00000012 00000011 00000010 0000000f 0000000e 0000000d 0000000c 0000000b 0000000a 00000009 00000008 00000007 00000006 00000005 00000004 00000003 00000002 00000001 00000000 
sm   0 warp 0 0x800003d4 0x96a13557 v 10 11111111111111111111111111111111 0000007c 00000078 00000074 00000070 0000006c 00000068 00000064 00000060 0000005c 00000058 00000054 00000050 0000004c 00000048 00000044 00000040 0000003c 00000038 00000034 00000030 0000002c 00000028 00000024 00000020 0000001c 00000018 00000014 00000010 0000000c 00000008 00000004 00000000 
sm   0 warp 0 0x800003c8 0x0e31408b v  1 11111111111111111111111111111111 00000000 00000000 00000000 00000000 00000000 00000000 00000000 00000000 00000000 00000000 00000000 00000000 00000000 00000000 00000000 00000000 42300000 c1b00000 c3460000 43c60000 c2dc0000 43460000 42840000 c3300000 43b00000 c3460000 41b00000 41b00000 c2dc0000 41b00000 c3300000 42840000 
sm   0 warp 0 0x800003d8 0x02a34557 v 10 11111111111111111111111111111111 9001007c 90010078 90010074 90010070 9001006c 90010068 90010064 90010060 9001005c 90010058 90010054 90010050 9001004c 90010048 90010044 90010040 9001003c 90010038 90010034 90010030 9001002c 90010028 90010024 90010020 9001001c 90010018 90010014 90010010 9001000c 90010008 90010004 90010000 
sm   0 warp 0 0x800003dc 0x0005217b lsu.r v  2 op 3 @ 9001007c 90010078 90010074 90010070 9001006c 90010068 90010064 90010060 9001005c 90010058 90010054 90010050 9001004c 90010048 90010044 90010040 9001003c 90010038 90010034 90010030 9001002c 90010028 90010024 90010020 9001001c 90010018 90010014 90010010 9001000c 90010008 90010004 90010000
[L1C] #   1665 SM 0 CACHE 0 ADDR 80000400
sm   0 warp 0 0x800003e0 0x90100337 x  6  90100000
sm   0 warp 0 0x800003e4 0x5208a557 v 10 11111111111111111111111111111111 0000001f 0000001e 0000001d 0000001c 0000001b 0000001a 00000019 00000018 00000017 00000016 00000015 00000014 00000013 00000012 00000011 00000010 0000000f 0000000e 0000000d 0000000c 0000000b 0000000a 00000009 00000008 00000007 00000006 00000005 00000004 00000003 00000002 00000001 00000000 
sm   0 warp 0 0x800003dc 0x0005217b v  2 11111111111111111111111111111111 bf800000 c0000000 c0400000 40400000 40000000 3f800000 00000000 bf800000 40400000 40000000 3f800000 00000000 bf800000 c0000000 c0400000 40400000 00000000 bf800000 c0000000 c0400000 40400000 40000000 3f800000 00000000 c0400000 40400000 40000000 3f800000 00000000 bf800000 c0000000 c0400000 
sm   0 warp 0 0x800003e8 0x96a13557 v 10 11111111111111111111111111111111 0000007c 00000078 00000074 00000070 0000006c 00000068 00000064 00000060 0000005c 00000058 00000054 00000050 0000004c 00000048 00000044 00000040 0000003c 00000038 00000034 00000030 0000002c 00000028 00000024 00000020 0000001c 00000018 00000014 00000010 0000000c 00000008 00000004 00000000 
sm   0 warp 0 0x800003ec 0x02a34557 v 10 11111111111111111111111111111111 9010007c 90100078 90100074 90100070 9010006c 90100068 90100064 90100060 9010005c 90100058 90100054 90100050 9010004c 90100048 90100044 90100040 9010003c 90100038 90100034 90100030 9010002c 90100028 90100024 90100020 9010001c 90100018 90100014 90100010 9010000c 90100008 90100004 90100000 
sm   0 warp 0 0x800003f0 0x000521fb lsu.r v  3 op 3 @ 9010007c 90100078 90100074 90100070 9010006c 90100068 90100064 90100060 9010005c 90100058 90100054 90100050 9010004c 90100048 90100044 90100040 9010003c 90100038 90100034 90100030 9010002c 90100028 90100024 90100020 9010001c 90100018 90100014 90100010 9010000c 90100008 90100004 90100000
sm   0 warp 0 0x800003f0 0x000521fb v  3 11111111111111111111111111111111 3f800000 00000000 bf800000 c0000000 40000000 3f800000 00000000 bf800000 bf800000 c0000000 40000000 3f800000 00000000 bf800000 c0000000 40000000 40000000 3f800000 00000000 bf800000 c0000000 40000000 3f800000 00000000 00000000 bf800000 c0000000 40000000 3f800000 00000000 bf800000 c0000000 
sm   0 warp 0 0x800003f8 0x90010337 x  6  90010000
sm   0 warp 0 0x800003fc 0x5208a557 v 10 11111111111111111111111111111111 0000001f 0000001e 0000001d 0000001c 0000001b 0000001a 00000019 00000018 00000017 00000016 00000015 00000014 00000013 00000012 00000011 00000010 0000000f 0000000e 0000000d 0000000c 0000000b 0000000a 00000009 00000008 00000007 00000006 00000005 00000004 00000003 00000002 00000001 00000000 
sm   0 warp 0 0x80000400 0x96a13557 v 10 11111111111111111111111111111111 0000007c 00000078 00000074 00000070 0000006c 00000068 00000064 00000060 0000005c 00000058 00000054 00000050 0000004c 00000048 00000044 00000040 0000003c 00000038 00000034 00000030 0000002c 00000028 00000024 00000020 0000001c 00000018 00000014 00000010 0000000c 00000008 00000004 00000000 
sm   0 warp 0 0x800003f4 0x0e31408b v  1 11111111111111111111111111111111 00000000 00000000 00000000 00000000 00000000 00000000 00000000 00000000 00000000 00000000 00000000 00000000 00000000 00000000 00000000 00000000 42380000 c1b80000 c34f0000 43cf0000 c2e60000 434f0000 428a0000 c3380000 43b80000 c34f0000 41b80000 41b80000 c2e60000 41b80000 c3380000 428a0000 
sm   0 warp 0 0x80000404 0x02a34557 v 10 11111111111111111111111111111111 9001007c 90010078 90010074 90010070 9001006c 90010068 90010064 90010060 9001005c 90010058 90010054 90010050 9001004c 90010048 90010044 90010040 9001003c 90010038 90010034 90010030 9001002c 90010028 90010024 90010020 9001001c 90010018 90010014 90010010 9001000c 90010008 90010004 90010000 
sm   0 warp 0 0x80000408 0x0005217b lsu.r v  2 op 3 @ 9001007c 90010078 90010074 90010070 9001006c 90010068 90010064 90010060 9001005c 90010058 90010054 90010050 9001004c 90010048 90010044 90010040 9001003c 90010038 90010034 90010030 9001002c 90010028 90010024 90010020 9001001c 90010018 90010014 90010010 9001000c 90010008 90010004 90010000
sm   0 warp 0 0x8000040c 0x90100337 x  6  90100000
sm   0 warp 0 0x80000410 0x5208a557 v 10 11111111111111111111111111111111 0000001f 0000001e 0000001d 0000001c 0000001b 0000001a 00000019 00000018 00000017 00000016 00000015 00000014 00000013 00000012 00000011 00000010 0000000f 0000000e 0000000d 0000000c 0000000b 0000000a 00000009 00000008 00000007 00000006 00000005 00000004 00000003 00000002 00000001 00000000 
sm   0 warp 0 0x80000408 0x0005217b v  2 11111111111111111111111111111111 bf800000 c0000000 c0400000 40400000 40000000 3f800000 00000000 bf800000 40400000 40000000 3f800000 00000000 bf800000 c0000000 c0400000 40400000 00000000 bf800000 c0000000 c0400000 40400000 40000000 3f800000 00000000 c0400000 40400000 40000000 3f800000 00000000 bf800000 c0000000 c0400000 
sm   0 warp 0 0x80000414 0x96a13557 v 10 11111111111111111111111111111111 0000007c 00000078 00000074 00000070 0000006c 00000068 00000064 00000060 0000005c 00000058 00000054 00000050 0000004c 00000048 00000044 00000040 0000003c 00000038 00000034 00000030 0000002c 00000028 00000024 00000020 0000001c 00000018 00000014 00000010 0000000c 00000008 00000004 00000000 
sm   0 warp 0 0x80000418 0x02a34557 v 10 11111111111111111111111111111111 9010007c 90100078 90100074 90100070 9010006c 90100068 90100064 90100060 9010005c 90100058 90100054 90100050 9010004c 90100048 90100044 90100040 9010003c 90100038 90100034 90100030 9010002c 90100028 90100024 90100020 9010001c 90100018 90100014 90100010 9010000c 90100008 90100004 90100000 
sm   0 warp 0 0x8000041c 0x000521fb lsu.r v  3 op 3 @ 9010007c 90100078 90100074 90100070 9010006c 90100068 90100064 90100060 9010005c 90100058 90100054 90100050 9010004c 90100048 90100044 90100040 9010003c 90100038 90100034 90100030 9010002c 90100028 90100024 90100020 9010001c 90100018 90100014 90100010 9010000c 90100008 90100004 90100000
sm   0 warp 0 0x8000041c 0x000521fb v  3 11111111111111111111111111111111 3f800000 00000000 bf800000 c0000000 40000000 3f800000 00000000 bf800000 bf800000 c0000000 40000000 3f800000 00000000 bf800000 c0000000 40000000 40000000 3f800000 00000000 bf800000 c0000000 40000000 3f800000 00000000 00000000 bf800000 c0000000 40000000 3f800000 00000000 bf800000 c0000000 
sm   0 warp 0 0x80000424 0x90010337 x  6  90010000
sm   0 warp 0 0x80000428 0x5208a557 v 10 11111111111111111111111111111111 0000001f 0000001e 0000001d 0000001c 0000001b 0000001a 00000019 00000018 00000017 00000016 00000015 00000014 00000013 00000012 00000011 00000010 0000000f 0000000e 0000000d 0000000c 0000000b 0000000a 00000009 00000008 00000007 00000006 00000005 00000004 00000003 00000002 00000001 00000000 
sm   0 warp 0 0x8000042c 0x96a13557 v 10 11111111111111111111111111111111 0000007c 00000078 00000074 00000070 0000006c 00000068 00000064 00000060 0000005c 00000058 00000054 00000050 0000004c 00000048 00000044 00000040 0000003c 00000038 00000034 00000030 0000002c 00000028 00000024 00000020 0000001c 00000018 00000014 00000010 0000000c 00000008 00000004 00000000 
sm   0 warp 0 0x80000420 0x0e31408b v  1 11111111111111111111111111111111 00000000 00000000 00000000 00000000 00000000 00000000 00000000 00000000 00000000 00000000 00000000 00000000 00000000 00000000 00000000 00000000 42400000 c1c00000 c3580000 43d80000 c2f00000 43580000 42900000 c3400000 43c00000 c3580000 41c00000 41c00000 c2f00000 41c00000 c3400000 42900000 
sm   0 warp 0 0x80000430 0x02a34557 v 10 11111111111111111111111111111111 9001007c 90010078 90010074 90010070 9001006c 90010068 90010064 90010060 9001005c 90010058 90010054 90010050 9001004c 90010048 90010044 90010040 9001003c 90010038 90010034 90010030 9001002c 90010028 90010024 90010020 9001001c 90010018 90010014 90010010 9001000c 90010008 90010004 90010000 
sm   0 warp 0 0x80000434 0x0005217b lsu.r v  2 op 3 @ 9001007c 90010078 90010074 90010070 9001006c 90010068 90010064 90010060 9001005c 90010058 90010054 90010050 9001004c 90010048 90010044 90010040 9001003c 90010038 90010034 90010030 9001002c 90010028 90010024 90010020 9001001c 90010018 90010014 90010010 9001000c 90010008 90010004 90010000
sm   0 warp 0 0x80000438 0x90100337 x  6  90100000
sm   0 warp 0 0x8000043c 0x5208a557 v 10 11111111111111111111111111111111 0000001f 0000001e 0000001d 0000001c 0000001b 0000001a 00000019 00000018 00000017 00000016 00000015 00000014 00000013 00000012 00000011 00000010 0000000f 0000000e 0000000d 0000000c 0000000b 0000000a 00000009 00000008 00000007 00000006 00000005 00000004 00000003 00000002 00000001 00000000 
sm   0 warp 0 0x80000434 0x0005217b v  2 11111111111111111111111111111111 bf800000 c0000000 c0400000 40400000 40000000 3f800000 00000000 bf800000 40400000 40000000 3f800000 00000000 bf800000 c0000000 c0400000 40400000 00000000 bf800000 c0000000 c0400000 40400000 40000000 3f800000 00000000 c0400000 40400000 40000000 3f800000 00000000 bf800000 c0000000 c0400000 
sm   0 warp 0 0x80000440 0x96a13557 v 10 11111111111111111111111111111111 0000007c 00000078 00000074 00000070 0000006c 00000068 00000064 00000060 0000005c 00000058 00000054 00000050 0000004c 00000048 00000044 00000040 0000003c 00000038 00000034 00000030 0000002c 00000028 00000024 00000020 0000001c 00000018 00000014 00000010 0000000c 00000008 00000004 00000000 
sm   0 warp 0 0x80000444 0x02a34557 v 10 11111111111111111111111111111111 9010007c 90100078 90100074 90100070 9010006c 90100068 90100064 90100060 9010005c 90100058 90100054 90100050 9010004c 90100048 90100044 90100040 9010003c 90100038 90100034 90100030 9010002c 90100028 90100024 90100020 9010001c 90100018 90100014 90100010 9010000c 90100008 90100004 90100000 
sm   0 warp 0 0x80000448 0x000521fb lsu.r v  3 op 3 @ 9010007c 90100078 90100074 90100070 9010006c 90100068 90100064 90100060 9010005c 90100058 90100054 90100050 9010004c 90100048 90100044 90100040 9010003c 90100038 90100034 90100030 9010002c 90100028 90100024 90100020 9010001c 90100018 90100014 90100010 9010000c 90100008 90100004 90100000
sm   0 warp 0 0x80000448 0x000521fb v  3 11111111111111111111111111111111 3f800000 00000000 bf800000 c0000000 40000000 3f800000 00000000 bf800000 bf800000 c0000000 40000000 3f800000 00000000 bf800000 c0000000 40000000 40000000 3f800000 00000000 bf800000 c0000000 40000000 3f800000 00000000 00000000 bf800000 c0000000 40000000 3f800000 00000000 bf800000 c0000000 
sm   0 warp 0 0x80000450 0x90010337 x  6  90010000
sm   0 warp 0 0x80000454 0x5208a557 v 10 11111111111111111111111111111111 0000001f 0000001e 0000001d 0000001c 0000001b 0000001a 00000019 00000018 00000017 00000016 00000015 00000014 00000013 00000012 00000011 00000010 0000000f 0000000e 0000000d 0000000c 0000000b 0000000a 00000009 00000008 00000007 00000006 00000005 00000004 00000003 00000002 00000001 00000000 
sm   0 warp 0 0x80000458 0x96a13557 v 10 11111111111111111111111111111111 0000007c 00000078 00000074 00000070 0000006c 00000068 00000064 00000060 0000005c 00000058 00000054 00000050 0000004c 00000048 00000044 00000040 0000003c 00000038 00000034 00000030 0000002c 00000028 00000024 00000020 0000001c 00000018 00000014 00000010 0000000c 00000008 00000004 00000000 
sm   0 warp 0 0x8000044c 0x0e31408b v  1 11111111111111111111111111111111 00000000 00000000 00000000 00000000 00000000 00000000 00000000 00000000 00000000 00000000 00000000 00000000 00000000 00000000 00000000 00000000 42480000 c1c80000 c3610000 43e10000 c2fa0000 43610000 42960000 c3480000 43c80000 c3610000 41c80000 41c80000 c2fa0000 41c80000 c3480000 42960000 
sm   0 warp 0 0x8000045c 0x02a34557 v 10 11111111111111111111111111111111 9001007c 90010078 90010074 90010070 9001006c 90010068 90010064 90010060 9001005c 90010058 90010054 90010050 9001004c 90010048 90010044 90010040 9001003c 90010038 90010034 90010030 9001002c 90010028 90010024 90010020 9001001c 90010018 90010014 90010010 9001000c 90010008 90010004 90010000 
[L1C] #   1807 SM 0 CACHE 0 ADDR 80000480
sm   0 warp 0 0x80000460 0x0005217b lsu.r v  2 op 3 @ 9001007c 90010078 90010074 90010070 9001006c 90010068 90010064 90010060 9001005c 90010058 90010054 90010050 9001004c 90010048 90010044 90010040 9001003c 90010038 90010034 90010030 9001002c 90010028 90010024 90010020 9001001c 90010018 90010014 90010010 9001000c 90010008 90010004 90010000
sm   0 warp 0 0x80000464 0x90100337 x  6  90100000
sm   0 warp 0 0x80000468 0x5208a557 v 10 11111111111111111111111111111111 0000001f 0000001e 0000001d 0000001c 0000001b 0000001a 00000019 00000018 00000017 00000016 00000015 00000014 00000013 00000012 00000011 00000010 0000000f 0000000e 0000000d 0000000c 0000000b 0000000a 00000009 00000008 00000007 00000006 00000005 00000004 00000003 00000002 00000001 00000000 
sm   0 warp 0 0x80000460 0x0005217b v  2 11111111111111111111111111111111 bf800000 c0000000 c0400000 40400000 40000000 3f800000 00000000 bf800000 40400000 40000000 3f800000 00000000 bf800000 c0000000 c0400000 40400000 00000000 bf800000 c0000000 c0400000 40400000 40000000 3f800000 00000000 c0400000 40400000 40000000 3f800000 00000000 bf800000 c0000000 c0400000 
sm   0 warp 0 0x8000046c 0x96a13557 v 10 11111111111111111111111111111111 0000007c 00000078 00000074 00000070 0000006c 00000068 00000064 00000060 0000005c 00000058 00000054 00000050 0000004c 00000048 00000044 00000040 0000003c 00000038 00000034 00000030 0000002c 00000028 00000024 00000020 0000001c 00000018 00000014 00000010 0000000c 00000008 00000004 00000000 
sm   0 warp 0 0x80000470 0x02a34557 v 10 11111111111111111111111111111111 9010007c 90100078 90100074 90100070 9010006c 90100068 90100064 90100060 9010005c 90100058 90100054 90100050 9010004c 90100048 90100044 90100040 9010003c 90100038 90100034 90100030 9010002c 90100028 90100024 90100020 9010001c 90100018 90100014 90100010 9010000c 90100008 90100004 90100000 
sm   0 warp 0 0x80000474 0x000521fb lsu.r v  3 op 3 @ 9010007c 90100078 90100074 90100070 9010006c 90100068 90100064 90100060 9010005c 90100058 90100054 90100050 9010004c 90100048 90100044 90100040 9010003c 90100038 90100034 90100030 9010002c 90100028 90100024 90100020 9010001c 90100018 90100014 90100010 9010000c 90100008 90100004 90100000
sm   0 warp 0 0x80000474 0x000521fb v  3 11111111111111111111111111111111 3f800000 00000000 bf800000 c0000000 40000000 3f800000 00000000 bf800000 bf800000 c0000000 40000000 3f800000 00000000 bf800000 c0000000 40000000 40000000 3f800000 00000000 bf800000 c0000000 40000000 3f800000 00000000 00000000 bf800000 c0000000 40000000 3f800000 00000000 bf800000 c0000000 
sm   0 warp 0 0x8000047c 0x90010337 x  6  90010000
sm   0 warp 0 0x80000480 0x5208a557 v 10 11111111111111111111111111111111 0000001f 0000001e 0000001d 0000001c 0000001b 0000001a 00000019 00000018 00000017 00000016 00000015 00000014 00000013 00000012 00000011 00000010 0000000f 0000000e 0000000d 0000000c 0000000b 0000000a 00000009 00000008 00000007 00000006 00000005 00000004 00000003 00000002 00000001 00000000 
sm   0 warp 0 0x80000484 0x96a13557 v 10 11111111111111111111111111111111 0000007c 00000078 00000074 00000070 0000006c 00000068 00000064 00000060 0000005c 00000058 00000054 00000050 0000004c 00000048 00000044 00000040 0000003c 00000038 00000034 00000030 0000002c 00000028 00000024 00000020 0000001c 00000018 00000014 00000010 0000000c 00000008 00000004 00000000 
sm   0 warp 0 0x80000478 0x0e31408b v  1 11111111111111111111111111111111 00000000 00000000 00000000 00000000 00000000 00000000 00000000 00000000 00000000 00000000 00000000 00000000 00000000 00000000 00000000 00000000 42500000 c1d00000 c36a0000 43ea0000 c3020000 436a0000 429c0000 c3500000 43d00000 c36a0000 41d00000 41d00000 c3020000 41d00000 c3500000 429c0000 
sm   0 warp 0 0x80000488 0x02a34557 v 10 11111111111111111111111111111111 9001007c 90010078 90010074 90010070 9001006c 90010068 90010064 90010060 9001005c 90010058 90010054 90010050 9001004c 90010048 90010044 90010040 9001003c 90010038 90010034 90010030 9001002c 90010028 90010024 90010020 9001001c 90010018 90010014 90010010 9001000c 90010008 90010004 90010000 
sm   0 warp 0 0x8000048c 0x0005217b lsu.r v  2 op 3 @ 9001007c 90010078 90010074 90010070 9001006c 90010068 90010064 90010060 9001005c 90010058 90010054 90010050 9001004c 90010048 90010044 90010040 9001003c 90010038 90010034 90010030 9001002c 90010028 90010024 90010020 9001001c 90010018 90010014 90010010 9001000c 90010008 90010004 90010000
sm   0 warp 0 0x80000490 0x90100337 x  6  90100000
sm   0 warp 0 0x80000494 0x5208a557 v 10 11111111111111111111111111111111 0000001f 0000001e 0000001d 0000001c 0000001b 0000001a 00000019 00000018 00000017 00000016 00000015 00000014 00000013 00000012 00000011 00000010 0000000f 0000000e 0000000d 0000000c 0000000b 0000000a 00000009 00000008 00000007 00000006 00000005 00000004 00000003 00000002 00000001 00000000 
sm   0 warp 0 0x8000048c 0x0005217b v  2 11111111111111111111111111111111 bf800000 c0000000 c0400000 40400000 40000000 3f800000 00000000 bf800000 40400000 40000000 3f800000 00000000 bf800000 c0000000 c0400000 40400000 00000000 bf800000 c0000000 c0400000 40400000 40000000 3f800000 00000000 c0400000 40400000 40000000 3f800000 00000000 bf800000 c0000000 c0400000 
sm   0 warp 0 0x80000498 0x96a13557 v 10 11111111111111111111111111111111 0000007c 00000078 00000074 00000070 0000006c 00000068 00000064 00000060 0000005c 00000058 00000054 00000050 0000004c 00000048 00000044 00000040 0000003c 00000038 00000034 00000030 0000002c 00000028 00000024 00000020 0000001c 00000018 00000014 00000010 0000000c 00000008 00000004 00000000 
sm   0 warp 0 0x8000049c 0x02a34557 v 10 11111111111111111111111111111111 9010007c 90100078 90100074 90100070 9010006c 90100068 90100064 90100060 9010005c 90100058 90100054 90100050 9010004c 90100048 90100044 90100040 9010003c 90100038 90100034 90100030 9010002c 90100028 90100024 90100020 9010001c 90100018 90100014 90100010 9010000c 90100008 90100004 90100000 
sm   0 warp 0 0x800004a0 0x000521fb lsu.r v  3 op 3 @ 9010007c 90100078 90100074 90100070 9010006c 90100068 90100064 90100060 9010005c 90100058 90100054 90100050 9010004c 90100048 90100044 90100040 9010003c 90100038 90100034 90100030 9010002c 90100028 90100024 90100020 9010001c 90100018 90100014 90100010 9010000c 90100008 90100004 90100000
sm   0 warp 0 0x800004a0 0x000521fb v  3 11111111111111111111111111111111 3f800000 00000000 bf800000 c0000000 40000000 3f800000 00000000 bf800000 bf800000 c0000000 40000000 3f800000 00000000 bf800000 c0000000 40000000 40000000 3f800000 00000000 bf800000 c0000000 40000000 3f800000 00000000 00000000 bf800000 c0000000 40000000 3f800000 00000000 bf800000 c0000000 
sm   0 warp 0 0x800004a8 0x90010337 x  6  90010000
sm   0 warp 0 0x800004ac 0x5208a557 v 10 11111111111111111111111111111111 0000001f 0000001e 0000001d 0000001c 0000001b 0000001a 00000019 00000018 00000017 00000016 00000015 00000014 00000013 00000012 00000011 00000010 0000000f 0000000e 0000000d 0000000c 0000000b 0000000a 00000009 00000008 00000007 00000006 00000005 00000004 00000003 00000002 00000001 00000000 
sm   0 warp 0 0x800004b0 0x96a13557 v 10 11111111111111111111111111111111 0000007c 00000078 00000074 00000070 0000006c 00000068 00000064 00000060 0000005c 00000058 00000054 00000050 0000004c 00000048 00000044 00000040 0000003c 00000038 00000034 00000030 0000002c 00000028 00000024 00000020 0000001c 00000018 00000014 00000010 0000000c 00000008 00000004 00000000 
sm   0 warp 0 0x800004a4 0x0e31408b v  1 11111111111111111111111111111111 00000000 00000000 00000000 00000000 00000000 00000000 00000000 00000000 00000000 00000000 00000000 00000000 00000000 00000000 00000000 00000000 42580000 c1d80000 c3730000 43f30000 c3070000 43730000 42a20000 c3580000 43d80000 c3730000 41d80000 41d80000 c3070000 41d80000 c3580000 42a20000 
sm   0 warp 0 0x800004b4 0x02a34557 v 10 11111111111111111111111111111111 9001007c 90010078 90010074 90010070 9001006c 90010068 90010064 90010060 9001005c 90010058 90010054 90010050 9001004c 90010048 90010044 90010040 9001003c 90010038 90010034 90010030 9001002c 90010028 90010024 90010020 9001001c 90010018 90010014 90010010 9001000c 90010008 90010004 90010000 
sm   0 warp 0 0x800004b8 0x0005217b lsu.r v  2 op 3 @ 9001007c 90010078 90010074 90010070 9001006c 90010068 90010064 90010060 9001005c 90010058 90010054 90010050 9001004c 90010048 90010044 90010040 9001003c 90010038 90010034 90010030 9001002c 90010028 90010024 90010020 9001001c 90010018 90010014 90010010 9001000c 90010008 90010004 90010000
sm   0 warp 0 0x800004bc 0x90100337 x  6  90100000
sm   0 warp 0 0x800004c0 0x5208a557 v 10 11111111111111111111111111111111 0000001f 0000001e 0000001d 0000001c 0000001b 0000001a 00000019 00000018 00000017 00000016 00000015 00000014 00000013 00000012 00000011 00000010 0000000f 0000000e 0000000d 0000000c 0000000b 0000000a 00000009 00000008 00000007 00000006 00000005 00000004 00000003 00000002 00000001 00000000 
sm   0 warp 0 0x800004b8 0x0005217b v  2 11111111111111111111111111111111 bf800000 c0000000 c0400000 40400000 40000000 3f800000 00000000 bf800000 40400000 40000000 3f800000 00000000 bf800000 c0000000 c0400000 40400000 00000000 bf800000 c0000000 c0400000 40400000 40000000 3f800000 00000000 c0400000 40400000 40000000 3f800000 00000000 bf800000 c0000000 c0400000 
sm   0 warp 0 0x800004c4 0x96a13557 v 10 11111111111111111111111111111111 0000007c 00000078 00000074 00000070 0000006c 00000068 00000064 00000060 0000005c 00000058 00000054 00000050 0000004c 00000048 00000044 00000040 0000003c 00000038 00000034 00000030 0000002c 00000028 00000024 00000020 0000001c 00000018 00000014 00000010 0000000c 00000008 00000004 00000000 
sm   0 warp 0 0x800004c8 0x02a34557 v 10 11111111111111111111111111111111 9010007c 90100078 90100074 90100070 9010006c 90100068 90100064 90100060 9010005c 90100058 90100054 90100050 9010004c 90100048 90100044 90100040 9010003c 90100038 90100034 90100030 9010002c 90100028 90100024 90100020 9010001c 90100018 90100014 90100010 9010000c 90100008 90100004 90100000 
sm   0 warp 0 0x800004cc 0x000521fb lsu.r v  3 op 3 @ 9010007c 90100078 90100074 90100070 9010006c 90100068 90100064 90100060 9010005c 90100058 90100054 90100050 9010004c 90100048 90100044 90100040 9010003c 90100038 90100034 90100030 9010002c 90100028 90100024 90100020 9010001c 90100018 90100014 90100010 9010000c 90100008 90100004 90100000
sm   0 warp 0 0x800004cc 0x000521fb v  3 11111111111111111111111111111111 3f800000 00000000 bf800000 c0000000 40000000 3f800000 00000000 bf800000 bf800000 c0000000 40000000 3f800000 00000000 bf800000 c0000000 40000000 40000000 3f800000 00000000 bf800000 c0000000 40000000 3f800000 00000000 00000000 bf800000 c0000000 40000000 3f800000 00000000 bf800000 c0000000 
sm   0 warp 0 0x800004d4 0x90010337 x  6  90010000
sm   0 warp 0 0x800004d8 0x5208a557 v 10 11111111111111111111111111111111 0000001f 0000001e 0000001d 0000001c 0000001b 0000001a 00000019 00000018 00000017 00000016 00000015 00000014 00000013 00000012 00000011 00000010 0000000f 0000000e 0000000d 0000000c 0000000b 0000000a 00000009 00000008 00000007 00000006 00000005 00000004 00000003 00000002 00000001 00000000 
sm   0 warp 0 0x800004dc 0x96a13557 v 10 11111111111111111111111111111111 0000007c 00000078 00000074 00000070 0000006c 00000068 00000064 00000060 0000005c 00000058 00000054 00000050 0000004c 00000048 00000044 00000040 0000003c 00000038 00000034 00000030 0000002c 00000028 00000024 00000020 0000001c 00000018 00000014 00000010 0000000c 00000008 00000004 00000000 
[L1C] #   1949 SM 0 CACHE 0 ADDR 80000500
sm   0 warp 0 0x800004d0 0x0e31408b v  1 11111111111111111111111111111111 00000000 00000000 00000000 00000000 00000000 00000000 00000000 00000000 00000000 00000000 00000000 00000000 00000000 00000000 00000000 00000000 42600000 c1e00000 c37c0000 43fc0000 c30c0000 437c0000 42a80000 c3600000 43e00000 c37c0000 41e00000 41e00000 c30c0000 41e00000 c3600000 42a80000 
sm   0 warp 0 0x800004e0 0x02a34557 v 10 11111111111111111111111111111111 9001007c 90010078 90010074 90010070 9001006c 90010068 90010064 90010060 9001005c 90010058 90010054 90010050 9001004c 90010048 90010044 90010040 9001003c 90010038 90010034 90010030 9001002c 90010028 90010024 90010020 9001001c 90010018 90010014 90010010 9001000c 90010008 90010004 90010000 
sm   0 warp 0 0x800004e4 0x0005217b lsu.r v  2 op 3 @ 9001007c 90010078 90010074 90010070 9001006c 90010068 90010064 90010060 9001005c 90010058 90010054 90010050 9001004c 90010048 90010044 90010040 9001003c 90010038 90010034 90010030 9001002c 90010028 90010024 90010020 9001001c 90010018 90010014 90010010 9001000c 90010008 90010004 90010000
sm   0 warp 0 0x800004e8 0x90100337 x  6  90100000
sm   0 warp 0 0x800004ec 0x5208a557 v 10 11111111111111111111111111111111 0000001f 0000001e 0000001d 0000001c 0000001b 0000001a 00000019 00000018 00000017 00000016 00000015 00000014 00000013 00000012 00000011 00000010 0000000f 0000000e 0000000d 0000000c 0000000b 0000000a 00000009 00000008 00000007 00000006 00000005 00000004 00000003 00000002 00000001 00000000 
sm   0 warp 0 0x800004e4 0x0005217b v  2 11111111111111111111111111111111 bf800000 c0000000 c0400000 40400000 40000000 3f800000 00000000 bf800000 40400000 40000000 3f800000 00000000 bf800000 c0000000 c0400000 40400000 00000000 bf800000 c0000000 c0400000 40400000 40000000 3f800000 00000000 c0400000 40400000 40000000 3f800000 00000000 bf800000 c0000000 c0400000 
sm   0 warp 0 0x800004f0 0x96a13557 v 10 11111111111111111111111111111111 0000007c 00000078 00000074 00000070 0000006c 00000068 00000064 00000060 0000005c 00000058 00000054 00000050 0000004c 00000048 00000044 00000040 0000003c 00000038 00000034 00000030 0000002c 00000028 00000024 00000020 0000001c 00000018 00000014 00000010 0000000c 00000008 00000004 00000000 
sm   0 warp 0 0x800004f4 0x02a34557 v 10 11111111111111111111111111111111 9010007c 90100078 90100074 90100070 9010006c 90100068 90100064 90100060 9010005c 90100058 90100054 90100050 9010004c 90100048 90100044 90100040 9010003c 90100038 90100034 90100030 9010002c 90100028 90100024 90100020 9010001c 90100018 90100014 90100010 9010000c 90100008 90100004 90100000 
sm   0 warp 0 0x800004f8 0x000521fb lsu.r v  3 op 3 @ 9010007c 90100078 90100074 90100070 9010006c 90100068 90100064 90100060 9010005c 90100058 90100054 90100050 9010004c 90100048 90100044 90100040 9010003c 90100038 90100034 90100030 9010002c 90100028 90100024 90100020 9010001c 90100018 90100014 90100010 9010000c 90100008 90100004 90100000
sm   0 warp 0 0x800004f8 0x000521fb v  3 11111111111111111111111111111111 3f800000 00000000 bf800000 c0000000 40000000 3f800000 00000000 bf800000 bf800000 c0000000 40000000 3f800000 00000000 bf800000 c0000000 40000000 40000000 3f800000 00000000 bf800000 c0000000 40000000 3f800000 00000000 00000000 bf800000 c0000000 40000000 3f800000 00000000 bf800000 c0000000 
sm   0 warp 0 0x80000500 0x90010337 x  6  90010000
sm   0 warp 0 0x80000504 0x5208a557 v 10 11111111111111111111111111111111 0000001f 0000001e 0000001d 0000001c 0000001b 0000001a 00000019 00000018 00000017 00000016 00000015 00000014 00000013 00000012 00000011 00000010 0000000f 0000000e 0000000d 0000000c 0000000b 0000000a 00000009 00000008 00000007 00000006 00000005 00000004 00000003 00000002 00000001 00000000 
sm   0 warp 0 0x80000508 0x96a13557 v 10 11111111111111111111111111111111 0000007c 00000078 00000074 00000070 0000006c 00000068 00000064 00000060 0000005c 00000058 00000054 00000050 0000004c 00000048 00000044 00000040 0000003c 00000038 00000034 00000030 0000002c 00000028 00000024 00000020 0000001c 00000018 00000014 00000010 0000000c 00000008 00000004 00000000 
sm   0 warp 0 0x800004fc 0x0e31408b v  1 11111111111111111111111111111111 00000000 00000000 00000000 00000000 00000000 00000000 00000000 00000000 00000000 00000000 00000000 00000000 00000000 00000000 00000000 00000000 42680000 c1e80000 c3828000 44028000 c3110000 43828000 42ae0000 c3680000 43e80000 c3828000 41e80000 41e80000 c3110000 41e80000 c3680000 42ae0000 
sm   0 warp 0 0x8000050c 0x02a34557 v 10 11111111111111111111111111111111 9001007c 90010078 90010074 90010070 9001006c 90010068 90010064 90010060 9001005c 90010058 90010054 90010050 9001004c 90010048 90010044 90010040 9001003c 90010038 90010034 90010030 9001002c 90010028 90010024 90010020 9001001c 90010018 90010014 90010010 9001000c 90010008 90010004 90010000 
sm   0 warp 0 0x80000510 0x0005217b lsu.r v  2 op 3 @ 9001007c 90010078 90010074 90010070 9001006c 90010068 90010064 90010060 9001005c 90010058 90010054 90010050 9001004c 90010048 90010044 90010040 9001003c 90010038 90010034 90010030 9001002c 90010028 90010024 90010020 9001001c 90010018 90010014 90010010 9001000c 90010008 90010004 90010000
sm   0 warp 0 0x80000514 0x90100337 x  6  90100000
sm   0 warp 0 0x80000518 0x5208a557 v 10 11111111111111111111111111111111 0000001f 0000001e 0000001d 0000001c 0000001b 0000001a 00000019 00000018 00000017 00000016 00000015 00000014 00000013 00000012 00000011 00000010 0000000f 0000000e 0000000d 0000000c 0000000b 0000000a 00000009 00000008 00000007 00000006 00000005 00000004 00000003 00000002 00000001 00000000 
sm   0 warp 0 0x80000510 0x0005217b v  2 11111111111111111111111111111111 bf800000 c0000000 c0400000 40400000 40000000 3f800000 00000000 bf800000 40400000 40000000 3f800000 00000000 bf800000 c0000000 c0400000 40400000 00000000 bf800000 c0000000 c0400000 40400000 40000000 3f800000 00000000 c0400000 40400000 40000000 3f800000 00000000 bf800000 c0000000 c0400000 
sm   0 warp 0 0x8000051c 0x96a13557 v 10 11111111111111111111111111111111 0000007c 00000078 00000074 00000070 0000006c 00000068 00000064 00000060 0000005c 00000058 00000054 00000050 0000004c 00000048 00000044 00000040 0000003c 00000038 00000034 00000030 0000002c 00000028 00000024 00000020 0000001c 00000018 00000014 00000010 0000000c 00000008 00000004 00000000 
sm   0 warp 0 0x80000520 0x02a34557 v 10 11111111111111111111111111111111 9010007c 90100078 90100074 90100070 9010006c 90100068 90100064 90100060 9010005c 90100058 90100054 90100050 9010004c 90100048 90100044 90100040 9010003c 90100038 90100034 90100030 9010002c 90100028 90100024 90100020 9010001c 90100018 90100014 90100010 9010000c 90100008 90100004 90100000 
sm   0 warp 0 0x80000524 0x000521fb lsu.r v  3 op 3 @ 9010007c 90100078 90100074 90100070 9010006c 90100068 90100064 90100060 9010005c 90100058 90100054 90100050 9010004c 90100048 90100044 90100040 9010003c 90100038 90100034 90100030 9010002c 90100028 90100024 90100020 9010001c 90100018 90100014 90100010 9010000c 90100008 90100004 90100000
sm   0 warp 0 0x80000524 0x000521fb v  3 11111111111111111111111111111111 3f800000 00000000 bf800000 c0000000 40000000 3f800000 00000000 bf800000 bf800000 c0000000 40000000 3f800000 00000000 bf800000 c0000000 40000000 40000000 3f800000 00000000 bf800000 c0000000 40000000 3f800000 00000000 00000000 bf800000 c0000000 40000000 3f800000 00000000 bf800000 c0000000 
sm   0 warp 0 0x8000052c 0x90010337 x  6  90010000
sm   0 warp 0 0x80000530 0x5208a557 v 10 11111111111111111111111111111111 0000001f 0000001e 0000001d 0000001c 0000001b 0000001a 00000019 00000018 00000017 00000016 00000015 00000014 00000013 00000012 00000011 00000010 0000000f 0000000e 0000000d 0000000c 0000000b 0000000a 00000009 00000008 00000007 00000006 00000005 00000004 00000003 00000002 00000001 00000000 
sm   0 warp 0 0x80000534 0x96a13557 v 10 11111111111111111111111111111111 0000007c 00000078 00000074 00000070 0000006c 00000068 00000064 00000060 0000005c 00000058 00000054 00000050 0000004c 00000048 00000044 00000040 0000003c 00000038 00000034 00000030 0000002c 00000028 00000024 00000020 0000001c 00000018 00000014 00000010 0000000c 00000008 00000004 00000000 
sm   0 warp 0 0x80000528 0x0e31408b v  1 11111111111111111111111111111111 00000000 00000000 00000000 00000000 00000000 00000000 00000000 00000000 00000000 00000000 00000000 00000000 00000000 00000000 00000000 00000000 42700000 c1f00000 c3870000 44070000 c3160000 43870000 42b40000 c3700000 43f00000 c3870000 41f00000 41f00000 c3160000 41f00000 c3700000 42b40000 
sm   0 warp 0 0x80000538 0x02a34557 v 10 11111111111111111111111111111111 9001007c 90010078 90010074 90010070 9001006c 90010068 90010064 90010060 9001005c 90010058 90010054 90010050 9001004c 90010048 90010044 90010040 9001003c 90010038 90010034 90010030 9001002c 90010028 90010024 90010020 9001001c 90010018 90010014 90010010 9001000c 90010008 90010004 90010000 
sm   0 warp 0 0x8000053c 0x0005217b lsu.r v  2 op 3 @ 9001007c 90010078 90010074 90010070 9001006c 90010068 90010064 90010060 9001005c 90010058 90010054 90010050 9001004c 90010048 90010044 90010040 9001003c 90010038 90010034 90010030 9001002c 90010028 90010024 90010020 9001001c 90010018 90010014 90010010 9001000c 90010008 90010004 90010000
sm   0 warp 0 0x80000540 0x90100337 x  6  90100000
sm   0 warp 0 0x80000544 0x5208a557 v 10 11111111111111111111111111111111 0000001f 0000001e 0000001d 0000001c 0000001b 0000001a 00000019 00000018 00000017 00000016 00000015 00000014 00000013 00000012 00000011 00000010 0000000f 0000000e 0000000d 0000000c 0000000b 0000000a 00000009 00000008 00000007 00000006 00000005 00000004 00000003 00000002 00000001 00000000 
sm   0 warp 0 0x8000053c 0x0005217b v  2 11111111111111111111111111111111 bf800000 c0000000 c0400000 40400000 40000000 3f800000 00000000 bf800000 40400000 40000000 3f800000 00000000 bf800000 c0000000 c0400000 40400000 00000000 bf800000 c0000000 c0400000 40400000 40000000 3f800000 00000000 c0400000 40400000 40000000 3f800000 00000000 bf800000 c0000000 c0400000 
sm   0 warp 0 0x80000548 0x96a13557 v 10 11111111111111111111111111111111 0000007c 00000078 00000074 00000070 0000006c 00000068 00000064 00000060 0000005c 00000058 00000054 00000050 0000004c 00000048 00000044 00000040 0000003c 00000038 00000034 00000030 0000002c 00000028 00000024 00000020 0000001c 00000018 00000014 00000010 0000000c 00000008 00000004 00000000 
sm   0 warp 0 0x8000054c 0x02a34557 v 10 11111111111111111111111111111111 9010007c 90100078 90100074 90100070 9010006c 90100068 90100064 90100060 9010005c 90100058 90100054 90100050 9010004c 90100048 90100044 90100040 9010003c 90100038 90100034 90100030 9010002c 90100028 90100024 90100020 9010001c 90100018 90100014 90100010 9010000c 90100008 90100004 90100000 
sm   0 warp 0 0x80000550 0x000521fb lsu.r v  3 op 3 @ 9010007c 90100078 90100074 90100070 9010006c 90100068 90100064 90100060 9010005c 90100058 90100054 90100050 9010004c 90100048 90100044 90100040 9010003c 90100038 90100034 90100030 9010002c 90100028 90100024 90100020 9010001c 90100018 90100014 90100010 9010000c 90100008 90100004 90100000
sm   0 warp 0 0x80000550 0x000521fb v  3 11111111111111111111111111111111 3f800000 00000000 bf800000 c0000000 40000000 3f800000 00000000 bf800000 bf800000 c0000000 40000000 3f800000 00000000 bf800000 c0000000 40000000 40000000 3f800000 00000000 bf800000 c0000000 40000000 3f800000 00000000 00000000 bf800000 c0000000 40000000 3f800000 00000000 bf800000 c0000000 
sm   0 warp 0 0x80000558 0x90010337 x  6  90010000
sm   0 warp 0 0x8000055c 0x5208a557 v 10 11111111111111111111111111111111 0000001f 0000001e 0000001d 0000001c 0000001b 0000001a 00000019 00000018 00000017 00000016 00000015 00000014 00000013 00000012 00000011 00000010 0000000f 0000000e 0000000d 0000000c 0000000b 0000000a 00000009 00000008 00000007 00000006 00000005 00000004 00000003 00000002 00000001 00000000 
[L1C] #   2093 SM 0 CACHE 0 ADDR 80000580
sm   0 warp 0 0x80000560 0x96a13557 v 10 11111111111111111111111111111111 0000007c 00000078 00000074 00000070 0000006c 00000068 00000064 00000060 0000005c 00000058 00000054 00000050 0000004c 00000048 00000044 00000040 0000003c 00000038 00000034 00000030 0000002c 00000028 00000024 00000020 0000001c 00000018 00000014 00000010 0000000c 00000008 00000004 00000000 
sm   0 warp 0 0x80000554 0x0e31408b v  1 11111111111111111111111111111111 00000000 00000000 00000000 00000000 00000000 00000000 00000000 00000000 00000000 00000000 00000000 00000000 00000000 00000000 00000000 00000000 42780000 c1f80000 c38b8000 440b8000 c31b0000 438b8000 42ba0000 c3780000 43f80000 c38b8000 41f80000 41f80000 c31b0000 41f80000 c3780000 42ba0000 
sm   0 warp 0 0x80000564 0x02a34557 v 10 11111111111111111111111111111111 9001007c 90010078 90010074 90010070 9001006c 90010068 90010064 90010060 9001005c 90010058 90010054 90010050 9001004c 90010048 90010044 90010040 9001003c 90010038 90010034 90010030 9001002c 90010028 90010024 90010020 9001001c 90010018 90010014 90010010 9001000c 90010008 90010004 90010000 
sm   0 warp 0 0x80000568 0x0005217b lsu.r v  2 op 3 @ 9001007c 90010078 90010074 90010070 9001006c 90010068 90010064 90010060 9001005c 90010058 90010054 90010050 9001004c 90010048 90010044 90010040 9001003c 90010038 90010034 90010030 9001002c 90010028 90010024 90010020 9001001c 90010018 90010014 90010010 9001000c 90010008 90010004 90010000
sm   0 warp 0 0x8000056c 0x90100337 x  6  90100000
sm   0 warp 0 0x80000570 0x5208a557 v 10 11111111111111111111111111111111 0000001f 0000001e 0000001d 0000001c 0000001b 0000001a 00000019 00000018 00000017 00000016 00000015 00000014 00000013 00000012 00000011 00000010 0000000f 0000000e 0000000d 0000000c 0000000b 0000000a 00000009 00000008 00000007 00000006 00000005 00000004 00000003 00000002 00000001 00000000 
sm   0 warp 0 0x80000568 0x0005217b v  2 11111111111111111111111111111111 bf800000 c0000000 c0400000 40400000 40000000 3f800000 00000000 bf800000 40400000 40000000 3f800000 00000000 bf800000 c0000000 c0400000 40400000 00000000 bf800000 c0000000 c0400000 40400000 40000000 3f800000 00000000 c0400000 40400000 40000000 3f800000 00000000 bf800000 c0000000 c0400000 
sm   0 warp 0 0x80000574 0x96a13557 v 10 11111111111111111111111111111111 0000007c 00000078 00000074 00000070 0000006c 00000068 00000064 00000060 0000005c 00000058 00000054 00000050 0000004c 00000048 00000044 00000040 0000003c 00000038 00000034 00000030 0000002c 00000028 00000024 00000020 0000001c 00000018 00000014 00000010 0000000c 00000008 00000004 00000000 
sm   0 warp 0 0x80000578 0x02a34557 v 10 11111111111111111111111111111111 9010007c 90100078 90100074 90100070 9010006c 90100068 90100064 90100060 9010005c 90100058 90100054 90100050 9010004c 90100048 90100044 90100040 9010003c 90100038 90100034 90100030 9010002c 90100028 90100024 90100020 9010001c 90100018 90100014 90100010 9010000c 90100008 90100004 90100000 
sm   0 warp 0 0x8000057c 0x000521fb lsu.r v  3 op 3 @ 9010007c 90100078 90100074 90100070 9010006c 90100068 90100064 90100060 9010005c 90100058 90100054 90100050 9010004c 90100048 90100044 90100040 9010003c 90100038 90100034 90100030 9010002c 90100028 90100024 90100020 9010001c 90100018 90100014 90100010 9010000c 90100008 90100004 90100000
sm   0 warp 0 0x8000057c 0x000521fb v  3 11111111111111111111111111111111 3f800000 00000000 bf800000 c0000000 40000000 3f800000 00000000 bf800000 bf800000 c0000000 40000000 3f800000 00000000 bf800000 c0000000 40000000 40000000 3f800000 00000000 bf800000 c0000000 40000000 3f800000 00000000 00000000 bf800000 c0000000 40000000 3f800000 00000000 bf800000 c0000000 
sm   0 warp 0 0x80000584 0x90002337 x  6  90002000
sm   0 warp 0 0x80000588 0x5208a557 v 10 11111111111111111111111111111111 0000001f 0000001e 0000001d 0000001c 0000001b 0000001a 00000019 00000018 00000017 00000016 00000015 00000014 00000013 00000012 00000011 00000010 0000000f 0000000e 0000000d 0000000c 0000000b 0000000a 00000009 00000008 00000007 00000006 00000005 00000004 00000003 00000002 00000001 00000000 
sm   0 warp 0 0x8000058c 0x96a13557 v 10 11111111111111111111111111111111 0000007c 00000078 00000074 00000070 0000006c 00000068 00000064 00000060 0000005c 00000058 00000054 00000050 0000004c 00000048 00000044 00000040 0000003c 00000038 00000034 00000030 0000002c 00000028 00000024 00000020 0000001c 00000018 00000014 00000010 0000000c 00000008 00000004 00000000 
sm   0 warp 0 0x80000580 0x0e31408b v  1 11111111111111111111111111111111 00000000 00000000 00000000 00000000 00000000 00000000 00000000 00000000 00000000 00000000 00000000 00000000 00000000 00000000 00000000 00000000 42800000 c2000000 c3900000 44100000 c3200000 43900000 42c00000 c3800000 44000000 c3900000 42000000 42000000 c3200000 42000000 c3800000 42c00000 
sm   0 warp 0 0x80000590 0x02a34557 v 10 11111111111111111111111111111111 9000207c 90002078 90002074 90002070 9000206c 90002068 90002064 90002060 9000205c 90002058 90002054 90002050 9000204c 90002048 90002044 90002040 9000203c 90002038 90002034 90002030 9000202c 90002028 90002024 90002020 9000201c 90002018 90002014 90002010 9000200c 90002008 90002004 90002000 
sm   0 warp 0 0x80000594 0x0015607b lsu.w v  1 op 3 mask 11111111111111111111111111111111 00000000 00000000 00000000 00000000 00000000 00000000 00000000 00000000 00000000 00000000 00000000 00000000 00000000 00000000 00000000 00000000 42800000 c2000000 c3900000 44100000 c3200000 43900000 42c00000 c3800000 44000000 c3900000 42000000 42000000 c3200000 42000000 c3800000 42c00000 @ 9000207c 90002078 90002074 90002070 9000206c 90002068 90002064 90002060 9000205c 90002058 90002054 90002050 9000204c 90002048 90002044 90002040 9000203c 90002038 90002034 90002030 9000202c 90002028 90002024 90002020 9000201c 90002018 90002014 90002010 9000200c 90002008 90002004 90002000
sm   0 warp 0 0x80000598 0x0000400b endprg
[L1C] #   2159 SM 0 CACHE 1 ADDR 90002000
sm   0 warp 0 0x80000594 0x0015607b lsu.w finish
[L1C] #   2176 SM 0 CACHE 1 ADDR 9d0f7f80
[L1C] #   3207 SM 0 CACHE 1 ADDR 9d0f7f80
