[L1C] #    525 SM 0 CACHE 0 ADDR 80000000
sm   0 warp 0 0x80000000 0x2e1080d7 v  1 11111111111111111111111111111111 00000000 00000000 00000000 00000000 00000000 00000000 00000000 00000000 00000000 00000000 00000000 00000000 00000000 00000000 00000000 00000000 00000000 00000000 00000000 00000000 00000000 00000000 00000000 00000000 00000000 00000000 00000000 00000000 00000000 00000000 00000000 00000000 
sm   0 warp 0 0x80000004 0x90010337 x  6  90010000
sm   0 warp 0 0x80000008 0x5208a557 v 10 11111111111111111111111111111111 0000001f 0000001e 0000001d 0000001c 0000001b 0000001a 00000019 00000018 00000017 00000016 00000015 00000014 00000013 00000012 00000011 00000010 0000000f 0000000e 0000000d 0000000c 0000000b 0000000a 00000009 00000008 00000007 00000006 00000005 00000004 00000003 00000002 00000001 00000000 
sm   0 warp 0 0x8000000c 0x96a13557 v 10 11111111111111111111111111111111 0000007c 00000078 00000074 00000070 0000006c 00000068 00000064 00000060 0000005c 00000058 00000054 00000050 0000004c 00000048 00000044 00000040 0000003c 00000038 00000034 00000030 0000002c 00000028 00000024 00000020 0000001c 00000018 00000014 00000010 0000000c 00000008 00000004 00000000 
sm   0 warp 0 0x80000010 0x02a34557 v 10 11111111111111111111111111111111 9001007c 90010078 90010074 90010070 9001006c 90010068 90010064 90010060 9001005c 90010058 90010054 90010050 9001004c 90010048 90010044 90010040 9001003c 90010038 90010034 90010030 9001002c 90010028 90010024 90010020 9001001c 90010018 90010014 90010010 9001000c 90010008 90010004 90010000 
sm   0 warp 0 0x80000014 0x0005217b lsu.r v  2 op 3 @ 9001007c 90010078 90010074 90010070 9001006c 90010068 90010064 90010060 9001005c 90010058 90010054 90010050 9001004c 90010048 90010044 90010040 9001003c 90010038 90010034 90010030 9001002c 90010028 90010024 90010020 9001001c 90010018 90010014 90010010 9001000c 90010008 90010004 90010000
sm   0 warp 0 0x80000018 0x90100337 x  6  90100000
sm   0 warp 0 0x8000001c 0x5208a557 v 10 11111111111111111111111111111111 0000001f 0000001e 0000001d 0000001c 0000001b 0000001a 00000019 00000018 00000017 00000016 00000015 00000014 00000013 00000012 00000011 00000010 0000000f 0000000e 0000000d 0000000c 0000000b 0000000a 00000009 00000008 00000007 00000006 00000005 00000004 00000003 00000002 00000001 00000000 
[L1C] #    574 SM 0 CACHE 1 ADDR 90010000
sm   0 warp 0 0x80000020 0x96a13557 v 10 11111111111111111111111111111111 0000007c 00000078 00000074 00000070 0000006c 00000068 00000064 00000060 0000005c 00000058 00000054 00000050 0000004c 00000048 00000044 00000040 0000003c 00000038 00000034 00000030 0000002c 00000028 00000024 00000020 0000001c 00000018 00000014 00000010 0000000c 00000008 00000004 00000000 
sm   0 warp 0 0x80000024 0x02a34557 v 10 11111111111111111111111111111111 9010007c 90100078 90100074 90100070 9010006c 90100068 90100064 90100060 9010005c 90100058 90100054 90100050 9010004c 90100048 90100044 90100040 9010003c 90100038 90100034 90100030 9010002c 90100028 90100024 90100020 9010001c 90100018 90100014 90100010 9010000c 90100008 90100004 90100000 
sm   0 warp 0 0x80000028 0x000521fb lsu.r v  3 op 3 @ 9010007c 90100078 90100074 90100070 9010006c 90100068 90100064 90100060 9010005c 90100058 90100054 90100050 9010004c 90100048 90100044 90100040 9010003c 90100038 90100034 90100030 9010002c 90100028 90100024 90100020 9010001c 90100018 90100014 90100010 9010000c 90100008 90100004 90100000
sm   0 warp 0 0x80000014 0x0005217b v  2 11111111111111111111111111111111 bf800000 c0000000 c0400000 40400000 40000000 3f800000 00000000 bf800000 40400000 40000000 3f800000 00000000 bf800000 c0000000 c0400000 40400000 00000000 bf800000 c0000000 c0400000 40400000 40000000 3f800000 00000000 c0400000 40400000 40000000 3f800000 00000000 bf800000 c0000000 c0400000 
[L1C] #    593 SM 0 CACHE 1 ADDR 90100000
sm   0 warp 0 0x80000028 0x000521fb v  3 11111111111111111111111111111111 3f800000 00000000 bf800000 c0000000 40000000 3f800000 00000000 bf800000 bf800000 c0000000 40000000 3f800000 00000000 bf800000 c0000000 40000000 40000000 3f800000 00000000 bf800000 c0000000 40000000 3f800000 00000000 00000000 bf800000 c0000000 40000000 3f800000 00000000 bf800000 c0000000 
sm   0 warp 0 0x8000002c 0x0e31408b v  1 11111111111111111111111111111111 00000000 00000000 00000000 00000000 00000000 00000000 00000000 00000000 00000000 00000000 00000000 00000000 00000000 00000000 00000000 00000000 40000000 bf800000 c1100000 41900000 c0a00000 41100000 40400000 c1000000 41800000 c1100000 3f800000 3f800000 c0a00000 3f800000 c1000000 40400000 
sm   0 warp 0 0x80000030 0x0e31408b v  1 11111111111111111111111111111111 00000000 00000000 00000000 00000000 00000000 00000000 00000000 00000000 00000000 00000000 00000000 00000000 00000000 00000000 00000000 00000000 40800000 c0000000 c1900000 42100000 c1200000 41900000 40c00000 c1800000 42000000 c1900000 40000000 40000000 c1200000 40000000 c1800000 40c00000 
sm   0 warp 0 0x80000034 0x0e31408b v  1 11111111111111111111111111111111 00000000 00000000 00000000 00000000 00000000 00000000 00000000 00000000 00000000 00000000 00000000 00000000 00000000 00000000 00000000 00000000 40c00000 c0400000 c1d80000 42580000 c1700000 41d80000 41100000 c1c00000 42400000 c1d80000 40400000 40400000 c1700000 40400000 c1c00000 41100000 
sm   0 warp 0 0x80000038 0x0e31408b v  1 11111111111111111111111111111111 00000000 00000000 00000000 00000000 00000000 00000000 00000000 00000000 00000000 00000000 00000000 00000000 00000000 00000000 00000000 00000000 41000000 c0800000 c2100000 42900000 c1a00000 42100000 41400000 c2000000 42800000 c2100000 40800000 40800000 c1a00000 40800000 c2000000 41400000 
sm   0 warp 0 0x8000003c 0x0e31408b v  1 11111111111111111111111111111111 00000000 00000000 00000000 00000000 00000000 00000000 00000000 00000000 00000000 00000000 00000000 00000000 00000000 00000000 00000000 00000000 41200000 c0a00000 c2340000 42b40000 c1c80000 42340000 41700000 c2200000 42a00000 c2340000 40a00000 40a00000 c1c80000 40a00000 c2200000 41700000 
sm   0 warp 0 0x80000040 0x0e31408b v  1 11111111111111111111111111111111 00000000 00000000 00000000 00000000 00000000 00000000 00000000 00000000 00000000 00000000 00000000 00000000 00000000 00000000 00000000 00000000 41400000 c0c00000 c2580000 42d80000 c1f00000 42580000 41900000 c2400000 42c00000 c2580000 40c00000 40c00000 c1f00000 40c00000 c2400000 41900000 
sm   0 warp 0 0x80000044 0x0e31408b v  1 11111111111111111111111111111111 00000000 00000000 00000000 00000000 00000000 00000000 00000000 00000000 00000000 00000000 00000000 00000000 00000000 00000000 00000000 00000000 41600000 c0e00000 c27c0000 42fc0000 c20c0000 427c0000 41a80000 c2600000 42e00000 c27c0000 40e00000 40e00000 c20c0000 40e00000 c2600000 41a80000 
sm   0 warp 0 0x80000048 0x0e31408b v  1 11111111111111111111111111111111 00000000 00000000 00000000 00000000 00000000 00000000 00000000 00000000 00000000 00000000 00000000 00000000 00000000 00000000 00000000 00000000 41800000 c1000000 c2900000 43100000 c2200000 42900000 41c00000 c2800000 43000000 c2900000 41000000 41000000 c2200000 41000000 c2800000 41c00000 
sm   0 warp 0 0x8000004c 0x0e31408b v  1 11111111111111111111111111111111 00000000 00000000 00000000 00000000 00000000 00000000 00000000 00000000 00000000 00000000 00000000 00000000 00000000 00000000 00000000 00000000 41900000 c1100000 c2a20000 43220000 c2340000 42a20000 41d80000 c2900000 43100000 c2a20000 41100000 41100000 c2340000 41100000 c2900000 41d80000 
sm   0 warp 0 0x80000050 0x0e31408b v  1 11111111111111111111111111111111 00000000 00000000 00000000 00000000 00000000 00000000 00000000 00000000 00000000 00000000 00000000 00000000 00000000 00000000 00000000 00000000 41a00000 c1200000 c2b40000 43340000 c2480000 42b40000 41f00000 c2a00000 43200000 c2b40000 41200000 41200000 c2480000 41200000 c2a00000 41f00000 
sm   0 warp 0 0x80000054 0x0e31408b v  1 11111111111111111111111111111111 00000000 00000000 00000000 00000000 00000000 00000000 00000000 00000000 00000000 00000000 00000000 00000000 00000000 00000000 00000000 00000000 41b00000 c1300000 c2c60000 43460000 c25c0000 42c60000 42040000 c2b00000 43300000 c2c60000 41300000 41300000 c25c0000 41300000 c2b00000 42040000 
sm   0 warp 0 0x80000058 0x0e31408b v  1 11111111111111111111111111111111 00000000 00000000 00000000 00000000 00000000 00000000 00000000 00000000 00000000 00000000 00000000 00000000 00000000 00000000 00000000 00000000 41c00000 c1400000 c2d80000 43580000 c2700000 42d80000 42100000 c2c00000 43400000 c2d80000 41400000 41400000 c2700000 41400000 c2c00000 42100000 
[L1C] #    809 SM 0 CACHE 0 ADDR 80000080
sm   0 warp 0 0x8000005c 0x0e31408b v  1 11111111111111111111111111111111 00000000 00000000 00000000 00000000 00000000 00000000 00000000 00000000 00000000 00000000 00000000 00000000 00000000 00000000 00000000 00000000 41d00000 c1500000 c2ea0000 436a0000 c2820000 42ea0000 421c0000 c2d00000 43500000 c2ea0000 41500000 41500000 c2820000 41500000 c2d00000 421c0000 
sm   0 warp 0 0x80000060 0x0e31408b v  1 11111111111111111111111111111111 00000000 00000000 00000000 00000000 00000000 00000000 00000000 00000000 00000000 00000000 00000000 00000000 00000000 00000000 00000000 00000000 41e00000 c1600000 c2fc0000 437c0000 c28c0000 42fc0000 42280000 c2e00000 43600000 c2fc0000 41600000 41600000 c28c0000 41600000 c2e00000 42280000 
sm   0 warp 0 0x80000064 0x0e31408b v  1 11111111111111111111111111111111 00000000 00000000 00000000 00000000 00000000 00000000 00000000 00000000 00000000 00000000 00000000 00000000 00000000 00000000 00000000 00000000 41f00000 c1700000 c3070000 43870000 c2960000 43070000 42340000 c2f00000 43700000 c3070000 41700000 41700000 c2960000 41700000 c2f00000 42340000 
sm   0 warp 0 0x80000068 0x0e31408b v  1 11111111111111111111111111111111 00000000 00000000 00000000 00000000 00000000 00000000 00000000 00000000 00000000 00000000 00000000 00000000 00000000 00000000 00000000 00000000 42000000 c1800000 c3100000 43900000 c2a00000 43100000 42400000 c3000000 43800000 c3100000 41800000 41800000 c2a00000 41800000 c3000000 42400000 
sm   0 warp 0 0x8000006c 0x0e31408b v  1 11111111111111111111111111111111 00000000 00000000 00000000 00000000 00000000 00000000 00000000 00000000 00000000 00000000 00000000 00000000 00000000 00000000 00000000 00000000 42080000 c1880000 c3190000 43990000 c2aa0000 43190000 424c0000 c3080000 43880000 c3190000 41880000 41880000 c2aa0000 41880000 c3080000 424c0000 
sm   0 warp 0 0x80000070 0x0e31408b v  1 11111111111111111111111111111111 00000000 00000000 00000000 00000000 00000000 00000000 00000000 00000000 00000000 00000000 00000000 00000000 00000000 00000000 00000000 00000000 42100000 c1900000 c3220000 43a20000 c2b40000 43220000 42580000 c3100000 43900000 c3220000 41900000 41900000 c2b40000 41900000 c3100000 42580000 
sm   0 warp 0 0x80000074 0x0e31408b v  1 11111111111111111111111111111111 00000000 00000000 00000000 00000000 00000000 00000000 00000000 00000000 00000000 00000000 00000000 00000000 00000000 00000000 00000000 00000000 42180000 c1980000 c32b0000 43ab0000 c2be0000 432b0000 42640000 c3180000 43980000 c32b0000 41980000 41980000 c2be0000 41980000 c3180000 42640000 
sm   0 warp 0 0x80000078 0x0e31408b v  1 11111111111111111111111111111111 00000000 00000000 00000000 00000000 00000000 00000000 00000000 00000000 00000000 00000000 00000000 00000000 00000000 00000000 00000000 00000000 42200000 c1a00000 c3340000 43b40000 c2c80000 43340000 42700000 c3200000 43a00000 c3340000 41a00000 41a00000 c2c80000 41a00000 c3200000 42700000 
sm   0 warp 0 0x8000007c 0x0e31408b v  1 11111111111111111111111111111111 00000000 00000000 00000000 00000000 00000000 00000000 00000000 00000000 00000000 00000000 00000000 00000000 00000000 00000000 00000000 00000000 42280000 c1a80000 c33d0000 43bd0000 c2d20000 433d0000 427c0000 c3280000 43a80000 c33d0000 41a80000 41a80000 c2d20000 41a80000 c3280000 427c0000 
sm   0 warp 0 0x80000080 0x0e31408b v  1 11111111111111111111111111111111 00000000 00000000 00000000 00000000 00000000 00000000 00000000 00000000 00000000 00000000 00000000 00000000 00000000 00000000 00000000 00000000 42300000 c1b00000 c3460000 43c60000 c2dc0000 43460000 42840000 c3300000 43b00000 c3460000 41b00000 41b00000 c2dc0000 41b00000 c3300000 42840000 
sm   0 warp 0 0x80000084 0x0e31408b v  1 11111111111111111111111111111111 00000000 00000000 00000000 00000000 00000000 00000000 00000000 00000000 00000000 00000000 00000000 00000000 00000000 00000000 00000000 00000000 42380000 c1b80000 c34f0000 43cf0000 c2e60000 434f0000 428a0000 c3380000 43b80000 c34f0000 41b80000 41b80000 c2e60000 41b80000 c3380000 428a0000 
sm   0 warp 0 0x80000088 0x0e31408b v  1 11111111111111111111111111111111 00000000 00000000 00000000 00000000 00000000 00000000 00000000 00000000 00000000 00000000 00000000 00000000 00000000 00000000 00000000 00000000 42400000 c1c00000 c3580000 43d80000 c2f00000 43580000 42900000 c3400000 43c00000 c3580000 41c00000 41c00000 c2f00000 41c00000 c3400000 42900000 
sm   0 warp 0 0x8000008c 0x0e31408b v  1 11111111111111111111111111111111 00000000 00000000 00000000 00000000 00000000 00000000 00000000 00000000 00000000 00000000 00000000 00000000 00000000 00000000 00000000 00000000 42480000 c1c80000 c3610000 43e10000 c2fa0000 43610000 42960000 c3480000 43c80000 c3610000 41c80000 41c80000 c2fa0000 41c80000 c3480000 42960000 
sm   0 warp 0 0x80000090 0x0e31408b v  1 11111111111111111111111111111111 00000000 00000000 00000000 00000000 00000000 00000000 00000000 00000000 00000000 00000000 00000000 00000000 00000000 00000000 00000000 00000000 42500000 c1d00000 c36a0000 43ea0000 c3020000 436a0000 429c0000 c3500000 43d00000 c36a0000 41d00000 41d00000 c3020000 41d00000 c3500000 429c0000 
sm   0 warp 0 0x80000094 0x0e31408b v  1 11111111111111111111111111111111 00000000 00000000 00000000 00000000 00000000 00000000 00000000 00000000 00000000 00000000 00000000 00000000 00000000 00000000 00000000 00000000 42580000 c1d80000 c3730000 43f30000 c3070000 43730000 42a20000 c3580000 43d80000 c3730000 41d80000 41d80000 c3070000 41d80000 c3580000 42a20000 
sm   0 warp 0 0x80000098 0x0e31408b v  1 11111111111111111111111111111111 00000000 00000000 00000000 00000000 00000000 00000000 00000000 00000000 00000000 00000000 00000000 00000000 00000000 00000000 00000000 00000000 42600000 c1e00000 c37c0000 43fc0000 c30c0000 437c0000 42a80000 c3600000 43e00000 c37c0000 41e00000 41e00000 c30c0000 41e00000 c3600000 42a80000 
sm   0 warp 0 0x8000009c 0x0e31408b v  1 11111111111111111111111111111111 00000000 00000000 00000000 00000000 00000000 00000000 00000000 00000000 00000000 00000000 00000000 00000000 00000000 00000000 00000000 00000000 42680000 c1e80000 c3828000 44028000 c3110000 43828000 42ae0000 c3680000 43e80000 c3828000 41e80000 41e80000 c3110000 41e80000 c3680000 42ae0000 
sm   0 warp 0 0x800000a0 0x0e31408b v  1 11111111111111111111111111111111 00000000 00000000 00000000 00000000 00000000 00000000 00000000 00000000 00000000 00000000 00000000 00000000 00000000 00000000 00000000 00000000 42700000 c1f00000 c3870000 44070000 c3160000 43870000 42b40000 c3700000 43f00000 c3870000 41f00000 41f00000 c3160000 41f00000 c3700000 42b40000 
sm   0 warp 0 0x800000a4 0x0e31408b v  1 11111111111111111111111111111111 00000000 00000000 00000000 00000000 00000000 00000000 00000000 00000000 00000000 00000000 00000000 00000000 00000000 00000000 00000000 00000000 42780000 c1f80000 c38b8000 440b8000 c31b0000 438b8000 42ba0000 c3780000 43f80000 c38b8000 41f80000 41f80000 c31b0000 41f80000 c3780000 42ba0000 
sm   0 warp 0 0x800000ac 0x90002337 x  6  90002000
sm   0 warp 0 0x800000b0 0x5208a557 v 10 11111111111111111111111111111111 0000001f 0000001e 0000001d 0000001c 0000001b 0000001a 00000019 00000018 00000017 00000016 00000015 00000014 00000013 00000012 00000011 00000010 0000000f 0000000e 0000000d 0000000c 0000000b 0000000a 00000009 00000008 00000007 00000006 00000005 00000004 00000003 00000002 00000001 00000000 
sm   0 warp 0 0x800000b4 0x96a13557 v 10 11111111111111111111111111111111 0000007c 00000078 00000074 00000070 0000006c 00000068 00000064 00000060 0000005c 00000058 00000054 00000050 0000004c 00000048 00000044 00000040 0000003c 00000038 00000034 00000030 0000002c 00000028 00000024 00000020 0000001c 00000018 00000014 00000010 0000000c 00000008 00000004 00000000 
sm   0 warp 0 0x800000a8 0x0e31408b v  1 11111111111111111111111111111111 00000000 00000000 00000000 00000000 00000000 00000000 00000000 00000000 00000000 00000000 00000000 00000000 00000000 00000000 00000000 00000000 42800000 c2000000 c3900000 44100000 c3200000 43900000 42c00000 c3800000 44000000 c3900000 42000000 42000000 c3200000 42000000 c3800000 42c00000 
sm   0 warp 0 0x800000b8 0x02a34557 v 10 11111111111111111111111111111111 9000207c 90002078 90002074 90002070 9000206c 90002068 90002064 90002060 9000205c 90002058 90002054 90002050 9000204c 90002048 90002044 90002040 9000203c 90002038 90002034 90002030 9000202c 90002028 90002024 90002020 9000201c 90002018 90002014 90002010 9000200c 90002008 90002004 90002000 
sm   0 warp 0 0x800000bc 0x0015607b lsu.w v  1 op 3 mask 11111111111111111111111111111111 00000000 00000000 00000000 00000000 00000000 00000000 00000000 00000000 00000000 00000000 00000000 00000000 00000000 00000000 00000000 00000000 42800000 c2000000 c3900000 44100000 c3200000 43900000 42c00000 c3800000 44000000 c3900000 42000000 42000000 c3200000 42000000 c3800000 42c00000 @ 9000207c 90002078 90002074 90002070 9000206c 90002068 90002064 90002060 9000205c 90002058 90002054 90002050 9000204c 90002048 90002044 90002040 9000203c 90002038 90002034 90002030 9000202c 90002028 90002024 90002020 9000201c 90002018 90002014 90002010 9000200c 90002008 90002004 90002000
sm   0 warp 0 0x800000c0 0x000002b7 x  5  00000000
[L1C] #   1136 SM 0 CACHE 1 ADDR 90002000
sm   0 warp 0 0x800000bc 0x0015607b lsu.w finish
sm   0 warp 0 0x800000c4 0x5e02cfd7 v 31 11111111111111111111111111111111 00000000 00000000 00000000 00000000 00000000 00000000 00000000 00000000 00000000 00000000 00000000 00000000 00000000 00000000 00000000 00000000 00000000 00000000 00000000 00000000 00000000 00000000 00000000 00000000 00000000 00000000 00000000 00000000 00000000 00000000 00000000 00000000 
sm   0 warp 0 0x800000c8 0x3d0002b7 x  5  3d000000
sm   0 warp 0 0x800000cc 0x5e02c857 v 16 11111111111111111111111111111111 3d000000 3d000000 3d000000 3d000000 3d000000 3d000000 3d000000 3d000000 3d000000 3d000000 3d000000 3d000000 3d000000 3d000000 3d000000 3d000000 3d000000 3d000000 3d000000 3d000000 3d000000 3d000000 3d000000 3d000000 3d000000 3d000000 3d000000 3d000000 3d000000 3d000000 3d000000 3d000000 
sm   0 warp 0 0x800000d0 0x3727c2b7 x  5  3727c000
sm   0 warp 0 0x800000d4 0x5ac28293 x  5  3727c5ac
sm   0 warp 0 0x800000d8 0x5e02c8d7 v 17 11111111111111111111111111111111 3727c5ac 3727c5ac 3727c5ac 3727c5ac 3727c5ac 3727c5ac 3727c5ac 3727c5ac 3727c5ac 3727c5ac 3727c5ac 3727c5ac 3727c5ac 3727c5ac 3727c5ac 3727c5ac 3727c5ac 3727c5ac 3727c5ac 3727c5ac 3727c5ac 3727c5ac 3727c5ac 3727c5ac 3727c5ac 3727c5ac 3727c5ac 3727c5ac 3727c5ac 3727c5ac 3727c5ac 3727c5ac 
sm   0 warp 0 0x800000dc 0x3f0002b7 x  5  3f000000
[L1C] #   1162 SM 0 CACHE 0 ADDR 80000100
sm   0 warp 0 0x800000e0 0x5e02c957 v 18 11111111111111111111111111111111 3f000000 3f000000 3f000000 3f000000 3f000000 3f000000 3f000000 3f000000 3f000000 3f000000 3f000000 3f000000 3f000000 3f000000 3f000000 3f000000 3f000000 3f000000 3f000000 3f000000 3f000000 3f000000 3f000000 3f000000 3f000000 3f000000 3f000000 3f000000 3f000000 3f000000 3f000000 3f000000 
sm   0 warp 0 0x800000e4 0x3fc002b7 x  5  3fc00000
sm   0 warp 0 0x800000e8 0x5e02c9d7 v 19 11111111111111111111111111111111 3fc00000 3fc00000 3fc00000 3fc00000 3fc00000 3fc00000 3fc00000 3fc00000 3fc00000 3fc00000 3fc00000 3fc00000 3fc00000 3fc00000 3fc00000 3fc00000 3fc00000 3fc00000 3fc00000 3fc00000 3fc00000 3fc00000 3fc00000 3fc00000 3fc00000 3fc00000 3fc00000 3fc00000 3fc00000 3fc00000 3fc00000 3fc00000 
sm   0 warp 0 0x800000ec 0x5f3762b7 x  5  5f376000
sm   0 warp 0 0x800000f0 0x9df28293 x  5  5f3759df
sm   0 warp 0 0x800000f4 0x5e02ca57 v 20 11111111111111111111111111111111 5f3759df 5f3759df 5f3759df 5f3759df 5f3759df 5f3759df 5f3759df 5f3759df 5f3759df 5f3759df 5f3759df 5f3759df 5f3759df 5f3759df 5f3759df 5f3759df 5f3759df 5f3759df 5f3759df 5f3759df 5f3759df 5f3759df 5f3759df 5f3759df 5f3759df 5f3759df 5f3759df 5f3759df 5f3759df 5f3759df 5f3759df 5f3759df 
sm   0 warp 0 0x800000f8 0x2bff80d7 v  1 11111111111111111111111111111111 00000000 00000000 00000000 00000000 00000000 00000000 00000000 00000000 00000000 00000000 00000000 00000000 00000000 00000000 00000000 00000000 00000000 00000000 00000000 00000000 00000000 00000000 00000000 00000000 00000000 00000000 00000000 00000000 00000000 00000000 00000000 00000000 
sm   0 warp 0 0x800000fc 0x2bff8157 v  2 11111111111111111111111111111111 00000000 00000000 00000000 00000000 00000000 00000000 00000000 00000000 00000000 00000000 00000000 00000000 00000000 00000000 00000000 00000000 00000000 00000000 00000000 00000000 00000000 00000000 00000000 00000000 00000000 00000000 00000000 00000000 00000000 00000000 00000000 00000000 
sm   0 warp 0 0x80000100 0x90002337 x  6  90002000
sm   0 warp 0 0x80000104 0x5208a557 v 10 11111111111111111111111111111111 0000001f 0000001e 0000001d 0000001c 0000001b 0000001a 00000019 00000018 00000017 00000016 00000015 00000014 00000013 00000012 00000011 00000010 0000000f 0000000e 0000000d 0000000c 0000000b 0000000a 00000009 00000008 00000007 00000006 00000005 00000004 00000003 00000002 00000001 00000000 
sm   0 warp 0 0x80000108 0x96a13557 v 10 11111111111111111111111111111111 0000007c 00000078 00000074 00000070 0000006c 00000068 00000064 00000060 0000005c 00000058 00000054 00000050 0000004c 00000048 00000044 00000040 0000003c 00000038 00000034 00000030 0000002c 00000028 00000024 00000020 0000001c 00000018 00000014 00000010 0000000c 00000008 00000004 00000000 
sm   0 warp 0 0x8000010c 0x02a34557 v 10 11111111111111111111111111111111 9000207c 90002078 90002074 90002070 9000206c 90002068 90002064 90002060 9000205c 90002058 90002054 90002050 9000204c 90002048 90002044 90002040 9000203c 90002038 90002034 90002030 9000202c 90002028 90002024 90002020 9000201c 90002018 90002014 90002010 9000200c 90002008 90002004 90002000 
sm   0 warp 0 0x80000110 0x000521fb lsu.r v  3 op 3 @ 9000207c 90002078 90002074 90002070 9000206c 90002068 90002064 90002060 9000205c 90002058 90002054 90002050 9000204c 90002048 90002044 90002040 9000203c 90002038 90002034 90002030 9000202c 90002028 90002024 90002020 9000201c 90002018 90002014 90002010 9000200c 90002008 90002004 90002000
[L1C] #   1217 SM 0 CACHE 1 ADDR 90002000
sm   0 warp 0 0x80000110 0x000521fb v  3 11111111111111111111111111111111 00000000 00000000 00000000 00000000 00000000 00000000 00000000 00000000 00000000 00000000 00000000 00000000 00000000 00000000 00000000 00000000 42800000 c2000000 c3900000 44100000 c3200000 43900000 42c00000 c3800000 44000000 c3900000 42000000 42000000 c3200000 42000000 c3800000 42c00000 
sm   0 warp 0 0x80000114 0x023090d7 v  1 11111111111111111111111111111111 00000000 00000000 00000000 00000000 00000000 00000000 00000000 00000000 00000000 00000000 00000000 00000000 00000000 00000000 00000000 00000000 42800000 c2000000 c3900000 44100000 c3200000 43900000 42c00000 c3800000 44000000 c3900000 42000000 42000000 c3200000 42000000 c3800000 42c00000 
sm   0 warp 0 0x8000011c 0x70000337 x  6  70000000
sm   0 warp 0 0x80000120 0x5208a557 v 10 11111111111111111111111111111111 0000001f 0000001e 0000001d 0000001c 0000001b 0000001a 00000019 00000018 00000017 00000016 00000015 00000014 00000013 00000012 00000011 00000010 0000000f 0000000e 0000000d 0000000c 0000000b 0000000a 00000009 00000008 00000007 00000006 00000005 00000004 00000003 00000002 00000001 00000000 
sm   0 warp 0 0x80000118 0xb2319157 v  2 11111111111111111111111111111111 00000000 00000000 00000000 00000000 00000000 00000000 00000000 00000000 00000000 00000000 00000000 00000000 00000000 00000000 00000000 00000000 45800000 44800000 47a20000 48a20000 46c80000 47a20000 46100000 47800000 48800000 47a20000 44800000 44800000 46c80000 44800000 47800000 46100000 
sm   0 warp 0 0x80000124 0x96a13557 v 10 11111111111111111111111111111111 0000007c 00000078 00000074 00000070 0000006c 00000068 00000064 00000060 0000005c 00000058 00000054 00000050 0000004c 00000048 00000044 00000040 0000003c 00000038 00000034 00000030 0000002c 00000028 00000024 00000020 0000001c 00000018 00000014 00000010 0000000c 00000008 00000004 00000000 
sm   0 warp 0 0x80000128 0x02a34557 v 10 11111111111111111111111111111111 7000007c 70000078 70000074 70000070 7000006c 70000068 70000064 70000060 7000005c 70000058 70000054 70000050 7000004c 70000048 70000044 70000040 7000003c 70000038 70000034 70000030 7000002c 70000028 70000024 70000020 7000001c 70000018 70000014 70000010 7000000c 70000008 70000004 70000000 
sm   0 warp 0 0x8000012c 0x0015607b lsu.w v  1 op 3 mask 11111111111111111111111111111111 00000000 00000000 00000000 00000000 00000000 00000000 00000000 00000000 00000000 00000000 00000000 00000000 00000000 00000000 00000000 00000000 42800000 c2000000 c3900000 44100000 c3200000 43900000 42c00000 c3800000 44000000 c3900000 42000000 42000000 c3200000 42000000 c3800000 42c00000 @ 7000007c 70000078 70000074 70000070 7000006c 70000068 70000064 70000060 7000005c 70000058 70000054 70000050 7000004c 70000048 70000044 70000040 7000003c 70000038 70000034 70000030 7000002c 70000028 70000024 70000020 7000001c 70000018 70000014 70000010 7000000c 70000008 70000004 70000000
sm   0 warp 0 0x80000130 0x70000337 x  6  70000000
sm   0 warp 0 0x80000134 0x5208a557 v 10 11111111111111111111111111111111 0000001f 0000001e 0000001d 0000001c 0000001b 0000001a 00000019 00000018 00000017 00000016 00000015 00000014 00000013 00000012 00000011 00000010 0000000f 0000000e 0000000d 0000000c 0000000b 0000000a 00000009 00000008 00000007 00000006 00000005 00000004 00000003 00000002 00000001 00000000 
sm   0 warp 0 0x80000138 0x000003b7 x  7  00000000
sm   0 warp 0 0x8000012c 0x0015607b lsu.w finish
sm   0 warp 0 0x8000013c 0x01038393 x  7  00000010
sm   0 warp 0 0x80000140 0x02a3c557 v 10 11111111111111111111111111111111 0000002f 0000002e 0000002d 0000002c 0000002b 0000002a 00000029 00000028 00000027 00000026 00000025 00000024 00000023 00000022 00000021 00000020 0000001f 0000001e 0000001d 0000001c 0000001b 0000001a 00000019 00000018 00000017 00000016 00000015 00000014 00000013 00000012 00000011 00000010 
sm   0 warp 0 0x80000144 0x000003b7 x  7  00000000
sm   0 warp 0 0x80000148 0x01f38393 x  7  0000001f
sm   0 warp 0 0x8000014c 0x26a3c557 v 10 11111111111111111111111111111111 0000000f 0000000e 0000000d 0000000c 0000000b 0000000a 00000009 00000008 00000007 00000006 00000005 00000004 00000003 00000002 00000001 00000000 0000001f 0000001e 0000001d 0000001c 0000001b 0000001a 00000019 00000018 00000017 00000016 00000015 00000014 00000013 00000012 00000011 00000010 
sm   0 warp 0 0x80000150 0x96a13557 v 10 11111111111111111111111111111111 0000003c 00000038 00000034 00000030 0000002c 00000028 00000024 00000020 0000001c 00000018 00000014 00000010 0000000c 00000008 00000004 00000000 0000007c 00000078 00000074 00000070 0000006c 00000068 00000064 00000060 0000005c 00000058 00000054 00000050 0000004c 00000048 00000044 00000040 
sm   0 warp 0 0x80000154 0x02a34557 v 10 11111111111111111111111111111111 7000003c 70000038 70000034 70000030 7000002c 70000028 70000024 70000020 7000001c 70000018 70000014 70000010 7000000c 70000008 70000004 70000000 7000007c 70000078 70000074 70000070 7000006c 70000068 70000064 70000060 7000005c 70000058 70000054 70000050 7000004c 70000048 70000044 70000040 
sm   0 warp 0 0x80000158 0x0005227b lsu.r v  4 op 3 @ 7000003c 70000038 70000034 70000030 7000002c 70000028 70000024 70000020 7000001c 70000018 70000014 70000010 7000000c 70000008 70000004 70000000 7000007c 70000078 70000074 70000070 7000006c 70000068 70000064 70000060 7000005c 70000058 70000054 70000050 7000004c 70000048 70000044 70000040
sm   0 warp 0 0x80000158 0x0005227b v  4 11111111111111111111111111111111 42800000 c2000000 c3900000 44100000 c3200000 43900000 42c00000 c3800000 44000000 c3900000 42000000 42000000 c3200000 42000000 c3800000 42c00000 00000000 00000000 00000000 00000000 00000000 00000000 00000000 00000000 00000000 00000000 00000000 00000000 00000000 00000000 00000000 00000000 
[L1C] #   1319 SM 0 CACHE 0 ADDR 80000180
sm   0 warp 0 0x80000160 0x70000337 x  6  70000000
sm   0 warp 0 0x8000015c 0x024090d7 v  1 11111111111111111111111111111111 42800000 c2000000 c3900000 44100000 c3200000 43900000 42c00000 c3800000 44000000 c3900000 42000000 42000000 c3200000 42000000 c3800000 42c00000 42800000 c2000000 c3900000 44100000 c3200000 43900000 42c00000 c3800000 44000000 c3900000 42000000 42000000 c3200000 42000000 c3800000 42c00000 
sm   0 warp 0 0x80000164 0x5208a557 v 10 11111111111111111111111111111111 0000001f 0000001e 0000001d 0000001c 0000001b 0000001a 00000019 00000018 00000017 00000016 00000015 00000014 00000013 00000012 00000011 00000010 0000000f 0000000e 0000000d 0000000c 0000000b 0000000a 00000009 00000008 00000007 00000006 00000005 00000004 00000003 00000002 00000001 00000000 
sm   0 warp 0 0x80000168 0x96a13557 v 10 11111111111111111111111111111111 0000007c 00000078 00000074 00000070 0000006c 00000068 00000064 00000060 0000005c 00000058 00000054 00000050 0000004c 00000048 00000044 00000040 0000003c 00000038 00000034 00000030 0000002c 00000028 00000024 00000020 0000001c 00000018 00000014 00000010 0000000c 00000008 00000004 00000000 
sm   0 warp 0 0x8000016c 0x02a34557 v 10 11111111111111111111111111111111 7000007c 70000078 70000074 70000070 7000006c 70000068 70000064 70000060 7000005c 70000058 70000054 70000050 7000004c 70000048 70000044 70000040 7000003c 70000038 70000034 70000030 7000002c 70000028 70000024 70000020 7000001c 70000018 70000014 70000010 7000000c 70000008 70000004 70000000 
sm   0 warp 0 0x80000170 0x0015607b lsu.w v  1 op 3 mask 11111111111111111111111111111111 42800000 c2000000 c3900000 44100000 c3200000 43900000 42c00000 c3800000 44000000 c3900000 42000000 42000000 c3200000 42000000 c3800000 42c00000 42800000 c2000000 c3900000 44100000 c3200000 43900000 42c00000 c3800000 44000000 c3900000 42000000 42000000 c3200000 42000000 c3800000 42c00000 @ 7000007c 70000078 70000074 70000070 7000006c 70000068 70000064 70000060 7000005c 70000058 70000054 70000050 7000004c 70000048 70000044 70000040 7000003c 70000038 70000034 70000030 7000002c 70000028 70000024 70000020 7000001c 70000018 70000014 70000010 7000000c 70000008 70000004 70000000
sm   0 warp 0 0x80000174 0x70000337 x  6  70000000
sm   0 warp 0 0x80000178 0x5208a557 v 10 11111111111111111111111111111111 0000001f 0000001e 0000001d 0000001c 0000001b 0000001a 00000019 00000018 00000017 00000016 00000015 00000014 00000013 00000012 00000011 00000010 0000000f 0000000e 0000000d 0000000c 0000000b 0000000a 00000009 00000008 00000007 00000006 00000005 00000004 00000003 00000002 00000001 00000000 
sm   0 warp 0 0x8000017c 0x000003b7 x  7  00000000
sm   0 warp 0 0x80000170 0x0015607b lsu.w finish
sm   0 warp 0 0x80000180 0x00838393 x  7  00000008
sm   0 warp 0 0x80000184 0x02a3c557 v 10 11111111111111111111111111111111 00000027 00000026 00000025 00000024 00000023 00000022 00000021 00000020 0000001f 0000001e 0000001d 0000001c 0000001b 0000001a 00000019 00000018 00000017 00000016 00000015 00000014 00000013 00000012 00000011 00000010 0000000f 0000000e 0000000d 0000000c 0000000b 0000000a 00000009 00000008 
sm   0 warp 0 0x80000188 0x000003b7 x  7  00000000
sm   0 warp 0 0x8000018c 0x01f38393 x  7  0000001f
sm   0 warp 0 0x80000190 0x26a3c557 v 10 11111111111111111111111111111111 00000007 00000006 00000005 00000004 00000003 00000002 00000001 00000000 0000001f 0000001e 0000001d 0000001c 0000001b 0000001a 00000019 00000018 00000017 00000016 00000015 00000014 00000013 00000012 00000011 00000010 0000000f 0000000e 0000000d 0000000c 0000000b 0000000a 00000009 00000008 
sm   0 warp 0 0x80000194 0x96a13557 v 10 11111111111111111111111111111111 0000001c 00000018 00000014 00000010 0000000c 00000008 00000004 00000000 0000007c 00000078 00000074 00000070 0000006c 00000068 00000064 00000060 0000005c 00000058 00000054 00000050 0000004c 00000048 00000044 00000040 0000003c 00000038 00000034 00000030 0000002c 00000028 00000024 00000020 
sm   0 warp 0 0x80000198 0x02a34557 v 10 11111111111111111111111111111111 7000001c 70000018 70000014 70000010 7000000c 70000008 70000004 70000000 7000007c 70000078 70000074 70000070 7000006c 70000068 70000064 70000060 7000005c 70000058 70000054 70000050 7000004c 70000048 70000044 70000040 7000003c 70000038 70000034 70000030 7000002c 70000028 70000024 70000020 
sm   0 warp 0 0x8000019c 0x0005227b lsu.r v  4 op 3 @ 7000001c 70000018 70000014 70000010 7000000c 70000008 70000004 70000000 7000007c 70000078 70000074 70000070 7000006c 70000068 70000064 70000060 7000005c 70000058 70000054 70000050 7000004c 70000048 70000044 70000040 7000003c 70000038 70000034 70000030 7000002c 70000028 70000024 70000020
sm   0 warp 0 0x8000019c 0x0005227b v  4 11111111111111111111111111111111 44000000 c3900000 42000000 42000000 c3200000 42000000 c3800000 42c00000 42800000 c2000000 c3900000 44100000 c3200000 43900000 42c00000 c3800000 44000000 c3900000 42000000 42000000 c3200000 42000000 c3800000 42c00000 42800000 c2000000 c3900000 44100000 c3200000 43900000 42c00000 c3800000 
sm   0 warp 0 0x800001a4 0x70000337 x  6  70000000
sm   0 warp 0 0x800001a0 0x024090d7 v  1 11111111111111111111111111111111 44100000 c3a00000 c3800000 44180000 c3a00000 43a00000 c3200000 c3200000 44100000 c3a00000 c3800000 44180000 c3a00000 43a00000 c3200000 c3200000 44100000 c3a00000 c3800000 44180000 c3a00000 43a00000 c3200000 c3200000 44100000 c3a00000 c3800000 44180000 c3a00000 43a00000 c3200000 c3200000 
sm   0 warp 0 0x800001a8 0x5208a557 v 10 11111111111111111111111111111111 0000001f 0000001e 0000001d 0000001c 0000001b 0000001a 00000019 00000018 00000017 00000016 00000015 00000014 00000013 00000012 00000011 00000010 0000000f 0000000e 0000000d 0000000c 0000000b 0000000a 00000009 00000008 00000007 00000006 00000005 00000004 00000003 00000002 00000001 00000000 
sm   0 warp 0 0x800001ac 0x96a13557 v 10 11111111111111111111111111111111 0000007c 00000078 00000074 00000070 0000006c 00000068 00000064 00000060 0000005c 00000058 00000054 00000050 0000004c 00000048 00000044 00000040 0000003c 00000038 00000034 00000030 0000002c 00000028 00000024 00000020 0000001c 00000018 00000014 00000010 0000000c 00000008 00000004 00000000 
sm   0 warp 0 0x800001b0 0x02a34557 v 10 11111111111111111111111111111111 7000007c 70000078 70000074 70000070 7000006c 70000068 70000064 70000060 7000005c 70000058 70000054 70000050 7000004c 70000048 70000044 70000040 7000003c 70000038 70000034 70000030 7000002c 70000028 70000024 70000020 7000001c 70000018 70000014 70000010 7000000c 70000008 70000004 70000000 
sm   0 warp 0 0x800001b4 0x0015607b lsu.w v  1 op 3 mask 11111111111111111111111111111111 44100000 c3a00000 c3800000 44180000 c3a00000 43a00000 c3200000 c3200000 44100000 c3a00000 c3800000 44180000 c3a00000 43a00000 c3200000 c3200000 44100000 c3a00000 c3800000 44180000 c3a00000 43a00000 c3200000 c3200000 44100000 c3a00000 c3800000 44180000 c3a00000 43a00000 c3200000 c3200000 @ 7000007c 70000078 70000074 70000070 7000006c 70000068 70000064 70000060 7000005c 70000058 70000054 70000050 7000004c 70000048 70000044 70000040 7000003c 70000038 70000034 70000030 7000002c 70000028 70000024 70000020 7000001c 70000018 70000014 70000010 7000000c 70000008 70000004 70000000
sm   0 warp 0 0x800001b8 0x70000337 x  6  70000000
sm   0 warp 0 0x800001bc 0x5208a557 v 10 11111111111111111111111111111111 0000001f 0000001e 0000001d 0000001c 0000001b 0000001a 00000019 00000018 00000017 00000016 00000015 00000014 00000013 00000012 00000011 00000010 0000000f 0000000e 0000000d 0000000c 0000000b 0000000a 00000009 00000008 00000007 00000006 00000005 00000004 00000003 00000002 00000001 00000000 
sm   0 warp 0 0x800001c0 0x000003b7 x  7  00000000
sm   0 warp 0 0x800001b4 0x0015607b lsu.w finish
sm   0 warp 0 0x800001c4 0x00438393 x  7  00000004
sm   0 warp 0 0x800001c8 0x02a3c557 v 10 11111111111111111111111111111111 00000023 00000022 00000021 00000020 0000001f 0000001e 0000001d 0000001c 0000001b 0000001a 00000019 00000018 00000017 00000016 00000015 00000014 00000013 00000012 00000011 00000010 0000000f 0000000e 0000000d 0000000c 0000000b 0000000a 00000009 00000008 00000007 00000006 00000005 00000004 
sm   0 warp 0 0x800001cc 0x000003b7 x  7  00000000
sm   0 warp 0 0x800001d0 0x01f38393 x  7  0000001f
sm   0 warp 0 0x800001d4 0x26a3c557 v 10 11111111111111111111111111111111 00000003 00000002 00000001 00000000 0000001f 0000001e 0000001d 0000001c 0000001b 0000001a 00000019 00000018 00000017 00000016 00000015 00000014 00000013 00000012 00000011 00000010 0000000f 0000000e 0000000d 0000000c 0000000b 0000000a 00000009 00000008 00000007 00000006 00000005 00000004 
sm   0 warp 0 0x800001d8 0x96a13557 v 10 11111111111111111111111111111111 0000000c 00000008 00000004 00000000 0000007c 00000078 00000074 00000070 0000006c 00000068 00000064 00000060 0000005c 00000058 00000054 00000050 0000004c 00000048 00000044 00000040 0000003c 00000038 00000034 00000030 0000002c 00000028 00000024 00000020 0000001c 00000018 00000014 00000010 
sm   0 warp 0 0x800001dc 0x02a34557 v 10 11111111111111111111111111111111 7000000c 70000008 70000004 70000000 7000007c 70000078 70000074 70000070 7000006c 70000068 70000064 70000060 7000005c 70000058 70000054 70000050 7000004c 70000048 70000044 70000040 7000003c 70000038 70000034 70000030 7000002c 70000028 70000024 70000020 7000001c 70000018 70000014 70000010 
[L1C] #   1449 SM 0 CACHE 0 ADDR 80000200
sm   0 warp 0 0x800001e0 0x0005227b lsu.r v  4 op 3 @ 7000000c 70000008 70000004 70000000 7000007c 70000078 70000074 70000070 7000006c 70000068 70000064 70000060 7000005c 70000058 70000054 70000050 7000004c 70000048 70000044 70000040 7000003c 70000038 70000034 70000030 7000002c 70000028 70000024 70000020 7000001c 70000018 70000014 70000010
sm   0 warp 0 0x800001e0 0x0005227b v  4 11111111111111111111111111111111 c3a00000 43a00000 c3200000 c3200000 44100000 c3a00000 c3800000 44180000 c3a00000 43a00000 c3200000 c3200000 44100000 c3a00000 c3800000 44180000 c3a00000 43a00000 c3200000 c3200000 44100000 c3a00000 c3800000 44180000 c3a00000 43a00000 c3200000 c3200000 44100000 c3a00000 c3800000 44180000 
[L1C] #   1465 SM 0 CACHE 0 ADDR 80000200
sm   0 warp 0 0x800001e8 0x70000337 x  6  70000000
sm   0 warp 0 0x800001e4 0x024090d7 v  1 11111111111111111111111111111111 43800000 00000000 c3d00000 43e00000 43800000 00000000 c3d00000 43e00000 43800000 00000000 c3d00000 43e00000 43800000 00000000 c3d00000 43e00000 43800000 00000000 c3d00000 43e00000 43800000 00000000 c3d00000 43e00000 43800000 00000000 c3d00000 43e00000 43800000 00000000 c3d00000 43e00000 
sm   0 warp 0 0x800001ec 0x5208a557 v 10 11111111111111111111111111111111 0000001f 0000001e 0000001d 0000001c 0000001b 0000001a 00000019 00000018 00000017 00000016 00000015 00000014 00000013 00000012 00000011 00000010 0000000f 0000000e 0000000d 0000000c 0000000b 0000000a 00000009 00000008 00000007 00000006 00000005 00000004 00000003 00000002 00000001 00000000 
sm   0 warp 0 0x800001f0 0x96a13557 v 10 11111111111111111111111111111111 0000007c 00000078 00000074 00000070 0000006c 00000068 00000064 00000060 0000005c 00000058 00000054 00000050 0000004c 00000048 00000044 00000040 0000003c 00000038 00000034 00000030 0000002c 00000028 00000024 00000020 0000001c 00000018 00000014 00000010 0000000c 00000008 00000004 00000000 
sm   0 warp 0 0x800001f4 0x02a34557 v 10 11111111111111111111111111111111 7000007c 70000078 70000074 70000070 7000006c 70000068 70000064 70000060 7000005c 70000058 70000054 70000050 7000004c 70000048 70000044 70000040 7000003c 70000038 70000034 70000030 7000002c 70000028 70000024 70000020 7000001c 70000018 70000014 70000010 7000000c 70000008 70000004 70000000 
sm   0 warp 0 0x800001f8 0x0015607b lsu.w v  1 op 3 mask 11111111111111111111111111111111 43800000 00000000 c3d00000 43e00000 43800000 00000000 c3d00000 43e00000 43800000 00000000 c3d00000 43e00000 43800000 00000000 c3d00000 43e00000 43800000 00000000 c3d00000 43e00000 43800000 00000000 c3d00000 43e00000 43800000 00000000 c3d00000 43e00000 43800000 00000000 c3d00000 43e00000 @ 7000007c 70000078 70000074 70000070 7000006c 70000068 70000064 70000060 7000005c 70000058 70000054 70000050 7000004c 70000048 70000044 70000040 7000003c 70000038 70000034 70000030 7000002c 70000028 70000024 70000020 7000001c 70000018 70000014 70000010 7000000c 70000008 70000004 70000000
sm   0 warp 0 0x800001fc 0x70000337 x  6  70000000
sm   0 warp 0 0x80000200 0x5208a557 v 10 11111111111111111111111111111111 0000001f 0000001e 0000001d 0000001c 0000001b 0000001a 00000019 00000018 00000017 00000016 00000015 00000014 00000013 00000012 00000011 00000010 0000000f 0000000e 0000000d 0000000c 0000000b 0000000a 00000009 00000008 00000007 00000006 00000005 00000004 00000003 00000002 00000001 00000000 
sm   0 warp 0 0x80000204 0x000003b7 x  7  00000000
sm   0 warp 0 0x800001f8 0x0015607b lsu.w finish
sm   0 warp 0 0x80000208 0x00238393 x  7  00000002
sm   0 warp 0 0x8000020c 0x02a3c557 v 10 11111111111111111111111111111111 00000021 00000020 0000001f 0000001e 0000001d 0000001c 0000001b 0000001a 00000019 00000018 00000017 00000016 00000015 00000014 00000013 00000012 00000011 00000010 0000000f 0000000e 0000000d 0000000c 0000000b 0000000a 00000009 00000008 00000007 00000006 00000005 00000004 00000003 00000002 
sm   0 warp 0 0x80000210 0x000003b7 x  7  00000000
sm   0 warp 0 0x80000214 0x01f38393 x  7  0000001f
sm   0 warp 0 0x80000218 0x26a3c557 v 10 11111111111111111111111111111111 00000001 00000000 0000001f 0000001e 0000001d 0000001c 0000001b 0000001a 00000019 00000018 00000017 00000016 00000015 00000014 00000013 00000012 00000011 00000010 0000000f 0000000e 0000000d 0000000c 0000000b 0000000a 00000009 00000008 00000007 00000006 00000005 00000004 00000003 00000002 
sm   0 warp 0 0x8000021c 0x96a13557 v 10 11111111111111111111111111111111 00000004 00000000 0000007c 00000078 00000074 00000070 0000006c 00000068 00000064 00000060 0000005c 00000058 00000054 00000050 0000004c 00000048 00000044 00000040 0000003c 00000038 00000034 00000030 0000002c 00000028 00000024 00000020 0000001c 00000018 00000014 00000010 0000000c 00000008 
sm   0 warp 0 0x80000220 0x02a34557 v 10 11111111111111111111111111111111 70000004 70000000 7000007c 70000078 70000074 70000070 7000006c 70000068 70000064 70000060 7000005c 70000058 70000054 70000050 7000004c 70000048 70000044 70000040 7000003c 70000038 70000034 70000030 7000002c 70000028 70000024 70000020 7000001c 70000018 70000014 70000010 7000000c 70000008 
sm   0 warp 0 0x80000224 0x0005227b lsu.r v  4 op 3 @ 70000004 70000000 7000007c 70000078 70000074 70000070 7000006c 70000068 70000064 70000060 7000005c 70000058 70000054 70000050 7000004c 70000048 70000044 70000040 7000003c 70000038 70000034 70000030 7000002c 70000028 70000024 70000020 7000001c 70000018 70000014 70000010 7000000c 70000008
sm   0 warp 0 0x80000224 0x0005227b v  4 11111111111111111111111111111111 c3d00000 43e00000 43800000 00000000 c3d00000 43e00000 43800000 00000000 c3d00000 43e00000 43800000 00000000 c3d00000 43e00000 43800000 00000000 c3d00000 43e00000 43800000 00000000 c3d00000 43e00000 43800000 00000000 c3d00000 43e00000 43800000 00000000 c3d00000 43e00000 43800000 00000000 
sm   0 warp 0 0x8000022c 0x70000337 x  6  70000000
sm   0 warp 0 0x80000228 0x024090d7 v  1 11111111111111111111111111111111 c3200000 43e00000 c3200000 43e00000 c3200000 43e00000 c3200000 43e00000 c3200000 43e00000 c3200000 43e00000 c3200000 43e00000 c3200000 43e00000 c3200000 43e00000 c3200000 43e00000 c3200000 43e00000 c3200000 43e00000 c3200000 43e00000 c3200000 43e00000 c3200000 43e00000 c3200000 43e00000 
sm   0 warp 0 0x80000230 0x5208a557 v 10 11111111111111111111111111111111 0000001f 0000001e 0000001d 0000001c 0000001b 0000001a 00000019 00000018 00000017 00000016 00000015 00000014 00000013 00000012 00000011 00000010 0000000f 0000000e 0000000d 0000000c 0000000b 0000000a 00000009 00000008 00000007 00000006 00000005 00000004 00000003 00000002 00000001 00000000 
sm   0 warp 0 0x80000234 0x96a13557 v 10 11111111111111111111111111111111 0000007c 00000078 00000074 00000070 0000006c 00000068 00000064 00000060 0000005c 00000058 00000054 00000050 0000004c 00000048 00000044 00000040 0000003c 00000038 00000034 00000030 0000002c 00000028 00000024 00000020 0000001c 00000018 00000014 00000010 0000000c 00000008 00000004 00000000 
sm   0 warp 0 0x80000238 0x02a34557 v 10 11111111111111111111111111111111 7000007c 70000078 70000074 70000070 7000006c 70000068 70000064 70000060 7000005c 70000058 70000054 70000050 7000004c 70000048 70000044 70000040 7000003c 70000038 70000034 70000030 7000002c 70000028 70000024 70000020 7000001c 70000018 70000014 70000010 7000000c 70000008 70000004 70000000 
sm   0 warp 0 0x8000023c 0x0015607b lsu.w v  1 op 3 mask 11111111111111111111111111111111 c3200000 43e00000 c3200000 43e00000 c3200000 43e00000 c3200000 43e00000 c3200000 43e00000 c3200000 43e00000 c3200000 43e00000 c3200000 43e00000 c3200000 43e00000 c3200000 43e00000 c3200000 43e00000 c3200000 43e00000 c3200000 43e00000 c3200000 43e00000 c3200000 43e00000 c3200000 43e00000 @ 7000007c 70000078 70000074 70000070 7000006c 70000068 70000064 70000060 7000005c 70000058 70000054 70000050 7000004c 70000048 70000044 70000040 7000003c 70000038 70000034 70000030 7000002c 70000028 70000024 70000020 7000001c 70000018 70000014 70000010 7000000c 70000008 70000004 70000000
sm   0 warp 0 0x80000240 0x70000337 x  6  70000000
sm   0 warp 0 0x80000244 0x5208a557 v 10 11111111111111111111111111111111 0000001f 0000001e 0000001d 0000001c 0000001b 0000001a 00000019 00000018 00000017 00000016 00000015 00000014 00000013 00000012 00000011 00000010 0000000f 0000000e 0000000d 0000000c 0000000b 0000000a 00000009 00000008 00000007 00000006 00000005 00000004 00000003 00000002 00000001 00000000 
sm   0 warp 0 0x80000248 0x000003b7 x  7  00000000
sm   0 warp 0 0x8000023c 0x0015607b lsu.w finish
sm   0 warp 0 0x8000024c 0x00138393 x  7  00000001
sm   0 warp 0 0x80000250 0x02a3c557 v 10 11111111111111111111111111111111 00000020 0000001f 0000001e 0000001d 0000001c 0000001b 0000001a 00000019 00000018 00000017 00000016 00000015 00000014 00000013 00000012 00000011 00000010 0000000f 0000000e 0000000d 0000000c 0000000b 0000000a 00000009 00000008 00000007 00000006 00000005 00000004 00000003 00000002 00000001 
sm   0 warp 0 0x80000254 0x000003b7 x  7  00000000
sm   0 warp 0 0x80000258 0x01f38393 x  7  0000001f
sm   0 warp 0 0x8000025c 0x26a3c557 v 10 11111111111111111111111111111111 00000000 0000001f 0000001e 0000001d 0000001c 0000001b 0000001a 00000019 00000018 00000017 00000016 00000015 00000014 00000013 00000012 00000011 00000010 0000000f 0000000e 0000000d 0000000c 0000000b 0000000a 00000009 00000008 00000007 00000006 00000005 00000004 00000003 00000002 00000001 
[L1C] #   1585 SM 0 CACHE 0 ADDR 80000280
sm   0 warp 0 0x80000260 0x96a13557 v 10 11111111111111111111111111111111 00000000 0000007c 00000078 00000074 00000070 0000006c 00000068 00000064 00000060 0000005c 00000058 00000054 00000050 0000004c 00000048 00000044 00000040 0000003c 00000038 00000034 00000030 0000002c 00000028 00000024 00000020 0000001c 00000018 00000014 00000010 0000000c 00000008 00000004 
sm   0 warp 0 0x80000264 0x02a34557 v 10 11111111111111111111111111111111 70000000 7000007c 70000078 70000074 70000070 7000006c 70000068 70000064 70000060 7000005c 70000058 70000054 70000050 7000004c 70000048 70000044 70000040 7000003c 70000038 70000034 70000030 7000002c 70000028 70000024 70000020 7000001c 70000018 70000014 70000010 7000000c 70000008 70000004 
sm   0 warp 0 0x80000268 0x0005227b lsu.r v  4 op 3 @ 70000000 7000007c 70000078 70000074 70000070 7000006c 70000068 70000064 70000060 7000005c 70000058 70000054 70000050 7000004c 70000048 70000044 70000040 7000003c 70000038 70000034 70000030 7000002c 70000028 70000024 70000020 7000001c 70000018 70000014 70000010 7000000c 70000008 70000004
sm   0 warp 0 0x80000268 0x0005227b v  4 11111111111111111111111111111111 43e00000 c3200000 43e00000 c3200000 43e00000 c3200000 43e00000 c3200000 43e00000 c3200000 43e00000 c3200000 43e00000 c3200000 43e00000 c3200000 43e00000 c3200000 43e00000 c3200000 43e00000 c3200000 43e00000 c3200000 43e00000 c3200000 43e00000 c3200000 43e00000 c3200000 43e00000 c3200000 
sm   0 warp 0 0x80000270 0x70000337 x  6  70000000
sm   0 warp 0 0x8000026c 0x024090d7 v  1 11111111111111111111111111111111 43900000 43900000 43900000 43900000 43900000 43900000 43900000 43900000 43900000 43900000 43900000 43900000 43900000 43900000 43900000 43900000 43900000 43900000 43900000 43900000 43900000 43900000 43900000 43900000 43900000 43900000 43900000 43900000 43900000 43900000 43900000 43900000 
sm   0 warp 0 0x80000274 0x5208a557 v 10 11111111111111111111111111111111 0000001f 0000001e 0000001d 0000001c 0000001b 0000001a 00000019 00000018 00000017 00000016 00000015 00000014 00000013 00000012 00000011 00000010 0000000f 0000000e 0000000d 0000000c 0000000b 0000000a 00000009 00000008 00000007 00000006 00000005 00000004 00000003 00000002 00000001 00000000 
sm   0 warp 0 0x80000278 0x96a13557 v 10 11111111111111111111111111111111 0000007c 00000078 00000074 00000070 0000006c 00000068 00000064 00000060 0000005c 00000058 00000054 00000050 0000004c 00000048 00000044 00000040 0000003c 00000038 00000034 00000030 0000002c 00000028 00000024 00000020 0000001c 00000018 00000014 00000010 0000000c 00000008 00000004 00000000 
sm   0 warp 0 0x8000027c 0x02a34557 v 10 11111111111111111111111111111111 7000007c 70000078 70000074 70000070 7000006c 70000068 70000064 70000060 7000005c 70000058 70000054 70000050 7000004c 70000048 70000044 70000040 7000003c 70000038 70000034 70000030 7000002c 70000028 70000024 70000020 7000001c 70000018 70000014 70000010 7000000c 70000008 70000004 70000000 
sm   0 warp 0 0x80000280 0x0015607b lsu.w v  1 op 3 mask 11111111111111111111111111111111 43900000 43900000 43900000 43900000 43900000 43900000 43900000 43900000 43900000 43900000 43900000 43900000 43900000 43900000 43900000 43900000 43900000 43900000 43900000 43900000 43900000 43900000 43900000 43900000 43900000 43900000 43900000 43900000 43900000 43900000 43900000 43900000 @ 7000007c 70000078 70000074 70000070 7000006c 70000068 70000064 70000060 7000005c 70000058 70000054 70000050 7000004c 70000048 70000044 70000040 7000003c 70000038 70000034 70000030 7000002c 70000028 70000024 70000020 7000001c 70000018 70000014 70000010 7000000c 70000008 70000004 70000000
sm   0 warp 0 0x80000284 0x70000337 x  6  70000000
sm   0 warp 0 0x80000280 0x0015607b lsu.w finish
sm   0 warp 0 0x80000288 0x10030313 x  6  70000100
sm   0 warp 0 0x8000028c 0x5208a557 v 10 11111111111111111111111111111111 0000001f 0000001e 0000001d 0000001c 0000001b 0000001a 00000019 00000018 00000017 00000016 00000015 00000014 00000013 00000012 00000011 00000010 0000000f 0000000e 0000000d 0000000c 0000000b 0000000a 00000009 00000008 00000007 00000006 00000005 00000004 00000003 00000002 00000001 00000000 
sm   0 warp 0 0x80000290 0x96a13557 v 10 11111111111111111111111111111111 0000007c 00000078 00000074 00000070 0000006c 00000068 00000064 00000060 0000005c 00000058 00000054 00000050 0000004c 00000048 00000044 00000040 0000003c 00000038 00000034 00000030 0000002c 00000028 00000024 00000020 0000001c 00000018 00000014 00000010 0000000c 00000008 00000004 00000000 
sm   0 warp 0 0x80000294 0x02a34557 v 10 11111111111111111111111111111111 7000017c 70000178 70000174 70000170 7000016c 70000168 70000164 70000160 7000015c 70000158 70000154 70000150 7000014c 70000148 70000144 70000140 7000013c 70000138 70000134 70000130 7000012c 70000128 70000124 70000120 7000011c 70000118 70000114 70000110 7000010c 70000108 70000104 70000100 
sm   0 warp 0 0x80000298 0x0025607b lsu.w v  2 op 3 mask 11111111111111111111111111111111 00000000 00000000 00000000 00000000 00000000 00000000 00000000 00000000 00000000 00000000 00000000 00000000 00000000 00000000 00000000 00000000 45800000 44800000 47a20000 48a20000 46c80000 47a20000 46100000 47800000 48800000 47a20000 44800000 44800000 46c80000 44800000 47800000 46100000 @ 7000017c 70000178 70000174 70000170 7000016c 70000168 70000164 70000160 7000015c 70000158 70000154 70000150 7000014c 70000148 70000144 70000140 7000013c 70000138 70000134 70000130 7000012c 70000128 70000124 70000120 7000011c 70000118 70000114 70000110 7000010c 70000108 70000104 70000100
sm   0 warp 0 0x8000029c 0x70000337 x  6  70000000
sm   0 warp 0 0x80000298 0x0025607b lsu.w finish
sm   0 warp 0 0x800002a0 0x10030313 x  6  70000100
sm   0 warp 0 0x800002a4 0x5208a557 v 10 11111111111111111111111111111111 0000001f 0000001e 0000001d 0000001c 0000001b 0000001a 00000019 00000018 00000017 00000016 00000015 00000014 00000013 00000012 00000011 00000010 0000000f 0000000e 0000000d 0000000c 0000000b 0000000a 00000009 00000008 00000007 00000006 00000005 00000004 00000003 00000002 00000001 00000000 
sm   0 warp 0 0x800002a8 0x000003b7 x  7  00000000
sm   0 warp 0 0x800002ac 0x01038393 x  7  00000010
sm   0 warp 0 0x800002b0 0x02a3c557 v 10 11111111111111111111111111111111 0000002f 0000002e 0000002d 0000002c 0000002b 0000002a 00000029 00000028 00000027 00000026 00000025 00000024 00000023 00000022 00000021 00000020 0000001f 0000001e 0000001d 0000001c 0000001b 0000001a 00000019 00000018 00000017 00000016 00000015 00000014 00000013 00000012 00000011 00000010 
sm   0 warp 0 0x800002b4 0x000003b7 x  7  00000000
sm   0 warp 0 0x800002b8 0x01f38393 x  7  0000001f
sm   0 warp 0 0x800002bc 0x26a3c557 v 10 11111111111111111111111111111111 0000000f 0000000e 0000000d 0000000c 0000000b 0000000a 00000009 00000008 00000007 00000006 00000005 00000004 00000003 00000002 00000001 00000000 0000001f 0000001e 0000001d 0000001c 0000001b 0000001a 00000019 00000018 00000017 00000016 00000015 00000014 00000013 00000012 00000011 00000010 
sm   0 warp 0 0x800002c0 0x96a13557 v 10 11111111111111111111111111111111 0000003c 00000038 00000034 00000030 0000002c 00000028 00000024 00000020 0000001c 00000018 00000014 00000010 0000000c 00000008 00000004 00000000 0000007c 00000078 00000074 00000070 0000006c 00000068 00000064 00000060 0000005c 00000058 00000054 00000050 0000004c 00000048 00000044 00000040 
sm   0 warp 0 0x800002c4 0x02a34557 v 10 11111111111111111111111111111111 7000013c 70000138 70000134 70000130 7000012c 70000128 70000124 70000120 7000011c 70000118 70000114 70000110 7000010c 70000108 70000104 70000100 7000017c 70000178 70000174 70000170 7000016c 70000168 70000164 70000160 7000015c 70000158 70000154 70000150 7000014c 70000148 70000144 70000140 
sm   0 warp 0 0x800002c8 0x0005227b lsu.r v  4 op 3 @ 7000013c 70000138 70000134 70000130 7000012c 70000128 70000124 70000120 7000011c 70000118 70000114 70000110 7000010c 70000108 70000104 70000100 7000017c 70000178 70000174 70000170 7000016c 70000168 70000164 70000160 7000015c 70000158 70000154 70000150 7000014c 70000148 70000144 70000140
sm   0 warp 0 0x800002c8 0x0005227b v  4 11111111111111111111111111111111 45800000 44800000 47a20000 48a20000 46c80000 47a20000 46100000 47800000 48800000 47a20000 44800000 44800000 46c80000 44800000 47800000 46100000 00000000 00000000 00000000 00000000 00000000 00000000 00000000 00000000 00000000 00000000 00000000 00000000 00000000 00000000 00000000 00000000 
sm   0 warp 0 0x800002d0 0x70000337 x  6  70000000
sm   0 warp 0 0x800002cc 0x02411157 v  2 11111111111111111111111111111111 45800000 44800000 47a20000 48a20000 46c80000 47a20000 46100000 47800000 48800000 47a20000 44800000 44800000 46c80000 44800000 47800000 46100000 45800000 44800000 47a20000 48a20000 46c80000 47a20000 46100000 47800000 48800000 47a20000 44800000 44800000 46c80000 44800000 47800000 46100000 
sm   0 warp 0 0x800002d4 0x10030313 x  6  70000100
sm   0 warp 0 0x800002d8 0x5208a557 v 10 11111111111111111111111111111111 0000001f 0000001e 0000001d 0000001c 0000001b 0000001a 00000019 00000018 00000017 00000016 00000015 00000014 00000013 00000012 00000011 00000010 0000000f 0000000e 0000000d 0000000c 0000000b 0000000a 00000009 00000008 00000007 00000006 00000005 00000004 00000003 00000002 00000001 00000000 
sm   0 warp 0 0x800002dc 0x96a13557 v 10 11111111111111111111111111111111 0000007c 00000078 00000074 00000070 0000006c 00000068 00000064 00000060 0000005c 00000058 00000054 00000050 0000004c 00000048 00000044 00000040 0000003c 00000038 00000034 00000030 0000002c 00000028 00000024 00000020 0000001c 00000018 00000014 00000010 0000000c 00000008 00000004 00000000 
[L1C] #   1728 SM 0 CACHE 0 ADDR 80000300
sm   0 warp 0 0x800002e0 0x02a34557 v 10 11111111111111111111111111111111 7000017c 70000178 70000174 70000170 7000016c 70000168 70000164 70000160 7000015c 70000158 70000154 70000150 7000014c 70000148 70000144 70000140 7000013c 70000138 70000134 70000130 7000012c 70000128 70000124 70000120 7000011c 70000118 70000114 70000110 7000010c 70000108 70000104 70000100 
sm   0 warp 0 0x800002e4 0x0025607b lsu.w v  2 op 3 mask 11111111111111111111111111111111 45800000 44800000 47a20000 48a20000 46c80000 47a20000 46100000 47800000 48800000 47a20000 44800000 44800000 46c80000 44800000 47800000 46100000 45800000 44800000 47a20000 48a20000 46c80000 47a20000 46100000 47800000 48800000 47a20000 44800000 44800000 46c80000 44800000 47800000 46100000 @ 7000017c 70000178 70000174 70000170 7000016c 70000168 70000164 70000160 7000015c 70000158 70000154 70000150 7000014c 70000148 70000144 70000140 7000013c 70000138 70000134 70000130 7000012c 70000128 70000124 70000120 7000011c 70000118 70000114 70000110 7000010c 70000108 70000104 70000100
sm   0 warp 0 0x800002e8 0x70000337 x  6  70000000
sm   0 warp 0 0x800002e4 0x0025607b lsu.w finish
sm   0 warp 0 0x800002ec 0x10030313 x  6  70000100
sm   0 warp 0 0x800002f0 0x5208a557 v 10 11111111111111111111111111111111 0000001f 0000001e 0000001d 0000001c 0000001b 0000001a 00000019 00000018 00000017 00000016 00000015 00000014 00000013 00000012 00000011 00000010 0000000f 0000000e 0000000d 0000000c 0000000b 0000000a 00000009 00000008 00000007 00000006 00000005 00000004 00000003 00000002 00000001 00000000 
sm   0 warp 0 0x800002f4 0x000003b7 x  7  00000000
sm   0 warp 0 0x800002f8 0x00838393 x  7  00000008
sm   0 warp 0 0x800002fc 0x02a3c557 v 10 11111111111111111111111111111111 00000027 00000026 00000025 00000024 00000023 00000022 00000021 00000020 0000001f 0000001e 0000001d 0000001c 0000001b 0000001a 00000019 00000018 00000017 00000016 00000015 00000014 00000013 00000012 00000011 00000010 0000000f 0000000e 0000000d 0000000c 0000000b 0000000a 00000009 00000008 
sm   0 warp 0 0x80000300 0x000003b7 x  7  00000000
sm   0 warp 0 0x80000304 0x01f38393 x  7  0000001f
sm   0 warp 0 0x80000308 0x26a3c557 v 10 11111111111111111111111111111111 00000007 00000006 00000005 00000004 00000003 00000002 00000001 00000000 0000001f 0000001e 0000001d 0000001c 0000001b 0000001a 00000019 00000018 00000017 00000016 00000015 00000014 00000013 00000012 00000011 00000010 0000000f 0000000e 0000000d 0000000c 0000000b 0000000a 00000009 00000008 
sm   0 warp 0 0x8000030c 0x96a13557 v 10 11111111111111111111111111111111 0000001c 00000018 00000014 00000010 0000000c 00000008 00000004 00000000 0000007c 00000078 00000074 00000070 0000006c 00000068 00000064 00000060 0000005c 00000058 00000054 00000050 0000004c 00000048 00000044 00000040 0000003c 00000038 00000034 00000030 0000002c 00000028 00000024 00000020 
sm   0 warp 0 0x80000310 0x02a34557 v 10 11111111111111111111111111111111 7000011c 70000118 70000114 70000110 7000010c 70000108 70000104 70000100 7000017c 70000178 70000174 70000170 7000016c 70000168 70000164 70000160 7000015c 70000158 70000154 70000150 7000014c 70000148 70000144 70000140 7000013c 70000138 70000134 70000130 7000012c 70000128 70000124 70000120 
sm   0 warp 0 0x80000314 0x0005227b lsu.r v  4 op 3 @ 7000011c 70000118 70000114 70000110 7000010c 70000108 70000104 70000100 7000017c 70000178 70000174 70000170 7000016c 70000168 70000164 70000160 7000015c 70000158 70000154 70000150 7000014c 70000148 70000144 70000140 7000013c 70000138 70000134 70000130 7000012c 70000128 70000124 70000120
sm   0 warp 0 0x80000314 0x0005227b v  4 11111111111111111111111111111111 48800000 47a20000 44800000 44800000 46c80000 44800000 47800000 46100000 45800000 44800000 47a20000 48a20000 46c80000 47a20000 46100000 47800000 48800000 47a20000 44800000 44800000 46c80000 44800000 47800000 46100000 45800000 44800000 47a20000 48a20000 46c80000 47a20000 46100000 47800000 
sm   0 warp 0 0x8000031c 0x70000337 x  6  70000000
sm   0 warp 0 0x80000318 0x02411157 v  2 11111111111111111111111111111111 48820000 47a40000 47a40000 48a28000 47480000 47a40000 47920000 47920000 48820000 47a40000 47a40000 48a28000 47480000 47a40000 47920000 47920000 48820000 47a40000 47a40000 48a28000 47480000 47a40000 47920000 47920000 48820000 47a40000 47a40000 48a28000 47480000 47a40000 47920000 47920000 
sm   0 warp 0 0x80000320 0x10030313 x  6  70000100
sm   0 warp 0 0x80000324 0x5208a557 v 10 11111111111111111111111111111111 0000001f 0000001e 0000001d 0000001c 0000001b 0000001a 00000019 00000018 00000017 00000016 00000015 00000014 00000013 00000012 00000011 00000010 0000000f 0000000e 0000000d 0000000c 0000000b 0000000a 00000009 00000008 00000007 00000006 00000005 00000004 00000003 00000002 00000001 00000000 
sm   0 warp 0 0x80000328 0x96a13557 v 10 11111111111111111111111111111111 0000007c 00000078 00000074 00000070 0000006c 00000068 00000064 00000060 0000005c 00000058 00000054 00000050 0000004c 00000048 00000044 00000040 0000003c 00000038 00000034 00000030 0000002c 00000028 00000024 00000020 0000001c 00000018 00000014 00000010 0000000c 00000008 00000004 00000000 
sm   0 warp 0 0x8000032c 0x02a34557 v 10 11111111111111111111111111111111 7000017c 70000178 70000174 70000170 7000016c 70000168 70000164 70000160 7000015c 70000158 70000154 70000150 7000014c 70000148 70000144 70000140 7000013c 70000138 70000134 70000130 7000012c 70000128 70000124 70000120 7000011c 70000118 70000114 70000110 7000010c 70000108 70000104 70000100 
sm   0 warp 0 0x80000330 0x0025607b lsu.w v  2 op 3 mask 11111111111111111111111111111111 48820000 47a40000 47a40000 48a28000 47480000 47a40000 47920000 47920000 48820000 47a40000 47a40000 48a28000 47480000 47a40000 47920000 47920000 48820000 47a40000 47a40000 48a28000 47480000 47a40000 47920000 47920000 48820000 47a40000 47a40000 48a28000 47480000 47a40000 47920000 47920000 @ 7000017c 70000178 70000174 70000170 7000016c 70000168 70000164 70000160 7000015c 70000158 70000154 70000150 7000014c 70000148 70000144 70000140 7000013c 70000138 70000134 70000130 7000012c 70000128 70000124 70000120 7000011c 70000118 70000114 70000110 7000010c 70000108 70000104 70000100
sm   0 warp 0 0x80000334 0x70000337 x  6  70000000
sm   0 warp 0 0x80000330 0x0025607b lsu.w finish
sm   0 warp 0 0x80000338 0x10030313 x  6  70000100
sm   0 warp 0 0x8000033c 0x5208a557 v 10 11111111111111111111111111111111 0000001f 0000001e 0000001d 0000001c 0000001b 0000001a 00000019 00000018 00000017 00000016 00000015 00000014 00000013 00000012 00000011 00000010 0000000f 0000000e 0000000d 0000000c 0000000b 0000000a 00000009 00000008 00000007 00000006 00000005 00000004 00000003 00000002 00000001 00000000 
sm   0 warp 0 0x80000340 0x000003b7 x  7  00000000
sm   0 warp 0 0x80000344 0x00438393 x  7  00000004
sm   0 warp 0 0x80000348 0x02a3c557 v 10 11111111111111111111111111111111 00000023 00000022 00000021 00000020 0000001f 0000001e 0000001d 0000001c 0000001b 0000001a 00000019 00000018 00000017 00000016 00000015 00000014 00000013 00000012 00000011 00000010 0000000f 0000000e 0000000d 0000000c 0000000b 0000000a 00000009 00000008 00000007 00000006 00000005 00000004 
sm   0 warp 0 0x8000034c 0x000003b7 x  7  00000000
sm   0 warp 0 0x80000350 0x01f38393 x  7  0000001f
sm   0 warp 0 0x80000354 0x26a3c557 v 10 11111111111111111111111111111111 00000003 00000002 00000001 00000000 0000001f 0000001e 0000001d 0000001c 0000001b 0000001a 00000019 00000018 00000017 00000016 00000015 00000014 00000013 00000012 00000011 00000010 0000000f 0000000e 0000000d 0000000c 0000000b 0000000a 00000009 00000008 00000007 00000006 00000005 00000004 
sm   0 warp 0 0x80000358 0x96a13557 v 10 11111111111111111111111111111111 0000000c 00000008 00000004 00000000 0000007c 00000078 00000074 00000070 0000006c 00000068 00000064 00000060 0000005c 00000058 00000054 00000050 0000004c 00000048 00000044 00000040 0000003c 00000038 00000034 00000030 0000002c 00000028 00000024 00000020 0000001c 00000018 00000014 00000010 
sm   0 warp 0 0x8000035c 0x02a34557 v 10 11111111111111111111111111111111 7000010c 70000108 70000104 70000100 7000017c 70000178 70000174 70000170 7000016c 70000168 70000164 70000160 7000015c 70000158 70000154 70000150 7000014c 70000148 70000144 70000140 7000013c 70000138 70000134 70000130 7000012c 70000128 70000124 70000120 7000011c 70000118 70000114 70000110 
[L1C] #   1866 SM 0 CACHE 0 ADDR 80000380
sm   0 warp 0 0x80000360 0x0005227b lsu.r v  4 op 3 @ 7000010c 70000108 70000104 70000100 7000017c 70000178 70000174 70000170 7000016c 70000168 70000164 70000160 7000015c 70000158 70000154 70000150 7000014c 70000148 70000144 70000140 7000013c 70000138 70000134 70000130 7000012c 70000128 70000124 70000120 7000011c 70000118 70000114 70000110
sm   0 warp 0 0x80000360 0x0005227b v  4 11111111111111111111111111111111 47480000 47a40000 47920000 47920000 48820000 47a40000 47a40000 48a28000 47480000 47a40000 47920000 47920000 48820000 47a40000 47a40000 48a28000 47480000 47a40000 47920000 47920000 48820000 47a40000 47a40000 48a28000 47480000 47a40000 47920000 47920000 48820000 47a40000 47a40000 48a28000 
[L1C] #   1882 SM 0 CACHE 0 ADDR 80000380
sm   0 warp 0 0x80000368 0x70000337 x  6  70000000
sm   0 warp 0 0x80000364 0x02411157 v  2 11111111111111111111111111111111 489b0000 48240000 481b0000 48c70000 489b0000 48240000 481b0000 48c70000 489b0000 48240000 481b0000 48c70000 489b0000 48240000 481b0000 48c70000 489b0000 48240000 481b0000 48c70000 489b0000 48240000 481b0000 48c70000 489b0000 48240000 481b0000 48c70000 489b0000 48240000 481b0000 48c70000 
sm   0 warp 0 0x8000036c 0x10030313 x  6  70000100
[L1C] #   1889 SM 0 CACHE 0 ADDR 80000380
sm   0 warp 0 0x80000370 0x5208a557 v 10 11111111111111111111111111111111 0000001f 0000001e 0000001d 0000001c 0000001b 0000001a 00000019 00000018 00000017 00000016 00000015 00000014 00000013 00000012 00000011 00000010 0000000f 0000000e 0000000d 0000000c 0000000b 0000000a 00000009 00000008 00000007 00000006 00000005 00000004 00000003 00000002 00000001 00000000 
sm   0 warp 0 0x80000374 0x96a13557 v 10 11111111111111111111111111111111 0000007c 00000078 00000074 00000070 0000006c 00000068 00000064 00000060 0000005c 00000058 00000054 00000050 0000004c 00000048 00000044 00000040 0000003c 00000038 00000034 00000030 0000002c 00000028 00000024 00000020 0000001c 00000018 00000014 00000010 0000000c 00000008 00000004 00000000 
[L1C] #   1896 SM 0 CACHE 0 ADDR 80000380
sm   0 warp 0 0x80000378 0x02a34557 v 10 11111111111111111111111111111111 7000017c 70000178 70000174 70000170 7000016c 70000168 70000164 70000160 7000015c 70000158 70000154 70000150 7000014c 70000148 70000144 70000140 7000013c 70000138 70000134 70000130 7000012c 70000128 70000124 70000120 7000011c 70000118 70000114 70000110 7000010c 70000108 70000104 70000100 
sm   0 warp 0 0x8000037c 0x0025607b lsu.w v  2 op 3 mask 11111111111111111111111111111111 489b0000 48240000 481b0000 48c70000 489b0000 48240000 481b0000 48c70000 489b0000 48240000 481b0000 48c70000 489b0000 48240000 481b0000 48c70000 489b0000 48240000 481b0000 48c70000 489b0000 48240000 481b0000 48c70000 489b0000 48240000 481b0000 48c70000 489b0000 48240000 481b0000 48c70000 @ 7000017c 70000178 70000174 70000170 7000016c 70000168 70000164 70000160 7000015c 70000158 70000154 70000150 7000014c 70000148 70000144 70000140 7000013c 70000138 70000134 70000130 7000012c 70000128 70000124 70000120 7000011c 70000118 70000114 70000110 7000010c 70000108 70000104 70000100
sm   0 warp 0 0x80000380 0x70000337 x  6  70000000
sm   0 warp 0 0x8000037c 0x0025607b lsu.w finish
sm   0 warp 0 0x80000384 0x10030313 x  6  70000100
sm   0 warp 0 0x80000388 0x5208a557 v 10 11111111111111111111111111111111 0000001f 0000001e 0000001d 0000001c 0000001b 0000001a 00000019 00000018 00000017 00000016 00000015 00000014 00000013 00000012 00000011 00000010 0000000f 0000000e 0000000d 0000000c 0000000b 0000000a 00000009 00000008 00000007 00000006 00000005 00000004 00000003 00000002 00000001 00000000 
sm   0 warp 0 0x8000038c 0x000003b7 x  7  00000000
sm   0 warp 0 0x80000390 0x00238393 x  7  00000002
sm   0 warp 0 0x80000394 0x02a3c557 v 10 11111111111111111111111111111111 00000021 00000020 0000001f 0000001e 0000001d 0000001c 0000001b 0000001a 00000019 00000018 00000017 00000016 00000015 00000014 00000013 00000012 00000011 00000010 0000000f 0000000e 0000000d 0000000c 0000000b 0000000a 00000009 00000008 00000007 00000006 00000005 00000004 00000003 00000002 
sm   0 warp 0 0x80000398 0x000003b7 x  7  00000000
sm   0 warp 0 0x8000039c 0x01f38393 x  7  0000001f
sm   0 warp 0 0x800003a0 0x26a3c557 v 10 11111111111111111111111111111111 00000001 00000000 0000001f 0000001e 0000001d 0000001c 0000001b 0000001a 00000019 00000018 00000017 00000016 00000015 00000014 00000013 00000012 00000011 00000010 0000000f 0000000e 0000000d 0000000c 0000000b 0000000a 00000009 00000008 00000007 00000006 00000005 00000004 00000003 00000002 
sm   0 warp 0 0x800003a4 0x96a13557 v 10 11111111111111111111111111111111 00000004 00000000 0000007c 00000078 00000074 00000070 0000006c 00000068 00000064 00000060 0000005c 00000058 00000054 00000050 0000004c 00000048 00000044 00000040 0000003c 00000038 00000034 00000030 0000002c 00000028 00000024 00000020 0000001c 00000018 00000014 00000010 0000000c 00000008 
sm   0 warp 0 0x800003a8 0x02a34557 v 10 11111111111111111111111111111111 70000104 70000100 7000017c 70000178 70000174 70000170 7000016c 70000168 70000164 70000160 7000015c 70000158 70000154 70000150 7000014c 70000148 70000144 70000140 7000013c 70000138 70000134 70000130 7000012c 70000128 70000124 70000120 7000011c 70000118 70000114 70000110 7000010c 70000108 
sm   0 warp 0 0x800003ac 0x0005227b lsu.r v  4 op 3 @ 70000104 70000100 7000017c 70000178 70000174 70000170 7000016c 70000168 70000164 70000160 7000015c 70000158 70000154 70000150 7000014c 70000148 70000144 70000140 7000013c 70000138 70000134 70000130 7000012c 70000128 70000124 70000120 7000011c 70000118 70000114 70000110 7000010c 70000108
sm   0 warp 0 0x800003ac 0x0005227b v  4 11111111111111111111111111111111 481b0000 48c70000 489b0000 48240000 481b0000 48c70000 489b0000 48240000 481b0000 48c70000 489b0000 48240000 481b0000 48c70000 489b0000 48240000 481b0000 48c70000 489b0000 48240000 481b0000 48c70000 489b0000 48240000 481b0000 48c70000 489b0000 48240000 481b0000 48c70000 489b0000 48240000 
sm   0 warp 0 0x800003b4 0x70000337 x  6  70000000
sm   0 warp 0 0x800003b0 0x02411157 v  2 11111111111111111111111111111111 48e88000 490c8000 48e88000 490c8000 48e88000 490c8000 48e88000 490c8000 48e88000 490c8000 48e88000 490c8000 48e88000 490c8000 48e88000 490c8000 48e88000 490c8000 48e88000 490c8000 48e88000 490c8000 48e88000 490c8000 48e88000 490c8000 48e88000 490c8000 48e88000 490c8000 48e88000 490c8000 
sm   0 warp 0 0x800003b8 0x10030313 x  6  70000100
sm   0 warp 0 0x800003bc 0x5208a557 v 10 11111111111111111111111111111111 0000001f 0000001e 0000001d 0000001c 0000001b 0000001a 00000019 00000018 00000017 00000016 00000015 00000014 00000013 00000012 00000011 00000010 0000000f 0000000e 0000000d 0000000c 0000000b 0000000a 00000009 00000008 00000007 00000006 00000005 00000004 00000003 00000002 00000001 00000000 
sm   0 warp 0 0x800003c0 0x96a13557 v 10 11111111111111111111111111111111 0000007c 00000078 00000074 00000070 0000006c 00000068 00000064 00000060 0000005c 00000058 00000054 00000050 0000004c 00000048 00000044 00000040 0000003c 00000038 00000034 00000030 0000002c 00000028 00000024 00000020 0000001c 00000018 00000014 00000010 0000000c 00000008 00000004 00000000 
sm   0 warp 0 0x800003c4 0x02a34557 v 10 11111111111111111111111111111111 7000017c 70000178 70000174 70000170 7000016c 70000168 70000164 70000160 7000015c 70000158 70000154 70000150 7000014c 70000148 70000144 70000140 7000013c 70000138 70000134 70000130 7000012c 70000128 70000124 70000120 7000011c 70000118 70000114 70000110 7000010c 70000108 70000104 70000100 
sm   0 warp 0 0x800003c8 0x0025607b lsu.w v  2 op 3 mask 11111111111111111111111111111111 48e88000 490c8000 48e88000 490c8000 48e88000 490c8000 48e88000 490c8000 48e88000 490c8000 48e88000 490c8000 48e88000 490c8000 48e88000 490c8000 48e88000 490c8000 48e88000 490c8000 48e88000 490c8000 48e88000 490c8000 48e88000 490c8000 48e88000 490c8000 48e88000 490c8000 48e88000 490c8000 @ 7000017c 70000178 70000174 70000170 7000016c 70000168 70000164 70000160 7000015c 70000158 70000154 70000150 7000014c 70000148 70000144 70000140 7000013c 70000138 70000134 70000130 7000012c 70000128 70000124 70000120 7000011c 70000118 70000114 70000110 7000010c 70000108 70000104 70000100
sm   0 warp 0 0x800003cc 0x70000337 x  6  70000000
sm   0 warp 0 0x800003c8 0x0025607b lsu.w finish
sm   0 warp 0 0x800003d0 0x10030313 x  6  70000100
sm   0 warp 0 0x800003d4 0x5208a557 v 10 11111111111111111111111111111111 0000001f 0000001e 0000001d 0000001c 0000001b 0000001a 00000019 00000018 00000017 00000016 00000015 00000014 00000013 00000012 00000011 00000010 0000000f 0000000e 0000000d 0000000c 0000000b 0000000a 00000009 00000008 00000007 00000006 00000005 00000004 00000003 00000002 00000001 00000000 
sm   0 warp 0 0x800003d8 0x000003b7 x  7  00000000
sm   0 warp 0 0x800003dc 0x00138393 x  7  00000001
[L1C] #   2007 SM 0 CACHE 0 ADDR 80000400
sm   0 warp 0 0x800003e0 0x02a3c557 v 10 11111111111111111111111111111111 00000020 0000001f 0000001e 0000001d 0000001c 0000001b 0000001a 00000019 00000018 00000017 00000016 00000015 00000014 00000013 00000012 00000011 00000010 0000000f 0000000e 0000000d 0000000c 0000000b 0000000a 00000009 00000008 00000007 00000006 00000005 00000004 00000003 00000002 00000001 
sm   0 warp 0 0x800003e4 0x000003b7 x  7  00000000
sm   0 warp 0 0x800003e8 0x01f38393 x  7  0000001f
sm   0 warp 0 0x800003ec 0x26a3c557 v 10 11111111111111111111111111111111 00000000 0000001f 0000001e 0000001d 0000001c 0000001b 0000001a 00000019 00000018 00000017 00000016 00000015 00000014 00000013 00000012 00000011 00000010 0000000f 0000000e 0000000d 0000000c 0000000b 0000000a 00000009 00000008 00000007 00000006 00000005 00000004 00000003 00000002 00000001 
sm   0 warp 0 0x800003f0 0x96a13557 v 10 11111111111111111111111111111111 00000000 0000007c 00000078 00000074 00000070 0000006c 00000068 00000064 00000060 0000005c 00000058 00000054 00000050 0000004c 00000048 00000044 00000040 0000003c 00000038 00000034 00000030 0000002c 00000028 00000024 00000020 0000001c 00000018 00000014 00000010 0000000c 00000008 00000004 
sm   0 warp 0 0x800003f4 0x02a34557 v 10 11111111111111111111111111111111 70000100 7000017c 70000178 70000174 70000170 7000016c 70000168 70000164 70000160 7000015c 70000158 70000154 70000150 7000014c 70000148 70000144 70000140 7000013c 70000138 70000134 70000130 7000012c 70000128 70000124 70000120 7000011c 70000118 70000114 70000110 7000010c 70000108 70000104 
sm   0 warp 0 0x800003f8 0x0005227b lsu.r v  4 op 3 @ 70000100 7000017c 70000178 70000174 70000170 7000016c 70000168 70000164 70000160 7000015c 70000158 70000154 70000150 7000014c 70000148 70000144 70000140 7000013c 70000138 70000134 70000130 7000012c 70000128 70000124 70000120 7000011c 70000118 70000114 70000110 7000010c 70000108 70000104
sm   0 warp 0 0x800003f8 0x0005227b v  4 11111111111111111111111111111111 490c8000 48e88000 490c8000 48e88000 490c8000 48e88000 490c8000 48e88000 490c8000 48e88000 490c8000 48e88000 490c8000 48e88000 490c8000 48e88000 490c8000 48e88000 490c8000 48e88000 490c8000 48e88000 490c8000 48e88000 490c8000 48e88000 490c8000 48e88000 490c8000 48e88000 490c8000 48e88000 
sm   0 warp 0 0x80000400 0x70000337 x  6  70000000
sm   0 warp 0 0x800003fc 0x02411157 v  2 11111111111111111111111111111111 49806000 49806000 49806000 49806000 49806000 49806000 49806000 49806000 49806000 49806000 49806000 49806000 49806000 49806000 49806000 49806000 49806000 49806000 49806000 49806000 49806000 49806000 49806000 49806000 49806000 49806000 49806000 49806000 49806000 49806000 49806000 49806000 
sm   0 warp 0 0x80000404 0x10030313 x  6  70000100
sm   0 warp 0 0x80000408 0x5208a557 v 10 11111111111111111111111111111111 0000001f 0000001e 0000001d 0000001c 0000001b 0000001a 00000019 00000018 00000017 00000016 00000015 00000014 00000013 00000012 00000011 00000010 0000000f 0000000e 0000000d 0000000c 0000000b 0000000a 00000009 00000008 00000007 00000006 00000005 00000004 00000003 00000002 00000001 00000000 
sm   0 warp 0 0x8000040c 0x96a13557 v 10 11111111111111111111111111111111 0000007c 00000078 00000074 00000070 0000006c 00000068 00000064 00000060 0000005c 00000058 00000054 00000050 0000004c 00000048 00000044 00000040 0000003c 00000038 00000034 00000030 0000002c 00000028 00000024 00000020 0000001c 00000018 00000014 00000010 0000000c 00000008 00000004 00000000 
sm   0 warp 0 0x80000410 0x02a34557 v 10 11111111111111111111111111111111 7000017c 70000178 70000174 70000170 7000016c 70000168 70000164 70000160 7000015c 70000158 70000154 70000150 7000014c 70000148 70000144 70000140 7000013c 70000138 70000134 70000130 7000012c 70000128 70000124 70000120 7000011c 70000118 70000114 70000110 7000010c 70000108 70000104 70000100 
sm   0 warp 0 0x80000414 0x0025607b lsu.w v  2 op 3 mask 11111111111111111111111111111111 49806000 49806000 49806000 49806000 49806000 49806000 49806000 49806000 49806000 49806000 49806000 49806000 49806000 49806000 49806000 49806000 49806000 49806000 49806000 49806000 49806000 49806000 49806000 49806000 49806000 49806000 49806000 49806000 49806000 49806000 49806000 49806000 @ 7000017c 70000178 70000174 70000170 7000016c 70000168 70000164 70000160 7000015c 70000158 70000154 70000150 7000014c 70000148 70000144 70000140 7000013c 70000138 70000134 70000130 7000012c 70000128 70000124 70000120 7000011c 70000118 70000114 70000110 7000010c 70000108 70000104 70000100
sm   0 warp 0 0x80000418 0x2a108f57 v 30 11111111111111111111111111111111 43900000 43900000 43900000 43900000 43900000 43900000 43900000 43900000 43900000 43900000 43900000 43900000 43900000 43900000 43900000 43900000 43900000 43900000 43900000 43900000 43900000 43900000 43900000 43900000 43900000 43900000 43900000 43900000 43900000 43900000 43900000 43900000 
sm   0 warp 0 0x80000414 0x0025607b lsu.w finish
sm   0 warp 0 0x8000041c 0x2bff80d7 v  1 11111111111111111111111111111111 00000000 00000000 00000000 00000000 00000000 00000000 00000000 00000000 00000000 00000000 00000000 00000000 00000000 00000000 00000000 00000000 00000000 00000000 00000000 00000000 00000000 00000000 00000000 00000000 00000000 00000000 00000000 00000000 00000000 00000000 00000000 00000000 
sm   0 warp 0 0x80000420 0xb30f10d7 v  1 11111111111111111111111111111111 41100000 41100000 41100000 41100000 41100000 41100000 41100000 41100000 41100000 41100000 41100000 41100000 41100000 41100000 41100000 41100000 41100000 41100000 41100000 41100000 41100000 41100000 41100000 41100000 41100000 41100000 41100000 41100000 41100000 41100000 41100000 41100000 
sm   0 warp 0 0x80000424 0x2a210f57 v 30 11111111111111111111111111111111 49806000 49806000 49806000 49806000 49806000 49806000 49806000 49806000 49806000 49806000 49806000 49806000 49806000 49806000 49806000 49806000 49806000 49806000 49806000 49806000 49806000 49806000 49806000 49806000 49806000 49806000 49806000 49806000 49806000 49806000 49806000 49806000 
sm   0 warp 0 0x80000428 0x2bff8157 v  2 11111111111111111111111111111111 00000000 00000000 00000000 00000000 00000000 00000000 00000000 00000000 00000000 00000000 00000000 00000000 00000000 00000000 00000000 00000000 00000000 00000000 00000000 00000000 00000000 00000000 00000000 00000000 00000000 00000000 00000000 00000000 00000000 00000000 00000000 00000000 
sm   0 warp 0 0x8000042c 0xb30f1157 v  2 11111111111111111111111111111111 47006000 47006000 47006000 47006000 47006000 47006000 47006000 47006000 47006000 47006000 47006000 47006000 47006000 47006000 47006000 47006000 47006000 47006000 47006000 47006000 47006000 47006000 47006000 47006000 47006000 47006000 47006000 47006000 47006000 47006000 47006000 47006000 
sm   0 warp 0 0x80000430 0xbe109157 v  2 11111111111111111111111111111111 47000f00 47000f00 47000f00 47000f00 47000f00 47000f00 47000f00 47000f00 47000f00 47000f00 47000f00 47000f00 47000f00 47000f00 47000f00 47000f00 47000f00 47000f00 47000f00 47000f00 47000f00 47000f00 47000f00 47000f00 47000f00 47000f00 47000f00 47000f00 47000f00 47000f00 47000f00 47000f00 
sm   0 warp 0 0x80000434 0x03111157 v  2 11111111111111111111111111111111 47000f00 47000f00 47000f00 47000f00 47000f00 47000f00 47000f00 47000f00 47000f00 47000f00 47000f00 47000f00 47000f00 47000f00 47000f00 47000f00 47000f00 47000f00 47000f00 47000f00 47000f00 47000f00 47000f00 47000f00 47000f00 47000f00 47000f00 47000f00 47000f00 47000f00 47000f00 47000f00 
sm   0 warp 0 0x80000438 0x2a2102d7 v  5 11111111111111111111111111111111 47000f00 47000f00 47000f00 47000f00 47000f00 47000f00 47000f00 47000f00 47000f00 47000f00 47000f00 47000f00 47000f00 47000f00 47000f00 47000f00 47000f00 47000f00 47000f00 47000f00 47000f00 47000f00 47000f00 47000f00 47000f00 47000f00 47000f00 47000f00 47000f00 47000f00 47000f00 47000f00 
sm   0 warp 0 0x8000043c 0xa250b2d7 v  5 11111111111111111111111111111111 23800780 23800780 23800780 23800780 23800780 23800780 23800780 23800780 23800780 23800780 23800780 23800780 23800780 23800780 23800780 23800780 23800780 23800780 23800780 23800780 23800780 23800780 23800780 23800780 23800780 23800780 23800780 23800780 23800780 23800780 23800780 23800780 
sm   0 warp 0 0x80000440 0x0b4282d7 v  5 11111111111111111111111111111111 3bb7525f 3bb7525f 3bb7525f 3bb7525f 3bb7525f 3bb7525f 3bb7525f 3bb7525f 3bb7525f 3bb7525f 3bb7525f 3bb7525f 3bb7525f 3bb7525f 3bb7525f 3bb7525f 3bb7525f 3bb7525f 3bb7525f 3bb7525f 3bb7525f 3bb7525f 3bb7525f 3bb7525f 3bb7525f 3bb7525f 3bb7525f 3bb7525f 3bb7525f 3bb7525f 3bb7525f 3bb7525f 
sm   0 warp 0 0x80000444 0x2bff8457 v  8 11111111111111111111111111111111 00000000 00000000 00000000 00000000 00000000 00000000 00000000 00000000 00000000 00000000 00000000 00000000 00000000 00000000 00000000 00000000 00000000 00000000 00000000 00000000 00000000 00000000 00000000 00000000 00000000 00000000 00000000 00000000 00000000 00000000 00000000 00000000 
sm   0 warp 0 0x80000448 0xb3211457 v  8 11111111111111111111111111111111 46800f00 46800f00 46800f00 46800f00 46800f00 46800f00 46800f00 46800f00 46800f00 46800f00 46800f00 46800f00 46800f00 46800f00 46800f00 46800f00 46800f00 46800f00 46800f00 46800f00 46800f00 46800f00 46800f00 46800f00 46800f00 46800f00 46800f00 46800f00 46800f00 46800f00 46800f00 46800f00 
sm   0 warp 0 0x8000044c 0x2bff8357 v  6 11111111111111111111111111111111 00000000 00000000 00000000 00000000 00000000 00000000 00000000 00000000 00000000 00000000 00000000 00000000 00000000 00000000 00000000 00000000 00000000 00000000 00000000 00000000 00000000 00000000 00000000 00000000 00000000 00000000 00000000 00000000 00000000 00000000 00000000 00000000 
sm   0 warp 0 0x80000450 0xb2529357 v  6 11111111111111111111111111111111 380346de 380346de 380346de 380346de 380346de 380346de 380346de 380346de 380346de 380346de 380346de 380346de 380346de 380346de 380346de 380346de 380346de 380346de 380346de 380346de 380346de 380346de 380346de 380346de 380346de 380346de 380346de 380346de 380346de 380346de 380346de 380346de 
sm   0 warp 0 0x80000454 0x2b3983d7 v  7 11111111111111111111111111111111 3fc00000 3fc00000 3fc00000 3fc00000 3fc00000 3fc00000 3fc00000 3fc00000 3fc00000 3fc00000 3fc00000 3fc00000 3fc00000 3fc00000 3fc00000 3fc00000 3fc00000 3fc00000 3fc00000 3fc00000 3fc00000 3fc00000 3fc00000 3fc00000 3fc00000 3fc00000 3fc00000 3fc00000 3fc00000 3fc00000 3fc00000 3fc00000 
sm   0 warp 0 0x80000458 0xbe6413d7 v  7 11111111111111111111111111111111 3f7ca9c0 3f7ca9c0 3f7ca9c0 3f7ca9c0 3f7ca9c0 3f7ca9c0 3f7ca9c0 3f7ca9c0 3f7ca9c0 3f7ca9c0 3f7ca9c0 3f7ca9c0 3f7ca9c0 3f7ca9c0 3f7ca9c0 3f7ca9c0 3f7ca9c0 3f7ca9c0 3f7ca9c0 3f7ca9c0 3f7ca9c0 3f7ca9c0 3f7ca9c0 3f7ca9c0 3f7ca9c0 3f7ca9c0 3f7ca9c0 3f7ca9c0 3f7ca9c0 3f7ca9c0 3f7ca9c0 3f7ca9c0 
sm   0 warp 0 0x8000045c 0x2a528f57 v 30 11111111111111111111111111111111 3bb7525f 3bb7525f 3bb7525f 3bb7525f 3bb7525f 3bb7525f 3bb7525f 3bb7525f 3bb7525f 3bb7525f 3bb7525f 3bb7525f 3bb7525f 3bb7525f 3bb7525f 3bb7525f 3bb7525f 3bb7525f 3bb7525f 3bb7525f 3bb7525f 3bb7525f 3bb7525f 3bb7525f 3bb7525f 3bb7525f 3bb7525f 3bb7525f 3bb7525f 3bb7525f 3bb7525f 3bb7525f 
[L1C] #   2179 SM 0 CACHE 0 ADDR 80000480
sm   0 warp 0 0x80000460 0x2bff82d7 v  5 11111111111111111111111111111111 00000000 00000000 00000000 00000000 00000000 00000000 00000000 00000000 00000000 00000000 00000000 00000000 00000000 00000000 00000000 00000000 00000000 00000000 00000000 00000000 00000000 00000000 00000000 00000000 00000000 00000000 00000000 00000000 00000000 00000000 00000000 00000000 
sm   0 warp 0 0x80000464 0xb27f12d7 v  5 11111111111111111111111111111111 3bb4eea4 3bb4eea4 3bb4eea4 3bb4eea4 3bb4eea4 3bb4eea4 3bb4eea4 3bb4eea4 3bb4eea4 3bb4eea4 3bb4eea4 3bb4eea4 3bb4eea4 3bb4eea4 3bb4eea4 3bb4eea4 3bb4eea4 3bb4eea4 3bb4eea4 3bb4eea4 3bb4eea4 3bb4eea4 3bb4eea4 3bb4eea4 3bb4eea4 3bb4eea4 3bb4eea4 3bb4eea4 3bb4eea4 3bb4eea4 3bb4eea4 3bb4eea4 
sm   0 warp 0 0x80000468 0x2bff8357 v  6 11111111111111111111111111111111 00000000 00000000 00000000 00000000 00000000 00000000 00000000 00000000 00000000 00000000 00000000 00000000 00000000 00000000 00000000 00000000 00000000 00000000 00000000 00000000 00000000 00000000 00000000 00000000 00000000 00000000 00000000 00000000 00000000 00000000 00000000 00000000 
sm   0 warp 0 0x8000046c 0xb2529357 v  6 11111111111111111111111111111111 37ffc0ea 37ffc0ea 37ffc0ea 37ffc0ea 37ffc0ea 37ffc0ea 37ffc0ea 37ffc0ea 37ffc0ea 37ffc0ea 37ffc0ea 37ffc0ea 37ffc0ea 37ffc0ea 37ffc0ea 37ffc0ea 37ffc0ea 37ffc0ea 37ffc0ea 37ffc0ea 37ffc0ea 37ffc0ea 37ffc0ea 37ffc0ea 37ffc0ea 37ffc0ea 37ffc0ea 37ffc0ea 37ffc0ea 37ffc0ea 37ffc0ea 37ffc0ea 
sm   0 warp 0 0x80000470 0x2b3983d7 v  7 11111111111111111111111111111111 3fc00000 3fc00000 3fc00000 3fc00000 3fc00000 3fc00000 3fc00000 3fc00000 3fc00000 3fc00000 3fc00000 3fc00000 3fc00000 3fc00000 3fc00000 3fc00000 3fc00000 3fc00000 3fc00000 3fc00000 3fc00000 3fc00000 3fc00000 3fc00000 3fc00000 3fc00000 3fc00000 3fc00000 3fc00000 3fc00000 3fc00000 3fc00000 
sm   0 warp 0 0x80000474 0xbe6413d7 v  7 11111111111111111111111111111111 3f800847 3f800847 3f800847 3f800847 3f800847 3f800847 3f800847 3f800847 3f800847 3f800847 3f800847 3f800847 3f800847 3f800847 3f800847 3f800847 3f800847 3f800847 3f800847 3f800847 3f800847 3f800847 3f800847 3f800847 3f800847 3f800847 3f800847 3f800847 3f800847 3f800847 3f800847 3f800847 
sm   0 warp 0 0x80000478 0x2a528f57 v 30 11111111111111111111111111111111 3bb4eea4 3bb4eea4 3bb4eea4 3bb4eea4 3bb4eea4 3bb4eea4 3bb4eea4 3bb4eea4 3bb4eea4 3bb4eea4 3bb4eea4 3bb4eea4 3bb4eea4 3bb4eea4 3bb4eea4 3bb4eea4 3bb4eea4 3bb4eea4 3bb4eea4 3bb4eea4 3bb4eea4 3bb4eea4 3bb4eea4 3bb4eea4 3bb4eea4 3bb4eea4 3bb4eea4 3bb4eea4 3bb4eea4 3bb4eea4 3bb4eea4 3bb4eea4 
sm   0 warp 0 0x8000047c 0x2bff82d7 v  5 11111111111111111111111111111111 00000000 00000000 00000000 00000000 00000000 00000000 00000000 00000000 00000000 00000000 00000000 00000000 00000000 00000000 00000000 00000000 00000000 00000000 00000000 00000000 00000000 00000000 00000000 00000000 00000000 00000000 00000000 00000000 00000000 00000000 00000000 00000000 
sm   0 warp 0 0x80000480 0xb27f12d7 v  5 11111111111111111111111111111111 3bb4fa57 3bb4fa57 3bb4fa57 3bb4fa57 3bb4fa57 3bb4fa57 3bb4fa57 3bb4fa57 3bb4fa57 3bb4fa57 3bb4fa57 3bb4fa57 3bb4fa57 3bb4fa57 3bb4fa57 3bb4fa57 3bb4fa57 3bb4fa57 3bb4fa57 3bb4fa57 3bb4fa57 3bb4fa57 3bb4fa57 3bb4fa57 3bb4fa57 3bb4fa57 3bb4fa57 3bb4fa57 3bb4fa57 3bb4fa57 3bb4fa57 3bb4fa57 
sm   0 warp 0 0x80000484 0x2bff8357 v  6 11111111111111111111111111111111 00000000 00000000 00000000 00000000 00000000 00000000 00000000 00000000 00000000 00000000 00000000 00000000 00000000 00000000 00000000 00000000 00000000 00000000 00000000 00000000 00000000 00000000 00000000 00000000 00000000 00000000 00000000 00000000 00000000 00000000 00000000 00000000 
sm   0 warp 0 0x80000488 0xb2529357 v  6 11111111111111111111111111111111 37ffe1fe 37ffe1fe 37ffe1fe 37ffe1fe 37ffe1fe 37ffe1fe 37ffe1fe 37ffe1fe 37ffe1fe 37ffe1fe 37ffe1fe 37ffe1fe 37ffe1fe 37ffe1fe 37ffe1fe 37ffe1fe 37ffe1fe 37ffe1fe 37ffe1fe 37ffe1fe 37ffe1fe 37ffe1fe 37ffe1fe 37ffe1fe 37ffe1fe 37ffe1fe 37ffe1fe 37ffe1fe 37ffe1fe 37ffe1fe 37ffe1fe 37ffe1fe 
sm   0 warp 0 0x8000048c 0x2b3983d7 v  7 11111111111111111111111111111111 3fc00000 3fc00000 3fc00000 3fc00000 3fc00000 3fc00000 3fc00000 3fc00000 3fc00000 3fc00000 3fc00000 3fc00000 3fc00000 3fc00000 3fc00000 3fc00000 3fc00000 3fc00000 3fc00000 3fc00000 3fc00000 3fc00000 3fc00000 3fc00000 3fc00000 3fc00000 3fc00000 3fc00000 3fc00000 3fc00000 3fc00000 3fc00000 
sm   0 warp 0 0x80000490 0xbe6413d7 v  7 11111111111111111111111111111111 3f800001 3f800001 3f800001 3f800001 3f800001 3f800001 3f800001 3f800001 3f800001 3f800001 3f800001 3f800001 3f800001 3f800001 3f800001 3f800001 3f800001 3f800001 3f800001 3f800001 3f800001 3f800001 3f800001 3f800001 3f800001 3f800001 3f800001 3f800001 3f800001 3f800001 3f800001 3f800001 
sm   0 warp 0 0x80000494 0x2a528f57 v 30 11111111111111111111111111111111 3bb4fa57 3bb4fa57 3bb4fa57 3bb4fa57 3bb4fa57 3bb4fa57 3bb4fa57 3bb4fa57 3bb4fa57 3bb4fa57 3bb4fa57 3bb4fa57 3bb4fa57 3bb4fa57 3bb4fa57 3bb4fa57 3bb4fa57 3bb4fa57 3bb4fa57 3bb4fa57 3bb4fa57 3bb4fa57 3bb4fa57 3bb4fa57 3bb4fa57 3bb4fa57 3bb4fa57 3bb4fa57 3bb4fa57 3bb4fa57 3bb4fa57 3bb4fa57 
sm   0 warp 0 0x80000498 0x2bff82d7 v  5 11111111111111111111111111111111 00000000 00000000 00000000 00000000 00000000 00000000 00000000 00000000 00000000 00000000 00000000 00000000 00000000 00000000 00000000 00000000 00000000 00000000 00000000 00000000 00000000 00000000 00000000 00000000 00000000 00000000 00000000 00000000 00000000 00000000 00000000 00000000 
sm   0 warp 0 0x8000049c 0xb27f12d7 v  5 11111111111111111111111111111111 3bb4fa58 3bb4fa58 3bb4fa58 3bb4fa58 3bb4fa58 3bb4fa58 3bb4fa58 3bb4fa58 3bb4fa58 3bb4fa58 3bb4fa58 3bb4fa58 3bb4fa58 3bb4fa58 3bb4fa58 3bb4fa58 3bb4fa58 3bb4fa58 3bb4fa58 3bb4fa58 3bb4fa58 3bb4fa58 3bb4fa58 3bb4fa58 3bb4fa58 3bb4fa58 3bb4fa58 3bb4fa58 3bb4fa58 3bb4fa58 3bb4fa58 3bb4fa58 
sm   0 warp 0 0x800004a0 0x2bff8357 v  6 11111111111111111111111111111111 00000000 00000000 00000000 00000000 00000000 00000000 00000000 00000000 00000000 00000000 00000000 00000000 00000000 00000000 00000000 00000000 00000000 00000000 00000000 00000000 00000000 00000000 00000000 00000000 00000000 00000000 00000000 00000000 00000000 00000000 00000000 00000000 
sm   0 warp 0 0x800004a4 0xb2529357 v  6 11111111111111111111111111111111 37ffe201 37ffe201 37ffe201 37ffe201 37ffe201 37ffe201 37ffe201 37ffe201 37ffe201 37ffe201 37ffe201 37ffe201 37ffe201 37ffe201 37ffe201 37ffe201 37ffe201 37ffe201 37ffe201 37ffe201 37ffe201 37ffe201 37ffe201 37ffe201 37ffe201 37ffe201 37ffe201 37ffe201 37ffe201 37ffe201 37ffe201 37ffe201 
sm   0 warp 0 0x800004a8 0x2b3983d7 v  7 11111111111111111111111111111111 3fc00000 3fc00000 3fc00000 3fc00000 3fc00000 3fc00000 3fc00000 3fc00000 3fc00000 3fc00000 3fc00000 3fc00000 3fc00000 3fc00000 3fc00000 3fc00000 3fc00000 3fc00000 3fc00000 3fc00000 3fc00000 3fc00000 3fc00000 3fc00000 3fc00000 3fc00000 3fc00000 3fc00000 3fc00000 3fc00000 3fc00000 3fc00000 
sm   0 warp 0 0x800004ac 0xbe6413d7 v  7 11111111111111111111111111111111 3f800001 3f800001 3f800001 3f800001 3f800001 3f800001 3f800001 3f800001 3f800001 3f800001 3f800001 3f800001 3f800001 3f800001 3f800001 3f800001 3f800001 3f800001 3f800001 3f800001 3f800001 3f800001 3f800001 3f800001 3f800001 3f800001 3f800001 3f800001 3f800001 3f800001 3f800001 3f800001 
sm   0 warp 0 0x800004b0 0x2a528f57 v 30 11111111111111111111111111111111 3bb4fa58 3bb4fa58 3bb4fa58 3bb4fa58 3bb4fa58 3bb4fa58 3bb4fa58 3bb4fa58 3bb4fa58 3bb4fa58 3bb4fa58 3bb4fa58 3bb4fa58 3bb4fa58 3bb4fa58 3bb4fa58 3bb4fa58 3bb4fa58 3bb4fa58 3bb4fa58 3bb4fa58 3bb4fa58 3bb4fa58 3bb4fa58 3bb4fa58 3bb4fa58 3bb4fa58 3bb4fa58 3bb4fa58 3bb4fa58 3bb4fa58 3bb4fa58 
sm   0 warp 0 0x800004b4 0x2bff82d7 v  5 11111111111111111111111111111111 00000000 00000000 00000000 00000000 00000000 00000000 00000000 00000000 00000000 00000000 00000000 00000000 00000000 00000000 00000000 00000000 00000000 00000000 00000000 00000000 00000000 00000000 00000000 00000000 00000000 00000000 00000000 00000000 00000000 00000000 00000000 00000000 
sm   0 warp 0 0x800004bc 0x90002337 x  6  90002000
sm   0 warp 0 0x800004c0 0x5208a557 v 10 11111111111111111111111111111111 0000001f 0000001e 0000001d 0000001c 0000001b 0000001a 00000019 00000018 00000017 00000016 00000015 00000014 00000013 00000012 00000011 00000010 0000000f 0000000e 0000000d 0000000c 0000000b 0000000a 00000009 00000008 00000007 00000006 00000005 00000004 00000003 00000002 00000001 00000000 
sm   0 warp 0 0x800004b8 0xb27f12d7 v  5 11111111111111111111111111111111 3bb4fa59 3bb4fa59 3bb4fa59 3bb4fa59 3bb4fa59 3bb4fa59 3bb4fa59 3bb4fa59 3bb4fa59 3bb4fa59 3bb4fa59 3bb4fa59 3bb4fa59 3bb4fa59 3bb4fa59 3bb4fa59 3bb4fa59 3bb4fa59 3bb4fa59 3bb4fa59 3bb4fa59 3bb4fa59 3bb4fa59 3bb4fa59 3bb4fa59 3bb4fa59 3bb4fa59 3bb4fa59 3bb4fa59 3bb4fa59 3bb4fa59 3bb4fa59 
sm   0 warp 0 0x800004c4 0x96a13557 v 10 11111111111111111111111111111111 0000007c 00000078 00000074 00000070 0000006c 00000068 00000064 00000060 0000005c 00000058 00000054 00000050 0000004c 00000048 00000044 00000040 0000003c 00000038 00000034 00000030 0000002c 00000028 00000024 00000020 0000001c 00000018 00000014 00000010 0000000c 00000008 00000004 00000000 
sm   0 warp 0 0x800004c8 0x02a34557 v 10 11111111111111111111111111111111 9000207c 90002078 90002074 90002070 9000206c 90002068 90002064 90002060 9000205c 90002058 90002054 90002050 9000204c 90002048 90002044 90002040 9000203c 90002038 90002034 90002030 9000202c 90002028 90002024 90002020 9000201c 90002018 90002014 90002010 9000200c 90002008 90002004 90002000 
sm   0 warp 0 0x800004cc 0x000521fb lsu.r v  3 op 3 @ 9000207c 90002078 90002074 90002070 9000206c 90002068 90002064 90002060 9000205c 90002058 90002054 90002050 9000204c 90002048 90002044 90002040 9000203c 90002038 90002034 90002030 9000202c 90002028 90002024 90002020 9000201c 90002018 90002014 90002010 9000200c 90002008 90002004 90002000
sm   0 warp 0 0x800004cc 0x000521fb v  3 11111111111111111111111111111111 00000000 00000000 00000000 00000000 00000000 00000000 00000000 00000000 00000000 00000000 00000000 00000000 00000000 00000000 00000000 00000000 42800000 c2000000 c3900000 44100000 c3200000 43900000 42c00000 c3800000 44000000 c3900000 42000000 42000000 c3200000 42000000 c3800000 42c00000 
sm   0 warp 0 0x800004d0 0x0a3091d7 v  3 11111111111111111111111111111111 c1100000 c1100000 c1100000 c1100000 c1100000 c1100000 c1100000 c1100000 c1100000 c1100000 c1100000 c1100000 c1100000 c1100000 c1100000 c1100000 425c0000 c2240000 c3948000 440dc000 c3290000 438b8000 42ae0000 c3848000 43fb8000 c3948000 41b80000 41b80000 c3290000 41b80000 c3848000 42ae0000 
sm   0 warp 0 0x800004d4 0x2a318f57 v 30 11111111111111111111111111111111 c1100000 c1100000 c1100000 c1100000 c1100000 c1100000 c1100000 c1100000 c1100000 c1100000 c1100000 c1100000 c1100000 c1100000 c1100000 c1100000 425c0000 c2240000 c3948000 440dc000 c3290000 438b8000 42ae0000 c3848000 43fb8000 c3948000 41b80000 41b80000 c3290000 41b80000 c3848000 42ae0000 
sm   0 warp 0 0x800004d8 0x2bff81d7 v  3 11111111111111111111111111111111 00000000 00000000 00000000 00000000 00000000 00000000 00000000 00000000 00000000 00000000 00000000 00000000 00000000 00000000 00000000 00000000 00000000 00000000 00000000 00000000 00000000 00000000 00000000 00000000 00000000 00000000 00000000 00000000 00000000 00000000 00000000 00000000 
[L1C] #   2346 SM 0 CACHE 0 ADDR 80000500
sm   0 warp 0 0x800004e0 0x90100337 x  6  90100000
sm   0 warp 0 0x800004dc 0xb25f11d7 v  3 11111111111111111111111111111111 bd4b99a4 bd4b99a4 bd4b99a4 bd4b99a4 bd4b99a4 bd4b99a4 bd4b99a4 bd4b99a4 bd4b99a4 bd4b99a4 bd4b99a4 bd4b99a4 bd4b99a4 bd4b99a4 bd4b99a4 bd4b99a4 3e9b8724 be67e0c2 bfd1f671 40486b3e bf6ef28a 3fc53cd7 3ef60451 bfbb5726 4031cbf2 bfd1f671 3e0213f0 3e0213f0 bf6ef28a 3e0213f0 bfbb5726 3ef60451 
sm   0 warp 0 0x800004e4 0x10030313 x  6  90100100
sm   0 warp 0 0x800004e8 0x5208a557 v 10 11111111111111111111111111111111 0000001f 0000001e 0000001d 0000001c 0000001b 0000001a 00000019 00000018 00000017 00000016 00000015 00000014 00000013 00000012 00000011 00000010 0000000f 0000000e 0000000d 0000000c 0000000b 0000000a 00000009 00000008 00000007 00000006 00000005 00000004 00000003 00000002 00000001 00000000 
sm   0 warp 0 0x800004ec 0x96a13557 v 10 11111111111111111111111111111111 0000007c 00000078 00000074 00000070 0000006c 00000068 00000064 00000060 0000005c 00000058 00000054 00000050 0000004c 00000048 00000044 00000040 0000003c 00000038 00000034 00000030 0000002c 00000028 00000024 00000020 0000001c 00000018 00000014 00000010 0000000c 00000008 00000004 00000000 
sm   0 warp 0 0x800004f0 0x02a34557 v 10 11111111111111111111111111111111 9010017c 90100178 90100174 90100170 9010016c 90100168 90100164 90100160 9010015c 90100158 90100154 90100150 9010014c 90100148 90100144 90100140 9010013c 90100138 90100134 90100130 9010012c 90100128 90100124 90100120 9010011c 90100118 90100114 90100110 9010010c 90100108 90100104 90100100 
sm   0 warp 0 0x800004f4 0x0005237b lsu.r v  6 op 3 @ 9010017c 90100178 90100174 90100170 9010016c 90100168 90100164 90100160 9010015c 90100158 90100154 90100150 9010014c 90100148 90100144 90100140 9010013c 90100138 90100134 90100130 9010012c 90100128 90100124 90100120 9010011c 90100118 90100114 90100110 9010010c 90100108 90100104 90100100
sm   0 warp 0 0x800004f8 0x90100337 x  6  90100000
[L1C] #   2374 SM 0 CACHE 1 ADDR 90100100
sm   0 warp 0 0x800004fc 0x18030313 x  6  90100180
sm   0 warp 0 0x80000500 0x5208a557 v 10 11111111111111111111111111111111 0000001f 0000001e 0000001d 0000001c 0000001b 0000001a 00000019 00000018 00000017 00000016 00000015 00000014 00000013 00000012 00000011 00000010 0000000f 0000000e 0000000d 0000000c 0000000b 0000000a 00000009 00000008 00000007 00000006 00000005 00000004 00000003 00000002 00000001 00000000 
sm   0 warp 0 0x80000504 0x96a13557 v 10 11111111111111111111111111111111 0000007c 00000078 00000074 00000070 0000006c 00000068 00000064 00000060 0000005c 00000058 00000054 00000050 0000004c 00000048 00000044 00000040 0000003c 00000038 00000034 00000030 0000002c 00000028 00000024 00000020 0000001c 00000018 00000014 00000010 0000000c 00000008 00000004 00000000 
sm   0 warp 0 0x80000508 0x02a34557 v 10 11111111111111111111111111111111 901001fc 901001f8 901001f4 901001f0 901001ec 901001e8 901001e4 901001e0 901001dc 901001d8 901001d4 901001d0 901001cc 901001c8 901001c4 901001c0 901001bc 901001b8 901001b4 901001b0 901001ac 901001a8 901001a4 901001a0 9010019c 90100198 90100194 90100190 9010018c 90100188 90100184 90100180 
sm   0 warp 0 0x800004f4 0x0005237b v  6 11111111111111111111111111111111 3f200000 3f000000 3f800000 3f600000 3f400000 3f200000 3f000000 3f800000 3f600000 3f400000 3f200000 3f000000 3f800000 3f600000 3f400000 3f200000 3f000000 3f800000 3f600000 3f400000 3f200000 3f000000 3f800000 3f600000 3f400000 3f200000 3f000000 3f800000 3f600000 3f400000 3f200000 3f000000 
sm   0 warp 0 0x8000050c 0x000523fb lsu.r v  7 op 3 @ 901001fc 901001f8 901001f4 901001f0 901001ec 901001e8 901001e4 901001e0 901001dc 901001d8 901001d4 901001d0 901001cc 901001c8 901001c4 901001c0 901001bc 901001b8 901001b4 901001b0 901001ac 901001a8 901001a4 901001a0 9010019c 90100198 90100194 90100190 9010018c 90100188 90100184 90100180
sm   0 warp 0 0x80000510 0x2a318f57 v 30 11111111111111111111111111111111 bd4b99a4 bd4b99a4 bd4b99a4 bd4b99a4 bd4b99a4 bd4b99a4 bd4b99a4 bd4b99a4 bd4b99a4 bd4b99a4 bd4b99a4 bd4b99a4 bd4b99a4 bd4b99a4 bd4b99a4 bd4b99a4 3e9b8724 be67e0c2 bfd1f671 40486b3e bf6ef28a 3fc53cd7 3ef60451 bfbb5726 4031cbf2 bfd1f671 3e0213f0 3e0213f0 bf6ef28a 3e0213f0 bfbb5726 3ef60451 
[L1C] #   2398 SM 0 CACHE 1 ADDR 90100180
sm   0 warp 0 0x8000050c 0x000523fb v  7 11111111111111111111111111111111 3ee00000 3ec00000 3ea00000 3e800000 3f200000 3f100000 3f000000 3ee00000 3ec00000 3ea00000 3e800000 3f200000 3f100000 3f000000 3ee00000 3ec00000 3ea00000 3e800000 3f200000 3f100000 3f000000 3ee00000 3ec00000 3ea00000 3e800000 3f200000 3f100000 3f000000 3ee00000 3ec00000 3ea00000 3e800000 
sm   0 warp 0 0x80000514 0x2a7381d7 v  3 11111111111111111111111111111111 3ee00000 3ec00000 3ea00000 3e800000 3f200000 3f100000 3f000000 3ee00000 3ec00000 3ea00000 3e800000 3f200000 3f100000 3f000000 3ee00000 3ec00000 3ea00000 3e800000 3f200000 3f100000 3f000000 3ee00000 3ec00000 3ea00000 3e800000 3f200000 3f100000 3f000000 3ee00000 3ec00000 3ea00000 3e800000 
sm   0 warp 0 0x8000051c 0x90002337 x  6  90002000
sm   0 warp 0 0x80000520 0x5208a557 v 10 11111111111111111111111111111111 0000001f 0000001e 0000001d 0000001c 0000001b 0000001a 00000019 00000018 00000017 00000016 00000015 00000014 00000013 00000012 00000011 00000010 0000000f 0000000e 0000000d 0000000c 0000000b 0000000a 00000009 00000008 00000007 00000006 00000005 00000004 00000003 00000002 00000001 00000000 
sm   0 warp 0 0x80000518 0xb26f11d7 v  3 11111111111111111111111111111111 3ed017ff 3eb34666 3e868ccc 3e537664 3f1674cc 3f080c00 3ef34666 3ec68ccc 3ea9bb32 3e8ce999 3e602ffe 3f19a333 3f034666 3ee9bb32 3ecce999 3eb017ff 3eedc392 3cc0f9f0 bf4f6f46 403a506e bdaabcb2 3f9a9e6c 3f5b0228 bf77d882 401558f6 becce81a 3f20427e 3f2084fc bec22872 3ef0c77a bf1a2cf0 3efb0228 
sm   0 warp 0 0x80000524 0x96a13557 v 10 11111111111111111111111111111111 0000007c 00000078 00000074 00000070 0000006c 00000068 00000064 00000060 0000005c 00000058 00000054 00000050 0000004c 00000048 00000044 00000040 0000003c 00000038 00000034 00000030 0000002c 00000028 00000024 00000020 0000001c 00000018 00000014 00000010 0000000c 00000008 00000004 00000000 
sm   0 warp 0 0x80000528 0x02a34557 v 10 11111111111111111111111111111111 9000207c 90002078 90002074 90002070 9000206c 90002068 90002064 90002060 9000205c 90002058 90002054 90002050 9000204c 90002048 90002044 90002040 9000203c 90002038 90002034 90002030 9000202c 90002028 90002024 90002020 9000201c 90002018 90002014 90002010 9000200c 90002008 90002004 90002000 
sm   0 warp 0 0x8000052c 0x0035607b lsu.w v  3 op 3 mask 11111111111111111111111111111111 3ed017ff 3eb34666 3e868ccc 3e537664 3f1674cc 3f080c00 3ef34666 3ec68ccc 3ea9bb32 3e8ce999 3e602ffe 3f19a333 3f034666 3ee9bb32 3ecce999 3eb017ff 3eedc392 3cc0f9f0 bf4f6f46 403a506e bdaabcb2 3f9a9e6c 3f5b0228 bf77d882 401558f6 becce81a 3f20427e 3f2084fc bec22872 3ef0c77a bf1a2cf0 3efb0228 @ 9000207c 90002078 90002074 90002070 9000206c 90002068 90002064 90002060 9000205c 90002058 90002054 90002050 9000204c 90002048 90002044 90002040 9000203c 90002038 90002034 90002030 9000202c 90002028 90002024 90002020 9000201c 90002018 90002014 90002010 9000200c 90002008 90002004 90002000
sm   0 warp 0 0x80000530 0x000002b7 x  5  00000000
sm   0 warp 0 0x8000052c 0x0035607b lsu.w finish
sm   0 warp 0 0x80000534 0x5e02cfd7 v 31 11111111111111111111111111111111 00000000 00000000 00000000 00000000 00000000 00000000 00000000 00000000 00000000 00000000 00000000 00000000 00000000 00000000 00000000 00000000 00000000 00000000 00000000 00000000 00000000 00000000 00000000 00000000 00000000 00000000 00000000 00000000 00000000 00000000 00000000 00000000 
sm   0 warp 0 0x80000538 0x90002337 x  6  90002000
sm   0 warp 0 0x8000053c 0x5208a557 v 10 11111111111111111111111111111111 0000001f 0000001e 0000001d 0000001c 0000001b 0000001a 00000019 00000018 00000017 00000016 00000015 00000014 00000013 00000012 00000011 00000010 0000000f 0000000e 0000000d 0000000c 0000000b 0000000a 00000009 00000008 00000007 00000006 00000005 00000004 00000003 00000002 00000001 00000000 
sm   0 warp 0 0x80000540 0x96a13557 v 10 11111111111111111111111111111111 0000007c 00000078 00000074 00000070 0000006c 00000068 00000064 00000060 0000005c 00000058 00000054 00000050 0000004c 00000048 00000044 00000040 0000003c 00000038 00000034 00000030 0000002c 00000028 00000024 00000020 0000001c 00000018 00000014 00000010 0000000c 00000008 00000004 00000000 
sm   0 warp 0 0x80000544 0x02a34557 v 10 11111111111111111111111111111111 9000207c 90002078 90002074 90002070 9000206c 90002068 90002064 90002060 9000205c 90002058 90002054 90002050 9000204c 90002048 90002044 90002040 9000203c 90002038 90002034 90002030 9000202c 90002028 90002024 90002020 9000201c 90002018 90002014 90002010 9000200c 90002008 90002004 90002000 
sm   0 warp 0 0x80000548 0x000520fb lsu.r v  1 op 3 @ 9000207c 90002078 90002074 90002070 9000206c 90002068 90002064 90002060 9000205c 90002058 90002054 90002050 9000204c 90002048 90002044 90002040 9000203c 90002038 90002034 90002030 9000202c 90002028 90002024 90002020 9000201c 90002018 90002014 90002010 9000200c 90002008 90002004 90002000
sm   0 warp 0 0x8000054c 0x2bff81d7 v  3 11111111111111111111111111111111 00000000 00000000 00000000 00000000 00000000 00000000 00000000 00000000 00000000 00000000 00000000 00000000 00000000 00000000 00000000 00000000 00000000 00000000 00000000 00000000 00000000 00000000 00000000 00000000 00000000 00000000 00000000 00000000 00000000 00000000 00000000 00000000 
sm   0 warp 0 0x80000548 0x000520fb v  1 11111111111111111111111111111111 3ed017ff 3eb34666 3e868ccc 3e537664 3f1674cc 3f080c00 3ef34666 3ec68ccc 3ea9bb32 3e8ce999 3e602ffe 3f19a333 3f034666 3ee9bb32 3ecce999 3eb017ff 3eedc392 3cc0f9f0 bf4f6f46 403a506e bdaabcb2 3f9a9e6c 3f5b0228 bf77d882 401558f6 becce81a 3f20427e 3f2084fc bec22872 3ef0c77a bf1a2cf0 3efb0228 
sm   0 warp 0 0x80000550 0xb21091d7 v  3 11111111111111111111111111111111 3e292701 3dfb170c 3d8d6f66 3d2eac60 3eb0da29 3e909981 3e672eb9 3e19fe19 3de11162 3d9b20a9 3d445405 3eb868f6 3e86a23f 3e55664a 3e240521 3df24202 3e5cd3b2 3a1177dc 3f281524 410798f9 3be3be4f 3fbac5f8 3f3b5cb0 3f6ff382 40ae415b 3e2402bc 3ec8a65e 3ec94d00 3e134153 3e6276a0 3eb9b431 3e761d3a 
sm   0 warp 0 0x80000554 0x2a318f57 v 30 11111111111111111111111111111111 3e292701 3dfb170c 3d8d6f66 3d2eac60 3eb0da29 3e909981 3e672eb9 3e19fe19 3de11162 3d9b20a9 3d445405 3eb868f6 3e86a23f 3e55664a 3e240521 3df24202 3e5cd3b2 3a1177dc 3f281524 410798f9 3be3be4f 3fbac5f8 3f3b5cb0 3f6ff382 40ae415b 3e2402bc 3ec8a65e 3ec94d00 3e134153 3e6276a0 3eb9b431 3e761d3a 
sm   0 warp 0 0x80000558 0x2bff81d7 v  3 11111111111111111111111111111111 00000000 00000000 00000000 00000000 00000000 00000000 00000000 00000000 00000000 00000000 00000000 00000000 00000000 00000000 00000000 00000000 00000000 00000000 00000000 00000000 00000000 00000000 00000000 00000000 00000000 00000000 00000000 00000000 00000000 00000000 00000000 00000000 
[L1C] #   2507 SM 0 CACHE 0 ADDR 80000580
sm   0 warp 0 0x80000560 0x3d3722b7 x  5  3d372000
sm   0 warp 0 0x8000055c 0xb21f11d7 v  3 11111111111111111111111111111111 3d897f8c 3d2fd62a 3c94ac32 3c1048db 3e4fe108 3e19b0a7 3ddbb0ec 3d6ede72 3d15390d 3caac6d4 3c2bee53 3e5d5895 3e0a1418 3dc2d625 3d8349c1 3d26a417 3dcd18af 375b4fd6 bf083227 41c55f7e ba17e43f 3fe19d58 3f2049df bf684ee2 414b5130 bd8346e1 3e7b3831 3e7c7164 bd5f5d89 3dd4ffac be5fadfd 3df150bb 
sm   0 warp 0 0x80000564 0x71328293 x  5  3d372713
sm   0 warp 0 0x80000568 0x5e02c857 v 16 11111111111111111111111111111111 3d372713 3d372713 3d372713 3d372713 3d372713 3d372713 3d372713 3d372713 3d372713 3d372713 3d372713 3d372713 3d372713 3d372713 3d372713 3d372713 3d372713 3d372713 3d372713 3d372713 3d372713 3d372713 3d372713 3d372713 3d372713 3d372713 3d372713 3d372713 3d372713 3d372713 3d372713 3d372713 
sm   0 warp 0 0x8000056c 0x2a318f57 v 30 11111111111111111111111111111111 3d897f8c 3d2fd62a 3c94ac32 3c1048db 3e4fe108 3e19b0a7 3ddbb0ec 3d6ede72 3d15390d 3caac6d4 3c2bee53 3e5d5895 3e0a1418 3dc2d625 3d8349c1 3d26a417 3dcd18af 375b4fd6 bf083227 41c55f7e ba17e43f 3fe19d58 3f2049df bf684ee2 414b5130 bd8346e1 3e7b3831 3e7c7164 bd5f5d89 3dd4ffac be5fadfd 3df150bb 
sm   0 warp 0 0x80000570 0x2a1081d7 v  3 11111111111111111111111111111111 3ed017ff 3eb34666 3e868ccc 3e537664 3f1674cc 3f080c00 3ef34666 3ec68ccc 3ea9bb32 3e8ce999 3e602ffe 3f19a333 3f034666 3ee9bb32 3ecce999 3eb017ff 3eedc392 3cc0f9f0 bf4f6f46 403a506e bdaabcb2 3f9a9e6c 3f5b0228 bf77d882 401558f6 becce81a 3f20427e 3f2084fc bec22872 3ef0c77a bf1a2cf0 3efb0228 
sm   0 warp 0 0x80000578 0x3fcc42b7 x  5  3fcc4000
sm   0 warp 0 0x80000574 0xb30f11d7 v  3 11111111111111111111111111111111 3ed1a17c 3eb44200 3e86f72a 3e53dd9e 3f18c7b2 3f09c3d3 3ef5bb1a 3ec7e297 3eaa90b7 3e8d63c7 3e60ab00 3f1c1ca3 3f04d18c 3eebe8c5 3ece6150 3eb10670 3ef00e82 3cc0fb2a bf558650 40807590 bdaaca47 3fa4b50b 3f622cfc bf811de0 4039b67a bece5fc9 3f23116c 3f23576a bec3680e 3ef32907 bf1cad0e 3efdb4be 
sm   0 warp 0 0x8000057c 0x22a28293 x  5  3fcc422a
sm   0 warp 0 0x80000580 0x5e02c857 v 16 11111111111111111111111111111111 3fcc422a 3fcc422a 3fcc422a 3fcc422a 3fcc422a 3fcc422a 3fcc422a 3fcc422a 3fcc422a 3fcc422a 3fcc422a 3fcc422a 3fcc422a 3fcc422a 3fcc422a 3fcc422a 3fcc422a 3fcc422a 3fcc422a 3fcc422a 3fcc422a 3fcc422a 3fcc422a 3fcc422a 3fcc422a 3fcc422a 3fcc422a 3fcc422a 3fcc422a 3fcc422a 3fcc422a 3fcc422a 
sm   0 warp 0 0x80000584 0x2a318f57 v 30 11111111111111111111111111111111 3ed1a17c 3eb44200 3e86f72a 3e53dd9e 3f18c7b2 3f09c3d3 3ef5bb1a 3ec7e297 3eaa90b7 3e8d63c7 3e60ab00 3f1c1ca3 3f04d18c 3eebe8c5 3ece6150 3eb10670 3ef00e82 3cc0fb2a bf558650 40807590 bdaaca47 3fa4b50b 3f622cfc bf811de0 4039b67a bece5fc9 3f23116c 3f23576a bec3680e 3ef32907 bf1cad0e 3efdb4be 
sm   0 warp 0 0x80000588 0x2bff81d7 v  3 11111111111111111111111111111111 00000000 00000000 00000000 00000000 00000000 00000000 00000000 00000000 00000000 00000000 00000000 00000000 00000000 00000000 00000000 00000000 00000000 00000000 00000000 00000000 00000000 00000000 00000000 00000000 00000000 00000000 00000000 00000000 00000000 00000000 00000000 00000000 
sm   0 warp 0 0x80000590 0x3d8002b7 x  5  3d800000
sm   0 warp 0 0x8000058c 0xb30f11d7 v  3 11111111111111111111111111111111 3f2742dd 3f0fd32f 3ed75faf 3ea90b5c 3f73cd3d 3f5bd74e 3f44109b 3f1f7c3a 3f081767 3ee1a01b 3eb34255 3f791e56 3f53f29f 3f3c3a76 3f24aae3 3f0d3ee2 3f3f899b 3d19fa06 bfaa5e37 40ccfdc4 be084555 40036ad6 3fb4764e bfce0a5b 40942d69 bf24a9ab 3f821c07 3f8253e0 bf1be96c 3f42038a bf7a04cb 3f4a6d9a 
sm   0 warp 0 0x80000594 0x5e02c857 v 16 11111111111111111111111111111111 3d800000 3d800000 3d800000 3d800000 3d800000 3d800000 3d800000 3d800000 3d800000 3d800000 3d800000 3d800000 3d800000 3d800000 3d800000 3d800000 3d800000 3d800000 3d800000 3d800000 3d800000 3d800000 3d800000 3d800000 3d800000 3d800000 3d800000 3d800000 3d800000 3d800000 3d800000 3d800000 
sm   0 warp 0 0x80000598 0x2bff8657 v 12 11111111111111111111111111111111 00000000 00000000 00000000 00000000 00000000 00000000 00000000 00000000 00000000 00000000 00000000 00000000 00000000 00000000 00000000 00000000 00000000 00000000 00000000 00000000 00000000 00000000 00000000 00000000 00000000 00000000 00000000 00000000 00000000 00000000 00000000 00000000 
sm   0 warp 0 0x800005a0 0x37d012b7 x  5  37d01000
sm   0 warp 0 0x8000059c 0xb3019657 v 12 11111111111111111111111111111111 3d2742dd 3d0fd32f 3cd75faf 3ca90b5c 3d73cd3d 3d5bd74e 3d44109b 3d1f7c3a 3d081767 3ce1a01b 3cb34255 3d791e56 3d53f29f 3d3c3a76 3d24aae3 3d0d3ee2 3d3f899b 3b19fa06 bdaa5e37 3eccfdc4 bc084555 3e036ad6 3db4764e bdce0a5b 3e942d69 bd24a9ab 3d821c07 3d8253e0 bd1be96c 3d42038a bd7a04cb 3d4a6d9a 
sm   0 warp 0 0x800005a4 0xd0128293 x  5  37d00d01
sm   0 warp 0 0x800005a8 0x5e02c8d7 v 17 11111111111111111111111111111111 37d00d01 37d00d01 37d00d01 37d00d01 37d00d01 37d00d01 37d00d01 37d00d01 37d00d01 37d00d01 37d00d01 37d00d01 37d00d01 37d00d01 37d00d01 37d00d01 37d00d01 37d00d01 37d00d01 37d00d01 37d00d01 37d00d01 37d00d01 37d00d01 37d00d01 37d00d01 37d00d01 37d00d01 37d00d01 37d00d01 37d00d01 37d00d01 
sm   0 warp 0 0x800005ac 0x2b1886d7 v 13 11111111111111111111111111111111 37d00d01 37d00d01 37d00d01 37d00d01 37d00d01 37d00d01 37d00d01 37d00d01 37d00d01 37d00d01 37d00d01 37d00d01 37d00d01 37d00d01 37d00d01 37d00d01 37d00d01 37d00d01 37d00d01 37d00d01 37d00d01 37d00d01 37d00d01 37d00d01 37d00d01 37d00d01 37d00d01 37d00d01 37d00d01 37d00d01 37d00d01 37d00d01 
sm   0 warp 0 0x800005b0 0x395012b7 x  5  39501000
sm   0 warp 0 0x800005b4 0xd0128293 x  5  39500d01
sm   0 warp 0 0x800005b8 0x5e02c8d7 v 17 11111111111111111111111111111111 39500d01 39500d01 39500d01 39500d01 39500d01 39500d01 39500d01 39500d01 39500d01 39500d01 39500d01 39500d01 39500d01 39500d01 39500d01 39500d01 39500d01 39500d01 39500d01 39500d01 39500d01 39500d01 39500d01 39500d01 39500d01 39500d01 39500d01 39500d01 39500d01 39500d01 39500d01 39500d01 
sm   0 warp 0 0x800005bc 0x2ad68f57 v 30 11111111111111111111111111111111 37d00d01 37d00d01 37d00d01 37d00d01 37d00d01 37d00d01 37d00d01 37d00d01 37d00d01 37d00d01 37d00d01 37d00d01 37d00d01 37d00d01 37d00d01 37d00d01 37d00d01 37d00d01 37d00d01 37d00d01 37d00d01 37d00d01 37d00d01 37d00d01 37d00d01 37d00d01 37d00d01 37d00d01 37d00d01 37d00d01 37d00d01 37d00d01 
sm   0 warp 0 0x800005c0 0x2b1886d7 v 13 11111111111111111111111111111111 39500d01 39500d01 39500d01 39500d01 39500d01 39500d01 39500d01 39500d01 39500d01 39500d01 39500d01 39500d01 39500d01 39500d01 39500d01 39500d01 39500d01 39500d01 39500d01 39500d01 39500d01 39500d01 39500d01 39500d01 39500d01 39500d01 39500d01 39500d01 39500d01 39500d01 39500d01 39500d01 
sm   0 warp 0 0x800005c8 0x3ab612b7 x  5  3ab61000
sm   0 warp 0 0x800005c4 0xb2cf16d7 v 13 11111111111111111111111111111111 39511cdf 3950f6c7 3950bc0a 39509663 39519947 39517255 39514bb0 3951103b 3950ea35 3950c45f 39509eb0 3951a1ec 39516581 39513ef3 395118a7 3950f296 39514454 39501ca5 394de32c 395a768b 394fd5a1 3953636d 395257a6 394d6f35 395793c8 394f015d 3951b3f7 3951b4ac 394f0f96 3951485a 394e76a0 39515608 
sm   0 warp 0 0x800005cc 0xb6128293 x  5  3ab60b61
sm   0 warp 0 0x800005d0 0x5e02c8d7 v 17 11111111111111111111111111111111 3ab60b61 3ab60b61 3ab60b61 3ab60b61 3ab60b61 3ab60b61 3ab60b61 3ab60b61 3ab60b61 3ab60b61 3ab60b61 3ab60b61 3ab60b61 3ab60b61 3ab60b61 3ab60b61 3ab60b61 3ab60b61 3ab60b61 3ab60b61 3ab60b61 3ab60b61 3ab60b61 3ab60b61 3ab60b61 3ab60b61 3ab60b61 3ab60b61 3ab60b61 3ab60b61 3ab60b61 3ab60b61 
sm   0 warp 0 0x800005d4 0x2ad68f57 v 30 11111111111111111111111111111111 39511cdf 3950f6c7 3950bc0a 39509663 39519947 39517255 39514bb0 3951103b 3950ea35 3950c45f 39509eb0 3951a1ec 39516581 39513ef3 395118a7 3950f296 39514454 39501ca5 394de32c 395a768b 394fd5a1 3953636d 395257a6 394d6f35 395793c8 394f015d 3951b3f7 3951b4ac 394f0f96 3951485a 394e76a0 39515608 
sm   0 warp 0 0x800005d8 0x2b1886d7 v 13 11111111111111111111111111111111 3ab60b61 3ab60b61 3ab60b61 3ab60b61 3ab60b61 3ab60b61 3ab60b61 3ab60b61 3ab60b61 3ab60b61 3ab60b61 3ab60b61 3ab60b61 3ab60b61 3ab60b61 3ab60b61 3ab60b61 3ab60b61 3ab60b61 3ab60b61 3ab60b61 3ab60b61 3ab60b61 3ab60b61 3ab60b61 3ab60b61 3ab60b61 3ab60b61 3ab60b61 3ab60b61 3ab60b61 3ab60b61 
[L1C] #   2651 SM 0 CACHE 0 ADDR 80000600
sm   0 warp 0 0x800005e0 0x3c0892b7 x  5  3c089000
sm   0 warp 0 0x800005dc 0xb2cf16d7 v 13 11111111111111111111111111111111 3ab71ca2 3ab6f62d 3ab6bafd 3ab6951e 3ab79a9a 3ab7731b 3ab74bf8 3ab70fde 3ab6e980 3ab6c360 3ab69d76 3ab7a360 3ab7661b 3ab73f15 3ab71860 3ab6f1f3 3ab74486 3ab61b07 3ab3e74e 3ac0fa51 3ab5d410 3ab96f82 3ab85c7c 3ab37602 3abdd7dc 3ab50115 3ab7b5b2 3ab7b66b 3ab50f2b 3ab74898 3ab4781a 3ab75670 
sm   0 warp 0 0x800005e4 0x88928293 x  5  3c088889
sm   0 warp 0 0x800005e8 0x5e02c8d7 v 17 11111111111111111111111111111111 3c088889 3c088889 3c088889 3c088889 3c088889 3c088889 3c088889 3c088889 3c088889 3c088889 3c088889 3c088889 3c088889 3c088889 3c088889 3c088889 3c088889 3c088889 3c088889 3c088889 3c088889 3c088889 3c088889 3c088889 3c088889 3c088889 3c088889 3c088889 3c088889 3c088889 3c088889 3c088889 
sm   0 warp 0 0x800005ec 0x2ad68f57 v 30 11111111111111111111111111111111 3ab71ca2 3ab6f62d 3ab6bafd 3ab6951e 3ab79a9a 3ab7731b 3ab74bf8 3ab70fde 3ab6e980 3ab6c360 3ab69d76 3ab7a360 3ab7661b 3ab73f15 3ab71860 3ab6f1f3 3ab74486 3ab61b07 3ab3e74e 3ac0fa51 3ab5d410 3ab96f82 3ab85c7c 3ab37602 3abdd7dc 3ab50115 3ab7b5b2 3ab7b66b 3ab50f2b 3ab74898 3ab4781a 3ab75670 
sm   0 warp 0 0x800005f0 0x2b1886d7 v 13 11111111111111111111111111111111 3c088889 3c088889 3c088889 3c088889 3c088889 3c088889 3c088889 3c088889 3c088889 3c088889 3c088889 3c088889 3c088889 3c088889 3c088889 3c088889 3c088889 3c088889 3c088889 3c088889 3c088889 3c088889 3c088889 3c088889 3c088889 3c088889 3c088889 3c088889 3c088889 3c088889 3c088889 3c088889 
sm   0 warp 0 0x800005f8 0x3d2ab2b7 x  5  3d2ab000
sm   0 warp 0 0x800005f4 0xb2cf16d7 v 13 11111111111111111111111111111111 3c0977d0 3c09561e 3c092244 3c09011a 3c09e63f 3c09c39d 3c09a14d 3c096ca0 3c094b03 3c09299d 3c090868 3c09edf0 3c09b837 3c099601 3c097415 3c095269 3c099ac6 3c08963a 3c06a9a2 3c1230f5 3c085824 3c0b8215 3c0a9062 3c0646c8 3c0f66b0 3c079fb0 3c09fe03 3c09fea4 3c07abfe 3c099e58 3c072808 3c09aa7a 
sm   0 warp 0 0x800005fc 0xaab28293 x  5  3d2aaaab
sm   0 warp 0 0x80000600 0x5e02c8d7 v 17 11111111111111111111111111111111 3d2aaaab 3d2aaaab 3d2aaaab 3d2aaaab 3d2aaaab 3d2aaaab 3d2aaaab 3d2aaaab 3d2aaaab 3d2aaaab 3d2aaaab 3d2aaaab 3d2aaaab 3d2aaaab 3d2aaaab 3d2aaaab 3d2aaaab 3d2aaaab 3d2aaaab 3d2aaaab 3d2aaaab 3d2aaaab 3d2aaaab 3d2aaaab 3d2aaaab 3d2aaaab 3d2aaaab 3d2aaaab 3d2aaaab 3d2aaaab 3d2aaaab 3d2aaaab 
sm   0 warp 0 0x80000604 0x2ad68f57 v 30 11111111111111111111111111111111 3c0977d0 3c09561e 3c092244 3c09011a 3c09e63f 3c09c39d 3c09a14d 3c096ca0 3c094b03 3c09299d 3c090868 3c09edf0 3c09b837 3c099601 3c097415 3c095269 3c099ac6 3c08963a 3c06a9a2 3c1230f5 3c085824 3c0b8215 3c0a9062 3c0646c8 3c0f66b0 3c079fb0 3c09fe03 3c09fea4 3c07abfe 3c099e58 3c072808 3c09aa7a 
sm   0 warp 0 0x80000608 0x2b1886d7 v 13 11111111111111111111111111111111 3d2aaaab 3d2aaaab 3d2aaaab 3d2aaaab 3d2aaaab 3d2aaaab 3d2aaaab 3d2aaaab 3d2aaaab 3d2aaaab 3d2aaaab 3d2aaaab 3d2aaaab 3d2aaaab 3d2aaaab 3d2aaaab 3d2aaaab 3d2aaaab 3d2aaaab 3d2aaaab 3d2aaaab 3d2aaaab 3d2aaaab 3d2aaaab 3d2aaaab 3d2aaaab 3d2aaaab 3d2aaaab 3d2aaaab 3d2aaaab 3d2aaaab 3d2aaaab 
sm   0 warp 0 0x80000610 0x3e2ab2b7 x  5  3e2ab000
sm   0 warp 0 0x8000060c 0xb2cf16d7 v 13 11111111111111111111111111111111 3d2c11ef 3d2bdf4d 3d2b9169 3d2b5f9b 3d2cb7fb 3d2c83e4 3d2c504d 3d2c0120 3d2bce9d 3d2b9c72 3d2b6a94 3d2cc38e 3d2c72c0 3d2c3f51 3d2c0c53 3d2bd9bb 3d2c467d 3d2abf35 3d27ddb9 3d394ca9 3d2a6217 3d2f2488 3d2db817 3d274a18 3d350ac5 3d294dba 3d2cdbbc 3d2cdcaf 3d296028 3d2c4bdb 3d289aad 3d2c5e19 
sm   0 warp 0 0x80000614 0xaab28293 x  5  3e2aaaab
sm   0 warp 0 0x80000618 0x5e02c8d7 v 17 11111111111111111111111111111111 3e2aaaab 3e2aaaab 3e2aaaab 3e2aaaab 3e2aaaab 3e2aaaab 3e2aaaab 3e2aaaab 3e2aaaab 3e2aaaab 3e2aaaab 3e2aaaab 3e2aaaab 3e2aaaab 3e2aaaab 3e2aaaab 3e2aaaab 3e2aaaab 3e2aaaab 3e2aaaab 3e2aaaab 3e2aaaab 3e2aaaab 3e2aaaab 3e2aaaab 3e2aaaab 3e2aaaab 3e2aaaab 3e2aaaab 3e2aaaab 3e2aaaab 3e2aaaab 
sm   0 warp 0 0x8000061c 0x2ad68f57 v 30 11111111111111111111111111111111 3d2c11ef 3d2bdf4d 3d2b9169 3d2b5f9b 3d2cb7fb 3d2c83e4 3d2c504d 3d2c0120 3d2bce9d 3d2b9c72 3d2b6a94 3d2cc38e 3d2c72c0 3d2c3f51 3d2c0c53 3d2bd9bb 3d2c467d 3d2abf35 3d27ddb9 3d394ca9 3d2a6217 3d2f2488 3d2db817 3d274a18 3d350ac5 3d294dba 3d2cdbbc 3d2cdcaf 3d296028 3d2c4bdb 3d289aad 3d2c5e19 
sm   0 warp 0 0x80000620 0x2b1886d7 v 13 11111111111111111111111111111111 3e2aaaab 3e2aaaab 3e2aaaab 3e2aaaab 3e2aaaab 3e2aaaab 3e2aaaab 3e2aaaab 3e2aaaab 3e2aaaab 3e2aaaab 3e2aaaab 3e2aaaab 3e2aaaab 3e2aaaab 3e2aaaab 3e2aaaab 3e2aaaab 3e2aaaab 3e2aaaab 3e2aaaab 3e2aaaab 3e2aaaab 3e2aaaab 3e2aaaab 3e2aaaab 3e2aaaab 3e2aaaab 3e2aaaab 3e2aaaab 3e2aaaab 3e2aaaab 
sm   0 warp 0 0x80000628 0x3f0002b7 x  5  3f000000
sm   0 warp 0 0x80000624 0xb2cf16d7 v 13 11111111111111111111111111111111 3e2c6c5e 3e2c2ce9 3e2bcb59 3e2b8cfe 3e2d3c9f 3e2cfb43 3e2cba8e 3e2c574c 3e2c1801 3e2bd92b 3e2b9abb 3e2d4b26 3e2ce5c3 3e2ca542 3e2c6556 3e2c25f0 3e2cae40 3e2ac458 3e272cf3 3e3d36c4 3e2a4ff9 3e304938 3e2e7e59 3e267588 3e37c3f6 3e28f713 3e2d697f 3e2d6ab1 3e290e0c 3e2cb4fa 3e281802 3e2ccbdb 
sm   0 warp 0 0x8000062c 0x5e02c8d7 v 17 11111111111111111111111111111111 3f000000 3f000000 3f000000 3f000000 3f000000 3f000000 3f000000 3f000000 3f000000 3f000000 3f000000 3f000000 3f000000 3f000000 3f000000 3f000000 3f000000 3f000000 3f000000 3f000000 3f000000 3f000000 3f000000 3f000000 3f000000 3f000000 3f000000 3f000000 3f000000 3f000000 3f000000 3f000000 
sm   0 warp 0 0x80000630 0x2ad68f57 v 30 11111111111111111111111111111111 3e2c6c5e 3e2c2ce9 3e2bcb59 3e2b8cfe 3e2d3c9f 3e2cfb43 3e2cba8e 3e2c574c 3e2c1801 3e2bd92b 3e2b9abb 3e2d4b26 3e2ce5c3 3e2ca542 3e2c6556 3e2c25f0 3e2cae40 3e2ac458 3e272cf3 3e3d36c4 3e2a4ff9 3e304938 3e2e7e59 3e267588 3e37c3f6 3e28f713 3e2d697f 3e2d6ab1 3e290e0c 3e2cb4fa 3e281802 3e2ccbdb 
sm   0 warp 0 0x80000634 0x2b1886d7 v 13 11111111111111111111111111111111 3f000000 3f000000 3f000000 3f000000 3f000000 3f000000 3f000000 3f000000 3f000000 3f000000 3f000000 3f000000 3f000000 3f000000 3f000000 3f000000 3f000000 3f000000 3f000000 3f000000 3f000000 3f000000 3f000000 3f000000 3f000000 3f000000 3f000000 3f000000 3f000000 3f000000 3f000000 3f000000 
sm   0 warp 0 0x8000063c 0x3f8002b7 x  5  3f800000
sm   0 warp 0 0x80000638 0xb2cf16d7 v 13 11111111111111111111111111111111 3f01c29f 3f0182ec 3f012110 3f00e28f 3f0293ee 3f025232 3f021128 3f01ad77 3f016df2 3f012eeb 3f00f053 3f02a28b 3f023c95 3f01fbc3 3f01bb90 3f017bed 3f0204cb 3f0019ae 3ef90bea 3f12f067 3eff4aaf 3f05a7f1 3f03d80c 3ef7a06b 3f0d4bbc 3efc9a8e 3f02c114 3f02c248 3efcc853 3f020b8e 3efadeab 3f02228b 
sm   0 warp 0 0x80000640 0x5e02c8d7 v 17 11111111111111111111111111111111 3f800000 3f800000 3f800000 3f800000 3f800000 3f800000 3f800000 3f800000 3f800000 3f800000 3f800000 3f800000 3f800000 3f800000 3f800000 3f800000 3f800000 3f800000 3f800000 3f800000 3f800000 3f800000 3f800000 3f800000 3f800000 3f800000 3f800000 3f800000 3f800000 3f800000 3f800000 3f800000 
sm   0 warp 0 0x80000644 0x2ad68f57 v 30 11111111111111111111111111111111 3f01c29f 3f0182ec 3f012110 3f00e28f 3f0293ee 3f025232 3f021128 3f01ad77 3f016df2 3f012eeb 3f00f053 3f02a28b 3f023c95 3f01fbc3 3f01bb90 3f017bed 3f0204cb 3f0019ae 3ef90bea 3f12f067 3eff4aaf 3f05a7f1 3f03d80c 3ef7a06b 3f0d4bbc 3efc9a8e 3f02c114 3f02c248 3efcc853 3f020b8e 3efadeab 3f02228b 
sm   0 warp 0 0x80000648 0x2b1886d7 v 13 11111111111111111111111111111111 3f800000 3f800000 3f800000 3f800000 3f800000 3f800000 3f800000 3f800000 3f800000 3f800000 3f800000 3f800000 3f800000 3f800000 3f800000 3f800000 3f800000 3f800000 3f800000 3f800000 3f800000 3f800000 3f800000 3f800000 3f800000 3f800000 3f800000 3f800000 3f800000 3f800000 3f800000 3f800000 
sm   0 warp 0 0x80000650 0x3f8002b7 x  5  3f800000
sm   0 warp 0 0x8000064c 0xb2cf16d7 v 13 11111111111111111111111111111111 3f82a63f 3f824618 3f81b28c 3f81546d 3f83e2d9 3f837f4f 3f831ced 3f82864d 3f822672 3f81c76c 3f816926 3f83f8fd 3f835e9b 3f82fc95 3f829b96 3f823b88 3f830a3c 3f802686 3f75a427 3f9d6a4f 3f7ef036 3f889397 3f85cf0d 3f738b2e 3f947236 3f7aec2d 3f842746 3f842918 3f7b3062 3f831474 3f7857ef 3f833738 
sm   0 warp 0 0x80000654 0x5e02c8d7 v 17 11111111111111111111111111111111 3f800000 3f800000 3f800000 3f800000 3f800000 3f800000 3f800000 3f800000 3f800000 3f800000 3f800000 3f800000 3f800000 3f800000 3f800000 3f800000 3f800000 3f800000 3f800000 3f800000 3f800000 3f800000 3f800000 3f800000 3f800000 3f800000 3f800000 3f800000 3f800000 3f800000 3f800000 3f800000 
sm   0 warp 0 0x80000658 0x2ad68f57 v 30 11111111111111111111111111111111 3f82a63f 3f824618 3f81b28c 3f81546d 3f83e2d9 3f837f4f 3f831ced 3f82864d 3f822672 3f81c76c 3f816926 3f83f8fd 3f835e9b 3f82fc95 3f829b96 3f823b88 3f830a3c 3f802686 3f75a427 3f9d6a4f 3f7ef036 3f889397 3f85cf0d 3f738b2e 3f947236 3f7aec2d 3f842746 3f842918 3f7b3062 3f831474 3f7857ef 3f833738 
sm   0 warp 0 0x8000065c 0x2b1886d7 v 13 11111111111111111111111111111111 3f800000 3f800000 3f800000 3f800000 3f800000 3f800000 3f800000 3f800000 3f800000 3f800000 3f800000 3f800000 3f800000 3f800000 3f800000 3f800000 3f800000 3f800000 3f800000 3f800000 3f800000 3f800000 3f800000 3f800000 3f800000 3f800000 3f800000 3f800000 3f800000 3f800000 3f800000 3f800000 
[L1C] #   2792 SM 0 CACHE 0 ADDR 80000680
sm   0 warp 0 0x80000660 0xb2cf16d7 v 13 11111111111111111111111111111111 3f8555c9 3f84930a 3f8368eb 3f82ab34 3f87d9a1 3f870ec8 3f8646aa 3f85150c 3f845305 3f83930c 3f82d4f0 3f8806cd 3f86cc38 3f8604f6 3f85402e 3f847dac 3f8620b1 3f804d14 3f6b90d3 3fbf0661 3f7de12d 3f918721 3f8bca6d 3f677f85 3faaf62e 3f75e9a6 3f88654d 3f886905 3f76704b 3f863575 3f70d758 3f867c1c 
sm   0 warp 0 0x80000664 0x2ad68f57 v 30 11111111111111111111111111111111 3f8555c9 3f84930a 3f8368eb 3f82ab34 3f87d9a1 3f870ec8 3f8646aa 3f85150c 3f845305 3f83930c 3f82d4f0 3f8806cd 3f86cc38 3f8604f6 3f85402e 3f847dac 3f8620b1 3f804d14 3f6b90d3 3fbf0661 3f7de12d 3f918721 3f8bca6d 3f677f85 3faaf62e 3f75e9a6 3f88654d 3f886905 3f76704b 3f863575 3f70d758 3f867c1c 
sm   0 warp 0 0x80000668 0x2bff86d7 v 13 11111111111111111111111111111111 00000000 00000000 00000000 00000000 00000000 00000000 00000000 00000000 00000000 00000000 00000000 00000000 00000000 00000000 00000000 00000000 00000000 00000000 00000000 00000000 00000000 00000000 00000000 00000000 00000000 00000000 00000000 00000000 00000000 00000000 00000000 00000000 
sm   0 warp 0 0x8000066c 0xb3ef16d7 v 13 11111111111111111111111111111111 3f8ae47f 3f894fee 3f86e917 3f8564a7 3f902e82 3f8e8130 3f8cdc1b 3f8a5dc0 3f88cb70 3f873fa5 3f85b9ea 3f908e74 3f8df4db 3f8c5263 3f8ab780 3f8923ae 3f8c8c7b 3f809a56 3f58c335 400e8a85 3f7bc6d9 3fa574b5 3f98aae5 3f515762 3fe457c4 3f6c390d 3f915794 3f915f81 3f6d3c01 3f8cb803 3f62947a 3f8d4c53 
sm   0 warp 0 0x80000670 0x2ad68f57 v 30 11111111111111111111111111111111 3f8ae47f 3f894fee 3f86e917 3f8564a7 3f902e82 3f8e8130 3f8cdc1b 3f8a5dc0 3f88cb70 3f873fa5 3f85b9ea 3f908e74 3f8df4db 3f8c5263 3f8ab780 3f8923ae 3f8c8c7b 3f809a56 3f58c335 400e8a85 3f7bc6d9 3fa574b5 3f98aae5 3f515762 3fe457c4 3f6c390d 3f915794 3f915f81 3f6d3c01 3f8cb803 3f62947a 3f8d4c53 
sm   0 warp 0 0x80000674 0x2bff86d7 v 13 11111111111111111111111111111111 00000000 00000000 00000000 00000000 00000000 00000000 00000000 00000000 00000000 00000000 00000000 00000000 00000000 00000000 00000000 00000000 00000000 00000000 00000000 00000000 00000000 00000000 00000000 00000000 00000000 00000000 00000000 00000000 00000000 00000000 00000000 00000000 
sm   0 warp 0 0x80000678 0xb3ef16d7 v 13 11111111111111111111111111111111 3f96b64a 3f934d4b 3f8e31b1 3f8b037a 3fa268b5 3f9ea725 3f9b02f6 3f95926b 3f923191 3f8ee860 3f8bb568 3fa34124 3f9d6f47 3f99d46e 3f9654b3 3f92ee6a 3f9a53e7 3f813566 3f3789fe 409ebbed 3f779f88 3fd5df4d 3fb616c4 3f2b2fcc 404bac73 3f59f93d 3fa508a7 3fa51aa8 3f5bd828 3f9ab38f 3f488a7e 3f9bfa54 
sm   0 warp 0 0x8000067c 0x2ad68f57 v 30 11111111111111111111111111111111 3f96b64a 3f934d4b 3f8e31b1 3f8b037a 3fa268b5 3f9ea725 3f9b02f6 3f95926b 3f923191 3f8ee860 3f8bb568 3fa34124 3f9d6f47 3f99d46e 3f9654b3 3f92ee6a 3f9a53e7 3f813566 3f3789fe 409ebbed 3f779f88 3fd5df4d 3fb616c4 3f2b2fcc 404bac73 3f59f93d 3fa508a7 3fa51aa8 3f5bd828 3f9ab38f 3f488a7e 3f9bfa54 
sm   0 warp 0 0x80000680 0x2bff86d7 v 13 11111111111111111111111111111111 00000000 00000000 00000000 00000000 00000000 00000000 00000000 00000000 00000000 00000000 00000000 00000000 00000000 00000000 00000000 00000000 00000000 00000000 00000000 00000000 00000000 00000000 00000000 00000000 00000000 00000000 00000000 00000000 00000000 00000000 00000000 00000000 
sm   0 warp 0 0x80000684 0xb3ef16d7 v 13 11111111111111111111111111111111 3fb17441 3fa983b7 3f9df654 3f96f98d 3fce1160 3fc4a57e 3fbbb92c 3faec789 3fa6f926 3f9f8d3b 3f987cff 3fd03809 3fc1a35b 3fb8df38 3fb08ebc 3fa8a99e 3fba121b 3f826db8 3f039694 41c4d905 3f6f853c 4032ad59 40018461 3ee4f1c7 41220af3 3f39987c 3fd4c84f 3fd4f6bf 3f3ccb8b 3fbaf90c 3f1d18b0 3fbe122d 
sm   0 warp 0 0x80000688 0x2ad68f57 v 30 11111111111111111111111111111111 3fb17441 3fa983b7 3f9df654 3f96f98d 3fce1160 3fc4a57e 3fbbb92c 3faec789 3fa6f926 3f9f8d3b 3f987cff 3fd03809 3fc1a35b 3fb8df38 3fb08ebc 3fa8a99e 3fba121b 3f826db8 3f039694 41c4d905 3f6f853c 4032ad59 40018461 3ee4f1c7 41220af3 3f39987c 3fd4c84f 3fd4f6bf 3f3ccb8b 3fbaf90c 3f1d18b0 3fbe122d 
sm   0 warp 0 0x8000068c 0x2bff86d7 v 13 11111111111111111111111111111111 00000000 00000000 00000000 00000000 00000000 00000000 00000000 00000000 00000000 00000000 00000000 00000000 00000000 00000000 00000000 00000000 00000000 00000000 00000000 00000000 00000000 00000000 00000000 00000000 00000000 00000000 00000000 00000000 00000000 00000000 00000000 00000000 
sm   0 warp 0 0x80000690 0xb3ef16d7 v 13 11111111111111111111111111111111 3ff603ed 3fe07e57 3fc2f020 3fb212c9 4025dff8 40170dd4 4009a80c 3feea7b4 3fd9d020 3fc6e17a 3fb5a958 40295b1b 401277b7 400581a3 3ff38924 3fde3e20 40073e51 3f84e73c 3e8746e8 44175d08 3f601a0b 40f96b0a 40830d5c 3e4cbf8f 42cd23b8 3f068dbe 4030dc60 4031299a 3f0b3b96 40088ed8 3ec0ce95 400d1efc 
sm   0 warp 0 0x80000694 0x2ad68257 v  4 11111111111111111111111111111111 3ff603ed 3fe07e57 3fc2f020 3fb212c9 4025dff8 40170dd4 4009a80c 3feea7b4 3fd9d020 3fc6e17a 3fb5a958 40295b1b 401277b7 400581a3 3ff38924 3fde3e20 40073e51 3f84e73c 3e8746e8 44175d08 3f601a0b 40f96b0a 40830d5c 3e4cbf8f 42cd23b8 3f068dbe 4030dc60 4031299a 3f0b3b96 40088ed8 3ec0ce95 400d1efc 
sm   0 warp 0 0x80000698 0x3f8002b7 x  5  3f800000
sm   0 warp 0 0x8000069c 0x5e02c857 v 16 11111111111111111111111111111111 3f800000 3f800000 3f800000 3f800000 3f800000 3f800000 3f800000 3f800000 3f800000 3f800000 3f800000 3f800000 3f800000 3f800000 3f800000 3f800000 3f800000 3f800000 3f800000 3f800000 3f800000 3f800000 3f800000 3f800000 3f800000 3f800000 3f800000 3f800000 3f800000 3f800000 3f800000 3f800000 
sm   0 warp 0 0x800006a0 0x0a4811d7 v  3 11111111111111111111111111111111 3f6c07da 3f40fcae 3f05e040 3ec84b24 3fcbbff0 3fae1ba8 3f935018 3f5d4f68 3f33a040 3f0dc2f4 3ed6a560 3fd2b636 3fa4ef6e 3f8b0346 3f671248 3f3c7c40 3f8e7ca2 3d1ce780 bf3c5c8c 44171d08 bdff2fa8 40d96b0a 40461ab8 bf4cd01c 42cb23b8 bef2e484 3fe1b8c0 3fe25334 bee988d4 3f911db0 bf1f98b6 3f9a3df8 
sm   0 warp 0 0x800006a8 0x7ef312b7 x  5  7ef31000
sm   0 warp 0 0x800006a4 0x030212d7 v  5 11111111111111111111111111111111 403b01f6 40303f2c 40217810 40190964 4065dff8 40570dd4 4049a80c 403753da 402ce810 402370bd 401ad4ac 40695b1b 405277b7 404581a3 4039c492 402f1f10 40473e51 4002739e 3fa1d1ba 44179d08 3ff00d06 410cb585 40a30d5c 3f9997f2 42cf23b8 3fc346df 4070dc60 4071299a 3fc59dcb 40488ed8 3fb033a5 404d1efc 
sm   0 warp 0 0x800006ac 0x1c328293 x  5  7ef311c3
sm   0 warp 0 0x800006b0 0x5e02c957 v 18 11111111111111111111111111111111 7ef311c3 7ef311c3 7ef311c3 7ef311c3 7ef311c3 7ef311c3 7ef311c3 7ef311c3 7ef311c3 7ef311c3 7ef311c3 7ef311c3 7ef311c3 7ef311c3 7ef311c3 7ef311c3 7ef311c3 7ef311c3 7ef311c3 7ef311c3 7ef311c3 7ef311c3 7ef311c3 7ef311c3 7ef311c3 7ef311c3 7ef311c3 7ef311c3 7ef311c3 7ef311c3 7ef311c3 7ef311c3 
sm   0 warp 0 0x800006b4 0x2a528357 v  6 11111111111111111111111111111111 403b01f6 40303f2c 40217810 40190964 4065dff8 40570dd4 4049a80c 403753da 402ce810 402370bd 401ad4ac 40695b1b 405277b7 404581a3 4039c492 402f1f10 40473e51 4002739e 3fa1d1ba 44179d08 3ff00d06 410cb585 40a30d5c 3f9997f2 42cf23b8 3fc346df 4070dc60 4071299a 3fc59dcb 40488ed8 3fb033a5 404d1efc 
sm   0 warp 0 0x800006b8 0x0b230357 v  6 11111111111111111111111111111111 3eb80fcd 3ec2d297 3ed199b3 3eda085f 3e8d31cb 3e9c03ef 3ea969b7 3ebbbde9 3ec629b3 3ecfa106 3ed83d17 3e89b6a8 3ea09a0c 3ead9020 3eb94d31 3ec3f2b3 3eabd372 3ef09e25 3f514009 3adb74bb 3f0304bd 3de65c3e 3e500467 3f5979d1 3c23ee0b 3f2fcae4 3e823563 3e81e829 3f2d73f8 3eaa82eb 3f42de1e 3ea5f2c7 
sm   0 warp 0 0x800006bc 0x400002b7 x  5  40000000
sm   0 warp 0 0x800006c0 0x5e02c9d7 v 19 11111111111111111111111111111111 40000000 40000000 40000000 40000000 40000000 40000000 40000000 40000000 40000000 40000000 40000000 40000000 40000000 40000000 40000000 40000000 40000000 40000000 40000000 40000000 40000000 40000000 40000000 40000000 40000000 40000000 40000000 40000000 40000000 40000000 40000000 40000000 
sm   0 warp 0 0x800006c4 0x2b398757 v 14 11111111111111111111111111111111 40000000 40000000 40000000 40000000 40000000 40000000 40000000 40000000 40000000 40000000 40000000 40000000 40000000 40000000 40000000 40000000 40000000 40000000 40000000 40000000 40000000 40000000 40000000 40000000 40000000 40000000 40000000 40000000 40000000 40000000 40000000 40000000 
sm   0 warp 0 0x800006c8 0xbe629757 v 14 11111111111111111111111111111111 3f731619 3f73be4a 3f779813 3f7b5200 3f8136ee 3f79e08a 3f751994 3f731b80 3f7450b3 3f76e213 3f7a6f39 3f8277bf 3f77ed0f 3f743066 3f7311de 3f73eaa2 3f74899e 3f856306 3f77769a 3f7c0f11 3f8524e5 3f816237 3f7704af 3f7b0a3b 3f76b74b 3f73cf93 3f857ddc 3f859f55 3f7435b1 3f74d528 3f73bff7 3f761102 
sm   0 warp 0 0x800006cc 0x2a630f57 v 30 11111111111111111111111111111111 3eb80fcd 3ec2d297 3ed199b3 3eda085f 3e8d31cb 3e9c03ef 3ea969b7 3ebbbde9 3ec629b3 3ecfa106 3ed83d17 3e89b6a8 3ea09a0c 3ead9020 3eb94d31 3ec3f2b3 3eabd372 3ef09e25 3f514009 3adb74bb 3f0304bd 3de65c3e 3e500467 3f5979d1 3c23ee0b 3f2fcae4 3e823563 3e81e829 3f2d73f8 3eaa82eb 3f42de1e 3ea5f2c7 
sm   0 warp 0 0x800006d0 0x2bff8357 v  6 11111111111111111111111111111111 00000000 00000000 00000000 00000000 00000000 00000000 00000000 00000000 00000000 00000000 00000000 00000000 00000000 00000000 00000000 00000000 00000000 00000000 00000000 00000000 00000000 00000000 00000000 00000000 00000000 00000000 00000000 00000000 00000000 00000000 00000000 00000000 
sm   0 warp 0 0x800006d4 0xb2ef1357 v  6 11111111111111111111111111111111 3eaec6e3 3eb97eb6 3ecab7cf 3ed60c0c 3e8e88c6 3e9848ab 3ea23319 3eb2496f 3ebd1e36 3ec83c17 3ed3899b 3e8c5e58 3e9b895a 3ea58e2f 3eaff134 3ebab2f8 3ea421e7 3efabe78 3f4a45ba 3ad813d2 3f0848b0 3de8d9b8 3e48b80e 3f554321 3c1dfc1e 3f276c20 3e87cb81 3e879cef 3f2576e9 3ea312c2 3f398af6 3e9f8252 
sm   0 warp 0 0x800006d8 0x2b398757 v 14 11111111111111111111111111111111 40000000 40000000 40000000 40000000 40000000 40000000 40000000 40000000 40000000 40000000 40000000 40000000 40000000 40000000 40000000 40000000 40000000 40000000 40000000 40000000 40000000 40000000 40000000 40000000 40000000 40000000 40000000 40000000 40000000 40000000 40000000 40000000 
[L1C] #   2979 SM 0 CACHE 0 ADDR 80000700
sm   0 warp 0 0x800006dc 0xbe629757 v 14 11111111111111111111111111111111 3f805361 3f804b1d 3f802354 3f800af3 3f8002f4 3f8012bf 3f803b68 3f80531c 3f804445 3f80298f 3f800f7d 3f800c2e 3f802098 3f8045c0 3f805398 3f804901 3f8041b1 3f803a09 3f802470 3f8007c4 3f8034ec 3f8003d4 3f802856 3f800c4d 3f802b19 3f804a4a 3f803c51 3f803f39 3f804582 3f803e5a 3f804b09 3f803156 
sm   0 warp 0 0x800006e0 0x2a630f57 v 30 11111111111111111111111111111111 3eaec6e3 3eb97eb6 3ecab7cf 3ed60c0c 3e8e88c6 3e9848ab 3ea23319 3eb2496f 3ebd1e36 3ec83c17 3ed3899b 3e8c5e58 3e9b895a 3ea58e2f 3eaff134 3ebab2f8 3ea421e7 3efabe78 3f4a45ba 3ad813d2 3f0848b0 3de8d9b8 3e48b80e 3f554321 3c1dfc1e 3f276c20 3e87cb81 3e879cef 3f2576e9 3ea312c2 3f398af6 3e9f8252 
sm   0 warp 0 0x800006e4 0x2bff8357 v  6 11111111111111111111111111111111 00000000 00000000 00000000 00000000 00000000 00000000 00000000 00000000 00000000 00000000 00000000 00000000 00000000 00000000 00000000 00000000 00000000 00000000 00000000 00000000 00000000 00000000 00000000 00000000 00000000 00000000 00000000 00000000 00000000 00000000 00000000 00000000 
sm   0 warp 0 0x800006e8 0xb2ef1357 v  6 11111111111111111111111111111111 3eaf38bc 3eb9eb90 3ecaefc2 3ed61e5b 3e8e8c10 3e985ef8 3ea27e60 3eb2bd32 3ebd8314 3ec87d1a 3ed3a334 3e8c6bb3 3e9bb0f5 3ea5e866 3eb0641b 3ebb1d74 3ea47623 3efb3028 3f4a7f4f 3ad820ee 3f088109 3de8e0af 3e48f74e 3f5557a0 3c1e3150 3f27cd4b 3e880b7e 3e87dfeb 3f25d0c3 3ea36232 3f39f7ba 3e9fbfcd 
sm   0 warp 0 0x800006ec 0x2b398757 v 14 11111111111111111111111111111111 40000000 40000000 40000000 40000000 40000000 40000000 40000000 40000000 40000000 40000000 40000000 40000000 40000000 40000000 40000000 40000000 40000000 40000000 40000000 40000000 40000000 40000000 40000000 40000000 40000000 40000000 40000000 40000000 40000000 40000000 40000000 40000000 
sm   0 warp 0 0x800006f0 0xbe629757 v 14 11111111111111111111111111111111 3f800037 3f80002c 3f80000a 3f800001 3f7fffff 3f800003 3f80001c 3f800036 3f800024 3f80000e 3f800001 3f800001 3f800008 3f800026 3f800037 3f800029 3f800022 3f80001a 3f80000a 3f800001 3f800016 3f800000 3f80000d 3f800001 3f80000e 3f80002c 3f80001d 3f80001f 3f800025 3f80001f 3f80002c 3f800013 
sm   0 warp 0 0x800006f4 0x2a630f57 v 30 11111111111111111111111111111111 3eaf38bc 3eb9eb90 3ecaefc2 3ed61e5b 3e8e8c10 3e985ef8 3ea27e60 3eb2bd32 3ebd8314 3ec87d1a 3ed3a334 3e8c6bb3 3e9bb0f5 3ea5e866 3eb0641b 3ebb1d74 3ea47623 3efb3028 3f4a7f4f 3ad820ee 3f088109 3de8e0af 3e48f74e 3f5557a0 3c1e3150 3f27cd4b 3e880b7e 3e87dfeb 3f25d0c3 3ea36232 3f39f7ba 3e9fbfcd 
sm   0 warp 0 0x800006f8 0x2bff8357 v  6 11111111111111111111111111111111 00000000 00000000 00000000 00000000 00000000 00000000 00000000 00000000 00000000 00000000 00000000 00000000 00000000 00000000 00000000 00000000 00000000 00000000 00000000 00000000 00000000 00000000 00000000 00000000 00000000 00000000 00000000 00000000 00000000 00000000 00000000 00000000 
sm   0 warp 0 0x800006fc 0xb2ef1357 v  6 11111111111111111111111111111111 3eaf3907 3eb9ebd0 3ecaefd2 3ed61e5d 3e8e8c0f 3e985efc 3ea27e84 3eb2bd7d 3ebd8349 3ec87d30 3ed3a336 3e8c6bb4 3e9bb0ff 3ea5e897 3eb06467 3ebb1db0 3ea4764f 3efb305b 3f4a7f5f 3ad820f0 3f088120 3de8e0af 3e48f762 3f5557a2 3c1e3161 3f27cd85 3e880b9d 3e87e00c 3f25d0f3 3ea3625a 3f39f7fa 3e9fbfe5 
sm   0 warp 0 0x80000700 0x2b398757 v 14 11111111111111111111111111111111 40000000 40000000 40000000 40000000 40000000 40000000 40000000 40000000 40000000 40000000 40000000 40000000 40000000 40000000 40000000 40000000 40000000 40000000 40000000 40000000 40000000 40000000 40000000 40000000 40000000 40000000 40000000 40000000 40000000 40000000 40000000 40000000 
sm   0 warp 0 0x80000704 0xbe629757 v 14 11111111111111111111111111111111 3f800000 3f800000 3f800000 3f7fffff 3f800000 3f7fffff 3f7fffff 3f800000 3f800000 3f7fffff 3f800000 3f800000 3f800000 3f800000 3f800000 3f800000 3f800000 3f800000 3f800000 3f7fffff 3f800000 3f800000 3f800000 3f800000 3f800000 3f7fffff 3f800000 3f800000 3f800000 3f7fffff 3f800000 3f800000 
sm   0 warp 0 0x80000708 0x2a630f57 v 30 11111111111111111111111111111111 3eaf3907 3eb9ebd0 3ecaefd2 3ed61e5d 3e8e8c0f 3e985efc 3ea27e84 3eb2bd7d 3ebd8349 3ec87d30 3ed3a336 3e8c6bb4 3e9bb0ff 3ea5e897 3eb06467 3ebb1db0 3ea4764f 3efb305b 3f4a7f5f 3ad820f0 3f088120 3de8e0af 3e48f762 3f5557a2 3c1e3161 3f27cd85 3e880b9d 3e87e00c 3f25d0f3 3ea3625a 3f39f7fa 3e9fbfe5 
sm   0 warp 0 0x8000070c 0x2bff8357 v  6 11111111111111111111111111111111 00000000 00000000 00000000 00000000 00000000 00000000 00000000 00000000 00000000 00000000 00000000 00000000 00000000 00000000 00000000 00000000 00000000 00000000 00000000 00000000 00000000 00000000 00000000 00000000 00000000 00000000 00000000 00000000 00000000 00000000 00000000 00000000 
sm   0 warp 0 0x80000710 0xb2ef1357 v  6 11111111111111111111111111111111 3eaf3907 3eb9ebd0 3ecaefd2 3ed61e5c 3e8e8c0f 3e985efb 3ea27e83 3eb2bd7d 3ebd8349 3ec87d2f 3ed3a336 3e8c6bb4 3e9bb0ff 3ea5e897 3eb06467 3ebb1db0 3ea4764f 3efb305b 3f4a7f5f 3ad820ef 3f088120 3de8e0af 3e48f762 3f5557a2 3c1e3161 3f27cd84 3e880b9d 3e87e00c 3f25d0f3 3ea36259 3f39f7fa 3e9fbfe5 
sm   0 warp 0 0x80000714 0x2a318f57 v 30 11111111111111111111111111111111 3f6c07da 3f40fcae 3f05e040 3ec84b24 3fcbbff0 3fae1ba8 3f935018 3f5d4f68 3f33a040 3f0dc2f4 3ed6a560 3fd2b636 3fa4ef6e 3f8b0346 3f671248 3f3c7c40 3f8e7ca2 3d1ce780 bf3c5c8c 44171d08 bdff2fa8 40d96b0a 40461ab8 bf4cd01c 42cb23b8 bef2e484 3fe1b8c0 3fe25334 bee988d4 3f911db0 bf1f98b6 3f9a3df8 
sm   0 warp 0 0x80000718 0x2bff81d7 v  3 11111111111111111111111111111111 00000000 00000000 00000000 00000000 00000000 00000000 00000000 00000000 00000000 00000000 00000000 00000000 00000000 00000000 00000000 00000000 00000000 00000000 00000000 00000000 00000000 00000000 00000000 00000000 00000000 00000000 00000000 00000000 00000000 00000000 00000000 00000000 
sm   0 warp 0 0x8000071c 0xb26f11d7 v  3 11111111111111111111111111111111 3ea18df2 3e8c285e 3e5440b9 3e278691 3ee2e7e0 3ecf4209 3ebb02f8 3e9a8506 3e84f96d 3e5e0b42 3e317327 3ee72898 3ec89e01 3eb42ed2 3e9f3732 3e89c49e 3eb71362 3c99f49e bf14febe 3f7f27df bd881208 3f45c7d3 3f1b844f bf2aaf44 3f7b0e75 be9f3610 3eefe8c7 3ef03fe8 be9743cd 3eb93b4e bee7dfe7 3ec08036 
sm   0 warp 0 0x80000724 0x3f0002b7 x  5  3f000000
sm   0 warp 0 0x80000720 0x030191d7 v  3 11111111111111111111111111111111 3fa8637c 3fa30a18 3f9a8817 3f94f0d2 3fb8b9f8 3fb3d082 3faec0be 3fa6a142 3fa13e5b 3f9bc168 3f962e65 3fb9ca26 3fb22780 3fad0bb4 3fa7cdcc 3fa27128 3fadc4d8 3f8267d2 3ed60284 3fff93f0 3f6efdbf 3fe2e3ea 3fcdc228 3eaaa178 3ffd873a 3f3064f8 3fbbfa32 3fbc0ffa 3f345e1a 3fae4ed4 3f0c100c 3fb0200e 
sm   0 warp 0 0x80000728 0x5e02c857 v 16 11111111111111111111111111111111 3f000000 3f000000 3f000000 3f000000 3f000000 3f000000 3f000000 3f000000 3f000000 3f000000 3f000000 3f000000 3f000000 3f000000 3f000000 3f000000 3f000000 3f000000 3f000000 3f000000 3f000000 3f000000 3f000000 3f000000 3f000000 3f000000 3f000000 3f000000 3f000000 3f000000 3f000000 3f000000 
sm   0 warp 0 0x8000072c 0x2a108f57 v 30 11111111111111111111111111111111 3ed017ff 3eb34666 3e868ccc 3e537664 3f1674cc 3f080c00 3ef34666 3ec68ccc 3ea9bb32 3e8ce999 3e602ffe 3f19a333 3f034666 3ee9bb32 3ecce999 3eb017ff 3eedc392 3cc0f9f0 bf4f6f46 403a506e bdaabcb2 3f9a9e6c 3f5b0228 bf77d882 401558f6 becce81a 3f20427e 3f2084fc bec22872 3ef0c77a bf1a2cf0 3efb0228 
sm   0 warp 0 0x80000730 0x2bff80d7 v  1 11111111111111111111111111111111 00000000 00000000 00000000 00000000 00000000 00000000 00000000 00000000 00000000 00000000 00000000 00000000 00000000 00000000 00000000 00000000 00000000 00000000 00000000 00000000 00000000 00000000 00000000 00000000 00000000 00000000 00000000 00000000 00000000 00000000 00000000 00000000 
sm   0 warp 0 0x80000734 0xb30f10d7 v  1 11111111111111111111111111111111 3e5017ff 3e334666 3e068ccc 3dd37664 3e9674cc 3e880c00 3e734666 3e468ccc 3e29bb32 3e0ce999 3de02ffe 3e99a333 3e834666 3e69bb32 3e4ce999 3e3017ff 3e6dc392 3c40f9f0 becf6f46 3fba506e bd2abcb2 3f1a9e6c 3edb0228 bef7d882 3f9558f6 be4ce81a 3ea0427e 3ea084fc be422872 3e70c77a be9a2cf0 3e7b0228 
sm   0 warp 0 0x80000738 0x2a108f57 v 30 11111111111111111111111111111111 3e5017ff 3e334666 3e068ccc 3dd37664 3e9674cc 3e880c00 3e734666 3e468ccc 3e29bb32 3e0ce999 3de02ffe 3e99a333 3e834666 3e69bb32 3e4ce999 3e3017ff 3e6dc392 3c40f9f0 becf6f46 3fba506e bd2abcb2 3f1a9e6c 3edb0228 bef7d882 3f9558f6 be4ce81a 3ea0427e 3ea084fc be422872 3e70c77a be9a2cf0 3e7b0228 
sm   0 warp 0 0x8000073c 0x2bff80d7 v  1 11111111111111111111111111111111 00000000 00000000 00000000 00000000 00000000 00000000 00000000 00000000 00000000 00000000 00000000 00000000 00000000 00000000 00000000 00000000 00000000 00000000 00000000 00000000 00000000 00000000 00000000 00000000 00000000 00000000 00000000 00000000 00000000 00000000 00000000 00000000 
sm   0 warp 0 0x80000744 0x90002337 x  6  90002000
sm   0 warp 0 0x80000748 0x5208a557 v 10 11111111111111111111111111111111 0000001f 0000001e 0000001d 0000001c 0000001b 0000001a 00000019 00000018 00000017 00000016 00000015 00000014 00000013 00000012 00000011 00000010 0000000f 0000000e 0000000d 0000000c 0000000b 0000000a 00000009 00000008 00000007 00000006 00000005 00000004 00000003 00000002 00000001 00000000 
sm   0 warp 0 0x80000740 0xb23f10d7 v  1 11111111111111111111111111111111 3e88e09d 3e6459c9 3e227073 3df60ebd 3ed9227e 3ebf1e66 3ea61103 3e813c5e 3e55d024 3e2b77ca 3e0384c0 3edf0083 3eb6b669 3e9dfe30 3e86511d 3e5f7a0b 3ea163fc 3c449a5d be2d690e 403a01c8 bd1f64a9 3f890983 3f3006d4 be25321a 4013e7cf be0d3063 3eeb5a65 3eebd75b be08cbcf 3ea3f1b9 be28b47b 3eacb0e9 
sm   0 warp 0 0x8000074c 0x96a13557 v 10 11111111111111111111111111111111 0000007c 00000078 00000074 00000070 0000006c 00000068 00000064 00000060 0000005c 00000058 00000054 00000050 0000004c 00000048 00000044 00000040 0000003c 00000038 00000034 00000030 0000002c 00000028 00000024 00000020 0000001c 00000018 00000014 00000010 0000000c 00000008 00000004 00000000 
sm   0 warp 0 0x80000750 0x02a34557 v 10 11111111111111111111111111111111 9000207c 90002078 90002074 90002070 9000206c 90002068 90002064 90002060 9000205c 90002058 90002054 90002050 9000204c 90002048 90002044 90002040 9000203c 90002038 90002034 90002030 9000202c 90002028 90002024 90002020 9000201c 90002018 90002014 90002010 9000200c 90002008 90002004 90002000 
sm   0 warp 0 0x80000754 0x0015607b lsu.w v  1 op 3 mask 11111111111111111111111111111111 3e88e09d 3e6459c9 3e227073 3df60ebd 3ed9227e 3ebf1e66 3ea61103 3e813c5e 3e55d024 3e2b77ca 3e0384c0 3edf0083 3eb6b669 3e9dfe30 3e86511d 3e5f7a0b 3ea163fc 3c449a5d be2d690e 403a01c8 bd1f64a9 3f890983 3f3006d4 be25321a 4013e7cf be0d3063 3eeb5a65 3eebd75b be08cbcf 3ea3f1b9 be28b47b 3eacb0e9 @ 9000207c 90002078 90002074 90002070 9000206c 90002068 90002064 90002060 9000205c 90002058 90002054 90002050 9000204c 90002048 90002044 90002040 9000203c 90002038 90002034 90002030 9000202c 90002028 90002024 90002020 9000201c 90002018 90002014 90002010 9000200c 90002008 90002004 90002000
sm   0 warp 0 0x80000758 0x000002b7 x  5  00000000
sm   0 warp 0 0x80000754 0x0015607b lsu.w finish
sm   0 warp 0 0x8000075c 0x5e02cfd7 v 31 11111111111111111111111111111111 00000000 00000000 00000000 00000000 00000000 00000000 00000000 00000000 00000000 00000000 00000000 00000000 00000000 00000000 00000000 00000000 00000000 00000000 00000000 00000000 00000000 00000000 00000000 00000000 00000000 00000000 00000000 00000000 00000000 00000000 00000000 00000000 
[L1C] #   3146 SM 0 CACHE 0 ADDR 80000780
sm   0 warp 0 0x80000760 0x90002337 x  6  90002000
sm   0 warp 0 0x80000764 0x5208a557 v 10 11111111111111111111111111111111 0000001f 0000001e 0000001d 0000001c 0000001b 0000001a 00000019 00000018 00000017 00000016 00000015 00000014 00000013 00000012 00000011 00000010 0000000f 0000000e 0000000d 0000000c 0000000b 0000000a 00000009 00000008 00000007 00000006 00000005 00000004 00000003 00000002 00000001 00000000 
sm   0 warp 0 0x80000768 0x96a13557 v 10 11111111111111111111111111111111 0000007c 00000078 00000074 00000070 0000006c 00000068 00000064 00000060 0000005c 00000058 00000054 00000050 0000004c 00000048 00000044 00000040 0000003c 00000038 00000034 00000030 0000002c 00000028 00000024 00000020 0000001c 00000018 00000014 00000010 0000000c 00000008 00000004 00000000 
sm   0 warp 0 0x8000076c 0x02a34557 v 10 11111111111111111111111111111111 9000207c 90002078 90002074 90002070 9000206c 90002068 90002064 90002060 9000205c 90002058 90002054 90002050 9000204c 90002048 90002044 90002040 9000203c 90002038 90002034 90002030 9000202c 90002028 90002024 90002020 9000201c 90002018 90002014 90002010 9000200c 90002008 90002004 90002000 
sm   0 warp 0 0x80000770 0x000520fb lsu.r v  1 op 3 @ 9000207c 90002078 90002074 90002070 9000206c 90002068 90002064 90002060 9000205c 90002058 90002054 90002050 9000204c 90002048 90002044 90002040 9000203c 90002038 90002034 90002030 9000202c 90002028 90002024 90002020 9000201c 90002018 90002014 90002010 9000200c 90002008 90002004 90002000
sm   0 warp 0 0x80000770 0x000520fb v  1 11111111111111111111111111111111 3e88e09d 3e6459c9 3e227073 3df60ebd 3ed9227e 3ebf1e66 3ea61103 3e813c5e 3e55d024 3e2b77ca 3e0384c0 3edf0083 3eb6b669 3e9dfe30 3e86511d 3e5f7a0b 3ea163fc 3c449a5d be2d690e 403a01c8 bd1f64a9 3f890983 3f3006d4 be25321a 4013e7cf be0d3063 3eeb5a65 3eebd75b be08cbcf 3ea3f1b9 be28b47b 3eacb0e9 
sm   0 warp 0 0x80000774 0x2a108157 v  2 11111111111111111111111111111111 3e88e09d 3e6459c9 3e227073 3df60ebd 3ed9227e 3ebf1e66 3ea61103 3e813c5e 3e55d024 3e2b77ca 3e0384c0 3edf0083 3eb6b669 3e9dfe30 3e86511d 3e5f7a0b 3ea163fc 3c449a5d be2d690e 403a01c8 bd1f64a9 3f890983 3f3006d4 be25321a 4013e7cf be0d3063 3eeb5a65 3eebd75b be08cbcf 3ea3f1b9 be28b47b 3eacb0e9 
sm   0 warp 0 0x80000778 0x70000337 x  6  70000000
sm   0 warp 0 0x8000077c 0x5208a557 v 10 11111111111111111111111111111111 0000001f 0000001e 0000001d 0000001c 0000001b 0000001a 00000019 00000018 00000017 00000016 00000015 00000014 00000013 00000012 00000011 00000010 0000000f 0000000e 0000000d 0000000c 0000000b 0000000a 00000009 00000008 00000007 00000006 00000005 00000004 00000003 00000002 00000001 00000000 
sm   0 warp 0 0x80000780 0x96a13557 v 10 11111111111111111111111111111111 0000007c 00000078 00000074 00000070 0000006c 00000068 00000064 00000060 0000005c 00000058 00000054 00000050 0000004c 00000048 00000044 00000040 0000003c 00000038 00000034 00000030 0000002c 00000028 00000024 00000020 0000001c 00000018 00000014 00000010 0000000c 00000008 00000004 00000000 
sm   0 warp 0 0x80000784 0x02a34557 v 10 11111111111111111111111111111111 7000007c 70000078 70000074 70000070 7000006c 70000068 70000064 70000060 7000005c 70000058 70000054 70000050 7000004c 70000048 70000044 70000040 7000003c 70000038 70000034 70000030 7000002c 70000028 70000024 70000020 7000001c 70000018 70000014 70000010 7000000c 70000008 70000004 70000000 
sm   0 warp 0 0x80000788 0x0025607b lsu.w v  2 op 3 mask 11111111111111111111111111111111 3e88e09d 3e6459c9 3e227073 3df60ebd 3ed9227e 3ebf1e66 3ea61103 3e813c5e 3e55d024 3e2b77ca 3e0384c0 3edf0083 3eb6b669 3e9dfe30 3e86511d 3e5f7a0b 3ea163fc 3c449a5d be2d690e 403a01c8 bd1f64a9 3f890983 3f3006d4 be25321a 4013e7cf be0d3063 3eeb5a65 3eebd75b be08cbcf 3ea3f1b9 be28b47b 3eacb0e9 @ 7000007c 70000078 70000074 70000070 7000006c 70000068 70000064 70000060 7000005c 70000058 70000054 70000050 7000004c 70000048 70000044 70000040 7000003c 70000038 70000034 70000030 7000002c 70000028 70000024 70000020 7000001c 70000018 70000014 70000010 7000000c 70000008 70000004 70000000
sm   0 warp 0 0x8000078c 0x70000337 x  6  70000000
sm   0 warp 0 0x80000790 0x5208a557 v 10 11111111111111111111111111111111 0000001f 0000001e 0000001d 0000001c 0000001b 0000001a 00000019 00000018 00000017 00000016 00000015 00000014 00000013 00000012 00000011 00000010 0000000f 0000000e 0000000d 0000000c 0000000b 0000000a 00000009 00000008 00000007 00000006 00000005 00000004 00000003 00000002 00000001 00000000 
sm   0 warp 0 0x80000794 0x000003b7 x  7  00000000
sm   0 warp 0 0x80000788 0x0025607b lsu.w finish
sm   0 warp 0 0x80000798 0x01038393 x  7  00000010
sm   0 warp 0 0x8000079c 0x02a3c557 v 10 11111111111111111111111111111111 0000002f 0000002e 0000002d 0000002c 0000002b 0000002a 00000029 00000028 00000027 00000026 00000025 00000024 00000023 00000022 00000021 00000020 0000001f 0000001e 0000001d 0000001c 0000001b 0000001a 00000019 00000018 00000017 00000016 00000015 00000014 00000013 00000012 00000011 00000010 
sm   0 warp 0 0x800007a0 0x000003b7 x  7  00000000
sm   0 warp 0 0x800007a4 0x01f38393 x  7  0000001f
sm   0 warp 0 0x800007a8 0x26a3c557 v 10 11111111111111111111111111111111 0000000f 0000000e 0000000d 0000000c 0000000b 0000000a 00000009 00000008 00000007 00000006 00000005 00000004 00000003 00000002 00000001 00000000 0000001f 0000001e 0000001d 0000001c 0000001b 0000001a 00000019 00000018 00000017 00000016 00000015 00000014 00000013 00000012 00000011 00000010 
sm   0 warp 0 0x800007ac 0x96a13557 v 10 11111111111111111111111111111111 0000003c 00000038 00000034 00000030 0000002c 00000028 00000024 00000020 0000001c 00000018 00000014 00000010 0000000c 00000008 00000004 00000000 0000007c 00000078 00000074 00000070 0000006c 00000068 00000064 00000060 0000005c 00000058 00000054 00000050 0000004c 00000048 00000044 00000040 
sm   0 warp 0 0x800007b0 0x02a34557 v 10 11111111111111111111111111111111 7000003c 70000038 70000034 70000030 7000002c 70000028 70000024 70000020 7000001c 70000018 70000014 70000010 7000000c 70000008 70000004 70000000 7000007c 70000078 70000074 70000070 7000006c 70000068 70000064 70000060 7000005c 70000058 70000054 70000050 7000004c 70000048 70000044 70000040 
sm   0 warp 0 0x800007b4 0x0005227b lsu.r v  4 op 3 @ 7000003c 70000038 70000034 70000030 7000002c 70000028 70000024 70000020 7000001c 70000018 70000014 70000010 7000000c 70000008 70000004 70000000 7000007c 70000078 70000074 70000070 7000006c 70000068 70000064 70000060 7000005c 70000058 70000054 70000050 7000004c 70000048 70000044 70000040
sm   0 warp 0 0x800007b4 0x0005227b v  4 11111111111111111111111111111111 3ea163fc 3c449a5d be2d690e 403a01c8 bd1f64a9 3f890983 3f3006d4 be25321a 4013e7cf be0d3063 3eeb5a65 3eebd75b be08cbcf 3ea3f1b9 be28b47b 3eacb0e9 3e88e09d 3e6459c9 3e227073 3df60ebd 3ed9227e 3ebf1e66 3ea61103 3e813c5e 3e55d024 3e2b77ca 3e0384c0 3edf0083 3eb6b669 3e9dfe30 3e86511d 3e5f7a0b 
sm   0 warp 0 0x800007b8 0x1a411157 v  2 11111111111111111111111111111111 3ea163fc 3e6459c9 3e227073 403a01c8 3ed9227e 3f890983 3f3006d4 3e813c5e 4013e7cf 3e2b77ca 3eeb5a65 3eebd75b 3eb6b669 3ea3f1b9 3e86511d 3eacb0e9 3ea163fc 3e6459c9 3e227073 403a01c8 3ed9227e 3f890983 3f3006d4 3e813c5e 4013e7cf 3e2b77ca 3eeb5a65 3eebd75b 3eb6b669 3ea3f1b9 3e86511d 3eacb0e9 
sm   0 warp 0 0x800007bc 0x70000337 x  6  70000000
sm   0 warp 0 0x800007c0 0x5208a557 v 10 11111111111111111111111111111111 0000001f 0000001e 0000001d 0000001c 0000001b 0000001a 00000019 00000018 00000017 00000016 00000015 00000014 00000013 00000012 00000011 00000010 0000000f 0000000e 0000000d 0000000c 0000000b 0000000a 00000009 00000008 00000007 00000006 00000005 00000004 00000003 00000002 00000001 00000000 
sm   0 warp 0 0x800007c4 0x96a13557 v 10 11111111111111111111111111111111 0000007c 00000078 00000074 00000070 0000006c 00000068 00000064 00000060 0000005c 00000058 00000054 00000050 0000004c 00000048 00000044 00000040 0000003c 00000038 00000034 00000030 0000002c 00000028 00000024 00000020 0000001c 00000018 00000014 00000010 0000000c 00000008 00000004 00000000 
sm   0 warp 0 0x800007c8 0x02a34557 v 10 11111111111111111111111111111111 7000007c 70000078 70000074 70000070 7000006c 70000068 70000064 70000060 7000005c 70000058 70000054 70000050 7000004c 70000048 70000044 70000040 7000003c 70000038 70000034 70000030 7000002c 70000028 70000024 70000020 7000001c 70000018 70000014 70000010 7000000c 70000008 70000004 70000000 
sm   0 warp 0 0x800007cc 0x0025607b lsu.w v  2 op 3 mask 11111111111111111111111111111111 3ea163fc 3e6459c9 3e227073 403a01c8 3ed9227e 3f890983 3f3006d4 3e813c5e 4013e7cf 3e2b77ca 3eeb5a65 3eebd75b 3eb6b669 3ea3f1b9 3e86511d 3eacb0e9 3ea163fc 3e6459c9 3e227073 403a01c8 3ed9227e 3f890983 3f3006d4 3e813c5e 4013e7cf 3e2b77ca 3eeb5a65 3eebd75b 3eb6b669 3ea3f1b9 3e86511d 3eacb0e9 @ 7000007c 70000078 70000074 70000070 7000006c 70000068 70000064 70000060 7000005c 70000058 70000054 70000050 7000004c 70000048 70000044 70000040 7000003c 70000038 70000034 70000030 7000002c 70000028 70000024 70000020 7000001c 70000018 70000014 70000010 7000000c 70000008 70000004 70000000
sm   0 warp 0 0x800007d0 0x70000337 x  6  70000000
sm   0 warp 0 0x800007d4 0x5208a557 v 10 11111111111111111111111111111111 0000001f 0000001e 0000001d 0000001c 0000001b 0000001a 00000019 00000018 00000017 00000016 00000015 00000014 00000013 00000012 00000011 00000010 0000000f 0000000e 0000000d 0000000c 0000000b 0000000a 00000009 00000008 00000007 00000006 00000005 00000004 00000003 00000002 00000001 00000000 
sm   0 warp 0 0x800007d8 0x000003b7 x  7  00000000
sm   0 warp 0 0x800007cc 0x0025607b lsu.w finish
sm   0 warp 0 0x800007dc 0x00838393 x  7  00000008
[L1C] #   3282 SM 0 CACHE 0 ADDR 80000800
sm   0 warp 0 0x800007e0 0x02a3c557 v 10 11111111111111111111111111111111 00000027 00000026 00000025 00000024 00000023 00000022 00000021 00000020 0000001f 0000001e 0000001d 0000001c 0000001b 0000001a 00000019 00000018 00000017 00000016 00000015 00000014 00000013 00000012 00000011 00000010 0000000f 0000000e 0000000d 0000000c 0000000b 0000000a 00000009 00000008 
sm   0 warp 0 0x800007e4 0x000003b7 x  7  00000000
sm   0 warp 0 0x800007e8 0x01f38393 x  7  0000001f
sm   0 warp 0 0x800007ec 0x26a3c557 v 10 11111111111111111111111111111111 00000007 00000006 00000005 00000004 00000003 00000002 00000001 00000000 0000001f 0000001e 0000001d 0000001c 0000001b 0000001a 00000019 00000018 00000017 00000016 00000015 00000014 00000013 00000012 00000011 00000010 0000000f 0000000e 0000000d 0000000c 0000000b 0000000a 00000009 00000008 
sm   0 warp 0 0x800007f0 0x96a13557 v 10 11111111111111111111111111111111 0000001c 00000018 00000014 00000010 0000000c 00000008 00000004 00000000 0000007c 00000078 00000074 00000070 0000006c 00000068 00000064 00000060 0000005c 00000058 00000054 00000050 0000004c 00000048 00000044 00000040 0000003c 00000038 00000034 00000030 0000002c 00000028 00000024 00000020 
sm   0 warp 0 0x800007f4 0x02a34557 v 10 11111111111111111111111111111111 7000001c 70000018 70000014 70000010 7000000c 70000008 70000004 70000000 7000007c 70000078 70000074 70000070 7000006c 70000068 70000064 70000060 7000005c 70000058 70000054 70000050 7000004c 70000048 70000044 70000040 7000003c 70000038 70000034 70000030 7000002c 70000028 70000024 70000020 
sm   0 warp 0 0x800007f8 0x0005227b lsu.r v  4 op 3 @ 7000001c 70000018 70000014 70000010 7000000c 70000008 70000004 70000000 7000007c 70000078 70000074 70000070 7000006c 70000068 70000064 70000060 7000005c 70000058 70000054 70000050 7000004c 70000048 70000044 70000040 7000003c 70000038 70000034 70000030 7000002c 70000028 70000024 70000020
sm   0 warp 0 0x800007f8 0x0005227b v  4 11111111111111111111111111111111 4013e7cf 3e2b77ca 3eeb5a65 3eebd75b 3eb6b669 3ea3f1b9 3e86511d 3eacb0e9 3ea163fc 3e6459c9 3e227073 403a01c8 3ed9227e 3f890983 3f3006d4 3e813c5e 4013e7cf 3e2b77ca 3eeb5a65 3eebd75b 3eb6b669 3ea3f1b9 3e86511d 3eacb0e9 3ea163fc 3e6459c9 3e227073 403a01c8 3ed9227e 3f890983 3f3006d4 3e813c5e 
sm   0 warp 0 0x800007fc 0x1a411157 v  2 11111111111111111111111111111111 4013e7cf 3e6459c9 3eeb5a65 403a01c8 3ed9227e 3f890983 3f3006d4 3eacb0e9 4013e7cf 3e6459c9 3eeb5a65 403a01c8 3ed9227e 3f890983 3f3006d4 3eacb0e9 4013e7cf 3e6459c9 3eeb5a65 403a01c8 3ed9227e 3f890983 3f3006d4 3eacb0e9 4013e7cf 3e6459c9 3eeb5a65 403a01c8 3ed9227e 3f890983 3f3006d4 3eacb0e9 
sm   0 warp 0 0x80000800 0x70000337 x  6  70000000
sm   0 warp 0 0x80000804 0x5208a557 v 10 11111111111111111111111111111111 0000001f 0000001e 0000001d 0000001c 0000001b 0000001a 00000019 00000018 00000017 00000016 00000015 00000014 00000013 00000012 00000011 00000010 0000000f 0000000e 0000000d 0000000c 0000000b 0000000a 00000009 00000008 00000007 00000006 00000005 00000004 00000003 00000002 00000001 00000000 
sm   0 warp 0 0x80000808 0x96a13557 v 10 11111111111111111111111111111111 0000007c 00000078 00000074 00000070 0000006c 00000068 00000064 00000060 0000005c 00000058 00000054 00000050 0000004c 00000048 00000044 00000040 0000003c 00000038 00000034 00000030 0000002c 00000028 00000024 00000020 0000001c 00000018 00000014 00000010 0000000c 00000008 00000004 00000000 
sm   0 warp 0 0x8000080c 0x02a34557 v 10 11111111111111111111111111111111 7000007c 70000078 70000074 70000070 7000006c 70000068 70000064 70000060 7000005c 70000058 70000054 70000050 7000004c 70000048 70000044 70000040 7000003c 70000038 70000034 70000030 7000002c 70000028 70000024 70000020 7000001c 70000018 70000014 70000010 7000000c 70000008 70000004 70000000 
sm   0 warp 0 0x80000810 0x0025607b lsu.w v  2 op 3 mask 11111111111111111111111111111111 4013e7cf 3e6459c9 3eeb5a65 403a01c8 3ed9227e 3f890983 3f3006d4 3eacb0e9 4013e7cf 3e6459c9 3eeb5a65 403a01c8 3ed9227e 3f890983 3f3006d4 3eacb0e9 4013e7cf 3e6459c9 3eeb5a65 403a01c8 3ed9227e 3f890983 3f3006d4 3eacb0e9 4013e7cf 3e6459c9 3eeb5a65 403a01c8 3ed9227e 3f890983 3f3006d4 3eacb0e9 @ 7000007c 70000078 70000074 70000070 7000006c 70000068 70000064 70000060 7000005c 70000058 70000054 70000050 7000004c 70000048 70000044 70000040 7000003c 70000038 70000034 70000030 7000002c 70000028 70000024 70000020 7000001c 70000018 70000014 70000010 7000000c 70000008 70000004 70000000
sm   0 warp 0 0x80000814 0x70000337 x  6  70000000
sm   0 warp 0 0x80000818 0x5208a557 v 10 11111111111111111111111111111111 0000001f 0000001e 0000001d 0000001c 0000001b 0000001a 00000019 00000018 00000017 00000016 00000015 00000014 00000013 00000012 00000011 00000010 0000000f 0000000e 0000000d 0000000c 0000000b 0000000a 00000009 00000008 00000007 00000006 00000005 00000004 00000003 00000002 00000001 00000000 
sm   0 warp 0 0x8000081c 0x000003b7 x  7  00000000
sm   0 warp 0 0x80000810 0x0025607b lsu.w finish
sm   0 warp 0 0x80000820 0x00438393 x  7  00000004
sm   0 warp 0 0x80000824 0x02a3c557 v 10 11111111111111111111111111111111 00000023 00000022 00000021 00000020 0000001f 0000001e 0000001d 0000001c 0000001b 0000001a 00000019 00000018 00000017 00000016 00000015 00000014 00000013 00000012 00000011 00000010 0000000f 0000000e 0000000d 0000000c 0000000b 0000000a 00000009 00000008 00000007 00000006 00000005 00000004 
sm   0 warp 0 0x80000828 0x000003b7 x  7  00000000
sm   0 warp 0 0x8000082c 0x01f38393 x  7  0000001f
sm   0 warp 0 0x80000830 0x26a3c557 v 10 11111111111111111111111111111111 00000003 00000002 00000001 00000000 0000001f 0000001e 0000001d 0000001c 0000001b 0000001a 00000019 00000018 00000017 00000016 00000015 00000014 00000013 00000012 00000011 00000010 0000000f 0000000e 0000000d 0000000c 0000000b 0000000a 00000009 00000008 00000007 00000006 00000005 00000004 
sm   0 warp 0 0x80000834 0x96a13557 v 10 11111111111111111111111111111111 0000000c 00000008 00000004 00000000 0000007c 00000078 00000074 00000070 0000006c 00000068 00000064 00000060 0000005c 00000058 00000054 00000050 0000004c 00000048 00000044 00000040 0000003c 00000038 00000034 00000030 0000002c 00000028 00000024 00000020 0000001c 00000018 00000014 00000010 
sm   0 warp 0 0x80000838 0x02a34557 v 10 11111111111111111111111111111111 7000000c 70000008 70000004 70000000 7000007c 70000078 70000074 70000070 7000006c 70000068 70000064 70000060 7000005c 70000058 70000054 70000050 7000004c 70000048 70000044 70000040 7000003c 70000038 70000034 70000030 7000002c 70000028 70000024 70000020 7000001c 70000018 70000014 70000010 
sm   0 warp 0 0x8000083c 0x0005227b lsu.r v  4 op 3 @ 7000000c 70000008 70000004 70000000 7000007c 70000078 70000074 70000070 7000006c 70000068 70000064 70000060 7000005c 70000058 70000054 70000050 7000004c 70000048 70000044 70000040 7000003c 70000038 70000034 70000030 7000002c 70000028 70000024 70000020 7000001c 70000018 70000014 70000010
sm   0 warp 0 0x8000083c 0x0005227b v  4 11111111111111111111111111111111 3ed9227e 3f890983 3f3006d4 3eacb0e9 4013e7cf 3e6459c9 3eeb5a65 403a01c8 3ed9227e 3f890983 3f3006d4 3eacb0e9 4013e7cf 3e6459c9 3eeb5a65 403a01c8 3ed9227e 3f890983 3f3006d4 3eacb0e9 4013e7cf 3e6459c9 3eeb5a65 403a01c8 3ed9227e 3f890983 3f3006d4 3eacb0e9 4013e7cf 3e6459c9 3eeb5a65 403a01c8 
sm   0 warp 0 0x80000840 0x1a411157 v  2 11111111111111111111111111111111 4013e7cf 3f890983 3f3006d4 403a01c8 4013e7cf 3f890983 3f3006d4 403a01c8 4013e7cf 3f890983 3f3006d4 403a01c8 4013e7cf 3f890983 3f3006d4 403a01c8 4013e7cf 3f890983 3f3006d4 403a01c8 4013e7cf 3f890983 3f3006d4 403a01c8 4013e7cf 3f890983 3f3006d4 403a01c8 4013e7cf 3f890983 3f3006d4 403a01c8 
sm   0 warp 0 0x80000844 0x70000337 x  6  70000000
sm   0 warp 0 0x80000848 0x5208a557 v 10 11111111111111111111111111111111 0000001f 0000001e 0000001d 0000001c 0000001b 0000001a 00000019 00000018 00000017 00000016 00000015 00000014 00000013 00000012 00000011 00000010 0000000f 0000000e 0000000d 0000000c 0000000b 0000000a 00000009 00000008 00000007 00000006 00000005 00000004 00000003 00000002 00000001 00000000 
sm   0 warp 0 0x8000084c 0x96a13557 v 10 11111111111111111111111111111111 0000007c 00000078 00000074 00000070 0000006c 00000068 00000064 00000060 0000005c 00000058 00000054 00000050 0000004c 00000048 00000044 00000040 0000003c 00000038 00000034 00000030 0000002c 00000028 00000024 00000020 0000001c 00000018 00000014 00000010 0000000c 00000008 00000004 00000000 
sm   0 warp 0 0x80000850 0x02a34557 v 10 11111111111111111111111111111111 7000007c 70000078 70000074 70000070 7000006c 70000068 70000064 70000060 7000005c 70000058 70000054 70000050 7000004c 70000048 70000044 70000040 7000003c 70000038 70000034 70000030 7000002c 70000028 70000024 70000020 7000001c 70000018 70000014 70000010 7000000c 70000008 70000004 70000000 
sm   0 warp 0 0x80000854 0x0025607b lsu.w v  2 op 3 mask 11111111111111111111111111111111 4013e7cf 3f890983 3f3006d4 403a01c8 4013e7cf 3f890983 3f3006d4 403a01c8 4013e7cf 3f890983 3f3006d4 403a01c8 4013e7cf 3f890983 3f3006d4 403a01c8 4013e7cf 3f890983 3f3006d4 403a01c8 4013e7cf 3f890983 3f3006d4 403a01c8 4013e7cf 3f890983 3f3006d4 403a01c8 4013e7cf 3f890983 3f3006d4 403a01c8 @ 7000007c 70000078 70000074 70000070 7000006c 70000068 70000064 70000060 7000005c 70000058 70000054 70000050 7000004c 70000048 70000044 70000040 7000003c 70000038 70000034 70000030 7000002c 70000028 70000024 70000020 7000001c 70000018 70000014 70000010 7000000c 70000008 70000004 70000000
sm   0 warp 0 0x80000858 0x70000337 x  6  70000000
sm   0 warp 0 0x8000085c 0x5208a557 v 10 11111111111111111111111111111111 0000001f 0000001e 0000001d 0000001c 0000001b 0000001a 00000019 00000018 00000017 00000016 00000015 00000014 00000013 00000012 00000011 00000010 0000000f 0000000e 0000000d 0000000c 0000000b 0000000a 00000009 00000008 00000007 00000006 00000005 00000004 00000003 00000002 00000001 00000000 
sm   0 warp 0 0x80000860 0x000003b7 x  7  00000000
sm   0 warp 0 0x80000854 0x0025607b lsu.w finish
[L1C] #   3425 SM 0 CACHE 0 ADDR 80000880
sm   0 warp 0 0x80000864 0x00238393 x  7  00000002
sm   0 warp 0 0x80000868 0x02a3c557 v 10 11111111111111111111111111111111 00000021 00000020 0000001f 0000001e 0000001d 0000001c 0000001b 0000001a 00000019 00000018 00000017 00000016 00000015 00000014 00000013 00000012 00000011 00000010 0000000f 0000000e 0000000d 0000000c 0000000b 0000000a 00000009 00000008 00000007 00000006 00000005 00000004 00000003 00000002 
sm   0 warp 0 0x8000086c 0x000003b7 x  7  00000000
sm   0 warp 0 0x80000870 0x01f38393 x  7  0000001f
sm   0 warp 0 0x80000874 0x26a3c557 v 10 11111111111111111111111111111111 00000001 00000000 0000001f 0000001e 0000001d 0000001c 0000001b 0000001a 00000019 00000018 00000017 00000016 00000015 00000014 00000013 00000012 00000011 00000010 0000000f 0000000e 0000000d 0000000c 0000000b 0000000a 00000009 00000008 00000007 00000006 00000005 00000004 00000003 00000002 
sm   0 warp 0 0x80000878 0x96a13557 v 10 11111111111111111111111111111111 00000004 00000000 0000007c 00000078 00000074 00000070 0000006c 00000068 00000064 00000060 0000005c 00000058 00000054 00000050 0000004c 00000048 00000044 00000040 0000003c 00000038 00000034 00000030 0000002c 00000028 00000024 00000020 0000001c 00000018 00000014 00000010 0000000c 00000008 
sm   0 warp 0 0x8000087c 0x02a34557 v 10 11111111111111111111111111111111 70000004 70000000 7000007c 70000078 70000074 70000070 7000006c 70000068 70000064 70000060 7000005c 70000058 70000054 70000050 7000004c 70000048 70000044 70000040 7000003c 70000038 70000034 70000030 7000002c 70000028 70000024 70000020 7000001c 70000018 70000014 70000010 7000000c 70000008 
sm   0 warp 0 0x80000880 0x0005227b lsu.r v  4 op 3 @ 70000004 70000000 7000007c 70000078 70000074 70000070 7000006c 70000068 70000064 70000060 7000005c 70000058 70000054 70000050 7000004c 70000048 70000044 70000040 7000003c 70000038 70000034 70000030 7000002c 70000028 70000024 70000020 7000001c 70000018 70000014 70000010 7000000c 70000008
sm   0 warp 0 0x80000880 0x0005227b v  4 11111111111111111111111111111111 3f3006d4 403a01c8 4013e7cf 3f890983 3f3006d4 403a01c8 4013e7cf 3f890983 3f3006d4 403a01c8 4013e7cf 3f890983 3f3006d4 403a01c8 4013e7cf 3f890983 3f3006d4 403a01c8 4013e7cf 3f890983 3f3006d4 403a01c8 4013e7cf 3f890983 3f3006d4 403a01c8 4013e7cf 3f890983 3f3006d4 403a01c8 4013e7cf 3f890983 
sm   0 warp 0 0x80000884 0x1a411157 v  2 11111111111111111111111111111111 4013e7cf 403a01c8 4013e7cf 403a01c8 4013e7cf 403a01c8 4013e7cf 403a01c8 4013e7cf 403a01c8 4013e7cf 403a01c8 4013e7cf 403a01c8 4013e7cf 403a01c8 4013e7cf 403a01c8 4013e7cf 403a01c8 4013e7cf 403a01c8 4013e7cf 403a01c8 4013e7cf 403a01c8 4013e7cf 403a01c8 4013e7cf 403a01c8 4013e7cf 403a01c8 
sm   0 warp 0 0x80000888 0x70000337 x  6  70000000
sm   0 warp 0 0x8000088c 0x5208a557 v 10 11111111111111111111111111111111 0000001f 0000001e 0000001d 0000001c 0000001b 0000001a 00000019 00000018 00000017 00000016 00000015 00000014 00000013 00000012 00000011 00000010 0000000f 0000000e 0000000d 0000000c 0000000b 0000000a 00000009 00000008 00000007 00000006 00000005 00000004 00000003 00000002 00000001 00000000 
sm   0 warp 0 0x80000890 0x96a13557 v 10 11111111111111111111111111111111 0000007c 00000078 00000074 00000070 0000006c 00000068 00000064 00000060 0000005c 00000058 00000054 00000050 0000004c 00000048 00000044 00000040 0000003c 00000038 00000034 00000030 0000002c 00000028 00000024 00000020 0000001c 00000018 00000014 00000010 0000000c 00000008 00000004 00000000 
sm   0 warp 0 0x80000894 0x02a34557 v 10 11111111111111111111111111111111 7000007c 70000078 70000074 70000070 7000006c 70000068 70000064 70000060 7000005c 70000058 70000054 70000050 7000004c 70000048 70000044 70000040 7000003c 70000038 70000034 70000030 7000002c 70000028 70000024 70000020 7000001c 70000018 70000014 70000010 7000000c 70000008 70000004 70000000 
sm   0 warp 0 0x80000898 0x0025607b lsu.w v  2 op 3 mask 11111111111111111111111111111111 4013e7cf 403a01c8 4013e7cf 403a01c8 4013e7cf 403a01c8 4013e7cf 403a01c8 4013e7cf 403a01c8 4013e7cf 403a01c8 4013e7cf 403a01c8 4013e7cf 403a01c8 4013e7cf 403a01c8 4013e7cf 403a01c8 4013e7cf 403a01c8 4013e7cf 403a01c8 4013e7cf 403a01c8 4013e7cf 403a01c8 4013e7cf 403a01c8 4013e7cf 403a01c8 @ 7000007c 70000078 70000074 70000070 7000006c 70000068 70000064 70000060 7000005c 70000058 70000054 70000050 7000004c 70000048 70000044 70000040 7000003c 70000038 70000034 70000030 7000002c 70000028 70000024 70000020 7000001c 70000018 70000014 70000010 7000000c 70000008 70000004 70000000
sm   0 warp 0 0x8000089c 0x70000337 x  6  70000000
sm   0 warp 0 0x800008a0 0x5208a557 v 10 11111111111111111111111111111111 0000001f 0000001e 0000001d 0000001c 0000001b 0000001a 00000019 00000018 00000017 00000016 00000015 00000014 00000013 00000012 00000011 00000010 0000000f 0000000e 0000000d 0000000c 0000000b 0000000a 00000009 00000008 00000007 00000006 00000005 00000004 00000003 00000002 00000001 00000000 
sm   0 warp 0 0x800008a4 0x000003b7 x  7  00000000
sm   0 warp 0 0x80000898 0x0025607b lsu.w finish
sm   0 warp 0 0x800008a8 0x00138393 x  7  00000001
sm   0 warp 0 0x800008ac 0x02a3c557 v 10 11111111111111111111111111111111 00000020 0000001f 0000001e 0000001d 0000001c 0000001b 0000001a 00000019 00000018 00000017 00000016 00000015 00000014 00000013 00000012 00000011 00000010 0000000f 0000000e 0000000d 0000000c 0000000b 0000000a 00000009 00000008 00000007 00000006 00000005 00000004 00000003 00000002 00000001 
sm   0 warp 0 0x800008b0 0x000003b7 x  7  00000000
sm   0 warp 0 0x800008b4 0x01f38393 x  7  0000001f
sm   0 warp 0 0x800008b8 0x26a3c557 v 10 11111111111111111111111111111111 00000000 0000001f 0000001e 0000001d 0000001c 0000001b 0000001a 00000019 00000018 00000017 00000016 00000015 00000014 00000013 00000012 00000011 00000010 0000000f 0000000e 0000000d 0000000c 0000000b 0000000a 00000009 00000008 00000007 00000006 00000005 00000004 00000003 00000002 00000001 
sm   0 warp 0 0x800008bc 0x96a13557 v 10 11111111111111111111111111111111 00000000 0000007c 00000078 00000074 00000070 0000006c 00000068 00000064 00000060 0000005c 00000058 00000054 00000050 0000004c 00000048 00000044 00000040 0000003c 00000038 00000034 00000030 0000002c 00000028 00000024 00000020 0000001c 00000018 00000014 00000010 0000000c 00000008 00000004 
sm   0 warp 0 0x800008c0 0x02a34557 v 10 11111111111111111111111111111111 70000000 7000007c 70000078 70000074 70000070 7000006c 70000068 70000064 70000060 7000005c 70000058 70000054 70000050 7000004c 70000048 70000044 70000040 7000003c 70000038 70000034 70000030 7000002c 70000028 70000024 70000020 7000001c 70000018 70000014 70000010 7000000c 70000008 70000004 
sm   0 warp 0 0x800008c4 0x0005227b lsu.r v  4 op 3 @ 70000000 7000007c 70000078 70000074 70000070 7000006c 70000068 70000064 70000060 7000005c 70000058 70000054 70000050 7000004c 70000048 70000044 70000040 7000003c 70000038 70000034 70000030 7000002c 70000028 70000024 70000020 7000001c 70000018 70000014 70000010 7000000c 70000008 70000004
sm   0 warp 0 0x800008c4 0x0005227b v  4 11111111111111111111111111111111 403a01c8 4013e7cf 403a01c8 4013e7cf 403a01c8 4013e7cf 403a01c8 4013e7cf 403a01c8 4013e7cf 403a01c8 4013e7cf 403a01c8 4013e7cf 403a01c8 4013e7cf 403a01c8 4013e7cf 403a01c8 4013e7cf 403a01c8 4013e7cf 403a01c8 4013e7cf 403a01c8 4013e7cf 403a01c8 4013e7cf 403a01c8 4013e7cf 403a01c8 4013e7cf 
sm   0 warp 0 0x800008c8 0x1a411157 v  2 11111111111111111111111111111111 403a01c8 403a01c8 403a01c8 403a01c8 403a01c8 403a01c8 403a01c8 403a01c8 403a01c8 403a01c8 403a01c8 403a01c8 403a01c8 403a01c8 403a01c8 403a01c8 403a01c8 403a01c8 403a01c8 403a01c8 403a01c8 403a01c8 403a01c8 403a01c8 403a01c8 403a01c8 403a01c8 403a01c8 403a01c8 403a01c8 403a01c8 403a01c8 
sm   0 warp 0 0x800008cc 0x70000337 x  6  70000000
sm   0 warp 0 0x800008d0 0x5208a557 v 10 11111111111111111111111111111111 0000001f 0000001e 0000001d 0000001c 0000001b 0000001a 00000019 00000018 00000017 00000016 00000015 00000014 00000013 00000012 00000011 00000010 0000000f 0000000e 0000000d 0000000c 0000000b 0000000a 00000009 00000008 00000007 00000006 00000005 00000004 00000003 00000002 00000001 00000000 
sm   0 warp 0 0x800008d4 0x96a13557 v 10 11111111111111111111111111111111 0000007c 00000078 00000074 00000070 0000006c 00000068 00000064 00000060 0000005c 00000058 00000054 00000050 0000004c 00000048 00000044 00000040 0000003c 00000038 00000034 00000030 0000002c 00000028 00000024 00000020 0000001c 00000018 00000014 00000010 0000000c 00000008 00000004 00000000 
sm   0 warp 0 0x800008d8 0x02a34557 v 10 11111111111111111111111111111111 7000007c 70000078 70000074 70000070 7000006c 70000068 70000064 70000060 7000005c 70000058 70000054 70000050 7000004c 70000048 70000044 70000040 7000003c 70000038 70000034 70000030 7000002c 70000028 70000024 70000020 7000001c 70000018 70000014 70000010 7000000c 70000008 70000004 70000000 
[L1C] #   3566 SM 0 CACHE 0 ADDR 80000900
sm   0 warp 0 0x800008dc 0x0025607b lsu.w v  2 op 3 mask 11111111111111111111111111111111 403a01c8 403a01c8 403a01c8 403a01c8 403a01c8 403a01c8 403a01c8 403a01c8 403a01c8 403a01c8 403a01c8 403a01c8 403a01c8 403a01c8 403a01c8 403a01c8 403a01c8 403a01c8 403a01c8 403a01c8 403a01c8 403a01c8 403a01c8 403a01c8 403a01c8 403a01c8 403a01c8 403a01c8 403a01c8 403a01c8 403a01c8 403a01c8 @ 7000007c 70000078 70000074 70000070 7000006c 70000068 70000064 70000060 7000005c 70000058 70000054 70000050 7000004c 70000048 70000044 70000040 7000003c 70000038 70000034 70000030 7000002c 70000028 70000024 70000020 7000001c 70000018 70000014 70000010 7000000c 70000008 70000004 70000000
sm   0 warp 0 0x800008e4 0x3d8002b7 x  5  3d800000
sm   0 warp 0 0x800008e0 0x0a1110d7 v  1 11111111111111111111111111111111 c028e5b4 c02bbc2b c02fdac1 c0325152 c01edd78 c0221dfb c0253fa8 c029da3c c02ca4c6 c02f4a4b c031c97c c01e21b8 c0232afb c0264202 c02937a4 c02c0a27 c025d548 c0393d2e c044d859 00000000 c03c7f5b bfeafa0d c00e0013 c04454ea bf1867e4 c042d4ce c01c967b c01c86dd c0428e85 c0258391 c0448d10 c0246bab 
sm   0 warp 0 0x800008dc 0x0025607b lsu.w finish
sm   0 warp 0 0x800008e8 0x5e02c857 v 16 11111111111111111111111111111111 3d800000 3d800000 3d800000 3d800000 3d800000 3d800000 3d800000 3d800000 3d800000 3d800000 3d800000 3d800000 3d800000 3d800000 3d800000 3d800000 3d800000 3d800000 3d800000 3d800000 3d800000 3d800000 3d800000 3d800000 3d800000 3d800000 3d800000 3d800000 3d800000 3d800000 3d800000 3d800000 
sm   0 warp 0 0x800008ec 0x2bff8657 v 12 11111111111111111111111111111111 00000000 00000000 00000000 00000000 00000000 00000000 00000000 00000000 00000000 00000000 00000000 00000000 00000000 00000000 00000000 00000000 00000000 00000000 00000000 00000000 00000000 00000000 00000000 00000000 00000000 00000000 00000000 00000000 00000000 00000000 00000000 00000000 
sm   0 warp 0 0x800008f4 0x37d012b7 x  5  37d01000
sm   0 warp 0 0x800008f0 0xb3009657 v 12 11111111111111111111111111111111 be28e5b4 be2bbc2b be2fdac1 be325152 be1edd78 be221dfb be253fa8 be29da3c be2ca4c6 be2f4a4b be31c97c be1e21b8 be232afb be264202 be2937a4 be2c0a27 be25d548 be393d2e be44d859 00000000 be3c7f5b bdeafa0d be0e0013 be4454ea bd1867e4 be42d4ce be1c967b be1c86dd be428e85 be258391 be448d10 be246bab 
sm   0 warp 0 0x800008f8 0xd0128293 x  5  37d00d01
sm   0 warp 0 0x800008fc 0x5e02c8d7 v 17 11111111111111111111111111111111 37d00d01 37d00d01 37d00d01 37d00d01 37d00d01 37d00d01 37d00d01 37d00d01 37d00d01 37d00d01 37d00d01 37d00d01 37d00d01 37d00d01 37d00d01 37d00d01 37d00d01 37d00d01 37d00d01 37d00d01 37d00d01 37d00d01 37d00d01 37d00d01 37d00d01 37d00d01 37d00d01 37d00d01 37d00d01 37d00d01 37d00d01 37d00d01 
sm   0 warp 0 0x80000900 0x2b1886d7 v 13 11111111111111111111111111111111 37d00d01 37d00d01 37d00d01 37d00d01 37d00d01 37d00d01 37d00d01 37d00d01 37d00d01 37d00d01 37d00d01 37d00d01 37d00d01 37d00d01 37d00d01 37d00d01 37d00d01 37d00d01 37d00d01 37d00d01 37d00d01 37d00d01 37d00d01 37d00d01 37d00d01 37d00d01 37d00d01 37d00d01 37d00d01 37d00d01 37d00d01 37d00d01 
sm   0 warp 0 0x80000904 0x395012b7 x  5  39501000
sm   0 warp 0 0x80000908 0xd0128293 x  5  39500d01
sm   0 warp 0 0x8000090c 0x5e02c8d7 v 17 11111111111111111111111111111111 39500d01 39500d01 39500d01 39500d01 39500d01 39500d01 39500d01 39500d01 39500d01 39500d01 39500d01 39500d01 39500d01 39500d01 39500d01 39500d01 39500d01 39500d01 39500d01 39500d01 39500d01 39500d01 39500d01 39500d01 39500d01 39500d01 39500d01 39500d01 39500d01 39500d01 39500d01 39500d01 
sm   0 warp 0 0x80000910 0x2ad68f57 v 30 11111111111111111111111111111111 37d00d01 37d00d01 37d00d01 37d00d01 37d00d01 37d00d01 37d00d01 37d00d01 37d00d01 37d00d01 37d00d01 37d00d01 37d00d01 37d00d01 37d00d01 37d00d01 37d00d01 37d00d01 37d00d01 37d00d01 37d00d01 37d00d01 37d00d01 37d00d01 37d00d01 37d00d01 37d00d01 37d00d01 37d00d01 37d00d01 37d00d01 37d00d01 
sm   0 warp 0 0x80000914 0x2b1886d7 v 13 11111111111111111111111111111111 39500d01 39500d01 39500d01 39500d01 39500d01 39500d01 39500d01 39500d01 39500d01 39500d01 39500d01 39500d01 39500d01 39500d01 39500d01 39500d01 39500d01 39500d01 39500d01 39500d01 39500d01 39500d01 39500d01 39500d01 39500d01 39500d01 39500d01 39500d01 39500d01 39500d01 39500d01 39500d01 
sm   0 warp 0 0x8000091c 0x3ab612b7 x  5  3ab61000
sm   0 warp 0 0x80000918 0xb2cf16d7 v 13 11111111111111111111111111111111 394bc2e7 394bb074 394b95ac 394b85a8 394c0421 394beefc 394bdaa0 394bbcb1 394baa8c 394b9957 394b891b 394c08e6 394be827 394bd410 394bc0d3 394bae79 394bd6d3 394b58a8 394b0d33 39500d01 394b4379 394d1125 394c71c7 394b1089 394f1549 394b1a4b 394c12ef 394c1355 394b1c14 394bd8e7 394b0f1c 394be002 
sm   0 warp 0 0x80000920 0xb6128293 x  5  3ab60b61
sm   0 warp 0 0x80000924 0x5e02c8d7 v 17 11111111111111111111111111111111 3ab60b61 3ab60b61 3ab60b61 3ab60b61 3ab60b61 3ab60b61 3ab60b61 3ab60b61 3ab60b61 3ab60b61 3ab60b61 3ab60b61 3ab60b61 3ab60b61 3ab60b61 3ab60b61 3ab60b61 3ab60b61 3ab60b61 3ab60b61 3ab60b61 3ab60b61 3ab60b61 3ab60b61 3ab60b61 3ab60b61 3ab60b61 3ab60b61 3ab60b61 3ab60b61 3ab60b61 3ab60b61 
sm   0 warp 0 0x80000928 0x2ad68f57 v 30 11111111111111111111111111111111 394bc2e7 394bb074 394b95ac 394b85a8 394c0421 394beefc 394bdaa0 394bbcb1 394baa8c 394b9957 394b891b 394c08e6 394be827 394bd410 394bc0d3 394bae79 394bd6d3 394b58a8 394b0d33 39500d01 394b4379 394d1125 394c71c7 394b1089 394f1549 394b1a4b 394c12ef 394c1355 394b1c14 394bd8e7 394b0f1c 394be002 
sm   0 warp 0 0x8000092c 0x2b1886d7 v 13 11111111111111111111111111111111 3ab60b61 3ab60b61 3ab60b61 3ab60b61 3ab60b61 3ab60b61 3ab60b61 3ab60b61 3ab60b61 3ab60b61 3ab60b61 3ab60b61 3ab60b61 3ab60b61 3ab60b61 3ab60b61 3ab60b61 3ab60b61 3ab60b61 3ab60b61 3ab60b61 3ab60b61 3ab60b61 3ab60b61 3ab60b61 3ab60b61 3ab60b61 3ab60b61 3ab60b61 3ab60b61 3ab60b61 3ab60b61 
sm   0 warp 0 0x80000934 0x3c0892b7 x  5  3c089000
sm   0 warp 0 0x80000930 0xb2cf16d7 v 13 11111111111111111111111111111111 3ab1d7eb 3ab1c63c 3ab1ac97 3ab19d44 3ab21689 3ab20238 3ab1eeac 3ab1d1f7 3ab1c094 3ab1b01a 3ab1a091 3ab21b1e 3ab1fba9 3ab1e860 3ab1d5ec 3ab1c457 3ab1eb07 3ab17244 3ab12a53 3ab60b61 3ab15e0c 3ab31a79 3ab28028 3ab12d81 3ab514d0 3ab136cb 3ab224c5 3ab22527 3ab1387e 3ab1ed04 3ab12c25 3ab1f3d7 
sm   0 warp 0 0x80000938 0x88928293 x  5  3c088889
sm   0 warp 0 0x8000093c 0x5e02c8d7 v 17 11111111111111111111111111111111 3c088889 3c088889 3c088889 3c088889 3c088889 3c088889 3c088889 3c088889 3c088889 3c088889 3c088889 3c088889 3c088889 3c088889 3c088889 3c088889 3c088889 3c088889 3c088889 3c088889 3c088889 3c088889 3c088889 3c088889 3c088889 3c088889 3c088889 3c088889 3c088889 3c088889 3c088889 3c088889 
sm   0 warp 0 0x80000940 0x2ad68f57 v 30 11111111111111111111111111111111 3ab1d7eb 3ab1c63c 3ab1ac97 3ab19d44 3ab21689 3ab20238 3ab1eeac 3ab1d1f7 3ab1c094 3ab1b01a 3ab1a091 3ab21b1e 3ab1fba9 3ab1e860 3ab1d5ec 3ab1c457 3ab1eb07 3ab17244 3ab12a53 3ab60b61 3ab15e0c 3ab31a79 3ab28028 3ab12d81 3ab514d0 3ab136cb 3ab224c5 3ab22527 3ab1387e 3ab1ed04 3ab12c25 3ab1f3d7 
sm   0 warp 0 0x80000944 0x2b1886d7 v 13 11111111111111111111111111111111 3c088889 3c088889 3c088889 3c088889 3c088889 3c088889 3c088889 3c088889 3c088889 3c088889 3c088889 3c088889 3c088889 3c088889 3c088889 3c088889 3c088889 3c088889 3c088889 3c088889 3c088889 3c088889 3c088889 3c088889 3c088889 3c088889 3c088889 3c088889 3c088889 3c088889 3c088889 3c088889 
sm   0 warp 0 0x8000094c 0x3d2ab2b7 x  5  3d2ab000
sm   0 warp 0 0x80000948 0xb2cf16d7 v 13 11111111111111111111111111111111 3c04dddf 3c04ce78 3c04b823 3c04aacb 3c051469 3c0502b7 3c04f1b0 3c04d8af 3c04c98b 3c04bb31 3c04adaa 3c051867 3c04fd00 3c04ec35 3c04dc22 3c04ccd1 3c04ee83 3c048559 3c0446b8 3c088889 3c0473bf 3c05f6f4 3c057070 3c04497c 3c07b0ed 3c045192 3c0520d0 3c052125 3c04530d 3c04f03f 3c04484e 3c04f631 
sm   0 warp 0 0x80000950 0xaab28293 x  5  3d2aaaab
sm   0 warp 0 0x80000954 0x5e02c8d7 v 17 11111111111111111111111111111111 3d2aaaab 3d2aaaab 3d2aaaab 3d2aaaab 3d2aaaab 3d2aaaab 3d2aaaab 3d2aaaab 3d2aaaab 3d2aaaab 3d2aaaab 3d2aaaab 3d2aaaab 3d2aaaab 3d2aaaab 3d2aaaab 3d2aaaab 3d2aaaab 3d2aaaab 3d2aaaab 3d2aaaab 3d2aaaab 3d2aaaab 3d2aaaab 3d2aaaab 3d2aaaab 3d2aaaab 3d2aaaab 3d2aaaab 3d2aaaab 3d2aaaab 3d2aaaab 
sm   0 warp 0 0x80000958 0x2ad68f57 v 30 11111111111111111111111111111111 3c04dddf 3c04ce78 3c04b823 3c04aacb 3c051469 3c0502b7 3c04f1b0 3c04d8af 3c04c98b 3c04bb31 3c04adaa 3c051867 3c04fd00 3c04ec35 3c04dc22 3c04ccd1 3c04ee83 3c048559 3c0446b8 3c088889 3c0473bf 3c05f6f4 3c057070 3c04497c 3c07b0ed 3c045192 3c0520d0 3c052125 3c04530d 3c04f03f 3c04484e 3c04f631 
sm   0 warp 0 0x8000095c 0x2b1886d7 v 13 11111111111111111111111111111111 3d2aaaab 3d2aaaab 3d2aaaab 3d2aaaab 3d2aaaab 3d2aaaab 3d2aaaab 3d2aaaab 3d2aaaab 3d2aaaab 3d2aaaab 3d2aaaab 3d2aaaab 3d2aaaab 3d2aaaab 3d2aaaab 3d2aaaab 3d2aaaab 3d2aaaab 3d2aaaab 3d2aaaab 3d2aaaab 3d2aaaab 3d2aaaab 3d2aaaab 3d2aaaab 3d2aaaab 3d2aaaab 3d2aaaab 3d2aaaab 3d2aaaab 3d2aaaab 
[L1C] #   3709 SM 0 CACHE 0 ADDR 80000980
sm   0 warp 0 0x80000964 0x3e2ab2b7 x  5  3e2ab000
sm   0 warp 0 0x80000960 0xb2cf16d7 v 13 11111111111111111111111111111111 3d25301e 3d251932 3d24f7f6 3d24e41d 3d25814f 3d2566f6 3d254d9e 3d252866 3d2511dd 3d24fc83 3d24e863 3d258742 3d255e74 3d254574 3d252d88 3d2516bd 3d2548e3 3d24ac6a 3d244f4c 3d2aaaab 3d24923d 3d26d2f6 3d260a64 3d245369 3d29678b 3d245f6e 3d2593c7 3d259446 3d2461a1 3d254b78 3d2451a7 3d255451 
sm   0 warp 0 0x80000968 0xaab28293 x  5  3e2aaaab
sm   0 warp 0 0x8000096c 0x5e02c8d7 v 17 11111111111111111111111111111111 3e2aaaab 3e2aaaab 3e2aaaab 3e2aaaab 3e2aaaab 3e2aaaab 3e2aaaab 3e2aaaab 3e2aaaab 3e2aaaab 3e2aaaab 3e2aaaab 3e2aaaab 3e2aaaab 3e2aaaab 3e2aaaab 3e2aaaab 3e2aaaab 3e2aaaab 3e2aaaab 3e2aaaab 3e2aaaab 3e2aaaab 3e2aaaab 3e2aaaab 3e2aaaab 3e2aaaab 3e2aaaab 3e2aaaab 3e2aaaab 3e2aaaab 3e2aaaab 
sm   0 warp 0 0x80000970 0x2ad68f57 v 30 11111111111111111111111111111111 3d25301e 3d251932 3d24f7f6 3d24e41d 3d25814f 3d2566f6 3d254d9e 3d252866 3d2511dd 3d24fc83 3d24e863 3d258742 3d255e74 3d254574 3d252d88 3d2516bd 3d2548e3 3d24ac6a 3d244f4c 3d2aaaab 3d24923d 3d26d2f6 3d260a64 3d245369 3d29678b 3d245f6e 3d2593c7 3d259446 3d2461a1 3d254b78 3d2451a7 3d255451 
sm   0 warp 0 0x80000974 0x2b1886d7 v 13 11111111111111111111111111111111 3e2aaaab 3e2aaaab 3e2aaaab 3e2aaaab 3e2aaaab 3e2aaaab 3e2aaaab 3e2aaaab 3e2aaaab 3e2aaaab 3e2aaaab 3e2aaaab 3e2aaaab 3e2aaaab 3e2aaaab 3e2aaaab 3e2aaaab 3e2aaaab 3e2aaaab 3e2aaaab 3e2aaaab 3e2aaaab 3e2aaaab 3e2aaaab 3e2aaaab 3e2aaaab 3e2aaaab 3e2aaaab 3e2aaaab 3e2aaaab 3e2aaaab 3e2aaaab 
sm   0 warp 0 0x8000097c 0x3f0002b7 x  5  3f000000
sm   0 warp 0 0x80000978 0xb2cf16d7 v 13 11111111111111111111111111111111 3e23daee 3e23be98 3e239583 3e237cfb 3e243f5b 3e241ec3 3e23ff69 3e23d164 3e23b587 3e239b23 3e238244 3e2446b6 3e24143d 3e23f551 3e23d7bc 3e23bb8e 3e23f990 3e23382c 3e22c532 3e2aaaab 3e2317d7 3e25e1ad 3e24e90e 3e22ca45 3e291742 3e22d91c 3e245635 3e2456d2 3e22dbd3 3e23fcc2 3e22c81a 3e2407b2 
sm   0 warp 0 0x80000980 0x5e02c8d7 v 17 11111111111111111111111111111111 3f000000 3f000000 3f000000 3f000000 3f000000 3f000000 3f000000 3f000000 3f000000 3f000000 3f000000 3f000000 3f000000 3f000000 3f000000 3f000000 3f000000 3f000000 3f000000 3f000000 3f000000 3f000000 3f000000 3f000000 3f000000 3f000000 3f000000 3f000000 3f000000 3f000000 3f000000 3f000000 
sm   0 warp 0 0x80000984 0x2ad68f57 v 30 11111111111111111111111111111111 3e23daee 3e23be98 3e239583 3e237cfb 3e243f5b 3e241ec3 3e23ff69 3e23d164 3e23b587 3e239b23 3e238244 3e2446b6 3e24143d 3e23f551 3e23d7bc 3e23bb8e 3e23f990 3e23382c 3e22c532 3e2aaaab 3e2317d7 3e25e1ad 3e24e90e 3e22ca45 3e291742 3e22d91c 3e245635 3e2456d2 3e22dbd3 3e23fcc2 3e22c81a 3e2407b2 
sm   0 warp 0 0x80000988 0x2b1886d7 v 13 11111111111111111111111111111111 3f000000 3f000000 3f000000 3f000000 3f000000 3f000000 3f000000 3f000000 3f000000 3f000000 3f000000 3f000000 3f000000 3f000000 3f000000 3f000000 3f000000 3f000000 3f000000 3f000000 3f000000 3f000000 3f000000 3f000000 3f000000 3f000000 3f000000 3f000000 3f000000 3f000000 3f000000 3f000000 
sm   0 warp 0 0x80000990 0x3f8002b7 x  5  3f800000
sm   0 warp 0 0x8000098c 0xb2cf16d7 v 13 11111111111111111111111111111111 3ef27caa 3ef244eb 3ef1f420 3ef1c3e5 3ef3425a 3ef3022a 3ef2c473 3ef269e4 3ef23315 3ef1ff2f 3ef1ce48 3ef350d7 3ef2ed72 3ef2b095 3ef2765f 3ef23ef0 3ef2b8f1 3ef13cad 3ef05aef 3f000000 3ef0fd2b 3ef67bdb 3ef490d6 3ef064e5 3efcdaad 3ef08203 3ef36f5c 3ef37091 3ef08758 3ef2bf3a 3ef060a3 3ef2d4c3 
sm   0 warp 0 0x80000994 0x5e02c8d7 v 17 11111111111111111111111111111111 3f800000 3f800000 3f800000 3f800000 3f800000 3f800000 3f800000 3f800000 3f800000 3f800000 3f800000 3f800000 3f800000 3f800000 3f800000 3f800000 3f800000 3f800000 3f800000 3f800000 3f800000 3f800000 3f800000 3f800000 3f800000 3f800000 3f800000 3f800000 3f800000 3f800000 3f800000 3f800000 
sm   0 warp 0 0x80000998 0x2ad68f57 v 30 11111111111111111111111111111111 3ef27caa 3ef244eb 3ef1f420 3ef1c3e5 3ef3425a 3ef3022a 3ef2c473 3ef269e4 3ef23315 3ef1ff2f 3ef1ce48 3ef350d7 3ef2ed72 3ef2b095 3ef2765f 3ef23ef0 3ef2b8f1 3ef13cad 3ef05aef 3f000000 3ef0fd2b 3ef67bdb 3ef490d6 3ef064e5 3efcdaad 3ef08203 3ef36f5c 3ef37091 3ef08758 3ef2bf3a 3ef060a3 3ef2d4c3 
sm   0 warp 0 0x8000099c 0x2b1886d7 v 13 11111111111111111111111111111111 3f800000 3f800000 3f800000 3f800000 3f800000 3f800000 3f800000 3f800000 3f800000 3f800000 3f800000 3f800000 3f800000 3f800000 3f800000 3f800000 3f800000 3f800000 3f800000 3f800000 3f800000 3f800000 3f800000 3f800000 3f800000 3f800000 3f800000 3f800000 3f800000 3f800000 3f800000 3f800000 
sm   0 warp 0 0x800009a4 0x3f8002b7 x  5  3f800000
sm   0 warp 0 0x800009a0 0xb2cf16d7 v 13 11111111111111111111111111111111 3f6c0094 3f6baf3c 3f6b396c 3f6af320 3f6d2153 3f6cc385 3f6c6961 3f6be52e 3f6b9539 3f6b498b 3f6b0242 3f6d3682 3f6ca541 3f6c4c5d 3f6bf765 3f6ba683 3f6c5893 3f6a2e30 3f68e5e8 3f800000 3f69d1c6 3f71dc21 3f6f0af3 3f68f460 3f7b4bbc 3f691eb2 3f6d6321 3f6d64e5 3f692671 3f6c61c0 3f68ee32 3f6c8132 
sm   0 warp 0 0x800009a8 0x5e02c8d7 v 17 11111111111111111111111111111111 3f800000 3f800000 3f800000 3f800000 3f800000 3f800000 3f800000 3f800000 3f800000 3f800000 3f800000 3f800000 3f800000 3f800000 3f800000 3f800000 3f800000 3f800000 3f800000 3f800000 3f800000 3f800000 3f800000 3f800000 3f800000 3f800000 3f800000 3f800000 3f800000 3f800000 3f800000 3f800000 
sm   0 warp 0 0x800009ac 0x2ad68f57 v 30 11111111111111111111111111111111 3f6c0094 3f6baf3c 3f6b396c 3f6af320 3f6d2153 3f6cc385 3f6c6961 3f6be52e 3f6b9539 3f6b498b 3f6b0242 3f6d3682 3f6ca541 3f6c4c5d 3f6bf765 3f6ba683 3f6c5893 3f6a2e30 3f68e5e8 3f800000 3f69d1c6 3f71dc21 3f6f0af3 3f68f460 3f7b4bbc 3f691eb2 3f6d6321 3f6d64e5 3f692671 3f6c61c0 3f68ee32 3f6c8132 
sm   0 warp 0 0x800009b0 0x2b1886d7 v 13 11111111111111111111111111111111 3f800000 3f800000 3f800000 3f800000 3f800000 3f800000 3f800000 3f800000 3f800000 3f800000 3f800000 3f800000 3f800000 3f800000 3f800000 3f800000 3f800000 3f800000 3f800000 3f800000 3f800000 3f800000 3f800000 3f800000 3f800000 3f800000 3f800000 3f800000 3f800000 3f800000 3f800000 3f800000 
sm   0 warp 0 0x800009b4 0xb2cf16d7 v 13 11111111111111111111111111111111 3f5912f7 3f58792e 3f579ab0 3f571614 3f5b3612 3f5a8423 3f59d953 3f58df27 3f584807 3f57b91c 3f57329e 3f5b5e47 3f5a4ac3 3f59a264 3f590199 3f5868b2 3f59b980 3f55a32a 3f533aca 3f800000 3f54f568 3f644012 3f5ed9f7 3f5355e8 3f76a651 3f53a53d 3f5bb303 3f5bb65d 3f53b3c4 3f59cae1 3f534a52 3f5a0671 
sm   0 warp 0 0x800009b8 0x2ad68f57 v 30 11111111111111111111111111111111 3f5912f7 3f58792e 3f579ab0 3f571614 3f5b3612 3f5a8423 3f59d953 3f58df27 3f584807 3f57b91c 3f57329e 3f5b5e47 3f5a4ac3 3f59a264 3f590199 3f5868b2 3f59b980 3f55a32a 3f533aca 3f800000 3f54f568 3f644012 3f5ed9f7 3f5355e8 3f76a651 3f53a53d 3f5bb303 3f5bb65d 3f53b3c4 3f59cae1 3f534a52 3f5a0671 
sm   0 warp 0 0x800009bc 0x2bff86d7 v 13 11111111111111111111111111111111 00000000 00000000 00000000 00000000 00000000 00000000 00000000 00000000 00000000 00000000 00000000 00000000 00000000 00000000 00000000 00000000 00000000 00000000 00000000 00000000 00000000 00000000 00000000 00000000 00000000 00000000 00000000 00000000 00000000 00000000 00000000 00000000 
sm   0 warp 0 0x800009c0 0xb3ef16d7 v 13 11111111111111111111111111111111 3f381128 3f370cb7 3f359531 3f34b617 3f3bb58e 3f3a8550 3f396227 3f37b954 3f36b9a0 3f35c873 3f34e60f 3f3bfa70 3f3a236a 3f3904b5 3f37f3b5 3f36f0d7 3f392c01 3f3248ec 3f2e49f6 3f800000 3f312760 3f4b8230 3f41fec2 3f2e76b9 3f6da410 3f2ef9cd 3f3c8bc4 3f3c9185 3f2f11d3 3f394992 3f2e6399 3f39aef9 
sm   0 warp 0 0x800009c4 0x2ad68f57 v 30 11111111111111111111111111111111 3f381128 3f370cb7 3f359531 3f34b617 3f3bb58e 3f3a8550 3f396227 3f37b954 3f36b9a0 3f35c873 3f34e60f 3f3bfa70 3f3a236a 3f3904b5 3f37f3b5 3f36f0d7 3f392c01 3f3248ec 3f2e49f6 3f800000 3f312760 3f4b8230 3f41fec2 3f2e76b9 3f6da410 3f2ef9cd 3f3c8bc4 3f3c9185 3f2f11d3 3f394992 3f2e6399 3f39aef9 
sm   0 warp 0 0x800009c8 0x2bff86d7 v 13 11111111111111111111111111111111 00000000 00000000 00000000 00000000 00000000 00000000 00000000 00000000 00000000 00000000 00000000 00000000 00000000 00000000 00000000 00000000 00000000 00000000 00000000 00000000 00000000 00000000 00000000 00000000 00000000 00000000 00000000 00000000 00000000 00000000 00000000 00000000 
sm   0 warp 0 0x800009cc 0xb3ef16d7 v 13 11111111111111111111111111111111 3f0458ab 3f02e32e 3f00cc4e 3eff2124 3f09a2be 3f07e5fe 3f063f02 3f03da7c 3f026c76 3f011510 3effa8a8 3f0a07d5 3f07577b 3f05b7ce 3f042e55 3f02bb54 3f05f0a1 3ef852fa 3eed5140 3f800000 3ef52ef2 3f21c7ba 3f13021e 3eedcb35 3f5c992f 3eef310d 3f0add94 3f0ae60e 3eef72bf 3f061b6a 3eed9715 3f06ae5b 
sm   0 warp 0 0x800009d0 0x2ad68f57 v 30 11111111111111111111111111111111 3f0458ab 3f02e32e 3f00cc4e 3eff2124 3f09a2be 3f07e5fe 3f063f02 3f03da7c 3f026c76 3f011510 3effa8a8 3f0a07d5 3f07577b 3f05b7ce 3f042e55 3f02bb54 3f05f0a1 3ef852fa 3eed5140 3f800000 3ef52ef2 3f21c7ba 3f13021e 3eedcb35 3f5c992f 3eef310d 3f0add94 3f0ae60e 3eef72bf 3f061b6a 3eed9715 3f06ae5b 
sm   0 warp 0 0x800009d4 0x2bff86d7 v 13 11111111111111111111111111111111 00000000 00000000 00000000 00000000 00000000 00000000 00000000 00000000 00000000 00000000 00000000 00000000 00000000 00000000 00000000 00000000 00000000 00000000 00000000 00000000 00000000 00000000 00000000 00000000 00000000 00000000 00000000 00000000 00000000 00000000 00000000 00000000 
sm   0 warp 0 0x800009d8 0xb3ef16d7 v 13 11111111111111111111111111111111 3e88d71e 3e85d709 3e8199e2 3e7e430a 3e93ff2e 3e9048c1 3e8ccc0b 3e87d2ab 3e84e4ac 3e822c78 3e7f516e 3e94d8e4 3e8f1ac3 3e8bb100 3e887fa0 3e858595 3e8c27d3 3e70e0df 3e5bff8a 3f800000 3e6ad2e4 3ecc79a8 3ea8d6dd 3e5ce1e1 3f3e17a4 3e5f7ca0 3e96a747 3e96b9ac 3e5ff774 3e8c816c 3e5c8116 3e8db5fc 
sm   0 warp 0 0x800009dc 0x2ad68f57 v 30 11111111111111111111111111111111 3e88d71e 3e85d709 3e8199e2 3e7e430a 3e93ff2e 3e9048c1 3e8ccc0b 3e87d2ab 3e84e4ac 3e822c78 3e7f516e 3e94d8e4 3e8f1ac3 3e8bb100 3e887fa0 3e858595 3e8c27d3 3e70e0df 3e5bff8a 3f800000 3e6ad2e4 3ecc79a8 3ea8d6dd 3e5ce1e1 3f3e17a4 3e5f7ca0 3e96a747 3e96b9ac 3e5ff774 3e8c816c 3e5c8116 3e8db5fc 
[L1C] #   3880 SM 0 CACHE 0 ADDR 80000a00
sm   0 warp 0 0x800009e0 0x2bff86d7 v 13 11111111111111111111111111111111 00000000 00000000 00000000 00000000 00000000 00000000 00000000 00000000 00000000 00000000 00000000 00000000 00000000 00000000 00000000 00000000 00000000 00000000 00000000 00000000 00000000 00000000 00000000 00000000 00000000 00000000 00000000 00000000 00000000 00000000 00000000 00000000 
sm   0 warp 0 0x800009e4 0xb3ef16d7 v 13 11111111111111111111111111111111 3d924a89 3d8bf248 3d8338e5 3d7c8919 3dab1e1a 3da2a3dc 3d9adf9d 3d901fbb 3d89f93b 3d846263 3d7ea353 3dad16ff 3d9ffdd1 3d987361 3d918fb3 3d8b4825 3d99772a 3d62a668 3d3d0f35 3f800000 3d576637 3e23521e 3ddeb56d 3d3e9502 3f0d271a 3d431a5b 3db150e9 3db17c38 3d43f10b 3d9a3b9f 3d3dee1f 3d9ce3f2 
sm   0 warp 0 0x800009e8 0x2ad681d7 v  3 11111111111111111111111111111111 3d924a89 3d8bf248 3d8338e5 3d7c8919 3dab1e1a 3da2a3dc 3d9adf9d 3d901fbb 3d89f93b 3d846263 3d7ea353 3dad16ff 3d9ffdd1 3d987361 3d918fb3 3d8b4825 3d99772a 3d62a668 3d3d0f35 3f800000 3d576637 3e23521e 3ddeb56d 3d3e9502 3f0d271a 3d431a5b 3db150e9 3db17c38 3d43f10b 3d9a3b9f 3d3dee1f 3d9ce3f2 
sm   0 warp 0 0x800009ec 0x2a3180d7 v  1 11111111111111111111111111111111 3d924a89 3d8bf248 3d8338e5 3d7c8919 3dab1e1a 3da2a3dc 3d9adf9d 3d901fbb 3d89f93b 3d846263 3d7ea353 3dad16ff 3d9ffdd1 3d987361 3d918fb3 3d8b4825 3d99772a 3d62a668 3d3d0f35 3f800000 3d576637 3e23521e 3ddeb56d 3d3e9502 3f0d271a 3d431a5b 3db150e9 3db17c38 3d43f10b 3d9a3b9f 3d3dee1f 3d9ce3f2 
sm   0 warp 0 0x800009f0 0x2a318157 v  2 11111111111111111111111111111111 3d924a89 3d8bf248 3d8338e5 3d7c8919 3dab1e1a 3da2a3dc 3d9adf9d 3d901fbb 3d89f93b 3d846263 3d7ea353 3dad16ff 3d9ffdd1 3d987361 3d918fb3 3d8b4825 3d99772a 3d62a668 3d3d0f35 3f800000 3d576637 3e23521e 3ddeb56d 3d3e9502 3f0d271a 3d431a5b 3db150e9 3db17c38 3d43f10b 3d9a3b9f 3d3dee1f 3d9ce3f2 
sm   0 warp 0 0x800009f4 0x70000337 x  6  70000000
sm   0 warp 0 0x800009f8 0x10030313 x  6  70000100
sm   0 warp 0 0x800009fc 0x5208a557 v 10 11111111111111111111111111111111 0000001f 0000001e 0000001d 0000001c 0000001b 0000001a 00000019 00000018 00000017 00000016 00000015 00000014 00000013 00000012 00000011 00000010 0000000f 0000000e 0000000d 0000000c 0000000b 0000000a 00000009 00000008 00000007 00000006 00000005 00000004 00000003 00000002 00000001 00000000 
sm   0 warp 0 0x80000a00 0x96a13557 v 10 11111111111111111111111111111111 0000007c 00000078 00000074 00000070 0000006c 00000068 00000064 00000060 0000005c 00000058 00000054 00000050 0000004c 00000048 00000044 00000040 0000003c 00000038 00000034 00000030 0000002c 00000028 00000024 00000020 0000001c 00000018 00000014 00000010 0000000c 00000008 00000004 00000000 
sm   0 warp 0 0x80000a04 0x02a34557 v 10 11111111111111111111111111111111 7000017c 70000178 70000174 70000170 7000016c 70000168 70000164 70000160 7000015c 70000158 70000154 70000150 7000014c 70000148 70000144 70000140 7000013c 70000138 70000134 70000130 7000012c 70000128 70000124 70000120 7000011c 70000118 70000114 70000110 7000010c 70000108 70000104 70000100 
sm   0 warp 0 0x80000a08 0x0025607b lsu.w v  2 op 3 mask 11111111111111111111111111111111 3d924a89 3d8bf248 3d8338e5 3d7c8919 3dab1e1a 3da2a3dc 3d9adf9d 3d901fbb 3d89f93b 3d846263 3d7ea353 3dad16ff 3d9ffdd1 3d987361 3d918fb3 3d8b4825 3d99772a 3d62a668 3d3d0f35 3f800000 3d576637 3e23521e 3ddeb56d 3d3e9502 3f0d271a 3d431a5b 3db150e9 3db17c38 3d43f10b 3d9a3b9f 3d3dee1f 3d9ce3f2 @ 7000017c 70000178 70000174 70000170 7000016c 70000168 70000164 70000160 7000015c 70000158 70000154 70000150 7000014c 70000148 70000144 70000140 7000013c 70000138 70000134 70000130 7000012c 70000128 70000124 70000120 7000011c 70000118 70000114 70000110 7000010c 70000108 70000104 70000100
sm   0 warp 0 0x80000a0c 0x70000337 x  6  70000000
sm   0 warp 0 0x80000a08 0x0025607b lsu.w finish
sm   0 warp 0 0x80000a10 0x10030313 x  6  70000100
sm   0 warp 0 0x80000a14 0x5208a557 v 10 11111111111111111111111111111111 0000001f 0000001e 0000001d 0000001c 0000001b 0000001a 00000019 00000018 00000017 00000016 00000015 00000014 00000013 00000012 00000011 00000010 0000000f 0000000e 0000000d 0000000c 0000000b 0000000a 00000009 00000008 00000007 00000006 00000005 00000004 00000003 00000002 00000001 00000000 
sm   0 warp 0 0x80000a18 0x000003b7 x  7  00000000
sm   0 warp 0 0x80000a1c 0x01038393 x  7  00000010
sm   0 warp 0 0x80000a20 0x02a3c557 v 10 11111111111111111111111111111111 0000002f 0000002e 0000002d 0000002c 0000002b 0000002a 00000029 00000028 00000027 00000026 00000025 00000024 00000023 00000022 00000021 00000020 0000001f 0000001e 0000001d 0000001c 0000001b 0000001a 00000019 00000018 00000017 00000016 00000015 00000014 00000013 00000012 00000011 00000010 
sm   0 warp 0 0x80000a24 0x000003b7 x  7  00000000
sm   0 warp 0 0x80000a28 0x01f38393 x  7  0000001f
sm   0 warp 0 0x80000a2c 0x26a3c557 v 10 11111111111111111111111111111111 0000000f 0000000e 0000000d 0000000c 0000000b 0000000a 00000009 00000008 00000007 00000006 00000005 00000004 00000003 00000002 00000001 00000000 0000001f 0000001e 0000001d 0000001c 0000001b 0000001a 00000019 00000018 00000017 00000016 00000015 00000014 00000013 00000012 00000011 00000010 
sm   0 warp 0 0x80000a30 0x96a13557 v 10 11111111111111111111111111111111 0000003c 00000038 00000034 00000030 0000002c 00000028 00000024 00000020 0000001c 00000018 00000014 00000010 0000000c 00000008 00000004 00000000 0000007c 00000078 00000074 00000070 0000006c 00000068 00000064 00000060 0000005c 00000058 00000054 00000050 0000004c 00000048 00000044 00000040 
sm   0 warp 0 0x80000a34 0x02a34557 v 10 11111111111111111111111111111111 7000013c 70000138 70000134 70000130 7000012c 70000128 70000124 70000120 7000011c 70000118 70000114 70000110 7000010c 70000108 70000104 70000100 7000017c 70000178 70000174 70000170 7000016c 70000168 70000164 70000160 7000015c 70000158 70000154 70000150 7000014c 70000148 70000144 70000140 
sm   0 warp 0 0x80000a38 0x0005227b lsu.r v  4 op 3 @ 7000013c 70000138 70000134 70000130 7000012c 70000128 70000124 70000120 7000011c 70000118 70000114 70000110 7000010c 70000108 70000104 70000100 7000017c 70000178 70000174 70000170 7000016c 70000168 70000164 70000160 7000015c 70000158 70000154 70000150 7000014c 70000148 70000144 70000140
sm   0 warp 0 0x80000a38 0x0005227b v  4 11111111111111111111111111111111 3d99772a 3d62a668 3d3d0f35 3f800000 3d576637 3e23521e 3ddeb56d 3d3e9502 3f0d271a 3d431a5b 3db150e9 3db17c38 3d43f10b 3d9a3b9f 3d3dee1f 3d9ce3f2 3d924a89 3d8bf248 3d8338e5 3d7c8919 3dab1e1a 3da2a3dc 3d9adf9d 3d901fbb 3d89f93b 3d846263 3d7ea353 3dad16ff 3d9ffdd1 3d987361 3d918fb3 3d8b4825 
sm   0 warp 0 0x80000a40 0x70000337 x  6  70000000
sm   0 warp 0 0x80000a3c 0x02411157 v  2 11111111111111111111111111111111 3e15e0da 3dfd457c 3de1c080 3f87e449 3e0b689b 3e74a40c 3e3cca85 3def6a3c 3f1e6641 3de5ef90 3e185149 3e2f499c 3e00fb2b 3e195780 3df086c2 3e14160c 3e15e0da 3dfd457c 3de1c080 3f87e449 3e0b689b 3e74a40c 3e3cca85 3def6a3c 3f1e6641 3de5ef90 3e185149 3e2f499c 3e00fb2b 3e195780 3df086c2 3e14160c 
sm   0 warp 0 0x80000a44 0x10030313 x  6  70000100
sm   0 warp 0 0x80000a48 0x5208a557 v 10 11111111111111111111111111111111 0000001f 0000001e 0000001d 0000001c 0000001b 0000001a 00000019 00000018 00000017 00000016 00000015 00000014 00000013 00000012 00000011 00000010 0000000f 0000000e 0000000d 0000000c 0000000b 0000000a 00000009 00000008 00000007 00000006 00000005 00000004 00000003 00000002 00000001 00000000 
sm   0 warp 0 0x80000a4c 0x96a13557 v 10 11111111111111111111111111111111 0000007c 00000078 00000074 00000070 0000006c 00000068 00000064 00000060 0000005c 00000058 00000054 00000050 0000004c 00000048 00000044 00000040 0000003c 00000038 00000034 00000030 0000002c 00000028 00000024 00000020 0000001c 00000018 00000014 00000010 0000000c 00000008 00000004 00000000 
sm   0 warp 0 0x80000a50 0x02a34557 v 10 11111111111111111111111111111111 7000017c 70000178 70000174 70000170 7000016c 70000168 70000164 70000160 7000015c 70000158 70000154 70000150 7000014c 70000148 70000144 70000140 7000013c 70000138 70000134 70000130 7000012c 70000128 70000124 70000120 7000011c 70000118 70000114 70000110 7000010c 70000108 70000104 70000100 
sm   0 warp 0 0x80000a54 0x0025607b lsu.w v  2 op 3 mask 11111111111111111111111111111111 3e15e0da 3dfd457c 3de1c080 3f87e449 3e0b689b 3e74a40c 3e3cca85 3def6a3c 3f1e6641 3de5ef90 3e185149 3e2f499c 3e00fb2b 3e195780 3df086c2 3e14160c 3e15e0da 3dfd457c 3de1c080 3f87e449 3e0b689b 3e74a40c 3e3cca85 3def6a3c 3f1e6641 3de5ef90 3e185149 3e2f499c 3e00fb2b 3e195780 3df086c2 3e14160c @ 7000017c 70000178 70000174 70000170 7000016c 70000168 70000164 70000160 7000015c 70000158 70000154 70000150 7000014c 70000148 70000144 70000140 7000013c 70000138 70000134 70000130 7000012c 70000128 70000124 70000120 7000011c 70000118 70000114 70000110 7000010c 70000108 70000104 70000100
sm   0 warp 0 0x80000a58 0x70000337 x  6  70000000
sm   0 warp 0 0x80000a54 0x0025607b lsu.w finish
sm   0 warp 0 0x80000a5c 0x10030313 x  6  70000100
[L1C] #   4029 SM 0 CACHE 0 ADDR 80000a80
sm   0 warp 0 0x80000a60 0x5208a557 v 10 11111111111111111111111111111111 0000001f 0000001e 0000001d 0000001c 0000001b 0000001a 00000019 00000018 00000017 00000016 00000015 00000014 00000013 00000012 00000011 00000010 0000000f 0000000e 0000000d 0000000c 0000000b 0000000a 00000009 00000008 00000007 00000006 00000005 00000004 00000003 00000002 00000001 00000000 
sm   0 warp 0 0x80000a64 0x000003b7 x  7  00000000
sm   0 warp 0 0x80000a68 0x00838393 x  7  00000008
sm   0 warp 0 0x80000a6c 0x02a3c557 v 10 11111111111111111111111111111111 00000027 00000026 00000025 00000024 00000023 00000022 00000021 00000020 0000001f 0000001e 0000001d 0000001c 0000001b 0000001a 00000019 00000018 00000017 00000016 00000015 00000014 00000013 00000012 00000011 00000010 0000000f 0000000e 0000000d 0000000c 0000000b 0000000a 00000009 00000008 
sm   0 warp 0 0x80000a70 0x000003b7 x  7  00000000
sm   0 warp 0 0x80000a74 0x01f38393 x  7  0000001f
sm   0 warp 0 0x80000a78 0x26a3c557 v 10 11111111111111111111111111111111 00000007 00000006 00000005 00000004 00000003 00000002 00000001 00000000 0000001f 0000001e 0000001d 0000001c 0000001b 0000001a 00000019 00000018 00000017 00000016 00000015 00000014 00000013 00000012 00000011 00000010 0000000f 0000000e 0000000d 0000000c 0000000b 0000000a 00000009 00000008 
sm   0 warp 0 0x80000a7c 0x96a13557 v 10 11111111111111111111111111111111 0000001c 00000018 00000014 00000010 0000000c 00000008 00000004 00000000 0000007c 00000078 00000074 00000070 0000006c 00000068 00000064 00000060 0000005c 00000058 00000054 00000050 0000004c 00000048 00000044 00000040 0000003c 00000038 00000034 00000030 0000002c 00000028 00000024 00000020 
sm   0 warp 0 0x80000a80 0x02a34557 v 10 11111111111111111111111111111111 7000011c 70000118 70000114 70000110 7000010c 70000108 70000104 70000100 7000017c 70000178 70000174 70000170 7000016c 70000168 70000164 70000160 7000015c 70000158 70000154 70000150 7000014c 70000148 70000144 70000140 7000013c 70000138 70000134 70000130 7000012c 70000128 70000124 70000120 
sm   0 warp 0 0x80000a84 0x0005227b lsu.r v  4 op 3 @ 7000011c 70000118 70000114 70000110 7000010c 70000108 70000104 70000100 7000017c 70000178 70000174 70000170 7000016c 70000168 70000164 70000160 7000015c 70000158 70000154 70000150 7000014c 70000148 70000144 70000140 7000013c 70000138 70000134 70000130 7000012c 70000128 70000124 70000120
sm   0 warp 0 0x80000a84 0x0005227b v  4 11111111111111111111111111111111 3f1e6641 3de5ef90 3e185149 3e2f499c 3e00fb2b 3e195780 3df086c2 3e14160c 3e15e0da 3dfd457c 3de1c080 3f87e449 3e0b689b 3e74a40c 3e3cca85 3def6a3c 3f1e6641 3de5ef90 3e185149 3e2f499c 3e00fb2b 3e195780 3df086c2 3e14160c 3e15e0da 3dfd457c 3de1c080 3f87e449 3e0b689b 3e74a40c 3e3cca85 3def6a3c 
sm   0 warp 0 0x80000a8c 0x70000337 x  6  70000000
sm   0 warp 0 0x80000a88 0x02411157 v  2 11111111111111111111111111111111 3f43de78 3e719a86 3e8498c4 3f9dcd7c 3e8631e3 3ec6fdc6 3e9a86f3 3e85e595 3f43de78 3e719a86 3e8498c4 3f9dcd7c 3e8631e3 3ec6fdc6 3e9a86f3 3e85e595 3f43de78 3e719a86 3e8498c4 3f9dcd7c 3e8631e3 3ec6fdc6 3e9a86f3 3e85e595 3f43de78 3e719a86 3e8498c4 3f9dcd7c 3e8631e3 3ec6fdc6 3e9a86f3 3e85e595 
sm   0 warp 0 0x80000a90 0x10030313 x  6  70000100
sm   0 warp 0 0x80000a94 0x5208a557 v 10 11111111111111111111111111111111 0000001f 0000001e 0000001d 0000001c 0000001b 0000001a 00000019 00000018 00000017 00000016 00000015 00000014 00000013 00000012 00000011 00000010 0000000f 0000000e 0000000d 0000000c 0000000b 0000000a 00000009 00000008 00000007 00000006 00000005 00000004 00000003 00000002 00000001 00000000 
sm   0 warp 0 0x80000a98 0x96a13557 v 10 11111111111111111111111111111111 0000007c 00000078 00000074 00000070 0000006c 00000068 00000064 00000060 0000005c 00000058 00000054 00000050 0000004c 00000048 00000044 00000040 0000003c 00000038 00000034 00000030 0000002c 00000028 00000024 00000020 0000001c 00000018 00000014 00000010 0000000c 00000008 00000004 00000000 
sm   0 warp 0 0x80000a9c 0x02a34557 v 10 11111111111111111111111111111111 7000017c 70000178 70000174 70000170 7000016c 70000168 70000164 70000160 7000015c 70000158 70000154 70000150 7000014c 70000148 70000144 70000140 7000013c 70000138 70000134 70000130 7000012c 70000128 70000124 70000120 7000011c 70000118 70000114 70000110 7000010c 70000108 70000104 70000100 
sm   0 warp 0 0x80000aa0 0x0025607b lsu.w v  2 op 3 mask 11111111111111111111111111111111 3f43de78 3e719a86 3e8498c4 3f9dcd7c 3e8631e3 3ec6fdc6 3e9a86f3 3e85e595 3f43de78 3e719a86 3e8498c4 3f9dcd7c 3e8631e3 3ec6fdc6 3e9a86f3 3e85e595 3f43de78 3e719a86 3e8498c4 3f9dcd7c 3e8631e3 3ec6fdc6 3e9a86f3 3e85e595 3f43de78 3e719a86 3e8498c4 3f9dcd7c 3e8631e3 3ec6fdc6 3e9a86f3 3e85e595 @ 7000017c 70000178 70000174 70000170 7000016c 70000168 70000164 70000160 7000015c 70000158 70000154 70000150 7000014c 70000148 70000144 70000140 7000013c 70000138 70000134 70000130 7000012c 70000128 70000124 70000120 7000011c 70000118 70000114 70000110 7000010c 70000108 70000104 70000100
sm   0 warp 0 0x80000aa4 0x70000337 x  6  70000000
sm   0 warp 0 0x80000aa0 0x0025607b lsu.w finish
sm   0 warp 0 0x80000aa8 0x10030313 x  6  70000100
sm   0 warp 0 0x80000aac 0x5208a557 v 10 11111111111111111111111111111111 0000001f 0000001e 0000001d 0000001c 0000001b 0000001a 00000019 00000018 00000017 00000016 00000015 00000014 00000013 00000012 00000011 00000010 0000000f 0000000e 0000000d 0000000c 0000000b 0000000a 00000009 00000008 00000007 00000006 00000005 00000004 00000003 00000002 00000001 00000000 
sm   0 warp 0 0x80000ab0 0x000003b7 x  7  00000000
sm   0 warp 0 0x80000ab4 0x00438393 x  7  00000004
sm   0 warp 0 0x80000ab8 0x02a3c557 v 10 11111111111111111111111111111111 00000023 00000022 00000021 00000020 0000001f 0000001e 0000001d 0000001c 0000001b 0000001a 00000019 00000018 00000017 00000016 00000015 00000014 00000013 00000012 00000011 00000010 0000000f 0000000e 0000000d 0000000c 0000000b 0000000a 00000009 00000008 00000007 00000006 00000005 00000004 
sm   0 warp 0 0x80000abc 0x000003b7 x  7  00000000
sm   0 warp 0 0x80000ac0 0x01f38393 x  7  0000001f
sm   0 warp 0 0x80000ac4 0x26a3c557 v 10 11111111111111111111111111111111 00000003 00000002 00000001 00000000 0000001f 0000001e 0000001d 0000001c 0000001b 0000001a 00000019 00000018 00000017 00000016 00000015 00000014 00000013 00000012 00000011 00000010 0000000f 0000000e 0000000d 0000000c 0000000b 0000000a 00000009 00000008 00000007 00000006 00000005 00000004 
sm   0 warp 0 0x80000ac8 0x96a13557 v 10 11111111111111111111111111111111 0000000c 00000008 00000004 00000000 0000007c 00000078 00000074 00000070 0000006c 00000068 00000064 00000060 0000005c 00000058 00000054 00000050 0000004c 00000048 00000044 00000040 0000003c 00000038 00000034 00000030 0000002c 00000028 00000024 00000020 0000001c 00000018 00000014 00000010 
sm   0 warp 0 0x80000acc 0x02a34557 v 10 11111111111111111111111111111111 7000010c 70000108 70000104 70000100 7000017c 70000178 70000174 70000170 7000016c 70000168 70000164 70000160 7000015c 70000158 70000154 70000150 7000014c 70000148 70000144 70000140 7000013c 70000138 70000134 70000130 7000012c 70000128 70000124 70000120 7000011c 70000118 70000114 70000110 
sm   0 warp 0 0x80000ad0 0x0005227b lsu.r v  4 op 3 @ 7000010c 70000108 70000104 70000100 7000017c 70000178 70000174 70000170 7000016c 70000168 70000164 70000160 7000015c 70000158 70000154 70000150 7000014c 70000148 70000144 70000140 7000013c 70000138 70000134 70000130 7000012c 70000128 70000124 70000120 7000011c 70000118 70000114 70000110
sm   0 warp 0 0x80000ad0 0x0005227b v  4 11111111111111111111111111111111 3e8631e3 3ec6fdc6 3e9a86f3 3e85e595 3f43de78 3e719a86 3e8498c4 3f9dcd7c 3e8631e3 3ec6fdc6 3e9a86f3 3e85e595 3f43de78 3e719a86 3e8498c4 3f9dcd7c 3e8631e3 3ec6fdc6 3e9a86f3 3e85e595 3f43de78 3e719a86 3e8498c4 3f9dcd7c 3e8631e3 3ec6fdc6 3e9a86f3 3e85e595 3f43de78 3e719a86 3e8498c4 3f9dcd7c 
sm   0 warp 0 0x80000ad8 0x70000337 x  6  70000000
sm   0 warp 0 0x80000ad4 0x02411157 v  2 11111111111111111111111111111111 3f837bb5 3f1fe584 3f0f8fdc 3fbf46e1 3f837bb5 3f1fe584 3f0f8fdc 3fbf46e1 3f837bb5 3f1fe584 3f0f8fdc 3fbf46e1 3f837bb5 3f1fe584 3f0f8fdc 3fbf46e1 3f837bb5 3f1fe584 3f0f8fdc 3fbf46e1 3f837bb5 3f1fe584 3f0f8fdc 3fbf46e1 3f837bb5 3f1fe584 3f0f8fdc 3fbf46e1 3f837bb5 3f1fe584 3f0f8fdc 3fbf46e1 
sm   0 warp 0 0x80000adc 0x10030313 x  6  70000100
[L1C] #   4172 SM 0 CACHE 0 ADDR 80000b00
sm   0 warp 0 0x80000ae0 0x5208a557 v 10 11111111111111111111111111111111 0000001f 0000001e 0000001d 0000001c 0000001b 0000001a 00000019 00000018 00000017 00000016 00000015 00000014 00000013 00000012 00000011 00000010 0000000f 0000000e 0000000d 0000000c 0000000b 0000000a 00000009 00000008 00000007 00000006 00000005 00000004 00000003 00000002 00000001 00000000 
sm   0 warp 0 0x80000ae4 0x96a13557 v 10 11111111111111111111111111111111 0000007c 00000078 00000074 00000070 0000006c 00000068 00000064 00000060 0000005c 00000058 00000054 00000050 0000004c 00000048 00000044 00000040 0000003c 00000038 00000034 00000030 0000002c 00000028 00000024 00000020 0000001c 00000018 00000014 00000010 0000000c 00000008 00000004 00000000 
sm   0 warp 0 0x80000ae8 0x02a34557 v 10 11111111111111111111111111111111 7000017c 70000178 70000174 70000170 7000016c 70000168 70000164 70000160 7000015c 70000158 70000154 70000150 7000014c 70000148 70000144 70000140 7000013c 70000138 70000134 70000130 7000012c 70000128 70000124 70000120 7000011c 70000118 70000114 70000110 7000010c 70000108 70000104 70000100 
sm   0 warp 0 0x80000aec 0x0025607b lsu.w v  2 op 3 mask 11111111111111111111111111111111 3f837bb5 3f1fe584 3f0f8fdc 3fbf46e1 3f837bb5 3f1fe584 3f0f8fdc 3fbf46e1 3f837bb5 3f1fe584 3f0f8fdc 3fbf46e1 3f837bb5 3f1fe584 3f0f8fdc 3fbf46e1 3f837bb5 3f1fe584 3f0f8fdc 3fbf46e1 3f837bb5 3f1fe584 3f0f8fdc 3fbf46e1 3f837bb5 3f1fe584 3f0f8fdc 3fbf46e1 3f837bb5 3f1fe584 3f0f8fdc 3fbf46e1 @ 7000017c 70000178 70000174 70000170 7000016c 70000168 70000164 70000160 7000015c 70000158 70000154 70000150 7000014c 70000148 70000144 70000140 7000013c 70000138 70000134 70000130 7000012c 70000128 70000124 70000120 7000011c 70000118 70000114 70000110 7000010c 70000108 70000104 70000100
sm   0 warp 0 0x80000af0 0x70000337 x  6  70000000
sm   0 warp 0 0x80000aec 0x0025607b lsu.w finish
sm   0 warp 0 0x80000af4 0x10030313 x  6  70000100
sm   0 warp 0 0x80000af8 0x5208a557 v 10 11111111111111111111111111111111 0000001f 0000001e 0000001d 0000001c 0000001b 0000001a 00000019 00000018 00000017 00000016 00000015 00000014 00000013 00000012 00000011 00000010 0000000f 0000000e 0000000d 0000000c 0000000b 0000000a 00000009 00000008 00000007 00000006 00000005 00000004 00000003 00000002 00000001 00000000 
sm   0 warp 0 0x80000afc 0x000003b7 x  7  00000000
sm   0 warp 0 0x80000b00 0x00238393 x  7  00000002
sm   0 warp 0 0x80000b04 0x02a3c557 v 10 11111111111111111111111111111111 00000021 00000020 0000001f 0000001e 0000001d 0000001c 0000001b 0000001a 00000019 00000018 00000017 00000016 00000015 00000014 00000013 00000012 00000011 00000010 0000000f 0000000e 0000000d 0000000c 0000000b 0000000a 00000009 00000008 00000007 00000006 00000005 00000004 00000003 00000002 
sm   0 warp 0 0x80000b08 0x000003b7 x  7  00000000
sm   0 warp 0 0x80000b0c 0x01f38393 x  7  0000001f
sm   0 warp 0 0x80000b10 0x26a3c557 v 10 11111111111111111111111111111111 00000001 00000000 0000001f 0000001e 0000001d 0000001c 0000001b 0000001a 00000019 00000018 00000017 00000016 00000015 00000014 00000013 00000012 00000011 00000010 0000000f 0000000e 0000000d 0000000c 0000000b 0000000a 00000009 00000008 00000007 00000006 00000005 00000004 00000003 00000002 
sm   0 warp 0 0x80000b14 0x96a13557 v 10 11111111111111111111111111111111 00000004 00000000 0000007c 00000078 00000074 00000070 0000006c 00000068 00000064 00000060 0000005c 00000058 00000054 00000050 0000004c 00000048 00000044 00000040 0000003c 00000038 00000034 00000030 0000002c 00000028 00000024 00000020 0000001c 00000018 00000014 00000010 0000000c 00000008 
sm   0 warp 0 0x80000b18 0x02a34557 v 10 11111111111111111111111111111111 70000104 70000100 7000017c 70000178 70000174 70000170 7000016c 70000168 70000164 70000160 7000015c 70000158 70000154 70000150 7000014c 70000148 70000144 70000140 7000013c 70000138 70000134 70000130 7000012c 70000128 70000124 70000120 7000011c 70000118 70000114 70000110 7000010c 70000108 
sm   0 warp 0 0x80000b1c 0x0005227b lsu.r v  4 op 3 @ 70000104 70000100 7000017c 70000178 70000174 70000170 7000016c 70000168 70000164 70000160 7000015c 70000158 70000154 70000150 7000014c 70000148 70000144 70000140 7000013c 70000138 70000134 70000130 7000012c 70000128 70000124 70000120 7000011c 70000118 70000114 70000110 7000010c 70000108
sm   0 warp 0 0x80000b1c 0x0005227b v  4 11111111111111111111111111111111 3f0f8fdc 3fbf46e1 3f837bb5 3f1fe584 3f0f8fdc 3fbf46e1 3f837bb5 3f1fe584 3f0f8fdc 3fbf46e1 3f837bb5 3f1fe584 3f0f8fdc 3fbf46e1 3f837bb5 3f1fe584 3f0f8fdc 3fbf46e1 3f837bb5 3f1fe584 3f0f8fdc 3fbf46e1 3f837bb5 3f1fe584 3f0f8fdc 3fbf46e1 3f837bb5 3f1fe584 3f0f8fdc 3fbf46e1 3f837bb5 3f1fe584 
sm   0 warp 0 0x80000b24 0x70000337 x  6  70000000
sm   0 warp 0 0x80000b20 0x02411157 v  2 11111111111111111111111111111111 3fcb43a3 40079cd2 3fcb43a3 40079cd2 3fcb43a3 40079cd2 3fcb43a3 40079cd2 3fcb43a3 40079cd2 3fcb43a3 40079cd2 3fcb43a3 40079cd2 3fcb43a3 40079cd2 3fcb43a3 40079cd2 3fcb43a3 40079cd2 3fcb43a3 40079cd2 3fcb43a3 40079cd2 3fcb43a3 40079cd2 3fcb43a3 40079cd2 3fcb43a3 40079cd2 3fcb43a3 40079cd2 
sm   0 warp 0 0x80000b28 0x10030313 x  6  70000100
sm   0 warp 0 0x80000b2c 0x5208a557 v 10 11111111111111111111111111111111 0000001f 0000001e 0000001d 0000001c 0000001b 0000001a 00000019 00000018 00000017 00000016 00000015 00000014 00000013 00000012 00000011 00000010 0000000f 0000000e 0000000d 0000000c 0000000b 0000000a 00000009 00000008 00000007 00000006 00000005 00000004 00000003 00000002 00000001 00000000 
sm   0 warp 0 0x80000b30 0x96a13557 v 10 11111111111111111111111111111111 0000007c 00000078 00000074 00000070 0000006c 00000068 00000064 00000060 0000005c 00000058 00000054 00000050 0000004c 00000048 00000044 00000040 0000003c 00000038 00000034 00000030 0000002c 00000028 00000024 00000020 0000001c 00000018 00000014 00000010 0000000c 00000008 00000004 00000000 
sm   0 warp 0 0x80000b34 0x02a34557 v 10 11111111111111111111111111111111 7000017c 70000178 70000174 70000170 7000016c 70000168 70000164 70000160 7000015c 70000158 70000154 70000150 7000014c 70000148 70000144 70000140 7000013c 70000138 70000134 70000130 7000012c 70000128 70000124 70000120 7000011c 70000118 70000114 70000110 7000010c 70000108 70000104 70000100 
sm   0 warp 0 0x80000b38 0x0025607b lsu.w v  2 op 3 mask 11111111111111111111111111111111 3fcb43a3 40079cd2 3fcb43a3 40079cd2 3fcb43a3 40079cd2 3fcb43a3 40079cd2 3fcb43a3 40079cd2 3fcb43a3 40079cd2 3fcb43a3 40079cd2 3fcb43a3 40079cd2 3fcb43a3 40079cd2 3fcb43a3 40079cd2 3fcb43a3 40079cd2 3fcb43a3 40079cd2 3fcb43a3 40079cd2 3fcb43a3 40079cd2 3fcb43a3 40079cd2 3fcb43a3 40079cd2 @ 7000017c 70000178 70000174 70000170 7000016c 70000168 70000164 70000160 7000015c 70000158 70000154 70000150 7000014c 70000148 70000144 70000140 7000013c 70000138 70000134 70000130 7000012c 70000128 70000124 70000120 7000011c 70000118 70000114 70000110 7000010c 70000108 70000104 70000100
sm   0 warp 0 0x80000b3c 0x70000337 x  6  70000000
sm   0 warp 0 0x80000b38 0x0025607b lsu.w finish
sm   0 warp 0 0x80000b40 0x10030313 x  6  70000100
sm   0 warp 0 0x80000b44 0x5208a557 v 10 11111111111111111111111111111111 0000001f 0000001e 0000001d 0000001c 0000001b 0000001a 00000019 00000018 00000017 00000016 00000015 00000014 00000013 00000012 00000011 00000010 0000000f 0000000e 0000000d 0000000c 0000000b 0000000a 00000009 00000008 00000007 00000006 00000005 00000004 00000003 00000002 00000001 00000000 
sm   0 warp 0 0x80000b48 0x000003b7 x  7  00000000
sm   0 warp 0 0x80000b4c 0x00138393 x  7  00000001
sm   0 warp 0 0x80000b50 0x02a3c557 v 10 11111111111111111111111111111111 00000020 0000001f 0000001e 0000001d 0000001c 0000001b 0000001a 00000019 00000018 00000017 00000016 00000015 00000014 00000013 00000012 00000011 00000010 0000000f 0000000e 0000000d 0000000c 0000000b 0000000a 00000009 00000008 00000007 00000006 00000005 00000004 00000003 00000002 00000001 
sm   0 warp 0 0x80000b54 0x000003b7 x  7  00000000
sm   0 warp 0 0x80000b58 0x01f38393 x  7  0000001f
sm   0 warp 0 0x80000b5c 0x26a3c557 v 10 11111111111111111111111111111111 00000000 0000001f 0000001e 0000001d 0000001c 0000001b 0000001a 00000019 00000018 00000017 00000016 00000015 00000014 00000013 00000012 00000011 00000010 0000000f 0000000e 0000000d 0000000c 0000000b 0000000a 00000009 00000008 00000007 00000006 00000005 00000004 00000003 00000002 00000001 
[L1C] #   4307 SM 0 CACHE 0 ADDR 80000b80
sm   0 warp 0 0x80000b60 0x96a13557 v 10 11111111111111111111111111111111 00000000 0000007c 00000078 00000074 00000070 0000006c 00000068 00000064 00000060 0000005c 00000058 00000054 00000050 0000004c 00000048 00000044 00000040 0000003c 00000038 00000034 00000030 0000002c 00000028 00000024 00000020 0000001c 00000018 00000014 00000010 0000000c 00000008 00000004 
sm   0 warp 0 0x80000b64 0x02a34557 v 10 11111111111111111111111111111111 70000100 7000017c 70000178 70000174 70000170 7000016c 70000168 70000164 70000160 7000015c 70000158 70000154 70000150 7000014c 70000148 70000144 70000140 7000013c 70000138 70000134 70000130 7000012c 70000128 70000124 70000120 7000011c 70000118 70000114 70000110 7000010c 70000108 70000104 
sm   0 warp 0 0x80000b68 0x0005227b lsu.r v  4 op 3 @ 70000100 7000017c 70000178 70000174 70000170 7000016c 70000168 70000164 70000160 7000015c 70000158 70000154 70000150 7000014c 70000148 70000144 70000140 7000013c 70000138 70000134 70000130 7000012c 70000128 70000124 70000120 7000011c 70000118 70000114 70000110 7000010c 70000108 70000104
sm   0 warp 0 0x80000b68 0x0005227b v  4 11111111111111111111111111111111 40079cd2 3fcb43a3 40079cd2 3fcb43a3 40079cd2 3fcb43a3 40079cd2 3fcb43a3 40079cd2 3fcb43a3 40079cd2 3fcb43a3 40079cd2 3fcb43a3 40079cd2 3fcb43a3 40079cd2 3fcb43a3 40079cd2 3fcb43a3 40079cd2 3fcb43a3 40079cd2 3fcb43a3 40079cd2 3fcb43a3 40079cd2 3fcb43a3 40079cd2 3fcb43a3 40079cd2 3fcb43a3 
sm   0 warp 0 0x80000b70 0x70000337 x  6  70000000
sm   0 warp 0 0x80000b6c 0x02411157 v  2 11111111111111111111111111111111 406d3ea4 406d3ea4 406d3ea4 406d3ea4 406d3ea4 406d3ea4 406d3ea4 406d3ea4 406d3ea4 406d3ea4 406d3ea4 406d3ea4 406d3ea4 406d3ea4 406d3ea4 406d3ea4 406d3ea4 406d3ea4 406d3ea4 406d3ea4 406d3ea4 406d3ea4 406d3ea4 406d3ea4 406d3ea4 406d3ea4 406d3ea4 406d3ea4 406d3ea4 406d3ea4 406d3ea4 406d3ea4 
sm   0 warp 0 0x80000b74 0x10030313 x  6  70000100
sm   0 warp 0 0x80000b78 0x5208a557 v 10 11111111111111111111111111111111 0000001f 0000001e 0000001d 0000001c 0000001b 0000001a 00000019 00000018 00000017 00000016 00000015 00000014 00000013 00000012 00000011 00000010 0000000f 0000000e 0000000d 0000000c 0000000b 0000000a 00000009 00000008 00000007 00000006 00000005 00000004 00000003 00000002 00000001 00000000 
sm   0 warp 0 0x80000b7c 0x96a13557 v 10 11111111111111111111111111111111 0000007c 00000078 00000074 00000070 0000006c 00000068 00000064 00000060 0000005c 00000058 00000054 00000050 0000004c 00000048 00000044 00000040 0000003c 00000038 00000034 00000030 0000002c 00000028 00000024 00000020 0000001c 00000018 00000014 00000010 0000000c 00000008 00000004 00000000 
sm   0 warp 0 0x80000b80 0x02a34557 v 10 11111111111111111111111111111111 7000017c 70000178 70000174 70000170 7000016c 70000168 70000164 70000160 7000015c 70000158 70000154 70000150 7000014c 70000148 70000144 70000140 7000013c 70000138 70000134 70000130 7000012c 70000128 70000124 70000120 7000011c 70000118 70000114 70000110 7000010c 70000108 70000104 70000100 
sm   0 warp 0 0x80000b84 0x0025607b lsu.w v  2 op 3 mask 11111111111111111111111111111111 406d3ea4 406d3ea4 406d3ea4 406d3ea4 406d3ea4 406d3ea4 406d3ea4 406d3ea4 406d3ea4 406d3ea4 406d3ea4 406d3ea4 406d3ea4 406d3ea4 406d3ea4 406d3ea4 406d3ea4 406d3ea4 406d3ea4 406d3ea4 406d3ea4 406d3ea4 406d3ea4 406d3ea4 406d3ea4 406d3ea4 406d3ea4 406d3ea4 406d3ea4 406d3ea4 406d3ea4 406d3ea4 @ 7000017c 70000178 70000174 70000170 7000016c 70000168 70000164 70000160 7000015c 70000158 70000154 70000150 7000014c 70000148 70000144 70000140 7000013c 70000138 70000134 70000130 7000012c 70000128 70000124 70000120 7000011c 70000118 70000114 70000110 7000010c 70000108 70000104 70000100
sm   0 warp 0 0x80000b88 0x7ef312b7 x  5  7ef31000
sm   0 warp 0 0x80000b84 0x0025607b lsu.w finish
sm   0 warp 0 0x80000b8c 0x1c328293 x  5  7ef311c3
sm   0 warp 0 0x80000b90 0x5e02c957 v 18 11111111111111111111111111111111 7ef311c3 7ef311c3 7ef311c3 7ef311c3 7ef311c3 7ef311c3 7ef311c3 7ef311c3 7ef311c3 7ef311c3 7ef311c3 7ef311c3 7ef311c3 7ef311c3 7ef311c3 7ef311c3 7ef311c3 7ef311c3 7ef311c3 7ef311c3 7ef311c3 7ef311c3 7ef311c3 7ef311c3 7ef311c3 7ef311c3 7ef311c3 7ef311c3 7ef311c3 7ef311c3 7ef311c3 7ef311c3 
sm   0 warp 0 0x80000b94 0x2a2102d7 v  5 11111111111111111111111111111111 406d3ea4 406d3ea4 406d3ea4 406d3ea4 406d3ea4 406d3ea4 406d3ea4 406d3ea4 406d3ea4 406d3ea4 406d3ea4 406d3ea4 406d3ea4 406d3ea4 406d3ea4 406d3ea4 406d3ea4 406d3ea4 406d3ea4 406d3ea4 406d3ea4 406d3ea4 406d3ea4 406d3ea4 406d3ea4 406d3ea4 406d3ea4 406d3ea4 406d3ea4 406d3ea4 406d3ea4 406d3ea4 
sm   0 warp 0 0x80000b98 0x0b2282d7 v  5 11111111111111111111111111111111 3e85d31f 3e85d31f 3e85d31f 3e85d31f 3e85d31f 3e85d31f 3e85d31f 3e85d31f 3e85d31f 3e85d31f 3e85d31f 3e85d31f 3e85d31f 3e85d31f 3e85d31f 3e85d31f 3e85d31f 3e85d31f 3e85d31f 3e85d31f 3e85d31f 3e85d31f 3e85d31f 3e85d31f 3e85d31f 3e85d31f 3e85d31f 3e85d31f 3e85d31f 3e85d31f 3e85d31f 3e85d31f 
sm   0 warp 0 0x80000b9c 0x400002b7 x  5  40000000
sm   0 warp 0 0x80000ba0 0x5e02c9d7 v 19 11111111111111111111111111111111 40000000 40000000 40000000 40000000 40000000 40000000 40000000 40000000 40000000 40000000 40000000 40000000 40000000 40000000 40000000 40000000 40000000 40000000 40000000 40000000 40000000 40000000 40000000 40000000 40000000 40000000 40000000 40000000 40000000 40000000 40000000 40000000 
sm   0 warp 0 0x80000ba4 0x2b398757 v 14 11111111111111111111111111111111 40000000 40000000 40000000 40000000 40000000 40000000 40000000 40000000 40000000 40000000 40000000 40000000 40000000 40000000 40000000 40000000 40000000 40000000 40000000 40000000 40000000 40000000 40000000 40000000 40000000 40000000 40000000 40000000 40000000 40000000 40000000 40000000 
sm   0 warp 0 0x80000ba8 0xbe511757 v 14 11111111111111111111111111111111 3f83facd 3f83facd 3f83facd 3f83facd 3f83facd 3f83facd 3f83facd 3f83facd 3f83facd 3f83facd 3f83facd 3f83facd 3f83facd 3f83facd 3f83facd 3f83facd 3f83facd 3f83facd 3f83facd 3f83facd 3f83facd 3f83facd 3f83facd 3f83facd 3f83facd 3f83facd 3f83facd 3f83facd 3f83facd 3f83facd 3f83facd 3f83facd 
sm   0 warp 0 0x80000bac 0x2a528f57 v 30 11111111111111111111111111111111 3e85d31f 3e85d31f 3e85d31f 3e85d31f 3e85d31f 3e85d31f 3e85d31f 3e85d31f 3e85d31f 3e85d31f 3e85d31f 3e85d31f 3e85d31f 3e85d31f 3e85d31f 3e85d31f 3e85d31f 3e85d31f 3e85d31f 3e85d31f 3e85d31f 3e85d31f 3e85d31f 3e85d31f 3e85d31f 3e85d31f 3e85d31f 3e85d31f 3e85d31f 3e85d31f 3e85d31f 3e85d31f 
sm   0 warp 0 0x80000bb0 0x2bff82d7 v  5 11111111111111111111111111111111 00000000 00000000 00000000 00000000 00000000 00000000 00000000 00000000 00000000 00000000 00000000 00000000 00000000 00000000 00000000 00000000 00000000 00000000 00000000 00000000 00000000 00000000 00000000 00000000 00000000 00000000 00000000 00000000 00000000 00000000 00000000 00000000 
sm   0 warp 0 0x80000bb4 0xb2ef12d7 v  5 11111111111111111111111111111111 3e89fc48 3e89fc48 3e89fc48 3e89fc48 3e89fc48 3e89fc48 3e89fc48 3e89fc48 3e89fc48 3e89fc48 3e89fc48 3e89fc48 3e89fc48 3e89fc48 3e89fc48 3e89fc48 3e89fc48 3e89fc48 3e89fc48 3e89fc48 3e89fc48 3e89fc48 3e89fc48 3e89fc48 3e89fc48 3e89fc48 3e89fc48 3e89fc48 3e89fc48 3e89fc48 3e89fc48 3e89fc48 
sm   0 warp 0 0x80000bb8 0x2b398757 v 14 11111111111111111111111111111111 40000000 40000000 40000000 40000000 40000000 40000000 40000000 40000000 40000000 40000000 40000000 40000000 40000000 40000000 40000000 40000000 40000000 40000000 40000000 40000000 40000000 40000000 40000000 40000000 40000000 40000000 40000000 40000000 40000000 40000000 40000000 40000000 
sm   0 warp 0 0x80000bbc 0xbe511757 v 14 11111111111111111111111111111111 3f801fae 3f801fae 3f801fae 3f801fae 3f801fae 3f801fae 3f801fae 3f801fae 3f801fae 3f801fae 3f801fae 3f801fae 3f801fae 3f801fae 3f801fae 3f801fae 3f801fae 3f801fae 3f801fae 3f801fae 3f801fae 3f801fae 3f801fae 3f801fae 3f801fae 3f801fae 3f801fae 3f801fae 3f801fae 3f801fae 3f801fae 3f801fae 
sm   0 warp 0 0x80000bc0 0x2a528f57 v 30 11111111111111111111111111111111 3e89fc48 3e89fc48 3e89fc48 3e89fc48 3e89fc48 3e89fc48 3e89fc48 3e89fc48 3e89fc48 3e89fc48 3e89fc48 3e89fc48 3e89fc48 3e89fc48 3e89fc48 3e89fc48 3e89fc48 3e89fc48 3e89fc48 3e89fc48 3e89fc48 3e89fc48 3e89fc48 3e89fc48 3e89fc48 3e89fc48 3e89fc48 3e89fc48 3e89fc48 3e89fc48 3e89fc48 3e89fc48 
sm   0 warp 0 0x80000bc4 0x2bff82d7 v  5 11111111111111111111111111111111 00000000 00000000 00000000 00000000 00000000 00000000 00000000 00000000 00000000 00000000 00000000 00000000 00000000 00000000 00000000 00000000 00000000 00000000 00000000 00000000 00000000 00000000 00000000 00000000 00000000 00000000 00000000 00000000 00000000 00000000 00000000 00000000 
sm   0 warp 0 0x80000bc8 0xb2ef12d7 v  5 11111111111111111111111111111111 3e8a1e6f 3e8a1e6f 3e8a1e6f 3e8a1e6f 3e8a1e6f 3e8a1e6f 3e8a1e6f 3e8a1e6f 3e8a1e6f 3e8a1e6f 3e8a1e6f 3e8a1e6f 3e8a1e6f 3e8a1e6f 3e8a1e6f 3e8a1e6f 3e8a1e6f 3e8a1e6f 3e8a1e6f 3e8a1e6f 3e8a1e6f 3e8a1e6f 3e8a1e6f 3e8a1e6f 3e8a1e6f 3e8a1e6f 3e8a1e6f 3e8a1e6f 3e8a1e6f 3e8a1e6f 3e8a1e6f 3e8a1e6f 
sm   0 warp 0 0x80000bcc 0x2b398757 v 14 11111111111111111111111111111111 40000000 40000000 40000000 40000000 40000000 40000000 40000000 40000000 40000000 40000000 40000000 40000000 40000000 40000000 40000000 40000000 40000000 40000000 40000000 40000000 40000000 40000000 40000000 40000000 40000000 40000000 40000000 40000000 40000000 40000000 40000000 40000000 
sm   0 warp 0 0x80000bd0 0xbe511757 v 14 11111111111111111111111111111111 3f800007 3f800007 3f800007 3f800007 3f800007 3f800007 3f800007 3f800007 3f800007 3f800007 3f800007 3f800007 3f800007 3f800007 3f800007 3f800007 3f800007 3f800007 3f800007 3f800007 3f800007 3f800007 3f800007 3f800007 3f800007 3f800007 3f800007 3f800007 3f800007 3f800007 3f800007 3f800007 
sm   0 warp 0 0x80000bd4 0x2a528f57 v 30 11111111111111111111111111111111 3e8a1e6f 3e8a1e6f 3e8a1e6f 3e8a1e6f 3e8a1e6f 3e8a1e6f 3e8a1e6f 3e8a1e6f 3e8a1e6f 3e8a1e6f 3e8a1e6f 3e8a1e6f 3e8a1e6f 3e8a1e6f 3e8a1e6f 3e8a1e6f 3e8a1e6f 3e8a1e6f 3e8a1e6f 3e8a1e6f 3e8a1e6f 3e8a1e6f 3e8a1e6f 3e8a1e6f 3e8a1e6f 3e8a1e6f 3e8a1e6f 3e8a1e6f 3e8a1e6f 3e8a1e6f 3e8a1e6f 3e8a1e6f 
sm   0 warp 0 0x80000bd8 0x2bff82d7 v  5 11111111111111111111111111111111 00000000 00000000 00000000 00000000 00000000 00000000 00000000 00000000 00000000 00000000 00000000 00000000 00000000 00000000 00000000 00000000 00000000 00000000 00000000 00000000 00000000 00000000 00000000 00000000 00000000 00000000 00000000 00000000 00000000 00000000 00000000 00000000 
[L1C] #   4468 SM 0 CACHE 0 ADDR 80000c00
sm   0 warp 0 0x80000bdc 0xb2ef12d7 v  5 11111111111111111111111111111111 3e8a1e77 3e8a1e77 3e8a1e77 3e8a1e77 3e8a1e77 3e8a1e77 3e8a1e77 3e8a1e77 3e8a1e77 3e8a1e77 3e8a1e77 3e8a1e77 3e8a1e77 3e8a1e77 3e8a1e77 3e8a1e77 3e8a1e77 3e8a1e77 3e8a1e77 3e8a1e77 3e8a1e77 3e8a1e77 3e8a1e77 3e8a1e77 3e8a1e77 3e8a1e77 3e8a1e77 3e8a1e77 3e8a1e77 3e8a1e77 3e8a1e77 3e8a1e77 
sm   0 warp 0 0x80000be0 0x2b398757 v 14 11111111111111111111111111111111 40000000 40000000 40000000 40000000 40000000 40000000 40000000 40000000 40000000 40000000 40000000 40000000 40000000 40000000 40000000 40000000 40000000 40000000 40000000 40000000 40000000 40000000 40000000 40000000 40000000 40000000 40000000 40000000 40000000 40000000 40000000 40000000 
sm   0 warp 0 0x80000be4 0xbe511757 v 14 11111111111111111111111111111111 3f800000 3f800000 3f800000 3f800000 3f800000 3f800000 3f800000 3f800000 3f800000 3f800000 3f800000 3f800000 3f800000 3f800000 3f800000 3f800000 3f800000 3f800000 3f800000 3f800000 3f800000 3f800000 3f800000 3f800000 3f800000 3f800000 3f800000 3f800000 3f800000 3f800000 3f800000 3f800000 
sm   0 warp 0 0x80000be8 0x2a528f57 v 30 11111111111111111111111111111111 3e8a1e77 3e8a1e77 3e8a1e77 3e8a1e77 3e8a1e77 3e8a1e77 3e8a1e77 3e8a1e77 3e8a1e77 3e8a1e77 3e8a1e77 3e8a1e77 3e8a1e77 3e8a1e77 3e8a1e77 3e8a1e77 3e8a1e77 3e8a1e77 3e8a1e77 3e8a1e77 3e8a1e77 3e8a1e77 3e8a1e77 3e8a1e77 3e8a1e77 3e8a1e77 3e8a1e77 3e8a1e77 3e8a1e77 3e8a1e77 3e8a1e77 3e8a1e77 
sm   0 warp 0 0x80000bec 0x2bff82d7 v  5 11111111111111111111111111111111 00000000 00000000 00000000 00000000 00000000 00000000 00000000 00000000 00000000 00000000 00000000 00000000 00000000 00000000 00000000 00000000 00000000 00000000 00000000 00000000 00000000 00000000 00000000 00000000 00000000 00000000 00000000 00000000 00000000 00000000 00000000 00000000 
sm   0 warp 0 0x80000bf0 0xb2ef12d7 v  5 11111111111111111111111111111111 3e8a1e77 3e8a1e77 3e8a1e77 3e8a1e77 3e8a1e77 3e8a1e77 3e8a1e77 3e8a1e77 3e8a1e77 3e8a1e77 3e8a1e77 3e8a1e77 3e8a1e77 3e8a1e77 3e8a1e77 3e8a1e77 3e8a1e77 3e8a1e77 3e8a1e77 3e8a1e77 3e8a1e77 3e8a1e77 3e8a1e77 3e8a1e77 3e8a1e77 3e8a1e77 3e8a1e77 3e8a1e77 3e8a1e77 3e8a1e77 3e8a1e77 3e8a1e77 
sm   0 warp 0 0x80000bf4 0x2a108f57 v 30 11111111111111111111111111111111 3d924a89 3d8bf248 3d8338e5 3d7c8919 3dab1e1a 3da2a3dc 3d9adf9d 3d901fbb 3d89f93b 3d846263 3d7ea353 3dad16ff 3d9ffdd1 3d987361 3d918fb3 3d8b4825 3d99772a 3d62a668 3d3d0f35 3f800000 3d576637 3e23521e 3ddeb56d 3d3e9502 3f0d271a 3d431a5b 3db150e9 3db17c38 3d43f10b 3d9a3b9f 3d3dee1f 3d9ce3f2 
sm   0 warp 0 0x80000bf8 0x2bff80d7 v  1 11111111111111111111111111111111 00000000 00000000 00000000 00000000 00000000 00000000 00000000 00000000 00000000 00000000 00000000 00000000 00000000 00000000 00000000 00000000 00000000 00000000 00000000 00000000 00000000 00000000 00000000 00000000 00000000 00000000 00000000 00000000 00000000 00000000 00000000 00000000 
sm   0 warp 0 0x80000c00 0x90002337 x  6  90002000
sm   0 warp 0 0x80000c04 0x5208a557 v 10 11111111111111111111111111111111 0000001f 0000001e 0000001d 0000001c 0000001b 0000001a 00000019 00000018 00000017 00000016 00000015 00000014 00000013 00000012 00000011 00000010 0000000f 0000000e 0000000d 0000000c 0000000b 0000000a 00000009 00000008 00000007 00000006 00000005 00000004 00000003 00000002 00000001 00000000 
sm   0 warp 0 0x80000bfc 0xb25f10d7 v  1 11111111111111111111111111111111 3c9ddb2d 3c970285 3c8d9892 3c883ff5 3cb8a52e 3caf7f5f 3ca71df2 3c9b8483 3c94e18a 3c8ed995 3c896258 3cbac5fd 3caca3ba 3ca480ad 3c9d1192 3c964aee 3ca59900 3c74915a 3c4c0164 3e8a1e77 3c686d78 3d303b67 3cf0509b 3c4da602 3e184fc0 3c5286da 3cbf556f 3cbf842a 3c536e83 3ca66cfd 3c4cf1ee 3ca94b18 
sm   0 warp 0 0x80000c08 0x96a13557 v 10 11111111111111111111111111111111 0000007c 00000078 00000074 00000070 0000006c 00000068 00000064 00000060 0000005c 00000058 00000054 00000050 0000004c 00000048 00000044 00000040 0000003c 00000038 00000034 00000030 0000002c 00000028 00000024 00000020 0000001c 00000018 00000014 00000010 0000000c 00000008 00000004 00000000 
sm   0 warp 0 0x80000c0c 0x02a34557 v 10 11111111111111111111111111111111 9000207c 90002078 90002074 90002070 9000206c 90002068 90002064 90002060 9000205c 90002058 90002054 90002050 9000204c 90002048 90002044 90002040 9000203c 90002038 90002034 90002030 9000202c 90002028 90002024 90002020 9000201c 90002018 90002014 90002010 9000200c 90002008 90002004 90002000 
sm   0 warp 0 0x80000c10 0x0015607b lsu.w v  1 op 3 mask 11111111111111111111111111111111 3c9ddb2d 3c970285 3c8d9892 3c883ff5 3cb8a52e 3caf7f5f 3ca71df2 3c9b8483 3c94e18a 3c8ed995 3c896258 3cbac5fd 3caca3ba 3ca480ad 3c9d1192 3c964aee 3ca59900 3c74915a 3c4c0164 3e8a1e77 3c686d78 3d303b67 3cf0509b 3c4da602 3e184fc0 3c5286da 3cbf556f 3cbf842a 3c536e83 3ca66cfd 3c4cf1ee 3ca94b18 @ 9000207c 90002078 90002074 90002070 9000206c 90002068 90002064 90002060 9000205c 90002058 90002054 90002050 9000204c 90002048 90002044 90002040 9000203c 90002038 90002034 90002030 9000202c 90002028 90002024 90002020 9000201c 90002018 90002014 90002010 9000200c 90002008 90002004 90002000
sm   0 warp 0 0x80000c14 0x0000400b endprg
sm   0 warp 0 0x80000c10 0x0015607b lsu.w finish
[L1C] #   4538 SM 0 CACHE 1 ADDR 90002000
[L1C] #   4541 SM 0 CACHE 1 ADDR 9d0f7f80
[L1C] #   5572 SM 0 CACHE 1 ADDR 9d0f7f80
