
-- Executing script file `synth.ys' --

1. Executing SLANG frontend.
Top level design units:
    operandCollector

Build succeeded: 0 errors, 0 warnings

1.1. Executing PROC_CLEAN pass (remove empty switches from decision trees).
Found and cleaned up 1 empty switch in `\RRArbiter_16$operandCollector.issueUnit.arb_v.$245'.
Found and cleaned up 1 empty switch in `\RRArbiter_16$operandCollector.issueUnit.arb_x.$245'.
Found and cleaned up 1 empty switch in `\RRArbiter$operandCollector.Arbiter.bankArbiterVector_7.$124'.
Found and cleaned up 1 empty switch in `\RRArbiter$operandCollector.Arbiter.bankArbiterVector_6.$124'.
Found and cleaned up 1 empty switch in `\RRArbiter$operandCollector.Arbiter.bankArbiterVector_5.$124'.
Found and cleaned up 1 empty switch in `\RRArbiter$operandCollector.Arbiter.bankArbiterVector_4.$124'.
Found and cleaned up 1 empty switch in `\RRArbiter$operandCollector.Arbiter.bankArbiterVector_3.$124'.
Found and cleaned up 1 empty switch in `\RRArbiter$operandCollector.Arbiter.bankArbiterVector_2.$124'.
Found and cleaned up 1 empty switch in `\RRArbiter$operandCollector.Arbiter.bankArbiterVector_1.$124'.
Found and cleaned up 1 empty switch in `\RRArbiter$operandCollector.Arbiter.bankArbiterVector_0.$124'.
Found and cleaned up 1 empty switch in `\RRArbiter$operandCollector.Arbiter.bankArbiterScalar_7.$124'.
Found and cleaned up 1 empty switch in `\RRArbiter$operandCollector.Arbiter.bankArbiterScalar_6.$124'.
Found and cleaned up 1 empty switch in `\RRArbiter$operandCollector.Arbiter.bankArbiterScalar_5.$124'.
Found and cleaned up 1 empty switch in `\RRArbiter$operandCollector.Arbiter.bankArbiterScalar_4.$124'.
Found and cleaned up 1 empty switch in `\RRArbiter$operandCollector.Arbiter.bankArbiterScalar_3.$124'.
Found and cleaned up 1 empty switch in `\RRArbiter$operandCollector.Arbiter.bankArbiterScalar_2.$124'.
Found and cleaned up 1 empty switch in `\RRArbiter$operandCollector.Arbiter.bankArbiterScalar_1.$124'.
Found and cleaned up 1 empty switch in `\RRArbiter$operandCollector.Arbiter.bankArbiterScalar_0.$124'.
Removing empty process `RegFileBank$operandCollector.RegFileBank_7.$0'.
Removing empty process `RegFileBank$operandCollector.RegFileBank_6.$0'.
Removing empty process `RegFileBank$operandCollector.RegFileBank_5.$0'.
Removing empty process `RegFileBank$operandCollector.RegFileBank_4.$0'.
Removing empty process `RegFileBank$operandCollector.RegFileBank_3.$0'.
Removing empty process `RegFileBank$operandCollector.RegFileBank_2.$0'.
Removing empty process `RegFileBank$operandCollector.RegFileBank_1.$0'.
Removing empty process `RegFileBank$operandCollector.RegFileBank.$0'.
Removing empty process `FloatRegFileBank$operandCollector.FloatRegFileBank_7.$0'.
Removing empty process `FloatRegFileBank$operandCollector.FloatRegFileBank_6.$0'.
Removing empty process `FloatRegFileBank$operandCollector.FloatRegFileBank_5.$0'.
Removing empty process `FloatRegFileBank$operandCollector.FloatRegFileBank_4.$0'.
Removing empty process `FloatRegFileBank$operandCollector.FloatRegFileBank_3.$0'.
Removing empty process `FloatRegFileBank$operandCollector.FloatRegFileBank_2.$0'.
Removing empty process `FloatRegFileBank$operandCollector.FloatRegFileBank_1.$0'.
Removing empty process `FloatRegFileBank$operandCollector.FloatRegFileBank.$0'.
Found and cleaned up 1 empty switch in `\collectorUnit$operandCollector.collectorUnit_7.$442'.
Found and cleaned up 1 empty switch in `\collectorUnit$operandCollector.collectorUnit_6.$442'.
Found and cleaned up 1 empty switch in `\collectorUnit$operandCollector.collectorUnit_5.$442'.
Found and cleaned up 1 empty switch in `\collectorUnit$operandCollector.collectorUnit_4.$442'.
Found and cleaned up 1 empty switch in `\collectorUnit$operandCollector.collectorUnit_3.$442'.
Found and cleaned up 1 empty switch in `\collectorUnit$operandCollector.collectorUnit_2.$442'.
Found and cleaned up 1 empty switch in `\collectorUnit$operandCollector.collectorUnit_1.$442'.
Found and cleaned up 1 empty switch in `\collectorUnit$operandCollector.collectorUnit.$442'.
Removing empty process `operandCollector.$22'.
Cleaned up 26 empty switches.

1.2. Executing TRIBUF pass.

1.3. Executing PROC_RMDEAD pass (remove dead branches from decision trees).
Marked 14 switch rules as full_case in process $245 in module RRArbiter_16$operandCollector.issueUnit.arb_v.
Marked 14 switch rules as full_case in process $245 in module RRArbiter_16$operandCollector.issueUnit.arb_x.
Marked 46 switch rules as full_case in process $124 in module RRArbiter$operandCollector.Arbiter.bankArbiterVector_7.
Marked 46 switch rules as full_case in process $124 in module RRArbiter$operandCollector.Arbiter.bankArbiterVector_6.
Marked 46 switch rules as full_case in process $124 in module RRArbiter$operandCollector.Arbiter.bankArbiterVector_5.
Marked 46 switch rules as full_case in process $124 in module RRArbiter$operandCollector.Arbiter.bankArbiterVector_4.
Marked 46 switch rules as full_case in process $124 in module RRArbiter$operandCollector.Arbiter.bankArbiterVector_3.
Marked 46 switch rules as full_case in process $124 in module RRArbiter$operandCollector.Arbiter.bankArbiterVector_2.
Marked 46 switch rules as full_case in process $124 in module RRArbiter$operandCollector.Arbiter.bankArbiterVector_1.
Marked 46 switch rules as full_case in process $124 in module RRArbiter$operandCollector.Arbiter.bankArbiterVector_0.
Marked 46 switch rules as full_case in process $124 in module RRArbiter$operandCollector.Arbiter.bankArbiterScalar_7.
Marked 46 switch rules as full_case in process $124 in module RRArbiter$operandCollector.Arbiter.bankArbiterScalar_6.
Marked 46 switch rules as full_case in process $124 in module RRArbiter$operandCollector.Arbiter.bankArbiterScalar_5.
Marked 46 switch rules as full_case in process $124 in module RRArbiter$operandCollector.Arbiter.bankArbiterScalar_4.
Marked 46 switch rules as full_case in process $124 in module RRArbiter$operandCollector.Arbiter.bankArbiterScalar_3.
Marked 46 switch rules as full_case in process $124 in module RRArbiter$operandCollector.Arbiter.bankArbiterScalar_2.
Marked 46 switch rules as full_case in process $124 in module RRArbiter$operandCollector.Arbiter.bankArbiterScalar_1.
Marked 46 switch rules as full_case in process $124 in module RRArbiter$operandCollector.Arbiter.bankArbiterScalar_0.
Marked 57 switch rules as full_case in process $442 in module collectorUnit$operandCollector.collectorUnit_7.
Marked 57 switch rules as full_case in process $442 in module collectorUnit$operandCollector.collectorUnit_6.
Marked 57 switch rules as full_case in process $442 in module collectorUnit$operandCollector.collectorUnit_5.
Marked 57 switch rules as full_case in process $442 in module collectorUnit$operandCollector.collectorUnit_4.
Marked 57 switch rules as full_case in process $442 in module collectorUnit$operandCollector.collectorUnit_3.
Marked 57 switch rules as full_case in process $442 in module collectorUnit$operandCollector.collectorUnit_2.
Marked 57 switch rules as full_case in process $442 in module collectorUnit$operandCollector.collectorUnit_1.
Marked 57 switch rules as full_case in process $442 in module collectorUnit$operandCollector.collectorUnit.
Removed a total of 0 dead cases.

1.4. Executing PROC_PRUNE pass (remove redundant assignments in processes).
Removed 5918 redundant assignments.
Promoted 0 assignments to connections.

1.5. Executing PROC_INIT pass (extract init attributes).

1.6. Executing PROC_ROM pass (convert switches to ROMs).
Converted 0 switches.
<suppressed ~1302 debug messages>

1.7. Executing PROC_MUX pass (convert decision trees to multiplexers).
Creating decoders for process `\RRArbiter_16$operandCollector.issueUnit.arb_v.$245'.
     1/8: $ctrl_validMask_grantMask_lastGrant$247
     2/8: $ctrl_validMask_grantMask_lastGrant$248
     3/8: $ctrl_validMask_grantMask_lastGrant$249
     4/8: $ctrl_validMask_grantMask_lastGrant$250
     5/8: $ctrl_validMask_grantMask_lastGrant$251
     6/8: $ctrl_validMask_grantMask_lastGrant$252
     7/8: $ctrl_validMask_grantMask_lastGrant$253
     8/8: $ctrl_validMask_grantMask_lastGrant$254
Creating decoders for process `\RRArbiter_16$operandCollector.issueUnit.arb_x.$245'.
     1/8: $ctrl_validMask_grantMask_lastGrant$247
     2/8: $ctrl_validMask_grantMask_lastGrant$248
     3/8: $ctrl_validMask_grantMask_lastGrant$249
     4/8: $ctrl_validMask_grantMask_lastGrant$250
     5/8: $ctrl_validMask_grantMask_lastGrant$251
     6/8: $ctrl_validMask_grantMask_lastGrant$252
     7/8: $ctrl_validMask_grantMask_lastGrant$253
     8/8: $ctrl_validMask_grantMask_lastGrant$254
Creating decoders for process `\RRArbiter$operandCollector.Arbiter.bankArbiterVector_7.$124'.
     1/24: $ctrl_validMask_grantMask_lastGrant$125
     2/24: $ctrl_validMask_grantMask_lastGrant$126
     3/24: $ctrl_validMask_grantMask_lastGrant$127
     4/24: $ctrl_validMask_grantMask_lastGrant$128
     5/24: $ctrl_validMask_grantMask_lastGrant$129
     6/24: $ctrl_validMask_grantMask_lastGrant$130
     7/24: $ctrl_validMask_grantMask_lastGrant$131
     8/24: $ctrl_validMask_grantMask_lastGrant$132
     9/24: $ctrl_validMask_grantMask_lastGrant$133
    10/24: $ctrl_validMask_grantMask_lastGrant$134
    11/24: $ctrl_validMask_grantMask_lastGrant$135
    12/24: $ctrl_validMask_grantMask_lastGrant$136
    13/24: $ctrl_validMask_grantMask_lastGrant$137
    14/24: $ctrl_validMask_grantMask_lastGrant$138
    15/24: $ctrl_validMask_grantMask_lastGrant$139
    16/24: $ctrl_validMask_grantMask_lastGrant$140
    17/24: $ctrl_validMask_grantMask_lastGrant$141
    18/24: $ctrl_validMask_grantMask_lastGrant$142
    19/24: $ctrl_validMask_grantMask_lastGrant$143
    20/24: $ctrl_validMask_grantMask_lastGrant$144
    21/24: $ctrl_validMask_grantMask_lastGrant$145
    22/24: $ctrl_validMask_grantMask_lastGrant$146
    23/24: $ctrl_validMask_grantMask_lastGrant$147
    24/24: $ctrl_validMask_grantMask_lastGrant$148
Creating decoders for process `\RRArbiter$operandCollector.Arbiter.bankArbiterVector_6.$124'.
     1/24: $ctrl_validMask_grantMask_lastGrant$125
     2/24: $ctrl_validMask_grantMask_lastGrant$126
     3/24: $ctrl_validMask_grantMask_lastGrant$127
     4/24: $ctrl_validMask_grantMask_lastGrant$128
     5/24: $ctrl_validMask_grantMask_lastGrant$129
     6/24: $ctrl_validMask_grantMask_lastGrant$130
     7/24: $ctrl_validMask_grantMask_lastGrant$131
     8/24: $ctrl_validMask_grantMask_lastGrant$132
     9/24: $ctrl_validMask_grantMask_lastGrant$133
    10/24: $ctrl_validMask_grantMask_lastGrant$134
    11/24: $ctrl_validMask_grantMask_lastGrant$135
    12/24: $ctrl_validMask_grantMask_lastGrant$136
    13/24: $ctrl_validMask_grantMask_lastGrant$137
    14/24: $ctrl_validMask_grantMask_lastGrant$138
    15/24: $ctrl_validMask_grantMask_lastGrant$139
    16/24: $ctrl_validMask_grantMask_lastGrant$140
    17/24: $ctrl_validMask_grantMask_lastGrant$141
    18/24: $ctrl_validMask_grantMask_lastGrant$142
    19/24: $ctrl_validMask_grantMask_lastGrant$143
    20/24: $ctrl_validMask_grantMask_lastGrant$144
    21/24: $ctrl_validMask_grantMask_lastGrant$145
    22/24: $ctrl_validMask_grantMask_lastGrant$146
    23/24: $ctrl_validMask_grantMask_lastGrant$147
    24/24: $ctrl_validMask_grantMask_lastGrant$148
Creating decoders for process `\RRArbiter$operandCollector.Arbiter.bankArbiterVector_5.$124'.
     1/24: $ctrl_validMask_grantMask_lastGrant$125
     2/24: $ctrl_validMask_grantMask_lastGrant$126
     3/24: $ctrl_validMask_grantMask_lastGrant$127
     4/24: $ctrl_validMask_grantMask_lastGrant$128
     5/24: $ctrl_validMask_grantMask_lastGrant$129
     6/24: $ctrl_validMask_grantMask_lastGrant$130
     7/24: $ctrl_validMask_grantMask_lastGrant$131
     8/24: $ctrl_validMask_grantMask_lastGrant$132
     9/24: $ctrl_validMask_grantMask_lastGrant$133
    10/24: $ctrl_validMask_grantMask_lastGrant$134
    11/24: $ctrl_validMask_grantMask_lastGrant$135
    12/24: $ctrl_validMask_grantMask_lastGrant$136
    13/24: $ctrl_validMask_grantMask_lastGrant$137
    14/24: $ctrl_validMask_grantMask_lastGrant$138
    15/24: $ctrl_validMask_grantMask_lastGrant$139
    16/24: $ctrl_validMask_grantMask_lastGrant$140
    17/24: $ctrl_validMask_grantMask_lastGrant$141
    18/24: $ctrl_validMask_grantMask_lastGrant$142
    19/24: $ctrl_validMask_grantMask_lastGrant$143
    20/24: $ctrl_validMask_grantMask_lastGrant$144
    21/24: $ctrl_validMask_grantMask_lastGrant$145
    22/24: $ctrl_validMask_grantMask_lastGrant$146
    23/24: $ctrl_validMask_grantMask_lastGrant$147
    24/24: $ctrl_validMask_grantMask_lastGrant$148
Creating decoders for process `\RRArbiter$operandCollector.Arbiter.bankArbiterVector_4.$124'.
     1/24: $ctrl_validMask_grantMask_lastGrant$125
     2/24: $ctrl_validMask_grantMask_lastGrant$126
     3/24: $ctrl_validMask_grantMask_lastGrant$127
     4/24: $ctrl_validMask_grantMask_lastGrant$128
     5/24: $ctrl_validMask_grantMask_lastGrant$129
     6/24: $ctrl_validMask_grantMask_lastGrant$130
     7/24: $ctrl_validMask_grantMask_lastGrant$131
     8/24: $ctrl_validMask_grantMask_lastGrant$132
     9/24: $ctrl_validMask_grantMask_lastGrant$133
    10/24: $ctrl_validMask_grantMask_lastGrant$134
    11/24: $ctrl_validMask_grantMask_lastGrant$135
    12/24: $ctrl_validMask_grantMask_lastGrant$136
    13/24: $ctrl_validMask_grantMask_lastGrant$137
    14/24: $ctrl_validMask_grantMask_lastGrant$138
    15/24: $ctrl_validMask_grantMask_lastGrant$139
    16/24: $ctrl_validMask_grantMask_lastGrant$140
    17/24: $ctrl_validMask_grantMask_lastGrant$141
    18/24: $ctrl_validMask_grantMask_lastGrant$142
    19/24: $ctrl_validMask_grantMask_lastGrant$143
    20/24: $ctrl_validMask_grantMask_lastGrant$144
    21/24: $ctrl_validMask_grantMask_lastGrant$145
    22/24: $ctrl_validMask_grantMask_lastGrant$146
    23/24: $ctrl_validMask_grantMask_lastGrant$147
    24/24: $ctrl_validMask_grantMask_lastGrant$148
Creating decoders for process `\RRArbiter$operandCollector.Arbiter.bankArbiterVector_3.$124'.
     1/24: $ctrl_validMask_grantMask_lastGrant$125
     2/24: $ctrl_validMask_grantMask_lastGrant$126
     3/24: $ctrl_validMask_grantMask_lastGrant$127
     4/24: $ctrl_validMask_grantMask_lastGrant$128
     5/24: $ctrl_validMask_grantMask_lastGrant$129
     6/24: $ctrl_validMask_grantMask_lastGrant$130
     7/24: $ctrl_validMask_grantMask_lastGrant$131
     8/24: $ctrl_validMask_grantMask_lastGrant$132
     9/24: $ctrl_validMask_grantMask_lastGrant$133
    10/24: $ctrl_validMask_grantMask_lastGrant$134
    11/24: $ctrl_validMask_grantMask_lastGrant$135
    12/24: $ctrl_validMask_grantMask_lastGrant$136
    13/24: $ctrl_validMask_grantMask_lastGrant$137
    14/24: $ctrl_validMask_grantMask_lastGrant$138
    15/24: $ctrl_validMask_grantMask_lastGrant$139
    16/24: $ctrl_validMask_grantMask_lastGrant$140
    17/24: $ctrl_validMask_grantMask_lastGrant$141
    18/24: $ctrl_validMask_grantMask_lastGrant$142
    19/24: $ctrl_validMask_grantMask_lastGrant$143
    20/24: $ctrl_validMask_grantMask_lastGrant$144
    21/24: $ctrl_validMask_grantMask_lastGrant$145
    22/24: $ctrl_validMask_grantMask_lastGrant$146
    23/24: $ctrl_validMask_grantMask_lastGrant$147
    24/24: $ctrl_validMask_grantMask_lastGrant$148
Creating decoders for process `\RRArbiter$operandCollector.Arbiter.bankArbiterVector_2.$124'.
     1/24: $ctrl_validMask_grantMask_lastGrant$125
     2/24: $ctrl_validMask_grantMask_lastGrant$126
     3/24: $ctrl_validMask_grantMask_lastGrant$127
     4/24: $ctrl_validMask_grantMask_lastGrant$128
     5/24: $ctrl_validMask_grantMask_lastGrant$129
     6/24: $ctrl_validMask_grantMask_lastGrant$130
     7/24: $ctrl_validMask_grantMask_lastGrant$131
     8/24: $ctrl_validMask_grantMask_lastGrant$132
     9/24: $ctrl_validMask_grantMask_lastGrant$133
    10/24: $ctrl_validMask_grantMask_lastGrant$134
    11/24: $ctrl_validMask_grantMask_lastGrant$135
    12/24: $ctrl_validMask_grantMask_lastGrant$136
    13/24: $ctrl_validMask_grantMask_lastGrant$137
    14/24: $ctrl_validMask_grantMask_lastGrant$138
    15/24: $ctrl_validMask_grantMask_lastGrant$139
    16/24: $ctrl_validMask_grantMask_lastGrant$140
    17/24: $ctrl_validMask_grantMask_lastGrant$141
    18/24: $ctrl_validMask_grantMask_lastGrant$142
    19/24: $ctrl_validMask_grantMask_lastGrant$143
    20/24: $ctrl_validMask_grantMask_lastGrant$144
    21/24: $ctrl_validMask_grantMask_lastGrant$145
    22/24: $ctrl_validMask_grantMask_lastGrant$146
    23/24: $ctrl_validMask_grantMask_lastGrant$147
    24/24: $ctrl_validMask_grantMask_lastGrant$148
Creating decoders for process `\RRArbiter$operandCollector.Arbiter.bankArbiterVector_1.$124'.
     1/24: $ctrl_validMask_grantMask_lastGrant$125
     2/24: $ctrl_validMask_grantMask_lastGrant$126
     3/24: $ctrl_validMask_grantMask_lastGrant$127
     4/24: $ctrl_validMask_grantMask_lastGrant$128
     5/24: $ctrl_validMask_grantMask_lastGrant$129
     6/24: $ctrl_validMask_grantMask_lastGrant$130
     7/24: $ctrl_validMask_grantMask_lastGrant$131
     8/24: $ctrl_validMask_grantMask_lastGrant$132
     9/24: $ctrl_validMask_grantMask_lastGrant$133
    10/24: $ctrl_validMask_grantMask_lastGrant$134
    11/24: $ctrl_validMask_grantMask_lastGrant$135
    12/24: $ctrl_validMask_grantMask_lastGrant$136
    13/24: $ctrl_validMask_grantMask_lastGrant$137
    14/24: $ctrl_validMask_grantMask_lastGrant$138
    15/24: $ctrl_validMask_grantMask_lastGrant$139
    16/24: $ctrl_validMask_grantMask_lastGrant$140
    17/24: $ctrl_validMask_grantMask_lastGrant$141
    18/24: $ctrl_validMask_grantMask_lastGrant$142
    19/24: $ctrl_validMask_grantMask_lastGrant$143
    20/24: $ctrl_validMask_grantMask_lastGrant$144
    21/24: $ctrl_validMask_grantMask_lastGrant$145
    22/24: $ctrl_validMask_grantMask_lastGrant$146
    23/24: $ctrl_validMask_grantMask_lastGrant$147
    24/24: $ctrl_validMask_grantMask_lastGrant$148
Creating decoders for process `\RRArbiter$operandCollector.Arbiter.bankArbiterVector_0.$124'.
     1/24: $ctrl_validMask_grantMask_lastGrant$125
     2/24: $ctrl_validMask_grantMask_lastGrant$126
     3/24: $ctrl_validMask_grantMask_lastGrant$127
     4/24: $ctrl_validMask_grantMask_lastGrant$128
     5/24: $ctrl_validMask_grantMask_lastGrant$129
     6/24: $ctrl_validMask_grantMask_lastGrant$130
     7/24: $ctrl_validMask_grantMask_lastGrant$131
     8/24: $ctrl_validMask_grantMask_lastGrant$132
     9/24: $ctrl_validMask_grantMask_lastGrant$133
    10/24: $ctrl_validMask_grantMask_lastGrant$134
    11/24: $ctrl_validMask_grantMask_lastGrant$135
    12/24: $ctrl_validMask_grantMask_lastGrant$136
    13/24: $ctrl_validMask_grantMask_lastGrant$137
    14/24: $ctrl_validMask_grantMask_lastGrant$138
    15/24: $ctrl_validMask_grantMask_lastGrant$139
    16/24: $ctrl_validMask_grantMask_lastGrant$140
    17/24: $ctrl_validMask_grantMask_lastGrant$141
    18/24: $ctrl_validMask_grantMask_lastGrant$142
    19/24: $ctrl_validMask_grantMask_lastGrant$143
    20/24: $ctrl_validMask_grantMask_lastGrant$144
    21/24: $ctrl_validMask_grantMask_lastGrant$145
    22/24: $ctrl_validMask_grantMask_lastGrant$146
    23/24: $ctrl_validMask_grantMask_lastGrant$147
    24/24: $ctrl_validMask_grantMask_lastGrant$148
Creating decoders for process `\RRArbiter$operandCollector.Arbiter.bankArbiterScalar_7.$124'.
     1/24: $ctrl_validMask_grantMask_lastGrant$125
     2/24: $ctrl_validMask_grantMask_lastGrant$126
     3/24: $ctrl_validMask_grantMask_lastGrant$127
     4/24: $ctrl_validMask_grantMask_lastGrant$128
     5/24: $ctrl_validMask_grantMask_lastGrant$129
     6/24: $ctrl_validMask_grantMask_lastGrant$130
     7/24: $ctrl_validMask_grantMask_lastGrant$131
     8/24: $ctrl_validMask_grantMask_lastGrant$132
     9/24: $ctrl_validMask_grantMask_lastGrant$133
    10/24: $ctrl_validMask_grantMask_lastGrant$134
    11/24: $ctrl_validMask_grantMask_lastGrant$135
    12/24: $ctrl_validMask_grantMask_lastGrant$136
    13/24: $ctrl_validMask_grantMask_lastGrant$137
    14/24: $ctrl_validMask_grantMask_lastGrant$138
    15/24: $ctrl_validMask_grantMask_lastGrant$139
    16/24: $ctrl_validMask_grantMask_lastGrant$140
    17/24: $ctrl_validMask_grantMask_lastGrant$141
    18/24: $ctrl_validMask_grantMask_lastGrant$142
    19/24: $ctrl_validMask_grantMask_lastGrant$143
    20/24: $ctrl_validMask_grantMask_lastGrant$144
    21/24: $ctrl_validMask_grantMask_lastGrant$145
    22/24: $ctrl_validMask_grantMask_lastGrant$146
    23/24: $ctrl_validMask_grantMask_lastGrant$147
    24/24: $ctrl_validMask_grantMask_lastGrant$148
Creating decoders for process `\RRArbiter$operandCollector.Arbiter.bankArbiterScalar_6.$124'.
     1/24: $ctrl_validMask_grantMask_lastGrant$125
     2/24: $ctrl_validMask_grantMask_lastGrant$126
     3/24: $ctrl_validMask_grantMask_lastGrant$127
     4/24: $ctrl_validMask_grantMask_lastGrant$128
     5/24: $ctrl_validMask_grantMask_lastGrant$129
     6/24: $ctrl_validMask_grantMask_lastGrant$130
     7/24: $ctrl_validMask_grantMask_lastGrant$131
     8/24: $ctrl_validMask_grantMask_lastGrant$132
     9/24: $ctrl_validMask_grantMask_lastGrant$133
    10/24: $ctrl_validMask_grantMask_lastGrant$134
    11/24: $ctrl_validMask_grantMask_lastGrant$135
    12/24: $ctrl_validMask_grantMask_lastGrant$136
    13/24: $ctrl_validMask_grantMask_lastGrant$137
    14/24: $ctrl_validMask_grantMask_lastGrant$138
    15/24: $ctrl_validMask_grantMask_lastGrant$139
    16/24: $ctrl_validMask_grantMask_lastGrant$140
    17/24: $ctrl_validMask_grantMask_lastGrant$141
    18/24: $ctrl_validMask_grantMask_lastGrant$142
    19/24: $ctrl_validMask_grantMask_lastGrant$143
    20/24: $ctrl_validMask_grantMask_lastGrant$144
    21/24: $ctrl_validMask_grantMask_lastGrant$145
    22/24: $ctrl_validMask_grantMask_lastGrant$146
    23/24: $ctrl_validMask_grantMask_lastGrant$147
    24/24: $ctrl_validMask_grantMask_lastGrant$148
Creating decoders for process `\RRArbiter$operandCollector.Arbiter.bankArbiterScalar_5.$124'.
     1/24: $ctrl_validMask_grantMask_lastGrant$125
     2/24: $ctrl_validMask_grantMask_lastGrant$126
     3/24: $ctrl_validMask_grantMask_lastGrant$127
     4/24: $ctrl_validMask_grantMask_lastGrant$128
     5/24: $ctrl_validMask_grantMask_lastGrant$129
     6/24: $ctrl_validMask_grantMask_lastGrant$130
     7/24: $ctrl_validMask_grantMask_lastGrant$131
     8/24: $ctrl_validMask_grantMask_lastGrant$132
     9/24: $ctrl_validMask_grantMask_lastGrant$133
    10/24: $ctrl_validMask_grantMask_lastGrant$134
    11/24: $ctrl_validMask_grantMask_lastGrant$135
    12/24: $ctrl_validMask_grantMask_lastGrant$136
    13/24: $ctrl_validMask_grantMask_lastGrant$137
    14/24: $ctrl_validMask_grantMask_lastGrant$138
    15/24: $ctrl_validMask_grantMask_lastGrant$139
    16/24: $ctrl_validMask_grantMask_lastGrant$140
    17/24: $ctrl_validMask_grantMask_lastGrant$141
    18/24: $ctrl_validMask_grantMask_lastGrant$142
    19/24: $ctrl_validMask_grantMask_lastGrant$143
    20/24: $ctrl_validMask_grantMask_lastGrant$144
    21/24: $ctrl_validMask_grantMask_lastGrant$145
    22/24: $ctrl_validMask_grantMask_lastGrant$146
    23/24: $ctrl_validMask_grantMask_lastGrant$147
    24/24: $ctrl_validMask_grantMask_lastGrant$148
Creating decoders for process `\RRArbiter$operandCollector.Arbiter.bankArbiterScalar_4.$124'.
     1/24: $ctrl_validMask_grantMask_lastGrant$125
     2/24: $ctrl_validMask_grantMask_lastGrant$126
     3/24: $ctrl_validMask_grantMask_lastGrant$127
     4/24: $ctrl_validMask_grantMask_lastGrant$128
     5/24: $ctrl_validMask_grantMask_lastGrant$129
     6/24: $ctrl_validMask_grantMask_lastGrant$130
     7/24: $ctrl_validMask_grantMask_lastGrant$131
     8/24: $ctrl_validMask_grantMask_lastGrant$132
     9/24: $ctrl_validMask_grantMask_lastGrant$133
    10/24: $ctrl_validMask_grantMask_lastGrant$134
    11/24: $ctrl_validMask_grantMask_lastGrant$135
    12/24: $ctrl_validMask_grantMask_lastGrant$136
    13/24: $ctrl_validMask_grantMask_lastGrant$137
    14/24: $ctrl_validMask_grantMask_lastGrant$138
    15/24: $ctrl_validMask_grantMask_lastGrant$139
    16/24: $ctrl_validMask_grantMask_lastGrant$140
    17/24: $ctrl_validMask_grantMask_lastGrant$141
    18/24: $ctrl_validMask_grantMask_lastGrant$142
    19/24: $ctrl_validMask_grantMask_lastGrant$143
    20/24: $ctrl_validMask_grantMask_lastGrant$144
    21/24: $ctrl_validMask_grantMask_lastGrant$145
    22/24: $ctrl_validMask_grantMask_lastGrant$146
    23/24: $ctrl_validMask_grantMask_lastGrant$147
    24/24: $ctrl_validMask_grantMask_lastGrant$148
Creating decoders for process `\RRArbiter$operandCollector.Arbiter.bankArbiterScalar_3.$124'.
     1/24: $ctrl_validMask_grantMask_lastGrant$125
     2/24: $ctrl_validMask_grantMask_lastGrant$126
     3/24: $ctrl_validMask_grantMask_lastGrant$127
     4/24: $ctrl_validMask_grantMask_lastGrant$128
     5/24: $ctrl_validMask_grantMask_lastGrant$129
     6/24: $ctrl_validMask_grantMask_lastGrant$130
     7/24: $ctrl_validMask_grantMask_lastGrant$131
     8/24: $ctrl_validMask_grantMask_lastGrant$132
     9/24: $ctrl_validMask_grantMask_lastGrant$133
    10/24: $ctrl_validMask_grantMask_lastGrant$134
    11/24: $ctrl_validMask_grantMask_lastGrant$135
    12/24: $ctrl_validMask_grantMask_lastGrant$136
    13/24: $ctrl_validMask_grantMask_lastGrant$137
    14/24: $ctrl_validMask_grantMask_lastGrant$138
    15/24: $ctrl_validMask_grantMask_lastGrant$139
    16/24: $ctrl_validMask_grantMask_lastGrant$140
    17/24: $ctrl_validMask_grantMask_lastGrant$141
    18/24: $ctrl_validMask_grantMask_lastGrant$142
    19/24: $ctrl_validMask_grantMask_lastGrant$143
    20/24: $ctrl_validMask_grantMask_lastGrant$144
    21/24: $ctrl_validMask_grantMask_lastGrant$145
    22/24: $ctrl_validMask_grantMask_lastGrant$146
    23/24: $ctrl_validMask_grantMask_lastGrant$147
    24/24: $ctrl_validMask_grantMask_lastGrant$148
Creating decoders for process `\RRArbiter$operandCollector.Arbiter.bankArbiterScalar_2.$124'.
     1/24: $ctrl_validMask_grantMask_lastGrant$125
     2/24: $ctrl_validMask_grantMask_lastGrant$126
     3/24: $ctrl_validMask_grantMask_lastGrant$127
     4/24: $ctrl_validMask_grantMask_lastGrant$128
     5/24: $ctrl_validMask_grantMask_lastGrant$129
     6/24: $ctrl_validMask_grantMask_lastGrant$130
     7/24: $ctrl_validMask_grantMask_lastGrant$131
     8/24: $ctrl_validMask_grantMask_lastGrant$132
     9/24: $ctrl_validMask_grantMask_lastGrant$133
    10/24: $ctrl_validMask_grantMask_lastGrant$134
    11/24: $ctrl_validMask_grantMask_lastGrant$135
    12/24: $ctrl_validMask_grantMask_lastGrant$136
    13/24: $ctrl_validMask_grantMask_lastGrant$137
    14/24: $ctrl_validMask_grantMask_lastGrant$138
    15/24: $ctrl_validMask_grantMask_lastGrant$139
    16/24: $ctrl_validMask_grantMask_lastGrant$140
    17/24: $ctrl_validMask_grantMask_lastGrant$141
    18/24: $ctrl_validMask_grantMask_lastGrant$142
    19/24: $ctrl_validMask_grantMask_lastGrant$143
    20/24: $ctrl_validMask_grantMask_lastGrant$144
    21/24: $ctrl_validMask_grantMask_lastGrant$145
    22/24: $ctrl_validMask_grantMask_lastGrant$146
    23/24: $ctrl_validMask_grantMask_lastGrant$147
    24/24: $ctrl_validMask_grantMask_lastGrant$148
Creating decoders for process `\RRArbiter$operandCollector.Arbiter.bankArbiterScalar_1.$124'.
     1/24: $ctrl_validMask_grantMask_lastGrant$125
     2/24: $ctrl_validMask_grantMask_lastGrant$126
     3/24: $ctrl_validMask_grantMask_lastGrant$127
     4/24: $ctrl_validMask_grantMask_lastGrant$128
     5/24: $ctrl_validMask_grantMask_lastGrant$129
     6/24: $ctrl_validMask_grantMask_lastGrant$130
     7/24: $ctrl_validMask_grantMask_lastGrant$131
     8/24: $ctrl_validMask_grantMask_lastGrant$132
     9/24: $ctrl_validMask_grantMask_lastGrant$133
    10/24: $ctrl_validMask_grantMask_lastGrant$134
    11/24: $ctrl_validMask_grantMask_lastGrant$135
    12/24: $ctrl_validMask_grantMask_lastGrant$136
    13/24: $ctrl_validMask_grantMask_lastGrant$137
    14/24: $ctrl_validMask_grantMask_lastGrant$138
    15/24: $ctrl_validMask_grantMask_lastGrant$139
    16/24: $ctrl_validMask_grantMask_lastGrant$140
    17/24: $ctrl_validMask_grantMask_lastGrant$141
    18/24: $ctrl_validMask_grantMask_lastGrant$142
    19/24: $ctrl_validMask_grantMask_lastGrant$143
    20/24: $ctrl_validMask_grantMask_lastGrant$144
    21/24: $ctrl_validMask_grantMask_lastGrant$145
    22/24: $ctrl_validMask_grantMask_lastGrant$146
    23/24: $ctrl_validMask_grantMask_lastGrant$147
    24/24: $ctrl_validMask_grantMask_lastGrant$148
Creating decoders for process `\RRArbiter$operandCollector.Arbiter.bankArbiterScalar_0.$124'.
     1/24: $ctrl_validMask_grantMask_lastGrant$125
     2/24: $ctrl_validMask_grantMask_lastGrant$126
     3/24: $ctrl_validMask_grantMask_lastGrant$127
     4/24: $ctrl_validMask_grantMask_lastGrant$128
     5/24: $ctrl_validMask_grantMask_lastGrant$129
     6/24: $ctrl_validMask_grantMask_lastGrant$130
     7/24: $ctrl_validMask_grantMask_lastGrant$131
     8/24: $ctrl_validMask_grantMask_lastGrant$132
     9/24: $ctrl_validMask_grantMask_lastGrant$133
    10/24: $ctrl_validMask_grantMask_lastGrant$134
    11/24: $ctrl_validMask_grantMask_lastGrant$135
    12/24: $ctrl_validMask_grantMask_lastGrant$136
    13/24: $ctrl_validMask_grantMask_lastGrant$137
    14/24: $ctrl_validMask_grantMask_lastGrant$138
    15/24: $ctrl_validMask_grantMask_lastGrant$139
    16/24: $ctrl_validMask_grantMask_lastGrant$140
    17/24: $ctrl_validMask_grantMask_lastGrant$141
    18/24: $ctrl_validMask_grantMask_lastGrant$142
    19/24: $ctrl_validMask_grantMask_lastGrant$143
    20/24: $ctrl_validMask_grantMask_lastGrant$144
    21/24: $ctrl_validMask_grantMask_lastGrant$145
    22/24: $ctrl_validMask_grantMask_lastGrant$146
    23/24: $ctrl_validMask_grantMask_lastGrant$147
    24/24: $ctrl_validMask_grantMask_lastGrant$148
Creating decoders for process `\collectorUnit$operandCollector.collectorUnit_7.$442'.
     1/935: $customCtrlReg$2240
     2/935: $rsReg_2_31$2239
     3/935: $rsReg_2_30$2238
     4/935: $rsReg_2_29$2237
     5/935: $rsReg_2_28$2236
     6/935: $rsReg_2_27$2235
     7/935: $rsReg_2_26$2234
     8/935: $rsReg_2_25$2233
     9/935: $rsReg_2_24$2232
    10/935: $rsReg_2_23$2231
    11/935: $rsReg_2_22$2230
    12/935: $rsReg_2_21$2229
    13/935: $rsReg_2_20$2228
    14/935: $rsReg_2_19$2227
    15/935: $rsReg_2_18$2226
    16/935: $rsReg_2_17$2225
    17/935: $rsReg_2_16$2224
    18/935: $rsReg_2_15$2223
    19/935: $rsReg_2_14$2222
    20/935: $rsReg_2_13$2221
    21/935: $rsReg_2_12$2220
    22/935: $rsReg_2_11$2219
    23/935: $rsReg_2_10$2218
    24/935: $rsReg_2_9$2217
    25/935: $rsReg_2_8$2216
    26/935: $rsReg_2_7$2215
    27/935: $rsReg_2_6$2214
    28/935: $rsReg_2_5$2213
    29/935: $rsReg_2_4$2212
    30/935: $rsReg_2_3$2211
    31/935: $rsReg_2_2$2210
    32/935: $rsReg_2_1$2209
    33/935: $rsReg_2_0$2208
    34/935: $rsReg_2_31$2081
    35/935: $rsReg_2_30$2080
    36/935: $rsReg_2_29$2079
    37/935: $rsReg_2_28$2078
    38/935: $rsReg_2_27$2077
    39/935: $rsReg_2_26$2076
    40/935: $rsReg_2_25$2075
    41/935: $rsReg_2_24$2074
    42/935: $rsReg_2_23$2073
    43/935: $rsReg_2_22$2072
    44/935: $rsReg_2_21$2071
    45/935: $rsReg_2_20$2070
    46/935: $rsReg_2_19$2069
    47/935: $rsReg_2_18$2068
    48/935: $rsReg_2_17$2067
    49/935: $rsReg_2_16$2066
    50/935: $rsReg_2_15$2065
    51/935: $rsReg_2_14$2064
    52/935: $rsReg_2_13$2063
    53/935: $rsReg_2_12$2062
    54/935: $rsReg_2_11$2061
    55/935: $rsReg_2_10$2060
    56/935: $rsReg_2_9$2059
    57/935: $rsReg_2_8$2058
    58/935: $rsReg_2_7$2057
    59/935: $rsReg_2_6$2056
    60/935: $rsReg_2_5$2055
    61/935: $rsReg_2_4$2054
    62/935: $rsReg_2_3$2053
    63/935: $rsReg_2_2$2052
    64/935: $rsReg_2_1$2051
    65/935: $rsReg_2_0$2050
    66/935: $rsReg_2_31$1923
    67/935: $rsReg_2_30$1922
    68/935: $rsReg_2_29$1921
    69/935: $rsReg_2_28$1920
    70/935: $rsReg_2_27$1919
    71/935: $rsReg_2_26$1918
    72/935: $rsReg_2_25$1917
    73/935: $rsReg_2_24$1916
    74/935: $rsReg_2_23$1915
    75/935: $rsReg_2_22$1914
    76/935: $rsReg_2_21$1913
    77/935: $rsReg_2_20$1912
    78/935: $rsReg_2_19$1911
    79/935: $rsReg_2_18$1910
    80/935: $rsReg_2_17$1909
    81/935: $rsReg_2_16$1908
    82/935: $rsReg_2_15$1907
    83/935: $rsReg_2_14$1906
    84/935: $rsReg_2_13$1905
    85/935: $rsReg_2_12$1904
    86/935: $rsReg_2_11$1903
    87/935: $rsReg_2_10$1902
    88/935: $rsReg_2_9$1901
    89/935: $rsReg_2_8$1900
    90/935: $rsReg_2_7$1899
    91/935: $rsReg_2_6$1898
    92/935: $rsReg_2_5$1897
    93/935: $rsReg_2_4$1896
    94/935: $rsReg_2_3$1895
    95/935: $rsReg_2_2$1894
    96/935: $rsReg_2_1$1893
    97/935: $rsReg_2_0$1892
    98/935: $rsReg_2_31$1765
    99/935: $rsReg_2_30$1764
   100/935: $rsReg_2_29$1763
   101/935: $rsReg_2_28$1762
   102/935: $rsReg_2_27$1761
   103/935: $rsReg_2_26$1760
   104/935: $rsReg_2_25$1759
   105/935: $rsReg_2_24$1758
   106/935: $rsReg_2_23$1757
   107/935: $rsReg_2_22$1756
   108/935: $rsReg_2_21$1755
   109/935: $rsReg_2_20$1754
   110/935: $rsReg_2_19$1753
   111/935: $rsReg_2_18$1752
   112/935: $rsReg_2_17$1751
   113/935: $rsReg_2_16$1750
   114/935: $rsReg_2_15$1749
   115/935: $rsReg_2_14$1748
   116/935: $rsReg_2_13$1747
   117/935: $rsReg_2_12$1746
   118/935: $rsReg_2_11$1745
   119/935: $rsReg_2_10$1744
   120/935: $rsReg_2_9$1743
   121/935: $rsReg_2_8$1742
   122/935: $rsReg_2_7$1741
   123/935: $rsReg_2_6$1740
   124/935: $rsReg_2_5$1739
   125/935: $rsReg_2_4$1738
   126/935: $rsReg_2_3$1737
   127/935: $rsReg_2_2$1736
   128/935: $rsReg_2_1$1735
   129/935: $rsReg_2_0$1734
   130/935: $rsReg_2_31$1607
   131/935: $rsReg_2_30$1606
   132/935: $rsReg_2_29$1605
   133/935: $rsReg_2_28$1604
   134/935: $rsReg_2_27$1603
   135/935: $rsReg_2_26$1602
   136/935: $rsReg_2_25$1601
   137/935: $rsReg_2_24$1600
   138/935: $rsReg_2_23$1599
   139/935: $rsReg_2_22$1598
   140/935: $rsReg_2_21$1597
   141/935: $rsReg_2_20$1596
   142/935: $rsReg_2_19$1595
   143/935: $rsReg_2_18$1594
   144/935: $rsReg_2_17$1593
   145/935: $rsReg_2_16$1592
   146/935: $rsReg_2_15$1591
   147/935: $rsReg_2_14$1590
   148/935: $rsReg_2_13$1589
   149/935: $rsReg_2_12$1588
   150/935: $rsReg_2_11$1587
   151/935: $rsReg_2_10$1586
   152/935: $rsReg_2_9$1585
   153/935: $rsReg_2_8$1584
   154/935: $rsReg_2_7$1583
   155/935: $rsReg_2_6$1582
   156/935: $rsReg_2_5$1581
   157/935: $rsReg_2_4$1580
   158/935: $rsReg_2_3$1579
   159/935: $rsReg_2_2$1578
   160/935: $rsReg_2_1$1577
   161/935: $rsReg_2_0$1576
   162/935: $rsReg_1_31$1554
   163/935: $rsReg_1_30$1553
   164/935: $rsReg_1_29$1552
   165/935: $rsReg_1_28$1551
   166/935: $rsReg_1_27$1550
   167/935: $rsReg_1_26$1549
   168/935: $rsReg_1_25$1548
   169/935: $rsReg_1_24$1547
   170/935: $rsReg_1_23$1546
   171/935: $rsReg_1_22$1545
   172/935: $rsReg_1_21$1544
   173/935: $rsReg_1_20$1543
   174/935: $rsReg_1_19$1542
   175/935: $rsReg_1_18$1541
   176/935: $rsReg_1_17$1540
   177/935: $rsReg_1_16$1539
   178/935: $rsReg_1_15$1538
   179/935: $rsReg_1_14$1537
   180/935: $rsReg_1_13$1536
   181/935: $rsReg_1_12$1535
   182/935: $rsReg_1_11$1534
   183/935: $rsReg_1_10$1533
   184/935: $rsReg_1_9$1532
   185/935: $rsReg_1_8$1531
   186/935: $rsReg_1_7$1530
   187/935: $rsReg_1_6$1529
   188/935: $rsReg_1_5$1528
   189/935: $rsReg_1_4$1527
   190/935: $rsReg_1_3$1526
   191/935: $rsReg_1_2$1525
   192/935: $rsReg_1_1$1524
   193/935: $rsReg_1_0$1523
   194/935: $rsReg_1_31$1489
   195/935: $rsReg_1_30$1488
   196/935: $rsReg_1_29$1487
   197/935: $rsReg_1_28$1486
   198/935: $rsReg_1_27$1485
   199/935: $rsReg_1_26$1484
   200/935: $rsReg_1_25$1483
   201/935: $rsReg_1_24$1482
   202/935: $rsReg_1_23$1481
   203/935: $rsReg_1_22$1480
   204/935: $rsReg_1_21$1479
   205/935: $rsReg_1_20$1478
   206/935: $rsReg_1_19$1477
   207/935: $rsReg_1_18$1476
   208/935: $rsReg_1_17$1475
   209/935: $rsReg_1_16$1474
   210/935: $rsReg_1_15$1473
   211/935: $rsReg_1_14$1472
   212/935: $rsReg_1_13$1471
   213/935: $rsReg_1_12$1470
   214/935: $rsReg_1_11$1469
   215/935: $rsReg_1_10$1468
   216/935: $rsReg_1_9$1467
   217/935: $rsReg_1_8$1466
   218/935: $rsReg_1_7$1465
   219/935: $rsReg_1_6$1464
   220/935: $rsReg_1_5$1463
   221/935: $rsReg_1_4$1462
   222/935: $rsReg_1_3$1461
   223/935: $rsReg_1_2$1460
   224/935: $rsReg_1_1$1459
   225/935: $rsReg_1_0$1458
   226/935: $rsReg_1_31$1424
   227/935: $rsReg_1_30$1423
   228/935: $rsReg_1_29$1422
   229/935: $rsReg_1_28$1421
   230/935: $rsReg_1_27$1420
   231/935: $rsReg_1_26$1419
   232/935: $rsReg_1_25$1418
   233/935: $rsReg_1_24$1417
   234/935: $rsReg_1_23$1416
   235/935: $rsReg_1_22$1415
   236/935: $rsReg_1_21$1414
   237/935: $rsReg_1_20$1413
   238/935: $rsReg_1_19$1412
   239/935: $rsReg_1_18$1411
   240/935: $rsReg_1_17$1410
   241/935: $rsReg_1_16$1409
   242/935: $rsReg_1_15$1408
   243/935: $rsReg_1_14$1407
   244/935: $rsReg_1_13$1406
   245/935: $rsReg_1_12$1405
   246/935: $rsReg_1_11$1404
   247/935: $rsReg_1_10$1403
   248/935: $rsReg_1_9$1402
   249/935: $rsReg_1_8$1401
   250/935: $rsReg_1_7$1400
   251/935: $rsReg_1_6$1399
   252/935: $rsReg_1_5$1398
   253/935: $rsReg_1_4$1397
   254/935: $rsReg_1_3$1396
   255/935: $rsReg_1_2$1395
   256/935: $rsReg_1_1$1394
   257/935: $rsReg_1_0$1393
   258/935: $rsReg_1_31$1359
   259/935: $rsReg_1_30$1358
   260/935: $rsReg_1_29$1357
   261/935: $rsReg_1_28$1356
   262/935: $rsReg_1_27$1355
   263/935: $rsReg_1_26$1354
   264/935: $rsReg_1_25$1353
   265/935: $rsReg_1_24$1352
   266/935: $rsReg_1_23$1351
   267/935: $rsReg_1_22$1350
   268/935: $rsReg_1_21$1349
   269/935: $rsReg_1_20$1348
   270/935: $rsReg_1_19$1347
   271/935: $rsReg_1_18$1346
   272/935: $rsReg_1_17$1345
   273/935: $rsReg_1_16$1344
   274/935: $rsReg_1_15$1343
   275/935: $rsReg_1_14$1342
   276/935: $rsReg_1_13$1341
   277/935: $rsReg_1_12$1340
   278/935: $rsReg_1_11$1339
   279/935: $rsReg_1_10$1338
   280/935: $rsReg_1_9$1337
   281/935: $rsReg_1_8$1336
   282/935: $rsReg_1_7$1335
   283/935: $rsReg_1_6$1334
   284/935: $rsReg_1_5$1333
   285/935: $rsReg_1_4$1332
   286/935: $rsReg_1_3$1331
   287/935: $rsReg_1_2$1330
   288/935: $rsReg_1_1$1329
   289/935: $rsReg_1_0$1328
   290/935: $rsReg_1_31$1230
   291/935: $rsReg_1_30$1229
   292/935: $rsReg_1_29$1228
   293/935: $rsReg_1_28$1227
   294/935: $rsReg_1_27$1226
   295/935: $rsReg_1_26$1225
   296/935: $rsReg_1_25$1224
   297/935: $rsReg_1_24$1223
   298/935: $rsReg_1_23$1222
   299/935: $rsReg_1_22$1221
   300/935: $rsReg_1_21$1220
   301/935: $rsReg_1_20$1219
   302/935: $rsReg_1_19$1218
   303/935: $rsReg_1_18$1217
   304/935: $rsReg_1_17$1216
   305/935: $rsReg_1_16$1215
   306/935: $rsReg_1_15$1214
   307/935: $rsReg_1_14$1213
   308/935: $rsReg_1_13$1212
   309/935: $rsReg_1_12$1211
   310/935: $rsReg_1_11$1210
   311/935: $rsReg_1_10$1209
   312/935: $rsReg_1_9$1208
   313/935: $rsReg_1_8$1207
   314/935: $rsReg_1_7$1206
   315/935: $rsReg_1_6$1205
   316/935: $rsReg_1_5$1204
   317/935: $rsReg_1_4$1203
   318/935: $rsReg_1_3$1202
   319/935: $rsReg_1_2$1201
   320/935: $rsReg_1_1$1200
   321/935: $rsReg_1_0$1199
   322/935: $rsReg_1_31$1262
   323/935: $rsReg_1_30$1261
   324/935: $rsReg_1_29$1260
   325/935: $rsReg_1_28$1259
   326/935: $rsReg_1_27$1258
   327/935: $rsReg_1_26$1257
   328/935: $rsReg_1_25$1256
   329/935: $rsReg_1_24$1255
   330/935: $rsReg_1_23$1254
   331/935: $rsReg_1_22$1253
   332/935: $rsReg_1_21$1252
   333/935: $rsReg_1_20$1251
   334/935: $rsReg_1_19$1250
   335/935: $rsReg_1_18$1249
   336/935: $rsReg_1_17$1248
   337/935: $rsReg_1_16$1247
   338/935: $rsReg_1_15$1246
   339/935: $rsReg_1_14$1245
   340/935: $rsReg_1_13$1244
   341/935: $rsReg_1_12$1243
   342/935: $rsReg_1_11$1242
   343/935: $rsReg_1_10$1241
   344/935: $rsReg_1_9$1240
   345/935: $rsReg_1_8$1239
   346/935: $rsReg_1_7$1238
   347/935: $rsReg_1_6$1237
   348/935: $rsReg_1_5$1236
   349/935: $rsReg_1_4$1235
   350/935: $rsReg_1_3$1234
   351/935: $rsReg_1_2$1233
   352/935: $rsReg_1_1$1232
   353/935: $rsReg_1_0$1231
   354/935: $rsReg_1_31$1294
   355/935: $rsReg_1_30$1293
   356/935: $rsReg_1_29$1292
   357/935: $rsReg_1_28$1291
   358/935: $rsReg_1_27$1290
   359/935: $rsReg_1_26$1289
   360/935: $rsReg_1_25$1288
   361/935: $rsReg_1_24$1287
   362/935: $rsReg_1_23$1286
   363/935: $rsReg_1_22$1285
   364/935: $rsReg_1_21$1284
   365/935: $rsReg_1_20$1283
   366/935: $rsReg_1_19$1282
   367/935: $rsReg_1_18$1281
   368/935: $rsReg_1_17$1280
   369/935: $rsReg_1_16$1279
   370/935: $rsReg_1_15$1278
   371/935: $rsReg_1_14$1277
   372/935: $rsReg_1_13$1276
   373/935: $rsReg_1_12$1275
   374/935: $rsReg_1_11$1274
   375/935: $rsReg_1_10$1273
   376/935: $rsReg_1_9$1272
   377/935: $rsReg_1_8$1271
   378/935: $rsReg_1_7$1270
   379/935: $rsReg_1_6$1269
   380/935: $rsReg_1_5$1268
   381/935: $rsReg_1_4$1267
   382/935: $rsReg_1_3$1266
   383/935: $rsReg_1_2$1265
   384/935: $rsReg_1_1$1264
   385/935: $rsReg_1_0$1263
   386/935: $rsReg_0_31$989
   387/935: $rsReg_0_30$988
   388/935: $rsReg_0_29$987
   389/935: $rsReg_0_28$986
   390/935: $rsReg_0_27$985
   391/935: $rsReg_0_26$984
   392/935: $rsReg_0_25$983
   393/935: $rsReg_0_24$982
   394/935: $rsReg_0_23$981
   395/935: $rsReg_0_22$980
   396/935: $rsReg_0_21$979
   397/935: $rsReg_0_20$978
   398/935: $rsReg_0_19$977
   399/935: $rsReg_0_18$976
   400/935: $rsReg_0_17$975
   401/935: $rsReg_0_16$974
   402/935: $rsReg_0_15$973
   403/935: $rsReg_0_14$972
   404/935: $rsReg_0_13$971
   405/935: $rsReg_0_12$970
   406/935: $rsReg_0_11$969
   407/935: $rsReg_0_10$968
   408/935: $rsReg_0_9$967
   409/935: $rsReg_0_8$966
   410/935: $rsReg_0_7$965
   411/935: $rsReg_0_6$964
   412/935: $rsReg_0_5$963
   413/935: $rsReg_0_4$962
   414/935: $rsReg_0_3$961
   415/935: $rsReg_0_2$960
   416/935: $rsReg_0_1$959
   417/935: $rsReg_0_0$958
   418/935: $rsReg_0_31$1021
   419/935: $rsReg_0_30$1020
   420/935: $rsReg_0_29$1019
   421/935: $rsReg_0_28$1018
   422/935: $rsReg_0_27$1017
   423/935: $rsReg_0_26$1016
   424/935: $rsReg_0_25$1015
   425/935: $rsReg_0_24$1014
   426/935: $rsReg_0_23$1013
   427/935: $rsReg_0_22$1012
   428/935: $rsReg_0_21$1011
   429/935: $rsReg_0_20$1010
   430/935: $rsReg_0_19$1009
   431/935: $rsReg_0_18$1008
   432/935: $rsReg_0_17$1007
   433/935: $rsReg_0_16$1006
   434/935: $rsReg_0_15$1005
   435/935: $rsReg_0_14$1004
   436/935: $rsReg_0_13$1003
   437/935: $rsReg_0_12$1002
   438/935: $rsReg_0_11$1001
   439/935: $rsReg_0_10$1000
   440/935: $rsReg_0_9$999
   441/935: $rsReg_0_8$998
   442/935: $rsReg_0_7$997
   443/935: $rsReg_0_6$996
   444/935: $rsReg_0_5$995
   445/935: $rsReg_0_4$994
   446/935: $rsReg_0_3$993
   447/935: $rsReg_0_2$992
   448/935: $rsReg_0_1$991
   449/935: $rsReg_0_0$990
   450/935: $rsReg_0_31$1053
   451/935: $rsReg_0_30$1052
   452/935: $rsReg_0_29$1051
   453/935: $rsReg_0_28$1050
   454/935: $rsReg_0_27$1049
   455/935: $rsReg_0_26$1048
   456/935: $rsReg_0_25$1047
   457/935: $rsReg_0_24$1046
   458/935: $rsReg_0_23$1045
   459/935: $rsReg_0_22$1044
   460/935: $rsReg_0_21$1043
   461/935: $rsReg_0_20$1042
   462/935: $rsReg_0_19$1041
   463/935: $rsReg_0_18$1040
   464/935: $rsReg_0_17$1039
   465/935: $rsReg_0_16$1038
   466/935: $rsReg_0_15$1037
   467/935: $rsReg_0_14$1036
   468/935: $rsReg_0_13$1035
   469/935: $rsReg_0_12$1034
   470/935: $rsReg_0_11$1033
   471/935: $rsReg_0_10$1032
   472/935: $rsReg_0_9$1031
   473/935: $rsReg_0_8$1030
   474/935: $rsReg_0_7$1029
   475/935: $rsReg_0_6$1028
   476/935: $rsReg_0_5$1027
   477/935: $rsReg_0_4$1026
   478/935: $rsReg_0_3$1025
   479/935: $rsReg_0_2$1024
   480/935: $rsReg_0_1$1023
   481/935: $rsReg_0_0$1022
   482/935: $rsReg_0_31$1085
   483/935: $rsReg_0_30$1084
   484/935: $rsReg_0_29$1083
   485/935: $rsReg_0_28$1082
   486/935: $rsReg_0_27$1081
   487/935: $rsReg_0_26$1080
   488/935: $rsReg_0_25$1079
   489/935: $rsReg_0_24$1078
   490/935: $rsReg_0_23$1077
   491/935: $rsReg_0_22$1076
   492/935: $rsReg_0_21$1075
   493/935: $rsReg_0_20$1074
   494/935: $rsReg_0_19$1073
   495/935: $rsReg_0_18$1072
   496/935: $rsReg_0_17$1071
   497/935: $rsReg_0_16$1070
   498/935: $rsReg_0_15$1069
   499/935: $rsReg_0_14$1068
   500/935: $rsReg_0_13$1067
   501/935: $rsReg_0_12$1066
   502/935: $rsReg_0_11$1065
   503/935: $rsReg_0_10$1064
   504/935: $rsReg_0_9$1063
   505/935: $rsReg_0_8$1062
   506/935: $rsReg_0_7$1061
   507/935: $rsReg_0_6$1060
   508/935: $rsReg_0_5$1059
   509/935: $rsReg_0_4$1058
   510/935: $rsReg_0_3$1057
   511/935: $rsReg_0_2$1056
   512/935: $rsReg_0_1$1055
   513/935: $rsReg_0_0$1054
   514/935: $rsReg_0_31$1117
   515/935: $rsReg_0_30$1116
   516/935: $rsReg_0_29$1115
   517/935: $rsReg_0_28$1114
   518/935: $rsReg_0_27$1113
   519/935: $rsReg_0_26$1112
   520/935: $rsReg_0_25$1111
   521/935: $rsReg_0_24$1110
   522/935: $rsReg_0_23$1109
   523/935: $rsReg_0_22$1108
   524/935: $rsReg_0_21$1107
   525/935: $rsReg_0_20$1106
   526/935: $rsReg_0_19$1105
   527/935: $rsReg_0_18$1104
   528/935: $rsReg_0_17$1103
   529/935: $rsReg_0_16$1102
   530/935: $rsReg_0_15$1101
   531/935: $rsReg_0_14$1100
   532/935: $rsReg_0_13$1099
   533/935: $rsReg_0_12$1098
   534/935: $rsReg_0_11$1097
   535/935: $rsReg_0_10$1096
   536/935: $rsReg_0_9$1095
   537/935: $rsReg_0_8$1094
   538/935: $rsReg_0_7$1093
   539/935: $rsReg_0_6$1092
   540/935: $rsReg_0_5$1091
   541/935: $rsReg_0_4$1090
   542/935: $rsReg_0_3$1089
   543/935: $rsReg_0_2$1088
   544/935: $rsReg_0_1$1087
   545/935: $rsReg_0_0$1086
   546/935: $rsReg_0_31$1149
   547/935: $rsReg_0_30$1148
   548/935: $rsReg_0_29$1147
   549/935: $rsReg_0_28$1146
   550/935: $rsReg_0_27$1145
   551/935: $rsReg_0_26$1144
   552/935: $rsReg_0_25$1143
   553/935: $rsReg_0_24$1142
   554/935: $rsReg_0_23$1141
   555/935: $rsReg_0_22$1140
   556/935: $rsReg_0_21$1139
   557/935: $rsReg_0_20$1138
   558/935: $rsReg_0_19$1137
   559/935: $rsReg_0_18$1136
   560/935: $rsReg_0_17$1135
   561/935: $rsReg_0_16$1134
   562/935: $rsReg_0_15$1133
   563/935: $rsReg_0_14$1132
   564/935: $rsReg_0_13$1131
   565/935: $rsReg_0_12$1130
   566/935: $rsReg_0_11$1129
   567/935: $rsReg_0_10$1128
   568/935: $rsReg_0_9$1127
   569/935: $rsReg_0_8$1126
   570/935: $rsReg_0_7$1125
   571/935: $rsReg_0_6$1124
   572/935: $rsReg_0_5$1123
   573/935: $rsReg_0_4$1122
   574/935: $rsReg_0_3$1121
   575/935: $rsReg_0_2$1120
   576/935: $rsReg_0_1$1119
   577/935: $rsReg_0_0$1118
   578/935: $rsReg_0_31$1181
   579/935: $rsReg_0_30$1180
   580/935: $rsReg_0_29$1179
   581/935: $rsReg_0_28$1178
   582/935: $rsReg_0_27$1177
   583/935: $rsReg_0_26$1176
   584/935: $rsReg_0_25$1175
   585/935: $rsReg_0_24$1174
   586/935: $rsReg_0_23$1173
   587/935: $rsReg_0_22$1172
   588/935: $rsReg_0_21$1171
   589/935: $rsReg_0_20$1170
   590/935: $rsReg_0_19$1169
   591/935: $rsReg_0_18$1168
   592/935: $rsReg_0_17$1167
   593/935: $rsReg_0_16$1166
   594/935: $rsReg_0_15$1165
   595/935: $rsReg_0_14$1164
   596/935: $rsReg_0_13$1163
   597/935: $rsReg_0_12$1162
   598/935: $rsReg_0_11$1161
   599/935: $rsReg_0_10$1160
   600/935: $rsReg_0_9$1159
   601/935: $rsReg_0_8$1158
   602/935: $rsReg_0_7$1157
   603/935: $rsReg_0_6$1156
   604/935: $rsReg_0_5$1155
   605/935: $rsReg_0_4$1154
   606/935: $rsReg_0_3$1153
   607/935: $rsReg_0_2$1152
   608/935: $rsReg_0_1$1151
   609/935: $rsReg_0_0$1150
   610/935: $state$819
   611/935: $state$818
   612/935: $state$824
   613/935: $valid_3$823
   614/935: $valid_2$822
   615/935: $valid_1$821
   616/935: $valid_0$820
   617/935: $state$810
   618/935: $state$811
   619/935: $ready_0$735
   620/935: $state$2346
   621/935: $customCtrlReg$2345
   622/935: $rsReg_2_31$2344
   623/935: $rsReg_2_30$2343
   624/935: $rsReg_2_29$2342
   625/935: $rsReg_2_28$2341
   626/935: $rsReg_2_27$2340
   627/935: $rsReg_2_26$2339
   628/935: $rsReg_2_25$2338
   629/935: $rsReg_2_24$2337
   630/935: $rsReg_2_23$2336
   631/935: $rsReg_2_22$2335
   632/935: $rsReg_2_21$2334
   633/935: $rsReg_2_20$2333
   634/935: $rsReg_2_19$2332
   635/935: $rsReg_2_18$2331
   636/935: $rsReg_2_17$2330
   637/935: $rsReg_2_16$2329
   638/935: $rsReg_2_15$2328
   639/935: $rsReg_2_14$2327
   640/935: $rsReg_2_13$2326
   641/935: $rsReg_2_12$2325
   642/935: $rsReg_2_11$2324
   643/935: $rsReg_2_10$2323
   644/935: $rsReg_2_9$2322
   645/935: $rsReg_2_8$2321
   646/935: $rsReg_2_7$2320
   647/935: $rsReg_2_6$2319
   648/935: $rsReg_2_5$2318
   649/935: $rsReg_2_4$2317
   650/935: $rsReg_2_3$2316
   651/935: $rsReg_2_2$2315
   652/935: $rsReg_2_1$2314
   653/935: $rsReg_2_0$2313
   654/935: $rsReg_1_31$2312
   655/935: $rsReg_1_30$2311
   656/935: $rsReg_1_29$2310
   657/935: $rsReg_1_28$2309
   658/935: $rsReg_1_27$2308
   659/935: $rsReg_1_26$2307
   660/935: $rsReg_1_25$2306
   661/935: $rsReg_1_24$2305
   662/935: $rsReg_1_23$2304
   663/935: $rsReg_1_22$2303
   664/935: $rsReg_1_21$2302
   665/935: $rsReg_1_20$2301
   666/935: $rsReg_1_19$2300
   667/935: $rsReg_1_18$2299
   668/935: $rsReg_1_17$2298
   669/935: $rsReg_1_16$2297
   670/935: $rsReg_1_15$2296
   671/935: $rsReg_1_14$2295
   672/935: $rsReg_1_13$2294
   673/935: $rsReg_1_12$2293
   674/935: $rsReg_1_11$2292
   675/935: $rsReg_1_10$2291
   676/935: $rsReg_1_9$2290
   677/935: $rsReg_1_8$2289
   678/935: $rsReg_1_7$2288
   679/935: $rsReg_1_6$2287
   680/935: $rsReg_1_5$2286
   681/935: $rsReg_1_4$2285
   682/935: $rsReg_1_3$2284
   683/935: $rsReg_1_2$2283
   684/935: $rsReg_1_1$2282
   685/935: $rsReg_1_0$2281
   686/935: $rsReg_0_31$2280
   687/935: $rsReg_0_30$2279
   688/935: $rsReg_0_29$2278
   689/935: $rsReg_0_28$2277
   690/935: $rsReg_0_27$2276
   691/935: $rsReg_0_26$2275
   692/935: $rsReg_0_25$2274
   693/935: $rsReg_0_24$2273
   694/935: $rsReg_0_23$2272
   695/935: $rsReg_0_22$2271
   696/935: $rsReg_0_21$2270
   697/935: $rsReg_0_20$2269
   698/935: $rsReg_0_19$2268
   699/935: $rsReg_0_18$2267
   700/935: $rsReg_0_17$2266
   701/935: $rsReg_0_16$2265
   702/935: $rsReg_0_15$2264
   703/935: $rsReg_0_14$2263
   704/935: $rsReg_0_13$2262
   705/935: $rsReg_0_12$2261
   706/935: $rsReg_0_11$2260
   707/935: $rsReg_0_10$2259
   708/935: $rsReg_0_9$2258
   709/935: $rsReg_0_8$2257
   710/935: $rsReg_0_7$2256
   711/935: $rsReg_0_6$2255
   712/935: $rsReg_0_5$2254
   713/935: $rsReg_0_4$2253
   714/935: $rsReg_0_3$2252
   715/935: $rsReg_0_2$2251
   716/935: $rsReg_0_1$2250
   717/935: $rsReg_0_0$2249
   718/935: $valid_3$2248
   719/935: $valid_2$2247
   720/935: $valid_1$2246
   721/935: $valid_0$2245
   722/935: $ready_3$2244
   723/935: $ready_2$2243
   724/935: $ready_1$2242
   725/935: $ready_0$2241
   726/935: $mask_31$700
   727/935: $mask_30$699
   728/935: $mask_29$698
   729/935: $mask_28$697
   730/935: $mask_27$696
   731/935: $mask_26$695
   732/935: $mask_25$694
   733/935: $mask_24$693
   734/935: $mask_23$692
   735/935: $mask_22$691
   736/935: $mask_21$690
   737/935: $mask_20$689
   738/935: $mask_19$688
   739/935: $mask_18$687
   740/935: $mask_17$686
   741/935: $mask_16$685
   742/935: $mask_15$684
   743/935: $mask_14$683
   744/935: $mask_13$682
   745/935: $mask_12$681
   746/935: $mask_11$680
   747/935: $mask_10$679
   748/935: $mask_9$678
   749/935: $mask_8$677
   750/935: $mask_7$676
   751/935: $mask_6$675
   752/935: $mask_5$674
   753/935: $mask_4$673
   754/935: $mask_3$672
   755/935: $mask_2$671
   756/935: $mask_1$670
   757/935: $mask_0$669
   758/935: $mask_31$668
   759/935: $mask_30$667
   760/935: $mask_29$666
   761/935: $mask_28$665
   762/935: $mask_27$664
   763/935: $mask_26$663
   764/935: $mask_25$662
   765/935: $mask_24$661
   766/935: $mask_23$660
   767/935: $mask_22$659
   768/935: $mask_21$658
   769/935: $mask_20$657
   770/935: $mask_19$656
   771/935: $mask_18$655
   772/935: $mask_17$654
   773/935: $mask_16$653
   774/935: $mask_15$652
   775/935: $mask_14$651
   776/935: $mask_13$650
   777/935: $mask_12$649
   778/935: $mask_11$648
   779/935: $mask_10$647
   780/935: $mask_9$646
   781/935: $mask_8$645
   782/935: $mask_7$644
   783/935: $mask_6$643
   784/935: $mask_5$642
   785/935: $mask_4$641
   786/935: $mask_3$640
   787/935: $mask_2$639
   788/935: $mask_1$638
   789/935: $mask_0$637
   790/935: $mask_31$636
   791/935: $mask_30$635
   792/935: $mask_29$634
   793/935: $mask_28$633
   794/935: $mask_27$632
   795/935: $mask_26$631
   796/935: $mask_25$630
   797/935: $mask_24$629
   798/935: $mask_23$628
   799/935: $mask_22$627
   800/935: $mask_21$626
   801/935: $mask_20$625
   802/935: $mask_19$624
   803/935: $mask_18$623
   804/935: $mask_17$622
   805/935: $mask_16$621
   806/935: $mask_15$620
   807/935: $mask_14$619
   808/935: $mask_13$618
   809/935: $mask_12$617
   810/935: $mask_11$616
   811/935: $mask_10$615
   812/935: $mask_9$614
   813/935: $mask_8$613
   814/935: $mask_7$612
   815/935: $mask_6$611
   816/935: $mask_5$610
   817/935: $mask_4$609
   818/935: $mask_3$608
   819/935: $mask_2$607
   820/935: $mask_1$606
   821/935: $mask_0$605
   822/935: $mask_31$604
   823/935: $mask_30$603
   824/935: $mask_29$602
   825/935: $mask_28$601
   826/935: $mask_27$600
   827/935: $mask_26$599
   828/935: $mask_25$598
   829/935: $mask_24$597
   830/935: $mask_23$596
   831/935: $mask_22$595
   832/935: $mask_21$594
   833/935: $mask_20$593
   834/935: $mask_19$592
   835/935: $mask_18$591
   836/935: $mask_17$590
   837/935: $mask_16$589
   838/935: $mask_15$588
   839/935: $mask_14$587
   840/935: $mask_13$586
   841/935: $mask_12$585
   842/935: $mask_11$584
   843/935: $mask_10$583
   844/935: $mask_9$582
   845/935: $mask_8$581
   846/935: $mask_7$580
   847/935: $mask_6$579
   848/935: $mask_5$578
   849/935: $mask_4$577
   850/935: $mask_3$576
   851/935: $mask_2$575
   852/935: $mask_1$574
   853/935: $mask_0$573
   854/935: $mask_31$572
   855/935: $mask_30$571
   856/935: $mask_29$570
   857/935: $mask_28$569
   858/935: $mask_27$568
   859/935: $mask_26$567
   860/935: $mask_25$566
   861/935: $mask_24$565
   862/935: $mask_23$564
   863/935: $mask_22$563
   864/935: $mask_21$562
   865/935: $mask_20$561
   866/935: $mask_19$560
   867/935: $mask_18$559
   868/935: $mask_17$558
   869/935: $mask_16$557
   870/935: $mask_15$556
   871/935: $mask_14$555
   872/935: $mask_13$554
   873/935: $mask_12$553
   874/935: $mask_11$552
   875/935: $mask_10$551
   876/935: $mask_9$550
   877/935: $mask_8$549
   878/935: $mask_7$548
   879/935: $mask_6$547
   880/935: $mask_5$546
   881/935: $mask_4$545
   882/935: $mask_3$544
   883/935: $mask_2$543
   884/935: $mask_1$542
   885/935: $regIdx_2$515
   886/935: $regIdx_1$514
   887/935: $regIdx_0$513
   888/935: $rsType_2$512
   889/935: $rsType_1$511
   890/935: $rsType_0$510
   891/935: $controlReg_rl$509
   892/935: $controlReg_aq$508
   893/935: $controlReg_atomic$507
   894/935: $controlReg_spike_info_inst$506
   895/935: $controlReg_spike_info_pc$505
   896/935: $controlReg_spike_info_sm_id$504
   897/935: $controlReg_imm_ext$503
   898/935: $controlReg_pc$502
   899/935: $controlReg_wxd$501
   900/935: $controlReg_writemask$500
   901/935: $controlReg_readmask$499
   902/935: $controlReg_sfu$498
   903/935: $controlReg_fence$497
   904/935: $controlReg_wvd$496
   905/935: $controlReg_reg_idxw$495
   906/935: $controlReg_reg_idx3$494
   907/935: $controlReg_reg_idx2$493
   908/935: $controlReg_reg_idx1$492
   909/935: $controlReg_mop$491
   910/935: $controlReg_mem_cmd$490
   911/935: $controlReg_custom_signal_0$489
   912/935: $controlReg_disable_mask$488
   913/935: $controlReg_tc$487
   914/935: $controlReg_mul$486
   915/935: $controlReg_mem$485
   916/935: $controlReg_is_vls12$484
   917/935: $controlReg_force_rm_rtz$483
   918/935: $controlReg_alu_fn$482
   919/935: $controlReg_mem_unsigned$481
   920/935: $controlReg_mem_whb$480
   921/935: $controlReg_sel_imm$479
   922/935: $controlReg_mask$478
   923/935: $controlReg_sel_alu3$477
   924/935: $controlReg_isvec$476
   925/935: $controlReg_sel_alu1$475
   926/935: $controlReg_sel_alu2$474
   927/935: $controlReg_reverse$473
   928/935: $controlReg_csr$472
   929/935: $controlReg_barrier$471
   930/935: $controlReg_simt_stack_op$470
   931/935: $controlReg_simt_stack$469
   932/935: $controlReg_branch$468
   933/935: $controlReg_fp$467
   934/935: $controlReg_wid$466
   935/935: $controlReg_inst$465
Creating decoders for process `\collectorUnit$operandCollector.collectorUnit_6.$442'.
     1/935: $customCtrlReg$2240
     2/935: $rsReg_2_31$2239
     3/935: $rsReg_2_30$2238
     4/935: $rsReg_2_29$2237
     5/935: $rsReg_2_28$2236
     6/935: $rsReg_2_27$2235
     7/935: $rsReg_2_26$2234
     8/935: $rsReg_2_25$2233
     9/935: $rsReg_2_24$2232
    10/935: $rsReg_2_23$2231
    11/935: $rsReg_2_22$2230
    12/935: $rsReg_2_21$2229
    13/935: $rsReg_2_20$2228
    14/935: $rsReg_2_19$2227
    15/935: $rsReg_2_18$2226
    16/935: $rsReg_2_17$2225
    17/935: $rsReg_2_16$2224
    18/935: $rsReg_2_15$2223
    19/935: $rsReg_2_14$2222
    20/935: $rsReg_2_13$2221
    21/935: $rsReg_2_12$2220
    22/935: $rsReg_2_11$2219
    23/935: $rsReg_2_10$2218
    24/935: $rsReg_2_9$2217
    25/935: $rsReg_2_8$2216
    26/935: $rsReg_2_7$2215
    27/935: $rsReg_2_6$2214
    28/935: $rsReg_2_5$2213
    29/935: $rsReg_2_4$2212
    30/935: $rsReg_2_3$2211
    31/935: $rsReg_2_2$2210
    32/935: $rsReg_2_1$2209
    33/935: $rsReg_2_0$2208
    34/935: $rsReg_2_31$2081
    35/935: $rsReg_2_30$2080
    36/935: $rsReg_2_29$2079
    37/935: $rsReg_2_28$2078
    38/935: $rsReg_2_27$2077
    39/935: $rsReg_2_26$2076
    40/935: $rsReg_2_25$2075
    41/935: $rsReg_2_24$2074
    42/935: $rsReg_2_23$2073
    43/935: $rsReg_2_22$2072
    44/935: $rsReg_2_21$2071
    45/935: $rsReg_2_20$2070
    46/935: $rsReg_2_19$2069
    47/935: $rsReg_2_18$2068
    48/935: $rsReg_2_17$2067
    49/935: $rsReg_2_16$2066
    50/935: $rsReg_2_15$2065
    51/935: $rsReg_2_14$2064
    52/935: $rsReg_2_13$2063
    53/935: $rsReg_2_12$2062
    54/935: $rsReg_2_11$2061
    55/935: $rsReg_2_10$2060
    56/935: $rsReg_2_9$2059
    57/935: $rsReg_2_8$2058
    58/935: $rsReg_2_7$2057
    59/935: $rsReg_2_6$2056
    60/935: $rsReg_2_5$2055
    61/935: $rsReg_2_4$2054
    62/935: $rsReg_2_3$2053
    63/935: $rsReg_2_2$2052
    64/935: $rsReg_2_1$2051
    65/935: $rsReg_2_0$2050
    66/935: $rsReg_2_31$1923
    67/935: $rsReg_2_30$1922
    68/935: $rsReg_2_29$1921
    69/935: $rsReg_2_28$1920
    70/935: $rsReg_2_27$1919
    71/935: $rsReg_2_26$1918
    72/935: $rsReg_2_25$1917
    73/935: $rsReg_2_24$1916
    74/935: $rsReg_2_23$1915
    75/935: $rsReg_2_22$1914
    76/935: $rsReg_2_21$1913
    77/935: $rsReg_2_20$1912
    78/935: $rsReg_2_19$1911
    79/935: $rsReg_2_18$1910
    80/935: $rsReg_2_17$1909
    81/935: $rsReg_2_16$1908
    82/935: $rsReg_2_15$1907
    83/935: $rsReg_2_14$1906
    84/935: $rsReg_2_13$1905
    85/935: $rsReg_2_12$1904
    86/935: $rsReg_2_11$1903
    87/935: $rsReg_2_10$1902
    88/935: $rsReg_2_9$1901
    89/935: $rsReg_2_8$1900
    90/935: $rsReg_2_7$1899
    91/935: $rsReg_2_6$1898
    92/935: $rsReg_2_5$1897
    93/935: $rsReg_2_4$1896
    94/935: $rsReg_2_3$1895
    95/935: $rsReg_2_2$1894
    96/935: $rsReg_2_1$1893
    97/935: $rsReg_2_0$1892
    98/935: $rsReg_2_31$1765
    99/935: $rsReg_2_30$1764
   100/935: $rsReg_2_29$1763
   101/935: $rsReg_2_28$1762
   102/935: $rsReg_2_27$1761
   103/935: $rsReg_2_26$1760
   104/935: $rsReg_2_25$1759
   105/935: $rsReg_2_24$1758
   106/935: $rsReg_2_23$1757
   107/935: $rsReg_2_22$1756
   108/935: $rsReg_2_21$1755
   109/935: $rsReg_2_20$1754
   110/935: $rsReg_2_19$1753
   111/935: $rsReg_2_18$1752
   112/935: $rsReg_2_17$1751
   113/935: $rsReg_2_16$1750
   114/935: $rsReg_2_15$1749
   115/935: $rsReg_2_14$1748
   116/935: $rsReg_2_13$1747
   117/935: $rsReg_2_12$1746
   118/935: $rsReg_2_11$1745
   119/935: $rsReg_2_10$1744
   120/935: $rsReg_2_9$1743
   121/935: $rsReg_2_8$1742
   122/935: $rsReg_2_7$1741
   123/935: $rsReg_2_6$1740
   124/935: $rsReg_2_5$1739
   125/935: $rsReg_2_4$1738
   126/935: $rsReg_2_3$1737
   127/935: $rsReg_2_2$1736
   128/935: $rsReg_2_1$1735
   129/935: $rsReg_2_0$1734
   130/935: $rsReg_2_31$1607
   131/935: $rsReg_2_30$1606
   132/935: $rsReg_2_29$1605
   133/935: $rsReg_2_28$1604
   134/935: $rsReg_2_27$1603
   135/935: $rsReg_2_26$1602
   136/935: $rsReg_2_25$1601
   137/935: $rsReg_2_24$1600
   138/935: $rsReg_2_23$1599
   139/935: $rsReg_2_22$1598
   140/935: $rsReg_2_21$1597
   141/935: $rsReg_2_20$1596
   142/935: $rsReg_2_19$1595
   143/935: $rsReg_2_18$1594
   144/935: $rsReg_2_17$1593
   145/935: $rsReg_2_16$1592
   146/935: $rsReg_2_15$1591
   147/935: $rsReg_2_14$1590
   148/935: $rsReg_2_13$1589
   149/935: $rsReg_2_12$1588
   150/935: $rsReg_2_11$1587
   151/935: $rsReg_2_10$1586
   152/935: $rsReg_2_9$1585
   153/935: $rsReg_2_8$1584
   154/935: $rsReg_2_7$1583
   155/935: $rsReg_2_6$1582
   156/935: $rsReg_2_5$1581
   157/935: $rsReg_2_4$1580
   158/935: $rsReg_2_3$1579
   159/935: $rsReg_2_2$1578
   160/935: $rsReg_2_1$1577
   161/935: $rsReg_2_0$1576
   162/935: $rsReg_1_31$1554
   163/935: $rsReg_1_30$1553
   164/935: $rsReg_1_29$1552
   165/935: $rsReg_1_28$1551
   166/935: $rsReg_1_27$1550
   167/935: $rsReg_1_26$1549
   168/935: $rsReg_1_25$1548
   169/935: $rsReg_1_24$1547
   170/935: $rsReg_1_23$1546
   171/935: $rsReg_1_22$1545
   172/935: $rsReg_1_21$1544
   173/935: $rsReg_1_20$1543
   174/935: $rsReg_1_19$1542
   175/935: $rsReg_1_18$1541
   176/935: $rsReg_1_17$1540
   177/935: $rsReg_1_16$1539
   178/935: $rsReg_1_15$1538
   179/935: $rsReg_1_14$1537
   180/935: $rsReg_1_13$1536
   181/935: $rsReg_1_12$1535
   182/935: $rsReg_1_11$1534
   183/935: $rsReg_1_10$1533
   184/935: $rsReg_1_9$1532
   185/935: $rsReg_1_8$1531
   186/935: $rsReg_1_7$1530
   187/935: $rsReg_1_6$1529
   188/935: $rsReg_1_5$1528
   189/935: $rsReg_1_4$1527
   190/935: $rsReg_1_3$1526
   191/935: $rsReg_1_2$1525
   192/935: $rsReg_1_1$1524
   193/935: $rsReg_1_0$1523
   194/935: $rsReg_1_31$1489
   195/935: $rsReg_1_30$1488
   196/935: $rsReg_1_29$1487
   197/935: $rsReg_1_28$1486
   198/935: $rsReg_1_27$1485
   199/935: $rsReg_1_26$1484
   200/935: $rsReg_1_25$1483
   201/935: $rsReg_1_24$1482
   202/935: $rsReg_1_23$1481
   203/935: $rsReg_1_22$1480
   204/935: $rsReg_1_21$1479
   205/935: $rsReg_1_20$1478
   206/935: $rsReg_1_19$1477
   207/935: $rsReg_1_18$1476
   208/935: $rsReg_1_17$1475
   209/935: $rsReg_1_16$1474
   210/935: $rsReg_1_15$1473
   211/935: $rsReg_1_14$1472
   212/935: $rsReg_1_13$1471
   213/935: $rsReg_1_12$1470
   214/935: $rsReg_1_11$1469
   215/935: $rsReg_1_10$1468
   216/935: $rsReg_1_9$1467
   217/935: $rsReg_1_8$1466
   218/935: $rsReg_1_7$1465
   219/935: $rsReg_1_6$1464
   220/935: $rsReg_1_5$1463
   221/935: $rsReg_1_4$1462
   222/935: $rsReg_1_3$1461
   223/935: $rsReg_1_2$1460
   224/935: $rsReg_1_1$1459
   225/935: $rsReg_1_0$1458
   226/935: $rsReg_1_31$1424
   227/935: $rsReg_1_30$1423
   228/935: $rsReg_1_29$1422
   229/935: $rsReg_1_28$1421
   230/935: $rsReg_1_27$1420
   231/935: $rsReg_1_26$1419
   232/935: $rsReg_1_25$1418
   233/935: $rsReg_1_24$1417
   234/935: $rsReg_1_23$1416
   235/935: $rsReg_1_22$1415
   236/935: $rsReg_1_21$1414
   237/935: $rsReg_1_20$1413
   238/935: $rsReg_1_19$1412
   239/935: $rsReg_1_18$1411
   240/935: $rsReg_1_17$1410
   241/935: $rsReg_1_16$1409
   242/935: $rsReg_1_15$1408
   243/935: $rsReg_1_14$1407
   244/935: $rsReg_1_13$1406
   245/935: $rsReg_1_12$1405
   246/935: $rsReg_1_11$1404
   247/935: $rsReg_1_10$1403
   248/935: $rsReg_1_9$1402
   249/935: $rsReg_1_8$1401
   250/935: $rsReg_1_7$1400
   251/935: $rsReg_1_6$1399
   252/935: $rsReg_1_5$1398
   253/935: $rsReg_1_4$1397
   254/935: $rsReg_1_3$1396
   255/935: $rsReg_1_2$1395
   256/935: $rsReg_1_1$1394
   257/935: $rsReg_1_0$1393
   258/935: $rsReg_1_31$1359
   259/935: $rsReg_1_30$1358
   260/935: $rsReg_1_29$1357
   261/935: $rsReg_1_28$1356
   262/935: $rsReg_1_27$1355
   263/935: $rsReg_1_26$1354
   264/935: $rsReg_1_25$1353
   265/935: $rsReg_1_24$1352
   266/935: $rsReg_1_23$1351
   267/935: $rsReg_1_22$1350
   268/935: $rsReg_1_21$1349
   269/935: $rsReg_1_20$1348
   270/935: $rsReg_1_19$1347
   271/935: $rsReg_1_18$1346
   272/935: $rsReg_1_17$1345
   273/935: $rsReg_1_16$1344
   274/935: $rsReg_1_15$1343
   275/935: $rsReg_1_14$1342
   276/935: $rsReg_1_13$1341
   277/935: $rsReg_1_12$1340
   278/935: $rsReg_1_11$1339
   279/935: $rsReg_1_10$1338
   280/935: $rsReg_1_9$1337
   281/935: $rsReg_1_8$1336
   282/935: $rsReg_1_7$1335
   283/935: $rsReg_1_6$1334
   284/935: $rsReg_1_5$1333
   285/935: $rsReg_1_4$1332
   286/935: $rsReg_1_3$1331
   287/935: $rsReg_1_2$1330
   288/935: $rsReg_1_1$1329
   289/935: $rsReg_1_0$1328
   290/935: $rsReg_1_31$1230
   291/935: $rsReg_1_30$1229
   292/935: $rsReg_1_29$1228
   293/935: $rsReg_1_28$1227
   294/935: $rsReg_1_27$1226
   295/935: $rsReg_1_26$1225
   296/935: $rsReg_1_25$1224
   297/935: $rsReg_1_24$1223
   298/935: $rsReg_1_23$1222
   299/935: $rsReg_1_22$1221
   300/935: $rsReg_1_21$1220
   301/935: $rsReg_1_20$1219
   302/935: $rsReg_1_19$1218
   303/935: $rsReg_1_18$1217
   304/935: $rsReg_1_17$1216
   305/935: $rsReg_1_16$1215
   306/935: $rsReg_1_15$1214
   307/935: $rsReg_1_14$1213
   308/935: $rsReg_1_13$1212
   309/935: $rsReg_1_12$1211
   310/935: $rsReg_1_11$1210
   311/935: $rsReg_1_10$1209
   312/935: $rsReg_1_9$1208
   313/935: $rsReg_1_8$1207
   314/935: $rsReg_1_7$1206
   315/935: $rsReg_1_6$1205
   316/935: $rsReg_1_5$1204
   317/935: $rsReg_1_4$1203
   318/935: $rsReg_1_3$1202
   319/935: $rsReg_1_2$1201
   320/935: $rsReg_1_1$1200
   321/935: $rsReg_1_0$1199
   322/935: $rsReg_1_31$1262
   323/935: $rsReg_1_30$1261
   324/935: $rsReg_1_29$1260
   325/935: $rsReg_1_28$1259
   326/935: $rsReg_1_27$1258
   327/935: $rsReg_1_26$1257
   328/935: $rsReg_1_25$1256
   329/935: $rsReg_1_24$1255
   330/935: $rsReg_1_23$1254
   331/935: $rsReg_1_22$1253
   332/935: $rsReg_1_21$1252
   333/935: $rsReg_1_20$1251
   334/935: $rsReg_1_19$1250
   335/935: $rsReg_1_18$1249
   336/935: $rsReg_1_17$1248
   337/935: $rsReg_1_16$1247
   338/935: $rsReg_1_15$1246
   339/935: $rsReg_1_14$1245
   340/935: $rsReg_1_13$1244
   341/935: $rsReg_1_12$1243
   342/935: $rsReg_1_11$1242
   343/935: $rsReg_1_10$1241
   344/935: $rsReg_1_9$1240
   345/935: $rsReg_1_8$1239
   346/935: $rsReg_1_7$1238
   347/935: $rsReg_1_6$1237
   348/935: $rsReg_1_5$1236
   349/935: $rsReg_1_4$1235
   350/935: $rsReg_1_3$1234
   351/935: $rsReg_1_2$1233
   352/935: $rsReg_1_1$1232
   353/935: $rsReg_1_0$1231
   354/935: $rsReg_1_31$1294
   355/935: $rsReg_1_30$1293
   356/935: $rsReg_1_29$1292
   357/935: $rsReg_1_28$1291
   358/935: $rsReg_1_27$1290
   359/935: $rsReg_1_26$1289
   360/935: $rsReg_1_25$1288
   361/935: $rsReg_1_24$1287
   362/935: $rsReg_1_23$1286
   363/935: $rsReg_1_22$1285
   364/935: $rsReg_1_21$1284
   365/935: $rsReg_1_20$1283
   366/935: $rsReg_1_19$1282
   367/935: $rsReg_1_18$1281
   368/935: $rsReg_1_17$1280
   369/935: $rsReg_1_16$1279
   370/935: $rsReg_1_15$1278
   371/935: $rsReg_1_14$1277
   372/935: $rsReg_1_13$1276
   373/935: $rsReg_1_12$1275
   374/935: $rsReg_1_11$1274
   375/935: $rsReg_1_10$1273
   376/935: $rsReg_1_9$1272
   377/935: $rsReg_1_8$1271
   378/935: $rsReg_1_7$1270
   379/935: $rsReg_1_6$1269
   380/935: $rsReg_1_5$1268
   381/935: $rsReg_1_4$1267
   382/935: $rsReg_1_3$1266
   383/935: $rsReg_1_2$1265
   384/935: $rsReg_1_1$1264
   385/935: $rsReg_1_0$1263
   386/935: $rsReg_0_31$989
   387/935: $rsReg_0_30$988
   388/935: $rsReg_0_29$987
   389/935: $rsReg_0_28$986
   390/935: $rsReg_0_27$985
   391/935: $rsReg_0_26$984
   392/935: $rsReg_0_25$983
   393/935: $rsReg_0_24$982
   394/935: $rsReg_0_23$981
   395/935: $rsReg_0_22$980
   396/935: $rsReg_0_21$979
   397/935: $rsReg_0_20$978
   398/935: $rsReg_0_19$977
   399/935: $rsReg_0_18$976
   400/935: $rsReg_0_17$975
   401/935: $rsReg_0_16$974
   402/935: $rsReg_0_15$973
   403/935: $rsReg_0_14$972
   404/935: $rsReg_0_13$971
   405/935: $rsReg_0_12$970
   406/935: $rsReg_0_11$969
   407/935: $rsReg_0_10$968
   408/935: $rsReg_0_9$967
   409/935: $rsReg_0_8$966
   410/935: $rsReg_0_7$965
   411/935: $rsReg_0_6$964
   412/935: $rsReg_0_5$963
   413/935: $rsReg_0_4$962
   414/935: $rsReg_0_3$961
   415/935: $rsReg_0_2$960
   416/935: $rsReg_0_1$959
   417/935: $rsReg_0_0$958
   418/935: $rsReg_0_31$1021
   419/935: $rsReg_0_30$1020
   420/935: $rsReg_0_29$1019
   421/935: $rsReg_0_28$1018
   422/935: $rsReg_0_27$1017
   423/935: $rsReg_0_26$1016
   424/935: $rsReg_0_25$1015
   425/935: $rsReg_0_24$1014
   426/935: $rsReg_0_23$1013
   427/935: $rsReg_0_22$1012
   428/935: $rsReg_0_21$1011
   429/935: $rsReg_0_20$1010
   430/935: $rsReg_0_19$1009
   431/935: $rsReg_0_18$1008
   432/935: $rsReg_0_17$1007
   433/935: $rsReg_0_16$1006
   434/935: $rsReg_0_15$1005
   435/935: $rsReg_0_14$1004
   436/935: $rsReg_0_13$1003
   437/935: $rsReg_0_12$1002
   438/935: $rsReg_0_11$1001
   439/935: $rsReg_0_10$1000
   440/935: $rsReg_0_9$999
   441/935: $rsReg_0_8$998
   442/935: $rsReg_0_7$997
   443/935: $rsReg_0_6$996
   444/935: $rsReg_0_5$995
   445/935: $rsReg_0_4$994
   446/935: $rsReg_0_3$993
   447/935: $rsReg_0_2$992
   448/935: $rsReg_0_1$991
   449/935: $rsReg_0_0$990
   450/935: $rsReg_0_31$1053
   451/935: $rsReg_0_30$1052
   452/935: $rsReg_0_29$1051
   453/935: $rsReg_0_28$1050
   454/935: $rsReg_0_27$1049
   455/935: $rsReg_0_26$1048
   456/935: $rsReg_0_25$1047
   457/935: $rsReg_0_24$1046
   458/935: $rsReg_0_23$1045
   459/935: $rsReg_0_22$1044
   460/935: $rsReg_0_21$1043
   461/935: $rsReg_0_20$1042
   462/935: $rsReg_0_19$1041
   463/935: $rsReg_0_18$1040
   464/935: $rsReg_0_17$1039
   465/935: $rsReg_0_16$1038
   466/935: $rsReg_0_15$1037
   467/935: $rsReg_0_14$1036
   468/935: $rsReg_0_13$1035
   469/935: $rsReg_0_12$1034
   470/935: $rsReg_0_11$1033
   471/935: $rsReg_0_10$1032
   472/935: $rsReg_0_9$1031
   473/935: $rsReg_0_8$1030
   474/935: $rsReg_0_7$1029
   475/935: $rsReg_0_6$1028
   476/935: $rsReg_0_5$1027
   477/935: $rsReg_0_4$1026
   478/935: $rsReg_0_3$1025
   479/935: $rsReg_0_2$1024
   480/935: $rsReg_0_1$1023
   481/935: $rsReg_0_0$1022
   482/935: $rsReg_0_31$1085
   483/935: $rsReg_0_30$1084
   484/935: $rsReg_0_29$1083
   485/935: $rsReg_0_28$1082
   486/935: $rsReg_0_27$1081
   487/935: $rsReg_0_26$1080
   488/935: $rsReg_0_25$1079
   489/935: $rsReg_0_24$1078
   490/935: $rsReg_0_23$1077
   491/935: $rsReg_0_22$1076
   492/935: $rsReg_0_21$1075
   493/935: $rsReg_0_20$1074
   494/935: $rsReg_0_19$1073
   495/935: $rsReg_0_18$1072
   496/935: $rsReg_0_17$1071
   497/935: $rsReg_0_16$1070
   498/935: $rsReg_0_15$1069
   499/935: $rsReg_0_14$1068
   500/935: $rsReg_0_13$1067
   501/935: $rsReg_0_12$1066
   502/935: $rsReg_0_11$1065
   503/935: $rsReg_0_10$1064
   504/935: $rsReg_0_9$1063
   505/935: $rsReg_0_8$1062
   506/935: $rsReg_0_7$1061
   507/935: $rsReg_0_6$1060
   508/935: $rsReg_0_5$1059
   509/935: $rsReg_0_4$1058
   510/935: $rsReg_0_3$1057
   511/935: $rsReg_0_2$1056
   512/935: $rsReg_0_1$1055
   513/935: $rsReg_0_0$1054
   514/935: $rsReg_0_31$1117
   515/935: $rsReg_0_30$1116
   516/935: $rsReg_0_29$1115
   517/935: $rsReg_0_28$1114
   518/935: $rsReg_0_27$1113
   519/935: $rsReg_0_26$1112
   520/935: $rsReg_0_25$1111
   521/935: $rsReg_0_24$1110
   522/935: $rsReg_0_23$1109
   523/935: $rsReg_0_22$1108
   524/935: $rsReg_0_21$1107
   525/935: $rsReg_0_20$1106
   526/935: $rsReg_0_19$1105
   527/935: $rsReg_0_18$1104
   528/935: $rsReg_0_17$1103
   529/935: $rsReg_0_16$1102
   530/935: $rsReg_0_15$1101
   531/935: $rsReg_0_14$1100
   532/935: $rsReg_0_13$1099
   533/935: $rsReg_0_12$1098
   534/935: $rsReg_0_11$1097
   535/935: $rsReg_0_10$1096
   536/935: $rsReg_0_9$1095
   537/935: $rsReg_0_8$1094
   538/935: $rsReg_0_7$1093
   539/935: $rsReg_0_6$1092
   540/935: $rsReg_0_5$1091
   541/935: $rsReg_0_4$1090
   542/935: $rsReg_0_3$1089
   543/935: $rsReg_0_2$1088
   544/935: $rsReg_0_1$1087
   545/935: $rsReg_0_0$1086
   546/935: $rsReg_0_31$1149
   547/935: $rsReg_0_30$1148
   548/935: $rsReg_0_29$1147
   549/935: $rsReg_0_28$1146
   550/935: $rsReg_0_27$1145
   551/935: $rsReg_0_26$1144
   552/935: $rsReg_0_25$1143
   553/935: $rsReg_0_24$1142
   554/935: $rsReg_0_23$1141
   555/935: $rsReg_0_22$1140
   556/935: $rsReg_0_21$1139
   557/935: $rsReg_0_20$1138
   558/935: $rsReg_0_19$1137
   559/935: $rsReg_0_18$1136
   560/935: $rsReg_0_17$1135
   561/935: $rsReg_0_16$1134
   562/935: $rsReg_0_15$1133
   563/935: $rsReg_0_14$1132
   564/935: $rsReg_0_13$1131
   565/935: $rsReg_0_12$1130
   566/935: $rsReg_0_11$1129
   567/935: $rsReg_0_10$1128
   568/935: $rsReg_0_9$1127
   569/935: $rsReg_0_8$1126
   570/935: $rsReg_0_7$1125
   571/935: $rsReg_0_6$1124
   572/935: $rsReg_0_5$1123
   573/935: $rsReg_0_4$1122
   574/935: $rsReg_0_3$1121
   575/935: $rsReg_0_2$1120
   576/935: $rsReg_0_1$1119
   577/935: $rsReg_0_0$1118
   578/935: $rsReg_0_31$1181
   579/935: $rsReg_0_30$1180
   580/935: $rsReg_0_29$1179
   581/935: $rsReg_0_28$1178
   582/935: $rsReg_0_27$1177
   583/935: $rsReg_0_26$1176
   584/935: $rsReg_0_25$1175
   585/935: $rsReg_0_24$1174
   586/935: $rsReg_0_23$1173
   587/935: $rsReg_0_22$1172
   588/935: $rsReg_0_21$1171
   589/935: $rsReg_0_20$1170
   590/935: $rsReg_0_19$1169
   591/935: $rsReg_0_18$1168
   592/935: $rsReg_0_17$1167
   593/935: $rsReg_0_16$1166
   594/935: $rsReg_0_15$1165
   595/935: $rsReg_0_14$1164
   596/935: $rsReg_0_13$1163
   597/935: $rsReg_0_12$1162
   598/935: $rsReg_0_11$1161
   599/935: $rsReg_0_10$1160
   600/935: $rsReg_0_9$1159
   601/935: $rsReg_0_8$1158
   602/935: $rsReg_0_7$1157
   603/935: $rsReg_0_6$1156
   604/935: $rsReg_0_5$1155
   605/935: $rsReg_0_4$1154
   606/935: $rsReg_0_3$1153
   607/935: $rsReg_0_2$1152
   608/935: $rsReg_0_1$1151
   609/935: $rsReg_0_0$1150
   610/935: $state$819
   611/935: $state$818
   612/935: $state$824
   613/935: $valid_3$823
   614/935: $valid_2$822
   615/935: $valid_1$821
   616/935: $valid_0$820
   617/935: $state$810
   618/935: $state$811
   619/935: $ready_0$735
   620/935: $state$2346
   621/935: $customCtrlReg$2345
   622/935: $rsReg_2_31$2344
   623/935: $rsReg_2_30$2343
   624/935: $rsReg_2_29$2342
   625/935: $rsReg_2_28$2341
   626/935: $rsReg_2_27$2340
   627/935: $rsReg_2_26$2339
   628/935: $rsReg_2_25$2338
   629/935: $rsReg_2_24$2337
   630/935: $rsReg_2_23$2336
   631/935: $rsReg_2_22$2335
   632/935: $rsReg_2_21$2334
   633/935: $rsReg_2_20$2333
   634/935: $rsReg_2_19$2332
   635/935: $rsReg_2_18$2331
   636/935: $rsReg_2_17$2330
   637/935: $rsReg_2_16$2329
   638/935: $rsReg_2_15$2328
   639/935: $rsReg_2_14$2327
   640/935: $rsReg_2_13$2326
   641/935: $rsReg_2_12$2325
   642/935: $rsReg_2_11$2324
   643/935: $rsReg_2_10$2323
   644/935: $rsReg_2_9$2322
   645/935: $rsReg_2_8$2321
   646/935: $rsReg_2_7$2320
   647/935: $rsReg_2_6$2319
   648/935: $rsReg_2_5$2318
   649/935: $rsReg_2_4$2317
   650/935: $rsReg_2_3$2316
   651/935: $rsReg_2_2$2315
   652/935: $rsReg_2_1$2314
   653/935: $rsReg_2_0$2313
   654/935: $rsReg_1_31$2312
   655/935: $rsReg_1_30$2311
   656/935: $rsReg_1_29$2310
   657/935: $rsReg_1_28$2309
   658/935: $rsReg_1_27$2308
   659/935: $rsReg_1_26$2307
   660/935: $rsReg_1_25$2306
   661/935: $rsReg_1_24$2305
   662/935: $rsReg_1_23$2304
   663/935: $rsReg_1_22$2303
   664/935: $rsReg_1_21$2302
   665/935: $rsReg_1_20$2301
   666/935: $rsReg_1_19$2300
   667/935: $rsReg_1_18$2299
   668/935: $rsReg_1_17$2298
   669/935: $rsReg_1_16$2297
   670/935: $rsReg_1_15$2296
   671/935: $rsReg_1_14$2295
   672/935: $rsReg_1_13$2294
   673/935: $rsReg_1_12$2293
   674/935: $rsReg_1_11$2292
   675/935: $rsReg_1_10$2291
   676/935: $rsReg_1_9$2290
   677/935: $rsReg_1_8$2289
   678/935: $rsReg_1_7$2288
   679/935: $rsReg_1_6$2287
   680/935: $rsReg_1_5$2286
   681/935: $rsReg_1_4$2285
   682/935: $rsReg_1_3$2284
   683/935: $rsReg_1_2$2283
   684/935: $rsReg_1_1$2282
   685/935: $rsReg_1_0$2281
   686/935: $rsReg_0_31$2280
   687/935: $rsReg_0_30$2279
   688/935: $rsReg_0_29$2278
   689/935: $rsReg_0_28$2277
   690/935: $rsReg_0_27$2276
   691/935: $rsReg_0_26$2275
   692/935: $rsReg_0_25$2274
   693/935: $rsReg_0_24$2273
   694/935: $rsReg_0_23$2272
   695/935: $rsReg_0_22$2271
   696/935: $rsReg_0_21$2270
   697/935: $rsReg_0_20$2269
   698/935: $rsReg_0_19$2268
   699/935: $rsReg_0_18$2267
   700/935: $rsReg_0_17$2266
   701/935: $rsReg_0_16$2265
   702/935: $rsReg_0_15$2264
   703/935: $rsReg_0_14$2263
   704/935: $rsReg_0_13$2262
   705/935: $rsReg_0_12$2261
   706/935: $rsReg_0_11$2260
   707/935: $rsReg_0_10$2259
   708/935: $rsReg_0_9$2258
   709/935: $rsReg_0_8$2257
   710/935: $rsReg_0_7$2256
   711/935: $rsReg_0_6$2255
   712/935: $rsReg_0_5$2254
   713/935: $rsReg_0_4$2253
   714/935: $rsReg_0_3$2252
   715/935: $rsReg_0_2$2251
   716/935: $rsReg_0_1$2250
   717/935: $rsReg_0_0$2249
   718/935: $valid_3$2248
   719/935: $valid_2$2247
   720/935: $valid_1$2246
   721/935: $valid_0$2245
   722/935: $ready_3$2244
   723/935: $ready_2$2243
   724/935: $ready_1$2242
   725/935: $ready_0$2241
   726/935: $mask_31$700
   727/935: $mask_30$699
   728/935: $mask_29$698
   729/935: $mask_28$697
   730/935: $mask_27$696
   731/935: $mask_26$695
   732/935: $mask_25$694
   733/935: $mask_24$693
   734/935: $mask_23$692
   735/935: $mask_22$691
   736/935: $mask_21$690
   737/935: $mask_20$689
   738/935: $mask_19$688
   739/935: $mask_18$687
   740/935: $mask_17$686
   741/935: $mask_16$685
   742/935: $mask_15$684
   743/935: $mask_14$683
   744/935: $mask_13$682
   745/935: $mask_12$681
   746/935: $mask_11$680
   747/935: $mask_10$679
   748/935: $mask_9$678
   749/935: $mask_8$677
   750/935: $mask_7$676
   751/935: $mask_6$675
   752/935: $mask_5$674
   753/935: $mask_4$673
   754/935: $mask_3$672
   755/935: $mask_2$671
   756/935: $mask_1$670
   757/935: $mask_0$669
   758/935: $mask_31$668
   759/935: $mask_30$667
   760/935: $mask_29$666
   761/935: $mask_28$665
   762/935: $mask_27$664
   763/935: $mask_26$663
   764/935: $mask_25$662
   765/935: $mask_24$661
   766/935: $mask_23$660
   767/935: $mask_22$659
   768/935: $mask_21$658
   769/935: $mask_20$657
   770/935: $mask_19$656
   771/935: $mask_18$655
   772/935: $mask_17$654
   773/935: $mask_16$653
   774/935: $mask_15$652
   775/935: $mask_14$651
   776/935: $mask_13$650
   777/935: $mask_12$649
   778/935: $mask_11$648
   779/935: $mask_10$647
   780/935: $mask_9$646
   781/935: $mask_8$645
   782/935: $mask_7$644
   783/935: $mask_6$643
   784/935: $mask_5$642
   785/935: $mask_4$641
   786/935: $mask_3$640
   787/935: $mask_2$639
   788/935: $mask_1$638
   789/935: $mask_0$637
   790/935: $mask_31$636
   791/935: $mask_30$635
   792/935: $mask_29$634
   793/935: $mask_28$633
   794/935: $mask_27$632
   795/935: $mask_26$631
   796/935: $mask_25$630
   797/935: $mask_24$629
   798/935: $mask_23$628
   799/935: $mask_22$627
   800/935: $mask_21$626
   801/935: $mask_20$625
   802/935: $mask_19$624
   803/935: $mask_18$623
   804/935: $mask_17$622
   805/935: $mask_16$621
   806/935: $mask_15$620
   807/935: $mask_14$619
   808/935: $mask_13$618
   809/935: $mask_12$617
   810/935: $mask_11$616
   811/935: $mask_10$615
   812/935: $mask_9$614
   813/935: $mask_8$613
   814/935: $mask_7$612
   815/935: $mask_6$611
   816/935: $mask_5$610
   817/935: $mask_4$609
   818/935: $mask_3$608
   819/935: $mask_2$607
   820/935: $mask_1$606
   821/935: $mask_0$605
   822/935: $mask_31$604
   823/935: $mask_30$603
   824/935: $mask_29$602
   825/935: $mask_28$601
   826/935: $mask_27$600
   827/935: $mask_26$599
   828/935: $mask_25$598
   829/935: $mask_24$597
   830/935: $mask_23$596
   831/935: $mask_22$595
   832/935: $mask_21$594
   833/935: $mask_20$593
   834/935: $mask_19$592
   835/935: $mask_18$591
   836/935: $mask_17$590
   837/935: $mask_16$589
   838/935: $mask_15$588
   839/935: $mask_14$587
   840/935: $mask_13$586
   841/935: $mask_12$585
   842/935: $mask_11$584
   843/935: $mask_10$583
   844/935: $mask_9$582
   845/935: $mask_8$581
   846/935: $mask_7$580
   847/935: $mask_6$579
   848/935: $mask_5$578
   849/935: $mask_4$577
   850/935: $mask_3$576
   851/935: $mask_2$575
   852/935: $mask_1$574
   853/935: $mask_0$573
   854/935: $mask_31$572
   855/935: $mask_30$571
   856/935: $mask_29$570
   857/935: $mask_28$569
   858/935: $mask_27$568
   859/935: $mask_26$567
   860/935: $mask_25$566
   861/935: $mask_24$565
   862/935: $mask_23$564
   863/935: $mask_22$563
   864/935: $mask_21$562
   865/935: $mask_20$561
   866/935: $mask_19$560
   867/935: $mask_18$559
   868/935: $mask_17$558
   869/935: $mask_16$557
   870/935: $mask_15$556
   871/935: $mask_14$555
   872/935: $mask_13$554
   873/935: $mask_12$553
   874/935: $mask_11$552
   875/935: $mask_10$551
   876/935: $mask_9$550
   877/935: $mask_8$549
   878/935: $mask_7$548
   879/935: $mask_6$547
   880/935: $mask_5$546
   881/935: $mask_4$545
   882/935: $mask_3$544
   883/935: $mask_2$543
   884/935: $mask_1$542
   885/935: $regIdx_2$515
   886/935: $regIdx_1$514
   887/935: $regIdx_0$513
   888/935: $rsType_2$512
   889/935: $rsType_1$511
   890/935: $rsType_0$510
   891/935: $controlReg_rl$509
   892/935: $controlReg_aq$508
   893/935: $controlReg_atomic$507
   894/935: $controlReg_spike_info_inst$506
   895/935: $controlReg_spike_info_pc$505
   896/935: $controlReg_spike_info_sm_id$504
   897/935: $controlReg_imm_ext$503
   898/935: $controlReg_pc$502
   899/935: $controlReg_wxd$501
   900/935: $controlReg_writemask$500
   901/935: $controlReg_readmask$499
   902/935: $controlReg_sfu$498
   903/935: $controlReg_fence$497
   904/935: $controlReg_wvd$496
   905/935: $controlReg_reg_idxw$495
   906/935: $controlReg_reg_idx3$494
   907/935: $controlReg_reg_idx2$493
   908/935: $controlReg_reg_idx1$492
   909/935: $controlReg_mop$491
   910/935: $controlReg_mem_cmd$490
   911/935: $controlReg_custom_signal_0$489
   912/935: $controlReg_disable_mask$488
   913/935: $controlReg_tc$487
   914/935: $controlReg_mul$486
   915/935: $controlReg_mem$485
   916/935: $controlReg_is_vls12$484
   917/935: $controlReg_force_rm_rtz$483
   918/935: $controlReg_alu_fn$482
   919/935: $controlReg_mem_unsigned$481
   920/935: $controlReg_mem_whb$480
   921/935: $controlReg_sel_imm$479
   922/935: $controlReg_mask$478
   923/935: $controlReg_sel_alu3$477
   924/935: $controlReg_isvec$476
   925/935: $controlReg_sel_alu1$475
   926/935: $controlReg_sel_alu2$474
   927/935: $controlReg_reverse$473
   928/935: $controlReg_csr$472
   929/935: $controlReg_barrier$471
   930/935: $controlReg_simt_stack_op$470
   931/935: $controlReg_simt_stack$469
   932/935: $controlReg_branch$468
   933/935: $controlReg_fp$467
   934/935: $controlReg_wid$466
   935/935: $controlReg_inst$465
Creating decoders for process `\collectorUnit$operandCollector.collectorUnit_5.$442'.
     1/935: $customCtrlReg$2240
     2/935: $rsReg_2_31$2239
     3/935: $rsReg_2_30$2238
     4/935: $rsReg_2_29$2237
     5/935: $rsReg_2_28$2236
     6/935: $rsReg_2_27$2235
     7/935: $rsReg_2_26$2234
     8/935: $rsReg_2_25$2233
     9/935: $rsReg_2_24$2232
    10/935: $rsReg_2_23$2231
    11/935: $rsReg_2_22$2230
    12/935: $rsReg_2_21$2229
    13/935: $rsReg_2_20$2228
    14/935: $rsReg_2_19$2227
    15/935: $rsReg_2_18$2226
    16/935: $rsReg_2_17$2225
    17/935: $rsReg_2_16$2224
    18/935: $rsReg_2_15$2223
    19/935: $rsReg_2_14$2222
    20/935: $rsReg_2_13$2221
    21/935: $rsReg_2_12$2220
    22/935: $rsReg_2_11$2219
    23/935: $rsReg_2_10$2218
    24/935: $rsReg_2_9$2217
    25/935: $rsReg_2_8$2216
    26/935: $rsReg_2_7$2215
    27/935: $rsReg_2_6$2214
    28/935: $rsReg_2_5$2213
    29/935: $rsReg_2_4$2212
    30/935: $rsReg_2_3$2211
    31/935: $rsReg_2_2$2210
    32/935: $rsReg_2_1$2209
    33/935: $rsReg_2_0$2208
    34/935: $rsReg_2_31$2081
    35/935: $rsReg_2_30$2080
    36/935: $rsReg_2_29$2079
    37/935: $rsReg_2_28$2078
    38/935: $rsReg_2_27$2077
    39/935: $rsReg_2_26$2076
    40/935: $rsReg_2_25$2075
    41/935: $rsReg_2_24$2074
    42/935: $rsReg_2_23$2073
    43/935: $rsReg_2_22$2072
    44/935: $rsReg_2_21$2071
    45/935: $rsReg_2_20$2070
    46/935: $rsReg_2_19$2069
    47/935: $rsReg_2_18$2068
    48/935: $rsReg_2_17$2067
    49/935: $rsReg_2_16$2066
    50/935: $rsReg_2_15$2065
    51/935: $rsReg_2_14$2064
    52/935: $rsReg_2_13$2063
    53/935: $rsReg_2_12$2062
    54/935: $rsReg_2_11$2061
    55/935: $rsReg_2_10$2060
    56/935: $rsReg_2_9$2059
    57/935: $rsReg_2_8$2058
    58/935: $rsReg_2_7$2057
    59/935: $rsReg_2_6$2056
    60/935: $rsReg_2_5$2055
    61/935: $rsReg_2_4$2054
    62/935: $rsReg_2_3$2053
    63/935: $rsReg_2_2$2052
    64/935: $rsReg_2_1$2051
    65/935: $rsReg_2_0$2050
    66/935: $rsReg_2_31$1923
    67/935: $rsReg_2_30$1922
    68/935: $rsReg_2_29$1921
    69/935: $rsReg_2_28$1920
    70/935: $rsReg_2_27$1919
    71/935: $rsReg_2_26$1918
    72/935: $rsReg_2_25$1917
    73/935: $rsReg_2_24$1916
    74/935: $rsReg_2_23$1915
    75/935: $rsReg_2_22$1914
    76/935: $rsReg_2_21$1913
    77/935: $rsReg_2_20$1912
    78/935: $rsReg_2_19$1911
    79/935: $rsReg_2_18$1910
    80/935: $rsReg_2_17$1909
    81/935: $rsReg_2_16$1908
    82/935: $rsReg_2_15$1907
    83/935: $rsReg_2_14$1906
    84/935: $rsReg_2_13$1905
    85/935: $rsReg_2_12$1904
    86/935: $rsReg_2_11$1903
    87/935: $rsReg_2_10$1902
    88/935: $rsReg_2_9$1901
    89/935: $rsReg_2_8$1900
    90/935: $rsReg_2_7$1899
    91/935: $rsReg_2_6$1898
    92/935: $rsReg_2_5$1897
    93/935: $rsReg_2_4$1896
    94/935: $rsReg_2_3$1895
    95/935: $rsReg_2_2$1894
    96/935: $rsReg_2_1$1893
    97/935: $rsReg_2_0$1892
    98/935: $rsReg_2_31$1765
    99/935: $rsReg_2_30$1764
   100/935: $rsReg_2_29$1763
   101/935: $rsReg_2_28$1762
   102/935: $rsReg_2_27$1761
   103/935: $rsReg_2_26$1760
   104/935: $rsReg_2_25$1759
   105/935: $rsReg_2_24$1758
   106/935: $rsReg_2_23$1757
   107/935: $rsReg_2_22$1756
   108/935: $rsReg_2_21$1755
   109/935: $rsReg_2_20$1754
   110/935: $rsReg_2_19$1753
   111/935: $rsReg_2_18$1752
   112/935: $rsReg_2_17$1751
   113/935: $rsReg_2_16$1750
   114/935: $rsReg_2_15$1749
   115/935: $rsReg_2_14$1748
   116/935: $rsReg_2_13$1747
   117/935: $rsReg_2_12$1746
   118/935: $rsReg_2_11$1745
   119/935: $rsReg_2_10$1744
   120/935: $rsReg_2_9$1743
   121/935: $rsReg_2_8$1742
   122/935: $rsReg_2_7$1741
   123/935: $rsReg_2_6$1740
   124/935: $rsReg_2_5$1739
   125/935: $rsReg_2_4$1738
   126/935: $rsReg_2_3$1737
   127/935: $rsReg_2_2$1736
   128/935: $rsReg_2_1$1735
   129/935: $rsReg_2_0$1734
   130/935: $rsReg_2_31$1607
   131/935: $rsReg_2_30$1606
   132/935: $rsReg_2_29$1605
   133/935: $rsReg_2_28$1604
   134/935: $rsReg_2_27$1603
   135/935: $rsReg_2_26$1602
   136/935: $rsReg_2_25$1601
   137/935: $rsReg_2_24$1600
   138/935: $rsReg_2_23$1599
   139/935: $rsReg_2_22$1598
   140/935: $rsReg_2_21$1597
   141/935: $rsReg_2_20$1596
   142/935: $rsReg_2_19$1595
   143/935: $rsReg_2_18$1594
   144/935: $rsReg_2_17$1593
   145/935: $rsReg_2_16$1592
   146/935: $rsReg_2_15$1591
   147/935: $rsReg_2_14$1590
   148/935: $rsReg_2_13$1589
   149/935: $rsReg_2_12$1588
   150/935: $rsReg_2_11$1587
   151/935: $rsReg_2_10$1586
   152/935: $rsReg_2_9$1585
   153/935: $rsReg_2_8$1584
   154/935: $rsReg_2_7$1583
   155/935: $rsReg_2_6$1582
   156/935: $rsReg_2_5$1581
   157/935: $rsReg_2_4$1580
   158/935: $rsReg_2_3$1579
   159/935: $rsReg_2_2$1578
   160/935: $rsReg_2_1$1577
   161/935: $rsReg_2_0$1576
   162/935: $rsReg_1_31$1554
   163/935: $rsReg_1_30$1553
   164/935: $rsReg_1_29$1552
   165/935: $rsReg_1_28$1551
   166/935: $rsReg_1_27$1550
   167/935: $rsReg_1_26$1549
   168/935: $rsReg_1_25$1548
   169/935: $rsReg_1_24$1547
   170/935: $rsReg_1_23$1546
   171/935: $rsReg_1_22$1545
   172/935: $rsReg_1_21$1544
   173/935: $rsReg_1_20$1543
   174/935: $rsReg_1_19$1542
   175/935: $rsReg_1_18$1541
   176/935: $rsReg_1_17$1540
   177/935: $rsReg_1_16$1539
   178/935: $rsReg_1_15$1538
   179/935: $rsReg_1_14$1537
   180/935: $rsReg_1_13$1536
   181/935: $rsReg_1_12$1535
   182/935: $rsReg_1_11$1534
   183/935: $rsReg_1_10$1533
   184/935: $rsReg_1_9$1532
   185/935: $rsReg_1_8$1531
   186/935: $rsReg_1_7$1530
   187/935: $rsReg_1_6$1529
   188/935: $rsReg_1_5$1528
   189/935: $rsReg_1_4$1527
   190/935: $rsReg_1_3$1526
   191/935: $rsReg_1_2$1525
   192/935: $rsReg_1_1$1524
   193/935: $rsReg_1_0$1523
   194/935: $rsReg_1_31$1489
   195/935: $rsReg_1_30$1488
   196/935: $rsReg_1_29$1487
   197/935: $rsReg_1_28$1486
   198/935: $rsReg_1_27$1485
   199/935: $rsReg_1_26$1484
   200/935: $rsReg_1_25$1483
   201/935: $rsReg_1_24$1482
   202/935: $rsReg_1_23$1481
   203/935: $rsReg_1_22$1480
   204/935: $rsReg_1_21$1479
   205/935: $rsReg_1_20$1478
   206/935: $rsReg_1_19$1477
   207/935: $rsReg_1_18$1476
   208/935: $rsReg_1_17$1475
   209/935: $rsReg_1_16$1474
   210/935: $rsReg_1_15$1473
   211/935: $rsReg_1_14$1472
   212/935: $rsReg_1_13$1471
   213/935: $rsReg_1_12$1470
   214/935: $rsReg_1_11$1469
   215/935: $rsReg_1_10$1468
   216/935: $rsReg_1_9$1467
   217/935: $rsReg_1_8$1466
   218/935: $rsReg_1_7$1465
   219/935: $rsReg_1_6$1464
   220/935: $rsReg_1_5$1463
   221/935: $rsReg_1_4$1462
   222/935: $rsReg_1_3$1461
   223/935: $rsReg_1_2$1460
   224/935: $rsReg_1_1$1459
   225/935: $rsReg_1_0$1458
   226/935: $rsReg_1_31$1424
   227/935: $rsReg_1_30$1423
   228/935: $rsReg_1_29$1422
   229/935: $rsReg_1_28$1421
   230/935: $rsReg_1_27$1420
   231/935: $rsReg_1_26$1419
   232/935: $rsReg_1_25$1418
   233/935: $rsReg_1_24$1417
   234/935: $rsReg_1_23$1416
   235/935: $rsReg_1_22$1415
   236/935: $rsReg_1_21$1414
   237/935: $rsReg_1_20$1413
   238/935: $rsReg_1_19$1412
   239/935: $rsReg_1_18$1411
   240/935: $rsReg_1_17$1410
   241/935: $rsReg_1_16$1409
   242/935: $rsReg_1_15$1408
   243/935: $rsReg_1_14$1407
   244/935: $rsReg_1_13$1406
   245/935: $rsReg_1_12$1405
   246/935: $rsReg_1_11$1404
   247/935: $rsReg_1_10$1403
   248/935: $rsReg_1_9$1402
   249/935: $rsReg_1_8$1401
   250/935: $rsReg_1_7$1400
   251/935: $rsReg_1_6$1399
   252/935: $rsReg_1_5$1398
   253/935: $rsReg_1_4$1397
   254/935: $rsReg_1_3$1396
   255/935: $rsReg_1_2$1395
   256/935: $rsReg_1_1$1394
   257/935: $rsReg_1_0$1393
   258/935: $rsReg_1_31$1359
   259/935: $rsReg_1_30$1358
   260/935: $rsReg_1_29$1357
   261/935: $rsReg_1_28$1356
   262/935: $rsReg_1_27$1355
   263/935: $rsReg_1_26$1354
   264/935: $rsReg_1_25$1353
   265/935: $rsReg_1_24$1352
   266/935: $rsReg_1_23$1351
   267/935: $rsReg_1_22$1350
   268/935: $rsReg_1_21$1349
   269/935: $rsReg_1_20$1348
   270/935: $rsReg_1_19$1347
   271/935: $rsReg_1_18$1346
   272/935: $rsReg_1_17$1345
   273/935: $rsReg_1_16$1344
   274/935: $rsReg_1_15$1343
   275/935: $rsReg_1_14$1342
   276/935: $rsReg_1_13$1341
   277/935: $rsReg_1_12$1340
   278/935: $rsReg_1_11$1339
   279/935: $rsReg_1_10$1338
   280/935: $rsReg_1_9$1337
   281/935: $rsReg_1_8$1336
   282/935: $rsReg_1_7$1335
   283/935: $rsReg_1_6$1334
   284/935: $rsReg_1_5$1333
   285/935: $rsReg_1_4$1332
   286/935: $rsReg_1_3$1331
   287/935: $rsReg_1_2$1330
   288/935: $rsReg_1_1$1329
   289/935: $rsReg_1_0$1328
   290/935: $rsReg_1_31$1230
   291/935: $rsReg_1_30$1229
   292/935: $rsReg_1_29$1228
   293/935: $rsReg_1_28$1227
   294/935: $rsReg_1_27$1226
   295/935: $rsReg_1_26$1225
   296/935: $rsReg_1_25$1224
   297/935: $rsReg_1_24$1223
   298/935: $rsReg_1_23$1222
   299/935: $rsReg_1_22$1221
   300/935: $rsReg_1_21$1220
   301/935: $rsReg_1_20$1219
   302/935: $rsReg_1_19$1218
   303/935: $rsReg_1_18$1217
   304/935: $rsReg_1_17$1216
   305/935: $rsReg_1_16$1215
   306/935: $rsReg_1_15$1214
   307/935: $rsReg_1_14$1213
   308/935: $rsReg_1_13$1212
   309/935: $rsReg_1_12$1211
   310/935: $rsReg_1_11$1210
   311/935: $rsReg_1_10$1209
   312/935: $rsReg_1_9$1208
   313/935: $rsReg_1_8$1207
   314/935: $rsReg_1_7$1206
   315/935: $rsReg_1_6$1205
   316/935: $rsReg_1_5$1204
   317/935: $rsReg_1_4$1203
   318/935: $rsReg_1_3$1202
   319/935: $rsReg_1_2$1201
   320/935: $rsReg_1_1$1200
   321/935: $rsReg_1_0$1199
   322/935: $rsReg_1_31$1262
   323/935: $rsReg_1_30$1261
   324/935: $rsReg_1_29$1260
   325/935: $rsReg_1_28$1259
   326/935: $rsReg_1_27$1258
   327/935: $rsReg_1_26$1257
   328/935: $rsReg_1_25$1256
   329/935: $rsReg_1_24$1255
   330/935: $rsReg_1_23$1254
   331/935: $rsReg_1_22$1253
   332/935: $rsReg_1_21$1252
   333/935: $rsReg_1_20$1251
   334/935: $rsReg_1_19$1250
   335/935: $rsReg_1_18$1249
   336/935: $rsReg_1_17$1248
   337/935: $rsReg_1_16$1247
   338/935: $rsReg_1_15$1246
   339/935: $rsReg_1_14$1245
   340/935: $rsReg_1_13$1244
   341/935: $rsReg_1_12$1243
   342/935: $rsReg_1_11$1242
   343/935: $rsReg_1_10$1241
   344/935: $rsReg_1_9$1240
   345/935: $rsReg_1_8$1239
   346/935: $rsReg_1_7$1238
   347/935: $rsReg_1_6$1237
   348/935: $rsReg_1_5$1236
   349/935: $rsReg_1_4$1235
   350/935: $rsReg_1_3$1234
   351/935: $rsReg_1_2$1233
   352/935: $rsReg_1_1$1232
   353/935: $rsReg_1_0$1231
   354/935: $rsReg_1_31$1294
   355/935: $rsReg_1_30$1293
   356/935: $rsReg_1_29$1292
   357/935: $rsReg_1_28$1291
   358/935: $rsReg_1_27$1290
   359/935: $rsReg_1_26$1289
   360/935: $rsReg_1_25$1288
   361/935: $rsReg_1_24$1287
   362/935: $rsReg_1_23$1286
   363/935: $rsReg_1_22$1285
   364/935: $rsReg_1_21$1284
   365/935: $rsReg_1_20$1283
   366/935: $rsReg_1_19$1282
   367/935: $rsReg_1_18$1281
   368/935: $rsReg_1_17$1280
   369/935: $rsReg_1_16$1279
   370/935: $rsReg_1_15$1278
   371/935: $rsReg_1_14$1277
   372/935: $rsReg_1_13$1276
   373/935: $rsReg_1_12$1275
   374/935: $rsReg_1_11$1274
   375/935: $rsReg_1_10$1273
   376/935: $rsReg_1_9$1272
   377/935: $rsReg_1_8$1271
   378/935: $rsReg_1_7$1270
   379/935: $rsReg_1_6$1269
   380/935: $rsReg_1_5$1268
   381/935: $rsReg_1_4$1267
   382/935: $rsReg_1_3$1266
   383/935: $rsReg_1_2$1265
   384/935: $rsReg_1_1$1264
   385/935: $rsReg_1_0$1263
   386/935: $rsReg_0_31$989
   387/935: $rsReg_0_30$988
   388/935: $rsReg_0_29$987
   389/935: $rsReg_0_28$986
   390/935: $rsReg_0_27$985
   391/935: $rsReg_0_26$984
   392/935: $rsReg_0_25$983
   393/935: $rsReg_0_24$982
   394/935: $rsReg_0_23$981
   395/935: $rsReg_0_22$980
   396/935: $rsReg_0_21$979
   397/935: $rsReg_0_20$978
   398/935: $rsReg_0_19$977
   399/935: $rsReg_0_18$976
   400/935: $rsReg_0_17$975
   401/935: $rsReg_0_16$974
   402/935: $rsReg_0_15$973
   403/935: $rsReg_0_14$972
   404/935: $rsReg_0_13$971
   405/935: $rsReg_0_12$970
   406/935: $rsReg_0_11$969
   407/935: $rsReg_0_10$968
   408/935: $rsReg_0_9$967
   409/935: $rsReg_0_8$966
   410/935: $rsReg_0_7$965
   411/935: $rsReg_0_6$964
   412/935: $rsReg_0_5$963
   413/935: $rsReg_0_4$962
   414/935: $rsReg_0_3$961
   415/935: $rsReg_0_2$960
   416/935: $rsReg_0_1$959
   417/935: $rsReg_0_0$958
   418/935: $rsReg_0_31$1021
   419/935: $rsReg_0_30$1020
   420/935: $rsReg_0_29$1019
   421/935: $rsReg_0_28$1018
   422/935: $rsReg_0_27$1017
   423/935: $rsReg_0_26$1016
   424/935: $rsReg_0_25$1015
   425/935: $rsReg_0_24$1014
   426/935: $rsReg_0_23$1013
   427/935: $rsReg_0_22$1012
   428/935: $rsReg_0_21$1011
   429/935: $rsReg_0_20$1010
   430/935: $rsReg_0_19$1009
   431/935: $rsReg_0_18$1008
   432/935: $rsReg_0_17$1007
   433/935: $rsReg_0_16$1006
   434/935: $rsReg_0_15$1005
   435/935: $rsReg_0_14$1004
   436/935: $rsReg_0_13$1003
   437/935: $rsReg_0_12$1002
   438/935: $rsReg_0_11$1001
   439/935: $rsReg_0_10$1000
   440/935: $rsReg_0_9$999
   441/935: $rsReg_0_8$998
   442/935: $rsReg_0_7$997
   443/935: $rsReg_0_6$996
   444/935: $rsReg_0_5$995
   445/935: $rsReg_0_4$994
   446/935: $rsReg_0_3$993
   447/935: $rsReg_0_2$992
   448/935: $rsReg_0_1$991
   449/935: $rsReg_0_0$990
   450/935: $rsReg_0_31$1053
   451/935: $rsReg_0_30$1052
   452/935: $rsReg_0_29$1051
   453/935: $rsReg_0_28$1050
   454/935: $rsReg_0_27$1049
   455/935: $rsReg_0_26$1048
   456/935: $rsReg_0_25$1047
   457/935: $rsReg_0_24$1046
   458/935: $rsReg_0_23$1045
   459/935: $rsReg_0_22$1044
   460/935: $rsReg_0_21$1043
   461/935: $rsReg_0_20$1042
   462/935: $rsReg_0_19$1041
   463/935: $rsReg_0_18$1040
   464/935: $rsReg_0_17$1039
   465/935: $rsReg_0_16$1038
   466/935: $rsReg_0_15$1037
   467/935: $rsReg_0_14$1036
   468/935: $rsReg_0_13$1035
   469/935: $rsReg_0_12$1034
   470/935: $rsReg_0_11$1033
   471/935: $rsReg_0_10$1032
   472/935: $rsReg_0_9$1031
   473/935: $rsReg_0_8$1030
   474/935: $rsReg_0_7$1029
   475/935: $rsReg_0_6$1028
   476/935: $rsReg_0_5$1027
   477/935: $rsReg_0_4$1026
   478/935: $rsReg_0_3$1025
   479/935: $rsReg_0_2$1024
   480/935: $rsReg_0_1$1023
   481/935: $rsReg_0_0$1022
   482/935: $rsReg_0_31$1085
   483/935: $rsReg_0_30$1084
   484/935: $rsReg_0_29$1083
   485/935: $rsReg_0_28$1082
   486/935: $rsReg_0_27$1081
   487/935: $rsReg_0_26$1080
   488/935: $rsReg_0_25$1079
   489/935: $rsReg_0_24$1078
   490/935: $rsReg_0_23$1077
   491/935: $rsReg_0_22$1076
   492/935: $rsReg_0_21$1075
   493/935: $rsReg_0_20$1074
   494/935: $rsReg_0_19$1073
   495/935: $rsReg_0_18$1072
   496/935: $rsReg_0_17$1071
   497/935: $rsReg_0_16$1070
   498/935: $rsReg_0_15$1069
   499/935: $rsReg_0_14$1068
   500/935: $rsReg_0_13$1067
   501/935: $rsReg_0_12$1066
   502/935: $rsReg_0_11$1065
   503/935: $rsReg_0_10$1064
   504/935: $rsReg_0_9$1063
   505/935: $rsReg_0_8$1062
   506/935: $rsReg_0_7$1061
   507/935: $rsReg_0_6$1060
   508/935: $rsReg_0_5$1059
   509/935: $rsReg_0_4$1058
   510/935: $rsReg_0_3$1057
   511/935: $rsReg_0_2$1056
   512/935: $rsReg_0_1$1055
   513/935: $rsReg_0_0$1054
   514/935: $rsReg_0_31$1117
   515/935: $rsReg_0_30$1116
   516/935: $rsReg_0_29$1115
   517/935: $rsReg_0_28$1114
   518/935: $rsReg_0_27$1113
   519/935: $rsReg_0_26$1112
   520/935: $rsReg_0_25$1111
   521/935: $rsReg_0_24$1110
   522/935: $rsReg_0_23$1109
   523/935: $rsReg_0_22$1108
   524/935: $rsReg_0_21$1107
   525/935: $rsReg_0_20$1106
   526/935: $rsReg_0_19$1105
   527/935: $rsReg_0_18$1104
   528/935: $rsReg_0_17$1103
   529/935: $rsReg_0_16$1102
   530/935: $rsReg_0_15$1101
   531/935: $rsReg_0_14$1100
   532/935: $rsReg_0_13$1099
   533/935: $rsReg_0_12$1098
   534/935: $rsReg_0_11$1097
   535/935: $rsReg_0_10$1096
   536/935: $rsReg_0_9$1095
   537/935: $rsReg_0_8$1094
   538/935: $rsReg_0_7$1093
   539/935: $rsReg_0_6$1092
   540/935: $rsReg_0_5$1091
   541/935: $rsReg_0_4$1090
   542/935: $rsReg_0_3$1089
   543/935: $rsReg_0_2$1088
   544/935: $rsReg_0_1$1087
   545/935: $rsReg_0_0$1086
   546/935: $rsReg_0_31$1149
   547/935: $rsReg_0_30$1148
   548/935: $rsReg_0_29$1147
   549/935: $rsReg_0_28$1146
   550/935: $rsReg_0_27$1145
   551/935: $rsReg_0_26$1144
   552/935: $rsReg_0_25$1143
   553/935: $rsReg_0_24$1142
   554/935: $rsReg_0_23$1141
   555/935: $rsReg_0_22$1140
   556/935: $rsReg_0_21$1139
   557/935: $rsReg_0_20$1138
   558/935: $rsReg_0_19$1137
   559/935: $rsReg_0_18$1136
   560/935: $rsReg_0_17$1135
   561/935: $rsReg_0_16$1134
   562/935: $rsReg_0_15$1133
   563/935: $rsReg_0_14$1132
   564/935: $rsReg_0_13$1131
   565/935: $rsReg_0_12$1130
   566/935: $rsReg_0_11$1129
   567/935: $rsReg_0_10$1128
   568/935: $rsReg_0_9$1127
   569/935: $rsReg_0_8$1126
   570/935: $rsReg_0_7$1125
   571/935: $rsReg_0_6$1124
   572/935: $rsReg_0_5$1123
   573/935: $rsReg_0_4$1122
   574/935: $rsReg_0_3$1121
   575/935: $rsReg_0_2$1120
   576/935: $rsReg_0_1$1119
   577/935: $rsReg_0_0$1118
   578/935: $rsReg_0_31$1181
   579/935: $rsReg_0_30$1180
   580/935: $rsReg_0_29$1179
   581/935: $rsReg_0_28$1178
   582/935: $rsReg_0_27$1177
   583/935: $rsReg_0_26$1176
   584/935: $rsReg_0_25$1175
   585/935: $rsReg_0_24$1174
   586/935: $rsReg_0_23$1173
   587/935: $rsReg_0_22$1172
   588/935: $rsReg_0_21$1171
   589/935: $rsReg_0_20$1170
   590/935: $rsReg_0_19$1169
   591/935: $rsReg_0_18$1168
   592/935: $rsReg_0_17$1167
   593/935: $rsReg_0_16$1166
   594/935: $rsReg_0_15$1165
   595/935: $rsReg_0_14$1164
   596/935: $rsReg_0_13$1163
   597/935: $rsReg_0_12$1162
   598/935: $rsReg_0_11$1161
   599/935: $rsReg_0_10$1160
   600/935: $rsReg_0_9$1159
   601/935: $rsReg_0_8$1158
   602/935: $rsReg_0_7$1157
   603/935: $rsReg_0_6$1156
   604/935: $rsReg_0_5$1155
   605/935: $rsReg_0_4$1154
   606/935: $rsReg_0_3$1153
   607/935: $rsReg_0_2$1152
   608/935: $rsReg_0_1$1151
   609/935: $rsReg_0_0$1150
   610/935: $state$819
   611/935: $state$818
   612/935: $state$824
   613/935: $valid_3$823
   614/935: $valid_2$822
   615/935: $valid_1$821
   616/935: $valid_0$820
   617/935: $state$810
   618/935: $state$811
   619/935: $ready_0$735
   620/935: $state$2346
   621/935: $customCtrlReg$2345
   622/935: $rsReg_2_31$2344
   623/935: $rsReg_2_30$2343
   624/935: $rsReg_2_29$2342
   625/935: $rsReg_2_28$2341
   626/935: $rsReg_2_27$2340
   627/935: $rsReg_2_26$2339
   628/935: $rsReg_2_25$2338
   629/935: $rsReg_2_24$2337
   630/935: $rsReg_2_23$2336
   631/935: $rsReg_2_22$2335
   632/935: $rsReg_2_21$2334
   633/935: $rsReg_2_20$2333
   634/935: $rsReg_2_19$2332
   635/935: $rsReg_2_18$2331
   636/935: $rsReg_2_17$2330
   637/935: $rsReg_2_16$2329
   638/935: $rsReg_2_15$2328
   639/935: $rsReg_2_14$2327
   640/935: $rsReg_2_13$2326
   641/935: $rsReg_2_12$2325
   642/935: $rsReg_2_11$2324
   643/935: $rsReg_2_10$2323
   644/935: $rsReg_2_9$2322
   645/935: $rsReg_2_8$2321
   646/935: $rsReg_2_7$2320
   647/935: $rsReg_2_6$2319
   648/935: $rsReg_2_5$2318
   649/935: $rsReg_2_4$2317
   650/935: $rsReg_2_3$2316
   651/935: $rsReg_2_2$2315
   652/935: $rsReg_2_1$2314
   653/935: $rsReg_2_0$2313
   654/935: $rsReg_1_31$2312
   655/935: $rsReg_1_30$2311
   656/935: $rsReg_1_29$2310
   657/935: $rsReg_1_28$2309
   658/935: $rsReg_1_27$2308
   659/935: $rsReg_1_26$2307
   660/935: $rsReg_1_25$2306
   661/935: $rsReg_1_24$2305
   662/935: $rsReg_1_23$2304
   663/935: $rsReg_1_22$2303
   664/935: $rsReg_1_21$2302
   665/935: $rsReg_1_20$2301
   666/935: $rsReg_1_19$2300
   667/935: $rsReg_1_18$2299
   668/935: $rsReg_1_17$2298
   669/935: $rsReg_1_16$2297
   670/935: $rsReg_1_15$2296
   671/935: $rsReg_1_14$2295
   672/935: $rsReg_1_13$2294
   673/935: $rsReg_1_12$2293
   674/935: $rsReg_1_11$2292
   675/935: $rsReg_1_10$2291
   676/935: $rsReg_1_9$2290
   677/935: $rsReg_1_8$2289
   678/935: $rsReg_1_7$2288
   679/935: $rsReg_1_6$2287
   680/935: $rsReg_1_5$2286
   681/935: $rsReg_1_4$2285
   682/935: $rsReg_1_3$2284
   683/935: $rsReg_1_2$2283
   684/935: $rsReg_1_1$2282
   685/935: $rsReg_1_0$2281
   686/935: $rsReg_0_31$2280
   687/935: $rsReg_0_30$2279
   688/935: $rsReg_0_29$2278
   689/935: $rsReg_0_28$2277
   690/935: $rsReg_0_27$2276
   691/935: $rsReg_0_26$2275
   692/935: $rsReg_0_25$2274
   693/935: $rsReg_0_24$2273
   694/935: $rsReg_0_23$2272
   695/935: $rsReg_0_22$2271
   696/935: $rsReg_0_21$2270
   697/935: $rsReg_0_20$2269
   698/935: $rsReg_0_19$2268
   699/935: $rsReg_0_18$2267
   700/935: $rsReg_0_17$2266
   701/935: $rsReg_0_16$2265
   702/935: $rsReg_0_15$2264
   703/935: $rsReg_0_14$2263
   704/935: $rsReg_0_13$2262
   705/935: $rsReg_0_12$2261
   706/935: $rsReg_0_11$2260
   707/935: $rsReg_0_10$2259
   708/935: $rsReg_0_9$2258
   709/935: $rsReg_0_8$2257
   710/935: $rsReg_0_7$2256
   711/935: $rsReg_0_6$2255
   712/935: $rsReg_0_5$2254
   713/935: $rsReg_0_4$2253
   714/935: $rsReg_0_3$2252
   715/935: $rsReg_0_2$2251
   716/935: $rsReg_0_1$2250
   717/935: $rsReg_0_0$2249
   718/935: $valid_3$2248
   719/935: $valid_2$2247
   720/935: $valid_1$2246
   721/935: $valid_0$2245
   722/935: $ready_3$2244
   723/935: $ready_2$2243
   724/935: $ready_1$2242
   725/935: $ready_0$2241
   726/935: $mask_31$700
   727/935: $mask_30$699
   728/935: $mask_29$698
   729/935: $mask_28$697
   730/935: $mask_27$696
   731/935: $mask_26$695
   732/935: $mask_25$694
   733/935: $mask_24$693
   734/935: $mask_23$692
   735/935: $mask_22$691
   736/935: $mask_21$690
   737/935: $mask_20$689
   738/935: $mask_19$688
   739/935: $mask_18$687
   740/935: $mask_17$686
   741/935: $mask_16$685
   742/935: $mask_15$684
   743/935: $mask_14$683
   744/935: $mask_13$682
   745/935: $mask_12$681
   746/935: $mask_11$680
   747/935: $mask_10$679
   748/935: $mask_9$678
   749/935: $mask_8$677
   750/935: $mask_7$676
   751/935: $mask_6$675
   752/935: $mask_5$674
   753/935: $mask_4$673
   754/935: $mask_3$672
   755/935: $mask_2$671
   756/935: $mask_1$670
   757/935: $mask_0$669
   758/935: $mask_31$668
   759/935: $mask_30$667
   760/935: $mask_29$666
   761/935: $mask_28$665
   762/935: $mask_27$664
   763/935: $mask_26$663
   764/935: $mask_25$662
   765/935: $mask_24$661
   766/935: $mask_23$660
   767/935: $mask_22$659
   768/935: $mask_21$658
   769/935: $mask_20$657
   770/935: $mask_19$656
   771/935: $mask_18$655
   772/935: $mask_17$654
   773/935: $mask_16$653
   774/935: $mask_15$652
   775/935: $mask_14$651
   776/935: $mask_13$650
   777/935: $mask_12$649
   778/935: $mask_11$648
   779/935: $mask_10$647
   780/935: $mask_9$646
   781/935: $mask_8$645
   782/935: $mask_7$644
   783/935: $mask_6$643
   784/935: $mask_5$642
   785/935: $mask_4$641
   786/935: $mask_3$640
   787/935: $mask_2$639
   788/935: $mask_1$638
   789/935: $mask_0$637
   790/935: $mask_31$636
   791/935: $mask_30$635
   792/935: $mask_29$634
   793/935: $mask_28$633
   794/935: $mask_27$632
   795/935: $mask_26$631
   796/935: $mask_25$630
   797/935: $mask_24$629
   798/935: $mask_23$628
   799/935: $mask_22$627
   800/935: $mask_21$626
   801/935: $mask_20$625
   802/935: $mask_19$624
   803/935: $mask_18$623
   804/935: $mask_17$622
   805/935: $mask_16$621
   806/935: $mask_15$620
   807/935: $mask_14$619
   808/935: $mask_13$618
   809/935: $mask_12$617
   810/935: $mask_11$616
   811/935: $mask_10$615
   812/935: $mask_9$614
   813/935: $mask_8$613
   814/935: $mask_7$612
   815/935: $mask_6$611
   816/935: $mask_5$610
   817/935: $mask_4$609
   818/935: $mask_3$608
   819/935: $mask_2$607
   820/935: $mask_1$606
   821/935: $mask_0$605
   822/935: $mask_31$604
   823/935: $mask_30$603
   824/935: $mask_29$602
   825/935: $mask_28$601
   826/935: $mask_27$600
   827/935: $mask_26$599
   828/935: $mask_25$598
   829/935: $mask_24$597
   830/935: $mask_23$596
   831/935: $mask_22$595
   832/935: $mask_21$594
   833/935: $mask_20$593
   834/935: $mask_19$592
   835/935: $mask_18$591
   836/935: $mask_17$590
   837/935: $mask_16$589
   838/935: $mask_15$588
   839/935: $mask_14$587
   840/935: $mask_13$586
   841/935: $mask_12$585
   842/935: $mask_11$584
   843/935: $mask_10$583
   844/935: $mask_9$582
   845/935: $mask_8$581
   846/935: $mask_7$580
   847/935: $mask_6$579
   848/935: $mask_5$578
   849/935: $mask_4$577
   850/935: $mask_3$576
   851/935: $mask_2$575
   852/935: $mask_1$574
   853/935: $mask_0$573
   854/935: $mask_31$572
   855/935: $mask_30$571
   856/935: $mask_29$570
   857/935: $mask_28$569
   858/935: $mask_27$568
   859/935: $mask_26$567
   860/935: $mask_25$566
   861/935: $mask_24$565
   862/935: $mask_23$564
   863/935: $mask_22$563
   864/935: $mask_21$562
   865/935: $mask_20$561
   866/935: $mask_19$560
   867/935: $mask_18$559
   868/935: $mask_17$558
   869/935: $mask_16$557
   870/935: $mask_15$556
   871/935: $mask_14$555
   872/935: $mask_13$554
   873/935: $mask_12$553
   874/935: $mask_11$552
   875/935: $mask_10$551
   876/935: $mask_9$550
   877/935: $mask_8$549
   878/935: $mask_7$548
   879/935: $mask_6$547
   880/935: $mask_5$546
   881/935: $mask_4$545
   882/935: $mask_3$544
   883/935: $mask_2$543
   884/935: $mask_1$542
   885/935: $regIdx_2$515
   886/935: $regIdx_1$514
   887/935: $regIdx_0$513
   888/935: $rsType_2$512
   889/935: $rsType_1$511
   890/935: $rsType_0$510
   891/935: $controlReg_rl$509
   892/935: $controlReg_aq$508
   893/935: $controlReg_atomic$507
   894/935: $controlReg_spike_info_inst$506
   895/935: $controlReg_spike_info_pc$505
   896/935: $controlReg_spike_info_sm_id$504
   897/935: $controlReg_imm_ext$503
   898/935: $controlReg_pc$502
   899/935: $controlReg_wxd$501
   900/935: $controlReg_writemask$500
   901/935: $controlReg_readmask$499
   902/935: $controlReg_sfu$498
   903/935: $controlReg_fence$497
   904/935: $controlReg_wvd$496
   905/935: $controlReg_reg_idxw$495
   906/935: $controlReg_reg_idx3$494
   907/935: $controlReg_reg_idx2$493
   908/935: $controlReg_reg_idx1$492
   909/935: $controlReg_mop$491
   910/935: $controlReg_mem_cmd$490
   911/935: $controlReg_custom_signal_0$489
   912/935: $controlReg_disable_mask$488
   913/935: $controlReg_tc$487
   914/935: $controlReg_mul$486
   915/935: $controlReg_mem$485
   916/935: $controlReg_is_vls12$484
   917/935: $controlReg_force_rm_rtz$483
   918/935: $controlReg_alu_fn$482
   919/935: $controlReg_mem_unsigned$481
   920/935: $controlReg_mem_whb$480
   921/935: $controlReg_sel_imm$479
   922/935: $controlReg_mask$478
   923/935: $controlReg_sel_alu3$477
   924/935: $controlReg_isvec$476
   925/935: $controlReg_sel_alu1$475
   926/935: $controlReg_sel_alu2$474
   927/935: $controlReg_reverse$473
   928/935: $controlReg_csr$472
   929/935: $controlReg_barrier$471
   930/935: $controlReg_simt_stack_op$470
   931/935: $controlReg_simt_stack$469
   932/935: $controlReg_branch$468
   933/935: $controlReg_fp$467
   934/935: $controlReg_wid$466
   935/935: $controlReg_inst$465
Creating decoders for process `\collectorUnit$operandCollector.collectorUnit_4.$442'.
     1/935: $customCtrlReg$2240
     2/935: $rsReg_2_31$2239
     3/935: $rsReg_2_30$2238
     4/935: $rsReg_2_29$2237
     5/935: $rsReg_2_28$2236
     6/935: $rsReg_2_27$2235
     7/935: $rsReg_2_26$2234
     8/935: $rsReg_2_25$2233
     9/935: $rsReg_2_24$2232
    10/935: $rsReg_2_23$2231
    11/935: $rsReg_2_22$2230
    12/935: $rsReg_2_21$2229
    13/935: $rsReg_2_20$2228
    14/935: $rsReg_2_19$2227
    15/935: $rsReg_2_18$2226
    16/935: $rsReg_2_17$2225
    17/935: $rsReg_2_16$2224
    18/935: $rsReg_2_15$2223
    19/935: $rsReg_2_14$2222
    20/935: $rsReg_2_13$2221
    21/935: $rsReg_2_12$2220
    22/935: $rsReg_2_11$2219
    23/935: $rsReg_2_10$2218
    24/935: $rsReg_2_9$2217
    25/935: $rsReg_2_8$2216
    26/935: $rsReg_2_7$2215
    27/935: $rsReg_2_6$2214
    28/935: $rsReg_2_5$2213
    29/935: $rsReg_2_4$2212
    30/935: $rsReg_2_3$2211
    31/935: $rsReg_2_2$2210
    32/935: $rsReg_2_1$2209
    33/935: $rsReg_2_0$2208
    34/935: $rsReg_2_31$2081
    35/935: $rsReg_2_30$2080
    36/935: $rsReg_2_29$2079
    37/935: $rsReg_2_28$2078
    38/935: $rsReg_2_27$2077
    39/935: $rsReg_2_26$2076
    40/935: $rsReg_2_25$2075
    41/935: $rsReg_2_24$2074
    42/935: $rsReg_2_23$2073
    43/935: $rsReg_2_22$2072
    44/935: $rsReg_2_21$2071
    45/935: $rsReg_2_20$2070
    46/935: $rsReg_2_19$2069
    47/935: $rsReg_2_18$2068
    48/935: $rsReg_2_17$2067
    49/935: $rsReg_2_16$2066
    50/935: $rsReg_2_15$2065
    51/935: $rsReg_2_14$2064
    52/935: $rsReg_2_13$2063
    53/935: $rsReg_2_12$2062
    54/935: $rsReg_2_11$2061
    55/935: $rsReg_2_10$2060
    56/935: $rsReg_2_9$2059
    57/935: $rsReg_2_8$2058
    58/935: $rsReg_2_7$2057
    59/935: $rsReg_2_6$2056
    60/935: $rsReg_2_5$2055
    61/935: $rsReg_2_4$2054
    62/935: $rsReg_2_3$2053
    63/935: $rsReg_2_2$2052
    64/935: $rsReg_2_1$2051
    65/935: $rsReg_2_0$2050
    66/935: $rsReg_2_31$1923
    67/935: $rsReg_2_30$1922
    68/935: $rsReg_2_29$1921
    69/935: $rsReg_2_28$1920
    70/935: $rsReg_2_27$1919
    71/935: $rsReg_2_26$1918
    72/935: $rsReg_2_25$1917
    73/935: $rsReg_2_24$1916
    74/935: $rsReg_2_23$1915
    75/935: $rsReg_2_22$1914
    76/935: $rsReg_2_21$1913
    77/935: $rsReg_2_20$1912
    78/935: $rsReg_2_19$1911
    79/935: $rsReg_2_18$1910
    80/935: $rsReg_2_17$1909
    81/935: $rsReg_2_16$1908
    82/935: $rsReg_2_15$1907
    83/935: $rsReg_2_14$1906
    84/935: $rsReg_2_13$1905
    85/935: $rsReg_2_12$1904
    86/935: $rsReg_2_11$1903
    87/935: $rsReg_2_10$1902
    88/935: $rsReg_2_9$1901
    89/935: $rsReg_2_8$1900
    90/935: $rsReg_2_7$1899
    91/935: $rsReg_2_6$1898
    92/935: $rsReg_2_5$1897
    93/935: $rsReg_2_4$1896
    94/935: $rsReg_2_3$1895
    95/935: $rsReg_2_2$1894
    96/935: $rsReg_2_1$1893
    97/935: $rsReg_2_0$1892
    98/935: $rsReg_2_31$1765
    99/935: $rsReg_2_30$1764
   100/935: $rsReg_2_29$1763
   101/935: $rsReg_2_28$1762
   102/935: $rsReg_2_27$1761
   103/935: $rsReg_2_26$1760
   104/935: $rsReg_2_25$1759
   105/935: $rsReg_2_24$1758
   106/935: $rsReg_2_23$1757
   107/935: $rsReg_2_22$1756
   108/935: $rsReg_2_21$1755
   109/935: $rsReg_2_20$1754
   110/935: $rsReg_2_19$1753
   111/935: $rsReg_2_18$1752
   112/935: $rsReg_2_17$1751
   113/935: $rsReg_2_16$1750
   114/935: $rsReg_2_15$1749
   115/935: $rsReg_2_14$1748
   116/935: $rsReg_2_13$1747
   117/935: $rsReg_2_12$1746
   118/935: $rsReg_2_11$1745
   119/935: $rsReg_2_10$1744
   120/935: $rsReg_2_9$1743
   121/935: $rsReg_2_8$1742
   122/935: $rsReg_2_7$1741
   123/935: $rsReg_2_6$1740
   124/935: $rsReg_2_5$1739
   125/935: $rsReg_2_4$1738
   126/935: $rsReg_2_3$1737
   127/935: $rsReg_2_2$1736
   128/935: $rsReg_2_1$1735
   129/935: $rsReg_2_0$1734
   130/935: $rsReg_2_31$1607
   131/935: $rsReg_2_30$1606
   132/935: $rsReg_2_29$1605
   133/935: $rsReg_2_28$1604
   134/935: $rsReg_2_27$1603
   135/935: $rsReg_2_26$1602
   136/935: $rsReg_2_25$1601
   137/935: $rsReg_2_24$1600
   138/935: $rsReg_2_23$1599
   139/935: $rsReg_2_22$1598
   140/935: $rsReg_2_21$1597
   141/935: $rsReg_2_20$1596
   142/935: $rsReg_2_19$1595
   143/935: $rsReg_2_18$1594
   144/935: $rsReg_2_17$1593
   145/935: $rsReg_2_16$1592
   146/935: $rsReg_2_15$1591
   147/935: $rsReg_2_14$1590
   148/935: $rsReg_2_13$1589
   149/935: $rsReg_2_12$1588
   150/935: $rsReg_2_11$1587
   151/935: $rsReg_2_10$1586
   152/935: $rsReg_2_9$1585
   153/935: $rsReg_2_8$1584
   154/935: $rsReg_2_7$1583
   155/935: $rsReg_2_6$1582
   156/935: $rsReg_2_5$1581
   157/935: $rsReg_2_4$1580
   158/935: $rsReg_2_3$1579
   159/935: $rsReg_2_2$1578
   160/935: $rsReg_2_1$1577
   161/935: $rsReg_2_0$1576
   162/935: $rsReg_1_31$1554
   163/935: $rsReg_1_30$1553
   164/935: $rsReg_1_29$1552
   165/935: $rsReg_1_28$1551
   166/935: $rsReg_1_27$1550
   167/935: $rsReg_1_26$1549
   168/935: $rsReg_1_25$1548
   169/935: $rsReg_1_24$1547
   170/935: $rsReg_1_23$1546
   171/935: $rsReg_1_22$1545
   172/935: $rsReg_1_21$1544
   173/935: $rsReg_1_20$1543
   174/935: $rsReg_1_19$1542
   175/935: $rsReg_1_18$1541
   176/935: $rsReg_1_17$1540
   177/935: $rsReg_1_16$1539
   178/935: $rsReg_1_15$1538
   179/935: $rsReg_1_14$1537
   180/935: $rsReg_1_13$1536
   181/935: $rsReg_1_12$1535
   182/935: $rsReg_1_11$1534
   183/935: $rsReg_1_10$1533
   184/935: $rsReg_1_9$1532
   185/935: $rsReg_1_8$1531
   186/935: $rsReg_1_7$1530
   187/935: $rsReg_1_6$1529
   188/935: $rsReg_1_5$1528
   189/935: $rsReg_1_4$1527
   190/935: $rsReg_1_3$1526
   191/935: $rsReg_1_2$1525
   192/935: $rsReg_1_1$1524
   193/935: $rsReg_1_0$1523
   194/935: $rsReg_1_31$1489
   195/935: $rsReg_1_30$1488
   196/935: $rsReg_1_29$1487
   197/935: $rsReg_1_28$1486
   198/935: $rsReg_1_27$1485
   199/935: $rsReg_1_26$1484
   200/935: $rsReg_1_25$1483
   201/935: $rsReg_1_24$1482
   202/935: $rsReg_1_23$1481
   203/935: $rsReg_1_22$1480
   204/935: $rsReg_1_21$1479
   205/935: $rsReg_1_20$1478
   206/935: $rsReg_1_19$1477
   207/935: $rsReg_1_18$1476
   208/935: $rsReg_1_17$1475
   209/935: $rsReg_1_16$1474
   210/935: $rsReg_1_15$1473
   211/935: $rsReg_1_14$1472
   212/935: $rsReg_1_13$1471
   213/935: $rsReg_1_12$1470
   214/935: $rsReg_1_11$1469
   215/935: $rsReg_1_10$1468
   216/935: $rsReg_1_9$1467
   217/935: $rsReg_1_8$1466
   218/935: $rsReg_1_7$1465
   219/935: $rsReg_1_6$1464
   220/935: $rsReg_1_5$1463
   221/935: $rsReg_1_4$1462
   222/935: $rsReg_1_3$1461
   223/935: $rsReg_1_2$1460
   224/935: $rsReg_1_1$1459
   225/935: $rsReg_1_0$1458
   226/935: $rsReg_1_31$1424
   227/935: $rsReg_1_30$1423
   228/935: $rsReg_1_29$1422
   229/935: $rsReg_1_28$1421
   230/935: $rsReg_1_27$1420
   231/935: $rsReg_1_26$1419
   232/935: $rsReg_1_25$1418
   233/935: $rsReg_1_24$1417
   234/935: $rsReg_1_23$1416
   235/935: $rsReg_1_22$1415
   236/935: $rsReg_1_21$1414
   237/935: $rsReg_1_20$1413
   238/935: $rsReg_1_19$1412
   239/935: $rsReg_1_18$1411
   240/935: $rsReg_1_17$1410
   241/935: $rsReg_1_16$1409
   242/935: $rsReg_1_15$1408
   243/935: $rsReg_1_14$1407
   244/935: $rsReg_1_13$1406
   245/935: $rsReg_1_12$1405
   246/935: $rsReg_1_11$1404
   247/935: $rsReg_1_10$1403
   248/935: $rsReg_1_9$1402
   249/935: $rsReg_1_8$1401
   250/935: $rsReg_1_7$1400
   251/935: $rsReg_1_6$1399
   252/935: $rsReg_1_5$1398
   253/935: $rsReg_1_4$1397
   254/935: $rsReg_1_3$1396
   255/935: $rsReg_1_2$1395
   256/935: $rsReg_1_1$1394
   257/935: $rsReg_1_0$1393
   258/935: $rsReg_1_31$1359
   259/935: $rsReg_1_30$1358
   260/935: $rsReg_1_29$1357
   261/935: $rsReg_1_28$1356
   262/935: $rsReg_1_27$1355
   263/935: $rsReg_1_26$1354
   264/935: $rsReg_1_25$1353
   265/935: $rsReg_1_24$1352
   266/935: $rsReg_1_23$1351
   267/935: $rsReg_1_22$1350
   268/935: $rsReg_1_21$1349
   269/935: $rsReg_1_20$1348
   270/935: $rsReg_1_19$1347
   271/935: $rsReg_1_18$1346
   272/935: $rsReg_1_17$1345
   273/935: $rsReg_1_16$1344
   274/935: $rsReg_1_15$1343
   275/935: $rsReg_1_14$1342
   276/935: $rsReg_1_13$1341
   277/935: $rsReg_1_12$1340
   278/935: $rsReg_1_11$1339
   279/935: $rsReg_1_10$1338
   280/935: $rsReg_1_9$1337
   281/935: $rsReg_1_8$1336
   282/935: $rsReg_1_7$1335
   283/935: $rsReg_1_6$1334
   284/935: $rsReg_1_5$1333
   285/935: $rsReg_1_4$1332
   286/935: $rsReg_1_3$1331
   287/935: $rsReg_1_2$1330
   288/935: $rsReg_1_1$1329
   289/935: $rsReg_1_0$1328
   290/935: $rsReg_1_31$1230
   291/935: $rsReg_1_30$1229
   292/935: $rsReg_1_29$1228
   293/935: $rsReg_1_28$1227
   294/935: $rsReg_1_27$1226
   295/935: $rsReg_1_26$1225
   296/935: $rsReg_1_25$1224
   297/935: $rsReg_1_24$1223
   298/935: $rsReg_1_23$1222
   299/935: $rsReg_1_22$1221
   300/935: $rsReg_1_21$1220
   301/935: $rsReg_1_20$1219
   302/935: $rsReg_1_19$1218
   303/935: $rsReg_1_18$1217
   304/935: $rsReg_1_17$1216
   305/935: $rsReg_1_16$1215
   306/935: $rsReg_1_15$1214
   307/935: $rsReg_1_14$1213
   308/935: $rsReg_1_13$1212
   309/935: $rsReg_1_12$1211
   310/935: $rsReg_1_11$1210
   311/935: $rsReg_1_10$1209
   312/935: $rsReg_1_9$1208
   313/935: $rsReg_1_8$1207
   314/935: $rsReg_1_7$1206
   315/935: $rsReg_1_6$1205
   316/935: $rsReg_1_5$1204
   317/935: $rsReg_1_4$1203
   318/935: $rsReg_1_3$1202
   319/935: $rsReg_1_2$1201
   320/935: $rsReg_1_1$1200
   321/935: $rsReg_1_0$1199
   322/935: $rsReg_1_31$1262
   323/935: $rsReg_1_30$1261
   324/935: $rsReg_1_29$1260
   325/935: $rsReg_1_28$1259
   326/935: $rsReg_1_27$1258
   327/935: $rsReg_1_26$1257
   328/935: $rsReg_1_25$1256
   329/935: $rsReg_1_24$1255
   330/935: $rsReg_1_23$1254
   331/935: $rsReg_1_22$1253
   332/935: $rsReg_1_21$1252
   333/935: $rsReg_1_20$1251
   334/935: $rsReg_1_19$1250
   335/935: $rsReg_1_18$1249
   336/935: $rsReg_1_17$1248
   337/935: $rsReg_1_16$1247
   338/935: $rsReg_1_15$1246
   339/935: $rsReg_1_14$1245
   340/935: $rsReg_1_13$1244
   341/935: $rsReg_1_12$1243
   342/935: $rsReg_1_11$1242
   343/935: $rsReg_1_10$1241
   344/935: $rsReg_1_9$1240
   345/935: $rsReg_1_8$1239
   346/935: $rsReg_1_7$1238
   347/935: $rsReg_1_6$1237
   348/935: $rsReg_1_5$1236
   349/935: $rsReg_1_4$1235
   350/935: $rsReg_1_3$1234
   351/935: $rsReg_1_2$1233
   352/935: $rsReg_1_1$1232
   353/935: $rsReg_1_0$1231
   354/935: $rsReg_1_31$1294
   355/935: $rsReg_1_30$1293
   356/935: $rsReg_1_29$1292
   357/935: $rsReg_1_28$1291
   358/935: $rsReg_1_27$1290
   359/935: $rsReg_1_26$1289
   360/935: $rsReg_1_25$1288
   361/935: $rsReg_1_24$1287
   362/935: $rsReg_1_23$1286
   363/935: $rsReg_1_22$1285
   364/935: $rsReg_1_21$1284
   365/935: $rsReg_1_20$1283
   366/935: $rsReg_1_19$1282
   367/935: $rsReg_1_18$1281
   368/935: $rsReg_1_17$1280
   369/935: $rsReg_1_16$1279
   370/935: $rsReg_1_15$1278
   371/935: $rsReg_1_14$1277
   372/935: $rsReg_1_13$1276
   373/935: $rsReg_1_12$1275
   374/935: $rsReg_1_11$1274
   375/935: $rsReg_1_10$1273
   376/935: $rsReg_1_9$1272
   377/935: $rsReg_1_8$1271
   378/935: $rsReg_1_7$1270
   379/935: $rsReg_1_6$1269
   380/935: $rsReg_1_5$1268
   381/935: $rsReg_1_4$1267
   382/935: $rsReg_1_3$1266
   383/935: $rsReg_1_2$1265
   384/935: $rsReg_1_1$1264
   385/935: $rsReg_1_0$1263
   386/935: $rsReg_0_31$989
   387/935: $rsReg_0_30$988
   388/935: $rsReg_0_29$987
   389/935: $rsReg_0_28$986
   390/935: $rsReg_0_27$985
   391/935: $rsReg_0_26$984
   392/935: $rsReg_0_25$983
   393/935: $rsReg_0_24$982
   394/935: $rsReg_0_23$981
   395/935: $rsReg_0_22$980
   396/935: $rsReg_0_21$979
   397/935: $rsReg_0_20$978
   398/935: $rsReg_0_19$977
   399/935: $rsReg_0_18$976
   400/935: $rsReg_0_17$975
   401/935: $rsReg_0_16$974
   402/935: $rsReg_0_15$973
   403/935: $rsReg_0_14$972
   404/935: $rsReg_0_13$971
   405/935: $rsReg_0_12$970
   406/935: $rsReg_0_11$969
   407/935: $rsReg_0_10$968
   408/935: $rsReg_0_9$967
   409/935: $rsReg_0_8$966
   410/935: $rsReg_0_7$965
   411/935: $rsReg_0_6$964
   412/935: $rsReg_0_5$963
   413/935: $rsReg_0_4$962
   414/935: $rsReg_0_3$961
   415/935: $rsReg_0_2$960
   416/935: $rsReg_0_1$959
   417/935: $rsReg_0_0$958
   418/935: $rsReg_0_31$1021
   419/935: $rsReg_0_30$1020
   420/935: $rsReg_0_29$1019
   421/935: $rsReg_0_28$1018
   422/935: $rsReg_0_27$1017
   423/935: $rsReg_0_26$1016
   424/935: $rsReg_0_25$1015
   425/935: $rsReg_0_24$1014
   426/935: $rsReg_0_23$1013
   427/935: $rsReg_0_22$1012
   428/935: $rsReg_0_21$1011
   429/935: $rsReg_0_20$1010
   430/935: $rsReg_0_19$1009
   431/935: $rsReg_0_18$1008
   432/935: $rsReg_0_17$1007
   433/935: $rsReg_0_16$1006
   434/935: $rsReg_0_15$1005
   435/935: $rsReg_0_14$1004
   436/935: $rsReg_0_13$1003
   437/935: $rsReg_0_12$1002
   438/935: $rsReg_0_11$1001
   439/935: $rsReg_0_10$1000
   440/935: $rsReg_0_9$999
   441/935: $rsReg_0_8$998
   442/935: $rsReg_0_7$997
   443/935: $rsReg_0_6$996
   444/935: $rsReg_0_5$995
   445/935: $rsReg_0_4$994
   446/935: $rsReg_0_3$993
   447/935: $rsReg_0_2$992
   448/935: $rsReg_0_1$991
   449/935: $rsReg_0_0$990
   450/935: $rsReg_0_31$1053
   451/935: $rsReg_0_30$1052
   452/935: $rsReg_0_29$1051
   453/935: $rsReg_0_28$1050
   454/935: $rsReg_0_27$1049
   455/935: $rsReg_0_26$1048
   456/935: $rsReg_0_25$1047
   457/935: $rsReg_0_24$1046
   458/935: $rsReg_0_23$1045
   459/935: $rsReg_0_22$1044
   460/935: $rsReg_0_21$1043
   461/935: $rsReg_0_20$1042
   462/935: $rsReg_0_19$1041
   463/935: $rsReg_0_18$1040
   464/935: $rsReg_0_17$1039
   465/935: $rsReg_0_16$1038
   466/935: $rsReg_0_15$1037
   467/935: $rsReg_0_14$1036
   468/935: $rsReg_0_13$1035
   469/935: $rsReg_0_12$1034
   470/935: $rsReg_0_11$1033
   471/935: $rsReg_0_10$1032
   472/935: $rsReg_0_9$1031
   473/935: $rsReg_0_8$1030
   474/935: $rsReg_0_7$1029
   475/935: $rsReg_0_6$1028
   476/935: $rsReg_0_5$1027
   477/935: $rsReg_0_4$1026
   478/935: $rsReg_0_3$1025
   479/935: $rsReg_0_2$1024
   480/935: $rsReg_0_1$1023
   481/935: $rsReg_0_0$1022
   482/935: $rsReg_0_31$1085
   483/935: $rsReg_0_30$1084
   484/935: $rsReg_0_29$1083
   485/935: $rsReg_0_28$1082
   486/935: $rsReg_0_27$1081
   487/935: $rsReg_0_26$1080
   488/935: $rsReg_0_25$1079
   489/935: $rsReg_0_24$1078
   490/935: $rsReg_0_23$1077
   491/935: $rsReg_0_22$1076
   492/935: $rsReg_0_21$1075
   493/935: $rsReg_0_20$1074
   494/935: $rsReg_0_19$1073
   495/935: $rsReg_0_18$1072
   496/935: $rsReg_0_17$1071
   497/935: $rsReg_0_16$1070
   498/935: $rsReg_0_15$1069
   499/935: $rsReg_0_14$1068
   500/935: $rsReg_0_13$1067
   501/935: $rsReg_0_12$1066
   502/935: $rsReg_0_11$1065
   503/935: $rsReg_0_10$1064
   504/935: $rsReg_0_9$1063
   505/935: $rsReg_0_8$1062
   506/935: $rsReg_0_7$1061
   507/935: $rsReg_0_6$1060
   508/935: $rsReg_0_5$1059
   509/935: $rsReg_0_4$1058
   510/935: $rsReg_0_3$1057
   511/935: $rsReg_0_2$1056
   512/935: $rsReg_0_1$1055
   513/935: $rsReg_0_0$1054
   514/935: $rsReg_0_31$1117
   515/935: $rsReg_0_30$1116
   516/935: $rsReg_0_29$1115
   517/935: $rsReg_0_28$1114
   518/935: $rsReg_0_27$1113
   519/935: $rsReg_0_26$1112
   520/935: $rsReg_0_25$1111
   521/935: $rsReg_0_24$1110
   522/935: $rsReg_0_23$1109
   523/935: $rsReg_0_22$1108
   524/935: $rsReg_0_21$1107
   525/935: $rsReg_0_20$1106
   526/935: $rsReg_0_19$1105
   527/935: $rsReg_0_18$1104
   528/935: $rsReg_0_17$1103
   529/935: $rsReg_0_16$1102
   530/935: $rsReg_0_15$1101
   531/935: $rsReg_0_14$1100
   532/935: $rsReg_0_13$1099
   533/935: $rsReg_0_12$1098
   534/935: $rsReg_0_11$1097
   535/935: $rsReg_0_10$1096
   536/935: $rsReg_0_9$1095
   537/935: $rsReg_0_8$1094
   538/935: $rsReg_0_7$1093
   539/935: $rsReg_0_6$1092
   540/935: $rsReg_0_5$1091
   541/935: $rsReg_0_4$1090
   542/935: $rsReg_0_3$1089
   543/935: $rsReg_0_2$1088
   544/935: $rsReg_0_1$1087
   545/935: $rsReg_0_0$1086
   546/935: $rsReg_0_31$1149
   547/935: $rsReg_0_30$1148
   548/935: $rsReg_0_29$1147
   549/935: $rsReg_0_28$1146
   550/935: $rsReg_0_27$1145
   551/935: $rsReg_0_26$1144
   552/935: $rsReg_0_25$1143
   553/935: $rsReg_0_24$1142
   554/935: $rsReg_0_23$1141
   555/935: $rsReg_0_22$1140
   556/935: $rsReg_0_21$1139
   557/935: $rsReg_0_20$1138
   558/935: $rsReg_0_19$1137
   559/935: $rsReg_0_18$1136
   560/935: $rsReg_0_17$1135
   561/935: $rsReg_0_16$1134
   562/935: $rsReg_0_15$1133
   563/935: $rsReg_0_14$1132
   564/935: $rsReg_0_13$1131
   565/935: $rsReg_0_12$1130
   566/935: $rsReg_0_11$1129
   567/935: $rsReg_0_10$1128
   568/935: $rsReg_0_9$1127
   569/935: $rsReg_0_8$1126
   570/935: $rsReg_0_7$1125
   571/935: $rsReg_0_6$1124
   572/935: $rsReg_0_5$1123
   573/935: $rsReg_0_4$1122
   574/935: $rsReg_0_3$1121
   575/935: $rsReg_0_2$1120
   576/935: $rsReg_0_1$1119
   577/935: $rsReg_0_0$1118
   578/935: $rsReg_0_31$1181
   579/935: $rsReg_0_30$1180
   580/935: $rsReg_0_29$1179
   581/935: $rsReg_0_28$1178
   582/935: $rsReg_0_27$1177
   583/935: $rsReg_0_26$1176
   584/935: $rsReg_0_25$1175
   585/935: $rsReg_0_24$1174
   586/935: $rsReg_0_23$1173
   587/935: $rsReg_0_22$1172
   588/935: $rsReg_0_21$1171
   589/935: $rsReg_0_20$1170
   590/935: $rsReg_0_19$1169
   591/935: $rsReg_0_18$1168
   592/935: $rsReg_0_17$1167
   593/935: $rsReg_0_16$1166
   594/935: $rsReg_0_15$1165
   595/935: $rsReg_0_14$1164
   596/935: $rsReg_0_13$1163
   597/935: $rsReg_0_12$1162
   598/935: $rsReg_0_11$1161
   599/935: $rsReg_0_10$1160
   600/935: $rsReg_0_9$1159
   601/935: $rsReg_0_8$1158
   602/935: $rsReg_0_7$1157
   603/935: $rsReg_0_6$1156
   604/935: $rsReg_0_5$1155
   605/935: $rsReg_0_4$1154
   606/935: $rsReg_0_3$1153
   607/935: $rsReg_0_2$1152
   608/935: $rsReg_0_1$1151
   609/935: $rsReg_0_0$1150
   610/935: $state$819
   611/935: $state$818
   612/935: $state$824
   613/935: $valid_3$823
   614/935: $valid_2$822
   615/935: $valid_1$821
   616/935: $valid_0$820
   617/935: $state$810
   618/935: $state$811
   619/935: $ready_0$735
   620/935: $state$2346
   621/935: $customCtrlReg$2345
   622/935: $rsReg_2_31$2344
   623/935: $rsReg_2_30$2343
   624/935: $rsReg_2_29$2342
   625/935: $rsReg_2_28$2341
   626/935: $rsReg_2_27$2340
   627/935: $rsReg_2_26$2339
   628/935: $rsReg_2_25$2338
   629/935: $rsReg_2_24$2337
   630/935: $rsReg_2_23$2336
   631/935: $rsReg_2_22$2335
   632/935: $rsReg_2_21$2334
   633/935: $rsReg_2_20$2333
   634/935: $rsReg_2_19$2332
   635/935: $rsReg_2_18$2331
   636/935: $rsReg_2_17$2330
   637/935: $rsReg_2_16$2329
   638/935: $rsReg_2_15$2328
   639/935: $rsReg_2_14$2327
   640/935: $rsReg_2_13$2326
   641/935: $rsReg_2_12$2325
   642/935: $rsReg_2_11$2324
   643/935: $rsReg_2_10$2323
   644/935: $rsReg_2_9$2322
   645/935: $rsReg_2_8$2321
   646/935: $rsReg_2_7$2320
   647/935: $rsReg_2_6$2319
   648/935: $rsReg_2_5$2318
   649/935: $rsReg_2_4$2317
   650/935: $rsReg_2_3$2316
   651/935: $rsReg_2_2$2315
   652/935: $rsReg_2_1$2314
   653/935: $rsReg_2_0$2313
   654/935: $rsReg_1_31$2312
   655/935: $rsReg_1_30$2311
   656/935: $rsReg_1_29$2310
   657/935: $rsReg_1_28$2309
   658/935: $rsReg_1_27$2308
   659/935: $rsReg_1_26$2307
   660/935: $rsReg_1_25$2306
   661/935: $rsReg_1_24$2305
   662/935: $rsReg_1_23$2304
   663/935: $rsReg_1_22$2303
   664/935: $rsReg_1_21$2302
   665/935: $rsReg_1_20$2301
   666/935: $rsReg_1_19$2300
   667/935: $rsReg_1_18$2299
   668/935: $rsReg_1_17$2298
   669/935: $rsReg_1_16$2297
   670/935: $rsReg_1_15$2296
   671/935: $rsReg_1_14$2295
   672/935: $rsReg_1_13$2294
   673/935: $rsReg_1_12$2293
   674/935: $rsReg_1_11$2292
   675/935: $rsReg_1_10$2291
   676/935: $rsReg_1_9$2290
   677/935: $rsReg_1_8$2289
   678/935: $rsReg_1_7$2288
   679/935: $rsReg_1_6$2287
   680/935: $rsReg_1_5$2286
   681/935: $rsReg_1_4$2285
   682/935: $rsReg_1_3$2284
   683/935: $rsReg_1_2$2283
   684/935: $rsReg_1_1$2282
   685/935: $rsReg_1_0$2281
   686/935: $rsReg_0_31$2280
   687/935: $rsReg_0_30$2279
   688/935: $rsReg_0_29$2278
   689/935: $rsReg_0_28$2277
   690/935: $rsReg_0_27$2276
   691/935: $rsReg_0_26$2275
   692/935: $rsReg_0_25$2274
   693/935: $rsReg_0_24$2273
   694/935: $rsReg_0_23$2272
   695/935: $rsReg_0_22$2271
   696/935: $rsReg_0_21$2270
   697/935: $rsReg_0_20$2269
   698/935: $rsReg_0_19$2268
   699/935: $rsReg_0_18$2267
   700/935: $rsReg_0_17$2266
   701/935: $rsReg_0_16$2265
   702/935: $rsReg_0_15$2264
   703/935: $rsReg_0_14$2263
   704/935: $rsReg_0_13$2262
   705/935: $rsReg_0_12$2261
   706/935: $rsReg_0_11$2260
   707/935: $rsReg_0_10$2259
   708/935: $rsReg_0_9$2258
   709/935: $rsReg_0_8$2257
   710/935: $rsReg_0_7$2256
   711/935: $rsReg_0_6$2255
   712/935: $rsReg_0_5$2254
   713/935: $rsReg_0_4$2253
   714/935: $rsReg_0_3$2252
   715/935: $rsReg_0_2$2251
   716/935: $rsReg_0_1$2250
   717/935: $rsReg_0_0$2249
   718/935: $valid_3$2248
   719/935: $valid_2$2247
   720/935: $valid_1$2246
   721/935: $valid_0$2245
   722/935: $ready_3$2244
   723/935: $ready_2$2243
   724/935: $ready_1$2242
   725/935: $ready_0$2241
   726/935: $mask_31$700
   727/935: $mask_30$699
   728/935: $mask_29$698
   729/935: $mask_28$697
   730/935: $mask_27$696
   731/935: $mask_26$695
   732/935: $mask_25$694
   733/935: $mask_24$693
   734/935: $mask_23$692
   735/935: $mask_22$691
   736/935: $mask_21$690
   737/935: $mask_20$689
   738/935: $mask_19$688
   739/935: $mask_18$687
   740/935: $mask_17$686
   741/935: $mask_16$685
   742/935: $mask_15$684
   743/935: $mask_14$683
   744/935: $mask_13$682
   745/935: $mask_12$681
   746/935: $mask_11$680
   747/935: $mask_10$679
   748/935: $mask_9$678
   749/935: $mask_8$677
   750/935: $mask_7$676
   751/935: $mask_6$675
   752/935: $mask_5$674
   753/935: $mask_4$673
   754/935: $mask_3$672
   755/935: $mask_2$671
   756/935: $mask_1$670
   757/935: $mask_0$669
   758/935: $mask_31$668
   759/935: $mask_30$667
   760/935: $mask_29$666
   761/935: $mask_28$665
   762/935: $mask_27$664
   763/935: $mask_26$663
   764/935: $mask_25$662
   765/935: $mask_24$661
   766/935: $mask_23$660
   767/935: $mask_22$659
   768/935: $mask_21$658
   769/935: $mask_20$657
   770/935: $mask_19$656
   771/935: $mask_18$655
   772/935: $mask_17$654
   773/935: $mask_16$653
   774/935: $mask_15$652
   775/935: $mask_14$651
   776/935: $mask_13$650
   777/935: $mask_12$649
   778/935: $mask_11$648
   779/935: $mask_10$647
   780/935: $mask_9$646
   781/935: $mask_8$645
   782/935: $mask_7$644
   783/935: $mask_6$643
   784/935: $mask_5$642
   785/935: $mask_4$641
   786/935: $mask_3$640
   787/935: $mask_2$639
   788/935: $mask_1$638
   789/935: $mask_0$637
   790/935: $mask_31$636
   791/935: $mask_30$635
   792/935: $mask_29$634
   793/935: $mask_28$633
   794/935: $mask_27$632
   795/935: $mask_26$631
   796/935: $mask_25$630
   797/935: $mask_24$629
   798/935: $mask_23$628
   799/935: $mask_22$627
   800/935: $mask_21$626
   801/935: $mask_20$625
   802/935: $mask_19$624
   803/935: $mask_18$623
   804/935: $mask_17$622
   805/935: $mask_16$621
   806/935: $mask_15$620
   807/935: $mask_14$619
   808/935: $mask_13$618
   809/935: $mask_12$617
   810/935: $mask_11$616
   811/935: $mask_10$615
   812/935: $mask_9$614
   813/935: $mask_8$613
   814/935: $mask_7$612
   815/935: $mask_6$611
   816/935: $mask_5$610
   817/935: $mask_4$609
   818/935: $mask_3$608
   819/935: $mask_2$607
   820/935: $mask_1$606
   821/935: $mask_0$605
   822/935: $mask_31$604
   823/935: $mask_30$603
   824/935: $mask_29$602
   825/935: $mask_28$601
   826/935: $mask_27$600
   827/935: $mask_26$599
   828/935: $mask_25$598
   829/935: $mask_24$597
   830/935: $mask_23$596
   831/935: $mask_22$595
   832/935: $mask_21$594
   833/935: $mask_20$593
   834/935: $mask_19$592
   835/935: $mask_18$591
   836/935: $mask_17$590
   837/935: $mask_16$589
   838/935: $mask_15$588
   839/935: $mask_14$587
   840/935: $mask_13$586
   841/935: $mask_12$585
   842/935: $mask_11$584
   843/935: $mask_10$583
   844/935: $mask_9$582
   845/935: $mask_8$581
   846/935: $mask_7$580
   847/935: $mask_6$579
   848/935: $mask_5$578
   849/935: $mask_4$577
   850/935: $mask_3$576
   851/935: $mask_2$575
   852/935: $mask_1$574
   853/935: $mask_0$573
   854/935: $mask_31$572
   855/935: $mask_30$571
   856/935: $mask_29$570
   857/935: $mask_28$569
   858/935: $mask_27$568
   859/935: $mask_26$567
   860/935: $mask_25$566
   861/935: $mask_24$565
   862/935: $mask_23$564
   863/935: $mask_22$563
   864/935: $mask_21$562
   865/935: $mask_20$561
   866/935: $mask_19$560
   867/935: $mask_18$559
   868/935: $mask_17$558
   869/935: $mask_16$557
   870/935: $mask_15$556
   871/935: $mask_14$555
   872/935: $mask_13$554
   873/935: $mask_12$553
   874/935: $mask_11$552
   875/935: $mask_10$551
   876/935: $mask_9$550
   877/935: $mask_8$549
   878/935: $mask_7$548
   879/935: $mask_6$547
   880/935: $mask_5$546
   881/935: $mask_4$545
   882/935: $mask_3$544
   883/935: $mask_2$543
   884/935: $mask_1$542
   885/935: $regIdx_2$515
   886/935: $regIdx_1$514
   887/935: $regIdx_0$513
   888/935: $rsType_2$512
   889/935: $rsType_1$511
   890/935: $rsType_0$510
   891/935: $controlReg_rl$509
   892/935: $controlReg_aq$508
   893/935: $controlReg_atomic$507
   894/935: $controlReg_spike_info_inst$506
   895/935: $controlReg_spike_info_pc$505
   896/935: $controlReg_spike_info_sm_id$504
   897/935: $controlReg_imm_ext$503
   898/935: $controlReg_pc$502
   899/935: $controlReg_wxd$501
   900/935: $controlReg_writemask$500
   901/935: $controlReg_readmask$499
   902/935: $controlReg_sfu$498
   903/935: $controlReg_fence$497
   904/935: $controlReg_wvd$496
   905/935: $controlReg_reg_idxw$495
   906/935: $controlReg_reg_idx3$494
   907/935: $controlReg_reg_idx2$493
   908/935: $controlReg_reg_idx1$492
   909/935: $controlReg_mop$491
   910/935: $controlReg_mem_cmd$490
   911/935: $controlReg_custom_signal_0$489
   912/935: $controlReg_disable_mask$488
   913/935: $controlReg_tc$487
   914/935: $controlReg_mul$486
   915/935: $controlReg_mem$485
   916/935: $controlReg_is_vls12$484
   917/935: $controlReg_force_rm_rtz$483
   918/935: $controlReg_alu_fn$482
   919/935: $controlReg_mem_unsigned$481
   920/935: $controlReg_mem_whb$480
   921/935: $controlReg_sel_imm$479
   922/935: $controlReg_mask$478
   923/935: $controlReg_sel_alu3$477
   924/935: $controlReg_isvec$476
   925/935: $controlReg_sel_alu1$475
   926/935: $controlReg_sel_alu2$474
   927/935: $controlReg_reverse$473
   928/935: $controlReg_csr$472
   929/935: $controlReg_barrier$471
   930/935: $controlReg_simt_stack_op$470
   931/935: $controlReg_simt_stack$469
   932/935: $controlReg_branch$468
   933/935: $controlReg_fp$467
   934/935: $controlReg_wid$466
   935/935: $controlReg_inst$465
Creating decoders for process `\collectorUnit$operandCollector.collectorUnit_3.$442'.
     1/935: $customCtrlReg$2240
     2/935: $rsReg_2_31$2239
     3/935: $rsReg_2_30$2238
     4/935: $rsReg_2_29$2237
     5/935: $rsReg_2_28$2236
     6/935: $rsReg_2_27$2235
     7/935: $rsReg_2_26$2234
     8/935: $rsReg_2_25$2233
     9/935: $rsReg_2_24$2232
    10/935: $rsReg_2_23$2231
    11/935: $rsReg_2_22$2230
    12/935: $rsReg_2_21$2229
    13/935: $rsReg_2_20$2228
    14/935: $rsReg_2_19$2227
    15/935: $rsReg_2_18$2226
    16/935: $rsReg_2_17$2225
    17/935: $rsReg_2_16$2224
    18/935: $rsReg_2_15$2223
    19/935: $rsReg_2_14$2222
    20/935: $rsReg_2_13$2221
    21/935: $rsReg_2_12$2220
    22/935: $rsReg_2_11$2219
    23/935: $rsReg_2_10$2218
    24/935: $rsReg_2_9$2217
    25/935: $rsReg_2_8$2216
    26/935: $rsReg_2_7$2215
    27/935: $rsReg_2_6$2214
    28/935: $rsReg_2_5$2213
    29/935: $rsReg_2_4$2212
    30/935: $rsReg_2_3$2211
    31/935: $rsReg_2_2$2210
    32/935: $rsReg_2_1$2209
    33/935: $rsReg_2_0$2208
    34/935: $rsReg_2_31$2081
    35/935: $rsReg_2_30$2080
    36/935: $rsReg_2_29$2079
    37/935: $rsReg_2_28$2078
    38/935: $rsReg_2_27$2077
    39/935: $rsReg_2_26$2076
    40/935: $rsReg_2_25$2075
    41/935: $rsReg_2_24$2074
    42/935: $rsReg_2_23$2073
    43/935: $rsReg_2_22$2072
    44/935: $rsReg_2_21$2071
    45/935: $rsReg_2_20$2070
    46/935: $rsReg_2_19$2069
    47/935: $rsReg_2_18$2068
    48/935: $rsReg_2_17$2067
    49/935: $rsReg_2_16$2066
    50/935: $rsReg_2_15$2065
    51/935: $rsReg_2_14$2064
    52/935: $rsReg_2_13$2063
    53/935: $rsReg_2_12$2062
    54/935: $rsReg_2_11$2061
    55/935: $rsReg_2_10$2060
    56/935: $rsReg_2_9$2059
    57/935: $rsReg_2_8$2058
    58/935: $rsReg_2_7$2057
    59/935: $rsReg_2_6$2056
    60/935: $rsReg_2_5$2055
    61/935: $rsReg_2_4$2054
    62/935: $rsReg_2_3$2053
    63/935: $rsReg_2_2$2052
    64/935: $rsReg_2_1$2051
    65/935: $rsReg_2_0$2050
    66/935: $rsReg_2_31$1923
    67/935: $rsReg_2_30$1922
    68/935: $rsReg_2_29$1921
    69/935: $rsReg_2_28$1920
    70/935: $rsReg_2_27$1919
    71/935: $rsReg_2_26$1918
    72/935: $rsReg_2_25$1917
    73/935: $rsReg_2_24$1916
    74/935: $rsReg_2_23$1915
    75/935: $rsReg_2_22$1914
    76/935: $rsReg_2_21$1913
    77/935: $rsReg_2_20$1912
    78/935: $rsReg_2_19$1911
    79/935: $rsReg_2_18$1910
    80/935: $rsReg_2_17$1909
    81/935: $rsReg_2_16$1908
    82/935: $rsReg_2_15$1907
    83/935: $rsReg_2_14$1906
    84/935: $rsReg_2_13$1905
    85/935: $rsReg_2_12$1904
    86/935: $rsReg_2_11$1903
    87/935: $rsReg_2_10$1902
    88/935: $rsReg_2_9$1901
    89/935: $rsReg_2_8$1900
    90/935: $rsReg_2_7$1899
    91/935: $rsReg_2_6$1898
    92/935: $rsReg_2_5$1897
    93/935: $rsReg_2_4$1896
    94/935: $rsReg_2_3$1895
    95/935: $rsReg_2_2$1894
    96/935: $rsReg_2_1$1893
    97/935: $rsReg_2_0$1892
    98/935: $rsReg_2_31$1765
    99/935: $rsReg_2_30$1764
   100/935: $rsReg_2_29$1763
   101/935: $rsReg_2_28$1762
   102/935: $rsReg_2_27$1761
   103/935: $rsReg_2_26$1760
   104/935: $rsReg_2_25$1759
   105/935: $rsReg_2_24$1758
   106/935: $rsReg_2_23$1757
   107/935: $rsReg_2_22$1756
   108/935: $rsReg_2_21$1755
   109/935: $rsReg_2_20$1754
   110/935: $rsReg_2_19$1753
   111/935: $rsReg_2_18$1752
   112/935: $rsReg_2_17$1751
   113/935: $rsReg_2_16$1750
   114/935: $rsReg_2_15$1749
   115/935: $rsReg_2_14$1748
   116/935: $rsReg_2_13$1747
   117/935: $rsReg_2_12$1746
   118/935: $rsReg_2_11$1745
   119/935: $rsReg_2_10$1744
   120/935: $rsReg_2_9$1743
   121/935: $rsReg_2_8$1742
   122/935: $rsReg_2_7$1741
   123/935: $rsReg_2_6$1740
   124/935: $rsReg_2_5$1739
   125/935: $rsReg_2_4$1738
   126/935: $rsReg_2_3$1737
   127/935: $rsReg_2_2$1736
   128/935: $rsReg_2_1$1735
   129/935: $rsReg_2_0$1734
   130/935: $rsReg_2_31$1607
   131/935: $rsReg_2_30$1606
   132/935: $rsReg_2_29$1605
   133/935: $rsReg_2_28$1604
   134/935: $rsReg_2_27$1603
   135/935: $rsReg_2_26$1602
   136/935: $rsReg_2_25$1601
   137/935: $rsReg_2_24$1600
   138/935: $rsReg_2_23$1599
   139/935: $rsReg_2_22$1598
   140/935: $rsReg_2_21$1597
   141/935: $rsReg_2_20$1596
   142/935: $rsReg_2_19$1595
   143/935: $rsReg_2_18$1594
   144/935: $rsReg_2_17$1593
   145/935: $rsReg_2_16$1592
   146/935: $rsReg_2_15$1591
   147/935: $rsReg_2_14$1590
   148/935: $rsReg_2_13$1589
   149/935: $rsReg_2_12$1588
   150/935: $rsReg_2_11$1587
   151/935: $rsReg_2_10$1586
   152/935: $rsReg_2_9$1585
   153/935: $rsReg_2_8$1584
   154/935: $rsReg_2_7$1583
   155/935: $rsReg_2_6$1582
   156/935: $rsReg_2_5$1581
   157/935: $rsReg_2_4$1580
   158/935: $rsReg_2_3$1579
   159/935: $rsReg_2_2$1578
   160/935: $rsReg_2_1$1577
   161/935: $rsReg_2_0$1576
   162/935: $rsReg_1_31$1554
   163/935: $rsReg_1_30$1553
   164/935: $rsReg_1_29$1552
   165/935: $rsReg_1_28$1551
   166/935: $rsReg_1_27$1550
   167/935: $rsReg_1_26$1549
   168/935: $rsReg_1_25$1548
   169/935: $rsReg_1_24$1547
   170/935: $rsReg_1_23$1546
   171/935: $rsReg_1_22$1545
   172/935: $rsReg_1_21$1544
   173/935: $rsReg_1_20$1543
   174/935: $rsReg_1_19$1542
   175/935: $rsReg_1_18$1541
   176/935: $rsReg_1_17$1540
   177/935: $rsReg_1_16$1539
   178/935: $rsReg_1_15$1538
   179/935: $rsReg_1_14$1537
   180/935: $rsReg_1_13$1536
   181/935: $rsReg_1_12$1535
   182/935: $rsReg_1_11$1534
   183/935: $rsReg_1_10$1533
   184/935: $rsReg_1_9$1532
   185/935: $rsReg_1_8$1531
   186/935: $rsReg_1_7$1530
   187/935: $rsReg_1_6$1529
   188/935: $rsReg_1_5$1528
   189/935: $rsReg_1_4$1527
   190/935: $rsReg_1_3$1526
   191/935: $rsReg_1_2$1525
   192/935: $rsReg_1_1$1524
   193/935: $rsReg_1_0$1523
   194/935: $rsReg_1_31$1489
   195/935: $rsReg_1_30$1488
   196/935: $rsReg_1_29$1487
   197/935: $rsReg_1_28$1486
   198/935: $rsReg_1_27$1485
   199/935: $rsReg_1_26$1484
   200/935: $rsReg_1_25$1483
   201/935: $rsReg_1_24$1482
   202/935: $rsReg_1_23$1481
   203/935: $rsReg_1_22$1480
   204/935: $rsReg_1_21$1479
   205/935: $rsReg_1_20$1478
   206/935: $rsReg_1_19$1477
   207/935: $rsReg_1_18$1476
   208/935: $rsReg_1_17$1475
   209/935: $rsReg_1_16$1474
   210/935: $rsReg_1_15$1473
   211/935: $rsReg_1_14$1472
   212/935: $rsReg_1_13$1471
   213/935: $rsReg_1_12$1470
   214/935: $rsReg_1_11$1469
   215/935: $rsReg_1_10$1468
   216/935: $rsReg_1_9$1467
   217/935: $rsReg_1_8$1466
   218/935: $rsReg_1_7$1465
   219/935: $rsReg_1_6$1464
   220/935: $rsReg_1_5$1463
   221/935: $rsReg_1_4$1462
   222/935: $rsReg_1_3$1461
   223/935: $rsReg_1_2$1460
   224/935: $rsReg_1_1$1459
   225/935: $rsReg_1_0$1458
   226/935: $rsReg_1_31$1424
   227/935: $rsReg_1_30$1423
   228/935: $rsReg_1_29$1422
   229/935: $rsReg_1_28$1421
   230/935: $rsReg_1_27$1420
   231/935: $rsReg_1_26$1419
   232/935: $rsReg_1_25$1418
   233/935: $rsReg_1_24$1417
   234/935: $rsReg_1_23$1416
   235/935: $rsReg_1_22$1415
   236/935: $rsReg_1_21$1414
   237/935: $rsReg_1_20$1413
   238/935: $rsReg_1_19$1412
   239/935: $rsReg_1_18$1411
   240/935: $rsReg_1_17$1410
   241/935: $rsReg_1_16$1409
   242/935: $rsReg_1_15$1408
   243/935: $rsReg_1_14$1407
   244/935: $rsReg_1_13$1406
   245/935: $rsReg_1_12$1405
   246/935: $rsReg_1_11$1404
   247/935: $rsReg_1_10$1403
   248/935: $rsReg_1_9$1402
   249/935: $rsReg_1_8$1401
   250/935: $rsReg_1_7$1400
   251/935: $rsReg_1_6$1399
   252/935: $rsReg_1_5$1398
   253/935: $rsReg_1_4$1397
   254/935: $rsReg_1_3$1396
   255/935: $rsReg_1_2$1395
   256/935: $rsReg_1_1$1394
   257/935: $rsReg_1_0$1393
   258/935: $rsReg_1_31$1359
   259/935: $rsReg_1_30$1358
   260/935: $rsReg_1_29$1357
   261/935: $rsReg_1_28$1356
   262/935: $rsReg_1_27$1355
   263/935: $rsReg_1_26$1354
   264/935: $rsReg_1_25$1353
   265/935: $rsReg_1_24$1352
   266/935: $rsReg_1_23$1351
   267/935: $rsReg_1_22$1350
   268/935: $rsReg_1_21$1349
   269/935: $rsReg_1_20$1348
   270/935: $rsReg_1_19$1347
   271/935: $rsReg_1_18$1346
   272/935: $rsReg_1_17$1345
   273/935: $rsReg_1_16$1344
   274/935: $rsReg_1_15$1343
   275/935: $rsReg_1_14$1342
   276/935: $rsReg_1_13$1341
   277/935: $rsReg_1_12$1340
   278/935: $rsReg_1_11$1339
   279/935: $rsReg_1_10$1338
   280/935: $rsReg_1_9$1337
   281/935: $rsReg_1_8$1336
   282/935: $rsReg_1_7$1335
   283/935: $rsReg_1_6$1334
   284/935: $rsReg_1_5$1333
   285/935: $rsReg_1_4$1332
   286/935: $rsReg_1_3$1331
   287/935: $rsReg_1_2$1330
   288/935: $rsReg_1_1$1329
   289/935: $rsReg_1_0$1328
   290/935: $rsReg_1_31$1230
   291/935: $rsReg_1_30$1229
   292/935: $rsReg_1_29$1228
   293/935: $rsReg_1_28$1227
   294/935: $rsReg_1_27$1226
   295/935: $rsReg_1_26$1225
   296/935: $rsReg_1_25$1224
   297/935: $rsReg_1_24$1223
   298/935: $rsReg_1_23$1222
   299/935: $rsReg_1_22$1221
   300/935: $rsReg_1_21$1220
   301/935: $rsReg_1_20$1219
   302/935: $rsReg_1_19$1218
   303/935: $rsReg_1_18$1217
   304/935: $rsReg_1_17$1216
   305/935: $rsReg_1_16$1215
   306/935: $rsReg_1_15$1214
   307/935: $rsReg_1_14$1213
   308/935: $rsReg_1_13$1212
   309/935: $rsReg_1_12$1211
   310/935: $rsReg_1_11$1210
   311/935: $rsReg_1_10$1209
   312/935: $rsReg_1_9$1208
   313/935: $rsReg_1_8$1207
   314/935: $rsReg_1_7$1206
   315/935: $rsReg_1_6$1205
   316/935: $rsReg_1_5$1204
   317/935: $rsReg_1_4$1203
   318/935: $rsReg_1_3$1202
   319/935: $rsReg_1_2$1201
   320/935: $rsReg_1_1$1200
   321/935: $rsReg_1_0$1199
   322/935: $rsReg_1_31$1262
   323/935: $rsReg_1_30$1261
   324/935: $rsReg_1_29$1260
   325/935: $rsReg_1_28$1259
   326/935: $rsReg_1_27$1258
   327/935: $rsReg_1_26$1257
   328/935: $rsReg_1_25$1256
   329/935: $rsReg_1_24$1255
   330/935: $rsReg_1_23$1254
   331/935: $rsReg_1_22$1253
   332/935: $rsReg_1_21$1252
   333/935: $rsReg_1_20$1251
   334/935: $rsReg_1_19$1250
   335/935: $rsReg_1_18$1249
   336/935: $rsReg_1_17$1248
   337/935: $rsReg_1_16$1247
   338/935: $rsReg_1_15$1246
   339/935: $rsReg_1_14$1245
   340/935: $rsReg_1_13$1244
   341/935: $rsReg_1_12$1243
   342/935: $rsReg_1_11$1242
   343/935: $rsReg_1_10$1241
   344/935: $rsReg_1_9$1240
   345/935: $rsReg_1_8$1239
   346/935: $rsReg_1_7$1238
   347/935: $rsReg_1_6$1237
   348/935: $rsReg_1_5$1236
   349/935: $rsReg_1_4$1235
   350/935: $rsReg_1_3$1234
   351/935: $rsReg_1_2$1233
   352/935: $rsReg_1_1$1232
   353/935: $rsReg_1_0$1231
   354/935: $rsReg_1_31$1294
   355/935: $rsReg_1_30$1293
   356/935: $rsReg_1_29$1292
   357/935: $rsReg_1_28$1291
   358/935: $rsReg_1_27$1290
   359/935: $rsReg_1_26$1289
   360/935: $rsReg_1_25$1288
   361/935: $rsReg_1_24$1287
   362/935: $rsReg_1_23$1286
   363/935: $rsReg_1_22$1285
   364/935: $rsReg_1_21$1284
   365/935: $rsReg_1_20$1283
   366/935: $rsReg_1_19$1282
   367/935: $rsReg_1_18$1281
   368/935: $rsReg_1_17$1280
   369/935: $rsReg_1_16$1279
   370/935: $rsReg_1_15$1278
   371/935: $rsReg_1_14$1277
   372/935: $rsReg_1_13$1276
   373/935: $rsReg_1_12$1275
   374/935: $rsReg_1_11$1274
   375/935: $rsReg_1_10$1273
   376/935: $rsReg_1_9$1272
   377/935: $rsReg_1_8$1271
   378/935: $rsReg_1_7$1270
   379/935: $rsReg_1_6$1269
   380/935: $rsReg_1_5$1268
   381/935: $rsReg_1_4$1267
   382/935: $rsReg_1_3$1266
   383/935: $rsReg_1_2$1265
   384/935: $rsReg_1_1$1264
   385/935: $rsReg_1_0$1263
   386/935: $rsReg_0_31$989
   387/935: $rsReg_0_30$988
   388/935: $rsReg_0_29$987
   389/935: $rsReg_0_28$986
   390/935: $rsReg_0_27$985
   391/935: $rsReg_0_26$984
   392/935: $rsReg_0_25$983
   393/935: $rsReg_0_24$982
   394/935: $rsReg_0_23$981
   395/935: $rsReg_0_22$980
   396/935: $rsReg_0_21$979
   397/935: $rsReg_0_20$978
   398/935: $rsReg_0_19$977
   399/935: $rsReg_0_18$976
   400/935: $rsReg_0_17$975
   401/935: $rsReg_0_16$974
   402/935: $rsReg_0_15$973
   403/935: $rsReg_0_14$972
   404/935: $rsReg_0_13$971
   405/935: $rsReg_0_12$970
   406/935: $rsReg_0_11$969
   407/935: $rsReg_0_10$968
   408/935: $rsReg_0_9$967
   409/935: $rsReg_0_8$966
   410/935: $rsReg_0_7$965
   411/935: $rsReg_0_6$964
   412/935: $rsReg_0_5$963
   413/935: $rsReg_0_4$962
   414/935: $rsReg_0_3$961
   415/935: $rsReg_0_2$960
   416/935: $rsReg_0_1$959
   417/935: $rsReg_0_0$958
   418/935: $rsReg_0_31$1021
   419/935: $rsReg_0_30$1020
   420/935: $rsReg_0_29$1019
   421/935: $rsReg_0_28$1018
   422/935: $rsReg_0_27$1017
   423/935: $rsReg_0_26$1016
   424/935: $rsReg_0_25$1015
   425/935: $rsReg_0_24$1014
   426/935: $rsReg_0_23$1013
   427/935: $rsReg_0_22$1012
   428/935: $rsReg_0_21$1011
   429/935: $rsReg_0_20$1010
   430/935: $rsReg_0_19$1009
   431/935: $rsReg_0_18$1008
   432/935: $rsReg_0_17$1007
   433/935: $rsReg_0_16$1006
   434/935: $rsReg_0_15$1005
   435/935: $rsReg_0_14$1004
   436/935: $rsReg_0_13$1003
   437/935: $rsReg_0_12$1002
   438/935: $rsReg_0_11$1001
   439/935: $rsReg_0_10$1000
   440/935: $rsReg_0_9$999
   441/935: $rsReg_0_8$998
   442/935: $rsReg_0_7$997
   443/935: $rsReg_0_6$996
   444/935: $rsReg_0_5$995
   445/935: $rsReg_0_4$994
   446/935: $rsReg_0_3$993
   447/935: $rsReg_0_2$992
   448/935: $rsReg_0_1$991
   449/935: $rsReg_0_0$990
   450/935: $rsReg_0_31$1053
   451/935: $rsReg_0_30$1052
   452/935: $rsReg_0_29$1051
   453/935: $rsReg_0_28$1050
   454/935: $rsReg_0_27$1049
   455/935: $rsReg_0_26$1048
   456/935: $rsReg_0_25$1047
   457/935: $rsReg_0_24$1046
   458/935: $rsReg_0_23$1045
   459/935: $rsReg_0_22$1044
   460/935: $rsReg_0_21$1043
   461/935: $rsReg_0_20$1042
   462/935: $rsReg_0_19$1041
   463/935: $rsReg_0_18$1040
   464/935: $rsReg_0_17$1039
   465/935: $rsReg_0_16$1038
   466/935: $rsReg_0_15$1037
   467/935: $rsReg_0_14$1036
   468/935: $rsReg_0_13$1035
   469/935: $rsReg_0_12$1034
   470/935: $rsReg_0_11$1033
   471/935: $rsReg_0_10$1032
   472/935: $rsReg_0_9$1031
   473/935: $rsReg_0_8$1030
   474/935: $rsReg_0_7$1029
   475/935: $rsReg_0_6$1028
   476/935: $rsReg_0_5$1027
   477/935: $rsReg_0_4$1026
   478/935: $rsReg_0_3$1025
   479/935: $rsReg_0_2$1024
   480/935: $rsReg_0_1$1023
   481/935: $rsReg_0_0$1022
   482/935: $rsReg_0_31$1085
   483/935: $rsReg_0_30$1084
   484/935: $rsReg_0_29$1083
   485/935: $rsReg_0_28$1082
   486/935: $rsReg_0_27$1081
   487/935: $rsReg_0_26$1080
   488/935: $rsReg_0_25$1079
   489/935: $rsReg_0_24$1078
   490/935: $rsReg_0_23$1077
   491/935: $rsReg_0_22$1076
   492/935: $rsReg_0_21$1075
   493/935: $rsReg_0_20$1074
   494/935: $rsReg_0_19$1073
   495/935: $rsReg_0_18$1072
   496/935: $rsReg_0_17$1071
   497/935: $rsReg_0_16$1070
   498/935: $rsReg_0_15$1069
   499/935: $rsReg_0_14$1068
   500/935: $rsReg_0_13$1067
   501/935: $rsReg_0_12$1066
   502/935: $rsReg_0_11$1065
   503/935: $rsReg_0_10$1064
   504/935: $rsReg_0_9$1063
   505/935: $rsReg_0_8$1062
   506/935: $rsReg_0_7$1061
   507/935: $rsReg_0_6$1060
   508/935: $rsReg_0_5$1059
   509/935: $rsReg_0_4$1058
   510/935: $rsReg_0_3$1057
   511/935: $rsReg_0_2$1056
   512/935: $rsReg_0_1$1055
   513/935: $rsReg_0_0$1054
   514/935: $rsReg_0_31$1117
   515/935: $rsReg_0_30$1116
   516/935: $rsReg_0_29$1115
   517/935: $rsReg_0_28$1114
   518/935: $rsReg_0_27$1113
   519/935: $rsReg_0_26$1112
   520/935: $rsReg_0_25$1111
   521/935: $rsReg_0_24$1110
   522/935: $rsReg_0_23$1109
   523/935: $rsReg_0_22$1108
   524/935: $rsReg_0_21$1107
   525/935: $rsReg_0_20$1106
   526/935: $rsReg_0_19$1105
   527/935: $rsReg_0_18$1104
   528/935: $rsReg_0_17$1103
   529/935: $rsReg_0_16$1102
   530/935: $rsReg_0_15$1101
   531/935: $rsReg_0_14$1100
   532/935: $rsReg_0_13$1099
   533/935: $rsReg_0_12$1098
   534/935: $rsReg_0_11$1097
   535/935: $rsReg_0_10$1096
   536/935: $rsReg_0_9$1095
   537/935: $rsReg_0_8$1094
   538/935: $rsReg_0_7$1093
   539/935: $rsReg_0_6$1092
   540/935: $rsReg_0_5$1091
   541/935: $rsReg_0_4$1090
   542/935: $rsReg_0_3$1089
   543/935: $rsReg_0_2$1088
   544/935: $rsReg_0_1$1087
   545/935: $rsReg_0_0$1086
   546/935: $rsReg_0_31$1149
   547/935: $rsReg_0_30$1148
   548/935: $rsReg_0_29$1147
   549/935: $rsReg_0_28$1146
   550/935: $rsReg_0_27$1145
   551/935: $rsReg_0_26$1144
   552/935: $rsReg_0_25$1143
   553/935: $rsReg_0_24$1142
   554/935: $rsReg_0_23$1141
   555/935: $rsReg_0_22$1140
   556/935: $rsReg_0_21$1139
   557/935: $rsReg_0_20$1138
   558/935: $rsReg_0_19$1137
   559/935: $rsReg_0_18$1136
   560/935: $rsReg_0_17$1135
   561/935: $rsReg_0_16$1134
   562/935: $rsReg_0_15$1133
   563/935: $rsReg_0_14$1132
   564/935: $rsReg_0_13$1131
   565/935: $rsReg_0_12$1130
   566/935: $rsReg_0_11$1129
   567/935: $rsReg_0_10$1128
   568/935: $rsReg_0_9$1127
   569/935: $rsReg_0_8$1126
   570/935: $rsReg_0_7$1125
   571/935: $rsReg_0_6$1124
   572/935: $rsReg_0_5$1123
   573/935: $rsReg_0_4$1122
   574/935: $rsReg_0_3$1121
   575/935: $rsReg_0_2$1120
   576/935: $rsReg_0_1$1119
   577/935: $rsReg_0_0$1118
   578/935: $rsReg_0_31$1181
   579/935: $rsReg_0_30$1180
   580/935: $rsReg_0_29$1179
   581/935: $rsReg_0_28$1178
   582/935: $rsReg_0_27$1177
   583/935: $rsReg_0_26$1176
   584/935: $rsReg_0_25$1175
   585/935: $rsReg_0_24$1174
   586/935: $rsReg_0_23$1173
   587/935: $rsReg_0_22$1172
   588/935: $rsReg_0_21$1171
   589/935: $rsReg_0_20$1170
   590/935: $rsReg_0_19$1169
   591/935: $rsReg_0_18$1168
   592/935: $rsReg_0_17$1167
   593/935: $rsReg_0_16$1166
   594/935: $rsReg_0_15$1165
   595/935: $rsReg_0_14$1164
   596/935: $rsReg_0_13$1163
   597/935: $rsReg_0_12$1162
   598/935: $rsReg_0_11$1161
   599/935: $rsReg_0_10$1160
   600/935: $rsReg_0_9$1159
   601/935: $rsReg_0_8$1158
   602/935: $rsReg_0_7$1157
   603/935: $rsReg_0_6$1156
   604/935: $rsReg_0_5$1155
   605/935: $rsReg_0_4$1154
   606/935: $rsReg_0_3$1153
   607/935: $rsReg_0_2$1152
   608/935: $rsReg_0_1$1151
   609/935: $rsReg_0_0$1150
   610/935: $state$819
   611/935: $state$818
   612/935: $state$824
   613/935: $valid_3$823
   614/935: $valid_2$822
   615/935: $valid_1$821
   616/935: $valid_0$820
   617/935: $state$810
   618/935: $state$811
   619/935: $ready_0$735
   620/935: $state$2346
   621/935: $customCtrlReg$2345
   622/935: $rsReg_2_31$2344
   623/935: $rsReg_2_30$2343
   624/935: $rsReg_2_29$2342
   625/935: $rsReg_2_28$2341
   626/935: $rsReg_2_27$2340
   627/935: $rsReg_2_26$2339
   628/935: $rsReg_2_25$2338
   629/935: $rsReg_2_24$2337
   630/935: $rsReg_2_23$2336
   631/935: $rsReg_2_22$2335
   632/935: $rsReg_2_21$2334
   633/935: $rsReg_2_20$2333
   634/935: $rsReg_2_19$2332
   635/935: $rsReg_2_18$2331
   636/935: $rsReg_2_17$2330
   637/935: $rsReg_2_16$2329
   638/935: $rsReg_2_15$2328
   639/935: $rsReg_2_14$2327
   640/935: $rsReg_2_13$2326
   641/935: $rsReg_2_12$2325
   642/935: $rsReg_2_11$2324
   643/935: $rsReg_2_10$2323
   644/935: $rsReg_2_9$2322
   645/935: $rsReg_2_8$2321
   646/935: $rsReg_2_7$2320
   647/935: $rsReg_2_6$2319
   648/935: $rsReg_2_5$2318
   649/935: $rsReg_2_4$2317
   650/935: $rsReg_2_3$2316
   651/935: $rsReg_2_2$2315
   652/935: $rsReg_2_1$2314
   653/935: $rsReg_2_0$2313
   654/935: $rsReg_1_31$2312
   655/935: $rsReg_1_30$2311
   656/935: $rsReg_1_29$2310
   657/935: $rsReg_1_28$2309
   658/935: $rsReg_1_27$2308
   659/935: $rsReg_1_26$2307
   660/935: $rsReg_1_25$2306
   661/935: $rsReg_1_24$2305
   662/935: $rsReg_1_23$2304
   663/935: $rsReg_1_22$2303
   664/935: $rsReg_1_21$2302
   665/935: $rsReg_1_20$2301
   666/935: $rsReg_1_19$2300
   667/935: $rsReg_1_18$2299
   668/935: $rsReg_1_17$2298
   669/935: $rsReg_1_16$2297
   670/935: $rsReg_1_15$2296
   671/935: $rsReg_1_14$2295
   672/935: $rsReg_1_13$2294
   673/935: $rsReg_1_12$2293
   674/935: $rsReg_1_11$2292
   675/935: $rsReg_1_10$2291
   676/935: $rsReg_1_9$2290
   677/935: $rsReg_1_8$2289
   678/935: $rsReg_1_7$2288
   679/935: $rsReg_1_6$2287
   680/935: $rsReg_1_5$2286
   681/935: $rsReg_1_4$2285
   682/935: $rsReg_1_3$2284
   683/935: $rsReg_1_2$2283
   684/935: $rsReg_1_1$2282
   685/935: $rsReg_1_0$2281
   686/935: $rsReg_0_31$2280
   687/935: $rsReg_0_30$2279
   688/935: $rsReg_0_29$2278
   689/935: $rsReg_0_28$2277
   690/935: $rsReg_0_27$2276
   691/935: $rsReg_0_26$2275
   692/935: $rsReg_0_25$2274
   693/935: $rsReg_0_24$2273
   694/935: $rsReg_0_23$2272
   695/935: $rsReg_0_22$2271
   696/935: $rsReg_0_21$2270
   697/935: $rsReg_0_20$2269
   698/935: $rsReg_0_19$2268
   699/935: $rsReg_0_18$2267
   700/935: $rsReg_0_17$2266
   701/935: $rsReg_0_16$2265
   702/935: $rsReg_0_15$2264
   703/935: $rsReg_0_14$2263
   704/935: $rsReg_0_13$2262
   705/935: $rsReg_0_12$2261
   706/935: $rsReg_0_11$2260
   707/935: $rsReg_0_10$2259
   708/935: $rsReg_0_9$2258
   709/935: $rsReg_0_8$2257
   710/935: $rsReg_0_7$2256
   711/935: $rsReg_0_6$2255
   712/935: $rsReg_0_5$2254
   713/935: $rsReg_0_4$2253
   714/935: $rsReg_0_3$2252
   715/935: $rsReg_0_2$2251
   716/935: $rsReg_0_1$2250
   717/935: $rsReg_0_0$2249
   718/935: $valid_3$2248
   719/935: $valid_2$2247
   720/935: $valid_1$2246
   721/935: $valid_0$2245
   722/935: $ready_3$2244
   723/935: $ready_2$2243
   724/935: $ready_1$2242
   725/935: $ready_0$2241
   726/935: $mask_31$700
   727/935: $mask_30$699
   728/935: $mask_29$698
   729/935: $mask_28$697
   730/935: $mask_27$696
   731/935: $mask_26$695
   732/935: $mask_25$694
   733/935: $mask_24$693
   734/935: $mask_23$692
   735/935: $mask_22$691
   736/935: $mask_21$690
   737/935: $mask_20$689
   738/935: $mask_19$688
   739/935: $mask_18$687
   740/935: $mask_17$686
   741/935: $mask_16$685
   742/935: $mask_15$684
   743/935: $mask_14$683
   744/935: $mask_13$682
   745/935: $mask_12$681
   746/935: $mask_11$680
   747/935: $mask_10$679
   748/935: $mask_9$678
   749/935: $mask_8$677
   750/935: $mask_7$676
   751/935: $mask_6$675
   752/935: $mask_5$674
   753/935: $mask_4$673
   754/935: $mask_3$672
   755/935: $mask_2$671
   756/935: $mask_1$670
   757/935: $mask_0$669
   758/935: $mask_31$668
   759/935: $mask_30$667
   760/935: $mask_29$666
   761/935: $mask_28$665
   762/935: $mask_27$664
   763/935: $mask_26$663
   764/935: $mask_25$662
   765/935: $mask_24$661
   766/935: $mask_23$660
   767/935: $mask_22$659
   768/935: $mask_21$658
   769/935: $mask_20$657
   770/935: $mask_19$656
   771/935: $mask_18$655
   772/935: $mask_17$654
   773/935: $mask_16$653
   774/935: $mask_15$652
   775/935: $mask_14$651
   776/935: $mask_13$650
   777/935: $mask_12$649
   778/935: $mask_11$648
   779/935: $mask_10$647
   780/935: $mask_9$646
   781/935: $mask_8$645
   782/935: $mask_7$644
   783/935: $mask_6$643
   784/935: $mask_5$642
   785/935: $mask_4$641
   786/935: $mask_3$640
   787/935: $mask_2$639
   788/935: $mask_1$638
   789/935: $mask_0$637
   790/935: $mask_31$636
   791/935: $mask_30$635
   792/935: $mask_29$634
   793/935: $mask_28$633
   794/935: $mask_27$632
   795/935: $mask_26$631
   796/935: $mask_25$630
   797/935: $mask_24$629
   798/935: $mask_23$628
   799/935: $mask_22$627
   800/935: $mask_21$626
   801/935: $mask_20$625
   802/935: $mask_19$624
   803/935: $mask_18$623
   804/935: $mask_17$622
   805/935: $mask_16$621
   806/935: $mask_15$620
   807/935: $mask_14$619
   808/935: $mask_13$618
   809/935: $mask_12$617
   810/935: $mask_11$616
   811/935: $mask_10$615
   812/935: $mask_9$614
   813/935: $mask_8$613
   814/935: $mask_7$612
   815/935: $mask_6$611
   816/935: $mask_5$610
   817/935: $mask_4$609
   818/935: $mask_3$608
   819/935: $mask_2$607
   820/935: $mask_1$606
   821/935: $mask_0$605
   822/935: $mask_31$604
   823/935: $mask_30$603
   824/935: $mask_29$602
   825/935: $mask_28$601
   826/935: $mask_27$600
   827/935: $mask_26$599
   828/935: $mask_25$598
   829/935: $mask_24$597
   830/935: $mask_23$596
   831/935: $mask_22$595
   832/935: $mask_21$594
   833/935: $mask_20$593
   834/935: $mask_19$592
   835/935: $mask_18$591
   836/935: $mask_17$590
   837/935: $mask_16$589
   838/935: $mask_15$588
   839/935: $mask_14$587
   840/935: $mask_13$586
   841/935: $mask_12$585
   842/935: $mask_11$584
   843/935: $mask_10$583
   844/935: $mask_9$582
   845/935: $mask_8$581
   846/935: $mask_7$580
   847/935: $mask_6$579
   848/935: $mask_5$578
   849/935: $mask_4$577
   850/935: $mask_3$576
   851/935: $mask_2$575
   852/935: $mask_1$574
   853/935: $mask_0$573
   854/935: $mask_31$572
   855/935: $mask_30$571
   856/935: $mask_29$570
   857/935: $mask_28$569
   858/935: $mask_27$568
   859/935: $mask_26$567
   860/935: $mask_25$566
   861/935: $mask_24$565
   862/935: $mask_23$564
   863/935: $mask_22$563
   864/935: $mask_21$562
   865/935: $mask_20$561
   866/935: $mask_19$560
   867/935: $mask_18$559
   868/935: $mask_17$558
   869/935: $mask_16$557
   870/935: $mask_15$556
   871/935: $mask_14$555
   872/935: $mask_13$554
   873/935: $mask_12$553
   874/935: $mask_11$552
   875/935: $mask_10$551
   876/935: $mask_9$550
   877/935: $mask_8$549
   878/935: $mask_7$548
   879/935: $mask_6$547
   880/935: $mask_5$546
   881/935: $mask_4$545
   882/935: $mask_3$544
   883/935: $mask_2$543
   884/935: $mask_1$542
   885/935: $regIdx_2$515
   886/935: $regIdx_1$514
   887/935: $regIdx_0$513
   888/935: $rsType_2$512
   889/935: $rsType_1$511
   890/935: $rsType_0$510
   891/935: $controlReg_rl$509
   892/935: $controlReg_aq$508
   893/935: $controlReg_atomic$507
   894/935: $controlReg_spike_info_inst$506
   895/935: $controlReg_spike_info_pc$505
   896/935: $controlReg_spike_info_sm_id$504
   897/935: $controlReg_imm_ext$503
   898/935: $controlReg_pc$502
   899/935: $controlReg_wxd$501
   900/935: $controlReg_writemask$500
   901/935: $controlReg_readmask$499
   902/935: $controlReg_sfu$498
   903/935: $controlReg_fence$497
   904/935: $controlReg_wvd$496
   905/935: $controlReg_reg_idxw$495
   906/935: $controlReg_reg_idx3$494
   907/935: $controlReg_reg_idx2$493
   908/935: $controlReg_reg_idx1$492
   909/935: $controlReg_mop$491
   910/935: $controlReg_mem_cmd$490
   911/935: $controlReg_custom_signal_0$489
   912/935: $controlReg_disable_mask$488
   913/935: $controlReg_tc$487
   914/935: $controlReg_mul$486
   915/935: $controlReg_mem$485
   916/935: $controlReg_is_vls12$484
   917/935: $controlReg_force_rm_rtz$483
   918/935: $controlReg_alu_fn$482
   919/935: $controlReg_mem_unsigned$481
   920/935: $controlReg_mem_whb$480
   921/935: $controlReg_sel_imm$479
   922/935: $controlReg_mask$478
   923/935: $controlReg_sel_alu3$477
   924/935: $controlReg_isvec$476
   925/935: $controlReg_sel_alu1$475
   926/935: $controlReg_sel_alu2$474
   927/935: $controlReg_reverse$473
   928/935: $controlReg_csr$472
   929/935: $controlReg_barrier$471
   930/935: $controlReg_simt_stack_op$470
   931/935: $controlReg_simt_stack$469
   932/935: $controlReg_branch$468
   933/935: $controlReg_fp$467
   934/935: $controlReg_wid$466
   935/935: $controlReg_inst$465
Creating decoders for process `\collectorUnit$operandCollector.collectorUnit_2.$442'.
     1/935: $customCtrlReg$2240
     2/935: $rsReg_2_31$2239
     3/935: $rsReg_2_30$2238
     4/935: $rsReg_2_29$2237
     5/935: $rsReg_2_28$2236
     6/935: $rsReg_2_27$2235
     7/935: $rsReg_2_26$2234
     8/935: $rsReg_2_25$2233
     9/935: $rsReg_2_24$2232
    10/935: $rsReg_2_23$2231
    11/935: $rsReg_2_22$2230
    12/935: $rsReg_2_21$2229
    13/935: $rsReg_2_20$2228
    14/935: $rsReg_2_19$2227
    15/935: $rsReg_2_18$2226
    16/935: $rsReg_2_17$2225
    17/935: $rsReg_2_16$2224
    18/935: $rsReg_2_15$2223
    19/935: $rsReg_2_14$2222
    20/935: $rsReg_2_13$2221
    21/935: $rsReg_2_12$2220
    22/935: $rsReg_2_11$2219
    23/935: $rsReg_2_10$2218
    24/935: $rsReg_2_9$2217
    25/935: $rsReg_2_8$2216
    26/935: $rsReg_2_7$2215
    27/935: $rsReg_2_6$2214
    28/935: $rsReg_2_5$2213
    29/935: $rsReg_2_4$2212
    30/935: $rsReg_2_3$2211
    31/935: $rsReg_2_2$2210
    32/935: $rsReg_2_1$2209
    33/935: $rsReg_2_0$2208
    34/935: $rsReg_2_31$2081
    35/935: $rsReg_2_30$2080
    36/935: $rsReg_2_29$2079
    37/935: $rsReg_2_28$2078
    38/935: $rsReg_2_27$2077
    39/935: $rsReg_2_26$2076
    40/935: $rsReg_2_25$2075
    41/935: $rsReg_2_24$2074
    42/935: $rsReg_2_23$2073
    43/935: $rsReg_2_22$2072
    44/935: $rsReg_2_21$2071
    45/935: $rsReg_2_20$2070
    46/935: $rsReg_2_19$2069
    47/935: $rsReg_2_18$2068
    48/935: $rsReg_2_17$2067
    49/935: $rsReg_2_16$2066
    50/935: $rsReg_2_15$2065
    51/935: $rsReg_2_14$2064
    52/935: $rsReg_2_13$2063
    53/935: $rsReg_2_12$2062
    54/935: $rsReg_2_11$2061
    55/935: $rsReg_2_10$2060
    56/935: $rsReg_2_9$2059
    57/935: $rsReg_2_8$2058
    58/935: $rsReg_2_7$2057
    59/935: $rsReg_2_6$2056
    60/935: $rsReg_2_5$2055
    61/935: $rsReg_2_4$2054
    62/935: $rsReg_2_3$2053
    63/935: $rsReg_2_2$2052
    64/935: $rsReg_2_1$2051
    65/935: $rsReg_2_0$2050
    66/935: $rsReg_2_31$1923
    67/935: $rsReg_2_30$1922
    68/935: $rsReg_2_29$1921
    69/935: $rsReg_2_28$1920
    70/935: $rsReg_2_27$1919
    71/935: $rsReg_2_26$1918
    72/935: $rsReg_2_25$1917
    73/935: $rsReg_2_24$1916
    74/935: $rsReg_2_23$1915
    75/935: $rsReg_2_22$1914
    76/935: $rsReg_2_21$1913
    77/935: $rsReg_2_20$1912
    78/935: $rsReg_2_19$1911
    79/935: $rsReg_2_18$1910
    80/935: $rsReg_2_17$1909
    81/935: $rsReg_2_16$1908
    82/935: $rsReg_2_15$1907
    83/935: $rsReg_2_14$1906
    84/935: $rsReg_2_13$1905
    85/935: $rsReg_2_12$1904
    86/935: $rsReg_2_11$1903
    87/935: $rsReg_2_10$1902
    88/935: $rsReg_2_9$1901
    89/935: $rsReg_2_8$1900
    90/935: $rsReg_2_7$1899
    91/935: $rsReg_2_6$1898
    92/935: $rsReg_2_5$1897
    93/935: $rsReg_2_4$1896
    94/935: $rsReg_2_3$1895
    95/935: $rsReg_2_2$1894
    96/935: $rsReg_2_1$1893
    97/935: $rsReg_2_0$1892
    98/935: $rsReg_2_31$1765
    99/935: $rsReg_2_30$1764
   100/935: $rsReg_2_29$1763
   101/935: $rsReg_2_28$1762
   102/935: $rsReg_2_27$1761
   103/935: $rsReg_2_26$1760
   104/935: $rsReg_2_25$1759
   105/935: $rsReg_2_24$1758
   106/935: $rsReg_2_23$1757
   107/935: $rsReg_2_22$1756
   108/935: $rsReg_2_21$1755
   109/935: $rsReg_2_20$1754
   110/935: $rsReg_2_19$1753
   111/935: $rsReg_2_18$1752
   112/935: $rsReg_2_17$1751
   113/935: $rsReg_2_16$1750
   114/935: $rsReg_2_15$1749
   115/935: $rsReg_2_14$1748
   116/935: $rsReg_2_13$1747
   117/935: $rsReg_2_12$1746
   118/935: $rsReg_2_11$1745
   119/935: $rsReg_2_10$1744
   120/935: $rsReg_2_9$1743
   121/935: $rsReg_2_8$1742
   122/935: $rsReg_2_7$1741
   123/935: $rsReg_2_6$1740
   124/935: $rsReg_2_5$1739
   125/935: $rsReg_2_4$1738
   126/935: $rsReg_2_3$1737
   127/935: $rsReg_2_2$1736
   128/935: $rsReg_2_1$1735
   129/935: $rsReg_2_0$1734
   130/935: $rsReg_2_31$1607
   131/935: $rsReg_2_30$1606
   132/935: $rsReg_2_29$1605
   133/935: $rsReg_2_28$1604
   134/935: $rsReg_2_27$1603
   135/935: $rsReg_2_26$1602
   136/935: $rsReg_2_25$1601
   137/935: $rsReg_2_24$1600
   138/935: $rsReg_2_23$1599
   139/935: $rsReg_2_22$1598
   140/935: $rsReg_2_21$1597
   141/935: $rsReg_2_20$1596
   142/935: $rsReg_2_19$1595
   143/935: $rsReg_2_18$1594
   144/935: $rsReg_2_17$1593
   145/935: $rsReg_2_16$1592
   146/935: $rsReg_2_15$1591
   147/935: $rsReg_2_14$1590
   148/935: $rsReg_2_13$1589
   149/935: $rsReg_2_12$1588
   150/935: $rsReg_2_11$1587
   151/935: $rsReg_2_10$1586
   152/935: $rsReg_2_9$1585
   153/935: $rsReg_2_8$1584
   154/935: $rsReg_2_7$1583
   155/935: $rsReg_2_6$1582
   156/935: $rsReg_2_5$1581
   157/935: $rsReg_2_4$1580
   158/935: $rsReg_2_3$1579
   159/935: $rsReg_2_2$1578
   160/935: $rsReg_2_1$1577
   161/935: $rsReg_2_0$1576
   162/935: $rsReg_1_31$1554
   163/935: $rsReg_1_30$1553
   164/935: $rsReg_1_29$1552
   165/935: $rsReg_1_28$1551
   166/935: $rsReg_1_27$1550
   167/935: $rsReg_1_26$1549
   168/935: $rsReg_1_25$1548
   169/935: $rsReg_1_24$1547
   170/935: $rsReg_1_23$1546
   171/935: $rsReg_1_22$1545
   172/935: $rsReg_1_21$1544
   173/935: $rsReg_1_20$1543
   174/935: $rsReg_1_19$1542
   175/935: $rsReg_1_18$1541
   176/935: $rsReg_1_17$1540
   177/935: $rsReg_1_16$1539
   178/935: $rsReg_1_15$1538
   179/935: $rsReg_1_14$1537
   180/935: $rsReg_1_13$1536
   181/935: $rsReg_1_12$1535
   182/935: $rsReg_1_11$1534
   183/935: $rsReg_1_10$1533
   184/935: $rsReg_1_9$1532
   185/935: $rsReg_1_8$1531
   186/935: $rsReg_1_7$1530
   187/935: $rsReg_1_6$1529
   188/935: $rsReg_1_5$1528
   189/935: $rsReg_1_4$1527
   190/935: $rsReg_1_3$1526
   191/935: $rsReg_1_2$1525
   192/935: $rsReg_1_1$1524
   193/935: $rsReg_1_0$1523
   194/935: $rsReg_1_31$1489
   195/935: $rsReg_1_30$1488
   196/935: $rsReg_1_29$1487
   197/935: $rsReg_1_28$1486
   198/935: $rsReg_1_27$1485
   199/935: $rsReg_1_26$1484
   200/935: $rsReg_1_25$1483
   201/935: $rsReg_1_24$1482
   202/935: $rsReg_1_23$1481
   203/935: $rsReg_1_22$1480
   204/935: $rsReg_1_21$1479
   205/935: $rsReg_1_20$1478
   206/935: $rsReg_1_19$1477
   207/935: $rsReg_1_18$1476
   208/935: $rsReg_1_17$1475
   209/935: $rsReg_1_16$1474
   210/935: $rsReg_1_15$1473
   211/935: $rsReg_1_14$1472
   212/935: $rsReg_1_13$1471
   213/935: $rsReg_1_12$1470
   214/935: $rsReg_1_11$1469
   215/935: $rsReg_1_10$1468
   216/935: $rsReg_1_9$1467
   217/935: $rsReg_1_8$1466
   218/935: $rsReg_1_7$1465
   219/935: $rsReg_1_6$1464
   220/935: $rsReg_1_5$1463
   221/935: $rsReg_1_4$1462
   222/935: $rsReg_1_3$1461
   223/935: $rsReg_1_2$1460
   224/935: $rsReg_1_1$1459
   225/935: $rsReg_1_0$1458
   226/935: $rsReg_1_31$1424
   227/935: $rsReg_1_30$1423
   228/935: $rsReg_1_29$1422
   229/935: $rsReg_1_28$1421
   230/935: $rsReg_1_27$1420
   231/935: $rsReg_1_26$1419
   232/935: $rsReg_1_25$1418
   233/935: $rsReg_1_24$1417
   234/935: $rsReg_1_23$1416
   235/935: $rsReg_1_22$1415
   236/935: $rsReg_1_21$1414
   237/935: $rsReg_1_20$1413
   238/935: $rsReg_1_19$1412
   239/935: $rsReg_1_18$1411
   240/935: $rsReg_1_17$1410
   241/935: $rsReg_1_16$1409
   242/935: $rsReg_1_15$1408
   243/935: $rsReg_1_14$1407
   244/935: $rsReg_1_13$1406
   245/935: $rsReg_1_12$1405
   246/935: $rsReg_1_11$1404
   247/935: $rsReg_1_10$1403
   248/935: $rsReg_1_9$1402
   249/935: $rsReg_1_8$1401
   250/935: $rsReg_1_7$1400
   251/935: $rsReg_1_6$1399
   252/935: $rsReg_1_5$1398
   253/935: $rsReg_1_4$1397
   254/935: $rsReg_1_3$1396
   255/935: $rsReg_1_2$1395
   256/935: $rsReg_1_1$1394
   257/935: $rsReg_1_0$1393
   258/935: $rsReg_1_31$1359
   259/935: $rsReg_1_30$1358
   260/935: $rsReg_1_29$1357
   261/935: $rsReg_1_28$1356
   262/935: $rsReg_1_27$1355
   263/935: $rsReg_1_26$1354
   264/935: $rsReg_1_25$1353
   265/935: $rsReg_1_24$1352
   266/935: $rsReg_1_23$1351
   267/935: $rsReg_1_22$1350
   268/935: $rsReg_1_21$1349
   269/935: $rsReg_1_20$1348
   270/935: $rsReg_1_19$1347
   271/935: $rsReg_1_18$1346
   272/935: $rsReg_1_17$1345
   273/935: $rsReg_1_16$1344
   274/935: $rsReg_1_15$1343
   275/935: $rsReg_1_14$1342
   276/935: $rsReg_1_13$1341
   277/935: $rsReg_1_12$1340
   278/935: $rsReg_1_11$1339
   279/935: $rsReg_1_10$1338
   280/935: $rsReg_1_9$1337
   281/935: $rsReg_1_8$1336
   282/935: $rsReg_1_7$1335
   283/935: $rsReg_1_6$1334
   284/935: $rsReg_1_5$1333
   285/935: $rsReg_1_4$1332
   286/935: $rsReg_1_3$1331
   287/935: $rsReg_1_2$1330
   288/935: $rsReg_1_1$1329
   289/935: $rsReg_1_0$1328
   290/935: $rsReg_1_31$1230
   291/935: $rsReg_1_30$1229
   292/935: $rsReg_1_29$1228
   293/935: $rsReg_1_28$1227
   294/935: $rsReg_1_27$1226
   295/935: $rsReg_1_26$1225
   296/935: $rsReg_1_25$1224
   297/935: $rsReg_1_24$1223
   298/935: $rsReg_1_23$1222
   299/935: $rsReg_1_22$1221
   300/935: $rsReg_1_21$1220
   301/935: $rsReg_1_20$1219
   302/935: $rsReg_1_19$1218
   303/935: $rsReg_1_18$1217
   304/935: $rsReg_1_17$1216
   305/935: $rsReg_1_16$1215
   306/935: $rsReg_1_15$1214
   307/935: $rsReg_1_14$1213
   308/935: $rsReg_1_13$1212
   309/935: $rsReg_1_12$1211
   310/935: $rsReg_1_11$1210
   311/935: $rsReg_1_10$1209
   312/935: $rsReg_1_9$1208
   313/935: $rsReg_1_8$1207
   314/935: $rsReg_1_7$1206
   315/935: $rsReg_1_6$1205
   316/935: $rsReg_1_5$1204
   317/935: $rsReg_1_4$1203
   318/935: $rsReg_1_3$1202
   319/935: $rsReg_1_2$1201
   320/935: $rsReg_1_1$1200
   321/935: $rsReg_1_0$1199
   322/935: $rsReg_1_31$1262
   323/935: $rsReg_1_30$1261
   324/935: $rsReg_1_29$1260
   325/935: $rsReg_1_28$1259
   326/935: $rsReg_1_27$1258
   327/935: $rsReg_1_26$1257
   328/935: $rsReg_1_25$1256
   329/935: $rsReg_1_24$1255
   330/935: $rsReg_1_23$1254
   331/935: $rsReg_1_22$1253
   332/935: $rsReg_1_21$1252
   333/935: $rsReg_1_20$1251
   334/935: $rsReg_1_19$1250
   335/935: $rsReg_1_18$1249
   336/935: $rsReg_1_17$1248
   337/935: $rsReg_1_16$1247
   338/935: $rsReg_1_15$1246
   339/935: $rsReg_1_14$1245
   340/935: $rsReg_1_13$1244
   341/935: $rsReg_1_12$1243
   342/935: $rsReg_1_11$1242
   343/935: $rsReg_1_10$1241
   344/935: $rsReg_1_9$1240
   345/935: $rsReg_1_8$1239
   346/935: $rsReg_1_7$1238
   347/935: $rsReg_1_6$1237
   348/935: $rsReg_1_5$1236
   349/935: $rsReg_1_4$1235
   350/935: $rsReg_1_3$1234
   351/935: $rsReg_1_2$1233
   352/935: $rsReg_1_1$1232
   353/935: $rsReg_1_0$1231
   354/935: $rsReg_1_31$1294
   355/935: $rsReg_1_30$1293
   356/935: $rsReg_1_29$1292
   357/935: $rsReg_1_28$1291
   358/935: $rsReg_1_27$1290
   359/935: $rsReg_1_26$1289
   360/935: $rsReg_1_25$1288
   361/935: $rsReg_1_24$1287
   362/935: $rsReg_1_23$1286
   363/935: $rsReg_1_22$1285
   364/935: $rsReg_1_21$1284
   365/935: $rsReg_1_20$1283
   366/935: $rsReg_1_19$1282
   367/935: $rsReg_1_18$1281
   368/935: $rsReg_1_17$1280
   369/935: $rsReg_1_16$1279
   370/935: $rsReg_1_15$1278
   371/935: $rsReg_1_14$1277
   372/935: $rsReg_1_13$1276
   373/935: $rsReg_1_12$1275
   374/935: $rsReg_1_11$1274
   375/935: $rsReg_1_10$1273
   376/935: $rsReg_1_9$1272
   377/935: $rsReg_1_8$1271
   378/935: $rsReg_1_7$1270
   379/935: $rsReg_1_6$1269
   380/935: $rsReg_1_5$1268
   381/935: $rsReg_1_4$1267
   382/935: $rsReg_1_3$1266
   383/935: $rsReg_1_2$1265
   384/935: $rsReg_1_1$1264
   385/935: $rsReg_1_0$1263
   386/935: $rsReg_0_31$989
   387/935: $rsReg_0_30$988
   388/935: $rsReg_0_29$987
   389/935: $rsReg_0_28$986
   390/935: $rsReg_0_27$985
   391/935: $rsReg_0_26$984
   392/935: $rsReg_0_25$983
   393/935: $rsReg_0_24$982
   394/935: $rsReg_0_23$981
   395/935: $rsReg_0_22$980
   396/935: $rsReg_0_21$979
   397/935: $rsReg_0_20$978
   398/935: $rsReg_0_19$977
   399/935: $rsReg_0_18$976
   400/935: $rsReg_0_17$975
   401/935: $rsReg_0_16$974
   402/935: $rsReg_0_15$973
   403/935: $rsReg_0_14$972
   404/935: $rsReg_0_13$971
   405/935: $rsReg_0_12$970
   406/935: $rsReg_0_11$969
   407/935: $rsReg_0_10$968
   408/935: $rsReg_0_9$967
   409/935: $rsReg_0_8$966
   410/935: $rsReg_0_7$965
   411/935: $rsReg_0_6$964
   412/935: $rsReg_0_5$963
   413/935: $rsReg_0_4$962
   414/935: $rsReg_0_3$961
   415/935: $rsReg_0_2$960
   416/935: $rsReg_0_1$959
   417/935: $rsReg_0_0$958
   418/935: $rsReg_0_31$1021
   419/935: $rsReg_0_30$1020
   420/935: $rsReg_0_29$1019
   421/935: $rsReg_0_28$1018
   422/935: $rsReg_0_27$1017
   423/935: $rsReg_0_26$1016
   424/935: $rsReg_0_25$1015
   425/935: $rsReg_0_24$1014
   426/935: $rsReg_0_23$1013
   427/935: $rsReg_0_22$1012
   428/935: $rsReg_0_21$1011
   429/935: $rsReg_0_20$1010
   430/935: $rsReg_0_19$1009
   431/935: $rsReg_0_18$1008
   432/935: $rsReg_0_17$1007
   433/935: $rsReg_0_16$1006
   434/935: $rsReg_0_15$1005
   435/935: $rsReg_0_14$1004
   436/935: $rsReg_0_13$1003
   437/935: $rsReg_0_12$1002
   438/935: $rsReg_0_11$1001
   439/935: $rsReg_0_10$1000
   440/935: $rsReg_0_9$999
   441/935: $rsReg_0_8$998
   442/935: $rsReg_0_7$997
   443/935: $rsReg_0_6$996
   444/935: $rsReg_0_5$995
   445/935: $rsReg_0_4$994
   446/935: $rsReg_0_3$993
   447/935: $rsReg_0_2$992
   448/935: $rsReg_0_1$991
   449/935: $rsReg_0_0$990
   450/935: $rsReg_0_31$1053
   451/935: $rsReg_0_30$1052
   452/935: $rsReg_0_29$1051
   453/935: $rsReg_0_28$1050
   454/935: $rsReg_0_27$1049
   455/935: $rsReg_0_26$1048
   456/935: $rsReg_0_25$1047
   457/935: $rsReg_0_24$1046
   458/935: $rsReg_0_23$1045
   459/935: $rsReg_0_22$1044
   460/935: $rsReg_0_21$1043
   461/935: $rsReg_0_20$1042
   462/935: $rsReg_0_19$1041
   463/935: $rsReg_0_18$1040
   464/935: $rsReg_0_17$1039
   465/935: $rsReg_0_16$1038
   466/935: $rsReg_0_15$1037
   467/935: $rsReg_0_14$1036
   468/935: $rsReg_0_13$1035
   469/935: $rsReg_0_12$1034
   470/935: $rsReg_0_11$1033
   471/935: $rsReg_0_10$1032
   472/935: $rsReg_0_9$1031
   473/935: $rsReg_0_8$1030
   474/935: $rsReg_0_7$1029
   475/935: $rsReg_0_6$1028
   476/935: $rsReg_0_5$1027
   477/935: $rsReg_0_4$1026
   478/935: $rsReg_0_3$1025
   479/935: $rsReg_0_2$1024
   480/935: $rsReg_0_1$1023
   481/935: $rsReg_0_0$1022
   482/935: $rsReg_0_31$1085
   483/935: $rsReg_0_30$1084
   484/935: $rsReg_0_29$1083
   485/935: $rsReg_0_28$1082
   486/935: $rsReg_0_27$1081
   487/935: $rsReg_0_26$1080
   488/935: $rsReg_0_25$1079
   489/935: $rsReg_0_24$1078
   490/935: $rsReg_0_23$1077
   491/935: $rsReg_0_22$1076
   492/935: $rsReg_0_21$1075
   493/935: $rsReg_0_20$1074
   494/935: $rsReg_0_19$1073
   495/935: $rsReg_0_18$1072
   496/935: $rsReg_0_17$1071
   497/935: $rsReg_0_16$1070
   498/935: $rsReg_0_15$1069
   499/935: $rsReg_0_14$1068
   500/935: $rsReg_0_13$1067
   501/935: $rsReg_0_12$1066
   502/935: $rsReg_0_11$1065
   503/935: $rsReg_0_10$1064
   504/935: $rsReg_0_9$1063
   505/935: $rsReg_0_8$1062
   506/935: $rsReg_0_7$1061
   507/935: $rsReg_0_6$1060
   508/935: $rsReg_0_5$1059
   509/935: $rsReg_0_4$1058
   510/935: $rsReg_0_3$1057
   511/935: $rsReg_0_2$1056
   512/935: $rsReg_0_1$1055
   513/935: $rsReg_0_0$1054
   514/935: $rsReg_0_31$1117
   515/935: $rsReg_0_30$1116
   516/935: $rsReg_0_29$1115
   517/935: $rsReg_0_28$1114
   518/935: $rsReg_0_27$1113
   519/935: $rsReg_0_26$1112
   520/935: $rsReg_0_25$1111
   521/935: $rsReg_0_24$1110
   522/935: $rsReg_0_23$1109
   523/935: $rsReg_0_22$1108
   524/935: $rsReg_0_21$1107
   525/935: $rsReg_0_20$1106
   526/935: $rsReg_0_19$1105
   527/935: $rsReg_0_18$1104
   528/935: $rsReg_0_17$1103
   529/935: $rsReg_0_16$1102
   530/935: $rsReg_0_15$1101
   531/935: $rsReg_0_14$1100
   532/935: $rsReg_0_13$1099
   533/935: $rsReg_0_12$1098
   534/935: $rsReg_0_11$1097
   535/935: $rsReg_0_10$1096
   536/935: $rsReg_0_9$1095
   537/935: $rsReg_0_8$1094
   538/935: $rsReg_0_7$1093
   539/935: $rsReg_0_6$1092
   540/935: $rsReg_0_5$1091
   541/935: $rsReg_0_4$1090
   542/935: $rsReg_0_3$1089
   543/935: $rsReg_0_2$1088
   544/935: $rsReg_0_1$1087
   545/935: $rsReg_0_0$1086
   546/935: $rsReg_0_31$1149
   547/935: $rsReg_0_30$1148
   548/935: $rsReg_0_29$1147
   549/935: $rsReg_0_28$1146
   550/935: $rsReg_0_27$1145
   551/935: $rsReg_0_26$1144
   552/935: $rsReg_0_25$1143
   553/935: $rsReg_0_24$1142
   554/935: $rsReg_0_23$1141
   555/935: $rsReg_0_22$1140
   556/935: $rsReg_0_21$1139
   557/935: $rsReg_0_20$1138
   558/935: $rsReg_0_19$1137
   559/935: $rsReg_0_18$1136
   560/935: $rsReg_0_17$1135
   561/935: $rsReg_0_16$1134
   562/935: $rsReg_0_15$1133
   563/935: $rsReg_0_14$1132
   564/935: $rsReg_0_13$1131
   565/935: $rsReg_0_12$1130
   566/935: $rsReg_0_11$1129
   567/935: $rsReg_0_10$1128
   568/935: $rsReg_0_9$1127
   569/935: $rsReg_0_8$1126
   570/935: $rsReg_0_7$1125
   571/935: $rsReg_0_6$1124
   572/935: $rsReg_0_5$1123
   573/935: $rsReg_0_4$1122
   574/935: $rsReg_0_3$1121
   575/935: $rsReg_0_2$1120
   576/935: $rsReg_0_1$1119
   577/935: $rsReg_0_0$1118
   578/935: $rsReg_0_31$1181
   579/935: $rsReg_0_30$1180
   580/935: $rsReg_0_29$1179
   581/935: $rsReg_0_28$1178
   582/935: $rsReg_0_27$1177
   583/935: $rsReg_0_26$1176
   584/935: $rsReg_0_25$1175
   585/935: $rsReg_0_24$1174
   586/935: $rsReg_0_23$1173
   587/935: $rsReg_0_22$1172
   588/935: $rsReg_0_21$1171
   589/935: $rsReg_0_20$1170
   590/935: $rsReg_0_19$1169
   591/935: $rsReg_0_18$1168
   592/935: $rsReg_0_17$1167
   593/935: $rsReg_0_16$1166
   594/935: $rsReg_0_15$1165
   595/935: $rsReg_0_14$1164
   596/935: $rsReg_0_13$1163
   597/935: $rsReg_0_12$1162
   598/935: $rsReg_0_11$1161
   599/935: $rsReg_0_10$1160
   600/935: $rsReg_0_9$1159
   601/935: $rsReg_0_8$1158
   602/935: $rsReg_0_7$1157
   603/935: $rsReg_0_6$1156
   604/935: $rsReg_0_5$1155
   605/935: $rsReg_0_4$1154
   606/935: $rsReg_0_3$1153
   607/935: $rsReg_0_2$1152
   608/935: $rsReg_0_1$1151
   609/935: $rsReg_0_0$1150
   610/935: $state$819
   611/935: $state$818
   612/935: $state$824
   613/935: $valid_3$823
   614/935: $valid_2$822
   615/935: $valid_1$821
   616/935: $valid_0$820
   617/935: $state$810
   618/935: $state$811
   619/935: $ready_0$735
   620/935: $state$2346
   621/935: $customCtrlReg$2345
   622/935: $rsReg_2_31$2344
   623/935: $rsReg_2_30$2343
   624/935: $rsReg_2_29$2342
   625/935: $rsReg_2_28$2341
   626/935: $rsReg_2_27$2340
   627/935: $rsReg_2_26$2339
   628/935: $rsReg_2_25$2338
   629/935: $rsReg_2_24$2337
   630/935: $rsReg_2_23$2336
   631/935: $rsReg_2_22$2335
   632/935: $rsReg_2_21$2334
   633/935: $rsReg_2_20$2333
   634/935: $rsReg_2_19$2332
   635/935: $rsReg_2_18$2331
   636/935: $rsReg_2_17$2330
   637/935: $rsReg_2_16$2329
   638/935: $rsReg_2_15$2328
   639/935: $rsReg_2_14$2327
   640/935: $rsReg_2_13$2326
   641/935: $rsReg_2_12$2325
   642/935: $rsReg_2_11$2324
   643/935: $rsReg_2_10$2323
   644/935: $rsReg_2_9$2322
   645/935: $rsReg_2_8$2321
   646/935: $rsReg_2_7$2320
   647/935: $rsReg_2_6$2319
   648/935: $rsReg_2_5$2318
   649/935: $rsReg_2_4$2317
   650/935: $rsReg_2_3$2316
   651/935: $rsReg_2_2$2315
   652/935: $rsReg_2_1$2314
   653/935: $rsReg_2_0$2313
   654/935: $rsReg_1_31$2312
   655/935: $rsReg_1_30$2311
   656/935: $rsReg_1_29$2310
   657/935: $rsReg_1_28$2309
   658/935: $rsReg_1_27$2308
   659/935: $rsReg_1_26$2307
   660/935: $rsReg_1_25$2306
   661/935: $rsReg_1_24$2305
   662/935: $rsReg_1_23$2304
   663/935: $rsReg_1_22$2303
   664/935: $rsReg_1_21$2302
   665/935: $rsReg_1_20$2301
   666/935: $rsReg_1_19$2300
   667/935: $rsReg_1_18$2299
   668/935: $rsReg_1_17$2298
   669/935: $rsReg_1_16$2297
   670/935: $rsReg_1_15$2296
   671/935: $rsReg_1_14$2295
   672/935: $rsReg_1_13$2294
   673/935: $rsReg_1_12$2293
   674/935: $rsReg_1_11$2292
   675/935: $rsReg_1_10$2291
   676/935: $rsReg_1_9$2290
   677/935: $rsReg_1_8$2289
   678/935: $rsReg_1_7$2288
   679/935: $rsReg_1_6$2287
   680/935: $rsReg_1_5$2286
   681/935: $rsReg_1_4$2285
   682/935: $rsReg_1_3$2284
   683/935: $rsReg_1_2$2283
   684/935: $rsReg_1_1$2282
   685/935: $rsReg_1_0$2281
   686/935: $rsReg_0_31$2280
   687/935: $rsReg_0_30$2279
   688/935: $rsReg_0_29$2278
   689/935: $rsReg_0_28$2277
   690/935: $rsReg_0_27$2276
   691/935: $rsReg_0_26$2275
   692/935: $rsReg_0_25$2274
   693/935: $rsReg_0_24$2273
   694/935: $rsReg_0_23$2272
   695/935: $rsReg_0_22$2271
   696/935: $rsReg_0_21$2270
   697/935: $rsReg_0_20$2269
   698/935: $rsReg_0_19$2268
   699/935: $rsReg_0_18$2267
   700/935: $rsReg_0_17$2266
   701/935: $rsReg_0_16$2265
   702/935: $rsReg_0_15$2264
   703/935: $rsReg_0_14$2263
   704/935: $rsReg_0_13$2262
   705/935: $rsReg_0_12$2261
   706/935: $rsReg_0_11$2260
   707/935: $rsReg_0_10$2259
   708/935: $rsReg_0_9$2258
   709/935: $rsReg_0_8$2257
   710/935: $rsReg_0_7$2256
   711/935: $rsReg_0_6$2255
   712/935: $rsReg_0_5$2254
   713/935: $rsReg_0_4$2253
   714/935: $rsReg_0_3$2252
   715/935: $rsReg_0_2$2251
   716/935: $rsReg_0_1$2250
   717/935: $rsReg_0_0$2249
   718/935: $valid_3$2248
   719/935: $valid_2$2247
   720/935: $valid_1$2246
   721/935: $valid_0$2245
   722/935: $ready_3$2244
   723/935: $ready_2$2243
   724/935: $ready_1$2242
   725/935: $ready_0$2241
   726/935: $mask_31$700
   727/935: $mask_30$699
   728/935: $mask_29$698
   729/935: $mask_28$697
   730/935: $mask_27$696
   731/935: $mask_26$695
   732/935: $mask_25$694
   733/935: $mask_24$693
   734/935: $mask_23$692
   735/935: $mask_22$691
   736/935: $mask_21$690
   737/935: $mask_20$689
   738/935: $mask_19$688
   739/935: $mask_18$687
   740/935: $mask_17$686
   741/935: $mask_16$685
   742/935: $mask_15$684
   743/935: $mask_14$683
   744/935: $mask_13$682
   745/935: $mask_12$681
   746/935: $mask_11$680
   747/935: $mask_10$679
   748/935: $mask_9$678
   749/935: $mask_8$677
   750/935: $mask_7$676
   751/935: $mask_6$675
   752/935: $mask_5$674
   753/935: $mask_4$673
   754/935: $mask_3$672
   755/935: $mask_2$671
   756/935: $mask_1$670
   757/935: $mask_0$669
   758/935: $mask_31$668
   759/935: $mask_30$667
   760/935: $mask_29$666
   761/935: $mask_28$665
   762/935: $mask_27$664
   763/935: $mask_26$663
   764/935: $mask_25$662
   765/935: $mask_24$661
   766/935: $mask_23$660
   767/935: $mask_22$659
   768/935: $mask_21$658
   769/935: $mask_20$657
   770/935: $mask_19$656
   771/935: $mask_18$655
   772/935: $mask_17$654
   773/935: $mask_16$653
   774/935: $mask_15$652
   775/935: $mask_14$651
   776/935: $mask_13$650
   777/935: $mask_12$649
   778/935: $mask_11$648
   779/935: $mask_10$647
   780/935: $mask_9$646
   781/935: $mask_8$645
   782/935: $mask_7$644
   783/935: $mask_6$643
   784/935: $mask_5$642
   785/935: $mask_4$641
   786/935: $mask_3$640
   787/935: $mask_2$639
   788/935: $mask_1$638
   789/935: $mask_0$637
   790/935: $mask_31$636
   791/935: $mask_30$635
   792/935: $mask_29$634
   793/935: $mask_28$633
   794/935: $mask_27$632
   795/935: $mask_26$631
   796/935: $mask_25$630
   797/935: $mask_24$629
   798/935: $mask_23$628
   799/935: $mask_22$627
   800/935: $mask_21$626
   801/935: $mask_20$625
   802/935: $mask_19$624
   803/935: $mask_18$623
   804/935: $mask_17$622
   805/935: $mask_16$621
   806/935: $mask_15$620
   807/935: $mask_14$619
   808/935: $mask_13$618
   809/935: $mask_12$617
   810/935: $mask_11$616
   811/935: $mask_10$615
   812/935: $mask_9$614
   813/935: $mask_8$613
   814/935: $mask_7$612
   815/935: $mask_6$611
   816/935: $mask_5$610
   817/935: $mask_4$609
   818/935: $mask_3$608
   819/935: $mask_2$607
   820/935: $mask_1$606
   821/935: $mask_0$605
   822/935: $mask_31$604
   823/935: $mask_30$603
   824/935: $mask_29$602
   825/935: $mask_28$601
   826/935: $mask_27$600
   827/935: $mask_26$599
   828/935: $mask_25$598
   829/935: $mask_24$597
   830/935: $mask_23$596
   831/935: $mask_22$595
   832/935: $mask_21$594
   833/935: $mask_20$593
   834/935: $mask_19$592
   835/935: $mask_18$591
   836/935: $mask_17$590
   837/935: $mask_16$589
   838/935: $mask_15$588
   839/935: $mask_14$587
   840/935: $mask_13$586
   841/935: $mask_12$585
   842/935: $mask_11$584
   843/935: $mask_10$583
   844/935: $mask_9$582
   845/935: $mask_8$581
   846/935: $mask_7$580
   847/935: $mask_6$579
   848/935: $mask_5$578
   849/935: $mask_4$577
   850/935: $mask_3$576
   851/935: $mask_2$575
   852/935: $mask_1$574
   853/935: $mask_0$573
   854/935: $mask_31$572
   855/935: $mask_30$571
   856/935: $mask_29$570
   857/935: $mask_28$569
   858/935: $mask_27$568
   859/935: $mask_26$567
   860/935: $mask_25$566
   861/935: $mask_24$565
   862/935: $mask_23$564
   863/935: $mask_22$563
   864/935: $mask_21$562
   865/935: $mask_20$561
   866/935: $mask_19$560
   867/935: $mask_18$559
   868/935: $mask_17$558
   869/935: $mask_16$557
   870/935: $mask_15$556
   871/935: $mask_14$555
   872/935: $mask_13$554
   873/935: $mask_12$553
   874/935: $mask_11$552
   875/935: $mask_10$551
   876/935: $mask_9$550
   877/935: $mask_8$549
   878/935: $mask_7$548
   879/935: $mask_6$547
   880/935: $mask_5$546
   881/935: $mask_4$545
   882/935: $mask_3$544
   883/935: $mask_2$543
   884/935: $mask_1$542
   885/935: $regIdx_2$515
   886/935: $regIdx_1$514
   887/935: $regIdx_0$513
   888/935: $rsType_2$512
   889/935: $rsType_1$511
   890/935: $rsType_0$510
   891/935: $controlReg_rl$509
   892/935: $controlReg_aq$508
   893/935: $controlReg_atomic$507
   894/935: $controlReg_spike_info_inst$506
   895/935: $controlReg_spike_info_pc$505
   896/935: $controlReg_spike_info_sm_id$504
   897/935: $controlReg_imm_ext$503
   898/935: $controlReg_pc$502
   899/935: $controlReg_wxd$501
   900/935: $controlReg_writemask$500
   901/935: $controlReg_readmask$499
   902/935: $controlReg_sfu$498
   903/935: $controlReg_fence$497
   904/935: $controlReg_wvd$496
   905/935: $controlReg_reg_idxw$495
   906/935: $controlReg_reg_idx3$494
   907/935: $controlReg_reg_idx2$493
   908/935: $controlReg_reg_idx1$492
   909/935: $controlReg_mop$491
   910/935: $controlReg_mem_cmd$490
   911/935: $controlReg_custom_signal_0$489
   912/935: $controlReg_disable_mask$488
   913/935: $controlReg_tc$487
   914/935: $controlReg_mul$486
   915/935: $controlReg_mem$485
   916/935: $controlReg_is_vls12$484
   917/935: $controlReg_force_rm_rtz$483
   918/935: $controlReg_alu_fn$482
   919/935: $controlReg_mem_unsigned$481
   920/935: $controlReg_mem_whb$480
   921/935: $controlReg_sel_imm$479
   922/935: $controlReg_mask$478
   923/935: $controlReg_sel_alu3$477
   924/935: $controlReg_isvec$476
   925/935: $controlReg_sel_alu1$475
   926/935: $controlReg_sel_alu2$474
   927/935: $controlReg_reverse$473
   928/935: $controlReg_csr$472
   929/935: $controlReg_barrier$471
   930/935: $controlReg_simt_stack_op$470
   931/935: $controlReg_simt_stack$469
   932/935: $controlReg_branch$468
   933/935: $controlReg_fp$467
   934/935: $controlReg_wid$466
   935/935: $controlReg_inst$465
Creating decoders for process `\collectorUnit$operandCollector.collectorUnit_1.$442'.
     1/935: $customCtrlReg$2240
     2/935: $rsReg_2_31$2239
     3/935: $rsReg_2_30$2238
     4/935: $rsReg_2_29$2237
     5/935: $rsReg_2_28$2236
     6/935: $rsReg_2_27$2235
     7/935: $rsReg_2_26$2234
     8/935: $rsReg_2_25$2233
     9/935: $rsReg_2_24$2232
    10/935: $rsReg_2_23$2231
    11/935: $rsReg_2_22$2230
    12/935: $rsReg_2_21$2229
    13/935: $rsReg_2_20$2228
    14/935: $rsReg_2_19$2227
    15/935: $rsReg_2_18$2226
    16/935: $rsReg_2_17$2225
    17/935: $rsReg_2_16$2224
    18/935: $rsReg_2_15$2223
    19/935: $rsReg_2_14$2222
    20/935: $rsReg_2_13$2221
    21/935: $rsReg_2_12$2220
    22/935: $rsReg_2_11$2219
    23/935: $rsReg_2_10$2218
    24/935: $rsReg_2_9$2217
    25/935: $rsReg_2_8$2216
    26/935: $rsReg_2_7$2215
    27/935: $rsReg_2_6$2214
    28/935: $rsReg_2_5$2213
    29/935: $rsReg_2_4$2212
    30/935: $rsReg_2_3$2211
    31/935: $rsReg_2_2$2210
    32/935: $rsReg_2_1$2209
    33/935: $rsReg_2_0$2208
    34/935: $rsReg_2_31$2081
    35/935: $rsReg_2_30$2080
    36/935: $rsReg_2_29$2079
    37/935: $rsReg_2_28$2078
    38/935: $rsReg_2_27$2077
    39/935: $rsReg_2_26$2076
    40/935: $rsReg_2_25$2075
    41/935: $rsReg_2_24$2074
    42/935: $rsReg_2_23$2073
    43/935: $rsReg_2_22$2072
    44/935: $rsReg_2_21$2071
    45/935: $rsReg_2_20$2070
    46/935: $rsReg_2_19$2069
    47/935: $rsReg_2_18$2068
    48/935: $rsReg_2_17$2067
    49/935: $rsReg_2_16$2066
    50/935: $rsReg_2_15$2065
    51/935: $rsReg_2_14$2064
    52/935: $rsReg_2_13$2063
    53/935: $rsReg_2_12$2062
    54/935: $rsReg_2_11$2061
    55/935: $rsReg_2_10$2060
    56/935: $rsReg_2_9$2059
    57/935: $rsReg_2_8$2058
    58/935: $rsReg_2_7$2057
    59/935: $rsReg_2_6$2056
    60/935: $rsReg_2_5$2055
    61/935: $rsReg_2_4$2054
    62/935: $rsReg_2_3$2053
    63/935: $rsReg_2_2$2052
    64/935: $rsReg_2_1$2051
    65/935: $rsReg_2_0$2050
    66/935: $rsReg_2_31$1923
    67/935: $rsReg_2_30$1922
    68/935: $rsReg_2_29$1921
    69/935: $rsReg_2_28$1920
    70/935: $rsReg_2_27$1919
    71/935: $rsReg_2_26$1918
    72/935: $rsReg_2_25$1917
    73/935: $rsReg_2_24$1916
    74/935: $rsReg_2_23$1915
    75/935: $rsReg_2_22$1914
    76/935: $rsReg_2_21$1913
    77/935: $rsReg_2_20$1912
    78/935: $rsReg_2_19$1911
    79/935: $rsReg_2_18$1910
    80/935: $rsReg_2_17$1909
    81/935: $rsReg_2_16$1908
    82/935: $rsReg_2_15$1907
    83/935: $rsReg_2_14$1906
    84/935: $rsReg_2_13$1905
    85/935: $rsReg_2_12$1904
    86/935: $rsReg_2_11$1903
    87/935: $rsReg_2_10$1902
    88/935: $rsReg_2_9$1901
    89/935: $rsReg_2_8$1900
    90/935: $rsReg_2_7$1899
    91/935: $rsReg_2_6$1898
    92/935: $rsReg_2_5$1897
    93/935: $rsReg_2_4$1896
    94/935: $rsReg_2_3$1895
    95/935: $rsReg_2_2$1894
    96/935: $rsReg_2_1$1893
    97/935: $rsReg_2_0$1892
    98/935: $rsReg_2_31$1765
    99/935: $rsReg_2_30$1764
   100/935: $rsReg_2_29$1763
   101/935: $rsReg_2_28$1762
   102/935: $rsReg_2_27$1761
   103/935: $rsReg_2_26$1760
   104/935: $rsReg_2_25$1759
   105/935: $rsReg_2_24$1758
   106/935: $rsReg_2_23$1757
   107/935: $rsReg_2_22$1756
   108/935: $rsReg_2_21$1755
   109/935: $rsReg_2_20$1754
   110/935: $rsReg_2_19$1753
   111/935: $rsReg_2_18$1752
   112/935: $rsReg_2_17$1751
   113/935: $rsReg_2_16$1750
   114/935: $rsReg_2_15$1749
   115/935: $rsReg_2_14$1748
   116/935: $rsReg_2_13$1747
   117/935: $rsReg_2_12$1746
   118/935: $rsReg_2_11$1745
   119/935: $rsReg_2_10$1744
   120/935: $rsReg_2_9$1743
   121/935: $rsReg_2_8$1742
   122/935: $rsReg_2_7$1741
   123/935: $rsReg_2_6$1740
   124/935: $rsReg_2_5$1739
   125/935: $rsReg_2_4$1738
   126/935: $rsReg_2_3$1737
   127/935: $rsReg_2_2$1736
   128/935: $rsReg_2_1$1735
   129/935: $rsReg_2_0$1734
   130/935: $rsReg_2_31$1607
   131/935: $rsReg_2_30$1606
   132/935: $rsReg_2_29$1605
   133/935: $rsReg_2_28$1604
   134/935: $rsReg_2_27$1603
   135/935: $rsReg_2_26$1602
   136/935: $rsReg_2_25$1601
   137/935: $rsReg_2_24$1600
   138/935: $rsReg_2_23$1599
   139/935: $rsReg_2_22$1598
   140/935: $rsReg_2_21$1597
   141/935: $rsReg_2_20$1596
   142/935: $rsReg_2_19$1595
   143/935: $rsReg_2_18$1594
   144/935: $rsReg_2_17$1593
   145/935: $rsReg_2_16$1592
   146/935: $rsReg_2_15$1591
   147/935: $rsReg_2_14$1590
   148/935: $rsReg_2_13$1589
   149/935: $rsReg_2_12$1588
   150/935: $rsReg_2_11$1587
   151/935: $rsReg_2_10$1586
   152/935: $rsReg_2_9$1585
   153/935: $rsReg_2_8$1584
   154/935: $rsReg_2_7$1583
   155/935: $rsReg_2_6$1582
   156/935: $rsReg_2_5$1581
   157/935: $rsReg_2_4$1580
   158/935: $rsReg_2_3$1579
   159/935: $rsReg_2_2$1578
   160/935: $rsReg_2_1$1577
   161/935: $rsReg_2_0$1576
   162/935: $rsReg_1_31$1554
   163/935: $rsReg_1_30$1553
   164/935: $rsReg_1_29$1552
   165/935: $rsReg_1_28$1551
   166/935: $rsReg_1_27$1550
   167/935: $rsReg_1_26$1549
   168/935: $rsReg_1_25$1548
   169/935: $rsReg_1_24$1547
   170/935: $rsReg_1_23$1546
   171/935: $rsReg_1_22$1545
   172/935: $rsReg_1_21$1544
   173/935: $rsReg_1_20$1543
   174/935: $rsReg_1_19$1542
   175/935: $rsReg_1_18$1541
   176/935: $rsReg_1_17$1540
   177/935: $rsReg_1_16$1539
   178/935: $rsReg_1_15$1538
   179/935: $rsReg_1_14$1537
   180/935: $rsReg_1_13$1536
   181/935: $rsReg_1_12$1535
   182/935: $rsReg_1_11$1534
   183/935: $rsReg_1_10$1533
   184/935: $rsReg_1_9$1532
   185/935: $rsReg_1_8$1531
   186/935: $rsReg_1_7$1530
   187/935: $rsReg_1_6$1529
   188/935: $rsReg_1_5$1528
   189/935: $rsReg_1_4$1527
   190/935: $rsReg_1_3$1526
   191/935: $rsReg_1_2$1525
   192/935: $rsReg_1_1$1524
   193/935: $rsReg_1_0$1523
   194/935: $rsReg_1_31$1489
   195/935: $rsReg_1_30$1488
   196/935: $rsReg_1_29$1487
   197/935: $rsReg_1_28$1486
   198/935: $rsReg_1_27$1485
   199/935: $rsReg_1_26$1484
   200/935: $rsReg_1_25$1483
   201/935: $rsReg_1_24$1482
   202/935: $rsReg_1_23$1481
   203/935: $rsReg_1_22$1480
   204/935: $rsReg_1_21$1479
   205/935: $rsReg_1_20$1478
   206/935: $rsReg_1_19$1477
   207/935: $rsReg_1_18$1476
   208/935: $rsReg_1_17$1475
   209/935: $rsReg_1_16$1474
   210/935: $rsReg_1_15$1473
   211/935: $rsReg_1_14$1472
   212/935: $rsReg_1_13$1471
   213/935: $rsReg_1_12$1470
   214/935: $rsReg_1_11$1469
   215/935: $rsReg_1_10$1468
   216/935: $rsReg_1_9$1467
   217/935: $rsReg_1_8$1466
   218/935: $rsReg_1_7$1465
   219/935: $rsReg_1_6$1464
   220/935: $rsReg_1_5$1463
   221/935: $rsReg_1_4$1462
   222/935: $rsReg_1_3$1461
   223/935: $rsReg_1_2$1460
   224/935: $rsReg_1_1$1459
   225/935: $rsReg_1_0$1458
   226/935: $rsReg_1_31$1424
   227/935: $rsReg_1_30$1423
   228/935: $rsReg_1_29$1422
   229/935: $rsReg_1_28$1421
   230/935: $rsReg_1_27$1420
   231/935: $rsReg_1_26$1419
   232/935: $rsReg_1_25$1418
   233/935: $rsReg_1_24$1417
   234/935: $rsReg_1_23$1416
   235/935: $rsReg_1_22$1415
   236/935: $rsReg_1_21$1414
   237/935: $rsReg_1_20$1413
   238/935: $rsReg_1_19$1412
   239/935: $rsReg_1_18$1411
   240/935: $rsReg_1_17$1410
   241/935: $rsReg_1_16$1409
   242/935: $rsReg_1_15$1408
   243/935: $rsReg_1_14$1407
   244/935: $rsReg_1_13$1406
   245/935: $rsReg_1_12$1405
   246/935: $rsReg_1_11$1404
   247/935: $rsReg_1_10$1403
   248/935: $rsReg_1_9$1402
   249/935: $rsReg_1_8$1401
   250/935: $rsReg_1_7$1400
   251/935: $rsReg_1_6$1399
   252/935: $rsReg_1_5$1398
   253/935: $rsReg_1_4$1397
   254/935: $rsReg_1_3$1396
   255/935: $rsReg_1_2$1395
   256/935: $rsReg_1_1$1394
   257/935: $rsReg_1_0$1393
   258/935: $rsReg_1_31$1359
   259/935: $rsReg_1_30$1358
   260/935: $rsReg_1_29$1357
   261/935: $rsReg_1_28$1356
   262/935: $rsReg_1_27$1355
   263/935: $rsReg_1_26$1354
   264/935: $rsReg_1_25$1353
   265/935: $rsReg_1_24$1352
   266/935: $rsReg_1_23$1351
   267/935: $rsReg_1_22$1350
   268/935: $rsReg_1_21$1349
   269/935: $rsReg_1_20$1348
   270/935: $rsReg_1_19$1347
   271/935: $rsReg_1_18$1346
   272/935: $rsReg_1_17$1345
   273/935: $rsReg_1_16$1344
   274/935: $rsReg_1_15$1343
   275/935: $rsReg_1_14$1342
   276/935: $rsReg_1_13$1341
   277/935: $rsReg_1_12$1340
   278/935: $rsReg_1_11$1339
   279/935: $rsReg_1_10$1338
   280/935: $rsReg_1_9$1337
   281/935: $rsReg_1_8$1336
   282/935: $rsReg_1_7$1335
   283/935: $rsReg_1_6$1334
   284/935: $rsReg_1_5$1333
   285/935: $rsReg_1_4$1332
   286/935: $rsReg_1_3$1331
   287/935: $rsReg_1_2$1330
   288/935: $rsReg_1_1$1329
   289/935: $rsReg_1_0$1328
   290/935: $rsReg_1_31$1230
   291/935: $rsReg_1_30$1229
   292/935: $rsReg_1_29$1228
   293/935: $rsReg_1_28$1227
   294/935: $rsReg_1_27$1226
   295/935: $rsReg_1_26$1225
   296/935: $rsReg_1_25$1224
   297/935: $rsReg_1_24$1223
   298/935: $rsReg_1_23$1222
   299/935: $rsReg_1_22$1221
   300/935: $rsReg_1_21$1220
   301/935: $rsReg_1_20$1219
   302/935: $rsReg_1_19$1218
   303/935: $rsReg_1_18$1217
   304/935: $rsReg_1_17$1216
   305/935: $rsReg_1_16$1215
   306/935: $rsReg_1_15$1214
   307/935: $rsReg_1_14$1213
   308/935: $rsReg_1_13$1212
   309/935: $rsReg_1_12$1211
   310/935: $rsReg_1_11$1210
   311/935: $rsReg_1_10$1209
   312/935: $rsReg_1_9$1208
   313/935: $rsReg_1_8$1207
   314/935: $rsReg_1_7$1206
   315/935: $rsReg_1_6$1205
   316/935: $rsReg_1_5$1204
   317/935: $rsReg_1_4$1203
   318/935: $rsReg_1_3$1202
   319/935: $rsReg_1_2$1201
   320/935: $rsReg_1_1$1200
   321/935: $rsReg_1_0$1199
   322/935: $rsReg_1_31$1262
   323/935: $rsReg_1_30$1261
   324/935: $rsReg_1_29$1260
   325/935: $rsReg_1_28$1259
   326/935: $rsReg_1_27$1258
   327/935: $rsReg_1_26$1257
   328/935: $rsReg_1_25$1256
   329/935: $rsReg_1_24$1255
   330/935: $rsReg_1_23$1254
   331/935: $rsReg_1_22$1253
   332/935: $rsReg_1_21$1252
   333/935: $rsReg_1_20$1251
   334/935: $rsReg_1_19$1250
   335/935: $rsReg_1_18$1249
   336/935: $rsReg_1_17$1248
   337/935: $rsReg_1_16$1247
   338/935: $rsReg_1_15$1246
   339/935: $rsReg_1_14$1245
   340/935: $rsReg_1_13$1244
   341/935: $rsReg_1_12$1243
   342/935: $rsReg_1_11$1242
   343/935: $rsReg_1_10$1241
   344/935: $rsReg_1_9$1240
   345/935: $rsReg_1_8$1239
   346/935: $rsReg_1_7$1238
   347/935: $rsReg_1_6$1237
   348/935: $rsReg_1_5$1236
   349/935: $rsReg_1_4$1235
   350/935: $rsReg_1_3$1234
   351/935: $rsReg_1_2$1233
   352/935: $rsReg_1_1$1232
   353/935: $rsReg_1_0$1231
   354/935: $rsReg_1_31$1294
   355/935: $rsReg_1_30$1293
   356/935: $rsReg_1_29$1292
   357/935: $rsReg_1_28$1291
   358/935: $rsReg_1_27$1290
   359/935: $rsReg_1_26$1289
   360/935: $rsReg_1_25$1288
   361/935: $rsReg_1_24$1287
   362/935: $rsReg_1_23$1286
   363/935: $rsReg_1_22$1285
   364/935: $rsReg_1_21$1284
   365/935: $rsReg_1_20$1283
   366/935: $rsReg_1_19$1282
   367/935: $rsReg_1_18$1281
   368/935: $rsReg_1_17$1280
   369/935: $rsReg_1_16$1279
   370/935: $rsReg_1_15$1278
   371/935: $rsReg_1_14$1277
   372/935: $rsReg_1_13$1276
   373/935: $rsReg_1_12$1275
   374/935: $rsReg_1_11$1274
   375/935: $rsReg_1_10$1273
   376/935: $rsReg_1_9$1272
   377/935: $rsReg_1_8$1271
   378/935: $rsReg_1_7$1270
   379/935: $rsReg_1_6$1269
   380/935: $rsReg_1_5$1268
   381/935: $rsReg_1_4$1267
   382/935: $rsReg_1_3$1266
   383/935: $rsReg_1_2$1265
   384/935: $rsReg_1_1$1264
   385/935: $rsReg_1_0$1263
   386/935: $rsReg_0_31$989
   387/935: $rsReg_0_30$988
   388/935: $rsReg_0_29$987
   389/935: $rsReg_0_28$986
   390/935: $rsReg_0_27$985
   391/935: $rsReg_0_26$984
   392/935: $rsReg_0_25$983
   393/935: $rsReg_0_24$982
   394/935: $rsReg_0_23$981
   395/935: $rsReg_0_22$980
   396/935: $rsReg_0_21$979
   397/935: $rsReg_0_20$978
   398/935: $rsReg_0_19$977
   399/935: $rsReg_0_18$976
   400/935: $rsReg_0_17$975
   401/935: $rsReg_0_16$974
   402/935: $rsReg_0_15$973
   403/935: $rsReg_0_14$972
   404/935: $rsReg_0_13$971
   405/935: $rsReg_0_12$970
   406/935: $rsReg_0_11$969
   407/935: $rsReg_0_10$968
   408/935: $rsReg_0_9$967
   409/935: $rsReg_0_8$966
   410/935: $rsReg_0_7$965
   411/935: $rsReg_0_6$964
   412/935: $rsReg_0_5$963
   413/935: $rsReg_0_4$962
   414/935: $rsReg_0_3$961
   415/935: $rsReg_0_2$960
   416/935: $rsReg_0_1$959
   417/935: $rsReg_0_0$958
   418/935: $rsReg_0_31$1021
   419/935: $rsReg_0_30$1020
   420/935: $rsReg_0_29$1019
   421/935: $rsReg_0_28$1018
   422/935: $rsReg_0_27$1017
   423/935: $rsReg_0_26$1016
   424/935: $rsReg_0_25$1015
   425/935: $rsReg_0_24$1014
   426/935: $rsReg_0_23$1013
   427/935: $rsReg_0_22$1012
   428/935: $rsReg_0_21$1011
   429/935: $rsReg_0_20$1010
   430/935: $rsReg_0_19$1009
   431/935: $rsReg_0_18$1008
   432/935: $rsReg_0_17$1007
   433/935: $rsReg_0_16$1006
   434/935: $rsReg_0_15$1005
   435/935: $rsReg_0_14$1004
   436/935: $rsReg_0_13$1003
   437/935: $rsReg_0_12$1002
   438/935: $rsReg_0_11$1001
   439/935: $rsReg_0_10$1000
   440/935: $rsReg_0_9$999
   441/935: $rsReg_0_8$998
   442/935: $rsReg_0_7$997
   443/935: $rsReg_0_6$996
   444/935: $rsReg_0_5$995
   445/935: $rsReg_0_4$994
   446/935: $rsReg_0_3$993
   447/935: $rsReg_0_2$992
   448/935: $rsReg_0_1$991
   449/935: $rsReg_0_0$990
   450/935: $rsReg_0_31$1053
   451/935: $rsReg_0_30$1052
   452/935: $rsReg_0_29$1051
   453/935: $rsReg_0_28$1050
   454/935: $rsReg_0_27$1049
   455/935: $rsReg_0_26$1048
   456/935: $rsReg_0_25$1047
   457/935: $rsReg_0_24$1046
   458/935: $rsReg_0_23$1045
   459/935: $rsReg_0_22$1044
   460/935: $rsReg_0_21$1043
   461/935: $rsReg_0_20$1042
   462/935: $rsReg_0_19$1041
   463/935: $rsReg_0_18$1040
   464/935: $rsReg_0_17$1039
   465/935: $rsReg_0_16$1038
   466/935: $rsReg_0_15$1037
   467/935: $rsReg_0_14$1036
   468/935: $rsReg_0_13$1035
   469/935: $rsReg_0_12$1034
   470/935: $rsReg_0_11$1033
   471/935: $rsReg_0_10$1032
   472/935: $rsReg_0_9$1031
   473/935: $rsReg_0_8$1030
   474/935: $rsReg_0_7$1029
   475/935: $rsReg_0_6$1028
   476/935: $rsReg_0_5$1027
   477/935: $rsReg_0_4$1026
   478/935: $rsReg_0_3$1025
   479/935: $rsReg_0_2$1024
   480/935: $rsReg_0_1$1023
   481/935: $rsReg_0_0$1022
   482/935: $rsReg_0_31$1085
   483/935: $rsReg_0_30$1084
   484/935: $rsReg_0_29$1083
   485/935: $rsReg_0_28$1082
   486/935: $rsReg_0_27$1081
   487/935: $rsReg_0_26$1080
   488/935: $rsReg_0_25$1079
   489/935: $rsReg_0_24$1078
   490/935: $rsReg_0_23$1077
   491/935: $rsReg_0_22$1076
   492/935: $rsReg_0_21$1075
   493/935: $rsReg_0_20$1074
   494/935: $rsReg_0_19$1073
   495/935: $rsReg_0_18$1072
   496/935: $rsReg_0_17$1071
   497/935: $rsReg_0_16$1070
   498/935: $rsReg_0_15$1069
   499/935: $rsReg_0_14$1068
   500/935: $rsReg_0_13$1067
   501/935: $rsReg_0_12$1066
   502/935: $rsReg_0_11$1065
   503/935: $rsReg_0_10$1064
   504/935: $rsReg_0_9$1063
   505/935: $rsReg_0_8$1062
   506/935: $rsReg_0_7$1061
   507/935: $rsReg_0_6$1060
   508/935: $rsReg_0_5$1059
   509/935: $rsReg_0_4$1058
   510/935: $rsReg_0_3$1057
   511/935: $rsReg_0_2$1056
   512/935: $rsReg_0_1$1055
   513/935: $rsReg_0_0$1054
   514/935: $rsReg_0_31$1117
   515/935: $rsReg_0_30$1116
   516/935: $rsReg_0_29$1115
   517/935: $rsReg_0_28$1114
   518/935: $rsReg_0_27$1113
   519/935: $rsReg_0_26$1112
   520/935: $rsReg_0_25$1111
   521/935: $rsReg_0_24$1110
   522/935: $rsReg_0_23$1109
   523/935: $rsReg_0_22$1108
   524/935: $rsReg_0_21$1107
   525/935: $rsReg_0_20$1106
   526/935: $rsReg_0_19$1105
   527/935: $rsReg_0_18$1104
   528/935: $rsReg_0_17$1103
   529/935: $rsReg_0_16$1102
   530/935: $rsReg_0_15$1101
   531/935: $rsReg_0_14$1100
   532/935: $rsReg_0_13$1099
   533/935: $rsReg_0_12$1098
   534/935: $rsReg_0_11$1097
   535/935: $rsReg_0_10$1096
   536/935: $rsReg_0_9$1095
   537/935: $rsReg_0_8$1094
   538/935: $rsReg_0_7$1093
   539/935: $rsReg_0_6$1092
   540/935: $rsReg_0_5$1091
   541/935: $rsReg_0_4$1090
   542/935: $rsReg_0_3$1089
   543/935: $rsReg_0_2$1088
   544/935: $rsReg_0_1$1087
   545/935: $rsReg_0_0$1086
   546/935: $rsReg_0_31$1149
   547/935: $rsReg_0_30$1148
   548/935: $rsReg_0_29$1147
   549/935: $rsReg_0_28$1146
   550/935: $rsReg_0_27$1145
   551/935: $rsReg_0_26$1144
   552/935: $rsReg_0_25$1143
   553/935: $rsReg_0_24$1142
   554/935: $rsReg_0_23$1141
   555/935: $rsReg_0_22$1140
   556/935: $rsReg_0_21$1139
   557/935: $rsReg_0_20$1138
   558/935: $rsReg_0_19$1137
   559/935: $rsReg_0_18$1136
   560/935: $rsReg_0_17$1135
   561/935: $rsReg_0_16$1134
   562/935: $rsReg_0_15$1133
   563/935: $rsReg_0_14$1132
   564/935: $rsReg_0_13$1131
   565/935: $rsReg_0_12$1130
   566/935: $rsReg_0_11$1129
   567/935: $rsReg_0_10$1128
   568/935: $rsReg_0_9$1127
   569/935: $rsReg_0_8$1126
   570/935: $rsReg_0_7$1125
   571/935: $rsReg_0_6$1124
   572/935: $rsReg_0_5$1123
   573/935: $rsReg_0_4$1122
   574/935: $rsReg_0_3$1121
   575/935: $rsReg_0_2$1120
   576/935: $rsReg_0_1$1119
   577/935: $rsReg_0_0$1118
   578/935: $rsReg_0_31$1181
   579/935: $rsReg_0_30$1180
   580/935: $rsReg_0_29$1179
   581/935: $rsReg_0_28$1178
   582/935: $rsReg_0_27$1177
   583/935: $rsReg_0_26$1176
   584/935: $rsReg_0_25$1175
   585/935: $rsReg_0_24$1174
   586/935: $rsReg_0_23$1173
   587/935: $rsReg_0_22$1172
   588/935: $rsReg_0_21$1171
   589/935: $rsReg_0_20$1170
   590/935: $rsReg_0_19$1169
   591/935: $rsReg_0_18$1168
   592/935: $rsReg_0_17$1167
   593/935: $rsReg_0_16$1166
   594/935: $rsReg_0_15$1165
   595/935: $rsReg_0_14$1164
   596/935: $rsReg_0_13$1163
   597/935: $rsReg_0_12$1162
   598/935: $rsReg_0_11$1161
   599/935: $rsReg_0_10$1160
   600/935: $rsReg_0_9$1159
   601/935: $rsReg_0_8$1158
   602/935: $rsReg_0_7$1157
   603/935: $rsReg_0_6$1156
   604/935: $rsReg_0_5$1155
   605/935: $rsReg_0_4$1154
   606/935: $rsReg_0_3$1153
   607/935: $rsReg_0_2$1152
   608/935: $rsReg_0_1$1151
   609/935: $rsReg_0_0$1150
   610/935: $state$819
   611/935: $state$818
   612/935: $state$824
   613/935: $valid_3$823
   614/935: $valid_2$822
   615/935: $valid_1$821
   616/935: $valid_0$820
   617/935: $state$810
   618/935: $state$811
   619/935: $ready_0$735
   620/935: $state$2346
   621/935: $customCtrlReg$2345
   622/935: $rsReg_2_31$2344
   623/935: $rsReg_2_30$2343
   624/935: $rsReg_2_29$2342
   625/935: $rsReg_2_28$2341
   626/935: $rsReg_2_27$2340
   627/935: $rsReg_2_26$2339
   628/935: $rsReg_2_25$2338
   629/935: $rsReg_2_24$2337
   630/935: $rsReg_2_23$2336
   631/935: $rsReg_2_22$2335
   632/935: $rsReg_2_21$2334
   633/935: $rsReg_2_20$2333
   634/935: $rsReg_2_19$2332
   635/935: $rsReg_2_18$2331
   636/935: $rsReg_2_17$2330
   637/935: $rsReg_2_16$2329
   638/935: $rsReg_2_15$2328
   639/935: $rsReg_2_14$2327
   640/935: $rsReg_2_13$2326
   641/935: $rsReg_2_12$2325
   642/935: $rsReg_2_11$2324
   643/935: $rsReg_2_10$2323
   644/935: $rsReg_2_9$2322
   645/935: $rsReg_2_8$2321
   646/935: $rsReg_2_7$2320
   647/935: $rsReg_2_6$2319
   648/935: $rsReg_2_5$2318
   649/935: $rsReg_2_4$2317
   650/935: $rsReg_2_3$2316
   651/935: $rsReg_2_2$2315
   652/935: $rsReg_2_1$2314
   653/935: $rsReg_2_0$2313
   654/935: $rsReg_1_31$2312
   655/935: $rsReg_1_30$2311
   656/935: $rsReg_1_29$2310
   657/935: $rsReg_1_28$2309
   658/935: $rsReg_1_27$2308
   659/935: $rsReg_1_26$2307
   660/935: $rsReg_1_25$2306
   661/935: $rsReg_1_24$2305
   662/935: $rsReg_1_23$2304
   663/935: $rsReg_1_22$2303
   664/935: $rsReg_1_21$2302
   665/935: $rsReg_1_20$2301
   666/935: $rsReg_1_19$2300
   667/935: $rsReg_1_18$2299
   668/935: $rsReg_1_17$2298
   669/935: $rsReg_1_16$2297
   670/935: $rsReg_1_15$2296
   671/935: $rsReg_1_14$2295
   672/935: $rsReg_1_13$2294
   673/935: $rsReg_1_12$2293
   674/935: $rsReg_1_11$2292
   675/935: $rsReg_1_10$2291
   676/935: $rsReg_1_9$2290
   677/935: $rsReg_1_8$2289
   678/935: $rsReg_1_7$2288
   679/935: $rsReg_1_6$2287
   680/935: $rsReg_1_5$2286
   681/935: $rsReg_1_4$2285
   682/935: $rsReg_1_3$2284
   683/935: $rsReg_1_2$2283
   684/935: $rsReg_1_1$2282
   685/935: $rsReg_1_0$2281
   686/935: $rsReg_0_31$2280
   687/935: $rsReg_0_30$2279
   688/935: $rsReg_0_29$2278
   689/935: $rsReg_0_28$2277
   690/935: $rsReg_0_27$2276
   691/935: $rsReg_0_26$2275
   692/935: $rsReg_0_25$2274
   693/935: $rsReg_0_24$2273
   694/935: $rsReg_0_23$2272
   695/935: $rsReg_0_22$2271
   696/935: $rsReg_0_21$2270
   697/935: $rsReg_0_20$2269
   698/935: $rsReg_0_19$2268
   699/935: $rsReg_0_18$2267
   700/935: $rsReg_0_17$2266
   701/935: $rsReg_0_16$2265
   702/935: $rsReg_0_15$2264
   703/935: $rsReg_0_14$2263
   704/935: $rsReg_0_13$2262
   705/935: $rsReg_0_12$2261
   706/935: $rsReg_0_11$2260
   707/935: $rsReg_0_10$2259
   708/935: $rsReg_0_9$2258
   709/935: $rsReg_0_8$2257
   710/935: $rsReg_0_7$2256
   711/935: $rsReg_0_6$2255
   712/935: $rsReg_0_5$2254
   713/935: $rsReg_0_4$2253
   714/935: $rsReg_0_3$2252
   715/935: $rsReg_0_2$2251
   716/935: $rsReg_0_1$2250
   717/935: $rsReg_0_0$2249
   718/935: $valid_3$2248
   719/935: $valid_2$2247
   720/935: $valid_1$2246
   721/935: $valid_0$2245
   722/935: $ready_3$2244
   723/935: $ready_2$2243
   724/935: $ready_1$2242
   725/935: $ready_0$2241
   726/935: $mask_31$700
   727/935: $mask_30$699
   728/935: $mask_29$698
   729/935: $mask_28$697
   730/935: $mask_27$696
   731/935: $mask_26$695
   732/935: $mask_25$694
   733/935: $mask_24$693
   734/935: $mask_23$692
   735/935: $mask_22$691
   736/935: $mask_21$690
   737/935: $mask_20$689
   738/935: $mask_19$688
   739/935: $mask_18$687
   740/935: $mask_17$686
   741/935: $mask_16$685
   742/935: $mask_15$684
   743/935: $mask_14$683
   744/935: $mask_13$682
   745/935: $mask_12$681
   746/935: $mask_11$680
   747/935: $mask_10$679
   748/935: $mask_9$678
   749/935: $mask_8$677
   750/935: $mask_7$676
   751/935: $mask_6$675
   752/935: $mask_5$674
   753/935: $mask_4$673
   754/935: $mask_3$672
   755/935: $mask_2$671
   756/935: $mask_1$670
   757/935: $mask_0$669
   758/935: $mask_31$668
   759/935: $mask_30$667
   760/935: $mask_29$666
   761/935: $mask_28$665
   762/935: $mask_27$664
   763/935: $mask_26$663
   764/935: $mask_25$662
   765/935: $mask_24$661
   766/935: $mask_23$660
   767/935: $mask_22$659
   768/935: $mask_21$658
   769/935: $mask_20$657
   770/935: $mask_19$656
   771/935: $mask_18$655
   772/935: $mask_17$654
   773/935: $mask_16$653
   774/935: $mask_15$652
   775/935: $mask_14$651
   776/935: $mask_13$650
   777/935: $mask_12$649
   778/935: $mask_11$648
   779/935: $mask_10$647
   780/935: $mask_9$646
   781/935: $mask_8$645
   782/935: $mask_7$644
   783/935: $mask_6$643
   784/935: $mask_5$642
   785/935: $mask_4$641
   786/935: $mask_3$640
   787/935: $mask_2$639
   788/935: $mask_1$638
   789/935: $mask_0$637
   790/935: $mask_31$636
   791/935: $mask_30$635
   792/935: $mask_29$634
   793/935: $mask_28$633
   794/935: $mask_27$632
   795/935: $mask_26$631
   796/935: $mask_25$630
   797/935: $mask_24$629
   798/935: $mask_23$628
   799/935: $mask_22$627
   800/935: $mask_21$626
   801/935: $mask_20$625
   802/935: $mask_19$624
   803/935: $mask_18$623
   804/935: $mask_17$622
   805/935: $mask_16$621
   806/935: $mask_15$620
   807/935: $mask_14$619
   808/935: $mask_13$618
   809/935: $mask_12$617
   810/935: $mask_11$616
   811/935: $mask_10$615
   812/935: $mask_9$614
   813/935: $mask_8$613
   814/935: $mask_7$612
   815/935: $mask_6$611
   816/935: $mask_5$610
   817/935: $mask_4$609
   818/935: $mask_3$608
   819/935: $mask_2$607
   820/935: $mask_1$606
   821/935: $mask_0$605
   822/935: $mask_31$604
   823/935: $mask_30$603
   824/935: $mask_29$602
   825/935: $mask_28$601
   826/935: $mask_27$600
   827/935: $mask_26$599
   828/935: $mask_25$598
   829/935: $mask_24$597
   830/935: $mask_23$596
   831/935: $mask_22$595
   832/935: $mask_21$594
   833/935: $mask_20$593
   834/935: $mask_19$592
   835/935: $mask_18$591
   836/935: $mask_17$590
   837/935: $mask_16$589
   838/935: $mask_15$588
   839/935: $mask_14$587
   840/935: $mask_13$586
   841/935: $mask_12$585
   842/935: $mask_11$584
   843/935: $mask_10$583
   844/935: $mask_9$582
   845/935: $mask_8$581
   846/935: $mask_7$580
   847/935: $mask_6$579
   848/935: $mask_5$578
   849/935: $mask_4$577
   850/935: $mask_3$576
   851/935: $mask_2$575
   852/935: $mask_1$574
   853/935: $mask_0$573
   854/935: $mask_31$572
   855/935: $mask_30$571
   856/935: $mask_29$570
   857/935: $mask_28$569
   858/935: $mask_27$568
   859/935: $mask_26$567
   860/935: $mask_25$566
   861/935: $mask_24$565
   862/935: $mask_23$564
   863/935: $mask_22$563
   864/935: $mask_21$562
   865/935: $mask_20$561
   866/935: $mask_19$560
   867/935: $mask_18$559
   868/935: $mask_17$558
   869/935: $mask_16$557
   870/935: $mask_15$556
   871/935: $mask_14$555
   872/935: $mask_13$554
   873/935: $mask_12$553
   874/935: $mask_11$552
   875/935: $mask_10$551
   876/935: $mask_9$550
   877/935: $mask_8$549
   878/935: $mask_7$548
   879/935: $mask_6$547
   880/935: $mask_5$546
   881/935: $mask_4$545
   882/935: $mask_3$544
   883/935: $mask_2$543
   884/935: $mask_1$542
   885/935: $regIdx_2$515
   886/935: $regIdx_1$514
   887/935: $regIdx_0$513
   888/935: $rsType_2$512
   889/935: $rsType_1$511
   890/935: $rsType_0$510
   891/935: $controlReg_rl$509
   892/935: $controlReg_aq$508
   893/935: $controlReg_atomic$507
   894/935: $controlReg_spike_info_inst$506
   895/935: $controlReg_spike_info_pc$505
   896/935: $controlReg_spike_info_sm_id$504
   897/935: $controlReg_imm_ext$503
   898/935: $controlReg_pc$502
   899/935: $controlReg_wxd$501
   900/935: $controlReg_writemask$500
   901/935: $controlReg_readmask$499
   902/935: $controlReg_sfu$498
   903/935: $controlReg_fence$497
   904/935: $controlReg_wvd$496
   905/935: $controlReg_reg_idxw$495
   906/935: $controlReg_reg_idx3$494
   907/935: $controlReg_reg_idx2$493
   908/935: $controlReg_reg_idx1$492
   909/935: $controlReg_mop$491
   910/935: $controlReg_mem_cmd$490
   911/935: $controlReg_custom_signal_0$489
   912/935: $controlReg_disable_mask$488
   913/935: $controlReg_tc$487
   914/935: $controlReg_mul$486
   915/935: $controlReg_mem$485
   916/935: $controlReg_is_vls12$484
   917/935: $controlReg_force_rm_rtz$483
   918/935: $controlReg_alu_fn$482
   919/935: $controlReg_mem_unsigned$481
   920/935: $controlReg_mem_whb$480
   921/935: $controlReg_sel_imm$479
   922/935: $controlReg_mask$478
   923/935: $controlReg_sel_alu3$477
   924/935: $controlReg_isvec$476
   925/935: $controlReg_sel_alu1$475
   926/935: $controlReg_sel_alu2$474
   927/935: $controlReg_reverse$473
   928/935: $controlReg_csr$472
   929/935: $controlReg_barrier$471
   930/935: $controlReg_simt_stack_op$470
   931/935: $controlReg_simt_stack$469
   932/935: $controlReg_branch$468
   933/935: $controlReg_fp$467
   934/935: $controlReg_wid$466
   935/935: $controlReg_inst$465
Creating decoders for process `\collectorUnit$operandCollector.collectorUnit.$442'.
     1/935: $customCtrlReg$2240
     2/935: $rsReg_2_31$2239
     3/935: $rsReg_2_30$2238
     4/935: $rsReg_2_29$2237
     5/935: $rsReg_2_28$2236
     6/935: $rsReg_2_27$2235
     7/935: $rsReg_2_26$2234
     8/935: $rsReg_2_25$2233
     9/935: $rsReg_2_24$2232
    10/935: $rsReg_2_23$2231
    11/935: $rsReg_2_22$2230
    12/935: $rsReg_2_21$2229
    13/935: $rsReg_2_20$2228
    14/935: $rsReg_2_19$2227
    15/935: $rsReg_2_18$2226
    16/935: $rsReg_2_17$2225
    17/935: $rsReg_2_16$2224
    18/935: $rsReg_2_15$2223
    19/935: $rsReg_2_14$2222
    20/935: $rsReg_2_13$2221
    21/935: $rsReg_2_12$2220
    22/935: $rsReg_2_11$2219
    23/935: $rsReg_2_10$2218
    24/935: $rsReg_2_9$2217
    25/935: $rsReg_2_8$2216
    26/935: $rsReg_2_7$2215
    27/935: $rsReg_2_6$2214
    28/935: $rsReg_2_5$2213
    29/935: $rsReg_2_4$2212
    30/935: $rsReg_2_3$2211
    31/935: $rsReg_2_2$2210
    32/935: $rsReg_2_1$2209
    33/935: $rsReg_2_0$2208
    34/935: $rsReg_2_31$2081
    35/935: $rsReg_2_30$2080
    36/935: $rsReg_2_29$2079
    37/935: $rsReg_2_28$2078
    38/935: $rsReg_2_27$2077
    39/935: $rsReg_2_26$2076
    40/935: $rsReg_2_25$2075
    41/935: $rsReg_2_24$2074
    42/935: $rsReg_2_23$2073
    43/935: $rsReg_2_22$2072
    44/935: $rsReg_2_21$2071
    45/935: $rsReg_2_20$2070
    46/935: $rsReg_2_19$2069
    47/935: $rsReg_2_18$2068
    48/935: $rsReg_2_17$2067
    49/935: $rsReg_2_16$2066
    50/935: $rsReg_2_15$2065
    51/935: $rsReg_2_14$2064
    52/935: $rsReg_2_13$2063
    53/935: $rsReg_2_12$2062
    54/935: $rsReg_2_11$2061
    55/935: $rsReg_2_10$2060
    56/935: $rsReg_2_9$2059
    57/935: $rsReg_2_8$2058
    58/935: $rsReg_2_7$2057
    59/935: $rsReg_2_6$2056
    60/935: $rsReg_2_5$2055
    61/935: $rsReg_2_4$2054
    62/935: $rsReg_2_3$2053
    63/935: $rsReg_2_2$2052
    64/935: $rsReg_2_1$2051
    65/935: $rsReg_2_0$2050
    66/935: $rsReg_2_31$1923
    67/935: $rsReg_2_30$1922
    68/935: $rsReg_2_29$1921
    69/935: $rsReg_2_28$1920
    70/935: $rsReg_2_27$1919
    71/935: $rsReg_2_26$1918
    72/935: $rsReg_2_25$1917
    73/935: $rsReg_2_24$1916
    74/935: $rsReg_2_23$1915
    75/935: $rsReg_2_22$1914
    76/935: $rsReg_2_21$1913
    77/935: $rsReg_2_20$1912
    78/935: $rsReg_2_19$1911
    79/935: $rsReg_2_18$1910
    80/935: $rsReg_2_17$1909
    81/935: $rsReg_2_16$1908
    82/935: $rsReg_2_15$1907
    83/935: $rsReg_2_14$1906
    84/935: $rsReg_2_13$1905
    85/935: $rsReg_2_12$1904
    86/935: $rsReg_2_11$1903
    87/935: $rsReg_2_10$1902
    88/935: $rsReg_2_9$1901
    89/935: $rsReg_2_8$1900
    90/935: $rsReg_2_7$1899
    91/935: $rsReg_2_6$1898
    92/935: $rsReg_2_5$1897
    93/935: $rsReg_2_4$1896
    94/935: $rsReg_2_3$1895
    95/935: $rsReg_2_2$1894
    96/935: $rsReg_2_1$1893
    97/935: $rsReg_2_0$1892
    98/935: $rsReg_2_31$1765
    99/935: $rsReg_2_30$1764
   100/935: $rsReg_2_29$1763
   101/935: $rsReg_2_28$1762
   102/935: $rsReg_2_27$1761
   103/935: $rsReg_2_26$1760
   104/935: $rsReg_2_25$1759
   105/935: $rsReg_2_24$1758
   106/935: $rsReg_2_23$1757
   107/935: $rsReg_2_22$1756
   108/935: $rsReg_2_21$1755
   109/935: $rsReg_2_20$1754
   110/935: $rsReg_2_19$1753
   111/935: $rsReg_2_18$1752
   112/935: $rsReg_2_17$1751
   113/935: $rsReg_2_16$1750
   114/935: $rsReg_2_15$1749
   115/935: $rsReg_2_14$1748
   116/935: $rsReg_2_13$1747
   117/935: $rsReg_2_12$1746
   118/935: $rsReg_2_11$1745
   119/935: $rsReg_2_10$1744
   120/935: $rsReg_2_9$1743
   121/935: $rsReg_2_8$1742
   122/935: $rsReg_2_7$1741
   123/935: $rsReg_2_6$1740
   124/935: $rsReg_2_5$1739
   125/935: $rsReg_2_4$1738
   126/935: $rsReg_2_3$1737
   127/935: $rsReg_2_2$1736
   128/935: $rsReg_2_1$1735
   129/935: $rsReg_2_0$1734
   130/935: $rsReg_2_31$1607
   131/935: $rsReg_2_30$1606
   132/935: $rsReg_2_29$1605
   133/935: $rsReg_2_28$1604
   134/935: $rsReg_2_27$1603
   135/935: $rsReg_2_26$1602
   136/935: $rsReg_2_25$1601
   137/935: $rsReg_2_24$1600
   138/935: $rsReg_2_23$1599
   139/935: $rsReg_2_22$1598
   140/935: $rsReg_2_21$1597
   141/935: $rsReg_2_20$1596
   142/935: $rsReg_2_19$1595
   143/935: $rsReg_2_18$1594
   144/935: $rsReg_2_17$1593
   145/935: $rsReg_2_16$1592
   146/935: $rsReg_2_15$1591
   147/935: $rsReg_2_14$1590
   148/935: $rsReg_2_13$1589
   149/935: $rsReg_2_12$1588
   150/935: $rsReg_2_11$1587
   151/935: $rsReg_2_10$1586
   152/935: $rsReg_2_9$1585
   153/935: $rsReg_2_8$1584
   154/935: $rsReg_2_7$1583
   155/935: $rsReg_2_6$1582
   156/935: $rsReg_2_5$1581
   157/935: $rsReg_2_4$1580
   158/935: $rsReg_2_3$1579
   159/935: $rsReg_2_2$1578
   160/935: $rsReg_2_1$1577
   161/935: $rsReg_2_0$1576
   162/935: $rsReg_1_31$1554
   163/935: $rsReg_1_30$1553
   164/935: $rsReg_1_29$1552
   165/935: $rsReg_1_28$1551
   166/935: $rsReg_1_27$1550
   167/935: $rsReg_1_26$1549
   168/935: $rsReg_1_25$1548
   169/935: $rsReg_1_24$1547
   170/935: $rsReg_1_23$1546
   171/935: $rsReg_1_22$1545
   172/935: $rsReg_1_21$1544
   173/935: $rsReg_1_20$1543
   174/935: $rsReg_1_19$1542
   175/935: $rsReg_1_18$1541
   176/935: $rsReg_1_17$1540
   177/935: $rsReg_1_16$1539
   178/935: $rsReg_1_15$1538
   179/935: $rsReg_1_14$1537
   180/935: $rsReg_1_13$1536
   181/935: $rsReg_1_12$1535
   182/935: $rsReg_1_11$1534
   183/935: $rsReg_1_10$1533
   184/935: $rsReg_1_9$1532
   185/935: $rsReg_1_8$1531
   186/935: $rsReg_1_7$1530
   187/935: $rsReg_1_6$1529
   188/935: $rsReg_1_5$1528
   189/935: $rsReg_1_4$1527
   190/935: $rsReg_1_3$1526
   191/935: $rsReg_1_2$1525
   192/935: $rsReg_1_1$1524
   193/935: $rsReg_1_0$1523
   194/935: $rsReg_1_31$1489
   195/935: $rsReg_1_30$1488
   196/935: $rsReg_1_29$1487
   197/935: $rsReg_1_28$1486
   198/935: $rsReg_1_27$1485
   199/935: $rsReg_1_26$1484
   200/935: $rsReg_1_25$1483
   201/935: $rsReg_1_24$1482
   202/935: $rsReg_1_23$1481
   203/935: $rsReg_1_22$1480
   204/935: $rsReg_1_21$1479
   205/935: $rsReg_1_20$1478
   206/935: $rsReg_1_19$1477
   207/935: $rsReg_1_18$1476
   208/935: $rsReg_1_17$1475
   209/935: $rsReg_1_16$1474
   210/935: $rsReg_1_15$1473
   211/935: $rsReg_1_14$1472
   212/935: $rsReg_1_13$1471
   213/935: $rsReg_1_12$1470
   214/935: $rsReg_1_11$1469
   215/935: $rsReg_1_10$1468
   216/935: $rsReg_1_9$1467
   217/935: $rsReg_1_8$1466
   218/935: $rsReg_1_7$1465
   219/935: $rsReg_1_6$1464
   220/935: $rsReg_1_5$1463
   221/935: $rsReg_1_4$1462
   222/935: $rsReg_1_3$1461
   223/935: $rsReg_1_2$1460
   224/935: $rsReg_1_1$1459
   225/935: $rsReg_1_0$1458
   226/935: $rsReg_1_31$1424
   227/935: $rsReg_1_30$1423
   228/935: $rsReg_1_29$1422
   229/935: $rsReg_1_28$1421
   230/935: $rsReg_1_27$1420
   231/935: $rsReg_1_26$1419
   232/935: $rsReg_1_25$1418
   233/935: $rsReg_1_24$1417
   234/935: $rsReg_1_23$1416
   235/935: $rsReg_1_22$1415
   236/935: $rsReg_1_21$1414
   237/935: $rsReg_1_20$1413
   238/935: $rsReg_1_19$1412
   239/935: $rsReg_1_18$1411
   240/935: $rsReg_1_17$1410
   241/935: $rsReg_1_16$1409
   242/935: $rsReg_1_15$1408
   243/935: $rsReg_1_14$1407
   244/935: $rsReg_1_13$1406
   245/935: $rsReg_1_12$1405
   246/935: $rsReg_1_11$1404
   247/935: $rsReg_1_10$1403
   248/935: $rsReg_1_9$1402
   249/935: $rsReg_1_8$1401
   250/935: $rsReg_1_7$1400
   251/935: $rsReg_1_6$1399
   252/935: $rsReg_1_5$1398
   253/935: $rsReg_1_4$1397
   254/935: $rsReg_1_3$1396
   255/935: $rsReg_1_2$1395
   256/935: $rsReg_1_1$1394
   257/935: $rsReg_1_0$1393
   258/935: $rsReg_1_31$1359
   259/935: $rsReg_1_30$1358
   260/935: $rsReg_1_29$1357
   261/935: $rsReg_1_28$1356
   262/935: $rsReg_1_27$1355
   263/935: $rsReg_1_26$1354
   264/935: $rsReg_1_25$1353
   265/935: $rsReg_1_24$1352
   266/935: $rsReg_1_23$1351
   267/935: $rsReg_1_22$1350
   268/935: $rsReg_1_21$1349
   269/935: $rsReg_1_20$1348
   270/935: $rsReg_1_19$1347
   271/935: $rsReg_1_18$1346
   272/935: $rsReg_1_17$1345
   273/935: $rsReg_1_16$1344
   274/935: $rsReg_1_15$1343
   275/935: $rsReg_1_14$1342
   276/935: $rsReg_1_13$1341
   277/935: $rsReg_1_12$1340
   278/935: $rsReg_1_11$1339
   279/935: $rsReg_1_10$1338
   280/935: $rsReg_1_9$1337
   281/935: $rsReg_1_8$1336
   282/935: $rsReg_1_7$1335
   283/935: $rsReg_1_6$1334
   284/935: $rsReg_1_5$1333
   285/935: $rsReg_1_4$1332
   286/935: $rsReg_1_3$1331
   287/935: $rsReg_1_2$1330
   288/935: $rsReg_1_1$1329
   289/935: $rsReg_1_0$1328
   290/935: $rsReg_1_31$1230
   291/935: $rsReg_1_30$1229
   292/935: $rsReg_1_29$1228
   293/935: $rsReg_1_28$1227
   294/935: $rsReg_1_27$1226
   295/935: $rsReg_1_26$1225
   296/935: $rsReg_1_25$1224
   297/935: $rsReg_1_24$1223
   298/935: $rsReg_1_23$1222
   299/935: $rsReg_1_22$1221
   300/935: $rsReg_1_21$1220
   301/935: $rsReg_1_20$1219
   302/935: $rsReg_1_19$1218
   303/935: $rsReg_1_18$1217
   304/935: $rsReg_1_17$1216
   305/935: $rsReg_1_16$1215
   306/935: $rsReg_1_15$1214
   307/935: $rsReg_1_14$1213
   308/935: $rsReg_1_13$1212
   309/935: $rsReg_1_12$1211
   310/935: $rsReg_1_11$1210
   311/935: $rsReg_1_10$1209
   312/935: $rsReg_1_9$1208
   313/935: $rsReg_1_8$1207
   314/935: $rsReg_1_7$1206
   315/935: $rsReg_1_6$1205
   316/935: $rsReg_1_5$1204
   317/935: $rsReg_1_4$1203
   318/935: $rsReg_1_3$1202
   319/935: $rsReg_1_2$1201
   320/935: $rsReg_1_1$1200
   321/935: $rsReg_1_0$1199
   322/935: $rsReg_1_31$1262
   323/935: $rsReg_1_30$1261
   324/935: $rsReg_1_29$1260
   325/935: $rsReg_1_28$1259
   326/935: $rsReg_1_27$1258
   327/935: $rsReg_1_26$1257
   328/935: $rsReg_1_25$1256
   329/935: $rsReg_1_24$1255
   330/935: $rsReg_1_23$1254
   331/935: $rsReg_1_22$1253
   332/935: $rsReg_1_21$1252
   333/935: $rsReg_1_20$1251
   334/935: $rsReg_1_19$1250
   335/935: $rsReg_1_18$1249
   336/935: $rsReg_1_17$1248
   337/935: $rsReg_1_16$1247
   338/935: $rsReg_1_15$1246
   339/935: $rsReg_1_14$1245
   340/935: $rsReg_1_13$1244
   341/935: $rsReg_1_12$1243
   342/935: $rsReg_1_11$1242
   343/935: $rsReg_1_10$1241
   344/935: $rsReg_1_9$1240
   345/935: $rsReg_1_8$1239
   346/935: $rsReg_1_7$1238
   347/935: $rsReg_1_6$1237
   348/935: $rsReg_1_5$1236
   349/935: $rsReg_1_4$1235
   350/935: $rsReg_1_3$1234
   351/935: $rsReg_1_2$1233
   352/935: $rsReg_1_1$1232
   353/935: $rsReg_1_0$1231
   354/935: $rsReg_1_31$1294
   355/935: $rsReg_1_30$1293
   356/935: $rsReg_1_29$1292
   357/935: $rsReg_1_28$1291
   358/935: $rsReg_1_27$1290
   359/935: $rsReg_1_26$1289
   360/935: $rsReg_1_25$1288
   361/935: $rsReg_1_24$1287
   362/935: $rsReg_1_23$1286
   363/935: $rsReg_1_22$1285
   364/935: $rsReg_1_21$1284
   365/935: $rsReg_1_20$1283
   366/935: $rsReg_1_19$1282
   367/935: $rsReg_1_18$1281
   368/935: $rsReg_1_17$1280
   369/935: $rsReg_1_16$1279
   370/935: $rsReg_1_15$1278
   371/935: $rsReg_1_14$1277
   372/935: $rsReg_1_13$1276
   373/935: $rsReg_1_12$1275
   374/935: $rsReg_1_11$1274
   375/935: $rsReg_1_10$1273
   376/935: $rsReg_1_9$1272
   377/935: $rsReg_1_8$1271
   378/935: $rsReg_1_7$1270
   379/935: $rsReg_1_6$1269
   380/935: $rsReg_1_5$1268
   381/935: $rsReg_1_4$1267
   382/935: $rsReg_1_3$1266
   383/935: $rsReg_1_2$1265
   384/935: $rsReg_1_1$1264
   385/935: $rsReg_1_0$1263
   386/935: $rsReg_0_31$989
   387/935: $rsReg_0_30$988
   388/935: $rsReg_0_29$987
   389/935: $rsReg_0_28$986
   390/935: $rsReg_0_27$985
   391/935: $rsReg_0_26$984
   392/935: $rsReg_0_25$983
   393/935: $rsReg_0_24$982
   394/935: $rsReg_0_23$981
   395/935: $rsReg_0_22$980
   396/935: $rsReg_0_21$979
   397/935: $rsReg_0_20$978
   398/935: $rsReg_0_19$977
   399/935: $rsReg_0_18$976
   400/935: $rsReg_0_17$975
   401/935: $rsReg_0_16$974
   402/935: $rsReg_0_15$973
   403/935: $rsReg_0_14$972
   404/935: $rsReg_0_13$971
   405/935: $rsReg_0_12$970
   406/935: $rsReg_0_11$969
   407/935: $rsReg_0_10$968
   408/935: $rsReg_0_9$967
   409/935: $rsReg_0_8$966
   410/935: $rsReg_0_7$965
   411/935: $rsReg_0_6$964
   412/935: $rsReg_0_5$963
   413/935: $rsReg_0_4$962
   414/935: $rsReg_0_3$961
   415/935: $rsReg_0_2$960
   416/935: $rsReg_0_1$959
   417/935: $rsReg_0_0$958
   418/935: $rsReg_0_31$1021
   419/935: $rsReg_0_30$1020
   420/935: $rsReg_0_29$1019
   421/935: $rsReg_0_28$1018
   422/935: $rsReg_0_27$1017
   423/935: $rsReg_0_26$1016
   424/935: $rsReg_0_25$1015
   425/935: $rsReg_0_24$1014
   426/935: $rsReg_0_23$1013
   427/935: $rsReg_0_22$1012
   428/935: $rsReg_0_21$1011
   429/935: $rsReg_0_20$1010
   430/935: $rsReg_0_19$1009
   431/935: $rsReg_0_18$1008
   432/935: $rsReg_0_17$1007
   433/935: $rsReg_0_16$1006
   434/935: $rsReg_0_15$1005
   435/935: $rsReg_0_14$1004
   436/935: $rsReg_0_13$1003
   437/935: $rsReg_0_12$1002
   438/935: $rsReg_0_11$1001
   439/935: $rsReg_0_10$1000
   440/935: $rsReg_0_9$999
   441/935: $rsReg_0_8$998
   442/935: $rsReg_0_7$997
   443/935: $rsReg_0_6$996
   444/935: $rsReg_0_5$995
   445/935: $rsReg_0_4$994
   446/935: $rsReg_0_3$993
   447/935: $rsReg_0_2$992
   448/935: $rsReg_0_1$991
   449/935: $rsReg_0_0$990
   450/935: $rsReg_0_31$1053
   451/935: $rsReg_0_30$1052
   452/935: $rsReg_0_29$1051
   453/935: $rsReg_0_28$1050
   454/935: $rsReg_0_27$1049
   455/935: $rsReg_0_26$1048
   456/935: $rsReg_0_25$1047
   457/935: $rsReg_0_24$1046
   458/935: $rsReg_0_23$1045
   459/935: $rsReg_0_22$1044
   460/935: $rsReg_0_21$1043
   461/935: $rsReg_0_20$1042
   462/935: $rsReg_0_19$1041
   463/935: $rsReg_0_18$1040
   464/935: $rsReg_0_17$1039
   465/935: $rsReg_0_16$1038
   466/935: $rsReg_0_15$1037
   467/935: $rsReg_0_14$1036
   468/935: $rsReg_0_13$1035
   469/935: $rsReg_0_12$1034
   470/935: $rsReg_0_11$1033
   471/935: $rsReg_0_10$1032
   472/935: $rsReg_0_9$1031
   473/935: $rsReg_0_8$1030
   474/935: $rsReg_0_7$1029
   475/935: $rsReg_0_6$1028
   476/935: $rsReg_0_5$1027
   477/935: $rsReg_0_4$1026
   478/935: $rsReg_0_3$1025
   479/935: $rsReg_0_2$1024
   480/935: $rsReg_0_1$1023
   481/935: $rsReg_0_0$1022
   482/935: $rsReg_0_31$1085
   483/935: $rsReg_0_30$1084
   484/935: $rsReg_0_29$1083
   485/935: $rsReg_0_28$1082
   486/935: $rsReg_0_27$1081
   487/935: $rsReg_0_26$1080
   488/935: $rsReg_0_25$1079
   489/935: $rsReg_0_24$1078
   490/935: $rsReg_0_23$1077
   491/935: $rsReg_0_22$1076
   492/935: $rsReg_0_21$1075
   493/935: $rsReg_0_20$1074
   494/935: $rsReg_0_19$1073
   495/935: $rsReg_0_18$1072
   496/935: $rsReg_0_17$1071
   497/935: $rsReg_0_16$1070
   498/935: $rsReg_0_15$1069
   499/935: $rsReg_0_14$1068
   500/935: $rsReg_0_13$1067
   501/935: $rsReg_0_12$1066
   502/935: $rsReg_0_11$1065
   503/935: $rsReg_0_10$1064
   504/935: $rsReg_0_9$1063
   505/935: $rsReg_0_8$1062
   506/935: $rsReg_0_7$1061
   507/935: $rsReg_0_6$1060
   508/935: $rsReg_0_5$1059
   509/935: $rsReg_0_4$1058
   510/935: $rsReg_0_3$1057
   511/935: $rsReg_0_2$1056
   512/935: $rsReg_0_1$1055
   513/935: $rsReg_0_0$1054
   514/935: $rsReg_0_31$1117
   515/935: $rsReg_0_30$1116
   516/935: $rsReg_0_29$1115
   517/935: $rsReg_0_28$1114
   518/935: $rsReg_0_27$1113
   519/935: $rsReg_0_26$1112
   520/935: $rsReg_0_25$1111
   521/935: $rsReg_0_24$1110
   522/935: $rsReg_0_23$1109
   523/935: $rsReg_0_22$1108
   524/935: $rsReg_0_21$1107
   525/935: $rsReg_0_20$1106
   526/935: $rsReg_0_19$1105
   527/935: $rsReg_0_18$1104
   528/935: $rsReg_0_17$1103
   529/935: $rsReg_0_16$1102
   530/935: $rsReg_0_15$1101
   531/935: $rsReg_0_14$1100
   532/935: $rsReg_0_13$1099
   533/935: $rsReg_0_12$1098
   534/935: $rsReg_0_11$1097
   535/935: $rsReg_0_10$1096
   536/935: $rsReg_0_9$1095
   537/935: $rsReg_0_8$1094
   538/935: $rsReg_0_7$1093
   539/935: $rsReg_0_6$1092
   540/935: $rsReg_0_5$1091
   541/935: $rsReg_0_4$1090
   542/935: $rsReg_0_3$1089
   543/935: $rsReg_0_2$1088
   544/935: $rsReg_0_1$1087
   545/935: $rsReg_0_0$1086
   546/935: $rsReg_0_31$1149
   547/935: $rsReg_0_30$1148
   548/935: $rsReg_0_29$1147
   549/935: $rsReg_0_28$1146
   550/935: $rsReg_0_27$1145
   551/935: $rsReg_0_26$1144
   552/935: $rsReg_0_25$1143
   553/935: $rsReg_0_24$1142
   554/935: $rsReg_0_23$1141
   555/935: $rsReg_0_22$1140
   556/935: $rsReg_0_21$1139
   557/935: $rsReg_0_20$1138
   558/935: $rsReg_0_19$1137
   559/935: $rsReg_0_18$1136
   560/935: $rsReg_0_17$1135
   561/935: $rsReg_0_16$1134
   562/935: $rsReg_0_15$1133
   563/935: $rsReg_0_14$1132
   564/935: $rsReg_0_13$1131
   565/935: $rsReg_0_12$1130
   566/935: $rsReg_0_11$1129
   567/935: $rsReg_0_10$1128
   568/935: $rsReg_0_9$1127
   569/935: $rsReg_0_8$1126
   570/935: $rsReg_0_7$1125
   571/935: $rsReg_0_6$1124
   572/935: $rsReg_0_5$1123
   573/935: $rsReg_0_4$1122
   574/935: $rsReg_0_3$1121
   575/935: $rsReg_0_2$1120
   576/935: $rsReg_0_1$1119
   577/935: $rsReg_0_0$1118
   578/935: $rsReg_0_31$1181
   579/935: $rsReg_0_30$1180
   580/935: $rsReg_0_29$1179
   581/935: $rsReg_0_28$1178
   582/935: $rsReg_0_27$1177
   583/935: $rsReg_0_26$1176
   584/935: $rsReg_0_25$1175
   585/935: $rsReg_0_24$1174
   586/935: $rsReg_0_23$1173
   587/935: $rsReg_0_22$1172
   588/935: $rsReg_0_21$1171
   589/935: $rsReg_0_20$1170
   590/935: $rsReg_0_19$1169
   591/935: $rsReg_0_18$1168
   592/935: $rsReg_0_17$1167
   593/935: $rsReg_0_16$1166
   594/935: $rsReg_0_15$1165
   595/935: $rsReg_0_14$1164
   596/935: $rsReg_0_13$1163
   597/935: $rsReg_0_12$1162
   598/935: $rsReg_0_11$1161
   599/935: $rsReg_0_10$1160
   600/935: $rsReg_0_9$1159
   601/935: $rsReg_0_8$1158
   602/935: $rsReg_0_7$1157
   603/935: $rsReg_0_6$1156
   604/935: $rsReg_0_5$1155
   605/935: $rsReg_0_4$1154
   606/935: $rsReg_0_3$1153
   607/935: $rsReg_0_2$1152
   608/935: $rsReg_0_1$1151
   609/935: $rsReg_0_0$1150
   610/935: $state$819
   611/935: $state$818
   612/935: $state$824
   613/935: $valid_3$823
   614/935: $valid_2$822
   615/935: $valid_1$821
   616/935: $valid_0$820
   617/935: $state$810
   618/935: $state$811
   619/935: $ready_0$735
   620/935: $state$2346
   621/935: $customCtrlReg$2345
   622/935: $rsReg_2_31$2344
   623/935: $rsReg_2_30$2343
   624/935: $rsReg_2_29$2342
   625/935: $rsReg_2_28$2341
   626/935: $rsReg_2_27$2340
   627/935: $rsReg_2_26$2339
   628/935: $rsReg_2_25$2338
   629/935: $rsReg_2_24$2337
   630/935: $rsReg_2_23$2336
   631/935: $rsReg_2_22$2335
   632/935: $rsReg_2_21$2334
   633/935: $rsReg_2_20$2333
   634/935: $rsReg_2_19$2332
   635/935: $rsReg_2_18$2331
   636/935: $rsReg_2_17$2330
   637/935: $rsReg_2_16$2329
   638/935: $rsReg_2_15$2328
   639/935: $rsReg_2_14$2327
   640/935: $rsReg_2_13$2326
   641/935: $rsReg_2_12$2325
   642/935: $rsReg_2_11$2324
   643/935: $rsReg_2_10$2323
   644/935: $rsReg_2_9$2322
   645/935: $rsReg_2_8$2321
   646/935: $rsReg_2_7$2320
   647/935: $rsReg_2_6$2319
   648/935: $rsReg_2_5$2318
   649/935: $rsReg_2_4$2317
   650/935: $rsReg_2_3$2316
   651/935: $rsReg_2_2$2315
   652/935: $rsReg_2_1$2314
   653/935: $rsReg_2_0$2313
   654/935: $rsReg_1_31$2312
   655/935: $rsReg_1_30$2311
   656/935: $rsReg_1_29$2310
   657/935: $rsReg_1_28$2309
   658/935: $rsReg_1_27$2308
   659/935: $rsReg_1_26$2307
   660/935: $rsReg_1_25$2306
   661/935: $rsReg_1_24$2305
   662/935: $rsReg_1_23$2304
   663/935: $rsReg_1_22$2303
   664/935: $rsReg_1_21$2302
   665/935: $rsReg_1_20$2301
   666/935: $rsReg_1_19$2300
   667/935: $rsReg_1_18$2299
   668/935: $rsReg_1_17$2298
   669/935: $rsReg_1_16$2297
   670/935: $rsReg_1_15$2296
   671/935: $rsReg_1_14$2295
   672/935: $rsReg_1_13$2294
   673/935: $rsReg_1_12$2293
   674/935: $rsReg_1_11$2292
   675/935: $rsReg_1_10$2291
   676/935: $rsReg_1_9$2290
   677/935: $rsReg_1_8$2289
   678/935: $rsReg_1_7$2288
   679/935: $rsReg_1_6$2287
   680/935: $rsReg_1_5$2286
   681/935: $rsReg_1_4$2285
   682/935: $rsReg_1_3$2284
   683/935: $rsReg_1_2$2283
   684/935: $rsReg_1_1$2282
   685/935: $rsReg_1_0$2281
   686/935: $rsReg_0_31$2280
   687/935: $rsReg_0_30$2279
   688/935: $rsReg_0_29$2278
   689/935: $rsReg_0_28$2277
   690/935: $rsReg_0_27$2276
   691/935: $rsReg_0_26$2275
   692/935: $rsReg_0_25$2274
   693/935: $rsReg_0_24$2273
   694/935: $rsReg_0_23$2272
   695/935: $rsReg_0_22$2271
   696/935: $rsReg_0_21$2270
   697/935: $rsReg_0_20$2269
   698/935: $rsReg_0_19$2268
   699/935: $rsReg_0_18$2267
   700/935: $rsReg_0_17$2266
   701/935: $rsReg_0_16$2265
   702/935: $rsReg_0_15$2264
   703/935: $rsReg_0_14$2263
   704/935: $rsReg_0_13$2262
   705/935: $rsReg_0_12$2261
   706/935: $rsReg_0_11$2260
   707/935: $rsReg_0_10$2259
   708/935: $rsReg_0_9$2258
   709/935: $rsReg_0_8$2257
   710/935: $rsReg_0_7$2256
   711/935: $rsReg_0_6$2255
   712/935: $rsReg_0_5$2254
   713/935: $rsReg_0_4$2253
   714/935: $rsReg_0_3$2252
   715/935: $rsReg_0_2$2251
   716/935: $rsReg_0_1$2250
   717/935: $rsReg_0_0$2249
   718/935: $valid_3$2248
   719/935: $valid_2$2247
   720/935: $valid_1$2246
   721/935: $valid_0$2245
   722/935: $ready_3$2244
   723/935: $ready_2$2243
   724/935: $ready_1$2242
   725/935: $ready_0$2241
   726/935: $mask_31$700
   727/935: $mask_30$699
   728/935: $mask_29$698
   729/935: $mask_28$697
   730/935: $mask_27$696
   731/935: $mask_26$695
   732/935: $mask_25$694
   733/935: $mask_24$693
   734/935: $mask_23$692
   735/935: $mask_22$691
   736/935: $mask_21$690
   737/935: $mask_20$689
   738/935: $mask_19$688
   739/935: $mask_18$687
   740/935: $mask_17$686
   741/935: $mask_16$685
   742/935: $mask_15$684
   743/935: $mask_14$683
   744/935: $mask_13$682
   745/935: $mask_12$681
   746/935: $mask_11$680
   747/935: $mask_10$679
   748/935: $mask_9$678
   749/935: $mask_8$677
   750/935: $mask_7$676
   751/935: $mask_6$675
   752/935: $mask_5$674
   753/935: $mask_4$673
   754/935: $mask_3$672
   755/935: $mask_2$671
   756/935: $mask_1$670
   757/935: $mask_0$669
   758/935: $mask_31$668
   759/935: $mask_30$667
   760/935: $mask_29$666
   761/935: $mask_28$665
   762/935: $mask_27$664
   763/935: $mask_26$663
   764/935: $mask_25$662
   765/935: $mask_24$661
   766/935: $mask_23$660
   767/935: $mask_22$659
   768/935: $mask_21$658
   769/935: $mask_20$657
   770/935: $mask_19$656
   771/935: $mask_18$655
   772/935: $mask_17$654
   773/935: $mask_16$653
   774/935: $mask_15$652
   775/935: $mask_14$651
   776/935: $mask_13$650
   777/935: $mask_12$649
   778/935: $mask_11$648
   779/935: $mask_10$647
   780/935: $mask_9$646
   781/935: $mask_8$645
   782/935: $mask_7$644
   783/935: $mask_6$643
   784/935: $mask_5$642
   785/935: $mask_4$641
   786/935: $mask_3$640
   787/935: $mask_2$639
   788/935: $mask_1$638
   789/935: $mask_0$637
   790/935: $mask_31$636
   791/935: $mask_30$635
   792/935: $mask_29$634
   793/935: $mask_28$633
   794/935: $mask_27$632
   795/935: $mask_26$631
   796/935: $mask_25$630
   797/935: $mask_24$629
   798/935: $mask_23$628
   799/935: $mask_22$627
   800/935: $mask_21$626
   801/935: $mask_20$625
   802/935: $mask_19$624
   803/935: $mask_18$623
   804/935: $mask_17$622
   805/935: $mask_16$621
   806/935: $mask_15$620
   807/935: $mask_14$619
   808/935: $mask_13$618
   809/935: $mask_12$617
   810/935: $mask_11$616
   811/935: $mask_10$615
   812/935: $mask_9$614
   813/935: $mask_8$613
   814/935: $mask_7$612
   815/935: $mask_6$611
   816/935: $mask_5$610
   817/935: $mask_4$609
   818/935: $mask_3$608
   819/935: $mask_2$607
   820/935: $mask_1$606
   821/935: $mask_0$605
   822/935: $mask_31$604
   823/935: $mask_30$603
   824/935: $mask_29$602
   825/935: $mask_28$601
   826/935: $mask_27$600
   827/935: $mask_26$599
   828/935: $mask_25$598
   829/935: $mask_24$597
   830/935: $mask_23$596
   831/935: $mask_22$595
   832/935: $mask_21$594
   833/935: $mask_20$593
   834/935: $mask_19$592
   835/935: $mask_18$591
   836/935: $mask_17$590
   837/935: $mask_16$589
   838/935: $mask_15$588
   839/935: $mask_14$587
   840/935: $mask_13$586
   841/935: $mask_12$585
   842/935: $mask_11$584
   843/935: $mask_10$583
   844/935: $mask_9$582
   845/935: $mask_8$581
   846/935: $mask_7$580
   847/935: $mask_6$579
   848/935: $mask_5$578
   849/935: $mask_4$577
   850/935: $mask_3$576
   851/935: $mask_2$575
   852/935: $mask_1$574
   853/935: $mask_0$573
   854/935: $mask_31$572
   855/935: $mask_30$571
   856/935: $mask_29$570
   857/935: $mask_28$569
   858/935: $mask_27$568
   859/935: $mask_26$567
   860/935: $mask_25$566
   861/935: $mask_24$565
   862/935: $mask_23$564
   863/935: $mask_22$563
   864/935: $mask_21$562
   865/935: $mask_20$561
   866/935: $mask_19$560
   867/935: $mask_18$559
   868/935: $mask_17$558
   869/935: $mask_16$557
   870/935: $mask_15$556
   871/935: $mask_14$555
   872/935: $mask_13$554
   873/935: $mask_12$553
   874/935: $mask_11$552
   875/935: $mask_10$551
   876/935: $mask_9$550
   877/935: $mask_8$549
   878/935: $mask_7$548
   879/935: $mask_6$547
   880/935: $mask_5$546
   881/935: $mask_4$545
   882/935: $mask_3$544
   883/935: $mask_2$543
   884/935: $mask_1$542
   885/935: $regIdx_2$515
   886/935: $regIdx_1$514
   887/935: $regIdx_0$513
   888/935: $rsType_2$512
   889/935: $rsType_1$511
   890/935: $rsType_0$510
   891/935: $controlReg_rl$509
   892/935: $controlReg_aq$508
   893/935: $controlReg_atomic$507
   894/935: $controlReg_spike_info_inst$506
   895/935: $controlReg_spike_info_pc$505
   896/935: $controlReg_spike_info_sm_id$504
   897/935: $controlReg_imm_ext$503
   898/935: $controlReg_pc$502
   899/935: $controlReg_wxd$501
   900/935: $controlReg_writemask$500
   901/935: $controlReg_readmask$499
   902/935: $controlReg_sfu$498
   903/935: $controlReg_fence$497
   904/935: $controlReg_wvd$496
   905/935: $controlReg_reg_idxw$495
   906/935: $controlReg_reg_idx3$494
   907/935: $controlReg_reg_idx2$493
   908/935: $controlReg_reg_idx1$492
   909/935: $controlReg_mop$491
   910/935: $controlReg_mem_cmd$490
   911/935: $controlReg_custom_signal_0$489
   912/935: $controlReg_disable_mask$488
   913/935: $controlReg_tc$487
   914/935: $controlReg_mul$486
   915/935: $controlReg_mem$485
   916/935: $controlReg_is_vls12$484
   917/935: $controlReg_force_rm_rtz$483
   918/935: $controlReg_alu_fn$482
   919/935: $controlReg_mem_unsigned$481
   920/935: $controlReg_mem_whb$480
   921/935: $controlReg_sel_imm$479
   922/935: $controlReg_mask$478
   923/935: $controlReg_sel_alu3$477
   924/935: $controlReg_isvec$476
   925/935: $controlReg_sel_alu1$475
   926/935: $controlReg_sel_alu2$474
   927/935: $controlReg_reverse$473
   928/935: $controlReg_csr$472
   929/935: $controlReg_barrier$471
   930/935: $controlReg_simt_stack_op$470
   931/935: $controlReg_simt_stack$469
   932/935: $controlReg_branch$468
   933/935: $controlReg_fp$467
   934/935: $controlReg_wid$466
   935/935: $controlReg_inst$465

1.8. Executing PROC_CLEAN pass (remove empty switches from decision trees).
Found and cleaned up 15 empty switches in `\RRArbiter_16$operandCollector.issueUnit.arb_v.$245'.
Removing empty process `RRArbiter_16$operandCollector.issueUnit.arb_v.$245'.
Found and cleaned up 15 empty switches in `\RRArbiter_16$operandCollector.issueUnit.arb_x.$245'.
Removing empty process `RRArbiter_16$operandCollector.issueUnit.arb_x.$245'.
Found and cleaned up 47 empty switches in `\RRArbiter$operandCollector.Arbiter.bankArbiterVector_7.$124'.
Removing empty process `RRArbiter$operandCollector.Arbiter.bankArbiterVector_7.$124'.
Found and cleaned up 47 empty switches in `\RRArbiter$operandCollector.Arbiter.bankArbiterVector_6.$124'.
Removing empty process `RRArbiter$operandCollector.Arbiter.bankArbiterVector_6.$124'.
Found and cleaned up 47 empty switches in `\RRArbiter$operandCollector.Arbiter.bankArbiterVector_5.$124'.
Removing empty process `RRArbiter$operandCollector.Arbiter.bankArbiterVector_5.$124'.
Found and cleaned up 47 empty switches in `\RRArbiter$operandCollector.Arbiter.bankArbiterVector_4.$124'.
Removing empty process `RRArbiter$operandCollector.Arbiter.bankArbiterVector_4.$124'.
Found and cleaned up 47 empty switches in `\RRArbiter$operandCollector.Arbiter.bankArbiterVector_3.$124'.
Removing empty process `RRArbiter$operandCollector.Arbiter.bankArbiterVector_3.$124'.
Found and cleaned up 47 empty switches in `\RRArbiter$operandCollector.Arbiter.bankArbiterVector_2.$124'.
Removing empty process `RRArbiter$operandCollector.Arbiter.bankArbiterVector_2.$124'.
Found and cleaned up 47 empty switches in `\RRArbiter$operandCollector.Arbiter.bankArbiterVector_1.$124'.
Removing empty process `RRArbiter$operandCollector.Arbiter.bankArbiterVector_1.$124'.
Found and cleaned up 47 empty switches in `\RRArbiter$operandCollector.Arbiter.bankArbiterVector_0.$124'.
Removing empty process `RRArbiter$operandCollector.Arbiter.bankArbiterVector_0.$124'.
Found and cleaned up 47 empty switches in `\RRArbiter$operandCollector.Arbiter.bankArbiterScalar_7.$124'.
Removing empty process `RRArbiter$operandCollector.Arbiter.bankArbiterScalar_7.$124'.
Found and cleaned up 47 empty switches in `\RRArbiter$operandCollector.Arbiter.bankArbiterScalar_6.$124'.
Removing empty process `RRArbiter$operandCollector.Arbiter.bankArbiterScalar_6.$124'.
Found and cleaned up 47 empty switches in `\RRArbiter$operandCollector.Arbiter.bankArbiterScalar_5.$124'.
Removing empty process `RRArbiter$operandCollector.Arbiter.bankArbiterScalar_5.$124'.
Found and cleaned up 47 empty switches in `\RRArbiter$operandCollector.Arbiter.bankArbiterScalar_4.$124'.
Removing empty process `RRArbiter$operandCollector.Arbiter.bankArbiterScalar_4.$124'.
Found and cleaned up 47 empty switches in `\RRArbiter$operandCollector.Arbiter.bankArbiterScalar_3.$124'.
Removing empty process `RRArbiter$operandCollector.Arbiter.bankArbiterScalar_3.$124'.
Found and cleaned up 47 empty switches in `\RRArbiter$operandCollector.Arbiter.bankArbiterScalar_2.$124'.
Removing empty process `RRArbiter$operandCollector.Arbiter.bankArbiterScalar_2.$124'.
Found and cleaned up 47 empty switches in `\RRArbiter$operandCollector.Arbiter.bankArbiterScalar_1.$124'.
Removing empty process `RRArbiter$operandCollector.Arbiter.bankArbiterScalar_1.$124'.
Found and cleaned up 47 empty switches in `\RRArbiter$operandCollector.Arbiter.bankArbiterScalar_0.$124'.
Removing empty process `RRArbiter$operandCollector.Arbiter.bankArbiterScalar_0.$124'.
Found and cleaned up 65 empty switches in `\collectorUnit$operandCollector.collectorUnit_7.$442'.
Removing empty process `collectorUnit$operandCollector.collectorUnit_7.$442'.
Found and cleaned up 65 empty switches in `\collectorUnit$operandCollector.collectorUnit_6.$442'.
Removing empty process `collectorUnit$operandCollector.collectorUnit_6.$442'.
Found and cleaned up 65 empty switches in `\collectorUnit$operandCollector.collectorUnit_5.$442'.
Removing empty process `collectorUnit$operandCollector.collectorUnit_5.$442'.
Found and cleaned up 65 empty switches in `\collectorUnit$operandCollector.collectorUnit_4.$442'.
Removing empty process `collectorUnit$operandCollector.collectorUnit_4.$442'.
Found and cleaned up 65 empty switches in `\collectorUnit$operandCollector.collectorUnit_3.$442'.
Removing empty process `collectorUnit$operandCollector.collectorUnit_3.$442'.
Found and cleaned up 65 empty switches in `\collectorUnit$operandCollector.collectorUnit_2.$442'.
Removing empty process `collectorUnit$operandCollector.collectorUnit_2.$442'.
Found and cleaned up 65 empty switches in `\collectorUnit$operandCollector.collectorUnit_1.$442'.
Removing empty process `collectorUnit$operandCollector.collectorUnit_1.$442'.
Found and cleaned up 65 empty switches in `\collectorUnit$operandCollector.collectorUnit.$442'.
Removing empty process `collectorUnit$operandCollector.collectorUnit.$442'.
Cleaned up 1302 empty switches.

1.9. Executing OPT_EXPR pass (perform const folding).
Optimizing module RRArbiter_16$operandCollector.issueUnit.arb_v.
<suppressed ~1 debug messages>
Optimizing module RRArbiter_16$operandCollector.issueUnit.arb_x.
<suppressed ~1 debug messages>
Optimizing module RRArbiter$operandCollector.Arbiter.bankArbiterVector_7.
<suppressed ~1 debug messages>
Optimizing module RRArbiter$operandCollector.Arbiter.bankArbiterVector_6.
<suppressed ~1 debug messages>
Optimizing module RRArbiter$operandCollector.Arbiter.bankArbiterVector_5.
<suppressed ~1 debug messages>
Optimizing module RRArbiter$operandCollector.Arbiter.bankArbiterVector_4.
<suppressed ~1 debug messages>
Optimizing module RRArbiter$operandCollector.Arbiter.bankArbiterVector_3.
<suppressed ~1 debug messages>
Optimizing module RRArbiter$operandCollector.Arbiter.bankArbiterVector_2.
<suppressed ~1 debug messages>
Optimizing module RRArbiter$operandCollector.Arbiter.bankArbiterVector_1.
<suppressed ~1 debug messages>
Optimizing module RRArbiter$operandCollector.Arbiter.bankArbiterVector_0.
<suppressed ~1 debug messages>
Optimizing module RRArbiter$operandCollector.Arbiter.bankArbiterScalar_7.
<suppressed ~1 debug messages>
Optimizing module RRArbiter$operandCollector.Arbiter.bankArbiterScalar_6.
<suppressed ~1 debug messages>
Optimizing module RRArbiter$operandCollector.Arbiter.bankArbiterScalar_5.
<suppressed ~1 debug messages>
Optimizing module RRArbiter$operandCollector.Arbiter.bankArbiterScalar_4.
<suppressed ~1 debug messages>
Optimizing module RRArbiter$operandCollector.Arbiter.bankArbiterScalar_3.
<suppressed ~1 debug messages>
Optimizing module RRArbiter$operandCollector.Arbiter.bankArbiterScalar_2.
<suppressed ~1 debug messages>
Optimizing module RRArbiter$operandCollector.Arbiter.bankArbiterScalar_1.
<suppressed ~1 debug messages>
Optimizing module RRArbiter$operandCollector.Arbiter.bankArbiterScalar_0.
<suppressed ~1 debug messages>
Optimizing module ImmGen$operandCollector.collectorUnit_7.imm.
<suppressed ~1 debug messages>
Optimizing module ImmGen$operandCollector.collectorUnit_6.imm.
<suppressed ~1 debug messages>
Optimizing module ImmGen$operandCollector.collectorUnit_5.imm.
<suppressed ~1 debug messages>
Optimizing module ImmGen$operandCollector.collectorUnit_4.imm.
<suppressed ~1 debug messages>
Optimizing module ImmGen$operandCollector.collectorUnit_3.imm.
<suppressed ~1 debug messages>
Optimizing module ImmGen$operandCollector.collectorUnit_2.imm.
<suppressed ~1 debug messages>
Optimizing module ImmGen$operandCollector.collectorUnit_1.imm.
<suppressed ~1 debug messages>
Optimizing module ImmGen$operandCollector.collectorUnit.imm.
<suppressed ~1 debug messages>
Optimizing module DualIssueIO$operandCollector.issueUnit.
Optimizing module instDemux$operandCollector.Demux.
<suppressed ~2 debug messages>
Optimizing module crossBar$operandCollector.crossBar.
<suppressed ~32 debug messages>
Optimizing module RegFileBank$operandCollector.RegFileBank_7.
Optimizing module RegFileBank$operandCollector.RegFileBank_6.
Optimizing module RegFileBank$operandCollector.RegFileBank_5.
Optimizing module RegFileBank$operandCollector.RegFileBank_4.
Optimizing module RegFileBank$operandCollector.RegFileBank_3.
Optimizing module RegFileBank$operandCollector.RegFileBank_2.
Optimizing module RegFileBank$operandCollector.RegFileBank_1.
Optimizing module RegFileBank$operandCollector.RegFileBank.
Optimizing module FloatRegFileBank$operandCollector.FloatRegFileBank_7.
Optimizing module FloatRegFileBank$operandCollector.FloatRegFileBank_6.
Optimizing module FloatRegFileBank$operandCollector.FloatRegFileBank_5.
Optimizing module FloatRegFileBank$operandCollector.FloatRegFileBank_4.
Optimizing module FloatRegFileBank$operandCollector.FloatRegFileBank_3.
Optimizing module FloatRegFileBank$operandCollector.FloatRegFileBank_2.
Optimizing module FloatRegFileBank$operandCollector.FloatRegFileBank_1.
Optimizing module FloatRegFileBank$operandCollector.FloatRegFileBank.
Optimizing module operandArbiter$operandCollector.Arbiter.
<suppressed ~24 debug messages>
Optimizing module collectorUnit$operandCollector.collectorUnit_7.
<suppressed ~8 debug messages>
Optimizing module collectorUnit$operandCollector.collectorUnit_6.
<suppressed ~8 debug messages>
Optimizing module collectorUnit$operandCollector.collectorUnit_5.
<suppressed ~8 debug messages>
Optimizing module collectorUnit$operandCollector.collectorUnit_4.
<suppressed ~8 debug messages>
Optimizing module collectorUnit$operandCollector.collectorUnit_3.
<suppressed ~8 debug messages>
Optimizing module collectorUnit$operandCollector.collectorUnit_2.
<suppressed ~8 debug messages>
Optimizing module collectorUnit$operandCollector.collectorUnit_1.
<suppressed ~8 debug messages>
Optimizing module collectorUnit$operandCollector.collectorUnit.
<suppressed ~8 debug messages>
Optimizing module operandCollector.
<suppressed ~2 debug messages>

2. Executing HIERARCHY pass (managing design hierarchy).

2.1. Analyzing design hierarchy..
Top module:  \operandCollector
Used module:     \DualIssueIO$operandCollector.issueUnit
Used module:         \RRArbiter_16$operandCollector.issueUnit.arb_v
Used module:         \RRArbiter_16$operandCollector.issueUnit.arb_x
Used module:     \instDemux$operandCollector.Demux
Used module:     \crossBar$operandCollector.crossBar
Used module:     \RegFileBank$operandCollector.RegFileBank_7
Used module:     \RegFileBank$operandCollector.RegFileBank_6
Used module:     \RegFileBank$operandCollector.RegFileBank_5
Used module:     \RegFileBank$operandCollector.RegFileBank_4
Used module:     \RegFileBank$operandCollector.RegFileBank_3
Used module:     \RegFileBank$operandCollector.RegFileBank_2
Used module:     \RegFileBank$operandCollector.RegFileBank_1
Used module:     \RegFileBank$operandCollector.RegFileBank
Used module:     \FloatRegFileBank$operandCollector.FloatRegFileBank_7
Used module:     \FloatRegFileBank$operandCollector.FloatRegFileBank_6
Used module:     \FloatRegFileBank$operandCollector.FloatRegFileBank_5
Used module:     \FloatRegFileBank$operandCollector.FloatRegFileBank_4
Used module:     \FloatRegFileBank$operandCollector.FloatRegFileBank_3
Used module:     \FloatRegFileBank$operandCollector.FloatRegFileBank_2
Used module:     \FloatRegFileBank$operandCollector.FloatRegFileBank_1
Used module:     \FloatRegFileBank$operandCollector.FloatRegFileBank
Used module:     \operandArbiter$operandCollector.Arbiter
Used module:         \RRArbiter$operandCollector.Arbiter.bankArbiterVector_7
Used module:         \RRArbiter$operandCollector.Arbiter.bankArbiterVector_6
Used module:         \RRArbiter$operandCollector.Arbiter.bankArbiterVector_5
Used module:         \RRArbiter$operandCollector.Arbiter.bankArbiterVector_4
Used module:         \RRArbiter$operandCollector.Arbiter.bankArbiterVector_3
Used module:         \RRArbiter$operandCollector.Arbiter.bankArbiterVector_2
Used module:         \RRArbiter$operandCollector.Arbiter.bankArbiterVector_1
Used module:         \RRArbiter$operandCollector.Arbiter.bankArbiterVector_0
Used module:         \RRArbiter$operandCollector.Arbiter.bankArbiterScalar_7
Used module:         \RRArbiter$operandCollector.Arbiter.bankArbiterScalar_6
Used module:         \RRArbiter$operandCollector.Arbiter.bankArbiterScalar_5
Used module:         \RRArbiter$operandCollector.Arbiter.bankArbiterScalar_4
Used module:         \RRArbiter$operandCollector.Arbiter.bankArbiterScalar_3
Used module:         \RRArbiter$operandCollector.Arbiter.bankArbiterScalar_2
Used module:         \RRArbiter$operandCollector.Arbiter.bankArbiterScalar_1
Used module:         \RRArbiter$operandCollector.Arbiter.bankArbiterScalar_0
Used module:     \collectorUnit$operandCollector.collectorUnit_7
Used module:         \ImmGen$operandCollector.collectorUnit_7.imm
Used module:     \collectorUnit$operandCollector.collectorUnit_6
Used module:         \ImmGen$operandCollector.collectorUnit_6.imm
Used module:     \collectorUnit$operandCollector.collectorUnit_5
Used module:         \ImmGen$operandCollector.collectorUnit_5.imm
Used module:     \collectorUnit$operandCollector.collectorUnit_4
Used module:         \ImmGen$operandCollector.collectorUnit_4.imm
Used module:     \collectorUnit$operandCollector.collectorUnit_3
Used module:         \ImmGen$operandCollector.collectorUnit_3.imm
Used module:     \collectorUnit$operandCollector.collectorUnit_2
Used module:         \ImmGen$operandCollector.collectorUnit_2.imm
Used module:     \collectorUnit$operandCollector.collectorUnit_1
Used module:         \ImmGen$operandCollector.collectorUnit_1.imm
Used module:     \collectorUnit$operandCollector.collectorUnit
Used module:         \ImmGen$operandCollector.collectorUnit.imm

2.2. Analyzing design hierarchy..
Top module:  \operandCollector
Used module:     \DualIssueIO$operandCollector.issueUnit
Used module:         \RRArbiter_16$operandCollector.issueUnit.arb_v
Used module:         \RRArbiter_16$operandCollector.issueUnit.arb_x
Used module:     \instDemux$operandCollector.Demux
Used module:     \crossBar$operandCollector.crossBar
Used module:     \RegFileBank$operandCollector.RegFileBank_7
Used module:     \RegFileBank$operandCollector.RegFileBank_6
Used module:     \RegFileBank$operandCollector.RegFileBank_5
Used module:     \RegFileBank$operandCollector.RegFileBank_4
Used module:     \RegFileBank$operandCollector.RegFileBank_3
Used module:     \RegFileBank$operandCollector.RegFileBank_2
Used module:     \RegFileBank$operandCollector.RegFileBank_1
Used module:     \RegFileBank$operandCollector.RegFileBank
Used module:     \FloatRegFileBank$operandCollector.FloatRegFileBank_7
Used module:     \FloatRegFileBank$operandCollector.FloatRegFileBank_6
Used module:     \FloatRegFileBank$operandCollector.FloatRegFileBank_5
Used module:     \FloatRegFileBank$operandCollector.FloatRegFileBank_4
Used module:     \FloatRegFileBank$operandCollector.FloatRegFileBank_3
Used module:     \FloatRegFileBank$operandCollector.FloatRegFileBank_2
Used module:     \FloatRegFileBank$operandCollector.FloatRegFileBank_1
Used module:     \FloatRegFileBank$operandCollector.FloatRegFileBank
Used module:     \operandArbiter$operandCollector.Arbiter
Used module:         \RRArbiter$operandCollector.Arbiter.bankArbiterVector_7
Used module:         \RRArbiter$operandCollector.Arbiter.bankArbiterVector_6
Used module:         \RRArbiter$operandCollector.Arbiter.bankArbiterVector_5
Used module:         \RRArbiter$operandCollector.Arbiter.bankArbiterVector_4
Used module:         \RRArbiter$operandCollector.Arbiter.bankArbiterVector_3
Used module:         \RRArbiter$operandCollector.Arbiter.bankArbiterVector_2
Used module:         \RRArbiter$operandCollector.Arbiter.bankArbiterVector_1
Used module:         \RRArbiter$operandCollector.Arbiter.bankArbiterVector_0
Used module:         \RRArbiter$operandCollector.Arbiter.bankArbiterScalar_7
Used module:         \RRArbiter$operandCollector.Arbiter.bankArbiterScalar_6
Used module:         \RRArbiter$operandCollector.Arbiter.bankArbiterScalar_5
Used module:         \RRArbiter$operandCollector.Arbiter.bankArbiterScalar_4
Used module:         \RRArbiter$operandCollector.Arbiter.bankArbiterScalar_3
Used module:         \RRArbiter$operandCollector.Arbiter.bankArbiterScalar_2
Used module:         \RRArbiter$operandCollector.Arbiter.bankArbiterScalar_1
Used module:         \RRArbiter$operandCollector.Arbiter.bankArbiterScalar_0
Used module:     \collectorUnit$operandCollector.collectorUnit_7
Used module:         \ImmGen$operandCollector.collectorUnit_7.imm
Used module:     \collectorUnit$operandCollector.collectorUnit_6
Used module:         \ImmGen$operandCollector.collectorUnit_6.imm
Used module:     \collectorUnit$operandCollector.collectorUnit_5
Used module:         \ImmGen$operandCollector.collectorUnit_5.imm
Used module:     \collectorUnit$operandCollector.collectorUnit_4
Used module:         \ImmGen$operandCollector.collectorUnit_4.imm
Used module:     \collectorUnit$operandCollector.collectorUnit_3
Used module:         \ImmGen$operandCollector.collectorUnit_3.imm
Used module:     \collectorUnit$operandCollector.collectorUnit_2
Used module:         \ImmGen$operandCollector.collectorUnit_2.imm
Used module:     \collectorUnit$operandCollector.collectorUnit_1
Used module:         \ImmGen$operandCollector.collectorUnit_1.imm
Used module:     \collectorUnit$operandCollector.collectorUnit
Used module:         \ImmGen$operandCollector.collectorUnit.imm
Removed 0 unused modules.

3. Executing PROC pass (convert processes to netlists).

3.1. Executing PROC_CLEAN pass (remove empty switches from decision trees).
Cleaned up 0 empty switches.

3.2. Executing PROC_RMDEAD pass (remove dead branches from decision trees).
Removed a total of 0 dead cases.

3.3. Executing PROC_PRUNE pass (remove redundant assignments in processes).
Removed 0 redundant assignments.
Promoted 0 assignments to connections.

3.4. Executing PROC_INIT pass (extract init attributes).

3.5. Executing PROC_ARST pass (detect async resets in processes).

3.6. Executing PROC_ROM pass (convert switches to ROMs).
Converted 0 switches.

3.7. Executing PROC_MUX pass (convert decision trees to multiplexers).

3.8. Executing PROC_DLATCH pass (convert process syncs to latches).

3.9. Executing PROC_DFF pass (convert process syncs to FFs).

3.10. Executing PROC_MEMWR pass (convert process memory writes to cells).

3.11. Executing PROC_CLEAN pass (remove empty switches from decision trees).
Cleaned up 0 empty switches.

3.12. Executing OPT_EXPR pass (perform const folding).
Optimizing module RRArbiter_16$operandCollector.issueUnit.arb_v.
Optimizing module RRArbiter_16$operandCollector.issueUnit.arb_x.
Optimizing module RRArbiter$operandCollector.Arbiter.bankArbiterVector_7.
Optimizing module RRArbiter$operandCollector.Arbiter.bankArbiterVector_6.
Optimizing module RRArbiter$operandCollector.Arbiter.bankArbiterVector_5.
Optimizing module RRArbiter$operandCollector.Arbiter.bankArbiterVector_4.
Optimizing module RRArbiter$operandCollector.Arbiter.bankArbiterVector_3.
Optimizing module RRArbiter$operandCollector.Arbiter.bankArbiterVector_2.
Optimizing module RRArbiter$operandCollector.Arbiter.bankArbiterVector_1.
Optimizing module RRArbiter$operandCollector.Arbiter.bankArbiterVector_0.
Optimizing module RRArbiter$operandCollector.Arbiter.bankArbiterScalar_7.
Optimizing module RRArbiter$operandCollector.Arbiter.bankArbiterScalar_6.
Optimizing module RRArbiter$operandCollector.Arbiter.bankArbiterScalar_5.
Optimizing module RRArbiter$operandCollector.Arbiter.bankArbiterScalar_4.
Optimizing module RRArbiter$operandCollector.Arbiter.bankArbiterScalar_3.
Optimizing module RRArbiter$operandCollector.Arbiter.bankArbiterScalar_2.
Optimizing module RRArbiter$operandCollector.Arbiter.bankArbiterScalar_1.
Optimizing module RRArbiter$operandCollector.Arbiter.bankArbiterScalar_0.
Optimizing module ImmGen$operandCollector.collectorUnit_7.imm.
Optimizing module ImmGen$operandCollector.collectorUnit_6.imm.
Optimizing module ImmGen$operandCollector.collectorUnit_5.imm.
Optimizing module ImmGen$operandCollector.collectorUnit_4.imm.
Optimizing module ImmGen$operandCollector.collectorUnit_3.imm.
Optimizing module ImmGen$operandCollector.collectorUnit_2.imm.
Optimizing module ImmGen$operandCollector.collectorUnit_1.imm.
Optimizing module ImmGen$operandCollector.collectorUnit.imm.
Optimizing module DualIssueIO$operandCollector.issueUnit.
Optimizing module instDemux$operandCollector.Demux.
Optimizing module crossBar$operandCollector.crossBar.
Optimizing module RegFileBank$operandCollector.RegFileBank_7.
Optimizing module RegFileBank$operandCollector.RegFileBank_6.
Optimizing module RegFileBank$operandCollector.RegFileBank_5.
Optimizing module RegFileBank$operandCollector.RegFileBank_4.
Optimizing module RegFileBank$operandCollector.RegFileBank_3.
Optimizing module RegFileBank$operandCollector.RegFileBank_2.
Optimizing module RegFileBank$operandCollector.RegFileBank_1.
Optimizing module RegFileBank$operandCollector.RegFileBank.
Optimizing module FloatRegFileBank$operandCollector.FloatRegFileBank_7.
Optimizing module FloatRegFileBank$operandCollector.FloatRegFileBank_6.
Optimizing module FloatRegFileBank$operandCollector.FloatRegFileBank_5.
Optimizing module FloatRegFileBank$operandCollector.FloatRegFileBank_4.
Optimizing module FloatRegFileBank$operandCollector.FloatRegFileBank_3.
Optimizing module FloatRegFileBank$operandCollector.FloatRegFileBank_2.
Optimizing module FloatRegFileBank$operandCollector.FloatRegFileBank_1.
Optimizing module FloatRegFileBank$operandCollector.FloatRegFileBank.
Optimizing module operandArbiter$operandCollector.Arbiter.
Optimizing module collectorUnit$operandCollector.collectorUnit_7.
Optimizing module collectorUnit$operandCollector.collectorUnit_6.
Optimizing module collectorUnit$operandCollector.collectorUnit_5.
Optimizing module collectorUnit$operandCollector.collectorUnit_4.
Optimizing module collectorUnit$operandCollector.collectorUnit_3.
Optimizing module collectorUnit$operandCollector.collectorUnit_2.
Optimizing module collectorUnit$operandCollector.collectorUnit_1.
Optimizing module collectorUnit$operandCollector.collectorUnit.
Optimizing module operandCollector.

4. Executing OPT_EXPR pass (perform const folding).
Optimizing module RRArbiter_16$operandCollector.issueUnit.arb_v.
Optimizing module RRArbiter_16$operandCollector.issueUnit.arb_x.
Optimizing module RRArbiter$operandCollector.Arbiter.bankArbiterVector_7.
Optimizing module RRArbiter$operandCollector.Arbiter.bankArbiterVector_6.
Optimizing module RRArbiter$operandCollector.Arbiter.bankArbiterVector_5.
Optimizing module RRArbiter$operandCollector.Arbiter.bankArbiterVector_4.
Optimizing module RRArbiter$operandCollector.Arbiter.bankArbiterVector_3.
Optimizing module RRArbiter$operandCollector.Arbiter.bankArbiterVector_2.
Optimizing module RRArbiter$operandCollector.Arbiter.bankArbiterVector_1.
Optimizing module RRArbiter$operandCollector.Arbiter.bankArbiterVector_0.
Optimizing module RRArbiter$operandCollector.Arbiter.bankArbiterScalar_7.
Optimizing module RRArbiter$operandCollector.Arbiter.bankArbiterScalar_6.
Optimizing module RRArbiter$operandCollector.Arbiter.bankArbiterScalar_5.
Optimizing module RRArbiter$operandCollector.Arbiter.bankArbiterScalar_4.
Optimizing module RRArbiter$operandCollector.Arbiter.bankArbiterScalar_3.
Optimizing module RRArbiter$operandCollector.Arbiter.bankArbiterScalar_2.
Optimizing module RRArbiter$operandCollector.Arbiter.bankArbiterScalar_1.
Optimizing module RRArbiter$operandCollector.Arbiter.bankArbiterScalar_0.
Optimizing module ImmGen$operandCollector.collectorUnit_7.imm.
Optimizing module ImmGen$operandCollector.collectorUnit_6.imm.
Optimizing module ImmGen$operandCollector.collectorUnit_5.imm.
Optimizing module ImmGen$operandCollector.collectorUnit_4.imm.
Optimizing module ImmGen$operandCollector.collectorUnit_3.imm.
Optimizing module ImmGen$operandCollector.collectorUnit_2.imm.
Optimizing module ImmGen$operandCollector.collectorUnit_1.imm.
Optimizing module ImmGen$operandCollector.collectorUnit.imm.
Optimizing module DualIssueIO$operandCollector.issueUnit.
Optimizing module instDemux$operandCollector.Demux.
Optimizing module crossBar$operandCollector.crossBar.
<suppressed ~32 debug messages>
Optimizing module RegFileBank$operandCollector.RegFileBank_7.
Optimizing module RegFileBank$operandCollector.RegFileBank_6.
Optimizing module RegFileBank$operandCollector.RegFileBank_5.
Optimizing module RegFileBank$operandCollector.RegFileBank_4.
Optimizing module RegFileBank$operandCollector.RegFileBank_3.
Optimizing module RegFileBank$operandCollector.RegFileBank_2.
Optimizing module RegFileBank$operandCollector.RegFileBank_1.
Optimizing module RegFileBank$operandCollector.RegFileBank.
Optimizing module FloatRegFileBank$operandCollector.FloatRegFileBank_7.
Optimizing module FloatRegFileBank$operandCollector.FloatRegFileBank_6.
Optimizing module FloatRegFileBank$operandCollector.FloatRegFileBank_5.
Optimizing module FloatRegFileBank$operandCollector.FloatRegFileBank_4.
Optimizing module FloatRegFileBank$operandCollector.FloatRegFileBank_3.
Optimizing module FloatRegFileBank$operandCollector.FloatRegFileBank_2.
Optimizing module FloatRegFileBank$operandCollector.FloatRegFileBank_1.
Optimizing module FloatRegFileBank$operandCollector.FloatRegFileBank.
Optimizing module operandArbiter$operandCollector.Arbiter.
Optimizing module collectorUnit$operandCollector.collectorUnit_7.
Optimizing module collectorUnit$operandCollector.collectorUnit_6.
Optimizing module collectorUnit$operandCollector.collectorUnit_5.
Optimizing module collectorUnit$operandCollector.collectorUnit_4.
Optimizing module collectorUnit$operandCollector.collectorUnit_3.
Optimizing module collectorUnit$operandCollector.collectorUnit_2.
Optimizing module collectorUnit$operandCollector.collectorUnit_1.
Optimizing module collectorUnit$operandCollector.collectorUnit.
Optimizing module operandCollector.

5. Executing OPT_CLEAN pass (remove unused cells and wires).
Finding unused cells or wires in module \RRArbiter_16$operandCollector.issueUnit.arb_v..
Finding unused cells or wires in module \RRArbiter_16$operandCollector.issueUnit.arb_x..
Finding unused cells or wires in module \RRArbiter$operandCollector.Arbiter.bankArbiterVector_7..
Finding unused cells or wires in module \RRArbiter$operandCollector.Arbiter.bankArbiterVector_6..
Finding unused cells or wires in module \RRArbiter$operandCollector.Arbiter.bankArbiterVector_5..
Finding unused cells or wires in module \RRArbiter$operandCollector.Arbiter.bankArbiterVector_4..
Finding unused cells or wires in module \RRArbiter$operandCollector.Arbiter.bankArbiterVector_3..
Finding unused cells or wires in module \RRArbiter$operandCollector.Arbiter.bankArbiterVector_2..
Finding unused cells or wires in module \RRArbiter$operandCollector.Arbiter.bankArbiterVector_1..
Finding unused cells or wires in module \RRArbiter$operandCollector.Arbiter.bankArbiterVector_0..
Finding unused cells or wires in module \RRArbiter$operandCollector.Arbiter.bankArbiterScalar_7..
Finding unused cells or wires in module \RRArbiter$operandCollector.Arbiter.bankArbiterScalar_6..
Finding unused cells or wires in module \RRArbiter$operandCollector.Arbiter.bankArbiterScalar_5..
Finding unused cells or wires in module \RRArbiter$operandCollector.Arbiter.bankArbiterScalar_4..
Finding unused cells or wires in module \RRArbiter$operandCollector.Arbiter.bankArbiterScalar_3..
Finding unused cells or wires in module \RRArbiter$operandCollector.Arbiter.bankArbiterScalar_2..
Finding unused cells or wires in module \RRArbiter$operandCollector.Arbiter.bankArbiterScalar_1..
Finding unused cells or wires in module \RRArbiter$operandCollector.Arbiter.bankArbiterScalar_0..
Finding unused cells or wires in module \ImmGen$operandCollector.collectorUnit_7.imm..
Finding unused cells or wires in module \ImmGen$operandCollector.collectorUnit_6.imm..
Finding unused cells or wires in module \ImmGen$operandCollector.collectorUnit_5.imm..
Finding unused cells or wires in module \ImmGen$operandCollector.collectorUnit_4.imm..
Finding unused cells or wires in module \ImmGen$operandCollector.collectorUnit_3.imm..
Finding unused cells or wires in module \ImmGen$operandCollector.collectorUnit_2.imm..
Finding unused cells or wires in module \ImmGen$operandCollector.collectorUnit_1.imm..
Finding unused cells or wires in module \ImmGen$operandCollector.collectorUnit.imm..
Finding unused cells or wires in module \DualIssueIO$operandCollector.issueUnit..
Finding unused cells or wires in module \instDemux$operandCollector.Demux..
Finding unused cells or wires in module \crossBar$operandCollector.crossBar..
Finding unused cells or wires in module \RegFileBank$operandCollector.RegFileBank_7..
Finding unused cells or wires in module \RegFileBank$operandCollector.RegFileBank_6..
Finding unused cells or wires in module \RegFileBank$operandCollector.RegFileBank_5..
Finding unused cells or wires in module \RegFileBank$operandCollector.RegFileBank_4..
Finding unused cells or wires in module \RegFileBank$operandCollector.RegFileBank_3..
Finding unused cells or wires in module \RegFileBank$operandCollector.RegFileBank_2..
Finding unused cells or wires in module \RegFileBank$operandCollector.RegFileBank_1..
Finding unused cells or wires in module \RegFileBank$operandCollector.RegFileBank..
Finding unused cells or wires in module \FloatRegFileBank$operandCollector.FloatRegFileBank_7..
Finding unused cells or wires in module \FloatRegFileBank$operandCollector.FloatRegFileBank_6..
Finding unused cells or wires in module \FloatRegFileBank$operandCollector.FloatRegFileBank_5..
Finding unused cells or wires in module \FloatRegFileBank$operandCollector.FloatRegFileBank_4..
Finding unused cells or wires in module \FloatRegFileBank$operandCollector.FloatRegFileBank_3..
Finding unused cells or wires in module \FloatRegFileBank$operandCollector.FloatRegFileBank_2..
Finding unused cells or wires in module \FloatRegFileBank$operandCollector.FloatRegFileBank_1..
Finding unused cells or wires in module \FloatRegFileBank$operandCollector.FloatRegFileBank..
Finding unused cells or wires in module \operandArbiter$operandCollector.Arbiter..
Finding unused cells or wires in module \collectorUnit$operandCollector.collectorUnit_7..
Finding unused cells or wires in module \collectorUnit$operandCollector.collectorUnit_6..
Finding unused cells or wires in module \collectorUnit$operandCollector.collectorUnit_5..
Finding unused cells or wires in module \collectorUnit$operandCollector.collectorUnit_4..
Finding unused cells or wires in module \collectorUnit$operandCollector.collectorUnit_3..
Finding unused cells or wires in module \collectorUnit$operandCollector.collectorUnit_2..
Finding unused cells or wires in module \collectorUnit$operandCollector.collectorUnit_1..
Finding unused cells or wires in module \collectorUnit$operandCollector.collectorUnit..
Finding unused cells or wires in module \operandCollector..
Removed 0 unused cells and 45449 unused wires.
<suppressed ~6329 debug messages>

6. Executing TECHMAP pass (map to technology primitives).

6.1. Executing Verilog-2005 frontend: ${REMOTE_HOME}/oss-cad-suite/lib/../share/yosys/techmap.v
Parsing Verilog input from `${REMOTE_HOME}/oss-cad-suite/lib/../share/yosys/techmap.v' to AST representation.
Generating RTLIL representation for module `\_90_simplemap_bool_ops'.
Generating RTLIL representation for module `\_90_simplemap_reduce_ops'.
Generating RTLIL representation for module `\_90_simplemap_logic_ops'.
Generating RTLIL representation for module `\_90_simplemap_compare_ops'.
Generating RTLIL representation for module `\_90_simplemap_various'.
Generating RTLIL representation for module `\_90_simplemap_registers'.
Generating RTLIL representation for module `\_90_shift_ops_shr_shl_sshl_sshr'.
Generating RTLIL representation for module `\_90_shift_shiftx'.
Generating RTLIL representation for module `\_90_fa'.
Generating RTLIL representation for module `\_90_lcu_brent_kung'.
Generating RTLIL representation for module `\_90_alu'.
Generating RTLIL representation for module `\_90_macc'.
Generating RTLIL representation for module `\_90_alumacc'.
Generating RTLIL representation for module `$__div_mod_u'.
Generating RTLIL representation for module `$__div_mod_trunc'.
Generating RTLIL representation for module `\_90_div'.
Generating RTLIL representation for module `\_90_mod'.
Generating RTLIL representation for module `$__div_mod_floor'.
Generating RTLIL representation for module `\_90_divfloor'.
Generating RTLIL representation for module `\_90_modfloor'.
Generating RTLIL representation for module `\_90_pow'.
Generating RTLIL representation for module `\_90_demux'.
Generating RTLIL representation for module `\_90_lut'.
Generating RTLIL representation for module `$connect'.
Generating RTLIL representation for module `$input_port'.
Successfully finished Verilog frontend.

6.2. Continuing TECHMAP pass.
Running "alumacc" on wrapper $extern:wrap:$add:Y_WIDTH=3:B_SIGNED=0:A_SIGNED=0:B_WIDTH=3:A_WIDTH=3:394426c56d1a028ba8fdd5469b163e04011def47.
Using template $extern:wrap:$add:Y_WIDTH=3:B_SIGNED=0:A_SIGNED=0:B_WIDTH=3:A_WIDTH=3:394426c56d1a028ba8fdd5469b163e04011def47 for cells of type $extern:wrap:$add:Y_WIDTH=3:B_SIGNED=0:A_SIGNED=0:B_WIDTH=3:A_WIDTH=3:394426c56d1a028ba8fdd5469b163e04011def47.
Running "alumacc" on wrapper $extern:wrap:$lt:Y_WIDTH=1:B_WIDTH=5:A_WIDTH=4:B_SIGNED=1:A_SIGNED=1:394426c56d1a028ba8fdd5469b163e04011def47.
Using template $extern:wrap:$lt:Y_WIDTH=1:B_WIDTH=5:A_WIDTH=4:B_SIGNED=1:A_SIGNED=1:394426c56d1a028ba8fdd5469b163e04011def47 for cells of type $extern:wrap:$lt:Y_WIDTH=1:B_WIDTH=5:A_WIDTH=4:B_SIGNED=1:A_SIGNED=1:394426c56d1a028ba8fdd5469b163e04011def47.
Using extmapper simplemap for cells of type $bmux.
Using extmapper simplemap for cells of type $mux.
Running "alumacc" on wrapper $extern:wrap:$add:Y_WIDTH=7:B_SIGNED=0:A_SIGNED=0:B_WIDTH=7:A_WIDTH=7:394426c56d1a028ba8fdd5469b163e04011def47.
Using template $extern:wrap:$add:Y_WIDTH=7:B_SIGNED=0:A_SIGNED=0:B_WIDTH=7:A_WIDTH=7:394426c56d1a028ba8fdd5469b163e04011def47 for cells of type $extern:wrap:$add:Y_WIDTH=7:B_SIGNED=0:A_SIGNED=0:B_WIDTH=7:A_WIDTH=7:394426c56d1a028ba8fdd5469b163e04011def47.
Using extmapper simplemap for cells of type $and.
Using extmapper simplemap for cells of type $reduce_or.
Using extmapper simplemap for cells of type $dff.
Using extmapper simplemap for cells of type $logic_not.
Using extmapper simplemap for cells of type $eq.
Using extmapper simplemap for cells of type $reduce_and.
Using template $paramod$dbcdc7e8aa1a4080cea2deda6fdc8772064f4d90\_90_alu for cells of type $alu.
Using extmapper simplemap for cells of type $xor.
Using template $paramod$6ebf5979d184f4defa9d45ad88572ad623cb8360\_90_alu for cells of type $alu.
Using template $paramod$78e969f2586efcf3a5b0b0440bcca0db83d5cca2\_90_alu for cells of type $alu.
Using extmapper simplemap for cells of type $not.
Using extmapper simplemap for cells of type $pos.
Using template $paramod\_90_fa\WIDTH=32'00000000000000000000000000000011 for cells of type $fa.
Using template $paramod\_90_lcu_brent_kung\WIDTH=32'00000000000000000000000000000011 for cells of type $lcu.
Using template $paramod\_90_fa\WIDTH=32'00000000000000000000000000000101 for cells of type $fa.
Using template $paramod\_90_lcu_brent_kung\WIDTH=32'00000000000000000000000000000101 for cells of type $lcu.
Using template $paramod\_90_fa\WIDTH=32'00000000000000000000000000000111 for cells of type $fa.
Using template $paramod\_90_lcu_brent_kung\WIDTH=32'00000000000000000000000000000111 for cells of type $lcu.
Using extmapper simplemap for cells of type $or.
Using extmapper simplemap for cells of type $ne.
Running "alumacc" on wrapper $extern:wrap:$lt:Y_WIDTH=1:B_WIDTH=4:A_WIDTH=3:B_SIGNED=1:A_SIGNED=1:394426c56d1a028ba8fdd5469b163e04011def47.
Using template $extern:wrap:$lt:Y_WIDTH=1:B_WIDTH=4:A_WIDTH=3:B_SIGNED=1:A_SIGNED=1:394426c56d1a028ba8fdd5469b163e04011def47 for cells of type $extern:wrap:$lt:Y_WIDTH=1:B_WIDTH=4:A_WIDTH=3:B_SIGNED=1:A_SIGNED=1:394426c56d1a028ba8fdd5469b163e04011def47.
Running "alumacc" on wrapper $extern:wrap:$add:Y_WIDTH=32:B_SIGNED=0:A_SIGNED=0:B_WIDTH=32:A_WIDTH=32:394426c56d1a028ba8fdd5469b163e04011def47.
Using template $extern:wrap:$add:Y_WIDTH=32:B_SIGNED=0:A_SIGNED=0:B_WIDTH=32:A_WIDTH=32:394426c56d1a028ba8fdd5469b163e04011def47 for cells of type $extern:wrap:$add:Y_WIDTH=32:B_SIGNED=0:A_SIGNED=0:B_WIDTH=32:A_WIDTH=32:394426c56d1a028ba8fdd5469b163e04011def47.
Using template $paramod$951377e52af94f063481e1cc0d2b0d04d4c16eb8\_90_alu for cells of type $alu.
Using template $paramod$fbc7873bff55778c0b3173955b7e4bce1d9d6834\_90_alu for cells of type $alu.
Using template $paramod\_90_fa\WIDTH=32'00000000000000000000000000000100 for cells of type $fa.
Using template $paramod\_90_lcu_brent_kung\WIDTH=32'00000000000000000000000000000100 for cells of type $lcu.
Using template $paramod\_90_fa\WIDTH=32'00000000000000000000000000100000 for cells of type $fa.
Using template $paramod\_90_lcu_brent_kung\WIDTH=32'00000000000000000000000000100000 for cells of type $lcu.
Running "alumacc" on wrapper $extern:wrap:$lt:Y_WIDTH=1:B_WIDTH=7:A_WIDTH=6:B_SIGNED=1:A_SIGNED=1:394426c56d1a028ba8fdd5469b163e04011def47.
Using template $extern:wrap:$lt:Y_WIDTH=1:B_WIDTH=7:A_WIDTH=6:B_SIGNED=1:A_SIGNED=1:394426c56d1a028ba8fdd5469b163e04011def47 for cells of type $extern:wrap:$lt:Y_WIDTH=1:B_WIDTH=7:A_WIDTH=6:B_SIGNED=1:A_SIGNED=1:394426c56d1a028ba8fdd5469b163e04011def47.
Running "alumacc" on wrapper $extern:wrap:$lt:Y_WIDTH=1:B_SIGNED=0:A_SIGNED=0:B_WIDTH=5:A_WIDTH=5:394426c56d1a028ba8fdd5469b163e04011def47.
Using template $extern:wrap:$lt:Y_WIDTH=1:B_SIGNED=0:A_SIGNED=0:B_WIDTH=5:A_WIDTH=5:394426c56d1a028ba8fdd5469b163e04011def47 for cells of type $extern:wrap:$lt:Y_WIDTH=1:B_SIGNED=0:A_SIGNED=0:B_WIDTH=5:A_WIDTH=5:394426c56d1a028ba8fdd5469b163e04011def47.
Using template $paramod$e220987722512cccf3ac0a29a948e22e694f8057\_90_alu for cells of type $alu.
Using template $paramod$b18e16801adf491a64caa0542270798e5d4ac6b6\_90_alu for cells of type $alu.
Running "alumacc" on wrapper $extern:wrap:$lt:Y_WIDTH=1:B_SIGNED=0:A_SIGNED=0:B_WIDTH=3:A_WIDTH=3:394426c56d1a028ba8fdd5469b163e04011def47.
Using template $extern:wrap:$lt:Y_WIDTH=1:B_SIGNED=0:A_SIGNED=0:B_WIDTH=3:A_WIDTH=3:394426c56d1a028ba8fdd5469b163e04011def47 for cells of type $extern:wrap:$lt:Y_WIDTH=1:B_SIGNED=0:A_SIGNED=0:B_WIDTH=3:A_WIDTH=3:394426c56d1a028ba8fdd5469b163e04011def47.
No more expansions possible.
<suppressed ~134025 debug messages>

7. Executing OPT_EXPR pass (perform const folding).
Optimizing module RRArbiter_16$operandCollector.issueUnit.arb_v.
<suppressed ~13861 debug messages>
Optimizing module RRArbiter_16$operandCollector.issueUnit.arb_x.
<suppressed ~13861 debug messages>
Optimizing module RRArbiter$operandCollector.Arbiter.bankArbiterVector_7.
<suppressed ~1001 debug messages>
Optimizing module RRArbiter$operandCollector.Arbiter.bankArbiterVector_6.
<suppressed ~1001 debug messages>
Optimizing module RRArbiter$operandCollector.Arbiter.bankArbiterVector_5.
<suppressed ~1001 debug messages>
Optimizing module RRArbiter$operandCollector.Arbiter.bankArbiterVector_4.
<suppressed ~1001 debug messages>
Optimizing module RRArbiter$operandCollector.Arbiter.bankArbiterVector_3.
<suppressed ~1001 debug messages>
Optimizing module RRArbiter$operandCollector.Arbiter.bankArbiterVector_2.
<suppressed ~1001 debug messages>
Optimizing module RRArbiter$operandCollector.Arbiter.bankArbiterVector_1.
<suppressed ~1001 debug messages>
Optimizing module RRArbiter$operandCollector.Arbiter.bankArbiterVector_0.
<suppressed ~1001 debug messages>
Optimizing module RRArbiter$operandCollector.Arbiter.bankArbiterScalar_7.
<suppressed ~1001 debug messages>
Optimizing module RRArbiter$operandCollector.Arbiter.bankArbiterScalar_6.
<suppressed ~1001 debug messages>
Optimizing module RRArbiter$operandCollector.Arbiter.bankArbiterScalar_5.
<suppressed ~1001 debug messages>
Optimizing module RRArbiter$operandCollector.Arbiter.bankArbiterScalar_4.
<suppressed ~1001 debug messages>
Optimizing module RRArbiter$operandCollector.Arbiter.bankArbiterScalar_3.
<suppressed ~1001 debug messages>
Optimizing module RRArbiter$operandCollector.Arbiter.bankArbiterScalar_2.
<suppressed ~1001 debug messages>
Optimizing module RRArbiter$operandCollector.Arbiter.bankArbiterScalar_1.
<suppressed ~1001 debug messages>
Optimizing module RRArbiter$operandCollector.Arbiter.bankArbiterScalar_0.
<suppressed ~1001 debug messages>
Optimizing module ImmGen$operandCollector.collectorUnit_7.imm.
<suppressed ~340 debug messages>
Optimizing module ImmGen$operandCollector.collectorUnit_6.imm.
<suppressed ~340 debug messages>
Optimizing module ImmGen$operandCollector.collectorUnit_5.imm.
<suppressed ~340 debug messages>
Optimizing module ImmGen$operandCollector.collectorUnit_4.imm.
<suppressed ~340 debug messages>
Optimizing module ImmGen$operandCollector.collectorUnit_3.imm.
<suppressed ~340 debug messages>
Optimizing module ImmGen$operandCollector.collectorUnit_2.imm.
<suppressed ~340 debug messages>
Optimizing module ImmGen$operandCollector.collectorUnit_1.imm.
<suppressed ~340 debug messages>
Optimizing module ImmGen$operandCollector.collectorUnit.imm.
<suppressed ~340 debug messages>
Optimizing module DualIssueIO$operandCollector.issueUnit.
Optimizing module instDemux$operandCollector.Demux.
<suppressed ~79 debug messages>
Optimizing module crossBar$operandCollector.crossBar.
<suppressed ~352 debug messages>
Optimizing module RegFileBank$operandCollector.RegFileBank_7.
Optimizing module RegFileBank$operandCollector.RegFileBank_6.
Optimizing module RegFileBank$operandCollector.RegFileBank_5.
Optimizing module RegFileBank$operandCollector.RegFileBank_4.
Optimizing module RegFileBank$operandCollector.RegFileBank_3.
Optimizing module RegFileBank$operandCollector.RegFileBank_2.
Optimizing module RegFileBank$operandCollector.RegFileBank_1.
Optimizing module RegFileBank$operandCollector.RegFileBank.
Optimizing module FloatRegFileBank$operandCollector.FloatRegFileBank_7.
Optimizing module FloatRegFileBank$operandCollector.FloatRegFileBank_6.
Optimizing module FloatRegFileBank$operandCollector.FloatRegFileBank_5.
Optimizing module FloatRegFileBank$operandCollector.FloatRegFileBank_4.
Optimizing module FloatRegFileBank$operandCollector.FloatRegFileBank_3.
Optimizing module FloatRegFileBank$operandCollector.FloatRegFileBank_2.
Optimizing module FloatRegFileBank$operandCollector.FloatRegFileBank_1.
Optimizing module FloatRegFileBank$operandCollector.FloatRegFileBank.
Optimizing module operandArbiter$operandCollector.Arbiter.
<suppressed ~528 debug messages>
Optimizing module collectorUnit$operandCollector.collectorUnit_7.
<suppressed ~23109 debug messages>
Optimizing module collectorUnit$operandCollector.collectorUnit_6.
<suppressed ~23109 debug messages>
Optimizing module collectorUnit$operandCollector.collectorUnit_5.
<suppressed ~23109 debug messages>
Optimizing module collectorUnit$operandCollector.collectorUnit_4.
<suppressed ~23109 debug messages>
Optimizing module collectorUnit$operandCollector.collectorUnit_3.
<suppressed ~23109 debug messages>
Optimizing module collectorUnit$operandCollector.collectorUnit_2.
<suppressed ~23109 debug messages>
Optimizing module collectorUnit$operandCollector.collectorUnit_1.
<suppressed ~23109 debug messages>
Optimizing module collectorUnit$operandCollector.collectorUnit.
<suppressed ~23109 debug messages>
Optimizing module operandCollector.
<suppressed ~287 debug messages>

8. Executing OPT_CLEAN pass (remove unused cells and wires).
Finding unused cells or wires in module \RRArbiter_16$operandCollector.issueUnit.arb_v..
Finding unused cells or wires in module \RRArbiter_16$operandCollector.issueUnit.arb_x..
Finding unused cells or wires in module \RRArbiter$operandCollector.Arbiter.bankArbiterVector_7..
Finding unused cells or wires in module \RRArbiter$operandCollector.Arbiter.bankArbiterVector_6..
Finding unused cells or wires in module \RRArbiter$operandCollector.Arbiter.bankArbiterVector_5..
Finding unused cells or wires in module \RRArbiter$operandCollector.Arbiter.bankArbiterVector_4..
Finding unused cells or wires in module \RRArbiter$operandCollector.Arbiter.bankArbiterVector_3..
Finding unused cells or wires in module \RRArbiter$operandCollector.Arbiter.bankArbiterVector_2..
Finding unused cells or wires in module \RRArbiter$operandCollector.Arbiter.bankArbiterVector_1..
Finding unused cells or wires in module \RRArbiter$operandCollector.Arbiter.bankArbiterVector_0..
Finding unused cells or wires in module \RRArbiter$operandCollector.Arbiter.bankArbiterScalar_7..
Finding unused cells or wires in module \RRArbiter$operandCollector.Arbiter.bankArbiterScalar_6..
Finding unused cells or wires in module \RRArbiter$operandCollector.Arbiter.bankArbiterScalar_5..
Finding unused cells or wires in module \RRArbiter$operandCollector.Arbiter.bankArbiterScalar_4..
Finding unused cells or wires in module \RRArbiter$operandCollector.Arbiter.bankArbiterScalar_3..
Finding unused cells or wires in module \RRArbiter$operandCollector.Arbiter.bankArbiterScalar_2..
Finding unused cells or wires in module \RRArbiter$operandCollector.Arbiter.bankArbiterScalar_1..
Finding unused cells or wires in module \RRArbiter$operandCollector.Arbiter.bankArbiterScalar_0..
Finding unused cells or wires in module \ImmGen$operandCollector.collectorUnit_7.imm..
Finding unused cells or wires in module \ImmGen$operandCollector.collectorUnit_6.imm..
Finding unused cells or wires in module \ImmGen$operandCollector.collectorUnit_5.imm..
Finding unused cells or wires in module \ImmGen$operandCollector.collectorUnit_4.imm..
Finding unused cells or wires in module \ImmGen$operandCollector.collectorUnit_3.imm..
Finding unused cells or wires in module \ImmGen$operandCollector.collectorUnit_2.imm..
Finding unused cells or wires in module \ImmGen$operandCollector.collectorUnit_1.imm..
Finding unused cells or wires in module \ImmGen$operandCollector.collectorUnit.imm..
Finding unused cells or wires in module \DualIssueIO$operandCollector.issueUnit..
Finding unused cells or wires in module \instDemux$operandCollector.Demux..
Finding unused cells or wires in module \crossBar$operandCollector.crossBar..
Finding unused cells or wires in module \RegFileBank$operandCollector.RegFileBank_7..
Finding unused cells or wires in module \RegFileBank$operandCollector.RegFileBank_6..
Finding unused cells or wires in module \RegFileBank$operandCollector.RegFileBank_5..
Finding unused cells or wires in module \RegFileBank$operandCollector.RegFileBank_4..
Finding unused cells or wires in module \RegFileBank$operandCollector.RegFileBank_3..
Finding unused cells or wires in module \RegFileBank$operandCollector.RegFileBank_2..
Finding unused cells or wires in module \RegFileBank$operandCollector.RegFileBank_1..
Finding unused cells or wires in module \RegFileBank$operandCollector.RegFileBank..
Finding unused cells or wires in module \FloatRegFileBank$operandCollector.FloatRegFileBank_7..
Finding unused cells or wires in module \FloatRegFileBank$operandCollector.FloatRegFileBank_6..
Finding unused cells or wires in module \FloatRegFileBank$operandCollector.FloatRegFileBank_5..
Finding unused cells or wires in module \FloatRegFileBank$operandCollector.FloatRegFileBank_4..
Finding unused cells or wires in module \FloatRegFileBank$operandCollector.FloatRegFileBank_3..
Finding unused cells or wires in module \FloatRegFileBank$operandCollector.FloatRegFileBank_2..
Finding unused cells or wires in module \FloatRegFileBank$operandCollector.FloatRegFileBank_1..
Finding unused cells or wires in module \FloatRegFileBank$operandCollector.FloatRegFileBank..
Finding unused cells or wires in module \operandArbiter$operandCollector.Arbiter..
Finding unused cells or wires in module \collectorUnit$operandCollector.collectorUnit_7..
Finding unused cells or wires in module \collectorUnit$operandCollector.collectorUnit_6..
Finding unused cells or wires in module \collectorUnit$operandCollector.collectorUnit_5..
Finding unused cells or wires in module \collectorUnit$operandCollector.collectorUnit_4..
Finding unused cells or wires in module \collectorUnit$operandCollector.collectorUnit_3..
Finding unused cells or wires in module \collectorUnit$operandCollector.collectorUnit_2..
Finding unused cells or wires in module \collectorUnit$operandCollector.collectorUnit_1..
Finding unused cells or wires in module \collectorUnit$operandCollector.collectorUnit..
Finding unused cells or wires in module \operandCollector..
Removed 13808 unused cells and 124122 unused wires.
<suppressed ~13871 debug messages>

9. Executing DFFLIBMAP pass (mapping DFF cells to sequential cells from liberty file).
  cell DFFLQNx1_ASAP7_75t_R (inv, pins=3, area=0.29) is a direct match for cell type $_DFF_N_.
  cell DFFHQNx1_ASAP7_75t_R (inv, pins=3, area=0.29) is a direct match for cell type $_DFF_P_.
  cell DFFASRHQNx1_ASAP7_75t_R (inv, pins=5, area=0.38) is a direct match for cell type $_DFFSR_PNN_.
  final dff cell mappings:
    \DFFLQNx1_ASAP7_75t_R _DFF_N_ (.CLK( C), .D( D), .QN(~Q));
    \DFFHQNx1_ASAP7_75t_R _DFF_P_ (.CLK( C), .D( D), .QN(~Q));
    unmapped dff cell: $_DFF_NN0_
    unmapped dff cell: $_DFF_NN1_
    unmapped dff cell: $_DFF_NP0_
    unmapped dff cell: $_DFF_NP1_
    unmapped dff cell: $_DFF_PN0_
    unmapped dff cell: $_DFF_PN1_
    unmapped dff cell: $_DFF_PP0_
    unmapped dff cell: $_DFF_PP1_
    unmapped dff cell: $_DFFE_NN_
    unmapped dff cell: $_DFFE_NP_
    unmapped dff cell: $_DFFE_PN_
    unmapped dff cell: $_DFFE_PP_
    unmapped dff cell: $_DFFSR_NNN_
    unmapped dff cell: $_DFFSR_NNP_
    unmapped dff cell: $_DFFSR_NPN_
    unmapped dff cell: $_DFFSR_NPP_
    \DFFASRHQNx1_ASAP7_75t_R _DFFSR_PNN_ (.CLK( C), .D( D), .QN(~Q), .RESETN( R), .SETN( S));
    unmapped dff cell: $_DFFSR_PNP_
    unmapped dff cell: $_DFFSR_PPN_
    unmapped dff cell: $_DFFSR_PPP_

9.1. Executing DFFLEGALIZE pass (convert FFs to types supported by the target).
<suppressed ~8 debug messages>
Mapping DFF cells in module `\RRArbiter_16$operandCollector.issueUnit.arb_v':
  mapped 3 $_DFF_P_ cells to \DFFHQNx1_ASAP7_75t_R cells.
Mapping DFF cells in module `\RRArbiter_16$operandCollector.issueUnit.arb_x':
  mapped 3 $_DFF_P_ cells to \DFFHQNx1_ASAP7_75t_R cells.
Mapping DFF cells in module `\RRArbiter$operandCollector.Arbiter.bankArbiterVector_7':
  mapped 5 $_DFF_P_ cells to \DFFHQNx1_ASAP7_75t_R cells.
Mapping DFF cells in module `\RRArbiter$operandCollector.Arbiter.bankArbiterVector_6':
  mapped 5 $_DFF_P_ cells to \DFFHQNx1_ASAP7_75t_R cells.
Mapping DFF cells in module `\RRArbiter$operandCollector.Arbiter.bankArbiterVector_5':
  mapped 5 $_DFF_P_ cells to \DFFHQNx1_ASAP7_75t_R cells.
Mapping DFF cells in module `\RRArbiter$operandCollector.Arbiter.bankArbiterVector_4':
  mapped 5 $_DFF_P_ cells to \DFFHQNx1_ASAP7_75t_R cells.
Mapping DFF cells in module `\RRArbiter$operandCollector.Arbiter.bankArbiterVector_3':
  mapped 5 $_DFF_P_ cells to \DFFHQNx1_ASAP7_75t_R cells.
Mapping DFF cells in module `\RRArbiter$operandCollector.Arbiter.bankArbiterVector_2':
  mapped 5 $_DFF_P_ cells to \DFFHQNx1_ASAP7_75t_R cells.
Mapping DFF cells in module `\RRArbiter$operandCollector.Arbiter.bankArbiterVector_1':
  mapped 5 $_DFF_P_ cells to \DFFHQNx1_ASAP7_75t_R cells.
Mapping DFF cells in module `\RRArbiter$operandCollector.Arbiter.bankArbiterVector_0':
  mapped 5 $_DFF_P_ cells to \DFFHQNx1_ASAP7_75t_R cells.
Mapping DFF cells in module `\RRArbiter$operandCollector.Arbiter.bankArbiterScalar_7':
  mapped 5 $_DFF_P_ cells to \DFFHQNx1_ASAP7_75t_R cells.
Mapping DFF cells in module `\RRArbiter$operandCollector.Arbiter.bankArbiterScalar_6':
  mapped 5 $_DFF_P_ cells to \DFFHQNx1_ASAP7_75t_R cells.
Mapping DFF cells in module `\RRArbiter$operandCollector.Arbiter.bankArbiterScalar_5':
  mapped 5 $_DFF_P_ cells to \DFFHQNx1_ASAP7_75t_R cells.
Mapping DFF cells in module `\RRArbiter$operandCollector.Arbiter.bankArbiterScalar_4':
  mapped 5 $_DFF_P_ cells to \DFFHQNx1_ASAP7_75t_R cells.
Mapping DFF cells in module `\RRArbiter$operandCollector.Arbiter.bankArbiterScalar_3':
  mapped 5 $_DFF_P_ cells to \DFFHQNx1_ASAP7_75t_R cells.
Mapping DFF cells in module `\RRArbiter$operandCollector.Arbiter.bankArbiterScalar_2':
  mapped 5 $_DFF_P_ cells to \DFFHQNx1_ASAP7_75t_R cells.
Mapping DFF cells in module `\RRArbiter$operandCollector.Arbiter.bankArbiterScalar_1':
  mapped 5 $_DFF_P_ cells to \DFFHQNx1_ASAP7_75t_R cells.
Mapping DFF cells in module `\RRArbiter$operandCollector.Arbiter.bankArbiterScalar_0':
  mapped 5 $_DFF_P_ cells to \DFFHQNx1_ASAP7_75t_R cells.
Mapping DFF cells in module `\ImmGen$operandCollector.collectorUnit_7.imm':
Mapping DFF cells in module `\ImmGen$operandCollector.collectorUnit_6.imm':
Mapping DFF cells in module `\ImmGen$operandCollector.collectorUnit_5.imm':
Mapping DFF cells in module `\ImmGen$operandCollector.collectorUnit_4.imm':
Mapping DFF cells in module `\ImmGen$operandCollector.collectorUnit_3.imm':
Mapping DFF cells in module `\ImmGen$operandCollector.collectorUnit_2.imm':
Mapping DFF cells in module `\ImmGen$operandCollector.collectorUnit_1.imm':
Mapping DFF cells in module `\ImmGen$operandCollector.collectorUnit.imm':
Mapping DFF cells in module `\DualIssueIO$operandCollector.issueUnit':
Mapping DFF cells in module `\instDemux$operandCollector.Demux':
Mapping DFF cells in module `\crossBar$operandCollector.crossBar':
Mapping DFF cells in module `\RegFileBank$operandCollector.RegFileBank_7':
  mapped 33 $_DFF_P_ cells to \DFFHQNx1_ASAP7_75t_R cells.
Mapping DFF cells in module `\RegFileBank$operandCollector.RegFileBank_6':
  mapped 33 $_DFF_P_ cells to \DFFHQNx1_ASAP7_75t_R cells.
Mapping DFF cells in module `\RegFileBank$operandCollector.RegFileBank_5':
  mapped 33 $_DFF_P_ cells to \DFFHQNx1_ASAP7_75t_R cells.
Mapping DFF cells in module `\RegFileBank$operandCollector.RegFileBank_4':
  mapped 33 $_DFF_P_ cells to \DFFHQNx1_ASAP7_75t_R cells.
Mapping DFF cells in module `\RegFileBank$operandCollector.RegFileBank_3':
  mapped 33 $_DFF_P_ cells to \DFFHQNx1_ASAP7_75t_R cells.
Mapping DFF cells in module `\RegFileBank$operandCollector.RegFileBank_2':
  mapped 33 $_DFF_P_ cells to \DFFHQNx1_ASAP7_75t_R cells.
Mapping DFF cells in module `\RegFileBank$operandCollector.RegFileBank_1':
  mapped 33 $_DFF_P_ cells to \DFFHQNx1_ASAP7_75t_R cells.
Mapping DFF cells in module `\RegFileBank$operandCollector.RegFileBank':
  mapped 33 $_DFF_P_ cells to \DFFHQNx1_ASAP7_75t_R cells.
Mapping DFF cells in module `\FloatRegFileBank$operandCollector.FloatRegFileBank_7':
  mapped 1025 $_DFF_P_ cells to \DFFHQNx1_ASAP7_75t_R cells.
Mapping DFF cells in module `\FloatRegFileBank$operandCollector.FloatRegFileBank_6':
  mapped 1025 $_DFF_P_ cells to \DFFHQNx1_ASAP7_75t_R cells.
Mapping DFF cells in module `\FloatRegFileBank$operandCollector.FloatRegFileBank_5':
  mapped 1025 $_DFF_P_ cells to \DFFHQNx1_ASAP7_75t_R cells.
Mapping DFF cells in module `\FloatRegFileBank$operandCollector.FloatRegFileBank_4':
  mapped 1025 $_DFF_P_ cells to \DFFHQNx1_ASAP7_75t_R cells.
Mapping DFF cells in module `\FloatRegFileBank$operandCollector.FloatRegFileBank_3':
  mapped 1025 $_DFF_P_ cells to \DFFHQNx1_ASAP7_75t_R cells.
Mapping DFF cells in module `\FloatRegFileBank$operandCollector.FloatRegFileBank_2':
  mapped 1025 $_DFF_P_ cells to \DFFHQNx1_ASAP7_75t_R cells.
Mapping DFF cells in module `\FloatRegFileBank$operandCollector.FloatRegFileBank_1':
  mapped 1025 $_DFF_P_ cells to \DFFHQNx1_ASAP7_75t_R cells.
Mapping DFF cells in module `\FloatRegFileBank$operandCollector.FloatRegFileBank':
  mapped 1025 $_DFF_P_ cells to \DFFHQNx1_ASAP7_75t_R cells.
Mapping DFF cells in module `\operandArbiter$operandCollector.Arbiter':
Mapping DFF cells in module `\collectorUnit$operandCollector.collectorUnit_7':
  mapped 3373 $_DFF_P_ cells to \DFFHQNx1_ASAP7_75t_R cells.
Mapping DFF cells in module `\collectorUnit$operandCollector.collectorUnit_6':
  mapped 3373 $_DFF_P_ cells to \DFFHQNx1_ASAP7_75t_R cells.
Mapping DFF cells in module `\collectorUnit$operandCollector.collectorUnit_5':
  mapped 3373 $_DFF_P_ cells to \DFFHQNx1_ASAP7_75t_R cells.
Mapping DFF cells in module `\collectorUnit$operandCollector.collectorUnit_4':
  mapped 3373 $_DFF_P_ cells to \DFFHQNx1_ASAP7_75t_R cells.
Mapping DFF cells in module `\collectorUnit$operandCollector.collectorUnit_3':
  mapped 3373 $_DFF_P_ cells to \DFFHQNx1_ASAP7_75t_R cells.
Mapping DFF cells in module `\collectorUnit$operandCollector.collectorUnit_2':
  mapped 3373 $_DFF_P_ cells to \DFFHQNx1_ASAP7_75t_R cells.
Mapping DFF cells in module `\collectorUnit$operandCollector.collectorUnit_1':
  mapped 3373 $_DFF_P_ cells to \DFFHQNx1_ASAP7_75t_R cells.
Mapping DFF cells in module `\collectorUnit$operandCollector.collectorUnit':
  mapped 3373 $_DFF_P_ cells to \DFFHQNx1_ASAP7_75t_R cells.
Mapping DFF cells in module `\operandCollector':
  mapped 96 $_DFF_P_ cells to \DFFHQNx1_ASAP7_75t_R cells.

10. Executing ABC pass (technology mapping using ABC).

10.1. Extracting gate netlist of module `\RRArbiter_16$operandCollector.issueUnit.arb_v' to `<abc-temp-dir>/input.blif'..
ABC: using cached merged SCL: /tmp/yosys-liberty-scl-cache/yosys_merged_f4fcd93b.scl (1 files)
Replacing 84 occurrences of constant undef bits with constant zero bits

10.1.1. Executed ABC.
Extracted 23563 gates and 50234 wires to a netlist network with 26668 inputs and 3344 outputs.
Running ABC script: <abc-temp-dir>/abc.script
ABC: UC Berkeley, ABC 1.01 (compiled Jun  3 2026 15:06:41)
ABC: abc 01> empty
ABC: abc 01> source <abc-temp-dir>/abc.script
ABC: + read_blif <abc-temp-dir>/input.blif 
ABC: + read_scl /tmp/yosys-liberty-scl-cache/yosys_merged_f4fcd93b.scl 
ABC: Warning: Detected 2 multi-output cells (for example, "FAx1_ASAP7_75t_R").
ABC: + strash 
ABC: + &get -n 
ABC: + &fraig -x 
ABC: + &put 
ABC: + scorr 
ABC: Warning: The network is combinational (run "fraig" or "fraig_sweep").
ABC: + dc2 
ABC: + dretime 
ABC: + retime -o -D 1000 
ABC: + strash 
ABC: + &get -n 
ABC: + &dch -f 
ABC: + &nf -D 1000 
ABC: + &put 
ABC: + write_blif <abc-temp-dir>/output.blif 
ABC: 
ABC: YOSYS_ABC_DONE 

10.1.2. Re-integrating ABC results.
ABC RESULTS:   A2O1A1Ixp33_ASAP7_75t_R cells:       94
ABC RESULTS:   A2O1A1O1Ixp25_ASAP7_75t_R cells:        5
ABC RESULTS:   AND2x2_ASAP7_75t_R cells:     6666
ABC RESULTS:   AND3x1_ASAP7_75t_R cells:        1
ABC RESULTS:   AND4x1_ASAP7_75t_R cells:        1
ABC RESULTS:   AO21x1_ASAP7_75t_R cells:     3333
ABC RESULTS:   AOI211xp5_ASAP7_75t_R cells:     6664
ABC RESULTS:   AOI21xp33_ASAP7_75t_R cells:        4
ABC RESULTS:   AOI311xp33_ASAP7_75t_R cells:     3244
ABC RESULTS:   AOI31xp33_ASAP7_75t_R cells:     3244
ABC RESULTS:   INVx1_ASAP7_75t_R cells:        7
ABC RESULTS:   NAND2xp33_ASAP7_75t_R cells:    12985
ABC RESULTS:   NAND3xp33_ASAP7_75t_R cells:        2
ABC RESULTS:   NAND4xp25_ASAP7_75t_R cells:        1
ABC RESULTS:   NOR2xp33_ASAP7_75t_R cells:      189
ABC RESULTS:   NOR3xp33_ASAP7_75t_R cells:        1
ABC RESULTS:   NOR4xp25_ASAP7_75t_R cells:        2
ABC RESULTS:   O2A1O1Ixp33_ASAP7_75t_R cells:       95
ABC RESULTS:   OA211x2_ASAP7_75t_R cells:        3
ABC RESULTS:   OA21x2_ASAP7_75t_R cells:        2
ABC RESULTS:   OAI211xp5_ASAP7_75t_R cells:        4
ABC RESULTS:   OAI21xp33_ASAP7_75t_R cells:        1
ABC RESULTS:   OAI311xp33_ASAP7_75t_R cells:        1
ABC RESULTS:   OAI31xp33_ASAP7_75t_R cells:       91
ABC RESULTS:   OAI32xp33_ASAP7_75t_R cells:        1
ABC RESULTS:   OR2x2_ASAP7_75t_R cells:        1
ABC RESULTS:   OR3x1_ASAP7_75t_R cells:        1
ABC RESULTS:   OR4x1_ASAP7_75t_R cells:        1
ABC RESULTS:        internal signals:    20222
ABC RESULTS:           input signals:    26668
ABC RESULTS:          output signals:     3344
Removing temp directory.

10.2. Extracting gate netlist of module `\RRArbiter_16$operandCollector.issueUnit.arb_x' to `<abc-temp-dir>/input.blif'..
ABC: using cached merged SCL: /tmp/yosys-liberty-scl-cache/yosys_merged_f4fcd93b.scl (1 files)
Replacing 84 occurrences of constant undef bits with constant zero bits

10.2.1. Executed ABC.
Extracted 23563 gates and 50234 wires to a netlist network with 26668 inputs and 3344 outputs.
Running ABC script: <abc-temp-dir>/abc.script
ABC: UC Berkeley, ABC 1.01 (compiled Jun  3 2026 15:06:41)
ABC: abc 01> empty
ABC: abc 01> source <abc-temp-dir>/abc.script
ABC: + read_blif <abc-temp-dir>/input.blif 
ABC: + read_scl /tmp/yosys-liberty-scl-cache/yosys_merged_f4fcd93b.scl 
ABC: Warning: Detected 2 multi-output cells (for example, "FAx1_ASAP7_75t_R").
ABC: + strash 
ABC: + &get -n 
ABC: + &fraig -x 
ABC: + &put 
ABC: + scorr 
ABC: Warning: The network is combinational (run "fraig" or "fraig_sweep").
ABC: + dc2 
ABC: + dretime 
ABC: + retime -o -D 1000 
ABC: + strash 
ABC: + &get -n 
ABC: + &dch -f 
ABC: + &nf -D 1000 
ABC: + &put 
ABC: + write_blif <abc-temp-dir>/output.blif 
ABC: 
ABC: YOSYS_ABC_DONE 

10.2.2. Re-integrating ABC results.
ABC RESULTS:   A2O1A1Ixp33_ASAP7_75t_R cells:       94
ABC RESULTS:   A2O1A1O1Ixp25_ASAP7_75t_R cells:        5
ABC RESULTS:   AND2x2_ASAP7_75t_R cells:     6666
ABC RESULTS:   AND3x1_ASAP7_75t_R cells:        1
ABC RESULTS:   AND4x1_ASAP7_75t_R cells:        1
ABC RESULTS:   AO21x1_ASAP7_75t_R cells:     3333
ABC RESULTS:   AOI211xp5_ASAP7_75t_R cells:     6664
ABC RESULTS:   AOI21xp33_ASAP7_75t_R cells:        4
ABC RESULTS:   AOI311xp33_ASAP7_75t_R cells:     3244
ABC RESULTS:   AOI31xp33_ASAP7_75t_R cells:     3244
ABC RESULTS:   INVx1_ASAP7_75t_R cells:        7
ABC RESULTS:   NAND2xp33_ASAP7_75t_R cells:    12985
ABC RESULTS:   NAND3xp33_ASAP7_75t_R cells:        2
ABC RESULTS:   NAND4xp25_ASAP7_75t_R cells:        1
ABC RESULTS:   NOR2xp33_ASAP7_75t_R cells:      189
ABC RESULTS:   NOR3xp33_ASAP7_75t_R cells:        1
ABC RESULTS:   NOR4xp25_ASAP7_75t_R cells:        2
ABC RESULTS:   O2A1O1Ixp33_ASAP7_75t_R cells:       95
ABC RESULTS:   OA211x2_ASAP7_75t_R cells:        3
ABC RESULTS:   OA21x2_ASAP7_75t_R cells:        2
ABC RESULTS:   OAI211xp5_ASAP7_75t_R cells:        4
ABC RESULTS:   OAI21xp33_ASAP7_75t_R cells:        1
ABC RESULTS:   OAI311xp33_ASAP7_75t_R cells:        1
ABC RESULTS:   OAI31xp33_ASAP7_75t_R cells:       91
ABC RESULTS:   OAI32xp33_ASAP7_75t_R cells:        1
ABC RESULTS:   OR2x2_ASAP7_75t_R cells:        1
ABC RESULTS:   OR3x1_ASAP7_75t_R cells:        1
ABC RESULTS:   OR4x1_ASAP7_75t_R cells:        1
ABC RESULTS:        internal signals:    20222
ABC RESULTS:           input signals:    26668
ABC RESULTS:          output signals:     3344
Removing temp directory.

10.3. Extracting gate netlist of module `\RRArbiter$operandCollector.Arbiter.bankArbiterVector_7' to `<abc-temp-dir>/input.blif'..
ABC: using cached merged SCL: /tmp/yosys-liberty-scl-cache/yosys_merged_f4fcd93b.scl (1 files)
Replacing 1380 occurrences of constant undef bits with constant zero bits

10.3.1. Executed ABC.
Extracted 2161 gates and 2417 wires to a netlist network with 253 inputs and 18 outputs.
Running ABC script: <abc-temp-dir>/abc.script
ABC: UC Berkeley, ABC 1.01 (compiled Jun  3 2026 15:06:41)
ABC: abc 01> empty
ABC: abc 01> source <abc-temp-dir>/abc.script
ABC: + read_blif <abc-temp-dir>/input.blif 
ABC: + read_scl /tmp/yosys-liberty-scl-cache/yosys_merged_f4fcd93b.scl 
ABC: Warning: Detected 2 multi-output cells (for example, "FAx1_ASAP7_75t_R").
ABC: + strash 
ABC: + &get -n 
ABC: + &fraig -x 
ABC: + &put 
ABC: + scorr 
ABC: Warning: The network is combinational (run "fraig" or "fraig_sweep").
ABC: + dc2 
ABC: + dretime 
ABC: + retime -o -D 1000 
ABC: + strash 
ABC: + &get -n 
ABC: + &dch -f 
ABC: + &nf -D 1000 
ABC: + &put 
ABC: + write_blif <abc-temp-dir>/output.blif 
ABC: 
ABC: YOSYS_ABC_DONE 

10.3.2. Re-integrating ABC results.
ABC RESULTS:   A2O1A1Ixp33_ASAP7_75t_R cells:       25
ABC RESULTS:   A2O1A1O1Ixp25_ASAP7_75t_R cells:       11
ABC RESULTS:   AND2x2_ASAP7_75t_R cells:       66
ABC RESULTS:   AND3x1_ASAP7_75t_R cells:        7
ABC RESULTS:   AND4x1_ASAP7_75t_R cells:        2
ABC RESULTS:   AO21x1_ASAP7_75t_R cells:        5
ABC RESULTS:   AOI211xp5_ASAP7_75t_R cells:       51
ABC RESULTS:   AOI21xp33_ASAP7_75t_R cells:       22
ABC RESULTS:   AOI311xp33_ASAP7_75t_R cells:       27
ABC RESULTS:   INVx1_ASAP7_75t_R cells:       24
ABC RESULTS:   NAND2xp33_ASAP7_75t_R cells:       86
ABC RESULTS:   NAND3xp33_ASAP7_75t_R cells:       22
ABC RESULTS:   NAND4xp25_ASAP7_75t_R cells:        4
ABC RESULTS:   NOR2xp33_ASAP7_75t_R cells:       69
ABC RESULTS:   NOR3xp33_ASAP7_75t_R cells:       22
ABC RESULTS:   NOR4xp25_ASAP7_75t_R cells:        3
ABC RESULTS:   NOR5xp2_ASAP7_75t_R cells:        1
ABC RESULTS:   O2A1O1Ixp33_ASAP7_75t_R cells:       11
ABC RESULTS:   OA211x2_ASAP7_75t_R cells:        5
ABC RESULTS:   OA21x2_ASAP7_75t_R cells:        5
ABC RESULTS:   OAI211xp5_ASAP7_75t_R cells:        5
ABC RESULTS:   OAI21xp33_ASAP7_75t_R cells:       13
ABC RESULTS:   OAI22xp33_ASAP7_75t_R cells:        9
ABC RESULTS:   OAI311xp33_ASAP7_75t_R cells:       14
ABC RESULTS:   OAI31xp33_ASAP7_75t_R cells:       20
ABC RESULTS:   OAI32xp33_ASAP7_75t_R cells:        2
ABC RESULTS:   OR2x2_ASAP7_75t_R cells:        6
ABC RESULTS:   OR3x1_ASAP7_75t_R cells:        5
ABC RESULTS:   OR4x1_ASAP7_75t_R cells:        1
ABC RESULTS:        internal signals:     2146
ABC RESULTS:           input signals:      253
ABC RESULTS:          output signals:       18
Removing temp directory.

10.4. Extracting gate netlist of module `\RRArbiter$operandCollector.Arbiter.bankArbiterVector_6' to `<abc-temp-dir>/input.blif'..
ABC: using cached merged SCL: /tmp/yosys-liberty-scl-cache/yosys_merged_f4fcd93b.scl (1 files)
Replacing 1380 occurrences of constant undef bits with constant zero bits

10.4.1. Executed ABC.
Extracted 2161 gates and 2417 wires to a netlist network with 253 inputs and 18 outputs.
Running ABC script: <abc-temp-dir>/abc.script
ABC: UC Berkeley, ABC 1.01 (compiled Jun  3 2026 15:06:41)
ABC: abc 01> empty
ABC: abc 01> source <abc-temp-dir>/abc.script
ABC: + read_blif <abc-temp-dir>/input.blif 
ABC: + read_scl /tmp/yosys-liberty-scl-cache/yosys_merged_f4fcd93b.scl 
ABC: Warning: Detected 2 multi-output cells (for example, "FAx1_ASAP7_75t_R").
ABC: + strash 
ABC: + &get -n 
ABC: + &fraig -x 
ABC: + &put 
ABC: + scorr 
ABC: Warning: The network is combinational (run "fraig" or "fraig_sweep").
ABC: + dc2 
ABC: + dretime 
ABC: + retime -o -D 1000 
ABC: + strash 
ABC: + &get -n 
ABC: + &dch -f 
ABC: + &nf -D 1000 
ABC: + &put 
ABC: + write_blif <abc-temp-dir>/output.blif 
ABC: 
ABC: YOSYS_ABC_DONE 

10.4.2. Re-integrating ABC results.
ABC RESULTS:   A2O1A1Ixp33_ASAP7_75t_R cells:       25
ABC RESULTS:   A2O1A1O1Ixp25_ASAP7_75t_R cells:       11
ABC RESULTS:   AND2x2_ASAP7_75t_R cells:       66
ABC RESULTS:   AND3x1_ASAP7_75t_R cells:        7
ABC RESULTS:   AND4x1_ASAP7_75t_R cells:        2
ABC RESULTS:   AO21x1_ASAP7_75t_R cells:        5
ABC RESULTS:   AOI211xp5_ASAP7_75t_R cells:       51
ABC RESULTS:   AOI21xp33_ASAP7_75t_R cells:       22
ABC RESULTS:   AOI311xp33_ASAP7_75t_R cells:       27
ABC RESULTS:   INVx1_ASAP7_75t_R cells:       24
ABC RESULTS:   NAND2xp33_ASAP7_75t_R cells:       86
ABC RESULTS:   NAND3xp33_ASAP7_75t_R cells:       22
ABC RESULTS:   NAND4xp25_ASAP7_75t_R cells:        4
ABC RESULTS:   NOR2xp33_ASAP7_75t_R cells:       69
ABC RESULTS:   NOR3xp33_ASAP7_75t_R cells:       22
ABC RESULTS:   NOR4xp25_ASAP7_75t_R cells:        3
ABC RESULTS:   NOR5xp2_ASAP7_75t_R cells:        1
ABC RESULTS:   O2A1O1Ixp33_ASAP7_75t_R cells:       11
ABC RESULTS:   OA211x2_ASAP7_75t_R cells:        5
ABC RESULTS:   OA21x2_ASAP7_75t_R cells:        5
ABC RESULTS:   OAI211xp5_ASAP7_75t_R cells:        5
ABC RESULTS:   OAI21xp33_ASAP7_75t_R cells:       13
ABC RESULTS:   OAI22xp33_ASAP7_75t_R cells:        9
ABC RESULTS:   OAI311xp33_ASAP7_75t_R cells:       14
ABC RESULTS:   OAI31xp33_ASAP7_75t_R cells:       20
ABC RESULTS:   OAI32xp33_ASAP7_75t_R cells:        2
ABC RESULTS:   OR2x2_ASAP7_75t_R cells:        6
ABC RESULTS:   OR3x1_ASAP7_75t_R cells:        5
ABC RESULTS:   OR4x1_ASAP7_75t_R cells:        1
ABC RESULTS:        internal signals:     2146
ABC RESULTS:           input signals:      253
ABC RESULTS:          output signals:       18
Removing temp directory.

10.5. Extracting gate netlist of module `\RRArbiter$operandCollector.Arbiter.bankArbiterVector_5' to `<abc-temp-dir>/input.blif'..
ABC: using cached merged SCL: /tmp/yosys-liberty-scl-cache/yosys_merged_f4fcd93b.scl (1 files)
Replacing 1380 occurrences of constant undef bits with constant zero bits

10.5.1. Executed ABC.
Extracted 2161 gates and 2417 wires to a netlist network with 253 inputs and 18 outputs.
Running ABC script: <abc-temp-dir>/abc.script
ABC: UC Berkeley, ABC 1.01 (compiled Jun  3 2026 15:06:41)
ABC: abc 01> empty
ABC: abc 01> source <abc-temp-dir>/abc.script
ABC: + read_blif <abc-temp-dir>/input.blif 
ABC: + read_scl /tmp/yosys-liberty-scl-cache/yosys_merged_f4fcd93b.scl 
ABC: Warning: Detected 2 multi-output cells (for example, "FAx1_ASAP7_75t_R").
ABC: + strash 
ABC: + &get -n 
ABC: + &fraig -x 
ABC: + &put 
ABC: + scorr 
ABC: Warning: The network is combinational (run "fraig" or "fraig_sweep").
ABC: + dc2 
ABC: + dretime 
ABC: + retime -o -D 1000 
ABC: + strash 
ABC: + &get -n 
ABC: + &dch -f 
ABC: + &nf -D 1000 
ABC: + &put 
ABC: + write_blif <abc-temp-dir>/output.blif 
ABC: 
ABC: YOSYS_ABC_DONE 

10.5.2. Re-integrating ABC results.
ABC RESULTS:   A2O1A1Ixp33_ASAP7_75t_R cells:       25
ABC RESULTS:   A2O1A1O1Ixp25_ASAP7_75t_R cells:       11
ABC RESULTS:   AND2x2_ASAP7_75t_R cells:       66
ABC RESULTS:   AND3x1_ASAP7_75t_R cells:        7
ABC RESULTS:   AND4x1_ASAP7_75t_R cells:        2
ABC RESULTS:   AO21x1_ASAP7_75t_R cells:        5
ABC RESULTS:   AOI211xp5_ASAP7_75t_R cells:       51
ABC RESULTS:   AOI21xp33_ASAP7_75t_R cells:       22
ABC RESULTS:   AOI311xp33_ASAP7_75t_R cells:       27
ABC RESULTS:   INVx1_ASAP7_75t_R cells:       24
ABC RESULTS:   NAND2xp33_ASAP7_75t_R cells:       86
ABC RESULTS:   NAND3xp33_ASAP7_75t_R cells:       22
ABC RESULTS:   NAND4xp25_ASAP7_75t_R cells:        4
ABC RESULTS:   NOR2xp33_ASAP7_75t_R cells:       69
ABC RESULTS:   NOR3xp33_ASAP7_75t_R cells:       22
ABC RESULTS:   NOR4xp25_ASAP7_75t_R cells:        3
ABC RESULTS:   NOR5xp2_ASAP7_75t_R cells:        1
ABC RESULTS:   O2A1O1Ixp33_ASAP7_75t_R cells:       11
ABC RESULTS:   OA211x2_ASAP7_75t_R cells:        5
ABC RESULTS:   OA21x2_ASAP7_75t_R cells:        5
ABC RESULTS:   OAI211xp5_ASAP7_75t_R cells:        5
ABC RESULTS:   OAI21xp33_ASAP7_75t_R cells:       13
ABC RESULTS:   OAI22xp33_ASAP7_75t_R cells:        9
ABC RESULTS:   OAI311xp33_ASAP7_75t_R cells:       14
ABC RESULTS:   OAI31xp33_ASAP7_75t_R cells:       20
ABC RESULTS:   OAI32xp33_ASAP7_75t_R cells:        2
ABC RESULTS:   OR2x2_ASAP7_75t_R cells:        6
ABC RESULTS:   OR3x1_ASAP7_75t_R cells:        5
ABC RESULTS:   OR4x1_ASAP7_75t_R cells:        1
ABC RESULTS:        internal signals:     2146
ABC RESULTS:           input signals:      253
ABC RESULTS:          output signals:       18
Removing temp directory.

10.6. Extracting gate netlist of module `\RRArbiter$operandCollector.Arbiter.bankArbiterVector_4' to `<abc-temp-dir>/input.blif'..
ABC: using cached merged SCL: /tmp/yosys-liberty-scl-cache/yosys_merged_f4fcd93b.scl (1 files)
Replacing 1380 occurrences of constant undef bits with constant zero bits

10.6.1. Executed ABC.
Extracted 2161 gates and 2417 wires to a netlist network with 253 inputs and 18 outputs.
Running ABC script: <abc-temp-dir>/abc.script
ABC: UC Berkeley, ABC 1.01 (compiled Jun  3 2026 15:06:41)
ABC: abc 01> empty
ABC: abc 01> source <abc-temp-dir>/abc.script
ABC: + read_blif <abc-temp-dir>/input.blif 
ABC: + read_scl /tmp/yosys-liberty-scl-cache/yosys_merged_f4fcd93b.scl 
ABC: Warning: Detected 2 multi-output cells (for example, "FAx1_ASAP7_75t_R").
ABC: + strash 
ABC: + &get -n 
ABC: + &fraig -x 
ABC: + &put 
ABC: + scorr 
ABC: Warning: The network is combinational (run "fraig" or "fraig_sweep").
ABC: + dc2 
ABC: + dretime 
ABC: + retime -o -D 1000 
ABC: + strash 
ABC: + &get -n 
ABC: + &dch -f 
ABC: + &nf -D 1000 
ABC: + &put 
ABC: + write_blif <abc-temp-dir>/output.blif 
ABC: 
ABC: YOSYS_ABC_DONE 

10.6.2. Re-integrating ABC results.
ABC RESULTS:   A2O1A1Ixp33_ASAP7_75t_R cells:       25
ABC RESULTS:   A2O1A1O1Ixp25_ASAP7_75t_R cells:       11
ABC RESULTS:   AND2x2_ASAP7_75t_R cells:       66
ABC RESULTS:   AND3x1_ASAP7_75t_R cells:        7
ABC RESULTS:   AND4x1_ASAP7_75t_R cells:        2
ABC RESULTS:   AO21x1_ASAP7_75t_R cells:        5
ABC RESULTS:   AOI211xp5_ASAP7_75t_R cells:       51
ABC RESULTS:   AOI21xp33_ASAP7_75t_R cells:       22
ABC RESULTS:   AOI311xp33_ASAP7_75t_R cells:       27
ABC RESULTS:   INVx1_ASAP7_75t_R cells:       24
ABC RESULTS:   NAND2xp33_ASAP7_75t_R cells:       86
ABC RESULTS:   NAND3xp33_ASAP7_75t_R cells:       22
ABC RESULTS:   NAND4xp25_ASAP7_75t_R cells:        4
ABC RESULTS:   NOR2xp33_ASAP7_75t_R cells:       69
ABC RESULTS:   NOR3xp33_ASAP7_75t_R cells:       22
ABC RESULTS:   NOR4xp25_ASAP7_75t_R cells:        3
ABC RESULTS:   NOR5xp2_ASAP7_75t_R cells:        1
ABC RESULTS:   O2A1O1Ixp33_ASAP7_75t_R cells:       11
ABC RESULTS:   OA211x2_ASAP7_75t_R cells:        5
ABC RESULTS:   OA21x2_ASAP7_75t_R cells:        5
ABC RESULTS:   OAI211xp5_ASAP7_75t_R cells:        5
ABC RESULTS:   OAI21xp33_ASAP7_75t_R cells:       13
ABC RESULTS:   OAI22xp33_ASAP7_75t_R cells:        9
ABC RESULTS:   OAI311xp33_ASAP7_75t_R cells:       14
ABC RESULTS:   OAI31xp33_ASAP7_75t_R cells:       20
ABC RESULTS:   OAI32xp33_ASAP7_75t_R cells:        2
ABC RESULTS:   OR2x2_ASAP7_75t_R cells:        6
ABC RESULTS:   OR3x1_ASAP7_75t_R cells:        5
ABC RESULTS:   OR4x1_ASAP7_75t_R cells:        1
ABC RESULTS:        internal signals:     2146
ABC RESULTS:           input signals:      253
ABC RESULTS:          output signals:       18
Removing temp directory.

10.7. Extracting gate netlist of module `\RRArbiter$operandCollector.Arbiter.bankArbiterVector_3' to `<abc-temp-dir>/input.blif'..
ABC: using cached merged SCL: /tmp/yosys-liberty-scl-cache/yosys_merged_f4fcd93b.scl (1 files)
Replacing 1380 occurrences of constant undef bits with constant zero bits

10.7.1. Executed ABC.
Extracted 2161 gates and 2417 wires to a netlist network with 253 inputs and 18 outputs.
Running ABC script: <abc-temp-dir>/abc.script
ABC: UC Berkeley, ABC 1.01 (compiled Jun  3 2026 15:06:41)
ABC: abc 01> empty
ABC: abc 01> source <abc-temp-dir>/abc.script
ABC: + read_blif <abc-temp-dir>/input.blif 
ABC: + read_scl /tmp/yosys-liberty-scl-cache/yosys_merged_f4fcd93b.scl 
ABC: Warning: Detected 2 multi-output cells (for example, "FAx1_ASAP7_75t_R").
ABC: + strash 
ABC: + &get -n 
ABC: + &fraig -x 
ABC: + &put 
ABC: + scorr 
ABC: Warning: The network is combinational (run "fraig" or "fraig_sweep").
ABC: + dc2 
ABC: + dretime 
ABC: + retime -o -D 1000 
ABC: + strash 
ABC: + &get -n 
ABC: + &dch -f 
ABC: + &nf -D 1000 
ABC: + &put 
ABC: + write_blif <abc-temp-dir>/output.blif 
ABC: 
ABC: YOSYS_ABC_DONE 

10.7.2. Re-integrating ABC results.
ABC RESULTS:   A2O1A1Ixp33_ASAP7_75t_R cells:       25
ABC RESULTS:   A2O1A1O1Ixp25_ASAP7_75t_R cells:       11
ABC RESULTS:   AND2x2_ASAP7_75t_R cells:       66
ABC RESULTS:   AND3x1_ASAP7_75t_R cells:        7
ABC RESULTS:   AND4x1_ASAP7_75t_R cells:        2
ABC RESULTS:   AO21x1_ASAP7_75t_R cells:        5
ABC RESULTS:   AOI211xp5_ASAP7_75t_R cells:       51
ABC RESULTS:   AOI21xp33_ASAP7_75t_R cells:       22
ABC RESULTS:   AOI311xp33_ASAP7_75t_R cells:       27
ABC RESULTS:   INVx1_ASAP7_75t_R cells:       24
ABC RESULTS:   NAND2xp33_ASAP7_75t_R cells:       86
ABC RESULTS:   NAND3xp33_ASAP7_75t_R cells:       22
ABC RESULTS:   NAND4xp25_ASAP7_75t_R cells:        4
ABC RESULTS:   NOR2xp33_ASAP7_75t_R cells:       69
ABC RESULTS:   NOR3xp33_ASAP7_75t_R cells:       22
ABC RESULTS:   NOR4xp25_ASAP7_75t_R cells:        3
ABC RESULTS:   NOR5xp2_ASAP7_75t_R cells:        1
ABC RESULTS:   O2A1O1Ixp33_ASAP7_75t_R cells:       11
ABC RESULTS:   OA211x2_ASAP7_75t_R cells:        5
ABC RESULTS:   OA21x2_ASAP7_75t_R cells:        5
ABC RESULTS:   OAI211xp5_ASAP7_75t_R cells:        5
ABC RESULTS:   OAI21xp33_ASAP7_75t_R cells:       13
ABC RESULTS:   OAI22xp33_ASAP7_75t_R cells:        9
ABC RESULTS:   OAI311xp33_ASAP7_75t_R cells:       14
ABC RESULTS:   OAI31xp33_ASAP7_75t_R cells:       20
ABC RESULTS:   OAI32xp33_ASAP7_75t_R cells:        2
ABC RESULTS:   OR2x2_ASAP7_75t_R cells:        6
ABC RESULTS:   OR3x1_ASAP7_75t_R cells:        5
ABC RESULTS:   OR4x1_ASAP7_75t_R cells:        1
ABC RESULTS:        internal signals:     2146
ABC RESULTS:           input signals:      253
ABC RESULTS:          output signals:       18
Removing temp directory.

10.8. Extracting gate netlist of module `\RRArbiter$operandCollector.Arbiter.bankArbiterVector_2' to `<abc-temp-dir>/input.blif'..
ABC: using cached merged SCL: /tmp/yosys-liberty-scl-cache/yosys_merged_f4fcd93b.scl (1 files)
Replacing 1380 occurrences of constant undef bits with constant zero bits

10.8.1. Executed ABC.
Extracted 2161 gates and 2417 wires to a netlist network with 253 inputs and 18 outputs.
Running ABC script: <abc-temp-dir>/abc.script
ABC: UC Berkeley, ABC 1.01 (compiled Jun  3 2026 15:06:41)
ABC: abc 01> empty
ABC: abc 01> source <abc-temp-dir>/abc.script
ABC: + read_blif <abc-temp-dir>/input.blif 
ABC: + read_scl /tmp/yosys-liberty-scl-cache/yosys_merged_f4fcd93b.scl 
ABC: Warning: Detected 2 multi-output cells (for example, "FAx1_ASAP7_75t_R").
ABC: + strash 
ABC: + &get -n 
ABC: + &fraig -x 
ABC: + &put 
ABC: + scorr 
ABC: Warning: The network is combinational (run "fraig" or "fraig_sweep").
ABC: + dc2 
ABC: + dretime 
ABC: + retime -o -D 1000 
ABC: + strash 
ABC: + &get -n 
ABC: + &dch -f 
ABC: + &nf -D 1000 
ABC: + &put 
ABC: + write_blif <abc-temp-dir>/output.blif 
ABC: 
ABC: YOSYS_ABC_DONE 

10.8.2. Re-integrating ABC results.
ABC RESULTS:   A2O1A1Ixp33_ASAP7_75t_R cells:       25
ABC RESULTS:   A2O1A1O1Ixp25_ASAP7_75t_R cells:       11
ABC RESULTS:   AND2x2_ASAP7_75t_R cells:       66
ABC RESULTS:   AND3x1_ASAP7_75t_R cells:        7
ABC RESULTS:   AND4x1_ASAP7_75t_R cells:        2
ABC RESULTS:   AO21x1_ASAP7_75t_R cells:        5
ABC RESULTS:   AOI211xp5_ASAP7_75t_R cells:       51
ABC RESULTS:   AOI21xp33_ASAP7_75t_R cells:       22
ABC RESULTS:   AOI311xp33_ASAP7_75t_R cells:       27
ABC RESULTS:   INVx1_ASAP7_75t_R cells:       24
ABC RESULTS:   NAND2xp33_ASAP7_75t_R cells:       86
ABC RESULTS:   NAND3xp33_ASAP7_75t_R cells:       22
ABC RESULTS:   NAND4xp25_ASAP7_75t_R cells:        4
ABC RESULTS:   NOR2xp33_ASAP7_75t_R cells:       69
ABC RESULTS:   NOR3xp33_ASAP7_75t_R cells:       22
ABC RESULTS:   NOR4xp25_ASAP7_75t_R cells:        3
ABC RESULTS:   NOR5xp2_ASAP7_75t_R cells:        1
ABC RESULTS:   O2A1O1Ixp33_ASAP7_75t_R cells:       11
ABC RESULTS:   OA211x2_ASAP7_75t_R cells:        5
ABC RESULTS:   OA21x2_ASAP7_75t_R cells:        5
ABC RESULTS:   OAI211xp5_ASAP7_75t_R cells:        5
ABC RESULTS:   OAI21xp33_ASAP7_75t_R cells:       13
ABC RESULTS:   OAI22xp33_ASAP7_75t_R cells:        9
ABC RESULTS:   OAI311xp33_ASAP7_75t_R cells:       14
ABC RESULTS:   OAI31xp33_ASAP7_75t_R cells:       20
ABC RESULTS:   OAI32xp33_ASAP7_75t_R cells:        2
ABC RESULTS:   OR2x2_ASAP7_75t_R cells:        6
ABC RESULTS:   OR3x1_ASAP7_75t_R cells:        5
ABC RESULTS:   OR4x1_ASAP7_75t_R cells:        1
ABC RESULTS:        internal signals:     2146
ABC RESULTS:           input signals:      253
ABC RESULTS:          output signals:       18
Removing temp directory.

10.9. Extracting gate netlist of module `\RRArbiter$operandCollector.Arbiter.bankArbiterVector_1' to `<abc-temp-dir>/input.blif'..
ABC: using cached merged SCL: /tmp/yosys-liberty-scl-cache/yosys_merged_f4fcd93b.scl (1 files)
Replacing 1380 occurrences of constant undef bits with constant zero bits

10.9.1. Executed ABC.
Extracted 2161 gates and 2417 wires to a netlist network with 253 inputs and 18 outputs.
Running ABC script: <abc-temp-dir>/abc.script
ABC: UC Berkeley, ABC 1.01 (compiled Jun  3 2026 15:06:41)
ABC: abc 01> empty
ABC: abc 01> source <abc-temp-dir>/abc.script
ABC: + read_blif <abc-temp-dir>/input.blif 
ABC: + read_scl /tmp/yosys-liberty-scl-cache/yosys_merged_f4fcd93b.scl 
ABC: Warning: Detected 2 multi-output cells (for example, "FAx1_ASAP7_75t_R").
ABC: + strash 
ABC: + &get -n 
ABC: + &fraig -x 
ABC: + &put 
ABC: + scorr 
ABC: Warning: The network is combinational (run "fraig" or "fraig_sweep").
ABC: + dc2 
ABC: + dretime 
ABC: + retime -o -D 1000 
ABC: + strash 
ABC: + &get -n 
ABC: + &dch -f 
ABC: + &nf -D 1000 
ABC: + &put 
ABC: + write_blif <abc-temp-dir>/output.blif 
ABC: 
ABC: YOSYS_ABC_DONE 

10.9.2. Re-integrating ABC results.
ABC RESULTS:   A2O1A1Ixp33_ASAP7_75t_R cells:       25
ABC RESULTS:   A2O1A1O1Ixp25_ASAP7_75t_R cells:       11
ABC RESULTS:   AND2x2_ASAP7_75t_R cells:       66
ABC RESULTS:   AND3x1_ASAP7_75t_R cells:        7
ABC RESULTS:   AND4x1_ASAP7_75t_R cells:        2
ABC RESULTS:   AO21x1_ASAP7_75t_R cells:        5
ABC RESULTS:   AOI211xp5_ASAP7_75t_R cells:       51
ABC RESULTS:   AOI21xp33_ASAP7_75t_R cells:       22
ABC RESULTS:   AOI311xp33_ASAP7_75t_R cells:       27
ABC RESULTS:   INVx1_ASAP7_75t_R cells:       24
ABC RESULTS:   NAND2xp33_ASAP7_75t_R cells:       86
ABC RESULTS:   NAND3xp33_ASAP7_75t_R cells:       22
ABC RESULTS:   NAND4xp25_ASAP7_75t_R cells:        4
ABC RESULTS:   NOR2xp33_ASAP7_75t_R cells:       69
ABC RESULTS:   NOR3xp33_ASAP7_75t_R cells:       22
ABC RESULTS:   NOR4xp25_ASAP7_75t_R cells:        3
ABC RESULTS:   NOR5xp2_ASAP7_75t_R cells:        1
ABC RESULTS:   O2A1O1Ixp33_ASAP7_75t_R cells:       11
ABC RESULTS:   OA211x2_ASAP7_75t_R cells:        5
ABC RESULTS:   OA21x2_ASAP7_75t_R cells:        5
ABC RESULTS:   OAI211xp5_ASAP7_75t_R cells:        5
ABC RESULTS:   OAI21xp33_ASAP7_75t_R cells:       13
ABC RESULTS:   OAI22xp33_ASAP7_75t_R cells:        9
ABC RESULTS:   OAI311xp33_ASAP7_75t_R cells:       14
ABC RESULTS:   OAI31xp33_ASAP7_75t_R cells:       20
ABC RESULTS:   OAI32xp33_ASAP7_75t_R cells:        2
ABC RESULTS:   OR2x2_ASAP7_75t_R cells:        6
ABC RESULTS:   OR3x1_ASAP7_75t_R cells:        5
ABC RESULTS:   OR4x1_ASAP7_75t_R cells:        1
ABC RESULTS:        internal signals:     2146
ABC RESULTS:           input signals:      253
ABC RESULTS:          output signals:       18
Removing temp directory.

10.10. Extracting gate netlist of module `\RRArbiter$operandCollector.Arbiter.bankArbiterVector_0' to `<abc-temp-dir>/input.blif'..
ABC: using cached merged SCL: /tmp/yosys-liberty-scl-cache/yosys_merged_f4fcd93b.scl (1 files)
Replacing 1380 occurrences of constant undef bits with constant zero bits

10.10.1. Executed ABC.
Extracted 2161 gates and 2417 wires to a netlist network with 253 inputs and 18 outputs.
Running ABC script: <abc-temp-dir>/abc.script
ABC: UC Berkeley, ABC 1.01 (compiled Jun  3 2026 15:06:41)
ABC: abc 01> empty
ABC: abc 01> source <abc-temp-dir>/abc.script
ABC: + read_blif <abc-temp-dir>/input.blif 
ABC: + read_scl /tmp/yosys-liberty-scl-cache/yosys_merged_f4fcd93b.scl 
ABC: Warning: Detected 2 multi-output cells (for example, "FAx1_ASAP7_75t_R").
ABC: + strash 
ABC: + &get -n 
ABC: + &fraig -x 
ABC: + &put 
ABC: + scorr 
ABC: Warning: The network is combinational (run "fraig" or "fraig_sweep").
ABC: + dc2 
ABC: + dretime 
ABC: + retime -o -D 1000 
ABC: + strash 
ABC: + &get -n 
ABC: + &dch -f 
ABC: + &nf -D 1000 
ABC: + &put 
ABC: + write_blif <abc-temp-dir>/output.blif 
ABC: 
ABC: YOSYS_ABC_DONE 

10.10.2. Re-integrating ABC results.
ABC RESULTS:   A2O1A1Ixp33_ASAP7_75t_R cells:       25
ABC RESULTS:   A2O1A1O1Ixp25_ASAP7_75t_R cells:       11
ABC RESULTS:   AND2x2_ASAP7_75t_R cells:       66
ABC RESULTS:   AND3x1_ASAP7_75t_R cells:        7
ABC RESULTS:   AND4x1_ASAP7_75t_R cells:        2
ABC RESULTS:   AO21x1_ASAP7_75t_R cells:        5
ABC RESULTS:   AOI211xp5_ASAP7_75t_R cells:       51
ABC RESULTS:   AOI21xp33_ASAP7_75t_R cells:       22
ABC RESULTS:   AOI311xp33_ASAP7_75t_R cells:       27
ABC RESULTS:   INVx1_ASAP7_75t_R cells:       24
ABC RESULTS:   NAND2xp33_ASAP7_75t_R cells:       86
ABC RESULTS:   NAND3xp33_ASAP7_75t_R cells:       22
ABC RESULTS:   NAND4xp25_ASAP7_75t_R cells:        4
ABC RESULTS:   NOR2xp33_ASAP7_75t_R cells:       69
ABC RESULTS:   NOR3xp33_ASAP7_75t_R cells:       22
ABC RESULTS:   NOR4xp25_ASAP7_75t_R cells:        3
ABC RESULTS:   NOR5xp2_ASAP7_75t_R cells:        1
ABC RESULTS:   O2A1O1Ixp33_ASAP7_75t_R cells:       11
ABC RESULTS:   OA211x2_ASAP7_75t_R cells:        5
ABC RESULTS:   OA21x2_ASAP7_75t_R cells:        5
ABC RESULTS:   OAI211xp5_ASAP7_75t_R cells:        5
ABC RESULTS:   OAI21xp33_ASAP7_75t_R cells:       13
ABC RESULTS:   OAI22xp33_ASAP7_75t_R cells:        9
ABC RESULTS:   OAI311xp33_ASAP7_75t_R cells:       14
ABC RESULTS:   OAI31xp33_ASAP7_75t_R cells:       20
ABC RESULTS:   OAI32xp33_ASAP7_75t_R cells:        2
ABC RESULTS:   OR2x2_ASAP7_75t_R cells:        6
ABC RESULTS:   OR3x1_ASAP7_75t_R cells:        5
ABC RESULTS:   OR4x1_ASAP7_75t_R cells:        1
ABC RESULTS:        internal signals:     2146
ABC RESULTS:           input signals:      253
ABC RESULTS:          output signals:       18
Removing temp directory.

10.11. Extracting gate netlist of module `\RRArbiter$operandCollector.Arbiter.bankArbiterScalar_7' to `<abc-temp-dir>/input.blif'..
ABC: using cached merged SCL: /tmp/yosys-liberty-scl-cache/yosys_merged_f4fcd93b.scl (1 files)
Replacing 1380 occurrences of constant undef bits with constant zero bits

10.11.1. Executed ABC.
Extracted 2161 gates and 2417 wires to a netlist network with 253 inputs and 18 outputs.
Running ABC script: <abc-temp-dir>/abc.script
ABC: UC Berkeley, ABC 1.01 (compiled Jun  3 2026 15:06:41)
ABC: abc 01> empty
ABC: abc 01> source <abc-temp-dir>/abc.script
ABC: + read_blif <abc-temp-dir>/input.blif 
ABC: + read_scl /tmp/yosys-liberty-scl-cache/yosys_merged_f4fcd93b.scl 
ABC: Warning: Detected 2 multi-output cells (for example, "FAx1_ASAP7_75t_R").
ABC: + strash 
ABC: + &get -n 
ABC: + &fraig -x 
ABC: + &put 
ABC: + scorr 
ABC: Warning: The network is combinational (run "fraig" or "fraig_sweep").
ABC: + dc2 
ABC: + dretime 
ABC: + retime -o -D 1000 
ABC: + strash 
ABC: + &get -n 
ABC: + &dch -f 
ABC: + &nf -D 1000 
ABC: + &put 
ABC: + write_blif <abc-temp-dir>/output.blif 
ABC: 
ABC: YOSYS_ABC_DONE 

10.11.2. Re-integrating ABC results.
ABC RESULTS:   A2O1A1Ixp33_ASAP7_75t_R cells:       25
ABC RESULTS:   A2O1A1O1Ixp25_ASAP7_75t_R cells:       11
ABC RESULTS:   AND2x2_ASAP7_75t_R cells:       66
ABC RESULTS:   AND3x1_ASAP7_75t_R cells:        7
ABC RESULTS:   AND4x1_ASAP7_75t_R cells:        2
ABC RESULTS:   AO21x1_ASAP7_75t_R cells:        5
ABC RESULTS:   AOI211xp5_ASAP7_75t_R cells:       51
ABC RESULTS:   AOI21xp33_ASAP7_75t_R cells:       22
ABC RESULTS:   AOI311xp33_ASAP7_75t_R cells:       27
ABC RESULTS:   INVx1_ASAP7_75t_R cells:       24
ABC RESULTS:   NAND2xp33_ASAP7_75t_R cells:       86
ABC RESULTS:   NAND3xp33_ASAP7_75t_R cells:       22
ABC RESULTS:   NAND4xp25_ASAP7_75t_R cells:        4
ABC RESULTS:   NOR2xp33_ASAP7_75t_R cells:       69
ABC RESULTS:   NOR3xp33_ASAP7_75t_R cells:       22
ABC RESULTS:   NOR4xp25_ASAP7_75t_R cells:        3
ABC RESULTS:   NOR5xp2_ASAP7_75t_R cells:        1
ABC RESULTS:   O2A1O1Ixp33_ASAP7_75t_R cells:       11
ABC RESULTS:   OA211x2_ASAP7_75t_R cells:        5
ABC RESULTS:   OA21x2_ASAP7_75t_R cells:        5
ABC RESULTS:   OAI211xp5_ASAP7_75t_R cells:        5
ABC RESULTS:   OAI21xp33_ASAP7_75t_R cells:       13
ABC RESULTS:   OAI22xp33_ASAP7_75t_R cells:        9
ABC RESULTS:   OAI311xp33_ASAP7_75t_R cells:       14
ABC RESULTS:   OAI31xp33_ASAP7_75t_R cells:       20
ABC RESULTS:   OAI32xp33_ASAP7_75t_R cells:        2
ABC RESULTS:   OR2x2_ASAP7_75t_R cells:        6
ABC RESULTS:   OR3x1_ASAP7_75t_R cells:        5
ABC RESULTS:   OR4x1_ASAP7_75t_R cells:        1
ABC RESULTS:        internal signals:     2146
ABC RESULTS:           input signals:      253
ABC RESULTS:          output signals:       18
Removing temp directory.

10.12. Extracting gate netlist of module `\RRArbiter$operandCollector.Arbiter.bankArbiterScalar_6' to `<abc-temp-dir>/input.blif'..
ABC: using cached merged SCL: /tmp/yosys-liberty-scl-cache/yosys_merged_f4fcd93b.scl (1 files)
Replacing 1380 occurrences of constant undef bits with constant zero bits

10.12.1. Executed ABC.
Extracted 2161 gates and 2417 wires to a netlist network with 253 inputs and 18 outputs.
Running ABC script: <abc-temp-dir>/abc.script
ABC: UC Berkeley, ABC 1.01 (compiled Jun  3 2026 15:06:41)
ABC: abc 01> empty
ABC: abc 01> source <abc-temp-dir>/abc.script
ABC: + read_blif <abc-temp-dir>/input.blif 
ABC: + read_scl /tmp/yosys-liberty-scl-cache/yosys_merged_f4fcd93b.scl 
ABC: Warning: Detected 2 multi-output cells (for example, "FAx1_ASAP7_75t_R").
ABC: + strash 
ABC: + &get -n 
ABC: + &fraig -x 
ABC: + &put 
ABC: + scorr 
ABC: Warning: The network is combinational (run "fraig" or "fraig_sweep").
ABC: + dc2 
ABC: + dretime 
ABC: + retime -o -D 1000 
ABC: + strash 
ABC: + &get -n 
ABC: + &dch -f 
ABC: + &nf -D 1000 
ABC: + &put 
ABC: + write_blif <abc-temp-dir>/output.blif 
ABC: 
ABC: YOSYS_ABC_DONE 

10.12.2. Re-integrating ABC results.
ABC RESULTS:   A2O1A1Ixp33_ASAP7_75t_R cells:       25
ABC RESULTS:   A2O1A1O1Ixp25_ASAP7_75t_R cells:       11
ABC RESULTS:   AND2x2_ASAP7_75t_R cells:       66
ABC RESULTS:   AND3x1_ASAP7_75t_R cells:        7
ABC RESULTS:   AND4x1_ASAP7_75t_R cells:        2
ABC RESULTS:   AO21x1_ASAP7_75t_R cells:        5
ABC RESULTS:   AOI211xp5_ASAP7_75t_R cells:       51
ABC RESULTS:   AOI21xp33_ASAP7_75t_R cells:       22
ABC RESULTS:   AOI311xp33_ASAP7_75t_R cells:       27
ABC RESULTS:   INVx1_ASAP7_75t_R cells:       24
ABC RESULTS:   NAND2xp33_ASAP7_75t_R cells:       86
ABC RESULTS:   NAND3xp33_ASAP7_75t_R cells:       22
ABC RESULTS:   NAND4xp25_ASAP7_75t_R cells:        4
ABC RESULTS:   NOR2xp33_ASAP7_75t_R cells:       69
ABC RESULTS:   NOR3xp33_ASAP7_75t_R cells:       22
ABC RESULTS:   NOR4xp25_ASAP7_75t_R cells:        3
ABC RESULTS:   NOR5xp2_ASAP7_75t_R cells:        1
ABC RESULTS:   O2A1O1Ixp33_ASAP7_75t_R cells:       11
ABC RESULTS:   OA211x2_ASAP7_75t_R cells:        5
ABC RESULTS:   OA21x2_ASAP7_75t_R cells:        5
ABC RESULTS:   OAI211xp5_ASAP7_75t_R cells:        5
ABC RESULTS:   OAI21xp33_ASAP7_75t_R cells:       13
ABC RESULTS:   OAI22xp33_ASAP7_75t_R cells:        9
ABC RESULTS:   OAI311xp33_ASAP7_75t_R cells:       14
ABC RESULTS:   OAI31xp33_ASAP7_75t_R cells:       20
ABC RESULTS:   OAI32xp33_ASAP7_75t_R cells:        2
ABC RESULTS:   OR2x2_ASAP7_75t_R cells:        6
ABC RESULTS:   OR3x1_ASAP7_75t_R cells:        5
ABC RESULTS:   OR4x1_ASAP7_75t_R cells:        1
ABC RESULTS:        internal signals:     2146
ABC RESULTS:           input signals:      253
ABC RESULTS:          output signals:       18
Removing temp directory.

10.13. Extracting gate netlist of module `\RRArbiter$operandCollector.Arbiter.bankArbiterScalar_5' to `<abc-temp-dir>/input.blif'..
ABC: using cached merged SCL: /tmp/yosys-liberty-scl-cache/yosys_merged_f4fcd93b.scl (1 files)
Replacing 1380 occurrences of constant undef bits with constant zero bits

10.13.1. Executed ABC.
Extracted 2161 gates and 2417 wires to a netlist network with 253 inputs and 18 outputs.
Running ABC script: <abc-temp-dir>/abc.script
ABC: UC Berkeley, ABC 1.01 (compiled Jun  3 2026 15:06:41)
ABC: abc 01> empty
ABC: abc 01> source <abc-temp-dir>/abc.script
ABC: + read_blif <abc-temp-dir>/input.blif 
ABC: + read_scl /tmp/yosys-liberty-scl-cache/yosys_merged_f4fcd93b.scl 
ABC: Warning: Detected 2 multi-output cells (for example, "FAx1_ASAP7_75t_R").
ABC: + strash 
ABC: + &get -n 
ABC: + &fraig -x 
ABC: + &put 
ABC: + scorr 
ABC: Warning: The network is combinational (run "fraig" or "fraig_sweep").
ABC: + dc2 
ABC: + dretime 
ABC: + retime -o -D 1000 
ABC: + strash 
ABC: + &get -n 
ABC: + &dch -f 
ABC: + &nf -D 1000 
ABC: + &put 
ABC: + write_blif <abc-temp-dir>/output.blif 
ABC: 
ABC: YOSYS_ABC_DONE 

10.13.2. Re-integrating ABC results.
ABC RESULTS:   A2O1A1Ixp33_ASAP7_75t_R cells:       25
ABC RESULTS:   A2O1A1O1Ixp25_ASAP7_75t_R cells:       11
ABC RESULTS:   AND2x2_ASAP7_75t_R cells:       66
ABC RESULTS:   AND3x1_ASAP7_75t_R cells:        7
ABC RESULTS:   AND4x1_ASAP7_75t_R cells:        2
ABC RESULTS:   AO21x1_ASAP7_75t_R cells:        5
ABC RESULTS:   AOI211xp5_ASAP7_75t_R cells:       51
ABC RESULTS:   AOI21xp33_ASAP7_75t_R cells:       22
ABC RESULTS:   AOI311xp33_ASAP7_75t_R cells:       27
ABC RESULTS:   INVx1_ASAP7_75t_R cells:       24
ABC RESULTS:   NAND2xp33_ASAP7_75t_R cells:       86
ABC RESULTS:   NAND3xp33_ASAP7_75t_R cells:       22
ABC RESULTS:   NAND4xp25_ASAP7_75t_R cells:        4
ABC RESULTS:   NOR2xp33_ASAP7_75t_R cells:       69
ABC RESULTS:   NOR3xp33_ASAP7_75t_R cells:       22
ABC RESULTS:   NOR4xp25_ASAP7_75t_R cells:        3
ABC RESULTS:   NOR5xp2_ASAP7_75t_R cells:        1
ABC RESULTS:   O2A1O1Ixp33_ASAP7_75t_R cells:       11
ABC RESULTS:   OA211x2_ASAP7_75t_R cells:        5
ABC RESULTS:   OA21x2_ASAP7_75t_R cells:        5
ABC RESULTS:   OAI211xp5_ASAP7_75t_R cells:        5
ABC RESULTS:   OAI21xp33_ASAP7_75t_R cells:       13
ABC RESULTS:   OAI22xp33_ASAP7_75t_R cells:        9
ABC RESULTS:   OAI311xp33_ASAP7_75t_R cells:       14
ABC RESULTS:   OAI31xp33_ASAP7_75t_R cells:       20
ABC RESULTS:   OAI32xp33_ASAP7_75t_R cells:        2
ABC RESULTS:   OR2x2_ASAP7_75t_R cells:        6
ABC RESULTS:   OR3x1_ASAP7_75t_R cells:        5
ABC RESULTS:   OR4x1_ASAP7_75t_R cells:        1
ABC RESULTS:        internal signals:     2146
ABC RESULTS:           input signals:      253
ABC RESULTS:          output signals:       18
Removing temp directory.

10.14. Extracting gate netlist of module `\RRArbiter$operandCollector.Arbiter.bankArbiterScalar_4' to `<abc-temp-dir>/input.blif'..
ABC: using cached merged SCL: /tmp/yosys-liberty-scl-cache/yosys_merged_f4fcd93b.scl (1 files)
Replacing 1380 occurrences of constant undef bits with constant zero bits

10.14.1. Executed ABC.
Extracted 2161 gates and 2417 wires to a netlist network with 253 inputs and 18 outputs.
Running ABC script: <abc-temp-dir>/abc.script
ABC: UC Berkeley, ABC 1.01 (compiled Jun  3 2026 15:06:41)
ABC: abc 01> empty
ABC: abc 01> source <abc-temp-dir>/abc.script
ABC: + read_blif <abc-temp-dir>/input.blif 
ABC: + read_scl /tmp/yosys-liberty-scl-cache/yosys_merged_f4fcd93b.scl 
ABC: Warning: Detected 2 multi-output cells (for example, "FAx1_ASAP7_75t_R").
ABC: + strash 
ABC: + &get -n 
ABC: + &fraig -x 
ABC: + &put 
ABC: + scorr 
ABC: Warning: The network is combinational (run "fraig" or "fraig_sweep").
ABC: + dc2 
ABC: + dretime 
ABC: + retime -o -D 1000 
ABC: + strash 
ABC: + &get -n 
ABC: + &dch -f 
ABC: + &nf -D 1000 
ABC: + &put 
ABC: + write_blif <abc-temp-dir>/output.blif 
ABC: 
ABC: YOSYS_ABC_DONE 

10.14.2. Re-integrating ABC results.
ABC RESULTS:   A2O1A1Ixp33_ASAP7_75t_R cells:       25
ABC RESULTS:   A2O1A1O1Ixp25_ASAP7_75t_R cells:       11
ABC RESULTS:   AND2x2_ASAP7_75t_R cells:       66
ABC RESULTS:   AND3x1_ASAP7_75t_R cells:        7
ABC RESULTS:   AND4x1_ASAP7_75t_R cells:        2
ABC RESULTS:   AO21x1_ASAP7_75t_R cells:        5
ABC RESULTS:   AOI211xp5_ASAP7_75t_R cells:       51
ABC RESULTS:   AOI21xp33_ASAP7_75t_R cells:       22
ABC RESULTS:   AOI311xp33_ASAP7_75t_R cells:       27
ABC RESULTS:   INVx1_ASAP7_75t_R cells:       24
ABC RESULTS:   NAND2xp33_ASAP7_75t_R cells:       86
ABC RESULTS:   NAND3xp33_ASAP7_75t_R cells:       22
ABC RESULTS:   NAND4xp25_ASAP7_75t_R cells:        4
ABC RESULTS:   NOR2xp33_ASAP7_75t_R cells:       69
ABC RESULTS:   NOR3xp33_ASAP7_75t_R cells:       22
ABC RESULTS:   NOR4xp25_ASAP7_75t_R cells:        3
ABC RESULTS:   NOR5xp2_ASAP7_75t_R cells:        1
ABC RESULTS:   O2A1O1Ixp33_ASAP7_75t_R cells:       11
ABC RESULTS:   OA211x2_ASAP7_75t_R cells:        5
ABC RESULTS:   OA21x2_ASAP7_75t_R cells:        5
ABC RESULTS:   OAI211xp5_ASAP7_75t_R cells:        5
ABC RESULTS:   OAI21xp33_ASAP7_75t_R cells:       13
ABC RESULTS:   OAI22xp33_ASAP7_75t_R cells:        9
ABC RESULTS:   OAI311xp33_ASAP7_75t_R cells:       14
ABC RESULTS:   OAI31xp33_ASAP7_75t_R cells:       20
ABC RESULTS:   OAI32xp33_ASAP7_75t_R cells:        2
ABC RESULTS:   OR2x2_ASAP7_75t_R cells:        6
ABC RESULTS:   OR3x1_ASAP7_75t_R cells:        5
ABC RESULTS:   OR4x1_ASAP7_75t_R cells:        1
ABC RESULTS:        internal signals:     2146
ABC RESULTS:           input signals:      253
ABC RESULTS:          output signals:       18
Removing temp directory.

10.15. Extracting gate netlist of module `\RRArbiter$operandCollector.Arbiter.bankArbiterScalar_3' to `<abc-temp-dir>/input.blif'..
ABC: using cached merged SCL: /tmp/yosys-liberty-scl-cache/yosys_merged_f4fcd93b.scl (1 files)
Replacing 1380 occurrences of constant undef bits with constant zero bits

10.15.1. Executed ABC.
Extracted 2161 gates and 2417 wires to a netlist network with 253 inputs and 18 outputs.
Running ABC script: <abc-temp-dir>/abc.script
ABC: UC Berkeley, ABC 1.01 (compiled Jun  3 2026 15:06:41)
ABC: abc 01> empty
ABC: abc 01> source <abc-temp-dir>/abc.script
ABC: + read_blif <abc-temp-dir>/input.blif 
ABC: + read_scl /tmp/yosys-liberty-scl-cache/yosys_merged_f4fcd93b.scl 
ABC: Warning: Detected 2 multi-output cells (for example, "FAx1_ASAP7_75t_R").
ABC: + strash 
ABC: + &get -n 
ABC: + &fraig -x 
ABC: + &put 
ABC: + scorr 
ABC: Warning: The network is combinational (run "fraig" or "fraig_sweep").
ABC: + dc2 
ABC: + dretime 
ABC: + retime -o -D 1000 
ABC: + strash 
ABC: + &get -n 
ABC: + &dch -f 
ABC: + &nf -D 1000 
ABC: + &put 
ABC: + write_blif <abc-temp-dir>/output.blif 
ABC: 
ABC: YOSYS_ABC_DONE 

10.15.2. Re-integrating ABC results.
ABC RESULTS:   A2O1A1Ixp33_ASAP7_75t_R cells:       25
ABC RESULTS:   A2O1A1O1Ixp25_ASAP7_75t_R cells:       11
ABC RESULTS:   AND2x2_ASAP7_75t_R cells:       66
ABC RESULTS:   AND3x1_ASAP7_75t_R cells:        7
ABC RESULTS:   AND4x1_ASAP7_75t_R cells:        2
ABC RESULTS:   AO21x1_ASAP7_75t_R cells:        5
ABC RESULTS:   AOI211xp5_ASAP7_75t_R cells:       51
ABC RESULTS:   AOI21xp33_ASAP7_75t_R cells:       22
ABC RESULTS:   AOI311xp33_ASAP7_75t_R cells:       27
ABC RESULTS:   INVx1_ASAP7_75t_R cells:       24
ABC RESULTS:   NAND2xp33_ASAP7_75t_R cells:       86
ABC RESULTS:   NAND3xp33_ASAP7_75t_R cells:       22
ABC RESULTS:   NAND4xp25_ASAP7_75t_R cells:        4
ABC RESULTS:   NOR2xp33_ASAP7_75t_R cells:       69
ABC RESULTS:   NOR3xp33_ASAP7_75t_R cells:       22
ABC RESULTS:   NOR4xp25_ASAP7_75t_R cells:        3
ABC RESULTS:   NOR5xp2_ASAP7_75t_R cells:        1
ABC RESULTS:   O2A1O1Ixp33_ASAP7_75t_R cells:       11
ABC RESULTS:   OA211x2_ASAP7_75t_R cells:        5
ABC RESULTS:   OA21x2_ASAP7_75t_R cells:        5
ABC RESULTS:   OAI211xp5_ASAP7_75t_R cells:        5
ABC RESULTS:   OAI21xp33_ASAP7_75t_R cells:       13
ABC RESULTS:   OAI22xp33_ASAP7_75t_R cells:        9
ABC RESULTS:   OAI311xp33_ASAP7_75t_R cells:       14
ABC RESULTS:   OAI31xp33_ASAP7_75t_R cells:       20
ABC RESULTS:   OAI32xp33_ASAP7_75t_R cells:        2
ABC RESULTS:   OR2x2_ASAP7_75t_R cells:        6
ABC RESULTS:   OR3x1_ASAP7_75t_R cells:        5
ABC RESULTS:   OR4x1_ASAP7_75t_R cells:        1
ABC RESULTS:        internal signals:     2146
ABC RESULTS:           input signals:      253
ABC RESULTS:          output signals:       18
Removing temp directory.

10.16. Extracting gate netlist of module `\RRArbiter$operandCollector.Arbiter.bankArbiterScalar_2' to `<abc-temp-dir>/input.blif'..
ABC: using cached merged SCL: /tmp/yosys-liberty-scl-cache/yosys_merged_f4fcd93b.scl (1 files)
Replacing 1380 occurrences of constant undef bits with constant zero bits

10.16.1. Executed ABC.
Extracted 2161 gates and 2417 wires to a netlist network with 253 inputs and 18 outputs.
Running ABC script: <abc-temp-dir>/abc.script
ABC: UC Berkeley, ABC 1.01 (compiled Jun  3 2026 15:06:41)
ABC: abc 01> empty
ABC: abc 01> source <abc-temp-dir>/abc.script
ABC: + read_blif <abc-temp-dir>/input.blif 
ABC: + read_scl /tmp/yosys-liberty-scl-cache/yosys_merged_f4fcd93b.scl 
ABC: Warning: Detected 2 multi-output cells (for example, "FAx1_ASAP7_75t_R").
ABC: + strash 
ABC: + &get -n 
ABC: + &fraig -x 
ABC: + &put 
ABC: + scorr 
ABC: Warning: The network is combinational (run "fraig" or "fraig_sweep").
ABC: + dc2 
ABC: + dretime 
ABC: + retime -o -D 1000 
ABC: + strash 
ABC: + &get -n 
ABC: + &dch -f 
ABC: + &nf -D 1000 
ABC: + &put 
ABC: + write_blif <abc-temp-dir>/output.blif 
ABC: 
ABC: YOSYS_ABC_DONE 

10.16.2. Re-integrating ABC results.
ABC RESULTS:   A2O1A1Ixp33_ASAP7_75t_R cells:       25
ABC RESULTS:   A2O1A1O1Ixp25_ASAP7_75t_R cells:       11
ABC RESULTS:   AND2x2_ASAP7_75t_R cells:       66
ABC RESULTS:   AND3x1_ASAP7_75t_R cells:        7
ABC RESULTS:   AND4x1_ASAP7_75t_R cells:        2
ABC RESULTS:   AO21x1_ASAP7_75t_R cells:        5
ABC RESULTS:   AOI211xp5_ASAP7_75t_R cells:       51
ABC RESULTS:   AOI21xp33_ASAP7_75t_R cells:       22
ABC RESULTS:   AOI311xp33_ASAP7_75t_R cells:       27
ABC RESULTS:   INVx1_ASAP7_75t_R cells:       24
ABC RESULTS:   NAND2xp33_ASAP7_75t_R cells:       86
ABC RESULTS:   NAND3xp33_ASAP7_75t_R cells:       22
ABC RESULTS:   NAND4xp25_ASAP7_75t_R cells:        4
ABC RESULTS:   NOR2xp33_ASAP7_75t_R cells:       69
ABC RESULTS:   NOR3xp33_ASAP7_75t_R cells:       22
ABC RESULTS:   NOR4xp25_ASAP7_75t_R cells:        3
ABC RESULTS:   NOR5xp2_ASAP7_75t_R cells:        1
ABC RESULTS:   O2A1O1Ixp33_ASAP7_75t_R cells:       11
ABC RESULTS:   OA211x2_ASAP7_75t_R cells:        5
ABC RESULTS:   OA21x2_ASAP7_75t_R cells:        5
ABC RESULTS:   OAI211xp5_ASAP7_75t_R cells:        5
ABC RESULTS:   OAI21xp33_ASAP7_75t_R cells:       13
ABC RESULTS:   OAI22xp33_ASAP7_75t_R cells:        9
ABC RESULTS:   OAI311xp33_ASAP7_75t_R cells:       14
ABC RESULTS:   OAI31xp33_ASAP7_75t_R cells:       20
ABC RESULTS:   OAI32xp33_ASAP7_75t_R cells:        2
ABC RESULTS:   OR2x2_ASAP7_75t_R cells:        6
ABC RESULTS:   OR3x1_ASAP7_75t_R cells:        5
ABC RESULTS:   OR4x1_ASAP7_75t_R cells:        1
ABC RESULTS:        internal signals:     2146
ABC RESULTS:           input signals:      253
ABC RESULTS:          output signals:       18
Removing temp directory.

10.17. Extracting gate netlist of module `\RRArbiter$operandCollector.Arbiter.bankArbiterScalar_1' to `<abc-temp-dir>/input.blif'..
ABC: using cached merged SCL: /tmp/yosys-liberty-scl-cache/yosys_merged_f4fcd93b.scl (1 files)
Replacing 1380 occurrences of constant undef bits with constant zero bits

10.17.1. Executed ABC.
Extracted 2161 gates and 2417 wires to a netlist network with 253 inputs and 18 outputs.
Running ABC script: <abc-temp-dir>/abc.script
ABC: UC Berkeley, ABC 1.01 (compiled Jun  3 2026 15:06:41)
ABC: abc 01> empty
ABC: abc 01> source <abc-temp-dir>/abc.script
ABC: + read_blif <abc-temp-dir>/input.blif 
ABC: + read_scl /tmp/yosys-liberty-scl-cache/yosys_merged_f4fcd93b.scl 
ABC: Warning: Detected 2 multi-output cells (for example, "FAx1_ASAP7_75t_R").
ABC: + strash 
ABC: + &get -n 
ABC: + &fraig -x 
ABC: + &put 
ABC: + scorr 
ABC: Warning: The network is combinational (run "fraig" or "fraig_sweep").
ABC: + dc2 
ABC: + dretime 
ABC: + retime -o -D 1000 
ABC: + strash 
ABC: + &get -n 
ABC: + &dch -f 
ABC: + &nf -D 1000 
ABC: + &put 
ABC: + write_blif <abc-temp-dir>/output.blif 
ABC: 
ABC: YOSYS_ABC_DONE 

10.17.2. Re-integrating ABC results.
ABC RESULTS:   A2O1A1Ixp33_ASAP7_75t_R cells:       25
ABC RESULTS:   A2O1A1O1Ixp25_ASAP7_75t_R cells:       11
ABC RESULTS:   AND2x2_ASAP7_75t_R cells:       66
ABC RESULTS:   AND3x1_ASAP7_75t_R cells:        7
ABC RESULTS:   AND4x1_ASAP7_75t_R cells:        2
ABC RESULTS:   AO21x1_ASAP7_75t_R cells:        5
ABC RESULTS:   AOI211xp5_ASAP7_75t_R cells:       51
ABC RESULTS:   AOI21xp33_ASAP7_75t_R cells:       22
ABC RESULTS:   AOI311xp33_ASAP7_75t_R cells:       27
ABC RESULTS:   INVx1_ASAP7_75t_R cells:       24
ABC RESULTS:   NAND2xp33_ASAP7_75t_R cells:       86
ABC RESULTS:   NAND3xp33_ASAP7_75t_R cells:       22
ABC RESULTS:   NAND4xp25_ASAP7_75t_R cells:        4
ABC RESULTS:   NOR2xp33_ASAP7_75t_R cells:       69
ABC RESULTS:   NOR3xp33_ASAP7_75t_R cells:       22
ABC RESULTS:   NOR4xp25_ASAP7_75t_R cells:        3
ABC RESULTS:   NOR5xp2_ASAP7_75t_R cells:        1
ABC RESULTS:   O2A1O1Ixp33_ASAP7_75t_R cells:       11
ABC RESULTS:   OA211x2_ASAP7_75t_R cells:        5
ABC RESULTS:   OA21x2_ASAP7_75t_R cells:        5
ABC RESULTS:   OAI211xp5_ASAP7_75t_R cells:        5
ABC RESULTS:   OAI21xp33_ASAP7_75t_R cells:       13
ABC RESULTS:   OAI22xp33_ASAP7_75t_R cells:        9
ABC RESULTS:   OAI311xp33_ASAP7_75t_R cells:       14
ABC RESULTS:   OAI31xp33_ASAP7_75t_R cells:       20
ABC RESULTS:   OAI32xp33_ASAP7_75t_R cells:        2
ABC RESULTS:   OR2x2_ASAP7_75t_R cells:        6
ABC RESULTS:   OR3x1_ASAP7_75t_R cells:        5
ABC RESULTS:   OR4x1_ASAP7_75t_R cells:        1
ABC RESULTS:        internal signals:     2146
ABC RESULTS:           input signals:      253
ABC RESULTS:          output signals:       18
Removing temp directory.

10.18. Extracting gate netlist of module `\RRArbiter$operandCollector.Arbiter.bankArbiterScalar_0' to `<abc-temp-dir>/input.blif'..
ABC: using cached merged SCL: /tmp/yosys-liberty-scl-cache/yosys_merged_f4fcd93b.scl (1 files)
Replacing 1380 occurrences of constant undef bits with constant zero bits

10.18.1. Executed ABC.
Extracted 2161 gates and 2417 wires to a netlist network with 253 inputs and 18 outputs.
Running ABC script: <abc-temp-dir>/abc.script
ABC: UC Berkeley, ABC 1.01 (compiled Jun  3 2026 15:06:41)
ABC: abc 01> empty
ABC: abc 01> source <abc-temp-dir>/abc.script
ABC: + read_blif <abc-temp-dir>/input.blif 
ABC: + read_scl /tmp/yosys-liberty-scl-cache/yosys_merged_f4fcd93b.scl 
ABC: Warning: Detected 2 multi-output cells (for example, "FAx1_ASAP7_75t_R").
ABC: + strash 
ABC: + &get -n 
ABC: + &fraig -x 
ABC: + &put 
ABC: + scorr 
ABC: Warning: The network is combinational (run "fraig" or "fraig_sweep").
ABC: + dc2 
ABC: + dretime 
ABC: + retime -o -D 1000 
ABC: + strash 
ABC: + &get -n 
ABC: + &dch -f 
ABC: + &nf -D 1000 
ABC: + &put 
ABC: + write_blif <abc-temp-dir>/output.blif 
ABC: 
ABC: YOSYS_ABC_DONE 

10.18.2. Re-integrating ABC results.
ABC RESULTS:   A2O1A1Ixp33_ASAP7_75t_R cells:       25
ABC RESULTS:   A2O1A1O1Ixp25_ASAP7_75t_R cells:       11
ABC RESULTS:   AND2x2_ASAP7_75t_R cells:       66
ABC RESULTS:   AND3x1_ASAP7_75t_R cells:        7
ABC RESULTS:   AND4x1_ASAP7_75t_R cells:        2
ABC RESULTS:   AO21x1_ASAP7_75t_R cells:        5
ABC RESULTS:   AOI211xp5_ASAP7_75t_R cells:       51
ABC RESULTS:   AOI21xp33_ASAP7_75t_R cells:       22
ABC RESULTS:   AOI311xp33_ASAP7_75t_R cells:       27
ABC RESULTS:   INVx1_ASAP7_75t_R cells:       24
ABC RESULTS:   NAND2xp33_ASAP7_75t_R cells:       86
ABC RESULTS:   NAND3xp33_ASAP7_75t_R cells:       22
ABC RESULTS:   NAND4xp25_ASAP7_75t_R cells:        4
ABC RESULTS:   NOR2xp33_ASAP7_75t_R cells:       69
ABC RESULTS:   NOR3xp33_ASAP7_75t_R cells:       22
ABC RESULTS:   NOR4xp25_ASAP7_75t_R cells:        3
ABC RESULTS:   NOR5xp2_ASAP7_75t_R cells:        1
ABC RESULTS:   O2A1O1Ixp33_ASAP7_75t_R cells:       11
ABC RESULTS:   OA211x2_ASAP7_75t_R cells:        5
ABC RESULTS:   OA21x2_ASAP7_75t_R cells:        5
ABC RESULTS:   OAI211xp5_ASAP7_75t_R cells:        5
ABC RESULTS:   OAI21xp33_ASAP7_75t_R cells:       13
ABC RESULTS:   OAI22xp33_ASAP7_75t_R cells:        9
ABC RESULTS:   OAI311xp33_ASAP7_75t_R cells:       14
ABC RESULTS:   OAI31xp33_ASAP7_75t_R cells:       20
ABC RESULTS:   OAI32xp33_ASAP7_75t_R cells:        2
ABC RESULTS:   OR2x2_ASAP7_75t_R cells:        6
ABC RESULTS:   OR3x1_ASAP7_75t_R cells:        5
ABC RESULTS:   OR4x1_ASAP7_75t_R cells:        1
ABC RESULTS:        internal signals:     2146
ABC RESULTS:           input signals:      253
ABC RESULTS:          output signals:       18
Removing temp directory.

10.19. Extracting gate netlist of module `\ImmGen$operandCollector.collectorUnit_7.imm' to `<abc-temp-dir>/input.blif'..
ABC: using cached merged SCL: /tmp/yosys-liberty-scl-cache/yosys_merged_f4fcd93b.scl (1 files)

10.19.1. Executed ABC.
Extracted 281 gates and 318 wires to a netlist network with 36 inputs and 32 outputs.
Running ABC script: <abc-temp-dir>/abc.script
ABC: UC Berkeley, ABC 1.01 (compiled Jun  3 2026 15:06:41)
ABC: abc 01> empty
ABC: abc 01> source <abc-temp-dir>/abc.script
ABC: + read_blif <abc-temp-dir>/input.blif 
ABC: + read_scl /tmp/yosys-liberty-scl-cache/yosys_merged_f4fcd93b.scl 
ABC: Warning: Detected 2 multi-output cells (for example, "FAx1_ASAP7_75t_R").
ABC: + strash 
ABC: + &get -n 
ABC: + &fraig -x 
ABC: + &put 
ABC: + scorr 
ABC: Warning: The network is combinational (run "fraig" or "fraig_sweep").
ABC: + dc2 
ABC: + dretime 
ABC: + retime -o -D 1000 
ABC: + strash 
ABC: + &get -n 
ABC: + &dch -f 
ABC: + &nf -D 1000 
ABC: + &put 
ABC: + write_blif <abc-temp-dir>/output.blif 
ABC: 
ABC: YOSYS_ABC_DONE 

10.19.2. Re-integrating ABC results.
ABC RESULTS:   A2O1A1Ixp33_ASAP7_75t_R cells:        6
ABC RESULTS:   A2O1A1O1Ixp25_ASAP7_75t_R cells:       10
ABC RESULTS:   AND2x2_ASAP7_75t_R cells:        1
ABC RESULTS:   AND3x1_ASAP7_75t_R cells:        2
ABC RESULTS:   AO21x1_ASAP7_75t_R cells:        8
ABC RESULTS:   AO32x1_ASAP7_75t_R cells:        1
ABC RESULTS:   AOI21xp33_ASAP7_75t_R cells:        7
ABC RESULTS:   AOI221xp5_ASAP7_75t_R cells:       10
ABC RESULTS:   AOI22xp33_ASAP7_75t_R cells:        4
ABC RESULTS:   INVx1_ASAP7_75t_R cells:        5
ABC RESULTS:   NAND2xp33_ASAP7_75t_R cells:        9
ABC RESULTS:   NAND3xp33_ASAP7_75t_R cells:        3
ABC RESULTS:   NOR2xp33_ASAP7_75t_R cells:        5
ABC RESULTS:   NOR3xp33_ASAP7_75t_R cells:        5
ABC RESULTS:   NOR4xp25_ASAP7_75t_R cells:        2
ABC RESULTS:   O2A1O1Ixp33_ASAP7_75t_R cells:       12
ABC RESULTS:   OA21x2_ASAP7_75t_R cells:        2
ABC RESULTS:   OAI21xp33_ASAP7_75t_R cells:       20
ABC RESULTS:   OAI221xp5_ASAP7_75t_R cells:        1
ABC RESULTS:   OAI311xp33_ASAP7_75t_R cells:        1
ABC RESULTS:   OR3x1_ASAP7_75t_R cells:        1
ABC RESULTS:        internal signals:      250
ABC RESULTS:           input signals:       36
ABC RESULTS:          output signals:       32
Removing temp directory.

10.20. Extracting gate netlist of module `\ImmGen$operandCollector.collectorUnit_6.imm' to `<abc-temp-dir>/input.blif'..
ABC: using cached merged SCL: /tmp/yosys-liberty-scl-cache/yosys_merged_f4fcd93b.scl (1 files)

10.20.1. Executed ABC.
Extracted 281 gates and 318 wires to a netlist network with 36 inputs and 32 outputs.
Running ABC script: <abc-temp-dir>/abc.script
ABC: UC Berkeley, ABC 1.01 (compiled Jun  3 2026 15:06:41)
ABC: abc 01> empty
ABC: abc 01> source <abc-temp-dir>/abc.script
ABC: + read_blif <abc-temp-dir>/input.blif 
ABC: + read_scl /tmp/yosys-liberty-scl-cache/yosys_merged_f4fcd93b.scl 
ABC: Warning: Detected 2 multi-output cells (for example, "FAx1_ASAP7_75t_R").
ABC: + strash 
ABC: + &get -n 
ABC: + &fraig -x 
ABC: + &put 
ABC: + scorr 
ABC: Warning: The network is combinational (run "fraig" or "fraig_sweep").
ABC: + dc2 
ABC: + dretime 
ABC: + retime -o -D 1000 
ABC: + strash 
ABC: + &get -n 
ABC: + &dch -f 
ABC: + &nf -D 1000 
ABC: + &put 
ABC: + write_blif <abc-temp-dir>/output.blif 
ABC: 
ABC: YOSYS_ABC_DONE 

10.20.2. Re-integrating ABC results.
ABC RESULTS:   A2O1A1Ixp33_ASAP7_75t_R cells:        6
ABC RESULTS:   A2O1A1O1Ixp25_ASAP7_75t_R cells:       10
ABC RESULTS:   AND2x2_ASAP7_75t_R cells:        1
ABC RESULTS:   AND3x1_ASAP7_75t_R cells:        2
ABC RESULTS:   AO21x1_ASAP7_75t_R cells:        8
ABC RESULTS:   AO32x1_ASAP7_75t_R cells:        1
ABC RESULTS:   AOI21xp33_ASAP7_75t_R cells:        7
ABC RESULTS:   AOI221xp5_ASAP7_75t_R cells:       10
ABC RESULTS:   AOI22xp33_ASAP7_75t_R cells:        4
ABC RESULTS:   INVx1_ASAP7_75t_R cells:        5
ABC RESULTS:   NAND2xp33_ASAP7_75t_R cells:        9
ABC RESULTS:   NAND3xp33_ASAP7_75t_R cells:        3
ABC RESULTS:   NOR2xp33_ASAP7_75t_R cells:        5
ABC RESULTS:   NOR3xp33_ASAP7_75t_R cells:        5
ABC RESULTS:   NOR4xp25_ASAP7_75t_R cells:        2
ABC RESULTS:   O2A1O1Ixp33_ASAP7_75t_R cells:       12
ABC RESULTS:   OA21x2_ASAP7_75t_R cells:        2
ABC RESULTS:   OAI21xp33_ASAP7_75t_R cells:       20
ABC RESULTS:   OAI221xp5_ASAP7_75t_R cells:        1
ABC RESULTS:   OAI311xp33_ASAP7_75t_R cells:        1
ABC RESULTS:   OR3x1_ASAP7_75t_R cells:        1
ABC RESULTS:        internal signals:      250
ABC RESULTS:           input signals:       36
ABC RESULTS:          output signals:       32
Removing temp directory.

10.21. Extracting gate netlist of module `\ImmGen$operandCollector.collectorUnit_5.imm' to `<abc-temp-dir>/input.blif'..
ABC: using cached merged SCL: /tmp/yosys-liberty-scl-cache/yosys_merged_f4fcd93b.scl (1 files)

10.21.1. Executed ABC.
Extracted 281 gates and 318 wires to a netlist network with 36 inputs and 32 outputs.
Running ABC script: <abc-temp-dir>/abc.script
ABC: UC Berkeley, ABC 1.01 (compiled Jun  3 2026 15:06:41)
ABC: abc 01> empty
ABC: abc 01> source <abc-temp-dir>/abc.script
ABC: + read_blif <abc-temp-dir>/input.blif 
ABC: + read_scl /tmp/yosys-liberty-scl-cache/yosys_merged_f4fcd93b.scl 
ABC: Warning: Detected 2 multi-output cells (for example, "FAx1_ASAP7_75t_R").
ABC: + strash 
ABC: + &get -n 
ABC: + &fraig -x 
ABC: + &put 
ABC: + scorr 
ABC: Warning: The network is combinational (run "fraig" or "fraig_sweep").
ABC: + dc2 
ABC: + dretime 
ABC: + retime -o -D 1000 
ABC: + strash 
ABC: + &get -n 
ABC: + &dch -f 
ABC: + &nf -D 1000 
ABC: + &put 
ABC: + write_blif <abc-temp-dir>/output.blif 
ABC: 
ABC: YOSYS_ABC_DONE 

10.21.2. Re-integrating ABC results.
ABC RESULTS:   A2O1A1Ixp33_ASAP7_75t_R cells:        6
ABC RESULTS:   A2O1A1O1Ixp25_ASAP7_75t_R cells:       10
ABC RESULTS:   AND2x2_ASAP7_75t_R cells:        1
ABC RESULTS:   AND3x1_ASAP7_75t_R cells:        2
ABC RESULTS:   AO21x1_ASAP7_75t_R cells:        8
ABC RESULTS:   AO32x1_ASAP7_75t_R cells:        1
ABC RESULTS:   AOI21xp33_ASAP7_75t_R cells:        7
ABC RESULTS:   AOI221xp5_ASAP7_75t_R cells:       10
ABC RESULTS:   AOI22xp33_ASAP7_75t_R cells:        4
ABC RESULTS:   INVx1_ASAP7_75t_R cells:        5
ABC RESULTS:   NAND2xp33_ASAP7_75t_R cells:        9
ABC RESULTS:   NAND3xp33_ASAP7_75t_R cells:        3
ABC RESULTS:   NOR2xp33_ASAP7_75t_R cells:        5
ABC RESULTS:   NOR3xp33_ASAP7_75t_R cells:        5
ABC RESULTS:   NOR4xp25_ASAP7_75t_R cells:        2
ABC RESULTS:   O2A1O1Ixp33_ASAP7_75t_R cells:       12
ABC RESULTS:   OA21x2_ASAP7_75t_R cells:        2
ABC RESULTS:   OAI21xp33_ASAP7_75t_R cells:       20
ABC RESULTS:   OAI221xp5_ASAP7_75t_R cells:        1
ABC RESULTS:   OAI311xp33_ASAP7_75t_R cells:        1
ABC RESULTS:   OR3x1_ASAP7_75t_R cells:        1
ABC RESULTS:        internal signals:      250
ABC RESULTS:           input signals:       36
ABC RESULTS:          output signals:       32
Removing temp directory.

10.22. Extracting gate netlist of module `\ImmGen$operandCollector.collectorUnit_4.imm' to `<abc-temp-dir>/input.blif'..
ABC: using cached merged SCL: /tmp/yosys-liberty-scl-cache/yosys_merged_f4fcd93b.scl (1 files)

10.22.1. Executed ABC.
Extracted 281 gates and 318 wires to a netlist network with 36 inputs and 32 outputs.
Running ABC script: <abc-temp-dir>/abc.script
ABC: UC Berkeley, ABC 1.01 (compiled Jun  3 2026 15:06:41)
ABC: abc 01> empty
ABC: abc 01> source <abc-temp-dir>/abc.script
ABC: + read_blif <abc-temp-dir>/input.blif 
ABC: + read_scl /tmp/yosys-liberty-scl-cache/yosys_merged_f4fcd93b.scl 
ABC: Warning: Detected 2 multi-output cells (for example, "FAx1_ASAP7_75t_R").
ABC: + strash 
ABC: + &get -n 
ABC: + &fraig -x 
ABC: + &put 
ABC: + scorr 
ABC: Warning: The network is combinational (run "fraig" or "fraig_sweep").
ABC: + dc2 
ABC: + dretime 
ABC: + retime -o -D 1000 
ABC: + strash 
ABC: + &get -n 
ABC: + &dch -f 
ABC: + &nf -D 1000 
ABC: + &put 
ABC: + write_blif <abc-temp-dir>/output.blif 
ABC: 
ABC: YOSYS_ABC_DONE 

10.22.2. Re-integrating ABC results.
ABC RESULTS:   A2O1A1Ixp33_ASAP7_75t_R cells:        6
ABC RESULTS:   A2O1A1O1Ixp25_ASAP7_75t_R cells:       10
ABC RESULTS:   AND2x2_ASAP7_75t_R cells:        1
ABC RESULTS:   AND3x1_ASAP7_75t_R cells:        2
ABC RESULTS:   AO21x1_ASAP7_75t_R cells:        8
ABC RESULTS:   AO32x1_ASAP7_75t_R cells:        1
ABC RESULTS:   AOI21xp33_ASAP7_75t_R cells:        7
ABC RESULTS:   AOI221xp5_ASAP7_75t_R cells:       10
ABC RESULTS:   AOI22xp33_ASAP7_75t_R cells:        4
ABC RESULTS:   INVx1_ASAP7_75t_R cells:        5
ABC RESULTS:   NAND2xp33_ASAP7_75t_R cells:        9
ABC RESULTS:   NAND3xp33_ASAP7_75t_R cells:        3
ABC RESULTS:   NOR2xp33_ASAP7_75t_R cells:        5
ABC RESULTS:   NOR3xp33_ASAP7_75t_R cells:        5
ABC RESULTS:   NOR4xp25_ASAP7_75t_R cells:        2
ABC RESULTS:   O2A1O1Ixp33_ASAP7_75t_R cells:       12
ABC RESULTS:   OA21x2_ASAP7_75t_R cells:        2
ABC RESULTS:   OAI21xp33_ASAP7_75t_R cells:       20
ABC RESULTS:   OAI221xp5_ASAP7_75t_R cells:        1
ABC RESULTS:   OAI311xp33_ASAP7_75t_R cells:        1
ABC RESULTS:   OR3x1_ASAP7_75t_R cells:        1
ABC RESULTS:        internal signals:      250
ABC RESULTS:           input signals:       36
ABC RESULTS:          output signals:       32
Removing temp directory.

10.23. Extracting gate netlist of module `\ImmGen$operandCollector.collectorUnit_3.imm' to `<abc-temp-dir>/input.blif'..
ABC: using cached merged SCL: /tmp/yosys-liberty-scl-cache/yosys_merged_f4fcd93b.scl (1 files)

10.23.1. Executed ABC.
Extracted 281 gates and 318 wires to a netlist network with 36 inputs and 32 outputs.
Running ABC script: <abc-temp-dir>/abc.script
ABC: UC Berkeley, ABC 1.01 (compiled Jun  3 2026 15:06:41)
ABC: abc 01> empty
ABC: abc 01> source <abc-temp-dir>/abc.script
ABC: + read_blif <abc-temp-dir>/input.blif 
ABC: + read_scl /tmp/yosys-liberty-scl-cache/yosys_merged_f4fcd93b.scl 
ABC: Warning: Detected 2 multi-output cells (for example, "FAx1_ASAP7_75t_R").
ABC: + strash 
ABC: + &get -n 
ABC: + &fraig -x 
ABC: + &put 
ABC: + scorr 
ABC: Warning: The network is combinational (run "fraig" or "fraig_sweep").
ABC: + dc2 
ABC: + dretime 
ABC: + retime -o -D 1000 
ABC: + strash 
ABC: + &get -n 
ABC: + &dch -f 
ABC: + &nf -D 1000 
ABC: + &put 
ABC: + write_blif <abc-temp-dir>/output.blif 
ABC: 
ABC: YOSYS_ABC_DONE 

10.23.2. Re-integrating ABC results.
ABC RESULTS:   A2O1A1Ixp33_ASAP7_75t_R cells:        6
ABC RESULTS:   A2O1A1O1Ixp25_ASAP7_75t_R cells:       10
ABC RESULTS:   AND2x2_ASAP7_75t_R cells:        1
ABC RESULTS:   AND3x1_ASAP7_75t_R cells:        2
ABC RESULTS:   AO21x1_ASAP7_75t_R cells:        8
ABC RESULTS:   AO32x1_ASAP7_75t_R cells:        1
ABC RESULTS:   AOI21xp33_ASAP7_75t_R cells:        7
ABC RESULTS:   AOI221xp5_ASAP7_75t_R cells:       10
ABC RESULTS:   AOI22xp33_ASAP7_75t_R cells:        4
ABC RESULTS:   INVx1_ASAP7_75t_R cells:        5
ABC RESULTS:   NAND2xp33_ASAP7_75t_R cells:        9
ABC RESULTS:   NAND3xp33_ASAP7_75t_R cells:        3
ABC RESULTS:   NOR2xp33_ASAP7_75t_R cells:        5
ABC RESULTS:   NOR3xp33_ASAP7_75t_R cells:        5
ABC RESULTS:   NOR4xp25_ASAP7_75t_R cells:        2
ABC RESULTS:   O2A1O1Ixp33_ASAP7_75t_R cells:       12
ABC RESULTS:   OA21x2_ASAP7_75t_R cells:        2
ABC RESULTS:   OAI21xp33_ASAP7_75t_R cells:       20
ABC RESULTS:   OAI221xp5_ASAP7_75t_R cells:        1
ABC RESULTS:   OAI311xp33_ASAP7_75t_R cells:        1
ABC RESULTS:   OR3x1_ASAP7_75t_R cells:        1
ABC RESULTS:        internal signals:      250
ABC RESULTS:           input signals:       36
ABC RESULTS:          output signals:       32
Removing temp directory.

10.24. Extracting gate netlist of module `\ImmGen$operandCollector.collectorUnit_2.imm' to `<abc-temp-dir>/input.blif'..
ABC: using cached merged SCL: /tmp/yosys-liberty-scl-cache/yosys_merged_f4fcd93b.scl (1 files)

10.24.1. Executed ABC.
Extracted 281 gates and 318 wires to a netlist network with 36 inputs and 32 outputs.
Running ABC script: <abc-temp-dir>/abc.script
ABC: UC Berkeley, ABC 1.01 (compiled Jun  3 2026 15:06:41)
ABC: abc 01> empty
ABC: abc 01> source <abc-temp-dir>/abc.script
ABC: + read_blif <abc-temp-dir>/input.blif 
ABC: + read_scl /tmp/yosys-liberty-scl-cache/yosys_merged_f4fcd93b.scl 
ABC: Warning: Detected 2 multi-output cells (for example, "FAx1_ASAP7_75t_R").
ABC: + strash 
ABC: + &get -n 
ABC: + &fraig -x 
ABC: + &put 
ABC: + scorr 
ABC: Warning: The network is combinational (run "fraig" or "fraig_sweep").
ABC: + dc2 
ABC: + dretime 
ABC: + retime -o -D 1000 
ABC: + strash 
ABC: + &get -n 
ABC: + &dch -f 
ABC: + &nf -D 1000 
ABC: + &put 
ABC: + write_blif <abc-temp-dir>/output.blif 
ABC: 
ABC: YOSYS_ABC_DONE 

10.24.2. Re-integrating ABC results.
ABC RESULTS:   A2O1A1Ixp33_ASAP7_75t_R cells:        6
ABC RESULTS:   A2O1A1O1Ixp25_ASAP7_75t_R cells:       10
ABC RESULTS:   AND2x2_ASAP7_75t_R cells:        1
ABC RESULTS:   AND3x1_ASAP7_75t_R cells:        2
ABC RESULTS:   AO21x1_ASAP7_75t_R cells:        8
ABC RESULTS:   AO32x1_ASAP7_75t_R cells:        1
ABC RESULTS:   AOI21xp33_ASAP7_75t_R cells:        7
ABC RESULTS:   AOI221xp5_ASAP7_75t_R cells:       10
ABC RESULTS:   AOI22xp33_ASAP7_75t_R cells:        4
ABC RESULTS:   INVx1_ASAP7_75t_R cells:        5
ABC RESULTS:   NAND2xp33_ASAP7_75t_R cells:        9
ABC RESULTS:   NAND3xp33_ASAP7_75t_R cells:        3
ABC RESULTS:   NOR2xp33_ASAP7_75t_R cells:        5
ABC RESULTS:   NOR3xp33_ASAP7_75t_R cells:        5
ABC RESULTS:   NOR4xp25_ASAP7_75t_R cells:        2
ABC RESULTS:   O2A1O1Ixp33_ASAP7_75t_R cells:       12
ABC RESULTS:   OA21x2_ASAP7_75t_R cells:        2
ABC RESULTS:   OAI21xp33_ASAP7_75t_R cells:       20
ABC RESULTS:   OAI221xp5_ASAP7_75t_R cells:        1
ABC RESULTS:   OAI311xp33_ASAP7_75t_R cells:        1
ABC RESULTS:   OR3x1_ASAP7_75t_R cells:        1
ABC RESULTS:        internal signals:      250
ABC RESULTS:           input signals:       36
ABC RESULTS:          output signals:       32
Removing temp directory.

10.25. Extracting gate netlist of module `\ImmGen$operandCollector.collectorUnit_1.imm' to `<abc-temp-dir>/input.blif'..
ABC: using cached merged SCL: /tmp/yosys-liberty-scl-cache/yosys_merged_f4fcd93b.scl (1 files)

10.25.1. Executed ABC.
Extracted 281 gates and 318 wires to a netlist network with 36 inputs and 32 outputs.
Running ABC script: <abc-temp-dir>/abc.script
ABC: UC Berkeley, ABC 1.01 (compiled Jun  3 2026 15:06:41)
ABC: abc 01> empty
ABC: abc 01> source <abc-temp-dir>/abc.script
ABC: + read_blif <abc-temp-dir>/input.blif 
ABC: + read_scl /tmp/yosys-liberty-scl-cache/yosys_merged_f4fcd93b.scl 
ABC: Warning: Detected 2 multi-output cells (for example, "FAx1_ASAP7_75t_R").
ABC: + strash 
ABC: + &get -n 
ABC: + &fraig -x 
ABC: + &put 
ABC: + scorr 
ABC: Warning: The network is combinational (run "fraig" or "fraig_sweep").
ABC: + dc2 
ABC: + dretime 
ABC: + retime -o -D 1000 
ABC: + strash 
ABC: + &get -n 
ABC: + &dch -f 
ABC: + &nf -D 1000 
ABC: + &put 
ABC: + write_blif <abc-temp-dir>/output.blif 
ABC: 
ABC: YOSYS_ABC_DONE 

10.25.2. Re-integrating ABC results.
ABC RESULTS:   A2O1A1Ixp33_ASAP7_75t_R cells:        6
ABC RESULTS:   A2O1A1O1Ixp25_ASAP7_75t_R cells:       10
ABC RESULTS:   AND2x2_ASAP7_75t_R cells:        1
ABC RESULTS:   AND3x1_ASAP7_75t_R cells:        2
ABC RESULTS:   AO21x1_ASAP7_75t_R cells:        8
ABC RESULTS:   AO32x1_ASAP7_75t_R cells:        1
ABC RESULTS:   AOI21xp33_ASAP7_75t_R cells:        7
ABC RESULTS:   AOI221xp5_ASAP7_75t_R cells:       10
ABC RESULTS:   AOI22xp33_ASAP7_75t_R cells:        4
ABC RESULTS:   INVx1_ASAP7_75t_R cells:        5
ABC RESULTS:   NAND2xp33_ASAP7_75t_R cells:        9
ABC RESULTS:   NAND3xp33_ASAP7_75t_R cells:        3
ABC RESULTS:   NOR2xp33_ASAP7_75t_R cells:        5
ABC RESULTS:   NOR3xp33_ASAP7_75t_R cells:        5
ABC RESULTS:   NOR4xp25_ASAP7_75t_R cells:        2
ABC RESULTS:   O2A1O1Ixp33_ASAP7_75t_R cells:       12
ABC RESULTS:   OA21x2_ASAP7_75t_R cells:        2
ABC RESULTS:   OAI21xp33_ASAP7_75t_R cells:       20
ABC RESULTS:   OAI221xp5_ASAP7_75t_R cells:        1
ABC RESULTS:   OAI311xp33_ASAP7_75t_R cells:        1
ABC RESULTS:   OR3x1_ASAP7_75t_R cells:        1
ABC RESULTS:        internal signals:      250
ABC RESULTS:           input signals:       36
ABC RESULTS:          output signals:       32
Removing temp directory.

10.26. Extracting gate netlist of module `\ImmGen$operandCollector.collectorUnit.imm' to `<abc-temp-dir>/input.blif'..
ABC: using cached merged SCL: /tmp/yosys-liberty-scl-cache/yosys_merged_f4fcd93b.scl (1 files)

10.26.1. Executed ABC.
Extracted 281 gates and 318 wires to a netlist network with 36 inputs and 32 outputs.
Running ABC script: <abc-temp-dir>/abc.script
ABC: UC Berkeley, ABC 1.01 (compiled Jun  3 2026 15:06:41)
ABC: abc 01> empty
ABC: abc 01> source <abc-temp-dir>/abc.script
ABC: + read_blif <abc-temp-dir>/input.blif 
ABC: + read_scl /tmp/yosys-liberty-scl-cache/yosys_merged_f4fcd93b.scl 
ABC: Warning: Detected 2 multi-output cells (for example, "FAx1_ASAP7_75t_R").
ABC: + strash 
ABC: + &get -n 
ABC: + &fraig -x 
ABC: + &put 
ABC: + scorr 
ABC: Warning: The network is combinational (run "fraig" or "fraig_sweep").
ABC: + dc2 
ABC: + dretime 
ABC: + retime -o -D 1000 
ABC: + strash 
ABC: + &get -n 
ABC: + &dch -f 
ABC: + &nf -D 1000 
ABC: + &put 
ABC: + write_blif <abc-temp-dir>/output.blif 
ABC: 
ABC: YOSYS_ABC_DONE 

10.26.2. Re-integrating ABC results.
ABC RESULTS:   A2O1A1Ixp33_ASAP7_75t_R cells:        6
ABC RESULTS:   A2O1A1O1Ixp25_ASAP7_75t_R cells:       10
ABC RESULTS:   AND2x2_ASAP7_75t_R cells:        1
ABC RESULTS:   AND3x1_ASAP7_75t_R cells:        2
ABC RESULTS:   AO21x1_ASAP7_75t_R cells:        8
ABC RESULTS:   AO32x1_ASAP7_75t_R cells:        1
ABC RESULTS:   AOI21xp33_ASAP7_75t_R cells:        7
ABC RESULTS:   AOI221xp5_ASAP7_75t_R cells:       10
ABC RESULTS:   AOI22xp33_ASAP7_75t_R cells:        4
ABC RESULTS:   INVx1_ASAP7_75t_R cells:        5
ABC RESULTS:   NAND2xp33_ASAP7_75t_R cells:        9
ABC RESULTS:   NAND3xp33_ASAP7_75t_R cells:        3
ABC RESULTS:   NOR2xp33_ASAP7_75t_R cells:        5
ABC RESULTS:   NOR3xp33_ASAP7_75t_R cells:        5
ABC RESULTS:   NOR4xp25_ASAP7_75t_R cells:        2
ABC RESULTS:   O2A1O1Ixp33_ASAP7_75t_R cells:       12
ABC RESULTS:   OA21x2_ASAP7_75t_R cells:        2
ABC RESULTS:   OAI21xp33_ASAP7_75t_R cells:       20
ABC RESULTS:   OAI221xp5_ASAP7_75t_R cells:        1
ABC RESULTS:   OAI311xp33_ASAP7_75t_R cells:        1
ABC RESULTS:   OR3x1_ASAP7_75t_R cells:        1
ABC RESULTS:        internal signals:      250
ABC RESULTS:           input signals:       36
ABC RESULTS:          output signals:       32
Removing temp directory.

10.27. Extracting gate netlist of module `\DualIssueIO$operandCollector.issueUnit' to `<abc-temp-dir>/input.blif'..
ABC: using cached merged SCL: /tmp/yosys-liberty-scl-cache/yosys_merged_f4fcd93b.scl (1 files)

10.27.1. Executed ABC.
Extracted 104 gates and 200 wires to a netlist network with 96 inputs and 24 outputs.
Running ABC script: <abc-temp-dir>/abc.script
ABC: UC Berkeley, ABC 1.01 (compiled Jun  3 2026 15:06:41)
ABC: abc 01> empty
ABC: abc 01> source <abc-temp-dir>/abc.script
ABC: + read_blif <abc-temp-dir>/input.blif 
ABC: + read_scl /tmp/yosys-liberty-scl-cache/yosys_merged_f4fcd93b.scl 
ABC: Warning: Detected 2 multi-output cells (for example, "FAx1_ASAP7_75t_R").
ABC: + strash 
ABC: + &get -n 
ABC: + &fraig -x 
ABC: + &put 
ABC: + scorr 
ABC: Warning: The network is combinational (run "fraig" or "fraig_sweep").
ABC: + dc2 
ABC: + dretime 
ABC: + retime -o -D 1000 
ABC: + strash 
ABC: + &get -n 
ABC: + &dch -f 
ABC: + &nf -D 1000 
ABC: + &put 
ABC: + write_blif <abc-temp-dir>/output.blif 
ABC: 
ABC: YOSYS_ABC_DONE 

10.27.2. Re-integrating ABC results.
ABC RESULTS:   AND2x2_ASAP7_75t_R cells:        8
ABC RESULTS:   INVx1_ASAP7_75t_R cells:       32
ABC RESULTS:   NOR2xp33_ASAP7_75t_R cells:        8
ABC RESULTS:   NOR4xp25_ASAP7_75t_R cells:       16
ABC RESULTS:   OAI21xp33_ASAP7_75t_R cells:        8
ABC RESULTS:   OR3x1_ASAP7_75t_R cells:        8
ABC RESULTS:   OR5x1_ASAP7_75t_R cells:        8
ABC RESULTS:        internal signals:       80
ABC RESULTS:           input signals:       96
ABC RESULTS:          output signals:       24
Removing temp directory.

10.28. Extracting gate netlist of module `\instDemux$operandCollector.Demux' to `<abc-temp-dir>/input.blif'..
ABC: using cached merged SCL: /tmp/yosys-liberty-scl-cache/yosys_merged_f4fcd93b.scl (1 files)

10.28.1. Executed ABC.
Extracted 2101 gates and 2569 wires to a netlist network with 466 inputs and 1834 outputs.
Running ABC script: <abc-temp-dir>/abc.script
ABC: UC Berkeley, ABC 1.01 (compiled Jun  3 2026 15:06:41)
ABC: abc 01> empty
ABC: abc 01> source <abc-temp-dir>/abc.script
ABC: + read_blif <abc-temp-dir>/input.blif 
ABC: + read_scl /tmp/yosys-liberty-scl-cache/yosys_merged_f4fcd93b.scl 
ABC: Warning: Detected 2 multi-output cells (for example, "FAx1_ASAP7_75t_R").
ABC: + strash 
ABC: + &get -n 
ABC: + &fraig -x 
ABC: + &put 
ABC: + scorr 
ABC: Warning: The network is combinational (run "fraig" or "fraig_sweep").
ABC: + dc2 
ABC: + dretime 
ABC: + retime -o -D 1000 
ABC: + strash 
ABC: + &get -n 
ABC: + &dch -f 
ABC: + &nf -D 1000 
ABC: + &put 
ABC: + write_blif <abc-temp-dir>/output.blif 
ABC: 
ABC: YOSYS_ABC_DONE 

10.28.2. Re-integrating ABC results.
ABC RESULTS:   A2O1A1O1Ixp25_ASAP7_75t_R cells:        1
ABC RESULTS:   AND2x2_ASAP7_75t_R cells:        5
ABC RESULTS:   AND3x1_ASAP7_75t_R cells:        1
ABC RESULTS:   AND4x1_ASAP7_75t_R cells:      228
ABC RESULTS:   AO21x1_ASAP7_75t_R cells:        1
ABC RESULTS:   AO32x1_ASAP7_75t_R cells:        1
ABC RESULTS:   AOI21xp33_ASAP7_75t_R cells:      230
ABC RESULTS:   AOI31xp33_ASAP7_75t_R cells:        1
ABC RESULTS:   HB1xp67_ASAP7_75t_R cells:      228
ABC RESULTS:   INVx1_ASAP7_75t_R cells:      461
ABC RESULTS:   MAJIxp5_ASAP7_75t_R cells:        1
ABC RESULTS:   MAJx2_ASAP7_75t_R cells:        1
ABC RESULTS:   NAND2xp33_ASAP7_75t_R cells:      233
ABC RESULTS:   NAND3xp33_ASAP7_75t_R cells:      232
ABC RESULTS:   NAND4xp25_ASAP7_75t_R cells:      229
ABC RESULTS:   NAND5xp2_ASAP7_75t_R cells:        1
ABC RESULTS:   NOR2xp33_ASAP7_75t_R cells:        3
ABC RESULTS:   NOR3xp33_ASAP7_75t_R cells:        1
ABC RESULTS:   NOR4xp25_ASAP7_75t_R cells:        1
ABC RESULTS:   OAI21xp33_ASAP7_75t_R cells:     1603
ABC RESULTS:   OAI31xp33_ASAP7_75t_R cells:      457
ABC RESULTS:   OAI32xp33_ASAP7_75t_R cells:        3
ABC RESULTS:   OR2x2_ASAP7_75t_R cells:        2
ABC RESULTS:   OR3x1_ASAP7_75t_R cells:        4
ABC RESULTS:   OR4x1_ASAP7_75t_R cells:        1
ABC RESULTS:        internal signals:      269
ABC RESULTS:           input signals:      466
ABC RESULTS:          output signals:     1834
Removing temp directory.

10.29. Extracting gate netlist of module `\crossBar$operandCollector.crossBar' to `<abc-temp-dir>/input.blif'..
ABC: using cached merged SCL: /tmp/yosys-liberty-scl-cache/yosys_merged_f4fcd93b.scl (1 files)

10.29.1. Executed ABC.
Extracted 495680 gates and 504225 wires to a netlist network with 8544 inputs and 32896 outputs.
Running ABC script: <abc-temp-dir>/abc.script
ABC: UC Berkeley, ABC 1.01 (compiled Jun  3 2026 15:06:41)
ABC: abc 01> empty
ABC: abc 01> source <abc-temp-dir>/abc.script
ABC: + read_blif <abc-temp-dir>/input.blif 
ABC: + read_scl /tmp/yosys-liberty-scl-cache/yosys_merged_f4fcd93b.scl 
ABC: Warning: Detected 2 multi-output cells (for example, "FAx1_ASAP7_75t_R").
ABC: + strash 
ABC: + &get -n 
ABC: + &fraig -x 
ABC: + &put 
ABC: + scorr 
ABC: Warning: The network is combinational (run "fraig" or "fraig_sweep").
ABC: + dc2 
ABC: + dretime 
ABC: + retime -o -D 1000 
ABC: + strash 
ABC: + &get -n 
ABC: + &dch -f 
ABC: + &nf -D 1000 
ABC: + &put 
ABC: + write_blif <abc-temp-dir>/output.blif 
ABC: 
ABC: YOSYS_ABC_DONE 

10.29.2. Re-integrating ABC results.
ABC RESULTS:   A2O1A1Ixp33_ASAP7_75t_R cells:    23875
ABC RESULTS:   A2O1A1O1Ixp25_ASAP7_75t_R cells:    55106
ABC RESULTS:   AND2x2_ASAP7_75t_R cells:      172
ABC RESULTS:   AND3x1_ASAP7_75t_R cells:      728
ABC RESULTS:   AND4x1_ASAP7_75t_R cells:        6
ABC RESULTS:   AND5x1_ASAP7_75t_R cells:        8
ABC RESULTS:   AO21x1_ASAP7_75t_R cells:     5387
ABC RESULTS:   AO221x1_ASAP7_75t_R cells:       12
ABC RESULTS:   AO32x1_ASAP7_75t_R cells:     1987
ABC RESULTS:   AOI211xp5_ASAP7_75t_R cells:      574
ABC RESULTS:   AOI21xp33_ASAP7_75t_R cells:    21927
ABC RESULTS:   AOI221xp5_ASAP7_75t_R cells:     4181
ABC RESULTS:   AOI22xp33_ASAP7_75t_R cells:     1393
ABC RESULTS:   AOI311xp33_ASAP7_75t_R cells:        1
ABC RESULTS:   AOI31xp33_ASAP7_75t_R cells:       63
ABC RESULTS:   AOI321xp33_ASAP7_75t_R cells:        6
ABC RESULTS:   INVx1_ASAP7_75t_R cells:     1744
ABC RESULTS:   NAND2xp33_ASAP7_75t_R cells:     7527
ABC RESULTS:   NAND3xp33_ASAP7_75t_R cells:      507
ABC RESULTS:   NAND4xp25_ASAP7_75t_R cells:       68
ABC RESULTS:   NAND5xp2_ASAP7_75t_R cells:       74
ABC RESULTS:   NOR2xp33_ASAP7_75t_R cells:    33503
ABC RESULTS:   NOR3xp33_ASAP7_75t_R cells:     3386
ABC RESULTS:   NOR4xp25_ASAP7_75t_R cells:       99
ABC RESULTS:   NOR5xp2_ASAP7_75t_R cells:       78
ABC RESULTS:   O2A1O1Ixp33_ASAP7_75t_R cells:    36802
ABC RESULTS:   OA211x2_ASAP7_75t_R cells:     6032
ABC RESULTS:   OA21x2_ASAP7_75t_R cells:     7063
ABC RESULTS:   OA22x2_ASAP7_75t_R cells:        1
ABC RESULTS:   OAI211xp5_ASAP7_75t_R cells:     8264
ABC RESULTS:   OAI21xp33_ASAP7_75t_R cells:   117826
ABC RESULTS:   OAI221xp5_ASAP7_75t_R cells:    44822
ABC RESULTS:   OAI22xp33_ASAP7_75t_R cells:       14
ABC RESULTS:   OAI31xp33_ASAP7_75t_R cells:      473
ABC RESULTS:   OAI32xp33_ASAP7_75t_R cells:      186
ABC RESULTS:   OR2x2_ASAP7_75t_R cells:       26
ABC RESULTS:   OR3x1_ASAP7_75t_R cells:      394
ABC RESULTS:   OR4x1_ASAP7_75t_R cells:        6
ABC RESULTS:   OR5x1_ASAP7_75t_R cells:       17
ABC RESULTS:          _const0_ cells:       32
ABC RESULTS:        internal signals:   462785
ABC RESULTS:           input signals:     8544
ABC RESULTS:          output signals:    32896
Removing temp directory.

10.30. Extracting gate netlist of module `\RegFileBank$operandCollector.RegFileBank_7' to `<abc-temp-dir>/input.blif'..
ABC: using cached merged SCL: /tmp/yosys-liberty-scl-cache/yosys_merged_f4fcd93b.scl (1 files)

10.30.1. Executed ABC.
Extracted 80 gates and 160 wires to a netlist network with 80 inputs and 33 outputs.
Running ABC script: <abc-temp-dir>/abc.script
ABC: UC Berkeley, ABC 1.01 (compiled Jun  3 2026 15:06:41)
ABC: abc 01> empty
ABC: abc 01> source <abc-temp-dir>/abc.script
ABC: + read_blif <abc-temp-dir>/input.blif 
ABC: + read_scl /tmp/yosys-liberty-scl-cache/yosys_merged_f4fcd93b.scl 
ABC: Warning: Detected 2 multi-output cells (for example, "FAx1_ASAP7_75t_R").
ABC: + strash 
ABC: + &get -n 
ABC: + &fraig -x 
ABC: + &put 
ABC: + scorr 
ABC: Warning: The network is combinational (run "fraig" or "fraig_sweep").
ABC: + dc2 
ABC: + dretime 
ABC: + retime -o -D 1000 
ABC: + strash 
ABC: + &get -n 
ABC: + &dch -f 
ABC: + &nf -D 1000 
ABC: + &put 
ABC: + write_blif <abc-temp-dir>/output.blif 
ABC: 
ABC: YOSYS_ABC_DONE 

10.30.2. Re-integrating ABC results.
ABC RESULTS:   AND2x2_ASAP7_75t_R cells:        1
ABC RESULTS:   AND4x1_ASAP7_75t_R cells:        1
ABC RESULTS:   AOI22xp33_ASAP7_75t_R cells:        2
ABC RESULTS:   INVx1_ASAP7_75t_R cells:        5
ABC RESULTS:   NAND2xp33_ASAP7_75t_R cells:       32
ABC RESULTS:   NOR2xp33_ASAP7_75t_R cells:        1
ABC RESULTS:   NOR4xp25_ASAP7_75t_R cells:        1
ABC RESULTS:   OAI21xp33_ASAP7_75t_R cells:       33
ABC RESULTS:   OAI22xp33_ASAP7_75t_R cells:        2
ABC RESULTS:   XOR2xp5_ASAP7_75t_R cells:        2
ABC RESULTS:        internal signals:       47
ABC RESULTS:           input signals:       80
ABC RESULTS:          output signals:       33
Removing temp directory.

10.31. Extracting gate netlist of module `\RegFileBank$operandCollector.RegFileBank_6' to `<abc-temp-dir>/input.blif'..
ABC: using cached merged SCL: /tmp/yosys-liberty-scl-cache/yosys_merged_f4fcd93b.scl (1 files)

10.31.1. Executed ABC.
Extracted 80 gates and 160 wires to a netlist network with 80 inputs and 33 outputs.
Running ABC script: <abc-temp-dir>/abc.script
ABC: UC Berkeley, ABC 1.01 (compiled Jun  3 2026 15:06:41)
ABC: abc 01> empty
ABC: abc 01> source <abc-temp-dir>/abc.script
ABC: + read_blif <abc-temp-dir>/input.blif 
ABC: + read_scl /tmp/yosys-liberty-scl-cache/yosys_merged_f4fcd93b.scl 
ABC: Warning: Detected 2 multi-output cells (for example, "FAx1_ASAP7_75t_R").
ABC: + strash 
ABC: + &get -n 
ABC: + &fraig -x 
ABC: + &put 
ABC: + scorr 
ABC: Warning: The network is combinational (run "fraig" or "fraig_sweep").
ABC: + dc2 
ABC: + dretime 
ABC: + retime -o -D 1000 
ABC: + strash 
ABC: + &get -n 
ABC: + &dch -f 
ABC: + &nf -D 1000 
ABC: + &put 
ABC: + write_blif <abc-temp-dir>/output.blif 
ABC: 
ABC: YOSYS_ABC_DONE 

10.31.2. Re-integrating ABC results.
ABC RESULTS:   AND2x2_ASAP7_75t_R cells:        1
ABC RESULTS:   AND4x1_ASAP7_75t_R cells:        1
ABC RESULTS:   AOI22xp33_ASAP7_75t_R cells:        2
ABC RESULTS:   INVx1_ASAP7_75t_R cells:        5
ABC RESULTS:   NAND2xp33_ASAP7_75t_R cells:       32
ABC RESULTS:   NOR2xp33_ASAP7_75t_R cells:        1
ABC RESULTS:   NOR4xp25_ASAP7_75t_R cells:        1
ABC RESULTS:   OAI21xp33_ASAP7_75t_R cells:       33
ABC RESULTS:   OAI22xp33_ASAP7_75t_R cells:        2
ABC RESULTS:   XOR2xp5_ASAP7_75t_R cells:        2
ABC RESULTS:        internal signals:       47
ABC RESULTS:           input signals:       80
ABC RESULTS:          output signals:       33
Removing temp directory.

10.32. Extracting gate netlist of module `\RegFileBank$operandCollector.RegFileBank_5' to `<abc-temp-dir>/input.blif'..
ABC: using cached merged SCL: /tmp/yosys-liberty-scl-cache/yosys_merged_f4fcd93b.scl (1 files)

10.32.1. Executed ABC.
Extracted 80 gates and 160 wires to a netlist network with 80 inputs and 33 outputs.
Running ABC script: <abc-temp-dir>/abc.script
ABC: UC Berkeley, ABC 1.01 (compiled Jun  3 2026 15:06:41)
ABC: abc 01> empty
ABC: abc 01> source <abc-temp-dir>/abc.script
ABC: + read_blif <abc-temp-dir>/input.blif 
ABC: + read_scl /tmp/yosys-liberty-scl-cache/yosys_merged_f4fcd93b.scl 
ABC: Warning: Detected 2 multi-output cells (for example, "FAx1_ASAP7_75t_R").
ABC: + strash 
ABC: + &get -n 
ABC: + &fraig -x 
ABC: + &put 
ABC: + scorr 
ABC: Warning: The network is combinational (run "fraig" or "fraig_sweep").
ABC: + dc2 
ABC: + dretime 
ABC: + retime -o -D 1000 
ABC: + strash 
ABC: + &get -n 
ABC: + &dch -f 
ABC: + &nf -D 1000 
ABC: + &put 
ABC: + write_blif <abc-temp-dir>/output.blif 
ABC: 
ABC: YOSYS_ABC_DONE 

10.32.2. Re-integrating ABC results.
ABC RESULTS:   AND2x2_ASAP7_75t_R cells:        1
ABC RESULTS:   AND4x1_ASAP7_75t_R cells:        1
ABC RESULTS:   AOI22xp33_ASAP7_75t_R cells:        2
ABC RESULTS:   INVx1_ASAP7_75t_R cells:        5
ABC RESULTS:   NAND2xp33_ASAP7_75t_R cells:       32
ABC RESULTS:   NOR2xp33_ASAP7_75t_R cells:        1
ABC RESULTS:   NOR4xp25_ASAP7_75t_R cells:        1
ABC RESULTS:   OAI21xp33_ASAP7_75t_R cells:       33
ABC RESULTS:   OAI22xp33_ASAP7_75t_R cells:        2
ABC RESULTS:   XOR2xp5_ASAP7_75t_R cells:        2
ABC RESULTS:        internal signals:       47
ABC RESULTS:           input signals:       80
ABC RESULTS:          output signals:       33
Removing temp directory.

10.33. Extracting gate netlist of module `\RegFileBank$operandCollector.RegFileBank_4' to `<abc-temp-dir>/input.blif'..
ABC: using cached merged SCL: /tmp/yosys-liberty-scl-cache/yosys_merged_f4fcd93b.scl (1 files)

10.33.1. Executed ABC.
Extracted 80 gates and 160 wires to a netlist network with 80 inputs and 33 outputs.
Running ABC script: <abc-temp-dir>/abc.script
ABC: UC Berkeley, ABC 1.01 (compiled Jun  3 2026 15:06:41)
ABC: abc 01> empty
ABC: abc 01> source <abc-temp-dir>/abc.script
ABC: + read_blif <abc-temp-dir>/input.blif 
ABC: + read_scl /tmp/yosys-liberty-scl-cache/yosys_merged_f4fcd93b.scl 
ABC: Warning: Detected 2 multi-output cells (for example, "FAx1_ASAP7_75t_R").
ABC: + strash 
ABC: + &get -n 
ABC: + &fraig -x 
ABC: + &put 
ABC: + scorr 
ABC: Warning: The network is combinational (run "fraig" or "fraig_sweep").
ABC: + dc2 
ABC: + dretime 
ABC: + retime -o -D 1000 
ABC: + strash 
ABC: + &get -n 
ABC: + &dch -f 
ABC: + &nf -D 1000 
ABC: + &put 
ABC: + write_blif <abc-temp-dir>/output.blif 
ABC: 
ABC: YOSYS_ABC_DONE 

10.33.2. Re-integrating ABC results.
ABC RESULTS:   AND2x2_ASAP7_75t_R cells:        1
ABC RESULTS:   AND4x1_ASAP7_75t_R cells:        1
ABC RESULTS:   AOI22xp33_ASAP7_75t_R cells:        2
ABC RESULTS:   INVx1_ASAP7_75t_R cells:        5
ABC RESULTS:   NAND2xp33_ASAP7_75t_R cells:       32
ABC RESULTS:   NOR2xp33_ASAP7_75t_R cells:        1
ABC RESULTS:   NOR4xp25_ASAP7_75t_R cells:        1
ABC RESULTS:   OAI21xp33_ASAP7_75t_R cells:       33
ABC RESULTS:   OAI22xp33_ASAP7_75t_R cells:        2
ABC RESULTS:   XOR2xp5_ASAP7_75t_R cells:        2
ABC RESULTS:        internal signals:       47
ABC RESULTS:           input signals:       80
ABC RESULTS:          output signals:       33
Removing temp directory.

10.34. Extracting gate netlist of module `\RegFileBank$operandCollector.RegFileBank_3' to `<abc-temp-dir>/input.blif'..
ABC: using cached merged SCL: /tmp/yosys-liberty-scl-cache/yosys_merged_f4fcd93b.scl (1 files)

10.34.1. Executed ABC.
Extracted 80 gates and 160 wires to a netlist network with 80 inputs and 33 outputs.
Running ABC script: <abc-temp-dir>/abc.script
ABC: UC Berkeley, ABC 1.01 (compiled Jun  3 2026 15:06:41)
ABC: abc 01> empty
ABC: abc 01> source <abc-temp-dir>/abc.script
ABC: + read_blif <abc-temp-dir>/input.blif 
ABC: + read_scl /tmp/yosys-liberty-scl-cache/yosys_merged_f4fcd93b.scl 
ABC: Warning: Detected 2 multi-output cells (for example, "FAx1_ASAP7_75t_R").
ABC: + strash 
ABC: + &get -n 
ABC: + &fraig -x 
ABC: + &put 
ABC: + scorr 
ABC: Warning: The network is combinational (run "fraig" or "fraig_sweep").
ABC: + dc2 
ABC: + dretime 
ABC: + retime -o -D 1000 
ABC: + strash 
ABC: + &get -n 
ABC: + &dch -f 
ABC: + &nf -D 1000 
ABC: + &put 
ABC: + write_blif <abc-temp-dir>/output.blif 
ABC: 
ABC: YOSYS_ABC_DONE 

10.34.2. Re-integrating ABC results.
ABC RESULTS:   AND2x2_ASAP7_75t_R cells:        1
ABC RESULTS:   AND4x1_ASAP7_75t_R cells:        1
ABC RESULTS:   AOI22xp33_ASAP7_75t_R cells:        2
ABC RESULTS:   INVx1_ASAP7_75t_R cells:        5
ABC RESULTS:   NAND2xp33_ASAP7_75t_R cells:       32
ABC RESULTS:   NOR2xp33_ASAP7_75t_R cells:        1
ABC RESULTS:   NOR4xp25_ASAP7_75t_R cells:        1
ABC RESULTS:   OAI21xp33_ASAP7_75t_R cells:       33
ABC RESULTS:   OAI22xp33_ASAP7_75t_R cells:        2
ABC RESULTS:   XOR2xp5_ASAP7_75t_R cells:        2
ABC RESULTS:        internal signals:       47
ABC RESULTS:           input signals:       80
ABC RESULTS:          output signals:       33
Removing temp directory.

10.35. Extracting gate netlist of module `\RegFileBank$operandCollector.RegFileBank_2' to `<abc-temp-dir>/input.blif'..
ABC: using cached merged SCL: /tmp/yosys-liberty-scl-cache/yosys_merged_f4fcd93b.scl (1 files)

10.35.1. Executed ABC.
Extracted 80 gates and 160 wires to a netlist network with 80 inputs and 33 outputs.
Running ABC script: <abc-temp-dir>/abc.script
ABC: UC Berkeley, ABC 1.01 (compiled Jun  3 2026 15:06:41)
ABC: abc 01> empty
ABC: abc 01> source <abc-temp-dir>/abc.script
ABC: + read_blif <abc-temp-dir>/input.blif 
ABC: + read_scl /tmp/yosys-liberty-scl-cache/yosys_merged_f4fcd93b.scl 
ABC: Warning: Detected 2 multi-output cells (for example, "FAx1_ASAP7_75t_R").
ABC: + strash 
ABC: + &get -n 
ABC: + &fraig -x 
ABC: + &put 
ABC: + scorr 
ABC: Warning: The network is combinational (run "fraig" or "fraig_sweep").
ABC: + dc2 
ABC: + dretime 
ABC: + retime -o -D 1000 
ABC: + strash 
ABC: + &get -n 
ABC: + &dch -f 
ABC: + &nf -D 1000 
ABC: + &put 
ABC: + write_blif <abc-temp-dir>/output.blif 
ABC: 
ABC: YOSYS_ABC_DONE 

10.35.2. Re-integrating ABC results.
ABC RESULTS:   AND2x2_ASAP7_75t_R cells:        1
ABC RESULTS:   AND4x1_ASAP7_75t_R cells:        1
ABC RESULTS:   AOI22xp33_ASAP7_75t_R cells:        2
ABC RESULTS:   INVx1_ASAP7_75t_R cells:        5
ABC RESULTS:   NAND2xp33_ASAP7_75t_R cells:       32
ABC RESULTS:   NOR2xp33_ASAP7_75t_R cells:        1
ABC RESULTS:   NOR4xp25_ASAP7_75t_R cells:        1
ABC RESULTS:   OAI21xp33_ASAP7_75t_R cells:       33
ABC RESULTS:   OAI22xp33_ASAP7_75t_R cells:        2
ABC RESULTS:   XOR2xp5_ASAP7_75t_R cells:        2
ABC RESULTS:        internal signals:       47
ABC RESULTS:           input signals:       80
ABC RESULTS:          output signals:       33
Removing temp directory.

10.36. Extracting gate netlist of module `\RegFileBank$operandCollector.RegFileBank_1' to `<abc-temp-dir>/input.blif'..
ABC: using cached merged SCL: /tmp/yosys-liberty-scl-cache/yosys_merged_f4fcd93b.scl (1 files)

10.36.1. Executed ABC.
Extracted 80 gates and 160 wires to a netlist network with 80 inputs and 33 outputs.
Running ABC script: <abc-temp-dir>/abc.script
ABC: UC Berkeley, ABC 1.01 (compiled Jun  3 2026 15:06:41)
ABC: abc 01> empty
ABC: abc 01> source <abc-temp-dir>/abc.script
ABC: + read_blif <abc-temp-dir>/input.blif 
ABC: + read_scl /tmp/yosys-liberty-scl-cache/yosys_merged_f4fcd93b.scl 
ABC: Warning: Detected 2 multi-output cells (for example, "FAx1_ASAP7_75t_R").
ABC: + strash 
ABC: + &get -n 
ABC: + &fraig -x 
ABC: + &put 
ABC: + scorr 
ABC: Warning: The network is combinational (run "fraig" or "fraig_sweep").
ABC: + dc2 
ABC: + dretime 
ABC: + retime -o -D 1000 
ABC: + strash 
ABC: + &get -n 
ABC: + &dch -f 
ABC: + &nf -D 1000 
ABC: + &put 
ABC: + write_blif <abc-temp-dir>/output.blif 
ABC: 
ABC: YOSYS_ABC_DONE 

10.36.2. Re-integrating ABC results.
ABC RESULTS:   AND2x2_ASAP7_75t_R cells:        1
ABC RESULTS:   AND4x1_ASAP7_75t_R cells:        1
ABC RESULTS:   AOI22xp33_ASAP7_75t_R cells:        2
ABC RESULTS:   INVx1_ASAP7_75t_R cells:        5
ABC RESULTS:   NAND2xp33_ASAP7_75t_R cells:       32
ABC RESULTS:   NOR2xp33_ASAP7_75t_R cells:        1
ABC RESULTS:   NOR4xp25_ASAP7_75t_R cells:        1
ABC RESULTS:   OAI21xp33_ASAP7_75t_R cells:       33
ABC RESULTS:   OAI22xp33_ASAP7_75t_R cells:        2
ABC RESULTS:   XOR2xp5_ASAP7_75t_R cells:        2
ABC RESULTS:        internal signals:       47
ABC RESULTS:           input signals:       80
ABC RESULTS:          output signals:       33
Removing temp directory.

10.37. Extracting gate netlist of module `\RegFileBank$operandCollector.RegFileBank' to `<abc-temp-dir>/input.blif'..
ABC: using cached merged SCL: /tmp/yosys-liberty-scl-cache/yosys_merged_f4fcd93b.scl (1 files)

10.37.1. Executed ABC.
Extracted 80 gates and 160 wires to a netlist network with 80 inputs and 33 outputs.
Running ABC script: <abc-temp-dir>/abc.script
ABC: UC Berkeley, ABC 1.01 (compiled Jun  3 2026 15:06:41)
ABC: abc 01> empty
ABC: abc 01> source <abc-temp-dir>/abc.script
ABC: + read_blif <abc-temp-dir>/input.blif 
ABC: + read_scl /tmp/yosys-liberty-scl-cache/yosys_merged_f4fcd93b.scl 
ABC: Warning: Detected 2 multi-output cells (for example, "FAx1_ASAP7_75t_R").
ABC: + strash 
ABC: + &get -n 
ABC: + &fraig -x 
ABC: + &put 
ABC: + scorr 
ABC: Warning: The network is combinational (run "fraig" or "fraig_sweep").
ABC: + dc2 
ABC: + dretime 
ABC: + retime -o -D 1000 
ABC: + strash 
ABC: + &get -n 
ABC: + &dch -f 
ABC: + &nf -D 1000 
ABC: + &put 
ABC: + write_blif <abc-temp-dir>/output.blif 
ABC: 
ABC: YOSYS_ABC_DONE 

10.37.2. Re-integrating ABC results.
ABC RESULTS:   AND2x2_ASAP7_75t_R cells:        1
ABC RESULTS:   AND4x1_ASAP7_75t_R cells:        1
ABC RESULTS:   AOI22xp33_ASAP7_75t_R cells:        2
ABC RESULTS:   INVx1_ASAP7_75t_R cells:        5
ABC RESULTS:   NAND2xp33_ASAP7_75t_R cells:       32
ABC RESULTS:   NOR2xp33_ASAP7_75t_R cells:        1
ABC RESULTS:   NOR4xp25_ASAP7_75t_R cells:        1
ABC RESULTS:   OAI21xp33_ASAP7_75t_R cells:       33
ABC RESULTS:   OAI22xp33_ASAP7_75t_R cells:        2
ABC RESULTS:   XOR2xp5_ASAP7_75t_R cells:        2
ABC RESULTS:        internal signals:       47
ABC RESULTS:           input signals:       80
ABC RESULTS:          output signals:       33
Removing temp directory.

10.38. Extracting gate netlist of module `\FloatRegFileBank$operandCollector.FloatRegFileBank_7' to `<abc-temp-dir>/input.blif'..
ABC: using cached merged SCL: /tmp/yosys-liberty-scl-cache/yosys_merged_f4fcd93b.scl (1 files)

10.38.1. Executed ABC.
Extracted 2064 gates and 4128 wires to a netlist network with 2064 inputs and 1025 outputs.
Running ABC script: <abc-temp-dir>/abc.script
ABC: UC Berkeley, ABC 1.01 (compiled Jun  3 2026 15:06:41)
ABC: abc 01> empty
ABC: abc 01> source <abc-temp-dir>/abc.script
ABC: + read_blif <abc-temp-dir>/input.blif 
ABC: + read_scl /tmp/yosys-liberty-scl-cache/yosys_merged_f4fcd93b.scl 
ABC: Warning: Detected 2 multi-output cells (for example, "FAx1_ASAP7_75t_R").
ABC: + strash 
ABC: + &get -n 
ABC: + &fraig -x 
ABC: + &put 
ABC: + scorr 
ABC: Warning: The network is combinational (run "fraig" or "fraig_sweep").
ABC: + dc2 
ABC: + dretime 
ABC: + retime -o -D 1000 
ABC: + strash 
ABC: + &get -n 
ABC: + &dch -f 
ABC: + &nf -D 1000 
ABC: + &put 
ABC: + write_blif <abc-temp-dir>/output.blif 
ABC: 
ABC: YOSYS_ABC_DONE 

10.38.2. Re-integrating ABC results.
ABC RESULTS:   AND2x2_ASAP7_75t_R cells:        1
ABC RESULTS:   AND4x1_ASAP7_75t_R cells:        1
ABC RESULTS:   AOI22xp33_ASAP7_75t_R cells:        2
ABC RESULTS:   INVx1_ASAP7_75t_R cells:        5
ABC RESULTS:   NAND2xp33_ASAP7_75t_R cells:     1024
ABC RESULTS:   NOR2xp33_ASAP7_75t_R cells:        1
ABC RESULTS:   NOR4xp25_ASAP7_75t_R cells:        1
ABC RESULTS:   OAI21xp33_ASAP7_75t_R cells:     1025
ABC RESULTS:   OAI22xp33_ASAP7_75t_R cells:        2
ABC RESULTS:   XOR2xp5_ASAP7_75t_R cells:        2
ABC RESULTS:        internal signals:     1039
ABC RESULTS:           input signals:     2064
ABC RESULTS:          output signals:     1025
Removing temp directory.

10.39. Extracting gate netlist of module `\FloatRegFileBank$operandCollector.FloatRegFileBank_6' to `<abc-temp-dir>/input.blif'..
ABC: using cached merged SCL: /tmp/yosys-liberty-scl-cache/yosys_merged_f4fcd93b.scl (1 files)

10.39.1. Executed ABC.
Extracted 2064 gates and 4128 wires to a netlist network with 2064 inputs and 1025 outputs.
Running ABC script: <abc-temp-dir>/abc.script
ABC: UC Berkeley, ABC 1.01 (compiled Jun  3 2026 15:06:41)
ABC: abc 01> empty
ABC: abc 01> source <abc-temp-dir>/abc.script
ABC: + read_blif <abc-temp-dir>/input.blif 
ABC: + read_scl /tmp/yosys-liberty-scl-cache/yosys_merged_f4fcd93b.scl 
ABC: Warning: Detected 2 multi-output cells (for example, "FAx1_ASAP7_75t_R").
ABC: + strash 
ABC: + &get -n 
ABC: + &fraig -x 
ABC: + &put 
ABC: + scorr 
ABC: Warning: The network is combinational (run "fraig" or "fraig_sweep").
ABC: + dc2 
ABC: + dretime 
ABC: + retime -o -D 1000 
ABC: + strash 
ABC: + &get -n 
ABC: + &dch -f 
ABC: + &nf -D 1000 
ABC: + &put 
ABC: + write_blif <abc-temp-dir>/output.blif 
ABC: 
ABC: YOSYS_ABC_DONE 

10.39.2. Re-integrating ABC results.
ABC RESULTS:   AND2x2_ASAP7_75t_R cells:        1
ABC RESULTS:   AND4x1_ASAP7_75t_R cells:        1
ABC RESULTS:   AOI22xp33_ASAP7_75t_R cells:        2
ABC RESULTS:   INVx1_ASAP7_75t_R cells:        5
ABC RESULTS:   NAND2xp33_ASAP7_75t_R cells:     1024
ABC RESULTS:   NOR2xp33_ASAP7_75t_R cells:        1
ABC RESULTS:   NOR4xp25_ASAP7_75t_R cells:        1
ABC RESULTS:   OAI21xp33_ASAP7_75t_R cells:     1025
ABC RESULTS:   OAI22xp33_ASAP7_75t_R cells:        2
ABC RESULTS:   XOR2xp5_ASAP7_75t_R cells:        2
ABC RESULTS:        internal signals:     1039
ABC RESULTS:           input signals:     2064
ABC RESULTS:          output signals:     1025
Removing temp directory.

10.40. Extracting gate netlist of module `\FloatRegFileBank$operandCollector.FloatRegFileBank_5' to `<abc-temp-dir>/input.blif'..
ABC: using cached merged SCL: /tmp/yosys-liberty-scl-cache/yosys_merged_f4fcd93b.scl (1 files)

10.40.1. Executed ABC.
Extracted 2064 gates and 4128 wires to a netlist network with 2064 inputs and 1025 outputs.
Running ABC script: <abc-temp-dir>/abc.script
ABC: UC Berkeley, ABC 1.01 (compiled Jun  3 2026 15:06:41)
ABC: abc 01> empty
ABC: abc 01> source <abc-temp-dir>/abc.script
ABC: + read_blif <abc-temp-dir>/input.blif 
ABC: + read_scl /tmp/yosys-liberty-scl-cache/yosys_merged_f4fcd93b.scl 
ABC: Warning: Detected 2 multi-output cells (for example, "FAx1_ASAP7_75t_R").
ABC: + strash 
ABC: + &get -n 
ABC: + &fraig -x 
ABC: + &put 
ABC: + scorr 
ABC: Warning: The network is combinational (run "fraig" or "fraig_sweep").
ABC: + dc2 
ABC: + dretime 
ABC: + retime -o -D 1000 
ABC: + strash 
ABC: + &get -n 
ABC: + &dch -f 
ABC: + &nf -D 1000 
ABC: + &put 
ABC: + write_blif <abc-temp-dir>/output.blif 
ABC: 
ABC: YOSYS_ABC_DONE 

10.40.2. Re-integrating ABC results.
ABC RESULTS:   AND2x2_ASAP7_75t_R cells:        1
ABC RESULTS:   AND4x1_ASAP7_75t_R cells:        1
ABC RESULTS:   AOI22xp33_ASAP7_75t_R cells:        2
ABC RESULTS:   INVx1_ASAP7_75t_R cells:        5
ABC RESULTS:   NAND2xp33_ASAP7_75t_R cells:     1024
ABC RESULTS:   NOR2xp33_ASAP7_75t_R cells:        1
ABC RESULTS:   NOR4xp25_ASAP7_75t_R cells:        1
ABC RESULTS:   OAI21xp33_ASAP7_75t_R cells:     1025
ABC RESULTS:   OAI22xp33_ASAP7_75t_R cells:        2
ABC RESULTS:   XOR2xp5_ASAP7_75t_R cells:        2
ABC RESULTS:        internal signals:     1039
ABC RESULTS:           input signals:     2064
ABC RESULTS:          output signals:     1025
Removing temp directory.

10.41. Extracting gate netlist of module `\FloatRegFileBank$operandCollector.FloatRegFileBank_4' to `<abc-temp-dir>/input.blif'..
ABC: using cached merged SCL: /tmp/yosys-liberty-scl-cache/yosys_merged_f4fcd93b.scl (1 files)

10.41.1. Executed ABC.
Extracted 2064 gates and 4128 wires to a netlist network with 2064 inputs and 1025 outputs.
Running ABC script: <abc-temp-dir>/abc.script
ABC: UC Berkeley, ABC 1.01 (compiled Jun  3 2026 15:06:41)
ABC: abc 01> empty
ABC: abc 01> source <abc-temp-dir>/abc.script
ABC: + read_blif <abc-temp-dir>/input.blif 
ABC: + read_scl /tmp/yosys-liberty-scl-cache/yosys_merged_f4fcd93b.scl 
ABC: Warning: Detected 2 multi-output cells (for example, "FAx1_ASAP7_75t_R").
ABC: + strash 
ABC: + &get -n 
ABC: + &fraig -x 
ABC: + &put 
ABC: + scorr 
ABC: Warning: The network is combinational (run "fraig" or "fraig_sweep").
ABC: + dc2 
ABC: + dretime 
ABC: + retime -o -D 1000 
ABC: + strash 
ABC: + &get -n 
ABC: + &dch -f 
ABC: + &nf -D 1000 
ABC: + &put 
ABC: + write_blif <abc-temp-dir>/output.blif 
ABC: 
ABC: YOSYS_ABC_DONE 

10.41.2. Re-integrating ABC results.
ABC RESULTS:   AND2x2_ASAP7_75t_R cells:        1
ABC RESULTS:   AND4x1_ASAP7_75t_R cells:        1
ABC RESULTS:   AOI22xp33_ASAP7_75t_R cells:        2
ABC RESULTS:   INVx1_ASAP7_75t_R cells:        5
ABC RESULTS:   NAND2xp33_ASAP7_75t_R cells:     1024
ABC RESULTS:   NOR2xp33_ASAP7_75t_R cells:        1
ABC RESULTS:   NOR4xp25_ASAP7_75t_R cells:        1
ABC RESULTS:   OAI21xp33_ASAP7_75t_R cells:     1025
ABC RESULTS:   OAI22xp33_ASAP7_75t_R cells:        2
ABC RESULTS:   XOR2xp5_ASAP7_75t_R cells:        2
ABC RESULTS:        internal signals:     1039
ABC RESULTS:           input signals:     2064
ABC RESULTS:          output signals:     1025
Removing temp directory.

10.42. Extracting gate netlist of module `\FloatRegFileBank$operandCollector.FloatRegFileBank_3' to `<abc-temp-dir>/input.blif'..
ABC: using cached merged SCL: /tmp/yosys-liberty-scl-cache/yosys_merged_f4fcd93b.scl (1 files)

10.42.1. Executed ABC.
Extracted 2064 gates and 4128 wires to a netlist network with 2064 inputs and 1025 outputs.
Running ABC script: <abc-temp-dir>/abc.script
ABC: UC Berkeley, ABC 1.01 (compiled Jun  3 2026 15:06:41)
ABC: abc 01> empty
ABC: abc 01> source <abc-temp-dir>/abc.script
ABC: + read_blif <abc-temp-dir>/input.blif 
ABC: + read_scl /tmp/yosys-liberty-scl-cache/yosys_merged_f4fcd93b.scl 
ABC: Warning: Detected 2 multi-output cells (for example, "FAx1_ASAP7_75t_R").
ABC: + strash 
ABC: + &get -n 
ABC: + &fraig -x 
ABC: + &put 
ABC: + scorr 
ABC: Warning: The network is combinational (run "fraig" or "fraig_sweep").
ABC: + dc2 
ABC: + dretime 
ABC: + retime -o -D 1000 
ABC: + strash 
ABC: + &get -n 
ABC: + &dch -f 
ABC: + &nf -D 1000 
ABC: + &put 
ABC: + write_blif <abc-temp-dir>/output.blif 
ABC: 
ABC: YOSYS_ABC_DONE 

10.42.2. Re-integrating ABC results.
ABC RESULTS:   AND2x2_ASAP7_75t_R cells:        1
ABC RESULTS:   AND4x1_ASAP7_75t_R cells:        1
ABC RESULTS:   AOI22xp33_ASAP7_75t_R cells:        2
ABC RESULTS:   INVx1_ASAP7_75t_R cells:        5
ABC RESULTS:   NAND2xp33_ASAP7_75t_R cells:     1024
ABC RESULTS:   NOR2xp33_ASAP7_75t_R cells:        1
ABC RESULTS:   NOR4xp25_ASAP7_75t_R cells:        1
ABC RESULTS:   OAI21xp33_ASAP7_75t_R cells:     1025
ABC RESULTS:   OAI22xp33_ASAP7_75t_R cells:        2
ABC RESULTS:   XOR2xp5_ASAP7_75t_R cells:        2
ABC RESULTS:        internal signals:     1039
ABC RESULTS:           input signals:     2064
ABC RESULTS:          output signals:     1025
Removing temp directory.

10.43. Extracting gate netlist of module `\FloatRegFileBank$operandCollector.FloatRegFileBank_2' to `<abc-temp-dir>/input.blif'..
ABC: using cached merged SCL: /tmp/yosys-liberty-scl-cache/yosys_merged_f4fcd93b.scl (1 files)

10.43.1. Executed ABC.
Extracted 2064 gates and 4128 wires to a netlist network with 2064 inputs and 1025 outputs.
Running ABC script: <abc-temp-dir>/abc.script
ABC: UC Berkeley, ABC 1.01 (compiled Jun  3 2026 15:06:41)
ABC: abc 01> empty
ABC: abc 01> source <abc-temp-dir>/abc.script
ABC: + read_blif <abc-temp-dir>/input.blif 
ABC: + read_scl /tmp/yosys-liberty-scl-cache/yosys_merged_f4fcd93b.scl 
ABC: Warning: Detected 2 multi-output cells (for example, "FAx1_ASAP7_75t_R").
ABC: + strash 
ABC: + &get -n 
ABC: + &fraig -x 
ABC: + &put 
ABC: + scorr 
ABC: Warning: The network is combinational (run "fraig" or "fraig_sweep").
ABC: + dc2 
ABC: + dretime 
ABC: + retime -o -D 1000 
ABC: + strash 
ABC: + &get -n 
ABC: + &dch -f 
ABC: + &nf -D 1000 
ABC: + &put 
ABC: + write_blif <abc-temp-dir>/output.blif 
ABC: 
ABC: YOSYS_ABC_DONE 

10.43.2. Re-integrating ABC results.
ABC RESULTS:   AND2x2_ASAP7_75t_R cells:        1
ABC RESULTS:   AND4x1_ASAP7_75t_R cells:        1
ABC RESULTS:   AOI22xp33_ASAP7_75t_R cells:        2
ABC RESULTS:   INVx1_ASAP7_75t_R cells:        5
ABC RESULTS:   NAND2xp33_ASAP7_75t_R cells:     1024
ABC RESULTS:   NOR2xp33_ASAP7_75t_R cells:        1
ABC RESULTS:   NOR4xp25_ASAP7_75t_R cells:        1
ABC RESULTS:   OAI21xp33_ASAP7_75t_R cells:     1025
ABC RESULTS:   OAI22xp33_ASAP7_75t_R cells:        2
ABC RESULTS:   XOR2xp5_ASAP7_75t_R cells:        2
ABC RESULTS:        internal signals:     1039
ABC RESULTS:           input signals:     2064
ABC RESULTS:          output signals:     1025
Removing temp directory.

10.44. Extracting gate netlist of module `\FloatRegFileBank$operandCollector.FloatRegFileBank_1' to `<abc-temp-dir>/input.blif'..
ABC: using cached merged SCL: /tmp/yosys-liberty-scl-cache/yosys_merged_f4fcd93b.scl (1 files)

10.44.1. Executed ABC.
Extracted 2064 gates and 4128 wires to a netlist network with 2064 inputs and 1025 outputs.
Running ABC script: <abc-temp-dir>/abc.script
ABC: UC Berkeley, ABC 1.01 (compiled Jun  3 2026 15:06:41)
ABC: abc 01> empty
ABC: abc 01> source <abc-temp-dir>/abc.script
ABC: + read_blif <abc-temp-dir>/input.blif 
ABC: + read_scl /tmp/yosys-liberty-scl-cache/yosys_merged_f4fcd93b.scl 
ABC: Warning: Detected 2 multi-output cells (for example, "FAx1_ASAP7_75t_R").
ABC: + strash 
ABC: + &get -n 
ABC: + &fraig -x 
ABC: + &put 
ABC: + scorr 
ABC: Warning: The network is combinational (run "fraig" or "fraig_sweep").
ABC: + dc2 
ABC: + dretime 
ABC: + retime -o -D 1000 
ABC: + strash 
ABC: + &get -n 
ABC: + &dch -f 
ABC: + &nf -D 1000 
ABC: + &put 
ABC: + write_blif <abc-temp-dir>/output.blif 
ABC: 
ABC: YOSYS_ABC_DONE 

10.44.2. Re-integrating ABC results.
ABC RESULTS:   AND2x2_ASAP7_75t_R cells:        1
ABC RESULTS:   AND4x1_ASAP7_75t_R cells:        1
ABC RESULTS:   AOI22xp33_ASAP7_75t_R cells:        2
ABC RESULTS:   INVx1_ASAP7_75t_R cells:        5
ABC RESULTS:   NAND2xp33_ASAP7_75t_R cells:     1024
ABC RESULTS:   NOR2xp33_ASAP7_75t_R cells:        1
ABC RESULTS:   NOR4xp25_ASAP7_75t_R cells:        1
ABC RESULTS:   OAI21xp33_ASAP7_75t_R cells:     1025
ABC RESULTS:   OAI22xp33_ASAP7_75t_R cells:        2
ABC RESULTS:   XOR2xp5_ASAP7_75t_R cells:        2
ABC RESULTS:        internal signals:     1039
ABC RESULTS:           input signals:     2064
ABC RESULTS:          output signals:     1025
Removing temp directory.

10.45. Extracting gate netlist of module `\FloatRegFileBank$operandCollector.FloatRegFileBank' to `<abc-temp-dir>/input.blif'..
ABC: using cached merged SCL: /tmp/yosys-liberty-scl-cache/yosys_merged_f4fcd93b.scl (1 files)

10.45.1. Executed ABC.
Extracted 2064 gates and 4128 wires to a netlist network with 2064 inputs and 1025 outputs.
Running ABC script: <abc-temp-dir>/abc.script
ABC: UC Berkeley, ABC 1.01 (compiled Jun  3 2026 15:06:41)
ABC: abc 01> empty
ABC: abc 01> source <abc-temp-dir>/abc.script
ABC: + read_blif <abc-temp-dir>/input.blif 
ABC: + read_scl /tmp/yosys-liberty-scl-cache/yosys_merged_f4fcd93b.scl 
ABC: Warning: Detected 2 multi-output cells (for example, "FAx1_ASAP7_75t_R").
ABC: + strash 
ABC: + &get -n 
ABC: + &fraig -x 
ABC: + &put 
ABC: + scorr 
ABC: Warning: The network is combinational (run "fraig" or "fraig_sweep").
ABC: + dc2 
ABC: + dretime 
ABC: + retime -o -D 1000 
ABC: + strash 
ABC: + &get -n 
ABC: + &dch -f 
ABC: + &nf -D 1000 
ABC: + &put 
ABC: + write_blif <abc-temp-dir>/output.blif 
ABC: 
ABC: YOSYS_ABC_DONE 

10.45.2. Re-integrating ABC results.
ABC RESULTS:   AND2x2_ASAP7_75t_R cells:        1
ABC RESULTS:   AND4x1_ASAP7_75t_R cells:        1
ABC RESULTS:   AOI22xp33_ASAP7_75t_R cells:        2
ABC RESULTS:   INVx1_ASAP7_75t_R cells:        5
ABC RESULTS:   NAND2xp33_ASAP7_75t_R cells:     1024
ABC RESULTS:   NOR2xp33_ASAP7_75t_R cells:        1
ABC RESULTS:   NOR4xp25_ASAP7_75t_R cells:        1
ABC RESULTS:   OAI21xp33_ASAP7_75t_R cells:     1025
ABC RESULTS:   OAI22xp33_ASAP7_75t_R cells:        2
ABC RESULTS:   XOR2xp5_ASAP7_75t_R cells:        2
ABC RESULTS:        internal signals:     1039
ABC RESULTS:           input signals:     2064
ABC RESULTS:          output signals:     1025
Removing temp directory.

10.46. Extracting gate netlist of module `\operandArbiter$operandCollector.Arbiter' to `<abc-temp-dir>/input.blif'..
ABC: using cached merged SCL: /tmp/yosys-liberty-scl-cache/yosys_merged_f4fcd93b.scl (1 files)

10.46.1. Executed ABC.
Extracted 1728 gates and 1872 wires to a netlist network with 144 inputs and 384 outputs.
Running ABC script: <abc-temp-dir>/abc.script
ABC: UC Berkeley, ABC 1.01 (compiled Jun  3 2026 15:06:41)
ABC: abc 01> empty
ABC: abc 01> source <abc-temp-dir>/abc.script
ABC: + read_blif <abc-temp-dir>/input.blif 
ABC: + read_scl /tmp/yosys-liberty-scl-cache/yosys_merged_f4fcd93b.scl 
ABC: Warning: Detected 2 multi-output cells (for example, "FAx1_ASAP7_75t_R").
ABC: + strash 
ABC: + &get -n 
ABC: + &fraig -x 
ABC: + &put 
ABC: + scorr 
ABC: Warning: The network is combinational (run "fraig" or "fraig_sweep").
ABC: + dc2 
ABC: + dretime 
ABC: + retime -o -D 1000 
ABC: + strash 
ABC: + &get -n 
ABC: + &dch -f 
ABC: + &nf -D 1000 
ABC: + &put 
ABC: + write_blif <abc-temp-dir>/output.blif 
ABC: 
ABC: YOSYS_ABC_DONE 

10.46.2. Re-integrating ABC results.
ABC RESULTS:   INVx1_ASAP7_75t_R cells:       96
ABC RESULTS:   NAND2xp33_ASAP7_75t_R cells:       96
ABC RESULTS:   NAND4xp25_ASAP7_75t_R cells:       72
ABC RESULTS:   NOR2xp33_ASAP7_75t_R cells:      240
ABC RESULTS:   NOR3xp33_ASAP7_75t_R cells:       48
ABC RESULTS:   NOR4xp25_ASAP7_75t_R cells:       96
ABC RESULTS:   OR2x2_ASAP7_75t_R cells:       24
ABC RESULTS:   OR3x1_ASAP7_75t_R cells:       48
ABC RESULTS:        internal signals:     1344
ABC RESULTS:           input signals:      144
ABC RESULTS:          output signals:      384
Removing temp directory.

10.47. Extracting gate netlist of module `\collectorUnit$operandCollector.collectorUnit_7' to `<abc-temp-dir>/input.blif'..
ABC: using cached merged SCL: /tmp/yosys-liberty-scl-cache/yosys_merged_f4fcd93b.scl (1 files)
Replacing 73048 occurrences of constant undef bits with constant zero bits

10.47.1. Executed ABC.
Extracted 135782 gates and 143769 wires to a netlist network with 7984 inputs and 6796 outputs.
Running ABC script: <abc-temp-dir>/abc.script
ABC: UC Berkeley, ABC 1.01 (compiled Jun  3 2026 15:06:41)
ABC: abc 01> empty
ABC: abc 01> source <abc-temp-dir>/abc.script
ABC: + read_blif <abc-temp-dir>/input.blif 
ABC: + read_scl /tmp/yosys-liberty-scl-cache/yosys_merged_f4fcd93b.scl 
ABC: Warning: Detected 2 multi-output cells (for example, "FAx1_ASAP7_75t_R").
ABC: + strash 
ABC: + &get -n 
ABC: + &fraig -x 
ABC: + &put 
ABC: + scorr 
ABC: Warning: The network is combinational (run "fraig" or "fraig_sweep").
ABC: + dc2 
ABC: + dretime 
ABC: + retime -o -D 1000 
ABC: + strash 
ABC: + &get -n 
ABC: + &dch -f 
ABC: + &nf -D 1000 
ABC: + &put 
ABC: + write_blif <abc-temp-dir>/output.blif 
ABC: 
ABC: YOSYS_ABC_DONE 

10.47.2. Re-integrating ABC results.
ABC RESULTS:   A2O1A1Ixp33_ASAP7_75t_R cells:     8248
ABC RESULTS:   A2O1A1O1Ixp25_ASAP7_75t_R cells:      778
ABC RESULTS:   AND2x2_ASAP7_75t_R cells:      169
ABC RESULTS:   AND3x1_ASAP7_75t_R cells:      211
ABC RESULTS:   AND4x1_ASAP7_75t_R cells:        5
ABC RESULTS:   AO211x2_ASAP7_75t_R cells:        1
ABC RESULTS:   AO21x1_ASAP7_75t_R cells:      388
ABC RESULTS:   AO221x1_ASAP7_75t_R cells:        1
ABC RESULTS:   AO22x1_ASAP7_75t_R cells:        7
ABC RESULTS:   AO31x2_ASAP7_75t_R cells:        1
ABC RESULTS:   AO32x1_ASAP7_75t_R cells:        2
ABC RESULTS:   AOI211xp5_ASAP7_75t_R cells:     1637
ABC RESULTS:   AOI21xp33_ASAP7_75t_R cells:     4757
ABC RESULTS:   AOI221xp5_ASAP7_75t_R cells:       81
ABC RESULTS:   AOI22xp33_ASAP7_75t_R cells:      158
ABC RESULTS:   AOI311xp33_ASAP7_75t_R cells:      640
ABC RESULTS:   AOI31xp33_ASAP7_75t_R cells:       56
ABC RESULTS:   AOI32xp33_ASAP7_75t_R cells:       42
ABC RESULTS:   INVx1_ASAP7_75t_R cells:     3609
ABC RESULTS:   MAJIxp5_ASAP7_75t_R cells:       36
ABC RESULTS:   MAJx2_ASAP7_75t_R cells:        6
ABC RESULTS:   NAND2xp33_ASAP7_75t_R cells:     1029
ABC RESULTS:   NAND3xp33_ASAP7_75t_R cells:     1198
ABC RESULTS:   NAND4xp25_ASAP7_75t_R cells:       17
ABC RESULTS:   NAND5xp2_ASAP7_75t_R cells:        3
ABC RESULTS:   NOR2xp33_ASAP7_75t_R cells:      517
ABC RESULTS:   NOR3xp33_ASAP7_75t_R cells:      515
ABC RESULTS:   NOR4xp25_ASAP7_75t_R cells:      170
ABC RESULTS:   NOR5xp2_ASAP7_75t_R cells:      303
ABC RESULTS:   O2A1O1Ixp33_ASAP7_75t_R cells:      678
ABC RESULTS:   OA211x2_ASAP7_75t_R cells:      346
ABC RESULTS:   OA21x2_ASAP7_75t_R cells:      791
ABC RESULTS:   OAI211xp5_ASAP7_75t_R cells:      255
ABC RESULTS:   OAI21xp33_ASAP7_75t_R cells:     2102
ABC RESULTS:   OAI221xp5_ASAP7_75t_R cells:       17
ABC RESULTS:   OAI22xp33_ASAP7_75t_R cells:       73
ABC RESULTS:   OAI311xp33_ASAP7_75t_R cells:      244
ABC RESULTS:   OAI31xp33_ASAP7_75t_R cells:       55
ABC RESULTS:   OAI32xp33_ASAP7_75t_R cells:        6
ABC RESULTS:   OR2x2_ASAP7_75t_R cells:       99
ABC RESULTS:   OR3x1_ASAP7_75t_R cells:       40
ABC RESULTS:   OR4x1_ASAP7_75t_R cells:       25
ABC RESULTS:   XNOR2xp5_ASAP7_75t_R cells:      159
ABC RESULTS:   XOR2xp5_ASAP7_75t_R cells:       84
ABC RESULTS:        internal signals:   128989
ABC RESULTS:           input signals:     7984
ABC RESULTS:          output signals:     6796
Removing temp directory.

10.48. Extracting gate netlist of module `\collectorUnit$operandCollector.collectorUnit_6' to `<abc-temp-dir>/input.blif'..
ABC: using cached merged SCL: /tmp/yosys-liberty-scl-cache/yosys_merged_f4fcd93b.scl (1 files)
Replacing 73048 occurrences of constant undef bits with constant zero bits

10.48.1. Executed ABC.
Extracted 135782 gates and 143769 wires to a netlist network with 7984 inputs and 6796 outputs.
Running ABC script: <abc-temp-dir>/abc.script
ABC: UC Berkeley, ABC 1.01 (compiled Jun  3 2026 15:06:41)
ABC: abc 01> empty
ABC: abc 01> source <abc-temp-dir>/abc.script
ABC: + read_blif <abc-temp-dir>/input.blif 
ABC: + read_scl /tmp/yosys-liberty-scl-cache/yosys_merged_f4fcd93b.scl 
ABC: Warning: Detected 2 multi-output cells (for example, "FAx1_ASAP7_75t_R").
ABC: + strash 
ABC: + &get -n 
ABC: + &fraig -x 
ABC: + &put 
ABC: + scorr 
ABC: Warning: The network is combinational (run "fraig" or "fraig_sweep").
ABC: + dc2 
ABC: + dretime 
ABC: + retime -o -D 1000 
ABC: + strash 
ABC: + &get -n 
ABC: + &dch -f 
ABC: + &nf -D 1000 
ABC: + &put 
ABC: + write_blif <abc-temp-dir>/output.blif 
ABC: 
ABC: YOSYS_ABC_DONE 

10.48.2. Re-integrating ABC results.
ABC RESULTS:   A2O1A1Ixp33_ASAP7_75t_R cells:     8248
ABC RESULTS:   A2O1A1O1Ixp25_ASAP7_75t_R cells:      778
ABC RESULTS:   AND2x2_ASAP7_75t_R cells:      169
ABC RESULTS:   AND3x1_ASAP7_75t_R cells:      211
ABC RESULTS:   AND4x1_ASAP7_75t_R cells:        5
ABC RESULTS:   AO211x2_ASAP7_75t_R cells:        1
ABC RESULTS:   AO21x1_ASAP7_75t_R cells:      388
ABC RESULTS:   AO221x1_ASAP7_75t_R cells:        1
ABC RESULTS:   AO22x1_ASAP7_75t_R cells:        7
ABC RESULTS:   AO31x2_ASAP7_75t_R cells:        1
ABC RESULTS:   AO32x1_ASAP7_75t_R cells:        2
ABC RESULTS:   AOI211xp5_ASAP7_75t_R cells:     1637
ABC RESULTS:   AOI21xp33_ASAP7_75t_R cells:     4757
ABC RESULTS:   AOI221xp5_ASAP7_75t_R cells:       81
ABC RESULTS:   AOI22xp33_ASAP7_75t_R cells:      158
ABC RESULTS:   AOI311xp33_ASAP7_75t_R cells:      640
ABC RESULTS:   AOI31xp33_ASAP7_75t_R cells:       56
ABC RESULTS:   AOI32xp33_ASAP7_75t_R cells:       42
ABC RESULTS:   INVx1_ASAP7_75t_R cells:     3609
ABC RESULTS:   MAJIxp5_ASAP7_75t_R cells:       36
ABC RESULTS:   MAJx2_ASAP7_75t_R cells:        6
ABC RESULTS:   NAND2xp33_ASAP7_75t_R cells:     1029
ABC RESULTS:   NAND3xp33_ASAP7_75t_R cells:     1198
ABC RESULTS:   NAND4xp25_ASAP7_75t_R cells:       17
ABC RESULTS:   NAND5xp2_ASAP7_75t_R cells:        3
ABC RESULTS:   NOR2xp33_ASAP7_75t_R cells:      517
ABC RESULTS:   NOR3xp33_ASAP7_75t_R cells:      515
ABC RESULTS:   NOR4xp25_ASAP7_75t_R cells:      170
ABC RESULTS:   NOR5xp2_ASAP7_75t_R cells:      303
ABC RESULTS:   O2A1O1Ixp33_ASAP7_75t_R cells:      678
ABC RESULTS:   OA211x2_ASAP7_75t_R cells:      346
ABC RESULTS:   OA21x2_ASAP7_75t_R cells:      791
ABC RESULTS:   OAI211xp5_ASAP7_75t_R cells:      255
ABC RESULTS:   OAI21xp33_ASAP7_75t_R cells:     2102
ABC RESULTS:   OAI221xp5_ASAP7_75t_R cells:       17
ABC RESULTS:   OAI22xp33_ASAP7_75t_R cells:       73
ABC RESULTS:   OAI311xp33_ASAP7_75t_R cells:      244
ABC RESULTS:   OAI31xp33_ASAP7_75t_R cells:       55
ABC RESULTS:   OAI32xp33_ASAP7_75t_R cells:        6
ABC RESULTS:   OR2x2_ASAP7_75t_R cells:       99
ABC RESULTS:   OR3x1_ASAP7_75t_R cells:       40
ABC RESULTS:   OR4x1_ASAP7_75t_R cells:       25
ABC RESULTS:   XNOR2xp5_ASAP7_75t_R cells:      159
ABC RESULTS:   XOR2xp5_ASAP7_75t_R cells:       84
ABC RESULTS:        internal signals:   128989
ABC RESULTS:           input signals:     7984
ABC RESULTS:          output signals:     6796
Removing temp directory.

10.49. Extracting gate netlist of module `\collectorUnit$operandCollector.collectorUnit_5' to `<abc-temp-dir>/input.blif'..
ABC: using cached merged SCL: /tmp/yosys-liberty-scl-cache/yosys_merged_f4fcd93b.scl (1 files)
Replacing 73048 occurrences of constant undef bits with constant zero bits

10.49.1. Executed ABC.
Extracted 135782 gates and 143769 wires to a netlist network with 7984 inputs and 6796 outputs.
Running ABC script: <abc-temp-dir>/abc.script
ABC: UC Berkeley, ABC 1.01 (compiled Jun  3 2026 15:06:41)
ABC: abc 01> empty
ABC: abc 01> source <abc-temp-dir>/abc.script
ABC: + read_blif <abc-temp-dir>/input.blif 
ABC: + read_scl /tmp/yosys-liberty-scl-cache/yosys_merged_f4fcd93b.scl 
ABC: Warning: Detected 2 multi-output cells (for example, "FAx1_ASAP7_75t_R").
ABC: + strash 
ABC: + &get -n 
ABC: + &fraig -x 
ABC: + &put 
ABC: + scorr 
ABC: Warning: The network is combinational (run "fraig" or "fraig_sweep").
ABC: + dc2 
ABC: + dretime 
ABC: + retime -o -D 1000 
ABC: + strash 
ABC: + &get -n 
ABC: + &dch -f 
ABC: + &nf -D 1000 
ABC: + &put 
ABC: + write_blif <abc-temp-dir>/output.blif 
ABC: 
ABC: YOSYS_ABC_DONE 

10.49.2. Re-integrating ABC results.
ABC RESULTS:   A2O1A1Ixp33_ASAP7_75t_R cells:     8248
ABC RESULTS:   A2O1A1O1Ixp25_ASAP7_75t_R cells:      778
ABC RESULTS:   AND2x2_ASAP7_75t_R cells:      169
ABC RESULTS:   AND3x1_ASAP7_75t_R cells:      211
ABC RESULTS:   AND4x1_ASAP7_75t_R cells:        5
ABC RESULTS:   AO211x2_ASAP7_75t_R cells:        1
ABC RESULTS:   AO21x1_ASAP7_75t_R cells:      388
ABC RESULTS:   AO221x1_ASAP7_75t_R cells:        1
ABC RESULTS:   AO22x1_ASAP7_75t_R cells:        7
ABC RESULTS:   AO31x2_ASAP7_75t_R cells:        1
ABC RESULTS:   AO32x1_ASAP7_75t_R cells:        2
ABC RESULTS:   AOI211xp5_ASAP7_75t_R cells:     1637
ABC RESULTS:   AOI21xp33_ASAP7_75t_R cells:     4757
ABC RESULTS:   AOI221xp5_ASAP7_75t_R cells:       81
ABC RESULTS:   AOI22xp33_ASAP7_75t_R cells:      158
ABC RESULTS:   AOI311xp33_ASAP7_75t_R cells:      640
ABC RESULTS:   AOI31xp33_ASAP7_75t_R cells:       56
ABC RESULTS:   AOI32xp33_ASAP7_75t_R cells:       42
ABC RESULTS:   INVx1_ASAP7_75t_R cells:     3609
ABC RESULTS:   MAJIxp5_ASAP7_75t_R cells:       36
ABC RESULTS:   MAJx2_ASAP7_75t_R cells:        6
ABC RESULTS:   NAND2xp33_ASAP7_75t_R cells:     1029
ABC RESULTS:   NAND3xp33_ASAP7_75t_R cells:     1198
ABC RESULTS:   NAND4xp25_ASAP7_75t_R cells:       17
ABC RESULTS:   NAND5xp2_ASAP7_75t_R cells:        3
ABC RESULTS:   NOR2xp33_ASAP7_75t_R cells:      517
ABC RESULTS:   NOR3xp33_ASAP7_75t_R cells:      515
ABC RESULTS:   NOR4xp25_ASAP7_75t_R cells:      170
ABC RESULTS:   NOR5xp2_ASAP7_75t_R cells:      303
ABC RESULTS:   O2A1O1Ixp33_ASAP7_75t_R cells:      678
ABC RESULTS:   OA211x2_ASAP7_75t_R cells:      346
ABC RESULTS:   OA21x2_ASAP7_75t_R cells:      791
ABC RESULTS:   OAI211xp5_ASAP7_75t_R cells:      255
ABC RESULTS:   OAI21xp33_ASAP7_75t_R cells:     2102
ABC RESULTS:   OAI221xp5_ASAP7_75t_R cells:       17
ABC RESULTS:   OAI22xp33_ASAP7_75t_R cells:       73
ABC RESULTS:   OAI311xp33_ASAP7_75t_R cells:      244
ABC RESULTS:   OAI31xp33_ASAP7_75t_R cells:       55
ABC RESULTS:   OAI32xp33_ASAP7_75t_R cells:        6
ABC RESULTS:   OR2x2_ASAP7_75t_R cells:       99
ABC RESULTS:   OR3x1_ASAP7_75t_R cells:       40
ABC RESULTS:   OR4x1_ASAP7_75t_R cells:       25
ABC RESULTS:   XNOR2xp5_ASAP7_75t_R cells:      159
ABC RESULTS:   XOR2xp5_ASAP7_75t_R cells:       84
ABC RESULTS:        internal signals:   128989
ABC RESULTS:           input signals:     7984
ABC RESULTS:          output signals:     6796
Removing temp directory.

10.50. Extracting gate netlist of module `\collectorUnit$operandCollector.collectorUnit_4' to `<abc-temp-dir>/input.blif'..
ABC: using cached merged SCL: /tmp/yosys-liberty-scl-cache/yosys_merged_f4fcd93b.scl (1 files)
Replacing 73048 occurrences of constant undef bits with constant zero bits

10.50.1. Executed ABC.
Extracted 135782 gates and 143769 wires to a netlist network with 7984 inputs and 6796 outputs.
Running ABC script: <abc-temp-dir>/abc.script
ABC: UC Berkeley, ABC 1.01 (compiled Jun  3 2026 15:06:41)
ABC: abc 01> empty
ABC: abc 01> source <abc-temp-dir>/abc.script
ABC: + read_blif <abc-temp-dir>/input.blif 
ABC: + read_scl /tmp/yosys-liberty-scl-cache/yosys_merged_f4fcd93b.scl 
ABC: Warning: Detected 2 multi-output cells (for example, "FAx1_ASAP7_75t_R").
ABC: + strash 
ABC: + &get -n 
ABC: + &fraig -x 
ABC: + &put 
ABC: + scorr 
ABC: Warning: The network is combinational (run "fraig" or "fraig_sweep").
ABC: + dc2 
ABC: + dretime 
ABC: + retime -o -D 1000 
ABC: + strash 
ABC: + &get -n 
ABC: + &dch -f 
ABC: + &nf -D 1000 
ABC: + &put 
ABC: + write_blif <abc-temp-dir>/output.blif 
ABC: 
ABC: YOSYS_ABC_DONE 

10.50.2. Re-integrating ABC results.
ABC RESULTS:   A2O1A1Ixp33_ASAP7_75t_R cells:     8248
ABC RESULTS:   A2O1A1O1Ixp25_ASAP7_75t_R cells:      778
ABC RESULTS:   AND2x2_ASAP7_75t_R cells:      169
ABC RESULTS:   AND3x1_ASAP7_75t_R cells:      211
ABC RESULTS:   AND4x1_ASAP7_75t_R cells:        5
ABC RESULTS:   AO211x2_ASAP7_75t_R cells:        1
ABC RESULTS:   AO21x1_ASAP7_75t_R cells:      388
ABC RESULTS:   AO221x1_ASAP7_75t_R cells:        1
ABC RESULTS:   AO22x1_ASAP7_75t_R cells:        7
ABC RESULTS:   AO31x2_ASAP7_75t_R cells:        1
ABC RESULTS:   AO32x1_ASAP7_75t_R cells:        2
ABC RESULTS:   AOI211xp5_ASAP7_75t_R cells:     1637
ABC RESULTS:   AOI21xp33_ASAP7_75t_R cells:     4757
ABC RESULTS:   AOI221xp5_ASAP7_75t_R cells:       81
ABC RESULTS:   AOI22xp33_ASAP7_75t_R cells:      158
ABC RESULTS:   AOI311xp33_ASAP7_75t_R cells:      640
ABC RESULTS:   AOI31xp33_ASAP7_75t_R cells:       56
ABC RESULTS:   AOI32xp33_ASAP7_75t_R cells:       42
ABC RESULTS:   INVx1_ASAP7_75t_R cells:     3609
ABC RESULTS:   MAJIxp5_ASAP7_75t_R cells:       36
ABC RESULTS:   MAJx2_ASAP7_75t_R cells:        6
ABC RESULTS:   NAND2xp33_ASAP7_75t_R cells:     1029
ABC RESULTS:   NAND3xp33_ASAP7_75t_R cells:     1198
ABC RESULTS:   NAND4xp25_ASAP7_75t_R cells:       17
ABC RESULTS:   NAND5xp2_ASAP7_75t_R cells:        3
ABC RESULTS:   NOR2xp33_ASAP7_75t_R cells:      517
ABC RESULTS:   NOR3xp33_ASAP7_75t_R cells:      515
ABC RESULTS:   NOR4xp25_ASAP7_75t_R cells:      170
ABC RESULTS:   NOR5xp2_ASAP7_75t_R cells:      303
ABC RESULTS:   O2A1O1Ixp33_ASAP7_75t_R cells:      678
ABC RESULTS:   OA211x2_ASAP7_75t_R cells:      346
ABC RESULTS:   OA21x2_ASAP7_75t_R cells:      791
ABC RESULTS:   OAI211xp5_ASAP7_75t_R cells:      255
ABC RESULTS:   OAI21xp33_ASAP7_75t_R cells:     2102
ABC RESULTS:   OAI221xp5_ASAP7_75t_R cells:       17
ABC RESULTS:   OAI22xp33_ASAP7_75t_R cells:       73
ABC RESULTS:   OAI311xp33_ASAP7_75t_R cells:      244
ABC RESULTS:   OAI31xp33_ASAP7_75t_R cells:       55
ABC RESULTS:   OAI32xp33_ASAP7_75t_R cells:        6
ABC RESULTS:   OR2x2_ASAP7_75t_R cells:       99
ABC RESULTS:   OR3x1_ASAP7_75t_R cells:       40
ABC RESULTS:   OR4x1_ASAP7_75t_R cells:       25
ABC RESULTS:   XNOR2xp5_ASAP7_75t_R cells:      159
ABC RESULTS:   XOR2xp5_ASAP7_75t_R cells:       84
ABC RESULTS:        internal signals:   128989
ABC RESULTS:           input signals:     7984
ABC RESULTS:          output signals:     6796
Removing temp directory.

10.51. Extracting gate netlist of module `\collectorUnit$operandCollector.collectorUnit_3' to `<abc-temp-dir>/input.blif'..
ABC: using cached merged SCL: /tmp/yosys-liberty-scl-cache/yosys_merged_f4fcd93b.scl (1 files)
Replacing 73048 occurrences of constant undef bits with constant zero bits

10.51.1. Executed ABC.
Extracted 135782 gates and 143769 wires to a netlist network with 7984 inputs and 6796 outputs.
Running ABC script: <abc-temp-dir>/abc.script
ABC: UC Berkeley, ABC 1.01 (compiled Jun  3 2026 15:06:41)
ABC: abc 01> empty
ABC: abc 01> source <abc-temp-dir>/abc.script
ABC: + read_blif <abc-temp-dir>/input.blif 
ABC: + read_scl /tmp/yosys-liberty-scl-cache/yosys_merged_f4fcd93b.scl 
ABC: Warning: Detected 2 multi-output cells (for example, "FAx1_ASAP7_75t_R").
ABC: + strash 
ABC: + &get -n 
ABC: + &fraig -x 
ABC: + &put 
ABC: + scorr 
ABC: Warning: The network is combinational (run "fraig" or "fraig_sweep").
ABC: + dc2 
ABC: + dretime 
ABC: + retime -o -D 1000 
ABC: + strash 
ABC: + &get -n 
ABC: + &dch -f 
ABC: + &nf -D 1000 
ABC: + &put 
ABC: + write_blif <abc-temp-dir>/output.blif 
ABC: 
ABC: YOSYS_ABC_DONE 

10.51.2. Re-integrating ABC results.
ABC RESULTS:   A2O1A1Ixp33_ASAP7_75t_R cells:     8248
ABC RESULTS:   A2O1A1O1Ixp25_ASAP7_75t_R cells:      778
ABC RESULTS:   AND2x2_ASAP7_75t_R cells:      169
ABC RESULTS:   AND3x1_ASAP7_75t_R cells:      211
ABC RESULTS:   AND4x1_ASAP7_75t_R cells:        5
ABC RESULTS:   AO211x2_ASAP7_75t_R cells:        1
ABC RESULTS:   AO21x1_ASAP7_75t_R cells:      388
ABC RESULTS:   AO221x1_ASAP7_75t_R cells:        1
ABC RESULTS:   AO22x1_ASAP7_75t_R cells:        7
ABC RESULTS:   AO31x2_ASAP7_75t_R cells:        1
ABC RESULTS:   AO32x1_ASAP7_75t_R cells:        2
ABC RESULTS:   AOI211xp5_ASAP7_75t_R cells:     1637
ABC RESULTS:   AOI21xp33_ASAP7_75t_R cells:     4757
ABC RESULTS:   AOI221xp5_ASAP7_75t_R cells:       81
ABC RESULTS:   AOI22xp33_ASAP7_75t_R cells:      158
ABC RESULTS:   AOI311xp33_ASAP7_75t_R cells:      640
ABC RESULTS:   AOI31xp33_ASAP7_75t_R cells:       56
ABC RESULTS:   AOI32xp33_ASAP7_75t_R cells:       42
ABC RESULTS:   INVx1_ASAP7_75t_R cells:     3609
ABC RESULTS:   MAJIxp5_ASAP7_75t_R cells:       36
ABC RESULTS:   MAJx2_ASAP7_75t_R cells:        6
ABC RESULTS:   NAND2xp33_ASAP7_75t_R cells:     1029
ABC RESULTS:   NAND3xp33_ASAP7_75t_R cells:     1198
ABC RESULTS:   NAND4xp25_ASAP7_75t_R cells:       17
ABC RESULTS:   NAND5xp2_ASAP7_75t_R cells:        3
ABC RESULTS:   NOR2xp33_ASAP7_75t_R cells:      517
ABC RESULTS:   NOR3xp33_ASAP7_75t_R cells:      515
ABC RESULTS:   NOR4xp25_ASAP7_75t_R cells:      170
ABC RESULTS:   NOR5xp2_ASAP7_75t_R cells:      303
ABC RESULTS:   O2A1O1Ixp33_ASAP7_75t_R cells:      678
ABC RESULTS:   OA211x2_ASAP7_75t_R cells:      346
ABC RESULTS:   OA21x2_ASAP7_75t_R cells:      791
ABC RESULTS:   OAI211xp5_ASAP7_75t_R cells:      255
ABC RESULTS:   OAI21xp33_ASAP7_75t_R cells:     2102
ABC RESULTS:   OAI221xp5_ASAP7_75t_R cells:       17
ABC RESULTS:   OAI22xp33_ASAP7_75t_R cells:       73
ABC RESULTS:   OAI311xp33_ASAP7_75t_R cells:      244
ABC RESULTS:   OAI31xp33_ASAP7_75t_R cells:       55
ABC RESULTS:   OAI32xp33_ASAP7_75t_R cells:        6
ABC RESULTS:   OR2x2_ASAP7_75t_R cells:       99
ABC RESULTS:   OR3x1_ASAP7_75t_R cells:       40
ABC RESULTS:   OR4x1_ASAP7_75t_R cells:       25
ABC RESULTS:   XNOR2xp5_ASAP7_75t_R cells:      159
ABC RESULTS:   XOR2xp5_ASAP7_75t_R cells:       84
ABC RESULTS:        internal signals:   128989
ABC RESULTS:           input signals:     7984
ABC RESULTS:          output signals:     6796
Removing temp directory.

10.52. Extracting gate netlist of module `\collectorUnit$operandCollector.collectorUnit_2' to `<abc-temp-dir>/input.blif'..
ABC: using cached merged SCL: /tmp/yosys-liberty-scl-cache/yosys_merged_f4fcd93b.scl (1 files)
Replacing 73048 occurrences of constant undef bits with constant zero bits

10.52.1. Executed ABC.
Extracted 135782 gates and 143769 wires to a netlist network with 7984 inputs and 6796 outputs.
Running ABC script: <abc-temp-dir>/abc.script
ABC: UC Berkeley, ABC 1.01 (compiled Jun  3 2026 15:06:41)
ABC: abc 01> empty
ABC: abc 01> source <abc-temp-dir>/abc.script
ABC: + read_blif <abc-temp-dir>/input.blif 
ABC: + read_scl /tmp/yosys-liberty-scl-cache/yosys_merged_f4fcd93b.scl 
ABC: Warning: Detected 2 multi-output cells (for example, "FAx1_ASAP7_75t_R").
ABC: + strash 
ABC: + &get -n 
ABC: + &fraig -x 
ABC: + &put 
ABC: + scorr 
ABC: Warning: The network is combinational (run "fraig" or "fraig_sweep").
ABC: + dc2 
ABC: + dretime 
ABC: + retime -o -D 1000 
ABC: + strash 
ABC: + &get -n 
ABC: + &dch -f 
ABC: + &nf -D 1000 
ABC: + &put 
ABC: + write_blif <abc-temp-dir>/output.blif 
ABC: 
ABC: YOSYS_ABC_DONE 

10.52.2. Re-integrating ABC results.
ABC RESULTS:   A2O1A1Ixp33_ASAP7_75t_R cells:     8248
ABC RESULTS:   A2O1A1O1Ixp25_ASAP7_75t_R cells:      778
ABC RESULTS:   AND2x2_ASAP7_75t_R cells:      169
ABC RESULTS:   AND3x1_ASAP7_75t_R cells:      211
ABC RESULTS:   AND4x1_ASAP7_75t_R cells:        5
ABC RESULTS:   AO211x2_ASAP7_75t_R cells:        1
ABC RESULTS:   AO21x1_ASAP7_75t_R cells:      388
ABC RESULTS:   AO221x1_ASAP7_75t_R cells:        1
ABC RESULTS:   AO22x1_ASAP7_75t_R cells:        7
ABC RESULTS:   AO31x2_ASAP7_75t_R cells:        1
ABC RESULTS:   AO32x1_ASAP7_75t_R cells:        2
ABC RESULTS:   AOI211xp5_ASAP7_75t_R cells:     1637
ABC RESULTS:   AOI21xp33_ASAP7_75t_R cells:     4757
ABC RESULTS:   AOI221xp5_ASAP7_75t_R cells:       81
ABC RESULTS:   AOI22xp33_ASAP7_75t_R cells:      158
ABC RESULTS:   AOI311xp33_ASAP7_75t_R cells:      640
ABC RESULTS:   AOI31xp33_ASAP7_75t_R cells:       56
ABC RESULTS:   AOI32xp33_ASAP7_75t_R cells:       42
ABC RESULTS:   INVx1_ASAP7_75t_R cells:     3609
ABC RESULTS:   MAJIxp5_ASAP7_75t_R cells:       36
ABC RESULTS:   MAJx2_ASAP7_75t_R cells:        6
ABC RESULTS:   NAND2xp33_ASAP7_75t_R cells:     1029
ABC RESULTS:   NAND3xp33_ASAP7_75t_R cells:     1198
ABC RESULTS:   NAND4xp25_ASAP7_75t_R cells:       17
ABC RESULTS:   NAND5xp2_ASAP7_75t_R cells:        3
ABC RESULTS:   NOR2xp33_ASAP7_75t_R cells:      517
ABC RESULTS:   NOR3xp33_ASAP7_75t_R cells:      515
ABC RESULTS:   NOR4xp25_ASAP7_75t_R cells:      170
ABC RESULTS:   NOR5xp2_ASAP7_75t_R cells:      303
ABC RESULTS:   O2A1O1Ixp33_ASAP7_75t_R cells:      678
ABC RESULTS:   OA211x2_ASAP7_75t_R cells:      346
ABC RESULTS:   OA21x2_ASAP7_75t_R cells:      791
ABC RESULTS:   OAI211xp5_ASAP7_75t_R cells:      255
ABC RESULTS:   OAI21xp33_ASAP7_75t_R cells:     2102
ABC RESULTS:   OAI221xp5_ASAP7_75t_R cells:       17
ABC RESULTS:   OAI22xp33_ASAP7_75t_R cells:       73
ABC RESULTS:   OAI311xp33_ASAP7_75t_R cells:      244
ABC RESULTS:   OAI31xp33_ASAP7_75t_R cells:       55
ABC RESULTS:   OAI32xp33_ASAP7_75t_R cells:        6
ABC RESULTS:   OR2x2_ASAP7_75t_R cells:       99
ABC RESULTS:   OR3x1_ASAP7_75t_R cells:       40
ABC RESULTS:   OR4x1_ASAP7_75t_R cells:       25
ABC RESULTS:   XNOR2xp5_ASAP7_75t_R cells:      159
ABC RESULTS:   XOR2xp5_ASAP7_75t_R cells:       84
ABC RESULTS:        internal signals:   128989
ABC RESULTS:           input signals:     7984
ABC RESULTS:          output signals:     6796
Removing temp directory.

10.53. Extracting gate netlist of module `\collectorUnit$operandCollector.collectorUnit_1' to `<abc-temp-dir>/input.blif'..
ABC: using cached merged SCL: /tmp/yosys-liberty-scl-cache/yosys_merged_f4fcd93b.scl (1 files)
Replacing 73048 occurrences of constant undef bits with constant zero bits

10.53.1. Executed ABC.
Extracted 135782 gates and 143769 wires to a netlist network with 7984 inputs and 6796 outputs.
Running ABC script: <abc-temp-dir>/abc.script
ABC: UC Berkeley, ABC 1.01 (compiled Jun  3 2026 15:06:41)
ABC: abc 01> empty
ABC: abc 01> source <abc-temp-dir>/abc.script
ABC: + read_blif <abc-temp-dir>/input.blif 
ABC: + read_scl /tmp/yosys-liberty-scl-cache/yosys_merged_f4fcd93b.scl 
ABC: Warning: Detected 2 multi-output cells (for example, "FAx1_ASAP7_75t_R").
ABC: + strash 
ABC: + &get -n 
ABC: + &fraig -x 
ABC: + &put 
ABC: + scorr 
ABC: Warning: The network is combinational (run "fraig" or "fraig_sweep").
ABC: + dc2 
ABC: + dretime 
ABC: + retime -o -D 1000 
ABC: + strash 
ABC: + &get -n 
ABC: + &dch -f 
ABC: + &nf -D 1000 
ABC: + &put 
ABC: + write_blif <abc-temp-dir>/output.blif 
ABC: 
ABC: YOSYS_ABC_DONE 

10.53.2. Re-integrating ABC results.
ABC RESULTS:   A2O1A1Ixp33_ASAP7_75t_R cells:     8248
ABC RESULTS:   A2O1A1O1Ixp25_ASAP7_75t_R cells:      778
ABC RESULTS:   AND2x2_ASAP7_75t_R cells:      169
ABC RESULTS:   AND3x1_ASAP7_75t_R cells:      211
ABC RESULTS:   AND4x1_ASAP7_75t_R cells:        5
ABC RESULTS:   AO211x2_ASAP7_75t_R cells:        1
ABC RESULTS:   AO21x1_ASAP7_75t_R cells:      388
ABC RESULTS:   AO221x1_ASAP7_75t_R cells:        1
ABC RESULTS:   AO22x1_ASAP7_75t_R cells:        7
ABC RESULTS:   AO31x2_ASAP7_75t_R cells:        1
ABC RESULTS:   AO32x1_ASAP7_75t_R cells:        2
ABC RESULTS:   AOI211xp5_ASAP7_75t_R cells:     1637
ABC RESULTS:   AOI21xp33_ASAP7_75t_R cells:     4757
ABC RESULTS:   AOI221xp5_ASAP7_75t_R cells:       81
ABC RESULTS:   AOI22xp33_ASAP7_75t_R cells:      158
ABC RESULTS:   AOI311xp33_ASAP7_75t_R cells:      640
ABC RESULTS:   AOI31xp33_ASAP7_75t_R cells:       56
ABC RESULTS:   AOI32xp33_ASAP7_75t_R cells:       42
ABC RESULTS:   INVx1_ASAP7_75t_R cells:     3609
ABC RESULTS:   MAJIxp5_ASAP7_75t_R cells:       36
ABC RESULTS:   MAJx2_ASAP7_75t_R cells:        6
ABC RESULTS:   NAND2xp33_ASAP7_75t_R cells:     1029
ABC RESULTS:   NAND3xp33_ASAP7_75t_R cells:     1198
ABC RESULTS:   NAND4xp25_ASAP7_75t_R cells:       17
ABC RESULTS:   NAND5xp2_ASAP7_75t_R cells:        3
ABC RESULTS:   NOR2xp33_ASAP7_75t_R cells:      517
ABC RESULTS:   NOR3xp33_ASAP7_75t_R cells:      515
ABC RESULTS:   NOR4xp25_ASAP7_75t_R cells:      170
ABC RESULTS:   NOR5xp2_ASAP7_75t_R cells:      303
ABC RESULTS:   O2A1O1Ixp33_ASAP7_75t_R cells:      678
ABC RESULTS:   OA211x2_ASAP7_75t_R cells:      346
ABC RESULTS:   OA21x2_ASAP7_75t_R cells:      791
ABC RESULTS:   OAI211xp5_ASAP7_75t_R cells:      255
ABC RESULTS:   OAI21xp33_ASAP7_75t_R cells:     2102
ABC RESULTS:   OAI221xp5_ASAP7_75t_R cells:       17
ABC RESULTS:   OAI22xp33_ASAP7_75t_R cells:       73
ABC RESULTS:   OAI311xp33_ASAP7_75t_R cells:      244
ABC RESULTS:   OAI31xp33_ASAP7_75t_R cells:       55
ABC RESULTS:   OAI32xp33_ASAP7_75t_R cells:        6
ABC RESULTS:   OR2x2_ASAP7_75t_R cells:       99
ABC RESULTS:   OR3x1_ASAP7_75t_R cells:       40
ABC RESULTS:   OR4x1_ASAP7_75t_R cells:       25
ABC RESULTS:   XNOR2xp5_ASAP7_75t_R cells:      159
ABC RESULTS:   XOR2xp5_ASAP7_75t_R cells:       84
ABC RESULTS:        internal signals:   128989
ABC RESULTS:           input signals:     7984
ABC RESULTS:          output signals:     6796
Removing temp directory.

10.54. Extracting gate netlist of module `\collectorUnit$operandCollector.collectorUnit' to `<abc-temp-dir>/input.blif'..
ABC: using cached merged SCL: /tmp/yosys-liberty-scl-cache/yosys_merged_f4fcd93b.scl (1 files)
Replacing 73048 occurrences of constant undef bits with constant zero bits

10.54.1. Executed ABC.
Extracted 135782 gates and 143769 wires to a netlist network with 7984 inputs and 6796 outputs.
Running ABC script: <abc-temp-dir>/abc.script
ABC: UC Berkeley, ABC 1.01 (compiled Jun  3 2026 15:06:41)
ABC: abc 01> empty
ABC: abc 01> source <abc-temp-dir>/abc.script
ABC: + read_blif <abc-temp-dir>/input.blif 
ABC: + read_scl /tmp/yosys-liberty-scl-cache/yosys_merged_f4fcd93b.scl 
ABC: Warning: Detected 2 multi-output cells (for example, "FAx1_ASAP7_75t_R").
ABC: + strash 
ABC: + &get -n 
ABC: + &fraig -x 
ABC: + &put 
ABC: + scorr 
ABC: Warning: The network is combinational (run "fraig" or "fraig_sweep").
ABC: + dc2 
ABC: + dretime 
ABC: + retime -o -D 1000 
ABC: + strash 
ABC: + &get -n 
ABC: + &dch -f 
ABC: + &nf -D 1000 
ABC: + &put 
ABC: + write_blif <abc-temp-dir>/output.blif 
ABC: 
ABC: YOSYS_ABC_DONE 

10.54.2. Re-integrating ABC results.
ABC RESULTS:   A2O1A1Ixp33_ASAP7_75t_R cells:     8248
ABC RESULTS:   A2O1A1O1Ixp25_ASAP7_75t_R cells:      778
ABC RESULTS:   AND2x2_ASAP7_75t_R cells:      169
ABC RESULTS:   AND3x1_ASAP7_75t_R cells:      211
ABC RESULTS:   AND4x1_ASAP7_75t_R cells:        5
ABC RESULTS:   AO211x2_ASAP7_75t_R cells:        1
ABC RESULTS:   AO21x1_ASAP7_75t_R cells:      388
ABC RESULTS:   AO221x1_ASAP7_75t_R cells:        1
ABC RESULTS:   AO22x1_ASAP7_75t_R cells:        7
ABC RESULTS:   AO31x2_ASAP7_75t_R cells:        1
ABC RESULTS:   AO32x1_ASAP7_75t_R cells:        2
ABC RESULTS:   AOI211xp5_ASAP7_75t_R cells:     1637
ABC RESULTS:   AOI21xp33_ASAP7_75t_R cells:     4757
ABC RESULTS:   AOI221xp5_ASAP7_75t_R cells:       81
ABC RESULTS:   AOI22xp33_ASAP7_75t_R cells:      158
ABC RESULTS:   AOI311xp33_ASAP7_75t_R cells:      640
ABC RESULTS:   AOI31xp33_ASAP7_75t_R cells:       56
ABC RESULTS:   AOI32xp33_ASAP7_75t_R cells:       42
ABC RESULTS:   INVx1_ASAP7_75t_R cells:     3609
ABC RESULTS:   MAJIxp5_ASAP7_75t_R cells:       36
ABC RESULTS:   MAJx2_ASAP7_75t_R cells:        6
ABC RESULTS:   NAND2xp33_ASAP7_75t_R cells:     1029
ABC RESULTS:   NAND3xp33_ASAP7_75t_R cells:     1198
ABC RESULTS:   NAND4xp25_ASAP7_75t_R cells:       17
ABC RESULTS:   NAND5xp2_ASAP7_75t_R cells:        3
ABC RESULTS:   NOR2xp33_ASAP7_75t_R cells:      517
ABC RESULTS:   NOR3xp33_ASAP7_75t_R cells:      515
ABC RESULTS:   NOR4xp25_ASAP7_75t_R cells:      170
ABC RESULTS:   NOR5xp2_ASAP7_75t_R cells:      303
ABC RESULTS:   O2A1O1Ixp33_ASAP7_75t_R cells:      678
ABC RESULTS:   OA211x2_ASAP7_75t_R cells:      346
ABC RESULTS:   OA21x2_ASAP7_75t_R cells:      791
ABC RESULTS:   OAI211xp5_ASAP7_75t_R cells:      255
ABC RESULTS:   OAI21xp33_ASAP7_75t_R cells:     2102
ABC RESULTS:   OAI221xp5_ASAP7_75t_R cells:       17
ABC RESULTS:   OAI22xp33_ASAP7_75t_R cells:       73
ABC RESULTS:   OAI311xp33_ASAP7_75t_R cells:      244
ABC RESULTS:   OAI31xp33_ASAP7_75t_R cells:       55
ABC RESULTS:   OAI32xp33_ASAP7_75t_R cells:        6
ABC RESULTS:   OR2x2_ASAP7_75t_R cells:       99
ABC RESULTS:   OR3x1_ASAP7_75t_R cells:       40
ABC RESULTS:   OR4x1_ASAP7_75t_R cells:       25
ABC RESULTS:   XNOR2xp5_ASAP7_75t_R cells:      159
ABC RESULTS:   XOR2xp5_ASAP7_75t_R cells:       84
ABC RESULTS:        internal signals:   128989
ABC RESULTS:           input signals:     7984
ABC RESULTS:          output signals:     6796
Removing temp directory.

10.55. Extracting gate netlist of module `\operandCollector' to `<abc-temp-dir>/input.blif'..
ABC: using cached merged SCL: /tmp/yosys-liberty-scl-cache/yosys_merged_f4fcd93b.scl (1 files)

10.55.1. Executed ABC.
Extracted 364 gates and 598 wires to a netlist network with 234 inputs and 126 outputs.
Running ABC script: <abc-temp-dir>/abc.script
ABC: UC Berkeley, ABC 1.01 (compiled Jun  3 2026 15:06:41)
ABC: abc 01> empty
ABC: abc 01> source <abc-temp-dir>/abc.script
ABC: + read_blif <abc-temp-dir>/input.blif 
ABC: + read_scl /tmp/yosys-liberty-scl-cache/yosys_merged_f4fcd93b.scl 
ABC: Warning: Detected 2 multi-output cells (for example, "FAx1_ASAP7_75t_R").
ABC: + strash 
ABC: + &get -n 
ABC: + &fraig -x 
ABC: + &put 
ABC: + scorr 
ABC: Warning: The network is combinational (run "fraig" or "fraig_sweep").
ABC: + dc2 
ABC: + dretime 
ABC: + retime -o -D 1000 
ABC: + strash 
ABC: + &get -n 
ABC: + &dch -f 
ABC: + &nf -D 1000 
ABC: + &put 
ABC: + write_blif <abc-temp-dir>/output.blif 
ABC: 
ABC: YOSYS_ABC_DONE 

10.55.2. Re-integrating ABC results.
ABC RESULTS:   A2O1A1Ixp33_ASAP7_75t_R cells:        4
ABC RESULTS:   A2O1A1O1Ixp25_ASAP7_75t_R cells:        1
ABC RESULTS:   AND2x2_ASAP7_75t_R cells:        3
ABC RESULTS:   AND3x1_ASAP7_75t_R cells:        1
ABC RESULTS:   AND4x1_ASAP7_75t_R cells:        2
ABC RESULTS:   AO21x1_ASAP7_75t_R cells:        2
ABC RESULTS:   AOI211xp5_ASAP7_75t_R cells:        8
ABC RESULTS:   AOI21xp33_ASAP7_75t_R cells:       35
ABC RESULTS:   AOI31xp33_ASAP7_75t_R cells:        1
ABC RESULTS:   INVx1_ASAP7_75t_R cells:      144
ABC RESULTS:   MAJIxp5_ASAP7_75t_R cells:        3
ABC RESULTS:   NAND2xp33_ASAP7_75t_R cells:       14
ABC RESULTS:   NAND3xp33_ASAP7_75t_R cells:        1
ABC RESULTS:   NOR2xp33_ASAP7_75t_R cells:       40
ABC RESULTS:   NOR3xp33_ASAP7_75t_R cells:        1
ABC RESULTS:   O2A1O1Ixp33_ASAP7_75t_R cells:       12
ABC RESULTS:   OA211x2_ASAP7_75t_R cells:        3
ABC RESULTS:   OA21x2_ASAP7_75t_R cells:        5
ABC RESULTS:   OAI211xp5_ASAP7_75t_R cells:        9
ABC RESULTS:   OAI21xp33_ASAP7_75t_R cells:       53
ABC RESULTS:   OAI22xp33_ASAP7_75t_R cells:        3
ABC RESULTS:   OAI31xp33_ASAP7_75t_R cells:        1
ABC RESULTS:   OR2x2_ASAP7_75t_R cells:        3
ABC RESULTS:   OR3x1_ASAP7_75t_R cells:        2
ABC RESULTS:   OR4x1_ASAP7_75t_R cells:        1
ABC RESULTS:   OR5x1_ASAP7_75t_R cells:        1
ABC RESULTS:   XNOR2xp5_ASAP7_75t_R cells:       18
ABC RESULTS:   XOR2xp5_ASAP7_75t_R cells:        7
ABC RESULTS:        internal signals:      238
ABC RESULTS:           input signals:      234
ABC RESULTS:          output signals:      126
Removing temp directory.
Removing global temp directory.
Removed 0 unused cells and 302674 unused wires.
{
   "creator": "Yosys 0.64+308 (git sha1 78e05dfb0, Release, Clang /usr/bin/clang++ 18.1.8)",
   "invocation": "stat -json -liberty ${REMOTE_STORAGE_ROOT}/ventus-cost-components-v1-20261006/mapping.lib ",
   "modules": {
      "\\RRArbiter_16$operandCollector.issueUnit.arb_v": {
         "num_wires":         35057,
         "num_wire_bits":     89978,
         "num_pub_wires":     1751,
         "num_pub_wire_bits": 56672,
         "num_ports":         1576,
         "num_port_bits":     30007,
         "num_memories":      0,
         "num_memory_bits":   0,
         "num_processes":     0,
         "num_cells":         36647,
         "num_submodules":       0,
         "area":              2869.606440,
         "sequential_area":    0.874800,
         "num_cells_by_type": {
            "A2O1A1Ixp33_ASAP7_75t_R": 94,
            "A2O1A1O1Ixp25_ASAP7_75t_R": 5,
            "AND2x2_ASAP7_75t_R": 6666,
            "AND3x1_ASAP7_75t_R": 1,
            "AND4x1_ASAP7_75t_R": 1,
            "AO21x1_ASAP7_75t_R": 3333,
            "AOI211xp5_ASAP7_75t_R": 6664,
            "AOI21xp33_ASAP7_75t_R": 4,
            "AOI311xp33_ASAP7_75t_R": 3244,
            "AOI31xp33_ASAP7_75t_R": 3244,
            "DFFHQNx1_ASAP7_75t_R": 3,
            "INVx1_ASAP7_75t_R": 7,
            "NAND2xp33_ASAP7_75t_R": 12985,
            "NAND3xp33_ASAP7_75t_R": 2,
            "NAND4xp25_ASAP7_75t_R": 1,
            "NOR2xp33_ASAP7_75t_R": 189,
            "NOR3xp33_ASAP7_75t_R": 1,
            "NOR4xp25_ASAP7_75t_R": 2,
            "O2A1O1Ixp33_ASAP7_75t_R": 95,
            "OA211x2_ASAP7_75t_R": 3,
            "OA21x2_ASAP7_75t_R": 2,
            "OAI211xp5_ASAP7_75t_R": 4,
            "OAI21xp33_ASAP7_75t_R": 1,
            "OAI311xp33_ASAP7_75t_R": 1,
            "OAI31xp33_ASAP7_75t_R": 91,
            "OAI32xp33_ASAP7_75t_R": 1,
            "OR2x2_ASAP7_75t_R": 1,
            "OR3x1_ASAP7_75t_R": 1,
            "OR4x1_ASAP7_75t_R": 1
         }
      },
      "\\RRArbiter_16$operandCollector.issueUnit.arb_x": {
         "num_wires":         35057,
         "num_wire_bits":     89978,
         "num_pub_wires":     1751,
         "num_pub_wire_bits": 56672,
         "num_ports":         1576,
         "num_port_bits":     30007,
         "num_memories":      0,
         "num_memory_bits":   0,
         "num_processes":     0,
         "num_cells":         36647,
         "num_submodules":       0,
         "area":              2869.606440,
         "sequential_area":    0.874800,
         "num_cells_by_type": {
            "A2O1A1Ixp33_ASAP7_75t_R": 94,
            "A2O1A1O1Ixp25_ASAP7_75t_R": 5,
            "AND2x2_ASAP7_75t_R": 6666,
            "AND3x1_ASAP7_75t_R": 1,
            "AND4x1_ASAP7_75t_R": 1,
            "AO21x1_ASAP7_75t_R": 3333,
            "AOI211xp5_ASAP7_75t_R": 6664,
            "AOI21xp33_ASAP7_75t_R": 4,
            "AOI311xp33_ASAP7_75t_R": 3244,
            "AOI31xp33_ASAP7_75t_R": 3244,
            "DFFHQNx1_ASAP7_75t_R": 3,
            "INVx1_ASAP7_75t_R": 7,
            "NAND2xp33_ASAP7_75t_R": 12985,
            "NAND3xp33_ASAP7_75t_R": 2,
            "NAND4xp25_ASAP7_75t_R": 1,
            "NOR2xp33_ASAP7_75t_R": 189,
            "NOR3xp33_ASAP7_75t_R": 1,
            "NOR4xp25_ASAP7_75t_R": 2,
            "O2A1O1Ixp33_ASAP7_75t_R": 95,
            "OA211x2_ASAP7_75t_R": 3,
            "OA21x2_ASAP7_75t_R": 2,
            "OAI211xp5_ASAP7_75t_R": 4,
            "OAI21xp33_ASAP7_75t_R": 1,
            "OAI311xp33_ASAP7_75t_R": 1,
            "OAI31xp33_ASAP7_75t_R": 91,
            "OAI32xp33_ASAP7_75t_R": 1,
            "OR2x2_ASAP7_75t_R": 1,
            "OR3x1_ASAP7_75t_R": 1,
            "OR4x1_ASAP7_75t_R": 1
         }
      },
      "\\RRArbiter$operandCollector.Arbiter.bankArbiterVector_7": {
         "num_wires":         599,
         "num_wire_bits":     1059,
         "num_pub_wires":     64,
         "num_pub_wire_bits": 524,
         "num_ports":         60,
         "num_port_bits":     262,
         "num_memories":      0,
         "num_memory_bits":   0,
         "num_processes":     0,
         "num_cells":         548,
         "num_submodules":       0,
         "area":              43.623360,
         "sequential_area":    1.458000,
         "num_cells_by_type": {
            "A2O1A1Ixp33_ASAP7_75t_R": 25,
            "A2O1A1O1Ixp25_ASAP7_75t_R": 11,
            "AND2x2_ASAP7_75t_R": 66,
            "AND3x1_ASAP7_75t_R": 7,
            "AND4x1_ASAP7_75t_R": 2,
            "AO21x1_ASAP7_75t_R": 5,
            "AOI211xp5_ASAP7_75t_R": 51,
            "AOI21xp33_ASAP7_75t_R": 22,
            "AOI311xp33_ASAP7_75t_R": 27,
            "DFFHQNx1_ASAP7_75t_R": 5,
            "INVx1_ASAP7_75t_R": 24,
            "NAND2xp33_ASAP7_75t_R": 86,
            "NAND3xp33_ASAP7_75t_R": 22,
            "NAND4xp25_ASAP7_75t_R": 4,
            "NOR2xp33_ASAP7_75t_R": 69,
            "NOR3xp33_ASAP7_75t_R": 22,
            "NOR4xp25_ASAP7_75t_R": 3,
            "NOR5xp2_ASAP7_75t_R": 1,
            "O2A1O1Ixp33_ASAP7_75t_R": 11,
            "OA211x2_ASAP7_75t_R": 5,
            "OA21x2_ASAP7_75t_R": 5,
            "OAI211xp5_ASAP7_75t_R": 5,
            "OAI21xp33_ASAP7_75t_R": 13,
            "OAI22xp33_ASAP7_75t_R": 9,
            "OAI311xp33_ASAP7_75t_R": 14,
            "OAI31xp33_ASAP7_75t_R": 20,
            "OAI32xp33_ASAP7_75t_R": 2,
            "OR2x2_ASAP7_75t_R": 6,
            "OR3x1_ASAP7_75t_R": 5,
            "OR4x1_ASAP7_75t_R": 1
         }
      },
      "\\RRArbiter$operandCollector.Arbiter.bankArbiterVector_6": {
         "num_wires":         599,
         "num_wire_bits":     1059,
         "num_pub_wires":     64,
         "num_pub_wire_bits": 524,
         "num_ports":         60,
         "num_port_bits":     262,
         "num_memories":      0,
         "num_memory_bits":   0,
         "num_processes":     0,
         "num_cells":         548,
         "num_submodules":       0,
         "area":              43.623360,
         "sequential_area":    1.458000,
         "num_cells_by_type": {
            "A2O1A1Ixp33_ASAP7_75t_R": 25,
            "A2O1A1O1Ixp25_ASAP7_75t_R": 11,
            "AND2x2_ASAP7_75t_R": 66,
            "AND3x1_ASAP7_75t_R": 7,
            "AND4x1_ASAP7_75t_R": 2,
            "AO21x1_ASAP7_75t_R": 5,
            "AOI211xp5_ASAP7_75t_R": 51,
            "AOI21xp33_ASAP7_75t_R": 22,
            "AOI311xp33_ASAP7_75t_R": 27,
            "DFFHQNx1_ASAP7_75t_R": 5,
            "INVx1_ASAP7_75t_R": 24,
            "NAND2xp33_ASAP7_75t_R": 86,
            "NAND3xp33_ASAP7_75t_R": 22,
            "NAND4xp25_ASAP7_75t_R": 4,
            "NOR2xp33_ASAP7_75t_R": 69,
            "NOR3xp33_ASAP7_75t_R": 22,
            "NOR4xp25_ASAP7_75t_R": 3,
            "NOR5xp2_ASAP7_75t_R": 1,
            "O2A1O1Ixp33_ASAP7_75t_R": 11,
            "OA211x2_ASAP7_75t_R": 5,
            "OA21x2_ASAP7_75t_R": 5,
            "OAI211xp5_ASAP7_75t_R": 5,
            "OAI21xp33_ASAP7_75t_R": 13,
            "OAI22xp33_ASAP7_75t_R": 9,
            "OAI311xp33_ASAP7_75t_R": 14,
            "OAI31xp33_ASAP7_75t_R": 20,
            "OAI32xp33_ASAP7_75t_R": 2,
            "OR2x2_ASAP7_75t_R": 6,
            "OR3x1_ASAP7_75t_R": 5,
            "OR4x1_ASAP7_75t_R": 1
         }
      },
      "\\RRArbiter$operandCollector.Arbiter.bankArbiterVector_5": {
         "num_wires":         599,
         "num_wire_bits":     1059,
         "num_pub_wires":     64,
         "num_pub_wire_bits": 524,
         "num_ports":         60,
         "num_port_bits":     262,
         "num_memories":      0,
         "num_memory_bits":   0,
         "num_processes":     0,
         "num_cells":         548,
         "num_submodules":       0,
         "area":              43.623360,
         "sequential_area":    1.458000,
         "num_cells_by_type": {
            "A2O1A1Ixp33_ASAP7_75t_R": 25,
            "A2O1A1O1Ixp25_ASAP7_75t_R": 11,
            "AND2x2_ASAP7_75t_R": 66,
            "AND3x1_ASAP7_75t_R": 7,
            "AND4x1_ASAP7_75t_R": 2,
            "AO21x1_ASAP7_75t_R": 5,
            "AOI211xp5_ASAP7_75t_R": 51,
            "AOI21xp33_ASAP7_75t_R": 22,
            "AOI311xp33_ASAP7_75t_R": 27,
            "DFFHQNx1_ASAP7_75t_R": 5,
            "INVx1_ASAP7_75t_R": 24,
            "NAND2xp33_ASAP7_75t_R": 86,
            "NAND3xp33_ASAP7_75t_R": 22,
            "NAND4xp25_ASAP7_75t_R": 4,
            "NOR2xp33_ASAP7_75t_R": 69,
            "NOR3xp33_ASAP7_75t_R": 22,
            "NOR4xp25_ASAP7_75t_R": 3,
            "NOR5xp2_ASAP7_75t_R": 1,
            "O2A1O1Ixp33_ASAP7_75t_R": 11,
            "OA211x2_ASAP7_75t_R": 5,
            "OA21x2_ASAP7_75t_R": 5,
            "OAI211xp5_ASAP7_75t_R": 5,
            "OAI21xp33_ASAP7_75t_R": 13,
            "OAI22xp33_ASAP7_75t_R": 9,
            "OAI311xp33_ASAP7_75t_R": 14,
            "OAI31xp33_ASAP7_75t_R": 20,
            "OAI32xp33_ASAP7_75t_R": 2,
            "OR2x2_ASAP7_75t_R": 6,
            "OR3x1_ASAP7_75t_R": 5,
            "OR4x1_ASAP7_75t_R": 1
         }
      },
      "\\RRArbiter$operandCollector.Arbiter.bankArbiterVector_4": {
         "num_wires":         599,
         "num_wire_bits":     1059,
         "num_pub_wires":     64,
         "num_pub_wire_bits": 524,
         "num_ports":         60,
         "num_port_bits":     262,
         "num_memories":      0,
         "num_memory_bits":   0,
         "num_processes":     0,
         "num_cells":         548,
         "num_submodules":       0,
         "area":              43.623360,
         "sequential_area":    1.458000,
         "num_cells_by_type": {
            "A2O1A1Ixp33_ASAP7_75t_R": 25,
            "A2O1A1O1Ixp25_ASAP7_75t_R": 11,
            "AND2x2_ASAP7_75t_R": 66,
            "AND3x1_ASAP7_75t_R": 7,
            "AND4x1_ASAP7_75t_R": 2,
            "AO21x1_ASAP7_75t_R": 5,
            "AOI211xp5_ASAP7_75t_R": 51,
            "AOI21xp33_ASAP7_75t_R": 22,
            "AOI311xp33_ASAP7_75t_R": 27,
            "DFFHQNx1_ASAP7_75t_R": 5,
            "INVx1_ASAP7_75t_R": 24,
            "NAND2xp33_ASAP7_75t_R": 86,
            "NAND3xp33_ASAP7_75t_R": 22,
            "NAND4xp25_ASAP7_75t_R": 4,
            "NOR2xp33_ASAP7_75t_R": 69,
            "NOR3xp33_ASAP7_75t_R": 22,
            "NOR4xp25_ASAP7_75t_R": 3,
            "NOR5xp2_ASAP7_75t_R": 1,
            "O2A1O1Ixp33_ASAP7_75t_R": 11,
            "OA211x2_ASAP7_75t_R": 5,
            "OA21x2_ASAP7_75t_R": 5,
            "OAI211xp5_ASAP7_75t_R": 5,
            "OAI21xp33_ASAP7_75t_R": 13,
            "OAI22xp33_ASAP7_75t_R": 9,
            "OAI311xp33_ASAP7_75t_R": 14,
            "OAI31xp33_ASAP7_75t_R": 20,
            "OAI32xp33_ASAP7_75t_R": 2,
            "OR2x2_ASAP7_75t_R": 6,
            "OR3x1_ASAP7_75t_R": 5,
            "OR4x1_ASAP7_75t_R": 1
         }
      },
      "\\RRArbiter$operandCollector.Arbiter.bankArbiterVector_3": {
         "num_wires":         599,
         "num_wire_bits":     1059,
         "num_pub_wires":     64,
         "num_pub_wire_bits": 524,
         "num_ports":         60,
         "num_port_bits":     262,
         "num_memories":      0,
         "num_memory_bits":   0,
         "num_processes":     0,
         "num_cells":         548,
         "num_submodules":       0,
         "area":              43.623360,
         "sequential_area":    1.458000,
         "num_cells_by_type": {
            "A2O1A1Ixp33_ASAP7_75t_R": 25,
            "A2O1A1O1Ixp25_ASAP7_75t_R": 11,
            "AND2x2_ASAP7_75t_R": 66,
            "AND3x1_ASAP7_75t_R": 7,
            "AND4x1_ASAP7_75t_R": 2,
            "AO21x1_ASAP7_75t_R": 5,
            "AOI211xp5_ASAP7_75t_R": 51,
            "AOI21xp33_ASAP7_75t_R": 22,
            "AOI311xp33_ASAP7_75t_R": 27,
            "DFFHQNx1_ASAP7_75t_R": 5,
            "INVx1_ASAP7_75t_R": 24,
            "NAND2xp33_ASAP7_75t_R": 86,
            "NAND3xp33_ASAP7_75t_R": 22,
            "NAND4xp25_ASAP7_75t_R": 4,
            "NOR2xp33_ASAP7_75t_R": 69,
            "NOR3xp33_ASAP7_75t_R": 22,
            "NOR4xp25_ASAP7_75t_R": 3,
            "NOR5xp2_ASAP7_75t_R": 1,
            "O2A1O1Ixp33_ASAP7_75t_R": 11,
            "OA211x2_ASAP7_75t_R": 5,
            "OA21x2_ASAP7_75t_R": 5,
            "OAI211xp5_ASAP7_75t_R": 5,
            "OAI21xp33_ASAP7_75t_R": 13,
            "OAI22xp33_ASAP7_75t_R": 9,
            "OAI311xp33_ASAP7_75t_R": 14,
            "OAI31xp33_ASAP7_75t_R": 20,
            "OAI32xp33_ASAP7_75t_R": 2,
            "OR2x2_ASAP7_75t_R": 6,
            "OR3x1_ASAP7_75t_R": 5,
            "OR4x1_ASAP7_75t_R": 1
         }
      },
      "\\RRArbiter$operandCollector.Arbiter.bankArbiterVector_2": {
         "num_wires":         599,
         "num_wire_bits":     1059,
         "num_pub_wires":     64,
         "num_pub_wire_bits": 524,
         "num_ports":         60,
         "num_port_bits":     262,
         "num_memories":      0,
         "num_memory_bits":   0,
         "num_processes":     0,
         "num_cells":         548,
         "num_submodules":       0,
         "area":              43.623360,
         "sequential_area":    1.458000,
         "num_cells_by_type": {
            "A2O1A1Ixp33_ASAP7_75t_R": 25,
            "A2O1A1O1Ixp25_ASAP7_75t_R": 11,
            "AND2x2_ASAP7_75t_R": 66,
            "AND3x1_ASAP7_75t_R": 7,
            "AND4x1_ASAP7_75t_R": 2,
            "AO21x1_ASAP7_75t_R": 5,
            "AOI211xp5_ASAP7_75t_R": 51,
            "AOI21xp33_ASAP7_75t_R": 22,
            "AOI311xp33_ASAP7_75t_R": 27,
            "DFFHQNx1_ASAP7_75t_R": 5,
            "INVx1_ASAP7_75t_R": 24,
            "NAND2xp33_ASAP7_75t_R": 86,
            "NAND3xp33_ASAP7_75t_R": 22,
            "NAND4xp25_ASAP7_75t_R": 4,
            "NOR2xp33_ASAP7_75t_R": 69,
            "NOR3xp33_ASAP7_75t_R": 22,
            "NOR4xp25_ASAP7_75t_R": 3,
            "NOR5xp2_ASAP7_75t_R": 1,
            "O2A1O1Ixp33_ASAP7_75t_R": 11,
            "OA211x2_ASAP7_75t_R": 5,
            "OA21x2_ASAP7_75t_R": 5,
            "OAI211xp5_ASAP7_75t_R": 5,
            "OAI21xp33_ASAP7_75t_R": 13,
            "OAI22xp33_ASAP7_75t_R": 9,
            "OAI311xp33_ASAP7_75t_R": 14,
            "OAI31xp33_ASAP7_75t_R": 20,
            "OAI32xp33_ASAP7_75t_R": 2,
            "OR2x2_ASAP7_75t_R": 6,
            "OR3x1_ASAP7_75t_R": 5,
            "OR4x1_ASAP7_75t_R": 1
         }
      },
      "\\RRArbiter$operandCollector.Arbiter.bankArbiterVector_1": {
         "num_wires":         599,
         "num_wire_bits":     1059,
         "num_pub_wires":     64,
         "num_pub_wire_bits": 524,
         "num_ports":         60,
         "num_port_bits":     262,
         "num_memories":      0,
         "num_memory_bits":   0,
         "num_processes":     0,
         "num_cells":         548,
         "num_submodules":       0,
         "area":              43.623360,
         "sequential_area":    1.458000,
         "num_cells_by_type": {
            "A2O1A1Ixp33_ASAP7_75t_R": 25,
            "A2O1A1O1Ixp25_ASAP7_75t_R": 11,
            "AND2x2_ASAP7_75t_R": 66,
            "AND3x1_ASAP7_75t_R": 7,
            "AND4x1_ASAP7_75t_R": 2,
            "AO21x1_ASAP7_75t_R": 5,
            "AOI211xp5_ASAP7_75t_R": 51,
            "AOI21xp33_ASAP7_75t_R": 22,
            "AOI311xp33_ASAP7_75t_R": 27,
            "DFFHQNx1_ASAP7_75t_R": 5,
            "INVx1_ASAP7_75t_R": 24,
            "NAND2xp33_ASAP7_75t_R": 86,
            "NAND3xp33_ASAP7_75t_R": 22,
            "NAND4xp25_ASAP7_75t_R": 4,
            "NOR2xp33_ASAP7_75t_R": 69,
            "NOR3xp33_ASAP7_75t_R": 22,
            "NOR4xp25_ASAP7_75t_R": 3,
            "NOR5xp2_ASAP7_75t_R": 1,
            "O2A1O1Ixp33_ASAP7_75t_R": 11,
            "OA211x2_ASAP7_75t_R": 5,
            "OA21x2_ASAP7_75t_R": 5,
            "OAI211xp5_ASAP7_75t_R": 5,
            "OAI21xp33_ASAP7_75t_R": 13,
            "OAI22xp33_ASAP7_75t_R": 9,
            "OAI311xp33_ASAP7_75t_R": 14,
            "OAI31xp33_ASAP7_75t_R": 20,
            "OAI32xp33_ASAP7_75t_R": 2,
            "OR2x2_ASAP7_75t_R": 6,
            "OR3x1_ASAP7_75t_R": 5,
            "OR4x1_ASAP7_75t_R": 1
         }
      },
      "\\RRArbiter$operandCollector.Arbiter.bankArbiterVector_0": {
         "num_wires":         599,
         "num_wire_bits":     1059,
         "num_pub_wires":     64,
         "num_pub_wire_bits": 524,
         "num_ports":         60,
         "num_port_bits":     262,
         "num_memories":      0,
         "num_memory_bits":   0,
         "num_processes":     0,
         "num_cells":         548,
         "num_submodules":       0,
         "area":              43.623360,
         "sequential_area":    1.458000,
         "num_cells_by_type": {
            "A2O1A1Ixp33_ASAP7_75t_R": 25,
            "A2O1A1O1Ixp25_ASAP7_75t_R": 11,
            "AND2x2_ASAP7_75t_R": 66,
            "AND3x1_ASAP7_75t_R": 7,
            "AND4x1_ASAP7_75t_R": 2,
            "AO21x1_ASAP7_75t_R": 5,
            "AOI211xp5_ASAP7_75t_R": 51,
            "AOI21xp33_ASAP7_75t_R": 22,
            "AOI311xp33_ASAP7_75t_R": 27,
            "DFFHQNx1_ASAP7_75t_R": 5,
            "INVx1_ASAP7_75t_R": 24,
            "NAND2xp33_ASAP7_75t_R": 86,
            "NAND3xp33_ASAP7_75t_R": 22,
            "NAND4xp25_ASAP7_75t_R": 4,
            "NOR2xp33_ASAP7_75t_R": 69,
            "NOR3xp33_ASAP7_75t_R": 22,
            "NOR4xp25_ASAP7_75t_R": 3,
            "NOR5xp2_ASAP7_75t_R": 1,
            "O2A1O1Ixp33_ASAP7_75t_R": 11,
            "OA211x2_ASAP7_75t_R": 5,
            "OA21x2_ASAP7_75t_R": 5,
            "OAI211xp5_ASAP7_75t_R": 5,
            "OAI21xp33_ASAP7_75t_R": 13,
            "OAI22xp33_ASAP7_75t_R": 9,
            "OAI311xp33_ASAP7_75t_R": 14,
            "OAI31xp33_ASAP7_75t_R": 20,
            "OAI32xp33_ASAP7_75t_R": 2,
            "OR2x2_ASAP7_75t_R": 6,
            "OR3x1_ASAP7_75t_R": 5,
            "OR4x1_ASAP7_75t_R": 1
         }
      },
      "\\RRArbiter$operandCollector.Arbiter.bankArbiterScalar_7": {
         "num_wires":         599,
         "num_wire_bits":     1059,
         "num_pub_wires":     64,
         "num_pub_wire_bits": 524,
         "num_ports":         60,
         "num_port_bits":     262,
         "num_memories":      0,
         "num_memory_bits":   0,
         "num_processes":     0,
         "num_cells":         548,
         "num_submodules":       0,
         "area":              43.623360,
         "sequential_area":    1.458000,
         "num_cells_by_type": {
            "A2O1A1Ixp33_ASAP7_75t_R": 25,
            "A2O1A1O1Ixp25_ASAP7_75t_R": 11,
            "AND2x2_ASAP7_75t_R": 66,
            "AND3x1_ASAP7_75t_R": 7,
            "AND4x1_ASAP7_75t_R": 2,
            "AO21x1_ASAP7_75t_R": 5,
            "AOI211xp5_ASAP7_75t_R": 51,
            "AOI21xp33_ASAP7_75t_R": 22,
            "AOI311xp33_ASAP7_75t_R": 27,
            "DFFHQNx1_ASAP7_75t_R": 5,
            "INVx1_ASAP7_75t_R": 24,
            "NAND2xp33_ASAP7_75t_R": 86,
            "NAND3xp33_ASAP7_75t_R": 22,
            "NAND4xp25_ASAP7_75t_R": 4,
            "NOR2xp33_ASAP7_75t_R": 69,
            "NOR3xp33_ASAP7_75t_R": 22,
            "NOR4xp25_ASAP7_75t_R": 3,
            "NOR5xp2_ASAP7_75t_R": 1,
            "O2A1O1Ixp33_ASAP7_75t_R": 11,
            "OA211x2_ASAP7_75t_R": 5,
            "OA21x2_ASAP7_75t_R": 5,
            "OAI211xp5_ASAP7_75t_R": 5,
            "OAI21xp33_ASAP7_75t_R": 13,
            "OAI22xp33_ASAP7_75t_R": 9,
            "OAI311xp33_ASAP7_75t_R": 14,
            "OAI31xp33_ASAP7_75t_R": 20,
            "OAI32xp33_ASAP7_75t_R": 2,
            "OR2x2_ASAP7_75t_R": 6,
            "OR3x1_ASAP7_75t_R": 5,
            "OR4x1_ASAP7_75t_R": 1
         }
      },
      "\\RRArbiter$operandCollector.Arbiter.bankArbiterScalar_6": {
         "num_wires":         599,
         "num_wire_bits":     1059,
         "num_pub_wires":     64,
         "num_pub_wire_bits": 524,
         "num_ports":         60,
         "num_port_bits":     262,
         "num_memories":      0,
         "num_memory_bits":   0,
         "num_processes":     0,
         "num_cells":         548,
         "num_submodules":       0,
         "area":              43.623360,
         "sequential_area":    1.458000,
         "num_cells_by_type": {
            "A2O1A1Ixp33_ASAP7_75t_R": 25,
            "A2O1A1O1Ixp25_ASAP7_75t_R": 11,
            "AND2x2_ASAP7_75t_R": 66,
            "AND3x1_ASAP7_75t_R": 7,
            "AND4x1_ASAP7_75t_R": 2,
            "AO21x1_ASAP7_75t_R": 5,
            "AOI211xp5_ASAP7_75t_R": 51,
            "AOI21xp33_ASAP7_75t_R": 22,
            "AOI311xp33_ASAP7_75t_R": 27,
            "DFFHQNx1_ASAP7_75t_R": 5,
            "INVx1_ASAP7_75t_R": 24,
            "NAND2xp33_ASAP7_75t_R": 86,
            "NAND3xp33_ASAP7_75t_R": 22,
            "NAND4xp25_ASAP7_75t_R": 4,
            "NOR2xp33_ASAP7_75t_R": 69,
            "NOR3xp33_ASAP7_75t_R": 22,
            "NOR4xp25_ASAP7_75t_R": 3,
            "NOR5xp2_ASAP7_75t_R": 1,
            "O2A1O1Ixp33_ASAP7_75t_R": 11,
            "OA211x2_ASAP7_75t_R": 5,
            "OA21x2_ASAP7_75t_R": 5,
            "OAI211xp5_ASAP7_75t_R": 5,
            "OAI21xp33_ASAP7_75t_R": 13,
            "OAI22xp33_ASAP7_75t_R": 9,
            "OAI311xp33_ASAP7_75t_R": 14,
            "OAI31xp33_ASAP7_75t_R": 20,
            "OAI32xp33_ASAP7_75t_R": 2,
            "OR2x2_ASAP7_75t_R": 6,
            "OR3x1_ASAP7_75t_R": 5,
            "OR4x1_ASAP7_75t_R": 1
         }
      },
      "\\RRArbiter$operandCollector.Arbiter.bankArbiterScalar_5": {
         "num_wires":         599,
         "num_wire_bits":     1059,
         "num_pub_wires":     64,
         "num_pub_wire_bits": 524,
         "num_ports":         60,
         "num_port_bits":     262,
         "num_memories":      0,
         "num_memory_bits":   0,
         "num_processes":     0,
         "num_cells":         548,
         "num_submodules":       0,
         "area":              43.623360,
         "sequential_area":    1.458000,
         "num_cells_by_type": {
            "A2O1A1Ixp33_ASAP7_75t_R": 25,
            "A2O1A1O1Ixp25_ASAP7_75t_R": 11,
            "AND2x2_ASAP7_75t_R": 66,
            "AND3x1_ASAP7_75t_R": 7,
            "AND4x1_ASAP7_75t_R": 2,
            "AO21x1_ASAP7_75t_R": 5,
            "AOI211xp5_ASAP7_75t_R": 51,
            "AOI21xp33_ASAP7_75t_R": 22,
            "AOI311xp33_ASAP7_75t_R": 27,
            "DFFHQNx1_ASAP7_75t_R": 5,
            "INVx1_ASAP7_75t_R": 24,
            "NAND2xp33_ASAP7_75t_R": 86,
            "NAND3xp33_ASAP7_75t_R": 22,
            "NAND4xp25_ASAP7_75t_R": 4,
            "NOR2xp33_ASAP7_75t_R": 69,
            "NOR3xp33_ASAP7_75t_R": 22,
            "NOR4xp25_ASAP7_75t_R": 3,
            "NOR5xp2_ASAP7_75t_R": 1,
            "O2A1O1Ixp33_ASAP7_75t_R": 11,
            "OA211x2_ASAP7_75t_R": 5,
            "OA21x2_ASAP7_75t_R": 5,
            "OAI211xp5_ASAP7_75t_R": 5,
            "OAI21xp33_ASAP7_75t_R": 13,
            "OAI22xp33_ASAP7_75t_R": 9,
            "OAI311xp33_ASAP7_75t_R": 14,
            "OAI31xp33_ASAP7_75t_R": 20,
            "OAI32xp33_ASAP7_75t_R": 2,
            "OR2x2_ASAP7_75t_R": 6,
            "OR3x1_ASAP7_75t_R": 5,
            "OR4x1_ASAP7_75t_R": 1
         }
      },
      "\\RRArbiter$operandCollector.Arbiter.bankArbiterScalar_4": {
         "num_wires":         599,
         "num_wire_bits":     1059,
         "num_pub_wires":     64,
         "num_pub_wire_bits": 524,
         "num_ports":         60,
         "num_port_bits":     262,
         "num_memories":      0,
         "num_memory_bits":   0,
         "num_processes":     0,
         "num_cells":         548,
         "num_submodules":       0,
         "area":              43.623360,
         "sequential_area":    1.458000,
         "num_cells_by_type": {
            "A2O1A1Ixp33_ASAP7_75t_R": 25,
            "A2O1A1O1Ixp25_ASAP7_75t_R": 11,
            "AND2x2_ASAP7_75t_R": 66,
            "AND3x1_ASAP7_75t_R": 7,
            "AND4x1_ASAP7_75t_R": 2,
            "AO21x1_ASAP7_75t_R": 5,
            "AOI211xp5_ASAP7_75t_R": 51,
            "AOI21xp33_ASAP7_75t_R": 22,
            "AOI311xp33_ASAP7_75t_R": 27,
            "DFFHQNx1_ASAP7_75t_R": 5,
            "INVx1_ASAP7_75t_R": 24,
            "NAND2xp33_ASAP7_75t_R": 86,
            "NAND3xp33_ASAP7_75t_R": 22,
            "NAND4xp25_ASAP7_75t_R": 4,
            "NOR2xp33_ASAP7_75t_R": 69,
            "NOR3xp33_ASAP7_75t_R": 22,
            "NOR4xp25_ASAP7_75t_R": 3,
            "NOR5xp2_ASAP7_75t_R": 1,
            "O2A1O1Ixp33_ASAP7_75t_R": 11,
            "OA211x2_ASAP7_75t_R": 5,
            "OA21x2_ASAP7_75t_R": 5,
            "OAI211xp5_ASAP7_75t_R": 5,
            "OAI21xp33_ASAP7_75t_R": 13,
            "OAI22xp33_ASAP7_75t_R": 9,
            "OAI311xp33_ASAP7_75t_R": 14,
            "OAI31xp33_ASAP7_75t_R": 20,
            "OAI32xp33_ASAP7_75t_R": 2,
            "OR2x2_ASAP7_75t_R": 6,
            "OR3x1_ASAP7_75t_R": 5,
            "OR4x1_ASAP7_75t_R": 1
         }
      },
      "\\RRArbiter$operandCollector.Arbiter.bankArbiterScalar_3": {
         "num_wires":         599,
         "num_wire_bits":     1059,
         "num_pub_wires":     64,
         "num_pub_wire_bits": 524,
         "num_ports":         60,
         "num_port_bits":     262,
         "num_memories":      0,
         "num_memory_bits":   0,
         "num_processes":     0,
         "num_cells":         548,
         "num_submodules":       0,
         "area":              43.623360,
         "sequential_area":    1.458000,
         "num_cells_by_type": {
            "A2O1A1Ixp33_ASAP7_75t_R": 25,
            "A2O1A1O1Ixp25_ASAP7_75t_R": 11,
            "AND2x2_ASAP7_75t_R": 66,
            "AND3x1_ASAP7_75t_R": 7,
            "AND4x1_ASAP7_75t_R": 2,
            "AO21x1_ASAP7_75t_R": 5,
            "AOI211xp5_ASAP7_75t_R": 51,
            "AOI21xp33_ASAP7_75t_R": 22,
            "AOI311xp33_ASAP7_75t_R": 27,
            "DFFHQNx1_ASAP7_75t_R": 5,
            "INVx1_ASAP7_75t_R": 24,
            "NAND2xp33_ASAP7_75t_R": 86,
            "NAND3xp33_ASAP7_75t_R": 22,
            "NAND4xp25_ASAP7_75t_R": 4,
            "NOR2xp33_ASAP7_75t_R": 69,
            "NOR3xp33_ASAP7_75t_R": 22,
            "NOR4xp25_ASAP7_75t_R": 3,
            "NOR5xp2_ASAP7_75t_R": 1,
            "O2A1O1Ixp33_ASAP7_75t_R": 11,
            "OA211x2_ASAP7_75t_R": 5,
            "OA21x2_ASAP7_75t_R": 5,
            "OAI211xp5_ASAP7_75t_R": 5,
            "OAI21xp33_ASAP7_75t_R": 13,
            "OAI22xp33_ASAP7_75t_R": 9,
            "OAI311xp33_ASAP7_75t_R": 14,
            "OAI31xp33_ASAP7_75t_R": 20,
            "OAI32xp33_ASAP7_75t_R": 2,
            "OR2x2_ASAP7_75t_R": 6,
            "OR3x1_ASAP7_75t_R": 5,
            "OR4x1_ASAP7_75t_R": 1
         }
      },
      "\\RRArbiter$operandCollector.Arbiter.bankArbiterScalar_2": {
         "num_wires":         599,
         "num_wire_bits":     1059,
         "num_pub_wires":     64,
         "num_pub_wire_bits": 524,
         "num_ports":         60,
         "num_port_bits":     262,
         "num_memories":      0,
         "num_memory_bits":   0,
         "num_processes":     0,
         "num_cells":         548,
         "num_submodules":       0,
         "area":              43.623360,
         "sequential_area":    1.458000,
         "num_cells_by_type": {
            "A2O1A1Ixp33_ASAP7_75t_R": 25,
            "A2O1A1O1Ixp25_ASAP7_75t_R": 11,
            "AND2x2_ASAP7_75t_R": 66,
            "AND3x1_ASAP7_75t_R": 7,
            "AND4x1_ASAP7_75t_R": 2,
            "AO21x1_ASAP7_75t_R": 5,
            "AOI211xp5_ASAP7_75t_R": 51,
            "AOI21xp33_ASAP7_75t_R": 22,
            "AOI311xp33_ASAP7_75t_R": 27,
            "DFFHQNx1_ASAP7_75t_R": 5,
            "INVx1_ASAP7_75t_R": 24,
            "NAND2xp33_ASAP7_75t_R": 86,
            "NAND3xp33_ASAP7_75t_R": 22,
            "NAND4xp25_ASAP7_75t_R": 4,
            "NOR2xp33_ASAP7_75t_R": 69,
            "NOR3xp33_ASAP7_75t_R": 22,
            "NOR4xp25_ASAP7_75t_R": 3,
            "NOR5xp2_ASAP7_75t_R": 1,
            "O2A1O1Ixp33_ASAP7_75t_R": 11,
            "OA211x2_ASAP7_75t_R": 5,
            "OA21x2_ASAP7_75t_R": 5,
            "OAI211xp5_ASAP7_75t_R": 5,
            "OAI21xp33_ASAP7_75t_R": 13,
            "OAI22xp33_ASAP7_75t_R": 9,
            "OAI311xp33_ASAP7_75t_R": 14,
            "OAI31xp33_ASAP7_75t_R": 20,
            "OAI32xp33_ASAP7_75t_R": 2,
            "OR2x2_ASAP7_75t_R": 6,
            "OR3x1_ASAP7_75t_R": 5,
            "OR4x1_ASAP7_75t_R": 1
         }
      },
      "\\RRArbiter$operandCollector.Arbiter.bankArbiterScalar_1": {
         "num_wires":         599,
         "num_wire_bits":     1059,
         "num_pub_wires":     64,
         "num_pub_wire_bits": 524,
         "num_ports":         60,
         "num_port_bits":     262,
         "num_memories":      0,
         "num_memory_bits":   0,
         "num_processes":     0,
         "num_cells":         548,
         "num_submodules":       0,
         "area":              43.623360,
         "sequential_area":    1.458000,
         "num_cells_by_type": {
            "A2O1A1Ixp33_ASAP7_75t_R": 25,
            "A2O1A1O1Ixp25_ASAP7_75t_R": 11,
            "AND2x2_ASAP7_75t_R": 66,
            "AND3x1_ASAP7_75t_R": 7,
            "AND4x1_ASAP7_75t_R": 2,
            "AO21x1_ASAP7_75t_R": 5,
            "AOI211xp5_ASAP7_75t_R": 51,
            "AOI21xp33_ASAP7_75t_R": 22,
            "AOI311xp33_ASAP7_75t_R": 27,
            "DFFHQNx1_ASAP7_75t_R": 5,
            "INVx1_ASAP7_75t_R": 24,
            "NAND2xp33_ASAP7_75t_R": 86,
            "NAND3xp33_ASAP7_75t_R": 22,
            "NAND4xp25_ASAP7_75t_R": 4,
            "NOR2xp33_ASAP7_75t_R": 69,
            "NOR3xp33_ASAP7_75t_R": 22,
            "NOR4xp25_ASAP7_75t_R": 3,
            "NOR5xp2_ASAP7_75t_R": 1,
            "O2A1O1Ixp33_ASAP7_75t_R": 11,
            "OA211x2_ASAP7_75t_R": 5,
            "OA21x2_ASAP7_75t_R": 5,
            "OAI211xp5_ASAP7_75t_R": 5,
            "OAI21xp33_ASAP7_75t_R": 13,
            "OAI22xp33_ASAP7_75t_R": 9,
            "OAI311xp33_ASAP7_75t_R": 14,
            "OAI31xp33_ASAP7_75t_R": 20,
            "OAI32xp33_ASAP7_75t_R": 2,
            "OR2x2_ASAP7_75t_R": 6,
            "OR3x1_ASAP7_75t_R": 5,
            "OR4x1_ASAP7_75t_R": 1
         }
      },
      "\\RRArbiter$operandCollector.Arbiter.bankArbiterScalar_0": {
         "num_wires":         599,
         "num_wire_bits":     1059,
         "num_pub_wires":     64,
         "num_pub_wire_bits": 524,
         "num_ports":         60,
         "num_port_bits":     262,
         "num_memories":      0,
         "num_memory_bits":   0,
         "num_processes":     0,
         "num_cells":         548,
         "num_submodules":       0,
         "area":              43.623360,
         "sequential_area":    1.458000,
         "num_cells_by_type": {
            "A2O1A1Ixp33_ASAP7_75t_R": 25,
            "A2O1A1O1Ixp25_ASAP7_75t_R": 11,
            "AND2x2_ASAP7_75t_R": 66,
            "AND3x1_ASAP7_75t_R": 7,
            "AND4x1_ASAP7_75t_R": 2,
            "AO21x1_ASAP7_75t_R": 5,
            "AOI211xp5_ASAP7_75t_R": 51,
            "AOI21xp33_ASAP7_75t_R": 22,
            "AOI311xp33_ASAP7_75t_R": 27,
            "DFFHQNx1_ASAP7_75t_R": 5,
            "INVx1_ASAP7_75t_R": 24,
            "NAND2xp33_ASAP7_75t_R": 86,
            "NAND3xp33_ASAP7_75t_R": 22,
            "NAND4xp25_ASAP7_75t_R": 4,
            "NOR2xp33_ASAP7_75t_R": 69,
            "NOR3xp33_ASAP7_75t_R": 22,
            "NOR4xp25_ASAP7_75t_R": 3,
            "NOR5xp2_ASAP7_75t_R": 1,
            "O2A1O1Ixp33_ASAP7_75t_R": 11,
            "OA211x2_ASAP7_75t_R": 5,
            "OA21x2_ASAP7_75t_R": 5,
            "OAI211xp5_ASAP7_75t_R": 5,
            "OAI21xp33_ASAP7_75t_R": 13,
            "OAI22xp33_ASAP7_75t_R": 9,
            "OAI311xp33_ASAP7_75t_R": 14,
            "OAI31xp33_ASAP7_75t_R": 20,
            "OAI32xp33_ASAP7_75t_R": 2,
            "OR2x2_ASAP7_75t_R": 6,
            "OR3x1_ASAP7_75t_R": 5,
            "OR4x1_ASAP7_75t_R": 1
         }
      },
      "\\ImmGen$operandCollector.collectorUnit_7.imm": {
         "num_wires":         90,
         "num_wire_bits":     212,
         "num_pub_wires":     7,
         "num_pub_wire_bits": 129,
         "num_ports":         4,
         "num_port_bits":     75,
         "num_memories":      0,
         "num_memory_bits":   0,
         "num_processes":     0,
         "num_cells":         115,
         "num_submodules":       0,
         "area":              9.593640,
         "sequential_area":    0.000000,
         "num_cells_by_type": {
            "A2O1A1Ixp33_ASAP7_75t_R": 6,
            "A2O1A1O1Ixp25_ASAP7_75t_R": 10,
            "AND2x2_ASAP7_75t_R": 1,
            "AND3x1_ASAP7_75t_R": 2,
            "AO21x1_ASAP7_75t_R": 8,
            "AO32x1_ASAP7_75t_R": 1,
            "AOI21xp33_ASAP7_75t_R": 7,
            "AOI221xp5_ASAP7_75t_R": 10,
            "AOI22xp33_ASAP7_75t_R": 4,
            "INVx1_ASAP7_75t_R": 5,
            "NAND2xp33_ASAP7_75t_R": 9,
            "NAND3xp33_ASAP7_75t_R": 3,
            "NOR2xp33_ASAP7_75t_R": 5,
            "NOR3xp33_ASAP7_75t_R": 5,
            "NOR4xp25_ASAP7_75t_R": 2,
            "O2A1O1Ixp33_ASAP7_75t_R": 12,
            "OA21x2_ASAP7_75t_R": 2,
            "OAI21xp33_ASAP7_75t_R": 20,
            "OAI221xp5_ASAP7_75t_R": 1,
            "OAI311xp33_ASAP7_75t_R": 1,
            "OR3x1_ASAP7_75t_R": 1
         }
      },
      "\\ImmGen$operandCollector.collectorUnit_6.imm": {
         "num_wires":         90,
         "num_wire_bits":     212,
         "num_pub_wires":     7,
         "num_pub_wire_bits": 129,
         "num_ports":         4,
         "num_port_bits":     75,
         "num_memories":      0,
         "num_memory_bits":   0,
         "num_processes":     0,
         "num_cells":         115,
         "num_submodules":       0,
         "area":              9.593640,
         "sequential_area":    0.000000,
         "num_cells_by_type": {
            "A2O1A1Ixp33_ASAP7_75t_R": 6,
            "A2O1A1O1Ixp25_ASAP7_75t_R": 10,
            "AND2x2_ASAP7_75t_R": 1,
            "AND3x1_ASAP7_75t_R": 2,
            "AO21x1_ASAP7_75t_R": 8,
            "AO32x1_ASAP7_75t_R": 1,
            "AOI21xp33_ASAP7_75t_R": 7,
            "AOI221xp5_ASAP7_75t_R": 10,
            "AOI22xp33_ASAP7_75t_R": 4,
            "INVx1_ASAP7_75t_R": 5,
            "NAND2xp33_ASAP7_75t_R": 9,
            "NAND3xp33_ASAP7_75t_R": 3,
            "NOR2xp33_ASAP7_75t_R": 5,
            "NOR3xp33_ASAP7_75t_R": 5,
            "NOR4xp25_ASAP7_75t_R": 2,
            "O2A1O1Ixp33_ASAP7_75t_R": 12,
            "OA21x2_ASAP7_75t_R": 2,
            "OAI21xp33_ASAP7_75t_R": 20,
            "OAI221xp5_ASAP7_75t_R": 1,
            "OAI311xp33_ASAP7_75t_R": 1,
            "OR3x1_ASAP7_75t_R": 1
         }
      },
      "\\ImmGen$operandCollector.collectorUnit_5.imm": {
         "num_wires":         90,
         "num_wire_bits":     212,
         "num_pub_wires":     7,
         "num_pub_wire_bits": 129,
         "num_ports":         4,
         "num_port_bits":     75,
         "num_memories":      0,
         "num_memory_bits":   0,
         "num_processes":     0,
         "num_cells":         115,
         "num_submodules":       0,
         "area":              9.593640,
         "sequential_area":    0.000000,
         "num_cells_by_type": {
            "A2O1A1Ixp33_ASAP7_75t_R": 6,
            "A2O1A1O1Ixp25_ASAP7_75t_R": 10,
            "AND2x2_ASAP7_75t_R": 1,
            "AND3x1_ASAP7_75t_R": 2,
            "AO21x1_ASAP7_75t_R": 8,
            "AO32x1_ASAP7_75t_R": 1,
            "AOI21xp33_ASAP7_75t_R": 7,
            "AOI221xp5_ASAP7_75t_R": 10,
            "AOI22xp33_ASAP7_75t_R": 4,
            "INVx1_ASAP7_75t_R": 5,
            "NAND2xp33_ASAP7_75t_R": 9,
            "NAND3xp33_ASAP7_75t_R": 3,
            "NOR2xp33_ASAP7_75t_R": 5,
            "NOR3xp33_ASAP7_75t_R": 5,
            "NOR4xp25_ASAP7_75t_R": 2,
            "O2A1O1Ixp33_ASAP7_75t_R": 12,
            "OA21x2_ASAP7_75t_R": 2,
            "OAI21xp33_ASAP7_75t_R": 20,
            "OAI221xp5_ASAP7_75t_R": 1,
            "OAI311xp33_ASAP7_75t_R": 1,
            "OR3x1_ASAP7_75t_R": 1
         }
      },
      "\\ImmGen$operandCollector.collectorUnit_4.imm": {
         "num_wires":         90,
         "num_wire_bits":     212,
         "num_pub_wires":     7,
         "num_pub_wire_bits": 129,
         "num_ports":         4,
         "num_port_bits":     75,
         "num_memories":      0,
         "num_memory_bits":   0,
         "num_processes":     0,
         "num_cells":         115,
         "num_submodules":       0,
         "area":              9.593640,
         "sequential_area":    0.000000,
         "num_cells_by_type": {
            "A2O1A1Ixp33_ASAP7_75t_R": 6,
            "A2O1A1O1Ixp25_ASAP7_75t_R": 10,
            "AND2x2_ASAP7_75t_R": 1,
            "AND3x1_ASAP7_75t_R": 2,
            "AO21x1_ASAP7_75t_R": 8,
            "AO32x1_ASAP7_75t_R": 1,
            "AOI21xp33_ASAP7_75t_R": 7,
            "AOI221xp5_ASAP7_75t_R": 10,
            "AOI22xp33_ASAP7_75t_R": 4,
            "INVx1_ASAP7_75t_R": 5,
            "NAND2xp33_ASAP7_75t_R": 9,
            "NAND3xp33_ASAP7_75t_R": 3,
            "NOR2xp33_ASAP7_75t_R": 5,
            "NOR3xp33_ASAP7_75t_R": 5,
            "NOR4xp25_ASAP7_75t_R": 2,
            "O2A1O1Ixp33_ASAP7_75t_R": 12,
            "OA21x2_ASAP7_75t_R": 2,
            "OAI21xp33_ASAP7_75t_R": 20,
            "OAI221xp5_ASAP7_75t_R": 1,
            "OAI311xp33_ASAP7_75t_R": 1,
            "OR3x1_ASAP7_75t_R": 1
         }
      },
      "\\ImmGen$operandCollector.collectorUnit_3.imm": {
         "num_wires":         90,
         "num_wire_bits":     212,
         "num_pub_wires":     7,
         "num_pub_wire_bits": 129,
         "num_ports":         4,
         "num_port_bits":     75,
         "num_memories":      0,
         "num_memory_bits":   0,
         "num_processes":     0,
         "num_cells":         115,
         "num_submodules":       0,
         "area":              9.593640,
         "sequential_area":    0.000000,
         "num_cells_by_type": {
            "A2O1A1Ixp33_ASAP7_75t_R": 6,
            "A2O1A1O1Ixp25_ASAP7_75t_R": 10,
            "AND2x2_ASAP7_75t_R": 1,
            "AND3x1_ASAP7_75t_R": 2,
            "AO21x1_ASAP7_75t_R": 8,
            "AO32x1_ASAP7_75t_R": 1,
            "AOI21xp33_ASAP7_75t_R": 7,
            "AOI221xp5_ASAP7_75t_R": 10,
            "AOI22xp33_ASAP7_75t_R": 4,
            "INVx1_ASAP7_75t_R": 5,
            "NAND2xp33_ASAP7_75t_R": 9,
            "NAND3xp33_ASAP7_75t_R": 3,
            "NOR2xp33_ASAP7_75t_R": 5,
            "NOR3xp33_ASAP7_75t_R": 5,
            "NOR4xp25_ASAP7_75t_R": 2,
            "O2A1O1Ixp33_ASAP7_75t_R": 12,
            "OA21x2_ASAP7_75t_R": 2,
            "OAI21xp33_ASAP7_75t_R": 20,
            "OAI221xp5_ASAP7_75t_R": 1,
            "OAI311xp33_ASAP7_75t_R": 1,
            "OR3x1_ASAP7_75t_R": 1
         }
      },
      "\\ImmGen$operandCollector.collectorUnit_2.imm": {
         "num_wires":         90,
         "num_wire_bits":     212,
         "num_pub_wires":     7,
         "num_pub_wire_bits": 129,
         "num_ports":         4,
         "num_port_bits":     75,
         "num_memories":      0,
         "num_memory_bits":   0,
         "num_processes":     0,
         "num_cells":         115,
         "num_submodules":       0,
         "area":              9.593640,
         "sequential_area":    0.000000,
         "num_cells_by_type": {
            "A2O1A1Ixp33_ASAP7_75t_R": 6,
            "A2O1A1O1Ixp25_ASAP7_75t_R": 10,
            "AND2x2_ASAP7_75t_R": 1,
            "AND3x1_ASAP7_75t_R": 2,
            "AO21x1_ASAP7_75t_R": 8,
            "AO32x1_ASAP7_75t_R": 1,
            "AOI21xp33_ASAP7_75t_R": 7,
            "AOI221xp5_ASAP7_75t_R": 10,
            "AOI22xp33_ASAP7_75t_R": 4,
            "INVx1_ASAP7_75t_R": 5,
            "NAND2xp33_ASAP7_75t_R": 9,
            "NAND3xp33_ASAP7_75t_R": 3,
            "NOR2xp33_ASAP7_75t_R": 5,
            "NOR3xp33_ASAP7_75t_R": 5,
            "NOR4xp25_ASAP7_75t_R": 2,
            "O2A1O1Ixp33_ASAP7_75t_R": 12,
            "OA21x2_ASAP7_75t_R": 2,
            "OAI21xp33_ASAP7_75t_R": 20,
            "OAI221xp5_ASAP7_75t_R": 1,
            "OAI311xp33_ASAP7_75t_R": 1,
            "OR3x1_ASAP7_75t_R": 1
         }
      },
      "\\ImmGen$operandCollector.collectorUnit_1.imm": {
         "num_wires":         90,
         "num_wire_bits":     212,
         "num_pub_wires":     7,
         "num_pub_wire_bits": 129,
         "num_ports":         4,
         "num_port_bits":     75,
         "num_memories":      0,
         "num_memory_bits":   0,
         "num_processes":     0,
         "num_cells":         115,
         "num_submodules":       0,
         "area":              9.593640,
         "sequential_area":    0.000000,
         "num_cells_by_type": {
            "A2O1A1Ixp33_ASAP7_75t_R": 6,
            "A2O1A1O1Ixp25_ASAP7_75t_R": 10,
            "AND2x2_ASAP7_75t_R": 1,
            "AND3x1_ASAP7_75t_R": 2,
            "AO21x1_ASAP7_75t_R": 8,
            "AO32x1_ASAP7_75t_R": 1,
            "AOI21xp33_ASAP7_75t_R": 7,
            "AOI221xp5_ASAP7_75t_R": 10,
            "AOI22xp33_ASAP7_75t_R": 4,
            "INVx1_ASAP7_75t_R": 5,
            "NAND2xp33_ASAP7_75t_R": 9,
            "NAND3xp33_ASAP7_75t_R": 3,
            "NOR2xp33_ASAP7_75t_R": 5,
            "NOR3xp33_ASAP7_75t_R": 5,
            "NOR4xp25_ASAP7_75t_R": 2,
            "O2A1O1Ixp33_ASAP7_75t_R": 12,
            "OA21x2_ASAP7_75t_R": 2,
            "OAI21xp33_ASAP7_75t_R": 20,
            "OAI221xp5_ASAP7_75t_R": 1,
            "OAI311xp33_ASAP7_75t_R": 1,
            "OR3x1_ASAP7_75t_R": 1
         }
      },
      "\\ImmGen$operandCollector.collectorUnit.imm": {
         "num_wires":         90,
         "num_wire_bits":     212,
         "num_pub_wires":     7,
         "num_pub_wire_bits": 129,
         "num_ports":         4,
         "num_port_bits":     75,
         "num_memories":      0,
         "num_memory_bits":   0,
         "num_processes":     0,
         "num_cells":         115,
         "num_submodules":       0,
         "area":              9.593640,
         "sequential_area":    0.000000,
         "num_cells_by_type": {
            "A2O1A1Ixp33_ASAP7_75t_R": 6,
            "A2O1A1O1Ixp25_ASAP7_75t_R": 10,
            "AND2x2_ASAP7_75t_R": 1,
            "AND3x1_ASAP7_75t_R": 2,
            "AO21x1_ASAP7_75t_R": 8,
            "AO32x1_ASAP7_75t_R": 1,
            "AOI21xp33_ASAP7_75t_R": 7,
            "AOI221xp5_ASAP7_75t_R": 10,
            "AOI22xp33_ASAP7_75t_R": 4,
            "INVx1_ASAP7_75t_R": 5,
            "NAND2xp33_ASAP7_75t_R": 9,
            "NAND3xp33_ASAP7_75t_R": 3,
            "NOR2xp33_ASAP7_75t_R": 5,
            "NOR3xp33_ASAP7_75t_R": 5,
            "NOR4xp25_ASAP7_75t_R": 2,
            "O2A1O1Ixp33_ASAP7_75t_R": 12,
            "OA21x2_ASAP7_75t_R": 2,
            "OAI21xp33_ASAP7_75t_R": 20,
            "OAI221xp5_ASAP7_75t_R": 1,
            "OAI311xp33_ASAP7_75t_R": 1,
            "OR3x1_ASAP7_75t_R": 1
         }
      },
      "\\DualIssueIO$operandCollector.issueUnit": {
         "num_wires":         1847,
         "num_wire_bits":     33437,
         "num_pub_wires":     1767,
         "num_pub_wire_bits": 33357,
         "num_ports":         1751,
         "num_port_bits":     33341,
         "num_memories":      0,
         "num_memory_bits":   0,
         "num_processes":     0,
         "num_cells":         88,
         "num_submodules":       2,
         "area":              5745.394800,
         "sequential_area":    1.749600,
         "num_cells_by_type": {
            "AND2x2_ASAP7_75t_R": 8,
            "INVx1_ASAP7_75t_R": 32,
            "NOR2xp33_ASAP7_75t_R": 8,
            "NOR4xp25_ASAP7_75t_R": 16,
            "OAI21xp33_ASAP7_75t_R": 8,
            "OR3x1_ASAP7_75t_R": 8,
            "OR5x1_ASAP7_75t_R": 8,
            "RRArbiter_16$operandCollector.issueUnit.arb_v": 1,
            "RRArbiter_16$operandCollector.issueUnit.arb_x": 1
         }
      },
      "\\instDemux$operandCollector.Demux": {
         "num_wires":         2600,
         "num_wire_bits":     4787,
         "num_pub_wires":     505,
         "num_pub_wire_bits": 2692,
         "num_ports":         502,
         "num_port_bits":     2668,
         "num_memories":      0,
         "num_memory_bits":   0,
         "num_processes":     0,
         "num_cells":         3929,
         "num_submodules":       0,
         "area":              283.420620,
         "sequential_area":    0.000000,
         "num_cells_by_type": {
            "A2O1A1O1Ixp25_ASAP7_75t_R": 1,
            "AND2x2_ASAP7_75t_R": 5,
            "AND3x1_ASAP7_75t_R": 1,
            "AND4x1_ASAP7_75t_R": 228,
            "AO21x1_ASAP7_75t_R": 1,
            "AO32x1_ASAP7_75t_R": 1,
            "AOI21xp33_ASAP7_75t_R": 230,
            "AOI31xp33_ASAP7_75t_R": 1,
            "HB1xp67_ASAP7_75t_R": 228,
            "INVx1_ASAP7_75t_R": 461,
            "MAJIxp5_ASAP7_75t_R": 1,
            "MAJx2_ASAP7_75t_R": 1,
            "NAND2xp33_ASAP7_75t_R": 233,
            "NAND3xp33_ASAP7_75t_R": 232,
            "NAND4xp25_ASAP7_75t_R": 229,
            "NAND5xp2_ASAP7_75t_R": 1,
            "NOR2xp33_ASAP7_75t_R": 3,
            "NOR3xp33_ASAP7_75t_R": 1,
            "NOR4xp25_ASAP7_75t_R": 1,
            "OAI21xp33_ASAP7_75t_R": 1603,
            "OAI31xp33_ASAP7_75t_R": 457,
            "OAI32xp33_ASAP7_75t_R": 3,
            "OR2x2_ASAP7_75t_R": 2,
            "OR3x1_ASAP7_75t_R": 4,
            "OR4x1_ASAP7_75t_R": 1
         }
      },
      "\\crossBar$operandCollector.crossBar": {
         "num_wires":         352906,
         "num_wire_bits":     393986,
         "num_pub_wires":     1432,
         "num_pub_wire_bits": 42512,
         "num_ports":         1416,
         "num_port_bits":     42432,
         "num_memories":      0,
         "num_memory_bits":   0,
         "num_processes":     0,
         "num_cells":         384338,
         "num_submodules":       0,
         "area":              33723.204660,
         "sequential_area":    0.000000,
         "num_cells_by_type": {
            "A2O1A1Ixp33_ASAP7_75t_R": 23875,
            "A2O1A1O1Ixp25_ASAP7_75t_R": 55106,
            "AND2x2_ASAP7_75t_R": 172,
            "AND3x1_ASAP7_75t_R": 728,
            "AND4x1_ASAP7_75t_R": 6,
            "AND5x1_ASAP7_75t_R": 8,
            "AO21x1_ASAP7_75t_R": 5387,
            "AO221x1_ASAP7_75t_R": 12,
            "AO32x1_ASAP7_75t_R": 1987,
            "AOI211xp5_ASAP7_75t_R": 574,
            "AOI21xp33_ASAP7_75t_R": 21927,
            "AOI221xp5_ASAP7_75t_R": 4181,
            "AOI22xp33_ASAP7_75t_R": 1393,
            "AOI311xp33_ASAP7_75t_R": 1,
            "AOI31xp33_ASAP7_75t_R": 63,
            "AOI321xp33_ASAP7_75t_R": 6,
            "INVx1_ASAP7_75t_R": 1744,
            "NAND2xp33_ASAP7_75t_R": 7527,
            "NAND3xp33_ASAP7_75t_R": 507,
            "NAND4xp25_ASAP7_75t_R": 68,
            "NAND5xp2_ASAP7_75t_R": 74,
            "NOR2xp33_ASAP7_75t_R": 33503,
            "NOR3xp33_ASAP7_75t_R": 3386,
            "NOR4xp25_ASAP7_75t_R": 99,
            "NOR5xp2_ASAP7_75t_R": 78,
            "O2A1O1Ixp33_ASAP7_75t_R": 36802,
            "OA211x2_ASAP7_75t_R": 6032,
            "OA21x2_ASAP7_75t_R": 7063,
            "OA22x2_ASAP7_75t_R": 1,
            "OAI211xp5_ASAP7_75t_R": 8264,
            "OAI21xp33_ASAP7_75t_R": 117826,
            "OAI221xp5_ASAP7_75t_R": 44822,
            "OAI22xp33_ASAP7_75t_R": 14,
            "OAI31xp33_ASAP7_75t_R": 473,
            "OAI32xp33_ASAP7_75t_R": 186,
            "OR2x2_ASAP7_75t_R": 26,
            "OR3x1_ASAP7_75t_R": 394,
            "OR4x1_ASAP7_75t_R": 6,
            "OR5x1_ASAP7_75t_R": 17
         }
      },
      "\\RegFileBank$operandCollector.RegFileBank_7": {
         "num_wires":         88,
         "num_wire_bits":     193,
         "num_pub_wires":     7,
         "num_pub_wire_bits": 112,
         "num_ports":         6,
         "num_port_bits":     80,
         "num_memories":      0,
         "num_memory_bits":   0,
         "num_processes":     0,
         "num_cells":         114,
         "num_submodules":       0,
         "area":              15.061140,
         "sequential_area":    9.622800,
         "num_cells_by_type": {
            "AND2x2_ASAP7_75t_R": 1,
            "AND4x1_ASAP7_75t_R": 1,
            "AOI22xp33_ASAP7_75t_R": 2,
            "DFFHQNx1_ASAP7_75t_R": 33,
            "INVx1_ASAP7_75t_R": 5,
            "NAND2xp33_ASAP7_75t_R": 32,
            "NOR2xp33_ASAP7_75t_R": 1,
            "NOR4xp25_ASAP7_75t_R": 1,
            "OAI21xp33_ASAP7_75t_R": 33,
            "OAI22xp33_ASAP7_75t_R": 2,
            "XOR2xp5_ASAP7_75t_R": 2,
            "regs_1_256x32": 1
         }
      },
      "\\RegFileBank$operandCollector.RegFileBank_6": {
         "num_wires":         88,
         "num_wire_bits":     193,
         "num_pub_wires":     7,
         "num_pub_wire_bits": 112,
         "num_ports":         6,
         "num_port_bits":     80,
         "num_memories":      0,
         "num_memory_bits":   0,
         "num_processes":     0,
         "num_cells":         114,
         "num_submodules":       0,
         "area":              15.061140,
         "sequential_area":    9.622800,
         "num_cells_by_type": {
            "AND2x2_ASAP7_75t_R": 1,
            "AND4x1_ASAP7_75t_R": 1,
            "AOI22xp33_ASAP7_75t_R": 2,
            "DFFHQNx1_ASAP7_75t_R": 33,
            "INVx1_ASAP7_75t_R": 5,
            "NAND2xp33_ASAP7_75t_R": 32,
            "NOR2xp33_ASAP7_75t_R": 1,
            "NOR4xp25_ASAP7_75t_R": 1,
            "OAI21xp33_ASAP7_75t_R": 33,
            "OAI22xp33_ASAP7_75t_R": 2,
            "XOR2xp5_ASAP7_75t_R": 2,
            "regs_1_256x32": 1
         }
      },
      "\\RegFileBank$operandCollector.RegFileBank_5": {
         "num_wires":         88,
         "num_wire_bits":     193,
         "num_pub_wires":     7,
         "num_pub_wire_bits": 112,
         "num_ports":         6,
         "num_port_bits":     80,
         "num_memories":      0,
         "num_memory_bits":   0,
         "num_processes":     0,
         "num_cells":         114,
         "num_submodules":       0,
         "area":              15.061140,
         "sequential_area":    9.622800,
         "num_cells_by_type": {
            "AND2x2_ASAP7_75t_R": 1,
            "AND4x1_ASAP7_75t_R": 1,
            "AOI22xp33_ASAP7_75t_R": 2,
            "DFFHQNx1_ASAP7_75t_R": 33,
            "INVx1_ASAP7_75t_R": 5,
            "NAND2xp33_ASAP7_75t_R": 32,
            "NOR2xp33_ASAP7_75t_R": 1,
            "NOR4xp25_ASAP7_75t_R": 1,
            "OAI21xp33_ASAP7_75t_R": 33,
            "OAI22xp33_ASAP7_75t_R": 2,
            "XOR2xp5_ASAP7_75t_R": 2,
            "regs_1_256x32": 1
         }
      },
      "\\RegFileBank$operandCollector.RegFileBank_4": {
         "num_wires":         88,
         "num_wire_bits":     193,
         "num_pub_wires":     7,
         "num_pub_wire_bits": 112,
         "num_ports":         6,
         "num_port_bits":     80,
         "num_memories":      0,
         "num_memory_bits":   0,
         "num_processes":     0,
         "num_cells":         114,
         "num_submodules":       0,
         "area":              15.061140,
         "sequential_area":    9.622800,
         "num_cells_by_type": {
            "AND2x2_ASAP7_75t_R": 1,
            "AND4x1_ASAP7_75t_R": 1,
            "AOI22xp33_ASAP7_75t_R": 2,
            "DFFHQNx1_ASAP7_75t_R": 33,
            "INVx1_ASAP7_75t_R": 5,
            "NAND2xp33_ASAP7_75t_R": 32,
            "NOR2xp33_ASAP7_75t_R": 1,
            "NOR4xp25_ASAP7_75t_R": 1,
            "OAI21xp33_ASAP7_75t_R": 33,
            "OAI22xp33_ASAP7_75t_R": 2,
            "XOR2xp5_ASAP7_75t_R": 2,
            "regs_1_256x32": 1
         }
      },
      "\\RegFileBank$operandCollector.RegFileBank_3": {
         "num_wires":         88,
         "num_wire_bits":     193,
         "num_pub_wires":     7,
         "num_pub_wire_bits": 112,
         "num_ports":         6,
         "num_port_bits":     80,
         "num_memories":      0,
         "num_memory_bits":   0,
         "num_processes":     0,
         "num_cells":         114,
         "num_submodules":       0,
         "area":              15.061140,
         "sequential_area":    9.622800,
         "num_cells_by_type": {
            "AND2x2_ASAP7_75t_R": 1,
            "AND4x1_ASAP7_75t_R": 1,
            "AOI22xp33_ASAP7_75t_R": 2,
            "DFFHQNx1_ASAP7_75t_R": 33,
            "INVx1_ASAP7_75t_R": 5,
            "NAND2xp33_ASAP7_75t_R": 32,
            "NOR2xp33_ASAP7_75t_R": 1,
            "NOR4xp25_ASAP7_75t_R": 1,
            "OAI21xp33_ASAP7_75t_R": 33,
            "OAI22xp33_ASAP7_75t_R": 2,
            "XOR2xp5_ASAP7_75t_R": 2,
            "regs_1_256x32": 1
         }
      },
      "\\RegFileBank$operandCollector.RegFileBank_2": {
         "num_wires":         88,
         "num_wire_bits":     193,
         "num_pub_wires":     7,
         "num_pub_wire_bits": 112,
         "num_ports":         6,
         "num_port_bits":     80,
         "num_memories":      0,
         "num_memory_bits":   0,
         "num_processes":     0,
         "num_cells":         114,
         "num_submodules":       0,
         "area":              15.061140,
         "sequential_area":    9.622800,
         "num_cells_by_type": {
            "AND2x2_ASAP7_75t_R": 1,
            "AND4x1_ASAP7_75t_R": 1,
            "AOI22xp33_ASAP7_75t_R": 2,
            "DFFHQNx1_ASAP7_75t_R": 33,
            "INVx1_ASAP7_75t_R": 5,
            "NAND2xp33_ASAP7_75t_R": 32,
            "NOR2xp33_ASAP7_75t_R": 1,
            "NOR4xp25_ASAP7_75t_R": 1,
            "OAI21xp33_ASAP7_75t_R": 33,
            "OAI22xp33_ASAP7_75t_R": 2,
            "XOR2xp5_ASAP7_75t_R": 2,
            "regs_1_256x32": 1
         }
      },
      "\\RegFileBank$operandCollector.RegFileBank_1": {
         "num_wires":         88,
         "num_wire_bits":     193,
         "num_pub_wires":     7,
         "num_pub_wire_bits": 112,
         "num_ports":         6,
         "num_port_bits":     80,
         "num_memories":      0,
         "num_memory_bits":   0,
         "num_processes":     0,
         "num_cells":         114,
         "num_submodules":       0,
         "area":              15.061140,
         "sequential_area":    9.622800,
         "num_cells_by_type": {
            "AND2x2_ASAP7_75t_R": 1,
            "AND4x1_ASAP7_75t_R": 1,
            "AOI22xp33_ASAP7_75t_R": 2,
            "DFFHQNx1_ASAP7_75t_R": 33,
            "INVx1_ASAP7_75t_R": 5,
            "NAND2xp33_ASAP7_75t_R": 32,
            "NOR2xp33_ASAP7_75t_R": 1,
            "NOR4xp25_ASAP7_75t_R": 1,
            "OAI21xp33_ASAP7_75t_R": 33,
            "OAI22xp33_ASAP7_75t_R": 2,
            "XOR2xp5_ASAP7_75t_R": 2,
            "regs_1_256x32": 1
         }
      },
      "\\RegFileBank$operandCollector.RegFileBank": {
         "num_wires":         88,
         "num_wire_bits":     193,
         "num_pub_wires":     7,
         "num_pub_wire_bits": 112,
         "num_ports":         6,
         "num_port_bits":     80,
         "num_memories":      0,
         "num_memory_bits":   0,
         "num_processes":     0,
         "num_cells":         114,
         "num_submodules":       0,
         "area":              15.061140,
         "sequential_area":    9.622800,
         "num_cells_by_type": {
            "AND2x2_ASAP7_75t_R": 1,
            "AND4x1_ASAP7_75t_R": 1,
            "AOI22xp33_ASAP7_75t_R": 2,
            "DFFHQNx1_ASAP7_75t_R": 33,
            "INVx1_ASAP7_75t_R": 5,
            "NAND2xp33_ASAP7_75t_R": 32,
            "NOR2xp33_ASAP7_75t_R": 1,
            "NOR4xp25_ASAP7_75t_R": 1,
            "OAI21xp33_ASAP7_75t_R": 33,
            "OAI22xp33_ASAP7_75t_R": 2,
            "XOR2xp5_ASAP7_75t_R": 2,
            "regs_1_256x32": 1
         }
      },
      "\\FloatRegFileBank$operandCollector.FloatRegFileBank_7": {
         "num_wires":         2166,
         "num_wire_bits":     5185,
         "num_pub_wires":     101,
         "num_pub_wire_bits": 3120,
         "num_ports":         100,
         "num_port_bits":     2096,
         "num_memories":      0,
         "num_memory_bits":   0,
         "num_processes":     0,
         "num_cells":         3090,
         "num_submodules":       0,
         "area":              434.498580,
         "sequential_area":    298.890000,
         "num_cells_by_type": {
            "AND2x2_ASAP7_75t_R": 1,
            "AND4x1_ASAP7_75t_R": 1,
            "AOI22xp33_ASAP7_75t_R": 2,
            "DFFHQNx1_ASAP7_75t_R": 1025,
            "INVx1_ASAP7_75t_R": 5,
            "NAND2xp33_ASAP7_75t_R": 1024,
            "NOR2xp33_ASAP7_75t_R": 1,
            "NOR4xp25_ASAP7_75t_R": 1,
            "OAI21xp33_ASAP7_75t_R": 1025,
            "OAI22xp33_ASAP7_75t_R": 2,
            "XOR2xp5_ASAP7_75t_R": 2,
            "regs_128x1024": 1
         }
      },
      "\\FloatRegFileBank$operandCollector.FloatRegFileBank_6": {
         "num_wires":         2166,
         "num_wire_bits":     5185,
         "num_pub_wires":     101,
         "num_pub_wire_bits": 3120,
         "num_ports":         100,
         "num_port_bits":     2096,
         "num_memories":      0,
         "num_memory_bits":   0,
         "num_processes":     0,
         "num_cells":         3090,
         "num_submodules":       0,
         "area":              434.498580,
         "sequential_area":    298.890000,
         "num_cells_by_type": {
            "AND2x2_ASAP7_75t_R": 1,
            "AND4x1_ASAP7_75t_R": 1,
            "AOI22xp33_ASAP7_75t_R": 2,
            "DFFHQNx1_ASAP7_75t_R": 1025,
            "INVx1_ASAP7_75t_R": 5,
            "NAND2xp33_ASAP7_75t_R": 1024,
            "NOR2xp33_ASAP7_75t_R": 1,
            "NOR4xp25_ASAP7_75t_R": 1,
            "OAI21xp33_ASAP7_75t_R": 1025,
            "OAI22xp33_ASAP7_75t_R": 2,
            "XOR2xp5_ASAP7_75t_R": 2,
            "regs_128x1024": 1
         }
      },
      "\\FloatRegFileBank$operandCollector.FloatRegFileBank_5": {
         "num_wires":         2166,
         "num_wire_bits":     5185,
         "num_pub_wires":     101,
         "num_pub_wire_bits": 3120,
         "num_ports":         100,
         "num_port_bits":     2096,
         "num_memories":      0,
         "num_memory_bits":   0,
         "num_processes":     0,
         "num_cells":         3090,
         "num_submodules":       0,
         "area":              434.498580,
         "sequential_area":    298.890000,
         "num_cells_by_type": {
            "AND2x2_ASAP7_75t_R": 1,
            "AND4x1_ASAP7_75t_R": 1,
            "AOI22xp33_ASAP7_75t_R": 2,
            "DFFHQNx1_ASAP7_75t_R": 1025,
            "INVx1_ASAP7_75t_R": 5,
            "NAND2xp33_ASAP7_75t_R": 1024,
            "NOR2xp33_ASAP7_75t_R": 1,
            "NOR4xp25_ASAP7_75t_R": 1,
            "OAI21xp33_ASAP7_75t_R": 1025,
            "OAI22xp33_ASAP7_75t_R": 2,
            "XOR2xp5_ASAP7_75t_R": 2,
            "regs_128x1024": 1
         }
      },
      "\\FloatRegFileBank$operandCollector.FloatRegFileBank_4": {
         "num_wires":         2166,
         "num_wire_bits":     5185,
         "num_pub_wires":     101,
         "num_pub_wire_bits": 3120,
         "num_ports":         100,
         "num_port_bits":     2096,
         "num_memories":      0,
         "num_memory_bits":   0,
         "num_processes":     0,
         "num_cells":         3090,
         "num_submodules":       0,
         "area":              434.498580,
         "sequential_area":    298.890000,
         "num_cells_by_type": {
            "AND2x2_ASAP7_75t_R": 1,
            "AND4x1_ASAP7_75t_R": 1,
            "AOI22xp33_ASAP7_75t_R": 2,
            "DFFHQNx1_ASAP7_75t_R": 1025,
            "INVx1_ASAP7_75t_R": 5,
            "NAND2xp33_ASAP7_75t_R": 1024,
            "NOR2xp33_ASAP7_75t_R": 1,
            "NOR4xp25_ASAP7_75t_R": 1,
            "OAI21xp33_ASAP7_75t_R": 1025,
            "OAI22xp33_ASAP7_75t_R": 2,
            "XOR2xp5_ASAP7_75t_R": 2,
            "regs_128x1024": 1
         }
      },
      "\\FloatRegFileBank$operandCollector.FloatRegFileBank_3": {
         "num_wires":         2166,
         "num_wire_bits":     5185,
         "num_pub_wires":     101,
         "num_pub_wire_bits": 3120,
         "num_ports":         100,
         "num_port_bits":     2096,
         "num_memories":      0,
         "num_memory_bits":   0,
         "num_processes":     0,
         "num_cells":         3090,
         "num_submodules":       0,
         "area":              434.498580,
         "sequential_area":    298.890000,
         "num_cells_by_type": {
            "AND2x2_ASAP7_75t_R": 1,
            "AND4x1_ASAP7_75t_R": 1,
            "AOI22xp33_ASAP7_75t_R": 2,
            "DFFHQNx1_ASAP7_75t_R": 1025,
            "INVx1_ASAP7_75t_R": 5,
            "NAND2xp33_ASAP7_75t_R": 1024,
            "NOR2xp33_ASAP7_75t_R": 1,
            "NOR4xp25_ASAP7_75t_R": 1,
            "OAI21xp33_ASAP7_75t_R": 1025,
            "OAI22xp33_ASAP7_75t_R": 2,
            "XOR2xp5_ASAP7_75t_R": 2,
            "regs_128x1024": 1
         }
      },
      "\\FloatRegFileBank$operandCollector.FloatRegFileBank_2": {
         "num_wires":         2166,
         "num_wire_bits":     5185,
         "num_pub_wires":     101,
         "num_pub_wire_bits": 3120,
         "num_ports":         100,
         "num_port_bits":     2096,
         "num_memories":      0,
         "num_memory_bits":   0,
         "num_processes":     0,
         "num_cells":         3090,
         "num_submodules":       0,
         "area":              434.498580,
         "sequential_area":    298.890000,
         "num_cells_by_type": {
            "AND2x2_ASAP7_75t_R": 1,
            "AND4x1_ASAP7_75t_R": 1,
            "AOI22xp33_ASAP7_75t_R": 2,
            "DFFHQNx1_ASAP7_75t_R": 1025,
            "INVx1_ASAP7_75t_R": 5,
            "NAND2xp33_ASAP7_75t_R": 1024,
            "NOR2xp33_ASAP7_75t_R": 1,
            "NOR4xp25_ASAP7_75t_R": 1,
            "OAI21xp33_ASAP7_75t_R": 1025,
            "OAI22xp33_ASAP7_75t_R": 2,
            "XOR2xp5_ASAP7_75t_R": 2,
            "regs_128x1024": 1
         }
      },
      "\\FloatRegFileBank$operandCollector.FloatRegFileBank_1": {
         "num_wires":         2166,
         "num_wire_bits":     5185,
         "num_pub_wires":     101,
         "num_pub_wire_bits": 3120,
         "num_ports":         100,
         "num_port_bits":     2096,
         "num_memories":      0,
         "num_memory_bits":   0,
         "num_processes":     0,
         "num_cells":         3090,
         "num_submodules":       0,
         "area":              434.498580,
         "sequential_area":    298.890000,
         "num_cells_by_type": {
            "AND2x2_ASAP7_75t_R": 1,
            "AND4x1_ASAP7_75t_R": 1,
            "AOI22xp33_ASAP7_75t_R": 2,
            "DFFHQNx1_ASAP7_75t_R": 1025,
            "INVx1_ASAP7_75t_R": 5,
            "NAND2xp33_ASAP7_75t_R": 1024,
            "NOR2xp33_ASAP7_75t_R": 1,
            "NOR4xp25_ASAP7_75t_R": 1,
            "OAI21xp33_ASAP7_75t_R": 1025,
            "OAI22xp33_ASAP7_75t_R": 2,
            "XOR2xp5_ASAP7_75t_R": 2,
            "regs_128x1024": 1
         }
      },
      "\\FloatRegFileBank$operandCollector.FloatRegFileBank": {
         "num_wires":         2166,
         "num_wire_bits":     5185,
         "num_pub_wires":     101,
         "num_pub_wire_bits": 3120,
         "num_ports":         100,
         "num_port_bits":     2096,
         "num_memories":      0,
         "num_memory_bits":   0,
         "num_processes":     0,
         "num_cells":         3090,
         "num_submodules":       0,
         "area":              434.498580,
         "sequential_area":    298.890000,
         "num_cells_by_type": {
            "AND2x2_ASAP7_75t_R": 1,
            "AND4x1_ASAP7_75t_R": 1,
            "AOI22xp33_ASAP7_75t_R": 2,
            "DFFHQNx1_ASAP7_75t_R": 1025,
            "INVx1_ASAP7_75t_R": 5,
            "NAND2xp33_ASAP7_75t_R": 1024,
            "NOR2xp33_ASAP7_75t_R": 1,
            "NOR4xp25_ASAP7_75t_R": 1,
            "OAI21xp33_ASAP7_75t_R": 1025,
            "OAI22xp33_ASAP7_75t_R": 2,
            "XOR2xp5_ASAP7_75t_R": 2,
            "regs_128x1024": 1
         }
      },
      "\\operandArbiter$operandCollector.Arbiter": {
         "num_wires":         873,
         "num_wire_bits":     1297,
         "num_pub_wires":     153,
         "num_pub_wire_bits": 577,
         "num_ports":         153,
         "num_port_bits":     577,
         "num_memories":      0,
         "num_memory_bits":   0,
         "num_processes":     0,
         "num_cells":         720,
         "num_submodules":       16,
         "area":              746.262720,
         "sequential_area":    23.328000,
         "num_cells_by_type": {
            "INVx1_ASAP7_75t_R": 96,
            "NAND2xp33_ASAP7_75t_R": 96,
            "NAND4xp25_ASAP7_75t_R": 72,
            "NOR2xp33_ASAP7_75t_R": 240,
            "NOR3xp33_ASAP7_75t_R": 48,
            "NOR4xp25_ASAP7_75t_R": 96,
            "OR2x2_ASAP7_75t_R": 24,
            "OR3x1_ASAP7_75t_R": 48,
            "RRArbiter$operandCollector.Arbiter.bankArbiterScalar_0": 1,
            "RRArbiter$operandCollector.Arbiter.bankArbiterScalar_1": 1,
            "RRArbiter$operandCollector.Arbiter.bankArbiterScalar_2": 1,
            "RRArbiter$operandCollector.Arbiter.bankArbiterScalar_3": 1,
            "RRArbiter$operandCollector.Arbiter.bankArbiterScalar_4": 1,
            "RRArbiter$operandCollector.Arbiter.bankArbiterScalar_5": 1,
            "RRArbiter$operandCollector.Arbiter.bankArbiterScalar_6": 1,
            "RRArbiter$operandCollector.Arbiter.bankArbiterScalar_7": 1,
            "RRArbiter$operandCollector.Arbiter.bankArbiterVector_0": 1,
            "RRArbiter$operandCollector.Arbiter.bankArbiterVector_1": 1,
            "RRArbiter$operandCollector.Arbiter.bankArbiterVector_2": 1,
            "RRArbiter$operandCollector.Arbiter.bankArbiterVector_3": 1,
            "RRArbiter$operandCollector.Arbiter.bankArbiterVector_4": 1,
            "RRArbiter$operandCollector.Arbiter.bankArbiterVector_5": 1,
            "RRArbiter$operandCollector.Arbiter.bankArbiterVector_6": 1,
            "RRArbiter$operandCollector.Arbiter.bankArbiterVector_7": 1
         }
      },
      "\\collectorUnit$operandCollector.collectorUnit_7": {
         "num_wires":         30097,
         "num_wire_bits":     41264,
         "num_pub_wires":     585,
         "num_pub_wire_bits": 11712,
         "num_ports":         393,
         "num_port_bits":     8032,
         "num_memories":      0,
         "num_memory_bits":   0,
         "num_processes":     0,
         "num_cells":         32932,
         "num_submodules":       1,
         "area":              3338.761680,
         "sequential_area":    983.566800,
         "num_cells_by_type": {
            "A2O1A1Ixp33_ASAP7_75t_R": 8248,
            "A2O1A1O1Ixp25_ASAP7_75t_R": 778,
            "AND2x2_ASAP7_75t_R": 169,
            "AND3x1_ASAP7_75t_R": 211,
            "AND4x1_ASAP7_75t_R": 5,
            "AO211x2_ASAP7_75t_R": 1,
            "AO21x1_ASAP7_75t_R": 388,
            "AO221x1_ASAP7_75t_R": 1,
            "AO22x1_ASAP7_75t_R": 7,
            "AO31x2_ASAP7_75t_R": 1,
            "AO32x1_ASAP7_75t_R": 2,
            "AOI211xp5_ASAP7_75t_R": 1637,
            "AOI21xp33_ASAP7_75t_R": 4757,
            "AOI221xp5_ASAP7_75t_R": 81,
            "AOI22xp33_ASAP7_75t_R": 158,
            "AOI311xp33_ASAP7_75t_R": 640,
            "AOI31xp33_ASAP7_75t_R": 56,
            "AOI32xp33_ASAP7_75t_R": 42,
            "DFFHQNx1_ASAP7_75t_R": 3373,
            "INVx1_ASAP7_75t_R": 3609,
            "MAJIxp5_ASAP7_75t_R": 36,
            "MAJx2_ASAP7_75t_R": 6,
            "NAND2xp33_ASAP7_75t_R": 1029,
            "NAND3xp33_ASAP7_75t_R": 1198,
            "NAND4xp25_ASAP7_75t_R": 17,
            "NAND5xp2_ASAP7_75t_R": 3,
            "NOR2xp33_ASAP7_75t_R": 517,
            "NOR3xp33_ASAP7_75t_R": 515,
            "NOR4xp25_ASAP7_75t_R": 170,
            "NOR5xp2_ASAP7_75t_R": 303,
            "O2A1O1Ixp33_ASAP7_75t_R": 678,
            "OA211x2_ASAP7_75t_R": 346,
            "OA21x2_ASAP7_75t_R": 791,
            "OAI211xp5_ASAP7_75t_R": 255,
            "OAI21xp33_ASAP7_75t_R": 2102,
            "OAI221xp5_ASAP7_75t_R": 17,
            "OAI22xp33_ASAP7_75t_R": 73,
            "OAI311xp33_ASAP7_75t_R": 244,
            "OAI31xp33_ASAP7_75t_R": 55,
            "OAI32xp33_ASAP7_75t_R": 6,
            "OR2x2_ASAP7_75t_R": 99,
            "OR3x1_ASAP7_75t_R": 40,
            "OR4x1_ASAP7_75t_R": 25,
            "XNOR2xp5_ASAP7_75t_R": 159,
            "XOR2xp5_ASAP7_75t_R": 84,
            "ImmGen$operandCollector.collectorUnit_7.imm": 1
         }
      },
      "\\collectorUnit$operandCollector.collectorUnit_6": {
         "num_wires":         30097,
         "num_wire_bits":     41264,
         "num_pub_wires":     585,
         "num_pub_wire_bits": 11712,
         "num_ports":         393,
         "num_port_bits":     8032,
         "num_memories":      0,
         "num_memory_bits":   0,
         "num_processes":     0,
         "num_cells":         32932,
         "num_submodules":       1,
         "area":              3338.761680,
         "sequential_area":    983.566800,
         "num_cells_by_type": {
            "A2O1A1Ixp33_ASAP7_75t_R": 8248,
            "A2O1A1O1Ixp25_ASAP7_75t_R": 778,
            "AND2x2_ASAP7_75t_R": 169,
            "AND3x1_ASAP7_75t_R": 211,
            "AND4x1_ASAP7_75t_R": 5,
            "AO211x2_ASAP7_75t_R": 1,
            "AO21x1_ASAP7_75t_R": 388,
            "AO221x1_ASAP7_75t_R": 1,
            "AO22x1_ASAP7_75t_R": 7,
            "AO31x2_ASAP7_75t_R": 1,
            "AO32x1_ASAP7_75t_R": 2,
            "AOI211xp5_ASAP7_75t_R": 1637,
            "AOI21xp33_ASAP7_75t_R": 4757,
            "AOI221xp5_ASAP7_75t_R": 81,
            "AOI22xp33_ASAP7_75t_R": 158,
            "AOI311xp33_ASAP7_75t_R": 640,
            "AOI31xp33_ASAP7_75t_R": 56,
            "AOI32xp33_ASAP7_75t_R": 42,
            "DFFHQNx1_ASAP7_75t_R": 3373,
            "INVx1_ASAP7_75t_R": 3609,
            "MAJIxp5_ASAP7_75t_R": 36,
            "MAJx2_ASAP7_75t_R": 6,
            "NAND2xp33_ASAP7_75t_R": 1029,
            "NAND3xp33_ASAP7_75t_R": 1198,
            "NAND4xp25_ASAP7_75t_R": 17,
            "NAND5xp2_ASAP7_75t_R": 3,
            "NOR2xp33_ASAP7_75t_R": 517,
            "NOR3xp33_ASAP7_75t_R": 515,
            "NOR4xp25_ASAP7_75t_R": 170,
            "NOR5xp2_ASAP7_75t_R": 303,
            "O2A1O1Ixp33_ASAP7_75t_R": 678,
            "OA211x2_ASAP7_75t_R": 346,
            "OA21x2_ASAP7_75t_R": 791,
            "OAI211xp5_ASAP7_75t_R": 255,
            "OAI21xp33_ASAP7_75t_R": 2102,
            "OAI221xp5_ASAP7_75t_R": 17,
            "OAI22xp33_ASAP7_75t_R": 73,
            "OAI311xp33_ASAP7_75t_R": 244,
            "OAI31xp33_ASAP7_75t_R": 55,
            "OAI32xp33_ASAP7_75t_R": 6,
            "OR2x2_ASAP7_75t_R": 99,
            "OR3x1_ASAP7_75t_R": 40,
            "OR4x1_ASAP7_75t_R": 25,
            "XNOR2xp5_ASAP7_75t_R": 159,
            "XOR2xp5_ASAP7_75t_R": 84,
            "ImmGen$operandCollector.collectorUnit_6.imm": 1
         }
      },
      "\\collectorUnit$operandCollector.collectorUnit_5": {
         "num_wires":         30097,
         "num_wire_bits":     41264,
         "num_pub_wires":     585,
         "num_pub_wire_bits": 11712,
         "num_ports":         393,
         "num_port_bits":     8032,
         "num_memories":      0,
         "num_memory_bits":   0,
         "num_processes":     0,
         "num_cells":         32932,
         "num_submodules":       1,
         "area":              3338.761680,
         "sequential_area":    983.566800,
         "num_cells_by_type": {
            "A2O1A1Ixp33_ASAP7_75t_R": 8248,
            "A2O1A1O1Ixp25_ASAP7_75t_R": 778,
            "AND2x2_ASAP7_75t_R": 169,
            "AND3x1_ASAP7_75t_R": 211,
            "AND4x1_ASAP7_75t_R": 5,
            "AO211x2_ASAP7_75t_R": 1,
            "AO21x1_ASAP7_75t_R": 388,
            "AO221x1_ASAP7_75t_R": 1,
            "AO22x1_ASAP7_75t_R": 7,
            "AO31x2_ASAP7_75t_R": 1,
            "AO32x1_ASAP7_75t_R": 2,
            "AOI211xp5_ASAP7_75t_R": 1637,
            "AOI21xp33_ASAP7_75t_R": 4757,
            "AOI221xp5_ASAP7_75t_R": 81,
            "AOI22xp33_ASAP7_75t_R": 158,
            "AOI311xp33_ASAP7_75t_R": 640,
            "AOI31xp33_ASAP7_75t_R": 56,
            "AOI32xp33_ASAP7_75t_R": 42,
            "DFFHQNx1_ASAP7_75t_R": 3373,
            "INVx1_ASAP7_75t_R": 3609,
            "MAJIxp5_ASAP7_75t_R": 36,
            "MAJx2_ASAP7_75t_R": 6,
            "NAND2xp33_ASAP7_75t_R": 1029,
            "NAND3xp33_ASAP7_75t_R": 1198,
            "NAND4xp25_ASAP7_75t_R": 17,
            "NAND5xp2_ASAP7_75t_R": 3,
            "NOR2xp33_ASAP7_75t_R": 517,
            "NOR3xp33_ASAP7_75t_R": 515,
            "NOR4xp25_ASAP7_75t_R": 170,
            "NOR5xp2_ASAP7_75t_R": 303,
            "O2A1O1Ixp33_ASAP7_75t_R": 678,
            "OA211x2_ASAP7_75t_R": 346,
            "OA21x2_ASAP7_75t_R": 791,
            "OAI211xp5_ASAP7_75t_R": 255,
            "OAI21xp33_ASAP7_75t_R": 2102,
            "OAI221xp5_ASAP7_75t_R": 17,
            "OAI22xp33_ASAP7_75t_R": 73,
            "OAI311xp33_ASAP7_75t_R": 244,
            "OAI31xp33_ASAP7_75t_R": 55,
            "OAI32xp33_ASAP7_75t_R": 6,
            "OR2x2_ASAP7_75t_R": 99,
            "OR3x1_ASAP7_75t_R": 40,
            "OR4x1_ASAP7_75t_R": 25,
            "XNOR2xp5_ASAP7_75t_R": 159,
            "XOR2xp5_ASAP7_75t_R": 84,
            "ImmGen$operandCollector.collectorUnit_5.imm": 1
         }
      },
      "\\collectorUnit$operandCollector.collectorUnit_4": {
         "num_wires":         30097,
         "num_wire_bits":     41264,
         "num_pub_wires":     585,
         "num_pub_wire_bits": 11712,
         "num_ports":         393,
         "num_port_bits":     8032,
         "num_memories":      0,
         "num_memory_bits":   0,
         "num_processes":     0,
         "num_cells":         32932,
         "num_submodules":       1,
         "area":              3338.761680,
         "sequential_area":    983.566800,
         "num_cells_by_type": {
            "A2O1A1Ixp33_ASAP7_75t_R": 8248,
            "A2O1A1O1Ixp25_ASAP7_75t_R": 778,
            "AND2x2_ASAP7_75t_R": 169,
            "AND3x1_ASAP7_75t_R": 211,
            "AND4x1_ASAP7_75t_R": 5,
            "AO211x2_ASAP7_75t_R": 1,
            "AO21x1_ASAP7_75t_R": 388,
            "AO221x1_ASAP7_75t_R": 1,
            "AO22x1_ASAP7_75t_R": 7,
            "AO31x2_ASAP7_75t_R": 1,
            "AO32x1_ASAP7_75t_R": 2,
            "AOI211xp5_ASAP7_75t_R": 1637,
            "AOI21xp33_ASAP7_75t_R": 4757,
            "AOI221xp5_ASAP7_75t_R": 81,
            "AOI22xp33_ASAP7_75t_R": 158,
            "AOI311xp33_ASAP7_75t_R": 640,
            "AOI31xp33_ASAP7_75t_R": 56,
            "AOI32xp33_ASAP7_75t_R": 42,
            "DFFHQNx1_ASAP7_75t_R": 3373,
            "INVx1_ASAP7_75t_R": 3609,
            "MAJIxp5_ASAP7_75t_R": 36,
            "MAJx2_ASAP7_75t_R": 6,
            "NAND2xp33_ASAP7_75t_R": 1029,
            "NAND3xp33_ASAP7_75t_R": 1198,
            "NAND4xp25_ASAP7_75t_R": 17,
            "NAND5xp2_ASAP7_75t_R": 3,
            "NOR2xp33_ASAP7_75t_R": 517,
            "NOR3xp33_ASAP7_75t_R": 515,
            "NOR4xp25_ASAP7_75t_R": 170,
            "NOR5xp2_ASAP7_75t_R": 303,
            "O2A1O1Ixp33_ASAP7_75t_R": 678,
            "OA211x2_ASAP7_75t_R": 346,
            "OA21x2_ASAP7_75t_R": 791,
            "OAI211xp5_ASAP7_75t_R": 255,
            "OAI21xp33_ASAP7_75t_R": 2102,
            "OAI221xp5_ASAP7_75t_R": 17,
            "OAI22xp33_ASAP7_75t_R": 73,
            "OAI311xp33_ASAP7_75t_R": 244,
            "OAI31xp33_ASAP7_75t_R": 55,
            "OAI32xp33_ASAP7_75t_R": 6,
            "OR2x2_ASAP7_75t_R": 99,
            "OR3x1_ASAP7_75t_R": 40,
            "OR4x1_ASAP7_75t_R": 25,
            "XNOR2xp5_ASAP7_75t_R": 159,
            "XOR2xp5_ASAP7_75t_R": 84,
            "ImmGen$operandCollector.collectorUnit_4.imm": 1
         }
      },
      "\\collectorUnit$operandCollector.collectorUnit_3": {
         "num_wires":         30097,
         "num_wire_bits":     41264,
         "num_pub_wires":     585,
         "num_pub_wire_bits": 11712,
         "num_ports":         393,
         "num_port_bits":     8032,
         "num_memories":      0,
         "num_memory_bits":   0,
         "num_processes":     0,
         "num_cells":         32932,
         "num_submodules":       1,
         "area":              3338.761680,
         "sequential_area":    983.566800,
         "num_cells_by_type": {
            "A2O1A1Ixp33_ASAP7_75t_R": 8248,
            "A2O1A1O1Ixp25_ASAP7_75t_R": 778,
            "AND2x2_ASAP7_75t_R": 169,
            "AND3x1_ASAP7_75t_R": 211,
            "AND4x1_ASAP7_75t_R": 5,
            "AO211x2_ASAP7_75t_R": 1,
            "AO21x1_ASAP7_75t_R": 388,
            "AO221x1_ASAP7_75t_R": 1,
            "AO22x1_ASAP7_75t_R": 7,
            "AO31x2_ASAP7_75t_R": 1,
            "AO32x1_ASAP7_75t_R": 2,
            "AOI211xp5_ASAP7_75t_R": 1637,
            "AOI21xp33_ASAP7_75t_R": 4757,
            "AOI221xp5_ASAP7_75t_R": 81,
            "AOI22xp33_ASAP7_75t_R": 158,
            "AOI311xp33_ASAP7_75t_R": 640,
            "AOI31xp33_ASAP7_75t_R": 56,
            "AOI32xp33_ASAP7_75t_R": 42,
            "DFFHQNx1_ASAP7_75t_R": 3373,
            "INVx1_ASAP7_75t_R": 3609,
            "MAJIxp5_ASAP7_75t_R": 36,
            "MAJx2_ASAP7_75t_R": 6,
            "NAND2xp33_ASAP7_75t_R": 1029,
            "NAND3xp33_ASAP7_75t_R": 1198,
            "NAND4xp25_ASAP7_75t_R": 17,
            "NAND5xp2_ASAP7_75t_R": 3,
            "NOR2xp33_ASAP7_75t_R": 517,
            "NOR3xp33_ASAP7_75t_R": 515,
            "NOR4xp25_ASAP7_75t_R": 170,
            "NOR5xp2_ASAP7_75t_R": 303,
            "O2A1O1Ixp33_ASAP7_75t_R": 678,
            "OA211x2_ASAP7_75t_R": 346,
            "OA21x2_ASAP7_75t_R": 791,
            "OAI211xp5_ASAP7_75t_R": 255,
            "OAI21xp33_ASAP7_75t_R": 2102,
            "OAI221xp5_ASAP7_75t_R": 17,
            "OAI22xp33_ASAP7_75t_R": 73,
            "OAI311xp33_ASAP7_75t_R": 244,
            "OAI31xp33_ASAP7_75t_R": 55,
            "OAI32xp33_ASAP7_75t_R": 6,
            "OR2x2_ASAP7_75t_R": 99,
            "OR3x1_ASAP7_75t_R": 40,
            "OR4x1_ASAP7_75t_R": 25,
            "XNOR2xp5_ASAP7_75t_R": 159,
            "XOR2xp5_ASAP7_75t_R": 84,
            "ImmGen$operandCollector.collectorUnit_3.imm": 1
         }
      },
      "\\collectorUnit$operandCollector.collectorUnit_2": {
         "num_wires":         30097,
         "num_wire_bits":     41264,
         "num_pub_wires":     585,
         "num_pub_wire_bits": 11712,
         "num_ports":         393,
         "num_port_bits":     8032,
         "num_memories":      0,
         "num_memory_bits":   0,
         "num_processes":     0,
         "num_cells":         32932,
         "num_submodules":       1,
         "area":              3338.761680,
         "sequential_area":    983.566800,
         "num_cells_by_type": {
            "A2O1A1Ixp33_ASAP7_75t_R": 8248,
            "A2O1A1O1Ixp25_ASAP7_75t_R": 778,
            "AND2x2_ASAP7_75t_R": 169,
            "AND3x1_ASAP7_75t_R": 211,
            "AND4x1_ASAP7_75t_R": 5,
            "AO211x2_ASAP7_75t_R": 1,
            "AO21x1_ASAP7_75t_R": 388,
            "AO221x1_ASAP7_75t_R": 1,
            "AO22x1_ASAP7_75t_R": 7,
            "AO31x2_ASAP7_75t_R": 1,
            "AO32x1_ASAP7_75t_R": 2,
            "AOI211xp5_ASAP7_75t_R": 1637,
            "AOI21xp33_ASAP7_75t_R": 4757,
            "AOI221xp5_ASAP7_75t_R": 81,
            "AOI22xp33_ASAP7_75t_R": 158,
            "AOI311xp33_ASAP7_75t_R": 640,
            "AOI31xp33_ASAP7_75t_R": 56,
            "AOI32xp33_ASAP7_75t_R": 42,
            "DFFHQNx1_ASAP7_75t_R": 3373,
            "INVx1_ASAP7_75t_R": 3609,
            "MAJIxp5_ASAP7_75t_R": 36,
            "MAJx2_ASAP7_75t_R": 6,
            "NAND2xp33_ASAP7_75t_R": 1029,
            "NAND3xp33_ASAP7_75t_R": 1198,
            "NAND4xp25_ASAP7_75t_R": 17,
            "NAND5xp2_ASAP7_75t_R": 3,
            "NOR2xp33_ASAP7_75t_R": 517,
            "NOR3xp33_ASAP7_75t_R": 515,
            "NOR4xp25_ASAP7_75t_R": 170,
            "NOR5xp2_ASAP7_75t_R": 303,
            "O2A1O1Ixp33_ASAP7_75t_R": 678,
            "OA211x2_ASAP7_75t_R": 346,
            "OA21x2_ASAP7_75t_R": 791,
            "OAI211xp5_ASAP7_75t_R": 255,
            "OAI21xp33_ASAP7_75t_R": 2102,
            "OAI221xp5_ASAP7_75t_R": 17,
            "OAI22xp33_ASAP7_75t_R": 73,
            "OAI311xp33_ASAP7_75t_R": 244,
            "OAI31xp33_ASAP7_75t_R": 55,
            "OAI32xp33_ASAP7_75t_R": 6,
            "OR2x2_ASAP7_75t_R": 99,
            "OR3x1_ASAP7_75t_R": 40,
            "OR4x1_ASAP7_75t_R": 25,
            "XNOR2xp5_ASAP7_75t_R": 159,
            "XOR2xp5_ASAP7_75t_R": 84,
            "ImmGen$operandCollector.collectorUnit_2.imm": 1
         }
      },
      "\\collectorUnit$operandCollector.collectorUnit_1": {
         "num_wires":         30097,
         "num_wire_bits":     41264,
         "num_pub_wires":     585,
         "num_pub_wire_bits": 11712,
         "num_ports":         393,
         "num_port_bits":     8032,
         "num_memories":      0,
         "num_memory_bits":   0,
         "num_processes":     0,
         "num_cells":         32932,
         "num_submodules":       1,
         "area":              3338.761680,
         "sequential_area":    983.566800,
         "num_cells_by_type": {
            "A2O1A1Ixp33_ASAP7_75t_R": 8248,
            "A2O1A1O1Ixp25_ASAP7_75t_R": 778,
            "AND2x2_ASAP7_75t_R": 169,
            "AND3x1_ASAP7_75t_R": 211,
            "AND4x1_ASAP7_75t_R": 5,
            "AO211x2_ASAP7_75t_R": 1,
            "AO21x1_ASAP7_75t_R": 388,
            "AO221x1_ASAP7_75t_R": 1,
            "AO22x1_ASAP7_75t_R": 7,
            "AO31x2_ASAP7_75t_R": 1,
            "AO32x1_ASAP7_75t_R": 2,
            "AOI211xp5_ASAP7_75t_R": 1637,
            "AOI21xp33_ASAP7_75t_R": 4757,
            "AOI221xp5_ASAP7_75t_R": 81,
            "AOI22xp33_ASAP7_75t_R": 158,
            "AOI311xp33_ASAP7_75t_R": 640,
            "AOI31xp33_ASAP7_75t_R": 56,
            "AOI32xp33_ASAP7_75t_R": 42,
            "DFFHQNx1_ASAP7_75t_R": 3373,
            "INVx1_ASAP7_75t_R": 3609,
            "MAJIxp5_ASAP7_75t_R": 36,
            "MAJx2_ASAP7_75t_R": 6,
            "NAND2xp33_ASAP7_75t_R": 1029,
            "NAND3xp33_ASAP7_75t_R": 1198,
            "NAND4xp25_ASAP7_75t_R": 17,
            "NAND5xp2_ASAP7_75t_R": 3,
            "NOR2xp33_ASAP7_75t_R": 517,
            "NOR3xp33_ASAP7_75t_R": 515,
            "NOR4xp25_ASAP7_75t_R": 170,
            "NOR5xp2_ASAP7_75t_R": 303,
            "O2A1O1Ixp33_ASAP7_75t_R": 678,
            "OA211x2_ASAP7_75t_R": 346,
            "OA21x2_ASAP7_75t_R": 791,
            "OAI211xp5_ASAP7_75t_R": 255,
            "OAI21xp33_ASAP7_75t_R": 2102,
            "OAI221xp5_ASAP7_75t_R": 17,
            "OAI22xp33_ASAP7_75t_R": 73,
            "OAI311xp33_ASAP7_75t_R": 244,
            "OAI31xp33_ASAP7_75t_R": 55,
            "OAI32xp33_ASAP7_75t_R": 6,
            "OR2x2_ASAP7_75t_R": 99,
            "OR3x1_ASAP7_75t_R": 40,
            "OR4x1_ASAP7_75t_R": 25,
            "XNOR2xp5_ASAP7_75t_R": 159,
            "XOR2xp5_ASAP7_75t_R": 84,
            "ImmGen$operandCollector.collectorUnit_1.imm": 1
         }
      },
      "\\collectorUnit$operandCollector.collectorUnit": {
         "num_wires":         30097,
         "num_wire_bits":     41264,
         "num_pub_wires":     585,
         "num_pub_wire_bits": 11712,
         "num_ports":         393,
         "num_port_bits":     8032,
         "num_memories":      0,
         "num_memory_bits":   0,
         "num_processes":     0,
         "num_cells":         32932,
         "num_submodules":       1,
         "area":              3338.761680,
         "sequential_area":    983.566800,
         "num_cells_by_type": {
            "A2O1A1Ixp33_ASAP7_75t_R": 8248,
            "A2O1A1O1Ixp25_ASAP7_75t_R": 778,
            "AND2x2_ASAP7_75t_R": 169,
            "AND3x1_ASAP7_75t_R": 211,
            "AND4x1_ASAP7_75t_R": 5,
            "AO211x2_ASAP7_75t_R": 1,
            "AO21x1_ASAP7_75t_R": 388,
            "AO221x1_ASAP7_75t_R": 1,
            "AO22x1_ASAP7_75t_R": 7,
            "AO31x2_ASAP7_75t_R": 1,
            "AO32x1_ASAP7_75t_R": 2,
            "AOI211xp5_ASAP7_75t_R": 1637,
            "AOI21xp33_ASAP7_75t_R": 4757,
            "AOI221xp5_ASAP7_75t_R": 81,
            "AOI22xp33_ASAP7_75t_R": 158,
            "AOI311xp33_ASAP7_75t_R": 640,
            "AOI31xp33_ASAP7_75t_R": 56,
            "AOI32xp33_ASAP7_75t_R": 42,
            "DFFHQNx1_ASAP7_75t_R": 3373,
            "INVx1_ASAP7_75t_R": 3609,
            "MAJIxp5_ASAP7_75t_R": 36,
            "MAJx2_ASAP7_75t_R": 6,
            "NAND2xp33_ASAP7_75t_R": 1029,
            "NAND3xp33_ASAP7_75t_R": 1198,
            "NAND4xp25_ASAP7_75t_R": 17,
            "NAND5xp2_ASAP7_75t_R": 3,
            "NOR2xp33_ASAP7_75t_R": 517,
            "NOR3xp33_ASAP7_75t_R": 515,
            "NOR4xp25_ASAP7_75t_R": 170,
            "NOR5xp2_ASAP7_75t_R": 303,
            "O2A1O1Ixp33_ASAP7_75t_R": 678,
            "OA211x2_ASAP7_75t_R": 346,
            "OA21x2_ASAP7_75t_R": 791,
            "OAI211xp5_ASAP7_75t_R": 255,
            "OAI21xp33_ASAP7_75t_R": 2102,
            "OAI221xp5_ASAP7_75t_R": 17,
            "OAI22xp33_ASAP7_75t_R": 73,
            "OAI311xp33_ASAP7_75t_R": 244,
            "OAI31xp33_ASAP7_75t_R": 55,
            "OAI32xp33_ASAP7_75t_R": 6,
            "OR2x2_ASAP7_75t_R": 99,
            "OR3x1_ASAP7_75t_R": 40,
            "OR4x1_ASAP7_75t_R": 25,
            "XNOR2xp5_ASAP7_75t_R": 159,
            "XOR2xp5_ASAP7_75t_R": 84,
            "ImmGen$operandCollector.collectorUnit.imm": 1
         }
      },
      "\\operandCollector": {
         "num_wires":         4271,
         "num_wire_bits":     80840,
         "num_pub_wires":     3907,
         "num_pub_wire_bits": 80476,
         "num_ports":         543,
         "num_port_bits":     8574,
         "num_memories":      0,
         "num_memory_bits":   0,
         "num_processes":     0,
         "num_cells":         474,
         "num_submodules":       28,
         "area":              70858.143900,
         "sequential_area":    10389.708000,
         "num_cells_by_type": {
            "A2O1A1Ixp33_ASAP7_75t_R": 4,
            "A2O1A1O1Ixp25_ASAP7_75t_R": 1,
            "AND2x2_ASAP7_75t_R": 3,
            "AND3x1_ASAP7_75t_R": 1,
            "AND4x1_ASAP7_75t_R": 2,
            "AO21x1_ASAP7_75t_R": 2,
            "AOI211xp5_ASAP7_75t_R": 8,
            "AOI21xp33_ASAP7_75t_R": 35,
            "AOI31xp33_ASAP7_75t_R": 1,
            "DFFHQNx1_ASAP7_75t_R": 96,
            "INVx1_ASAP7_75t_R": 144,
            "MAJIxp5_ASAP7_75t_R": 3,
            "NAND2xp33_ASAP7_75t_R": 14,
            "NAND3xp33_ASAP7_75t_R": 1,
            "NOR2xp33_ASAP7_75t_R": 40,
            "NOR3xp33_ASAP7_75t_R": 1,
            "O2A1O1Ixp33_ASAP7_75t_R": 12,
            "OA211x2_ASAP7_75t_R": 3,
            "OA21x2_ASAP7_75t_R": 5,
            "OAI211xp5_ASAP7_75t_R": 9,
            "OAI21xp33_ASAP7_75t_R": 53,
            "OAI22xp33_ASAP7_75t_R": 3,
            "OAI31xp33_ASAP7_75t_R": 1,
            "OR2x2_ASAP7_75t_R": 3,
            "OR3x1_ASAP7_75t_R": 2,
            "OR4x1_ASAP7_75t_R": 1,
            "OR5x1_ASAP7_75t_R": 1,
            "XNOR2xp5_ASAP7_75t_R": 18,
            "XOR2xp5_ASAP7_75t_R": 7,
            "DualIssueIO$operandCollector.issueUnit": 1,
            "FloatRegFileBank$operandCollector.FloatRegFileBank": 1,
            "FloatRegFileBank$operandCollector.FloatRegFileBank_1": 1,
            "FloatRegFileBank$operandCollector.FloatRegFileBank_2": 1,
            "FloatRegFileBank$operandCollector.FloatRegFileBank_3": 1,
            "FloatRegFileBank$operandCollector.FloatRegFileBank_4": 1,
            "FloatRegFileBank$operandCollector.FloatRegFileBank_5": 1,
            "FloatRegFileBank$operandCollector.FloatRegFileBank_6": 1,
            "FloatRegFileBank$operandCollector.FloatRegFileBank_7": 1,
            "RegFileBank$operandCollector.RegFileBank": 1,
            "RegFileBank$operandCollector.RegFileBank_1": 1,
            "RegFileBank$operandCollector.RegFileBank_2": 1,
            "RegFileBank$operandCollector.RegFileBank_3": 1,
            "RegFileBank$operandCollector.RegFileBank_4": 1,
            "RegFileBank$operandCollector.RegFileBank_5": 1,
            "RegFileBank$operandCollector.RegFileBank_6": 1,
            "RegFileBank$operandCollector.RegFileBank_7": 1,
            "collectorUnit$operandCollector.collectorUnit": 1,
            "collectorUnit$operandCollector.collectorUnit_1": 1,
            "collectorUnit$operandCollector.collectorUnit_2": 1,
            "collectorUnit$operandCollector.collectorUnit_3": 1,
            "collectorUnit$operandCollector.collectorUnit_4": 1,
            "collectorUnit$operandCollector.collectorUnit_5": 1,
            "collectorUnit$operandCollector.collectorUnit_6": 1,
            "collectorUnit$operandCollector.collectorUnit_7": 1,
            "crossBar$operandCollector.crossBar": 1,
            "instDemux$operandCollector.Demux": 1,
            "operandArbiter$operandCollector.Arbiter": 1
         }
      }
   },
      "design": {
         "num_wires":         701723,
         "num_wire_bits":     1086079,
         "num_pub_wires":     17890,
         "num_pub_wire_bits": 401926,
         "num_ports":         12501,
         "num_port_bits":     234062,
         "num_memories":      0,
         "num_memory_bits":   0,
         "num_processes":     0,
         "num_cells":         761619,
         "num_submodules":       28,
         "area":              70858.143900,
         "sequential_area":    10389.708000,
         "num_cells_by_type": {
            "A2O1A1Ixp33_ASAP7_75t_R": 90499,
            "A2O1A1O1Ixp25_ASAP7_75t_R": 61598,
            "AND2x2_ASAP7_75t_R": 15952,
            "AND3x1_ASAP7_75t_R": 2548,
            "AND4x1_ASAP7_75t_R": 326,
            "AND5x1_ASAP7_75t_R": 8,
            "AO211x2_ASAP7_75t_R": 8,
            "AO21x1_ASAP7_75t_R": 15304,
            "AO221x1_ASAP7_75t_R": 20,
            "AO22x1_ASAP7_75t_R": 56,
            "AO31x2_ASAP7_75t_R": 8,
            "AO32x1_ASAP7_75t_R": 2012,
            "AOI211xp5_ASAP7_75t_R": 27822,
            "AOI21xp33_ASAP7_75t_R": 60664,
            "AOI221xp5_ASAP7_75t_R": 4909,
            "AOI22xp33_ASAP7_75t_R": 2721,
            "AOI311xp33_ASAP7_75t_R": 12041,
            "AOI31xp33_ASAP7_75t_R": 7001,
            "AOI321xp33_ASAP7_75t_R": 6,
            "AOI32xp33_ASAP7_75t_R": 336,
            "DFFHQNx1_ASAP7_75t_R": 35630,
            "HB1xp67_ASAP7_75t_R": 228,
            "INVx1_ASAP7_75t_R": 31867,
            "MAJIxp5_ASAP7_75t_R": 292,
            "MAJx2_ASAP7_75t_R": 49,
            "NAND2xp33_ASAP7_75t_R": 51968,
            "NAND3xp33_ASAP7_75t_R": 10704,
            "NAND4xp25_ASAP7_75t_R": 571,
            "NAND5xp2_ASAP7_75t_R": 99,
            "NOR2xp33_ASAP7_75t_R": 39468,
            "NOR3xp33_ASAP7_75t_R": 7950,
            "NOR4xp25_ASAP7_75t_R": 1656,
            "NOR5xp2_ASAP7_75t_R": 2518,
            "O2A1O1Ixp33_ASAP7_75t_R": 42700,
            "OA211x2_ASAP7_75t_R": 8889,
            "OA21x2_ASAP7_75t_R": 13496,
            "OA22x2_ASAP7_75t_R": 1,
            "OAI211xp5_ASAP7_75t_R": 10401,
            "OAI21xp33_ASAP7_75t_R": 145140,
            "OAI221xp5_ASAP7_75t_R": 44966,
            "OAI22xp33_ASAP7_75t_R": 777,
            "OAI311xp33_ASAP7_75t_R": 2186,
            "OAI31xp33_ASAP7_75t_R": 1873,
            "OAI32xp33_ASAP7_75t_R": 271,
            "OR2x2_ASAP7_75t_R": 945,
            "OR3x1_ASAP7_75t_R": 866,
            "OR4x1_ASAP7_75t_R": 226,
            "OR5x1_ASAP7_75t_R": 26,
            "XNOR2xp5_ASAP7_75t_R": 1290,
            "XOR2xp5_ASAP7_75t_R": 711,
            "regs_128x1024": 8,
            "regs_1_256x32": 8,
            "DualIssueIO$operandCollector.issueUnit": 1,
            "FloatRegFileBank$operandCollector.FloatRegFileBank": 1,
            "FloatRegFileBank$operandCollector.FloatRegFileBank_1": 1,
            "FloatRegFileBank$operandCollector.FloatRegFileBank_2": 1,
            "FloatRegFileBank$operandCollector.FloatRegFileBank_3": 1,
            "FloatRegFileBank$operandCollector.FloatRegFileBank_4": 1,
            "FloatRegFileBank$operandCollector.FloatRegFileBank_5": 1,
            "FloatRegFileBank$operandCollector.FloatRegFileBank_6": 1,
            "FloatRegFileBank$operandCollector.FloatRegFileBank_7": 1,
            "RegFileBank$operandCollector.RegFileBank": 1,
            "RegFileBank$operandCollector.RegFileBank_1": 1,
            "RegFileBank$operandCollector.RegFileBank_2": 1,
            "RegFileBank$operandCollector.RegFileBank_3": 1,
            "RegFileBank$operandCollector.RegFileBank_4": 1,
            "RegFileBank$operandCollector.RegFileBank_5": 1,
            "RegFileBank$operandCollector.RegFileBank_6": 1,
            "RegFileBank$operandCollector.RegFileBank_7": 1,
            "collectorUnit$operandCollector.collectorUnit": 1,
            "collectorUnit$operandCollector.collectorUnit_1": 1,
            "collectorUnit$operandCollector.collectorUnit_2": 1,
            "collectorUnit$operandCollector.collectorUnit_3": 1,
            "collectorUnit$operandCollector.collectorUnit_4": 1,
            "collectorUnit$operandCollector.collectorUnit_5": 1,
            "collectorUnit$operandCollector.collectorUnit_6": 1,
            "collectorUnit$operandCollector.collectorUnit_7": 1,
            "crossBar$operandCollector.crossBar": 1,
            "instDemux$operandCollector.Demux": 1,
            "operandArbiter$operandCollector.Arbiter": 1
         }
      }
}

11. Executing Verilog backend.

11.1. Executing BMUXMAP pass.

11.2. Executing DEMUXMAP pass.
Dumping module `\DualIssueIO$operandCollector.issueUnit'.
Dumping module `\FloatRegFileBank$operandCollector.FloatRegFileBank'.
Dumping module `\FloatRegFileBank$operandCollector.FloatRegFileBank_1'.
Dumping module `\FloatRegFileBank$operandCollector.FloatRegFileBank_2'.
Dumping module `\FloatRegFileBank$operandCollector.FloatRegFileBank_3'.
Dumping module `\FloatRegFileBank$operandCollector.FloatRegFileBank_4'.
Dumping module `\FloatRegFileBank$operandCollector.FloatRegFileBank_5'.
Dumping module `\FloatRegFileBank$operandCollector.FloatRegFileBank_6'.
Dumping module `\FloatRegFileBank$operandCollector.FloatRegFileBank_7'.
Dumping module `\ImmGen$operandCollector.collectorUnit.imm'.
Dumping module `\ImmGen$operandCollector.collectorUnit_1.imm'.
Dumping module `\ImmGen$operandCollector.collectorUnit_2.imm'.
Dumping module `\ImmGen$operandCollector.collectorUnit_3.imm'.
Dumping module `\ImmGen$operandCollector.collectorUnit_4.imm'.
Dumping module `\ImmGen$operandCollector.collectorUnit_5.imm'.
Dumping module `\ImmGen$operandCollector.collectorUnit_6.imm'.
Dumping module `\ImmGen$operandCollector.collectorUnit_7.imm'.
Dumping module `\RRArbiter$operandCollector.Arbiter.bankArbiterScalar_0'.
Dumping module `\RRArbiter$operandCollector.Arbiter.bankArbiterScalar_1'.
Dumping module `\RRArbiter$operandCollector.Arbiter.bankArbiterScalar_2'.
Dumping module `\RRArbiter$operandCollector.Arbiter.bankArbiterScalar_3'.
Dumping module `\RRArbiter$operandCollector.Arbiter.bankArbiterScalar_4'.
Dumping module `\RRArbiter$operandCollector.Arbiter.bankArbiterScalar_5'.
Dumping module `\RRArbiter$operandCollector.Arbiter.bankArbiterScalar_6'.
Dumping module `\RRArbiter$operandCollector.Arbiter.bankArbiterScalar_7'.
Dumping module `\RRArbiter$operandCollector.Arbiter.bankArbiterVector_0'.
Dumping module `\RRArbiter$operandCollector.Arbiter.bankArbiterVector_1'.
Dumping module `\RRArbiter$operandCollector.Arbiter.bankArbiterVector_2'.
Dumping module `\RRArbiter$operandCollector.Arbiter.bankArbiterVector_3'.
Dumping module `\RRArbiter$operandCollector.Arbiter.bankArbiterVector_4'.
Dumping module `\RRArbiter$operandCollector.Arbiter.bankArbiterVector_5'.
Dumping module `\RRArbiter$operandCollector.Arbiter.bankArbiterVector_6'.
Dumping module `\RRArbiter$operandCollector.Arbiter.bankArbiterVector_7'.
Dumping module `\RRArbiter_16$operandCollector.issueUnit.arb_v'.
Dumping module `\RRArbiter_16$operandCollector.issueUnit.arb_x'.
Dumping module `\RegFileBank$operandCollector.RegFileBank'.
Dumping module `\RegFileBank$operandCollector.RegFileBank_1'.
Dumping module `\RegFileBank$operandCollector.RegFileBank_2'.
Dumping module `\RegFileBank$operandCollector.RegFileBank_3'.
Dumping module `\RegFileBank$operandCollector.RegFileBank_4'.
Dumping module `\RegFileBank$operandCollector.RegFileBank_5'.
Dumping module `\RegFileBank$operandCollector.RegFileBank_6'.
Dumping module `\RegFileBank$operandCollector.RegFileBank_7'.
Dumping module `\collectorUnit$operandCollector.collectorUnit'.
Dumping module `\collectorUnit$operandCollector.collectorUnit_1'.
Dumping module `\collectorUnit$operandCollector.collectorUnit_2'.
Dumping module `\collectorUnit$operandCollector.collectorUnit_3'.
Dumping module `\collectorUnit$operandCollector.collectorUnit_4'.
Dumping module `\collectorUnit$operandCollector.collectorUnit_5'.
Dumping module `\collectorUnit$operandCollector.collectorUnit_6'.
Dumping module `\collectorUnit$operandCollector.collectorUnit_7'.
Dumping module `\crossBar$operandCollector.crossBar'.
Dumping module `\instDemux$operandCollector.Demux'.
Dumping module `\operandArbiter$operandCollector.Arbiter'.
Dumping module `\operandCollector'.

End of script. Logfile hash: d50cf460f2, time: 901.32s, user: 290.31s, system: 8.69s, MEM: 2544.32 MB peak
Yosys 0.64+308 (git sha1 78e05dfb0, Release, Clang /usr/bin/clang++ 18.1.8)
Time spent: 76% 1x abc (750 sec), 6% 14x opt_expr (65 sec), ...
