name,start,end,cycles,instructions,requested_bytes,host_seconds,program_sha256
prefill.embedding,0,210974,210974,293888,1189888,0.1576104579726234,fd9556e2498f4281b1efc1fa9355595b4c0a84fbb46d7faf1aa7b8e54c6682fe
prefill.layer00.norm1,210974,348616,137642,130560,965632,0.07590991700999439,3141253dafde0e7eb45ff8de78e488e0540a1145b180aa0a5dd5fcb9ee70adc7
prefill.layer00.q.pack_activation,348616,418230,69614,111552,487424,0.053631374961696565,2e99434b1fc204064c2c80df0b7bf49fc2c81147274486fc65deaed2a6cd5506
prefill.layer00.q,418230,2059037,1640807,514304,14946848,0.4226982919499278,5d1916cd2395cabcd50cb813269c6ed36ef50acb211c25ab9075912032d0c8c2
prefill.layer00.k.pack_activation,2059037,2129056,70019,111552,487424,0.05393529194407165,2e99434b1fc204064c2c80df0b7bf49fc2c81147274486fc65deaed2a6cd5506
prefill.layer00.k,2129056,2334843,205787,73472,2135264,0.05342204205226153,4b73be3b50899f28407013a14da495b90b94aff3a7444522e40887afb12d7bef
prefill.layer00.v.pack_activation,2334843,2405268,70425,111552,487424,0.054022790980525315,2e99434b1fc204064c2c80df0b7bf49fc2c81147274486fc65deaed2a6cd5506
prefill.layer00.v,2405268,2612718,207450,73472,2135264,0.053110291017219424,b189baa20a60ccb1fd2c2489ac11e363db08b2f57f19f2f0b42a63817eddbfaf
prefill.layer00.rope_q,2612718,2823965,211247,215040,910336,0.1298217080766335,0bbbb1c469d160c9c1dd668cbcf823ab9a170c7bdb13115a8ec8f2c2f2b13f25
prefill.layer00.rope_k_append,2823965,2855082,31117,30720,130048,0.01872479193843901,66be3556251f41020e0aea6ef219e37b916ffcdfe690e8f9a0100cb512e2e9fa
prefill.layer00.v_append,2855082,2895232,40150,41984,116736,0.02330700005404651,7e8fcc3b7c86a65ad9730eda03402b817887f186b28036cdf84e9cc5be0f8c2d
prefill.layer00.head00.qk,2895232,3008031,112799,135552,508416,0.0656457080040127,75a19217baa27008527f8e0957d607e39ff365b5b9ba6c28a0e324bd0b56befa
prefill.layer00.head00.softmax,3008031,3052875,44844,47220,250368,0.027245792094618082,123ed3c30416122dc09685426d03878c9954abaa03f4f95c589c90d48f8499ea
prefill.layer00.head00.pv,3052875,3133878,81003,122688,385280,0.05735508294310421,1e468427efea88d75f095fbabacc300c6b798ddbe15c0e3791626b994a0ca681
prefill.layer00.head01.qk,3133878,3246075,112197,135552,508416,0.06626999995205551,c0958c07189c1feaa540c5c8cc96fa52755848ca0d0e6f4189cdb7868a64e8d9
prefill.layer00.head01.softmax,3246075,3289215,43140,47220,250368,0.02740904106758535,123ed3c30416122dc09685426d03878c9954abaa03f4f95c589c90d48f8499ea
prefill.layer00.head01.pv,3289215,3369991,80776,122688,385280,0.0569258329924196,b0465f76a7d60d1859ae05a15b1e7ddb53c6b7e38b3dfc4848ef9a374522c746
prefill.layer00.head02.qk,3369991,3479544,109553,135552,508416,0.06526879197917879,219f6019000e4f77128b045c03ffc10d0a241770bdaba76487862174bfd6bc9d
prefill.layer00.head02.softmax,3479544,3523239,43695,47220,250368,0.027133667026646435,123ed3c30416122dc09685426d03878c9954abaa03f4f95c589c90d48f8499ea
prefill.layer00.head02.pv,3523239,3603676,80437,122688,385280,0.056586084072478116,c39a57e7ac51de9f9fb36ebd1afc84cd020a71773ebf0339f2b29b8d233249aa
prefill.layer00.head03.qk,3603676,3715226,111550,135552,508416,0.06509408296551555,113e8edb1d0a2a1faf7a5e58244ff21cd6fac0c74b591dab12dec3d9bd886a22
prefill.layer00.head03.softmax,3715226,3759202,43976,47220,250368,0.02700766606722027,123ed3c30416122dc09685426d03878c9954abaa03f4f95c589c90d48f8499ea
prefill.layer00.head03.pv,3759202,3839982,80780,122688,385280,0.05603358300868422,752d6bbb20d6ddeab8ed70531019fe3b6fb745551fd4ba87a0a1a869bf5ae8c0
prefill.layer00.head04.qk,3839982,3950484,110502,135552,508416,0.06539483403321356,99d649c72d942990a298b722d2cd58d1aee4d180a0261ae1cbcd386cdd57012a
prefill.layer00.head04.softmax,3950484,3994392,43908,47220,250368,0.027214500005356967,123ed3c30416122dc09685426d03878c9954abaa03f4f95c589c90d48f8499ea
prefill.layer00.head04.pv,3994392,4074930,80538,122688,385280,0.056454041972756386,8e897db43d613a4d8fdbb156f7c785fc82c4bc585be880e1b2156351a1de37ac
prefill.layer00.head05.qk,4074930,4186446,111516,135552,508416,0.06530258303973824,7eac4f9b48657722bdb6916f760a7bd8b8e7410d0a2a17217d341c3a8780b602
prefill.layer00.head05.softmax,4186446,4230415,43969,47220,250368,0.027121833059936762,123ed3c30416122dc09685426d03878c9954abaa03f4f95c589c90d48f8499ea
prefill.layer00.head05.pv,4230415,4311359,80944,122688,385280,0.0567687499569729,4e74438d4c0f82d10a2291d4491e38d0efe38b4c870337fc80563cfbc49d9764
prefill.layer00.head06.qk,4311359,4421780,110421,135552,508416,0.06499324995093048,7c5f27f5c1fecb5f6deeccd6892c99afba78573a13e565be4599d5c2750f5ef2
prefill.layer00.head06.softmax,4421780,4465775,43995,47220,250368,0.027337833074852824,123ed3c30416122dc09685426d03878c9954abaa03f4f95c589c90d48f8499ea
prefill.layer00.head06.pv,4465775,4546388,80613,122688,385280,0.056394334067590535,c3ee04f5b82b980f5775e1f0541cdfcb7c61873f38ee45f300478b73eeb207a4
prefill.layer00.head07.qk,4546388,4657366,110978,135552,508416,0.06522779201623052,031fcc083942d6b16d9c470cb5d61b9953a8cf1bc021fc119f339e168824a46d
prefill.layer00.head07.softmax,4657366,4701602,44236,47220,250368,0.026975041953846812,123ed3c30416122dc09685426d03878c9954abaa03f4f95c589c90d48f8499ea
prefill.layer00.head07.pv,4701602,4782245,80643,122688,385280,0.05642983294092119,c776a2b2213afd90e5602a6ef293a5f25a18ac21f6daa02121870c26c19a999a
prefill.layer00.head08.qk,4782245,4894277,112032,135552,508416,0.06563108297996223,d9da6e48768013862943efbc74f3cdc43d466d673269f0f6a7ab9a4437484d09
prefill.layer00.head08.softmax,4894277,4937997,43720,47220,250368,0.026981708011589944,123ed3c30416122dc09685426d03878c9954abaa03f4f95c589c90d48f8499ea
prefill.layer00.head08.pv,4937997,5019161,81164,122688,385280,0.056294457986950874,b92e07a9bf2ee1c923114e931716f51ab51e780dc11fe5e567b06a32d289093d
prefill.layer00.head09.qk,5019161,5129730,110569,135552,508416,0.06516070896759629,361b19f3a46ad669462a64d3e946a0aa1db525bf4104670f7c1ac7057ced8d11
prefill.layer00.head09.softmax,5129730,5172906,43176,47220,250368,0.026834457996301353,123ed3c30416122dc09685426d03878c9954abaa03f4f95c589c90d48f8499ea
prefill.layer00.head09.pv,5172906,5253662,80756,122688,385280,0.0565544159617275,667adb247d89af845c7fd40accc2b63c12bcc02025583106dea57f16f4180b10
prefill.layer00.head10.qk,5253662,5364429,110767,135552,508416,0.06487337499856949,fe870beec12787d31f54232462d307bb4f9967ce296b3ad9fb4ea0a5446ad41e
prefill.layer00.head10.softmax,5364429,5408187,43758,47220,250368,0.026882875012233853,123ed3c30416122dc09685426d03878c9954abaa03f4f95c589c90d48f8499ea
prefill.layer00.head10.pv,5408187,5489623,81436,122688,385280,0.05637545802164823,05faa5e9165d623c6ae7f31fdb15a44d65d08b1fb9006d4b4a14574357dd72a8
prefill.layer00.head11.qk,5489623,5600558,110935,135552,508416,0.06498129200190306,615820747fc7e7a1317539063f1785a1bdfc43a9b9402cbefb60c9f78c8813fa
prefill.layer00.head11.softmax,5600558,5644914,44356,47220,250368,0.02710441709496081,123ed3c30416122dc09685426d03878c9954abaa03f4f95c589c90d48f8499ea
prefill.layer00.head11.pv,5644914,5725912,80998,122688,385280,0.056417624931782484,fcd06ac020b197f413a6f78023f05d48e71bc6206c855032666e0ffe187eb140
prefill.layer00.head12.qk,5725912,5836738,110826,135552,508416,0.06511154107283801,340670d82c7265263f20bdd0e1f17501cfe4e223571bf4c1cd12e3035104b461
prefill.layer00.head12.softmax,5836738,5880329,43591,47220,250368,0.02692020800895989,123ed3c30416122dc09685426d03878c9954abaa03f4f95c589c90d48f8499ea
prefill.layer00.head12.pv,5880329,5961164,80835,122688,385280,0.05595391697715968,e6ef500ddf9754656a49de8e1c1a200e51d089a9fafa32bdd4e9f14e93e5eb19
prefill.layer00.head13.qk,5961164,6073794,112630,135552,508416,0.06477774993982166,42fcb9ff86b5e4b6fa62337cb167603affebb086f42f286a31a1072eef5005a5
prefill.layer00.head13.softmax,6073794,6117458,43664,47220,250368,0.026807500049471855,123ed3c30416122dc09685426d03878c9954abaa03f4f95c589c90d48f8499ea
prefill.layer00.head13.pv,6117458,6197892,80434,122688,385280,0.05646937503479421,b7628d058dc0fec064a2516324c4327ef49cd878957a6bcf7f188830fbefe099
prefill.layer00.join_heads,6197892,6432604,234712,258048,731136,0.13764970796182752,8e07c32da68a60a9e318f195cfebeab7c9436ae2136c0954f5a39c80c46e1644
prefill.layer00.o.pack_activation,6432604,6502218,69614,111552,487424,0.05387995799537748,58c4612de1034e18041a8b740ffe571191e366f5d1cba59c61ddf6d13fb5dbd0
prefill.layer00.o,6502218,8136738,1634520,510272,14931616,0.41740020900033414,20b547682f3663d0579064b493df7aa0b2b4f42e8497da80499d627d7bb9ddec
prefill.layer00.attention_residual,8136738,8310606,173868,111104,802816,0.07245512504596263,38b111e307f7ed2390c7fc7d9df618e2a76f6652f5f25a6e0aa4ecd6d1df2c4c
prefill.layer00.norm2,8310606,8447777,137171,130560,965632,0.07738095801323652,fdff4da87b6a2a9587dea0604a30900f7e2535039860bf1fcd336958e9667ffa
prefill.layer00.gate.pack_activation,8447777,8517391,69614,111552,487424,0.0540990000590682,2e99434b1fc204064c2c80df0b7bf49fc2c81147274486fc65deaed2a6cd5506
prefill.layer00.gate,8517391,16936512,8419121,2770048,81057344,2.286977291922085,b9833feec96b6b3aee3cf7d86c9ed5d05150e154dc2e759b4b8437a62f67e3f0
prefill.layer00.up.pack_activation,16936512,17006475,69963,111552,487424,0.05394629098009318,2e99434b1fc204064c2c80df0b7bf49fc2c81147274486fc65deaed2a6cd5506
prefill.layer00.up,17006475,25373600,8367125,2770048,81057344,2.309774540946819,39424177763b5a11fed39589d4a7e48f07461c8a340343b1b20482b377257712
prefill.layer00.swiglu,25373600,26184443,810843,612864,4358144,0.3870234170462936,e986f4d594d68baf6bbdca23d228d64a627913d38c9d41909fe6fe19136f9393
prefill.layer00.down.pack_activation,26184443,26562148,377705,605568,2646016,0.29386479093227535,0ff1ca7ec1de1a670af542665206c016f1df660037d2e3af4e6b4d9d3fe96096
prefill.layer00.down,26562148,32072852,5510704,1635200,57595552,1.4917641249485314,b46ffac31249207dafd9f58223af0c709864837bd85188bae7535ceebc8426ef
prefill.layer00.ffn_residual,32072852,32243459,170607,111104,802816,0.07305054098833352,38b111e307f7ed2390c7fc7d9df618e2a76f6652f5f25a6e0aa4ecd6d1df2c4c
prefill.layer01.norm1,32243459,32380933,137474,130560,965632,0.07770433300174773,1bd4b7a9abf32b80f7954a763b746f8756ebfea840d9661b944fea356db5e3c6
prefill.layer01.q.pack_activation,32380933,32450547,69614,111552,487424,0.05431637505535036,2e99434b1fc204064c2c80df0b7bf49fc2c81147274486fc65deaed2a6cd5506
prefill.layer01.q,32450547,34063102,1612555,514304,14946848,0.42212270898744464,2568e833fc571c567af137996df37bfd4ba4907ca018f8d2a0685d37b1b0facb
prefill.layer01.k.pack_activation,34063102,34133033,69931,111552,487424,0.054376833024434745,2e99434b1fc204064c2c80df0b7bf49fc2c81147274486fc65deaed2a6cd5506
prefill.layer01.k,34133033,34340414,207381,73472,2135264,0.05367529205977917,a476284f71b3d3f4d34299c636efdc6403852ec6d5f20034e80b933ba41e4eee
prefill.layer01.v.pack_activation,34340414,34409393,68979,111552,487424,0.054483207990415394,2e99434b1fc204064c2c80df0b7bf49fc2c81147274486fc65deaed2a6cd5506
prefill.layer01.v,34409393,34616801,207408,73472,2135264,0.053405291051603854,ff28465c7656c1652def9eba972a70a83b329845cc7fa8ffbf64892677665a96
prefill.layer01.rope_q,34616801,34829793,212992,215040,910336,0.1310299999313429,0bbbb1c469d160c9c1dd668cbcf823ab9a170c7bdb13115a8ec8f2c2f2b13f25
prefill.layer01.rope_k_append,34829793,34861224,31431,30720,130048,0.01880016701761633,12eaabdd0df5dcc21e788b23edaaaf0eb47fb9c983c23ebf39f7659845cea487
prefill.layer01.v_append,34861224,34901373,40149,41984,116736,0.02319300000090152,9343b60ed1e3ee8bd866646beed666d6cd6a0bb209fdb88b45c1cce6c7aefd7f
prefill.layer01.head00.qk,34901373,35014131,112758,135552,508416,0.06491516705136746,aea4f34494047bf912533f2e505e5cc86c952b61374efa5ec1c8b127e34006e8
prefill.layer01.head00.softmax,35014131,35058214,44083,47220,250368,0.027231334010139108,123ed3c30416122dc09685426d03878c9954abaa03f4f95c589c90d48f8499ea
prefill.layer01.head00.pv,35058214,35138495,80281,122688,385280,0.05665779206901789,b5728547c940e51d0dad369e79bbc3503fbb91317b98d173b560ff0ce9097ea4
prefill.layer01.head01.qk,35138495,35250049,111554,135552,508416,0.06556829193141311,9b4dd36df5586337012b117ed2e214b818d84e4fbaf5050954dcaba4e4995311
prefill.layer01.head01.softmax,35250049,35293952,43903,47220,250368,0.027205957914702594,123ed3c30416122dc09685426d03878c9954abaa03f4f95c589c90d48f8499ea
prefill.layer01.head01.pv,35293952,35375301,81349,122688,385280,0.05670545797329396,38540e7a4cd1d9c7d05a6ecbe0967279c5853fdc6f5050a902340074df4b2f61
prefill.layer01.head02.qk,35375301,35486569,111268,135552,508416,0.06555770803242922,3204916aacc1ee2a9e9415e12934b5bd43206e9d01360039f24753d769f64855
prefill.layer01.head02.softmax,35486569,35529981,43412,47220,250368,0.02702149993274361,123ed3c30416122dc09685426d03878c9954abaa03f4f95c589c90d48f8499ea
prefill.layer01.head02.pv,35529981,35610581,80600,122688,385280,0.05664279090706259,1ffe4e2732a6c62706d11db33d703aaceb7f079dab0252985417e45b5f5c1ad7
prefill.layer01.head03.qk,35610581,35721735,111154,135552,508416,0.06543595797847956,e0024a0ec800d790bcf7a5004cfd3483f1e9422ac60002c727b05d8c7bb6c4a3
prefill.layer01.head03.softmax,35721735,35765570,43835,47220,250368,0.02717941696755588,123ed3c30416122dc09685426d03878c9954abaa03f4f95c589c90d48f8499ea
prefill.layer01.head03.pv,35765570,35846103,80533,122688,385280,0.05651237501297146,731b501b26ef9927829c46e85f445fd53170871137c11ef7b153e1cd9bf4592a
prefill.layer01.head04.qk,35846103,35957691,111588,135552,508416,0.06608041608706117,b4295bfffbe5b7a24709ff24bc00ed863946267df560bb8ebe5a8f379c592616
prefill.layer01.head04.softmax,35957691,36001124,43433,47220,250368,0.02715704101137817,123ed3c30416122dc09685426d03878c9954abaa03f4f95c589c90d48f8499ea
prefill.layer01.head04.pv,36001124,36082224,81100,122688,385280,0.05678208393510431,28783e046cb2a71d6eb1b0579f4a26e5e71acfcb2ec805fcb2bf929d4f1427d0
prefill.layer01.head05.qk,36082224,36192560,110336,135552,508416,0.06528395903296769,f43c7ab3f2c9e048df2d8e14b993be0941798c200b68157ccd664e5e276c7c16
prefill.layer01.head05.softmax,36192560,36237022,44462,47220,250368,0.027175665949471295,123ed3c30416122dc09685426d03878c9954abaa03f4f95c589c90d48f8499ea
prefill.layer01.head05.pv,36237022,36317740,80718,122688,385280,0.05662008305080235,8cd3964b6a377092069512594371ecf02ac0fd5e6189034cd0be135f9c811f52
prefill.layer01.head06.qk,36317740,36429271,111531,135552,508416,0.06603033293504268,7a5a6ceadfd573d46b6f9a0fec336220299772aa00bc9314672cf2d4ed829dd0
prefill.layer01.head06.softmax,36429271,36472653,43382,47220,250368,0.026981416973285377,123ed3c30416122dc09685426d03878c9954abaa03f4f95c589c90d48f8499ea
prefill.layer01.head06.pv,36472653,36553407,80754,122688,385280,0.05665570800192654,f15efb162890dfd8bc384e748e95597387e200a679df465def111010c5afc24f
prefill.layer01.head07.qk,36553407,36666215,112808,135552,508416,0.06540670897811651,4562ef0881926353c955353daa81c2882b459291d0fb19db71c0b499e8426f4f
prefill.layer01.head07.softmax,36666215,36710447,44232,47220,250368,0.02719658298883587,123ed3c30416122dc09685426d03878c9954abaa03f4f95c589c90d48f8499ea
prefill.layer01.head07.pv,36710447,36791447,81000,122688,385280,0.05660133308265358,49a8d5724a7ac9dd80d1c8a3c4f69deb4c91c691c2928c268e79354428cbe9bf
prefill.layer01.head08.qk,36791447,36903483,112036,135552,508416,0.06584833306260407,74af1a13cfb37dd35319c7182f336e1d4639d85e8383db6226aa3a443707a2b5
prefill.layer01.head08.softmax,36903483,36947744,44261,47220,250368,0.027131999959237874,123ed3c30416122dc09685426d03878c9954abaa03f4f95c589c90d48f8499ea
prefill.layer01.head08.pv,36947744,37029553,81809,122688,385280,0.056435792008414865,a0d573d0e7936b8c3f99231a9826ac4e0bdd01094ea21bb4dfc1698fa7386e2c
prefill.layer01.head09.qk,37029553,37140386,110833,135552,508416,0.06545762508176267,a65ea99aac1ad4fe225e8a73a65e2b1b72ce464312e2701f726d5e6c525ecbb9
prefill.layer01.head09.softmax,37140386,37183520,43134,47220,250368,0.02707962493877858,123ed3c30416122dc09685426d03878c9954abaa03f4f95c589c90d48f8499ea
prefill.layer01.head09.pv,37183520,37264000,80480,122688,385280,0.055915749981068075,603e8a450712755c43cbe2e363e473cf1e22f0b7215677c3f0d5b48b021bf1aa
prefill.layer01.head10.qk,37264000,37374264,110264,135552,508416,0.06486183300148696,7f62707caa96555094c4cf21a745182435bd6bb8ab601284fc1bb4a6e8215c46
prefill.layer01.head10.softmax,37374264,37418552,44288,47220,250368,0.02730070799589157,123ed3c30416122dc09685426d03878c9954abaa03f4f95c589c90d48f8499ea
prefill.layer01.head10.pv,37418552,37498835,80283,122688,385280,0.056964625022374094,4cec754172d8dde34d73ddd4de5c4d052872a3bac11b9ad0540d67e5a5e89b39
prefill.layer01.head11.qk,37498835,37610757,111922,135552,508416,0.06507554196286947,d0c9f1d66d9d8bb359b31351b30566201cfa39898835c68ec8329d7cbb8ce14f
prefill.layer01.head11.softmax,37610757,37654020,43263,47220,250368,0.02709629200398922,123ed3c30416122dc09685426d03878c9954abaa03f4f95c589c90d48f8499ea
prefill.layer01.head11.pv,37654020,37734353,80333,122688,385280,0.05621108296327293,f5ca42c82064b9cb4c691705aa211b311996c86b815650e0e891937c5b47ea7d
prefill.layer01.head12.qk,37734353,37845398,111045,135552,508416,0.06548612494952977,9c1905548028e81a2ee6aa89e34a6e44a00599687e6aa1e621f73e2506877d98
prefill.layer01.head12.softmax,37845398,37889220,43822,47220,250368,0.027233583037741482,123ed3c30416122dc09685426d03878c9954abaa03f4f95c589c90d48f8499ea
prefill.layer01.head12.pv,37889220,37969883,80663,122688,385280,0.05703174998052418,f8b2aca4d49873e048ab47fd9a13a12a80566639d66aa64b8a1fe8553f0f271c
prefill.layer01.head13.qk,37969883,38082227,112344,135552,508416,0.06554666603915393,5789f1671706d9d3bc4712b721a99e77ab0138a50459d0d23d68898684a37b57
prefill.layer01.head13.softmax,38082227,38125261,43034,47220,250368,0.02692595892585814,123ed3c30416122dc09685426d03878c9954abaa03f4f95c589c90d48f8499ea
prefill.layer01.head13.pv,38125261,38206327,81066,122688,385280,0.05631283298134804,311bfcd7383e0e543ce742070038fcb01c822d9c3ece603c92436dc69143ca23
prefill.layer01.join_heads,38206327,38439684,233357,258048,731136,0.1379873330006376,8e07c32da68a60a9e318f195cfebeab7c9436ae2136c0954f5a39c80c46e1644
prefill.layer01.o.pack_activation,38439684,38509298,69614,111552,487424,0.05399412498809397,58c4612de1034e18041a8b740ffe571191e366f5d1cba59c61ddf6d13fb5dbd0
prefill.layer01.o,38509298,40119534,1610236,510272,14931616,0.4205554579384625,97d3235c1d16fe22c9b41768cf2a638e8d6fb2779845453d2a6fb9ea658768ba
prefill.layer01.attention_residual,40119534,40290342,170808,111104,802816,0.0725374580360949,38b111e307f7ed2390c7fc7d9df618e2a76f6652f5f25a6e0aa4ecd6d1df2c4c
prefill.layer01.norm2,40290342,40428112,137770,130560,965632,0.07688770804088563,52513d238558df402cb804d6d352be3206c9f101d0b1393ee95ba105b1261f08
prefill.layer01.gate.pack_activation,40428112,40497726,69614,111552,487424,0.054243208025582135,2e99434b1fc204064c2c80df0b7bf49fc2c81147274486fc65deaed2a6cd5506
prefill.layer01.gate,40497726,48955885,8458159,2770048,81057344,2.300177250057459,4fcbe0233eeb51809dd9e7252e2cb1b99ff0e0b04be71af37ba892caa7f529c0
prefill.layer01.up.pack_activation,48955885,49026256,70371,111552,487424,0.05443641706369817,2e99434b1fc204064c2c80df0b7bf49fc2c81147274486fc65deaed2a6cd5506
prefill.layer01.up,49026256,57432309,8406053,2770048,81057344,2.290644707973115,89abcf07b9fc232a42cceebcf6720018c21a4dda6c6c725ca731deb8e8c4033d
prefill.layer01.swiglu,57432309,58233934,801625,612864,4358144,0.38473345804959536,e986f4d594d68baf6bbdca23d228d64a627913d38c9d41909fe6fe19136f9393
prefill.layer01.down.pack_activation,58233934,58611142,377208,605568,2646016,0.2934624580666423,0ff1ca7ec1de1a670af542665206c016f1df660037d2e3af4e6b4d9d3fe96096
prefill.layer01.down,58611142,64456950,5845808,1635200,57595552,1.4847805420868099,0f86f8f7ca9159147fdbee98567497fa8a3415dabc4a2d4d5a154bd46112c07a
prefill.layer01.ffn_residual,64456950,64629511,172561,111104,802816,0.07308879191987216,38b111e307f7ed2390c7fc7d9df618e2a76f6652f5f25a6e0aa4ecd6d1df2c4c
prefill.layer02.norm1,64629511,64766846,137335,130560,965632,0.07743091601878405,18e1f0e9204a54bf21316589cc6e522ff68305ce6291ddc0a911cba15d48b0ea
prefill.layer02.q.pack_activation,64766846,64836460,69614,111552,487424,0.05463083402719349,2e99434b1fc204064c2c80df0b7bf49fc2c81147274486fc65deaed2a6cd5506
prefill.layer02.q,64836460,66422688,1586228,514304,14946848,0.42215658398345113,d83b85f9b03f7c05ef86dad6373a6aabeb209cee69369f3561d72c30aefbf5d2
prefill.layer02.k.pack_activation,66422688,66492496,69808,111552,487424,0.053972374997101724,2e99434b1fc204064c2c80df0b7bf49fc2c81147274486fc65deaed2a6cd5506
prefill.layer02.k,66492496,66699530,207034,73472,2135264,0.05322266696020961,f0762bb6b5dc1beb8a3fa99863b8addfa75802c95437ab16835fe6246541760d
prefill.layer02.v.pack_activation,66699530,66769704,70174,111552,487424,0.053912541014142334,2e99434b1fc204064c2c80df0b7bf49fc2c81147274486fc65deaed2a6cd5506
prefill.layer02.v,66769704,66976140,206436,73472,2135264,0.05347016709856689,ce1b3eb55158e669eb1b69f3a011d4ad14c8c293889861bb229f74721164e99d
prefill.layer02.rope_q,66976140,67188933,212793,215040,910336,0.13017987494822592,0bbbb1c469d160c9c1dd668cbcf823ab9a170c7bdb13115a8ec8f2c2f2b13f25
prefill.layer02.rope_k_append,67188933,67220050,31117,30720,130048,0.018561249948106706,f43b456f59103e629eee7fadc49e877d087d323967481ea6fd4392a7afbd9cc2
prefill.layer02.v_append,67220050,67260200,40150,41984,116736,0.023093000054359436,b784e3ca5176f0ae162eeaf65e58fdba784035c05ee15deb2f846eec0e90975b
prefill.layer02.head00.qk,67260200,67372879,112679,135552,508416,0.06477154092863202,9dc81ac33a2c2db4abacad99069fb5d306026aeee25cc442f6e5f9c348c53ec2
prefill.layer02.head00.softmax,67372879,67417325,44446,47220,250368,0.027113916003145278,123ed3c30416122dc09685426d03878c9954abaa03f4f95c589c90d48f8499ea
prefill.layer02.head00.pv,67417325,67497974,80649,122688,385280,0.056504333042539656,3f496c74dd54cb73505741e5e48d1f1cc50ab725d972d25f31bf21aacb529d99
prefill.layer02.head01.qk,67497974,67608422,110448,135552,508416,0.06533995794598013,c8827f90e1184db3b1c94ceb533f3fb83775b9d363795f3448c1ee19b5221755
prefill.layer02.head01.softmax,67608422,67653102,44680,47220,250368,0.027188166975975037,123ed3c30416122dc09685426d03878c9954abaa03f4f95c589c90d48f8499ea
prefill.layer02.head01.pv,67653102,67733813,80711,122688,385280,0.056801042053848505,c20095b0192063c2267ddc84ff97e3be60f6e79a42a5912c61e65636668b2ff3
prefill.layer02.head02.qk,67733813,67843764,109951,135552,508416,0.06593845796305686,5b028e13f56f18256d79252b11430e96aa3c16e35e67983e748eac8ac63db63c
prefill.layer02.head02.softmax,67843764,67887463,43699,47220,250368,0.027105457964353263,123ed3c30416122dc09685426d03878c9954abaa03f4f95c589c90d48f8499ea
prefill.layer02.head02.pv,67887463,67968835,81372,122688,385280,0.0564866669010371,d8e34c4f4ea9688380a7517988922790d979acd213ca34d550dfd856d2e7360a
prefill.layer02.head03.qk,67968835,68080825,111990,135552,508416,0.06560700002592057,99d769e78a78905ef72f2fd4ef2d93af9dab109ddbbe94e528a101ccbf2b3bdf
prefill.layer02.head03.softmax,68080825,68124406,43581,47220,250368,0.027141959057189524,123ed3c30416122dc09685426d03878c9954abaa03f4f95c589c90d48f8499ea
prefill.layer02.head03.pv,68124406,68205204,80798,122688,385280,0.056606083060614765,36deed608f71725d66a7869faf3a5fdaebdc2225a1311a8c2636fbe7f443bd33
prefill.layer02.head04.qk,68205204,68316163,110959,135552,508416,0.06590712501201779,a278e07d55246625542f7d81724694e7666a096339ed15da991fb7f2bcffe908
prefill.layer02.head04.softmax,68316163,68359807,43644,47220,250368,0.027277540997602046,123ed3c30416122dc09685426d03878c9954abaa03f4f95c589c90d48f8499ea
prefill.layer02.head04.pv,68359807,68441525,81718,122688,385280,0.05699229100719094,aa2667ee006292777e36ad388dc46c2c1078237a2cdee2b3d7694ea3c247da29
prefill.layer02.head05.qk,68441525,68553523,111998,135552,508416,0.0653054160065949,bbfb4b14dec5e4da9df75ce9a3a9b12cd3b69b469e0ba985ac1920b08f8c46f4
prefill.layer02.head05.softmax,68553523,68597438,43915,47220,250368,0.026926041929982603,123ed3c30416122dc09685426d03878c9954abaa03f4f95c589c90d48f8499ea
prefill.layer02.head05.pv,68597438,68678069,80631,122688,385280,0.05630220798775554,1049051f73564a94cbea2e7655cedf159719a33d8af73564aa93251491ea8a97
prefill.layer02.head06.qk,68678069,68788063,109994,135552,508416,0.06539133400656283,7b1da0998e7fa5863c3e2e27c867df0dbb9bc1cc17eef98235ebffcff3fdaebf
prefill.layer02.head06.softmax,68788063,68831467,43404,47220,250368,0.027128790970891714,123ed3c30416122dc09685426d03878c9954abaa03f4f95c589c90d48f8499ea
prefill.layer02.head06.pv,68831467,68912083,80616,122688,385280,0.05619912501424551,583ef36e5515be7e6535add1bd3f8c59f34bfeb86a43c12ef07e6db7936c8a3e
prefill.layer02.head07.qk,68912083,69023233,111150,135552,508416,0.06526433303952217,1ca17d979edf836b076b34d7afb93865f921cd36c0f7a1fd3dc7fbfb98845e33
prefill.layer02.head07.softmax,69023233,69067579,44346,47220,250368,0.027144792024046183,123ed3c30416122dc09685426d03878c9954abaa03f4f95c589c90d48f8499ea
prefill.layer02.head07.pv,69067579,69147943,80364,122688,385280,0.05638695799279958,a52b7f8e72230e64fee615b29561b653cfa559c89863a93acb426dc18aef1623
prefill.layer02.head08.qk,69147943,69259152,111209,135552,508416,0.06562570796813816,c4be126e38cf258814d71f639b1ba64b36a51e85678c56ceac702b9ef237fc59
prefill.layer02.head08.softmax,69259152,69303274,44122,47220,250368,0.02722845901735127,123ed3c30416122dc09685426d03878c9954abaa03f4f95c589c90d48f8499ea
prefill.layer02.head08.pv,69303274,69383396,80122,122688,385280,0.05654274998232722,459955ea28ab9b557473ed749db295944d83055f1f5615e56574a66ac66a62a1
prefill.layer02.head09.qk,69383396,69494731,111335,135552,508416,0.06622004194650799,b49413ac2df6043e71bf5d74c1464e6a6020a43b99b95fd798a5caa7803ff959
prefill.layer02.head09.softmax,69494731,69538179,43448,47220,250368,0.027268209028989077,123ed3c30416122dc09685426d03878c9954abaa03f4f95c589c90d48f8499ea
prefill.layer02.head09.pv,69538179,69618794,80615,122688,385280,0.056713499943725765,1c66049b8a36dfd23f6e96cdb25a726e5869e6193b98709fe1861afcbd1969ac
prefill.layer02.head10.qk,69618794,69728369,109575,135552,508416,0.06545970891602337,a53979c85cc2e8417f8d6c7d8d652eef6fc92c51706cebf1bd39e0eaac2b8aba
prefill.layer02.head10.softmax,69728369,69772229,43860,47220,250368,0.02711362496484071,123ed3c30416122dc09685426d03878c9954abaa03f4f95c589c90d48f8499ea
prefill.layer02.head10.pv,69772229,69853041,80812,122688,385280,0.05700912501197308,17f4771b8c3073f40e00be02d1191d4af964cd9d096453bce416485edc918827
prefill.layer02.head11.qk,69853041,69964516,111475,135552,508416,0.0659155830508098,b85414a0d8a2fce380f6f2411175d3bd933bbf40b206ad440b7aa259305a7566
prefill.layer02.head11.softmax,69964516,70008551,44035,47220,250368,0.02717983303591609,123ed3c30416122dc09685426d03878c9954abaa03f4f95c589c90d48f8499ea
prefill.layer02.head11.pv,70008551,70088871,80320,122688,385280,0.05683916690759361,bf4933753630f0a7bcb144ec56ec74015390e04c9585001b977803c7adf02b06
prefill.layer02.head12.qk,70088871,70200116,111245,135552,508416,0.06591812497936189,11e95590f1c83ab6c5114ff5503c4c8fad646aac5f16773193bd7e41630d4ee5
prefill.layer02.head12.softmax,70200116,70244190,44074,47220,250368,0.027125291991978884,123ed3c30416122dc09685426d03878c9954abaa03f4f95c589c90d48f8499ea
prefill.layer02.head12.pv,70244190,70324967,80777,122688,385280,0.05679075000807643,263d8bb1084cd1852d2575e72c37f50da67ca0c8b9603cfdc98101719324d864
prefill.layer02.head13.qk,70324967,70436857,111890,135552,508416,0.0654321659822017,487837ae6eb83a71fcae4d025ef398ed6408e771eb050e3f6f31d67a66dfe32a
prefill.layer02.head13.softmax,70436857,70480432,43575,47220,250368,0.027035083039663732,123ed3c30416122dc09685426d03878c9954abaa03f4f95c589c90d48f8499ea
prefill.layer02.head13.pv,70480432,70561542,81110,122688,385280,0.05662345793098211,6f6d47ce57301e0b59b415a76b4bd59168cf64dda6d44a1e12c34b3f50b706ec
prefill.layer02.join_heads,70561542,70796227,234685,258048,731136,0.13775620888918638,8e07c32da68a60a9e318f195cfebeab7c9436ae2136c0954f5a39c80c46e1644
prefill.layer02.o.pack_activation,70796227,70865841,69614,111552,487424,0.05363337497692555,58c4612de1034e18041a8b740ffe571191e366f5d1cba59c61ddf6d13fb5dbd0
prefill.layer02.o,70865841,72492416,1626575,510272,14931616,0.41623379208613187,7fb43f05822aeec55641c8f35bad885fa16facca1dbc9100d9f538210ec69132
prefill.layer02.attention_residual,72492416,72663504,171088,111104,802816,0.07255366700701416,38b111e307f7ed2390c7fc7d9df618e2a76f6652f5f25a6e0aa4ecd6d1df2c4c
prefill.layer02.norm2,72663504,72800626,137122,130560,965632,0.07672149990685284,28484958ba2def8ade0a3c2c3343c52857ac38bedb9f10d1d727feb5ecd4a374
prefill.layer02.gate.pack_activation,72800626,72870240,69614,111552,487424,0.05383633391465992,2e99434b1fc204064c2c80df0b7bf49fc2c81147274486fc65deaed2a6cd5506
prefill.layer02.gate,72870240,81291739,8421499,2770048,81057344,2.296931666904129,37e34ee52190f767b864851f3dffbfd9d350e61800a6df47020f8590eef9e152
prefill.layer02.up.pack_activation,81291739,81361829,70090,111552,487424,0.054308915976434946,2e99434b1fc204064c2c80df0b7bf49fc2c81147274486fc65deaed2a6cd5506
prefill.layer02.up,81361829,89782093,8420264,2770048,81057344,2.2841524590039626,28646997da2b8e352605f538dd18f42aee7f2a6429f9412f7c07c3b9ada8b7c8
prefill.layer02.swiglu,89782093,90578587,796494,612864,4358144,0.38358966703526676,e986f4d594d68baf6bbdca23d228d64a627913d38c9d41909fe6fe19136f9393
prefill.layer02.down.pack_activation,90578587,90955688,377101,605568,2646016,0.29258879099506885,0ff1ca7ec1de1a670af542665206c016f1df660037d2e3af4e6b4d9d3fe96096
prefill.layer02.down,90955688,96921898,5966210,1635200,57595552,1.4904609579825774,b371f912a4ea181c0d44208ac3a5d7219cb1fc6eeb79ef70248e22389e1907a6
prefill.layer02.ffn_residual,96921898,97093530,171632,111104,802816,0.07306724996306002,38b111e307f7ed2390c7fc7d9df618e2a76f6652f5f25a6e0aa4ecd6d1df2c4c
prefill.layer03.norm1,97093530,97230620,137090,130560,965632,0.0789759160252288,5742178d164e4a0b1e4b493abbf0176ec46bff037a9e06bd23d206a388f7de30
prefill.layer03.q.pack_activation,97230620,97300234,69614,111552,487424,0.053792209015227854,2e99434b1fc204064c2c80df0b7bf49fc2c81147274486fc65deaed2a6cd5506
prefill.layer03.q,97300234,99110342,1810108,514304,14946848,0.42982299998402596,9085f05ab64a85864e7371c210b66b982737d4b21290f5d4fcc94d505effb47d
prefill.layer03.k.pack_activation,99110342,99180526,70184,111552,487424,0.05413100006990135,2e99434b1fc204064c2c80df0b7bf49fc2c81147274486fc65deaed2a6cd5506
prefill.layer03.k,99180526,99386080,205554,73472,2135264,0.05426662496756762,945317594fd7296bf3e7137c10c6103d88baab90c0bda300db8d52874600822e
prefill.layer03.v.pack_activation,99386080,99455557,69477,111552,487424,0.05428924993611872,2e99434b1fc204064c2c80df0b7bf49fc2c81147274486fc65deaed2a6cd5506
prefill.layer03.v,99455557,99661287,205730,73472,2135264,0.05394754093140364,8996e0dc486cce6506c47aa098fa03c8c61fe756e9e2782a0776bcf152b3b455
prefill.layer03.rope_q,99661287,99872747,211460,215040,910336,0.130809957976453,0bbbb1c469d160c9c1dd668cbcf823ab9a170c7bdb13115a8ec8f2c2f2b13f25
prefill.layer03.rope_k_append,99872747,99903864,31117,30720,130048,0.018822874990291893,b45b0f7ffb75ba051b2dfedf53ad60fe413be3def35c5476ae5f5e165f2e5f6c
prefill.layer03.v_append,99903864,99944014,40150,41984,116736,0.02321866701822728,0a05e674d690935aeb8503a22f9a840d5b38de1fd609030fe666fd8147a8dbdf
prefill.layer03.head00.qk,99944014,100057178,113164,135552,508416,0.06506108294706792,4e351ab8dd78f42a9610c6fd0e45adb4a4e32f6d022624f8798f630d7dbf87fb
prefill.layer03.head00.softmax,100057178,100101532,44354,47220,250368,0.027132707997225225,123ed3c30416122dc09685426d03878c9954abaa03f4f95c589c90d48f8499ea
prefill.layer03.head00.pv,100101532,100182909,81377,122688,385280,0.05655491701327264,8e459bd75ea7eae429a35fb4c7a45d91fdd45334cf0fac4748c335d94cdde95d
prefill.layer03.head01.qk,100182909,100293103,110194,135552,508416,0.0651788329705596,e733e2b3f5f82ce3c879523dcff9b44e43222aef97d20f562277be5205d7c949
prefill.layer03.head01.softmax,100293103,100337117,44014,47220,250368,0.027036832994781435,123ed3c30416122dc09685426d03878c9954abaa03f4f95c589c90d48f8499ea
prefill.layer03.head01.pv,100337117,100418053,80936,122688,385280,0.05659720895346254,fe9f6f26a299ec22c1a10c7ca38c2faa9433210df61f8a9439d7bf2e83a3140e
prefill.layer03.head02.qk,100418053,100528919,110866,135552,508416,0.0651593339862302,583bfab9446f632871e80c6f6957e945db2e0bc035b4cc3f9cc1af222fdc78d2
prefill.layer03.head02.softmax,100528919,100572681,43762,47220,250368,0.027120875078253448,123ed3c30416122dc09685426d03878c9954abaa03f4f95c589c90d48f8499ea
prefill.layer03.head02.pv,100572681,100653497,80816,122688,385280,0.05645045801065862,5ecba1878a136ef83fd8f37f083baeabaa3d868cb509637b05696b505624f0cc
prefill.layer03.head03.qk,100653497,100765732,112235,135552,508416,0.06532924994826317,82091c277bf0e446ceb0ae245fa903b46e3a6a35fd5fba252bf8fce0e377b176
prefill.layer03.head03.softmax,100765732,100809286,43554,47220,250368,0.027195542003028095,123ed3c30416122dc09685426d03878c9954abaa03f4f95c589c90d48f8499ea
prefill.layer03.head03.pv,100809286,100889768,80482,122688,385280,0.057649041060358286,9078c4d0e339ad5835f6cbb29f3eb58a8cfa85889067761c529b38cf510158db
prefill.layer03.head04.qk,100889768,101000993,111225,135552,508416,0.06601399998180568,c6c16b51422c73beeb37dc5e68ba55e13042f27d0b6f16d4626e98c7bd2e5498
prefill.layer03.head04.softmax,101000993,101044127,43134,47220,250368,0.027088999981060624,123ed3c30416122dc09685426d03878c9954abaa03f4f95c589c90d48f8499ea
prefill.layer03.head04.pv,101044127,101125256,81129,122688,385280,0.056887750048190355,afae4427ed57836b43b55aa6ad6b81706aff28d8be135d9d2416e7a17ab3695f
prefill.layer03.head05.qk,101125256,101237817,112561,135552,508416,0.06537579197902232,622bb2a744abb58fdb72d17f572b09b4548cb7a0bbbf9d3e1ac2b2dc96b2f9cc
prefill.layer03.head05.softmax,101237817,101282126,44309,47220,250368,0.027156000025570393,123ed3c30416122dc09685426d03878c9954abaa03f4f95c589c90d48f8499ea
prefill.layer03.head05.pv,101282126,101363318,81192,122688,385280,0.05702845903579146,76ec6a658a4a605a7c9a6b993697f15605a4907a36fed24e35d5ca4620056433
prefill.layer03.head06.qk,101363318,101474593,111275,135552,508416,0.06662941700778902,292601df5c00db66a3fada01905c2ac7109c1271f95620648e036eb634034f4c
prefill.layer03.head06.softmax,101474593,101517636,43043,47220,250368,0.027115083066746593,123ed3c30416122dc09685426d03878c9954abaa03f4f95c589c90d48f8499ea
prefill.layer03.head06.pv,101517636,101598086,80450,122688,385280,0.05694166698958725,c718c77b5362c18bfebc76998e60427ab9cbcfdfe67b6706c159129754b5cf01
prefill.layer03.head07.qk,101598086,101710027,111941,135552,508416,0.0655667909886688,94bc6de8d09186bccce054ee155b3a15a2cabde3ee34649f9d67770306e673f1
prefill.layer03.head07.softmax,101710027,101754186,44159,47220,250368,0.02726133295800537,123ed3c30416122dc09685426d03878c9954abaa03f4f95c589c90d48f8499ea
prefill.layer03.head07.pv,101754186,101834829,80643,122688,385280,0.05731479194946587,3f79d37572514034cf53f41c4c2d2c530e1ea8de9561d3ae4b71d320832f2917
prefill.layer03.head08.qk,101834829,101945374,110545,135552,508416,0.06575412501115352,f1f6f2afc61175e2061e991ad7d07bc057a9f52d7c338da834847ff6092d6931
prefill.layer03.head08.softmax,101945374,101989639,44265,47220,250368,0.0275840419344604,123ed3c30416122dc09685426d03878c9954abaa03f4f95c589c90d48f8499ea
prefill.layer03.head08.pv,101989639,102070219,80580,122688,385280,0.05684883298818022,0f3364cb65a38dea50c3ff47bb369e9ac8524849ceceadfa4a5b4730866579a3
prefill.layer03.head09.qk,102070219,102181383,111164,135552,508416,0.06579600006807595,ca36500fdb8535cbc791ae23d23a5c1641f85333ff80da54ce91625e0e5764d7
prefill.layer03.head09.softmax,102181383,102225294,43911,47220,250368,0.02728108293376863,123ed3c30416122dc09685426d03878c9954abaa03f4f95c589c90d48f8499ea
prefill.layer03.head09.pv,102225294,102306276,80982,122688,385280,0.05661512503866106,fedd793b3b62ff901cff2afe18973bfc02f10d3bd202315d6ee0db3ca5b02938
prefill.layer03.head10.qk,102306276,102417138,110862,135552,508416,0.06526299996767193,cbcc29281083a4d2cadb8c13953487402250a217945e6ecc4d942351c6eb34ef
prefill.layer03.head10.softmax,102417138,102461153,44015,47220,250368,0.02715720795094967,123ed3c30416122dc09685426d03878c9954abaa03f4f95c589c90d48f8499ea
prefill.layer03.head10.pv,102461153,102541894,80741,122688,385280,0.05641858302988112,3316718b09acfedb67fd8d5c837c7855d299e01eb1a62190cd87a5d6878e2124
prefill.layer03.head11.qk,102541894,102652501,110607,135552,508416,0.06512083299458027,a695e670a676dd5e978212e510f5bed8b6f2f546ce867dd9a7c5ae4faa67b073
prefill.layer03.head11.softmax,102652501,102695873,43372,47220,250368,0.02695908409077674,123ed3c30416122dc09685426d03878c9954abaa03f4f95c589c90d48f8499ea
prefill.layer03.head11.pv,102695873,102776486,80613,122688,385280,0.05672437499742955,6b04798867058e96f3d79fe990397d6b13373a8a8d96d31166f518875169b4db
prefill.layer03.head12.qk,102776486,102887432,110946,135552,508416,0.06539424997754395,539c7c93e59f1eebde08f9fd92befede365d6e1dda902f4786535ea1fd96b22a
prefill.layer03.head12.softmax,102887432,102930956,43524,47220,250368,0.027158208074979484,123ed3c30416122dc09685426d03878c9954abaa03f4f95c589c90d48f8499ea
prefill.layer03.head12.pv,102930956,103011860,80904,122688,385280,0.05703304207418114,e2079916f040441ed40d7fd39cd70c46f8f683f558fdf38032005ae123cd2260
prefill.layer03.head13.qk,103011860,103123379,111519,135552,508416,0.06535224989056587,53e16c81dd63e4b29a62d565660987617913f82c496251ac3b2951503ce9f758
prefill.layer03.head13.softmax,103123379,103167468,44089,47220,250368,0.02714825002476573,123ed3c30416122dc09685426d03878c9954abaa03f4f95c589c90d48f8499ea
prefill.layer03.head13.pv,103167468,103247473,80005,122688,385280,0.05615820805542171,084434875a24694c02eb32a445d2e436efe849b263c0ad1a5c25112371921104
prefill.layer03.join_heads,103247473,103480620,233147,258048,731136,0.13771808298770338,8e07c32da68a60a9e318f195cfebeab7c9436ae2136c0954f5a39c80c46e1644
prefill.layer03.o.pack_activation,103480620,103550234,69614,111552,487424,0.054003499913960695,58c4612de1034e18041a8b740ffe571191e366f5d1cba59c61ddf6d13fb5dbd0
prefill.layer03.o,103550234,105148897,1598663,510272,14931616,0.41626662493217736,8ec5ba49493259b1d2f74659d3d14646a2468d2b66520b79cfce2be2b5cf9049
prefill.layer03.attention_residual,105148897,105318018,169121,111104,802816,0.0720437919953838,38b111e307f7ed2390c7fc7d9df618e2a76f6652f5f25a6e0aa4ecd6d1df2c4c
prefill.layer03.norm2,105318018,105455183,137165,130560,965632,0.07769054197706282,ed6667e3bcd5a0c60ad5fa6dec3db28112f64f12a3faf0b7597d7155134ae14a
prefill.layer03.gate.pack_activation,105455183,105524797,69614,111552,487424,0.05383574997540563,2e99434b1fc204064c2c80df0b7bf49fc2c81147274486fc65deaed2a6cd5506
prefill.layer03.gate,105524797,113894804,8370007,2770048,81057344,2.297204416943714,86dfbe6beaa5fdaffdb59dff6c6017a9245bdf2219f9160a172d31f74be27fb1
prefill.layer03.up.pack_activation,113894804,113965242,70438,111552,487424,0.05365033296402544,2e99434b1fc204064c2c80df0b7bf49fc2c81147274486fc65deaed2a6cd5506
prefill.layer03.up,113965242,122389357,8424115,2770048,81057344,2.2986182080348954,4693676483be34459da24f99016a66cf58712f458346ff6c722a57d3fb03b6ca
prefill.layer03.swiglu,122389357,123195067,805710,612864,4358144,0.38635333301499486,e986f4d594d68baf6bbdca23d228d64a627913d38c9d41909fe6fe19136f9393
prefill.layer03.down.pack_activation,123195067,123572275,377208,605568,2646016,0.292774457950145,0ff1ca7ec1de1a670af542665206c016f1df660037d2e3af4e6b4d9d3fe96096
prefill.layer03.down,123572275,129027937,5455662,1635200,57595552,1.4930397920543328,29d8a64f51d5ab4333b20b41edfb71fa7e286475cc0b9beb039ef7e109f0016b
prefill.layer03.ffn_residual,129027937,129198745,170808,111104,802816,0.07204200001433492,38b111e307f7ed2390c7fc7d9df618e2a76f6652f5f25a6e0aa4ecd6d1df2c4c
prefill.layer04.norm1,129198745,129336036,137291,130560,965632,0.07648275000974536,358d74f26ca119cddf78401f3923553a1504fdd5835b4cfcbe63e2da9cc4ed01
prefill.layer04.q.pack_activation,129336036,129405650,69614,111552,487424,0.05361029098276049,2e99434b1fc204064c2c80df0b7bf49fc2c81147274486fc65deaed2a6cd5506
prefill.layer04.q,129405650,131044824,1639174,514304,14946848,0.4209026659373194,d36f6543845e27e51873ff47ba3a245c0e0f64d4a8517e010ec09e5cf8530ae3
prefill.layer04.k.pack_activation,131044824,131114672,69848,111552,487424,0.053808624972589314,2e99434b1fc204064c2c80df0b7bf49fc2c81147274486fc65deaed2a6cd5506
prefill.layer04.k,131114672,131321108,206436,73472,2135264,0.053487249999307096,b75b560166ecce195e9c3aae3eb3bceb27c459c34885e31b9a478a5fbbfa5476
prefill.layer04.v.pack_activation,131321108,131390591,69483,111552,487424,0.05384204105939716,2e99434b1fc204064c2c80df0b7bf49fc2c81147274486fc65deaed2a6cd5506
prefill.layer04.v,131390591,131597027,206436,73472,2135264,0.05344766704365611,a8a4ca32d26f6564cb715aaa058789c4493c32ade86a014f613e2e2442e1b042
prefill.layer04.rope_q,131597027,131809820,212793,215040,910336,0.13035345799289644,0bbbb1c469d160c9c1dd668cbcf823ab9a170c7bdb13115a8ec8f2c2f2b13f25
prefill.layer04.rope_k_append,131809820,131840937,31117,30720,130048,0.01863683306146413,bd14d2d953f97801199a758f467ace2dd429ebb751bd8b61a82c7fc475aaf511
prefill.layer04.v_append,131840937,131881087,40150,41984,116736,0.02321625000331551,ed50619d3ad52721653c70ed1fa405fa63ecc2226522099f6cc07232f07b5db8
prefill.layer04.head00.qk,131881087,131993766,112679,135552,508416,0.06507733301259577,f86df86301dad51204baf14be623ea686b540d7a228160bbdfe9ebe46be95d27
prefill.layer04.head00.softmax,131993766,132038212,44446,47220,250368,0.02712637500371784,123ed3c30416122dc09685426d03878c9954abaa03f4f95c589c90d48f8499ea
prefill.layer04.head00.pv,132038212,132118861,80649,122688,385280,0.0572336659533903,bfdc653fa7af900eca475b1ab813f67df56346e33dffcb6bc835ff3773ff2de8
prefill.layer04.head01.qk,132118861,132229309,110448,135552,508416,0.06577125005424023,5749b341b57f1f75c3c63a231345c304a6067151ef784befae5dd75297f2bfc5
prefill.layer04.head01.softmax,132229309,132273989,44680,47220,250368,0.027188666979782283,123ed3c30416122dc09685426d03878c9954abaa03f4f95c589c90d48f8499ea
prefill.layer04.head01.pv,132273989,132354700,80711,122688,385280,0.05647791607771069,db57597c2e238f81b6fec4910917879423720c2d6212f46a21af6739a144bf47
prefill.layer04.head02.qk,132354700,132464651,109951,135552,508416,0.06583783309906721,a604d6ed12c79a74f67881676a2742654117170f8327720dff996188b83c8542
prefill.layer04.head02.softmax,132464651,132508350,43699,47220,250368,0.02699437492992729,123ed3c30416122dc09685426d03878c9954abaa03f4f95c589c90d48f8499ea
prefill.layer04.head02.pv,132508350,132589722,81372,122688,385280,0.05678920808713883,4eb3345aa1241bea0adad6801e4e3c8ff6c234d7e0cf0e4efe7c2aef302d1f3f
prefill.layer04.head03.qk,132589722,132701712,111990,135552,508416,0.06542308302596211,86404013e102965926a5938cc6f2a8b6d5766180b8352eca34c5cc63224d5a4e
prefill.layer04.head03.softmax,132701712,132745293,43581,47220,250368,0.027221917058341205,123ed3c30416122dc09685426d03878c9954abaa03f4f95c589c90d48f8499ea
prefill.layer04.head03.pv,132745293,132826091,80798,122688,385280,0.056525500025600195,4eaefa90f386b9f092573f970fe0b23d76c0efc18622f0ec6a9a5277924e6991
prefill.layer04.head04.qk,132826091,132937050,110959,135552,508416,0.06566341605503112,bed30265a516cf241760812c92ee0297bf6a5a2450828c6560b3d796b9375692
prefill.layer04.head04.softmax,132937050,132980694,43644,47220,250368,0.02723366697318852,123ed3c30416122dc09685426d03878c9954abaa03f4f95c589c90d48f8499ea
prefill.layer04.head04.pv,132980694,133062412,81718,122688,385280,0.056999458000063896,0703ff7dc95fe9d46d01fb4a16cc97d2f9338eaf66b2557c95570ef0c562504f
prefill.layer04.head05.qk,133062412,133174410,111998,135552,508416,0.06548983394168317,a84032970851de1005a3866d987fe1a1930e68208ad6d0193323a608fe2ea71d
prefill.layer04.head05.softmax,133174410,133218325,43915,47220,250368,0.027217458002269268,123ed3c30416122dc09685426d03878c9954abaa03f4f95c589c90d48f8499ea
prefill.layer04.head05.pv,133218325,133298956,80631,122688,385280,0.056885291007347405,121ff10051c68ef27f3e61d9f9ec103e97da3f2031227218a85a38285016ac5c
prefill.layer04.head06.qk,133298956,133408950,109994,135552,508416,0.06525550002697855,62382aa42e68d3f489256a74c1040f6595dd67524b2dc4ff4db154d543a3d54e
prefill.layer04.head06.softmax,133408950,133452354,43404,47220,250368,0.027047500014305115,123ed3c30416122dc09685426d03878c9954abaa03f4f95c589c90d48f8499ea
prefill.layer04.head06.pv,133452354,133532970,80616,122688,385280,0.05674166593234986,0d57ddcd8434ce6b5c1b16459203411f07093f30cc24ede9322547a623a8f9eb
prefill.layer04.head07.qk,133532970,133644120,111150,135552,508416,0.06557912495918572,8842b6660df81561751bf5ce9546508ba2289574dbebaae2d04a3bb5d47269fb
prefill.layer04.head07.softmax,133644120,133688466,44346,47220,250368,0.027095958008430898,123ed3c30416122dc09685426d03878c9954abaa03f4f95c589c90d48f8499ea
prefill.layer04.head07.pv,133688466,133768830,80364,122688,385280,0.05677391600329429,1eb089311117481882dd97deb7ef21b9716e01956078b26ec16ce204511f2f99
prefill.layer04.head08.qk,133768830,133880039,111209,135552,508416,0.06584404106251895,048c8c98c7c2748e7654a0b6dfaee6f692e7fd10482d5fde388d38be6ee25ed5
prefill.layer04.head08.softmax,133880039,133924161,44122,47220,250368,0.027107708039693534,123ed3c30416122dc09685426d03878c9954abaa03f4f95c589c90d48f8499ea
prefill.layer04.head08.pv,133924161,134004283,80122,122688,385280,0.05654924991540611,0cd0a32b2d8727d4d9bcc80571a067ff86a9e2cd00ac284918a6b1dd1c27fc3a
prefill.layer04.head09.qk,134004283,134115618,111335,135552,508416,0.06563929200638086,f178a9410a5586a88d467d2a6af7aa1cead7205f98fa076c3666749c4e12a0e5
prefill.layer04.head09.softmax,134115618,134159066,43448,47220,250368,0.027039082953706384,123ed3c30416122dc09685426d03878c9954abaa03f4f95c589c90d48f8499ea
prefill.layer04.head09.pv,134159066,134239681,80615,122688,385280,0.05658649990800768,a3fcbd3c94ec02c3bed09c52684713b7a00b87a2701f6ca6301aa98b25c80d83
prefill.layer04.head10.qk,134239681,134349256,109575,135552,508416,0.06549466704018414,9fef5a9aba7ff5e6216f67b3171ab1b0b7b5ae2437598d9eedffb8a54b39844b
prefill.layer04.head10.softmax,134349256,134393116,43860,47220,250368,0.027037833002395928,123ed3c30416122dc09685426d03878c9954abaa03f4f95c589c90d48f8499ea
prefill.layer04.head10.pv,134393116,134473928,80812,122688,385280,0.056754207937046885,d3047da01c4a1a96c4c9d3fc6e3d525d751fddb510b1ec48c313cc087a4333d3
prefill.layer04.head11.qk,134473928,134585403,111475,135552,508416,0.0654988749884069,75ff0a22c6467909db1eeace4576c49232df5e60512bdc2d920e5c4adc1a10e5
prefill.layer04.head11.softmax,134585403,134629438,44035,47220,250368,0.026900958037003875,123ed3c30416122dc09685426d03878c9954abaa03f4f95c589c90d48f8499ea
prefill.layer04.head11.pv,134629438,134709758,80320,122688,385280,0.056794125004671514,adb4d71ca9009b2e0c43db40dd012a6e6d2064673efcc5a39af95806833737ec
prefill.layer04.head12.qk,134709758,134821003,111245,135552,508416,0.06573775003198534,baac1ac581ebee3a69bec5e4a3593955da0164f61009df1f999fd3d7a87e69a2
prefill.layer04.head12.softmax,134821003,134865077,44074,47220,250368,0.02724933298304677,123ed3c30416122dc09685426d03878c9954abaa03f4f95c589c90d48f8499ea
prefill.layer04.head12.pv,134865077,134945854,80777,122688,385280,0.0567132500000298,de957585baf6651279c7a8e6b1f01ce889da3c3034aa85e161153d608dce005c
prefill.layer04.head13.qk,134945854,135057744,111890,135552,508416,0.06514516600873321,b6f0b301c4135ae148cfa25c60eb75f9dfe26d9dea8bd5f1418bef086c14f353
prefill.layer04.head13.softmax,135057744,135101319,43575,47220,250368,0.027108624926768243,123ed3c30416122dc09685426d03878c9954abaa03f4f95c589c90d48f8499ea
prefill.layer04.head13.pv,135101319,135182429,81110,122688,385280,0.05686312494799495,29bedf53a5760da20000220690f0aa038c2270fe0c49b314bd5cf10ed6040f7a
prefill.layer04.join_heads,135182429,135417114,234685,258048,731136,0.13832695910241455,8e07c32da68a60a9e318f195cfebeab7c9436ae2136c0954f5a39c80c46e1644
prefill.layer04.o.pack_activation,135417114,135486728,69614,111552,487424,0.053637375007383525,58c4612de1034e18041a8b740ffe571191e366f5d1cba59c61ddf6d13fb5dbd0
prefill.layer04.o,135486728,137124781,1638053,510272,14931616,0.42019591701682657,bd272400d12a2f346b06397aa1c15777f6eb1dc79213451aadcb67231ba01448
prefill.layer04.attention_residual,137124781,137298007,173226,111104,802816,0.07272733305580914,38b111e307f7ed2390c7fc7d9df618e2a76f6652f5f25a6e0aa4ecd6d1df2c4c
prefill.layer04.norm2,137298007,137434714,136707,130560,965632,0.07727087498642504,198b9d5c696a9418c83d96dea424ddd0ff0badbab2ff8e83a1591bc6bdb3c96b
prefill.layer04.gate.pack_activation,137434714,137504328,69614,111552,487424,0.05378254200331867,2e99434b1fc204064c2c80df0b7bf49fc2c81147274486fc65deaed2a6cd5506
prefill.layer04.gate,137504328,145948711,8444383,2770048,81057344,2.2914174580946565,0dc415aa53b3955871cc01e1a6edbb37e38eae2be0dab448d115847d7636cf87
prefill.layer04.up.pack_activation,145948711,146018648,69937,111552,487424,0.053615542012266815,2e99434b1fc204064c2c80df0b7bf49fc2c81147274486fc65deaed2a6cd5506
prefill.layer04.up,146018648,154413446,8394798,2770048,81057344,2.287883457960561,e4ae1258840761294b757a250cc38211fc1d1d1bcbf7237113141216c4453742
prefill.layer04.swiglu,154413446,155209940,796494,612864,4358144,0.38448154204525054,e986f4d594d68baf6bbdca23d228d64a627913d38c9d41909fe6fe19136f9393
prefill.layer04.down.pack_activation,155209940,155587041,377101,605568,2646016,0.29183750005904585,0ff1ca7ec1de1a670af542665206c016f1df660037d2e3af4e6b4d9d3fe96096
prefill.layer04.down,155587041,161094670,5507629,1635200,57595552,1.4880029170308262,71ee0d13a0778ad1609a9628c1670c9e2960febdc257f46a9a2d98ccc5413d96
prefill.layer04.ffn_residual,161094670,161268538,173868,111104,802816,0.07269304094370455,38b111e307f7ed2390c7fc7d9df618e2a76f6652f5f25a6e0aa4ecd6d1df2c4c
prefill.layer05.norm1,161268538,161404231,135693,130560,965632,0.07835891703143716,d3f0927f96c9409053564d1961651f93b831b2f9d3fdb8228739a18847d2d2dc
prefill.layer05.q.pack_activation,161404231,161473845,69614,111552,487424,0.05379387503489852,2e99434b1fc204064c2c80df0b7bf49fc2c81147274486fc65deaed2a6cd5506
prefill.layer05.q,161473845,163121015,1647170,514304,14946848,0.4240239999489859,d7e0449aeb1b0662b06242ec8ba718782c509acb55ec9e6e9986e9dd9f1a3dea
prefill.layer05.k.pack_activation,163121015,163190913,69898,111552,487424,0.05382345896214247,2e99434b1fc204064c2c80df0b7bf49fc2c81147274486fc65deaed2a6cd5506
prefill.layer05.k,163190913,163398084,207171,73472,2135264,0.05343675008043647,5fce74b8b0b315879d69eeb66bbb99335b8c529529aa0e2a8efde02259b9bbc1
prefill.layer05.v.pack_activation,163398084,163467177,69093,111552,487424,0.05389095901045948,2e99434b1fc204064c2c80df0b7bf49fc2c81147274486fc65deaed2a6cd5506
prefill.layer05.v,163467177,163674826,207649,73472,2135264,0.053147500031627715,54cffbfda8d2567d139c9f1bdc293ff9f418aa148b259b7396ce822188b2a9ac
prefill.layer05.rope_q,163674826,163887818,212992,215040,910336,0.12976470799185336,0bbbb1c469d160c9c1dd668cbcf823ab9a170c7bdb13115a8ec8f2c2f2b13f25
prefill.layer05.rope_k_append,163887818,163919249,31431,30720,130048,0.01862724998500198,0e4681fec1babdcb04f25be6497fd6112e60e99368b0f43d613cf69fdeab126d
prefill.layer05.v_append,163919249,163959398,40149,41984,116736,0.023137666983529925,c7f0586248175dc3793d889575e7847885d64fbdc11fdd753bb18b340247c908
prefill.layer05.head00.qk,163959398,164072388,112990,135552,508416,0.0651426250115037,fc13a22af05691182c27c4353c0751b9503ea9c95578f047a1b5ad07f1d60c96
prefill.layer05.head00.softmax,164072388,164116806,44418,47220,250368,0.02738208300434053,123ed3c30416122dc09685426d03878c9954abaa03f4f95c589c90d48f8499ea
prefill.layer05.head00.pv,164116806,164197151,80345,122688,385280,0.05685779103077948,1c808c844ddb91131e20410c16c3dca40503bc15fc5e4839670718a72424472f
prefill.layer05.head01.qk,164197151,164309189,112038,135552,508416,0.06580362492240965,82b52ee9accc402890bbdc08cf481bb164c3dea0fb508b44cbe60e3c11ccb4d9
prefill.layer05.head01.softmax,164309189,164353234,44045,47220,250368,0.027379084029234946,123ed3c30416122dc09685426d03878c9954abaa03f4f95c589c90d48f8499ea
prefill.layer05.head01.pv,164353234,164433979,80745,122688,385280,0.05767416697926819,2599660e3d574ddfdb47beb3897c5dfcb83017d10b5f8352ae44c675f5ffc7bb
prefill.layer05.head02.qk,164433979,164543028,109049,135552,508416,0.06583541701547801,40989ead4ed46d482689f80826ea988b549e32d973b12cef1cc1104bb7e18842
prefill.layer05.head02.softmax,164543028,164586737,43709,47220,250368,0.02701320906635374,123ed3c30416122dc09685426d03878c9954abaa03f4f95c589c90d48f8499ea
prefill.layer05.head02.pv,164586737,164666920,80183,122688,385280,0.05641958292108029,d0cbd66e415cd9fc5b0d93702fa33ca925993068687a810788dac4518e0e1410
prefill.layer05.head03.qk,164666920,164778447,111527,135552,508416,0.06553237489424646,4e4e7b253447f16fd4d6bf81cacf5f806daa51515f4b55655332f5c839ddb480
prefill.layer05.head03.softmax,164778447,164822919,44472,47220,250368,0.02726133295800537,123ed3c30416122dc09685426d03878c9954abaa03f4f95c589c90d48f8499ea
prefill.layer05.head03.pv,164822919,164904217,81298,122688,385280,0.05650316702667624,a659ed81c8fe0184c7c65995867e8ae32d1baeb0a4840fb3e020a322bc3e8bd3
prefill.layer05.head04.qk,164904217,165014892,110675,135552,508416,0.06554900004994124,b02fe81e28bc0a46106784d2d56104ba99d3db062089c1b74c610591475aa032
prefill.layer05.head04.softmax,165014892,165058086,43194,47220,250368,0.027010208927094936,123ed3c30416122dc09685426d03878c9954abaa03f4f95c589c90d48f8499ea
prefill.layer05.head04.pv,165058086,165138713,80627,122688,385280,0.05646779201924801,47c585172ceb744e7e368c9ee26b9a69c4eb80516f136891ec072e56ed28c1f8
prefill.layer05.head05.qk,165138713,165251228,112515,135552,508416,0.06533741601742804,f2bb45e17b6f63bd46c161a3f61394c7601d6513a747f32e6542419cbb426c5f
prefill.layer05.head05.softmax,165251228,165294547,43319,47220,250368,0.027129249996505678,123ed3c30416122dc09685426d03878c9954abaa03f4f95c589c90d48f8499ea
prefill.layer05.head05.pv,165294547,165375596,81049,122688,385280,0.056523207924328744,cebae0a52cea440838b842221f29be092512a31ddf22404f375f6aa2f44d1cd9
prefill.layer05.head06.qk,165375596,165486664,111068,135552,508416,0.06562045903410763,cbf569229a8404d2c9506973121327c494d2ed2b21f784db5a7a9553f881fe26
prefill.layer05.head06.softmax,165486664,165529843,43179,47220,250368,0.026956750079989433,123ed3c30416122dc09685426d03878c9954abaa03f4f95c589c90d48f8499ea
prefill.layer05.head06.pv,165529843,165611051,81208,122688,385280,0.056622999953106046,5563af4642b52c8f5e05d2d15874cf550388e339a9c9f245c567914401ac00bc
prefill.layer05.head07.qk,165611051,165723825,112774,135552,508416,0.06514820794109255,9564cfda28ac6fdba590b963b2b1272f9f8fa459f3a434cb736f22594efa3c6c
prefill.layer05.head07.softmax,165723825,165768305,44480,47220,250368,0.027121459017507732,123ed3c30416122dc09685426d03878c9954abaa03f4f95c589c90d48f8499ea
prefill.layer05.head07.pv,165768305,165849107,80802,122688,385280,0.056589834042824805,0e82eaf10789f5af244478dbd5a89aa7ed57dd48bb2b65c4a86831c2f8516874
prefill.layer05.head08.qk,165849107,165961127,112020,135552,508416,0.06586420792154968,d83c580a714f6d23c44e3060b9324177d36b47b58a00b2074ba5da9728bc580d
prefill.layer05.head08.softmax,165961127,166005953,44826,47220,250368,0.02722370799165219,123ed3c30416122dc09685426d03878c9954abaa03f4f95c589c90d48f8499ea
prefill.layer05.head08.pv,166005953,166086750,80797,122688,385280,0.05711445794440806,fa1f20037ec0d0a709447f19ce93f69d59c8d4bf55c47129fdfd26c107f14cb8
prefill.layer05.head09.qk,166086750,166197495,110745,135552,508416,0.06546091695781797,8766a3d9a1be163087cab26a7d37615f1897bf43d5eb4d6dc29661c1bd150417
prefill.layer05.head09.softmax,166197495,166240723,43228,47220,250368,0.027023499947972596,123ed3c30416122dc09685426d03878c9954abaa03f4f95c589c90d48f8499ea
prefill.layer05.head09.pv,166240723,166322275,81552,122688,385280,0.056805333006195724,f947358bbae479321824b75ebbb2d740d8b83d19c1ca36f93908db771e3813ee
prefill.layer05.head10.qk,166322275,166433540,111265,135552,508416,0.0653722909046337,b5b9b42ae44a092edad7ba9620d5e86308970b2f3416f41341ba2dd847d9e137
prefill.layer05.head10.softmax,166433540,166477732,44192,47220,250368,0.02721120894420892,123ed3c30416122dc09685426d03878c9954abaa03f4f95c589c90d48f8499ea
prefill.layer05.head10.pv,166477732,166558407,80675,122688,385280,0.05677462508901954,de7cc2bde2dabf4ccbec65fea55ee1fe33132cd3278308ba5c8c20ad723a0e0a
prefill.layer05.head11.qk,166558407,166669800,111393,135552,508416,0.06558016699273139,a3e68efa658c480a25f3f19403b8fa4c26aab6fbb79ad290d5d0651c7c445c17
prefill.layer05.head11.softmax,166669800,166713432,43632,47220,250368,0.02688120794482529,123ed3c30416122dc09685426d03878c9954abaa03f4f95c589c90d48f8499ea
prefill.layer05.head11.pv,166713432,166793735,80303,122688,385280,0.056631999905221164,07495a6346d36e7527db5d1bf160941f26190a6386997838089615d41f3775ab
prefill.layer05.head12.qk,166793735,166904739,111004,135552,508416,0.06542358396109194,767d8aab237ddbddc950ba69637cb1acecd89c2b187bc1b9bd436d42c15120f6
prefill.layer05.head12.softmax,166904739,166948576,43837,47220,250368,0.0270733330398798,123ed3c30416122dc09685426d03878c9954abaa03f4f95c589c90d48f8499ea
prefill.layer05.head12.pv,166948576,167030121,81545,122688,385280,0.05635266692843288,40468a5ba44ef9072fbec7258f40cbd185f0e86b57844b76e3fd4f79d5c2d65e
prefill.layer05.head13.qk,167030121,167142321,112200,135552,508416,0.06536887504626065,9e81842d57f3b099fd6345c46a4ed936c06eaf3b89bf07e5db4df14c77ce0366
prefill.layer05.head13.softmax,167142321,167185342,43021,47220,250368,0.026870375033468008,123ed3c30416122dc09685426d03878c9954abaa03f4f95c589c90d48f8499ea
prefill.layer05.head13.pv,167185342,167265942,80600,122688,385280,0.05653791700024158,5493b210b5bd518529f0eefea024e79a621aa547f016bf215665d459ca3411a1
prefill.layer05.join_heads,167265942,167499895,233953,258048,731136,0.1378359169466421,8e07c32da68a60a9e318f195cfebeab7c9436ae2136c0954f5a39c80c46e1644
prefill.layer05.o.pack_activation,167499895,167569509,69614,111552,487424,0.05383233306929469,58c4612de1034e18041a8b740ffe571191e366f5d1cba59c61ddf6d13fb5dbd0
prefill.layer05.o,167569509,169161759,1592250,510272,14931616,0.41659120901022106,e3c35ffd2109f79b32e2f06902c96bdedd93ab45deb4165993217f025c0ce50d
prefill.layer05.attention_residual,169161759,169333543,171784,111104,802816,0.07257145794574171,38b111e307f7ed2390c7fc7d9df618e2a76f6652f5f25a6e0aa4ecd6d1df2c4c
prefill.layer05.norm2,169333543,169470212,136669,130560,965632,0.07810866693034768,e0fd1abf77c5b8e35b30b8787768db67a82ca6001ece97a50f3b2abdef44002e
prefill.layer05.gate.pack_activation,169470212,169540534,70322,111552,487424,0.05404370790347457,2e99434b1fc204064c2c80df0b7bf49fc2c81147274486fc65deaed2a6cd5506
prefill.layer05.gate,169540534,177962503,8421969,2770048,81057344,2.292429041932337,4837f002aa1c75cc9ea4f5e8b20e3d4b2475c3b4cfd7cb0f9375cc3ab0d59a97
prefill.layer05.up.pack_activation,177962503,178032615,70112,111552,487424,0.054015582893043756,2e99434b1fc204064c2c80df0b7bf49fc2c81147274486fc65deaed2a6cd5506
prefill.layer05.up,178032615,186460379,8427764,2770048,81057344,2.3012528750114143,dbac1789d201a98d7ffed98c3ffdf9a00c0b20b59b8ac4f7be7372c10165c045
prefill.layer05.swiglu,186460379,187259821,799442,612864,4358144,0.38592170900665224,e986f4d594d68baf6bbdca23d228d64a627913d38c9d41909fe6fe19136f9393
prefill.layer05.down.pack_activation,187259821,187637526,377705,605568,2646016,0.3003635420463979,0ff1ca7ec1de1a670af542665206c016f1df660037d2e3af4e6b4d9d3fe96096
prefill.layer05.down,187637526,192881478,5243952,1635200,57595552,1.458815083024092,be294fdf97112b0eaf17839d6fe6a7b94329ee92bb647623e05500654af55667
prefill.layer05.ffn_residual,192881478,193051089,169611,111104,802816,0.07237708300817758,38b111e307f7ed2390c7fc7d9df618e2a76f6652f5f25a6e0aa4ecd6d1df2c4c
prefill.layer06.norm1,193051089,193188088,136999,130560,965632,0.07734683295711875,e64f97d58d7e6047e81a16ced803e0e2e5f0ac66ecf7b50ef1fa963f3cdd6388
prefill.layer06.q.pack_activation,193188088,193257702,69614,111552,487424,0.05374800006393343,2e99434b1fc204064c2c80df0b7bf49fc2c81147274486fc65deaed2a6cd5506
prefill.layer06.q,193257702,194881436,1623734,514304,14946848,0.4194343329872936,924fe63b7a7f6ba51cc725d61b0ff560590663c9efb44012d7322d4746b34152
prefill.layer06.k.pack_activation,194881436,194950746,69310,111552,487424,0.05371250002644956,2e99434b1fc204064c2c80df0b7bf49fc2c81147274486fc65deaed2a6cd5506
prefill.layer06.k,194950746,195158502,207756,73472,2135264,0.053207875113002956,761ac69e3489b3712031a2e3a5f1cee58268e043e724e36293b1bc126e715e8b
prefill.layer06.v.pack_activation,195158502,195228536,70034,111552,487424,0.05357841704972088,2e99434b1fc204064c2c80df0b7bf49fc2c81147274486fc65deaed2a6cd5506
prefill.layer06.v,195228536,195434709,206173,73472,2135264,0.053108207997865975,6ceba69b097bd3d37308d7bb374a624b02f084ab19cc9c33229476467742ff91
prefill.layer06.rope_q,195434709,195647701,212992,215040,910336,0.12970774993300438,0bbbb1c469d160c9c1dd668cbcf823ab9a170c7bdb13115a8ec8f2c2f2b13f25
prefill.layer06.rope_k_append,195647701,195679132,31431,30720,130048,0.018833582988008857,29c74acb8345a03d02cda29020f6dc7c759fc1509c3cd23d83dd92cdb56543b3
prefill.layer06.v_append,195679132,195719281,40149,41984,116736,0.023292666068300605,512143164c620e5ea020395a6b89c372daefe18f58134ea6947f2815b9059453
prefill.layer06.head00.qk,195719281,195831566,112285,135552,508416,0.0651325830258429,2ba59507e1c58879b880733b78c2d4cf2a330737f2d43888c6d92623f695d39c
prefill.layer06.head00.softmax,195831566,195875986,44420,47220,250368,0.02746079198550433,123ed3c30416122dc09685426d03878c9954abaa03f4f95c589c90d48f8499ea
prefill.layer06.head00.pv,195875986,195956416,80430,122688,385280,0.05620379198808223,8c04b79e80a9ccf48875b6118ca33741a0805e13ffe355d0676c7909feea4cde
prefill.layer06.head01.qk,195956416,196066899,110483,135552,508416,0.06575095793232322,78a2c9326da57c09423d0ea09ea08d8d1cd8713296520a539872c5f886c98e66
prefill.layer06.head01.softmax,196066899,196110317,43418,47220,250368,0.02749537501949817,123ed3c30416122dc09685426d03878c9954abaa03f4f95c589c90d48f8499ea
prefill.layer06.head01.pv,196110317,196191115,80798,122688,385280,0.057063749991357327,0025a622fa613eb69859a24b1e4db6639cfe0c708162c9bf9eb4fc649b41a9be
prefill.layer06.head02.qk,196191115,196302358,111243,135552,508416,0.0653242499101907,9b1f11909d9c78e00a7e651f45284646de654b0f9b5ac6986ed556f577291518
prefill.layer06.head02.softmax,196302358,196346051,43693,47220,250368,0.02700545801781118,123ed3c30416122dc09685426d03878c9954abaa03f4f95c589c90d48f8499ea
prefill.layer06.head02.pv,196346051,196426327,80276,122688,385280,0.056369374971836805,de036c86288ec292c3e6f71d8464a8c9acf2896401186318192162bb254fa7d8
prefill.layer06.head03.qk,196426327,196538137,111810,135552,508416,0.0656406250782311,ab0e93b8897e803e8fc7f892af819aef9fa65ee87c183e5bf921e2e2ccb4154a
prefill.layer06.head03.softmax,196538137,196582173,44036,47220,250368,0.02713766705710441,123ed3c30416122dc09685426d03878c9954abaa03f4f95c589c90d48f8499ea
prefill.layer06.head03.pv,196582173,196663546,81373,122688,385280,0.05628062493633479,a9f9f30f5a6ef0bd7e6a6b26770b1318e5e289c104011aaf6284b516c1e77ba1
prefill.layer06.head04.qk,196663546,196773848,110302,135552,508416,0.06516020896378905,229658c792497da6aee5eff425b5ab9fd708878769bbc9c3cf0c6b0bcc387a4b
prefill.layer06.head04.softmax,196773848,196817198,43350,47220,250368,0.027103249914944172,123ed3c30416122dc09685426d03878c9954abaa03f4f95c589c90d48f8499ea
prefill.layer06.head04.pv,196817198,196897098,79900,122688,385280,0.056222790968604386,a19f593d4f139004e70a11e2e900d90e258366204c729635af8743a0d3608a3b
prefill.layer06.head05.qk,196897098,197009096,111998,135552,508416,0.0656191660091281,853b6791ae301cd48e17541acc6f52c04e4e2d92dbc36ddb2ede0274cb44fe87
prefill.layer06.head05.softmax,197009096,197053427,44331,47220,250368,0.027110832976177335,123ed3c30416122dc09685426d03878c9954abaa03f4f95c589c90d48f8499ea
prefill.layer06.head05.pv,197053427,197133707,80280,122688,385280,0.05663975002244115,916e192b69cd4be16e864961b21e67607618d6291bb921402da1c696a0afa43f
prefill.layer06.head06.qk,197133707,197245457,111750,135552,508416,0.0652919999556616,ebd9503572a4347566e3e9a134a5a8e40476b7ecc98df12a930be95ecdab103b
prefill.layer06.head06.softmax,197245457,197288714,43257,47220,250368,0.026879083015955985,123ed3c30416122dc09685426d03878c9954abaa03f4f95c589c90d48f8499ea
prefill.layer06.head06.pv,197288714,197370124,81410,122688,385280,0.05662412499077618,ce48737e5ddf37184342c74b525615423791d1f289404a560d5553dbce1d8208
prefill.layer06.head07.qk,197370124,197482847,112723,135552,508416,0.06530266697518528,dc02a3c0f912fea9285435ac8882b97aae17b1e39cfba44945e462333136204a
prefill.layer06.head07.softmax,197482847,197526943,44096,47220,250368,0.02704175002872944,123ed3c30416122dc09685426d03878c9954abaa03f4f95c589c90d48f8499ea
prefill.layer06.head07.pv,197526943,197607813,80870,122688,385280,0.0562632919754833,e190e4fbc6f2aa6dd29c25fef3e7d0c4f30ff6a442d71c8b41fe6afe1720c7fb
prefill.layer06.head08.qk,197607813,197720016,112203,135552,508416,0.06521141598932445,c1773f4333daaec5aa855f5c3668f1fa5a40d1fee80ab4f0a582b2bb32395721
prefill.layer06.head08.softmax,197720016,197764368,44352,47220,250368,0.0270947499666363,123ed3c30416122dc09685426d03878c9954abaa03f4f95c589c90d48f8499ea
prefill.layer06.head08.pv,197764368,197845925,81557,122688,385280,0.05662262497935444,1aa7136d665c7d6ed0bf2e114c2d186aa1f3832f7440509f54992942460168de
prefill.layer06.head09.qk,197845925,197956483,110558,135552,508416,0.06547716702334583,369de5cf64e284efae1cec1a7aa2ee952fd404928cb590b008eefb617e0804a1
prefill.layer06.head09.softmax,197956483,197999860,43377,47220,250368,0.026907916995696723,123ed3c30416122dc09685426d03878c9954abaa03f4f95c589c90d48f8499ea
prefill.layer06.head09.pv,197999860,198079956,80096,122688,385280,0.05646191700361669,991091fe355f4166d46218cef99b6714862d5ad6ed5d6144b219372a71fc7a20
prefill.layer06.head10.qk,198079956,198191202,111246,135552,508416,0.06516533298417926,fcf75673702baeceb93022c2c4c23b5bb82dde23c58180ea8fce4155e3ce5a6b
prefill.layer06.head10.softmax,198191202,198235478,44276,47220,250368,0.027067917049862444,123ed3c30416122dc09685426d03878c9954abaa03f4f95c589c90d48f8499ea
prefill.layer06.head10.pv,198235478,198316427,80949,122688,385280,0.05659545795060694,aba4ad2959660469410d02fe528ed11534e17a8617b497cf1fd1a0583c528b29
prefill.layer06.head11.qk,198316427,198427052,110625,135552,508416,0.06536737503483891,fad63877cd162823d4c0d135df022ec4529eac3e733bdde5ac249457fb1426e0
prefill.layer06.head11.softmax,198427052,198470062,43010,47220,250368,0.027022582944482565,123ed3c30416122dc09685426d03878c9954abaa03f4f95c589c90d48f8499ea
prefill.layer06.head11.pv,198470062,198550777,80715,122688,385280,0.06283295806497335,5c78a316f8132fcabd5eb145381c048952c53bd638075c17cc57bf3ccac31f10
prefill.layer06.head12.qk,198550777,198661989,111212,135552,508416,0.06766625004820526,fad454d4600d699303ef3cc9175fab88c6312da314f980d95fe95e2a0090f9a0
prefill.layer06.head12.softmax,198661989,198705714,43725,47220,250368,0.027682040934450924,123ed3c30416122dc09685426d03878c9954abaa03f4f95c589c90d48f8499ea
prefill.layer06.head12.pv,198705714,198786197,80483,122688,385280,0.05996333295479417,c0281b4d7fe186f5202406b427369f7ed445a5497e011207c48741b9380c9f3c
prefill.layer06.head13.qk,198786197,198898964,112767,135552,508416,0.06933420803397894,e28d77a18e9a52c77c37f7b22b08f772afa058a78c9d340721262cf37fdb45d5
prefill.layer06.head13.softmax,198898964,198942823,43859,47220,250368,0.028046583058312535,123ed3c30416122dc09685426d03878c9954abaa03f4f95c589c90d48f8499ea
prefill.layer06.head13.pv,198942823,199024626,81803,122688,385280,0.06090004101861268,fc43ea7375ddd0f0918c49571fa4e145b46c9fcf64d6e23bd4360c09dc47c1b8
prefill.layer06.join_heads,199024626,199258766,234140,258048,731136,0.14338837494142354,8e07c32da68a60a9e318f195cfebeab7c9436ae2136c0954f5a39c80c46e1644
prefill.layer06.o.pack_activation,199258766,199328380,69614,111552,487424,0.056118707987479866,58c4612de1034e18041a8b740ffe571191e366f5d1cba59c61ddf6d13fb5dbd0
prefill.layer06.o,199328380,201133176,1804796,510272,14931616,0.43219358299393207,ec8c33026cd7903d89aec915a06f304b239644998df31ae4fe5e39ed8bcab279
prefill.layer06.attention_residual,201133176,201303984,170808,111104,802816,0.07290133403148502,38b111e307f7ed2390c7fc7d9df618e2a76f6652f5f25a6e0aa4ecd6d1df2c4c
prefill.layer06.norm2,201303984,201441477,137493,130560,965632,0.07747691601980478,0b917785ed9f622143004de23a54a3ba7a05c81302df79538aed7cf3eb55967d
prefill.layer06.gate.pack_activation,201441477,201511091,69614,111552,487424,0.0541292920242995,2e99434b1fc204064c2c80df0b7bf49fc2c81147274486fc65deaed2a6cd5506
prefill.layer06.gate,201511091,210053166,8542075,2770048,81057344,2.325725458096713,27d8a3804e6338728b979f76795a3e92451b0e41d8c5bcc5f7eb27f3459bcaba
prefill.layer06.up.pack_activation,210053166,210123115,69949,111552,487424,0.05410708300769329,2e99434b1fc204064c2c80df0b7bf49fc2c81147274486fc65deaed2a6cd5506
prefill.layer06.up,210123115,218565926,8442811,2770048,81057344,2.296847582911141,cab333ad95e925270f24788be421ea87c337f60657194b35e41c77ab96066c4b
prefill.layer06.swiglu,218565926,219366484,800558,612864,4358144,0.38704812503419816,e986f4d594d68baf6bbdca23d228d64a627913d38c9d41909fe6fe19136f9393
prefill.layer06.down.pack_activation,219366484,219743692,377208,605568,2646016,0.2948228749446571,0ff1ca7ec1de1a670af542665206c016f1df660037d2e3af4e6b4d9d3fe96096
prefill.layer06.down,219743692,225884731,6141039,1635200,57595552,1.5163747080368921,f30b0dc6356491a1008e3436026f2214c465b6d93da2fb1f2fa13ecdc74dba58
prefill.layer06.ffn_residual,225884731,226057689,172958,111104,802816,0.07261241704691201,38b111e307f7ed2390c7fc7d9df618e2a76f6652f5f25a6e0aa4ecd6d1df2c4c
prefill.layer07.norm1,226057689,226194485,136796,130560,965632,0.07767254195641726,94018527ddf517a604acc95004c2f7fc1afac91c592e488528128caf8836e4cf
prefill.layer07.q.pack_activation,226194485,226264099,69614,111552,487424,0.0548447499750182,2e99434b1fc204064c2c80df0b7bf49fc2c81147274486fc65deaed2a6cd5506
prefill.layer07.q,226264099,227866119,1602020,514304,14946848,0.4216035840800032,995711957e3a5296d3b75f1ab97989d92249a58dce7c9816a2ef6c2d3b323a34
prefill.layer07.k.pack_activation,227866119,227936028,69909,111552,487424,0.05410254199523479,2e99434b1fc204064c2c80df0b7bf49fc2c81147274486fc65deaed2a6cd5506
prefill.layer07.k,227936028,228142804,206776,73472,2135264,0.05379683303181082,327ff56b5ef840dd8a7d092eb179f62f09885286cd07b49294afdbc31025e511
prefill.layer07.v.pack_activation,228142804,228213732,70928,111552,487424,0.05378295807167888,2e99434b1fc204064c2c80df0b7bf49fc2c81147274486fc65deaed2a6cd5506
prefill.layer07.v,228213732,228421174,207442,73472,2135264,0.052736125071533024,49190a020a1eaa1fcf0009db1ed38e8de4e1a1782ece40fb2240351af6d52fd8
prefill.layer07.rope_q,228421174,228634166,212992,215040,910336,0.1302724580746144,0bbbb1c469d160c9c1dd668cbcf823ab9a170c7bdb13115a8ec8f2c2f2b13f25
prefill.layer07.rope_k_append,228634166,228665597,31431,30720,130048,0.018685166956856847,7aacd62d878cab7567975babe79ddb68f224a5a40716808371c369640cddc93a
prefill.layer07.v_append,228665597,228705746,40149,41984,116736,0.02334641700144857,687f063c9c6277ed69c198bbfd079520b46400c2945d424a42105e4013748298
prefill.layer07.head00.qk,228705746,228817160,111414,135552,508416,0.06532541604246944,d85e1191d5045b456d6d6706e78f6cbb184b9fe739487ef47db7418401020ac3
prefill.layer07.head00.softmax,228817160,228861440,44280,47220,250368,0.027198208030313253,123ed3c30416122dc09685426d03878c9954abaa03f4f95c589c90d48f8499ea
prefill.layer07.head00.pv,228861440,228941856,80416,122688,385280,0.057167042046785355,008153f1c5846f189d2d63ca18cdd4e7fef8e6d7cec403992d1a6cb2f124aaad
prefill.layer07.head01.qk,228941856,229054139,112283,135552,508416,0.0660815000301227,9f24a1bf3ed3573e2d3b012ee131942387c6073c8a9d814e5655311188b66cee
prefill.layer07.head01.softmax,229054139,229097947,43808,47220,250368,0.02709858398884535,123ed3c30416122dc09685426d03878c9954abaa03f4f95c589c90d48f8499ea
prefill.layer07.head01.pv,229097947,229179368,81421,122688,385280,0.056497834040783346,1cf1d9e1359f2b50357831184d382b54ba33982e78700b6d9eea1badfe94361a
prefill.layer07.head02.qk,229179368,229291395,112027,135552,508416,0.06591350003145635,2e9774e689163bc037142b7649c47149f1de817fac089333842f6ccb9f5c2081
prefill.layer07.head02.softmax,229291395,229334713,43318,47220,250368,0.027115790988318622,123ed3c30416122dc09685426d03878c9954abaa03f4f95c589c90d48f8499ea
prefill.layer07.head02.pv,229334713,229415928,81215,122688,385280,0.056877083028666675,9678b417f8c238071e7a497819db9f586f82f867fee5c3ce7f9e24ca164a4f58
prefill.layer07.head03.qk,229415928,229527337,111409,135552,508416,0.06589270802214742,ccdd22f784b5df5958ab5a6613daa6f477df7b11e6d2099043cfd0c57e548ca8
prefill.layer07.head03.softmax,229527337,229570888,43551,47220,250368,0.027175750001333654,123ed3c30416122dc09685426d03878c9954abaa03f4f95c589c90d48f8499ea
prefill.layer07.head03.pv,229570888,229651270,80382,122688,385280,0.05727670795749873,a76a09555229167524b8aa12c97433491e042b051c20e12d9acf4e6486956d37
prefill.layer07.head04.qk,229651270,229762001,110731,135552,508416,0.06542879203334451,e486384d99ef4559d7106a18c77f2d9939577ec0f9d3f3f0318387cdc8aca2a3
prefill.layer07.head04.softmax,229762001,229805475,43474,47220,250368,0.026985291042365134,123ed3c30416122dc09685426d03878c9954abaa03f4f95c589c90d48f8499ea
prefill.layer07.head04.pv,229805475,229886768,81293,122688,385280,0.05672062502708286,ce408b70f80e8b86644398a60c48a015b3242fec2802608ae07b184381ad1382
prefill.layer07.head05.qk,229886768,229997290,110522,135552,508416,0.06595508300233632,39d29a580538e82a64c1a61bd0e8da4ca83c4dab0ca3c5b6697b0b710f2133dd
prefill.layer07.head05.softmax,229997290,230041016,43726,47220,250368,0.02720016601961106,123ed3c30416122dc09685426d03878c9954abaa03f4f95c589c90d48f8499ea
prefill.layer07.head05.pv,230041016,230122094,81078,122688,385280,0.057156542083248496,d1269d0ef3e569e9dca4549091967c64f4663d5e50ce0dae0c9751bc6b701e7f
prefill.layer07.head06.qk,230122094,230232558,110464,135552,508416,0.06557220802642405,a8d50232daa04568dea1a07a6460c65f31b58ca016e219e7c514942e88b7c75f
prefill.layer07.head06.softmax,230232558,230276099,43541,47220,250368,0.027219624957069755,123ed3c30416122dc09685426d03878c9954abaa03f4f95c589c90d48f8499ea
prefill.layer07.head06.pv,230276099,230356971,80872,122688,385280,0.05706020805519074,6a29d8ad7fbd1cbe77d71de30f830af126be657171bd51dbf7c2919aee5e7b18
prefill.layer07.head07.qk,230356971,230469936,112965,135552,508416,0.06585129199083894,0df274b5aafeeafa372783e43c53d3b548319c0bdb1d04cb46f1184723c45f66
prefill.layer07.head07.softmax,230469936,230513951,44015,47220,250368,0.027218333911150694,123ed3c30416122dc09685426d03878c9954abaa03f4f95c589c90d48f8499ea
prefill.layer07.head07.pv,230513951,230594387,80436,122688,385280,0.05666820809710771,6fd5ec8a544c86574239714374e4afc217c72f13db936d2a25577c2c39c06f4a
prefill.layer07.head08.qk,230594387,230706087,111700,135552,508416,0.06562229199334979,d390ea353045e3859d86de37dbd50a5bc809a4c929a67038440c5c360ea3f85b
prefill.layer07.head08.softmax,230706087,230749967,43880,47220,250368,0.027148750028572977,123ed3c30416122dc09685426d03878c9954abaa03f4f95c589c90d48f8499ea
prefill.layer07.head08.pv,230749967,230830665,80698,122688,385280,0.05685620894655585,07a6699e6796d6c23f25bcc6b85fff0eea10de7c161724919564d28556c68c1f
prefill.layer07.head09.qk,230830665,230941479,110814,135552,508416,0.0660846249666065,dbd816b69e94da2b4f4bffd92dda063a390dc2fa6c6ec51ae86fd3eddc224b74
prefill.layer07.head09.softmax,230941479,230984859,43380,47220,250368,0.027046666014939547,123ed3c30416122dc09685426d03878c9954abaa03f4f95c589c90d48f8499ea
prefill.layer07.head09.pv,230984859,231065207,80348,122688,385280,0.056934625026769936,d8d653142a380fc988c19536e06b67f51faa5d15f7e05846c4106fda4043e206
prefill.layer07.head10.qk,231065207,231177560,112353,135552,508416,0.0665845419280231,7a699f3fa52a90ca2fb044b5d97588f9d3e59ba8e957194ddaba6e6921fdcaa5
prefill.layer07.head10.softmax,231177560,231221332,43772,47220,250368,0.027079374995082617,123ed3c30416122dc09685426d03878c9954abaa03f4f95c589c90d48f8499ea
prefill.layer07.head10.pv,231221332,231302384,81052,122688,385280,0.05710787500720471,b4d3c2688b9110c2715a8d1cfc175c475cfecf906ddaccdce9aa330231fa8371
prefill.layer07.head11.qk,231302384,231412806,110422,135552,508416,0.06570925004780293,e415c5466fe8a4699c29ed9b97766d0450138a2605062a226ca914a8cd5e5af9
prefill.layer07.head11.softmax,231412806,231457584,44778,47220,250368,0.02724129194393754,123ed3c30416122dc09685426d03878c9954abaa03f4f95c589c90d48f8499ea
prefill.layer07.head11.pv,231457584,231538009,80425,122688,385280,0.05667908291798085,1f0e00b07f74c04db6afe6b2302cf0c2911fe039fe5965a0ac521d3594eb8103
prefill.layer07.head12.qk,231538009,231649338,111329,135552,508416,0.0656968749826774,d551021a536c25b83eaef571e75da2cd9245156fe379cecd5806a7feaf1e6386
prefill.layer07.head12.softmax,231649338,231692751,43413,47220,250368,0.026970625040121377,123ed3c30416122dc09685426d03878c9954abaa03f4f95c589c90d48f8499ea
prefill.layer07.head12.pv,231692751,231773390,80639,122688,385280,0.0570358750410378,0dbfb931a97a6e89170b67138ba959d8bafd521087c28fa41748c430ad444815
prefill.layer07.head13.qk,231773390,231884471,111081,135552,508416,0.06570224999450147,44ebcd027541e15fc6b9ba0399b4b03d91fe12fb075b527c18fa156d19232780
prefill.layer07.head13.softmax,231884471,231927621,43150,47220,250368,0.027148833964020014,123ed3c30416122dc09685426d03878c9954abaa03f4f95c589c90d48f8499ea
prefill.layer07.head13.pv,231927621,232008602,80981,122688,385280,0.05684424994979054,56485eb49d62505de856863ddae0674608440d5e257399627d537f8c513451dc
prefill.layer07.join_heads,232008602,232243940,235338,258048,731136,0.13802420801948756,8e07c32da68a60a9e318f195cfebeab7c9436ae2136c0954f5a39c80c46e1644
prefill.layer07.o.pack_activation,232243940,232313554,69614,111552,487424,0.05365245800931007,58c4612de1034e18041a8b740ffe571191e366f5d1cba59c61ddf6d13fb5dbd0
prefill.layer07.o,232313554,233934987,1621433,510272,14931616,0.4178244579816237,aa34e0c717f7ab8b3e8c88cd219ca819f3577de5b3b45ab9ed150e2c864d39c9
prefill.layer07.attention_residual,233934987,234104252,169265,111104,802816,0.07224620901979506,38b111e307f7ed2390c7fc7d9df618e2a76f6652f5f25a6e0aa4ecd6d1df2c4c
prefill.layer07.norm2,234104252,234242175,137923,130560,965632,0.07700866705272347,20ad3e4c1d95a2bddd17ab78ba2faa9af66e7b4c66f61db9e638e2e6236abcbc
prefill.layer07.gate.pack_activation,234242175,234311789,69614,111552,487424,0.053716416005045176,2e99434b1fc204064c2c80df0b7bf49fc2c81147274486fc65deaed2a6cd5506
prefill.layer07.gate,234311789,242685229,8373440,2770048,81057344,2.29756116704084,abd9b59e1353da01027322426590a63f1abb253570bba70fe44cada3c891468a
prefill.layer07.up.pack_activation,242685229,242755534,70305,111552,487424,0.053892666939646006,2e99434b1fc204064c2c80df0b7bf49fc2c81147274486fc65deaed2a6cd5506
prefill.layer07.up,242755534,251180280,8424746,2770048,81057344,2.316584291984327,ea04d7d3ec4e9e7756bbcef229a8ae8c8e3c985d35e160eb8848c6db0702ba0b
prefill.layer07.swiglu,251180280,251980171,799891,612864,4358144,0.3867799580330029,e986f4d594d68baf6bbdca23d228d64a627913d38c9d41909fe6fe19136f9393
prefill.layer07.down.pack_activation,251980171,252357379,377208,605568,2646016,0.2931487919995561,0ff1ca7ec1de1a670af542665206c016f1df660037d2e3af4e6b4d9d3fe96096
prefill.layer07.down,252357379,257992440,5635061,1635200,57595552,1.4875502919312567,bef4e6d9e85febc693ee08c6090d74f9a18fd094296a696bb0f12d8e9f31a0aa
prefill.layer07.ffn_residual,257992440,258165863,173423,111104,802816,0.07255266595166177,38b111e307f7ed2390c7fc7d9df618e2a76f6652f5f25a6e0aa4ecd6d1df2c4c
prefill.layer08.norm1,258165863,258303520,137657,130560,965632,0.07679637498222291,cce9d74ab853fbe05282356db2aa992ff24d145cb68edcb6182cf68e2bade7c8
prefill.layer08.q.pack_activation,258303520,258373134,69614,111552,487424,0.05397491599433124,2e99434b1fc204064c2c80df0b7bf49fc2c81147274486fc65deaed2a6cd5506
prefill.layer08.q,258373134,260053135,1680001,514304,14946848,0.4238936249166727,2cf3c85ceb99fff0cd2b3c6b53a098d1b8dafe70735a9ac5a00be37cbcc30e61
prefill.layer08.k.pack_activation,260053135,260123057,69922,111552,487424,0.053843958070501685,2e99434b1fc204064c2c80df0b7bf49fc2c81147274486fc65deaed2a6cd5506
prefill.layer08.k,260123057,260328840,205783,73472,2135264,0.053565084002912045,d7906375421bf22c8527bc92ca4629c5cdbf21f7d3812685a1d0de09e702e095
prefill.layer08.v.pack_activation,260328840,260398954,70114,111552,487424,0.05367008305620402,2e99434b1fc204064c2c80df0b7bf49fc2c81147274486fc65deaed2a6cd5506
prefill.layer08.v,260398954,260605127,206173,73472,2135264,0.05341391602996737,7a6adcb36d88bb9a3c7d4afe175c8de056e2e8d44297258d1009a36dfd01d8fe
prefill.layer08.rope_q,260605127,260818119,212992,215040,910336,0.13052554207388312,0bbbb1c469d160c9c1dd668cbcf823ab9a170c7bdb13115a8ec8f2c2f2b13f25
prefill.layer08.rope_k_append,260818119,260849550,31431,30720,130048,0.01879016705788672,d7ce77726b5c7a5df57fda758e643409df958d178200509a00bc4e2c6d7cc154
prefill.layer08.v_append,260849550,260889699,40149,41984,116736,0.023099916987121105,b8a126953cf9f796dbc69cac7b7ace50029677ce0aae4795a5ab54cf61e853c1
prefill.layer08.head00.qk,260889699,261001984,112285,135552,508416,0.06484641693532467,edc4f2ef1337934c9618e61a247316cc296100a47442efbcf1aab11bec9c6320
prefill.layer08.head00.softmax,261001984,261046404,44420,47220,250368,0.027290667057968676,123ed3c30416122dc09685426d03878c9954abaa03f4f95c589c90d48f8499ea
prefill.layer08.head00.pv,261046404,261126834,80430,122688,385280,0.056945707998238504,9a11235fb03aef0d2246be8356800994cbfc4f7d4d03191dfdaa2161cbc21327
prefill.layer08.head01.qk,261126834,261237317,110483,135552,508416,0.06546704203356057,4c700bd91b6c7818d833e418a02fd5c1586d7dd00014b32a6e95be1cd6d94276
prefill.layer08.head01.softmax,261237317,261280735,43418,47220,250368,0.02705091703683138,123ed3c30416122dc09685426d03878c9954abaa03f4f95c589c90d48f8499ea
prefill.layer08.head01.pv,261280735,261361533,80798,122688,385280,0.05645229201763868,755a157ed9fd0bd1be4855be838e3aaf3b5495bf0d3c9ae2db7e2d74e9e2c1d8
prefill.layer08.head02.qk,261361533,261472776,111243,135552,508416,0.06545279209967703,1089c0df919f5d556a3594d856e8b604b67b8e7fd45a6e2f20492ad7380d9db6
prefill.layer08.head02.softmax,261472776,261516469,43693,47220,250368,0.02708170807454735,123ed3c30416122dc09685426d03878c9954abaa03f4f95c589c90d48f8499ea
prefill.layer08.head02.pv,261516469,261596745,80276,122688,385280,0.05632166704162955,783c785ac79189dcb3a7f099a2cc12639554f0e87857fb5c61e290d0680b927c
prefill.layer08.head03.qk,261596745,261708555,111810,135552,508416,0.06561133300419897,98c0adac5b3965e7a6b13bae195e750ea65749d3b87cdcf338bb09c817bba54b
prefill.layer08.head03.softmax,261708555,261752591,44036,47220,250368,0.027196250041015446,123ed3c30416122dc09685426d03878c9954abaa03f4f95c589c90d48f8499ea
prefill.layer08.head03.pv,261752591,261833964,81373,122688,385280,0.056776750017888844,a57aba1aca5427c0d91e9ca78979fb0bc32a540a37bab34a403c653726717969
prefill.layer08.head04.qk,261833964,261944266,110302,135552,508416,0.0652429589536041,5b313a59c93ea8601b08d8f8f67ddb601d599a0c9832a74e5b20bff6bb9ae386
prefill.layer08.head04.softmax,261944266,261987616,43350,47220,250368,0.027160625089891255,123ed3c30416122dc09685426d03878c9954abaa03f4f95c589c90d48f8499ea
prefill.layer08.head04.pv,261987616,262067516,79900,122688,385280,0.056750584044493735,804c50338807d6b405a761ab5485359bf111767a3481dea6b7c2b5f767035f2d
prefill.layer08.head05.qk,262067516,262179514,111998,135552,508416,0.0654670000076294,459b60f83dbcfa8e1b95765c1bf7fb3747e7e3a35ecf93087cc0cd9674f1f710
prefill.layer08.head05.softmax,262179514,262223845,44331,47220,250368,0.027181750047020614,123ed3c30416122dc09685426d03878c9954abaa03f4f95c589c90d48f8499ea
prefill.layer08.head05.pv,262223845,262304125,80280,122688,385280,0.05715154099743813,7d11560173545dfbe10e265f9224405a3102a4f6a8db3e6b228f08753a7b5062
prefill.layer08.head06.qk,262304125,262415875,111750,135552,508416,0.06592516601085663,a8baa1781a7e23285f2dab9e85f194801c92054b96d0366fa81f03e9f4a967c3
prefill.layer08.head06.softmax,262415875,262459132,43257,47220,250368,0.02693837508559227,123ed3c30416122dc09685426d03878c9954abaa03f4f95c589c90d48f8499ea
prefill.layer08.head06.pv,262459132,262540542,81410,122688,385280,0.05674791696947068,1baee9599f3794ac5a2a423dc04700b19ce6b339e0e6338281450981e2416e4d
prefill.layer08.head07.qk,262540542,262653265,112723,135552,508416,0.06530395906884223,73a92a96fc4e556b5a1e4129a3fa0231dca9f27e5bc51a92ed668207fb235490
prefill.layer08.head07.softmax,262653265,262697361,44096,47220,250368,0.027014999999664724,123ed3c30416122dc09685426d03878c9954abaa03f4f95c589c90d48f8499ea
prefill.layer08.head07.pv,262697361,262778231,80870,122688,385280,0.05675862496718764,b2b454ef2d521d31d37e28581e69fa306a497467badc00a2663fb36f006a4116
prefill.layer08.head08.qk,262778231,262890434,112203,135552,508416,0.06645941699389368,68c9b7007b5370625f13955115945c74ec73436a616469c92f18bc8086ce17c3
prefill.layer08.head08.softmax,262890434,262934786,44352,47220,250368,0.027611374971456826,123ed3c30416122dc09685426d03878c9954abaa03f4f95c589c90d48f8499ea
prefill.layer08.head08.pv,262934786,263016343,81557,122688,385280,0.05687191605102271,949e62413c4ef175cbd96174d22ece92dc2d4ba287e5c154d9bc71c8cd961f9b
prefill.layer08.head09.qk,263016343,263126901,110558,135552,508416,0.06512375001329929,1d9b60ec13e5746813ce4c33bd9983b1aba996c7795138998820a3b956cf4ba8
prefill.layer08.head09.softmax,263126901,263170278,43377,47220,250368,0.02685312496032566,123ed3c30416122dc09685426d03878c9954abaa03f4f95c589c90d48f8499ea
prefill.layer08.head09.pv,263170278,263250374,80096,122688,385280,0.05620508303400129,c5612d1290a513b9acdaf097face3a8237f3b2b6a6eb6ed170f23bbdfaab0026
prefill.layer08.head10.qk,263250374,263361620,111246,135552,508416,0.0653498750180006,b5a7e1d0c7b0bbb1cafa63ab36d6052b64e62bdc189d65d87f7e8ddbc090c3ce
prefill.layer08.head10.softmax,263361620,263405896,44276,47220,250368,0.02696804201696068,123ed3c30416122dc09685426d03878c9954abaa03f4f95c589c90d48f8499ea
prefill.layer08.head10.pv,263405896,263486845,80949,122688,385280,0.056140665896236897,091fb4d1437278ac12928de673874f1695cef4f92151dba001160bb38b2e6031
prefill.layer08.head11.qk,263486845,263597470,110625,135552,508416,0.06500170798972249,1dc2054821a6d2340af31cb15f8540bd4219c1e1aa12e0b8d61ff397b9e4af4b
prefill.layer08.head11.softmax,263597470,263640480,43010,47220,250368,0.0269015000667423,123ed3c30416122dc09685426d03878c9954abaa03f4f95c589c90d48f8499ea
prefill.layer08.head11.pv,263640480,263721195,80715,122688,385280,0.05633599997963756,67e9c9d037614b6502112a23d443caac2dce1aae6ac5f41f563bf1baf9b201f7
prefill.layer08.head12.qk,263721195,263832407,111212,135552,508416,0.06535920908208936,3e56e850a2f387d0f2003d7d45353744ea0b11d8300ce34dcee41aff52ac296b
prefill.layer08.head12.softmax,263832407,263876132,43725,47220,250368,0.02708487503696233,123ed3c30416122dc09685426d03878c9954abaa03f4f95c589c90d48f8499ea
prefill.layer08.head12.pv,263876132,263956615,80483,122688,385280,0.056385083007626235,81529838ff5ada50b887724371c3025bd59b01aa39a6bded666e6269d21297c0
prefill.layer08.head13.qk,263956615,264069382,112767,135552,508416,0.06607158307451755,393d7902000cc1711b4d81dc21ad74f46111c1f723b0c7eede58b4969e040861
prefill.layer08.head13.softmax,264069382,264113241,43859,47220,250368,0.027042999980039895,123ed3c30416122dc09685426d03878c9954abaa03f4f95c589c90d48f8499ea
prefill.layer08.head13.pv,264113241,264195044,81803,122688,385280,0.0563329589786008,86903e98f1804603a9f9afae2de425a07deb6c7f20f48ff9493c04c394cf06f4
prefill.layer08.join_heads,264195044,264429184,234140,258048,731136,0.1380111660109833,8e07c32da68a60a9e318f195cfebeab7c9436ae2136c0954f5a39c80c46e1644
prefill.layer08.o.pack_activation,264429184,264498798,69614,111552,487424,0.05372483306564391,58c4612de1034e18041a8b740ffe571191e366f5d1cba59c61ddf6d13fb5dbd0
prefill.layer08.o,264498798,266162118,1663320,510272,14931616,0.42114799993578345,52e0cbae0c8a7640bbf824e2d7e77940e9d0d8ff6cb837c80266445da99019bc
prefill.layer08.attention_residual,266162118,266335541,173423,111104,802816,0.07306512491777539,38b111e307f7ed2390c7fc7d9df618e2a76f6652f5f25a6e0aa4ecd6d1df2c4c
prefill.layer08.norm2,266335541,266472498,136957,130560,965632,0.07727975002489984,5bc7057d705c7648b3d7f5a991e1f8106cf901b1562879c416907709ab199bc1
prefill.layer08.gate.pack_activation,266472498,266542112,69614,111552,487424,0.05345591704826802,2e99434b1fc204064c2c80df0b7bf49fc2c81147274486fc65deaed2a6cd5506
prefill.layer08.gate,266542112,274938103,8395991,2770048,81057344,2.3094656670000404,d5b47edb0f404ac0512b538072237c64e5a98dcdb76195173004ec7fb331bd57
prefill.layer08.up.pack_activation,274938103,275008066,69963,111552,487424,0.05432745802681893,2e99434b1fc204064c2c80df0b7bf49fc2c81147274486fc65deaed2a6cd5506
prefill.layer08.up,275008066,283471127,8463061,2770048,81057344,2.316964708035812,db591bc3e05a7e991c0ec8ca88cd19b2ef6e548188fe0ba4aafb91df9fcea73a
prefill.layer08.swiglu,283471127,284274560,803433,612864,4358144,0.3830851250095293,e986f4d594d68baf6bbdca23d228d64a627913d38c9d41909fe6fe19136f9393
prefill.layer08.down.pack_activation,284274560,284654003,379443,605568,2646016,0.292852875078097,0ff1ca7ec1de1a670af542665206c016f1df660037d2e3af4e6b4d9d3fe96096
prefill.layer08.down,284654003,290161171,5507168,1635200,57595552,1.4820658339885995,0b36ab15328b13cbe7e587bf1b5107cf2044c70416c9014744f253be71b8ff7f
prefill.layer08.ffn_residual,290161171,290335039,173868,111104,802816,0.07286045793443918,38b111e307f7ed2390c7fc7d9df618e2a76f6652f5f25a6e0aa4ecd6d1df2c4c
prefill.layer09.norm1,290335039,290472317,137278,130560,965632,0.07910770794842392,c11a1f5e62875116597016cf1b40bc1b2ced292e8c6bf403ceb55449697efda5
prefill.layer09.q.pack_activation,290472317,290541931,69614,111552,487424,0.0546859159367159,2e99434b1fc204064c2c80df0b7bf49fc2c81147274486fc65deaed2a6cd5506
prefill.layer09.q,290541931,292133617,1591686,514304,14946848,0.42424662492703646,4dc5bdb5c71409d7c527ffc2219667785321922300ff87032c43f4cc3f07db58
prefill.layer09.k.pack_activation,292133617,292203761,70144,111552,487424,0.054112749989144504,2e99434b1fc204064c2c80df0b7bf49fc2c81147274486fc65deaed2a6cd5506
prefill.layer09.k,292203761,292410753,206992,73472,2135264,0.054371042060665786,f426c704ae0a81d6983a9e4e1903576100f982d5b5ec452ec0a8d742537934d1
prefill.layer09.v.pack_activation,292410753,292480995,70242,111552,487424,0.05378420907072723,2e99434b1fc204064c2c80df0b7bf49fc2c81147274486fc65deaed2a6cd5506
prefill.layer09.v,292480995,292689289,208294,73472,2135264,0.054641540977172554,dd4fbd868ee0fcce1d59309a16b24450cfe2af43b1b54d8b97e50a76eac937f0
prefill.layer09.rope_q,292689289,292902281,212992,215040,910336,0.13212279102299362,0bbbb1c469d160c9c1dd668cbcf823ab9a170c7bdb13115a8ec8f2c2f2b13f25
prefill.layer09.rope_k_append,292902281,292933712,31431,30720,130048,0.01930475002154708,a6c300db8eb450c89ba289e5245051410190ce9aba321b68ec3a9f549d4eacc6
prefill.layer09.v_append,292933712,292973861,40149,41984,116736,0.024028916959650815,7a629b150646a9448bda646d1a826cc94f251c6703eade142af1a636b16165e8
prefill.layer09.head00.qk,292973861,293087268,113407,135552,508416,0.06590654200408608,af47d99c410bf107914efbf0f9cd09d041c36b61fa95cbf5db614b72fa27c9b5
prefill.layer09.head00.softmax,293087268,293131714,44446,47220,250368,0.02733395795803517,123ed3c30416122dc09685426d03878c9954abaa03f4f95c589c90d48f8499ea
prefill.layer09.head00.pv,293131714,293213248,81534,122688,385280,0.058926000026986,2f372d96f8e4359666ec9642f1dc1a06528d2258065ec415a6fb644ae48890c4
prefill.layer09.head01.qk,293213248,293323977,110729,135552,508416,0.06622512498870492,c620e32cc5d2a86a596630803efd02552944506f2e7f792ec5ffa9c146159617
prefill.layer09.head01.softmax,293323977,293367271,43294,47220,250368,0.02713020797818899,123ed3c30416122dc09685426d03878c9954abaa03f4f95c589c90d48f8499ea
prefill.layer09.head01.pv,293367271,293448334,81063,122688,385280,0.056501375045627356,7fcbb559e713969a76786f222b460507315f7065b5533f2d48ddd5ffcb835952
prefill.layer09.head02.qk,293448334,293559096,110762,135552,508416,0.06643374997656792,9856e7102143488fc29e445d04d02d9e74fc3238dfced134de921ef130aa63b6
prefill.layer09.head02.softmax,293559096,293602711,43615,47220,250368,0.02729687502142042,123ed3c30416122dc09685426d03878c9954abaa03f4f95c589c90d48f8499ea
prefill.layer09.head02.pv,293602711,293683143,80432,122688,385280,0.05705562501680106,ff608da29df304f0df30b654f4ce5fc47fedabf66ad3e46cfef87be4d2aba6d7
prefill.layer09.head03.qk,293683143,293794956,111813,135552,508416,0.06560812494717538,4552d4ad9aa15bb1d402277cd8ce684fe7cfe75552de836a2c9cfc6b19c5180f
prefill.layer09.head03.softmax,293794956,293839338,44382,47220,250368,0.027250499930232763,123ed3c30416122dc09685426d03878c9954abaa03f4f95c589c90d48f8499ea
prefill.layer09.head03.pv,293839338,293919957,80619,122688,385280,0.056440082960762084,8d563ba3b7e646f56e1e14278b8b3589fa54c83b50b75d468dbc5062ff48e3a0
prefill.layer09.head04.qk,293919957,294031903,111946,135552,508416,0.06525662506464869,3e453be006f5921745b3ba2a31fe871a1a86d207bbfdb5fad52bbeaa93516b1f
prefill.layer09.head04.softmax,294031903,294075016,43113,47220,250368,0.026969042024575174,123ed3c30416122dc09685426d03878c9954abaa03f4f95c589c90d48f8499ea
prefill.layer09.head04.pv,294075016,294155455,80439,122688,385280,0.05770820809993893,84c183a3a0c7ee20c43566028685b868036b5159f96e953286aae36f804f7ec3
prefill.layer09.head05.qk,294155455,294267429,111974,135552,508416,0.06662662501912564,149d43c118a682179349252579de51648ef0129e464b3f7a2cdc23f0408dc345
prefill.layer09.head05.softmax,294267429,294311824,44395,47220,250368,0.02787270792759955,123ed3c30416122dc09685426d03878c9954abaa03f4f95c589c90d48f8499ea
prefill.layer09.head05.pv,294311824,294393124,81300,122688,385280,0.05776862509083003,4c423d42d87592d057790334570fec5fecd6a33cee2394e66ce1889d047144e5
prefill.layer09.head06.qk,294393124,294504167,111043,135552,508416,0.06656020798254758,29b932e0f929aee4d404d1a0a3b338f549d45edca6109c616eb2f658e0320e5d
prefill.layer09.head06.softmax,294504167,294547363,43196,47220,250368,0.027329957927577198,123ed3c30416122dc09685426d03878c9954abaa03f4f95c589c90d48f8499ea
prefill.layer09.head06.pv,294547363,294628048,80685,122688,385280,0.057081750012002885,ea2676541341bcaedc44a23e174f0699740edb8a171f05d9b748548826fcb737
prefill.layer09.head07.qk,294628048,294740003,111955,135552,508416,0.06528029195033014,fd9e1eb76bfa0543d4f469202f211a525ab8ab2461b524ae2b92d0fbbb345e33
prefill.layer09.head07.softmax,294740003,294784059,44056,47220,250368,0.027254124986939132,123ed3c30416122dc09685426d03878c9954abaa03f4f95c589c90d48f8499ea
prefill.layer09.head07.pv,294784059,294864378,80319,122688,385280,0.057506041950546205,fdbb6f55c25ffadc2f76eaa62adcacd76e56d3b0aeff9d2ce40d5657eb4fab0e
prefill.layer09.head08.qk,294864378,294976308,111930,135552,508416,0.06791133398655802,69f68ca53a0e46f49de41128ccc51177c94db59505cb5fc9ab2f808bef967b9e
prefill.layer09.head08.softmax,294976308,295019251,42943,47220,250368,0.027800583047792315,123ed3c30416122dc09685426d03878c9954abaa03f4f95c589c90d48f8499ea
prefill.layer09.head08.pv,295019251,295099972,80721,122688,385280,0.05912437499500811,840ebdca612704a7e84702c8bff51cd4de72afd939210c9670adb0b89e9cd234
prefill.layer09.head09.qk,295099972,295211156,111184,135552,508416,0.06643595895729959,1c1c2d7fc490998cd644a24dd5abd799ce3529f0092a722603dc16433e2ba458
prefill.layer09.head09.softmax,295211156,295254564,43408,47220,250368,0.02710466692224145,123ed3c30416122dc09685426d03878c9954abaa03f4f95c589c90d48f8499ea
prefill.layer09.head09.pv,295254564,295335321,80757,122688,385280,0.05618420895189047,0ba28f74516b6dad30852f920e6789080e510885170531372d8db624768ff2c9
prefill.layer09.head10.qk,295335321,295445711,110390,135552,508416,0.06534895801451057,61eb0f7e6359afc897c696a5cbabadeee12b9549146835870ae92ed5e79a89d8
prefill.layer09.head10.softmax,295445711,295489605,43894,47220,250368,0.027281916933134198,123ed3c30416122dc09685426d03878c9954abaa03f4f95c589c90d48f8499ea
prefill.layer09.head10.pv,295489605,295570433,80828,122688,385280,0.05721720808651298,8da89280df1d3d6ad08de59b0723032ba835f79684000640fff04136c27f208a
prefill.layer09.head11.qk,295570433,295682014,111581,135552,508416,0.06554966606199741,68e0abade2d3353e1c6b3052a6fd77362ed189b35678dcc2b08a80e3f102c0d8
prefill.layer09.head11.softmax,295682014,295726109,44095,47220,250368,0.027315166080370545,123ed3c30416122dc09685426d03878c9954abaa03f4f95c589c90d48f8499ea
prefill.layer09.head11.pv,295726109,295806964,80855,122688,385280,0.05614029092248529,071f1339834a37faeaf7531dcf8105bdfa2c589e7d845c6767d8e632f1bde16b
prefill.layer09.head12.qk,295806964,295918051,111087,135552,508416,0.06613345805089921,1cdd3c0b488d1b2c2c2e460e50123debe2a516acfcc5193d7609cd640eea7360
prefill.layer09.head12.softmax,295918051,295962080,44029,47220,250368,0.027579124900512397,123ed3c30416122dc09685426d03878c9954abaa03f4f95c589c90d48f8499ea
prefill.layer09.head12.pv,295962080,296043012,80932,122688,385280,0.05653620895463973,4925800357576eb4da3727138ced7a88451aaea8029f7905612c1f8fdf269c42
prefill.layer09.head13.qk,296043012,296153954,110942,135552,508416,0.06668495805934072,3ac1b95654c79949622061d4cade34334a15231d4b0116da8249fbe284c5995b
prefill.layer09.head13.softmax,296153954,296197146,43192,47220,250368,0.027697666082531214,123ed3c30416122dc09685426d03878c9954abaa03f4f95c589c90d48f8499ea
prefill.layer09.head13.pv,296197146,296277846,80700,122688,385280,0.05773724999744445,e32a81e87f4128df16afe3f4840fa6c0ea5bdb3279b552ac0399e3ac080a9e8e
prefill.layer09.join_heads,296277846,296512141,234295,258048,731136,0.13798508292529732,8e07c32da68a60a9e318f195cfebeab7c9436ae2136c0954f5a39c80c46e1644
prefill.layer09.o.pack_activation,296512141,296581755,69614,111552,487424,0.05384704109746963,58c4612de1034e18041a8b740ffe571191e366f5d1cba59c61ddf6d13fb5dbd0
prefill.layer09.o,296581755,298169284,1587529,510272,14931616,0.4215095000108704,9e177b83bac28bf3b0c182be4bc1561123648b214d357c4d767f0fc38f221682
prefill.layer09.attention_residual,298169284,298345258,175974,111104,802816,0.07394224999006838,38b111e307f7ed2390c7fc7d9df618e2a76f6652f5f25a6e0aa4ecd6d1df2c4c
prefill.layer09.norm2,298345258,298482251,136993,130560,965632,0.07906754105351865,88ada6217dd2f4285af46f8840ea95863d2f677ee6c2da1d4aad2ae419ad55df
prefill.layer09.gate.pack_activation,298482251,298551865,69614,111552,487424,0.05397091596387327,2e99434b1fc204064c2c80df0b7bf49fc2c81147274486fc65deaed2a6cd5506
prefill.layer09.gate,298551865,306954385,8402520,2770048,81057344,2.2947207919787616,bc55948c35cb58c7adc6066adc364248afb3eb4543870a46ae118d592020b3fa
prefill.layer09.up.pack_activation,306954385,307024690,70305,111552,487424,0.05570270796306431,2e99434b1fc204064c2c80df0b7bf49fc2c81147274486fc65deaed2a6cd5506
prefill.layer09.up,307024690,315454594,8429904,2770048,81057344,2.334300500107929,bba57205eb9a7c9b4f3da4a3ba7e3b250d8e021a9cab5523d1822bf914afae62
prefill.layer09.swiglu,315454594,316258557,803963,612864,4358144,0.3879460000898689,e986f4d594d68baf6bbdca23d228d64a627913d38c9d41909fe6fe19136f9393
prefill.layer09.down.pack_activation,316258557,316636262,377705,605568,2646016,0.2968656250741333,0ff1ca7ec1de1a670af542665206c016f1df660037d2e3af4e6b4d9d3fe96096
prefill.layer09.down,316636262,322382668,5746406,1635200,57595552,1.4918910840060562,bbbefa9a5fff1cb6f328b8e020ce00d606a4b6f6a3d04f604c4dcefe31accf37
prefill.layer09.ffn_residual,322382668,322551789,169121,111104,802816,0.07226249994710088,38b111e307f7ed2390c7fc7d9df618e2a76f6652f5f25a6e0aa4ecd6d1df2c4c
prefill.layer10.norm1,322551789,322689618,137829,130560,965632,0.07777674996759742,5d8cedff28343ce2b324ab2b63861d56f8c2550d5c227ac386e86f5bc3489348
prefill.layer10.q.pack_activation,322689618,322759232,69614,111552,487424,0.05483666597865522,2e99434b1fc204064c2c80df0b7bf49fc2c81147274486fc65deaed2a6cd5506
prefill.layer10.q,322759232,324449565,1690333,514304,14946848,0.43118466599844396,449834831b24047cbf19e4aca185bb38851e2aaaef12a5df53c74c1b81c65b44
prefill.layer10.k.pack_activation,324449565,324519672,70107,111552,487424,0.05371820798609406,2e99434b1fc204064c2c80df0b7bf49fc2c81147274486fc65deaed2a6cd5506
prefill.layer10.k,324519672,324726108,206436,73472,2135264,0.05371787503827363,e1674a636a56f291542fdca1ea7c8e265b4a4c52517ac0176e41dc5f16a77448
prefill.layer10.v.pack_activation,324726108,324795464,69356,111552,487424,0.05362812499515712,2e99434b1fc204064c2c80df0b7bf49fc2c81147274486fc65deaed2a6cd5506
prefill.layer10.v,324795464,325001637,206173,73472,2135264,0.05378079193178564,77d06c1e39b3beb7e1019385c6b7d4acdd2f82cf0a45de9c70e3ead69628f84e
prefill.layer10.rope_q,325001637,325214629,212992,215040,910336,0.13169787498191,0bbbb1c469d160c9c1dd668cbcf823ab9a170c7bdb13115a8ec8f2c2f2b13f25
prefill.layer10.rope_k_append,325214629,325246060,31431,30720,130048,0.019284041016362607,01d0a9aeba0e425f0b12af08dbed9472cc62e485337f36bbb6e209274722f6ca
prefill.layer10.v_append,325246060,325286209,40149,41984,116736,0.023549792007543147,7c351402d05325ca2b525909897a407dc8dabea0380ec0b7509b1726eeb1e453
prefill.layer10.head00.qk,325286209,325398494,112285,135552,508416,0.06622254196554422,b16cf033b4f834c933367f8544b09bb1deaa268fe98268cf8adc3e2c4094bae5
prefill.layer10.head00.softmax,325398494,325442914,44420,47220,250368,0.027871708036400378,123ed3c30416122dc09685426d03878c9954abaa03f4f95c589c90d48f8499ea
prefill.layer10.head00.pv,325442914,325523344,80430,122688,385280,0.05848500004503876,eb1edffdaece5370719a453686726b72644de55e12f04dfcb840f7b618ab48fa
prefill.layer10.head01.qk,325523344,325633827,110483,135552,508416,0.06685900001320988,bea482f89ded9c106a629533ef678158118c6e577d887fe6e58ea294514a8dd3
prefill.layer10.head01.softmax,325633827,325677245,43418,47220,250368,0.02732649992685765,123ed3c30416122dc09685426d03878c9954abaa03f4f95c589c90d48f8499ea
prefill.layer10.head01.pv,325677245,325758043,80798,122688,385280,0.05631695897318423,d3945c95cc9d9f5573d2122211450df9963065bd623caff9a1f14fb5bfc076b2
prefill.layer10.head02.qk,325758043,325869286,111243,135552,508416,0.06488304189406335,6ff4871964959a12b84e86cb3d1fb0f3f947def55022850f907cd3ca652f8f94
prefill.layer10.head02.softmax,325869286,325912979,43693,47220,250368,0.027097500045783818,123ed3c30416122dc09685426d03878c9954abaa03f4f95c589c90d48f8499ea
prefill.layer10.head02.pv,325912979,325993255,80276,122688,385280,0.05643941601738334,5f5c252a57c12e1f5fae43064aa429ee6bef6e6dd5481b3dc7e2a1047e1a8fd9
prefill.layer10.head03.qk,325993255,326105065,111810,135552,508416,0.06661274994257838,1e833006a1d10cb50e671c27c5ebdd0c091bb298c3a4072040411bdc755a1d75
prefill.layer10.head03.softmax,326105065,326149101,44036,47220,250368,0.027854375075548887,123ed3c30416122dc09685426d03878c9954abaa03f4f95c589c90d48f8499ea
prefill.layer10.head03.pv,326149101,326230474,81373,122688,385280,0.057595707941800356,07fd84edddd05b9bd09c86bb638c6797a085fa09980386dc68b2417b1331ab39
prefill.layer10.head04.qk,326230474,326340776,110302,135552,508416,0.06628483405802399,72f67666844b416df1fb47334c40bc9918439044eac45e0ffdb9ca39c6729f23
prefill.layer10.head04.softmax,326340776,326384126,43350,47220,250368,0.027727709035389125,123ed3c30416122dc09685426d03878c9954abaa03f4f95c589c90d48f8499ea
prefill.layer10.head04.pv,326384126,326464026,79900,122688,385280,0.05720674991607666,941812417f79abe156e310cd53d66548731bfe9cbad9576131e01d73364b11e5
prefill.layer10.head05.qk,326464026,326576024,111998,135552,508416,0.0667790420120582,474e35c0190079fda82f14ebdf12ea857296e771e9de83cf8ac09a803733930c
prefill.layer10.head05.softmax,326576024,326620355,44331,47220,250368,0.02785087504889816,123ed3c30416122dc09685426d03878c9954abaa03f4f95c589c90d48f8499ea
prefill.layer10.head05.pv,326620355,326700635,80280,122688,385280,0.058161707944236696,f072713984b50a985d34ad7e4616cd788e88ff9310856d680905bf4da4a2ae33
prefill.layer10.head06.qk,326700635,326812385,111750,135552,508416,0.06701133295428008,206f3dd7135735a81d9678c31340779d4a847ac2920387add938f4175015540f
prefill.layer10.head06.softmax,326812385,326855642,43257,47220,250368,0.027648917050100863,123ed3c30416122dc09685426d03878c9954abaa03f4f95c589c90d48f8499ea
prefill.layer10.head06.pv,326855642,326937052,81410,122688,385280,0.05800587497651577,180981b6f11daf8326157d04bfdaa6437abb9f66b637cd01493a4f0cd88565a0
prefill.layer10.head07.qk,326937052,327049775,112723,135552,508416,0.0674358339747414,02f0a48f3b0059c8f311917f9b8d7147d4c78b5ac62f04724f9354f022bd9eaf
prefill.layer10.head07.softmax,327049775,327093871,44096,47220,250368,0.027839874965138733,123ed3c30416122dc09685426d03878c9954abaa03f4f95c589c90d48f8499ea
prefill.layer10.head07.pv,327093871,327174741,80870,122688,385280,0.058073583990335464,46221f4e98244f6b4661bcce3101c946cf68b1ed96eefb81bbc2452c21f844fa
prefill.layer10.head08.qk,327174741,327286944,112203,135552,508416,0.06718287500552833,de0d3186b4b74d14f418824b5fcf03f39ed831e7b19f8357ba257f68b7927640
prefill.layer10.head08.softmax,327286944,327331296,44352,47220,250368,0.02786762500181794,123ed3c30416122dc09685426d03878c9954abaa03f4f95c589c90d48f8499ea
prefill.layer10.head08.pv,327331296,327412853,81557,122688,385280,0.058041834039613605,a5e0d96dde997e18d9db2a42b5e73a254768c6782e73707f70067c9f9fe2e7fb
prefill.layer10.head09.qk,327412853,327523411,110558,135552,508416,0.0660938749788329,0bc8a6d383366b2e90ba7aded05a3589f4389a67b09e5f83a62da5f4dd4349a8
prefill.layer10.head09.softmax,327523411,327566788,43377,47220,250368,0.02740841603372246,123ed3c30416122dc09685426d03878c9954abaa03f4f95c589c90d48f8499ea
prefill.layer10.head09.pv,327566788,327646884,80096,122688,385280,0.05757308297324926,337e59b511c0ccea0e8136f37f9c0fa4591fcaabc0292c94cec9253664b54991
prefill.layer10.head10.qk,327646884,327758130,111246,135552,508416,0.06583766697440296,54656a14ef0b625732b8e4d672707160e84f67b1e452e5b3c5d82314091f89e4
prefill.layer10.head10.softmax,327758130,327802406,44276,47220,250368,0.02729791693855077,123ed3c30416122dc09685426d03878c9954abaa03f4f95c589c90d48f8499ea
prefill.layer10.head10.pv,327802406,327883355,80949,122688,385280,0.05744079197756946,d36c3646a478c40ba3237b1266e12db53cd839857f1325f7e55ba34815a7144d
prefill.layer10.head11.qk,327883355,327993980,110625,135552,508416,0.06620925001334399,a78bc50499a28a37783e5033a184e51bc00ff2b03883e39ba9ba0f883b4a4281
prefill.layer10.head11.softmax,327993980,328036990,43010,47220,250368,0.027319291955791414,123ed3c30416122dc09685426d03878c9954abaa03f4f95c589c90d48f8499ea
prefill.layer10.head11.pv,328036990,328117705,80715,122688,385280,0.05734491697512567,6d4d52f1249eb8b8712a8ada6629d61e950f22654d8d8f37c40e0d5f77f1cd00
prefill.layer10.head12.qk,328117705,328228917,111212,135552,508416,0.06673458300065249,738083cb8d2248f905c165b73fa238d1eee81b16c66f9b32421a74cf88ede52e
prefill.layer10.head12.softmax,328228917,328272642,43725,47220,250368,0.02771758404560387,123ed3c30416122dc09685426d03878c9954abaa03f4f95c589c90d48f8499ea
prefill.layer10.head12.pv,328272642,328353125,80483,122688,385280,0.05800416704732925,b66c9a345a9e683d5dbf013cf2da0a96d01bddf561ccd16a62cb2dccd27d75b8
prefill.layer10.head13.qk,328353125,328465892,112767,135552,508416,0.06681325007230043,e21666369cc2ae8e151bbf1af7cc999cfe373c56a8114f0a09e72faff83d2ba3
prefill.layer10.head13.softmax,328465892,328509751,43859,47220,250368,0.02734354103449732,123ed3c30416122dc09685426d03878c9954abaa03f4f95c589c90d48f8499ea
prefill.layer10.head13.pv,328509751,328591554,81803,122688,385280,0.05708037503063679,aea2003adb894e7786902695a979a89297e29708ad011ce55de88fb67da8a147
prefill.layer10.join_heads,328591554,328825694,234140,258048,731136,0.14082429197151214,8e07c32da68a60a9e318f195cfebeab7c9436ae2136c0954f5a39c80c46e1644
prefill.layer10.o.pack_activation,328825694,328895308,69614,111552,487424,0.05475395801477134,58c4612de1034e18041a8b740ffe571191e366f5d1cba59c61ddf6d13fb5dbd0
prefill.layer10.o,328895308,330575577,1680269,510272,14931616,0.4300871250452474,1788bb8559081d7a4da1d329313a2dad05f6015cb0ea359b2dbf954b2126cc43
prefill.layer10.attention_residual,330575577,330745596,170019,111104,802816,0.07350320799741894,38b111e307f7ed2390c7fc7d9df618e2a76f6652f5f25a6e0aa4ecd6d1df2c4c
prefill.layer10.norm2,330745596,330883168,137572,130560,965632,0.078961499966681,6ff3fa93bbb2fa7e7e78ab4be3c433d11c442996504d3e3838edcda4b14eaa00
prefill.layer10.gate.pack_activation,330883168,330952782,69614,111552,487424,0.05505912494845688,2e99434b1fc204064c2c80df0b7bf49fc2c81147274486fc65deaed2a6cd5506
prefill.layer10.gate,330952782,339402765,8449983,2770048,81057344,2.3302442498970777,748ec9d320e97305ca1ea8199c97c9de254b9c167907f9364f7cfabe1076ea73
prefill.layer10.up.pack_activation,339402765,339472728,69963,111552,487424,0.05437733302824199,2e99434b1fc204064c2c80df0b7bf49fc2c81147274486fc65deaed2a6cd5506
prefill.layer10.up,339472728,347897983,8425255,2770048,81057344,2.3120722079183906,641b90a91091be8c43a111e50de268345d727a4635fbd508192194258dcf1532
prefill.layer10.swiglu,347897983,348703945,805962,612864,4358144,0.3898382500046864,e986f4d594d68baf6bbdca23d228d64a627913d38c9d41909fe6fe19136f9393
prefill.layer10.down.pack_activation,348703945,349083388,379443,605568,2646016,0.29794741701334715,0ff1ca7ec1de1a670af542665206c016f1df660037d2e3af4e6b4d9d3fe96096
prefill.layer10.down,349083388,355044050,5960662,1635200,57595552,1.5300998330349103,522f7b072d2271555212726e20171d03e837af598fa458e7dddb8fe1a6f4ef7f
prefill.layer10.ffn_residual,355044050,355216242,172192,111104,802816,0.07244749995879829,38b111e307f7ed2390c7fc7d9df618e2a76f6652f5f25a6e0aa4ecd6d1df2c4c
prefill.layer11.norm1,355216242,355353248,137006,130560,965632,0.07773904199711978,7085c2dc71816b9c7fd542eb12eba229a1be520661a21159ddbbb9b68c5956df
prefill.layer11.q.pack_activation,355353248,355423988,70740,111552,487424,0.05394687503576279,2e99434b1fc204064c2c80df0b7bf49fc2c81147274486fc65deaed2a6cd5506
prefill.layer11.q,355423988,357066254,1642266,514304,14946848,0.4260464170947671,3d75c23b7d3cb422b266d60ed367c4cec3af2070b33ec15543564058d5749542
prefill.layer11.k.pack_activation,357066254,357136099,69845,111552,487424,0.05365141702350229,2e99434b1fc204064c2c80df0b7bf49fc2c81147274486fc65deaed2a6cd5506
prefill.layer11.k,357136099,357343326,207227,73472,2135264,0.053171959007158875,d8eac53fad1ac21ec872a16d428338050136f537518c9c745c7f5a9d05dd8c48
prefill.layer11.v.pack_activation,357343326,357412924,69598,111552,487424,0.05356983304955065,2e99434b1fc204064c2c80df0b7bf49fc2c81147274486fc65deaed2a6cd5506
prefill.layer11.v,357412924,357618478,205554,73472,2135264,0.05338112497702241,d2a44f2c9312799f1862227c0c78b6ec0a375c88f1df9f57e839546733d31d91
prefill.layer11.rope_q,357618478,357831271,212793,215040,910336,0.12952704192139208,0bbbb1c469d160c9c1dd668cbcf823ab9a170c7bdb13115a8ec8f2c2f2b13f25
prefill.layer11.rope_k_append,357831271,357862388,31117,30720,130048,0.018603999982587993,6ac393eb327fd34471abeb4f5981fca8dc3e54724be54eed19ce2ba6728d0a66
prefill.layer11.v_append,357862388,357902538,40150,41984,116736,0.023055917001329362,18d6e65ea479bc31c68c8f2d877774579501bb34b29258e5e2b4dbe75f08c4d3
prefill.layer11.head00.qk,357902538,358015646,113108,135552,508416,0.06462800002191216,79b7752e786dcbc9992c2c3418c98c1a66c9063287f4e2631394476b9737839f
prefill.layer11.head00.softmax,358015646,358060000,44354,47220,250368,0.027292000013403594,123ed3c30416122dc09685426d03878c9954abaa03f4f95c589c90d48f8499ea
prefill.layer11.head00.pv,358060000,358140432,80432,122688,385280,0.05641674995422363,85f4e49874913025300f21fb5facc69339e11694415d70d088dfa5112737240e
prefill.layer11.head01.qk,358140432,358251952,111520,135552,508416,0.06514862505719066,8d22171dee686b8b310e3d91f3176577d8797e3f986945581981b6909f04c92d
prefill.layer11.head01.softmax,358251952,358295395,43443,47220,250368,0.027031833888031542,123ed3c30416122dc09685426d03878c9954abaa03f4f95c589c90d48f8499ea
prefill.layer11.head01.pv,358295395,358376345,80950,122688,385280,0.055908125010319054,3b7eb97c37ac40f2523bc85bebbb6b4bd9a1696c2c6667698a53d4716a8058d6
prefill.layer11.head02.qk,358376345,358486869,110524,135552,508416,0.06494204106274992,143c5b675c0802e47050f8892972695f600fff3ba405ccd15f36ca50362b1c97
prefill.layer11.head02.softmax,358486869,358531215,44346,47220,250368,0.027144958032295108,123ed3c30416122dc09685426d03878c9954abaa03f4f95c589c90d48f8499ea
prefill.layer11.head02.pv,358531215,358611695,80480,122688,385280,0.05628058302681893,c32c99d22f98262727b9dfc7adc8b3d004f76b1879149e88626e9b9043910853
prefill.layer11.head03.qk,358611695,358724106,112411,135552,508416,0.06527579191606492,9aa16ec3614420056b42366d8edd3b55d7840c2a21cee8a85eee531322198ecb
prefill.layer11.head03.softmax,358724106,358769108,45002,47220,250368,0.02739658299833536,123ed3c30416122dc09685426d03878c9954abaa03f4f95c589c90d48f8499ea
prefill.layer11.head03.pv,358769108,358849398,80290,122688,385280,0.0563308330019936,1ebcee83e271c479e891883002ca48a83371d19ea01c7999b8a012496462b721
prefill.layer11.head04.qk,358849398,358960452,111054,135552,508416,0.06505158299114555,737e6f3445208a1ad9464e8025062dea5ec940782e30198d34c92e5fbf2b9474
prefill.layer11.head04.softmax,358960452,359003893,43441,47220,250368,0.02707662503235042,123ed3c30416122dc09685426d03878c9954abaa03f4f95c589c90d48f8499ea
prefill.layer11.head04.pv,359003893,359084182,80289,122688,385280,0.05606141698081046,372844685ea87f501bab219c2798c0b376b229a126ba09880ac694e8d65e0bfe
prefill.layer11.head05.qk,359084182,359195581,111399,135552,508416,0.06531779107172042,8330d8a511a5acec4ca9e69ef5499281bb1a6f78dd98a1e1ef55129ae3c65659
prefill.layer11.head05.softmax,359195581,359239339,43758,47220,250368,0.027075250050984323,123ed3c30416122dc09685426d03878c9954abaa03f4f95c589c90d48f8499ea
prefill.layer11.head05.pv,359239339,359319549,80210,122688,385280,0.056489541893824935,1aa839fd706d86cf2a5e5ff5d563bce022d5096f1f0131b828a83a682b24a8a2
prefill.layer11.head06.qk,359319549,359430368,110819,135552,508416,0.06492054194677621,93eb1d3ad9348f8a3e0354a7f0658f3c12db42f5fbd339d358d11b07f94221b4
prefill.layer11.head06.softmax,359430368,359473729,43361,47220,250368,0.027054709033109248,123ed3c30416122dc09685426d03878c9954abaa03f4f95c589c90d48f8499ea
prefill.layer11.head06.pv,359473729,359555118,81389,122688,385280,0.05637154099531472,a870ee40c1a2f6593a521746d7ed095d2fe9c92731597a4141acdff4de3360c6
prefill.layer11.head07.qk,359555118,359666544,111426,135552,508416,0.06493112491443753,58e2aec247b54d3cff1d529f6ad6b07dcf8aa5419edf6e4e1a26e1eba97a13e8
prefill.layer11.head07.softmax,359666544,359710229,43685,47220,250368,0.027486875071190298,123ed3c30416122dc09685426d03878c9954abaa03f4f95c589c90d48f8499ea
prefill.layer11.head07.pv,359710229,359790950,80721,122688,385280,0.05784650007262826,f5b664ba1123797ee4294ab7e404c0814aaf61c1c808be5176ed6522f6e03bd8
prefill.layer11.head08.qk,359790950,359902198,111248,135552,508416,0.06663237500470132,0f032cb72bbec0dff1fbd517d8e5749b5a4d6f8f1fa593ea42ffdae66f699075
prefill.layer11.head08.softmax,359902198,359945749,43551,47220,250368,0.02736391592770815,123ed3c30416122dc09685426d03878c9954abaa03f4f95c589c90d48f8499ea
prefill.layer11.head08.pv,359945749,360026557,80808,122688,385280,0.05776337499264628,c564046cf95ed759df6a633d1a37cf8a9d0f31fc33d4ba7af7b1f50297d9b2a8
prefill.layer11.head09.qk,360026557,360137543,110986,135552,508416,0.06640216591767967,a61a265d27b5c69743ec42532c4a7efc8690623d16e4ee3f5e430a41daf0eef4
prefill.layer11.head09.softmax,360137543,360181426,43883,47220,250368,0.02734420809429139,123ed3c30416122dc09685426d03878c9954abaa03f4f95c589c90d48f8499ea
prefill.layer11.head09.pv,360181426,360262641,81215,122688,385280,0.05740929197054356,0067a2e6376dbccbc0fa6f415aa47e1d2ae4cb8df0c269859ac9a41dc33e063f
prefill.layer11.head10.qk,360262641,360374664,112023,135552,508416,0.06601479195524007,92b5de6ca17793c693f9eeba9a20906ef703f39a95140fee4318092097076fe9
prefill.layer11.head10.softmax,360374664,360418732,44068,47220,250368,0.027366667054593563,123ed3c30416122dc09685426d03878c9954abaa03f4f95c589c90d48f8499ea
prefill.layer11.head10.pv,360418732,360499869,81137,122688,385280,0.05738270899746567,368fa08bed149a673d52f00c0fdebef45a082ef196311dbc0130e104fc7645a1
prefill.layer11.head11.qk,360499869,360609871,110002,135552,508416,0.0660873749293387,45d327366b6be8a427ff7d3947feef94c673295acc291101a8c390f1c7d71972
prefill.layer11.head11.softmax,360609871,360653449,43578,47220,250368,0.02738833404146135,123ed3c30416122dc09685426d03878c9954abaa03f4f95c589c90d48f8499ea
prefill.layer11.head11.pv,360653449,360734439,80990,122688,385280,0.05788112501613796,3a867b1bf8ebeb51b5458da5537200094133a59196075f5b4496fb32a45d27a8
prefill.layer11.head12.qk,360734439,360843770,109331,135552,508416,0.06969004194252193,ea6b2e0d68af5ad2396646ca91f087caae302f92a83e8423dc4ae5f0faa001c3
prefill.layer11.head12.softmax,360843770,360888141,44371,47220,250368,0.027424292056821287,123ed3c30416122dc09685426d03878c9954abaa03f4f95c589c90d48f8499ea
prefill.layer11.head12.pv,360888141,360968705,80564,122688,385280,0.05683866608887911,556d1ab2d033ff7ed53741375068fea8a736a60fa55258bede853b42d153012a
prefill.layer11.head13.qk,360968705,361079515,110810,135552,508416,0.06574279209598899,910c55eaba69f3f56a7ba2cd8dc4ad722729eb0ebf340f525f4e228806dd2efa
prefill.layer11.head13.softmax,361079515,361123436,43921,47220,250368,0.02748925006017089,123ed3c30416122dc09685426d03878c9954abaa03f4f95c589c90d48f8499ea
prefill.layer11.head13.pv,361123436,361205009,81573,122688,385280,0.056668082950636744,5385970f2bda339e5bc82b63186dabee1e1f92eb05c0b99fd42363869c8ac593
prefill.layer11.join_heads,361205009,361438869,233860,258048,731136,0.1376887500518933,8e07c32da68a60a9e318f195cfebeab7c9436ae2136c0954f5a39c80c46e1644
prefill.layer11.o.pack_activation,361438869,361508483,69614,111552,487424,0.05379612499382347,58c4612de1034e18041a8b740ffe571191e366f5d1cba59c61ddf6d13fb5dbd0
prefill.layer11.o,361508483,363298395,1789912,510272,14931616,0.42457437503617257,65f73f82a483de7b04b7345088f3e5658fd106b60cd7f834a290ce8a8c6bb1d5
prefill.layer11.attention_residual,363298395,363469203,170808,111104,802816,0.07198941695969552,38b111e307f7ed2390c7fc7d9df618e2a76f6652f5f25a6e0aa4ecd6d1df2c4c
prefill.layer11.norm2,363469203,363606543,137340,130560,965632,0.07633025001268834,64db02285be95e7574486663102ed6d3a43d131ac4c886369ad8d90055a27af9
prefill.layer11.gate.pack_activation,363606543,363676157,69614,111552,487424,0.053595707984641194,2e99434b1fc204064c2c80df0b7bf49fc2c81147274486fc65deaed2a6cd5506
prefill.layer11.gate,363676157,371997918,8321761,2770048,81057344,2.2964167909231037,c9da1c1626e2bc25a2a6332eb02d0ec5107597375b26724a2ae46398a42f8716
prefill.layer11.up.pack_activation,371997918,372067953,70035,111552,487424,0.05460495897568762,2e99434b1fc204064c2c80df0b7bf49fc2c81147274486fc65deaed2a6cd5506
prefill.layer11.up,372067953,380533835,8465882,2770048,81057344,2.3041426660493016,44a8b55678664b4d7da4441c712f2e39f492a0282c5e55f78e365517362e29c2
prefill.layer11.swiglu,380533835,381337944,804109,612864,4358144,0.3949040420120582,e986f4d594d68baf6bbdca23d228d64a627913d38c9d41909fe6fe19136f9393
prefill.layer11.down.pack_activation,381337944,381715045,377101,605568,2646016,0.31006570905447006,0ff1ca7ec1de1a670af542665206c016f1df660037d2e3af4e6b4d9d3fe96096
prefill.layer11.down,381715045,387310809,5595764,1635200,57595552,1.4920907500199974,a1fafb99aa172646aff791b975f29b8110b6e6ca781fec42090eedcd713479a2
prefill.layer11.ffn_residual,387310809,387482422,171613,111104,802816,0.07435791601892561,38b111e307f7ed2390c7fc7d9df618e2a76f6652f5f25a6e0aa4ecd6d1df2c4c
prefill.layer12.norm1,387482422,387619545,137123,130560,965632,0.07786804100032896,df0439f4e43118c09af739b7b593703e7dfeb989bc70e3c32314165153c22ef2
prefill.layer12.q.pack_activation,387619545,387689159,69614,111552,487424,0.053754833061248064,2e99434b1fc204064c2c80df0b7bf49fc2c81147274486fc65deaed2a6cd5506
prefill.layer12.q,387689159,389381035,1691876,514304,14946848,0.42361049994360656,509ff3cc7934d0a15060ebf6fa775dd9b4150fa4ae8788029f826e25963b215a
prefill.layer12.k.pack_activation,389381035,389451421,70386,111552,487424,0.053969708969816566,2e99434b1fc204064c2c80df0b7bf49fc2c81147274486fc65deaed2a6cd5506
prefill.layer12.k,389451421,389658871,207450,73472,2135264,0.05297779093962163,ac5aa06adb66a78280642cbb5198a43d70886527bc199631a8220688358583cf
prefill.layer12.v.pack_activation,389658871,389728938,70067,111552,487424,0.0535059169633314,2e99434b1fc204064c2c80df0b7bf49fc2c81147274486fc65deaed2a6cd5506
prefill.layer12.v,389728938,389935362,206424,73472,2135264,0.054321874980814755,e1414789c47892b59ba790f4c04d441a4f98057763d962417582a39555326e50
prefill.layer12.rope_q,389935362,390146609,211247,215040,910336,0.12929137505125254,0bbbb1c469d160c9c1dd668cbcf823ab9a170c7bdb13115a8ec8f2c2f2b13f25
prefill.layer12.rope_k_append,390146609,390177726,31117,30720,130048,0.018602792057208717,1433ae776aab4c52c3e14960e96df92a74b1a09227f363180751d0d5c62867e2
prefill.layer12.v_append,390177726,390217876,40150,41984,116736,0.023116332944482565,d847fc6433f787ec68bf7696e83162c1f0931b5c58d7d8cf165208aa4bf7bcef
prefill.layer12.head00.qk,390217876,390330760,112884,135552,508416,0.06487312505487353,8aae03b730895c9828a89bccb41e600eda1b6b542bd44ce9ddbcefef2a0fbb3f
prefill.layer12.head00.softmax,390330760,390375604,44844,47220,250368,0.02714820799883455,123ed3c30416122dc09685426d03878c9954abaa03f4f95c589c90d48f8499ea
prefill.layer12.head00.pv,390375604,390456034,80430,122688,385280,0.056853291927836835,4f340ad06c62a0ef6782a6b6e697b7c69b906845dbfceca0ffccb966cec806aa
prefill.layer12.head01.qk,390456034,390568808,112774,135552,508416,0.06549533305224031,9c9c743e0bbd87cb4a3e0be61ad57a8230aa2d1b9efab15ca806519d2c946580
prefill.layer12.head01.softmax,390568808,390611959,43151,47220,250368,0.026907999999821186,123ed3c30416122dc09685426d03878c9954abaa03f4f95c589c90d48f8499ea
prefill.layer12.head01.pv,390611959,390693106,81147,122688,385280,0.05688424990512431,ba17bce1722f01ec8593321b7fa35d4569a023adea489cf7249c3b1bdf92b083
prefill.layer12.head02.qk,390693106,390803767,110661,135552,508416,0.06539804197382182,3ff5d5710d12f3b76022cc3975c8ad550c6a378185aa6a8c780d6b43d266c34f
prefill.layer12.head02.softmax,390803767,390848119,44352,47220,250368,0.027144749998115003,123ed3c30416122dc09685426d03878c9954abaa03f4f95c589c90d48f8499ea
prefill.layer12.head02.pv,390848119,390928855,80736,122688,385280,0.05690545798279345,128d26edbc3449718455897726796776c4da21e0f399e00909db494667a7eb44
prefill.layer12.head03.qk,390928855,391039459,110604,135552,508416,0.0654399999184534,f625e5b4d93b39b52f65c161ee6d9c08e293dfb7a8634679f47c55592624c29f
prefill.layer12.head03.softmax,391039459,391083278,43819,47220,250368,0.027042416972108185,123ed3c30416122dc09685426d03878c9954abaa03f4f95c589c90d48f8499ea
prefill.layer12.head03.pv,391083278,391164289,81011,122688,385280,0.05695216602180153,796aca6b4fd89f975fd633bdb943834b6b420ee82ccb517974eab5d7449d4bd1
prefill.layer12.head04.qk,391164289,391275592,111303,135552,508416,0.065654749982059,b8570bb2da88dee92932df6f47d31bb5b6a773dbc2c9629bdeace06011d4629d
prefill.layer12.head04.softmax,391275592,391318899,43307,47220,250368,0.027497250004671514,123ed3c30416122dc09685426d03878c9954abaa03f4f95c589c90d48f8499ea
prefill.layer12.head04.pv,391318899,391399134,80235,122688,385280,0.056821041041985154,95361b530463c72576fcffd7cf8684b3fe069ffda95fc928a7725bafb37d5827
prefill.layer12.head05.qk,391399134,391511683,112549,135552,508416,0.06571100000292063,5d1c9b3d01553a9c1fbd512d216fc23f1328659f9f2d1f3e14e632bcdcf4eecb
prefill.layer12.head05.softmax,391511683,391555525,43842,47220,250368,0.02714441600255668,123ed3c30416122dc09685426d03878c9954abaa03f4f95c589c90d48f8499ea
prefill.layer12.head05.pv,391555525,391635744,80219,122688,385280,0.05656579206697643,4502b07ec660a7d7a85019f93728b6a179a105fa9578d160c69e4c761a68fc8e
prefill.layer12.head06.qk,391635744,391746718,110974,135552,508416,0.06559891696088016,59cbb07f56aa0a584a987e2ba1a48df701abfd0ac1d023c63021bce15c1e0a2c
prefill.layer12.head06.softmax,391746718,391790720,44002,47220,250368,0.027372458949685097,123ed3c30416122dc09685426d03878c9954abaa03f4f95c589c90d48f8499ea
prefill.layer12.head06.pv,391790720,391871820,81100,122688,385280,0.05691625003237277,6feeb5049ec664ffbf8d1e414b663a7e8a8d9420141b7cd825e0de65d61caaf9
prefill.layer12.head07.qk,391871820,391983784,111964,135552,508416,0.07015970803331584,f732d8c24d6d8e65e798d896f204a80078a8449829be8114e6b23a66205f2f55
prefill.layer12.head07.softmax,391983784,392028097,44313,47220,250368,0.02819887502118945,123ed3c30416122dc09685426d03878c9954abaa03f4f95c589c90d48f8499ea
prefill.layer12.head07.pv,392028097,392108896,80799,122688,385280,0.056920583941973746,7295a6d6a55527ed95965ea419ab4345e783219ced55d0f4f89ba1802a448a0c
prefill.layer12.head08.qk,392108896,392219992,111096,135552,508416,0.06525420804973692,548c13968c18b8afb81c847a0881e6fa674d9a3df60c30e365676a8b13426455
prefill.layer12.head08.softmax,392219992,392263464,43472,47220,250368,0.027193583897314966,123ed3c30416122dc09685426d03878c9954abaa03f4f95c589c90d48f8499ea
prefill.layer12.head08.pv,392263464,392344136,80672,122688,385280,0.0570785419549793,2cf50e5ad12c9edf463cdea311bfe1724143aa7853c830b59f187e1599771b31
prefill.layer12.head09.qk,392344136,392455482,111346,135552,508416,0.06533233402296901,9b1c76aa5aaa9e02d11fa1b32961569d4186b8fce7de579d85b7a0495f1c0ec2
prefill.layer12.head09.softmax,392455482,392498894,43412,47220,250368,0.02699508296791464,123ed3c30416122dc09685426d03878c9954abaa03f4f95c589c90d48f8499ea
prefill.layer12.head09.pv,392498894,392580038,81144,122688,385280,0.05674549995455891,91cbbd580edb8b7ef6b35ce7dfe29d0d213f6393590546132cba4fe99115cb58
prefill.layer12.head10.qk,392580038,392691810,111772,135552,508416,0.06605741695966572,dc48cfed92c3189edcc56f17648af7b7741607b44fd231f4d1c7aabf7a0780ed
prefill.layer12.head10.softmax,392691810,392735501,43691,47220,250368,0.02683350001461804,123ed3c30416122dc09685426d03878c9954abaa03f4f95c589c90d48f8499ea
prefill.layer12.head10.pv,392735501,392816932,81431,122688,385280,0.05704558303114027,148c82fbef10fcfea87fd5c4154790801632bd2ab695607263ce18155b99323c
prefill.layer12.head11.qk,392816932,392928010,111078,135552,508416,0.0659880000166595,717d97c94c2d721a9d6eb8e0e835dd97c3c61fbe7cf0f345258e4b8427087bb4
prefill.layer12.head11.softmax,392928010,392971486,43476,47220,250368,0.027971999952569604,123ed3c30416122dc09685426d03878c9954abaa03f4f95c589c90d48f8499ea
prefill.layer12.head11.pv,392971486,393053025,81539,122688,385280,0.05838854203466326,4163a0268cf1531c9ad2fedf2e310c9bf53472b0abcba8d7f041679939c0cf15
prefill.layer12.head12.qk,393053025,393163129,110104,135552,508416,0.06715187500230968,99cff42c437928726ad969a5c61a5a5fe40cd431916f34ef47a6e561da0ed346
prefill.layer12.head12.softmax,393163129,393207390,44261,47220,250368,0.027308624936267734,123ed3c30416122dc09685426d03878c9954abaa03f4f95c589c90d48f8499ea
prefill.layer12.head12.pv,393207390,393287918,80528,122688,385280,0.05708312499336898,0da6047e28c3424cf92c25439e32be8aa75dab01aca566bd4d526b8dec3a3189
prefill.layer12.head13.qk,393287918,393400146,112228,135552,508416,0.06614616699516773,79e91dfb2545fa48c77ffe9f592d54a54fed0f62a0ca2410c3c8d2d1c3d7f46d
prefill.layer12.head13.softmax,393400146,393443626,43480,47220,250368,0.027163582970388234,123ed3c30416122dc09685426d03878c9954abaa03f4f95c589c90d48f8499ea
prefill.layer12.head13.pv,393443626,393524595,80969,122688,385280,0.057641665916889906,fa5e1afa614de86d2f0759e5af3639cdee66e65c7622137c330994694a6bb182
prefill.layer12.join_heads,393524595,393760106,235511,258048,731136,0.1375225830124691,8e07c32da68a60a9e318f195cfebeab7c9436ae2136c0954f5a39c80c46e1644
prefill.layer12.o.pack_activation,393760106,393829720,69614,111552,487424,0.05516520806122571,58c4612de1034e18041a8b740ffe571191e366f5d1cba59c61ddf6d13fb5dbd0
prefill.layer12.o,393829720,395474406,1644686,510272,14931616,0.4230754579184577,e71e7573e83ed821134d943d254c5afce4d6e73142edd3a81fcd7eb008f78303
prefill.layer12.attention_residual,395474406,395650380,175974,111104,802816,0.07295229204464704,38b111e307f7ed2390c7fc7d9df618e2a76f6652f5f25a6e0aa4ecd6d1df2c4c
prefill.layer12.norm2,395650380,395787910,137530,130560,965632,0.07661054201889783,4415b08cebcfabc8c7c701dd48ce622c23bb38d84e07b3fad6f16f50c3e46aba
prefill.layer12.gate.pack_activation,395787910,395857524,69614,111552,487424,0.05381449998822063,2e99434b1fc204064c2c80df0b7bf49fc2c81147274486fc65deaed2a6cd5506
prefill.layer12.gate,395857524,404334861,8477337,2770048,81057344,2.3104646670399234,6cac7ecad0a134bff82533bf730b0f779e091cfcb10086c9ccb8a9c02170cdb7
prefill.layer12.up.pack_activation,404334861,404404845,69984,111552,487424,0.056069166981615126,2e99434b1fc204064c2c80df0b7bf49fc2c81147274486fc65deaed2a6cd5506
prefill.layer12.up,404404845,412831800,8426955,2770048,81057344,2.293010250083171,28c483babe458fd2b9076e888c965a558666ba9e317f9df12d4edc1896e0a39e
prefill.layer12.swiglu,412831800,413637948,806148,612864,4358144,0.3828260420123115,e986f4d594d68baf6bbdca23d228d64a627913d38c9d41909fe6fe19136f9393
prefill.layer12.down.pack_activation,413637948,414015156,377208,605568,2646016,0.294066125061363,0ff1ca7ec1de1a670af542665206c016f1df660037d2e3af4e6b4d9d3fe96096
prefill.layer12.down,414015156,419637982,5622826,1635200,57595552,1.4701106670545414,ba6d56a5432a9ce299cb23d6b8aa7ec3683c7356392b65c788a7c39a8cecf9bc
prefill.layer12.ffn_residual,419637982,419808589,170607,111104,802816,0.07234066701494157,38b111e307f7ed2390c7fc7d9df618e2a76f6652f5f25a6e0aa4ecd6d1df2c4c
prefill.layer13.norm1,419808589,419946034,137445,130560,965632,0.07704050000756979,c87f2f909dbdd1941a176edbabf6161376afb1c8197872400c3b3037171ee9df
prefill.layer13.q.pack_activation,419946034,420015648,69614,111552,487424,0.053964209044352174,2e99434b1fc204064c2c80df0b7bf49fc2c81147274486fc65deaed2a6cd5506
prefill.layer13.q,420015648,421648154,1632506,514304,14946848,0.4216637499630451,d79e04aeff1efa63d091f63e8f51f220c7575d9247d3f5391dab200232f6dfa3
prefill.layer13.k.pack_activation,421648154,421718079,69925,111552,487424,0.054042042000219226,2e99434b1fc204064c2c80df0b7bf49fc2c81147274486fc65deaed2a6cd5506
prefill.layer13.k,421718079,421925499,207420,73472,2135264,0.05441491608507931,179805a2109c640ac31028a36bef33838f4f930b0e9c82ce05b591920252ca19
prefill.layer13.v.pack_activation,421925499,421994471,68972,111552,487424,0.05479262489825487,2e99434b1fc204064c2c80df0b7bf49fc2c81147274486fc65deaed2a6cd5506
prefill.layer13.v,421994471,422201852,207381,73472,2135264,0.054136999999172986,ac10f7da74d10fb90b63dce0cbfd7d9173563bf9c704c0cfcbac96f1bf38c5ca
prefill.layer13.rope_q,422201852,422415406,213554,215040,910336,0.13059966696891934,0bbbb1c469d160c9c1dd668cbcf823ab9a170c7bdb13115a8ec8f2c2f2b13f25
prefill.layer13.rope_k_append,422415406,422446837,31431,30720,130048,0.018798583070747554,18ec64a515dfac291db9fdbb14937a3a70367ef0a0c88437291b1d2e2638cb72
prefill.layer13.v_append,422446837,422486986,40149,41984,116736,0.023130708024837077,ea76c8274ff906522f4a397693d470df457a9f66c8326cfe5a644cb9347a800e
prefill.layer13.head00.qk,422486986,422600564,113578,135552,508416,0.06507675000466406,d592c245b50a0506b255c2d4b3210bfa31f3c04626117add4c4a347929b070f5
prefill.layer13.head00.softmax,422600564,422644984,44420,47220,250368,0.027493666973896325,123ed3c30416122dc09685426d03878c9954abaa03f4f95c589c90d48f8499ea
prefill.layer13.head00.pv,422644984,422725877,80893,122688,385280,0.05677691602613777,19f296322c9d9ba7d766f40500ad590972f82172297fbd36de4dcd1800dfc4b1
prefill.layer13.head01.qk,422725877,422835818,109941,135552,508416,0.06535541592165828,6e167e7521825fadec792d5c95a9b86a81e18408fc18f8a942817b0cbbaa72b2
prefill.layer13.head01.softmax,422835818,422880137,44319,47220,250368,0.02699445898178965,123ed3c30416122dc09685426d03878c9954abaa03f4f95c589c90d48f8499ea
prefill.layer13.head01.pv,422880137,422960455,80318,122688,385280,0.056340084061957896,b7a4ef6c0818e3b3ad3050d8458976c86efb251eb57473e97d9192c24a06ccd5
prefill.layer13.head02.qk,422960455,423071465,111010,135552,508416,0.06812845799140632,57cc624c9b4766797c20149edd8666025a180bcd48d8c56c2b8e5216a84d65da
prefill.layer13.head02.softmax,423071465,423115104,43639,47220,250368,0.027459500008262694,123ed3c30416122dc09685426d03878c9954abaa03f4f95c589c90d48f8499ea
prefill.layer13.head02.pv,423115104,423195623,80519,122688,385280,0.05703045893460512,2117319839d6aa27f439843d6f189f54d755ecb0104c39f064e063e63ad20ee0
prefill.layer13.head03.qk,423195623,423307444,111821,135552,508416,0.06587266596034169,67025d3f324717009996483534381f6d5b8dd90662ab0dcacf8477fb7be90b30
prefill.layer13.head03.softmax,423307444,423351196,43752,47220,250368,0.02704933297354728,123ed3c30416122dc09685426d03878c9954abaa03f4f95c589c90d48f8499ea
prefill.layer13.head03.pv,423351196,423432460,81264,122688,385280,0.05652124993503094,740836669624149a2d203adc3254ce3ed8545f6ee3cca225d4b2e49fe5aa0b2f
prefill.layer13.head04.qk,423432460,423542604,110144,135552,508416,0.06497804203536361,2e816dc572279ccad5c888feda16e741799daf66818f5f58973c8510452316c3
prefill.layer13.head04.softmax,423542604,423586481,43877,47220,250368,0.026984083000570536,123ed3c30416122dc09685426d03878c9954abaa03f4f95c589c90d48f8499ea
prefill.layer13.head04.pv,423586481,423667513,81032,122688,385280,0.056618250091560185,b44d8127fe4d086e55d090f72a816b277dd5cd624c6a441a7d5be45b9e2a834f
prefill.layer13.head05.qk,423667513,423778553,111040,135552,508416,0.06565966596826911,8d3bdaa027c24d17750c7fb6f0626fb005194b4a8b8116dc567d1a4f7e91fc6e
prefill.layer13.head05.softmax,423778553,423822253,43700,47220,250368,0.027028125012293458,123ed3c30416122dc09685426d03878c9954abaa03f4f95c589c90d48f8499ea
prefill.layer13.head05.pv,423822253,423903486,81233,122688,385280,0.05595445795916021,4cdd5280735404fd631354a6f6af566a5af88efaaab836d5d472b16593239f62
prefill.layer13.head06.qk,423903486,424013822,110336,135552,508416,0.06467650004196912,d7756a20fa08d35a8bea5304fdf0de627e105a3fa4517112db5e854fe854da9c
prefill.layer13.head06.softmax,424013822,424057145,43323,47220,250368,0.026978833018802106,123ed3c30416122dc09685426d03878c9954abaa03f4f95c589c90d48f8499ea
prefill.layer13.head06.pv,424057145,424138368,81223,122688,385280,0.056638167006894946,e5c5a31e6f9f9e358bc55f73b30c3f3735409dede42e9787506ea48d93f1d720
prefill.layer13.head07.qk,424138368,424250639,112271,135552,508416,0.06659279204905033,36f2c3afc1d650504bfd2ca6ad7470b10ab53ca2f3cdcf26293fe94b70a42d11
prefill.layer13.head07.softmax,424250639,424295239,44600,47220,250368,0.028700332972221076,123ed3c30416122dc09685426d03878c9954abaa03f4f95c589c90d48f8499ea
prefill.layer13.head07.pv,424295239,424376039,80800,122688,385280,0.05827150004915893,73e25d55e0b530047154d9a262f3d0a0496c776b922bec3255f4113b0e4e65f3
prefill.layer13.head08.qk,424376039,424486889,110850,135552,508416,0.06577866605948657,9dc6b87066830a3038be7e032e924cd0134f0e0bf83b1b557265c323fbf62032
prefill.layer13.head08.softmax,424486889,424530988,44099,47220,250368,0.027246000012382865,123ed3c30416122dc09685426d03878c9954abaa03f4f95c589c90d48f8499ea
prefill.layer13.head08.pv,424530988,424611468,80480,122688,385280,0.05675829201936722,aea0dd2a40d34598663517d2a27e266bf65404f0d480e2061f044ab9df3f12dd
prefill.layer13.head09.qk,424611468,424723456,111988,135552,508416,0.06592162500601262,ed543506bf11c8394e6ffd135d072da1e67a27fc1c9ec9a5d34d1696a8cfb370
prefill.layer13.head09.softmax,424723456,424766871,43415,47220,250368,0.028503292007371783,123ed3c30416122dc09685426d03878c9954abaa03f4f95c589c90d48f8499ea
prefill.layer13.head09.pv,424766871,424847746,80875,122688,385280,0.05694799998309463,f32812f33bb49989883fc91aede5922c85adc4afb5e5099916199802b333f8a0
prefill.layer13.head10.qk,424847746,424958855,111109,135552,508416,0.06551041593775153,01843aba75db89d1937a467991ed843654b9e4a95b48dcd06b5b9d418f4e5308
prefill.layer13.head10.softmax,424958855,425002795,43940,47220,250368,0.027316292049363256,123ed3c30416122dc09685426d03878c9954abaa03f4f95c589c90d48f8499ea
prefill.layer13.head10.pv,425002795,425083294,80499,122688,385280,0.05722254095599055,56ec23315f7d834f58a24c6f549be2055e8015be9255a9476ff9ea929ee99dc2
prefill.layer13.head11.qk,425083294,425193637,110343,135552,508416,0.06592508300673217,00bdd3a5c31612972224b1e5c76602197020c8fc97a20246a3d50363b5952fcd
prefill.layer13.head11.softmax,425193637,425237400,43763,47220,250368,0.02717295801267028,123ed3c30416122dc09685426d03878c9954abaa03f4f95c589c90d48f8499ea
prefill.layer13.head11.pv,425237400,425318217,80817,122688,385280,0.05769112496636808,06dd8fa6e2e92f283dd80b5973090aef6454136b8bdf155ea173b3202b6d30ef
prefill.layer13.head12.qk,425318217,425428712,110495,135552,508416,0.06694191694259644,f212521c3b429469cba15d727412052b63546aadfc7b3f15b1aaf91d8de6aad9
prefill.layer13.head12.softmax,425428712,425472960,44248,47220,250368,0.027101875049993396,123ed3c30416122dc09685426d03878c9954abaa03f4f95c589c90d48f8499ea
prefill.layer13.head12.pv,425472960,425553980,81020,122688,385280,0.05655450001358986,c1154d68421bdb29ba418d70aa0303ef47668f5fe8835de5d8bf42d0a8542544
prefill.layer13.head13.qk,425553980,425664907,110927,135552,508416,0.06530066591221839,7a9e0932f34fd61aac9961e25547702b9c15694e5dc18247f5c86ef0fa1dff11
prefill.layer13.head13.softmax,425664907,425708597,43690,47220,250368,0.026936042006127536,123ed3c30416122dc09685426d03878c9954abaa03f4f95c589c90d48f8499ea
prefill.layer13.head13.pv,425708597,425788788,80191,122688,385280,0.056627584039233625,3af31407480f03ddc6c6db795b7501599d76bc4f84e296c3357effb7232a4dc4
prefill.layer13.join_heads,425788788,426023117,234329,258048,731136,0.13742304197512567,8e07c32da68a60a9e318f195cfebeab7c9436ae2136c0954f5a39c80c46e1644
prefill.layer13.o.pack_activation,426023117,426092731,69614,111552,487424,0.053849957999773324,58c4612de1034e18041a8b740ffe571191e366f5d1cba59c61ddf6d13fb5dbd0
prefill.layer13.o,426092731,427692264,1599533,510272,14931616,0.4174245420144871,13d423f1609e64e4f4cb71ff643676f0bb5dec66b7b4acd3cb25310a7561c299
prefill.layer13.attention_residual,427692264,427864048,171784,111104,802816,0.07210491597652435,38b111e307f7ed2390c7fc7d9df618e2a76f6652f5f25a6e0aa4ecd6d1df2c4c
prefill.layer13.norm2,427864048,428001410,137362,130560,965632,0.07751374994404614,493db6b7e233099b0ea1e37040a4a946ee317b4a7b3a2af6c1dd4549503bd226
prefill.layer13.gate.pack_activation,428001410,428071024,69614,111552,487424,0.053591208066791296,2e99434b1fc204064c2c80df0b7bf49fc2c81147274486fc65deaed2a6cd5506
prefill.layer13.gate,428071024,436507330,8436306,2770048,81057344,2.3153944169171154,3da728844136a36e3f864ac2103c3f644fd66cd3bb963ee5951e0057f3e060aa
prefill.layer13.up.pack_activation,436507330,436577314,69984,111552,487424,0.054594040964730084,2e99434b1fc204064c2c80df0b7bf49fc2c81147274486fc65deaed2a6cd5506
prefill.layer13.up,436577314,445041335,8464021,2770048,81057344,2.29071395797655,ffedec0806d82b0eabc23006e7babd09d29b502f0317efa08aafe3b203f563ef
prefill.layer13.swiglu,445041335,445845922,804587,612864,4358144,0.3854307079454884,e986f4d594d68baf6bbdca23d228d64a627913d38c9d41909fe6fe19136f9393
prefill.layer13.down.pack_activation,445845922,446223627,377705,605568,2646016,0.29422462498769164,0ff1ca7ec1de1a670af542665206c016f1df660037d2e3af4e6b4d9d3fe96096
prefill.layer13.down,446223627,451568950,5345323,1635200,57595552,1.472831166931428,17b4e3c4f0cc250e2e7257b426d1f0cdd9e9f1e98551e2ca158728faa6a2ef99
prefill.layer13.ffn_residual,451568950,451740112,171162,111104,802816,0.0729287089779973,38b111e307f7ed2390c7fc7d9df618e2a76f6652f5f25a6e0aa4ecd6d1df2c4c
prefill.layer14.norm1,451740112,451876805,136693,130560,965632,0.07810841698665172,fc911c06e178cc5f344553a8082bfb9d1b6947e5178051e5112e332eef651f99
prefill.layer14.q.pack_activation,451876805,451946419,69614,111552,487424,0.05418020801153034,2e99434b1fc204064c2c80df0b7bf49fc2c81147274486fc65deaed2a6cd5506
prefill.layer14.q,451946419,453636787,1690368,514304,14946848,0.4292324170237407,a9d1b0cf8b6a1e007004a200aecce11e3450169d1b24c5a61b9fcaea72125364
prefill.layer14.k.pack_activation,453636787,453706771,69984,111552,487424,0.05396074999589473,2e99434b1fc204064c2c80df0b7bf49fc2c81147274486fc65deaed2a6cd5506
prefill.layer14.k,453706771,453914354,207583,73472,2135264,0.05302491702605039,4d0c59551618bbb8a2a87a6c0cdbedca4b6303b452fc6a5a7dbf68bf0e175571
prefill.layer14.v.pack_activation,453914354,453984370,70016,111552,487424,0.05450691597070545,2e99434b1fc204064c2c80df0b7bf49fc2c81147274486fc65deaed2a6cd5506
prefill.layer14.v,453984370,454192272,207902,73472,2135264,0.05512050003744662,3364b47eea9a58cbfbb74d85f6604e3e3ca6d6137af23e819fa7bdb2f3d99de7
prefill.layer14.rope_q,454192272,454405264,212992,215040,910336,0.13065774994902313,0bbbb1c469d160c9c1dd668cbcf823ab9a170c7bdb13115a8ec8f2c2f2b13f25
prefill.layer14.rope_k_append,454405264,454436695,31431,30720,130048,0.018768707988783717,1816618de4330df7186bfd294bace0c2f53a1d3e80cdef8224b3cfb5a3d5d572
prefill.layer14.v_append,454436695,454477018,40323,41984,116736,0.023189791943877935,2867e6da648a1553f10293c0f37d477e1a737be64962f91a73d548e6fb457b2d
prefill.layer14.head00.qk,454477018,454589767,112749,135552,508416,0.06514212500769645,00aa31f0405653d11bf6d33e6dcb552204e5406d6661ee8437952c006cc96b55
prefill.layer14.head00.softmax,454589767,454633850,44083,47220,250368,0.027154666022397578,123ed3c30416122dc09685426d03878c9954abaa03f4f95c589c90d48f8499ea
prefill.layer14.head00.pv,454633850,454714280,80430,122688,385280,0.05666837503667921,37192754513c13e50b8007c55555b4255c95c594792d833c60d440c6fc5139c2
prefill.layer14.head01.qk,454714280,454825507,111227,135552,508416,0.06585795909631997,df3e5e982b8e112bb19d7c7bd08ee4f5f24b1e11f416b705d7eee85a689ba20f
prefill.layer14.head01.softmax,454825507,454869174,43667,47220,250368,0.02741745801176876,123ed3c30416122dc09685426d03878c9954abaa03f4f95c589c90d48f8499ea
prefill.layer14.head01.pv,454869174,454950071,80897,122688,385280,0.05718270898796618,ae1910e347bcc0d9707e0d820610268ad711768cf8e3c95d8ddb165a5ba57b82
prefill.layer14.head02.qk,454950071,455060563,110492,135552,508416,0.06554024992510676,ebeed811d96226d0b2d5744bfb33f748875717fecc7933a39edee80afcd7cf2e
prefill.layer14.head02.softmax,455060563,455104864,44301,47220,250368,0.027400291059166193,123ed3c30416122dc09685426d03878c9954abaa03f4f95c589c90d48f8499ea
prefill.layer14.head02.pv,455104864,455185713,80849,122688,385280,0.05680050002411008,edc8c25a3f255b0b1a7647cd9a62bd59718c59658d3b4cea947ec0cc8c87b665
prefill.layer14.head03.qk,455185713,455296540,110827,135552,508416,0.06570154207292944,bdb2ab6aac6be63e7a47705a02bae3c93f69b0af3695314c729430311aa67e33
prefill.layer14.head03.softmax,455296540,455340302,43762,47220,250368,0.02711070899385959,123ed3c30416122dc09685426d03878c9954abaa03f4f95c589c90d48f8499ea
prefill.layer14.head03.pv,455340302,455421214,80912,122688,385280,0.05673962505534291,9f5dca8c3587c458cc83a88228de28d4ba942ed2d6a85cacef4059e771c2d456
prefill.layer14.head04.qk,455421214,455532625,111411,135552,508416,0.06546074990183115,ff961c11ff9150af263a7904633dfd3018357c5b31e8acbc672d43bfc9ed0222
prefill.layer14.head04.softmax,455532625,455576549,43924,47220,250368,0.027228125021792948,123ed3c30416122dc09685426d03878c9954abaa03f4f95c589c90d48f8499ea
prefill.layer14.head04.pv,455576549,455656978,80429,122688,385280,0.056728333001956344,06e177712ece16965416bd4787e33f5fa8508692090f9a927d1e7988343e6154
prefill.layer14.head05.qk,455656978,455768101,111123,135552,508416,0.06586108298506588,592406f6ec630478a16db5dea4342740b41ef9f5b3c175585a9c54df0ef442d5
prefill.layer14.head05.softmax,455768101,455812040,43939,47220,250368,0.0272667920216918,123ed3c30416122dc09685426d03878c9954abaa03f4f95c589c90d48f8499ea
prefill.layer14.head05.pv,455812040,455892764,80724,122688,385280,0.057580458000302315,0b810d0da45452a2b3e12203456a3112e86fd17e83bf8c0e74565511d8548dd5
prefill.layer14.head06.qk,455892764,456003193,110429,135552,508416,0.06713183398824185,d97649cdd6038e65f03fbba151253f3ce34ad4a36f069607a82ead31c6790cdf
prefill.layer14.head06.softmax,456003193,456047166,43973,47220,250368,0.027430957998149097,123ed3c30416122dc09685426d03878c9954abaa03f4f95c589c90d48f8499ea
prefill.layer14.head06.pv,456047166,456127822,80656,122688,385280,0.056541165919043124,e9d845aa79e38bafed279c4a3f4bb8abc1e8d242a1adaf667f8e09bbb21b61ef
prefill.layer14.head07.qk,456127822,456238779,110957,135552,508416,0.06673104199580848,871ee3fad82dcd0a398f2687ebe7f55e3840b0d5fd130bbc2ff0cf8640dff1a4
prefill.layer14.head07.softmax,456238779,456282696,43917,47220,250368,0.027099042083136737,123ed3c30416122dc09685426d03878c9954abaa03f4f95c589c90d48f8499ea
prefill.layer14.head07.pv,456282696,456363155,80459,122688,385280,0.05717045802157372,1ce14b4f9854a9d59bfbeb2cd014ce4868db710fc3e259233abfdb2deaed1f14
prefill.layer14.head08.qk,456363155,456474664,111509,135552,508416,0.06570949999149889,fe5076af53196db2313a633b69ca60f5ff68ae5f01730c693e0dd4916a6e4b26
prefill.layer14.head08.softmax,456474664,456518389,43725,47220,250368,0.027458750060759485,123ed3c30416122dc09685426d03878c9954abaa03f4f95c589c90d48f8499ea
prefill.layer14.head08.pv,456518389,456598207,79818,122688,385280,0.057545209070667624,5c81adefc9e8a7a7df1e76d45834d00bdcc2cc3e29b1c093bac6b5c7b62c126c
prefill.layer14.head09.qk,456598207,456709442,111235,135552,508416,0.06550158292520791,6669d9d48d33224f6df6774f4dbd0fdab93273cecaa20bf261b99423d92ba996
prefill.layer14.head09.softmax,456709442,456752225,42783,47220,250368,0.026839417056180537,123ed3c30416122dc09685426d03878c9954abaa03f4f95c589c90d48f8499ea
prefill.layer14.head09.pv,456752225,456833351,81126,122688,385280,0.057004750007763505,e28625ab0bfcbe731d7cb584b1f922fdf597a8f2ddf2aff76fe1cece83a30e8b
prefill.layer14.head10.qk,456833351,456944892,111541,135552,508416,0.06552683294285089,96ca9b63f0c1c594302ec766721fa87eab50184d82c01941d9b60b798bc50eb0
prefill.layer14.head10.softmax,456944892,456988799,43907,47220,250368,0.02808233303949237,123ed3c30416122dc09685426d03878c9954abaa03f4f95c589c90d48f8499ea
prefill.layer14.head10.pv,456988799,457069953,81154,122688,385280,0.05876133299898356,c36ec3c584660fb43f6cdee96efcbace225b31e88c581c85b9a6597f0ce1115e
prefill.layer14.head11.qk,457069953,457181145,111192,135552,508416,0.06580483308061957,49614e211b45ea943be286306333457b2e9e533721fc8727df29ab5294ce912e
prefill.layer14.head11.softmax,457181145,457224341,43196,47220,250368,0.027426416985690594,123ed3c30416122dc09685426d03878c9954abaa03f4f95c589c90d48f8499ea
prefill.layer14.head11.pv,457224341,457305309,80968,122688,385280,0.05785733298398554,a253784cadf7562689fc5038a661b16be554d159689c446442d6fbb60b1f33a0
prefill.layer14.head12.qk,457305309,457415702,110393,135552,508416,0.06651241600047797,6b5c6cffc474f5e38446b4fe7b5f54ce478b175afd5eac5a936d4bf65d16af0c
prefill.layer14.head12.softmax,457415702,457458960,43258,47220,250368,0.027017415966838598,123ed3c30416122dc09685426d03878c9954abaa03f4f95c589c90d48f8499ea
prefill.layer14.head12.pv,457458960,457540295,81335,122688,385280,0.05685908393934369,2fc78bab34cf98c1407f40632852c5c1de9359f82209ddbfcd9f304b31d83e8b
prefill.layer14.head13.qk,457540295,457651489,111194,135552,508416,0.06525479105766863,6f63cf2e6fd9ff8e5524938488d837b3da773a88a3f6a5cde3bc90a83eccf68b
prefill.layer14.head13.softmax,457651489,457694778,43289,47220,250368,0.026864040992222726,123ed3c30416122dc09685426d03878c9954abaa03f4f95c589c90d48f8499ea
prefill.layer14.head13.pv,457694778,457775743,80965,122688,385280,0.0568187499884516,8aa0d86e0bb1cee9f776c3fcb5123665cd1faf454178240c6e2648f66782e25a
prefill.layer14.join_heads,457775743,458012699,236956,258048,731136,0.13812029105611145,8e07c32da68a60a9e318f195cfebeab7c9436ae2136c0954f5a39c80c46e1644
prefill.layer14.o.pack_activation,458012699,458082313,69614,111552,487424,0.05451749998610467,58c4612de1034e18041a8b740ffe571191e366f5d1cba59c61ddf6d13fb5dbd0
prefill.layer14.o,458082313,459721244,1638931,510272,14931616,0.422135749948211,a4ef590fdaa17bc242f85718f7a921072a2946f6148736081e927249945eea26
prefill.layer14.attention_residual,459721244,459892303,171059,111104,802816,0.07390125002712011,38b111e307f7ed2390c7fc7d9df618e2a76f6652f5f25a6e0aa4ecd6d1df2c4c
prefill.layer14.norm2,459892303,460029721,137418,130560,965632,0.07713462505489588,15e8dcc29878a85c45b77454de51c70b418a1987ec83a341bfa0dcfd8c70fd81
prefill.layer14.gate.pack_activation,460029721,460099335,69614,111552,487424,0.055063041974790394,2e99434b1fc204064c2c80df0b7bf49fc2c81147274486fc65deaed2a6cd5506
prefill.layer14.gate,460099335,468519675,8420340,2770048,81057344,2.3295709579251707,dc923761704231b7fb443b16c7f8ff4c6c19f7393e16ffd5ab11d32d98dce9fe
prefill.layer14.up.pack_activation,468519675,468589850,70175,111552,487424,0.05384691699873656,2e99434b1fc204064c2c80df0b7bf49fc2c81147274486fc65deaed2a6cd5506
prefill.layer14.up,468589850,477031936,8442086,2770048,81057344,2.307909750030376,c634560a06f766c2628a2802062642c23776be08e275f384f6f92b273feed161
prefill.layer14.swiglu,477031936,477833451,801515,612864,4358144,0.3900307499570772,e986f4d594d68baf6bbdca23d228d64a627913d38c9d41909fe6fe19136f9393
prefill.layer14.down.pack_activation,477833451,478211156,377705,605568,2646016,0.2980960829881951,0ff1ca7ec1de1a670af542665206c016f1df660037d2e3af4e6b4d9d3fe96096
prefill.layer14.down,478211156,483539240,5328084,1635200,57595552,1.5051184999756515,d9360dbce68fc5e960cfa71001987ad7a8ee0ae0c96f99c4ef98b7deeb5c1dbc
prefill.layer14.ffn_residual,483539240,483712466,173226,111104,802816,0.07290158292744309,38b111e307f7ed2390c7fc7d9df618e2a76f6652f5f25a6e0aa4ecd6d1df2c4c
prefill.layer15.norm1,483712466,483849929,137463,130560,965632,0.0788424169877544,4194dedc820a25d0aabbbce000dfc2fddcecee21b46fa38ee84daa89a10e9201
prefill.layer15.q.pack_activation,483849929,483919543,69614,111552,487424,0.05405445897486061,2e99434b1fc204064c2c80df0b7bf49fc2c81147274486fc65deaed2a6cd5506
prefill.layer15.q,483919543,485557264,1637721,514304,14946848,0.43035133404191583,8057d3f8682233fdee45134439016cb79c0248d7ba8c150cfa8ec8282c0f2959
prefill.layer15.k.pack_activation,485557264,485627232,69968,111552,487424,0.05509504093788564,2e99434b1fc204064c2c80df0b7bf49fc2c81147274486fc65deaed2a6cd5506
prefill.layer15.k,485627232,485834682,207450,73472,2135264,0.055503707961179316,0543b81f078931f8a001465ba3fccf6fcd8a04ff57742cabad441bc92502c667
prefill.layer15.v.pack_activation,485834682,485905124,70442,111552,487424,0.05611524998676032,2e99434b1fc204064c2c80df0b7bf49fc2c81147274486fc65deaed2a6cd5506
prefill.layer15.v,485905124,486112351,207227,73472,2135264,0.05577908409759402,9fd5e938ac3e3fa53861fbcb63c2195df5ab89c922464536c72341f5a00203f2
prefill.layer15.rope_q,486112351,486325343,212992,215040,910336,0.1309668329777196,0bbbb1c469d160c9c1dd668cbcf823ab9a170c7bdb13115a8ec8f2c2f2b13f25
prefill.layer15.rope_k_append,486325343,486356740,31397,30720,130048,0.018597332993522286,ae9af036d7c3a6262f6fafec9d29e2a70e1a58d442fa6258aecb19fdf5c992fc
prefill.layer15.v_append,486356740,486396890,40150,41984,116736,0.02314399997703731,9338906b9836921e6dc2743820ce24c1394605577161d944928cc2060e828a7b
prefill.layer15.head00.qk,486396890,486509245,112355,135552,508416,0.06557174993213266,b364706f732c2dd7abcb3f6a368b4e1757f20e2ffd291ae5bd7bbe000d980b44
prefill.layer15.head00.softmax,486509245,486553663,44418,47220,250368,0.027672542026266456,123ed3c30416122dc09685426d03878c9954abaa03f4f95c589c90d48f8499ea
prefill.layer15.head00.pv,486553663,486634109,80446,122688,385280,0.05792395898606628,46bc0051ebd4009accfef7ecd5769e4fe39307198d91d618a4cf17b6b1af9781
prefill.layer15.head01.qk,486634109,486746098,111989,135552,508416,0.0661893329815939,066ef095f44d43ba01a2e6ce96b2c6f075f0d8935f2376450b07335a2bf73383
prefill.layer15.head01.softmax,486746098,486790095,43997,47220,250368,0.028118584072217345,123ed3c30416122dc09685426d03878c9954abaa03f4f95c589c90d48f8499ea
prefill.layer15.head01.pv,486790095,486871300,81205,122688,385280,0.058827417087741196,7023675509b9468067946860ea6df4aac515b8f97e1884faf01e56f9890064c2
prefill.layer15.head02.qk,486871300,486981821,110521,135552,508416,0.06644612504169345,74492407512dabcf8bee7c240d8e3e7cdcd8b092e815f42edbd15a7c663f9186
prefill.layer15.head02.softmax,486981821,487025727,43906,47220,250368,0.02728933305479586,123ed3c30416122dc09685426d03878c9954abaa03f4f95c589c90d48f8499ea
prefill.layer15.head02.pv,487025727,487106700,80973,122688,385280,0.05675866699311882,995236458f663b57a890fb69a41362ea6ad8d46fcc9660f6c597bac311efdb25
prefill.layer15.head03.qk,487106700,487219360,112660,135552,508416,0.06540929095353931,84d01ad712138fa5111aaf6c8e86feb2732ec44817c61baaf6c284f57c0606e8
prefill.layer15.head03.softmax,487219360,487262941,43581,47220,250368,0.027116541983559728,123ed3c30416122dc09685426d03878c9954abaa03f4f95c589c90d48f8499ea
prefill.layer15.head03.pv,487262941,487343178,80237,122688,385280,0.056872667046263814,c0c8388939cd682d77ae78560d05cc9b246b68381645e40eef7d60e2149c38f1
prefill.layer15.head04.qk,487343178,487454411,111233,135552,508416,0.06687937502283603,a10310c13f33d4ee12839b16690506def8f419ed5e35c5967ff980ac0656bd18
prefill.layer15.head04.softmax,487454411,487497313,42902,47220,250368,0.027584208990447223,123ed3c30416122dc09685426d03878c9954abaa03f4f95c589c90d48f8499ea
prefill.layer15.head04.pv,487497313,487578410,81097,122688,385280,0.0579751250334084,9ec287c04ffb272383250ed7c409086e99561f642071a615f0879fd80872cf84
prefill.layer15.head05.qk,487578410,487689083,110673,135552,508416,0.06618837499991059,f8868baad8f7869657452dcb55fe4216559d91db6c376ffbcfb02ad9060c49be
prefill.layer15.head05.softmax,487689083,487733216,44133,47220,250368,0.027227749931626022,123ed3c30416122dc09685426d03878c9954abaa03f4f95c589c90d48f8499ea
prefill.layer15.head05.pv,487733216,487813680,80464,122688,385280,0.05727758398279548,4a42ae77f6db9f90ef4b946e1f26e5318a56c1ccbc01ec9806912e86bf8017f0
prefill.layer15.head06.qk,487813680,487922132,108452,135552,508416,0.06543579197023064,0be098c5940031ab0636873b3b9b9f3b93bb016a5289f70a1c2b1c760ee23805
prefill.layer15.head06.softmax,487922132,487965891,43759,47220,250368,0.027007500058971345,123ed3c30416122dc09685426d03878c9954abaa03f4f95c589c90d48f8499ea
prefill.layer15.head06.pv,487965891,488046142,80251,122688,385280,0.05750008299946785,7ea41298309af6cf2faea52c9418b0ae5f2f8a1a3bb7bc61a559b83fcbb5f0dd
prefill.layer15.head07.qk,488046142,488158052,111910,135552,508416,0.06560520897619426,300d7148865d2e057c82f4c7e76282fcb020a9eab26d74f63efce4529d5d90da
prefill.layer15.head07.softmax,488158052,488201798,43746,47220,250368,0.026946458034217358,123ed3c30416122dc09685426d03878c9954abaa03f4f95c589c90d48f8499ea
prefill.layer15.head07.pv,488201798,488282617,80819,122688,385280,0.05625575000885874,79fb089f08c4fab321952abdf24fa67c41e6e2cce4327c9a72779c7a7eba7b07
prefill.layer15.head08.qk,488282617,488393813,111196,135552,508416,0.0654656250262633,3fafe0bf6e7c11ab3fd5ed2db4bdca77c63126bc5e78e1e8cb71bfc0b4d6d6a0
prefill.layer15.head08.softmax,488393813,488437482,43669,47220,250368,0.027027125004678965,123ed3c30416122dc09685426d03878c9954abaa03f4f95c589c90d48f8499ea
prefill.layer15.head08.pv,488437482,488518899,81417,122688,385280,0.05716179101727903,2133360dd654efb7ea9f4ea3552c9b9935a764aa96cd97b3e69229e1fc678d70
prefill.layer15.head09.qk,488518899,488629874,110975,135552,508416,0.06487949995789677,dc8d38494d81c027994b3774477cb03a5c895e3f6fd3e6a0435ba8b9c472e42a
prefill.layer15.head09.softmax,488629874,488673669,43795,47220,250368,0.027006249991245568,123ed3c30416122dc09685426d03878c9954abaa03f4f95c589c90d48f8499ea
prefill.layer15.head09.pv,488673669,488754820,81151,122688,385280,0.057273250073194504,5b05df647b54c667a5d76766d5ce4b39c562f469e84a4e66a78207311bb85106
prefill.layer15.head10.qk,488754820,488865865,111045,135552,508416,0.06596204196102917,d58ad1b3290ee8d45e9266d2a0a2e0ab3759a814c0e8c3ba53c33b3f5f1e3f18
prefill.layer15.head10.softmax,488865865,488909866,44001,47220,250368,0.026946582947857678,123ed3c30416122dc09685426d03878c9954abaa03f4f95c589c90d48f8499ea
prefill.layer15.head10.pv,488909866,488990212,80346,122688,385280,0.05696129205171019,c1fed581f7f63cddcafb97bde60c6f2714ccb44ca23dcc723c500774c0770e28
prefill.layer15.head11.qk,488990212,489101396,111184,135552,508416,0.0651637080591172,60bb4c9f65d9b629c50ae916c021bd66664d807c6e4130ce7e131a291a0aaa13
prefill.layer15.head11.softmax,489101396,489145432,44036,47220,250368,0.027390957926400006,123ed3c30416122dc09685426d03878c9954abaa03f4f95c589c90d48f8499ea
prefill.layer15.head11.pv,489145432,489226210,80778,122688,385280,0.05760845809709281,b5a82371d4b4a1ce45ff58dc62cf84fda8a777e4ead414b324234369e6fabeff
prefill.layer15.head12.qk,489226210,489335730,109520,135552,508416,0.0659082499332726,9f2e3466b64b89e0aa37cb4088bcfa767a14a99f3a6260156f98554faf2cf0f3
prefill.layer15.head12.softmax,489335730,489379662,43932,47220,250368,0.026902583078481257,123ed3c30416122dc09685426d03878c9954abaa03f4f95c589c90d48f8499ea
prefill.layer15.head12.pv,489379662,489460602,80940,122688,385280,0.05661041708663106,cbf876b70dae516eee4cf9f3953ad2fae7ffba99e6470ebdd8cbd10ba0aa1163
prefill.layer15.head13.qk,489460602,489572176,111574,135552,508416,0.06504366605076939,514ec81200926e825fec11ac4cb0197c3a24a45dc9f16f5cfbd34ce9e24c3fd1
prefill.layer15.head13.softmax,489572176,489616194,44018,47220,250368,0.027226875070482492,123ed3c30416122dc09685426d03878c9954abaa03f4f95c589c90d48f8499ea
prefill.layer15.head13.pv,489616194,489697176,80982,122688,385280,0.05693195795174688,ed0ffbc2ff817126ed2a4727c804514b837044ce06d3e65582af98ad180cc8b7
prefill.layer15.join_heads,489697176,489932082,234906,258048,731136,0.13774416700471193,8e07c32da68a60a9e318f195cfebeab7c9436ae2136c0954f5a39c80c46e1644
prefill.layer15.o.pack_activation,489932082,490001696,69614,111552,487424,0.05383262503892183,58c4612de1034e18041a8b740ffe571191e366f5d1cba59c61ddf6d13fb5dbd0
prefill.layer15.o,490001696,491681257,1679561,510272,14931616,0.4183045420795679,33b2b2be7421d839a288189c470f2c9235a29ce3889efe79dad6c7568766d2ad
prefill.layer15.attention_residual,491681257,491852870,171613,111104,802816,0.07204150001052767,38b111e307f7ed2390c7fc7d9df618e2a76f6652f5f25a6e0aa4ecd6d1df2c4c
prefill.layer15.norm2,491852870,491990076,137206,130560,965632,0.07752108306158334,e72e7eeec74b2aa252fca2ff7df12638e999a5232f4e6748bbf1fff650e6f512
prefill.layer15.gate.pack_activation,491990076,492059690,69614,111552,487424,0.05355958396103233,2e99434b1fc204064c2c80df0b7bf49fc2c81147274486fc65deaed2a6cd5506
prefill.layer15.gate,492059690,500522685,8462995,2770048,81057344,2.339521833928302,9a9a26d4c2d0a66ec877b9122b62292118c62bdbb5987da7c907a338d8f0f196
prefill.layer15.up.pack_activation,500522685,500592624,69939,111552,487424,0.05406724999193102,2e99434b1fc204064c2c80df0b7bf49fc2c81147274486fc65deaed2a6cd5506
prefill.layer15.up,500592624,508988427,8395803,2770048,81057344,2.3113047500373796,7c4a8567a15eebf762c3e59e098f5538f671aa9ba04fbc7e1111ba939c3ed257
prefill.layer15.swiglu,508988427,509796828,808401,612864,4358144,0.39179016707930714,e986f4d594d68baf6bbdca23d228d64a627913d38c9d41909fe6fe19136f9393
prefill.layer15.down.pack_activation,509796828,510176271,379443,605568,2646016,0.29786516702733934,0ff1ca7ec1de1a670af542665206c016f1df660037d2e3af4e6b4d9d3fe96096
prefill.layer15.down,510176271,515992605,5816334,1635200,57595552,1.4986089169979095,69c58028c9d6804cd0a5594c6ed54809439d639b381d0b0c5a165891ef077cfd
prefill.layer15.ffn_residual,515992605,516164237,171632,111104,802816,0.07476112502627075,38b111e307f7ed2390c7fc7d9df618e2a76f6652f5f25a6e0aa4ecd6d1df2c4c
prefill.layer16.norm1,516164237,516301400,137163,130560,965632,0.07939712493680418,1a742d72ea5d2b30a67949ecd792a80b460e969ae7b5ef90270aa97c83ac4ede
prefill.layer16.q.pack_activation,516301400,516371014,69614,111552,487424,0.05518966703675687,2e99434b1fc204064c2c80df0b7bf49fc2c81147274486fc65deaed2a6cd5506
prefill.layer16.q,516371014,518019965,1648951,514304,14946848,0.42957299994304776,5a7afcdee89c7e048d502489546e8b7dc2b7daec2ae8611a6ea768043270c9e6
prefill.layer16.k.pack_activation,518019965,518089896,69931,111552,487424,0.05399779207073152,2e99434b1fc204064c2c80df0b7bf49fc2c81147274486fc65deaed2a6cd5506
prefill.layer16.k,518089896,518297048,207152,73472,2135264,0.05316354089882225,e85666f628bfb25b4513ce50bfe2704b60f20820ee1ee053192a022f817362d0
prefill.layer16.v.pack_activation,518297048,518366836,69788,111552,487424,0.05418370908591896,2e99434b1fc204064c2c80df0b7bf49fc2c81147274486fc65deaed2a6cd5506
prefill.layer16.v,518366836,518571820,204984,73472,2135264,0.05318358400836587,54d8432ebf1938977c0d48ab5120b7f893878b5583f5390e04d9b6282936b3cc
prefill.layer16.rope_q,518571820,518784812,212992,215040,910336,0.13038112502545118,0bbbb1c469d160c9c1dd668cbcf823ab9a170c7bdb13115a8ec8f2c2f2b13f25
prefill.layer16.rope_k_append,518784812,518816243,31431,30720,130048,0.018669208977371454,0f221d2b5b455837583d3a4267d130af04e562a956cd45a7fcf7b43d010123ad
prefill.layer16.v_append,518816243,518856392,40149,41984,116736,0.02314162498805672,d05cd32939c13cc2bfbf32ea0d97fc48e1d43009b4ee403dcf378dfb9633ac19
prefill.layer16.head00.qk,518856392,518969670,113278,135552,508416,0.06484433298464864,c9b431a02b11444d57dbe42a85d3a3ec5bf615866a37ae1e59c1e3dbdb5f5c89
prefill.layer16.head00.softmax,518969670,519014514,44844,47220,250368,0.027360874926671386,123ed3c30416122dc09685426d03878c9954abaa03f4f95c589c90d48f8499ea
prefill.layer16.head00.pv,519014514,519095910,81396,122688,385280,0.056657709064893425,b11e7ddb36dbcf58486f74bc94fcf1a269c206b6d1062dbf0d83380e5bc82df6
prefill.layer16.head01.qk,519095910,519206368,110458,135552,508416,0.06544862501323223,45af2791885d3a99bdaa4fb06b3308de4cfb157c49fb1c1798a677f0506e8eff
prefill.layer16.head01.softmax,519206368,519250541,44173,47220,250368,0.027355541940778494,123ed3c30416122dc09685426d03878c9954abaa03f4f95c589c90d48f8499ea
prefill.layer16.head01.pv,519250541,519331138,80597,122688,385280,0.060326916980557144,d8f7980b6006562369ee1acff0ffbd4c8eb7578f10e1d0d77b624627cffd761d
prefill.layer16.head02.qk,519331138,519442128,110990,135552,508416,0.06560124992392957,2bf32eb9cdcf097675e4c584a5472405e5e368ab652ced183115a24253f8e6cf
prefill.layer16.head02.softmax,519442128,519486128,44000,47220,250368,0.027244666940532625,123ed3c30416122dc09685426d03878c9954abaa03f4f95c589c90d48f8499ea
prefill.layer16.head02.pv,519486128,519567200,81072,122688,385280,0.05683237500488758,55eaa605da8240502f153ac1a87b88286a9572cee3ba651b90087e1a01f6cf70
prefill.layer16.head03.qk,519567200,519679759,112559,135552,508416,0.06584095896687359,e3bbcb199af25ed61122d0eb3a85aa1b45b2cd096704252f5b7cb628f98a5c01
prefill.layer16.head03.softmax,519679759,519723644,43885,47220,250368,0.02721000008750707,123ed3c30416122dc09685426d03878c9954abaa03f4f95c589c90d48f8499ea
prefill.layer16.head03.pv,519723644,519804382,80738,122688,385280,0.05663024995010346,44911bb6fc74c6dc9b9b9db107252c9a63c1a8af43f754fd345e409b2f989399
prefill.layer16.head04.qk,519804382,519917024,112642,135552,508416,0.06617245904635638,9e378e8b1ce96319436d980ca4796a7c7f7fc528cb9e53168d54f1c874fc3eaa
prefill.layer16.head04.softmax,519917024,519960621,43597,47220,250368,0.028235499979928136,123ed3c30416122dc09685426d03878c9954abaa03f4f95c589c90d48f8499ea
prefill.layer16.head04.pv,519960621,520041558,80937,122688,385280,0.058179958956316113,6a8e97f8b4c75e6423923b263c04b1390ddcd3938265179ef925b1294b0d50f6
prefill.layer16.head05.qk,520041558,520154416,112858,135552,508416,0.06635283306241035,f5ba2925adc56b70d33ed4f273b02badd0503eea2ef1e60bad43ccd9e555d9c5
prefill.layer16.head05.softmax,520154416,520198037,43621,47220,250368,0.02703858306631446,123ed3c30416122dc09685426d03878c9954abaa03f4f95c589c90d48f8499ea
prefill.layer16.head05.pv,520198037,520278868,80831,122688,385280,0.056472750031389296,228442de1a7f7d9c76901a91cec62377b6f585f15ef2054c1493d1c99b767b30
prefill.layer16.head06.qk,520278868,520389555,110687,135552,508416,0.06566574994940311,7615772fb42017609b6fd17e8f3253e0c3de5825109b6ec6820218e63a27d547
prefill.layer16.head06.softmax,520389555,520432508,42953,47220,250368,0.026972791994921863,123ed3c30416122dc09685426d03878c9954abaa03f4f95c589c90d48f8499ea
prefill.layer16.head06.pv,520432508,520513271,80763,122688,385280,0.05721183295827359,4249981a8dffb884b2a980b9e424868aa653b049de9ab9128a473dd313adeadb
prefill.layer16.head07.qk,520513271,520625484,112213,135552,508416,0.06862762500531971,d4e8db9eff924a4a3cdd0a3f5e0ed683531e961a1c0c82fe7ce5056e3b562121
prefill.layer16.head07.softmax,520625484,520669609,44125,47220,250368,0.02823816693853587,123ed3c30416122dc09685426d03878c9954abaa03f4f95c589c90d48f8499ea
prefill.layer16.head07.pv,520669609,520750411,80802,122688,385280,0.05691929196473211,87e136000624803a1756a4d26ca8c60e3f9b7b6872c9b8cd3471119ac9de571d
prefill.layer16.head08.qk,520750411,520862207,111796,135552,508416,0.0666552500333637,30f75f3008255001a5b53e5a0cee83ea4a14df785ed86af25bb9d6f828765f2c
prefill.layer16.head08.softmax,520862207,520905571,43364,47220,250368,0.02691362507175654,123ed3c30416122dc09685426d03878c9954abaa03f4f95c589c90d48f8499ea
prefill.layer16.head08.pv,520905571,520986221,80650,122688,385280,0.057446292019449174,b383be7eb52c07683f194ac17ea38ced4f5834ea322b5073e66e7ed6c57fb58f
prefill.layer16.head09.qk,520986221,521098455,112234,135552,508416,0.06716324994340539,44f9b4ab9ac373d66c2ce0360ba0e693cc1ee7726b5bf2abe77e4c4490c86947
prefill.layer16.head09.softmax,521098455,521141973,43518,47220,250368,0.027925124973990023,123ed3c30416122dc09685426d03878c9954abaa03f4f95c589c90d48f8499ea
prefill.layer16.head09.pv,521141973,521222154,80181,122688,385280,0.05816233402583748,0f9601d29c652f357d9a3d0aa092597daba4799a83c9f9c565aa57ee48a2ac89
prefill.layer16.head10.qk,521222154,521333186,111032,135552,508416,0.06655220896936953,3e9145c8c987cc6328c3bf02afe7fabc9cf3156a45407dd2b0d16aba1cba46aa
prefill.layer16.head10.softmax,521333186,521376826,43640,47220,250368,0.027043249923735857,123ed3c30416122dc09685426d03878c9954abaa03f4f95c589c90d48f8499ea
prefill.layer16.head10.pv,521376826,521457797,80971,122688,385280,0.056909792008809745,fe4ac02b7adbfe7e7cdcc75adb7f2214058ab5fd9d1dc9f568404566314bb701
prefill.layer16.head11.qk,521457797,521569672,111875,135552,508416,0.06575833295937628,ed3993100b0e94fc74a2b5f0bab438512bce75c320c014ac33ba64e519bb8972
prefill.layer16.head11.softmax,521569672,521613522,43850,47220,250368,0.027064708061516285,123ed3c30416122dc09685426d03878c9954abaa03f4f95c589c90d48f8499ea
prefill.layer16.head11.pv,521613522,521694980,81458,122688,385280,0.05704579094890505,233a778f2eeddbc7131b74b3ffef6779b11be6b58bc9de8f9a44d7cb29fe9801
prefill.layer16.head12.qk,521694980,521806549,111569,135552,508416,0.06579204194713384,9f040fe4d6c839889585e7535748c2b5f906e93a8f6bba0344674a7cd8e09931
prefill.layer16.head12.softmax,521806549,521850403,43854,47220,250368,0.027183583937585354,123ed3c30416122dc09685426d03878c9954abaa03f4f95c589c90d48f8499ea
prefill.layer16.head12.pv,521850403,521931209,80806,122688,385280,0.05693433294072747,7089e5287c4319df3e88e388eb24efceb100ab05ccb1c678580e0bc8e72a5c81
prefill.layer16.head13.qk,521931209,522042636,111427,135552,508416,0.06562458397820592,836dda55a16c0d1ec55b11c063d1523ca6430cb1b1562a3e9a9441d473497122
prefill.layer16.head13.softmax,522042636,522085779,43143,47220,250368,0.026751707890070975,123ed3c30416122dc09685426d03878c9954abaa03f4f95c589c90d48f8499ea
prefill.layer16.head13.pv,522085779,522167380,81601,122688,385280,0.05699166702106595,39a896ef863ef365206c6c26eb6650b2504f8f2acb200231a6fe9cb3c62b3c72
prefill.layer16.join_heads,522167380,522401770,234390,258048,731136,0.1415256669279188,8e07c32da68a60a9e318f195cfebeab7c9436ae2136c0954f5a39c80c46e1644
prefill.layer16.o.pack_activation,522401770,522471384,69614,111552,487424,0.05397187499329448,58c4612de1034e18041a8b740ffe571191e366f5d1cba59c61ddf6d13fb5dbd0
prefill.layer16.o,522471384,524240949,1769565,510272,14931616,0.4322397919604555,094bd0131d1e8f5c3fe15f4aacdae0f6be0355609da259f849489495d19b3829
prefill.layer16.attention_residual,524240949,524412111,171162,111104,802816,0.0725282080238685,38b111e307f7ed2390c7fc7d9df618e2a76f6652f5f25a6e0aa4ecd6d1df2c4c
prefill.layer16.norm2,524412111,524548893,136782,130560,965632,0.07855650002602488,b925b27724ba56b999d0e261a774172c64298a91135318de120cce7adec5da94
prefill.layer16.gate.pack_activation,524548893,524618507,69614,111552,487424,0.05475154099985957,2e99434b1fc204064c2c80df0b7bf49fc2c81147274486fc65deaed2a6cd5506
prefill.layer16.gate,524618507,533021291,8402784,2770048,81057344,2.359073125058785,f3cb0d05b2a1f4031b008d5b3ee2de1fd3e34674dd009e4a03fd761894e9d08b
prefill.layer16.up.pack_activation,533021291,533091254,69963,111552,487424,0.054771916940808296,2e99434b1fc204064c2c80df0b7bf49fc2c81147274486fc65deaed2a6cd5506
prefill.layer16.up,533091254,541515223,8423969,2770048,81057344,2.3209453329909593,11935221b63705f085e8dd77729736f5abec990f9ae1c5cb708539e5ef4c993e
prefill.layer16.swiglu,541515223,542319013,803790,612864,4358144,0.39056016597896814,e986f4d594d68baf6bbdca23d228d64a627913d38c9d41909fe6fe19136f9393
prefill.layer16.down.pack_activation,542319013,542696221,377208,605568,2646016,0.2936270829522982,0ff1ca7ec1de1a670af542665206c016f1df660037d2e3af4e6b4d9d3fe96096
prefill.layer16.down,542696221,548157761,5461540,1635200,57595552,1.4909666669555008,8dd118be0f51d2b2ee4181f42b5e8f54cec68c5c536e72641c9d32e260799694
prefill.layer16.ffn_residual,548157761,548326767,169006,111104,802816,0.07181574997957796,38b111e307f7ed2390c7fc7d9df618e2a76f6652f5f25a6e0aa4ecd6d1df2c4c
prefill.layer17.norm1,548326767,548464198,137431,130560,965632,0.076923375017941,c34c9352904afe18a989e360bd7f86c5f9ccf224e8f80e96cfcd4d6842a15530
prefill.layer17.q.pack_activation,548464198,548533812,69614,111552,487424,0.0542887500487268,2e99434b1fc204064c2c80df0b7bf49fc2c81147274486fc65deaed2a6cd5506
prefill.layer17.q,548533812,550131062,1597250,514304,14946848,0.4294404999818653,3cdfc20bdee55e5bf9d390e7a0439ea27b73dd7d95ad7b0bc515520859de2d2c
prefill.layer17.k.pack_activation,550131062,550201231,70169,111552,487424,0.05346241593360901,2e99434b1fc204064c2c80df0b7bf49fc2c81147274486fc65deaed2a6cd5506
prefill.layer17.k,550201231,550406716,205485,73472,2135264,0.05390704097226262,528565dc0933a44e49674b0c785917a0d3bacb8fb8a4ab54641c25a31f3564f5
prefill.layer17.v.pack_activation,550406716,550477075,70359,111552,487424,0.053791125072166324,2e99434b1fc204064c2c80df0b7bf49fc2c81147274486fc65deaed2a6cd5506
prefill.layer17.v,550477075,550683303,206228,73472,2135264,0.05439766601193696,e1f15223304f34aa17be47315fc424c91762d836491308fee4e4f01a2fb7a967
prefill.layer17.rope_q,550683303,550896096,212793,215040,910336,0.13349858298897743,0bbbb1c469d160c9c1dd668cbcf823ab9a170c7bdb13115a8ec8f2c2f2b13f25
prefill.layer17.rope_k_append,550896096,550927213,31117,30720,130048,0.019792917068116367,6cbc8fe594b31938038aca8b06e04014610366a5b865d122c30873b0656dda30
prefill.layer17.v_append,550927213,550967363,40150,41984,116736,0.024094250053167343,1129e4fb7beefaf5b4a0fffb1077997d9405e08dcf881b87fe1921c0c1047840
prefill.layer17.head00.qk,550967363,551080263,112900,135552,508416,0.06768954102881253,16c6248953b431d906bcbd957896791ea341babb830b36e8d19bb5e9d6c04389
prefill.layer17.head00.softmax,551080263,551124709,44446,47220,250368,0.02722108399029821,123ed3c30416122dc09685426d03878c9954abaa03f4f95c589c90d48f8499ea
prefill.layer17.head00.pv,551124709,551205252,80543,122688,385280,0.05684283294249326,797428552542d2ea702de38ef4085c833557b48174e7a1ebddd37bae3318860e
prefill.layer17.head01.qk,551205252,551317263,112011,135552,508416,0.0657931249588728,62ca9ad1a55137f6c0f0ea47e897c8bb9d05f36287d8b7e35ac4aae4e21cfa4a
prefill.layer17.head01.softmax,551317263,551361135,43872,47220,250368,0.02876679098699242,123ed3c30416122dc09685426d03878c9954abaa03f4f95c589c90d48f8499ea
prefill.layer17.head01.pv,551361135,551441698,80563,122688,385280,0.05701512494124472,91f270a676f929f7f281c40b1814a2e2c4c58f415da41eb57d253868889f4a71
prefill.layer17.head02.qk,551441698,551552750,111052,135552,508416,0.06931962503585964,27b084aa34fbfbb96e1a03523e145e9dc1121918ebc7c67640327563d95cccf8
prefill.layer17.head02.softmax,551552750,551596627,43877,47220,250368,0.02824166603386402,123ed3c30416122dc09685426d03878c9954abaa03f4f95c589c90d48f8499ea
prefill.layer17.head02.pv,551596627,551677739,81112,122688,385280,0.05787991697434336,a031b99fd1a1b843a3de4b4f47738d3d30ae62f687a8565c7012035f5401fddb
prefill.layer17.head03.qk,551677739,551788778,111039,135552,508416,0.06547258293721825,c8b8f41fa08c7a004c66ff5c25667839b1f69878c2d157b6be163ff2e2b1a106
prefill.layer17.head03.softmax,551788778,551832626,43848,47220,250368,0.027217499911785126,123ed3c30416122dc09685426d03878c9954abaa03f4f95c589c90d48f8499ea
prefill.layer17.head03.pv,551832626,551914223,81597,122688,385280,0.05836374999489635,c2d019de4e097b76b3effcfef72d84a9cff7c9d58c83fb6e837ee8b754526028
prefill.layer17.head04.qk,551914223,552025904,111681,135552,508416,0.06770200002938509,146e6af525a777e012070089abb412decce8ce2d2a603cd689e986cca1486040
prefill.layer17.head04.softmax,552025904,552069295,43391,47220,250368,0.027219916111789644,123ed3c30416122dc09685426d03878c9954abaa03f4f95c589c90d48f8499ea
prefill.layer17.head04.pv,552069295,552150250,80955,122688,385280,0.05827950011007488,8e17f6ffdb66663f0cbfabe283d0e029391083f02d83b42c7beed99219356d95
prefill.layer17.head05.qk,552150250,552262353,112103,135552,508416,0.06553470797371119,a32283b27bead7065538075cf1339b0dde58453b06e93bea4f4ab42ef3cab026
prefill.layer17.head05.softmax,552262353,552306108,43755,47220,250368,0.027113000047393143,123ed3c30416122dc09685426d03878c9954abaa03f4f95c589c90d48f8499ea
prefill.layer17.head05.pv,552306108,552386640,80532,122688,385280,0.05666087497957051,13d04ed8b994b0a1721f9bc393cf51615d6e7409a8293910bfbeb6476bf2a637
prefill.layer17.head06.qk,552386640,552496800,110160,135552,508416,0.06592524994630367,57ade7ee7c67eae1999f995517bd889096149be62016478bc9c13c68a7db5d78
prefill.layer17.head06.softmax,552496800,552539880,43080,47220,250368,0.02698229206725955,123ed3c30416122dc09685426d03878c9954abaa03f4f95c589c90d48f8499ea
prefill.layer17.head06.pv,552539880,552620286,80406,122688,385280,0.05671308294404298,1b9f41ab71d55f3750308367fc812ee8eade22edf04e64360f3c9dc345e27942
prefill.layer17.head07.qk,552620286,552731833,111547,135552,508416,0.06583104096353054,b1e564e913856c6e958405cc4b3f7caf8391fa3130d0b35108d872534352d59e
prefill.layer17.head07.softmax,552731833,552775468,43635,47220,250368,0.027120042010210454,123ed3c30416122dc09685426d03878c9954abaa03f4f95c589c90d48f8499ea
prefill.layer17.head07.pv,552775468,552855786,80318,122688,385280,0.0569120830623433,b698805454f9ee3f588345b499f96a30dce3c42b3fe4be8303f2fa493eee1afb
prefill.layer17.head08.qk,552855786,552966709,110923,135552,508416,0.06597937492188066,fd977a88804d81337e9e415bd355f1503bab2649bfc58fe920b7384973aeb0cf
prefill.layer17.head08.softmax,552966709,553011503,44794,47220,250368,0.027210750035010278,123ed3c30416122dc09685426d03878c9954abaa03f4f95c589c90d48f8499ea
prefill.layer17.head08.pv,553011503,553093047,81544,122688,385280,0.05855583294760436,42ee140c7ca9353655e2e8d0020323aa891621b7c0e3fa433218026d74bc438f
prefill.layer17.head09.qk,553093047,553204228,111181,135552,508416,0.0673270410625264,3a02387f4e50ff80de03b5446f0722bbe88d32fb671573205dc8f9149461ac47
prefill.layer17.head09.softmax,553204228,553248107,43879,47220,250368,0.027038624975830317,123ed3c30416122dc09685426d03878c9954abaa03f4f95c589c90d48f8499ea
prefill.layer17.head09.pv,553248107,553327593,79486,122688,385280,0.05670545797329396,7e2efad70c99ae6f617ae32d7409e4bf6c0663042608f42bdd712e56af6dc68e
prefill.layer17.head10.qk,553327593,553438158,110565,135552,508416,0.06678212492261082,877d3bc08578ebadf950c86b944d3023c816005389ea8e7ce40b3e44500b3049
prefill.layer17.head10.softmax,553438158,553482458,44300,47220,250368,0.027072375058196485,123ed3c30416122dc09685426d03878c9954abaa03f4f95c589c90d48f8499ea
prefill.layer17.head10.pv,553482458,553563195,80737,122688,385280,0.05786220799200237,116de733a36a77ff7c4abb44bf857161bd85bcd405b42a24cfa4b1f1ec7bd160
prefill.layer17.head11.qk,553563195,553675584,112389,135552,508416,0.06557570898439735,56af57587424f1407eef229bb99e2c6c3b313ec580a8dfb3bccaf0bc4457d0ec
prefill.layer17.head11.softmax,553675584,553718646,43062,47220,250368,0.026907666004262865,123ed3c30416122dc09685426d03878c9954abaa03f4f95c589c90d48f8499ea
prefill.layer17.head11.pv,553718646,553799598,80952,122688,385280,0.057339665945619345,d723e1b9a0b22acceb4807c478dc37bfc6c9ca75aea2a54d87fa2f8d27a0dc9f
prefill.layer17.head12.qk,553799598,553909615,110017,135552,508416,0.06635962496511638,68549e5affcd6cb4b8ac974016685dc772613d1619c13fc48b2c30c65967f82d
prefill.layer17.head12.softmax,553909615,553953498,43883,47220,250368,0.027349415933713317,123ed3c30416122dc09685426d03878c9954abaa03f4f95c589c90d48f8499ea
prefill.layer17.head12.pv,553953498,554034241,80743,122688,385280,0.05669866700191051,03201aaa203f8a4afba377d63d78f5f4434bf683eb5037fdf049904f99c18925
prefill.layer17.head13.qk,554034241,554145894,111653,135552,508416,0.06521187501493841,da026f5b6b630e1c4cee15241e9ca821947a7941557bcd27ccff2789cb28951c
prefill.layer17.head13.softmax,554145894,554189246,43352,47220,250368,0.028705500066280365,123ed3c30416122dc09685426d03878c9954abaa03f4f95c589c90d48f8499ea
prefill.layer17.head13.pv,554189246,554270292,81046,122688,385280,0.058774582925252616,50e35c75d6dcd20bb2948c1f31b09b80186c4b4dfd65f168df4d14350cd11da0
prefill.layer17.join_heads,554270292,554503143,232851,258048,731136,0.1393425000132993,8e07c32da68a60a9e318f195cfebeab7c9436ae2136c0954f5a39c80c46e1644
prefill.layer17.o.pack_activation,554503143,554572757,69614,111552,487424,0.05375845800153911,58c4612de1034e18041a8b740ffe571191e366f5d1cba59c61ddf6d13fb5dbd0
prefill.layer17.o,554572757,556262947,1690190,510272,14931616,0.4252192920539528,d153a223e6d29caa2c2898e88e6713da652c64d1fbbe3f10e7fa9dee2f880196
prefill.layer17.attention_residual,556262947,556434579,171632,111104,802816,0.07470875000581145,38b111e307f7ed2390c7fc7d9df618e2a76f6652f5f25a6e0aa4ecd6d1df2c4c
prefill.layer17.norm2,556434579,556571502,136923,130560,965632,0.08577949996106327,7fc22679665b18c6eeed4552480365e0b17f4258e3ceaebf5f8dff9fda5f85ca
prefill.layer17.gate.pack_activation,556571502,556641116,69614,111552,487424,0.05937062494922429,2e99434b1fc204064c2c80df0b7bf49fc2c81147274486fc65deaed2a6cd5506
prefill.layer17.gate,556641116,565086185,8445069,2770048,81057344,2.369338290998712,a81f965130b56831ee63c99577732778b4798b7b88d12e0a33e68fb356676f2d
prefill.layer17.up.pack_activation,565086185,565156074,69889,111552,487424,0.055940124904736876,2e99434b1fc204064c2c80df0b7bf49fc2c81147274486fc65deaed2a6cd5506
prefill.layer17.up,565156074,573594189,8438115,2770048,81057344,2.3837581661064178,3dae2bfdcaf62aa2b7c5793febf0c1774301d237e6039e3472372e2ec4733232
prefill.layer17.swiglu,573594189,574397979,803790,612864,4358144,0.38357570802327245,e986f4d594d68baf6bbdca23d228d64a627913d38c9d41909fe6fe19136f9393
prefill.layer17.down.pack_activation,574397979,574775187,377208,605568,2646016,0.29045924998354167,0ff1ca7ec1de1a670af542665206c016f1df660037d2e3af4e6b4d9d3fe96096
prefill.layer17.down,574775187,580424416,5649229,1635200,57595552,1.5496719169896096,e7693396346d6fdc4be96d305793e62e572201fd5648be6feffae905fda97067
prefill.layer17.ffn_residual,580424416,580597839,173423,111104,802816,0.07422004197724164,38b111e307f7ed2390c7fc7d9df618e2a76f6652f5f25a6e0aa4ecd6d1df2c4c
prefill.layer18.norm1,580597839,580735248,137409,130560,965632,0.08004233392421156,4d307f533eaf9863deeb1600156b86bb9357174f223132f5b1f05e011d0e500c
prefill.layer18.q.pack_activation,580735248,580804862,69614,111552,487424,0.056042333017103374,2e99434b1fc204064c2c80df0b7bf49fc2c81147274486fc65deaed2a6cd5506
prefill.layer18.q,580804862,582502593,1697731,514304,14946848,0.4398333329008892,9309d7984773fdf1b79cbbf946f699f650f7a16fb6390d5721d83de8f13d05ba
prefill.layer18.k.pack_activation,582502593,582572598,70005,111552,487424,0.0535433329641819,2e99434b1fc204064c2c80df0b7bf49fc2c81147274486fc65deaed2a6cd5506
prefill.layer18.k,582572598,582778385,205787,73472,2135264,0.052918249974027276,207c289d6e5c2b79f494c743d0c2e3527115dec63895de7a04534b5fef5c443f
prefill.layer18.v.pack_activation,582778385,582848660,70275,111552,487424,0.05373566702473909,2e99434b1fc204064c2c80df0b7bf49fc2c81147274486fc65deaed2a6cd5506
prefill.layer18.v,582848660,583056110,207450,73472,2135264,0.05302950006444007,0bedd0e8cb4a70a72c7bee853a7535bc19b73c3fc549e72209399210ca767e79
prefill.layer18.rope_q,583056110,583267357,211247,215040,910336,0.12955570803023875,0bbbb1c469d160c9c1dd668cbcf823ab9a170c7bdb13115a8ec8f2c2f2b13f25
prefill.layer18.rope_k_append,583267357,583298474,31117,30720,130048,0.01860824995674193,f335436a8a8c4cbdda932e90ed8c4bcb9b97187945755d1b0da0158de89f67f7
prefill.layer18.v_append,583298474,583338624,40150,41984,116736,0.023179666022770107,17c8bbaf6af62b98a525980a91883bb78bf0e008197d015b44ad9c0d8832be22
prefill.layer18.head00.qk,583338624,583451423,112799,135552,508416,0.06493812496773899,c7c1188fc5d1987e71bd679b6ff4cfb2d40b46f629deb6048c7a67547c942ea6
prefill.layer18.head00.softmax,583451423,583496267,44844,47220,250368,0.027202334022149444,123ed3c30416122dc09685426d03878c9954abaa03f4f95c589c90d48f8499ea
prefill.layer18.head00.pv,583496267,583577270,81003,122688,385280,0.05663620890118182,69759ddc9f87930eba5f5e2cf4e9f4734d58d645e823518e50fd1779dffa30d8
prefill.layer18.head01.qk,583577270,583689467,112197,135552,508416,0.06828708294779062,6759bc5cf728e0a38672687797432b47dabcfebd4c45ba5ef7688708f08cf75e
prefill.layer18.head01.softmax,583689467,583732607,43140,47220,250368,0.028404958080500364,123ed3c30416122dc09685426d03878c9954abaa03f4f95c589c90d48f8499ea
prefill.layer18.head01.pv,583732607,583813383,80776,122688,385280,0.05856333300471306,6bfe7ac7b50657c4510e3c0b18cb29b9c72040b102389b31e3536cf3e37786b9
prefill.layer18.head02.qk,583813383,583922936,109553,135552,508416,0.06793070794083178,f761314d802baec55ce3ec8acfa3c7db6eacfc8a9e468e80105be65397b10d8e
prefill.layer18.head02.softmax,583922936,583966631,43695,47220,250368,0.02813541702926159,123ed3c30416122dc09685426d03878c9954abaa03f4f95c589c90d48f8499ea
prefill.layer18.head02.pv,583966631,584047068,80437,122688,385280,0.058689917088486254,bd5fa161e488ee60a8d64acf8c12eba5d21d4fa5dc68097dd63f388c412adee6
prefill.layer18.head03.qk,584047068,584158618,111550,135552,508416,0.0677606250392273,4b07f04899a1ed4f29b30fd284ddc2c1f6b5c19d080b1c16b4dbe73fbcf90fdc
prefill.layer18.head03.softmax,584158618,584202594,43976,47220,250368,0.028097417089156806,123ed3c30416122dc09685426d03878c9954abaa03f4f95c589c90d48f8499ea
prefill.layer18.head03.pv,584202594,584283374,80780,122688,385280,0.05868337501306087,62b44ea44b8de875bdf32cb997969f0f8b40585edd87aae051a5593f4e645188
prefill.layer18.head04.qk,584283374,584393876,110502,135552,508416,0.06776662496849895,eb4742e427aae16d141ce9849f47496ed12c8ce8adff6b6d44576efb51841c11
prefill.layer18.head04.softmax,584393876,584437784,43908,47220,250368,0.02827654092106968,123ed3c30416122dc09685426d03878c9954abaa03f4f95c589c90d48f8499ea
prefill.layer18.head04.pv,584437784,584518322,80538,122688,385280,0.05852004198823124,78b3f0e3f25c1bf4ac1546a1bb813592c06df5c640466369a415c457c2660fe7
prefill.layer18.head05.qk,584518322,584629838,111516,135552,508416,0.06792066595517099,cb68c991f1a21c743c7dd497fe3c95f0de0e63e052d6ec856ea3d34e1d2baec2
prefill.layer18.head05.softmax,584629838,584673807,43969,47220,250368,0.02830162493046373,123ed3c30416122dc09685426d03878c9954abaa03f4f95c589c90d48f8499ea
prefill.layer18.head05.pv,584673807,584754751,80944,122688,385280,0.05784762499388307,f619f8b0c1067940eedd67c9ef1391a3f01f00cc86f2059253eaccc68d970428
prefill.layer18.head06.qk,584754751,584865172,110421,135552,508416,0.06782620900776237,1ca977897802d72f3f310135e785f18bdea79ee9d33e5f2f8840ec3efb9b530d
prefill.layer18.head06.softmax,584865172,584909167,43995,47220,250368,0.02820095792412758,123ed3c30416122dc09685426d03878c9954abaa03f4f95c589c90d48f8499ea
prefill.layer18.head06.pv,584909167,584989780,80613,122688,385280,0.05876749998424202,faf40d3bee67210ab1dcfaa18db2ab5e35fe01340963f819e03883c90b6afb62
prefill.layer18.head07.qk,584989780,585100758,110978,135552,508416,0.06797954195644706,eb814066972794bd97086b8075ae16a01da06bcaa84a4ea21195c433201081b6
prefill.layer18.head07.softmax,585100758,585144994,44236,47220,250368,0.02814220800064504,123ed3c30416122dc09685426d03878c9954abaa03f4f95c589c90d48f8499ea
prefill.layer18.head07.pv,585144994,585225637,80643,122688,385280,0.059061957988888025,1670ccb113c7ba47e5c4cc4a7e5fb7b6bf4d90e3d8c8a94b830a65c47a1a6905
prefill.layer18.head08.qk,585225637,585337669,112032,135552,508416,0.06762995792087168,d54de1d4bac0f0efccf4458a28f5e26b074e017bb85ca2325a985fe1577a9438
prefill.layer18.head08.softmax,585337669,585381389,43720,47220,250368,0.028202082961797714,123ed3c30416122dc09685426d03878c9954abaa03f4f95c589c90d48f8499ea
prefill.layer18.head08.pv,585381389,585462553,81164,122688,385280,0.05890449997968972,0f0f3d94f8bc19cf4b488715baddce269b77e3e0770924cded26a9f36369d02c
prefill.layer18.head09.qk,585462553,585573122,110569,135552,508416,0.06803758291061968,ed9a1b1a544011ac9fc606fac90a217274acfd2b2b1925904931c837a0d57bb9
prefill.layer18.head09.softmax,585573122,585616298,43176,47220,250368,0.028440791997127235,123ed3c30416122dc09685426d03878c9954abaa03f4f95c589c90d48f8499ea
prefill.layer18.head09.pv,585616298,585697054,80756,122688,385280,0.05831920902710408,43aa1c7266646327ed1a240d0108092dd0f9f158be6ac4c3f187d7290a52aa1c
prefill.layer18.head10.qk,585697054,585807821,110767,135552,508416,0.06787000002805144,3ca07d68597dcabfb76e4629babb57d8948ee9daa37b4e4ea2b247f04e98a2ad
prefill.layer18.head10.softmax,585807821,585851579,43758,47220,250368,0.028138749999925494,123ed3c30416122dc09685426d03878c9954abaa03f4f95c589c90d48f8499ea
prefill.layer18.head10.pv,585851579,585933015,81436,122688,385280,0.0590525419684127,5126439ada0a6e72eef80d37a83425c6efe5c8cd9777224f1cad076d36a93eba
prefill.layer18.head11.qk,585933015,586043950,110935,135552,508416,0.06781312497332692,b2c3f174550c2187ef6e9a8d1124af302efd2440b169d4198af53df5c65dd16a
prefill.layer18.head11.softmax,586043950,586088306,44356,47220,250368,0.028270042035728693,123ed3c30416122dc09685426d03878c9954abaa03f4f95c589c90d48f8499ea
prefill.layer18.head11.pv,586088306,586169304,80998,122688,385280,0.05890025000553578,75a0d117202bc5e98dd1a2a0b296550fd5ac3b8dacd8d5e86d135c47d2051486
prefill.layer18.head12.qk,586169304,586280130,110826,135552,508416,0.06746204197406769,c7f19e2e39a0e8be5fe1f17fb18298bf002cdf43231dfea172751d18542b3e45
prefill.layer18.head12.softmax,586280130,586323721,43591,47220,250368,0.02824112505186349,123ed3c30416122dc09685426d03878c9954abaa03f4f95c589c90d48f8499ea
prefill.layer18.head12.pv,586323721,586404556,80835,122688,385280,0.05925029201898724,4eb5265cf723058277bbb5c7f1cf38d2758211e63a054009e83ffcc69c8f20c5
prefill.layer18.head13.qk,586404556,586517186,112630,135552,508416,0.06802320794668049,2620404c0f7da661f6baffae6721a2459fc59a0b918a6ef624b9dad7bd16bcd9
prefill.layer18.head13.softmax,586517186,586560850,43664,47220,250368,0.0281798749929294,123ed3c30416122dc09685426d03878c9954abaa03f4f95c589c90d48f8499ea
prefill.layer18.head13.pv,586560850,586641284,80434,122688,385280,0.05873483303003013,e947b6dab904bf9d2c86814f06838721f7b7a61fda047b85736ae74867c8a2f7
prefill.layer18.join_heads,586641284,586875996,234712,258048,731136,0.14302070799749345,8e07c32da68a60a9e318f195cfebeab7c9436ae2136c0954f5a39c80c46e1644
prefill.layer18.o.pack_activation,586875996,586945610,69614,111552,487424,0.05552216700743884,58c4612de1034e18041a8b740ffe571191e366f5d1cba59c61ddf6d13fb5dbd0
prefill.layer18.o,586945610,588622512,1676902,510272,14931616,0.43367983296047896,66ddded6c67163aedb9981dee394d3fe2b3e150aed5b1d44de92dda8d15f47b8
prefill.layer18.attention_residual,588622512,588795073,172561,111104,802816,0.07515895797405392,38b111e307f7ed2390c7fc7d9df618e2a76f6652f5f25a6e0aa4ecd6d1df2c4c
prefill.layer18.norm2,588795073,588932504,137431,130560,965632,0.07667183398734778,d17bec6f4b90ef8e81445a39030e9e302dd7e7805b02ac493ca9786671610f03
prefill.layer18.gate.pack_activation,588932504,589002118,69614,111552,487424,0.05366041592787951,2e99434b1fc204064c2c80df0b7bf49fc2c81147274486fc65deaed2a6cd5506
prefill.layer18.gate,589002118,597391132,8389014,2770048,81057344,2.3623722499469295,99856a5a0a5feab895b728c7942e2dc449e6978dfc5312e56a48e9aedffc3d74
prefill.layer18.up.pack_activation,597391132,597461145,70013,111552,487424,0.056189124938100576,2e99434b1fc204064c2c80df0b7bf49fc2c81147274486fc65deaed2a6cd5506
prefill.layer18.up,597461145,605840834,8379689,2770048,81057344,2.340195292024873,d0f2803317019d532e25b2bb03f3036f55e8cc6e5254bcb982402a6ec7666993
prefill.layer18.swiglu,605840834,606644797,803963,612864,4358144,0.39081004192121327,e986f4d594d68baf6bbdca23d228d64a627913d38c9d41909fe6fe19136f9393
prefill.layer18.down.pack_activation,606644797,607022502,377705,605568,2646016,0.298958208062686,0ff1ca7ec1de1a670af542665206c016f1df660037d2e3af4e6b4d9d3fe96096
prefill.layer18.down,607022502,612377460,5354958,1635200,57595552,1.5036479169502854,c10e2ad0c14c3440b29455397b877f4949012345d3decc7fed32aa3f3718c0b6
prefill.layer18.ffn_residual,612377460,612549548,172088,111104,802816,0.07265754090622067,38b111e307f7ed2390c7fc7d9df618e2a76f6652f5f25a6e0aa4ecd6d1df2c4c
prefill.layer19.norm1,612549548,612687071,137523,130560,965632,0.07999808306340128,02272ce596edd26847ac6ce0634bb24c0323b9d4190b973f1eed79ac6643a249
prefill.layer19.q.pack_activation,612687071,612756685,69614,111552,487424,0.05421483295504004,2e99434b1fc204064c2c80df0b7bf49fc2c81147274486fc65deaed2a6cd5506
prefill.layer19.q,612756685,614392362,1635677,514304,14946848,0.42856841697357595,9c024024b2e688cfd223214a73ccfa51d3b216370bcc59683587debc27f174a0
prefill.layer19.k.pack_activation,614392362,614462397,70035,111552,487424,0.05578587495256215,2e99434b1fc204064c2c80df0b7bf49fc2c81147274486fc65deaed2a6cd5506
prefill.layer19.k,614462397,614668833,206436,73472,2135264,0.055022249929606915,c7c2f2350f1a4726604232d6706f45abf959202bb70c91edfe3d0549884846d2
prefill.layer19.v.pack_activation,614668833,614738830,69997,111552,487424,0.05476541700772941,2e99434b1fc204064c2c80df0b7bf49fc2c81147274486fc65deaed2a6cd5506
prefill.layer19.v,614738830,614945173,206343,73472,2135264,0.05376891698688269,d05ffc5d580152819fd0097241f894beb848705fe49456eb368f983c5078af3e
prefill.layer19.rope_q,614945173,615157966,212793,215040,910336,0.1343905000248924,0bbbb1c469d160c9c1dd668cbcf823ab9a170c7bdb13115a8ec8f2c2f2b13f25
prefill.layer19.rope_k_append,615157966,615189083,31117,30720,130048,0.019349957932718098,fff006bf6697bcdd9cc15025fb44f2255baf67994e0e246ebcf28593bf4a6200
prefill.layer19.v_append,615189083,615229233,40150,41984,116736,0.023508792044594884,c4b54621a242c1e20b064163a23318fab3c9f5220808b159dafa67b27ba79581
prefill.layer19.head00.qk,615229233,615341508,112275,135552,508416,0.06678066705353558,2007f1bdf3bc49d9e24969eda73eec6582c5ca8decf333350bb444ea6a305520
prefill.layer19.head00.softmax,615341508,615385243,43735,47220,250368,0.027301167021505535,123ed3c30416122dc09685426d03878c9954abaa03f4f95c589c90d48f8499ea
prefill.layer19.head00.pv,615385243,615465912,80669,122688,385280,0.05728345806710422,4557b3bbc7a64db13c8e64fda021cb7ebe1c10e9f73e8d20383d90ff492c11b8
prefill.layer19.head01.qk,615465912,615577872,111960,135552,508416,0.06734758394304663,05ac12cf2e21811c9b6aa0ab20f44e9dbf2cac7418d30529f7a9b1534fc09985
prefill.layer19.head01.softmax,615577872,615621543,43671,47220,250368,0.02782600000500679,123ed3c30416122dc09685426d03878c9954abaa03f4f95c589c90d48f8499ea
prefill.layer19.head01.pv,615621543,615701474,79931,122688,385280,0.057589707896113396,a928f1f615c6f32d084451e4bb00e7c1a4922beeabb6287c9d03b6728086014b
prefill.layer19.head02.qk,615701474,615812090,110616,135552,508416,0.06509454199112952,a4b66748ed9c86236f628dd10a090b2ea2d90e8f9072e20038ea683fa5b6634b
prefill.layer19.head02.softmax,615812090,615855441,43351,47220,250368,0.027010667021386325,123ed3c30416122dc09685426d03878c9954abaa03f4f95c589c90d48f8499ea
prefill.layer19.head02.pv,615855441,615936677,81236,122688,385280,0.05682204198092222,03a7c61f8a18b5f6e02a3bd2976f2da59a8007121fd7e034502423d5e935b2ce
prefill.layer19.head03.qk,615936677,616048635,111958,135552,508416,0.06509195803664625,9679ff86fbac5ccac8b60ba8c9869d107d82f14bc589f6811de0e689677cc1d0
prefill.layer19.head03.softmax,616048635,616092165,43530,47220,250368,0.027066375012509525,123ed3c30416122dc09685426d03878c9954abaa03f4f95c589c90d48f8499ea
prefill.layer19.head03.pv,616092165,616173392,81227,122688,385280,0.055990374996326864,1e99013d18a3caf458e4f4fecad93d54dc90938ddd4a5170bb5efddfc6668145
prefill.layer19.head04.qk,616173392,616285054,111662,135552,508416,0.06528837501537055,bcbdf9ee0c0ff008fce8b6a4dc7925156742c04d7ebd683c42b7ded9711aef90
prefill.layer19.head04.softmax,616285054,616328273,43219,47220,250368,0.026986125041730702,123ed3c30416122dc09685426d03878c9954abaa03f4f95c589c90d48f8499ea
prefill.layer19.head04.pv,616328273,616409212,80939,122688,385280,0.056207750109024346,6c4508697d1c9969ce716c739925f224e5bca64f73dae58cb4cd4b273fecdfa3
prefill.layer19.head05.qk,616409212,616521146,111934,135552,508416,0.06489312497433275,18655f1762c8272dd4b765b6f967f34fae09e1364730ee47ab3c46fd0cec73a7
prefill.layer19.head05.softmax,616521146,616564732,43586,47220,250368,0.027005875017493963,123ed3c30416122dc09685426d03878c9954abaa03f4f95c589c90d48f8499ea
prefill.layer19.head05.pv,616564732,616644897,80165,122688,385280,0.05632899992633611,ce41deeb17ec495f764a39c59dfd30ce1734dc76491e7c6b3bc029ae56b43252
prefill.layer19.head06.qk,616644897,616755986,111089,135552,508416,0.06508241698611528,88a4fed0745ff571b2410a38ad5b1938f0f46ea60b2a220feaf158e49baddafc
prefill.layer19.head06.softmax,616755986,616799120,43134,47220,250368,0.02679254102986306,123ed3c30416122dc09685426d03878c9954abaa03f4f95c589c90d48f8499ea
prefill.layer19.head06.pv,616799120,616880339,81219,122688,385280,0.05621879198588431,d29de88e9cc9b4c6d38ecd695d65922c9d898e6c92b297065782d68264964ab7
prefill.layer19.head07.qk,616880339,616991737,111398,135552,508416,0.0651081670075655,47f8e711d36e90d3cced0dec42a4f2b0563df90da488a37ccad4fe27a25f570e
prefill.layer19.head07.softmax,616991737,617035876,44139,47220,250368,0.02687195804901421,123ed3c30416122dc09685426d03878c9954abaa03f4f95c589c90d48f8499ea
prefill.layer19.head07.pv,617035876,617116858,80982,122688,385280,0.056172374985180795,e78d763a1068cb0fc68e364e3db22843584b4926bd9f62070bbfaccfc36a6d80
prefill.layer19.head08.qk,617116858,617226585,109727,135552,508416,0.06587708299048245,436cd4a70d6f4773cf2d725c71dca3446ed0dcf372422e31b8edcbae08367ddb
prefill.layer19.head08.softmax,617226585,617270842,44257,47220,250368,0.026926125050522387,123ed3c30416122dc09685426d03878c9954abaa03f4f95c589c90d48f8499ea
prefill.layer19.head08.pv,617270842,617351390,80548,122688,385280,0.05587445804849267,deba5fd927f56947edf0ca838e02347c218d3079c31d5888ebb7095ffd197f74
prefill.layer19.head09.qk,617351390,617462205,110815,135552,508416,0.06502395798452199,87ec8689e97b0d738d9d727ff5e499f33daf28e1100d5116562b731e5d2c8c79
prefill.layer19.head09.softmax,617462205,617506207,44002,47220,250368,0.026868332992307842,123ed3c30416122dc09685426d03878c9954abaa03f4f95c589c90d48f8499ea
prefill.layer19.head09.pv,617506207,617587911,81704,122688,385280,0.05655195901636034,5ad8abee8fa80221e352dbbd3194889769b08e073c30daf9662ae348c9692831
prefill.layer19.head10.qk,617587911,617698123,110212,135552,508416,0.06571979192085564,5baf690580189d579bde7691fe90c9e97acf19a6ede3b3561cb06a37c6819d34
prefill.layer19.head10.softmax,617698123,617742404,44281,47220,250368,0.02735587500501424,123ed3c30416122dc09685426d03878c9954abaa03f4f95c589c90d48f8499ea
prefill.layer19.head10.pv,617742404,617823453,81049,122688,385280,0.057880833046510816,e7598559d76aafd7e4858a0d68ed0aa4bf81749ad46143771e05747d9c6136f4
prefill.layer19.head11.qk,617823453,617935055,111602,135552,508416,0.0676169169601053,5df156190454273518e0feccf70324f9f117f7a85790c3efa028ec9e8938d9f2
prefill.layer19.head11.softmax,617935055,617978165,43110,47220,250368,0.02789900009520352,123ed3c30416122dc09685426d03878c9954abaa03f4f95c589c90d48f8499ea
prefill.layer19.head11.pv,617978165,618059107,80942,122688,385280,0.058375125052407384,9e5b597142addeab4db83df4c2cbde8e877d4abc2a0e6034512d1d79731481d5
prefill.layer19.head12.qk,618059107,618169978,110871,135552,508416,0.06778941699303687,9103555a56b4d5147deede13e6837d00101a5b37f23c239df08090f25ed79af8
prefill.layer19.head12.softmax,618169978,618213943,43965,47220,250368,0.028176208026707172,123ed3c30416122dc09685426d03878c9954abaa03f4f95c589c90d48f8499ea
prefill.layer19.head12.pv,618213943,618294940,80997,122688,385280,0.0587072919588536,7ac618b0fbcd58717959a356c1a9dc15008fc43cc0096e19f60c37bccf6cbf94
prefill.layer19.head13.qk,618294940,618407077,112137,135552,508416,0.06718387501314282,c511318ad6a05eb8a5e51ff785346ed8e08478fe79a43befd0d7cfae8d5c3b62
prefill.layer19.head13.softmax,618407077,618450493,43416,47220,250368,0.028362250071950257,123ed3c30416122dc09685426d03878c9954abaa03f4f95c589c90d48f8499ea
prefill.layer19.head13.pv,618450493,618530825,80332,122688,385280,0.05863125005271286,07075f42c14900d7a57a371a712df160ffb31db73806df9231af5121c5878d4f
prefill.layer19.join_heads,618530825,618762631,231806,258048,731136,0.14262370800133795,8e07c32da68a60a9e318f195cfebeab7c9436ae2136c0954f5a39c80c46e1644
prefill.layer19.o.pack_activation,618762631,618832245,69614,111552,487424,0.054788790992461145,58c4612de1034e18041a8b740ffe571191e366f5d1cba59c61ddf6d13fb5dbd0
prefill.layer19.o,618832245,620518749,1686504,510272,14931616,0.4188589999685064,a7d4d314eb432e6350dfccb95c9fb40949de660fbddafa6afa693eb92e6d8a69
prefill.layer19.attention_residual,620518749,620694723,175974,111104,802816,0.07273704197723418,38b111e307f7ed2390c7fc7d9df618e2a76f6652f5f25a6e0aa4ecd6d1df2c4c
prefill.layer19.norm2,620694723,620832538,137815,130560,965632,0.07731062499806285,c0eb716ebe6f0acffc35972d9ddae0392e65050b5804ad15c83031db60dfb49a
prefill.layer19.gate.pack_activation,620832538,620902152,69614,111552,487424,0.05342187499627471,2e99434b1fc204064c2c80df0b7bf49fc2c81147274486fc65deaed2a6cd5506
prefill.layer19.gate,620902152,629308467,8406315,2770048,81057344,2.2801631670445204,e3746105402c2d2fe13e2f8082dbb506cdb81b9e28deef14c0742290998361ba
prefill.layer19.up.pack_activation,629308467,629378613,70146,111552,487424,0.05345954198855907,2e99434b1fc204064c2c80df0b7bf49fc2c81147274486fc65deaed2a6cd5506
prefill.layer19.up,629378613,637768186,8389573,2770048,81057344,2.3357239589095116,cb0f7f1677bcc83158d28cc2548e24a9366f0a7e8a38e80fab800e5ed96e9b89
prefill.layer19.swiglu,637768186,638572773,804587,612864,4358144,0.3939242080086842,e986f4d594d68baf6bbdca23d228d64a627913d38c9d41909fe6fe19136f9393
prefill.layer19.down.pack_activation,638572773,638950478,377705,605568,2646016,0.299366790917702,0ff1ca7ec1de1a670af542665206c016f1df660037d2e3af4e6b4d9d3fe96096
prefill.layer19.down,638950478,644452563,5502085,1635200,57595552,1.4915095419855788,9ea8bc9bfbd3c062bb081f33206a5d6a5a3b41cf321355f2d982546f0958d581
prefill.layer19.ffn_residual,644452563,644623170,170607,111104,802816,0.07195895805489272,38b111e307f7ed2390c7fc7d9df618e2a76f6652f5f25a6e0aa4ecd6d1df2c4c
prefill.layer20.norm1,644623170,644760644,137474,130560,965632,0.07624362502247095,6f5ed48f27b636a0803be145b7b70ac9f3f2a636e9d13b94d95f496ca7a4f1f4
prefill.layer20.q.pack_activation,644760644,644830258,69614,111552,487424,0.0534860419575125,2e99434b1fc204064c2c80df0b7bf49fc2c81147274486fc65deaed2a6cd5506
prefill.layer20.q,644830258,646526336,1696078,514304,14946848,0.4202870409935713,b069ccec1d076a73a7aec01c356e7d59fb0c48a8bca1b606854369c70204d8a6
prefill.layer20.k.pack_activation,646526336,646596374,70038,111552,487424,0.05359412496909499,2e99434b1fc204064c2c80df0b7bf49fc2c81147274486fc65deaed2a6cd5506
prefill.layer20.k,646596374,646803443,207069,73472,2135264,0.05275237502064556,fafbe707465116220e0b2b3fd90ef8aca6e94388091efe3ef92564c5d66c5835
prefill.layer20.v.pack_activation,646803443,646873315,69872,111552,487424,0.05355466704349965,2e99434b1fc204064c2c80df0b7bf49fc2c81147274486fc65deaed2a6cd5506
prefill.layer20.v,646873315,647080723,207408,73472,2135264,0.05329508404247463,970f8b39889ba52150c12e87109bd80eb218ba54cf960e8616babece39dca177
prefill.layer20.rope_q,647080723,647293715,212992,215040,910336,0.12980183400213718,0bbbb1c469d160c9c1dd668cbcf823ab9a170c7bdb13115a8ec8f2c2f2b13f25
prefill.layer20.rope_k_append,647293715,647325146,31431,30720,130048,0.018613292020745575,af39964e2df51f404349e84797398c56e09793612fbdb2154f9948e5c6aa6070
prefill.layer20.v_append,647325146,647365295,40149,41984,116736,0.023053916986100376,a59e9873f01b5496d8c09fa93b71f85485d42dda572d4b66266866abe87ad228
prefill.layer20.head00.qk,647365295,647478053,112758,135552,508416,0.06459204095881432,7e4b85cb786cbb155f224309030e003b1340454c1c9bcb7a0d503a390f39ae82
prefill.layer20.head00.softmax,647478053,647522136,44083,47220,250368,0.027180833974853158,123ed3c30416122dc09685426d03878c9954abaa03f4f95c589c90d48f8499ea
prefill.layer20.head00.pv,647522136,647602417,80281,122688,385280,0.05629733297973871,4d0beee3a56f05d5952f2519bd49b85c2223236997b01254090a7afbee76cb5f
prefill.layer20.head01.qk,647602417,647713971,111554,135552,508416,0.06524479202926159,767dda473bd6bcdc7f44ab4d4b034ce4cb3f6a559bcb38fba8953ba971cf9754
prefill.layer20.head01.softmax,647713971,647757874,43903,47220,250368,0.02703737502451986,123ed3c30416122dc09685426d03878c9954abaa03f4f95c589c90d48f8499ea
prefill.layer20.head01.pv,647757874,647839223,81349,122688,385280,0.05627912504132837,77cf452be3a055ad4f8958bcfdad3a84085c61441743387f2a35b40f1f8bbf48
prefill.layer20.head02.qk,647839223,647950491,111268,135552,508416,0.06532558298204094,36f9ec72d93bcaaa331aeef11116fd5ba7713cfe961edd699ea2bde4d210a9c7
prefill.layer20.head02.softmax,647950491,647993903,43412,47220,250368,0.02697116695344448,123ed3c30416122dc09685426d03878c9954abaa03f4f95c589c90d48f8499ea
prefill.layer20.head02.pv,647993903,648074503,80600,122688,385280,0.05616741697303951,838d060ac3f97f75ed21210159784f404b5153c90fc9f6ae19885ee4ed655c60
prefill.layer20.head03.qk,648074503,648185657,111154,135552,508416,0.0650715830270201,8cca8399d6961e572e7a423d082956ecb940a18f58012a718650dcfc4fe757b2
prefill.layer20.head03.softmax,648185657,648229492,43835,47220,250368,0.026998542016372085,123ed3c30416122dc09685426d03878c9954abaa03f4f95c589c90d48f8499ea
prefill.layer20.head03.pv,648229492,648310025,80533,122688,385280,0.056167916976846755,8cce5299263c635964590d5167c07a9506fdead6c1971c694b2a55495e0cada6
prefill.layer20.head04.qk,648310025,648421613,111588,135552,508416,0.06553158396854997,11cfd013ccf980876e567017ace7b4d17abe86aaf3c6a319ceeae0950f1a7ecb
prefill.layer20.head04.softmax,648421613,648465046,43433,47220,250368,0.026995541993528605,123ed3c30416122dc09685426d03878c9954abaa03f4f95c589c90d48f8499ea
prefill.layer20.head04.pv,648465046,648546146,81100,122688,385280,0.0566800000378862,c168503726abec82cbaf534bf90b309ced5deeaac4cd27b52545632d03702406
prefill.layer20.head05.qk,648546146,648656482,110336,135552,508416,0.06492541602347046,d3571607696b398796adee49d9630105c646423ab2602e73992e3c04a302e340
prefill.layer20.head05.softmax,648656482,648700944,44462,47220,250368,0.027024790993891656,123ed3c30416122dc09685426d03878c9954abaa03f4f95c589c90d48f8499ea
prefill.layer20.head05.pv,648700944,648781662,80718,122688,385280,0.056247750064358115,5eeef1ddf0d500c54acbf71a9bd742ab7f9a72624eaa24b33394393fab1d5aaa
prefill.layer20.head06.qk,648781662,648893193,111531,135552,508416,0.06507566699292511,1dfc4a0b6c4e88cb4da4fd011b998a226bfb82e05951b1c51dc457de803c786b
prefill.layer20.head06.softmax,648893193,648936575,43382,47220,250368,0.02682641602586955,123ed3c30416122dc09685426d03878c9954abaa03f4f95c589c90d48f8499ea
prefill.layer20.head06.pv,648936575,649017329,80754,122688,385280,0.0561650829622522,1d92f2da232031840122008f236af55945930142f2fcb6af3ba942af4ced8444
prefill.layer20.head07.qk,649017329,649130137,112808,135552,508416,0.06532570801209658,9b0ea16921796668e0ea06dd6f236cdaad8b106174b290b46ff57c26f88f5c08
prefill.layer20.head07.softmax,649130137,649174369,44232,47220,250368,0.02736129204276949,123ed3c30416122dc09685426d03878c9954abaa03f4f95c589c90d48f8499ea
prefill.layer20.head07.pv,649174369,649255369,81000,122688,385280,0.05711341695860028,93efa826814445059c6447de5a949739fc4189ea1af574c2f62c354f4a171a65
prefill.layer20.head08.qk,649255369,649367405,112036,135552,508416,0.06598162499722093,129d8e4762f9740466dfea7f0028cf82bfc6cf1c2ca6aa1e31a668a3b37f4631
prefill.layer20.head08.softmax,649367405,649411666,44261,47220,250368,0.027374290977604687,123ed3c30416122dc09685426d03878c9954abaa03f4f95c589c90d48f8499ea
prefill.layer20.head08.pv,649411666,649493475,81809,122688,385280,0.05705029203090817,3d7325e1449d546f14bf59d17655338508e09dd60dd0221db34e5087e69bfeed
prefill.layer20.head09.qk,649493475,649604308,110833,135552,508416,0.06624583306256682,0a6bbcb2286b6e20a5938971e6e57447412875c3e142b366033821b8a362cd95
prefill.layer20.head09.softmax,649604308,649647442,43134,47220,250368,0.02812020794954151,123ed3c30416122dc09685426d03878c9954abaa03f4f95c589c90d48f8499ea
prefill.layer20.head09.pv,649647442,649727922,80480,122688,385280,0.05676800000946969,35e55259b9e3a0dc78225658c378420f9723ff47155069f58fd4384d685e7ba7
prefill.layer20.head10.qk,649727922,649838186,110264,135552,508416,0.06584924994967878,fe86bdd85548a5c251becfc6a32133c101a59a1b4748da54a2b4cd0a1e2a4969
prefill.layer20.head10.softmax,649838186,649882474,44288,47220,250368,0.027361208107322454,123ed3c30416122dc09685426d03878c9954abaa03f4f95c589c90d48f8499ea
prefill.layer20.head10.pv,649882474,649962757,80283,122688,385280,0.057813958963379264,69c606b6263088d159db3bc0df2444a0b1e8edf7f5f49f4f611ed1ddde3238ab
prefill.layer20.head11.qk,649962757,650074679,111922,135552,508416,0.06620512495283037,5eea8dcd33e3d87669a068a2728562cabeccfec5580958261f8d6ca92fad8c64
prefill.layer20.head11.softmax,650074679,650117942,43263,47220,250368,0.02731804095674306,123ed3c30416122dc09685426d03878c9954abaa03f4f95c589c90d48f8499ea
prefill.layer20.head11.pv,650117942,650198275,80333,122688,385280,0.056997708044946194,52d1b628c1dfb3c01c2b05d26c1aa791e8b4ae4269c503cd24169c94187a141b
prefill.layer20.head12.qk,650198275,650309320,111045,135552,508416,0.06604945799335837,bf260f509ea788db1fb82730e79b8871a2118ef789870002aa5fc57d7ae91468
prefill.layer20.head12.softmax,650309320,650353142,43822,47220,250368,0.026898917043581605,123ed3c30416122dc09685426d03878c9954abaa03f4f95c589c90d48f8499ea
prefill.layer20.head12.pv,650353142,650433805,80663,122688,385280,0.05712433299049735,2d162644f016b9fedce467a3f6331d76e048a3956823c6785db062f0234931cd
prefill.layer20.head13.qk,650433805,650546149,112344,135552,508416,0.06524775002617389,f821288c9842a8c28affaaaca988a663bc4d6dad605321e088018ac9bdd0fdb5
prefill.layer20.head13.softmax,650546149,650589183,43034,47220,250368,0.026968040969222784,123ed3c30416122dc09685426d03878c9954abaa03f4f95c589c90d48f8499ea
prefill.layer20.head13.pv,650589183,650670249,81066,122688,385280,0.05671229097060859,5f42151c4dbdaf85da688fa013f944526e399544df8098e232b88ef3f9730afe
prefill.layer20.join_heads,650670249,650903606,233357,258048,731136,0.13726241700351238,8e07c32da68a60a9e318f195cfebeab7c9436ae2136c0954f5a39c80c46e1644
prefill.layer20.o.pack_activation,650903606,650973220,69614,111552,487424,0.05370554199907929,58c4612de1034e18041a8b740ffe571191e366f5d1cba59c61ddf6d13fb5dbd0
prefill.layer20.o,650973220,652622679,1649459,510272,14931616,0.421055042068474,6d90099113b13cb3c354c3060866ecebbf89bdd8df42449f76acedd061fe1f75
prefill.layer20.attention_residual,652622679,652793286,170607,111104,802816,0.07265999994706362,38b111e307f7ed2390c7fc7d9df618e2a76f6652f5f25a6e0aa4ecd6d1df2c4c
prefill.layer20.norm2,652793286,652931006,137720,130560,965632,0.07666066696401685,ac22870d4fa742b37a40b330e2499d94ae32f14271d597e0931f248bf803463c
prefill.layer20.gate.pack_activation,652931006,653000618,69612,111552,487424,0.054361875052563846,2e99434b1fc204064c2c80df0b7bf49fc2c81147274486fc65deaed2a6cd5506
prefill.layer20.gate,653000618,661389683,8389065,2770048,81057344,2.2931874999776483,fe1cb4b42738338ee88654e5db4bc46d460cf78d59ae65873a466de77bb47eec
prefill.layer20.up.pack_activation,661389683,661459632,69949,111552,487424,0.05389212490990758,2e99434b1fc204064c2c80df0b7bf49fc2c81147274486fc65deaed2a6cd5506
prefill.layer20.up,661459632,669852970,8393338,2770048,81057344,2.2854128329781815,915b839957a4f14b7ba4a10f27bf67597bfe0bbe44b1e6cf5ada5d2fc8d771b0
prefill.layer20.swiglu,669852970,670658680,805710,612864,4358144,0.38215320894960314,e986f4d594d68baf6bbdca23d228d64a627913d38c9d41909fe6fe19136f9393
prefill.layer20.down.pack_activation,670658680,671035888,377208,605568,2646016,0.2918000420322642,0ff1ca7ec1de1a670af542665206c016f1df660037d2e3af4e6b4d9d3fe96096
prefill.layer20.down,671035888,677009619,5973731,1635200,57595552,1.4948721250984818,7c4f1242f01f5c7978e307bc97ea527b1acc99114ad093266d6c0579faaa7530
prefill.layer20.ffn_residual,677009619,677182845,173226,111104,802816,0.07235858298372477,38b111e307f7ed2390c7fc7d9df618e2a76f6652f5f25a6e0aa4ecd6d1df2c4c
prefill.layer21.norm1,677182845,677319552,136707,130560,965632,0.0775596669409424,cf08e6dc5a5f35333418b9f5daf6da642bf2f5a57f1848315a88e4293339512d
prefill.layer21.q.pack_activation,677319552,677389166,69614,111552,487424,0.05366641702130437,2e99434b1fc204064c2c80df0b7bf49fc2c81147274486fc65deaed2a6cd5506
prefill.layer21.q,677389166,678986512,1597346,514304,14946848,0.42193199996836483,c0ae59119603106d5f021449f4171fe9e74fca757c8b1684f7ed30d9dd49bb6f
prefill.layer21.k.pack_activation,678986512,679056440,69928,111552,487424,0.0540265419986099,2e99434b1fc204064c2c80df0b7bf49fc2c81147274486fc65deaed2a6cd5506
prefill.layer21.k,679056440,679263938,207498,73472,2135264,0.05357241700403392,437d4e787710d7ae5f247698b2877c9904027c0061cd2082e810d0ddf8e3fecc
prefill.layer21.v.pack_activation,679263938,679334125,70187,111552,487424,0.05365437490399927,2e99434b1fc204064c2c80df0b7bf49fc2c81147274486fc65deaed2a6cd5506
prefill.layer21.v,679334125,679541084,206959,73472,2135264,0.05313670902978629,764aa49dbd92fc9ba1ed1d6d5b17551ef072bd73fcbe45abc9242b8717c5c953
prefill.layer21.rope_q,679541084,679754638,213554,215040,910336,0.13070049998350441,0bbbb1c469d160c9c1dd668cbcf823ab9a170c7bdb13115a8ec8f2c2f2b13f25
prefill.layer21.rope_k_append,679754638,679786069,31431,30720,130048,0.018990083946846426,c97e4850518d4211bb804e0dbc4e3faf400fdd7df54e720e6c87de69688eaca7
prefill.layer21.v_append,679786069,679826218,40149,41984,116736,0.023200833005830646,aa430b1060b8bd5223ea0cafb6bd4afdc569c59364e6c9d6ce18c080ebf0b5cd
prefill.layer21.head00.qk,679826218,679938783,112565,135552,508416,0.0652650420088321,603dc411b3f2c9eec53a00381c6b695b6dfb610eff2a9c91992cd5e9f0bd5082
prefill.layer21.head00.softmax,679938783,679982866,44083,47220,250368,0.027291874983347952,123ed3c30416122dc09685426d03878c9954abaa03f4f95c589c90d48f8499ea
prefill.layer21.head00.pv,679982866,680064243,81377,122688,385280,0.05708554096054286,761ce37acdcaf03d177625bbb61ae389ac71388602c084158b984415ba4d7d78
prefill.layer21.head01.qk,680064243,680175975,111732,135552,508416,0.06605312507599592,49db11db1dc77fb984789657302f545e5b533662cdf7850ccdb361996c5fd6e7
prefill.layer21.head01.softmax,680175975,680219942,43967,47220,250368,0.027653457946144044,123ed3c30416122dc09685426d03878c9954abaa03f4f95c589c90d48f8499ea
prefill.layer21.head01.pv,680219942,680300517,80575,122688,385280,0.05734487506560981,338ca610c806bd86e84b097672a649960aeed631afc4d9096b7cf6c3a87559b6
prefill.layer21.head02.qk,680300517,680411974,111457,135552,508416,0.06548387499060482,5a8b4bb5332a62c7a85cd59fd91cabc0aec9f7f3193d252f11025a2ae8bcce98
prefill.layer21.head02.softmax,680411974,680455276,43302,47220,250368,0.02690395910758525,123ed3c30416122dc09685426d03878c9954abaa03f4f95c589c90d48f8499ea
prefill.layer21.head02.pv,680455276,680536008,80732,122688,385280,0.056355791981332004,e7365a7b8f88929764a58fd5f030121a45373bf8512e3d466560820f6946928c
prefill.layer21.head03.qk,680536008,680648549,112541,135552,508416,0.06579933397006243,6a3e6e967cfb934556cd1139e4ca3a95a426006c5784ee4ff3a64b518e833884
prefill.layer21.head03.softmax,680648549,680691819,43270,47220,250368,0.02712433401029557,123ed3c30416122dc09685426d03878c9954abaa03f4f95c589c90d48f8499ea
prefill.layer21.head03.pv,680691819,680773194,81375,122688,385280,0.05617045797407627,e0a0ca808e21391800bc8575aff9a96358f446e030a188269e51ff5dd895434a
prefill.layer21.head04.qk,680773194,680883387,110193,135552,508416,0.0652304170653224,4935afd2087eb4133fc6405640197684424c67db59dae4ce786c13787992a88a
prefill.layer21.head04.softmax,680883387,680927109,43722,47220,250368,0.02706666593439877,123ed3c30416122dc09685426d03878c9954abaa03f4f95c589c90d48f8499ea
prefill.layer21.head04.pv,680927109,681008430,81321,122688,385280,0.05678937502671033,b1b18ef9f5c1ac1e288a09f3a8d2deff57644f8b9e1a30dac16faa584d38ab80
prefill.layer21.head05.qk,681008430,681119925,111495,135552,508416,0.0673726670211181,2bc6a0021672fbc52001237613c5fbf76ca1a7f667ec8550eea5c77c9129e74e
prefill.layer21.head05.softmax,681119925,681163911,43986,47220,250368,0.02802512503694743,123ed3c30416122dc09685426d03878c9954abaa03f4f95c589c90d48f8499ea
prefill.layer21.head05.pv,681163911,681245126,81215,122688,385280,0.058322165976278484,9692f4dda2085a8ac7bc17fd4f681ae1e414a93e63ac145dae7a63a2972a33dd
prefill.layer21.head06.qk,681245126,681356586,111460,135552,508416,0.06602825003210455,277cff8d27a3a7e53581f2d56f62fa418b320c5a1bcf24bef0c31de18e6a922b
prefill.layer21.head06.softmax,681356586,681400160,43574,47220,250368,0.02747595903929323,123ed3c30416122dc09685426d03878c9954abaa03f4f95c589c90d48f8499ea
prefill.layer21.head06.pv,681400160,681481551,81391,122688,385280,0.05734487506560981,6407c3ea5dbee26dee1c68c581d01610acf8f941ab06a494880b18ce7bd77a6d
prefill.layer21.head07.qk,681481551,681592686,111135,135552,508416,0.06705495796632022,e0ac20dcd5ebad1bd54c60b0721f487a194156bac9b889a9759a42eb8182edde
prefill.layer21.head07.softmax,681592686,681636557,43871,47220,250368,0.027279750094749033,123ed3c30416122dc09685426d03878c9954abaa03f4f95c589c90d48f8499ea
prefill.layer21.head07.pv,681636557,681717359,80802,122688,385280,0.056987165939062834,4aeb56552da03f404dae4a8f838779af9c9c9b34973e0601409a57337f29314f
prefill.layer21.head08.qk,681717359,681829218,111859,135552,508416,0.06631612498313189,64f10c26f6041a1ae6d789d88c46e84d89b665cfd1c03488e5ee021ea1a9a898
prefill.layer21.head08.softmax,681829218,681873070,43852,47220,250368,0.027971624978818,123ed3c30416122dc09685426d03878c9954abaa03f4f95c589c90d48f8499ea
prefill.layer21.head08.pv,681873070,681952860,79790,122688,385280,0.05730104201938957,4642be4e4ff23d1d6d4732126a0cd0d746ee5255025f99c839588307cee6899c
prefill.layer21.head09.qk,681952860,682064817,111957,135552,508416,0.06671279203146696,70ae5b700e62480ef18e586239de5f2779afc03cf3aa7c1ba0da9ab092a8e521
prefill.layer21.head09.softmax,682064817,682107953,43136,47220,250368,0.02730295795481652,123ed3c30416122dc09685426d03878c9954abaa03f4f95c589c90d48f8499ea
prefill.layer21.head09.pv,682107953,682188230,80277,122688,385280,0.057080292026512325,77935ffd6306cd43e9b3701afba3739e4a74238aac6ed19c9cb6281b93debef6
prefill.layer21.head10.qk,682188230,682299449,111219,135552,508416,0.06576012494042516,e96691f95c5d445df0c956d52c2086a9123a9e49b2be92decc47c921d08b093b
prefill.layer21.head10.softmax,682299449,682343496,44047,47220,250368,0.026983208023011684,123ed3c30416122dc09685426d03878c9954abaa03f4f95c589c90d48f8499ea
prefill.layer21.head10.pv,682343496,682425001,81505,122688,385280,0.05820049997419119,f361f174ae008fb2add892b6235cfae50bffdef7b852bc0fa324b9d193d04ad0
prefill.layer21.head11.qk,682425001,682535926,110925,135552,508416,0.06570745806675404,71d4b95d0fed7da9a4386a8ad87aa0f899e9b9cb8f64afbb93ece33e225ba277
prefill.layer21.head11.softmax,682535926,682579327,43401,47220,250368,0.026837291894480586,123ed3c30416122dc09685426d03878c9954abaa03f4f95c589c90d48f8499ea
prefill.layer21.head11.pv,682579327,682660088,80761,122688,385280,0.05637029092758894,ce31c0bba7a3655898e75e6bd71524c66662ecf41165b37542d9f9edac965901
prefill.layer21.head12.qk,682660088,682771413,111325,135552,508416,0.06565641704946756,20064ebf4f0b9a531945796d33d154aa7fb03be550ff0a99a40dd668e1e99b29
prefill.layer21.head12.softmax,682771413,682815662,44249,47220,250368,0.027336750063113868,123ed3c30416122dc09685426d03878c9954abaa03f4f95c589c90d48f8499ea
prefill.layer21.head12.pv,682815662,682896823,81161,122688,385280,0.05790241702925414,4807fbdb45428f6d60e834dfbb7ea482fd3a0d2dd814c5ce3d7399a03624914b
prefill.layer21.head13.qk,682896823,683008731,111908,135552,508416,0.06540166598279029,8d6554980c3125528f149c4bc6f32cdb6b3755a33ce3618dc062b04262f686ee
prefill.layer21.head13.softmax,683008731,683052434,43703,47220,250368,0.027170957997441292,123ed3c30416122dc09685426d03878c9954abaa03f4f95c589c90d48f8499ea
prefill.layer21.head13.pv,683052434,683133175,80741,122688,385280,0.056831249967217445,3421c24c34114999bb8fb208a80544a3dcf7d8d66e73dd54c4aaeec286b749a2
prefill.layer21.join_heads,683133175,683365660,232485,258048,731136,0.13831495901104063,8e07c32da68a60a9e318f195cfebeab7c9436ae2136c0954f5a39c80c46e1644
prefill.layer21.o.pack_activation,683365660,683435274,69614,111552,487424,0.0538092500064522,58c4612de1034e18041a8b740ffe571191e366f5d1cba59c61ddf6d13fb5dbd0
prefill.layer21.o,683435274,685016618,1581344,510272,14931616,0.4184399170335382,efe64b7a388b57f03eb32d03ff56e367624bd72cfe2bbf22d93adb948f831f5f
prefill.layer21.attention_residual,685016618,685188003,171385,111104,802816,0.07238012505695224,38b111e307f7ed2390c7fc7d9df618e2a76f6652f5f25a6e0aa4ecd6d1df2c4c
prefill.layer21.norm2,685188003,685325614,137611,130560,965632,0.07677462499123067,e2891473872a646bc94ecab72e50a2e5b42eb8b3a83dcccc4498e6ed6c7d36aa
prefill.layer21.gate.pack_activation,685325614,685395151,69537,111552,487424,0.05493616696912795,2e99434b1fc204064c2c80df0b7bf49fc2c81147274486fc65deaed2a6cd5506
prefill.layer21.gate,685395151,693859150,8463999,2770048,81057344,2.315163958002813,da5f079c070263fc58da081306f59157345b4a2cb2bb65beb0e2fbc156880abf
prefill.layer21.up.pack_activation,693859150,693929087,69937,111552,487424,0.05486295896116644,2e99434b1fc204064c2c80df0b7bf49fc2c81147274486fc65deaed2a6cd5506
prefill.layer21.up,693929087,702328392,8399305,2770048,81057344,2.3007674999535084,dfe426800c1890a0460a41e7ad5dee4355df367e6f78e7f91e71833ee6f45ff7
prefill.layer21.swiglu,702328392,703132501,804109,612864,4358144,0.38603991700802,e986f4d594d68baf6bbdca23d228d64a627913d38c9d41909fe6fe19136f9393
prefill.layer21.down.pack_activation,703132501,703509602,377101,605568,2646016,0.29410845902748406,0ff1ca7ec1de1a670af542665206c016f1df660037d2e3af4e6b4d9d3fe96096
prefill.layer21.down,703509602,709416422,5906820,1635200,57595552,1.5105536659248173,cdb7fd2386ba972b681b391295964f9ff9ac829c384f78158a63798d45e583f1
prefill.layer21.ffn_residual,709416422,709588054,171632,111104,802816,0.07300304202362895,38b111e307f7ed2390c7fc7d9df618e2a76f6652f5f25a6e0aa4ecd6d1df2c4c
prefill.layer22.norm1,709588054,709725372,137318,130560,965632,0.0768999169813469,f297d10798b6c810b2ac5380d04890698b9c844df40c220c8b76a59d4a3c0903
prefill.layer22.q.pack_activation,709725372,709795694,70322,111552,487424,0.0538513750070706,2e99434b1fc204064c2c80df0b7bf49fc2c81147274486fc65deaed2a6cd5506
prefill.layer22.q,709795694,711498565,1702871,514304,14946848,0.4258535420522094,5a8efee8bd3a24c79f1bc2760c8730402c604a327f6aa887d8f9e4a273b776b1
prefill.layer22.k.pack_activation,711498565,711568262,69697,111552,487424,0.05409708293154836,2e99434b1fc204064c2c80df0b7bf49fc2c81147274486fc65deaed2a6cd5506
prefill.layer22.k,711568262,711775414,207152,73472,2135264,0.05380987504031509,2977de9c9ea0723d8ab75b3f84bbbb94f3b00e0260ecd699b79ff4d3ff4fd795
prefill.layer22.v.pack_activation,711775414,711845026,69612,111552,487424,0.05386341596022248,2e99434b1fc204064c2c80df0b7bf49fc2c81147274486fc65deaed2a6cd5506
prefill.layer22.v,711845026,712051462,206436,73472,2135264,0.05330779100768268,51168912c68506c745f98a51e03b5607823f7534e77401fa7716540ed65d025e
prefill.layer22.rope_q,712051462,712264255,212793,215040,910336,0.13087287498638034,0bbbb1c469d160c9c1dd668cbcf823ab9a170c7bdb13115a8ec8f2c2f2b13f25
prefill.layer22.rope_k_append,712264255,712295372,31117,30720,130048,0.018866917002014816,6e85e23a0f4c44ac591b555b7cd561568861c440c13f052ee0bebafdbb6b5327
prefill.layer22.v_append,712295372,712335522,40150,41984,116736,0.023483166936784983,eabaaebcdacb7f262eb37a7cf706dd614fa7241d7bb39608404867871827267e
prefill.layer22.head00.qk,712335522,712448201,112679,135552,508416,0.06637120805680752,a4c7829f1e5356d508f048891897471616ec2623d1f1f9b30a61453a71703f99
prefill.layer22.head00.softmax,712448201,712492647,44446,47220,250368,0.027450333000160754,123ed3c30416122dc09685426d03878c9954abaa03f4f95c589c90d48f8499ea
prefill.layer22.head00.pv,712492647,712573296,80649,122688,385280,0.05704245809465647,33c3eca3ece9aa50d964619b9cc63e6fea7391fe5feb02fd09709d51c5f14d84
prefill.layer22.head01.qk,712573296,712683744,110448,135552,508416,0.06588629190810025,9caa82c101f1299a0bb1afdd7142b0a1ee91c9afd4650e5a3566fafd9a437955
prefill.layer22.head01.softmax,712683744,712728424,44680,47220,250368,0.0270177919883281,123ed3c30416122dc09685426d03878c9954abaa03f4f95c589c90d48f8499ea
prefill.layer22.head01.pv,712728424,712809135,80711,122688,385280,0.056564124999567866,fc0600f516328e7184ade2b4856e2e56ed3cef3e1675f1d0f4bc0e5f33b97b1a
prefill.layer22.head02.qk,712809135,712919086,109951,135552,508416,0.0661899580154568,336a82c84aec740bda8007c4d509b64bc0a13cb06326d8a21588a299a99f76d2
prefill.layer22.head02.softmax,712919086,712962785,43699,47220,250368,0.02737633406650275,123ed3c30416122dc09685426d03878c9954abaa03f4f95c589c90d48f8499ea
prefill.layer22.head02.pv,712962785,713044157,81372,122688,385280,0.05727804102934897,ea6e02c1961119658f5c50e77080bcde270e9c7a02705a9f89e63a9d3e7e3466
prefill.layer22.head03.qk,713044157,713156147,111990,135552,508416,0.0661107919877395,20203adee3cd2118d8f98976025a08f83c1819c0613978f5bf19ab7111e25300
prefill.layer22.head03.softmax,713156147,713199728,43581,47220,250368,0.027611708967015147,123ed3c30416122dc09685426d03878c9954abaa03f4f95c589c90d48f8499ea
prefill.layer22.head03.pv,713199728,713280526,80798,122688,385280,0.05723841697908938,9c0b4b3c0a443c633d1274e01fe097b75adb20c84f0013ea8bb2e6bd5e2802fb
prefill.layer22.head04.qk,713280526,713391485,110959,135552,508416,0.06583679094910622,c7e9b00f36904250b5f2f41bfd4eedde0b8fdb67db931493c730b1e803116837
prefill.layer22.head04.softmax,713391485,713435129,43644,47220,250368,0.027233207947574556,123ed3c30416122dc09685426d03878c9954abaa03f4f95c589c90d48f8499ea
prefill.layer22.head04.pv,713435129,713516847,81718,122688,385280,0.057057457976043224,57d90653b5c7e84e188422dc8ae35bdf579be97eb50a1bed25593e393b995736
prefill.layer22.head05.qk,713516847,713628845,111998,135552,508416,0.06701470795087516,17ef4fa09779b6e0a14085e7b9c35eb19b5d12174b1f6be4790ca790e65a5fdc
prefill.layer22.head05.softmax,713628845,713672760,43915,47220,250368,0.02773837500717491,123ed3c30416122dc09685426d03878c9954abaa03f4f95c589c90d48f8499ea
prefill.layer22.head05.pv,713672760,713753391,80631,122688,385280,0.056976874941028655,107a357bbdb51cf833c08ef44b93381339ab44830e644ee30cf14f0c839bd5b8
prefill.layer22.head06.qk,713753391,713863385,109994,135552,508416,0.06622745899949223,5785a210b762bd7b482f49b2f10d41135bee1de41e273a4de3d19e3c9ea82828
prefill.layer22.head06.softmax,713863385,713906789,43404,47220,250368,0.02738300000783056,123ed3c30416122dc09685426d03878c9954abaa03f4f95c589c90d48f8499ea
prefill.layer22.head06.pv,713906789,713987405,80616,122688,385280,0.057500624912790954,e7f6dea37ee11e4f13ff261bbb1c8593981d62ebe66fd66caa8d8374a9499087
prefill.layer22.head07.qk,713987405,714098555,111150,135552,508416,0.06532662501558661,a2c02f96b038e924fbbfedb2bbba88feddb8be6d7f3f1eb920ede763cae93752
prefill.layer22.head07.softmax,714098555,714142901,44346,47220,250368,0.027136084041558206,123ed3c30416122dc09685426d03878c9954abaa03f4f95c589c90d48f8499ea
prefill.layer22.head07.pv,714142901,714223265,80364,122688,385280,0.056617500027641654,cd23876795bf3e95dcd86870427f19471299c0d842534f8d088027daa6a7afd1
prefill.layer22.head08.qk,714223265,714334474,111209,135552,508416,0.06547570799011737,21be2f02cd69a7116be72deb51281b1d5cdd1283663772d85d8d2ed9ef05dc5e
prefill.layer22.head08.softmax,714334474,714378596,44122,47220,250368,0.02701395796611905,123ed3c30416122dc09685426d03878c9954abaa03f4f95c589c90d48f8499ea
prefill.layer22.head08.pv,714378596,714458718,80122,122688,385280,0.056408667005598545,b7721e06d6ab0fad250173e85b578708e686f4012e6a4fa2e25c3a1cb609fc59
prefill.layer22.head09.qk,714458718,714570053,111335,135552,508416,0.06548858294263482,44d2cb35811d2f25326538f3466ce2e5a373464aa2488e8b1ffc028923c43ddb
prefill.layer22.head09.softmax,714570053,714613501,43448,47220,250368,0.027065415983088315,123ed3c30416122dc09685426d03878c9954abaa03f4f95c589c90d48f8499ea
prefill.layer22.head09.pv,714613501,714694116,80615,122688,385280,0.05659529205877334,cd66acb0b2049d5e47d3d4294ecbf4db8c765fab1d75a30feeaf6df9f9b957e7
prefill.layer22.head10.qk,714694116,714803691,109575,135552,508416,0.06581075000576675,e362473b4796b691f64902aff178ce80fcd62871ddd1df554d0e787ca176b44a
prefill.layer22.head10.softmax,714803691,714847551,43860,47220,250368,0.02760170807596296,123ed3c30416122dc09685426d03878c9954abaa03f4f95c589c90d48f8499ea
prefill.layer22.head10.pv,714847551,714928363,80812,122688,385280,0.057830290985293686,9aa97f263a4ff7d70e212c172513832437c6956b7a9f9be39a9441c6d45aa61b
prefill.layer22.head11.qk,714928363,715039838,111475,135552,508416,0.06737762503325939,2f37df067d4119b6aefd2ac228d9474e9824b0c6961101c18e71395713efa60d
prefill.layer22.head11.softmax,715039838,715083873,44035,47220,250368,0.027580374968238175,123ed3c30416122dc09685426d03878c9954abaa03f4f95c589c90d48f8499ea
prefill.layer22.head11.pv,715083873,715164193,80320,122688,385280,0.05704599991440773,5fa0c41df70063e0bddcd927d7c0ea7b765e317f1b068d077955470c6a9dc861
prefill.layer22.head12.qk,715164193,715275438,111245,135552,508416,0.0666615410009399,fc1effbe4659abd6783cf0ed7659f5fd604db3fabee96a1f3028c3bb5892f2ca
prefill.layer22.head12.softmax,715275438,715319512,44074,47220,250368,0.027134250034578145,123ed3c30416122dc09685426d03878c9954abaa03f4f95c589c90d48f8499ea
prefill.layer22.head12.pv,715319512,715400289,80777,122688,385280,0.05734316702000797,ea651d6e830490039adca6116f41cdec5b7016a02b09673beef5623df46ffef4
prefill.layer22.head13.qk,715400289,715512179,111890,135552,508416,0.0659039159072563,f15fcf2003243eeb8ead24c267b59f52a785983140eb530460f79641671cb356
prefill.layer22.head13.softmax,715512179,715555754,43575,47220,250368,0.02713925007265061,123ed3c30416122dc09685426d03878c9954abaa03f4f95c589c90d48f8499ea
prefill.layer22.head13.pv,715555754,715636864,81110,122688,385280,0.05758837494067848,5e8246c0bc48942c4d961f6b88b27178ec7e7cf49d9fe1f5f32b526a4e35d0ba
prefill.layer22.join_heads,715636864,715871549,234685,258048,731136,0.13778637489303946,8e07c32da68a60a9e318f195cfebeab7c9436ae2136c0954f5a39c80c46e1644
prefill.layer22.o.pack_activation,715871549,715941163,69614,111552,487424,0.05381754203699529,58c4612de1034e18041a8b740ffe571191e366f5d1cba59c61ddf6d13fb5dbd0
prefill.layer22.o,715941163,717737970,1796807,510272,14931616,0.42868945794180036,f51a12b10f913d797ee9fa9c33d4258ab34d138012e47e6128e1791785d2a766
prefill.layer22.attention_residual,717737970,717909754,171784,111104,802816,0.07224916701670736,38b111e307f7ed2390c7fc7d9df618e2a76f6652f5f25a6e0aa4ecd6d1df2c4c
prefill.layer22.norm2,717909754,718046963,137209,130560,965632,0.08109845803119242,e767dd3d49d7ce110b22fae5561bc8cd4bfaa6cae28732e5656ca39cb1c14490
prefill.layer22.gate.pack_activation,718046963,718116577,69614,111552,487424,0.05370704107917845,2e99434b1fc204064c2c80df0b7bf49fc2c81147274486fc65deaed2a6cd5506
prefill.layer22.gate,718116577,726534900,8418323,2770048,81057344,2.2951493749860674,f6bee1cb46bf263a626641cff0e700eff95befb16d035db867989fc56cb92ba9
prefill.layer22.up.pack_activation,726534900,726605114,70214,111552,487424,0.054149874951690435,2e99434b1fc204064c2c80df0b7bf49fc2c81147274486fc65deaed2a6cd5506
prefill.layer22.up,726605114,735041963,8436849,2770048,81057344,2.2973617499228567,a3fba34516f0a16b1c46346d8a3af86a5578f83dfaddc2813c4eb36d53beca14
prefill.layer22.swiglu,735041963,735847673,805710,612864,4358144,0.3861512920120731,e986f4d594d68baf6bbdca23d228d64a627913d38c9d41909fe6fe19136f9393
prefill.layer22.down.pack_activation,735847673,736224881,377208,605568,2646016,0.29286274989135563,0ff1ca7ec1de1a670af542665206c016f1df660037d2e3af4e6b4d9d3fe96096
prefill.layer22.down,736224881,741453686,5228805,1635200,57595552,1.491180791053921,1071adc2be1183d3843a4cdac451d641814f33e8573411a2752b25769f96cd6a
prefill.layer22.ffn_residual,741453686,741624745,171059,111104,802816,0.07285916700493544,38b111e307f7ed2390c7fc7d9df618e2a76f6652f5f25a6e0aa4ecd6d1df2c4c
prefill.layer23.norm1,741624745,741762549,137804,130560,965632,0.07837604207452387,2634fae57f8a859baa7e80412282ac6ff8d91a4e9245059e394f72a4799aa8c4
prefill.layer23.q.pack_activation,741762549,741832163,69614,111552,487424,0.05451754201203585,2e99434b1fc204064c2c80df0b7bf49fc2c81147274486fc65deaed2a6cd5506
prefill.layer23.q,741832163,743431921,1599758,514304,14946848,0.4206895830575377,5b51884409ea742afb876e8449f7dcd31687e5943b914b25cf960458f06ec988
prefill.layer23.k.pack_activation,743431921,743501848,69927,111552,487424,0.053558249957859516,2e99434b1fc204064c2c80df0b7bf49fc2c81147274486fc65deaed2a6cd5506
prefill.layer23.k,743501848,743708841,206993,73472,2135264,0.055483583942987025,42c0407284d21f6cc329e414e499343b7def7b6d95954ae0e41df83884363c03
prefill.layer23.v.pack_activation,743708841,743779293,70452,111552,487424,0.05611162504646927,2e99434b1fc204064c2c80df0b7bf49fc2c81147274486fc65deaed2a6cd5506
prefill.layer23.v,743779293,743986584,207291,73472,2135264,0.054566417005844414,1a2d09bc85c3994c21af254fb4b74f46a3533a6d5a99670f918a3ca34a7db8e7
prefill.layer23.rope_q,743986584,744199576,212992,215040,910336,0.13221524993423373,0bbbb1c469d160c9c1dd668cbcf823ab9a170c7bdb13115a8ec8f2c2f2b13f25
prefill.layer23.rope_k_append,744199576,744230973,31397,30720,130048,0.019255500053986907,e717671c49555a0a88a432f457912472583ecf24a42cf5d46d47bc21c44c3516
prefill.layer23.v_append,744230973,744271123,40150,41984,116736,0.024251374998129904,0c154256063caa052af2fbb034937a5568782936556aecc218c2bc5881e24384
prefill.layer23.head00.qk,744271123,744383478,112355,135552,508416,0.06600187497679144,ff46c85b7f3ba585ec5d86a4648ea707c3078612a778bb6d6157e1fe691eb03c
prefill.layer23.head00.softmax,744383478,744427896,44418,47220,250368,0.02813549991697073,123ed3c30416122dc09685426d03878c9954abaa03f4f95c589c90d48f8499ea
prefill.layer23.head00.pv,744427896,744508342,80446,122688,385280,0.06011570896953344,7a26690bc9f464fefbe1dc15a014a30c40452b353c5b935f635b4c82ac765540
prefill.layer23.head01.qk,744508342,744620331,111989,135552,508416,0.06879129202570766,7a46c8be2b4c0e2d7d519ecd101c60cca46767fccfa4dd2a99a1ee8f58404989
prefill.layer23.head01.softmax,744620331,744664328,43997,47220,250368,0.027361416956409812,123ed3c30416122dc09685426d03878c9954abaa03f4f95c589c90d48f8499ea
prefill.layer23.head01.pv,744664328,744745533,81205,122688,385280,0.05775254196487367,436996af2184b1b666ed725c17d870a8c924b7f9596af3ff0c08a8b3a5c4aab9
prefill.layer23.head02.qk,744745533,744856054,110521,135552,508416,0.0664478330872953,36ac24684bb42a7dce73bdf51b36a2295e094235742ce8333cb65d609f94c796
prefill.layer23.head02.softmax,744856054,744899960,43906,47220,250368,0.0276439159642905,123ed3c30416122dc09685426d03878c9954abaa03f4f95c589c90d48f8499ea
prefill.layer23.head02.pv,744899960,744980933,80973,122688,385280,0.05727645801380277,3683be177a1d68d8732bd39f083c73aef6a42fd885c2885f3bc04417ade4ac73
prefill.layer23.head03.qk,744980933,745093593,112660,135552,508416,0.06621145794633776,7807daaee1bc08cb240413215d200aea64c44c0075c8695402ab879154b62bc4
prefill.layer23.head03.softmax,745093593,745137174,43581,47220,250368,0.027553374995477498,123ed3c30416122dc09685426d03878c9954abaa03f4f95c589c90d48f8499ea
prefill.layer23.head03.pv,745137174,745217411,80237,122688,385280,0.05769104103092104,99ee8861ddce8263ea9e035159df5a3bc3c10d67fc973cfe80fef73979c17e6b
prefill.layer23.head04.qk,745217411,745328644,111233,135552,508416,0.0657104579731822,d276b35eb66d0d89e6614d6b226f2f54052b7a9107ee1299d1820c86cd514d06
prefill.layer23.head04.softmax,745328644,745371546,42902,47220,250368,0.027199917007237673,123ed3c30416122dc09685426d03878c9954abaa03f4f95c589c90d48f8499ea
prefill.layer23.head04.pv,745371546,745452643,81097,122688,385280,0.05672691692598164,564b0be8d6ad8596f7c8c64b3a1274de21d2ed576680f9876a321afc1890e88e
prefill.layer23.head05.qk,745452643,745563316,110673,135552,508416,0.06567349995020777,0e4b086da790b8f1a57bc6e09b0f3eb4f0c3b8c423b6f3c1359d1ad5d1740395
prefill.layer23.head05.softmax,745563316,745607449,44133,47220,250368,0.027239917078986764,123ed3c30416122dc09685426d03878c9954abaa03f4f95c589c90d48f8499ea
prefill.layer23.head05.pv,745607449,745687913,80464,122688,385280,0.056527000037021935,4b1462ea09fefecac9620efdc676b18bad160360733991a7f449044c330d6cc8
prefill.layer23.head06.qk,745687913,745796365,108452,135552,508416,0.06524391705170274,2e0bf28e287f365f8359231b264797b770f380845b50ac7fee2f496f7799fd37
prefill.layer23.head06.softmax,745796365,745840124,43759,47220,250368,0.027119416976347566,123ed3c30416122dc09685426d03878c9954abaa03f4f95c589c90d48f8499ea
prefill.layer23.head06.pv,745840124,745920375,80251,122688,385280,0.05642079107929021,01c985cc3086f5e6f973d495d6787b83f597c7d1820c46d4a5e1d969d57b5581
prefill.layer23.head07.qk,745920375,746032285,111910,135552,508416,0.06500554201193154,55bfceb627f073a334b2509a4a9d65d7f31cdf0c1b24f4bc1b19d1d0a50e0af4
prefill.layer23.head07.softmax,746032285,746076031,43746,47220,250368,0.027126624947413802,123ed3c30416122dc09685426d03878c9954abaa03f4f95c589c90d48f8499ea
prefill.layer23.head07.pv,746076031,746156850,80819,122688,385280,0.056229458074085414,284eb262163a264692652641be2036038972cdce95accb558e34db74ff28391c
prefill.layer23.head08.qk,746156850,746268046,111196,135552,508416,0.06534879095852375,0ba3380a528ce1693297a7248f305be6b03d99c73bc6ab4aefa299ce808dc346
prefill.layer23.head08.softmax,746268046,746311715,43669,47220,250368,0.027033166959881783,123ed3c30416122dc09685426d03878c9954abaa03f4f95c589c90d48f8499ea
prefill.layer23.head08.pv,746311715,746393132,81417,122688,385280,0.05654791695997119,6827b883e145b4de9e2939d2ef25afd06ed5f1cba104def4320c5e071844d32f
prefill.layer23.head09.qk,746393132,746504107,110975,135552,508416,0.06529383303131908,a4d904f7754c86ed92887b2a2ed37598ccb5b0a92c2b03b2fc89054085a836e1
prefill.layer23.head09.softmax,746504107,746547902,43795,47220,250368,0.027047166018746793,123ed3c30416122dc09685426d03878c9954abaa03f4f95c589c90d48f8499ea
prefill.layer23.head09.pv,746547902,746629053,81151,122688,385280,0.05725487496238202,d7250f94a3870a337fa077ef28ea8db6beccd1295e006e457dbc3dd32be03a75
prefill.layer23.head10.qk,746629053,746740098,111045,135552,508416,0.06581204198300838,27daa0b0e81b080d78536116f43842a6b382ec6e2d1838c6b2e8c4a22eac741d
prefill.layer23.head10.softmax,746740098,746784099,44001,47220,250368,0.027059041894972324,123ed3c30416122dc09685426d03878c9954abaa03f4f95c589c90d48f8499ea
prefill.layer23.head10.pv,746784099,746864445,80346,122688,385280,0.0567779999691993,2cd65ad4e391d3f1c0e1bb690b65047636b7509a9ee7547ed088f65f2676afdc
prefill.layer23.head11.qk,746864445,746975629,111184,135552,508416,0.06518895807676017,fef159e33ed697b78a0935bb01028f5900d61b3bae5fd5d117fb5c0cc177e33f
prefill.layer23.head11.softmax,746975629,747019665,44036,47220,250368,0.027197916992008686,123ed3c30416122dc09685426d03878c9954abaa03f4f95c589c90d48f8499ea
prefill.layer23.head11.pv,747019665,747100443,80778,122688,385280,0.05710724997334182,954206f4d677d1673db67f0409e5ed3f1aec22387ce5c0d64822f2f09cda7041
prefill.layer23.head12.qk,747100443,747209963,109520,135552,508416,0.06515191600192338,a164d1816a551a957b7d2252a2149d60bf1686e72c283e5d2a057ff4e59cab94
prefill.layer23.head12.softmax,747209963,747253895,43932,47220,250368,0.027113000047393143,123ed3c30416122dc09685426d03878c9954abaa03f4f95c589c90d48f8499ea
prefill.layer23.head12.pv,747253895,747334835,80940,122688,385280,0.056316333007998765,f50e2db73bd1376b1e5bd203aa9d28d1c195bb2def98d405c28f6b218ffe1756
prefill.layer23.head13.qk,747334835,747446409,111574,135552,508416,0.0663243749877438,c7144ec296944067f718e64af5c8ef8c2abfcfb2c46b3ceaca192625b36e5e4b
prefill.layer23.head13.softmax,747446409,747490427,44018,47220,250368,0.030425541917793453,123ed3c30416122dc09685426d03878c9954abaa03f4f95c589c90d48f8499ea
prefill.layer23.head13.pv,747490427,747571409,80982,122688,385280,0.05630770791321993,4937f5dabd1c5f4642798dc0f29084fb60c6fb10c5e190dfc0724beab2540d8d
prefill.layer23.join_heads,747571409,747806315,234906,258048,731136,0.13721700001042336,8e07c32da68a60a9e318f195cfebeab7c9436ae2136c0954f5a39c80c46e1644
prefill.layer23.o.pack_activation,747806315,747875929,69614,111552,487424,0.053732290980406106,58c4612de1034e18041a8b740ffe571191e366f5d1cba59c61ddf6d13fb5dbd0
prefill.layer23.o,747875929,749458200,1582271,510272,14931616,0.41739275003783405,298b8d4ad7c8a0e128a667cdc8f660d4e3851aaf0941b7b31e5ecd3f3e84bf61
prefill.layer23.attention_residual,749458200,749629984,171784,111104,802816,0.07256904197856784,38b111e307f7ed2390c7fc7d9df618e2a76f6652f5f25a6e0aa4ecd6d1df2c4c
prefill.layer23.norm2,749629984,749767561,137577,130560,965632,0.07815008296165615,cb13c364ccc60ea447726fb0b64fdfcf7b14100ae74bf450fc8ff78178a6e9fd
prefill.layer23.gate.pack_activation,749767561,749837175,69614,111552,487424,0.05392908398061991,2e99434b1fc204064c2c80df0b7bf49fc2c81147274486fc65deaed2a6cd5506
prefill.layer23.gate,749837175,758203427,8366252,2770048,81057344,2.2841607499867678,b6d70f9913462ca50e4d3692210e428e0ba6e6936cae23b2df5170509a80e250
prefill.layer23.up.pack_activation,758203427,758273445,70018,111552,487424,0.05403012502938509,2e99434b1fc204064c2c80df0b7bf49fc2c81147274486fc65deaed2a6cd5506
prefill.layer23.up,758273445,766684151,8410706,2770048,81057344,2.2931104170856997,e6ce982dedb6d337fdea10602b895aa79c16f22c2acf5b2b01c5e5db7efa1fff
prefill.layer23.swiglu,766684151,767486695,802544,612864,4358144,0.38541054097004235,e986f4d594d68baf6bbdca23d228d64a627913d38c9d41909fe6fe19136f9393
prefill.layer23.down.pack_activation,767486695,767864400,377705,605568,2646016,0.29392208298668265,0ff1ca7ec1de1a670af542665206c016f1df660037d2e3af4e6b4d9d3fe96096
prefill.layer23.down,767864400,773489405,5625005,1635200,57595552,1.4758285830030218,2c428cf4ca23f9b527559a8fd7e6983e253abdc628eefc81fd28b9175e1c891c
prefill.layer23.ffn_residual,773489405,773659531,170126,111104,802816,0.07245274994056672,38b111e307f7ed2390c7fc7d9df618e2a76f6652f5f25a6e0aa4ecd6d1df2c4c
prefill.final_norm,773659531,773797157,137626,130560,965632,0.07696400000713766,75c9b5dcf1b255506da4d0ceee9337980fd6961cfe129d14b27cc0e1f5489b87
prefill.lm_head.pack_activation,773797157,773805908,8751,12208,34048,0.0053612079937011,6cadad152138162cf3a805e30e4642b8c240cf0f40f3d19d3f48fe89ca4088c8
prefill.lm_head,773805908,812334083,38528175,12586948,385945928,10.151901124976575,a412753aa91fefe9c049e7e3733e7ef65a989fc140c55e1770d8265e96dbe6a6
prefill.logits_cast,812334083,812589857,255774,275384,1158512,0.1543431249447167,4a8c1b4c19c2fa4425ce44c5b5a0101fc125316b7a7f76cf2e786e34bd3068dc
