
-- Executing script file `synth.ys' --

1. Executing SLANG frontend.
Top level design units:
    SharedMemory

Build succeeded: 0 errors, 0 warnings

1.1. Executing PROC_CLEAN pass (remove empty switches from decision trees).
Removing empty process `SRAMTemplate$SharedMemory.DataAccessesRRsp_DataAccess_31.$4'.
Removing empty process `SRAMTemplate$SharedMemory.DataAccessesRRsp_DataAccess_30.$4'.
Removing empty process `SRAMTemplate$SharedMemory.DataAccessesRRsp_DataAccess_29.$4'.
Removing empty process `SRAMTemplate$SharedMemory.DataAccessesRRsp_DataAccess_28.$4'.
Removing empty process `SRAMTemplate$SharedMemory.DataAccessesRRsp_DataAccess_27.$4'.
Removing empty process `SRAMTemplate$SharedMemory.DataAccessesRRsp_DataAccess_26.$4'.
Removing empty process `SRAMTemplate$SharedMemory.DataAccessesRRsp_DataAccess_25.$4'.
Removing empty process `SRAMTemplate$SharedMemory.DataAccessesRRsp_DataAccess_24.$4'.
Removing empty process `SRAMTemplate$SharedMemory.DataAccessesRRsp_DataAccess_23.$4'.
Removing empty process `SRAMTemplate$SharedMemory.DataAccessesRRsp_DataAccess_22.$4'.
Removing empty process `SRAMTemplate$SharedMemory.DataAccessesRRsp_DataAccess_21.$4'.
Removing empty process `SRAMTemplate$SharedMemory.DataAccessesRRsp_DataAccess_20.$4'.
Removing empty process `SRAMTemplate$SharedMemory.DataAccessesRRsp_DataAccess_19.$4'.
Removing empty process `SRAMTemplate$SharedMemory.DataAccessesRRsp_DataAccess_18.$4'.
Removing empty process `SRAMTemplate$SharedMemory.DataAccessesRRsp_DataAccess_17.$4'.
Removing empty process `SRAMTemplate$SharedMemory.DataAccessesRRsp_DataAccess_16.$4'.
Removing empty process `SRAMTemplate$SharedMemory.DataAccessesRRsp_DataAccess_15.$4'.
Removing empty process `SRAMTemplate$SharedMemory.DataAccessesRRsp_DataAccess_14.$4'.
Removing empty process `SRAMTemplate$SharedMemory.DataAccessesRRsp_DataAccess_13.$4'.
Removing empty process `SRAMTemplate$SharedMemory.DataAccessesRRsp_DataAccess_12.$4'.
Removing empty process `SRAMTemplate$SharedMemory.DataAccessesRRsp_DataAccess_11.$4'.
Removing empty process `SRAMTemplate$SharedMemory.DataAccessesRRsp_DataAccess_10.$4'.
Removing empty process `SRAMTemplate$SharedMemory.DataAccessesRRsp_DataAccess_9.$4'.
Removing empty process `SRAMTemplate$SharedMemory.DataAccessesRRsp_DataAccess_8.$4'.
Removing empty process `SRAMTemplate$SharedMemory.DataAccessesRRsp_DataAccess_7.$4'.
Removing empty process `SRAMTemplate$SharedMemory.DataAccessesRRsp_DataAccess_6.$4'.
Removing empty process `SRAMTemplate$SharedMemory.DataAccessesRRsp_DataAccess_5.$4'.
Removing empty process `SRAMTemplate$SharedMemory.DataAccessesRRsp_DataAccess_4.$4'.
Removing empty process `SRAMTemplate$SharedMemory.DataAccessesRRsp_DataAccess_3.$4'.
Removing empty process `SRAMTemplate$SharedMemory.DataAccessesRRsp_DataAccess_2.$4'.
Removing empty process `SRAMTemplate$SharedMemory.DataAccessesRRsp_DataAccess_1.$4'.
Removing empty process `SRAMTemplate$SharedMemory.DataAccessesRRsp_DataAccess.$4'.
Found and cleaned up 1 empty switch in `\Queue32_ShareMemCoreRsp$SharedMemory.coreRsp_Q.$11'.
Found and cleaned up 1 empty switch in `\BankConflictArbiter$SharedMemory.BankConfArb.$2404'.
Found and cleaned up 1 empty switch in `\SharedMemory.$12'.
Cleaned up 3 empty switches.

1.2. Executing TRIBUF pass.

1.3. Executing PROC_RMDEAD pass (remove dead branches from decision trees).
Marked 4 switch rules as full_case in process $11 in module Queue32_ShareMemCoreRsp$SharedMemory.coreRsp_Q.
Marked 66 switch rules as full_case in process $2404 in module BankConflictArbiter$SharedMemory.BankConfArb.
Marked 3 switch rules as full_case in process $12 in module SharedMemory.
Removed a total of 0 dead cases.

1.4. Executing PROC_PRUNE pass (remove redundant assignments in processes).
Removed 40 redundant assignments.
Promoted 0 assignments to connections.

1.5. Executing PROC_INIT pass (extract init attributes).

1.6. Executing PROC_ROM pass (convert switches to ROMs).
Converted 0 switches.
<suppressed ~79 debug messages>

1.7. Executing PROC_MUX pass (convert decision trees to multiplexers).
Creating decoders for process `\Queue32_ShareMemCoreRsp$SharedMemory.coreRsp_Q.$11'.
     1/6: $maybe_full$20
     2/6: $deq_ptr_value$17
     3/6: $enq_ptr_value$15
     4/6: $maybe_full$23
     5/6: $deq_ptr_value$22
     6/6: $enq_ptr_value$21
Creating decoders for process `\BankConflictArbiter$SharedMemory.BankConfArb.$2404'.
     1/66: $perLaneConflictReq_reg_31_AddrBundle_wordOffset1H$2599
     2/66: $perLaneConflictReq_reg_31_bankIdx$2598
     3/66: $perLaneConflictReq_reg_30_AddrBundle_wordOffset1H$2595
     4/66: $perLaneConflictReq_reg_30_bankIdx$2594
     5/66: $perLaneConflictReq_reg_29_AddrBundle_wordOffset1H$2591
     6/66: $perLaneConflictReq_reg_29_bankIdx$2590
     7/66: $perLaneConflictReq_reg_28_AddrBundle_wordOffset1H$2587
     8/66: $perLaneConflictReq_reg_28_bankIdx$2586
     9/66: $perLaneConflictReq_reg_27_AddrBundle_wordOffset1H$2583
    10/66: $perLaneConflictReq_reg_27_bankIdx$2582
    11/66: $perLaneConflictReq_reg_26_AddrBundle_wordOffset1H$2579
    12/66: $perLaneConflictReq_reg_26_bankIdx$2578
    13/66: $perLaneConflictReq_reg_25_AddrBundle_wordOffset1H$2575
    14/66: $perLaneConflictReq_reg_25_bankIdx$2574
    15/66: $perLaneConflictReq_reg_24_AddrBundle_wordOffset1H$2571
    16/66: $perLaneConflictReq_reg_24_bankIdx$2570
    17/66: $perLaneConflictReq_reg_23_AddrBundle_wordOffset1H$2567
    18/66: $perLaneConflictReq_reg_23_bankIdx$2566
    19/66: $perLaneConflictReq_reg_22_AddrBundle_wordOffset1H$2563
    20/66: $perLaneConflictReq_reg_22_bankIdx$2562
    21/66: $perLaneConflictReq_reg_21_AddrBundle_wordOffset1H$2559
    22/66: $perLaneConflictReq_reg_21_bankIdx$2558
    23/66: $perLaneConflictReq_reg_20_AddrBundle_wordOffset1H$2555
    24/66: $perLaneConflictReq_reg_20_bankIdx$2554
    25/66: $perLaneConflictReq_reg_19_AddrBundle_wordOffset1H$2551
    26/66: $perLaneConflictReq_reg_19_bankIdx$2550
    27/66: $perLaneConflictReq_reg_18_AddrBundle_wordOffset1H$2547
    28/66: $perLaneConflictReq_reg_18_bankIdx$2546
    29/66: $perLaneConflictReq_reg_17_AddrBundle_wordOffset1H$2543
    30/66: $perLaneConflictReq_reg_17_bankIdx$2542
    31/66: $perLaneConflictReq_reg_16_AddrBundle_wordOffset1H$2539
    32/66: $perLaneConflictReq_reg_16_bankIdx$2538
    33/66: $perLaneConflictReq_reg_15_AddrBundle_wordOffset1H$2535
    34/66: $perLaneConflictReq_reg_15_bankIdx$2534
    35/66: $perLaneConflictReq_reg_14_AddrBundle_wordOffset1H$2531
    36/66: $perLaneConflictReq_reg_14_bankIdx$2530
    37/66: $perLaneConflictReq_reg_13_AddrBundle_wordOffset1H$2527
    38/66: $perLaneConflictReq_reg_13_bankIdx$2526
    39/66: $perLaneConflictReq_reg_12_AddrBundle_wordOffset1H$2523
    40/66: $perLaneConflictReq_reg_12_bankIdx$2522
    41/66: $perLaneConflictReq_reg_11_AddrBundle_wordOffset1H$2519
    42/66: $perLaneConflictReq_reg_11_bankIdx$2518
    43/66: $perLaneConflictReq_reg_10_AddrBundle_wordOffset1H$2515
    44/66: $perLaneConflictReq_reg_10_bankIdx$2514
    45/66: $perLaneConflictReq_reg_9_AddrBundle_wordOffset1H$2511
    46/66: $perLaneConflictReq_reg_9_bankIdx$2510
    47/66: $perLaneConflictReq_reg_8_AddrBundle_wordOffset1H$2507
    48/66: $perLaneConflictReq_reg_8_bankIdx$2506
    49/66: $perLaneConflictReq_reg_7_AddrBundle_wordOffset1H$2503
    50/66: $perLaneConflictReq_reg_7_bankIdx$2502
    51/66: $perLaneConflictReq_reg_6_AddrBundle_wordOffset1H$2499
    52/66: $perLaneConflictReq_reg_6_bankIdx$2498
    53/66: $perLaneConflictReq_reg_5_AddrBundle_wordOffset1H$2495
    54/66: $perLaneConflictReq_reg_5_bankIdx$2494
    55/66: $perLaneConflictReq_reg_4_AddrBundle_wordOffset1H$2491
    56/66: $perLaneConflictReq_reg_4_bankIdx$2490
    57/66: $perLaneConflictReq_reg_3_AddrBundle_wordOffset1H$2487
    58/66: $perLaneConflictReq_reg_3_bankIdx$2486
    59/66: $perLaneConflictReq_reg_2_AddrBundle_wordOffset1H$2483
    60/66: $perLaneConflictReq_reg_2_bankIdx$2482
    61/66: $perLaneConflictReq_reg_1_AddrBundle_wordOffset1H$2479
    62/66: $perLaneConflictReq_reg_1_bankIdx$2478
    63/66: $perLaneConflictReq_reg_0_AddrBundle_wordOffset1H$2475
    64/66: $perLaneConflictReq_reg_0_bankIdx$2474
    65/66: $conflictReqIsW_reg$2471
    66/66: $bankConflict_reg$2470
Creating decoders for process `\SharedMemory.$12'.
     1/103: $DataAccessesRRsp_DataAccess_io_w_req_valid_REG_31$124
     2/103: $DataAccessesRRsp_DataAccess_io_w_req_valid_REG_30$123
     3/103: $DataAccessesRRsp_DataAccess_io_w_req_valid_REG_29$122
     4/103: $DataAccessesRRsp_DataAccess_io_w_req_valid_REG_28$121
     5/103: $DataAccessesRRsp_DataAccess_io_w_req_valid_REG_27$120
     6/103: $DataAccessesRRsp_DataAccess_io_w_req_valid_REG_26$119
     7/103: $DataAccessesRRsp_DataAccess_io_w_req_valid_REG_25$118
     8/103: $DataAccessesRRsp_DataAccess_io_w_req_valid_REG_24$117
     9/103: $DataAccessesRRsp_DataAccess_io_w_req_valid_REG_23$116
    10/103: $DataAccessesRRsp_DataAccess_io_w_req_valid_REG_22$115
    11/103: $DataAccessesRRsp_DataAccess_io_w_req_valid_REG_21$114
    12/103: $DataAccessesRRsp_DataAccess_io_w_req_valid_REG_20$113
    13/103: $DataAccessesRRsp_DataAccess_io_w_req_valid_REG_19$112
    14/103: $DataAccessesRRsp_DataAccess_io_w_req_valid_REG_18$111
    15/103: $DataAccessesRRsp_DataAccess_io_w_req_valid_REG_17$110
    16/103: $DataAccessesRRsp_DataAccess_io_w_req_valid_REG_16$109
    17/103: $DataAccessesRRsp_DataAccess_io_w_req_valid_REG_15$108
    18/103: $DataAccessesRRsp_DataAccess_io_w_req_valid_REG_14$107
    19/103: $DataAccessesRRsp_DataAccess_io_w_req_valid_REG_13$106
    20/103: $DataAccessesRRsp_DataAccess_io_w_req_valid_REG_12$105
    21/103: $DataAccessesRRsp_DataAccess_io_w_req_valid_REG_11$104
    22/103: $DataAccessesRRsp_DataAccess_io_w_req_valid_REG_10$103
    23/103: $DataAccessesRRsp_DataAccess_io_w_req_valid_REG_9$102
    24/103: $DataAccessesRRsp_DataAccess_io_w_req_valid_REG_8$101
    25/103: $DataAccessesRRsp_DataAccess_io_w_req_valid_REG_7$100
    26/103: $DataAccessesRRsp_DataAccess_io_w_req_valid_REG_6$99
    27/103: $DataAccessesRRsp_DataAccess_io_w_req_valid_REG_5$98
    28/103: $DataAccessesRRsp_DataAccess_io_w_req_valid_REG_4$97
    29/103: $DataAccessesRRsp_DataAccess_io_w_req_valid_REG_3$96
    30/103: $DataAccessesRRsp_DataAccess_io_w_req_valid_REG_2$95
    31/103: $DataAccessesRRsp_DataAccess_io_w_req_valid_REG_1$94
    32/103: $DataAccessesRRsp_DataAccess_io_w_req_valid_REG$93
    33/103: $REG$92
    34/103: $coreReqisValidRead_st1$91
    35/103: $coreReqisValidRead_comb_REG$90
    36/103: $coreReqisValidWrite_st1$89
    37/103: $dataAccess_data_st2_31$79
    38/103: $dataAccess_data_st2_30$78
    39/103: $dataAccess_data_st2_29$77
    40/103: $dataAccess_data_st2_28$76
    41/103: $dataAccess_data_st2_27$75
    42/103: $dataAccess_data_st2_26$74
    43/103: $dataAccess_data_st2_25$73
    44/103: $dataAccess_data_st2_24$72
    45/103: $dataAccess_data_st2_23$71
    46/103: $dataAccess_data_st2_22$70
    47/103: $dataAccess_data_st2_21$69
    48/103: $dataAccess_data_st2_20$68
    49/103: $dataAccess_data_st2_19$67
    50/103: $dataAccess_data_st2_18$66
    51/103: $dataAccess_data_st2_17$65
    52/103: $dataAccess_data_st2_16$64
    53/103: $dataAccess_data_st2_15$63
    54/103: $dataAccess_data_st2_14$62
    55/103: $dataAccess_data_st2_13$61
    56/103: $dataAccess_data_st2_12$60
    57/103: $dataAccess_data_st2_11$59
    58/103: $dataAccess_data_st2_10$58
    59/103: $dataAccess_data_st2_9$57
    60/103: $dataAccess_data_st2_8$56
    61/103: $dataAccess_data_st2_7$55
    62/103: $dataAccess_data_st2_6$54
    63/103: $dataAccess_data_st2_5$53
    64/103: $dataAccess_data_st2_4$52
    65/103: $dataAccess_data_st2_3$51
    66/103: $dataAccess_data_st2_2$50
    67/103: $dataAccess_data_st2_1$49
    68/103: $dataAccess_data_st2_0$48
    69/103: $coreReq_st1_data_31$47
    70/103: $coreReq_st1_data_30$46
    71/103: $coreReq_st1_data_29$45
    72/103: $coreReq_st1_data_28$44
    73/103: $coreReq_st1_data_27$43
    74/103: $coreReq_st1_data_26$42
    75/103: $coreReq_st1_data_25$41
    76/103: $coreReq_st1_data_24$40
    77/103: $coreReq_st1_data_23$39
    78/103: $coreReq_st1_data_22$38
    79/103: $coreReq_st1_data_21$37
    80/103: $coreReq_st1_data_20$36
    81/103: $coreReq_st1_data_19$35
    82/103: $coreReq_st1_data_18$34
    83/103: $coreReq_st1_data_17$33
    84/103: $coreReq_st1_data_16$32
    85/103: $coreReq_st1_data_15$31
    86/103: $coreReq_st1_data_14$30
    87/103: $coreReq_st1_data_13$29
    88/103: $coreReq_st1_data_12$28
    89/103: $coreReq_st1_data_11$27
    90/103: $coreReq_st1_data_10$26
    91/103: $coreReq_st1_data_9$25
    92/103: $coreReq_st1_data_8$24
    93/103: $coreReq_st1_data_7$23
    94/103: $coreReq_st1_data_6$22
    95/103: $coreReq_st1_data_5$21
    96/103: $coreReq_st1_data_4$20
    97/103: $coreReq_st1_data_3$19
    98/103: $coreReq_st1_data_2$18
    99/103: $coreReq_st1_data_1$17
   100/103: $coreReq_st1_data_0$16
   101/103: $coreReq_st1_setIdx$15
   102/103: $coreReq_st1_isWrite$14
   103/103: $coreReq_st1_instrId$13

1.8. Executing PROC_CLEAN pass (remove empty switches from decision trees).
Found and cleaned up 7 empty switches in `\Queue32_ShareMemCoreRsp$SharedMemory.coreRsp_Q.$11'.
Removing empty process `Queue32_ShareMemCoreRsp$SharedMemory.coreRsp_Q.$11'.
Found and cleaned up 67 empty switches in `\BankConflictArbiter$SharedMemory.BankConfArb.$2404'.
Removing empty process `BankConflictArbiter$SharedMemory.BankConfArb.$2404'.
Found and cleaned up 5 empty switches in `\SharedMemory.$12'.
Removing empty process `SharedMemory.$12'.
Cleaned up 79 empty switches.

1.9. Executing OPT_EXPR pass (perform const folding).
Optimizing module SRAMTemplate$SharedMemory.DataAccessesRRsp_DataAccess_31.
Optimizing module SRAMTemplate$SharedMemory.DataAccessesRRsp_DataAccess_30.
Optimizing module SRAMTemplate$SharedMemory.DataAccessesRRsp_DataAccess_29.
Optimizing module SRAMTemplate$SharedMemory.DataAccessesRRsp_DataAccess_28.
Optimizing module SRAMTemplate$SharedMemory.DataAccessesRRsp_DataAccess_27.
Optimizing module SRAMTemplate$SharedMemory.DataAccessesRRsp_DataAccess_26.
Optimizing module SRAMTemplate$SharedMemory.DataAccessesRRsp_DataAccess_25.
Optimizing module SRAMTemplate$SharedMemory.DataAccessesRRsp_DataAccess_24.
Optimizing module SRAMTemplate$SharedMemory.DataAccessesRRsp_DataAccess_23.
Optimizing module SRAMTemplate$SharedMemory.DataAccessesRRsp_DataAccess_22.
Optimizing module SRAMTemplate$SharedMemory.DataAccessesRRsp_DataAccess_21.
Optimizing module SRAMTemplate$SharedMemory.DataAccessesRRsp_DataAccess_20.
Optimizing module SRAMTemplate$SharedMemory.DataAccessesRRsp_DataAccess_19.
Optimizing module SRAMTemplate$SharedMemory.DataAccessesRRsp_DataAccess_18.
Optimizing module SRAMTemplate$SharedMemory.DataAccessesRRsp_DataAccess_17.
Optimizing module SRAMTemplate$SharedMemory.DataAccessesRRsp_DataAccess_16.
Optimizing module SRAMTemplate$SharedMemory.DataAccessesRRsp_DataAccess_15.
Optimizing module SRAMTemplate$SharedMemory.DataAccessesRRsp_DataAccess_14.
Optimizing module SRAMTemplate$SharedMemory.DataAccessesRRsp_DataAccess_13.
Optimizing module SRAMTemplate$SharedMemory.DataAccessesRRsp_DataAccess_12.
Optimizing module SRAMTemplate$SharedMemory.DataAccessesRRsp_DataAccess_11.
Optimizing module SRAMTemplate$SharedMemory.DataAccessesRRsp_DataAccess_10.
Optimizing module SRAMTemplate$SharedMemory.DataAccessesRRsp_DataAccess_9.
Optimizing module SRAMTemplate$SharedMemory.DataAccessesRRsp_DataAccess_8.
Optimizing module SRAMTemplate$SharedMemory.DataAccessesRRsp_DataAccess_7.
Optimizing module SRAMTemplate$SharedMemory.DataAccessesRRsp_DataAccess_6.
Optimizing module SRAMTemplate$SharedMemory.DataAccessesRRsp_DataAccess_5.
Optimizing module SRAMTemplate$SharedMemory.DataAccessesRRsp_DataAccess_4.
Optimizing module SRAMTemplate$SharedMemory.DataAccessesRRsp_DataAccess_3.
Optimizing module SRAMTemplate$SharedMemory.DataAccessesRRsp_DataAccess_2.
Optimizing module SRAMTemplate$SharedMemory.DataAccessesRRsp_DataAccess_1.
Optimizing module SRAMTemplate$SharedMemory.DataAccessesRRsp_DataAccess.
Optimizing module Queue32_ShareMemCoreRsp$SharedMemory.coreRsp_Q.
<suppressed ~1 debug messages>
Optimizing module DataCrossbar$SharedMemory.DataCorssBarForRead.
Optimizing module DataCrossbar$SharedMemory.DataCorssBarForWrite.
Optimizing module BankConflictArbiter$SharedMemory.BankConfArb.
Optimizing module SharedMemory.

2. Executing HIERARCHY pass (managing design hierarchy).

2.1. Analyzing design hierarchy..
Top module:  \SharedMemory
Used module:     \SRAMTemplate$SharedMemory.DataAccessesRRsp_DataAccess_31
Used module:     \SRAMTemplate$SharedMemory.DataAccessesRRsp_DataAccess_30
Used module:     \SRAMTemplate$SharedMemory.DataAccessesRRsp_DataAccess_29
Used module:     \SRAMTemplate$SharedMemory.DataAccessesRRsp_DataAccess_28
Used module:     \SRAMTemplate$SharedMemory.DataAccessesRRsp_DataAccess_27
Used module:     \SRAMTemplate$SharedMemory.DataAccessesRRsp_DataAccess_26
Used module:     \SRAMTemplate$SharedMemory.DataAccessesRRsp_DataAccess_25
Used module:     \SRAMTemplate$SharedMemory.DataAccessesRRsp_DataAccess_24
Used module:     \SRAMTemplate$SharedMemory.DataAccessesRRsp_DataAccess_23
Used module:     \SRAMTemplate$SharedMemory.DataAccessesRRsp_DataAccess_22
Used module:     \SRAMTemplate$SharedMemory.DataAccessesRRsp_DataAccess_21
Used module:     \SRAMTemplate$SharedMemory.DataAccessesRRsp_DataAccess_20
Used module:     \SRAMTemplate$SharedMemory.DataAccessesRRsp_DataAccess_19
Used module:     \SRAMTemplate$SharedMemory.DataAccessesRRsp_DataAccess_18
Used module:     \SRAMTemplate$SharedMemory.DataAccessesRRsp_DataAccess_17
Used module:     \SRAMTemplate$SharedMemory.DataAccessesRRsp_DataAccess_16
Used module:     \SRAMTemplate$SharedMemory.DataAccessesRRsp_DataAccess_15
Used module:     \SRAMTemplate$SharedMemory.DataAccessesRRsp_DataAccess_14
Used module:     \SRAMTemplate$SharedMemory.DataAccessesRRsp_DataAccess_13
Used module:     \SRAMTemplate$SharedMemory.DataAccessesRRsp_DataAccess_12
Used module:     \SRAMTemplate$SharedMemory.DataAccessesRRsp_DataAccess_11
Used module:     \SRAMTemplate$SharedMemory.DataAccessesRRsp_DataAccess_10
Used module:     \SRAMTemplate$SharedMemory.DataAccessesRRsp_DataAccess_9
Used module:     \SRAMTemplate$SharedMemory.DataAccessesRRsp_DataAccess_8
Used module:     \SRAMTemplate$SharedMemory.DataAccessesRRsp_DataAccess_7
Used module:     \SRAMTemplate$SharedMemory.DataAccessesRRsp_DataAccess_6
Used module:     \SRAMTemplate$SharedMemory.DataAccessesRRsp_DataAccess_5
Used module:     \SRAMTemplate$SharedMemory.DataAccessesRRsp_DataAccess_4
Used module:     \SRAMTemplate$SharedMemory.DataAccessesRRsp_DataAccess_3
Used module:     \SRAMTemplate$SharedMemory.DataAccessesRRsp_DataAccess_2
Used module:     \SRAMTemplate$SharedMemory.DataAccessesRRsp_DataAccess_1
Used module:     \SRAMTemplate$SharedMemory.DataAccessesRRsp_DataAccess
Used module:     \Queue32_ShareMemCoreRsp$SharedMemory.coreRsp_Q
Used module:     \DataCrossbar$SharedMemory.DataCorssBarForRead
Used module:     \DataCrossbar$SharedMemory.DataCorssBarForWrite
Used module:     \BankConflictArbiter$SharedMemory.BankConfArb

2.2. Analyzing design hierarchy..
Top module:  \SharedMemory
Used module:     \SRAMTemplate$SharedMemory.DataAccessesRRsp_DataAccess_31
Used module:     \SRAMTemplate$SharedMemory.DataAccessesRRsp_DataAccess_30
Used module:     \SRAMTemplate$SharedMemory.DataAccessesRRsp_DataAccess_29
Used module:     \SRAMTemplate$SharedMemory.DataAccessesRRsp_DataAccess_28
Used module:     \SRAMTemplate$SharedMemory.DataAccessesRRsp_DataAccess_27
Used module:     \SRAMTemplate$SharedMemory.DataAccessesRRsp_DataAccess_26
Used module:     \SRAMTemplate$SharedMemory.DataAccessesRRsp_DataAccess_25
Used module:     \SRAMTemplate$SharedMemory.DataAccessesRRsp_DataAccess_24
Used module:     \SRAMTemplate$SharedMemory.DataAccessesRRsp_DataAccess_23
Used module:     \SRAMTemplate$SharedMemory.DataAccessesRRsp_DataAccess_22
Used module:     \SRAMTemplate$SharedMemory.DataAccessesRRsp_DataAccess_21
Used module:     \SRAMTemplate$SharedMemory.DataAccessesRRsp_DataAccess_20
Used module:     \SRAMTemplate$SharedMemory.DataAccessesRRsp_DataAccess_19
Used module:     \SRAMTemplate$SharedMemory.DataAccessesRRsp_DataAccess_18
Used module:     \SRAMTemplate$SharedMemory.DataAccessesRRsp_DataAccess_17
Used module:     \SRAMTemplate$SharedMemory.DataAccessesRRsp_DataAccess_16
Used module:     \SRAMTemplate$SharedMemory.DataAccessesRRsp_DataAccess_15
Used module:     \SRAMTemplate$SharedMemory.DataAccessesRRsp_DataAccess_14
Used module:     \SRAMTemplate$SharedMemory.DataAccessesRRsp_DataAccess_13
Used module:     \SRAMTemplate$SharedMemory.DataAccessesRRsp_DataAccess_12
Used module:     \SRAMTemplate$SharedMemory.DataAccessesRRsp_DataAccess_11
Used module:     \SRAMTemplate$SharedMemory.DataAccessesRRsp_DataAccess_10
Used module:     \SRAMTemplate$SharedMemory.DataAccessesRRsp_DataAccess_9
Used module:     \SRAMTemplate$SharedMemory.DataAccessesRRsp_DataAccess_8
Used module:     \SRAMTemplate$SharedMemory.DataAccessesRRsp_DataAccess_7
Used module:     \SRAMTemplate$SharedMemory.DataAccessesRRsp_DataAccess_6
Used module:     \SRAMTemplate$SharedMemory.DataAccessesRRsp_DataAccess_5
Used module:     \SRAMTemplate$SharedMemory.DataAccessesRRsp_DataAccess_4
Used module:     \SRAMTemplate$SharedMemory.DataAccessesRRsp_DataAccess_3
Used module:     \SRAMTemplate$SharedMemory.DataAccessesRRsp_DataAccess_2
Used module:     \SRAMTemplate$SharedMemory.DataAccessesRRsp_DataAccess_1
Used module:     \SRAMTemplate$SharedMemory.DataAccessesRRsp_DataAccess
Used module:     \Queue32_ShareMemCoreRsp$SharedMemory.coreRsp_Q
Used module:     \DataCrossbar$SharedMemory.DataCorssBarForRead
Used module:     \DataCrossbar$SharedMemory.DataCorssBarForWrite
Used module:     \BankConflictArbiter$SharedMemory.BankConfArb
Removed 0 unused modules.

3. Executing PROC pass (convert processes to netlists).

3.1. Executing PROC_CLEAN pass (remove empty switches from decision trees).
Cleaned up 0 empty switches.

3.2. Executing PROC_RMDEAD pass (remove dead branches from decision trees).
Removed a total of 0 dead cases.

3.3. Executing PROC_PRUNE pass (remove redundant assignments in processes).
Removed 0 redundant assignments.
Promoted 0 assignments to connections.

3.4. Executing PROC_INIT pass (extract init attributes).

3.5. Executing PROC_ARST pass (detect async resets in processes).

3.6. Executing PROC_ROM pass (convert switches to ROMs).
Converted 0 switches.

3.7. Executing PROC_MUX pass (convert decision trees to multiplexers).

3.8. Executing PROC_DLATCH pass (convert process syncs to latches).

3.9. Executing PROC_DFF pass (convert process syncs to FFs).

3.10. Executing PROC_MEMWR pass (convert process memory writes to cells).

3.11. Executing PROC_CLEAN pass (remove empty switches from decision trees).
Cleaned up 0 empty switches.

3.12. Executing OPT_EXPR pass (perform const folding).
Optimizing module SRAMTemplate$SharedMemory.DataAccessesRRsp_DataAccess_31.
Optimizing module SRAMTemplate$SharedMemory.DataAccessesRRsp_DataAccess_30.
Optimizing module SRAMTemplate$SharedMemory.DataAccessesRRsp_DataAccess_29.
Optimizing module SRAMTemplate$SharedMemory.DataAccessesRRsp_DataAccess_28.
Optimizing module SRAMTemplate$SharedMemory.DataAccessesRRsp_DataAccess_27.
Optimizing module SRAMTemplate$SharedMemory.DataAccessesRRsp_DataAccess_26.
Optimizing module SRAMTemplate$SharedMemory.DataAccessesRRsp_DataAccess_25.
Optimizing module SRAMTemplate$SharedMemory.DataAccessesRRsp_DataAccess_24.
Optimizing module SRAMTemplate$SharedMemory.DataAccessesRRsp_DataAccess_23.
Optimizing module SRAMTemplate$SharedMemory.DataAccessesRRsp_DataAccess_22.
Optimizing module SRAMTemplate$SharedMemory.DataAccessesRRsp_DataAccess_21.
Optimizing module SRAMTemplate$SharedMemory.DataAccessesRRsp_DataAccess_20.
Optimizing module SRAMTemplate$SharedMemory.DataAccessesRRsp_DataAccess_19.
Optimizing module SRAMTemplate$SharedMemory.DataAccessesRRsp_DataAccess_18.
Optimizing module SRAMTemplate$SharedMemory.DataAccessesRRsp_DataAccess_17.
Optimizing module SRAMTemplate$SharedMemory.DataAccessesRRsp_DataAccess_16.
Optimizing module SRAMTemplate$SharedMemory.DataAccessesRRsp_DataAccess_15.
Optimizing module SRAMTemplate$SharedMemory.DataAccessesRRsp_DataAccess_14.
Optimizing module SRAMTemplate$SharedMemory.DataAccessesRRsp_DataAccess_13.
Optimizing module SRAMTemplate$SharedMemory.DataAccessesRRsp_DataAccess_12.
Optimizing module SRAMTemplate$SharedMemory.DataAccessesRRsp_DataAccess_11.
Optimizing module SRAMTemplate$SharedMemory.DataAccessesRRsp_DataAccess_10.
Optimizing module SRAMTemplate$SharedMemory.DataAccessesRRsp_DataAccess_9.
Optimizing module SRAMTemplate$SharedMemory.DataAccessesRRsp_DataAccess_8.
Optimizing module SRAMTemplate$SharedMemory.DataAccessesRRsp_DataAccess_7.
Optimizing module SRAMTemplate$SharedMemory.DataAccessesRRsp_DataAccess_6.
Optimizing module SRAMTemplate$SharedMemory.DataAccessesRRsp_DataAccess_5.
Optimizing module SRAMTemplate$SharedMemory.DataAccessesRRsp_DataAccess_4.
Optimizing module SRAMTemplate$SharedMemory.DataAccessesRRsp_DataAccess_3.
Optimizing module SRAMTemplate$SharedMemory.DataAccessesRRsp_DataAccess_2.
Optimizing module SRAMTemplate$SharedMemory.DataAccessesRRsp_DataAccess_1.
Optimizing module SRAMTemplate$SharedMemory.DataAccessesRRsp_DataAccess.
Optimizing module Queue32_ShareMemCoreRsp$SharedMemory.coreRsp_Q.
Optimizing module DataCrossbar$SharedMemory.DataCorssBarForRead.
Optimizing module DataCrossbar$SharedMemory.DataCorssBarForWrite.
Optimizing module BankConflictArbiter$SharedMemory.BankConfArb.
Optimizing module SharedMemory.

4. Executing OPT_EXPR pass (perform const folding).
Optimizing module SRAMTemplate$SharedMemory.DataAccessesRRsp_DataAccess_31.
Optimizing module SRAMTemplate$SharedMemory.DataAccessesRRsp_DataAccess_30.
Optimizing module SRAMTemplate$SharedMemory.DataAccessesRRsp_DataAccess_29.
Optimizing module SRAMTemplate$SharedMemory.DataAccessesRRsp_DataAccess_28.
Optimizing module SRAMTemplate$SharedMemory.DataAccessesRRsp_DataAccess_27.
Optimizing module SRAMTemplate$SharedMemory.DataAccessesRRsp_DataAccess_26.
Optimizing module SRAMTemplate$SharedMemory.DataAccessesRRsp_DataAccess_25.
Optimizing module SRAMTemplate$SharedMemory.DataAccessesRRsp_DataAccess_24.
Optimizing module SRAMTemplate$SharedMemory.DataAccessesRRsp_DataAccess_23.
Optimizing module SRAMTemplate$SharedMemory.DataAccessesRRsp_DataAccess_22.
Optimizing module SRAMTemplate$SharedMemory.DataAccessesRRsp_DataAccess_21.
Optimizing module SRAMTemplate$SharedMemory.DataAccessesRRsp_DataAccess_20.
Optimizing module SRAMTemplate$SharedMemory.DataAccessesRRsp_DataAccess_19.
Optimizing module SRAMTemplate$SharedMemory.DataAccessesRRsp_DataAccess_18.
Optimizing module SRAMTemplate$SharedMemory.DataAccessesRRsp_DataAccess_17.
Optimizing module SRAMTemplate$SharedMemory.DataAccessesRRsp_DataAccess_16.
Optimizing module SRAMTemplate$SharedMemory.DataAccessesRRsp_DataAccess_15.
Optimizing module SRAMTemplate$SharedMemory.DataAccessesRRsp_DataAccess_14.
Optimizing module SRAMTemplate$SharedMemory.DataAccessesRRsp_DataAccess_13.
Optimizing module SRAMTemplate$SharedMemory.DataAccessesRRsp_DataAccess_12.
Optimizing module SRAMTemplate$SharedMemory.DataAccessesRRsp_DataAccess_11.
Optimizing module SRAMTemplate$SharedMemory.DataAccessesRRsp_DataAccess_10.
Optimizing module SRAMTemplate$SharedMemory.DataAccessesRRsp_DataAccess_9.
Optimizing module SRAMTemplate$SharedMemory.DataAccessesRRsp_DataAccess_8.
Optimizing module SRAMTemplate$SharedMemory.DataAccessesRRsp_DataAccess_7.
Optimizing module SRAMTemplate$SharedMemory.DataAccessesRRsp_DataAccess_6.
Optimizing module SRAMTemplate$SharedMemory.DataAccessesRRsp_DataAccess_5.
Optimizing module SRAMTemplate$SharedMemory.DataAccessesRRsp_DataAccess_4.
Optimizing module SRAMTemplate$SharedMemory.DataAccessesRRsp_DataAccess_3.
Optimizing module SRAMTemplate$SharedMemory.DataAccessesRRsp_DataAccess_2.
Optimizing module SRAMTemplate$SharedMemory.DataAccessesRRsp_DataAccess_1.
Optimizing module SRAMTemplate$SharedMemory.DataAccessesRRsp_DataAccess.
Optimizing module Queue32_ShareMemCoreRsp$SharedMemory.coreRsp_Q.
Optimizing module DataCrossbar$SharedMemory.DataCorssBarForRead.
Optimizing module DataCrossbar$SharedMemory.DataCorssBarForWrite.
Optimizing module BankConflictArbiter$SharedMemory.BankConfArb.
Optimizing module SharedMemory.

5. Executing OPT_CLEAN pass (remove unused cells and wires).
Finding unused cells or wires in module \SRAMTemplate$SharedMemory.DataAccessesRRsp_DataAccess_31..
Finding unused cells or wires in module \SRAMTemplate$SharedMemory.DataAccessesRRsp_DataAccess_30..
Finding unused cells or wires in module \SRAMTemplate$SharedMemory.DataAccessesRRsp_DataAccess_29..
Finding unused cells or wires in module \SRAMTemplate$SharedMemory.DataAccessesRRsp_DataAccess_28..
Finding unused cells or wires in module \SRAMTemplate$SharedMemory.DataAccessesRRsp_DataAccess_27..
Finding unused cells or wires in module \SRAMTemplate$SharedMemory.DataAccessesRRsp_DataAccess_26..
Finding unused cells or wires in module \SRAMTemplate$SharedMemory.DataAccessesRRsp_DataAccess_25..
Finding unused cells or wires in module \SRAMTemplate$SharedMemory.DataAccessesRRsp_DataAccess_24..
Finding unused cells or wires in module \SRAMTemplate$SharedMemory.DataAccessesRRsp_DataAccess_23..
Finding unused cells or wires in module \SRAMTemplate$SharedMemory.DataAccessesRRsp_DataAccess_22..
Finding unused cells or wires in module \SRAMTemplate$SharedMemory.DataAccessesRRsp_DataAccess_21..
Finding unused cells or wires in module \SRAMTemplate$SharedMemory.DataAccessesRRsp_DataAccess_20..
Finding unused cells or wires in module \SRAMTemplate$SharedMemory.DataAccessesRRsp_DataAccess_19..
Finding unused cells or wires in module \SRAMTemplate$SharedMemory.DataAccessesRRsp_DataAccess_18..
Finding unused cells or wires in module \SRAMTemplate$SharedMemory.DataAccessesRRsp_DataAccess_17..
Finding unused cells or wires in module \SRAMTemplate$SharedMemory.DataAccessesRRsp_DataAccess_16..
Finding unused cells or wires in module \SRAMTemplate$SharedMemory.DataAccessesRRsp_DataAccess_15..
Finding unused cells or wires in module \SRAMTemplate$SharedMemory.DataAccessesRRsp_DataAccess_14..
Finding unused cells or wires in module \SRAMTemplate$SharedMemory.DataAccessesRRsp_DataAccess_13..
Finding unused cells or wires in module \SRAMTemplate$SharedMemory.DataAccessesRRsp_DataAccess_12..
Finding unused cells or wires in module \SRAMTemplate$SharedMemory.DataAccessesRRsp_DataAccess_11..
Finding unused cells or wires in module \SRAMTemplate$SharedMemory.DataAccessesRRsp_DataAccess_10..
Finding unused cells or wires in module \SRAMTemplate$SharedMemory.DataAccessesRRsp_DataAccess_9..
Finding unused cells or wires in module \SRAMTemplate$SharedMemory.DataAccessesRRsp_DataAccess_8..
Finding unused cells or wires in module \SRAMTemplate$SharedMemory.DataAccessesRRsp_DataAccess_7..
Finding unused cells or wires in module \SRAMTemplate$SharedMemory.DataAccessesRRsp_DataAccess_6..
Finding unused cells or wires in module \SRAMTemplate$SharedMemory.DataAccessesRRsp_DataAccess_5..
Finding unused cells or wires in module \SRAMTemplate$SharedMemory.DataAccessesRRsp_DataAccess_4..
Finding unused cells or wires in module \SRAMTemplate$SharedMemory.DataAccessesRRsp_DataAccess_3..
Finding unused cells or wires in module \SRAMTemplate$SharedMemory.DataAccessesRRsp_DataAccess_2..
Finding unused cells or wires in module \SRAMTemplate$SharedMemory.DataAccessesRRsp_DataAccess_1..
Finding unused cells or wires in module \SRAMTemplate$SharedMemory.DataAccessesRRsp_DataAccess..
Finding unused cells or wires in module \Queue32_ShareMemCoreRsp$SharedMemory.coreRsp_Q..
Finding unused cells or wires in module \DataCrossbar$SharedMemory.DataCorssBarForRead..
Finding unused cells or wires in module \DataCrossbar$SharedMemory.DataCorssBarForWrite..
Finding unused cells or wires in module \BankConflictArbiter$SharedMemory.BankConfArb..
Finding unused cells or wires in module \SharedMemory..
Removed 3 unused cells and 880 unused wires.
<suppressed ~728 debug messages>

6. Executing TECHMAP pass (map to technology primitives).

6.1. Executing Verilog-2005 frontend: ${REMOTE_HOME}/oss-cad-suite/lib/../share/yosys/techmap.v
Parsing Verilog input from `${REMOTE_HOME}/oss-cad-suite/lib/../share/yosys/techmap.v' to AST representation.
Generating RTLIL representation for module `\_90_simplemap_bool_ops'.
Generating RTLIL representation for module `\_90_simplemap_reduce_ops'.
Generating RTLIL representation for module `\_90_simplemap_logic_ops'.
Generating RTLIL representation for module `\_90_simplemap_compare_ops'.
Generating RTLIL representation for module `\_90_simplemap_various'.
Generating RTLIL representation for module `\_90_simplemap_registers'.
Generating RTLIL representation for module `\_90_shift_ops_shr_shl_sshl_sshr'.
Generating RTLIL representation for module `\_90_shift_shiftx'.
Generating RTLIL representation for module `\_90_fa'.
Generating RTLIL representation for module `\_90_lcu_brent_kung'.
Generating RTLIL representation for module `\_90_alu'.
Generating RTLIL representation for module `\_90_macc'.
Generating RTLIL representation for module `\_90_alumacc'.
Generating RTLIL representation for module `$__div_mod_u'.
Generating RTLIL representation for module `$__div_mod_trunc'.
Generating RTLIL representation for module `\_90_div'.
Generating RTLIL representation for module `\_90_mod'.
Generating RTLIL representation for module `$__div_mod_floor'.
Generating RTLIL representation for module `\_90_divfloor'.
Generating RTLIL representation for module `\_90_modfloor'.
Generating RTLIL representation for module `\_90_pow'.
Generating RTLIL representation for module `\_90_demux'.
Generating RTLIL representation for module `\_90_lut'.
Generating RTLIL representation for module `$connect'.
Generating RTLIL representation for module `$input_port'.
Successfully finished Verilog frontend.

6.2. Continuing TECHMAP pass.
Using extmapper simplemap for cells of type $and.
Using extmapper simplemap for cells of type $not.
Using extmapper simplemap for cells of type $or.
Using extmapper simplemap for cells of type $ne.
Using extmapper simplemap for cells of type $dff.
Using extmapper simplemap for cells of type $mux.
Using template $paramod$constmap:6c1a68dca7caecaf14657b7842cab57013c89f4a$paramod$335cfd09f1afa8139c4aafcbbe5f361887b79c5e\_90_shift_ops_shr_shl_sshl_sshr for cells of type $shl.
Running "alumacc" on wrapper $extern:wrap:$add:Y_WIDTH=5:B_SIGNED=0:A_SIGNED=0:B_WIDTH=5:A_WIDTH=5:394426c56d1a028ba8fdd5469b163e04011def47.
Using template $extern:wrap:$add:Y_WIDTH=5:B_SIGNED=0:A_SIGNED=0:B_WIDTH=5:A_WIDTH=5:394426c56d1a028ba8fdd5469b163e04011def47 for cells of type $extern:wrap:$add:Y_WIDTH=5:B_SIGNED=0:A_SIGNED=0:B_WIDTH=5:A_WIDTH=5:394426c56d1a028ba8fdd5469b163e04011def47.
Running "alumacc" on wrapper $extern:wrap:$add:Y_WIDTH=6:B_SIGNED=0:A_SIGNED=0:B_WIDTH=6:A_WIDTH=6:394426c56d1a028ba8fdd5469b163e04011def47.
Using template $extern:wrap:$add:Y_WIDTH=6:B_SIGNED=0:A_SIGNED=0:B_WIDTH=6:A_WIDTH=6:394426c56d1a028ba8fdd5469b163e04011def47 for cells of type $extern:wrap:$add:Y_WIDTH=6:B_SIGNED=0:A_SIGNED=0:B_WIDTH=6:A_WIDTH=6:394426c56d1a028ba8fdd5469b163e04011def47.
Running "alumacc" on wrapper $extern:wrap:$add:Y_WIDTH=2:B_SIGNED=0:A_SIGNED=0:B_WIDTH=2:A_WIDTH=2:394426c56d1a028ba8fdd5469b163e04011def47.
Using template $extern:wrap:$add:Y_WIDTH=2:B_SIGNED=0:A_SIGNED=0:B_WIDTH=2:A_WIDTH=2:394426c56d1a028ba8fdd5469b163e04011def47 for cells of type $extern:wrap:$add:Y_WIDTH=2:B_SIGNED=0:A_SIGNED=0:B_WIDTH=2:A_WIDTH=2:394426c56d1a028ba8fdd5469b163e04011def47.
Running "alumacc" on wrapper $extern:wrap:$add:Y_WIDTH=3:B_SIGNED=0:A_SIGNED=0:B_WIDTH=3:A_WIDTH=3:394426c56d1a028ba8fdd5469b163e04011def47.
Using template $extern:wrap:$add:Y_WIDTH=3:B_SIGNED=0:A_SIGNED=0:B_WIDTH=3:A_WIDTH=3:394426c56d1a028ba8fdd5469b163e04011def47 for cells of type $extern:wrap:$add:Y_WIDTH=3:B_SIGNED=0:A_SIGNED=0:B_WIDTH=3:A_WIDTH=3:394426c56d1a028ba8fdd5469b163e04011def47.
Running "alumacc" on wrapper $extern:wrap:$add:Y_WIDTH=4:B_SIGNED=0:A_SIGNED=0:B_WIDTH=4:A_WIDTH=4:394426c56d1a028ba8fdd5469b163e04011def47.
Using template $extern:wrap:$add:Y_WIDTH=4:B_SIGNED=0:A_SIGNED=0:B_WIDTH=4:A_WIDTH=4:394426c56d1a028ba8fdd5469b163e04011def47 for cells of type $extern:wrap:$add:Y_WIDTH=4:B_SIGNED=0:A_SIGNED=0:B_WIDTH=4:A_WIDTH=4:394426c56d1a028ba8fdd5469b163e04011def47.
Using extmapper simplemap for cells of type $reduce_or.
Using template $paramod$7e708ae28ab761f11d0fb59d3ffc72f6a4baf5d9\_90_alu for cells of type $alu.
Using template $paramod$78e969f2586efcf3a5b0b0440bcca0db83d5cca2\_90_alu for cells of type $alu.
Using template $paramod$740b056ede97228d3eae64ea2fdc81f0a33e0fe7\_90_alu for cells of type $alu.
Using template $paramod$b18e16801adf491a64caa0542270798e5d4ac6b6\_90_alu for cells of type $alu.
Using template $paramod$00298f3f8094950cb9a5ff2fda48d0d8bde8806c\_90_alu for cells of type $alu.
Using extmapper simplemap for cells of type $xor.
Using template $paramod\_90_fa\WIDTH=32'00000000000000000000000000000010 for cells of type $fa.
Using template $paramod\_90_lcu_brent_kung\WIDTH=32'00000000000000000000000000000010 for cells of type $lcu.
Using extmapper simplemap for cells of type $pos.
Using template $paramod\_90_fa\WIDTH=32'00000000000000000000000000000011 for cells of type $fa.
Using template $paramod\_90_lcu_brent_kung\WIDTH=32'00000000000000000000000000000011 for cells of type $lcu.
Using template $paramod\_90_fa\WIDTH=32'00000000000000000000000000000100 for cells of type $fa.
Using template $paramod\_90_lcu_brent_kung\WIDTH=32'00000000000000000000000000000100 for cells of type $lcu.
Using template $paramod\_90_fa\WIDTH=32'00000000000000000000000000000101 for cells of type $fa.
Using template $paramod\_90_lcu_brent_kung\WIDTH=32'00000000000000000000000000000101 for cells of type $lcu.
Using template $paramod\_90_fa\WIDTH=32'00000000000000000000000000000110 for cells of type $fa.
Using template $paramod\_90_lcu_brent_kung\WIDTH=32'00000000000000000000000000000110 for cells of type $lcu.
Using extmapper simplemap for cells of type $eq.
Running "alumacc" on wrapper $extern:wrap:$sub:Y_WIDTH=5:B_SIGNED=0:A_SIGNED=0:B_WIDTH=5:A_WIDTH=5:394426c56d1a028ba8fdd5469b163e04011def47.
Using template $extern:wrap:$sub:Y_WIDTH=5:B_SIGNED=0:A_SIGNED=0:B_WIDTH=5:A_WIDTH=5:394426c56d1a028ba8fdd5469b163e04011def47 for cells of type $extern:wrap:$sub:Y_WIDTH=5:B_SIGNED=0:A_SIGNED=0:B_WIDTH=5:A_WIDTH=5:394426c56d1a028ba8fdd5469b163e04011def47.
No more expansions possible.
<suppressed ~30311 debug messages>

7. Executing OPT_EXPR pass (perform const folding).
Optimizing module SRAMTemplate$SharedMemory.DataAccessesRRsp_DataAccess_31.
Optimizing module SRAMTemplate$SharedMemory.DataAccessesRRsp_DataAccess_30.
Optimizing module SRAMTemplate$SharedMemory.DataAccessesRRsp_DataAccess_29.
Optimizing module SRAMTemplate$SharedMemory.DataAccessesRRsp_DataAccess_28.
Optimizing module SRAMTemplate$SharedMemory.DataAccessesRRsp_DataAccess_27.
Optimizing module SRAMTemplate$SharedMemory.DataAccessesRRsp_DataAccess_26.
Optimizing module SRAMTemplate$SharedMemory.DataAccessesRRsp_DataAccess_25.
Optimizing module SRAMTemplate$SharedMemory.DataAccessesRRsp_DataAccess_24.
Optimizing module SRAMTemplate$SharedMemory.DataAccessesRRsp_DataAccess_23.
Optimizing module SRAMTemplate$SharedMemory.DataAccessesRRsp_DataAccess_22.
Optimizing module SRAMTemplate$SharedMemory.DataAccessesRRsp_DataAccess_21.
Optimizing module SRAMTemplate$SharedMemory.DataAccessesRRsp_DataAccess_20.
Optimizing module SRAMTemplate$SharedMemory.DataAccessesRRsp_DataAccess_19.
Optimizing module SRAMTemplate$SharedMemory.DataAccessesRRsp_DataAccess_18.
Optimizing module SRAMTemplate$SharedMemory.DataAccessesRRsp_DataAccess_17.
Optimizing module SRAMTemplate$SharedMemory.DataAccessesRRsp_DataAccess_16.
Optimizing module SRAMTemplate$SharedMemory.DataAccessesRRsp_DataAccess_15.
Optimizing module SRAMTemplate$SharedMemory.DataAccessesRRsp_DataAccess_14.
Optimizing module SRAMTemplate$SharedMemory.DataAccessesRRsp_DataAccess_13.
Optimizing module SRAMTemplate$SharedMemory.DataAccessesRRsp_DataAccess_12.
Optimizing module SRAMTemplate$SharedMemory.DataAccessesRRsp_DataAccess_11.
Optimizing module SRAMTemplate$SharedMemory.DataAccessesRRsp_DataAccess_10.
Optimizing module SRAMTemplate$SharedMemory.DataAccessesRRsp_DataAccess_9.
Optimizing module SRAMTemplate$SharedMemory.DataAccessesRRsp_DataAccess_8.
Optimizing module SRAMTemplate$SharedMemory.DataAccessesRRsp_DataAccess_7.
Optimizing module SRAMTemplate$SharedMemory.DataAccessesRRsp_DataAccess_6.
Optimizing module SRAMTemplate$SharedMemory.DataAccessesRRsp_DataAccess_5.
Optimizing module SRAMTemplate$SharedMemory.DataAccessesRRsp_DataAccess_4.
Optimizing module SRAMTemplate$SharedMemory.DataAccessesRRsp_DataAccess_3.
Optimizing module SRAMTemplate$SharedMemory.DataAccessesRRsp_DataAccess_2.
Optimizing module SRAMTemplate$SharedMemory.DataAccessesRRsp_DataAccess_1.
Optimizing module SRAMTemplate$SharedMemory.DataAccessesRRsp_DataAccess.
Optimizing module Queue32_ShareMemCoreRsp$SharedMemory.coreRsp_Q.
<suppressed ~114 debug messages>
Optimizing module DataCrossbar$SharedMemory.DataCorssBarForRead.
Optimizing module DataCrossbar$SharedMemory.DataCorssBarForWrite.
Optimizing module BankConflictArbiter$SharedMemory.BankConfArb.
<suppressed ~37536 debug messages>
Optimizing module SharedMemory.
<suppressed ~6 debug messages>

8. Executing OPT_CLEAN pass (remove unused cells and wires).
Finding unused cells or wires in module \SRAMTemplate$SharedMemory.DataAccessesRRsp_DataAccess_31..
Finding unused cells or wires in module \SRAMTemplate$SharedMemory.DataAccessesRRsp_DataAccess_30..
Finding unused cells or wires in module \SRAMTemplate$SharedMemory.DataAccessesRRsp_DataAccess_29..
Finding unused cells or wires in module \SRAMTemplate$SharedMemory.DataAccessesRRsp_DataAccess_28..
Finding unused cells or wires in module \SRAMTemplate$SharedMemory.DataAccessesRRsp_DataAccess_27..
Finding unused cells or wires in module \SRAMTemplate$SharedMemory.DataAccessesRRsp_DataAccess_26..
Finding unused cells or wires in module \SRAMTemplate$SharedMemory.DataAccessesRRsp_DataAccess_25..
Finding unused cells or wires in module \SRAMTemplate$SharedMemory.DataAccessesRRsp_DataAccess_24..
Finding unused cells or wires in module \SRAMTemplate$SharedMemory.DataAccessesRRsp_DataAccess_23..
Finding unused cells or wires in module \SRAMTemplate$SharedMemory.DataAccessesRRsp_DataAccess_22..
Finding unused cells or wires in module \SRAMTemplate$SharedMemory.DataAccessesRRsp_DataAccess_21..
Finding unused cells or wires in module \SRAMTemplate$SharedMemory.DataAccessesRRsp_DataAccess_20..
Finding unused cells or wires in module \SRAMTemplate$SharedMemory.DataAccessesRRsp_DataAccess_19..
Finding unused cells or wires in module \SRAMTemplate$SharedMemory.DataAccessesRRsp_DataAccess_18..
Finding unused cells or wires in module \SRAMTemplate$SharedMemory.DataAccessesRRsp_DataAccess_17..
Finding unused cells or wires in module \SRAMTemplate$SharedMemory.DataAccessesRRsp_DataAccess_16..
Finding unused cells or wires in module \SRAMTemplate$SharedMemory.DataAccessesRRsp_DataAccess_15..
Finding unused cells or wires in module \SRAMTemplate$SharedMemory.DataAccessesRRsp_DataAccess_14..
Finding unused cells or wires in module \SRAMTemplate$SharedMemory.DataAccessesRRsp_DataAccess_13..
Finding unused cells or wires in module \SRAMTemplate$SharedMemory.DataAccessesRRsp_DataAccess_12..
Finding unused cells or wires in module \SRAMTemplate$SharedMemory.DataAccessesRRsp_DataAccess_11..
Finding unused cells or wires in module \SRAMTemplate$SharedMemory.DataAccessesRRsp_DataAccess_10..
Finding unused cells or wires in module \SRAMTemplate$SharedMemory.DataAccessesRRsp_DataAccess_9..
Finding unused cells or wires in module \SRAMTemplate$SharedMemory.DataAccessesRRsp_DataAccess_8..
Finding unused cells or wires in module \SRAMTemplate$SharedMemory.DataAccessesRRsp_DataAccess_7..
Finding unused cells or wires in module \SRAMTemplate$SharedMemory.DataAccessesRRsp_DataAccess_6..
Finding unused cells or wires in module \SRAMTemplate$SharedMemory.DataAccessesRRsp_DataAccess_5..
Finding unused cells or wires in module \SRAMTemplate$SharedMemory.DataAccessesRRsp_DataAccess_4..
Finding unused cells or wires in module \SRAMTemplate$SharedMemory.DataAccessesRRsp_DataAccess_3..
Finding unused cells or wires in module \SRAMTemplate$SharedMemory.DataAccessesRRsp_DataAccess_2..
Finding unused cells or wires in module \SRAMTemplate$SharedMemory.DataAccessesRRsp_DataAccess_1..
Finding unused cells or wires in module \SRAMTemplate$SharedMemory.DataAccessesRRsp_DataAccess..
Finding unused cells or wires in module \Queue32_ShareMemCoreRsp$SharedMemory.coreRsp_Q..
Finding unused cells or wires in module \DataCrossbar$SharedMemory.DataCorssBarForRead..
Finding unused cells or wires in module \DataCrossbar$SharedMemory.DataCorssBarForWrite..
Finding unused cells or wires in module \BankConflictArbiter$SharedMemory.BankConfArb..
Finding unused cells or wires in module \SharedMemory..
Removed 1862 unused cells and 44631 unused wires.
<suppressed ~1897 debug messages>

9. Executing DFFLIBMAP pass (mapping DFF cells to sequential cells from liberty file).
  cell DFFLQNx1_ASAP7_75t_R (inv, pins=3, area=0.29) is a direct match for cell type $_DFF_N_.
  cell DFFHQNx1_ASAP7_75t_R (inv, pins=3, area=0.29) is a direct match for cell type $_DFF_P_.
  cell DFFASRHQNx1_ASAP7_75t_R (inv, pins=5, area=0.38) is a direct match for cell type $_DFFSR_PNN_.
  final dff cell mappings:
    \DFFLQNx1_ASAP7_75t_R _DFF_N_ (.CLK( C), .D( D), .QN(~Q));
    \DFFHQNx1_ASAP7_75t_R _DFF_P_ (.CLK( C), .D( D), .QN(~Q));
    unmapped dff cell: $_DFF_NN0_
    unmapped dff cell: $_DFF_NN1_
    unmapped dff cell: $_DFF_NP0_
    unmapped dff cell: $_DFF_NP1_
    unmapped dff cell: $_DFF_PN0_
    unmapped dff cell: $_DFF_PN1_
    unmapped dff cell: $_DFF_PP0_
    unmapped dff cell: $_DFF_PP1_
    unmapped dff cell: $_DFFE_NN_
    unmapped dff cell: $_DFFE_NP_
    unmapped dff cell: $_DFFE_PN_
    unmapped dff cell: $_DFFE_PP_
    unmapped dff cell: $_DFFSR_NNN_
    unmapped dff cell: $_DFFSR_NNP_
    unmapped dff cell: $_DFFSR_NPN_
    unmapped dff cell: $_DFFSR_NPP_
    \DFFASRHQNx1_ASAP7_75t_R _DFFSR_PNN_ (.CLK( C), .D( D), .QN(~Q), .RESETN( R), .SETN( S));
    unmapped dff cell: $_DFFSR_PNP_
    unmapped dff cell: $_DFFSR_PPN_
    unmapped dff cell: $_DFFSR_PPP_

9.1. Executing DFFLEGALIZE pass (convert FFs to types supported by the target).
<suppressed ~8 debug messages>
Mapping DFF cells in module `\SRAMTemplate$SharedMemory.DataAccessesRRsp_DataAccess_31':
  mapped 57 $_DFF_P_ cells to \DFFHQNx1_ASAP7_75t_R cells.
Mapping DFF cells in module `\SRAMTemplate$SharedMemory.DataAccessesRRsp_DataAccess_30':
  mapped 57 $_DFF_P_ cells to \DFFHQNx1_ASAP7_75t_R cells.
Mapping DFF cells in module `\SRAMTemplate$SharedMemory.DataAccessesRRsp_DataAccess_29':
  mapped 57 $_DFF_P_ cells to \DFFHQNx1_ASAP7_75t_R cells.
Mapping DFF cells in module `\SRAMTemplate$SharedMemory.DataAccessesRRsp_DataAccess_28':
  mapped 57 $_DFF_P_ cells to \DFFHQNx1_ASAP7_75t_R cells.
Mapping DFF cells in module `\SRAMTemplate$SharedMemory.DataAccessesRRsp_DataAccess_27':
  mapped 57 $_DFF_P_ cells to \DFFHQNx1_ASAP7_75t_R cells.
Mapping DFF cells in module `\SRAMTemplate$SharedMemory.DataAccessesRRsp_DataAccess_26':
  mapped 57 $_DFF_P_ cells to \DFFHQNx1_ASAP7_75t_R cells.
Mapping DFF cells in module `\SRAMTemplate$SharedMemory.DataAccessesRRsp_DataAccess_25':
  mapped 57 $_DFF_P_ cells to \DFFHQNx1_ASAP7_75t_R cells.
Mapping DFF cells in module `\SRAMTemplate$SharedMemory.DataAccessesRRsp_DataAccess_24':
  mapped 57 $_DFF_P_ cells to \DFFHQNx1_ASAP7_75t_R cells.
Mapping DFF cells in module `\SRAMTemplate$SharedMemory.DataAccessesRRsp_DataAccess_23':
  mapped 57 $_DFF_P_ cells to \DFFHQNx1_ASAP7_75t_R cells.
Mapping DFF cells in module `\SRAMTemplate$SharedMemory.DataAccessesRRsp_DataAccess_22':
  mapped 57 $_DFF_P_ cells to \DFFHQNx1_ASAP7_75t_R cells.
Mapping DFF cells in module `\SRAMTemplate$SharedMemory.DataAccessesRRsp_DataAccess_21':
  mapped 57 $_DFF_P_ cells to \DFFHQNx1_ASAP7_75t_R cells.
Mapping DFF cells in module `\SRAMTemplate$SharedMemory.DataAccessesRRsp_DataAccess_20':
  mapped 57 $_DFF_P_ cells to \DFFHQNx1_ASAP7_75t_R cells.
Mapping DFF cells in module `\SRAMTemplate$SharedMemory.DataAccessesRRsp_DataAccess_19':
  mapped 57 $_DFF_P_ cells to \DFFHQNx1_ASAP7_75t_R cells.
Mapping DFF cells in module `\SRAMTemplate$SharedMemory.DataAccessesRRsp_DataAccess_18':
  mapped 57 $_DFF_P_ cells to \DFFHQNx1_ASAP7_75t_R cells.
Mapping DFF cells in module `\SRAMTemplate$SharedMemory.DataAccessesRRsp_DataAccess_17':
  mapped 57 $_DFF_P_ cells to \DFFHQNx1_ASAP7_75t_R cells.
Mapping DFF cells in module `\SRAMTemplate$SharedMemory.DataAccessesRRsp_DataAccess_16':
  mapped 57 $_DFF_P_ cells to \DFFHQNx1_ASAP7_75t_R cells.
Mapping DFF cells in module `\SRAMTemplate$SharedMemory.DataAccessesRRsp_DataAccess_15':
  mapped 57 $_DFF_P_ cells to \DFFHQNx1_ASAP7_75t_R cells.
Mapping DFF cells in module `\SRAMTemplate$SharedMemory.DataAccessesRRsp_DataAccess_14':
  mapped 57 $_DFF_P_ cells to \DFFHQNx1_ASAP7_75t_R cells.
Mapping DFF cells in module `\SRAMTemplate$SharedMemory.DataAccessesRRsp_DataAccess_13':
  mapped 57 $_DFF_P_ cells to \DFFHQNx1_ASAP7_75t_R cells.
Mapping DFF cells in module `\SRAMTemplate$SharedMemory.DataAccessesRRsp_DataAccess_12':
  mapped 57 $_DFF_P_ cells to \DFFHQNx1_ASAP7_75t_R cells.
Mapping DFF cells in module `\SRAMTemplate$SharedMemory.DataAccessesRRsp_DataAccess_11':
  mapped 57 $_DFF_P_ cells to \DFFHQNx1_ASAP7_75t_R cells.
Mapping DFF cells in module `\SRAMTemplate$SharedMemory.DataAccessesRRsp_DataAccess_10':
  mapped 57 $_DFF_P_ cells to \DFFHQNx1_ASAP7_75t_R cells.
Mapping DFF cells in module `\SRAMTemplate$SharedMemory.DataAccessesRRsp_DataAccess_9':
  mapped 57 $_DFF_P_ cells to \DFFHQNx1_ASAP7_75t_R cells.
Mapping DFF cells in module `\SRAMTemplate$SharedMemory.DataAccessesRRsp_DataAccess_8':
  mapped 57 $_DFF_P_ cells to \DFFHQNx1_ASAP7_75t_R cells.
Mapping DFF cells in module `\SRAMTemplate$SharedMemory.DataAccessesRRsp_DataAccess_7':
  mapped 57 $_DFF_P_ cells to \DFFHQNx1_ASAP7_75t_R cells.
Mapping DFF cells in module `\SRAMTemplate$SharedMemory.DataAccessesRRsp_DataAccess_6':
  mapped 57 $_DFF_P_ cells to \DFFHQNx1_ASAP7_75t_R cells.
Mapping DFF cells in module `\SRAMTemplate$SharedMemory.DataAccessesRRsp_DataAccess_5':
  mapped 57 $_DFF_P_ cells to \DFFHQNx1_ASAP7_75t_R cells.
Mapping DFF cells in module `\SRAMTemplate$SharedMemory.DataAccessesRRsp_DataAccess_4':
  mapped 57 $_DFF_P_ cells to \DFFHQNx1_ASAP7_75t_R cells.
Mapping DFF cells in module `\SRAMTemplate$SharedMemory.DataAccessesRRsp_DataAccess_3':
  mapped 57 $_DFF_P_ cells to \DFFHQNx1_ASAP7_75t_R cells.
Mapping DFF cells in module `\SRAMTemplate$SharedMemory.DataAccessesRRsp_DataAccess_2':
  mapped 57 $_DFF_P_ cells to \DFFHQNx1_ASAP7_75t_R cells.
Mapping DFF cells in module `\SRAMTemplate$SharedMemory.DataAccessesRRsp_DataAccess_1':
  mapped 57 $_DFF_P_ cells to \DFFHQNx1_ASAP7_75t_R cells.
Mapping DFF cells in module `\SRAMTemplate$SharedMemory.DataAccessesRRsp_DataAccess':
  mapped 57 $_DFF_P_ cells to \DFFHQNx1_ASAP7_75t_R cells.
Mapping DFF cells in module `\Queue32_ShareMemCoreRsp$SharedMemory.coreRsp_Q':
  mapped 11 $_DFF_P_ cells to \DFFHQNx1_ASAP7_75t_R cells.
Mapping DFF cells in module `\DataCrossbar$SharedMemory.DataCorssBarForRead':
Mapping DFF cells in module `\DataCrossbar$SharedMemory.DataCorssBarForWrite':
Mapping DFF cells in module `\BankConflictArbiter$SharedMemory.BankConfArb':
  mapped 322 $_DFF_P_ cells to \DFFHQNx1_ASAP7_75t_R cells.
Mapping DFF cells in module `\SharedMemory':
  mapped 5371 $_DFF_P_ cells to \DFFHQNx1_ASAP7_75t_R cells.

10. Executing ABC pass (technology mapping using ABC).

10.1. Extracting gate netlist of module `\SRAMTemplate$SharedMemory.DataAccessesRRsp_DataAccess_31' to `<abc-temp-dir>/input.blif'..
ABC: using cached merged SCL: /tmp/yosys-liberty-scl-cache/yosys_merged_f4fcd93b.scl (1 files)

10.1.1. Executed ABC.
Extracted 115 gates and 206 wires to a netlist network with 91 inputs and 33 outputs.
Running ABC script: <abc-temp-dir>/abc.script
ABC: UC Berkeley, ABC 1.01 (compiled Jun  3 2026 15:06:41)
ABC: abc 01> empty
ABC: abc 01> source <abc-temp-dir>/abc.script
ABC: + read_blif <abc-temp-dir>/input.blif 
ABC: + read_scl /tmp/yosys-liberty-scl-cache/yosys_merged_f4fcd93b.scl 
ABC: Warning: Detected 2 multi-output cells (for example, "FAx1_ASAP7_75t_R").
ABC: + strash 
ABC: + &get -n 
ABC: + &fraig -x 
ABC: + &put 
ABC: + scorr 
ABC: Warning: The network is combinational (run "fraig" or "fraig_sweep").
ABC: + dc2 
ABC: + dretime 
ABC: + retime -o -D 1000 
ABC: + strash 
ABC: + &get -n 
ABC: + &dch -f 
ABC: + &nf -D 1000 
ABC: + &put 
ABC: + write_blif <abc-temp-dir>/output.blif 
ABC: 
ABC: YOSYS_ABC_DONE 

10.1.2. Re-integrating ABC results.
ABC RESULTS:   AND2x2_ASAP7_75t_R cells:        1
ABC RESULTS:   AO222x2_ASAP7_75t_R cells:        1
ABC RESULTS:   AOI22xp33_ASAP7_75t_R cells:        2
ABC RESULTS:   INVx1_ASAP7_75t_R cells:       10
ABC RESULTS:   NAND4xp25_ASAP7_75t_R cells:        1
ABC RESULTS:   OAI21xp33_ASAP7_75t_R cells:       32
ABC RESULTS:   OAI221xp5_ASAP7_75t_R cells:        2
ABC RESULTS:   OAI222xp33_ASAP7_75t_R cells:        1
ABC RESULTS:   OAI31xp33_ASAP7_75t_R cells:       32
ABC RESULTS:   OR3x1_ASAP7_75t_R cells:        4
ABC RESULTS:   OR4x1_ASAP7_75t_R cells:        1
ABC RESULTS:   XNOR2xp5_ASAP7_75t_R cells:        3
ABC RESULTS:        internal signals:       82
ABC RESULTS:           input signals:       91
ABC RESULTS:          output signals:       33
Removing temp directory.

10.2. Extracting gate netlist of module `\SRAMTemplate$SharedMemory.DataAccessesRRsp_DataAccess_30' to `<abc-temp-dir>/input.blif'..
ABC: using cached merged SCL: /tmp/yosys-liberty-scl-cache/yosys_merged_f4fcd93b.scl (1 files)

10.2.1. Executed ABC.
Extracted 115 gates and 206 wires to a netlist network with 91 inputs and 33 outputs.
Running ABC script: <abc-temp-dir>/abc.script
ABC: UC Berkeley, ABC 1.01 (compiled Jun  3 2026 15:06:41)
ABC: abc 01> empty
ABC: abc 01> source <abc-temp-dir>/abc.script
ABC: + read_blif <abc-temp-dir>/input.blif 
ABC: + read_scl /tmp/yosys-liberty-scl-cache/yosys_merged_f4fcd93b.scl 
ABC: Warning: Detected 2 multi-output cells (for example, "FAx1_ASAP7_75t_R").
ABC: + strash 
ABC: + &get -n 
ABC: + &fraig -x 
ABC: + &put 
ABC: + scorr 
ABC: Warning: The network is combinational (run "fraig" or "fraig_sweep").
ABC: + dc2 
ABC: + dretime 
ABC: + retime -o -D 1000 
ABC: + strash 
ABC: + &get -n 
ABC: + &dch -f 
ABC: + &nf -D 1000 
ABC: + &put 
ABC: + write_blif <abc-temp-dir>/output.blif 
ABC: 
ABC: YOSYS_ABC_DONE 

10.2.2. Re-integrating ABC results.
ABC RESULTS:   AND2x2_ASAP7_75t_R cells:        1
ABC RESULTS:   AO222x2_ASAP7_75t_R cells:        1
ABC RESULTS:   AOI22xp33_ASAP7_75t_R cells:        2
ABC RESULTS:   INVx1_ASAP7_75t_R cells:       10
ABC RESULTS:   NAND4xp25_ASAP7_75t_R cells:        1
ABC RESULTS:   OAI21xp33_ASAP7_75t_R cells:       32
ABC RESULTS:   OAI221xp5_ASAP7_75t_R cells:        2
ABC RESULTS:   OAI222xp33_ASAP7_75t_R cells:        1
ABC RESULTS:   OAI31xp33_ASAP7_75t_R cells:       32
ABC RESULTS:   OR3x1_ASAP7_75t_R cells:        4
ABC RESULTS:   OR4x1_ASAP7_75t_R cells:        1
ABC RESULTS:   XNOR2xp5_ASAP7_75t_R cells:        3
ABC RESULTS:        internal signals:       82
ABC RESULTS:           input signals:       91
ABC RESULTS:          output signals:       33
Removing temp directory.

10.3. Extracting gate netlist of module `\SRAMTemplate$SharedMemory.DataAccessesRRsp_DataAccess_29' to `<abc-temp-dir>/input.blif'..
ABC: using cached merged SCL: /tmp/yosys-liberty-scl-cache/yosys_merged_f4fcd93b.scl (1 files)

10.3.1. Executed ABC.
Extracted 115 gates and 206 wires to a netlist network with 91 inputs and 33 outputs.
Running ABC script: <abc-temp-dir>/abc.script
ABC: UC Berkeley, ABC 1.01 (compiled Jun  3 2026 15:06:41)
ABC: abc 01> empty
ABC: abc 01> source <abc-temp-dir>/abc.script
ABC: + read_blif <abc-temp-dir>/input.blif 
ABC: + read_scl /tmp/yosys-liberty-scl-cache/yosys_merged_f4fcd93b.scl 
ABC: Warning: Detected 2 multi-output cells (for example, "FAx1_ASAP7_75t_R").
ABC: + strash 
ABC: + &get -n 
ABC: + &fraig -x 
ABC: + &put 
ABC: + scorr 
ABC: Warning: The network is combinational (run "fraig" or "fraig_sweep").
ABC: + dc2 
ABC: + dretime 
ABC: + retime -o -D 1000 
ABC: + strash 
ABC: + &get -n 
ABC: + &dch -f 
ABC: + &nf -D 1000 
ABC: + &put 
ABC: + write_blif <abc-temp-dir>/output.blif 
ABC: 
ABC: YOSYS_ABC_DONE 

10.3.2. Re-integrating ABC results.
ABC RESULTS:   AND2x2_ASAP7_75t_R cells:        1
ABC RESULTS:   AO222x2_ASAP7_75t_R cells:        1
ABC RESULTS:   AOI22xp33_ASAP7_75t_R cells:        2
ABC RESULTS:   INVx1_ASAP7_75t_R cells:       10
ABC RESULTS:   NAND4xp25_ASAP7_75t_R cells:        1
ABC RESULTS:   OAI21xp33_ASAP7_75t_R cells:       32
ABC RESULTS:   OAI221xp5_ASAP7_75t_R cells:        2
ABC RESULTS:   OAI222xp33_ASAP7_75t_R cells:        1
ABC RESULTS:   OAI31xp33_ASAP7_75t_R cells:       32
ABC RESULTS:   OR3x1_ASAP7_75t_R cells:        4
ABC RESULTS:   OR4x1_ASAP7_75t_R cells:        1
ABC RESULTS:   XNOR2xp5_ASAP7_75t_R cells:        3
ABC RESULTS:        internal signals:       82
ABC RESULTS:           input signals:       91
ABC RESULTS:          output signals:       33
Removing temp directory.

10.4. Extracting gate netlist of module `\SRAMTemplate$SharedMemory.DataAccessesRRsp_DataAccess_28' to `<abc-temp-dir>/input.blif'..
ABC: using cached merged SCL: /tmp/yosys-liberty-scl-cache/yosys_merged_f4fcd93b.scl (1 files)

10.4.1. Executed ABC.
Extracted 115 gates and 206 wires to a netlist network with 91 inputs and 33 outputs.
Running ABC script: <abc-temp-dir>/abc.script
ABC: UC Berkeley, ABC 1.01 (compiled Jun  3 2026 15:06:41)
ABC: abc 01> empty
ABC: abc 01> source <abc-temp-dir>/abc.script
ABC: + read_blif <abc-temp-dir>/input.blif 
ABC: + read_scl /tmp/yosys-liberty-scl-cache/yosys_merged_f4fcd93b.scl 
ABC: Warning: Detected 2 multi-output cells (for example, "FAx1_ASAP7_75t_R").
ABC: + strash 
ABC: + &get -n 
ABC: + &fraig -x 
ABC: + &put 
ABC: + scorr 
ABC: Warning: The network is combinational (run "fraig" or "fraig_sweep").
ABC: + dc2 
ABC: + dretime 
ABC: + retime -o -D 1000 
ABC: + strash 
ABC: + &get -n 
ABC: + &dch -f 
ABC: + &nf -D 1000 
ABC: + &put 
ABC: + write_blif <abc-temp-dir>/output.blif 
ABC: 
ABC: YOSYS_ABC_DONE 

10.4.2. Re-integrating ABC results.
ABC RESULTS:   AND2x2_ASAP7_75t_R cells:        1
ABC RESULTS:   AO222x2_ASAP7_75t_R cells:        1
ABC RESULTS:   AOI22xp33_ASAP7_75t_R cells:        2
ABC RESULTS:   INVx1_ASAP7_75t_R cells:       10
ABC RESULTS:   NAND4xp25_ASAP7_75t_R cells:        1
ABC RESULTS:   OAI21xp33_ASAP7_75t_R cells:       32
ABC RESULTS:   OAI221xp5_ASAP7_75t_R cells:        2
ABC RESULTS:   OAI222xp33_ASAP7_75t_R cells:        1
ABC RESULTS:   OAI31xp33_ASAP7_75t_R cells:       32
ABC RESULTS:   OR3x1_ASAP7_75t_R cells:        4
ABC RESULTS:   OR4x1_ASAP7_75t_R cells:        1
ABC RESULTS:   XNOR2xp5_ASAP7_75t_R cells:        3
ABC RESULTS:        internal signals:       82
ABC RESULTS:           input signals:       91
ABC RESULTS:          output signals:       33
Removing temp directory.

10.5. Extracting gate netlist of module `\SRAMTemplate$SharedMemory.DataAccessesRRsp_DataAccess_27' to `<abc-temp-dir>/input.blif'..
ABC: using cached merged SCL: /tmp/yosys-liberty-scl-cache/yosys_merged_f4fcd93b.scl (1 files)

10.5.1. Executed ABC.
Extracted 115 gates and 206 wires to a netlist network with 91 inputs and 33 outputs.
Running ABC script: <abc-temp-dir>/abc.script
ABC: UC Berkeley, ABC 1.01 (compiled Jun  3 2026 15:06:41)
ABC: abc 01> empty
ABC: abc 01> source <abc-temp-dir>/abc.script
ABC: + read_blif <abc-temp-dir>/input.blif 
ABC: + read_scl /tmp/yosys-liberty-scl-cache/yosys_merged_f4fcd93b.scl 
ABC: Warning: Detected 2 multi-output cells (for example, "FAx1_ASAP7_75t_R").
ABC: + strash 
ABC: + &get -n 
ABC: + &fraig -x 
ABC: + &put 
ABC: + scorr 
ABC: Warning: The network is combinational (run "fraig" or "fraig_sweep").
ABC: + dc2 
ABC: + dretime 
ABC: + retime -o -D 1000 
ABC: + strash 
ABC: + &get -n 
ABC: + &dch -f 
ABC: + &nf -D 1000 
ABC: + &put 
ABC: + write_blif <abc-temp-dir>/output.blif 
ABC: 
ABC: YOSYS_ABC_DONE 

10.5.2. Re-integrating ABC results.
ABC RESULTS:   AND2x2_ASAP7_75t_R cells:        1
ABC RESULTS:   AO222x2_ASAP7_75t_R cells:        1
ABC RESULTS:   AOI22xp33_ASAP7_75t_R cells:        2
ABC RESULTS:   INVx1_ASAP7_75t_R cells:       10
ABC RESULTS:   NAND4xp25_ASAP7_75t_R cells:        1
ABC RESULTS:   OAI21xp33_ASAP7_75t_R cells:       32
ABC RESULTS:   OAI221xp5_ASAP7_75t_R cells:        2
ABC RESULTS:   OAI222xp33_ASAP7_75t_R cells:        1
ABC RESULTS:   OAI31xp33_ASAP7_75t_R cells:       32
ABC RESULTS:   OR3x1_ASAP7_75t_R cells:        4
ABC RESULTS:   OR4x1_ASAP7_75t_R cells:        1
ABC RESULTS:   XNOR2xp5_ASAP7_75t_R cells:        3
ABC RESULTS:        internal signals:       82
ABC RESULTS:           input signals:       91
ABC RESULTS:          output signals:       33
Removing temp directory.

10.6. Extracting gate netlist of module `\SRAMTemplate$SharedMemory.DataAccessesRRsp_DataAccess_26' to `<abc-temp-dir>/input.blif'..
ABC: using cached merged SCL: /tmp/yosys-liberty-scl-cache/yosys_merged_f4fcd93b.scl (1 files)

10.6.1. Executed ABC.
Extracted 115 gates and 206 wires to a netlist network with 91 inputs and 33 outputs.
Running ABC script: <abc-temp-dir>/abc.script
ABC: UC Berkeley, ABC 1.01 (compiled Jun  3 2026 15:06:41)
ABC: abc 01> empty
ABC: abc 01> source <abc-temp-dir>/abc.script
ABC: + read_blif <abc-temp-dir>/input.blif 
ABC: + read_scl /tmp/yosys-liberty-scl-cache/yosys_merged_f4fcd93b.scl 
ABC: Warning: Detected 2 multi-output cells (for example, "FAx1_ASAP7_75t_R").
ABC: + strash 
ABC: + &get -n 
ABC: + &fraig -x 
ABC: + &put 
ABC: + scorr 
ABC: Warning: The network is combinational (run "fraig" or "fraig_sweep").
ABC: + dc2 
ABC: + dretime 
ABC: + retime -o -D 1000 
ABC: + strash 
ABC: + &get -n 
ABC: + &dch -f 
ABC: + &nf -D 1000 
ABC: + &put 
ABC: + write_blif <abc-temp-dir>/output.blif 
ABC: 
ABC: YOSYS_ABC_DONE 

10.6.2. Re-integrating ABC results.
ABC RESULTS:   AND2x2_ASAP7_75t_R cells:        1
ABC RESULTS:   AO222x2_ASAP7_75t_R cells:        1
ABC RESULTS:   AOI22xp33_ASAP7_75t_R cells:        2
ABC RESULTS:   INVx1_ASAP7_75t_R cells:       10
ABC RESULTS:   NAND4xp25_ASAP7_75t_R cells:        1
ABC RESULTS:   OAI21xp33_ASAP7_75t_R cells:       32
ABC RESULTS:   OAI221xp5_ASAP7_75t_R cells:        2
ABC RESULTS:   OAI222xp33_ASAP7_75t_R cells:        1
ABC RESULTS:   OAI31xp33_ASAP7_75t_R cells:       32
ABC RESULTS:   OR3x1_ASAP7_75t_R cells:        4
ABC RESULTS:   OR4x1_ASAP7_75t_R cells:        1
ABC RESULTS:   XNOR2xp5_ASAP7_75t_R cells:        3
ABC RESULTS:        internal signals:       82
ABC RESULTS:           input signals:       91
ABC RESULTS:          output signals:       33
Removing temp directory.

10.7. Extracting gate netlist of module `\SRAMTemplate$SharedMemory.DataAccessesRRsp_DataAccess_25' to `<abc-temp-dir>/input.blif'..
ABC: using cached merged SCL: /tmp/yosys-liberty-scl-cache/yosys_merged_f4fcd93b.scl (1 files)

10.7.1. Executed ABC.
Extracted 115 gates and 206 wires to a netlist network with 91 inputs and 33 outputs.
Running ABC script: <abc-temp-dir>/abc.script
ABC: UC Berkeley, ABC 1.01 (compiled Jun  3 2026 15:06:41)
ABC: abc 01> empty
ABC: abc 01> source <abc-temp-dir>/abc.script
ABC: + read_blif <abc-temp-dir>/input.blif 
ABC: + read_scl /tmp/yosys-liberty-scl-cache/yosys_merged_f4fcd93b.scl 
ABC: Warning: Detected 2 multi-output cells (for example, "FAx1_ASAP7_75t_R").
ABC: + strash 
ABC: + &get -n 
ABC: + &fraig -x 
ABC: + &put 
ABC: + scorr 
ABC: Warning: The network is combinational (run "fraig" or "fraig_sweep").
ABC: + dc2 
ABC: + dretime 
ABC: + retime -o -D 1000 
ABC: + strash 
ABC: + &get -n 
ABC: + &dch -f 
ABC: + &nf -D 1000 
ABC: + &put 
ABC: + write_blif <abc-temp-dir>/output.blif 
ABC: 
ABC: YOSYS_ABC_DONE 

10.7.2. Re-integrating ABC results.
ABC RESULTS:   AND2x2_ASAP7_75t_R cells:        1
ABC RESULTS:   AO222x2_ASAP7_75t_R cells:        1
ABC RESULTS:   AOI22xp33_ASAP7_75t_R cells:        2
ABC RESULTS:   INVx1_ASAP7_75t_R cells:       10
ABC RESULTS:   NAND4xp25_ASAP7_75t_R cells:        1
ABC RESULTS:   OAI21xp33_ASAP7_75t_R cells:       32
ABC RESULTS:   OAI221xp5_ASAP7_75t_R cells:        2
ABC RESULTS:   OAI222xp33_ASAP7_75t_R cells:        1
ABC RESULTS:   OAI31xp33_ASAP7_75t_R cells:       32
ABC RESULTS:   OR3x1_ASAP7_75t_R cells:        4
ABC RESULTS:   OR4x1_ASAP7_75t_R cells:        1
ABC RESULTS:   XNOR2xp5_ASAP7_75t_R cells:        3
ABC RESULTS:        internal signals:       82
ABC RESULTS:           input signals:       91
ABC RESULTS:          output signals:       33
Removing temp directory.

10.8. Extracting gate netlist of module `\SRAMTemplate$SharedMemory.DataAccessesRRsp_DataAccess_24' to `<abc-temp-dir>/input.blif'..
ABC: using cached merged SCL: /tmp/yosys-liberty-scl-cache/yosys_merged_f4fcd93b.scl (1 files)

10.8.1. Executed ABC.
Extracted 115 gates and 206 wires to a netlist network with 91 inputs and 33 outputs.
Running ABC script: <abc-temp-dir>/abc.script
ABC: UC Berkeley, ABC 1.01 (compiled Jun  3 2026 15:06:41)
ABC: abc 01> empty
ABC: abc 01> source <abc-temp-dir>/abc.script
ABC: + read_blif <abc-temp-dir>/input.blif 
ABC: + read_scl /tmp/yosys-liberty-scl-cache/yosys_merged_f4fcd93b.scl 
ABC: Warning: Detected 2 multi-output cells (for example, "FAx1_ASAP7_75t_R").
ABC: + strash 
ABC: + &get -n 
ABC: + &fraig -x 
ABC: + &put 
ABC: + scorr 
ABC: Warning: The network is combinational (run "fraig" or "fraig_sweep").
ABC: + dc2 
ABC: + dretime 
ABC: + retime -o -D 1000 
ABC: + strash 
ABC: + &get -n 
ABC: + &dch -f 
ABC: + &nf -D 1000 
ABC: + &put 
ABC: + write_blif <abc-temp-dir>/output.blif 
ABC: 
ABC: YOSYS_ABC_DONE 

10.8.2. Re-integrating ABC results.
ABC RESULTS:   AND2x2_ASAP7_75t_R cells:        1
ABC RESULTS:   AO222x2_ASAP7_75t_R cells:        1
ABC RESULTS:   AOI22xp33_ASAP7_75t_R cells:        2
ABC RESULTS:   INVx1_ASAP7_75t_R cells:       10
ABC RESULTS:   NAND4xp25_ASAP7_75t_R cells:        1
ABC RESULTS:   OAI21xp33_ASAP7_75t_R cells:       32
ABC RESULTS:   OAI221xp5_ASAP7_75t_R cells:        2
ABC RESULTS:   OAI222xp33_ASAP7_75t_R cells:        1
ABC RESULTS:   OAI31xp33_ASAP7_75t_R cells:       32
ABC RESULTS:   OR3x1_ASAP7_75t_R cells:        4
ABC RESULTS:   OR4x1_ASAP7_75t_R cells:        1
ABC RESULTS:   XNOR2xp5_ASAP7_75t_R cells:        3
ABC RESULTS:        internal signals:       82
ABC RESULTS:           input signals:       91
ABC RESULTS:          output signals:       33
Removing temp directory.

10.9. Extracting gate netlist of module `\SRAMTemplate$SharedMemory.DataAccessesRRsp_DataAccess_23' to `<abc-temp-dir>/input.blif'..
ABC: using cached merged SCL: /tmp/yosys-liberty-scl-cache/yosys_merged_f4fcd93b.scl (1 files)

10.9.1. Executed ABC.
Extracted 115 gates and 206 wires to a netlist network with 91 inputs and 33 outputs.
Running ABC script: <abc-temp-dir>/abc.script
ABC: UC Berkeley, ABC 1.01 (compiled Jun  3 2026 15:06:41)
ABC: abc 01> empty
ABC: abc 01> source <abc-temp-dir>/abc.script
ABC: + read_blif <abc-temp-dir>/input.blif 
ABC: + read_scl /tmp/yosys-liberty-scl-cache/yosys_merged_f4fcd93b.scl 
ABC: Warning: Detected 2 multi-output cells (for example, "FAx1_ASAP7_75t_R").
ABC: + strash 
ABC: + &get -n 
ABC: + &fraig -x 
ABC: + &put 
ABC: + scorr 
ABC: Warning: The network is combinational (run "fraig" or "fraig_sweep").
ABC: + dc2 
ABC: + dretime 
ABC: + retime -o -D 1000 
ABC: + strash 
ABC: + &get -n 
ABC: + &dch -f 
ABC: + &nf -D 1000 
ABC: + &put 
ABC: + write_blif <abc-temp-dir>/output.blif 
ABC: 
ABC: YOSYS_ABC_DONE 

10.9.2. Re-integrating ABC results.
ABC RESULTS:   AND2x2_ASAP7_75t_R cells:        1
ABC RESULTS:   AO222x2_ASAP7_75t_R cells:        1
ABC RESULTS:   AOI22xp33_ASAP7_75t_R cells:        2
ABC RESULTS:   INVx1_ASAP7_75t_R cells:       10
ABC RESULTS:   NAND4xp25_ASAP7_75t_R cells:        1
ABC RESULTS:   OAI21xp33_ASAP7_75t_R cells:       32
ABC RESULTS:   OAI221xp5_ASAP7_75t_R cells:        2
ABC RESULTS:   OAI222xp33_ASAP7_75t_R cells:        1
ABC RESULTS:   OAI31xp33_ASAP7_75t_R cells:       32
ABC RESULTS:   OR3x1_ASAP7_75t_R cells:        4
ABC RESULTS:   OR4x1_ASAP7_75t_R cells:        1
ABC RESULTS:   XNOR2xp5_ASAP7_75t_R cells:        3
ABC RESULTS:        internal signals:       82
ABC RESULTS:           input signals:       91
ABC RESULTS:          output signals:       33
Removing temp directory.

10.10. Extracting gate netlist of module `\SRAMTemplate$SharedMemory.DataAccessesRRsp_DataAccess_22' to `<abc-temp-dir>/input.blif'..
ABC: using cached merged SCL: /tmp/yosys-liberty-scl-cache/yosys_merged_f4fcd93b.scl (1 files)

10.10.1. Executed ABC.
Extracted 115 gates and 206 wires to a netlist network with 91 inputs and 33 outputs.
Running ABC script: <abc-temp-dir>/abc.script
ABC: UC Berkeley, ABC 1.01 (compiled Jun  3 2026 15:06:41)
ABC: abc 01> empty
ABC: abc 01> source <abc-temp-dir>/abc.script
ABC: + read_blif <abc-temp-dir>/input.blif 
ABC: + read_scl /tmp/yosys-liberty-scl-cache/yosys_merged_f4fcd93b.scl 
ABC: Warning: Detected 2 multi-output cells (for example, "FAx1_ASAP7_75t_R").
ABC: + strash 
ABC: + &get -n 
ABC: + &fraig -x 
ABC: + &put 
ABC: + scorr 
ABC: Warning: The network is combinational (run "fraig" or "fraig_sweep").
ABC: + dc2 
ABC: + dretime 
ABC: + retime -o -D 1000 
ABC: + strash 
ABC: + &get -n 
ABC: + &dch -f 
ABC: + &nf -D 1000 
ABC: + &put 
ABC: + write_blif <abc-temp-dir>/output.blif 
ABC: 
ABC: YOSYS_ABC_DONE 

10.10.2. Re-integrating ABC results.
ABC RESULTS:   AND2x2_ASAP7_75t_R cells:        1
ABC RESULTS:   AO222x2_ASAP7_75t_R cells:        1
ABC RESULTS:   AOI22xp33_ASAP7_75t_R cells:        2
ABC RESULTS:   INVx1_ASAP7_75t_R cells:       10
ABC RESULTS:   NAND4xp25_ASAP7_75t_R cells:        1
ABC RESULTS:   OAI21xp33_ASAP7_75t_R cells:       32
ABC RESULTS:   OAI221xp5_ASAP7_75t_R cells:        2
ABC RESULTS:   OAI222xp33_ASAP7_75t_R cells:        1
ABC RESULTS:   OAI31xp33_ASAP7_75t_R cells:       32
ABC RESULTS:   OR3x1_ASAP7_75t_R cells:        4
ABC RESULTS:   OR4x1_ASAP7_75t_R cells:        1
ABC RESULTS:   XNOR2xp5_ASAP7_75t_R cells:        3
ABC RESULTS:        internal signals:       82
ABC RESULTS:           input signals:       91
ABC RESULTS:          output signals:       33
Removing temp directory.

10.11. Extracting gate netlist of module `\SRAMTemplate$SharedMemory.DataAccessesRRsp_DataAccess_21' to `<abc-temp-dir>/input.blif'..
ABC: using cached merged SCL: /tmp/yosys-liberty-scl-cache/yosys_merged_f4fcd93b.scl (1 files)

10.11.1. Executed ABC.
Extracted 115 gates and 206 wires to a netlist network with 91 inputs and 33 outputs.
Running ABC script: <abc-temp-dir>/abc.script
ABC: UC Berkeley, ABC 1.01 (compiled Jun  3 2026 15:06:41)
ABC: abc 01> empty
ABC: abc 01> source <abc-temp-dir>/abc.script
ABC: + read_blif <abc-temp-dir>/input.blif 
ABC: + read_scl /tmp/yosys-liberty-scl-cache/yosys_merged_f4fcd93b.scl 
ABC: Warning: Detected 2 multi-output cells (for example, "FAx1_ASAP7_75t_R").
ABC: + strash 
ABC: + &get -n 
ABC: + &fraig -x 
ABC: + &put 
ABC: + scorr 
ABC: Warning: The network is combinational (run "fraig" or "fraig_sweep").
ABC: + dc2 
ABC: + dretime 
ABC: + retime -o -D 1000 
ABC: + strash 
ABC: + &get -n 
ABC: + &dch -f 
ABC: + &nf -D 1000 
ABC: + &put 
ABC: + write_blif <abc-temp-dir>/output.blif 
ABC: 
ABC: YOSYS_ABC_DONE 

10.11.2. Re-integrating ABC results.
ABC RESULTS:   AND2x2_ASAP7_75t_R cells:        1
ABC RESULTS:   AO222x2_ASAP7_75t_R cells:        1
ABC RESULTS:   AOI22xp33_ASAP7_75t_R cells:        2
ABC RESULTS:   INVx1_ASAP7_75t_R cells:       10
ABC RESULTS:   NAND4xp25_ASAP7_75t_R cells:        1
ABC RESULTS:   OAI21xp33_ASAP7_75t_R cells:       32
ABC RESULTS:   OAI221xp5_ASAP7_75t_R cells:        2
ABC RESULTS:   OAI222xp33_ASAP7_75t_R cells:        1
ABC RESULTS:   OAI31xp33_ASAP7_75t_R cells:       32
ABC RESULTS:   OR3x1_ASAP7_75t_R cells:        4
ABC RESULTS:   OR4x1_ASAP7_75t_R cells:        1
ABC RESULTS:   XNOR2xp5_ASAP7_75t_R cells:        3
ABC RESULTS:        internal signals:       82
ABC RESULTS:           input signals:       91
ABC RESULTS:          output signals:       33
Removing temp directory.

10.12. Extracting gate netlist of module `\SRAMTemplate$SharedMemory.DataAccessesRRsp_DataAccess_20' to `<abc-temp-dir>/input.blif'..
ABC: using cached merged SCL: /tmp/yosys-liberty-scl-cache/yosys_merged_f4fcd93b.scl (1 files)

10.12.1. Executed ABC.
Extracted 115 gates and 206 wires to a netlist network with 91 inputs and 33 outputs.
Running ABC script: <abc-temp-dir>/abc.script
ABC: UC Berkeley, ABC 1.01 (compiled Jun  3 2026 15:06:41)
ABC: abc 01> empty
ABC: abc 01> source <abc-temp-dir>/abc.script
ABC: + read_blif <abc-temp-dir>/input.blif 
ABC: + read_scl /tmp/yosys-liberty-scl-cache/yosys_merged_f4fcd93b.scl 
ABC: Warning: Detected 2 multi-output cells (for example, "FAx1_ASAP7_75t_R").
ABC: + strash 
ABC: + &get -n 
ABC: + &fraig -x 
ABC: + &put 
ABC: + scorr 
ABC: Warning: The network is combinational (run "fraig" or "fraig_sweep").
ABC: + dc2 
ABC: + dretime 
ABC: + retime -o -D 1000 
ABC: + strash 
ABC: + &get -n 
ABC: + &dch -f 
ABC: + &nf -D 1000 
ABC: + &put 
ABC: + write_blif <abc-temp-dir>/output.blif 
ABC: 
ABC: YOSYS_ABC_DONE 

10.12.2. Re-integrating ABC results.
ABC RESULTS:   AND2x2_ASAP7_75t_R cells:        1
ABC RESULTS:   AO222x2_ASAP7_75t_R cells:        1
ABC RESULTS:   AOI22xp33_ASAP7_75t_R cells:        2
ABC RESULTS:   INVx1_ASAP7_75t_R cells:       10
ABC RESULTS:   NAND4xp25_ASAP7_75t_R cells:        1
ABC RESULTS:   OAI21xp33_ASAP7_75t_R cells:       32
ABC RESULTS:   OAI221xp5_ASAP7_75t_R cells:        2
ABC RESULTS:   OAI222xp33_ASAP7_75t_R cells:        1
ABC RESULTS:   OAI31xp33_ASAP7_75t_R cells:       32
ABC RESULTS:   OR3x1_ASAP7_75t_R cells:        4
ABC RESULTS:   OR4x1_ASAP7_75t_R cells:        1
ABC RESULTS:   XNOR2xp5_ASAP7_75t_R cells:        3
ABC RESULTS:        internal signals:       82
ABC RESULTS:           input signals:       91
ABC RESULTS:          output signals:       33
Removing temp directory.

10.13. Extracting gate netlist of module `\SRAMTemplate$SharedMemory.DataAccessesRRsp_DataAccess_19' to `<abc-temp-dir>/input.blif'..
ABC: using cached merged SCL: /tmp/yosys-liberty-scl-cache/yosys_merged_f4fcd93b.scl (1 files)

10.13.1. Executed ABC.
Extracted 115 gates and 206 wires to a netlist network with 91 inputs and 33 outputs.
Running ABC script: <abc-temp-dir>/abc.script
ABC: UC Berkeley, ABC 1.01 (compiled Jun  3 2026 15:06:41)
ABC: abc 01> empty
ABC: abc 01> source <abc-temp-dir>/abc.script
ABC: + read_blif <abc-temp-dir>/input.blif 
ABC: + read_scl /tmp/yosys-liberty-scl-cache/yosys_merged_f4fcd93b.scl 
ABC: Warning: Detected 2 multi-output cells (for example, "FAx1_ASAP7_75t_R").
ABC: + strash 
ABC: + &get -n 
ABC: + &fraig -x 
ABC: + &put 
ABC: + scorr 
ABC: Warning: The network is combinational (run "fraig" or "fraig_sweep").
ABC: + dc2 
ABC: + dretime 
ABC: + retime -o -D 1000 
ABC: + strash 
ABC: + &get -n 
ABC: + &dch -f 
ABC: + &nf -D 1000 
ABC: + &put 
ABC: + write_blif <abc-temp-dir>/output.blif 
ABC: 
ABC: YOSYS_ABC_DONE 

10.13.2. Re-integrating ABC results.
ABC RESULTS:   AND2x2_ASAP7_75t_R cells:        1
ABC RESULTS:   AO222x2_ASAP7_75t_R cells:        1
ABC RESULTS:   AOI22xp33_ASAP7_75t_R cells:        2
ABC RESULTS:   INVx1_ASAP7_75t_R cells:       10
ABC RESULTS:   NAND4xp25_ASAP7_75t_R cells:        1
ABC RESULTS:   OAI21xp33_ASAP7_75t_R cells:       32
ABC RESULTS:   OAI221xp5_ASAP7_75t_R cells:        2
ABC RESULTS:   OAI222xp33_ASAP7_75t_R cells:        1
ABC RESULTS:   OAI31xp33_ASAP7_75t_R cells:       32
ABC RESULTS:   OR3x1_ASAP7_75t_R cells:        4
ABC RESULTS:   OR4x1_ASAP7_75t_R cells:        1
ABC RESULTS:   XNOR2xp5_ASAP7_75t_R cells:        3
ABC RESULTS:        internal signals:       82
ABC RESULTS:           input signals:       91
ABC RESULTS:          output signals:       33
Removing temp directory.

10.14. Extracting gate netlist of module `\SRAMTemplate$SharedMemory.DataAccessesRRsp_DataAccess_18' to `<abc-temp-dir>/input.blif'..
ABC: using cached merged SCL: /tmp/yosys-liberty-scl-cache/yosys_merged_f4fcd93b.scl (1 files)

10.14.1. Executed ABC.
Extracted 115 gates and 206 wires to a netlist network with 91 inputs and 33 outputs.
Running ABC script: <abc-temp-dir>/abc.script
ABC: UC Berkeley, ABC 1.01 (compiled Jun  3 2026 15:06:41)
ABC: abc 01> empty
ABC: abc 01> source <abc-temp-dir>/abc.script
ABC: + read_blif <abc-temp-dir>/input.blif 
ABC: + read_scl /tmp/yosys-liberty-scl-cache/yosys_merged_f4fcd93b.scl 
ABC: Warning: Detected 2 multi-output cells (for example, "FAx1_ASAP7_75t_R").
ABC: + strash 
ABC: + &get -n 
ABC: + &fraig -x 
ABC: + &put 
ABC: + scorr 
ABC: Warning: The network is combinational (run "fraig" or "fraig_sweep").
ABC: + dc2 
ABC: + dretime 
ABC: + retime -o -D 1000 
ABC: + strash 
ABC: + &get -n 
ABC: + &dch -f 
ABC: + &nf -D 1000 
ABC: + &put 
ABC: + write_blif <abc-temp-dir>/output.blif 
ABC: 
ABC: YOSYS_ABC_DONE 

10.14.2. Re-integrating ABC results.
ABC RESULTS:   AND2x2_ASAP7_75t_R cells:        1
ABC RESULTS:   AO222x2_ASAP7_75t_R cells:        1
ABC RESULTS:   AOI22xp33_ASAP7_75t_R cells:        2
ABC RESULTS:   INVx1_ASAP7_75t_R cells:       10
ABC RESULTS:   NAND4xp25_ASAP7_75t_R cells:        1
ABC RESULTS:   OAI21xp33_ASAP7_75t_R cells:       32
ABC RESULTS:   OAI221xp5_ASAP7_75t_R cells:        2
ABC RESULTS:   OAI222xp33_ASAP7_75t_R cells:        1
ABC RESULTS:   OAI31xp33_ASAP7_75t_R cells:       32
ABC RESULTS:   OR3x1_ASAP7_75t_R cells:        4
ABC RESULTS:   OR4x1_ASAP7_75t_R cells:        1
ABC RESULTS:   XNOR2xp5_ASAP7_75t_R cells:        3
ABC RESULTS:        internal signals:       82
ABC RESULTS:           input signals:       91
ABC RESULTS:          output signals:       33
Removing temp directory.

10.15. Extracting gate netlist of module `\SRAMTemplate$SharedMemory.DataAccessesRRsp_DataAccess_17' to `<abc-temp-dir>/input.blif'..
ABC: using cached merged SCL: /tmp/yosys-liberty-scl-cache/yosys_merged_f4fcd93b.scl (1 files)

10.15.1. Executed ABC.
Extracted 115 gates and 206 wires to a netlist network with 91 inputs and 33 outputs.
Running ABC script: <abc-temp-dir>/abc.script
ABC: UC Berkeley, ABC 1.01 (compiled Jun  3 2026 15:06:41)
ABC: abc 01> empty
ABC: abc 01> source <abc-temp-dir>/abc.script
ABC: + read_blif <abc-temp-dir>/input.blif 
ABC: + read_scl /tmp/yosys-liberty-scl-cache/yosys_merged_f4fcd93b.scl 
ABC: Warning: Detected 2 multi-output cells (for example, "FAx1_ASAP7_75t_R").
ABC: + strash 
ABC: + &get -n 
ABC: + &fraig -x 
ABC: + &put 
ABC: + scorr 
ABC: Warning: The network is combinational (run "fraig" or "fraig_sweep").
ABC: + dc2 
ABC: + dretime 
ABC: + retime -o -D 1000 
ABC: + strash 
ABC: + &get -n 
ABC: + &dch -f 
ABC: + &nf -D 1000 
ABC: + &put 
ABC: + write_blif <abc-temp-dir>/output.blif 
ABC: 
ABC: YOSYS_ABC_DONE 

10.15.2. Re-integrating ABC results.
ABC RESULTS:   AND2x2_ASAP7_75t_R cells:        1
ABC RESULTS:   AO222x2_ASAP7_75t_R cells:        1
ABC RESULTS:   AOI22xp33_ASAP7_75t_R cells:        2
ABC RESULTS:   INVx1_ASAP7_75t_R cells:       10
ABC RESULTS:   NAND4xp25_ASAP7_75t_R cells:        1
ABC RESULTS:   OAI21xp33_ASAP7_75t_R cells:       32
ABC RESULTS:   OAI221xp5_ASAP7_75t_R cells:        2
ABC RESULTS:   OAI222xp33_ASAP7_75t_R cells:        1
ABC RESULTS:   OAI31xp33_ASAP7_75t_R cells:       32
ABC RESULTS:   OR3x1_ASAP7_75t_R cells:        4
ABC RESULTS:   OR4x1_ASAP7_75t_R cells:        1
ABC RESULTS:   XNOR2xp5_ASAP7_75t_R cells:        3
ABC RESULTS:        internal signals:       82
ABC RESULTS:           input signals:       91
ABC RESULTS:          output signals:       33
Removing temp directory.

10.16. Extracting gate netlist of module `\SRAMTemplate$SharedMemory.DataAccessesRRsp_DataAccess_16' to `<abc-temp-dir>/input.blif'..
ABC: using cached merged SCL: /tmp/yosys-liberty-scl-cache/yosys_merged_f4fcd93b.scl (1 files)

10.16.1. Executed ABC.
Extracted 115 gates and 206 wires to a netlist network with 91 inputs and 33 outputs.
Running ABC script: <abc-temp-dir>/abc.script
ABC: UC Berkeley, ABC 1.01 (compiled Jun  3 2026 15:06:41)
ABC: abc 01> empty
ABC: abc 01> source <abc-temp-dir>/abc.script
ABC: + read_blif <abc-temp-dir>/input.blif 
ABC: + read_scl /tmp/yosys-liberty-scl-cache/yosys_merged_f4fcd93b.scl 
ABC: Warning: Detected 2 multi-output cells (for example, "FAx1_ASAP7_75t_R").
ABC: + strash 
ABC: + &get -n 
ABC: + &fraig -x 
ABC: + &put 
ABC: + scorr 
ABC: Warning: The network is combinational (run "fraig" or "fraig_sweep").
ABC: + dc2 
ABC: + dretime 
ABC: + retime -o -D 1000 
ABC: + strash 
ABC: + &get -n 
ABC: + &dch -f 
ABC: + &nf -D 1000 
ABC: + &put 
ABC: + write_blif <abc-temp-dir>/output.blif 
ABC: 
ABC: YOSYS_ABC_DONE 

10.16.2. Re-integrating ABC results.
ABC RESULTS:   AND2x2_ASAP7_75t_R cells:        1
ABC RESULTS:   AO222x2_ASAP7_75t_R cells:        1
ABC RESULTS:   AOI22xp33_ASAP7_75t_R cells:        2
ABC RESULTS:   INVx1_ASAP7_75t_R cells:       10
ABC RESULTS:   NAND4xp25_ASAP7_75t_R cells:        1
ABC RESULTS:   OAI21xp33_ASAP7_75t_R cells:       32
ABC RESULTS:   OAI221xp5_ASAP7_75t_R cells:        2
ABC RESULTS:   OAI222xp33_ASAP7_75t_R cells:        1
ABC RESULTS:   OAI31xp33_ASAP7_75t_R cells:       32
ABC RESULTS:   OR3x1_ASAP7_75t_R cells:        4
ABC RESULTS:   OR4x1_ASAP7_75t_R cells:        1
ABC RESULTS:   XNOR2xp5_ASAP7_75t_R cells:        3
ABC RESULTS:        internal signals:       82
ABC RESULTS:           input signals:       91
ABC RESULTS:          output signals:       33
Removing temp directory.

10.17. Extracting gate netlist of module `\SRAMTemplate$SharedMemory.DataAccessesRRsp_DataAccess_15' to `<abc-temp-dir>/input.blif'..
ABC: using cached merged SCL: /tmp/yosys-liberty-scl-cache/yosys_merged_f4fcd93b.scl (1 files)

10.17.1. Executed ABC.
Extracted 115 gates and 206 wires to a netlist network with 91 inputs and 33 outputs.
Running ABC script: <abc-temp-dir>/abc.script
ABC: UC Berkeley, ABC 1.01 (compiled Jun  3 2026 15:06:41)
ABC: abc 01> empty
ABC: abc 01> source <abc-temp-dir>/abc.script
ABC: + read_blif <abc-temp-dir>/input.blif 
ABC: + read_scl /tmp/yosys-liberty-scl-cache/yosys_merged_f4fcd93b.scl 
ABC: Warning: Detected 2 multi-output cells (for example, "FAx1_ASAP7_75t_R").
ABC: + strash 
ABC: + &get -n 
ABC: + &fraig -x 
ABC: + &put 
ABC: + scorr 
ABC: Warning: The network is combinational (run "fraig" or "fraig_sweep").
ABC: + dc2 
ABC: + dretime 
ABC: + retime -o -D 1000 
ABC: + strash 
ABC: + &get -n 
ABC: + &dch -f 
ABC: + &nf -D 1000 
ABC: + &put 
ABC: + write_blif <abc-temp-dir>/output.blif 
ABC: 
ABC: YOSYS_ABC_DONE 

10.17.2. Re-integrating ABC results.
ABC RESULTS:   AND2x2_ASAP7_75t_R cells:        1
ABC RESULTS:   AO222x2_ASAP7_75t_R cells:        1
ABC RESULTS:   AOI22xp33_ASAP7_75t_R cells:        2
ABC RESULTS:   INVx1_ASAP7_75t_R cells:       10
ABC RESULTS:   NAND4xp25_ASAP7_75t_R cells:        1
ABC RESULTS:   OAI21xp33_ASAP7_75t_R cells:       32
ABC RESULTS:   OAI221xp5_ASAP7_75t_R cells:        2
ABC RESULTS:   OAI222xp33_ASAP7_75t_R cells:        1
ABC RESULTS:   OAI31xp33_ASAP7_75t_R cells:       32
ABC RESULTS:   OR3x1_ASAP7_75t_R cells:        4
ABC RESULTS:   OR4x1_ASAP7_75t_R cells:        1
ABC RESULTS:   XNOR2xp5_ASAP7_75t_R cells:        3
ABC RESULTS:        internal signals:       82
ABC RESULTS:           input signals:       91
ABC RESULTS:          output signals:       33
Removing temp directory.

10.18. Extracting gate netlist of module `\SRAMTemplate$SharedMemory.DataAccessesRRsp_DataAccess_14' to `<abc-temp-dir>/input.blif'..
ABC: using cached merged SCL: /tmp/yosys-liberty-scl-cache/yosys_merged_f4fcd93b.scl (1 files)

10.18.1. Executed ABC.
Extracted 115 gates and 206 wires to a netlist network with 91 inputs and 33 outputs.
Running ABC script: <abc-temp-dir>/abc.script
ABC: UC Berkeley, ABC 1.01 (compiled Jun  3 2026 15:06:41)
ABC: abc 01> empty
ABC: abc 01> source <abc-temp-dir>/abc.script
ABC: + read_blif <abc-temp-dir>/input.blif 
ABC: + read_scl /tmp/yosys-liberty-scl-cache/yosys_merged_f4fcd93b.scl 
ABC: Warning: Detected 2 multi-output cells (for example, "FAx1_ASAP7_75t_R").
ABC: + strash 
ABC: + &get -n 
ABC: + &fraig -x 
ABC: + &put 
ABC: + scorr 
ABC: Warning: The network is combinational (run "fraig" or "fraig_sweep").
ABC: + dc2 
ABC: + dretime 
ABC: + retime -o -D 1000 
ABC: + strash 
ABC: + &get -n 
ABC: + &dch -f 
ABC: + &nf -D 1000 
ABC: + &put 
ABC: + write_blif <abc-temp-dir>/output.blif 
ABC: 
ABC: YOSYS_ABC_DONE 

10.18.2. Re-integrating ABC results.
ABC RESULTS:   AND2x2_ASAP7_75t_R cells:        1
ABC RESULTS:   AO222x2_ASAP7_75t_R cells:        1
ABC RESULTS:   AOI22xp33_ASAP7_75t_R cells:        2
ABC RESULTS:   INVx1_ASAP7_75t_R cells:       10
ABC RESULTS:   NAND4xp25_ASAP7_75t_R cells:        1
ABC RESULTS:   OAI21xp33_ASAP7_75t_R cells:       32
ABC RESULTS:   OAI221xp5_ASAP7_75t_R cells:        2
ABC RESULTS:   OAI222xp33_ASAP7_75t_R cells:        1
ABC RESULTS:   OAI31xp33_ASAP7_75t_R cells:       32
ABC RESULTS:   OR3x1_ASAP7_75t_R cells:        4
ABC RESULTS:   OR4x1_ASAP7_75t_R cells:        1
ABC RESULTS:   XNOR2xp5_ASAP7_75t_R cells:        3
ABC RESULTS:        internal signals:       82
ABC RESULTS:           input signals:       91
ABC RESULTS:          output signals:       33
Removing temp directory.

10.19. Extracting gate netlist of module `\SRAMTemplate$SharedMemory.DataAccessesRRsp_DataAccess_13' to `<abc-temp-dir>/input.blif'..
ABC: using cached merged SCL: /tmp/yosys-liberty-scl-cache/yosys_merged_f4fcd93b.scl (1 files)

10.19.1. Executed ABC.
Extracted 115 gates and 206 wires to a netlist network with 91 inputs and 33 outputs.
Running ABC script: <abc-temp-dir>/abc.script
ABC: UC Berkeley, ABC 1.01 (compiled Jun  3 2026 15:06:41)
ABC: abc 01> empty
ABC: abc 01> source <abc-temp-dir>/abc.script
ABC: + read_blif <abc-temp-dir>/input.blif 
ABC: + read_scl /tmp/yosys-liberty-scl-cache/yosys_merged_f4fcd93b.scl 
ABC: Warning: Detected 2 multi-output cells (for example, "FAx1_ASAP7_75t_R").
ABC: + strash 
ABC: + &get -n 
ABC: + &fraig -x 
ABC: + &put 
ABC: + scorr 
ABC: Warning: The network is combinational (run "fraig" or "fraig_sweep").
ABC: + dc2 
ABC: + dretime 
ABC: + retime -o -D 1000 
ABC: + strash 
ABC: + &get -n 
ABC: + &dch -f 
ABC: + &nf -D 1000 
ABC: + &put 
ABC: + write_blif <abc-temp-dir>/output.blif 
ABC: 
ABC: YOSYS_ABC_DONE 

10.19.2. Re-integrating ABC results.
ABC RESULTS:   AND2x2_ASAP7_75t_R cells:        1
ABC RESULTS:   AO222x2_ASAP7_75t_R cells:        1
ABC RESULTS:   AOI22xp33_ASAP7_75t_R cells:        2
ABC RESULTS:   INVx1_ASAP7_75t_R cells:       10
ABC RESULTS:   NAND4xp25_ASAP7_75t_R cells:        1
ABC RESULTS:   OAI21xp33_ASAP7_75t_R cells:       32
ABC RESULTS:   OAI221xp5_ASAP7_75t_R cells:        2
ABC RESULTS:   OAI222xp33_ASAP7_75t_R cells:        1
ABC RESULTS:   OAI31xp33_ASAP7_75t_R cells:       32
ABC RESULTS:   OR3x1_ASAP7_75t_R cells:        4
ABC RESULTS:   OR4x1_ASAP7_75t_R cells:        1
ABC RESULTS:   XNOR2xp5_ASAP7_75t_R cells:        3
ABC RESULTS:        internal signals:       82
ABC RESULTS:           input signals:       91
ABC RESULTS:          output signals:       33
Removing temp directory.

10.20. Extracting gate netlist of module `\SRAMTemplate$SharedMemory.DataAccessesRRsp_DataAccess_12' to `<abc-temp-dir>/input.blif'..
ABC: using cached merged SCL: /tmp/yosys-liberty-scl-cache/yosys_merged_f4fcd93b.scl (1 files)

10.20.1. Executed ABC.
Extracted 115 gates and 206 wires to a netlist network with 91 inputs and 33 outputs.
Running ABC script: <abc-temp-dir>/abc.script
ABC: UC Berkeley, ABC 1.01 (compiled Jun  3 2026 15:06:41)
ABC: abc 01> empty
ABC: abc 01> source <abc-temp-dir>/abc.script
ABC: + read_blif <abc-temp-dir>/input.blif 
ABC: + read_scl /tmp/yosys-liberty-scl-cache/yosys_merged_f4fcd93b.scl 
ABC: Warning: Detected 2 multi-output cells (for example, "FAx1_ASAP7_75t_R").
ABC: + strash 
ABC: + &get -n 
ABC: + &fraig -x 
ABC: + &put 
ABC: + scorr 
ABC: Warning: The network is combinational (run "fraig" or "fraig_sweep").
ABC: + dc2 
ABC: + dretime 
ABC: + retime -o -D 1000 
ABC: + strash 
ABC: + &get -n 
ABC: + &dch -f 
ABC: + &nf -D 1000 
ABC: + &put 
ABC: + write_blif <abc-temp-dir>/output.blif 
ABC: 
ABC: YOSYS_ABC_DONE 

10.20.2. Re-integrating ABC results.
ABC RESULTS:   AND2x2_ASAP7_75t_R cells:        1
ABC RESULTS:   AO222x2_ASAP7_75t_R cells:        1
ABC RESULTS:   AOI22xp33_ASAP7_75t_R cells:        2
ABC RESULTS:   INVx1_ASAP7_75t_R cells:       10
ABC RESULTS:   NAND4xp25_ASAP7_75t_R cells:        1
ABC RESULTS:   OAI21xp33_ASAP7_75t_R cells:       32
ABC RESULTS:   OAI221xp5_ASAP7_75t_R cells:        2
ABC RESULTS:   OAI222xp33_ASAP7_75t_R cells:        1
ABC RESULTS:   OAI31xp33_ASAP7_75t_R cells:       32
ABC RESULTS:   OR3x1_ASAP7_75t_R cells:        4
ABC RESULTS:   OR4x1_ASAP7_75t_R cells:        1
ABC RESULTS:   XNOR2xp5_ASAP7_75t_R cells:        3
ABC RESULTS:        internal signals:       82
ABC RESULTS:           input signals:       91
ABC RESULTS:          output signals:       33
Removing temp directory.

10.21. Extracting gate netlist of module `\SRAMTemplate$SharedMemory.DataAccessesRRsp_DataAccess_11' to `<abc-temp-dir>/input.blif'..
ABC: using cached merged SCL: /tmp/yosys-liberty-scl-cache/yosys_merged_f4fcd93b.scl (1 files)

10.21.1. Executed ABC.
Extracted 115 gates and 206 wires to a netlist network with 91 inputs and 33 outputs.
Running ABC script: <abc-temp-dir>/abc.script
ABC: UC Berkeley, ABC 1.01 (compiled Jun  3 2026 15:06:41)
ABC: abc 01> empty
ABC: abc 01> source <abc-temp-dir>/abc.script
ABC: + read_blif <abc-temp-dir>/input.blif 
ABC: + read_scl /tmp/yosys-liberty-scl-cache/yosys_merged_f4fcd93b.scl 
ABC: Warning: Detected 2 multi-output cells (for example, "FAx1_ASAP7_75t_R").
ABC: + strash 
ABC: + &get -n 
ABC: + &fraig -x 
ABC: + &put 
ABC: + scorr 
ABC: Warning: The network is combinational (run "fraig" or "fraig_sweep").
ABC: + dc2 
ABC: + dretime 
ABC: + retime -o -D 1000 
ABC: + strash 
ABC: + &get -n 
ABC: + &dch -f 
ABC: + &nf -D 1000 
ABC: + &put 
ABC: + write_blif <abc-temp-dir>/output.blif 
ABC: 
ABC: YOSYS_ABC_DONE 

10.21.2. Re-integrating ABC results.
ABC RESULTS:   AND2x2_ASAP7_75t_R cells:        1
ABC RESULTS:   AO222x2_ASAP7_75t_R cells:        1
ABC RESULTS:   AOI22xp33_ASAP7_75t_R cells:        2
ABC RESULTS:   INVx1_ASAP7_75t_R cells:       10
ABC RESULTS:   NAND4xp25_ASAP7_75t_R cells:        1
ABC RESULTS:   OAI21xp33_ASAP7_75t_R cells:       32
ABC RESULTS:   OAI221xp5_ASAP7_75t_R cells:        2
ABC RESULTS:   OAI222xp33_ASAP7_75t_R cells:        1
ABC RESULTS:   OAI31xp33_ASAP7_75t_R cells:       32
ABC RESULTS:   OR3x1_ASAP7_75t_R cells:        4
ABC RESULTS:   OR4x1_ASAP7_75t_R cells:        1
ABC RESULTS:   XNOR2xp5_ASAP7_75t_R cells:        3
ABC RESULTS:        internal signals:       82
ABC RESULTS:           input signals:       91
ABC RESULTS:          output signals:       33
Removing temp directory.

10.22. Extracting gate netlist of module `\SRAMTemplate$SharedMemory.DataAccessesRRsp_DataAccess_10' to `<abc-temp-dir>/input.blif'..
ABC: using cached merged SCL: /tmp/yosys-liberty-scl-cache/yosys_merged_f4fcd93b.scl (1 files)

10.22.1. Executed ABC.
Extracted 115 gates and 206 wires to a netlist network with 91 inputs and 33 outputs.
Running ABC script: <abc-temp-dir>/abc.script
ABC: UC Berkeley, ABC 1.01 (compiled Jun  3 2026 15:06:41)
ABC: abc 01> empty
ABC: abc 01> source <abc-temp-dir>/abc.script
ABC: + read_blif <abc-temp-dir>/input.blif 
ABC: + read_scl /tmp/yosys-liberty-scl-cache/yosys_merged_f4fcd93b.scl 
ABC: Warning: Detected 2 multi-output cells (for example, "FAx1_ASAP7_75t_R").
ABC: + strash 
ABC: + &get -n 
ABC: + &fraig -x 
ABC: + &put 
ABC: + scorr 
ABC: Warning: The network is combinational (run "fraig" or "fraig_sweep").
ABC: + dc2 
ABC: + dretime 
ABC: + retime -o -D 1000 
ABC: + strash 
ABC: + &get -n 
ABC: + &dch -f 
ABC: + &nf -D 1000 
ABC: + &put 
ABC: + write_blif <abc-temp-dir>/output.blif 
ABC: 
ABC: YOSYS_ABC_DONE 

10.22.2. Re-integrating ABC results.
ABC RESULTS:   AND2x2_ASAP7_75t_R cells:        1
ABC RESULTS:   AO222x2_ASAP7_75t_R cells:        1
ABC RESULTS:   AOI22xp33_ASAP7_75t_R cells:        2
ABC RESULTS:   INVx1_ASAP7_75t_R cells:       10
ABC RESULTS:   NAND4xp25_ASAP7_75t_R cells:        1
ABC RESULTS:   OAI21xp33_ASAP7_75t_R cells:       32
ABC RESULTS:   OAI221xp5_ASAP7_75t_R cells:        2
ABC RESULTS:   OAI222xp33_ASAP7_75t_R cells:        1
ABC RESULTS:   OAI31xp33_ASAP7_75t_R cells:       32
ABC RESULTS:   OR3x1_ASAP7_75t_R cells:        4
ABC RESULTS:   OR4x1_ASAP7_75t_R cells:        1
ABC RESULTS:   XNOR2xp5_ASAP7_75t_R cells:        3
ABC RESULTS:        internal signals:       82
ABC RESULTS:           input signals:       91
ABC RESULTS:          output signals:       33
Removing temp directory.

10.23. Extracting gate netlist of module `\SRAMTemplate$SharedMemory.DataAccessesRRsp_DataAccess_9' to `<abc-temp-dir>/input.blif'..
ABC: using cached merged SCL: /tmp/yosys-liberty-scl-cache/yosys_merged_f4fcd93b.scl (1 files)

10.23.1. Executed ABC.
Extracted 115 gates and 206 wires to a netlist network with 91 inputs and 33 outputs.
Running ABC script: <abc-temp-dir>/abc.script
ABC: UC Berkeley, ABC 1.01 (compiled Jun  3 2026 15:06:41)
ABC: abc 01> empty
ABC: abc 01> source <abc-temp-dir>/abc.script
ABC: + read_blif <abc-temp-dir>/input.blif 
ABC: + read_scl /tmp/yosys-liberty-scl-cache/yosys_merged_f4fcd93b.scl 
ABC: Warning: Detected 2 multi-output cells (for example, "FAx1_ASAP7_75t_R").
ABC: + strash 
ABC: + &get -n 
ABC: + &fraig -x 
ABC: + &put 
ABC: + scorr 
ABC: Warning: The network is combinational (run "fraig" or "fraig_sweep").
ABC: + dc2 
ABC: + dretime 
ABC: + retime -o -D 1000 
ABC: + strash 
ABC: + &get -n 
ABC: + &dch -f 
ABC: + &nf -D 1000 
ABC: + &put 
ABC: + write_blif <abc-temp-dir>/output.blif 
ABC: 
ABC: YOSYS_ABC_DONE 

10.23.2. Re-integrating ABC results.
ABC RESULTS:   AND2x2_ASAP7_75t_R cells:        1
ABC RESULTS:   AO222x2_ASAP7_75t_R cells:        1
ABC RESULTS:   AOI22xp33_ASAP7_75t_R cells:        2
ABC RESULTS:   INVx1_ASAP7_75t_R cells:       10
ABC RESULTS:   NAND4xp25_ASAP7_75t_R cells:        1
ABC RESULTS:   OAI21xp33_ASAP7_75t_R cells:       32
ABC RESULTS:   OAI221xp5_ASAP7_75t_R cells:        2
ABC RESULTS:   OAI222xp33_ASAP7_75t_R cells:        1
ABC RESULTS:   OAI31xp33_ASAP7_75t_R cells:       32
ABC RESULTS:   OR3x1_ASAP7_75t_R cells:        4
ABC RESULTS:   OR4x1_ASAP7_75t_R cells:        1
ABC RESULTS:   XNOR2xp5_ASAP7_75t_R cells:        3
ABC RESULTS:        internal signals:       82
ABC RESULTS:           input signals:       91
ABC RESULTS:          output signals:       33
Removing temp directory.

10.24. Extracting gate netlist of module `\SRAMTemplate$SharedMemory.DataAccessesRRsp_DataAccess_8' to `<abc-temp-dir>/input.blif'..
ABC: using cached merged SCL: /tmp/yosys-liberty-scl-cache/yosys_merged_f4fcd93b.scl (1 files)

10.24.1. Executed ABC.
Extracted 115 gates and 206 wires to a netlist network with 91 inputs and 33 outputs.
Running ABC script: <abc-temp-dir>/abc.script
ABC: UC Berkeley, ABC 1.01 (compiled Jun  3 2026 15:06:41)
ABC: abc 01> empty
ABC: abc 01> source <abc-temp-dir>/abc.script
ABC: + read_blif <abc-temp-dir>/input.blif 
ABC: + read_scl /tmp/yosys-liberty-scl-cache/yosys_merged_f4fcd93b.scl 
ABC: Warning: Detected 2 multi-output cells (for example, "FAx1_ASAP7_75t_R").
ABC: + strash 
ABC: + &get -n 
ABC: + &fraig -x 
ABC: + &put 
ABC: + scorr 
ABC: Warning: The network is combinational (run "fraig" or "fraig_sweep").
ABC: + dc2 
ABC: + dretime 
ABC: + retime -o -D 1000 
ABC: + strash 
ABC: + &get -n 
ABC: + &dch -f 
ABC: + &nf -D 1000 
ABC: + &put 
ABC: + write_blif <abc-temp-dir>/output.blif 
ABC: 
ABC: YOSYS_ABC_DONE 

10.24.2. Re-integrating ABC results.
ABC RESULTS:   AND2x2_ASAP7_75t_R cells:        1
ABC RESULTS:   AO222x2_ASAP7_75t_R cells:        1
ABC RESULTS:   AOI22xp33_ASAP7_75t_R cells:        2
ABC RESULTS:   INVx1_ASAP7_75t_R cells:       10
ABC RESULTS:   NAND4xp25_ASAP7_75t_R cells:        1
ABC RESULTS:   OAI21xp33_ASAP7_75t_R cells:       32
ABC RESULTS:   OAI221xp5_ASAP7_75t_R cells:        2
ABC RESULTS:   OAI222xp33_ASAP7_75t_R cells:        1
ABC RESULTS:   OAI31xp33_ASAP7_75t_R cells:       32
ABC RESULTS:   OR3x1_ASAP7_75t_R cells:        4
ABC RESULTS:   OR4x1_ASAP7_75t_R cells:        1
ABC RESULTS:   XNOR2xp5_ASAP7_75t_R cells:        3
ABC RESULTS:        internal signals:       82
ABC RESULTS:           input signals:       91
ABC RESULTS:          output signals:       33
Removing temp directory.

10.25. Extracting gate netlist of module `\SRAMTemplate$SharedMemory.DataAccessesRRsp_DataAccess_7' to `<abc-temp-dir>/input.blif'..
ABC: using cached merged SCL: /tmp/yosys-liberty-scl-cache/yosys_merged_f4fcd93b.scl (1 files)

10.25.1. Executed ABC.
Extracted 115 gates and 206 wires to a netlist network with 91 inputs and 33 outputs.
Running ABC script: <abc-temp-dir>/abc.script
ABC: UC Berkeley, ABC 1.01 (compiled Jun  3 2026 15:06:41)
ABC: abc 01> empty
ABC: abc 01> source <abc-temp-dir>/abc.script
ABC: + read_blif <abc-temp-dir>/input.blif 
ABC: + read_scl /tmp/yosys-liberty-scl-cache/yosys_merged_f4fcd93b.scl 
ABC: Warning: Detected 2 multi-output cells (for example, "FAx1_ASAP7_75t_R").
ABC: + strash 
ABC: + &get -n 
ABC: + &fraig -x 
ABC: + &put 
ABC: + scorr 
ABC: Warning: The network is combinational (run "fraig" or "fraig_sweep").
ABC: + dc2 
ABC: + dretime 
ABC: + retime -o -D 1000 
ABC: + strash 
ABC: + &get -n 
ABC: + &dch -f 
ABC: + &nf -D 1000 
ABC: + &put 
ABC: + write_blif <abc-temp-dir>/output.blif 
ABC: 
ABC: YOSYS_ABC_DONE 

10.25.2. Re-integrating ABC results.
ABC RESULTS:   AND2x2_ASAP7_75t_R cells:        1
ABC RESULTS:   AO222x2_ASAP7_75t_R cells:        1
ABC RESULTS:   AOI22xp33_ASAP7_75t_R cells:        2
ABC RESULTS:   INVx1_ASAP7_75t_R cells:       10
ABC RESULTS:   NAND4xp25_ASAP7_75t_R cells:        1
ABC RESULTS:   OAI21xp33_ASAP7_75t_R cells:       32
ABC RESULTS:   OAI221xp5_ASAP7_75t_R cells:        2
ABC RESULTS:   OAI222xp33_ASAP7_75t_R cells:        1
ABC RESULTS:   OAI31xp33_ASAP7_75t_R cells:       32
ABC RESULTS:   OR3x1_ASAP7_75t_R cells:        4
ABC RESULTS:   OR4x1_ASAP7_75t_R cells:        1
ABC RESULTS:   XNOR2xp5_ASAP7_75t_R cells:        3
ABC RESULTS:        internal signals:       82
ABC RESULTS:           input signals:       91
ABC RESULTS:          output signals:       33
Removing temp directory.

10.26. Extracting gate netlist of module `\SRAMTemplate$SharedMemory.DataAccessesRRsp_DataAccess_6' to `<abc-temp-dir>/input.blif'..
ABC: using cached merged SCL: /tmp/yosys-liberty-scl-cache/yosys_merged_f4fcd93b.scl (1 files)

10.26.1. Executed ABC.
Extracted 115 gates and 206 wires to a netlist network with 91 inputs and 33 outputs.
Running ABC script: <abc-temp-dir>/abc.script
ABC: UC Berkeley, ABC 1.01 (compiled Jun  3 2026 15:06:41)
ABC: abc 01> empty
ABC: abc 01> source <abc-temp-dir>/abc.script
ABC: + read_blif <abc-temp-dir>/input.blif 
ABC: + read_scl /tmp/yosys-liberty-scl-cache/yosys_merged_f4fcd93b.scl 
ABC: Warning: Detected 2 multi-output cells (for example, "FAx1_ASAP7_75t_R").
ABC: + strash 
ABC: + &get -n 
ABC: + &fraig -x 
ABC: + &put 
ABC: + scorr 
ABC: Warning: The network is combinational (run "fraig" or "fraig_sweep").
ABC: + dc2 
ABC: + dretime 
ABC: + retime -o -D 1000 
ABC: + strash 
ABC: + &get -n 
ABC: + &dch -f 
ABC: + &nf -D 1000 
ABC: + &put 
ABC: + write_blif <abc-temp-dir>/output.blif 
ABC: 
ABC: YOSYS_ABC_DONE 

10.26.2. Re-integrating ABC results.
ABC RESULTS:   AND2x2_ASAP7_75t_R cells:        1
ABC RESULTS:   AO222x2_ASAP7_75t_R cells:        1
ABC RESULTS:   AOI22xp33_ASAP7_75t_R cells:        2
ABC RESULTS:   INVx1_ASAP7_75t_R cells:       10
ABC RESULTS:   NAND4xp25_ASAP7_75t_R cells:        1
ABC RESULTS:   OAI21xp33_ASAP7_75t_R cells:       32
ABC RESULTS:   OAI221xp5_ASAP7_75t_R cells:        2
ABC RESULTS:   OAI222xp33_ASAP7_75t_R cells:        1
ABC RESULTS:   OAI31xp33_ASAP7_75t_R cells:       32
ABC RESULTS:   OR3x1_ASAP7_75t_R cells:        4
ABC RESULTS:   OR4x1_ASAP7_75t_R cells:        1
ABC RESULTS:   XNOR2xp5_ASAP7_75t_R cells:        3
ABC RESULTS:        internal signals:       82
ABC RESULTS:           input signals:       91
ABC RESULTS:          output signals:       33
Removing temp directory.

10.27. Extracting gate netlist of module `\SRAMTemplate$SharedMemory.DataAccessesRRsp_DataAccess_5' to `<abc-temp-dir>/input.blif'..
ABC: using cached merged SCL: /tmp/yosys-liberty-scl-cache/yosys_merged_f4fcd93b.scl (1 files)

10.27.1. Executed ABC.
Extracted 115 gates and 206 wires to a netlist network with 91 inputs and 33 outputs.
Running ABC script: <abc-temp-dir>/abc.script
ABC: UC Berkeley, ABC 1.01 (compiled Jun  3 2026 15:06:41)
ABC: abc 01> empty
ABC: abc 01> source <abc-temp-dir>/abc.script
ABC: + read_blif <abc-temp-dir>/input.blif 
ABC: + read_scl /tmp/yosys-liberty-scl-cache/yosys_merged_f4fcd93b.scl 
ABC: Warning: Detected 2 multi-output cells (for example, "FAx1_ASAP7_75t_R").
ABC: + strash 
ABC: + &get -n 
ABC: + &fraig -x 
ABC: + &put 
ABC: + scorr 
ABC: Warning: The network is combinational (run "fraig" or "fraig_sweep").
ABC: + dc2 
ABC: + dretime 
ABC: + retime -o -D 1000 
ABC: + strash 
ABC: + &get -n 
ABC: + &dch -f 
ABC: + &nf -D 1000 
ABC: + &put 
ABC: + write_blif <abc-temp-dir>/output.blif 
ABC: 
ABC: YOSYS_ABC_DONE 

10.27.2. Re-integrating ABC results.
ABC RESULTS:   AND2x2_ASAP7_75t_R cells:        1
ABC RESULTS:   AO222x2_ASAP7_75t_R cells:        1
ABC RESULTS:   AOI22xp33_ASAP7_75t_R cells:        2
ABC RESULTS:   INVx1_ASAP7_75t_R cells:       10
ABC RESULTS:   NAND4xp25_ASAP7_75t_R cells:        1
ABC RESULTS:   OAI21xp33_ASAP7_75t_R cells:       32
ABC RESULTS:   OAI221xp5_ASAP7_75t_R cells:        2
ABC RESULTS:   OAI222xp33_ASAP7_75t_R cells:        1
ABC RESULTS:   OAI31xp33_ASAP7_75t_R cells:       32
ABC RESULTS:   OR3x1_ASAP7_75t_R cells:        4
ABC RESULTS:   OR4x1_ASAP7_75t_R cells:        1
ABC RESULTS:   XNOR2xp5_ASAP7_75t_R cells:        3
ABC RESULTS:        internal signals:       82
ABC RESULTS:           input signals:       91
ABC RESULTS:          output signals:       33
Removing temp directory.

10.28. Extracting gate netlist of module `\SRAMTemplate$SharedMemory.DataAccessesRRsp_DataAccess_4' to `<abc-temp-dir>/input.blif'..
ABC: using cached merged SCL: /tmp/yosys-liberty-scl-cache/yosys_merged_f4fcd93b.scl (1 files)

10.28.1. Executed ABC.
Extracted 115 gates and 206 wires to a netlist network with 91 inputs and 33 outputs.
Running ABC script: <abc-temp-dir>/abc.script
ABC: UC Berkeley, ABC 1.01 (compiled Jun  3 2026 15:06:41)
ABC: abc 01> empty
ABC: abc 01> source <abc-temp-dir>/abc.script
ABC: + read_blif <abc-temp-dir>/input.blif 
ABC: + read_scl /tmp/yosys-liberty-scl-cache/yosys_merged_f4fcd93b.scl 
ABC: Warning: Detected 2 multi-output cells (for example, "FAx1_ASAP7_75t_R").
ABC: + strash 
ABC: + &get -n 
ABC: + &fraig -x 
ABC: + &put 
ABC: + scorr 
ABC: Warning: The network is combinational (run "fraig" or "fraig_sweep").
ABC: + dc2 
ABC: + dretime 
ABC: + retime -o -D 1000 
ABC: + strash 
ABC: + &get -n 
ABC: + &dch -f 
ABC: + &nf -D 1000 
ABC: + &put 
ABC: + write_blif <abc-temp-dir>/output.blif 
ABC: 
ABC: YOSYS_ABC_DONE 

10.28.2. Re-integrating ABC results.
ABC RESULTS:   AND2x2_ASAP7_75t_R cells:        1
ABC RESULTS:   AO222x2_ASAP7_75t_R cells:        1
ABC RESULTS:   AOI22xp33_ASAP7_75t_R cells:        2
ABC RESULTS:   INVx1_ASAP7_75t_R cells:       10
ABC RESULTS:   NAND4xp25_ASAP7_75t_R cells:        1
ABC RESULTS:   OAI21xp33_ASAP7_75t_R cells:       32
ABC RESULTS:   OAI221xp5_ASAP7_75t_R cells:        2
ABC RESULTS:   OAI222xp33_ASAP7_75t_R cells:        1
ABC RESULTS:   OAI31xp33_ASAP7_75t_R cells:       32
ABC RESULTS:   OR3x1_ASAP7_75t_R cells:        4
ABC RESULTS:   OR4x1_ASAP7_75t_R cells:        1
ABC RESULTS:   XNOR2xp5_ASAP7_75t_R cells:        3
ABC RESULTS:        internal signals:       82
ABC RESULTS:           input signals:       91
ABC RESULTS:          output signals:       33
Removing temp directory.

10.29. Extracting gate netlist of module `\SRAMTemplate$SharedMemory.DataAccessesRRsp_DataAccess_3' to `<abc-temp-dir>/input.blif'..
ABC: using cached merged SCL: /tmp/yosys-liberty-scl-cache/yosys_merged_f4fcd93b.scl (1 files)

10.29.1. Executed ABC.
Extracted 115 gates and 206 wires to a netlist network with 91 inputs and 33 outputs.
Running ABC script: <abc-temp-dir>/abc.script
ABC: UC Berkeley, ABC 1.01 (compiled Jun  3 2026 15:06:41)
ABC: abc 01> empty
ABC: abc 01> source <abc-temp-dir>/abc.script
ABC: + read_blif <abc-temp-dir>/input.blif 
ABC: + read_scl /tmp/yosys-liberty-scl-cache/yosys_merged_f4fcd93b.scl 
ABC: Warning: Detected 2 multi-output cells (for example, "FAx1_ASAP7_75t_R").
ABC: + strash 
ABC: + &get -n 
ABC: + &fraig -x 
ABC: + &put 
ABC: + scorr 
ABC: Warning: The network is combinational (run "fraig" or "fraig_sweep").
ABC: + dc2 
ABC: + dretime 
ABC: + retime -o -D 1000 
ABC: + strash 
ABC: + &get -n 
ABC: + &dch -f 
ABC: + &nf -D 1000 
ABC: + &put 
ABC: + write_blif <abc-temp-dir>/output.blif 
ABC: 
ABC: YOSYS_ABC_DONE 

10.29.2. Re-integrating ABC results.
ABC RESULTS:   AND2x2_ASAP7_75t_R cells:        1
ABC RESULTS:   AO222x2_ASAP7_75t_R cells:        1
ABC RESULTS:   AOI22xp33_ASAP7_75t_R cells:        2
ABC RESULTS:   INVx1_ASAP7_75t_R cells:       10
ABC RESULTS:   NAND4xp25_ASAP7_75t_R cells:        1
ABC RESULTS:   OAI21xp33_ASAP7_75t_R cells:       32
ABC RESULTS:   OAI221xp5_ASAP7_75t_R cells:        2
ABC RESULTS:   OAI222xp33_ASAP7_75t_R cells:        1
ABC RESULTS:   OAI31xp33_ASAP7_75t_R cells:       32
ABC RESULTS:   OR3x1_ASAP7_75t_R cells:        4
ABC RESULTS:   OR4x1_ASAP7_75t_R cells:        1
ABC RESULTS:   XNOR2xp5_ASAP7_75t_R cells:        3
ABC RESULTS:        internal signals:       82
ABC RESULTS:           input signals:       91
ABC RESULTS:          output signals:       33
Removing temp directory.

10.30. Extracting gate netlist of module `\SRAMTemplate$SharedMemory.DataAccessesRRsp_DataAccess_2' to `<abc-temp-dir>/input.blif'..
ABC: using cached merged SCL: /tmp/yosys-liberty-scl-cache/yosys_merged_f4fcd93b.scl (1 files)

10.30.1. Executed ABC.
Extracted 115 gates and 206 wires to a netlist network with 91 inputs and 33 outputs.
Running ABC script: <abc-temp-dir>/abc.script
ABC: UC Berkeley, ABC 1.01 (compiled Jun  3 2026 15:06:41)
ABC: abc 01> empty
ABC: abc 01> source <abc-temp-dir>/abc.script
ABC: + read_blif <abc-temp-dir>/input.blif 
ABC: + read_scl /tmp/yosys-liberty-scl-cache/yosys_merged_f4fcd93b.scl 
ABC: Warning: Detected 2 multi-output cells (for example, "FAx1_ASAP7_75t_R").
ABC: + strash 
ABC: + &get -n 
ABC: + &fraig -x 
ABC: + &put 
ABC: + scorr 
ABC: Warning: The network is combinational (run "fraig" or "fraig_sweep").
ABC: + dc2 
ABC: + dretime 
ABC: + retime -o -D 1000 
ABC: + strash 
ABC: + &get -n 
ABC: + &dch -f 
ABC: + &nf -D 1000 
ABC: + &put 
ABC: + write_blif <abc-temp-dir>/output.blif 
ABC: 
ABC: YOSYS_ABC_DONE 

10.30.2. Re-integrating ABC results.
ABC RESULTS:   AND2x2_ASAP7_75t_R cells:        1
ABC RESULTS:   AO222x2_ASAP7_75t_R cells:        1
ABC RESULTS:   AOI22xp33_ASAP7_75t_R cells:        2
ABC RESULTS:   INVx1_ASAP7_75t_R cells:       10
ABC RESULTS:   NAND4xp25_ASAP7_75t_R cells:        1
ABC RESULTS:   OAI21xp33_ASAP7_75t_R cells:       32
ABC RESULTS:   OAI221xp5_ASAP7_75t_R cells:        2
ABC RESULTS:   OAI222xp33_ASAP7_75t_R cells:        1
ABC RESULTS:   OAI31xp33_ASAP7_75t_R cells:       32
ABC RESULTS:   OR3x1_ASAP7_75t_R cells:        4
ABC RESULTS:   OR4x1_ASAP7_75t_R cells:        1
ABC RESULTS:   XNOR2xp5_ASAP7_75t_R cells:        3
ABC RESULTS:        internal signals:       82
ABC RESULTS:           input signals:       91
ABC RESULTS:          output signals:       33
Removing temp directory.

10.31. Extracting gate netlist of module `\SRAMTemplate$SharedMemory.DataAccessesRRsp_DataAccess_1' to `<abc-temp-dir>/input.blif'..
ABC: using cached merged SCL: /tmp/yosys-liberty-scl-cache/yosys_merged_f4fcd93b.scl (1 files)

10.31.1. Executed ABC.
Extracted 115 gates and 206 wires to a netlist network with 91 inputs and 33 outputs.
Running ABC script: <abc-temp-dir>/abc.script
ABC: UC Berkeley, ABC 1.01 (compiled Jun  3 2026 15:06:41)
ABC: abc 01> empty
ABC: abc 01> source <abc-temp-dir>/abc.script
ABC: + read_blif <abc-temp-dir>/input.blif 
ABC: + read_scl /tmp/yosys-liberty-scl-cache/yosys_merged_f4fcd93b.scl 
ABC: Warning: Detected 2 multi-output cells (for example, "FAx1_ASAP7_75t_R").
ABC: + strash 
ABC: + &get -n 
ABC: + &fraig -x 
ABC: + &put 
ABC: + scorr 
ABC: Warning: The network is combinational (run "fraig" or "fraig_sweep").
ABC: + dc2 
ABC: + dretime 
ABC: + retime -o -D 1000 
ABC: + strash 
ABC: + &get -n 
ABC: + &dch -f 
ABC: + &nf -D 1000 
ABC: + &put 
ABC: + write_blif <abc-temp-dir>/output.blif 
ABC: 
ABC: YOSYS_ABC_DONE 

10.31.2. Re-integrating ABC results.
ABC RESULTS:   AND2x2_ASAP7_75t_R cells:        1
ABC RESULTS:   AO222x2_ASAP7_75t_R cells:        1
ABC RESULTS:   AOI22xp33_ASAP7_75t_R cells:        2
ABC RESULTS:   INVx1_ASAP7_75t_R cells:       10
ABC RESULTS:   NAND4xp25_ASAP7_75t_R cells:        1
ABC RESULTS:   OAI21xp33_ASAP7_75t_R cells:       32
ABC RESULTS:   OAI221xp5_ASAP7_75t_R cells:        2
ABC RESULTS:   OAI222xp33_ASAP7_75t_R cells:        1
ABC RESULTS:   OAI31xp33_ASAP7_75t_R cells:       32
ABC RESULTS:   OR3x1_ASAP7_75t_R cells:        4
ABC RESULTS:   OR4x1_ASAP7_75t_R cells:        1
ABC RESULTS:   XNOR2xp5_ASAP7_75t_R cells:        3
ABC RESULTS:        internal signals:       82
ABC RESULTS:           input signals:       91
ABC RESULTS:          output signals:       33
Removing temp directory.

10.32. Extracting gate netlist of module `\SRAMTemplate$SharedMemory.DataAccessesRRsp_DataAccess' to `<abc-temp-dir>/input.blif'..
ABC: using cached merged SCL: /tmp/yosys-liberty-scl-cache/yosys_merged_f4fcd93b.scl (1 files)

10.32.1. Executed ABC.
Extracted 115 gates and 206 wires to a netlist network with 91 inputs and 33 outputs.
Running ABC script: <abc-temp-dir>/abc.script
ABC: UC Berkeley, ABC 1.01 (compiled Jun  3 2026 15:06:41)
ABC: abc 01> empty
ABC: abc 01> source <abc-temp-dir>/abc.script
ABC: + read_blif <abc-temp-dir>/input.blif 
ABC: + read_scl /tmp/yosys-liberty-scl-cache/yosys_merged_f4fcd93b.scl 
ABC: Warning: Detected 2 multi-output cells (for example, "FAx1_ASAP7_75t_R").
ABC: + strash 
ABC: + &get -n 
ABC: + &fraig -x 
ABC: + &put 
ABC: + scorr 
ABC: Warning: The network is combinational (run "fraig" or "fraig_sweep").
ABC: + dc2 
ABC: + dretime 
ABC: + retime -o -D 1000 
ABC: + strash 
ABC: + &get -n 
ABC: + &dch -f 
ABC: + &nf -D 1000 
ABC: + &put 
ABC: + write_blif <abc-temp-dir>/output.blif 
ABC: 
ABC: YOSYS_ABC_DONE 

10.32.2. Re-integrating ABC results.
ABC RESULTS:   AND2x2_ASAP7_75t_R cells:        1
ABC RESULTS:   AO222x2_ASAP7_75t_R cells:        1
ABC RESULTS:   AOI22xp33_ASAP7_75t_R cells:        2
ABC RESULTS:   INVx1_ASAP7_75t_R cells:       10
ABC RESULTS:   NAND4xp25_ASAP7_75t_R cells:        1
ABC RESULTS:   OAI21xp33_ASAP7_75t_R cells:       32
ABC RESULTS:   OAI221xp5_ASAP7_75t_R cells:        2
ABC RESULTS:   OAI222xp33_ASAP7_75t_R cells:        1
ABC RESULTS:   OAI31xp33_ASAP7_75t_R cells:       32
ABC RESULTS:   OR3x1_ASAP7_75t_R cells:        4
ABC RESULTS:   OR4x1_ASAP7_75t_R cells:        1
ABC RESULTS:   XNOR2xp5_ASAP7_75t_R cells:        3
ABC RESULTS:        internal signals:       82
ABC RESULTS:           input signals:       91
ABC RESULTS:          output signals:       33
Removing temp directory.

10.33. Extracting gate netlist of module `\Queue32_ShareMemCoreRsp$SharedMemory.coreRsp_Q' to `<abc-temp-dir>/input.blif'..
ABC: using cached merged SCL: /tmp/yosys-liberty-scl-cache/yosys_merged_f4fcd93b.scl (1 files)
Replacing 11 occurrences of constant undef bits with constant zero bits

10.33.1. Executed ABC.
Extracted 112 gates and 128 wires to a netlist network with 14 inputs and 29 outputs.
Running ABC script: <abc-temp-dir>/abc.script
ABC: UC Berkeley, ABC 1.01 (compiled Jun  3 2026 15:06:41)
ABC: abc 01> empty
ABC: abc 01> source <abc-temp-dir>/abc.script
ABC: + read_blif <abc-temp-dir>/input.blif 
ABC: + read_scl /tmp/yosys-liberty-scl-cache/yosys_merged_f4fcd93b.scl 
ABC: Warning: Detected 2 multi-output cells (for example, "FAx1_ASAP7_75t_R").
ABC: + strash 
ABC: + &get -n 
ABC: + &fraig -x 
ABC: + &put 
ABC: + scorr 
ABC: Warning: The network is combinational (run "fraig" or "fraig_sweep").
ABC: + dc2 
ABC: + dretime 
ABC: + retime -o -D 1000 
ABC: + strash 
ABC: + &get -n 
ABC: + &dch -f 
ABC: + &nf -D 1000 
ABC: + &put 
ABC: + write_blif <abc-temp-dir>/output.blif 
ABC: 
ABC: YOSYS_ABC_DONE 

10.33.2. Re-integrating ABC results.
ABC RESULTS:   AO21x1_ASAP7_75t_R cells:        1
ABC RESULTS:   AOI21xp33_ASAP7_75t_R cells:        4
ABC RESULTS:   AOI31xp33_ASAP7_75t_R cells:        1
ABC RESULTS:   INVx1_ASAP7_75t_R cells:       12
ABC RESULTS:   MAJIxp5_ASAP7_75t_R cells:        3
ABC RESULTS:   NAND3xp33_ASAP7_75t_R cells:        1
ABC RESULTS:   NOR2xp33_ASAP7_75t_R cells:        7
ABC RESULTS:   NOR3xp33_ASAP7_75t_R cells:        9
ABC RESULTS:   NOR4xp25_ASAP7_75t_R cells:        3
ABC RESULTS:   NOR5xp2_ASAP7_75t_R cells:        2
ABC RESULTS:   O2A1O1Ixp33_ASAP7_75t_R cells:        1
ABC RESULTS:   OA21x2_ASAP7_75t_R cells:        3
ABC RESULTS:   OAI211xp5_ASAP7_75t_R cells:        2
ABC RESULTS:   OAI21xp33_ASAP7_75t_R cells:        1
ABC RESULTS:   OAI31xp33_ASAP7_75t_R cells:        1
ABC RESULTS:   OR3x1_ASAP7_75t_R cells:        1
ABC RESULTS:   XNOR2xp5_ASAP7_75t_R cells:        6
ABC RESULTS:   XOR2xp5_ASAP7_75t_R cells:        3
ABC RESULTS:        internal signals:       85
ABC RESULTS:           input signals:       14
ABC RESULTS:          output signals:       29
Removing temp directory.

10.34. Extracting gate netlist of module `\DataCrossbar$SharedMemory.DataCorssBarForRead' to `<abc-temp-dir>/input.blif'..
ABC: using cached merged SCL: /tmp/yosys-liberty-scl-cache/yosys_merged_f4fcd93b.scl (1 files)

10.34.1. Executed ABC.
Extracted 64512 gates and 66561 wires to a netlist network with 2048 inputs and 1024 outputs.
Running ABC script: <abc-temp-dir>/abc.script
ABC: UC Berkeley, ABC 1.01 (compiled Jun  3 2026 15:06:41)
ABC: abc 01> empty
ABC: abc 01> source <abc-temp-dir>/abc.script
ABC: + read_blif <abc-temp-dir>/input.blif 
ABC: + read_scl /tmp/yosys-liberty-scl-cache/yosys_merged_f4fcd93b.scl 
ABC: Warning: Detected 2 multi-output cells (for example, "FAx1_ASAP7_75t_R").
ABC: + strash 
ABC: + &get -n 
ABC: + &fraig -x 
ABC: + &put 
ABC: + scorr 
ABC: Warning: The network is combinational (run "fraig" or "fraig_sweep").
ABC: + dc2 
ABC: + dretime 
ABC: + retime -o -D 1000 
ABC: + strash 
ABC: + &get -n 
ABC: + &dch -f 
ABC: + &nf -D 1000 
ABC: + &put 
ABC: + write_blif <abc-temp-dir>/output.blif 
ABC: 
ABC: YOSYS_ABC_DONE 

10.34.2. Re-integrating ABC results.
ABC RESULTS:   AND4x1_ASAP7_75t_R cells:     1006
ABC RESULTS:   AO22x1_ASAP7_75t_R cells:        2
ABC RESULTS:   AOI221xp5_ASAP7_75t_R cells:        2
ABC RESULTS:   AOI222xp33_ASAP7_75t_R cells:       84
ABC RESULTS:   AOI22xp33_ASAP7_75t_R cells:    16246
ABC RESULTS:   NAND2xp33_ASAP7_75t_R cells:       16
ABC RESULTS:   NAND4xp25_ASAP7_75t_R cells:     2030
ABC RESULTS:   NAND5xp2_ASAP7_75t_R cells:     1042
ABC RESULTS:   OR3x1_ASAP7_75t_R cells:     1024
ABC RESULTS:        internal signals:    63489
ABC RESULTS:           input signals:     2048
ABC RESULTS:          output signals:     1024
Removing temp directory.

10.35. Extracting gate netlist of module `\DataCrossbar$SharedMemory.DataCorssBarForWrite' to `<abc-temp-dir>/input.blif'..
ABC: using cached merged SCL: /tmp/yosys-liberty-scl-cache/yosys_merged_f4fcd93b.scl (1 files)

10.35.1. Executed ABC.
Extracted 64512 gates and 66561 wires to a netlist network with 2048 inputs and 1024 outputs.
Running ABC script: <abc-temp-dir>/abc.script
ABC: UC Berkeley, ABC 1.01 (compiled Jun  3 2026 15:06:41)
ABC: abc 01> empty
ABC: abc 01> source <abc-temp-dir>/abc.script
ABC: + read_blif <abc-temp-dir>/input.blif 
ABC: + read_scl /tmp/yosys-liberty-scl-cache/yosys_merged_f4fcd93b.scl 
ABC: Warning: Detected 2 multi-output cells (for example, "FAx1_ASAP7_75t_R").
ABC: + strash 
ABC: + &get -n 
ABC: + &fraig -x 
ABC: + &put 
ABC: + scorr 
ABC: Warning: The network is combinational (run "fraig" or "fraig_sweep").
ABC: + dc2 
ABC: + dretime 
ABC: + retime -o -D 1000 
ABC: + strash 
ABC: + &get -n 
ABC: + &dch -f 
ABC: + &nf -D 1000 
ABC: + &put 
ABC: + write_blif <abc-temp-dir>/output.blif 
ABC: 
ABC: YOSYS_ABC_DONE 

10.35.2. Re-integrating ABC results.
ABC RESULTS:   AND4x1_ASAP7_75t_R cells:     1006
ABC RESULTS:   AO22x1_ASAP7_75t_R cells:        2
ABC RESULTS:   AOI221xp5_ASAP7_75t_R cells:        2
ABC RESULTS:   AOI222xp33_ASAP7_75t_R cells:       84
ABC RESULTS:   AOI22xp33_ASAP7_75t_R cells:    16246
ABC RESULTS:   NAND2xp33_ASAP7_75t_R cells:       16
ABC RESULTS:   NAND4xp25_ASAP7_75t_R cells:     2030
ABC RESULTS:   NAND5xp2_ASAP7_75t_R cells:     1042
ABC RESULTS:   OR3x1_ASAP7_75t_R cells:     1024
ABC RESULTS:        internal signals:    63489
ABC RESULTS:           input signals:     2048
ABC RESULTS:          output signals:     1024
Removing temp directory.

10.36. Extracting gate netlist of module `\BankConflictArbiter$SharedMemory.BankConfArb' to `<abc-temp-dir>/input.blif'..
ABC: using cached merged SCL: /tmp/yosys-liberty-scl-cache/yosys_merged_f4fcd93b.scl (1 files)

10.36.1. Executed ABC.
Extracted 37510 gates and 38156 wires to a netlist network with 645 inputs and 2532 outputs.
Running ABC script: <abc-temp-dir>/abc.script
ABC: UC Berkeley, ABC 1.01 (compiled Jun  3 2026 15:06:41)
ABC: abc 01> empty
ABC: abc 01> source <abc-temp-dir>/abc.script
ABC: + read_blif <abc-temp-dir>/input.blif 
ABC: + read_scl /tmp/yosys-liberty-scl-cache/yosys_merged_f4fcd93b.scl 
ABC: Warning: Detected 2 multi-output cells (for example, "FAx1_ASAP7_75t_R").
ABC: + strash 
ABC: + &get -n 
ABC: + &fraig -x 
ABC: + &put 
ABC: + scorr 
ABC: Warning: The network is combinational (run "fraig" or "fraig_sweep").
ABC: + dc2 
ABC: + dretime 
ABC: + retime -o -D 1000 
ABC: + strash 
ABC: + &get -n 
ABC: + &dch -f 
ABC: + &nf -D 1000 
ABC: + &put 
ABC: + write_blif <abc-temp-dir>/output.blif 
ABC: 
ABC: YOSYS_ABC_DONE 

10.36.2. Re-integrating ABC results.
ABC RESULTS:   A2O1A1Ixp33_ASAP7_75t_R cells:        8
ABC RESULTS:   AND2x2_ASAP7_75t_R cells:      220
ABC RESULTS:   AND3x1_ASAP7_75t_R cells:      165
ABC RESULTS:   AND4x1_ASAP7_75t_R cells:      354
ABC RESULTS:   AND5x1_ASAP7_75t_R cells:       72
ABC RESULTS:   AO211x2_ASAP7_75t_R cells:        7
ABC RESULTS:   AO21x1_ASAP7_75t_R cells:       56
ABC RESULTS:   AO222x2_ASAP7_75t_R cells:       34
ABC RESULTS:   AO22x1_ASAP7_75t_R cells:       90
ABC RESULTS:   AO32x1_ASAP7_75t_R cells:       52
ABC RESULTS:   AOI211xp5_ASAP7_75t_R cells:      115
ABC RESULTS:   AOI21xp33_ASAP7_75t_R cells:      432
ABC RESULTS:   AOI221xp5_ASAP7_75t_R cells:      431
ABC RESULTS:   AOI222xp33_ASAP7_75t_R cells:      254
ABC RESULTS:   AOI22xp33_ASAP7_75t_R cells:      744
ABC RESULTS:   AOI311xp33_ASAP7_75t_R cells:        5
ABC RESULTS:   AOI31xp33_ASAP7_75t_R cells:        6
ABC RESULTS:   AOI321xp33_ASAP7_75t_R cells:        1
ABC RESULTS:   AOI32xp33_ASAP7_75t_R cells:       41
ABC RESULTS:   INVx1_ASAP7_75t_R cells:     1003
ABC RESULTS:   MAJIxp5_ASAP7_75t_R cells:       20
ABC RESULTS:   MAJx2_ASAP7_75t_R cells:        3
ABC RESULTS:   NAND2xp33_ASAP7_75t_R cells:     1107
ABC RESULTS:   NAND3xp33_ASAP7_75t_R cells:      491
ABC RESULTS:   NAND4xp25_ASAP7_75t_R cells:      325
ABC RESULTS:   NAND5xp2_ASAP7_75t_R cells:      445
ABC RESULTS:   NOR2xp33_ASAP7_75t_R cells:     1107
ABC RESULTS:   NOR3xp33_ASAP7_75t_R cells:      435
ABC RESULTS:   NOR4xp25_ASAP7_75t_R cells:      311
ABC RESULTS:   NOR5xp2_ASAP7_75t_R cells:      866
ABC RESULTS:   O2A1O1Ixp33_ASAP7_75t_R cells:        9
ABC RESULTS:   OA211x2_ASAP7_75t_R cells:       10
ABC RESULTS:   OA21x2_ASAP7_75t_R cells:      267
ABC RESULTS:   OA22x2_ASAP7_75t_R cells:        8
ABC RESULTS:   OAI211xp5_ASAP7_75t_R cells:      181
ABC RESULTS:   OAI21xp33_ASAP7_75t_R cells:      430
ABC RESULTS:   OAI221xp5_ASAP7_75t_R cells:      302
ABC RESULTS:   OAI222xp33_ASAP7_75t_R cells:       29
ABC RESULTS:   OAI22xp33_ASAP7_75t_R cells:      338
ABC RESULTS:   OAI311xp33_ASAP7_75t_R cells:        8
ABC RESULTS:   OAI31xp33_ASAP7_75t_R cells:        3
ABC RESULTS:   OAI321xp33_ASAP7_75t_R cells:        3
ABC RESULTS:   OAI32xp33_ASAP7_75t_R cells:       96
ABC RESULTS:   OR2x2_ASAP7_75t_R cells:      189
ABC RESULTS:   OR3x1_ASAP7_75t_R cells:      127
ABC RESULTS:   OR4x1_ASAP7_75t_R cells:      153
ABC RESULTS:   OR5x1_ASAP7_75t_R cells:       75
ABC RESULTS:   XNOR2xp5_ASAP7_75t_R cells:      832
ABC RESULTS:   XOR2xp5_ASAP7_75t_R cells:      452
ABC RESULTS:          _const0_ cells:        1
ABC RESULTS:        internal signals:    34979
ABC RESULTS:           input signals:      645
ABC RESULTS:          output signals:     2532
Removing temp directory.

10.37. Extracting gate netlist of module `\SharedMemory' to `<abc-temp-dir>/input.blif'..
ABC: using cached merged SCL: /tmp/yosys-liberty-scl-cache/yosys_merged_f4fcd93b.scl (1 files)

10.37.1. Executed ABC.
Extracted 7880 gates and 15356 wires to a netlist network with 7475 inputs and 7817 outputs.
Running ABC script: <abc-temp-dir>/abc.script
ABC: UC Berkeley, ABC 1.01 (compiled Jun  3 2026 15:06:41)
ABC: abc 01> empty
ABC: abc 01> source <abc-temp-dir>/abc.script
ABC: + read_blif <abc-temp-dir>/input.blif 
ABC: + read_scl /tmp/yosys-liberty-scl-cache/yosys_merged_f4fcd93b.scl 
ABC: Warning: Detected 2 multi-output cells (for example, "FAx1_ASAP7_75t_R").
ABC: + strash 
ABC: + &get -n 
ABC: + &fraig -x 
ABC: + &put 
ABC: + scorr 
ABC: Warning: The network is combinational (run "fraig" or "fraig_sweep").
ABC: + dc2 
ABC: + dretime 
ABC: + retime -o -D 1000 
ABC: + strash 
ABC: + &get -n 
ABC: + &dch -f 
ABC: + &nf -D 1000 
ABC: + &put 
ABC: + write_blif <abc-temp-dir>/output.blif 
ABC: 
ABC: YOSYS_ABC_DONE 

10.37.2. Re-integrating ABC results.
ABC RESULTS:   AND4x1_ASAP7_75t_R cells:        1
ABC RESULTS:   AOI211xp5_ASAP7_75t_R cells:        1
ABC RESULTS:   AOI21xp33_ASAP7_75t_R cells:     1057
ABC RESULTS:   INVx1_ASAP7_75t_R cells:     5367
ABC RESULTS:   NAND2xp33_ASAP7_75t_R cells:     1042
ABC RESULTS:   NOR2xp33_ASAP7_75t_R cells:     1089
ABC RESULTS:   NOR3xp33_ASAP7_75t_R cells:        1
ABC RESULTS:   O2A1O1Ixp33_ASAP7_75t_R cells:        2
ABC RESULTS:   OAI21xp33_ASAP7_75t_R cells:     1359
ABC RESULTS:        internal signals:       64
ABC RESULTS:           input signals:     7475
ABC RESULTS:          output signals:     7817
Removing temp directory.
Removing global temp directory.
Removed 0 unused cells and 38920 unused wires.
{
   "creator": "Yosys 0.64+308 (git sha1 78e05dfb0, Release, Clang /usr/bin/clang++ 18.1.8)",
   "invocation": "stat -json -liberty ${REMOTE_STORAGE_ROOT}/ventus-cost-components-v1-20261006/mapping.lib ",
   "modules": {
      "\\SRAMTemplate$SharedMemory.DataAccessesRRsp_DataAccess_31": {
         "num_wires":         130,
         "num_wire_bits":     238,
         "num_pub_wires":     15,
         "num_pub_wire_bits": 123,
         "num_ports":         14,
         "num_port_bits":     91,
         "num_memories":      0,
         "num_memory_bits":   0,
         "num_processes":     0,
         "num_cells":         148,
         "num_submodules":       0,
         "area":              23.911200,
         "sequential_area":    16.621200,
         "num_cells_by_type": {
            "AND2x2_ASAP7_75t_R": 1,
            "AO222x2_ASAP7_75t_R": 1,
            "AOI22xp33_ASAP7_75t_R": 2,
            "DFFHQNx1_ASAP7_75t_R": 57,
            "INVx1_ASAP7_75t_R": 10,
            "NAND4xp25_ASAP7_75t_R": 1,
            "OAI21xp33_ASAP7_75t_R": 32,
            "OAI221xp5_ASAP7_75t_R": 2,
            "OAI222xp33_ASAP7_75t_R": 1,
            "OAI31xp33_ASAP7_75t_R": 32,
            "OR3x1_ASAP7_75t_R": 4,
            "OR4x1_ASAP7_75t_R": 1,
            "XNOR2xp5_ASAP7_75t_R": 3,
            "array_1024x32": 1
         }
      },
      "\\SRAMTemplate$SharedMemory.DataAccessesRRsp_DataAccess_30": {
         "num_wires":         130,
         "num_wire_bits":     238,
         "num_pub_wires":     15,
         "num_pub_wire_bits": 123,
         "num_ports":         14,
         "num_port_bits":     91,
         "num_memories":      0,
         "num_memory_bits":   0,
         "num_processes":     0,
         "num_cells":         148,
         "num_submodules":       0,
         "area":              23.911200,
         "sequential_area":    16.621200,
         "num_cells_by_type": {
            "AND2x2_ASAP7_75t_R": 1,
            "AO222x2_ASAP7_75t_R": 1,
            "AOI22xp33_ASAP7_75t_R": 2,
            "DFFHQNx1_ASAP7_75t_R": 57,
            "INVx1_ASAP7_75t_R": 10,
            "NAND4xp25_ASAP7_75t_R": 1,
            "OAI21xp33_ASAP7_75t_R": 32,
            "OAI221xp5_ASAP7_75t_R": 2,
            "OAI222xp33_ASAP7_75t_R": 1,
            "OAI31xp33_ASAP7_75t_R": 32,
            "OR3x1_ASAP7_75t_R": 4,
            "OR4x1_ASAP7_75t_R": 1,
            "XNOR2xp5_ASAP7_75t_R": 3,
            "array_1024x32": 1
         }
      },
      "\\SRAMTemplate$SharedMemory.DataAccessesRRsp_DataAccess_29": {
         "num_wires":         130,
         "num_wire_bits":     238,
         "num_pub_wires":     15,
         "num_pub_wire_bits": 123,
         "num_ports":         14,
         "num_port_bits":     91,
         "num_memories":      0,
         "num_memory_bits":   0,
         "num_processes":     0,
         "num_cells":         148,
         "num_submodules":       0,
         "area":              23.911200,
         "sequential_area":    16.621200,
         "num_cells_by_type": {
            "AND2x2_ASAP7_75t_R": 1,
            "AO222x2_ASAP7_75t_R": 1,
            "AOI22xp33_ASAP7_75t_R": 2,
            "DFFHQNx1_ASAP7_75t_R": 57,
            "INVx1_ASAP7_75t_R": 10,
            "NAND4xp25_ASAP7_75t_R": 1,
            "OAI21xp33_ASAP7_75t_R": 32,
            "OAI221xp5_ASAP7_75t_R": 2,
            "OAI222xp33_ASAP7_75t_R": 1,
            "OAI31xp33_ASAP7_75t_R": 32,
            "OR3x1_ASAP7_75t_R": 4,
            "OR4x1_ASAP7_75t_R": 1,
            "XNOR2xp5_ASAP7_75t_R": 3,
            "array_1024x32": 1
         }
      },
      "\\SRAMTemplate$SharedMemory.DataAccessesRRsp_DataAccess_28": {
         "num_wires":         130,
         "num_wire_bits":     238,
         "num_pub_wires":     15,
         "num_pub_wire_bits": 123,
         "num_ports":         14,
         "num_port_bits":     91,
         "num_memories":      0,
         "num_memory_bits":   0,
         "num_processes":     0,
         "num_cells":         148,
         "num_submodules":       0,
         "area":              23.911200,
         "sequential_area":    16.621200,
         "num_cells_by_type": {
            "AND2x2_ASAP7_75t_R": 1,
            "AO222x2_ASAP7_75t_R": 1,
            "AOI22xp33_ASAP7_75t_R": 2,
            "DFFHQNx1_ASAP7_75t_R": 57,
            "INVx1_ASAP7_75t_R": 10,
            "NAND4xp25_ASAP7_75t_R": 1,
            "OAI21xp33_ASAP7_75t_R": 32,
            "OAI221xp5_ASAP7_75t_R": 2,
            "OAI222xp33_ASAP7_75t_R": 1,
            "OAI31xp33_ASAP7_75t_R": 32,
            "OR3x1_ASAP7_75t_R": 4,
            "OR4x1_ASAP7_75t_R": 1,
            "XNOR2xp5_ASAP7_75t_R": 3,
            "array_1024x32": 1
         }
      },
      "\\SRAMTemplate$SharedMemory.DataAccessesRRsp_DataAccess_27": {
         "num_wires":         130,
         "num_wire_bits":     238,
         "num_pub_wires":     15,
         "num_pub_wire_bits": 123,
         "num_ports":         14,
         "num_port_bits":     91,
         "num_memories":      0,
         "num_memory_bits":   0,
         "num_processes":     0,
         "num_cells":         148,
         "num_submodules":       0,
         "area":              23.911200,
         "sequential_area":    16.621200,
         "num_cells_by_type": {
            "AND2x2_ASAP7_75t_R": 1,
            "AO222x2_ASAP7_75t_R": 1,
            "AOI22xp33_ASAP7_75t_R": 2,
            "DFFHQNx1_ASAP7_75t_R": 57,
            "INVx1_ASAP7_75t_R": 10,
            "NAND4xp25_ASAP7_75t_R": 1,
            "OAI21xp33_ASAP7_75t_R": 32,
            "OAI221xp5_ASAP7_75t_R": 2,
            "OAI222xp33_ASAP7_75t_R": 1,
            "OAI31xp33_ASAP7_75t_R": 32,
            "OR3x1_ASAP7_75t_R": 4,
            "OR4x1_ASAP7_75t_R": 1,
            "XNOR2xp5_ASAP7_75t_R": 3,
            "array_1024x32": 1
         }
      },
      "\\SRAMTemplate$SharedMemory.DataAccessesRRsp_DataAccess_26": {
         "num_wires":         130,
         "num_wire_bits":     238,
         "num_pub_wires":     15,
         "num_pub_wire_bits": 123,
         "num_ports":         14,
         "num_port_bits":     91,
         "num_memories":      0,
         "num_memory_bits":   0,
         "num_processes":     0,
         "num_cells":         148,
         "num_submodules":       0,
         "area":              23.911200,
         "sequential_area":    16.621200,
         "num_cells_by_type": {
            "AND2x2_ASAP7_75t_R": 1,
            "AO222x2_ASAP7_75t_R": 1,
            "AOI22xp33_ASAP7_75t_R": 2,
            "DFFHQNx1_ASAP7_75t_R": 57,
            "INVx1_ASAP7_75t_R": 10,
            "NAND4xp25_ASAP7_75t_R": 1,
            "OAI21xp33_ASAP7_75t_R": 32,
            "OAI221xp5_ASAP7_75t_R": 2,
            "OAI222xp33_ASAP7_75t_R": 1,
            "OAI31xp33_ASAP7_75t_R": 32,
            "OR3x1_ASAP7_75t_R": 4,
            "OR4x1_ASAP7_75t_R": 1,
            "XNOR2xp5_ASAP7_75t_R": 3,
            "array_1024x32": 1
         }
      },
      "\\SRAMTemplate$SharedMemory.DataAccessesRRsp_DataAccess_25": {
         "num_wires":         130,
         "num_wire_bits":     238,
         "num_pub_wires":     15,
         "num_pub_wire_bits": 123,
         "num_ports":         14,
         "num_port_bits":     91,
         "num_memories":      0,
         "num_memory_bits":   0,
         "num_processes":     0,
         "num_cells":         148,
         "num_submodules":       0,
         "area":              23.911200,
         "sequential_area":    16.621200,
         "num_cells_by_type": {
            "AND2x2_ASAP7_75t_R": 1,
            "AO222x2_ASAP7_75t_R": 1,
            "AOI22xp33_ASAP7_75t_R": 2,
            "DFFHQNx1_ASAP7_75t_R": 57,
            "INVx1_ASAP7_75t_R": 10,
            "NAND4xp25_ASAP7_75t_R": 1,
            "OAI21xp33_ASAP7_75t_R": 32,
            "OAI221xp5_ASAP7_75t_R": 2,
            "OAI222xp33_ASAP7_75t_R": 1,
            "OAI31xp33_ASAP7_75t_R": 32,
            "OR3x1_ASAP7_75t_R": 4,
            "OR4x1_ASAP7_75t_R": 1,
            "XNOR2xp5_ASAP7_75t_R": 3,
            "array_1024x32": 1
         }
      },
      "\\SRAMTemplate$SharedMemory.DataAccessesRRsp_DataAccess_24": {
         "num_wires":         130,
         "num_wire_bits":     238,
         "num_pub_wires":     15,
         "num_pub_wire_bits": 123,
         "num_ports":         14,
         "num_port_bits":     91,
         "num_memories":      0,
         "num_memory_bits":   0,
         "num_processes":     0,
         "num_cells":         148,
         "num_submodules":       0,
         "area":              23.911200,
         "sequential_area":    16.621200,
         "num_cells_by_type": {
            "AND2x2_ASAP7_75t_R": 1,
            "AO222x2_ASAP7_75t_R": 1,
            "AOI22xp33_ASAP7_75t_R": 2,
            "DFFHQNx1_ASAP7_75t_R": 57,
            "INVx1_ASAP7_75t_R": 10,
            "NAND4xp25_ASAP7_75t_R": 1,
            "OAI21xp33_ASAP7_75t_R": 32,
            "OAI221xp5_ASAP7_75t_R": 2,
            "OAI222xp33_ASAP7_75t_R": 1,
            "OAI31xp33_ASAP7_75t_R": 32,
            "OR3x1_ASAP7_75t_R": 4,
            "OR4x1_ASAP7_75t_R": 1,
            "XNOR2xp5_ASAP7_75t_R": 3,
            "array_1024x32": 1
         }
      },
      "\\SRAMTemplate$SharedMemory.DataAccessesRRsp_DataAccess_23": {
         "num_wires":         130,
         "num_wire_bits":     238,
         "num_pub_wires":     15,
         "num_pub_wire_bits": 123,
         "num_ports":         14,
         "num_port_bits":     91,
         "num_memories":      0,
         "num_memory_bits":   0,
         "num_processes":     0,
         "num_cells":         148,
         "num_submodules":       0,
         "area":              23.911200,
         "sequential_area":    16.621200,
         "num_cells_by_type": {
            "AND2x2_ASAP7_75t_R": 1,
            "AO222x2_ASAP7_75t_R": 1,
            "AOI22xp33_ASAP7_75t_R": 2,
            "DFFHQNx1_ASAP7_75t_R": 57,
            "INVx1_ASAP7_75t_R": 10,
            "NAND4xp25_ASAP7_75t_R": 1,
            "OAI21xp33_ASAP7_75t_R": 32,
            "OAI221xp5_ASAP7_75t_R": 2,
            "OAI222xp33_ASAP7_75t_R": 1,
            "OAI31xp33_ASAP7_75t_R": 32,
            "OR3x1_ASAP7_75t_R": 4,
            "OR4x1_ASAP7_75t_R": 1,
            "XNOR2xp5_ASAP7_75t_R": 3,
            "array_1024x32": 1
         }
      },
      "\\SRAMTemplate$SharedMemory.DataAccessesRRsp_DataAccess_22": {
         "num_wires":         130,
         "num_wire_bits":     238,
         "num_pub_wires":     15,
         "num_pub_wire_bits": 123,
         "num_ports":         14,
         "num_port_bits":     91,
         "num_memories":      0,
         "num_memory_bits":   0,
         "num_processes":     0,
         "num_cells":         148,
         "num_submodules":       0,
         "area":              23.911200,
         "sequential_area":    16.621200,
         "num_cells_by_type": {
            "AND2x2_ASAP7_75t_R": 1,
            "AO222x2_ASAP7_75t_R": 1,
            "AOI22xp33_ASAP7_75t_R": 2,
            "DFFHQNx1_ASAP7_75t_R": 57,
            "INVx1_ASAP7_75t_R": 10,
            "NAND4xp25_ASAP7_75t_R": 1,
            "OAI21xp33_ASAP7_75t_R": 32,
            "OAI221xp5_ASAP7_75t_R": 2,
            "OAI222xp33_ASAP7_75t_R": 1,
            "OAI31xp33_ASAP7_75t_R": 32,
            "OR3x1_ASAP7_75t_R": 4,
            "OR4x1_ASAP7_75t_R": 1,
            "XNOR2xp5_ASAP7_75t_R": 3,
            "array_1024x32": 1
         }
      },
      "\\SRAMTemplate$SharedMemory.DataAccessesRRsp_DataAccess_21": {
         "num_wires":         130,
         "num_wire_bits":     238,
         "num_pub_wires":     15,
         "num_pub_wire_bits": 123,
         "num_ports":         14,
         "num_port_bits":     91,
         "num_memories":      0,
         "num_memory_bits":   0,
         "num_processes":     0,
         "num_cells":         148,
         "num_submodules":       0,
         "area":              23.911200,
         "sequential_area":    16.621200,
         "num_cells_by_type": {
            "AND2x2_ASAP7_75t_R": 1,
            "AO222x2_ASAP7_75t_R": 1,
            "AOI22xp33_ASAP7_75t_R": 2,
            "DFFHQNx1_ASAP7_75t_R": 57,
            "INVx1_ASAP7_75t_R": 10,
            "NAND4xp25_ASAP7_75t_R": 1,
            "OAI21xp33_ASAP7_75t_R": 32,
            "OAI221xp5_ASAP7_75t_R": 2,
            "OAI222xp33_ASAP7_75t_R": 1,
            "OAI31xp33_ASAP7_75t_R": 32,
            "OR3x1_ASAP7_75t_R": 4,
            "OR4x1_ASAP7_75t_R": 1,
            "XNOR2xp5_ASAP7_75t_R": 3,
            "array_1024x32": 1
         }
      },
      "\\SRAMTemplate$SharedMemory.DataAccessesRRsp_DataAccess_20": {
         "num_wires":         130,
         "num_wire_bits":     238,
         "num_pub_wires":     15,
         "num_pub_wire_bits": 123,
         "num_ports":         14,
         "num_port_bits":     91,
         "num_memories":      0,
         "num_memory_bits":   0,
         "num_processes":     0,
         "num_cells":         148,
         "num_submodules":       0,
         "area":              23.911200,
         "sequential_area":    16.621200,
         "num_cells_by_type": {
            "AND2x2_ASAP7_75t_R": 1,
            "AO222x2_ASAP7_75t_R": 1,
            "AOI22xp33_ASAP7_75t_R": 2,
            "DFFHQNx1_ASAP7_75t_R": 57,
            "INVx1_ASAP7_75t_R": 10,
            "NAND4xp25_ASAP7_75t_R": 1,
            "OAI21xp33_ASAP7_75t_R": 32,
            "OAI221xp5_ASAP7_75t_R": 2,
            "OAI222xp33_ASAP7_75t_R": 1,
            "OAI31xp33_ASAP7_75t_R": 32,
            "OR3x1_ASAP7_75t_R": 4,
            "OR4x1_ASAP7_75t_R": 1,
            "XNOR2xp5_ASAP7_75t_R": 3,
            "array_1024x32": 1
         }
      },
      "\\SRAMTemplate$SharedMemory.DataAccessesRRsp_DataAccess_19": {
         "num_wires":         130,
         "num_wire_bits":     238,
         "num_pub_wires":     15,
         "num_pub_wire_bits": 123,
         "num_ports":         14,
         "num_port_bits":     91,
         "num_memories":      0,
         "num_memory_bits":   0,
         "num_processes":     0,
         "num_cells":         148,
         "num_submodules":       0,
         "area":              23.911200,
         "sequential_area":    16.621200,
         "num_cells_by_type": {
            "AND2x2_ASAP7_75t_R": 1,
            "AO222x2_ASAP7_75t_R": 1,
            "AOI22xp33_ASAP7_75t_R": 2,
            "DFFHQNx1_ASAP7_75t_R": 57,
            "INVx1_ASAP7_75t_R": 10,
            "NAND4xp25_ASAP7_75t_R": 1,
            "OAI21xp33_ASAP7_75t_R": 32,
            "OAI221xp5_ASAP7_75t_R": 2,
            "OAI222xp33_ASAP7_75t_R": 1,
            "OAI31xp33_ASAP7_75t_R": 32,
            "OR3x1_ASAP7_75t_R": 4,
            "OR4x1_ASAP7_75t_R": 1,
            "XNOR2xp5_ASAP7_75t_R": 3,
            "array_1024x32": 1
         }
      },
      "\\SRAMTemplate$SharedMemory.DataAccessesRRsp_DataAccess_18": {
         "num_wires":         130,
         "num_wire_bits":     238,
         "num_pub_wires":     15,
         "num_pub_wire_bits": 123,
         "num_ports":         14,
         "num_port_bits":     91,
         "num_memories":      0,
         "num_memory_bits":   0,
         "num_processes":     0,
         "num_cells":         148,
         "num_submodules":       0,
         "area":              23.911200,
         "sequential_area":    16.621200,
         "num_cells_by_type": {
            "AND2x2_ASAP7_75t_R": 1,
            "AO222x2_ASAP7_75t_R": 1,
            "AOI22xp33_ASAP7_75t_R": 2,
            "DFFHQNx1_ASAP7_75t_R": 57,
            "INVx1_ASAP7_75t_R": 10,
            "NAND4xp25_ASAP7_75t_R": 1,
            "OAI21xp33_ASAP7_75t_R": 32,
            "OAI221xp5_ASAP7_75t_R": 2,
            "OAI222xp33_ASAP7_75t_R": 1,
            "OAI31xp33_ASAP7_75t_R": 32,
            "OR3x1_ASAP7_75t_R": 4,
            "OR4x1_ASAP7_75t_R": 1,
            "XNOR2xp5_ASAP7_75t_R": 3,
            "array_1024x32": 1
         }
      },
      "\\SRAMTemplate$SharedMemory.DataAccessesRRsp_DataAccess_17": {
         "num_wires":         130,
         "num_wire_bits":     238,
         "num_pub_wires":     15,
         "num_pub_wire_bits": 123,
         "num_ports":         14,
         "num_port_bits":     91,
         "num_memories":      0,
         "num_memory_bits":   0,
         "num_processes":     0,
         "num_cells":         148,
         "num_submodules":       0,
         "area":              23.911200,
         "sequential_area":    16.621200,
         "num_cells_by_type": {
            "AND2x2_ASAP7_75t_R": 1,
            "AO222x2_ASAP7_75t_R": 1,
            "AOI22xp33_ASAP7_75t_R": 2,
            "DFFHQNx1_ASAP7_75t_R": 57,
            "INVx1_ASAP7_75t_R": 10,
            "NAND4xp25_ASAP7_75t_R": 1,
            "OAI21xp33_ASAP7_75t_R": 32,
            "OAI221xp5_ASAP7_75t_R": 2,
            "OAI222xp33_ASAP7_75t_R": 1,
            "OAI31xp33_ASAP7_75t_R": 32,
            "OR3x1_ASAP7_75t_R": 4,
            "OR4x1_ASAP7_75t_R": 1,
            "XNOR2xp5_ASAP7_75t_R": 3,
            "array_1024x32": 1
         }
      },
      "\\SRAMTemplate$SharedMemory.DataAccessesRRsp_DataAccess_16": {
         "num_wires":         130,
         "num_wire_bits":     238,
         "num_pub_wires":     15,
         "num_pub_wire_bits": 123,
         "num_ports":         14,
         "num_port_bits":     91,
         "num_memories":      0,
         "num_memory_bits":   0,
         "num_processes":     0,
         "num_cells":         148,
         "num_submodules":       0,
         "area":              23.911200,
         "sequential_area":    16.621200,
         "num_cells_by_type": {
            "AND2x2_ASAP7_75t_R": 1,
            "AO222x2_ASAP7_75t_R": 1,
            "AOI22xp33_ASAP7_75t_R": 2,
            "DFFHQNx1_ASAP7_75t_R": 57,
            "INVx1_ASAP7_75t_R": 10,
            "NAND4xp25_ASAP7_75t_R": 1,
            "OAI21xp33_ASAP7_75t_R": 32,
            "OAI221xp5_ASAP7_75t_R": 2,
            "OAI222xp33_ASAP7_75t_R": 1,
            "OAI31xp33_ASAP7_75t_R": 32,
            "OR3x1_ASAP7_75t_R": 4,
            "OR4x1_ASAP7_75t_R": 1,
            "XNOR2xp5_ASAP7_75t_R": 3,
            "array_1024x32": 1
         }
      },
      "\\SRAMTemplate$SharedMemory.DataAccessesRRsp_DataAccess_15": {
         "num_wires":         130,
         "num_wire_bits":     238,
         "num_pub_wires":     15,
         "num_pub_wire_bits": 123,
         "num_ports":         14,
         "num_port_bits":     91,
         "num_memories":      0,
         "num_memory_bits":   0,
         "num_processes":     0,
         "num_cells":         148,
         "num_submodules":       0,
         "area":              23.911200,
         "sequential_area":    16.621200,
         "num_cells_by_type": {
            "AND2x2_ASAP7_75t_R": 1,
            "AO222x2_ASAP7_75t_R": 1,
            "AOI22xp33_ASAP7_75t_R": 2,
            "DFFHQNx1_ASAP7_75t_R": 57,
            "INVx1_ASAP7_75t_R": 10,
            "NAND4xp25_ASAP7_75t_R": 1,
            "OAI21xp33_ASAP7_75t_R": 32,
            "OAI221xp5_ASAP7_75t_R": 2,
            "OAI222xp33_ASAP7_75t_R": 1,
            "OAI31xp33_ASAP7_75t_R": 32,
            "OR3x1_ASAP7_75t_R": 4,
            "OR4x1_ASAP7_75t_R": 1,
            "XNOR2xp5_ASAP7_75t_R": 3,
            "array_1024x32": 1
         }
      },
      "\\SRAMTemplate$SharedMemory.DataAccessesRRsp_DataAccess_14": {
         "num_wires":         130,
         "num_wire_bits":     238,
         "num_pub_wires":     15,
         "num_pub_wire_bits": 123,
         "num_ports":         14,
         "num_port_bits":     91,
         "num_memories":      0,
         "num_memory_bits":   0,
         "num_processes":     0,
         "num_cells":         148,
         "num_submodules":       0,
         "area":              23.911200,
         "sequential_area":    16.621200,
         "num_cells_by_type": {
            "AND2x2_ASAP7_75t_R": 1,
            "AO222x2_ASAP7_75t_R": 1,
            "AOI22xp33_ASAP7_75t_R": 2,
            "DFFHQNx1_ASAP7_75t_R": 57,
            "INVx1_ASAP7_75t_R": 10,
            "NAND4xp25_ASAP7_75t_R": 1,
            "OAI21xp33_ASAP7_75t_R": 32,
            "OAI221xp5_ASAP7_75t_R": 2,
            "OAI222xp33_ASAP7_75t_R": 1,
            "OAI31xp33_ASAP7_75t_R": 32,
            "OR3x1_ASAP7_75t_R": 4,
            "OR4x1_ASAP7_75t_R": 1,
            "XNOR2xp5_ASAP7_75t_R": 3,
            "array_1024x32": 1
         }
      },
      "\\SRAMTemplate$SharedMemory.DataAccessesRRsp_DataAccess_13": {
         "num_wires":         130,
         "num_wire_bits":     238,
         "num_pub_wires":     15,
         "num_pub_wire_bits": 123,
         "num_ports":         14,
         "num_port_bits":     91,
         "num_memories":      0,
         "num_memory_bits":   0,
         "num_processes":     0,
         "num_cells":         148,
         "num_submodules":       0,
         "area":              23.911200,
         "sequential_area":    16.621200,
         "num_cells_by_type": {
            "AND2x2_ASAP7_75t_R": 1,
            "AO222x2_ASAP7_75t_R": 1,
            "AOI22xp33_ASAP7_75t_R": 2,
            "DFFHQNx1_ASAP7_75t_R": 57,
            "INVx1_ASAP7_75t_R": 10,
            "NAND4xp25_ASAP7_75t_R": 1,
            "OAI21xp33_ASAP7_75t_R": 32,
            "OAI221xp5_ASAP7_75t_R": 2,
            "OAI222xp33_ASAP7_75t_R": 1,
            "OAI31xp33_ASAP7_75t_R": 32,
            "OR3x1_ASAP7_75t_R": 4,
            "OR4x1_ASAP7_75t_R": 1,
            "XNOR2xp5_ASAP7_75t_R": 3,
            "array_1024x32": 1
         }
      },
      "\\SRAMTemplate$SharedMemory.DataAccessesRRsp_DataAccess_12": {
         "num_wires":         130,
         "num_wire_bits":     238,
         "num_pub_wires":     15,
         "num_pub_wire_bits": 123,
         "num_ports":         14,
         "num_port_bits":     91,
         "num_memories":      0,
         "num_memory_bits":   0,
         "num_processes":     0,
         "num_cells":         148,
         "num_submodules":       0,
         "area":              23.911200,
         "sequential_area":    16.621200,
         "num_cells_by_type": {
            "AND2x2_ASAP7_75t_R": 1,
            "AO222x2_ASAP7_75t_R": 1,
            "AOI22xp33_ASAP7_75t_R": 2,
            "DFFHQNx1_ASAP7_75t_R": 57,
            "INVx1_ASAP7_75t_R": 10,
            "NAND4xp25_ASAP7_75t_R": 1,
            "OAI21xp33_ASAP7_75t_R": 32,
            "OAI221xp5_ASAP7_75t_R": 2,
            "OAI222xp33_ASAP7_75t_R": 1,
            "OAI31xp33_ASAP7_75t_R": 32,
            "OR3x1_ASAP7_75t_R": 4,
            "OR4x1_ASAP7_75t_R": 1,
            "XNOR2xp5_ASAP7_75t_R": 3,
            "array_1024x32": 1
         }
      },
      "\\SRAMTemplate$SharedMemory.DataAccessesRRsp_DataAccess_11": {
         "num_wires":         130,
         "num_wire_bits":     238,
         "num_pub_wires":     15,
         "num_pub_wire_bits": 123,
         "num_ports":         14,
         "num_port_bits":     91,
         "num_memories":      0,
         "num_memory_bits":   0,
         "num_processes":     0,
         "num_cells":         148,
         "num_submodules":       0,
         "area":              23.911200,
         "sequential_area":    16.621200,
         "num_cells_by_type": {
            "AND2x2_ASAP7_75t_R": 1,
            "AO222x2_ASAP7_75t_R": 1,
            "AOI22xp33_ASAP7_75t_R": 2,
            "DFFHQNx1_ASAP7_75t_R": 57,
            "INVx1_ASAP7_75t_R": 10,
            "NAND4xp25_ASAP7_75t_R": 1,
            "OAI21xp33_ASAP7_75t_R": 32,
            "OAI221xp5_ASAP7_75t_R": 2,
            "OAI222xp33_ASAP7_75t_R": 1,
            "OAI31xp33_ASAP7_75t_R": 32,
            "OR3x1_ASAP7_75t_R": 4,
            "OR4x1_ASAP7_75t_R": 1,
            "XNOR2xp5_ASAP7_75t_R": 3,
            "array_1024x32": 1
         }
      },
      "\\SRAMTemplate$SharedMemory.DataAccessesRRsp_DataAccess_10": {
         "num_wires":         130,
         "num_wire_bits":     238,
         "num_pub_wires":     15,
         "num_pub_wire_bits": 123,
         "num_ports":         14,
         "num_port_bits":     91,
         "num_memories":      0,
         "num_memory_bits":   0,
         "num_processes":     0,
         "num_cells":         148,
         "num_submodules":       0,
         "area":              23.911200,
         "sequential_area":    16.621200,
         "num_cells_by_type": {
            "AND2x2_ASAP7_75t_R": 1,
            "AO222x2_ASAP7_75t_R": 1,
            "AOI22xp33_ASAP7_75t_R": 2,
            "DFFHQNx1_ASAP7_75t_R": 57,
            "INVx1_ASAP7_75t_R": 10,
            "NAND4xp25_ASAP7_75t_R": 1,
            "OAI21xp33_ASAP7_75t_R": 32,
            "OAI221xp5_ASAP7_75t_R": 2,
            "OAI222xp33_ASAP7_75t_R": 1,
            "OAI31xp33_ASAP7_75t_R": 32,
            "OR3x1_ASAP7_75t_R": 4,
            "OR4x1_ASAP7_75t_R": 1,
            "XNOR2xp5_ASAP7_75t_R": 3,
            "array_1024x32": 1
         }
      },
      "\\SRAMTemplate$SharedMemory.DataAccessesRRsp_DataAccess_9": {
         "num_wires":         130,
         "num_wire_bits":     238,
         "num_pub_wires":     15,
         "num_pub_wire_bits": 123,
         "num_ports":         14,
         "num_port_bits":     91,
         "num_memories":      0,
         "num_memory_bits":   0,
         "num_processes":     0,
         "num_cells":         148,
         "num_submodules":       0,
         "area":              23.911200,
         "sequential_area":    16.621200,
         "num_cells_by_type": {
            "AND2x2_ASAP7_75t_R": 1,
            "AO222x2_ASAP7_75t_R": 1,
            "AOI22xp33_ASAP7_75t_R": 2,
            "DFFHQNx1_ASAP7_75t_R": 57,
            "INVx1_ASAP7_75t_R": 10,
            "NAND4xp25_ASAP7_75t_R": 1,
            "OAI21xp33_ASAP7_75t_R": 32,
            "OAI221xp5_ASAP7_75t_R": 2,
            "OAI222xp33_ASAP7_75t_R": 1,
            "OAI31xp33_ASAP7_75t_R": 32,
            "OR3x1_ASAP7_75t_R": 4,
            "OR4x1_ASAP7_75t_R": 1,
            "XNOR2xp5_ASAP7_75t_R": 3,
            "array_1024x32": 1
         }
      },
      "\\SRAMTemplate$SharedMemory.DataAccessesRRsp_DataAccess_8": {
         "num_wires":         130,
         "num_wire_bits":     238,
         "num_pub_wires":     15,
         "num_pub_wire_bits": 123,
         "num_ports":         14,
         "num_port_bits":     91,
         "num_memories":      0,
         "num_memory_bits":   0,
         "num_processes":     0,
         "num_cells":         148,
         "num_submodules":       0,
         "area":              23.911200,
         "sequential_area":    16.621200,
         "num_cells_by_type": {
            "AND2x2_ASAP7_75t_R": 1,
            "AO222x2_ASAP7_75t_R": 1,
            "AOI22xp33_ASAP7_75t_R": 2,
            "DFFHQNx1_ASAP7_75t_R": 57,
            "INVx1_ASAP7_75t_R": 10,
            "NAND4xp25_ASAP7_75t_R": 1,
            "OAI21xp33_ASAP7_75t_R": 32,
            "OAI221xp5_ASAP7_75t_R": 2,
            "OAI222xp33_ASAP7_75t_R": 1,
            "OAI31xp33_ASAP7_75t_R": 32,
            "OR3x1_ASAP7_75t_R": 4,
            "OR4x1_ASAP7_75t_R": 1,
            "XNOR2xp5_ASAP7_75t_R": 3,
            "array_1024x32": 1
         }
      },
      "\\SRAMTemplate$SharedMemory.DataAccessesRRsp_DataAccess_7": {
         "num_wires":         130,
         "num_wire_bits":     238,
         "num_pub_wires":     15,
         "num_pub_wire_bits": 123,
         "num_ports":         14,
         "num_port_bits":     91,
         "num_memories":      0,
         "num_memory_bits":   0,
         "num_processes":     0,
         "num_cells":         148,
         "num_submodules":       0,
         "area":              23.911200,
         "sequential_area":    16.621200,
         "num_cells_by_type": {
            "AND2x2_ASAP7_75t_R": 1,
            "AO222x2_ASAP7_75t_R": 1,
            "AOI22xp33_ASAP7_75t_R": 2,
            "DFFHQNx1_ASAP7_75t_R": 57,
            "INVx1_ASAP7_75t_R": 10,
            "NAND4xp25_ASAP7_75t_R": 1,
            "OAI21xp33_ASAP7_75t_R": 32,
            "OAI221xp5_ASAP7_75t_R": 2,
            "OAI222xp33_ASAP7_75t_R": 1,
            "OAI31xp33_ASAP7_75t_R": 32,
            "OR3x1_ASAP7_75t_R": 4,
            "OR4x1_ASAP7_75t_R": 1,
            "XNOR2xp5_ASAP7_75t_R": 3,
            "array_1024x32": 1
         }
      },
      "\\SRAMTemplate$SharedMemory.DataAccessesRRsp_DataAccess_6": {
         "num_wires":         130,
         "num_wire_bits":     238,
         "num_pub_wires":     15,
         "num_pub_wire_bits": 123,
         "num_ports":         14,
         "num_port_bits":     91,
         "num_memories":      0,
         "num_memory_bits":   0,
         "num_processes":     0,
         "num_cells":         148,
         "num_submodules":       0,
         "area":              23.911200,
         "sequential_area":    16.621200,
         "num_cells_by_type": {
            "AND2x2_ASAP7_75t_R": 1,
            "AO222x2_ASAP7_75t_R": 1,
            "AOI22xp33_ASAP7_75t_R": 2,
            "DFFHQNx1_ASAP7_75t_R": 57,
            "INVx1_ASAP7_75t_R": 10,
            "NAND4xp25_ASAP7_75t_R": 1,
            "OAI21xp33_ASAP7_75t_R": 32,
            "OAI221xp5_ASAP7_75t_R": 2,
            "OAI222xp33_ASAP7_75t_R": 1,
            "OAI31xp33_ASAP7_75t_R": 32,
            "OR3x1_ASAP7_75t_R": 4,
            "OR4x1_ASAP7_75t_R": 1,
            "XNOR2xp5_ASAP7_75t_R": 3,
            "array_1024x32": 1
         }
      },
      "\\SRAMTemplate$SharedMemory.DataAccessesRRsp_DataAccess_5": {
         "num_wires":         130,
         "num_wire_bits":     238,
         "num_pub_wires":     15,
         "num_pub_wire_bits": 123,
         "num_ports":         14,
         "num_port_bits":     91,
         "num_memories":      0,
         "num_memory_bits":   0,
         "num_processes":     0,
         "num_cells":         148,
         "num_submodules":       0,
         "area":              23.911200,
         "sequential_area":    16.621200,
         "num_cells_by_type": {
            "AND2x2_ASAP7_75t_R": 1,
            "AO222x2_ASAP7_75t_R": 1,
            "AOI22xp33_ASAP7_75t_R": 2,
            "DFFHQNx1_ASAP7_75t_R": 57,
            "INVx1_ASAP7_75t_R": 10,
            "NAND4xp25_ASAP7_75t_R": 1,
            "OAI21xp33_ASAP7_75t_R": 32,
            "OAI221xp5_ASAP7_75t_R": 2,
            "OAI222xp33_ASAP7_75t_R": 1,
            "OAI31xp33_ASAP7_75t_R": 32,
            "OR3x1_ASAP7_75t_R": 4,
            "OR4x1_ASAP7_75t_R": 1,
            "XNOR2xp5_ASAP7_75t_R": 3,
            "array_1024x32": 1
         }
      },
      "\\SRAMTemplate$SharedMemory.DataAccessesRRsp_DataAccess_4": {
         "num_wires":         130,
         "num_wire_bits":     238,
         "num_pub_wires":     15,
         "num_pub_wire_bits": 123,
         "num_ports":         14,
         "num_port_bits":     91,
         "num_memories":      0,
         "num_memory_bits":   0,
         "num_processes":     0,
         "num_cells":         148,
         "num_submodules":       0,
         "area":              23.911200,
         "sequential_area":    16.621200,
         "num_cells_by_type": {
            "AND2x2_ASAP7_75t_R": 1,
            "AO222x2_ASAP7_75t_R": 1,
            "AOI22xp33_ASAP7_75t_R": 2,
            "DFFHQNx1_ASAP7_75t_R": 57,
            "INVx1_ASAP7_75t_R": 10,
            "NAND4xp25_ASAP7_75t_R": 1,
            "OAI21xp33_ASAP7_75t_R": 32,
            "OAI221xp5_ASAP7_75t_R": 2,
            "OAI222xp33_ASAP7_75t_R": 1,
            "OAI31xp33_ASAP7_75t_R": 32,
            "OR3x1_ASAP7_75t_R": 4,
            "OR4x1_ASAP7_75t_R": 1,
            "XNOR2xp5_ASAP7_75t_R": 3,
            "array_1024x32": 1
         }
      },
      "\\SRAMTemplate$SharedMemory.DataAccessesRRsp_DataAccess_3": {
         "num_wires":         130,
         "num_wire_bits":     238,
         "num_pub_wires":     15,
         "num_pub_wire_bits": 123,
         "num_ports":         14,
         "num_port_bits":     91,
         "num_memories":      0,
         "num_memory_bits":   0,
         "num_processes":     0,
         "num_cells":         148,
         "num_submodules":       0,
         "area":              23.911200,
         "sequential_area":    16.621200,
         "num_cells_by_type": {
            "AND2x2_ASAP7_75t_R": 1,
            "AO222x2_ASAP7_75t_R": 1,
            "AOI22xp33_ASAP7_75t_R": 2,
            "DFFHQNx1_ASAP7_75t_R": 57,
            "INVx1_ASAP7_75t_R": 10,
            "NAND4xp25_ASAP7_75t_R": 1,
            "OAI21xp33_ASAP7_75t_R": 32,
            "OAI221xp5_ASAP7_75t_R": 2,
            "OAI222xp33_ASAP7_75t_R": 1,
            "OAI31xp33_ASAP7_75t_R": 32,
            "OR3x1_ASAP7_75t_R": 4,
            "OR4x1_ASAP7_75t_R": 1,
            "XNOR2xp5_ASAP7_75t_R": 3,
            "array_1024x32": 1
         }
      },
      "\\SRAMTemplate$SharedMemory.DataAccessesRRsp_DataAccess_2": {
         "num_wires":         130,
         "num_wire_bits":     238,
         "num_pub_wires":     15,
         "num_pub_wire_bits": 123,
         "num_ports":         14,
         "num_port_bits":     91,
         "num_memories":      0,
         "num_memory_bits":   0,
         "num_processes":     0,
         "num_cells":         148,
         "num_submodules":       0,
         "area":              23.911200,
         "sequential_area":    16.621200,
         "num_cells_by_type": {
            "AND2x2_ASAP7_75t_R": 1,
            "AO222x2_ASAP7_75t_R": 1,
            "AOI22xp33_ASAP7_75t_R": 2,
            "DFFHQNx1_ASAP7_75t_R": 57,
            "INVx1_ASAP7_75t_R": 10,
            "NAND4xp25_ASAP7_75t_R": 1,
            "OAI21xp33_ASAP7_75t_R": 32,
            "OAI221xp5_ASAP7_75t_R": 2,
            "OAI222xp33_ASAP7_75t_R": 1,
            "OAI31xp33_ASAP7_75t_R": 32,
            "OR3x1_ASAP7_75t_R": 4,
            "OR4x1_ASAP7_75t_R": 1,
            "XNOR2xp5_ASAP7_75t_R": 3,
            "array_1024x32": 1
         }
      },
      "\\SRAMTemplate$SharedMemory.DataAccessesRRsp_DataAccess_1": {
         "num_wires":         130,
         "num_wire_bits":     238,
         "num_pub_wires":     15,
         "num_pub_wire_bits": 123,
         "num_ports":         14,
         "num_port_bits":     91,
         "num_memories":      0,
         "num_memory_bits":   0,
         "num_processes":     0,
         "num_cells":         148,
         "num_submodules":       0,
         "area":              23.911200,
         "sequential_area":    16.621200,
         "num_cells_by_type": {
            "AND2x2_ASAP7_75t_R": 1,
            "AO222x2_ASAP7_75t_R": 1,
            "AOI22xp33_ASAP7_75t_R": 2,
            "DFFHQNx1_ASAP7_75t_R": 57,
            "INVx1_ASAP7_75t_R": 10,
            "NAND4xp25_ASAP7_75t_R": 1,
            "OAI21xp33_ASAP7_75t_R": 32,
            "OAI221xp5_ASAP7_75t_R": 2,
            "OAI222xp33_ASAP7_75t_R": 1,
            "OAI31xp33_ASAP7_75t_R": 32,
            "OR3x1_ASAP7_75t_R": 4,
            "OR4x1_ASAP7_75t_R": 1,
            "XNOR2xp5_ASAP7_75t_R": 3,
            "array_1024x32": 1
         }
      },
      "\\SRAMTemplate$SharedMemory.DataAccessesRRsp_DataAccess": {
         "num_wires":         130,
         "num_wire_bits":     238,
         "num_pub_wires":     15,
         "num_pub_wire_bits": 123,
         "num_ports":         14,
         "num_port_bits":     91,
         "num_memories":      0,
         "num_memory_bits":   0,
         "num_processes":     0,
         "num_cells":         148,
         "num_submodules":       0,
         "area":              23.911200,
         "sequential_area":    16.621200,
         "num_cells_by_type": {
            "AND2x2_ASAP7_75t_R": 1,
            "AO222x2_ASAP7_75t_R": 1,
            "AOI22xp33_ASAP7_75t_R": 2,
            "DFFHQNx1_ASAP7_75t_R": 57,
            "INVx1_ASAP7_75t_R": 10,
            "NAND4xp25_ASAP7_75t_R": 1,
            "OAI21xp33_ASAP7_75t_R": 32,
            "OAI221xp5_ASAP7_75t_R": 2,
            "OAI222xp33_ASAP7_75t_R": 1,
            "OAI31xp33_ASAP7_75t_R": 32,
            "OR3x1_ASAP7_75t_R": 4,
            "OR4x1_ASAP7_75t_R": 1,
            "XNOR2xp5_ASAP7_75t_R": 3,
            "array_1024x32": 1
         }
      },
      "\\Queue32_ShareMemCoreRsp$SharedMemory.coreRsp_Q": {
         "num_wires":         196,
         "num_wire_bits":     3256,
         "num_pub_wires":     142,
         "num_pub_wire_bits": 3202,
         "num_ports":         138,
         "num_port_bits":     2131,
         "num_memories":      0,
         "num_memory_bits":   0,
         "num_processes":     0,
         "num_cells":         73,
         "num_submodules":       0,
         "area":              8.106480,
         "sequential_area":    3.207600,
         "num_cells_by_type": {
            "AO21x1_ASAP7_75t_R": 1,
            "AOI21xp33_ASAP7_75t_R": 4,
            "AOI31xp33_ASAP7_75t_R": 1,
            "DFFHQNx1_ASAP7_75t_R": 11,
            "INVx1_ASAP7_75t_R": 12,
            "MAJIxp5_ASAP7_75t_R": 3,
            "NAND3xp33_ASAP7_75t_R": 1,
            "NOR2xp33_ASAP7_75t_R": 7,
            "NOR3xp33_ASAP7_75t_R": 9,
            "NOR4xp25_ASAP7_75t_R": 3,
            "NOR5xp2_ASAP7_75t_R": 2,
            "O2A1O1Ixp33_ASAP7_75t_R": 1,
            "OA21x2_ASAP7_75t_R": 3,
            "OAI211xp5_ASAP7_75t_R": 2,
            "OAI21xp33_ASAP7_75t_R": 1,
            "OAI31xp33_ASAP7_75t_R": 1,
            "OR3x1_ASAP7_75t_R": 1,
            "XNOR2xp5_ASAP7_75t_R": 6,
            "XOR2xp5_ASAP7_75t_R": 3,
            "ram_32x1060": 1
         }
      },
      "\\DataCrossbar$SharedMemory.DataCorssBarForRead": {
         "num_wires":         20524,
         "num_wire_bits":     23500,
         "num_pub_wires":     96,
         "num_pub_wire_bits": 3072,
         "num_ports":         96,
         "num_port_bits":     3072,
         "num_memories":      0,
         "num_memory_bits":   0,
         "num_processes":     0,
         "num_cells":         21452,
         "num_submodules":       0,
         "area":              1911.029760,
         "sequential_area":    0.000000,
         "num_cells_by_type": {
            "AND4x1_ASAP7_75t_R": 1006,
            "AO22x1_ASAP7_75t_R": 2,
            "AOI221xp5_ASAP7_75t_R": 2,
            "AOI222xp33_ASAP7_75t_R": 84,
            "AOI22xp33_ASAP7_75t_R": 16246,
            "NAND2xp33_ASAP7_75t_R": 16,
            "NAND4xp25_ASAP7_75t_R": 2030,
            "NAND5xp2_ASAP7_75t_R": 1042,
            "OR3x1_ASAP7_75t_R": 1024
         }
      },
      "\\DataCrossbar$SharedMemory.DataCorssBarForWrite": {
         "num_wires":         20524,
         "num_wire_bits":     23500,
         "num_pub_wires":     96,
         "num_pub_wire_bits": 3072,
         "num_ports":         96,
         "num_port_bits":     3072,
         "num_memories":      0,
         "num_memory_bits":   0,
         "num_processes":     0,
         "num_cells":         21452,
         "num_submodules":       0,
         "area":              1911.029760,
         "sequential_area":    0.000000,
         "num_cells_by_type": {
            "AND4x1_ASAP7_75t_R": 1006,
            "AO22x1_ASAP7_75t_R": 2,
            "AOI221xp5_ASAP7_75t_R": 2,
            "AOI222xp33_ASAP7_75t_R": 84,
            "AOI22xp33_ASAP7_75t_R": 16246,
            "NAND2xp33_ASAP7_75t_R": 16,
            "NAND4xp25_ASAP7_75t_R": 2030,
            "NAND5xp2_ASAP7_75t_R": 1042,
            "OR3x1_ASAP7_75t_R": 1024
         }
      },
      "\\BankConflictArbiter$SharedMemory.BankConfArb": {
         "num_wires":         11183,
         "num_wire_bits":     16463,
         "num_pub_wires":     359,
         "num_pub_wire_bits": 5639,
         "num_ports":         262,
         "num_port_bits":     2566,
         "num_memories":      0,
         "num_memory_bits":   0,
         "num_processes":     0,
         "num_cells":         13034,
         "num_submodules":       0,
         "area":              1202.412600,
         "sequential_area":    93.895200,
         "num_cells_by_type": {
            "A2O1A1Ixp33_ASAP7_75t_R": 8,
            "AND2x2_ASAP7_75t_R": 220,
            "AND3x1_ASAP7_75t_R": 165,
            "AND4x1_ASAP7_75t_R": 354,
            "AND5x1_ASAP7_75t_R": 72,
            "AO211x2_ASAP7_75t_R": 7,
            "AO21x1_ASAP7_75t_R": 56,
            "AO222x2_ASAP7_75t_R": 34,
            "AO22x1_ASAP7_75t_R": 90,
            "AO32x1_ASAP7_75t_R": 52,
            "AOI211xp5_ASAP7_75t_R": 115,
            "AOI21xp33_ASAP7_75t_R": 432,
            "AOI221xp5_ASAP7_75t_R": 431,
            "AOI222xp33_ASAP7_75t_R": 254,
            "AOI22xp33_ASAP7_75t_R": 744,
            "AOI311xp33_ASAP7_75t_R": 5,
            "AOI31xp33_ASAP7_75t_R": 6,
            "AOI321xp33_ASAP7_75t_R": 1,
            "AOI32xp33_ASAP7_75t_R": 41,
            "DFFHQNx1_ASAP7_75t_R": 322,
            "INVx1_ASAP7_75t_R": 1003,
            "MAJIxp5_ASAP7_75t_R": 20,
            "MAJx2_ASAP7_75t_R": 3,
            "NAND2xp33_ASAP7_75t_R": 1107,
            "NAND3xp33_ASAP7_75t_R": 491,
            "NAND4xp25_ASAP7_75t_R": 325,
            "NAND5xp2_ASAP7_75t_R": 445,
            "NOR2xp33_ASAP7_75t_R": 1107,
            "NOR3xp33_ASAP7_75t_R": 435,
            "NOR4xp25_ASAP7_75t_R": 311,
            "NOR5xp2_ASAP7_75t_R": 866,
            "O2A1O1Ixp33_ASAP7_75t_R": 9,
            "OA211x2_ASAP7_75t_R": 10,
            "OA21x2_ASAP7_75t_R": 267,
            "OA22x2_ASAP7_75t_R": 8,
            "OAI211xp5_ASAP7_75t_R": 181,
            "OAI21xp33_ASAP7_75t_R": 430,
            "OAI221xp5_ASAP7_75t_R": 302,
            "OAI222xp33_ASAP7_75t_R": 29,
            "OAI22xp33_ASAP7_75t_R": 338,
            "OAI311xp33_ASAP7_75t_R": 8,
            "OAI31xp33_ASAP7_75t_R": 3,
            "OAI321xp33_ASAP7_75t_R": 3,
            "OAI32xp33_ASAP7_75t_R": 96,
            "OR2x2_ASAP7_75t_R": 189,
            "OR3x1_ASAP7_75t_R": 127,
            "OR4x1_ASAP7_75t_R": 153,
            "OR5x1_ASAP7_75t_R": 75,
            "XNOR2xp5_ASAP7_75t_R": 832,
            "XOR2xp5_ASAP7_75t_R": 452
         }
      },
      "\\SharedMemory": {
         "num_wires":         10491,
         "num_wire_bits":     23034,
         "num_pub_wires":     823,
         "num_pub_wire_bits": 13078,
         "num_ports":         203,
         "num_port_bits":     2424,
         "num_memories":      0,
         "num_memory_bits":   0,
         "num_processes":     0,
         "num_cells":         15290,
         "num_submodules":       36,
         "area":              7899.516900,
         "sequential_area":    2195.164800,
         "num_cells_by_type": {
            "AND4x1_ASAP7_75t_R": 1,
            "AOI211xp5_ASAP7_75t_R": 1,
            "AOI21xp33_ASAP7_75t_R": 1057,
            "DFFHQNx1_ASAP7_75t_R": 5371,
            "INVx1_ASAP7_75t_R": 5367,
            "NAND2xp33_ASAP7_75t_R": 1042,
            "NOR2xp33_ASAP7_75t_R": 1089,
            "NOR3xp33_ASAP7_75t_R": 1,
            "O2A1O1Ixp33_ASAP7_75t_R": 2,
            "OAI21xp33_ASAP7_75t_R": 1359,
            "BankConflictArbiter$SharedMemory.BankConfArb": 1,
            "DataCrossbar$SharedMemory.DataCorssBarForRead": 1,
            "DataCrossbar$SharedMemory.DataCorssBarForWrite": 1,
            "Queue32_ShareMemCoreRsp$SharedMemory.coreRsp_Q": 1,
            "SRAMTemplate$SharedMemory.DataAccessesRRsp_DataAccess": 1,
            "SRAMTemplate$SharedMemory.DataAccessesRRsp_DataAccess_1": 1,
            "SRAMTemplate$SharedMemory.DataAccessesRRsp_DataAccess_10": 1,
            "SRAMTemplate$SharedMemory.DataAccessesRRsp_DataAccess_11": 1,
            "SRAMTemplate$SharedMemory.DataAccessesRRsp_DataAccess_12": 1,
            "SRAMTemplate$SharedMemory.DataAccessesRRsp_DataAccess_13": 1,
            "SRAMTemplate$SharedMemory.DataAccessesRRsp_DataAccess_14": 1,
            "SRAMTemplate$SharedMemory.DataAccessesRRsp_DataAccess_15": 1,
            "SRAMTemplate$SharedMemory.DataAccessesRRsp_DataAccess_16": 1,
            "SRAMTemplate$SharedMemory.DataAccessesRRsp_DataAccess_17": 1,
            "SRAMTemplate$SharedMemory.DataAccessesRRsp_DataAccess_18": 1,
            "SRAMTemplate$SharedMemory.DataAccessesRRsp_DataAccess_19": 1,
            "SRAMTemplate$SharedMemory.DataAccessesRRsp_DataAccess_2": 1,
            "SRAMTemplate$SharedMemory.DataAccessesRRsp_DataAccess_20": 1,
            "SRAMTemplate$SharedMemory.DataAccessesRRsp_DataAccess_21": 1,
            "SRAMTemplate$SharedMemory.DataAccessesRRsp_DataAccess_22": 1,
            "SRAMTemplate$SharedMemory.DataAccessesRRsp_DataAccess_23": 1,
            "SRAMTemplate$SharedMemory.DataAccessesRRsp_DataAccess_24": 1,
            "SRAMTemplate$SharedMemory.DataAccessesRRsp_DataAccess_25": 1,
            "SRAMTemplate$SharedMemory.DataAccessesRRsp_DataAccess_26": 1,
            "SRAMTemplate$SharedMemory.DataAccessesRRsp_DataAccess_27": 1,
            "SRAMTemplate$SharedMemory.DataAccessesRRsp_DataAccess_28": 1,
            "SRAMTemplate$SharedMemory.DataAccessesRRsp_DataAccess_29": 1,
            "SRAMTemplate$SharedMemory.DataAccessesRRsp_DataAccess_3": 1,
            "SRAMTemplate$SharedMemory.DataAccessesRRsp_DataAccess_30": 1,
            "SRAMTemplate$SharedMemory.DataAccessesRRsp_DataAccess_31": 1,
            "SRAMTemplate$SharedMemory.DataAccessesRRsp_DataAccess_4": 1,
            "SRAMTemplate$SharedMemory.DataAccessesRRsp_DataAccess_5": 1,
            "SRAMTemplate$SharedMemory.DataAccessesRRsp_DataAccess_6": 1,
            "SRAMTemplate$SharedMemory.DataAccessesRRsp_DataAccess_7": 1,
            "SRAMTemplate$SharedMemory.DataAccessesRRsp_DataAccess_8": 1,
            "SRAMTemplate$SharedMemory.DataAccessesRRsp_DataAccess_9": 1
         }
      }
   },
      "design": {
         "num_wires":         67078,
         "num_wire_bits":     97369,
         "num_pub_wires":     1996,
         "num_pub_wire_bits": 31999,
         "num_ports":         1243,
         "num_port_bits":     16177,
         "num_memories":      0,
         "num_memory_bits":   0,
         "num_processes":     0,
         "num_cells":         76037,
         "num_submodules":       36,
         "area":              7899.516900,
         "sequential_area":    2195.164800,
         "num_cells_by_type": {
            "A2O1A1Ixp33_ASAP7_75t_R": 8,
            "AND2x2_ASAP7_75t_R": 252,
            "AND3x1_ASAP7_75t_R": 165,
            "AND4x1_ASAP7_75t_R": 2367,
            "AND5x1_ASAP7_75t_R": 72,
            "AO211x2_ASAP7_75t_R": 7,
            "AO21x1_ASAP7_75t_R": 57,
            "AO222x2_ASAP7_75t_R": 66,
            "AO22x1_ASAP7_75t_R": 94,
            "AO32x1_ASAP7_75t_R": 52,
            "AOI211xp5_ASAP7_75t_R": 116,
            "AOI21xp33_ASAP7_75t_R": 1493,
            "AOI221xp5_ASAP7_75t_R": 435,
            "AOI222xp33_ASAP7_75t_R": 422,
            "AOI22xp33_ASAP7_75t_R": 33300,
            "AOI311xp33_ASAP7_75t_R": 5,
            "AOI31xp33_ASAP7_75t_R": 7,
            "AOI321xp33_ASAP7_75t_R": 1,
            "AOI32xp33_ASAP7_75t_R": 41,
            "DFFHQNx1_ASAP7_75t_R": 7528,
            "INVx1_ASAP7_75t_R": 6702,
            "MAJIxp5_ASAP7_75t_R": 23,
            "MAJx2_ASAP7_75t_R": 3,
            "NAND2xp33_ASAP7_75t_R": 2181,
            "NAND3xp33_ASAP7_75t_R": 492,
            "NAND4xp25_ASAP7_75t_R": 4417,
            "NAND5xp2_ASAP7_75t_R": 2529,
            "NOR2xp33_ASAP7_75t_R": 2203,
            "NOR3xp33_ASAP7_75t_R": 445,
            "NOR4xp25_ASAP7_75t_R": 314,
            "NOR5xp2_ASAP7_75t_R": 868,
            "O2A1O1Ixp33_ASAP7_75t_R": 12,
            "OA211x2_ASAP7_75t_R": 10,
            "OA21x2_ASAP7_75t_R": 270,
            "OA22x2_ASAP7_75t_R": 8,
            "OAI211xp5_ASAP7_75t_R": 183,
            "OAI21xp33_ASAP7_75t_R": 2814,
            "OAI221xp5_ASAP7_75t_R": 366,
            "OAI222xp33_ASAP7_75t_R": 61,
            "OAI22xp33_ASAP7_75t_R": 338,
            "OAI311xp33_ASAP7_75t_R": 8,
            "OAI31xp33_ASAP7_75t_R": 1028,
            "OAI321xp33_ASAP7_75t_R": 3,
            "OAI32xp33_ASAP7_75t_R": 96,
            "OR2x2_ASAP7_75t_R": 189,
            "OR3x1_ASAP7_75t_R": 2304,
            "OR4x1_ASAP7_75t_R": 185,
            "OR5x1_ASAP7_75t_R": 75,
            "XNOR2xp5_ASAP7_75t_R": 934,
            "XOR2xp5_ASAP7_75t_R": 455,
            "array_1024x32": 32,
            "ram_32x1060": 1,
            "BankConflictArbiter$SharedMemory.BankConfArb": 1,
            "DataCrossbar$SharedMemory.DataCorssBarForRead": 1,
            "DataCrossbar$SharedMemory.DataCorssBarForWrite": 1,
            "Queue32_ShareMemCoreRsp$SharedMemory.coreRsp_Q": 1,
            "SRAMTemplate$SharedMemory.DataAccessesRRsp_DataAccess": 1,
            "SRAMTemplate$SharedMemory.DataAccessesRRsp_DataAccess_1": 1,
            "SRAMTemplate$SharedMemory.DataAccessesRRsp_DataAccess_10": 1,
            "SRAMTemplate$SharedMemory.DataAccessesRRsp_DataAccess_11": 1,
            "SRAMTemplate$SharedMemory.DataAccessesRRsp_DataAccess_12": 1,
            "SRAMTemplate$SharedMemory.DataAccessesRRsp_DataAccess_13": 1,
            "SRAMTemplate$SharedMemory.DataAccessesRRsp_DataAccess_14": 1,
            "SRAMTemplate$SharedMemory.DataAccessesRRsp_DataAccess_15": 1,
            "SRAMTemplate$SharedMemory.DataAccessesRRsp_DataAccess_16": 1,
            "SRAMTemplate$SharedMemory.DataAccessesRRsp_DataAccess_17": 1,
            "SRAMTemplate$SharedMemory.DataAccessesRRsp_DataAccess_18": 1,
            "SRAMTemplate$SharedMemory.DataAccessesRRsp_DataAccess_19": 1,
            "SRAMTemplate$SharedMemory.DataAccessesRRsp_DataAccess_2": 1,
            "SRAMTemplate$SharedMemory.DataAccessesRRsp_DataAccess_20": 1,
            "SRAMTemplate$SharedMemory.DataAccessesRRsp_DataAccess_21": 1,
            "SRAMTemplate$SharedMemory.DataAccessesRRsp_DataAccess_22": 1,
            "SRAMTemplate$SharedMemory.DataAccessesRRsp_DataAccess_23": 1,
            "SRAMTemplate$SharedMemory.DataAccessesRRsp_DataAccess_24": 1,
            "SRAMTemplate$SharedMemory.DataAccessesRRsp_DataAccess_25": 1,
            "SRAMTemplate$SharedMemory.DataAccessesRRsp_DataAccess_26": 1,
            "SRAMTemplate$SharedMemory.DataAccessesRRsp_DataAccess_27": 1,
            "SRAMTemplate$SharedMemory.DataAccessesRRsp_DataAccess_28": 1,
            "SRAMTemplate$SharedMemory.DataAccessesRRsp_DataAccess_29": 1,
            "SRAMTemplate$SharedMemory.DataAccessesRRsp_DataAccess_3": 1,
            "SRAMTemplate$SharedMemory.DataAccessesRRsp_DataAccess_30": 1,
            "SRAMTemplate$SharedMemory.DataAccessesRRsp_DataAccess_31": 1,
            "SRAMTemplate$SharedMemory.DataAccessesRRsp_DataAccess_4": 1,
            "SRAMTemplate$SharedMemory.DataAccessesRRsp_DataAccess_5": 1,
            "SRAMTemplate$SharedMemory.DataAccessesRRsp_DataAccess_6": 1,
            "SRAMTemplate$SharedMemory.DataAccessesRRsp_DataAccess_7": 1,
            "SRAMTemplate$SharedMemory.DataAccessesRRsp_DataAccess_8": 1,
            "SRAMTemplate$SharedMemory.DataAccessesRRsp_DataAccess_9": 1
         }
      }
}

11. Executing Verilog backend.

11.1. Executing BMUXMAP pass.

11.2. Executing DEMUXMAP pass.
Dumping module `\BankConflictArbiter$SharedMemory.BankConfArb'.
Dumping module `\DataCrossbar$SharedMemory.DataCorssBarForRead'.
Dumping module `\DataCrossbar$SharedMemory.DataCorssBarForWrite'.
Dumping module `\Queue32_ShareMemCoreRsp$SharedMemory.coreRsp_Q'.
Dumping module `\SRAMTemplate$SharedMemory.DataAccessesRRsp_DataAccess'.
Dumping module `\SRAMTemplate$SharedMemory.DataAccessesRRsp_DataAccess_1'.
Dumping module `\SRAMTemplate$SharedMemory.DataAccessesRRsp_DataAccess_10'.
Dumping module `\SRAMTemplate$SharedMemory.DataAccessesRRsp_DataAccess_11'.
Dumping module `\SRAMTemplate$SharedMemory.DataAccessesRRsp_DataAccess_12'.
Dumping module `\SRAMTemplate$SharedMemory.DataAccessesRRsp_DataAccess_13'.
Dumping module `\SRAMTemplate$SharedMemory.DataAccessesRRsp_DataAccess_14'.
Dumping module `\SRAMTemplate$SharedMemory.DataAccessesRRsp_DataAccess_15'.
Dumping module `\SRAMTemplate$SharedMemory.DataAccessesRRsp_DataAccess_16'.
Dumping module `\SRAMTemplate$SharedMemory.DataAccessesRRsp_DataAccess_17'.
Dumping module `\SRAMTemplate$SharedMemory.DataAccessesRRsp_DataAccess_18'.
Dumping module `\SRAMTemplate$SharedMemory.DataAccessesRRsp_DataAccess_19'.
Dumping module `\SRAMTemplate$SharedMemory.DataAccessesRRsp_DataAccess_2'.
Dumping module `\SRAMTemplate$SharedMemory.DataAccessesRRsp_DataAccess_20'.
Dumping module `\SRAMTemplate$SharedMemory.DataAccessesRRsp_DataAccess_21'.
Dumping module `\SRAMTemplate$SharedMemory.DataAccessesRRsp_DataAccess_22'.
Dumping module `\SRAMTemplate$SharedMemory.DataAccessesRRsp_DataAccess_23'.
Dumping module `\SRAMTemplate$SharedMemory.DataAccessesRRsp_DataAccess_24'.
Dumping module `\SRAMTemplate$SharedMemory.DataAccessesRRsp_DataAccess_25'.
Dumping module `\SRAMTemplate$SharedMemory.DataAccessesRRsp_DataAccess_26'.
Dumping module `\SRAMTemplate$SharedMemory.DataAccessesRRsp_DataAccess_27'.
Dumping module `\SRAMTemplate$SharedMemory.DataAccessesRRsp_DataAccess_28'.
Dumping module `\SRAMTemplate$SharedMemory.DataAccessesRRsp_DataAccess_29'.
Dumping module `\SRAMTemplate$SharedMemory.DataAccessesRRsp_DataAccess_3'.
Dumping module `\SRAMTemplate$SharedMemory.DataAccessesRRsp_DataAccess_30'.
Dumping module `\SRAMTemplate$SharedMemory.DataAccessesRRsp_DataAccess_31'.
Dumping module `\SRAMTemplate$SharedMemory.DataAccessesRRsp_DataAccess_4'.
Dumping module `\SRAMTemplate$SharedMemory.DataAccessesRRsp_DataAccess_5'.
Dumping module `\SRAMTemplate$SharedMemory.DataAccessesRRsp_DataAccess_6'.
Dumping module `\SRAMTemplate$SharedMemory.DataAccessesRRsp_DataAccess_7'.
Dumping module `\SRAMTemplate$SharedMemory.DataAccessesRRsp_DataAccess_8'.
Dumping module `\SRAMTemplate$SharedMemory.DataAccessesRRsp_DataAccess_9'.
Dumping module `\SharedMemory'.

End of script. Logfile hash: d279aa2ff8, time: 83.30s, user: 26.09s, system: 1.40s, MEM: 490.16 MB peak
Yosys 0.64+308 (git sha1 78e05dfb0, Release, Clang /usr/bin/clang++ 18.1.8)
Time spent: 76% 1x abc (66 sec), 5% 7x opt_clean (4 sec), ...
