531,memory.read,0,80000000,00000000
546,collect,0,80000000,2e1080d7
551,collect,1,80000000,2e1080d7
551,collect,0,80000004,90010337
551,writeback,0,80000000,2e1080d7
553,collect,0,80000008,5208a557
553,writeback,0,80000004,90010337
555,writeback,0,80000008,5208a557
556,collect,0,8000000c,96a13557
556,collect,1,80000004,90010337
556,writeback,1,80000000,2e1080d7
558,collect,1,80000008,5208a557
558,writeback,1,80000004,90010337
559,collect,2,80000000,2e1080d7
560,writeback,1,80000008,5208a557
561,collect,1,8000000c,96a13557
561,writeback,0,8000000c,96a13557
562,collect,0,80000010,02a34557
564,collect,2,80000004,90010337
564,writeback,2,80000000,2e1080d7
565,writeback,1,8000000c,96a13557
566,collect,1,80000010,02a34557
566,writeback,2,80000004,90010337
566,writeback,0,80000010,02a34557
567,collect,2,80000008,5208a557
568,collect,0,80000014,0005217b
569,writeback,2,80000008,5208a557
570,collect,2,8000000c,96a13557
570,writeback,1,80000010,02a34557
571,collect,1,80000014,0005217b
572,collect,3,80000000,2e1080d7
572,collect,0,80000018,90100337
573,lsu.issue,0,80000014,0005217b
574,collect,0,8000001c,5208a557
574,writeback,0,80000018,90100337
574,writeback,2,8000000c,96a13557
575,collect,2,80000010,02a34557
575,collect,1,80000018,90100337
576,writeback,0,8000001c,5208a557
576,lsu.issue,1,80000014,0005217b
577,collect,0,80000020,96a13557
577,collect,3,80000004,90010337
577,writeback,1,80000018,90100337
577,writeback,3,80000000,2e1080d7
578,collect,1,8000001c,5208a557
579,writeback,3,80000004,90010337
579,writeback,2,80000010,02a34557
580,collect,2,80000014,0005217b
580,writeback,1,8000001c,5208a557
581,collect,1,80000020,96a13557
581,writeback,0,80000020,96a13557
582,collect,0,80000024,02a34557
582,memory.read,0,90010000,00000000
584,collect,2,80000018,90100337
585,writeback,1,80000020,96a13557
585,lsu.issue,2,80000014,0005217b
586,collect,1,80000024,02a34557
586,writeback,2,80000018,90100337
586,writeback,0,80000024,02a34557
587,collect,2,8000001c,5208a557
588,collect,0,80000028,000521fb
589,writeback,2,8000001c,5208a557
590,collect,2,80000020,96a13557
590,writeback,1,80000024,02a34557
591,collect,3,80000008,5208a557
592,collect,1,80000028,000521fb
593,writeback,3,80000008,5208a557
594,collect,3,8000000c,96a13557
594,writeback,2,80000020,96a13557
595,collect,2,80000024,02a34557
596,writeback,0,80000014,0005217b
597,writeback,1,80000014,0005217b
598,writeback,3,8000000c,96a13557
599,writeback,2,80000024,02a34557
599,lsu.issue,0,80000028,000521fb
600,collect,3,80000010,02a34557
601,collect,2,80000028,000521fb
601,writeback,2,80000014,0005217b
603,lsu.issue,1,80000028,000521fb
604,writeback,3,80000010,02a34557
605,collect,3,80000014,0005217b
606,lsu.issue,2,80000028,000521fb
608,memory.read,0,90100000,00000000
609,collect,3,80000018,90100337
611,collect,3,8000001c,5208a557
611,writeback,3,80000018,90100337
613,writeback,3,8000001c,5208a557
614,collect,3,80000020,96a13557
618,writeback,3,80000020,96a13557
619,collect,3,80000024,02a34557
621,writeback,0,80000028,000521fb
622,collect,0,8000002c,0e31408b
623,writeback,3,80000024,02a34557
623,lsu.issue,3,80000014,0005217b
624,collect,3,80000028,000521fb
625,writeback,1,80000028,000521fb
626,collect,1,8000002c,0e31408b
626,collect,0,80000030,90018337
628,collect,0,80000034,5208a557
628,writeback,0,80000030,90018337
628,writeback,2,80000028,000521fb
629,collect,2,8000002c,0e31408b
630,collect,1,80000030,90018337
630,lsu.issue,3,80000028,000521fb
631,writeback,0,80000034,5208a557
632,collect,0,80000038,96a13557
632,writeback,1,80000030,90018337
633,collect,1,80000034,5208a557
633,collect,2,80000030,90018337
633,writeback,3,80000014,0005217b
635,collect,2,80000034,5208a557
635,writeback,2,80000030,90018337
635,writeback,1,80000034,5208a557
636,collect,1,80000038,96a13557
636,writeback,0,80000038,96a13557
637,collect,0,8000003c,02a34557
637,writeback,2,80000034,5208a557
638,collect,2,80000038,96a13557
638,writeback,0,8000002c,0e31408b
639,writeback,3,80000028,000521fb
640,collect,3,8000002c,0e31408b
640,writeback,1,80000038,96a13557
641,collect,1,8000003c,02a34557
641,writeback,0,8000003c,02a34557
642,collect,0,80000040,0005217b
642,writeback,2,80000038,96a13557
643,collect,2,8000003c,02a34557
643,writeback,1,8000002c,0e31408b
644,collect,3,80000030,90018337
644,writeback,2,8000002c,0e31408b
645,writeback,1,8000003c,02a34557
646,collect,3,80000034,5208a557
646,collect,0,80000044,90108337
646,writeback,3,80000030,90018337
647,collect,1,80000040,0005217b
647,writeback,2,8000003c,02a34557
647,lsu.issue,0,80000040,0005217b
648,collect,2,80000040,0005217b
648,writeback,0,80000044,90108337
648,writeback,3,80000034,5208a557
649,collect,3,80000038,96a13557
650,collect,0,80000048,5208a557
651,collect,1,80000044,90108337
652,writeback,0,80000048,5208a557
652,lsu.issue,1,80000040,0005217b
653,collect,1,80000048,5208a557
653,collect,2,80000044,90108337
653,writeback,1,80000044,90108337
654,collect,0,8000004c,96a13557
654,writeback,3,80000038,96a13557
655,collect,2,80000048,5208a557
655,writeback,2,80000044,90108337
655,writeback,1,80000048,5208a557
655,lsu.issue,2,80000040,0005217b
656,collect,3,8000003c,02a34557
656,memory.read,0,90018000,00000000
656,writeback,3,8000002c,0e31408b
657,collect,1,8000004c,96a13557
657,writeback,2,80000048,5208a557
658,collect,2,8000004c,96a13557
658,writeback,0,8000004c,96a13557
659,collect,0,80000050,02a34557
660,writeback,3,8000003c,02a34557
661,collect,3,80000040,0005217b
661,writeback,1,8000004c,96a13557
662,collect,1,80000050,02a34557
662,writeback,2,8000004c,96a13557
663,collect,2,80000050,02a34557
663,writeback,0,80000050,02a34557
664,collect,0,80000054,000521fb
665,collect,3,80000044,90108337
666,writeback,1,80000050,02a34557
667,collect,1,80000054,000521fb
667,writeback,3,80000044,90108337
667,writeback,2,80000050,02a34557
668,collect,2,80000054,000521fb
669,collect,3,80000048,5208a557
669,writeback,0,80000040,0005217b
671,lsu.issue,3,80000040,0005217b
673,writeback,1,80000040,0005217b
675,lsu.issue,0,80000054,000521fb
677,writeback,2,80000040,0005217b
679,writeback,3,80000048,5208a557
679,lsu.issue,1,80000054,000521fb
680,collect,3,8000004c,96a13557
681,writeback,3,80000040,0005217b
683,lsu.issue,2,80000054,000521fb
684,memory.read,0,90108000,00000000
684,writeback,3,8000004c,96a13557
685,collect,3,80000050,02a34557
689,writeback,3,80000050,02a34557
690,collect,3,80000054,000521fb
697,writeback,0,80000054,000521fb
698,collect,0,80000058,0e31408b
699,lsu.issue,3,80000054,000521fb
701,writeback,1,80000054,000521fb
702,collect,1,80000058,0e31408b
702,collect,0,8000005c,90020337
704,collect,0,80000060,5208a557
704,writeback,0,8000005c,90020337
704,writeback,2,80000054,000521fb
705,collect,2,80000058,0e31408b
706,writeback,0,80000060,5208a557
707,collect,0,80000064,96a13557
707,collect,1,8000005c,90020337
708,writeback,3,80000054,000521fb
709,collect,1,80000060,5208a557
709,collect,2,8000005c,90020337
709,writeback,1,8000005c,90020337
710,collect,3,80000058,0e31408b
711,collect,2,80000060,5208a557
711,writeback,2,8000005c,90020337
711,writeback,0,80000064,96a13557
712,collect,0,80000068,02a34557
712,memory.read,0,80000080,00000000
712,writeback,1,80000060,5208a557
713,collect,1,80000064,96a13557
713,writeback,2,80000060,5208a557
714,collect,2,80000064,96a13557
714,collect,3,8000005c,90020337
714,writeback,0,80000058,0e31408b
716,collect,3,80000060,5208a557
716,writeback,3,8000005c,90020337
716,writeback,0,80000068,02a34557
717,collect,0,8000006c,0005217b
717,writeback,1,80000064,96a13557
718,collect,1,80000068,02a34557
718,writeback,3,80000060,5208a557
719,collect,3,80000064,96a13557
719,writeback,2,80000064,96a13557
720,collect,2,80000068,02a34557
720,writeback,1,80000058,0e31408b
721,collect,0,80000070,90110337
721,writeback,2,80000058,0e31408b
722,writeback,1,80000068,02a34557
722,lsu.issue,0,8000006c,0005217b
723,collect,0,80000074,5208a557
723,writeback,0,80000070,90110337
723,writeback,3,80000064,96a13557
724,collect,1,8000006c,0005217b
724,writeback,2,80000068,02a34557
725,collect,2,8000006c,0005217b
725,writeback,0,80000074,5208a557
726,collect,3,80000068,02a34557
726,writeback,3,80000058,0e31408b
727,collect,0,80000078,96a13557
728,collect,1,80000070,90110337
729,collect,2,80000070,90110337
729,lsu.issue,1,8000006c,0005217b
730,collect,1,80000074,5208a557
730,writeback,1,80000070,90110337
730,writeback,3,80000068,02a34557
731,collect,2,80000074,5208a557
731,memory.read,0,90020000,00000000
731,writeback,2,80000070,90110337
731,writeback,0,80000078,96a13557
732,collect,3,8000006c,0005217b
732,writeback,1,80000074,5208a557
732,lsu.issue,2,8000006c,0005217b
733,collect,0,8000007c,02a34557
733,writeback,2,80000074,5208a557
734,collect,1,80000078,96a13557
735,collect,2,80000078,96a13557
737,writeback,0,8000007c,02a34557
738,collect,0,80000080,000521fb
738,writeback,1,80000078,96a13557
739,collect,1,8000007c,02a34557
739,writeback,2,80000078,96a13557
740,collect,2,8000007c,02a34557
744,writeback,0,8000006c,0005217b
746,writeback,1,8000007c,02a34557
746,lsu.issue,3,8000006c,0005217b
747,collect,1,80000080,000521fb
747,writeback,2,8000007c,02a34557
748,collect,2,80000080,000521fb
749,writeback,1,8000006c,0005217b
750,writeback,2,8000006c,0005217b
752,lsu.issue,0,80000080,000521fb
754,writeback,3,8000006c,0005217b
756,collect,3,80000070,90110337
756,lsu.issue,1,80000080,000521fb
758,collect,3,80000074,5208a557
758,writeback,3,80000070,90110337
759,lsu.issue,2,80000080,000521fb
760,writeback,3,80000074,5208a557
761,collect,3,80000078,96a13557
761,memory.read,0,90110000,00000000
765,writeback,3,80000078,96a13557
766,collect,3,8000007c,02a34557
770,writeback,3,8000007c,02a34557
771,collect,3,80000080,000521fb
774,writeback,0,80000080,000521fb
775,collect,0,80000084,0e31408b
776,lsu.issue,3,80000080,000521fb
778,writeback,1,80000080,000521fb
779,collect,1,80000084,0e31408b
779,collect,0,80000088,90028337
781,collect,0,8000008c,5208a557
781,writeback,0,80000088,90028337
781,writeback,2,80000080,000521fb
782,collect,2,80000084,0e31408b
783,writeback,0,8000008c,5208a557
784,collect,0,80000090,96a13557
784,collect,1,80000088,90028337
785,writeback,3,80000080,000521fb
786,collect,1,8000008c,5208a557
786,collect,2,80000088,90028337
786,writeback,1,80000088,90028337
787,collect,3,80000084,0e31408b
788,collect,2,8000008c,5208a557
788,writeback,2,80000088,90028337
788,writeback,0,80000090,96a13557
789,collect,0,80000094,02a34557
789,writeback,1,8000008c,5208a557
790,collect,1,80000090,96a13557
790,writeback,2,8000008c,5208a557
791,collect,2,80000090,96a13557
791,collect,3,80000088,90028337
791,writeback,0,80000084,0e31408b
793,collect,3,8000008c,5208a557
793,writeback,3,80000088,90028337
793,writeback,0,80000094,02a34557
794,collect,0,80000098,0005217b
794,writeback,1,80000090,96a13557
795,collect,1,80000094,02a34557
795,writeback,3,8000008c,5208a557
796,collect,3,80000090,96a13557
796,writeback,2,80000090,96a13557
797,collect,2,80000094,02a34557
797,writeback,1,80000084,0e31408b
798,collect,0,8000009c,90118337
798,writeback,2,80000084,0e31408b
799,writeback,1,80000094,02a34557
799,lsu.issue,0,80000098,0005217b
800,collect,0,800000a0,5208a557
800,writeback,0,8000009c,90118337
800,writeback,3,80000090,96a13557
801,collect,1,80000098,0005217b
801,writeback,2,80000094,02a34557
802,collect,2,80000098,0005217b
802,writeback,0,800000a0,5208a557
803,collect,3,80000094,02a34557
803,writeback,3,80000084,0e31408b
804,collect,0,800000a4,96a13557
805,collect,1,8000009c,90118337
806,collect,2,8000009c,90118337
806,lsu.issue,1,80000098,0005217b
807,collect,1,800000a0,5208a557
807,writeback,1,8000009c,90118337
807,writeback,3,80000094,02a34557
808,collect,2,800000a0,5208a557
808,memory.read,0,90028000,00000000
808,writeback,2,8000009c,90118337
808,writeback,0,800000a4,96a13557
809,collect,0,800000a8,02a34557
809,writeback,1,800000a0,5208a557
809,lsu.issue,2,80000098,0005217b
810,collect,1,800000a4,96a13557
810,writeback,2,800000a0,5208a557
811,collect,2,800000a4,96a13557
813,writeback,0,800000a8,02a34557
814,collect,0,800000ac,000521fb
814,writeback,1,800000a4,96a13557
815,collect,1,800000a8,02a34557
815,writeback,2,800000a4,96a13557
816,collect,2,800000a8,02a34557
819,writeback,1,800000a8,02a34557
820,collect,1,800000ac,000521fb
820,writeback,2,800000a8,02a34557
821,collect,2,800000ac,000521fb
822,writeback,0,80000098,0005217b
823,collect,3,80000098,0005217b
823,writeback,1,80000098,0005217b
825,lsu.issue,0,800000ac,000521fb
827,writeback,2,80000098,0005217b
829,lsu.issue,1,800000ac,000521fb
832,collect,3,8000009c,90118337
832,lsu.issue,2,800000ac,000521fb
834,collect,3,800000a0,5208a557
834,memory.read,0,90118000,00000000
834,writeback,3,8000009c,90118337
836,writeback,3,800000a0,5208a557
837,collect,3,800000a4,96a13557
841,writeback,3,800000a4,96a13557
842,collect,3,800000a8,02a34557
846,writeback,3,800000a8,02a34557
847,collect,3,800000ac,000521fb
848,writeback,0,800000ac,000521fb
849,collect,0,800000b0,0e31408b
849,writeback,1,800000ac,000521fb
850,collect,1,800000b0,0e31408b
851,lsu.issue,3,80000098,0005217b
853,collect,0,800000b4,90030337
853,writeback,2,800000ac,000521fb
854,collect,2,800000b0,0e31408b
854,collect,1,800000b4,90030337
855,collect,0,800000b8,5208a557
855,writeback,0,800000b4,90030337
855,lsu.issue,3,800000ac,000521fb
856,collect,1,800000b8,5208a557
856,writeback,1,800000b4,90030337
857,writeback,0,800000b8,5208a557
858,collect,0,800000bc,96a13557
858,writeback,1,800000b8,5208a557
859,collect,1,800000bc,96a13557
859,collect,2,800000b4,90030337
860,writeback,3,800000ac,000521fb
861,collect,2,800000b8,5208a557
861,writeback,2,800000b4,90030337
862,writeback,0,800000bc,96a13557
863,collect,0,800000c0,02a34557
863,writeback,2,800000b8,5208a557
864,collect,2,800000bc,96a13557
864,writeback,1,800000bc,96a13557
865,collect,1,800000c0,02a34557
865,writeback,0,800000b0,0e31408b
866,writeback,3,80000098,0005217b
867,collect,3,800000b0,0e31408b
867,writeback,0,800000c0,02a34557
868,collect,0,800000c4,0005217b
868,writeback,2,800000bc,96a13557
869,collect,2,800000c0,02a34557
869,writeback,1,800000c0,02a34557
870,collect,1,800000c4,0005217b
870,writeback,1,800000b0,0e31408b
871,collect,3,800000b4,90030337
871,writeback,2,800000b0,0e31408b
872,collect,0,800000c8,90120337
873,collect,3,800000b8,5208a557
873,writeback,3,800000b4,90030337
873,writeback,2,800000c0,02a34557
873,lsu.issue,0,800000c4,0005217b
874,collect,0,800000cc,5208a557
874,collect,1,800000c8,90120337
874,writeback,0,800000c8,90120337
875,collect,2,800000c4,0005217b
875,writeback,3,800000b8,5208a557
876,collect,3,800000bc,96a13557
876,lsu.issue,1,800000c4,0005217b
876,writeback,1,800000c8,90120337
876,writeback,0,800000cc,5208a557
877,collect,0,800000d0,96a13557
878,collect,1,800000cc,5208a557
879,collect,2,800000c8,90120337
880,writeback,3,800000bc,96a13557
880,lsu.issue,2,800000c4,0005217b
881,collect,2,800000cc,5208a557
881,writeback,2,800000c8,90120337
881,writeback,0,800000d0,96a13557
882,collect,3,800000c0,02a34557
882,memory.read,0,90030000,00000000
882,writeback,1,800000cc,5208a557
883,collect,0,800000d4,02a34557
883,writeback,2,800000cc,5208a557
884,collect,1,800000d0,96a13557
884,writeback,3,800000b0,0e31408b
885,collect,2,800000d0,96a13557
886,writeback,3,800000c0,02a34557
887,collect,3,800000c4,0005217b
887,writeback,0,800000d4,02a34557
888,collect,0,800000d8,000521fb
888,writeback,1,800000d0,96a13557
889,collect,1,800000d4,02a34557
889,writeback,2,800000d0,96a13557
890,collect,2,800000d4,02a34557
895,writeback,0,800000c4,0005217b
897,writeback,1,800000d4,02a34557
897,lsu.issue,3,800000c4,0005217b
898,collect,1,800000d8,000521fb
898,writeback,2,800000d4,02a34557
899,collect,2,800000d8,000521fb
900,writeback,1,800000c4,0005217b
901,writeback,2,800000c4,0005217b
903,lsu.issue,0,800000d8,000521fb
905,writeback,3,800000c4,0005217b
907,collect,3,800000c8,90120337
907,lsu.issue,1,800000d8,000521fb
909,collect,3,800000cc,5208a557
909,writeback,3,800000c8,90120337
910,lsu.issue,2,800000d8,000521fb
911,writeback,3,800000cc,5208a557
912,collect,3,800000d0,96a13557
912,memory.read,0,90120000,00000000
916,writeback,3,800000d0,96a13557
917,collect,3,800000d4,02a34557
921,writeback,3,800000d4,02a34557
922,collect,3,800000d8,000521fb
925,writeback,0,800000d8,000521fb
926,collect,0,800000dc,0e31408b
927,lsu.issue,3,800000d8,000521fb
929,writeback,1,800000d8,000521fb
930,collect,1,800000dc,0e31408b
930,collect,0,800000e0,90038337
932,collect,0,800000e4,5208a557
932,writeback,0,800000e0,90038337
932,writeback,2,800000d8,000521fb
933,collect,2,800000dc,0e31408b
934,writeback,0,800000e4,5208a557
935,collect,0,800000e8,96a13557
935,collect,1,800000e0,90038337
936,memory.read,0,80000100,00000000
936,writeback,3,800000d8,000521fb
937,collect,1,800000e4,5208a557
937,collect,2,800000e0,90038337
937,writeback,1,800000e0,90038337
938,collect,3,800000dc,0e31408b
939,collect,2,800000e4,5208a557
939,writeback,2,800000e0,90038337
939,writeback,0,800000e8,96a13557
940,collect,0,800000ec,02a34557
940,writeback,1,800000e4,5208a557
941,collect,1,800000e8,96a13557
941,writeback,2,800000e4,5208a557
942,collect,2,800000e8,96a13557
942,collect,3,800000e0,90038337
942,writeback,0,800000dc,0e31408b
944,collect,3,800000e4,5208a557
944,writeback,3,800000e0,90038337
944,writeback,0,800000ec,02a34557
945,collect,0,800000f0,0005217b
945,writeback,1,800000e8,96a13557
946,collect,1,800000ec,02a34557
946,writeback,3,800000e4,5208a557
947,collect,3,800000e8,96a13557
947,writeback,2,800000e8,96a13557
948,collect,2,800000ec,02a34557
948,writeback,1,800000dc,0e31408b
949,collect,0,800000f4,90128337
949,writeback,2,800000dc,0e31408b
950,writeback,1,800000ec,02a34557
950,lsu.issue,0,800000f0,0005217b
951,collect,0,800000f8,5208a557
951,writeback,0,800000f4,90128337
951,writeback,3,800000e8,96a13557
952,collect,1,800000f0,0005217b
952,writeback,2,800000ec,02a34557
953,collect,2,800000f0,0005217b
953,writeback,0,800000f8,5208a557
954,collect,3,800000ec,02a34557
954,writeback,3,800000dc,0e31408b
955,collect,0,800000fc,96a13557
956,collect,1,800000f4,90128337
957,collect,2,800000f4,90128337
957,lsu.issue,1,800000f0,0005217b
958,collect,1,800000f8,5208a557
958,writeback,1,800000f4,90128337
958,writeback,3,800000ec,02a34557
959,collect,2,800000f8,5208a557
959,memory.read,0,90038000,00000000
959,writeback,2,800000f4,90128337
959,writeback,0,800000fc,96a13557
960,collect,0,80000100,02a34557
960,writeback,1,800000f8,5208a557
960,lsu.issue,2,800000f0,0005217b
961,collect,1,800000fc,96a13557
961,writeback,2,800000f8,5208a557
962,collect,2,800000fc,96a13557
964,writeback,0,80000100,02a34557
965,collect,0,80000104,000521fb
965,writeback,1,800000fc,96a13557
966,collect,1,80000100,02a34557
966,writeback,2,800000fc,96a13557
967,collect,2,80000100,02a34557
970,writeback,1,80000100,02a34557
971,collect,1,80000104,000521fb
971,writeback,2,80000100,02a34557
972,collect,2,80000104,000521fb
973,writeback,0,800000f0,0005217b
974,collect,3,800000f0,0005217b
974,writeback,1,800000f0,0005217b
976,lsu.issue,0,80000104,000521fb
978,writeback,2,800000f0,0005217b
980,lsu.issue,1,80000104,000521fb
983,collect,3,800000f4,90128337
983,lsu.issue,2,80000104,000521fb
985,collect,3,800000f8,5208a557
985,memory.read,0,90128000,00000000
985,writeback,3,800000f4,90128337
987,writeback,3,800000f8,5208a557
988,collect,3,800000fc,96a13557
992,writeback,3,800000fc,96a13557
993,collect,3,80000100,02a34557
997,writeback,3,80000100,02a34557
998,collect,3,80000104,000521fb
999,writeback,0,80000104,000521fb
1000,collect,0,80000108,0e31408b
1000,writeback,1,80000104,000521fb
1001,collect,1,80000108,0e31408b
1002,lsu.issue,3,800000f0,0005217b
1004,collect,0,8000010c,90040337
1004,writeback,2,80000104,000521fb
1005,collect,2,80000108,0e31408b
1005,collect,1,8000010c,90040337
1006,collect,0,80000110,5208a557
1006,writeback,0,8000010c,90040337
1006,lsu.issue,3,80000104,000521fb
1007,collect,1,80000110,5208a557
1007,writeback,1,8000010c,90040337
1008,writeback,0,80000110,5208a557
1009,collect,0,80000114,96a13557
1009,writeback,1,80000110,5208a557
1010,collect,1,80000114,96a13557
1010,collect,2,8000010c,90040337
1011,writeback,3,80000104,000521fb
1012,collect,2,80000110,5208a557
1012,writeback,2,8000010c,90040337
1013,writeback,0,80000114,96a13557
1014,collect,0,80000118,02a34557
1014,writeback,2,80000110,5208a557
1015,collect,2,80000114,96a13557
1015,writeback,1,80000114,96a13557
1016,collect,1,80000118,02a34557
1016,writeback,0,80000108,0e31408b
1017,writeback,3,800000f0,0005217b
1018,collect,3,80000108,0e31408b
1018,writeback,0,80000118,02a34557
1019,collect,0,8000011c,0005217b
1019,writeback,2,80000114,96a13557
1020,collect,2,80000118,02a34557
1020,writeback,1,80000118,02a34557
1021,collect,1,8000011c,0005217b
1021,writeback,1,80000108,0e31408b
1022,collect,3,8000010c,90040337
1022,writeback,2,80000108,0e31408b
1023,collect,0,80000120,90130337
1024,collect,3,80000110,5208a557
1024,writeback,3,8000010c,90040337
1024,lsu.issue,0,8000011c,0005217b
1024,writeback,2,80000118,02a34557
1025,collect,0,80000124,5208a557
1025,collect,1,80000120,90130337
1025,writeback,0,80000120,90130337
1026,collect,2,8000011c,0005217b
1026,writeback,3,80000110,5208a557
1027,collect,3,80000114,96a13557
1027,writeback,1,80000120,90130337
1027,writeback,0,80000124,5208a557
1027,lsu.issue,1,8000011c,0005217b
1028,collect,0,80000128,96a13557
1029,collect,1,80000124,5208a557
1030,collect,2,80000120,90130337
1031,writeback,3,80000114,96a13557
1031,lsu.issue,2,8000011c,0005217b
1032,collect,2,80000124,5208a557
1032,writeback,2,80000120,90130337
1032,writeback,0,80000128,96a13557
1033,collect,3,80000118,02a34557
1033,memory.read,0,90040000,00000000
1033,writeback,1,80000124,5208a557
1034,collect,0,8000012c,02a34557
1034,writeback,2,80000124,5208a557
1035,collect,1,80000128,96a13557
1035,writeback,3,80000108,0e31408b
1036,collect,2,80000128,96a13557
1037,writeback,3,80000118,02a34557
1038,collect,3,8000011c,0005217b
1038,writeback,0,8000012c,02a34557
1039,collect,0,80000130,000521fb
1039,writeback,1,80000128,96a13557
1040,collect,1,8000012c,02a34557
1040,writeback,2,80000128,96a13557
1041,collect,2,8000012c,02a34557
1046,writeback,0,8000011c,0005217b
1048,writeback,1,8000012c,02a34557
1048,lsu.issue,3,8000011c,0005217b
1049,collect,1,80000130,000521fb
1049,writeback,2,8000012c,02a34557
1050,collect,2,80000130,000521fb
1051,writeback,1,8000011c,0005217b
1052,writeback,2,8000011c,0005217b
1054,lsu.issue,0,80000130,000521fb
1056,writeback,3,8000011c,0005217b
1058,collect,3,80000120,90130337
1058,lsu.issue,1,80000130,000521fb
1060,collect,3,80000124,5208a557
1060,writeback,3,80000120,90130337
1061,lsu.issue,2,80000130,000521fb
1062,writeback,3,80000124,5208a557
1063,collect,3,80000128,96a13557
1063,memory.read,0,90130000,00000000
1067,writeback,3,80000128,96a13557
1068,collect,3,8000012c,02a34557
1072,writeback,3,8000012c,02a34557
1073,collect,3,80000130,000521fb
1076,writeback,0,80000130,000521fb
1077,collect,0,80000134,0e31408b
1078,lsu.issue,3,80000130,000521fb
1080,writeback,1,80000130,000521fb
1081,collect,1,80000134,0e31408b
1081,collect,0,80000138,90048337
1083,collect,0,8000013c,5208a557
1083,writeback,0,80000138,90048337
1083,writeback,2,80000130,000521fb
1084,collect,2,80000134,0e31408b
1085,writeback,0,8000013c,5208a557
1086,collect,0,80000140,96a13557
1086,collect,1,80000138,90048337
1087,writeback,3,80000130,000521fb
1088,collect,1,8000013c,5208a557
1088,collect,2,80000138,90048337
1088,writeback,1,80000138,90048337
1089,collect,3,80000134,0e31408b
1090,collect,2,8000013c,5208a557
1090,writeback,2,80000138,90048337
1090,writeback,0,80000140,96a13557
1091,collect,0,80000144,02a34557
1091,writeback,1,8000013c,5208a557
1092,collect,1,80000140,96a13557
1092,writeback,2,8000013c,5208a557
1093,collect,2,80000140,96a13557
1093,collect,3,80000138,90048337
1093,writeback,0,80000134,0e31408b
1095,collect,3,8000013c,5208a557
1095,writeback,3,80000138,90048337
1095,writeback,0,80000144,02a34557
1096,collect,0,80000148,0005217b
1096,writeback,1,80000140,96a13557
1097,collect,1,80000144,02a34557
1097,writeback,3,8000013c,5208a557
1098,collect,3,80000140,96a13557
1098,writeback,2,80000140,96a13557
1099,collect,2,80000144,02a34557
1099,writeback,1,80000134,0e31408b
1100,collect,0,8000014c,90138337
1100,writeback,2,80000134,0e31408b
1101,writeback,1,80000144,02a34557
1101,lsu.issue,0,80000148,0005217b
1102,collect,0,80000150,5208a557
1102,writeback,0,8000014c,90138337
1102,writeback,3,80000140,96a13557
1103,collect,1,80000148,0005217b
1103,writeback,2,80000144,02a34557
1104,collect,2,80000148,0005217b
1104,writeback,0,80000150,5208a557
1105,collect,3,80000144,02a34557
1105,writeback,3,80000134,0e31408b
1106,collect,0,80000154,96a13557
1107,collect,1,8000014c,90138337
1108,collect,2,8000014c,90138337
1108,lsu.issue,1,80000148,0005217b
1109,collect,1,80000150,5208a557
1109,writeback,1,8000014c,90138337
1109,writeback,3,80000144,02a34557
1110,collect,2,80000150,5208a557
1110,memory.read,0,90048000,00000000
1110,writeback,2,8000014c,90138337
1110,writeback,0,80000154,96a13557
1111,collect,0,80000158,02a34557
1111,writeback,1,80000150,5208a557
1111,lsu.issue,2,80000148,0005217b
1112,collect,1,80000154,96a13557
1112,writeback,2,80000150,5208a557
1113,collect,2,80000154,96a13557
1115,writeback,0,80000158,02a34557
1116,collect,0,8000015c,000521fb
1116,writeback,1,80000154,96a13557
1117,collect,1,80000158,02a34557
1117,writeback,2,80000154,96a13557
1118,collect,2,80000158,02a34557
1121,writeback,1,80000158,02a34557
1122,collect,1,8000015c,000521fb
1122,writeback,2,80000158,02a34557
1123,collect,2,8000015c,000521fb
1124,writeback,0,80000148,0005217b
1125,collect,3,80000148,0005217b
1125,writeback,1,80000148,0005217b
1126,memory.read,0,80000180,00000000
1127,lsu.issue,0,8000015c,000521fb
1129,writeback,2,80000148,0005217b
1131,lsu.issue,1,8000015c,000521fb
1134,collect,3,8000014c,90138337
1134,lsu.issue,2,8000015c,000521fb
1136,collect,3,80000150,5208a557
1136,memory.read,0,90138000,00000000
1136,writeback,3,8000014c,90138337
1138,writeback,3,80000150,5208a557
1139,collect,3,80000154,96a13557
1143,writeback,3,80000154,96a13557
1144,collect,3,80000158,02a34557
1148,writeback,3,80000158,02a34557
1149,collect,3,8000015c,000521fb
1150,writeback,0,8000015c,000521fb
1151,collect,0,80000160,0e31408b
1151,writeback,1,8000015c,000521fb
1152,collect,1,80000160,0e31408b
1153,lsu.issue,3,80000148,0005217b
1155,collect,0,80000164,90010337
1155,writeback,2,8000015c,000521fb
1156,collect,2,80000160,0e31408b
1156,collect,1,80000164,90010337
1157,collect,0,80000168,5208a557
1157,writeback,0,80000164,90010337
1157,lsu.issue,3,8000015c,000521fb
1158,collect,1,80000168,5208a557
1158,writeback,1,80000164,90010337
1159,writeback,0,80000168,5208a557
1160,collect,0,8000016c,96a13557
1160,writeback,1,80000168,5208a557
1161,collect,1,8000016c,96a13557
1161,collect,2,80000164,90010337
1162,writeback,3,8000015c,000521fb
1163,collect,2,80000168,5208a557
1163,writeback,2,80000164,90010337
1164,writeback,0,8000016c,96a13557
1165,collect,0,80000170,02a34557
1165,writeback,2,80000168,5208a557
1166,collect,2,8000016c,96a13557
1166,writeback,1,8000016c,96a13557
1167,collect,1,80000170,02a34557
1167,writeback,0,80000160,0e31408b
1168,writeback,3,80000148,0005217b
1169,collect,3,80000160,0e31408b
1169,writeback,0,80000170,02a34557
1170,collect,0,80000174,0005217b
1170,writeback,2,8000016c,96a13557
1171,collect,2,80000170,02a34557
1171,writeback,1,80000170,02a34557
1172,collect,1,80000174,0005217b
1172,writeback,1,80000160,0e31408b
1173,collect,3,80000164,90010337
1173,writeback,2,80000160,0e31408b
1174,collect,0,80000178,90100337
1175,collect,3,80000168,5208a557
1175,writeback,3,80000164,90010337
1175,lsu.issue,0,80000174,0005217b
1175,writeback,2,80000170,02a34557
1176,collect,0,8000017c,5208a557
1176,collect,1,80000178,90100337
1176,writeback,0,80000178,90100337
1177,collect,2,80000174,0005217b
1177,writeback,3,80000168,5208a557
1178,collect,3,8000016c,96a13557
1178,writeback,1,80000178,90100337
1178,writeback,0,8000017c,5208a557
1178,lsu.issue,1,80000174,0005217b
1179,collect,0,80000180,96a13557
1180,collect,1,8000017c,5208a557
1180,writeback,0,80000174,0005217b
1181,collect,2,80000178,90100337
1182,writeback,3,8000016c,96a13557
1182,lsu.issue,2,80000174,0005217b
1183,collect,2,8000017c,5208a557
1183,writeback,2,80000178,90100337
1183,writeback,0,80000180,96a13557
1184,collect,3,80000170,02a34557
1184,writeback,1,8000017c,5208a557
1185,collect,0,80000184,02a34557
1185,writeback,2,8000017c,5208a557
1186,collect,1,80000180,96a13557
1186,writeback,3,80000160,0e31408b
1187,collect,2,80000180,96a13557
1187,writeback,2,80000174,0005217b
1188,writeback,3,80000170,02a34557
1189,collect,3,80000174,0005217b
1189,writeback,0,80000184,02a34557
1190,collect,0,80000188,000521fb
1190,writeback,1,80000180,96a13557
1191,collect,1,80000184,02a34557
1191,writeback,2,80000180,96a13557
1192,collect,2,80000184,02a34557
1193,writeback,1,80000174,0005217b
1195,writeback,1,80000184,02a34557
1195,lsu.issue,3,80000174,0005217b
1196,collect,1,80000188,000521fb
1196,writeback,2,80000184,02a34557
1197,collect,2,80000188,000521fb
1198,lsu.issue,0,80000188,000521fb
1200,writeback,3,80000174,0005217b
1202,collect,3,80000178,90100337
1202,lsu.issue,1,80000188,000521fb
1204,collect,3,8000017c,5208a557
1204,writeback,3,80000178,90100337
1205,lsu.issue,2,80000188,000521fb
1206,writeback,3,8000017c,5208a557
1207,collect,3,80000180,96a13557
1211,writeback,3,80000180,96a13557
1212,collect,3,80000184,02a34557
1213,writeback,1,80000188,000521fb
1214,collect,1,8000018c,0e31408b
1214,writeback,0,80000188,000521fb
1215,collect,0,8000018c,0e31408b
1216,writeback,3,80000184,02a34557
1217,collect,3,80000188,000521fb
1218,collect,1,80000190,90018337
1218,writeback,2,80000188,000521fb
1219,collect,2,8000018c,0e31408b
1219,collect,0,80000190,90018337
1220,collect,1,80000194,5208a557
1220,writeback,1,80000190,90018337
1221,collect,0,80000194,5208a557
1221,writeback,0,80000190,90018337
1222,writeback,1,80000194,5208a557
1222,lsu.issue,3,80000188,000521fb
1223,collect,1,80000198,96a13557
1223,writeback,0,80000194,5208a557
1224,collect,0,80000198,96a13557
1224,collect,2,80000190,90018337
1226,collect,2,80000194,5208a557
1226,writeback,2,80000190,90018337
1227,writeback,1,80000198,96a13557
1228,collect,1,8000019c,02a34557
1228,writeback,0,80000198,96a13557
1229,collect,0,8000019c,02a34557
1229,writeback,2,80000194,5208a557
1230,collect,2,80000198,96a13557
1230,writeback,1,8000018c,0e31408b
1231,writeback,3,80000188,000521fb
1232,collect,3,8000018c,0e31408b
1232,writeback,1,8000019c,02a34557
1233,collect,1,800001a0,0005217b
1233,writeback,0,8000019c,02a34557
1234,collect,0,800001a0,0005217b
1234,writeback,2,80000198,96a13557
1235,collect,2,8000019c,02a34557
1235,writeback,0,8000018c,0e31408b
1236,collect,3,80000190,90018337
1236,writeback,2,8000018c,0e31408b
1237,collect,1,800001a4,90108337
1238,collect,3,80000194,5208a557
1238,collect,0,800001a4,90108337
1238,writeback,3,80000190,90018337
1238,lsu.issue,1,800001a0,0005217b
1239,collect,1,800001a8,5208a557
1239,writeback,1,800001a4,90108337
1239,writeback,2,8000019c,02a34557
1240,collect,2,800001a0,0005217b
1240,writeback,0,800001a4,90108337
1240,writeback,3,80000194,5208a557
1241,collect,3,80000198,96a13557
1241,writeback,1,800001a8,5208a557
1241,lsu.issue,0,800001a0,0005217b
1242,collect,0,800001a8,5208a557
1243,collect,1,800001ac,96a13557
1244,writeback,0,800001a8,5208a557
1245,collect,0,800001ac,96a13557
1245,collect,2,800001a4,90108337
1246,writeback,3,80000198,96a13557
1246,lsu.issue,2,800001a0,0005217b
1247,collect,2,800001a8,5208a557
1247,writeback,2,800001a4,90108337
1247,writeback,1,800001ac,96a13557
1248,collect,3,8000019c,02a34557
1248,writeback,3,8000018c,0e31408b
1249,collect,1,800001b0,02a34557
1249,writeback,0,800001ac,96a13557
1250,collect,0,800001b0,02a34557
1250,writeback,2,800001a8,5208a557
1251,collect,2,800001ac,96a13557
1252,writeback,3,8000019c,02a34557
1253,collect,3,800001a0,0005217b
1253,writeback,1,800001b0,02a34557
1254,collect,1,800001b4,000521fb
1254,writeback,0,800001b0,02a34557
1255,collect,0,800001b4,000521fb
1255,writeback,2,800001ac,96a13557
1256,collect,2,800001b0,02a34557
1257,collect,3,800001a4,90108337
1257,writeback,1,800001a0,0005217b
1258,writeback,0,800001a0,0005217b
1259,collect,3,800001a8,5208a557
1259,writeback,3,800001a4,90108337
1259,writeback,2,800001a0,0005217b
1261,lsu.issue,3,800001a0,0005217b
1264,lsu.issue,1,800001b4,000521fb
1265,writeback,2,800001b0,02a34557
1266,collect,2,800001b4,000521fb
1266,writeback,3,800001a8,5208a557
1267,collect,3,800001ac,96a13557
1267,lsu.issue,0,800001b4,000521fb
1268,writeback,3,800001a0,0005217b
1271,writeback,3,800001ac,96a13557
1271,lsu.issue,2,800001b4,000521fb
1272,collect,3,800001b0,02a34557
1273,memory.read,0,90108000,00000000
1276,writeback,3,800001b0,02a34557
1277,collect,3,800001b4,000521fb
1286,writeback,1,800001b4,000521fb
1287,collect,1,800001b8,0e31408b
1288,lsu.issue,3,800001b4,000521fb
1290,writeback,0,800001b4,000521fb
1291,collect,0,800001b8,0e31408b
1291,collect,1,800001bc,90020337
1293,collect,1,800001c0,5208a557
1293,writeback,1,800001bc,90020337
1293,writeback,2,800001b4,000521fb
1294,collect,2,800001b8,0e31408b
1295,writeback,1,800001c0,5208a557
1296,collect,1,800001c4,96a13557
1296,collect,0,800001bc,90020337
1297,writeback,3,800001b4,000521fb
1298,collect,3,800001b8,0e31408b
1298,collect,2,800001bc,90020337
1298,writeback,0,800001bc,90020337
1299,collect,0,800001c0,5208a557
1300,collect,2,800001c0,5208a557
1300,writeback,2,800001bc,90020337
1300,writeback,1,800001c4,96a13557
1301,collect,1,800001c8,02a34557
1301,writeback,0,800001c0,5208a557
1302,collect,0,800001c4,96a13557
1302,writeback,2,800001c0,5208a557
1303,collect,2,800001c4,96a13557
1303,collect,3,800001bc,90020337
1303,writeback,1,800001b8,0e31408b
1305,collect,3,800001c0,5208a557
1305,writeback,3,800001bc,90020337
1305,writeback,1,800001c8,02a34557
1306,collect,1,800001cc,0005217b
1306,writeback,0,800001c4,96a13557
1307,collect,0,800001c8,02a34557
1307,writeback,2,800001c4,96a13557
1308,collect,2,800001c8,02a34557
1308,writeback,3,800001c0,5208a557
1309,collect,3,800001c4,96a13557
1309,writeback,0,800001b8,0e31408b
1310,collect,1,800001d0,90110337
1310,writeback,2,800001b8,0e31408b
1311,writeback,0,800001c8,02a34557
1311,lsu.issue,1,800001cc,0005217b
1312,collect,0,800001cc,0005217b
1312,writeback,1,800001d0,90110337
1312,writeback,2,800001c8,02a34557
1313,collect,1,800001d4,5208a557
1313,writeback,3,800001c4,96a13557
1314,collect,2,800001cc,0005217b
1314,writeback,3,800001b8,0e31408b
1315,collect,3,800001c8,02a34557
1315,writeback,1,800001d4,5208a557
1316,collect,1,800001d8,96a13557
1316,collect,0,800001d0,90110337
1317,lsu.issue,0,800001cc,0005217b
1318,collect,0,800001d4,5208a557
1318,collect,2,800001d0,90110337
1318,writeback,0,800001d0,90110337
1319,writeback,3,800001c8,02a34557
1320,collect,2,800001d4,5208a557
1320,memory.read,0,90020000,00000000
1320,writeback,2,800001d0,90110337
1320,writeback,0,800001d4,5208a557
1320,lsu.issue,2,800001cc,0005217b
1321,collect,3,800001cc,0005217b
1321,writeback,1,800001d8,96a13557
1322,collect,0,800001d8,96a13557
1322,writeback,2,800001d4,5208a557
1323,collect,1,800001dc,02a34557
1324,collect,2,800001d8,96a13557
1326,writeback,0,800001d8,96a13557
1327,collect,0,800001dc,02a34557
1327,writeback,1,800001dc,02a34557
1328,collect,1,800001e0,000521fb
1328,writeback,2,800001d8,96a13557
1329,collect,2,800001dc,02a34557
1331,writeback,0,800001dc,02a34557
1332,collect,0,800001e0,000521fb
1333,memory.read,0,80000200,00000000
1333,writeback,1,800001cc,0005217b
1335,writeback,2,800001dc,02a34557
1335,lsu.issue,3,800001cc,0005217b
1336,collect,2,800001e0,000521fb
1337,writeback,0,800001cc,0005217b
1339,lsu.issue,1,800001e0,000521fb
1341,writeback,2,800001cc,0005217b
1343,lsu.issue,0,800001e0,000521fb
1345,writeback,3,800001cc,0005217b
1347,collect,3,800001d0,90110337
1347,lsu.issue,2,800001e0,000521fb
1349,collect,3,800001d4,5208a557
1349,writeback,3,800001d0,90110337
1351,writeback,3,800001d4,5208a557
1352,collect,3,800001d8,96a13557
1353,writeback,1,800001e0,000521fb
1354,collect,1,800001e4,0e31408b
1354,writeback,0,800001e0,000521fb
1355,collect,0,800001e4,0e31408b
1356,writeback,3,800001d8,96a13557
1357,collect,3,800001dc,02a34557
1358,collect,1,800001e8,90028337
1358,writeback,2,800001e0,000521fb
1359,collect,2,800001e4,0e31408b
1359,collect,0,800001e8,90028337
1360,collect,1,800001ec,5208a557
1360,writeback,1,800001e8,90028337
1361,collect,0,800001ec,5208a557
1361,writeback,0,800001e8,90028337
1361,writeback,3,800001dc,02a34557
1362,collect,3,800001e0,000521fb
1362,writeback,1,800001ec,5208a557
1363,collect,1,800001f0,96a13557
1363,writeback,0,800001ec,5208a557
1364,collect,0,800001f0,96a13557
1364,collect,2,800001e8,90028337
1366,collect,2,800001ec,5208a557
1366,writeback,2,800001e8,90028337
1367,writeback,1,800001f0,96a13557
1367,lsu.issue,3,800001e0,000521fb
1368,collect,1,800001f4,02a34557
1368,writeback,0,800001f0,96a13557
1369,collect,0,800001f4,02a34557
1369,writeback,2,800001ec,5208a557
1370,collect,2,800001f0,96a13557
1370,writeback,1,800001e4,0e31408b
1371,writeback,0,800001e4,0e31408b
1372,writeback,1,800001f4,02a34557
1373,collect,1,800001f8,0005217b
1373,writeback,0,800001f4,02a34557
1374,collect,0,800001f8,0005217b
1374,writeback,2,800001f0,96a13557
1375,collect,2,800001f4,02a34557
1375,writeback,2,800001e4,0e31408b
1376,writeback,3,800001e0,000521fb
1377,collect,3,800001e4,0e31408b
1377,collect,1,800001fc,90118337
1378,collect,0,800001fc,90118337
1378,lsu.issue,1,800001f8,0005217b
1379,collect,1,80000200,5208a557
1379,writeback,1,800001fc,90118337
1379,writeback,2,800001f4,02a34557
1380,collect,2,800001f8,0005217b
1380,writeback,0,800001fc,90118337
1381,collect,0,80000200,5208a557
1381,collect,3,800001e8,90028337
1381,lsu.issue,0,800001f8,0005217b
1382,writeback,1,80000200,5208a557
1383,collect,1,80000204,96a13557
1383,writeback,3,800001e8,90028337
1383,writeback,0,80000200,5208a557
1384,collect,3,800001ec,5208a557
1384,collect,2,800001fc,90118337
1385,collect,0,80000204,96a13557
1385,lsu.issue,2,800001f8,0005217b
1386,collect,2,80000200,5208a557
1386,writeback,2,800001fc,90118337
1386,writeback,3,800001ec,5208a557
1387,collect,3,800001f0,96a13557
1387,memory.read,0,90028000,00000000
1387,writeback,1,80000204,96a13557
1388,collect,1,80000208,02a34557
1388,writeback,2,80000200,5208a557
1389,collect,2,80000204,96a13557
1389,writeback,0,80000204,96a13557
1390,collect,0,80000208,02a34557
1391,writeback,3,800001f0,96a13557
1392,collect,3,800001f4,02a34557
1392,writeback,1,80000208,02a34557
1393,collect,1,8000020c,000521fb
1393,writeback,2,80000204,96a13557
1394,collect,2,80000208,02a34557
1394,writeback,0,80000208,02a34557
1395,collect,0,8000020c,000521fb
1395,writeback,3,800001e4,0e31408b
1396,writeback,3,800001f4,02a34557
1397,collect,3,800001f8,0005217b
1398,writeback,2,80000208,02a34557
1399,collect,2,8000020c,000521fb
1400,writeback,1,800001f8,0005217b
1402,lsu.issue,1,8000020c,000521fb
1404,writeback,0,800001f8,0005217b
1405,collect,3,800001fc,90118337
1406,lsu.issue,0,8000020c,000521fb
1407,collect,3,80000200,5208a557
1407,writeback,3,800001fc,90118337
1408,writeback,2,800001f8,0005217b
1410,writeback,3,80000200,5208a557
1410,lsu.issue,3,800001f8,0005217b
1411,collect,3,80000204,96a13557
1411,memory.read,0,90118000,00000000
1413,lsu.issue,2,8000020c,000521fb
1415,writeback,3,80000204,96a13557
1416,collect,3,80000208,02a34557
1417,writeback,3,800001f8,0005217b
1420,writeback,3,80000208,02a34557
1421,collect,3,8000020c,000521fb
1424,writeback,1,8000020c,000521fb
1425,collect,1,80000210,0e31408b
1426,lsu.issue,3,8000020c,000521fb
1428,writeback,0,8000020c,000521fb
1429,collect,0,80000210,0e31408b
1429,collect,1,80000214,90030337
1431,collect,1,80000218,5208a557
1431,writeback,1,80000214,90030337
1431,writeback,2,8000020c,000521fb
1432,collect,2,80000210,0e31408b
1433,writeback,1,80000218,5208a557
1434,collect,1,8000021c,96a13557
1434,collect,0,80000214,90030337
1435,writeback,3,8000020c,000521fb
1436,collect,3,80000210,0e31408b
1436,collect,2,80000214,90030337
1436,writeback,0,80000214,90030337
1437,collect,0,80000218,5208a557
1438,collect,2,80000218,5208a557
1438,writeback,2,80000214,90030337
1438,writeback,1,8000021c,96a13557
1439,collect,1,80000220,02a34557
1439,writeback,0,80000218,5208a557
1440,collect,0,8000021c,96a13557
1440,writeback,2,80000218,5208a557
1441,collect,2,8000021c,96a13557
1441,collect,3,80000214,90030337
1441,writeback,1,80000210,0e31408b
1443,collect,3,80000218,5208a557
1443,writeback,3,80000214,90030337
1443,writeback,1,80000220,02a34557
1444,collect,1,80000224,0005217b
1444,writeback,0,8000021c,96a13557
1445,collect,0,80000220,02a34557
1445,writeback,2,8000021c,96a13557
1446,collect,2,80000220,02a34557
1446,writeback,3,80000218,5208a557
1447,collect,3,8000021c,96a13557
1447,writeback,0,80000210,0e31408b
1448,collect,1,80000228,90120337
1448,writeback,2,80000210,0e31408b
1449,writeback,0,80000220,02a34557
1449,lsu.issue,1,80000224,0005217b
1450,collect,0,80000224,0005217b
1450,writeback,1,80000228,90120337
1450,writeback,2,80000220,02a34557
1451,collect,1,8000022c,5208a557
1451,writeback,3,8000021c,96a13557
1452,collect,2,80000224,0005217b
1452,writeback,3,80000210,0e31408b
1453,collect,3,80000220,02a34557
1453,writeback,1,8000022c,5208a557
1454,collect,1,80000230,96a13557
1454,collect,0,80000228,90120337
1455,lsu.issue,0,80000224,0005217b
1456,collect,0,8000022c,5208a557
1456,collect,2,80000228,90120337
1456,writeback,0,80000228,90120337
1457,writeback,3,80000220,02a34557
1458,collect,2,8000022c,5208a557
1458,writeback,2,80000228,90120337
1458,writeback,0,8000022c,5208a557
1458,lsu.issue,2,80000224,0005217b
1459,collect,3,80000224,0005217b
1459,writeback,1,80000230,96a13557
1460,collect,0,80000230,96a13557
1460,writeback,2,8000022c,5208a557
1461,collect,1,80000234,02a34557
1462,collect,2,80000230,96a13557
1462,writeback,1,80000224,0005217b
1464,writeback,0,80000230,96a13557
1464,lsu.issue,3,80000224,0005217b
1465,collect,0,80000234,02a34557
1465,writeback,1,80000234,02a34557
1466,collect,1,80000238,000521fb
1466,writeback,2,80000230,96a13557
1467,collect,2,80000234,02a34557
1468,writeback,0,80000224,0005217b
1469,writeback,0,80000234,02a34557
1470,collect,0,80000238,000521fb
1471,writeback,2,80000234,02a34557
1472,collect,2,80000238,000521fb
1472,lsu.issue,1,80000238,000521fb
1473,writeback,3,80000224,0005217b
1474,writeback,2,80000224,0005217b
1475,collect,3,80000228,90120337
1476,lsu.issue,0,80000238,000521fb
1477,collect,3,8000022c,5208a557
1477,writeback,3,80000228,90120337
1479,writeback,3,8000022c,5208a557
1479,lsu.issue,2,80000238,000521fb
1480,collect,3,80000230,96a13557
1481,memory.read,0,90120000,00000000
1484,writeback,3,80000230,96a13557
1485,collect,3,80000234,02a34557
1489,writeback,3,80000234,02a34557
1490,collect,3,80000238,000521fb
1494,writeback,1,80000238,000521fb
1495,collect,1,8000023c,0e31408b
1496,lsu.issue,3,80000238,000521fb
1498,writeback,0,80000238,000521fb
1499,collect,0,8000023c,0e31408b
1499,collect,1,80000240,90038337
1501,collect,1,80000244,5208a557
1501,writeback,1,80000240,90038337
1501,writeback,2,80000238,000521fb
1502,collect,2,8000023c,0e31408b
1503,writeback,1,80000244,5208a557
1504,collect,1,80000248,96a13557
1504,collect,0,80000240,90038337
1505,writeback,3,80000238,000521fb
1506,collect,3,8000023c,0e31408b
1506,collect,2,80000240,90038337
1506,writeback,0,80000240,90038337
1507,collect,0,80000244,5208a557
1508,collect,2,80000244,5208a557
1508,writeback,2,80000240,90038337
1508,writeback,1,80000248,96a13557
1509,collect,1,8000024c,02a34557
1509,writeback,0,80000244,5208a557
1510,collect,0,80000248,96a13557
1510,writeback,2,80000244,5208a557
1511,collect,2,80000248,96a13557
1511,collect,3,80000240,90038337
1511,writeback,1,8000023c,0e31408b
1513,collect,3,80000244,5208a557
1513,writeback,3,80000240,90038337
1513,writeback,1,8000024c,02a34557
1514,collect,1,80000250,0005217b
1514,writeback,0,80000248,96a13557
1515,collect,0,8000024c,02a34557
1515,writeback,2,80000248,96a13557
1516,collect,2,8000024c,02a34557
1516,writeback,3,80000244,5208a557
1517,collect,3,80000248,96a13557
1517,writeback,0,8000023c,0e31408b
1518,collect,1,80000254,90128337
1518,writeback,2,8000023c,0e31408b
1519,writeback,0,8000024c,02a34557
1519,lsu.issue,1,80000250,0005217b
1520,collect,0,80000250,0005217b
1520,writeback,1,80000254,90128337
1520,writeback,2,8000024c,02a34557
1521,collect,1,80000258,5208a557
1521,writeback,3,80000248,96a13557
1522,collect,2,80000250,0005217b
1522,writeback,3,8000023c,0e31408b
1523,collect,3,8000024c,02a34557
1523,writeback,1,80000258,5208a557
1524,collect,1,8000025c,96a13557
1524,collect,0,80000254,90128337
1525,lsu.issue,0,80000250,0005217b
1526,collect,0,80000258,5208a557
1526,collect,2,80000254,90128337
1526,writeback,0,80000254,90128337
1527,writeback,3,8000024c,02a34557
1528,collect,2,80000258,5208a557
1528,writeback,2,80000254,90128337
1528,lsu.issue,2,80000250,0005217b
1528,writeback,0,80000258,5208a557
1529,collect,3,80000250,0005217b
1529,writeback,1,8000025c,96a13557
1530,collect,0,8000025c,96a13557
1530,writeback,2,80000258,5208a557
1531,collect,1,80000260,02a34557
1532,collect,2,8000025c,96a13557
1532,writeback,1,80000250,0005217b
1533,collect,3,80000254,90128337
1534,writeback,0,8000025c,96a13557
1534,lsu.issue,3,80000250,0005217b
1535,collect,3,80000258,5208a557
1535,writeback,3,80000254,90128337
1535,writeback,1,80000260,02a34557
1536,collect,0,80000260,02a34557
1536,writeback,2,8000025c,96a13557
1537,collect,1,80000264,000521fb
1537,memory.read,0,80000280,00000000
1537,writeback,3,80000258,5208a557
1538,collect,2,80000260,02a34557
1539,collect,3,8000025c,96a13557
1539,writeback,3,80000250,0005217b
1540,writeback,0,80000260,02a34557
1541,collect,0,80000264,000521fb
1542,writeback,2,80000260,02a34557
1543,collect,2,80000264,000521fb
1543,writeback,3,8000025c,96a13557
1543,lsu.issue,1,80000264,000521fb
1545,collect,3,80000260,02a34557
1545,writeback,0,80000250,0005217b
1546,writeback,2,80000250,0005217b
1548,lsu.issue,0,80000264,000521fb
1549,writeback,3,80000260,02a34557
1550,collect,3,80000264,000521fb
1551,lsu.issue,2,80000264,000521fb
1556,writeback,1,80000264,000521fb
1557,collect,1,80000268,0e31408b
1558,lsu.issue,3,80000264,000521fb
1560,writeback,0,80000264,000521fb
1561,collect,0,80000268,0e31408b
1561,collect,1,8000026c,90040337
1563,collect,1,80000270,5208a557
1563,writeback,1,8000026c,90040337
1563,writeback,2,80000264,000521fb
1564,collect,2,80000268,0e31408b
1565,writeback,1,80000270,5208a557
1566,collect,1,80000274,96a13557
1566,collect,0,8000026c,90040337
1567,writeback,3,80000264,000521fb
1568,collect,0,80000270,5208a557
1568,collect,2,8000026c,90040337
1568,writeback,0,8000026c,90040337
1569,collect,3,80000268,0e31408b
1570,collect,2,80000270,5208a557
1570,writeback,2,8000026c,90040337
1570,writeback,1,80000274,96a13557
1571,collect,1,80000278,02a34557
1571,writeback,0,80000270,5208a557
1572,collect,0,80000274,96a13557
1572,writeback,2,80000270,5208a557
1573,collect,2,80000274,96a13557
1573,collect,3,8000026c,90040337
1573,writeback,1,80000268,0e31408b
1575,collect,3,80000270,5208a557
1575,writeback,3,8000026c,90040337
1575,writeback,1,80000278,02a34557
1576,collect,1,8000027c,0005217b
1576,writeback,0,80000274,96a13557
1577,collect,0,80000278,02a34557
1577,writeback,3,80000270,5208a557
1578,collect,3,80000274,96a13557
1578,writeback,2,80000274,96a13557
1579,collect,2,80000278,02a34557
1579,writeback,0,80000268,0e31408b
1580,collect,1,80000280,90130337
1580,writeback,2,80000268,0e31408b
1581,writeback,0,80000278,02a34557
1581,lsu.issue,1,8000027c,0005217b
1582,collect,0,8000027c,0005217b
1582,writeback,1,80000280,90130337
1582,writeback,3,80000274,96a13557
1583,collect,1,80000284,5208a557
1583,writeback,2,80000278,02a34557
1584,collect,2,8000027c,0005217b
1584,writeback,3,80000268,0e31408b
1585,writeback,1,80000284,5208a557
1586,collect,1,80000288,96a13557
1586,collect,0,80000280,90130337
1587,lsu.issue,0,8000027c,0005217b
1588,collect,0,80000284,5208a557
1588,collect,2,80000280,90130337
1588,writeback,0,80000280,90130337
1590,collect,2,80000284,5208a557
1590,writeback,2,80000280,90130337
1590,lsu.issue,2,8000027c,0005217b
1590,writeback,1,80000288,96a13557
1591,collect,1,8000028c,02a34557
1591,writeback,0,80000284,5208a557
1592,collect,0,80000288,96a13557
1592,writeback,2,80000284,5208a557
1593,collect,2,80000288,96a13557
1594,writeback,1,8000027c,0005217b
1595,writeback,1,8000028c,02a34557
1596,collect,1,80000290,000521fb
1596,writeback,0,80000288,96a13557
1597,collect,0,8000028c,02a34557
1597,writeback,2,80000288,96a13557
1598,collect,2,8000028c,02a34557
1599,writeback,0,8000027c,0005217b
1600,writeback,2,8000027c,0005217b
1601,writeback,0,8000028c,02a34557
1602,collect,0,80000290,000521fb
1602,writeback,2,8000028c,02a34557
1602,lsu.issue,1,80000290,000521fb
1603,collect,2,80000290,000521fb
1605,collect,3,80000278,02a34557
1607,lsu.issue,0,80000290,000521fb
1609,writeback,3,80000278,02a34557
1610,collect,3,8000027c,0005217b
1610,lsu.issue,2,80000290,000521fb
1611,memory.read,0,90130000,00000000
1614,collect,3,80000280,90130337
1616,collect,3,80000284,5208a557
1616,writeback,3,80000280,90130337
1618,writeback,3,80000284,5208a557
1619,collect,3,80000288,96a13557
1623,writeback,3,80000288,96a13557
1624,collect,3,8000028c,02a34557
1625,writeback,1,80000290,000521fb
1626,collect,1,80000294,0e31408b
1626,writeback,0,80000290,000521fb
1627,collect,0,80000294,0e31408b
1628,writeback,3,8000028c,02a34557
1628,lsu.issue,3,8000027c,0005217b
1629,collect,3,80000290,000521fb
1630,collect,1,80000298,90048337
1630,writeback,2,80000290,000521fb
1631,collect,2,80000294,0e31408b
1631,collect,0,80000298,90048337
1632,collect,1,8000029c,5208a557
1632,writeback,1,80000298,90048337
1633,collect,0,8000029c,5208a557
1633,writeback,0,80000298,90048337
1634,writeback,1,8000029c,5208a557
1634,lsu.issue,3,80000290,000521fb
1635,collect,1,800002a0,96a13557
1635,writeback,0,8000029c,5208a557
1636,collect,0,800002a0,96a13557
1636,collect,2,80000298,90048337
1638,collect,2,8000029c,5208a557
1638,writeback,2,80000298,90048337
1639,writeback,1,800002a0,96a13557
1640,collect,1,800002a4,02a34557
1640,writeback,0,800002a0,96a13557
1641,collect,0,800002a4,02a34557
1641,writeback,2,8000029c,5208a557
1642,collect,2,800002a0,96a13557
1642,writeback,1,80000294,0e31408b
1643,writeback,3,8000027c,0005217b
1644,writeback,1,800002a4,02a34557
1645,collect,1,800002a8,0005217b
1645,writeback,0,800002a4,02a34557
1646,collect,0,800002a8,0005217b
1646,writeback,2,800002a0,96a13557
1647,collect,2,800002a4,02a34557
1647,writeback,0,80000294,0e31408b
1648,writeback,3,80000290,000521fb
1649,collect,3,80000294,0e31408b
1649,collect,1,800002ac,90138337
1649,writeback,2,80000294,0e31408b
1650,collect,0,800002ac,90138337
1650,lsu.issue,1,800002a8,0005217b
1651,collect,1,800002b0,5208a557
1651,writeback,1,800002ac,90138337
1651,writeback,2,800002a4,02a34557
1652,collect,2,800002a8,0005217b
1652,writeback,0,800002ac,90138337
1653,collect,0,800002b0,5208a557
1653,collect,3,80000298,90048337
1653,lsu.issue,0,800002a8,0005217b
1654,writeback,1,800002b0,5208a557
1655,collect,1,800002b4,96a13557
1655,writeback,3,80000298,90048337
1655,writeback,0,800002b0,5208a557
1656,collect,3,8000029c,5208a557
1656,collect,2,800002ac,90138337
1657,collect,0,800002b4,96a13557
1657,writeback,1,800002a8,0005217b
1658,collect,2,800002b0,5208a557
1658,writeback,2,800002ac,90138337
1658,writeback,3,8000029c,5208a557
1659,collect,3,800002a0,96a13557
1659,writeback,1,800002b4,96a13557
1659,lsu.issue,2,800002a8,0005217b
1660,collect,1,800002b8,02a34557
1660,writeback,2,800002b0,5208a557
1661,collect,2,800002b4,96a13557
1661,writeback,0,800002b4,96a13557
1662,collect,0,800002b8,02a34557
1663,writeback,3,800002a0,96a13557
1664,collect,3,800002a4,02a34557
1664,writeback,1,800002b8,02a34557
1665,collect,1,800002bc,000521fb
1665,writeback,2,800002b4,96a13557
1666,collect,2,800002b8,02a34557
1666,writeback,0,800002b8,02a34557
1667,collect,0,800002bc,000521fb
1667,writeback,3,80000294,0e31408b
1668,writeback,3,800002a4,02a34557
1669,collect,3,800002a8,0005217b
1670,writeback,2,800002b8,02a34557
1671,collect,2,800002bc,000521fb
1671,lsu.issue,1,800002bc,000521fb
1672,writeback,2,800002a8,0005217b
1673,writeback,0,800002a8,0005217b
1674,collect,3,800002ac,90138337
1675,lsu.issue,0,800002bc,000521fb
1676,collect,3,800002b0,5208a557
1676,writeback,3,800002ac,90138337
1678,lsu.issue,3,800002a8,0005217b
1679,writeback,3,800002b0,5208a557
1680,collect,3,800002b4,96a13557
1681,lsu.issue,2,800002bc,000521fb
1683,writeback,3,800002a8,0005217b
1684,writeback,3,800002b4,96a13557
1685,collect,3,800002b8,02a34557
1686,writeback,1,800002bc,000521fb
1687,collect,1,800002c0,0e31408b
1689,writeback,3,800002b8,02a34557
1690,collect,3,800002bc,000521fb
1691,collect,1,800002c4,90010337
1691,writeback,0,800002bc,000521fb
1692,collect,0,800002c0,0e31408b
1692,writeback,2,800002bc,000521fb
1693,collect,1,800002c8,5208a557
1693,writeback,1,800002c4,90010337
1694,collect,2,800002c0,0e31408b
1695,writeback,1,800002c8,5208a557
1695,lsu.issue,3,800002bc,000521fb
1696,collect,1,800002cc,96a13557
1696,collect,0,800002c4,90010337
1698,collect,0,800002c8,5208a557
1698,collect,2,800002c4,90010337
1698,writeback,0,800002c4,90010337
1700,collect,2,800002c8,5208a557
1700,writeback,2,800002c4,90010337
1700,writeback,1,800002cc,96a13557
1701,collect,1,800002d0,02a34557
1701,writeback,0,800002c8,5208a557
1702,collect,0,800002cc,96a13557
1702,writeback,2,800002c8,5208a557
1703,collect,2,800002cc,96a13557
1703,writeback,1,800002c0,0e31408b
1704,writeback,3,800002bc,000521fb
1705,collect,3,800002c0,0e31408b
1705,writeback,1,800002d0,02a34557
1706,collect,1,800002d4,0005217b
1706,writeback,0,800002cc,96a13557
1707,collect,0,800002d0,02a34557
1707,writeback,2,800002cc,96a13557
1708,collect,2,800002d0,02a34557
1708,writeback,0,800002c0,0e31408b
1709,collect,3,800002c4,90010337
1709,writeback,2,800002c0,0e31408b
1710,collect,1,800002d8,90100337
1711,collect,3,800002c8,5208a557
1711,writeback,3,800002c4,90010337
1711,lsu.issue,1,800002d4,0005217b
1711,writeback,0,800002d0,02a34557
1712,collect,0,800002d4,0005217b
1712,writeback,1,800002d8,90100337
1712,writeback,2,800002d0,02a34557
1713,collect,1,800002dc,5208a557
1713,writeback,3,800002c8,5208a557
1714,collect,2,800002d4,0005217b
1715,collect,3,800002cc,96a13557
1715,writeback,1,800002dc,5208a557
1716,collect,1,800002e0,96a13557
1716,collect,0,800002d8,90100337
1717,lsu.issue,0,800002d4,0005217b
1718,collect,0,800002dc,5208a557
1718,collect,2,800002d8,90100337
1718,writeback,0,800002d8,90100337
1719,writeback,3,800002cc,96a13557
1720,collect,2,800002dc,5208a557
1720,memory.read,0,90010000,00000000
1720,writeback,2,800002d8,90100337
1720,lsu.issue,2,800002d4,0005217b
1720,writeback,1,800002e0,96a13557
1721,collect,3,800002d0,02a34557
1721,writeback,0,800002dc,5208a557
1722,collect,0,800002e0,96a13557
1722,writeback,2,800002dc,5208a557
1723,collect,1,800002e4,02a34557
1723,writeback,3,800002c0,0e31408b
1724,collect,2,800002e0,96a13557
1725,memory.read,0,80000300,00000000
1725,writeback,3,800002d0,02a34557
1726,collect,3,800002d4,0005217b
1726,writeback,0,800002e0,96a13557
1727,collect,0,800002e4,02a34557
1727,writeback,1,800002e4,02a34557
1728,collect,1,800002e8,000521fb
1728,writeback,2,800002e0,96a13557
1729,collect,2,800002e4,02a34557
1731,writeback,0,800002e4,02a34557
1732,collect,0,800002e8,000521fb
1733,writeback,1,800002d4,0005217b
1735,writeback,2,800002e4,02a34557
1735,lsu.issue,3,800002d4,0005217b
1736,collect,2,800002e8,000521fb
1737,writeback,0,800002d4,0005217b
1739,lsu.issue,1,800002e8,000521fb
1741,writeback,2,800002d4,0005217b
1743,lsu.issue,0,800002e8,000521fb
1745,writeback,3,800002d4,0005217b
1747,collect,3,800002d8,90100337
1747,lsu.issue,2,800002e8,000521fb
1748,memory.read,0,90100000,00000000
1749,collect,3,800002dc,5208a557
1749,writeback,3,800002d8,90100337
1751,writeback,3,800002dc,5208a557
1752,collect,3,800002e0,96a13557
1756,writeback,3,800002e0,96a13557
1757,collect,3,800002e4,02a34557
1761,writeback,3,800002e4,02a34557
1762,collect,3,800002e8,000521fb
1763,writeback,1,800002e8,000521fb
1764,collect,1,800002ec,0e31408b
1764,writeback,0,800002e8,000521fb
1765,collect,0,800002ec,0e31408b
1767,writeback,2,800002e8,000521fb
1768,collect,2,800002ec,0e31408b
1768,collect,1,800002f0,90018337
1769,collect,0,800002f0,90018337
1769,lsu.issue,3,800002e8,000521fb
1770,collect,1,800002f4,5208a557
1770,writeback,1,800002f0,90018337
1771,collect,0,800002f4,5208a557
1771,writeback,0,800002f0,90018337
1772,collect,2,800002f0,90018337
1773,writeback,1,800002f4,5208a557
1774,collect,1,800002f8,96a13557
1774,writeback,2,800002f0,90018337
1774,writeback,0,800002f4,5208a557
1775,collect,2,800002f4,5208a557
1776,collect,0,800002f8,96a13557
1776,writeback,3,800002e8,000521fb
1777,collect,3,800002ec,0e31408b
1777,writeback,2,800002f4,5208a557
1778,collect,2,800002f8,96a13557
1778,writeback,1,800002f8,96a13557
1779,collect,1,800002fc,02a34557
1779,writeback,1,800002ec,0e31408b
1780,writeback,0,800002f8,96a13557
1781,collect,0,800002fc,02a34557
1781,collect,3,800002f0,90018337
1781,writeback,0,800002ec,0e31408b
1782,writeback,2,800002f8,96a13557
1783,collect,2,800002fc,02a34557
1783,writeback,3,800002f0,90018337
1783,writeback,1,800002fc,02a34557
1784,collect,3,800002f4,5208a557
1784,writeback,2,800002ec,0e31408b
1785,collect,1,80000300,0005217b
1785,writeback,0,800002fc,02a34557
1786,collect,0,80000300,0005217b
1786,writeback,3,800002f4,5208a557
1787,collect,3,800002f8,96a13557
1787,writeback,2,800002fc,02a34557
1788,collect,2,80000300,0005217b
1789,collect,1,80000304,90108337
1790,collect,0,80000304,90108337
1790,lsu.issue,1,80000300,0005217b
1791,collect,1,80000308,5208a557
1791,writeback,1,80000304,90108337
1791,writeback,3,800002f8,96a13557
1792,collect,3,800002fc,02a34557
1792,writeback,0,80000304,90108337
1792,writeback,3,800002ec,0e31408b
1793,collect,0,80000308,5208a557
1793,collect,2,80000304,90108337
1793,lsu.issue,0,80000300,0005217b
1794,writeback,1,80000308,5208a557
1795,collect,1,8000030c,96a13557
1795,writeback,2,80000304,90108337
1795,writeback,0,80000308,5208a557
1796,collect,2,80000308,5208a557
1796,writeback,3,800002fc,02a34557
1796,lsu.issue,2,80000300,0005217b
1797,collect,3,80000300,0005217b
1798,collect,0,8000030c,96a13557
1798,writeback,2,80000308,5208a557
1799,collect,2,8000030c,96a13557
1799,writeback,1,8000030c,96a13557
1800,collect,1,80000310,02a34557
1801,collect,3,80000304,90108337
1802,writeback,0,8000030c,96a13557
1803,collect,3,80000308,5208a557
1803,writeback,3,80000304,90108337
1803,writeback,2,8000030c,96a13557
1804,collect,0,80000310,02a34557
1804,writeback,1,80000310,02a34557
1804,lsu.issue,3,80000300,0005217b
1805,collect,1,80000314,000521fb
1805,writeback,3,80000308,5208a557
1806,collect,2,80000310,02a34557
1807,collect,3,8000030c,96a13557
1807,writeback,1,80000300,0005217b
1808,writeback,0,80000310,02a34557
1809,collect,0,80000314,000521fb
1810,writeback,2,80000310,02a34557
1811,collect,2,80000314,000521fb
1811,writeback,3,8000030c,96a13557
1811,lsu.issue,1,80000314,000521fb
1813,collect,3,80000310,02a34557
1813,writeback,0,80000300,0005217b
1814,writeback,2,80000300,0005217b
1815,writeback,3,80000300,0005217b
1817,writeback,3,80000310,02a34557
1817,lsu.issue,0,80000314,000521fb
1818,collect,3,80000314,000521fb
1820,memory.read,0,90108000,00000000
1820,lsu.issue,2,80000314,000521fb
1833,writeback,1,80000314,000521fb
1834,collect,1,80000318,0e31408b
1835,lsu.issue,3,80000314,000521fb
1837,writeback,0,80000314,000521fb
1838,collect,0,80000318,0e31408b
1838,collect,1,8000031c,90020337
1840,collect,1,80000320,5208a557
1840,writeback,1,8000031c,90020337
1840,writeback,2,80000314,000521fb
1841,collect,2,80000318,0e31408b
1842,writeback,1,80000320,5208a557
1843,collect,1,80000324,96a13557
1843,collect,0,8000031c,90020337
1844,writeback,3,80000314,000521fb
1845,collect,3,80000318,0e31408b
1845,collect,2,8000031c,90020337
1845,writeback,0,8000031c,90020337
1846,collect,0,80000320,5208a557
1847,collect,2,80000320,5208a557
1847,writeback,2,8000031c,90020337
1847,writeback,1,80000324,96a13557
1848,collect,1,80000328,02a34557
1848,writeback,0,80000320,5208a557
1849,collect,0,80000324,96a13557
1849,writeback,2,80000320,5208a557
1850,collect,2,80000324,96a13557
1850,collect,3,8000031c,90020337
1850,writeback,1,80000318,0e31408b
1852,collect,3,80000320,5208a557
1852,writeback,3,8000031c,90020337
1852,writeback,1,80000328,02a34557
1853,collect,1,8000032c,0005217b
1853,writeback,0,80000324,96a13557
1854,collect,0,80000328,02a34557
1854,writeback,2,80000324,96a13557
1855,collect,2,80000328,02a34557
1855,writeback,3,80000320,5208a557
1856,collect,3,80000324,96a13557
1856,writeback,0,80000318,0e31408b
1857,collect,1,80000330,90110337
1857,writeback,2,80000318,0e31408b
1858,writeback,0,80000328,02a34557
1858,lsu.issue,1,8000032c,0005217b
1859,collect,0,8000032c,0005217b
1859,writeback,1,80000330,90110337
1859,writeback,2,80000328,02a34557
1860,collect,1,80000334,5208a557
1860,writeback,3,80000324,96a13557
1861,collect,2,8000032c,0005217b
1861,writeback,3,80000318,0e31408b
1862,collect,3,80000328,02a34557
1862,writeback,1,80000334,5208a557
1863,collect,1,80000338,96a13557
1863,collect,0,80000330,90110337
1864,lsu.issue,0,8000032c,0005217b
1865,collect,0,80000334,5208a557
1865,collect,2,80000330,90110337
1865,writeback,0,80000330,90110337
1866,writeback,3,80000328,02a34557
1867,collect,2,80000334,5208a557
1867,writeback,2,80000330,90110337
1867,lsu.issue,2,8000032c,0005217b
1867,writeback,0,80000334,5208a557
1868,collect,3,8000032c,0005217b
1868,writeback,1,80000338,96a13557
1869,collect,0,80000338,96a13557
1869,writeback,2,80000334,5208a557
1870,collect,1,8000033c,02a34557
1871,collect,2,80000338,96a13557
1871,writeback,1,8000032c,0005217b
1873,writeback,0,80000338,96a13557
1873,lsu.issue,3,8000032c,0005217b
1874,collect,0,8000033c,02a34557
1874,writeback,1,8000033c,02a34557
1875,collect,1,80000340,000521fb
1875,writeback,2,80000338,96a13557
1876,collect,2,8000033c,02a34557
1877,writeback,0,8000032c,0005217b
1878,writeback,0,8000033c,02a34557
1879,collect,0,80000340,000521fb
1880,writeback,2,8000033c,02a34557
1881,collect,2,80000340,000521fb
1881,lsu.issue,1,80000340,000521fb
1882,writeback,3,8000032c,0005217b
1883,writeback,2,8000032c,0005217b
1884,collect,3,80000330,90110337
1885,lsu.issue,0,80000340,000521fb
1886,collect,3,80000334,5208a557
1886,writeback,3,80000330,90110337
1888,writeback,3,80000334,5208a557
1888,lsu.issue,2,80000340,000521fb
1889,collect,3,80000338,96a13557
1893,writeback,3,80000338,96a13557
1894,collect,3,8000033c,02a34557
1895,writeback,0,80000340,000521fb
1896,collect,0,80000344,0e31408b
1896,writeback,1,80000340,000521fb
1897,collect,1,80000344,0e31408b
1898,writeback,3,8000033c,02a34557
1899,collect,3,80000340,000521fb
1900,collect,0,80000348,90028337
1900,writeback,2,80000340,000521fb
1901,collect,2,80000344,0e31408b
1901,collect,1,80000348,90028337
1902,collect,0,8000034c,5208a557
1902,writeback,0,80000348,90028337
1903,collect,1,8000034c,5208a557
1903,writeback,1,80000348,90028337
1904,writeback,0,8000034c,5208a557
1904,lsu.issue,3,80000340,000521fb
1905,collect,0,80000350,96a13557
1905,writeback,1,8000034c,5208a557
1906,collect,1,80000350,96a13557
1906,collect,2,80000348,90028337
1908,collect,2,8000034c,5208a557
1908,writeback,2,80000348,90028337
1909,writeback,0,80000350,96a13557
1910,collect,0,80000354,02a34557
1910,writeback,1,80000350,96a13557
1911,collect,1,80000354,02a34557
1911,writeback,2,8000034c,5208a557
1912,collect,2,80000350,96a13557
1912,writeback,0,80000344,0e31408b
1913,writeback,3,80000340,000521fb
1914,collect,3,80000344,0e31408b
1914,writeback,0,80000354,02a34557
1915,collect,0,80000358,0005217b
1915,writeback,1,80000354,02a34557
1916,collect,1,80000358,0005217b
1916,writeback,2,80000350,96a13557
1917,collect,2,80000354,02a34557
1917,writeback,1,80000344,0e31408b
1918,collect,3,80000348,90028337
1918,writeback,2,80000344,0e31408b
1919,collect,0,8000035c,90118337
1920,collect,3,8000034c,5208a557
1920,collect,1,8000035c,90118337
1920,writeback,3,80000348,90028337
1920,lsu.issue,0,80000358,0005217b
1921,collect,0,80000360,5208a557
1921,writeback,0,8000035c,90118337
1921,writeback,2,80000354,02a34557
1922,collect,1,80000360,5208a557
1922,writeback,1,8000035c,90118337
1922,writeback,3,8000034c,5208a557
1923,collect,2,80000358,0005217b
1923,writeback,0,80000360,5208a557
1923,lsu.issue,1,80000358,0005217b
1924,collect,3,80000350,96a13557
1924,writeback,1,80000360,5208a557
1925,collect,0,80000364,96a13557
1926,collect,1,80000364,96a13557
1927,collect,2,8000035c,90118337
1928,writeback,3,80000350,96a13557
1928,lsu.issue,2,80000358,0005217b
1929,collect,2,80000360,5208a557
1929,memory.read,0,80000380,00000000
1929,writeback,2,8000035c,90118337
1929,writeback,0,80000364,96a13557
1930,collect,3,80000354,02a34557
1930,writeback,1,80000364,96a13557
1931,collect,0,80000368,02a34557
1931,writeback,2,80000360,5208a557
1932,collect,1,80000368,02a34557
1932,writeback,3,80000344,0e31408b
1933,collect,2,80000364,96a13557
1934,writeback,3,80000354,02a34557
1935,collect,3,80000358,0005217b
1935,writeback,0,80000368,02a34557
1936,collect,0,8000036c,000521fb
1936,writeback,1,80000368,02a34557
1937,collect,1,8000036c,000521fb
1937,writeback,2,80000364,96a13557
1938,collect,2,80000368,02a34557
1939,collect,3,8000035c,90118337
1939,writeback,0,80000358,0005217b
1940,writeback,1,80000358,0005217b
1941,collect,3,80000360,5208a557
1941,writeback,3,8000035c,90118337
1941,writeback,2,80000358,0005217b
1943,lsu.issue,3,80000358,0005217b
1946,lsu.issue,0,8000036c,000521fb
1947,writeback,2,80000368,02a34557
1948,collect,2,8000036c,000521fb
1948,writeback,3,80000360,5208a557
1949,collect,3,80000364,96a13557
1949,lsu.issue,1,8000036c,000521fb
1950,writeback,3,80000358,0005217b
1953,writeback,3,80000364,96a13557
1953,lsu.issue,2,8000036c,000521fb
1954,collect,3,80000368,02a34557
1958,writeback,3,80000368,02a34557
1959,collect,3,8000036c,000521fb
1960,writeback,0,8000036c,000521fb
1961,collect,0,80000370,0e31408b
1961,writeback,1,8000036c,000521fb
1962,collect,1,80000370,0e31408b
1964,writeback,2,8000036c,000521fb
1965,collect,2,80000370,0e31408b
1965,collect,0,80000374,90030337
1966,collect,1,80000374,90030337
1966,lsu.issue,3,8000036c,000521fb
1967,collect,0,80000378,5208a557
1967,writeback,0,80000374,90030337
1968,collect,1,80000378,5208a557
1968,writeback,1,80000374,90030337
1969,collect,2,80000374,90030337
1970,writeback,0,80000378,5208a557
1971,collect,2,80000378,5208a557
1971,writeback,2,80000374,90030337
1971,writeback,1,80000378,5208a557
1972,collect,0,8000037c,96a13557
1973,collect,1,8000037c,96a13557
1973,writeback,2,80000378,5208a557
1974,collect,2,8000037c,96a13557
1975,writeback,3,8000036c,000521fb
1976,collect,3,80000370,0e31408b
1976,writeback,0,8000037c,96a13557
1977,collect,0,80000380,02a34557
1977,writeback,1,8000037c,96a13557
1978,collect,1,80000380,02a34557
1978,writeback,2,8000037c,96a13557
1979,collect,2,80000380,02a34557
1979,writeback,0,80000370,0e31408b
1980,collect,3,80000374,90030337
1980,writeback,1,80000370,0e31408b
1981,writeback,0,80000380,02a34557
1982,collect,3,80000378,5208a557
1982,writeback,3,80000374,90030337
1982,writeback,1,80000380,02a34557
1983,collect,0,80000384,0005217b
1983,writeback,2,80000380,02a34557
1984,collect,1,80000384,0005217b
1984,writeback,3,80000378,5208a557
1985,collect,2,80000384,0005217b
1985,writeback,2,80000370,0e31408b
1986,collect,3,8000037c,96a13557
1987,collect,0,80000388,90120337
1988,collect,1,80000388,90120337
1988,lsu.issue,0,80000384,0005217b
1989,collect,0,8000038c,5208a557
1989,writeback,0,80000388,90120337
1990,collect,1,8000038c,5208a557
1990,writeback,1,80000388,90120337
1991,collect,2,80000388,90120337
1991,writeback,3,80000370,0e31408b
1991,lsu.issue,1,80000384,0005217b
1992,writeback,3,8000037c,96a13557
1993,collect,2,8000038c,5208a557
1993,writeback,2,80000388,90120337
1993,writeback,0,8000038c,5208a557
1994,collect,3,80000380,02a34557
1994,writeback,1,8000038c,5208a557
1994,lsu.issue,2,80000384,0005217b
1995,collect,0,80000390,96a13557
1995,writeback,2,8000038c,5208a557
1996,collect,1,80000390,96a13557
1997,collect,2,80000390,96a13557
1997,memory.read,0,90030000,00000000
1998,writeback,3,80000380,02a34557
1999,collect,3,80000384,0005217b
1999,writeback,0,80000390,96a13557
2000,collect,0,80000394,02a34557
2000,writeback,1,80000390,96a13557
2001,collect,1,80000394,02a34557
2001,writeback,2,80000390,96a13557
2002,collect,2,80000394,02a34557
2003,collect,3,80000388,90120337
2004,writeback,0,80000394,02a34557
2005,collect,3,8000038c,5208a557
2005,writeback,3,80000388,90120337
2005,writeback,1,80000394,02a34557
2006,collect,0,80000398,000521fb
2006,writeback,2,80000394,02a34557
2007,collect,1,80000398,000521fb
2007,writeback,3,8000038c,5208a557
2008,collect,2,80000398,000521fb
2009,collect,3,80000390,96a13557
2010,writeback,0,80000384,0005217b
2012,lsu.issue,3,80000384,0005217b
2014,writeback,1,80000384,0005217b
2016,writeback,3,80000390,96a13557
2016,lsu.issue,0,80000398,000521fb
2017,collect,3,80000394,02a34557
2018,writeback,2,80000384,0005217b
2020,lsu.issue,2,80000398,000521fb
2021,writeback,3,80000394,02a34557
2022,collect,3,80000398,000521fb
2023,writeback,3,80000384,0005217b
2025,memory.read,0,90120000,00000000
2025,lsu.issue,1,80000398,000521fb
2038,writeback,0,80000398,000521fb
2039,collect,0,8000039c,0e31408b
2040,lsu.issue,3,80000398,000521fb
2042,writeback,2,80000398,000521fb
2043,collect,2,8000039c,0e31408b
2043,collect,0,800003a0,90038337
2045,collect,0,800003a4,5208a557
2045,writeback,0,800003a0,90038337
2045,writeback,1,80000398,000521fb
2046,collect,1,8000039c,0e31408b
2047,writeback,0,800003a4,5208a557
2048,collect,0,800003a8,96a13557
2048,collect,2,800003a0,90038337
2049,writeback,3,80000398,000521fb
2050,collect,2,800003a4,5208a557
2050,collect,1,800003a0,90038337
2050,writeback,2,800003a0,90038337
2051,collect,3,8000039c,0e31408b
2052,collect,1,800003a4,5208a557
2052,writeback,1,800003a0,90038337
2052,writeback,0,800003a8,96a13557
2053,collect,0,800003ac,02a34557
2053,writeback,2,800003a4,5208a557
2054,collect,2,800003a8,96a13557
2054,writeback,1,800003a4,5208a557
2055,collect,1,800003a8,96a13557
2055,collect,3,800003a0,90038337
2055,writeback,0,8000039c,0e31408b
2057,collect,3,800003a4,5208a557
2057,writeback,3,800003a0,90038337
2057,writeback,0,800003ac,02a34557
2058,collect,0,800003b0,0005217b
2058,writeback,2,800003a8,96a13557
2059,collect,2,800003ac,02a34557
2059,writeback,3,800003a4,5208a557
2060,collect,3,800003a8,96a13557
2060,writeback,1,800003a8,96a13557
2061,collect,1,800003ac,02a34557
2061,writeback,2,8000039c,0e31408b
2062,collect,0,800003b4,90128337
2062,writeback,1,8000039c,0e31408b
2063,writeback,2,800003ac,02a34557
2063,lsu.issue,0,800003b0,0005217b
2064,collect,2,800003b0,0005217b
2064,writeback,0,800003b4,90128337
2064,writeback,3,800003a8,96a13557
2065,collect,3,800003ac,02a34557
2065,writeback,1,800003ac,02a34557
2066,collect,0,800003b8,5208a557
2066,writeback,3,8000039c,0e31408b
2067,collect,1,800003b0,0005217b
2068,collect,2,800003b4,90128337
2069,writeback,3,800003ac,02a34557
2069,lsu.issue,2,800003b0,0005217b
2070,collect,2,800003b8,5208a557
2070,writeback,2,800003b4,90128337
2070,writeback,0,800003b8,5208a557
2071,collect,3,800003b0,0005217b
2071,collect,1,800003b4,90128337
2072,collect,0,800003bc,96a13557
2072,writeback,2,800003b8,5208a557
2072,lsu.issue,1,800003b0,0005217b
2073,collect,1,800003b8,5208a557
2073,writeback,1,800003b4,90128337
2074,collect,2,800003bc,96a13557
2075,collect,3,800003b4,90128337
2076,writeback,1,800003b8,5208a557
2077,collect,3,800003b8,5208a557
2077,writeback,3,800003b4,90128337
2077,lsu.issue,3,800003b0,0005217b
2077,writeback,0,800003bc,96a13557
2078,collect,0,800003c0,02a34557
2078,writeback,2,800003bc,96a13557
2079,collect,1,800003bc,96a13557
2079,writeback,3,800003b8,5208a557
2080,collect,2,800003c0,02a34557
2081,collect,3,800003bc,96a13557
2081,writeback,0,800003b0,0005217b
2082,writeback,0,800003c0,02a34557
2083,collect,0,800003c4,000521fb
2083,writeback,1,800003bc,96a13557
2084,collect,1,800003c0,02a34557
2084,writeback,2,800003c0,02a34557
2085,collect,2,800003c4,000521fb
2085,writeback,3,800003bc,96a13557
2086,collect,3,800003c0,02a34557
2087,writeback,2,800003b0,0005217b
2088,writeback,1,800003c0,02a34557
2089,collect,1,800003c4,000521fb
2089,lsu.issue,0,800003c4,000521fb
2090,writeback,3,800003c0,02a34557
2091,collect,3,800003c4,000521fb
2092,writeback,1,800003b0,0005217b
2093,writeback,3,800003b0,0005217b
2095,lsu.issue,2,800003c4,000521fb
2098,memory.read,0,90128000,00000000
2098,lsu.issue,1,800003c4,000521fb
2111,writeback,0,800003c4,000521fb
2112,collect,0,800003c8,0e31408b
2113,lsu.issue,3,800003c4,000521fb
2115,writeback,2,800003c4,000521fb
2116,collect,2,800003c8,0e31408b
2116,collect,0,800003cc,90040337
2118,collect,0,800003d0,5208a557
2118,writeback,0,800003cc,90040337
2118,writeback,1,800003c4,000521fb
2119,collect,1,800003c8,0e31408b
2120,writeback,0,800003d0,5208a557
2121,collect,0,800003d4,96a13557
2121,collect,2,800003cc,90040337
2122,writeback,3,800003c4,000521fb
2123,collect,2,800003d0,5208a557
2123,collect,1,800003cc,90040337
2123,writeback,2,800003cc,90040337
2124,collect,3,800003c8,0e31408b
2125,collect,1,800003d0,5208a557
2125,writeback,1,800003cc,90040337
2125,writeback,0,800003d4,96a13557
2126,collect,0,800003d8,02a34557
2126,writeback,2,800003d0,5208a557
2127,collect,2,800003d4,96a13557
2127,writeback,1,800003d0,5208a557
2128,collect,1,800003d4,96a13557
2128,collect,3,800003cc,90040337
2128,writeback,0,800003c8,0e31408b
2130,collect,3,800003d0,5208a557
2130,writeback,3,800003cc,90040337
2130,writeback,0,800003d8,02a34557
2131,collect,0,800003dc,0005217b
2131,writeback,2,800003d4,96a13557
2132,collect,2,800003d8,02a34557
2132,writeback,3,800003d0,5208a557
2133,collect,3,800003d4,96a13557
2133,writeback,1,800003d4,96a13557
2134,collect,1,800003d8,02a34557
2134,writeback,2,800003c8,0e31408b
2135,collect,0,800003e0,90130337
2135,writeback,1,800003c8,0e31408b
2136,writeback,2,800003d8,02a34557
2136,lsu.issue,0,800003dc,0005217b
2137,collect,2,800003dc,0005217b
2137,writeback,0,800003e0,90130337
2137,writeback,3,800003d4,96a13557
2138,collect,3,800003d8,02a34557
2138,writeback,1,800003d8,02a34557
2139,collect,0,800003e4,5208a557
2139,writeback,3,800003c8,0e31408b
2140,collect,1,800003dc,0005217b
2141,collect,2,800003e0,90130337
2141,memory.read,0,80000400,00000000
2141,writeback,0,800003dc,0005217b
2142,writeback,3,800003d8,02a34557
2143,collect,2,800003e4,5208a557
2143,writeback,2,800003e0,90130337
2143,lsu.issue,2,800003dc,0005217b
2143,writeback,0,800003e4,5208a557
2144,collect,3,800003dc,0005217b
2144,collect,1,800003e0,90130337
2145,collect,0,800003e8,96a13557
2145,writeback,2,800003e4,5208a557
2146,collect,1,800003e4,5208a557
2146,writeback,1,800003e0,90130337
2146,lsu.issue,1,800003dc,0005217b
2147,collect,2,800003e8,96a13557
2148,collect,3,800003e0,90130337
2148,writeback,2,800003dc,0005217b
2149,writeback,1,800003e4,5208a557
2150,collect,3,800003e4,5208a557
2150,writeback,3,800003e0,90130337
2150,lsu.issue,3,800003dc,0005217b
2150,writeback,0,800003e8,96a13557
2151,collect,0,800003ec,02a34557
2151,writeback,2,800003e8,96a13557
2152,collect,1,800003e8,96a13557
2152,writeback,3,800003e4,5208a557
2153,collect,2,800003ec,02a34557
2154,writeback,1,800003dc,0005217b
2155,collect,3,800003e8,96a13557
2155,writeback,0,800003ec,02a34557
2156,collect,0,800003f0,000521fb
2156,writeback,1,800003e8,96a13557
2157,collect,1,800003ec,02a34557
2157,writeback,2,800003ec,02a34557
2158,collect,2,800003f0,000521fb
2159,writeback,3,800003e8,96a13557
2160,collect,3,800003ec,02a34557
2161,writeback,1,800003ec,02a34557
2162,collect,1,800003f0,000521fb
2162,lsu.issue,0,800003f0,000521fb
2163,writeback,3,800003dc,0005217b
2164,writeback,3,800003ec,02a34557
2165,collect,3,800003f0,000521fb
2165,lsu.issue,2,800003f0,000521fb
2168,lsu.issue,1,800003f0,000521fb
2175,writeback,0,800003f0,000521fb
2176,collect,0,800003f4,0e31408b
2177,lsu.issue,3,800003f0,000521fb
2179,writeback,2,800003f0,000521fb
2180,collect,2,800003f4,0e31408b
2180,collect,0,800003f8,90048337
2182,collect,0,800003fc,5208a557
2182,writeback,0,800003f8,90048337
2182,writeback,1,800003f0,000521fb
2183,collect,1,800003f4,0e31408b
2184,writeback,0,800003fc,5208a557
2185,collect,0,80000400,96a13557
2185,collect,2,800003f8,90048337
2186,writeback,3,800003f0,000521fb
2187,collect,2,800003fc,5208a557
2187,collect,1,800003f8,90048337
2187,writeback,2,800003f8,90048337
2188,collect,3,800003f4,0e31408b
2189,collect,1,800003fc,5208a557
2189,writeback,1,800003f8,90048337
2189,writeback,0,80000400,96a13557
2190,collect,0,80000404,02a34557
2190,writeback,2,800003fc,5208a557
2191,collect,2,80000400,96a13557
2191,writeback,1,800003fc,5208a557
2192,collect,1,80000400,96a13557
2192,collect,3,800003f8,90048337
2192,writeback,0,800003f4,0e31408b
2194,collect,3,800003fc,5208a557
2194,writeback,3,800003f8,90048337
2194,writeback,0,80000404,02a34557
2195,collect,0,80000408,0005217b
2195,writeback,2,80000400,96a13557
2196,collect,2,80000404,02a34557
2196,writeback,3,800003fc,5208a557
2197,collect,3,80000400,96a13557
2197,writeback,1,80000400,96a13557
2198,collect,1,80000404,02a34557
2198,writeback,2,800003f4,0e31408b
2199,collect,0,8000040c,90138337
2199,writeback,1,800003f4,0e31408b
2200,writeback,2,80000404,02a34557
2200,lsu.issue,0,80000408,0005217b
2201,collect,2,80000408,0005217b
2201,writeback,0,8000040c,90138337
2201,writeback,3,80000400,96a13557
2202,collect,3,80000404,02a34557
2202,writeback,1,80000404,02a34557
2203,collect,0,80000410,5208a557
2203,writeback,3,800003f4,0e31408b
2204,collect,1,80000408,0005217b
2205,collect,2,8000040c,90138337
2206,writeback,3,80000404,02a34557
2206,lsu.issue,2,80000408,0005217b
2207,collect,2,80000410,5208a557
2207,writeback,2,8000040c,90138337
2207,writeback,0,80000410,5208a557
2208,collect,3,80000408,0005217b
2208,collect,1,8000040c,90138337
2209,collect,0,80000414,96a13557
2209,memory.read,0,90048000,00000000
2209,writeback,2,80000410,5208a557
2209,lsu.issue,1,80000408,0005217b
2210,collect,1,80000410,5208a557
2210,writeback,1,8000040c,90138337
2211,collect,2,80000414,96a13557
2212,collect,3,8000040c,90138337
2213,writeback,1,80000410,5208a557
2214,collect,3,80000410,5208a557
2214,writeback,3,8000040c,90138337
2214,writeback,0,80000414,96a13557
2215,collect,0,80000418,02a34557
2215,writeback,2,80000414,96a13557
2216,collect,1,80000414,96a13557
2216,writeback,3,80000410,5208a557
2217,collect,2,80000418,02a34557
2218,collect,3,80000414,96a13557
2219,writeback,0,80000418,02a34557
2220,collect,0,8000041c,000521fb
2220,writeback,1,80000414,96a13557
2221,collect,1,80000418,02a34557
2221,writeback,2,80000418,02a34557
2222,collect,2,8000041c,000521fb
2222,writeback,3,80000414,96a13557
2223,collect,3,80000418,02a34557
2223,lsu.issue,3,80000408,0005217b
2224,writeback,0,80000408,0005217b
2225,writeback,1,80000418,02a34557
2226,collect,1,8000041c,000521fb
2226,lsu.issue,0,8000041c,000521fb
2227,writeback,3,80000418,02a34557
2228,collect,3,8000041c,000521fb
2229,writeback,2,80000408,0005217b
2230,writeback,1,80000408,0005217b
2231,writeback,3,80000408,0005217b
2233,lsu.issue,2,8000041c,000521fb
2236,lsu.issue,1,8000041c,000521fb
2239,writeback,0,8000041c,000521fb
2240,collect,0,80000420,0e31408b
2241,lsu.issue,3,8000041c,000521fb
2243,writeback,2,8000041c,000521fb
2244,collect,2,80000420,0e31408b
2244,collect,0,80000424,90010337
2246,collect,0,80000428,5208a557
2246,writeback,0,80000424,90010337
2246,writeback,1,8000041c,000521fb
2247,collect,1,80000420,0e31408b
2248,writeback,0,80000428,5208a557
2249,collect,0,8000042c,96a13557
2249,collect,2,80000424,90010337
2250,writeback,3,8000041c,000521fb
2251,collect,2,80000428,5208a557
2251,collect,1,80000424,90010337
2251,writeback,2,80000424,90010337
2252,collect,3,80000420,0e31408b
2253,collect,1,80000428,5208a557
2253,writeback,1,80000424,90010337
2253,writeback,0,8000042c,96a13557
2254,collect,0,80000430,02a34557
2254,writeback,2,80000428,5208a557
2255,collect,2,8000042c,96a13557
2255,writeback,1,80000428,5208a557
2256,collect,1,8000042c,96a13557
2256,collect,3,80000424,90010337
2256,writeback,0,80000420,0e31408b
2258,collect,3,80000428,5208a557
2258,writeback,3,80000424,90010337
2258,writeback,0,80000430,02a34557
2259,collect,0,80000434,0005217b
2259,writeback,2,8000042c,96a13557
2260,collect,2,80000430,02a34557
2260,writeback,3,80000428,5208a557
2261,collect,3,8000042c,96a13557
2261,writeback,1,8000042c,96a13557
2262,collect,1,80000430,02a34557
2262,writeback,2,80000420,0e31408b
2263,collect,0,80000438,90100337
2263,writeback,1,80000420,0e31408b
2264,writeback,2,80000430,02a34557
2264,lsu.issue,0,80000434,0005217b
2265,collect,2,80000434,0005217b
2265,writeback,0,80000438,90100337
2265,writeback,3,8000042c,96a13557
2266,collect,3,80000430,02a34557
2266,writeback,1,80000430,02a34557
2267,collect,0,8000043c,5208a557
2267,writeback,3,80000420,0e31408b
2268,collect,1,80000434,0005217b
2269,collect,2,80000438,90100337
2270,writeback,3,80000430,02a34557
2270,lsu.issue,2,80000434,0005217b
2271,collect,2,8000043c,5208a557
2271,writeback,2,80000438,90100337
2271,writeback,0,8000043c,5208a557
2272,collect,3,80000434,0005217b
2272,collect,1,80000438,90100337
2273,collect,0,80000440,96a13557
2273,memory.read,0,90010000,00000000
2273,writeback,2,8000043c,5208a557
2273,lsu.issue,1,80000434,0005217b
2274,collect,1,8000043c,5208a557
2274,writeback,1,80000438,90100337
2275,collect,2,80000440,96a13557
2276,collect,3,80000438,90100337
2277,writeback,1,8000043c,5208a557
2278,collect,3,8000043c,5208a557
2278,writeback,3,80000438,90100337
2278,writeback,0,80000440,96a13557
2279,collect,0,80000444,02a34557
2279,writeback,2,80000440,96a13557
2280,collect,1,80000440,96a13557
2280,writeback,3,8000043c,5208a557
2281,collect,2,80000444,02a34557
2283,collect,3,80000440,96a13557
2283,writeback,0,80000444,02a34557
2284,collect,0,80000448,000521fb
2284,writeback,1,80000440,96a13557
2285,collect,1,80000444,02a34557
2285,writeback,2,80000444,02a34557
2286,collect,2,80000448,000521fb
2287,writeback,3,80000440,96a13557
2288,collect,3,80000444,02a34557
2288,lsu.issue,3,80000434,0005217b
2289,writeback,1,80000444,02a34557
2290,collect,1,80000448,000521fb
2291,writeback,0,80000434,0005217b
2292,writeback,3,80000444,02a34557
2293,collect,3,80000448,000521fb
2293,lsu.issue,0,80000448,000521fb
2295,writeback,2,80000434,0005217b
2296,writeback,1,80000434,0005217b
2297,writeback,3,80000434,0005217b
2299,lsu.issue,2,80000448,000521fb
2302,lsu.issue,1,80000448,000521fb
2306,writeback,0,80000448,000521fb
2307,collect,0,8000044c,0e31408b
2308,lsu.issue,3,80000448,000521fb
2310,writeback,2,80000448,000521fb
2311,collect,2,8000044c,0e31408b
2311,collect,0,80000450,90018337
2313,collect,0,80000454,5208a557
2313,writeback,0,80000450,90018337
2313,writeback,1,80000448,000521fb
2314,collect,1,8000044c,0e31408b
2315,writeback,0,80000454,5208a557
2316,collect,0,80000458,96a13557
2316,collect,2,80000450,90018337
2317,writeback,3,80000448,000521fb
2318,collect,2,80000454,5208a557
2318,collect,1,80000450,90018337
2318,writeback,2,80000450,90018337
2319,collect,3,8000044c,0e31408b
2320,collect,1,80000454,5208a557
2320,writeback,1,80000450,90018337
2320,writeback,0,80000458,96a13557
2321,collect,0,8000045c,02a34557
2321,writeback,2,80000454,5208a557
2322,collect,2,80000458,96a13557
2322,writeback,1,80000454,5208a557
2323,collect,1,80000458,96a13557
2323,collect,3,80000450,90018337
2323,writeback,0,8000044c,0e31408b
2325,collect,3,80000454,5208a557
2325,writeback,3,80000450,90018337
2325,writeback,0,8000045c,02a34557
2326,collect,0,80000460,0005217b
2326,writeback,2,80000458,96a13557
2327,collect,2,8000045c,02a34557
2327,writeback,3,80000454,5208a557
2328,collect,3,80000458,96a13557
2328,writeback,1,80000458,96a13557
2329,collect,1,8000045c,02a34557
2329,writeback,2,8000044c,0e31408b
2330,collect,0,80000464,90108337
2330,writeback,1,8000044c,0e31408b
2331,memory.read,0,80000480,00000000
2331,writeback,2,8000045c,02a34557
2331,lsu.issue,0,80000460,0005217b
2332,collect,2,80000460,0005217b
2332,writeback,0,80000464,90108337
2332,writeback,3,80000458,96a13557
2333,collect,3,8000045c,02a34557
2333,writeback,1,8000045c,02a34557
2334,collect,0,80000468,5208a557
2334,writeback,3,8000044c,0e31408b
2335,collect,1,80000460,0005217b
2336,collect,2,80000464,90108337
2337,writeback,3,8000045c,02a34557
2337,lsu.issue,2,80000460,0005217b
2338,collect,2,80000468,5208a557
2338,writeback,2,80000464,90108337
2338,writeback,0,80000468,5208a557
2339,collect,3,80000460,0005217b
2339,collect,1,80000464,90108337
2340,collect,0,8000046c,96a13557
2340,writeback,2,80000468,5208a557
2340,lsu.issue,1,80000460,0005217b
2341,collect,1,80000468,5208a557
2341,writeback,1,80000464,90108337
2342,collect,2,8000046c,96a13557
2343,collect,3,80000464,90108337
2344,writeback,1,80000468,5208a557
2345,collect,3,80000468,5208a557
2345,writeback,3,80000464,90108337
2345,writeback,0,8000046c,96a13557
2346,collect,0,80000470,02a34557
2346,writeback,2,8000046c,96a13557
2347,collect,1,8000046c,96a13557
2347,writeback,3,80000468,5208a557
2347,lsu.issue,3,80000460,0005217b
2348,collect,2,80000470,02a34557
2349,collect,3,8000046c,96a13557
2349,writeback,0,80000460,0005217b
2350,writeback,0,80000470,02a34557
2351,collect,0,80000474,000521fb
2351,writeback,1,8000046c,96a13557
2352,collect,1,80000470,02a34557
2352,writeback,2,80000470,02a34557
2353,collect,2,80000474,000521fb
2353,writeback,3,8000046c,96a13557
2354,collect,3,80000470,02a34557
2355,writeback,2,80000460,0005217b
2356,writeback,1,80000470,02a34557
2357,collect,1,80000474,000521fb
2357,lsu.issue,0,80000474,000521fb
2358,writeback,3,80000470,02a34557
2359,collect,3,80000474,000521fb
2360,writeback,1,80000460,0005217b
2361,writeback,3,80000460,0005217b
2363,lsu.issue,2,80000474,000521fb
2366,lsu.issue,1,80000474,000521fb
2370,writeback,0,80000474,000521fb
2371,collect,0,80000478,0e31408b
2372,lsu.issue,3,80000474,000521fb
2374,writeback,2,80000474,000521fb
2375,collect,2,80000478,0e31408b
2375,collect,0,8000047c,90020337
2377,collect,0,80000480,5208a557
2377,writeback,0,8000047c,90020337
2377,writeback,1,80000474,000521fb
2378,collect,1,80000478,0e31408b
2379,writeback,0,80000480,5208a557
2380,collect,0,80000484,96a13557
2380,collect,2,8000047c,90020337
2381,writeback,3,80000474,000521fb
2382,collect,2,80000480,5208a557
2382,collect,1,8000047c,90020337
2382,writeback,2,8000047c,90020337
2383,collect,3,80000478,0e31408b
2384,collect,1,80000480,5208a557
2384,writeback,1,8000047c,90020337
2384,writeback,0,80000484,96a13557
2385,collect,0,80000488,02a34557
2385,writeback,2,80000480,5208a557
2386,collect,2,80000484,96a13557
2386,writeback,1,80000480,5208a557
2387,collect,1,80000484,96a13557
2387,collect,3,8000047c,90020337
2387,writeback,0,80000478,0e31408b
2389,collect,3,80000480,5208a557
2389,writeback,3,8000047c,90020337
2389,writeback,0,80000488,02a34557
2390,collect,0,8000048c,0005217b
2390,writeback,2,80000484,96a13557
2391,collect,2,80000488,02a34557
2391,writeback,3,80000480,5208a557
2392,collect,3,80000484,96a13557
2392,writeback,1,80000484,96a13557
2393,collect,1,80000488,02a34557
2393,writeback,2,80000478,0e31408b
2394,collect,0,80000490,90110337
2394,writeback,1,80000478,0e31408b
2395,writeback,2,80000488,02a34557
2395,lsu.issue,0,8000048c,0005217b
2396,collect,2,8000048c,0005217b
2396,writeback,0,80000490,90110337
2396,writeback,3,80000484,96a13557
2397,collect,3,80000488,02a34557
2397,writeback,1,80000488,02a34557
2398,collect,0,80000494,5208a557
2398,writeback,3,80000478,0e31408b
2399,collect,1,8000048c,0005217b
2400,collect,2,80000490,90110337
2401,writeback,3,80000488,02a34557
2401,lsu.issue,2,8000048c,0005217b
2402,collect,2,80000494,5208a557
2402,writeback,2,80000490,90110337
2402,writeback,0,80000494,5208a557
2403,collect,3,8000048c,0005217b
2403,collect,1,80000490,90110337
2404,collect,0,80000498,96a13557
2404,writeback,2,80000494,5208a557
2404,lsu.issue,1,8000048c,0005217b
2405,collect,1,80000494,5208a557
2405,writeback,1,80000490,90110337
2406,collect,2,80000498,96a13557
2407,collect,3,80000490,90110337
2408,writeback,1,80000494,5208a557
2409,collect,3,80000494,5208a557
2409,writeback,3,80000490,90110337
2409,lsu.issue,3,8000048c,0005217b
2409,writeback,0,80000498,96a13557
2410,collect,0,8000049c,02a34557
2410,writeback,2,80000498,96a13557
2411,collect,1,80000498,96a13557
2411,writeback,3,80000494,5208a557
2412,collect,2,8000049c,02a34557
2413,writeback,0,8000048c,0005217b
2414,collect,3,80000498,96a13557
2414,writeback,0,8000049c,02a34557
2415,collect,0,800004a0,000521fb
2415,writeback,1,80000498,96a13557
2416,collect,1,8000049c,02a34557
2416,writeback,2,8000049c,02a34557
2417,collect,2,800004a0,000521fb
2418,writeback,3,80000498,96a13557
2419,collect,3,8000049c,02a34557
2420,writeback,1,8000049c,02a34557
2421,collect,1,800004a0,000521fb
2421,lsu.issue,0,800004a0,000521fb
2422,writeback,2,8000048c,0005217b
2423,writeback,3,8000049c,02a34557
2424,collect,3,800004a0,000521fb
2424,lsu.issue,2,800004a0,000521fb
2425,writeback,1,8000048c,0005217b
2426,writeback,3,8000048c,0005217b
2428,lsu.issue,1,800004a0,000521fb
2434,writeback,0,800004a0,000521fb
2435,collect,0,800004a4,0e31408b
2436,lsu.issue,3,800004a0,000521fb
2438,writeback,2,800004a0,000521fb
2439,collect,2,800004a4,0e31408b
2439,collect,0,800004a8,90028337
2441,collect,0,800004ac,5208a557
2441,writeback,0,800004a8,90028337
2441,writeback,1,800004a0,000521fb
2442,collect,1,800004a4,0e31408b
2443,writeback,0,800004ac,5208a557
2444,collect,0,800004b0,96a13557
2444,collect,2,800004a8,90028337
2445,writeback,3,800004a0,000521fb
2446,collect,2,800004ac,5208a557
2446,collect,1,800004a8,90028337
2446,writeback,2,800004a8,90028337
2447,collect,3,800004a4,0e31408b
2448,collect,1,800004ac,5208a557
2448,writeback,1,800004a8,90028337
2448,writeback,0,800004b0,96a13557
2449,collect,0,800004b4,02a34557
2449,writeback,2,800004ac,5208a557
2450,collect,2,800004b0,96a13557
2450,writeback,1,800004ac,5208a557
2451,collect,1,800004b0,96a13557
2451,collect,3,800004a8,90028337
2451,writeback,0,800004a4,0e31408b
2453,collect,3,800004ac,5208a557
2453,writeback,3,800004a8,90028337
2453,writeback,0,800004b4,02a34557
2454,collect,0,800004b8,0005217b
2454,writeback,2,800004b0,96a13557
2455,collect,2,800004b4,02a34557
2455,writeback,3,800004ac,5208a557
2456,collect,3,800004b0,96a13557
2456,writeback,1,800004b0,96a13557
2457,collect,1,800004b4,02a34557
2457,writeback,2,800004a4,0e31408b
2458,collect,0,800004bc,90118337
2458,writeback,1,800004a4,0e31408b
2459,writeback,2,800004b4,02a34557
2459,lsu.issue,0,800004b8,0005217b
2460,collect,2,800004b8,0005217b
2460,writeback,0,800004bc,90118337
2460,writeback,3,800004b0,96a13557
2461,collect,3,800004b4,02a34557
2461,writeback,1,800004b4,02a34557
2462,collect,0,800004c0,5208a557
2462,writeback,3,800004a4,0e31408b
2463,collect,1,800004b8,0005217b
2464,collect,2,800004bc,90118337
2465,writeback,3,800004b4,02a34557
2465,lsu.issue,2,800004b8,0005217b
2466,collect,2,800004c0,5208a557
2466,writeback,2,800004bc,90118337
2466,writeback,0,800004c0,5208a557
2467,collect,3,800004b8,0005217b
2467,collect,1,800004bc,90118337
2468,collect,0,800004c4,96a13557
2468,writeback,2,800004c0,5208a557
2468,lsu.issue,1,800004b8,0005217b
2469,collect,1,800004c0,5208a557
2469,writeback,1,800004bc,90118337
2470,collect,2,800004c4,96a13557
2471,collect,3,800004bc,90118337
2472,writeback,1,800004c0,5208a557
2473,collect,3,800004c0,5208a557
2473,writeback,3,800004bc,90118337
2473,lsu.issue,3,800004b8,0005217b
2473,writeback,0,800004c4,96a13557
2474,collect,0,800004c8,02a34557
2474,writeback,2,800004c4,96a13557
2475,collect,1,800004c4,96a13557
2475,writeback,3,800004c0,5208a557
2476,collect,2,800004c8,02a34557
2477,collect,3,800004c4,96a13557
2477,writeback,0,800004b8,0005217b
2478,writeback,0,800004c8,02a34557
2479,collect,0,800004cc,000521fb
2479,writeback,1,800004c4,96a13557
2480,collect,1,800004c8,02a34557
2480,writeback,2,800004c8,02a34557
2481,collect,2,800004cc,000521fb
2481,writeback,3,800004c4,96a13557
2482,collect,3,800004c8,02a34557
2483,writeback,2,800004b8,0005217b
2484,writeback,1,800004c8,02a34557
2485,collect,1,800004cc,000521fb
2485,lsu.issue,0,800004cc,000521fb
2486,writeback,3,800004c8,02a34557
2487,collect,3,800004cc,000521fb
2488,writeback,1,800004b8,0005217b
2489,writeback,3,800004b8,0005217b
2491,lsu.issue,2,800004cc,000521fb
2494,lsu.issue,1,800004cc,000521fb
2498,writeback,0,800004cc,000521fb
2499,collect,0,800004d0,0e31408b
2500,lsu.issue,3,800004cc,000521fb
2502,writeback,2,800004cc,000521fb
2503,collect,2,800004d0,0e31408b
2503,collect,0,800004d4,90030337
2505,collect,0,800004d8,5208a557
2505,writeback,0,800004d4,90030337
2505,writeback,1,800004cc,000521fb
2506,collect,1,800004d0,0e31408b
2507,writeback,0,800004d8,5208a557
2508,collect,0,800004dc,96a13557
2508,collect,2,800004d4,90030337
2509,writeback,3,800004cc,000521fb
2510,collect,2,800004d8,5208a557
2510,collect,1,800004d4,90030337
2510,writeback,2,800004d4,90030337
2511,collect,3,800004d0,0e31408b
2512,collect,1,800004d8,5208a557
2512,writeback,1,800004d4,90030337
2512,writeback,0,800004dc,96a13557
2513,collect,0,800004e0,02a34557
2513,writeback,2,800004d8,5208a557
2514,collect,2,800004dc,96a13557
2514,writeback,1,800004d8,5208a557
2515,collect,1,800004dc,96a13557
2515,collect,3,800004d4,90030337
2515,writeback,0,800004d0,0e31408b
2517,collect,3,800004d8,5208a557
2517,writeback,3,800004d4,90030337
2517,writeback,0,800004e0,02a34557
2518,collect,0,800004e4,0005217b
2518,memory.read,0,80000500,00000000
2518,writeback,2,800004dc,96a13557
2519,collect,2,800004e0,02a34557
2519,writeback,3,800004d8,5208a557
2520,collect,3,800004dc,96a13557
2520,writeback,1,800004dc,96a13557
2521,collect,1,800004e0,02a34557
2521,writeback,2,800004d0,0e31408b
2522,collect,0,800004e8,90120337
2522,writeback,1,800004d0,0e31408b
2523,writeback,2,800004e0,02a34557
2523,lsu.issue,0,800004e4,0005217b
2524,collect,2,800004e4,0005217b
2524,writeback,0,800004e8,90120337
2524,writeback,3,800004dc,96a13557
2525,collect,3,800004e0,02a34557
2525,writeback,1,800004e0,02a34557
2526,collect,0,800004ec,5208a557
2526,writeback,3,800004d0,0e31408b
2527,collect,1,800004e4,0005217b
2528,collect,2,800004e8,90120337
2529,writeback,3,800004e0,02a34557
2529,lsu.issue,2,800004e4,0005217b
2530,collect,2,800004ec,5208a557
2530,writeback,2,800004e8,90120337
2530,writeback,0,800004ec,5208a557
2531,collect,3,800004e4,0005217b
2531,collect,1,800004e8,90120337
2532,collect,0,800004f0,96a13557
2532,writeback,2,800004ec,5208a557
2532,lsu.issue,1,800004e4,0005217b
2533,collect,1,800004ec,5208a557
2533,writeback,1,800004e8,90120337
2534,collect,2,800004f0,96a13557
2535,collect,3,800004e8,90120337
2536,writeback,1,800004ec,5208a557
2537,collect,3,800004ec,5208a557
2537,writeback,3,800004e8,90120337
2537,lsu.issue,3,800004e4,0005217b
2537,writeback,0,800004f0,96a13557
2538,collect,0,800004f4,02a34557
2538,writeback,2,800004f0,96a13557
2539,collect,1,800004f0,96a13557
2539,writeback,3,800004ec,5208a557
2540,collect,2,800004f4,02a34557
2541,writeback,0,800004e4,0005217b
2542,writeback,0,800004f4,02a34557
2543,collect,0,800004f8,000521fb
2543,writeback,1,800004f0,96a13557
2544,collect,1,800004f4,02a34557
2544,writeback,2,800004f4,02a34557
2545,collect,2,800004f8,000521fb
2546,writeback,2,800004e4,0005217b
2547,writeback,1,800004e4,0005217b
2548,writeback,1,800004f4,02a34557
2549,collect,1,800004f8,000521fb
2549,lsu.issue,0,800004f8,000521fb
2550,writeback,3,800004e4,0005217b
2552,collect,3,800004f0,96a13557
2552,lsu.issue,2,800004f8,000521fb
2555,lsu.issue,1,800004f8,000521fb
2556,writeback,3,800004f0,96a13557
2557,collect,3,800004f4,02a34557
2561,writeback,3,800004f4,02a34557
2562,collect,3,800004f8,000521fb
2563,writeback,0,800004f8,000521fb
2564,collect,0,800004fc,0e31408b
2564,writeback,2,800004f8,000521fb
2565,collect,2,800004fc,0e31408b
2567,writeback,1,800004f8,000521fb
2568,collect,1,800004fc,0e31408b
2568,collect,0,80000500,90038337
2569,collect,2,80000500,90038337
2569,lsu.issue,3,800004f8,000521fb
2570,collect,0,80000504,5208a557
2570,writeback,0,80000500,90038337
2571,collect,2,80000504,5208a557
2571,writeback,2,80000500,90038337
2572,collect,1,80000500,90038337
2573,writeback,0,80000504,5208a557
2574,collect,0,80000508,96a13557
2574,writeback,1,80000500,90038337
2574,writeback,2,80000504,5208a557
2575,collect,1,80000504,5208a557
2576,collect,2,80000508,96a13557
2576,writeback,3,800004f8,000521fb
2577,collect,3,800004fc,0e31408b
2577,writeback,1,80000504,5208a557
2578,collect,1,80000508,96a13557
2578,writeback,0,80000508,96a13557
2579,collect,0,8000050c,02a34557
2579,writeback,0,800004fc,0e31408b
2580,writeback,2,80000508,96a13557
2581,collect,2,8000050c,02a34557
2581,collect,3,80000500,90038337
2581,writeback,2,800004fc,0e31408b
2582,writeback,1,80000508,96a13557
2583,collect,3,80000504,5208a557
2583,writeback,3,80000500,90038337
2583,writeback,0,8000050c,02a34557
2584,collect,0,80000510,0005217b
2584,writeback,1,800004fc,0e31408b
2585,collect,1,8000050c,02a34557
2585,writeback,3,80000504,5208a557
2586,collect,3,80000508,96a13557
2586,writeback,2,8000050c,02a34557
2587,collect,2,80000510,0005217b
2588,collect,0,80000514,90128337
2589,writeback,1,8000050c,02a34557
2589,lsu.issue,0,80000510,0005217b
2590,collect,0,80000518,5208a557
2590,writeback,0,80000514,90128337
2590,writeback,3,80000508,96a13557
2591,collect,1,80000510,0005217b
2591,collect,2,80000514,90128337
2592,collect,3,8000050c,02a34557
2592,writeback,0,80000518,5208a557
2592,lsu.issue,2,80000510,0005217b
2593,collect,0,8000051c,96a13557
2593,writeback,2,80000514,90128337
2593,writeback,3,800004fc,0e31408b
2594,collect,2,80000518,5208a557
2595,collect,1,80000514,90128337
2596,writeback,2,80000518,5208a557
2596,lsu.issue,1,80000510,0005217b
2597,collect,1,80000518,5208a557
2597,writeback,1,80000514,90128337
2597,writeback,3,8000050c,02a34557
2598,collect,2,8000051c,96a13557
2598,writeback,0,8000051c,96a13557
2599,collect,3,80000510,0005217b
2599,writeback,1,80000518,5208a557
2600,collect,0,80000520,02a34557
2601,collect,1,8000051c,96a13557
2602,writeback,2,8000051c,96a13557
2603,collect,2,80000520,02a34557
2603,collect,3,80000514,90128337
2604,writeback,0,80000520,02a34557
2605,collect,0,80000524,000521fb
2605,writeback,3,80000514,90128337
2605,lsu.issue,3,80000510,0005217b
2605,writeback,1,8000051c,96a13557
2606,collect,1,80000520,02a34557
2607,writeback,2,80000520,02a34557
2608,collect,2,80000524,000521fb
2609,collect,3,80000518,5208a557
2609,writeback,0,80000510,0005217b
2610,writeback,1,80000520,02a34557
2611,collect,1,80000524,000521fb
2611,writeback,3,80000518,5208a557
2611,lsu.issue,0,80000524,000521fb
2612,collect,3,8000051c,96a13557
2613,writeback,2,80000510,0005217b
2614,writeback,1,80000510,0005217b
2615,writeback,3,80000510,0005217b
2616,writeback,3,8000051c,96a13557
2617,lsu.issue,2,80000524,000521fb
2619,collect,3,80000520,02a34557
2619,writeback,0,80000524,000521fb
2620,collect,0,80000528,0e31408b
2621,lsu.issue,1,80000524,000521fb
2623,writeback,3,80000520,02a34557
2624,collect,3,80000524,000521fb
2624,collect,0,8000052c,90040337
2625,writeback,2,80000524,000521fb
2626,collect,0,80000530,5208a557
2626,writeback,0,8000052c,90040337
2627,collect,2,80000528,0e31408b
2628,writeback,1,80000524,000521fb
2629,collect,1,80000528,0e31408b
2629,writeback,0,80000530,5208a557
2630,collect,0,80000534,96a13557
2630,lsu.issue,3,80000524,000521fb
2631,collect,2,8000052c,90040337
2633,collect,2,80000530,5208a557
2633,collect,1,8000052c,90040337
2633,writeback,2,8000052c,90040337
2634,writeback,0,80000534,96a13557
2635,collect,0,80000538,02a34557
2635,writeback,1,8000052c,90040337
2635,writeback,2,80000530,5208a557
2636,collect,1,80000530,5208a557
2636,writeback,0,80000528,0e31408b
2637,collect,2,80000534,96a13557
2637,writeback,3,80000524,000521fb
2638,collect,3,80000528,0e31408b
2638,writeback,1,80000530,5208a557
2639,collect,1,80000534,96a13557
2639,writeback,0,80000538,02a34557
2640,collect,0,8000053c,0005217b
2641,writeback,2,80000534,96a13557
2642,collect,2,80000538,02a34557
2642,collect,3,8000052c,90040337
2642,writeback,2,80000528,0e31408b
2643,writeback,1,80000534,96a13557
2644,collect,3,80000530,5208a557
2644,collect,0,80000540,90130337
2644,writeback,3,8000052c,90040337
2644,writeback,1,80000528,0e31408b
2645,collect,1,80000538,02a34557
2645,lsu.issue,0,8000053c,0005217b
2646,collect,0,80000544,5208a557
2646,writeback,0,80000540,90130337
2646,writeback,3,80000530,5208a557
2647,collect,3,80000534,96a13557
2647,writeback,2,80000538,02a34557
2648,collect,2,8000053c,0005217b
2648,writeback,0,80000544,5208a557
2649,collect,0,80000548,96a13557
2649,writeback,1,80000538,02a34557
2650,collect,1,8000053c,0005217b
2651,writeback,3,80000534,96a13557
2652,collect,3,80000538,02a34557
2652,collect,2,80000540,90130337
2653,writeback,0,80000548,96a13557
2653,lsu.issue,2,8000053c,0005217b
2654,collect,0,8000054c,02a34557
2654,collect,1,80000540,90130337
2654,memory.read,0,90040000,00000000
2654,writeback,2,80000540,90130337
2654,writeback,3,80000528,0e31408b
2655,collect,2,80000544,5208a557
2656,collect,1,80000544,5208a557
2656,writeback,1,80000540,90130337
2656,lsu.issue,1,8000053c,0005217b
2656,writeback,3,80000538,02a34557
2657,collect,3,8000053c,0005217b
2657,writeback,2,80000544,5208a557
2658,collect,2,80000548,96a13557
2658,writeback,1,80000544,5208a557
2659,collect,1,80000548,96a13557
2659,writeback,0,8000054c,02a34557
2660,collect,0,80000550,000521fb
2661,collect,3,80000540,90130337
2662,writeback,2,80000548,96a13557
2663,collect,2,8000054c,02a34557
2663,writeback,3,80000540,90130337
2663,writeback,1,80000548,96a13557
2664,collect,3,80000544,5208a557
2665,collect,1,8000054c,02a34557
2667,writeback,0,8000053c,0005217b
2669,writeback,2,8000054c,02a34557
2669,lsu.issue,3,8000053c,0005217b
2670,collect,2,80000550,000521fb
2670,writeback,3,80000544,5208a557
2671,collect,3,80000548,96a13557
2671,writeback,1,8000054c,02a34557
2672,collect,1,80000550,000521fb
2672,lsu.issue,0,80000550,000521fb
2673,writeback,2,8000053c,0005217b
2674,writeback,1,8000053c,0005217b
2675,writeback,3,80000548,96a13557
2676,collect,3,8000054c,02a34557
2676,lsu.issue,2,80000550,000521fb
2678,writeback,3,8000053c,0005217b
2680,lsu.issue,1,80000550,000521fb
2680,writeback,3,8000054c,02a34557
2681,collect,3,80000550,000521fb
2685,writeback,0,80000550,000521fb
2686,collect,0,80000554,0e31408b
2687,lsu.issue,3,80000550,000521fb
2689,writeback,2,80000550,000521fb
2690,collect,2,80000554,0e31408b
2690,collect,0,80000558,90048337
2692,collect,0,8000055c,5208a557
2692,writeback,0,80000558,90048337
2692,writeback,1,80000550,000521fb
2693,collect,1,80000554,0e31408b
2694,writeback,0,8000055c,5208a557
2695,collect,0,80000560,96a13557
2695,collect,2,80000558,90048337
2696,writeback,3,80000550,000521fb
2697,collect,2,8000055c,5208a557
2697,collect,1,80000558,90048337
2697,writeback,2,80000558,90048337
2698,collect,3,80000554,0e31408b
2699,collect,1,8000055c,5208a557
2699,writeback,1,80000558,90048337
2699,writeback,0,80000560,96a13557
2700,collect,0,80000564,02a34557
2700,writeback,2,8000055c,5208a557
2701,collect,2,80000560,96a13557
2701,writeback,1,8000055c,5208a557
2702,collect,1,80000560,96a13557
2702,collect,3,80000558,90048337
2702,memory.read,0,80000580,00000000
2702,writeback,0,80000554,0e31408b
2704,collect,3,8000055c,5208a557
2704,writeback,3,80000558,90048337
2704,writeback,0,80000564,02a34557
2705,collect,0,80000568,0005217b
2705,writeback,2,80000560,96a13557
2706,collect,2,80000564,02a34557
2706,writeback,3,8000055c,5208a557
2707,collect,3,80000560,96a13557
2707,writeback,1,80000560,96a13557
2708,collect,1,80000564,02a34557
2708,writeback,2,80000554,0e31408b
2709,collect,0,8000056c,90138337
2709,writeback,1,80000554,0e31408b
2710,writeback,2,80000564,02a34557
2710,lsu.issue,0,80000568,0005217b
2711,collect,2,80000568,0005217b
2711,writeback,0,8000056c,90138337
2711,writeback,3,80000560,96a13557
2712,collect,3,80000564,02a34557
2712,writeback,1,80000564,02a34557
2713,collect,0,80000570,5208a557
2713,writeback,3,80000554,0e31408b
2714,collect,1,80000568,0005217b
2715,collect,2,8000056c,90138337
2716,writeback,3,80000564,02a34557
2716,lsu.issue,2,80000568,0005217b
2717,collect,2,80000570,5208a557
2717,writeback,2,8000056c,90138337
2717,writeback,0,80000570,5208a557
2718,collect,3,80000568,0005217b
2718,collect,1,8000056c,90138337
2719,collect,0,80000574,96a13557
2719,memory.read,0,90048000,00000000
2719,writeback,2,80000570,5208a557
2719,lsu.issue,1,80000568,0005217b
2720,collect,1,80000570,5208a557
2720,writeback,1,8000056c,90138337
2721,collect,2,80000574,96a13557
2722,collect,3,8000056c,90138337
2723,writeback,1,80000570,5208a557
2724,collect,3,80000570,5208a557
2724,writeback,3,8000056c,90138337
2724,writeback,0,80000574,96a13557
2725,collect,0,80000578,02a34557
2725,writeback,2,80000574,96a13557
2726,collect,1,80000574,96a13557
2726,writeback,3,80000570,5208a557
2727,collect,2,80000578,02a34557
2728,collect,3,80000574,96a13557
2729,writeback,0,80000578,02a34557
2730,collect,0,8000057c,000521fb
2730,writeback,1,80000574,96a13557
2731,collect,1,80000578,02a34557
2731,writeback,2,80000578,02a34557
2732,collect,2,8000057c,000521fb
2732,writeback,3,80000574,96a13557
2733,lsu.issue,3,80000568,0005217b
2734,collect,3,80000578,02a34557
2734,writeback,0,80000568,0005217b
2735,writeback,1,80000578,02a34557
2736,collect,1,8000057c,000521fb
2736,lsu.issue,0,8000057c,000521fb
2738,writeback,3,80000578,02a34557
2739,collect,3,8000057c,000521fb
2739,lsu.issue,2,8000057c,000521fb
2741,writeback,2,80000568,0005217b
2742,writeback,1,80000568,0005217b
2743,writeback,3,80000568,0005217b
2745,lsu.issue,1,8000057c,000521fb
2749,writeback,0,8000057c,000521fb
2750,collect,0,80000580,0e31408b
2751,lsu.issue,3,8000057c,000521fb
2753,writeback,2,8000057c,000521fb
2754,collect,2,80000580,0e31408b
2754,collect,0,80000584,90002337
2756,collect,0,80000588,5208a557
2756,writeback,0,80000584,90002337
2756,writeback,1,8000057c,000521fb
2757,collect,1,80000580,0e31408b
2758,writeback,0,80000588,5208a557
2759,collect,0,8000058c,96a13557
2759,collect,2,80000584,90002337
2760,writeback,3,8000057c,000521fb
2761,collect,2,80000588,5208a557
2761,collect,1,80000584,90002337
2761,writeback,2,80000584,90002337
2762,collect,3,80000580,0e31408b
2763,collect,1,80000588,5208a557
2763,writeback,1,80000584,90002337
2763,writeback,0,8000058c,96a13557
2764,collect,0,80000590,02a34557
2764,writeback,2,80000588,5208a557
2765,collect,2,8000058c,96a13557
2765,writeback,1,80000588,5208a557
2766,collect,1,8000058c,96a13557
2766,collect,3,80000584,90002337
2766,writeback,0,80000580,0e31408b
2768,collect,3,80000588,5208a557
2768,collect,0,80000594,800028f3
2768,writeback,3,80000584,90002337
2768,writeback,0,80000590,02a34557
2769,writeback,2,8000058c,96a13557
2770,collect,2,80000590,02a34557
2770,writeback,3,80000588,5208a557
2771,collect,3,8000058c,96a13557
2771,writeback,1,8000058c,96a13557
2772,collect,1,80000590,02a34557
2772,writeback,0,80000594,800028f3
2772,writeback,2,80000580,0e31408b
2773,collect,0,80000598,00289893
2773,writeback,1,80000580,0e31408b
2774,collect,2,80000594,800028f3
2774,writeback,2,80000590,02a34557
2775,writeback,3,8000058c,96a13557
2776,collect,3,80000590,02a34557
2776,collect,1,80000594,800028f3
2776,writeback,1,80000590,02a34557
2777,writeback,0,80000598,00289893
2777,writeback,3,80000580,0e31408b
2778,collect,0,8000059c,02a8c557
2778,writeback,2,80000594,800028f3
2779,collect,2,80000598,00289893
2780,collect,3,80000594,800028f3
2780,writeback,3,80000590,02a34557
2781,writeback,1,80000594,800028f3
2782,collect,1,80000598,00289893
2782,writeback,0,8000059c,02a8c557
2783,collect,0,800005a0,0015607b
2783,writeback,2,80000598,00289893
2784,collect,2,8000059c,02a8c557
2784,writeback,3,80000594,800028f3
2785,collect,3,80000598,00289893
2786,writeback,1,80000598,00289893
2787,collect,1,8000059c,02a8c557
2787,collect,0,800005a4,0000400b
2788,writeback,2,8000059c,02a8c557
2788,lsu.issue,0,800005a0,0015607b
2789,collect,2,800005a0,0015607b
2789,writeback,3,80000598,00289893
2789,end,0,800005a4,0000400b
2790,collect,3,8000059c,02a8c557
2791,writeback,1,8000059c,02a8c557
2792,collect,1,800005a0,0015607b
2793,collect,2,800005a4,0000400b
2793,store.complete,0,800005a0,0015607b
2794,writeback,3,8000059c,02a8c557
2794,end,2,800005a4,0000400b
2795,collect,3,800005a0,0015607b
2795,lsu.issue,2,800005a0,0015607b
2796,collect,1,800005a4,0000400b
2797,memory.read,0,90002000,00000000
2798,lsu.issue,1,800005a0,0015607b
2798,end,1,800005a4,0000400b
2799,collect,3,800005a4,0000400b
2800,end,3,800005a4,0000400b
2800,store.complete,2,800005a0,0015607b
2802,host.finish,0,00000000,00000000
2802,lsu.issue,3,800005a0,0015607b
2804,memory.read,0,90002100,00000000
2804,store.complete,1,800005a0,0015607b
2807,memory.write,0,90002000,00000000
2807,store.complete,3,800005a0,0015607b
2808,memory.read,0,90002080,00000000
2811,memory.read,0,90002180,00000000
2814,memory.write,0,90002100,00000000
2818,memory.write,0,90002080,00000000
2821,memory.write,0,90002180,00000000
