[L1C] #    525 SM 0 CACHE 0 ADDR 80000000
sm   0 warp 0 0x80000000 0x2e1080d7 v  1 11111111111111111111111111111111 00000000 00000000 00000000 00000000 00000000 00000000 00000000 00000000 00000000 00000000 00000000 00000000 00000000 00000000 00000000 00000000 00000000 00000000 00000000 00000000 00000000 00000000 00000000 00000000 00000000 00000000 00000000 00000000 00000000 00000000 00000000 00000000 
sm   0 warp 0 0x80000004 0x90010337 x  6  90010000
sm   0 warp 0 0x80000008 0x5208a557 v 10 11111111111111111111111111111111 0000001f 0000001e 0000001d 0000001c 0000001b 0000001a 00000019 00000018 00000017 00000016 00000015 00000014 00000013 00000012 00000011 00000010 0000000f 0000000e 0000000d 0000000c 0000000b 0000000a 00000009 00000008 00000007 00000006 00000005 00000004 00000003 00000002 00000001 00000000 
sm   0 warp 1 0x80000000 0x2e1080d7 v  1 11111111111111111111111111111111 00000000 00000000 00000000 00000000 00000000 00000000 00000000 00000000 00000000 00000000 00000000 00000000 00000000 00000000 00000000 00000000 00000000 00000000 00000000 00000000 00000000 00000000 00000000 00000000 00000000 00000000 00000000 00000000 00000000 00000000 00000000 00000000 
sm   0 warp 1 0x80000004 0x90010337 x  6  90010000
sm   0 warp 1 0x80000008 0x5208a557 v 10 11111111111111111111111111111111 0000001f 0000001e 0000001d 0000001c 0000001b 0000001a 00000019 00000018 00000017 00000016 00000015 00000014 00000013 00000012 00000011 00000010 0000000f 0000000e 0000000d 0000000c 0000000b 0000000a 00000009 00000008 00000007 00000006 00000005 00000004 00000003 00000002 00000001 00000000 
sm   0 warp 0 0x8000000c 0x96a13557 v 10 11111111111111111111111111111111 0000007c 00000078 00000074 00000070 0000006c 00000068 00000064 00000060 0000005c 00000058 00000054 00000050 0000004c 00000048 00000044 00000040 0000003c 00000038 00000034 00000030 0000002c 00000028 00000024 00000020 0000001c 00000018 00000014 00000010 0000000c 00000008 00000004 00000000 
sm   0 warp 2 0x80000000 0x2e1080d7 v  1 11111111111111111111111111111111 00000000 00000000 00000000 00000000 00000000 00000000 00000000 00000000 00000000 00000000 00000000 00000000 00000000 00000000 00000000 00000000 00000000 00000000 00000000 00000000 00000000 00000000 00000000 00000000 00000000 00000000 00000000 00000000 00000000 00000000 00000000 00000000 
sm   0 warp 1 0x8000000c 0x96a13557 v 10 11111111111111111111111111111111 0000007c 00000078 00000074 00000070 0000006c 00000068 00000064 00000060 0000005c 00000058 00000054 00000050 0000004c 00000048 00000044 00000040 0000003c 00000038 00000034 00000030 0000002c 00000028 00000024 00000020 0000001c 00000018 00000014 00000010 0000000c 00000008 00000004 00000000 
sm   0 warp 2 0x80000004 0x90010337 x  6  90010000
sm   0 warp 0 0x80000010 0x02a34557 v 10 11111111111111111111111111111111 9001007c 90010078 90010074 90010070 9001006c 90010068 90010064 90010060 9001005c 90010058 90010054 90010050 9001004c 90010048 90010044 90010040 9001003c 90010038 90010034 90010030 9001002c 90010028 90010024 90010020 9001001c 90010018 90010014 90010010 9001000c 90010008 90010004 90010000 
sm   0 warp 2 0x80000008 0x5208a557 v 10 11111111111111111111111111111111 0000001f 0000001e 0000001d 0000001c 0000001b 0000001a 00000019 00000018 00000017 00000016 00000015 00000014 00000013 00000012 00000011 00000010 0000000f 0000000e 0000000d 0000000c 0000000b 0000000a 00000009 00000008 00000007 00000006 00000005 00000004 00000003 00000002 00000001 00000000 
sm   0 warp 1 0x80000010 0x02a34557 v 10 11111111111111111111111111111111 9001007c 90010078 90010074 90010070 9001006c 90010068 90010064 90010060 9001005c 90010058 90010054 90010050 9001004c 90010048 90010044 90010040 9001003c 90010038 90010034 90010030 9001002c 90010028 90010024 90010020 9001001c 90010018 90010014 90010010 9001000c 90010008 90010004 90010000 
sm   0 warp 0 0x80000014 0x0005217b lsu.r v  2 op 3 @ 9001007c 90010078 90010074 90010070 9001006c 90010068 90010064 90010060 9001005c 90010058 90010054 90010050 9001004c 90010048 90010044 90010040 9001003c 90010038 90010034 90010030 9001002c 90010028 90010024 90010020 9001001c 90010018 90010014 90010010 9001000c 90010008 90010004 90010000
sm   0 warp 0 0x80000018 0x90100337 x  6  90100000
sm   0 warp 2 0x8000000c 0x96a13557 v 10 11111111111111111111111111111111 0000007c 00000078 00000074 00000070 0000006c 00000068 00000064 00000060 0000005c 00000058 00000054 00000050 0000004c 00000048 00000044 00000040 0000003c 00000038 00000034 00000030 0000002c 00000028 00000024 00000020 0000001c 00000018 00000014 00000010 0000000c 00000008 00000004 00000000 
sm   0 warp 0 0x8000001c 0x5208a557 v 10 11111111111111111111111111111111 0000001f 0000001e 0000001d 0000001c 0000001b 0000001a 00000019 00000018 00000017 00000016 00000015 00000014 00000013 00000012 00000011 00000010 0000000f 0000000e 0000000d 0000000c 0000000b 0000000a 00000009 00000008 00000007 00000006 00000005 00000004 00000003 00000002 00000001 00000000 
sm   0 warp 1 0x80000014 0x0005217b lsu.r v  2 op 3 @ 9001007c 90010078 90010074 90010070 9001006c 90010068 90010064 90010060 9001005c 90010058 90010054 90010050 9001004c 90010048 90010044 90010040 9001003c 90010038 90010034 90010030 9001002c 90010028 90010024 90010020 9001001c 90010018 90010014 90010010 9001000c 90010008 90010004 90010000
sm   0 warp 1 0x80000018 0x90100337 x  6  90100000
sm   0 warp 3 0x80000000 0x2e1080d7 v  1 11111111111111111111111111111111 00000000 00000000 00000000 00000000 00000000 00000000 00000000 00000000 00000000 00000000 00000000 00000000 00000000 00000000 00000000 00000000 00000000 00000000 00000000 00000000 00000000 00000000 00000000 00000000 00000000 00000000 00000000 00000000 00000000 00000000 00000000 00000000 
[L1C] #    576 SM 0 CACHE 1 ADDR 90010000
sm   0 warp 3 0x80000004 0x90010337 x  6  90010000
sm   0 warp 2 0x80000010 0x02a34557 v 10 11111111111111111111111111111111 9001007c 90010078 90010074 90010070 9001006c 90010068 90010064 90010060 9001005c 90010058 90010054 90010050 9001004c 90010048 90010044 90010040 9001003c 90010038 90010034 90010030 9001002c 90010028 90010024 90010020 9001001c 90010018 90010014 90010010 9001000c 90010008 90010004 90010000 
sm   0 warp 1 0x8000001c 0x5208a557 v 10 11111111111111111111111111111111 0000001f 0000001e 0000001d 0000001c 0000001b 0000001a 00000019 00000018 00000017 00000016 00000015 00000014 00000013 00000012 00000011 00000010 0000000f 0000000e 0000000d 0000000c 0000000b 0000000a 00000009 00000008 00000007 00000006 00000005 00000004 00000003 00000002 00000001 00000000 
sm   0 warp 0 0x80000020 0x96a13557 v 10 11111111111111111111111111111111 0000007c 00000078 00000074 00000070 0000006c 00000068 00000064 00000060 0000005c 00000058 00000054 00000050 0000004c 00000048 00000044 00000040 0000003c 00000038 00000034 00000030 0000002c 00000028 00000024 00000020 0000001c 00000018 00000014 00000010 0000000c 00000008 00000004 00000000 
sm   0 warp 1 0x80000020 0x96a13557 v 10 11111111111111111111111111111111 0000007c 00000078 00000074 00000070 0000006c 00000068 00000064 00000060 0000005c 00000058 00000054 00000050 0000004c 00000048 00000044 00000040 0000003c 00000038 00000034 00000030 0000002c 00000028 00000024 00000020 0000001c 00000018 00000014 00000010 0000000c 00000008 00000004 00000000 
sm   0 warp 2 0x80000014 0x0005217b lsu.r v  2 op 3 @ 9001007c 90010078 90010074 90010070 9001006c 90010068 90010064 90010060 9001005c 90010058 90010054 90010050 9001004c 90010048 90010044 90010040 9001003c 90010038 90010034 90010030 9001002c 90010028 90010024 90010020 9001001c 90010018 90010014 90010010 9001000c 90010008 90010004 90010000
sm   0 warp 2 0x80000018 0x90100337 x  6  90100000
sm   0 warp 0 0x80000024 0x02a34557 v 10 11111111111111111111111111111111 9010007c 90100078 90100074 90100070 9010006c 90100068 90100064 90100060 9010005c 90100058 90100054 90100050 9010004c 90100048 90100044 90100040 9010003c 90100038 90100034 90100030 9010002c 90100028 90100024 90100020 9010001c 90100018 90100014 90100010 9010000c 90100008 90100004 90100000 
sm   0 warp 2 0x8000001c 0x5208a557 v 10 11111111111111111111111111111111 0000001f 0000001e 0000001d 0000001c 0000001b 0000001a 00000019 00000018 00000017 00000016 00000015 00000014 00000013 00000012 00000011 00000010 0000000f 0000000e 0000000d 0000000c 0000000b 0000000a 00000009 00000008 00000007 00000006 00000005 00000004 00000003 00000002 00000001 00000000 
sm   0 warp 1 0x80000024 0x02a34557 v 10 11111111111111111111111111111111 9010007c 90100078 90100074 90100070 9010006c 90100068 90100064 90100060 9010005c 90100058 90100054 90100050 9010004c 90100048 90100044 90100040 9010003c 90100038 90100034 90100030 9010002c 90100028 90100024 90100020 9010001c 90100018 90100014 90100010 9010000c 90100008 90100004 90100000 
sm   0 warp 3 0x80000008 0x5208a557 v 10 11111111111111111111111111111111 0000001f 0000001e 0000001d 0000001c 0000001b 0000001a 00000019 00000018 00000017 00000016 00000015 00000014 00000013 00000012 00000011 00000010 0000000f 0000000e 0000000d 0000000c 0000000b 0000000a 00000009 00000008 00000007 00000006 00000005 00000004 00000003 00000002 00000001 00000000 
sm   0 warp 2 0x80000020 0x96a13557 v 10 11111111111111111111111111111111 0000007c 00000078 00000074 00000070 0000006c 00000068 00000064 00000060 0000005c 00000058 00000054 00000050 0000004c 00000048 00000044 00000040 0000003c 00000038 00000034 00000030 0000002c 00000028 00000024 00000020 0000001c 00000018 00000014 00000010 0000000c 00000008 00000004 00000000 
sm   0 warp 0 0x80000014 0x0005217b v  2 11111111111111111111111111111111 bf800000 c0000000 c0400000 40400000 40000000 3f800000 00000000 bf800000 40400000 40000000 3f800000 00000000 bf800000 c0000000 c0400000 40400000 00000000 bf800000 c0000000 c0400000 40400000 40000000 3f800000 00000000 c0400000 40400000 40000000 3f800000 00000000 bf800000 c0000000 c0400000 
sm   0 warp 1 0x80000014 0x0005217b v  2 11111111111111111111111111111111 bf800000 c0000000 c0400000 40400000 40000000 3f800000 00000000 bf800000 40400000 40000000 3f800000 00000000 bf800000 c0000000 c0400000 40400000 00000000 bf800000 c0000000 c0400000 40400000 40000000 3f800000 00000000 c0400000 40400000 40000000 3f800000 00000000 bf800000 c0000000 c0400000 
sm   0 warp 3 0x8000000c 0x96a13557 v 10 11111111111111111111111111111111 0000007c 00000078 00000074 00000070 0000006c 00000068 00000064 00000060 0000005c 00000058 00000054 00000050 0000004c 00000048 00000044 00000040 0000003c 00000038 00000034 00000030 0000002c 00000028 00000024 00000020 0000001c 00000018 00000014 00000010 0000000c 00000008 00000004 00000000 
sm   0 warp 2 0x80000024 0x02a34557 v 10 11111111111111111111111111111111 9010007c 90100078 90100074 90100070 9010006c 90100068 90100064 90100060 9010005c 90100058 90100054 90100050 9010004c 90100048 90100044 90100040 9010003c 90100038 90100034 90100030 9010002c 90100028 90100024 90100020 9010001c 90100018 90100014 90100010 9010000c 90100008 90100004 90100000 
sm   0 warp 0 0x80000028 0x000521fb lsu.r v  3 op 3 @ 9010007c 90100078 90100074 90100070 9010006c 90100068 90100064 90100060 9010005c 90100058 90100054 90100050 9010004c 90100048 90100044 90100040 9010003c 90100038 90100034 90100030 9010002c 90100028 90100024 90100020 9010001c 90100018 90100014 90100010 9010000c 90100008 90100004 90100000
sm   0 warp 2 0x80000014 0x0005217b v  2 11111111111111111111111111111111 bf800000 c0000000 c0400000 40400000 40000000 3f800000 00000000 bf800000 40400000 40000000 3f800000 00000000 bf800000 c0000000 c0400000 40400000 00000000 bf800000 c0000000 c0400000 40400000 40000000 3f800000 00000000 c0400000 40400000 40000000 3f800000 00000000 bf800000 c0000000 c0400000 
sm   0 warp 1 0x80000028 0x000521fb lsu.r v  3 op 3 @ 9010007c 90100078 90100074 90100070 9010006c 90100068 90100064 90100060 9010005c 90100058 90100054 90100050 9010004c 90100048 90100044 90100040 9010003c 90100038 90100034 90100030 9010002c 90100028 90100024 90100020 9010001c 90100018 90100014 90100010 9010000c 90100008 90100004 90100000
[L1C] #    602 SM 0 CACHE 1 ADDR 90100000
sm   0 warp 3 0x80000010 0x02a34557 v 10 11111111111111111111111111111111 9001007c 90010078 90010074 90010070 9001006c 90010068 90010064 90010060 9001005c 90010058 90010054 90010050 9001004c 90010048 90010044 90010040 9001003c 90010038 90010034 90010030 9001002c 90010028 90010024 90010020 9001001c 90010018 90010014 90010010 9001000c 90010008 90010004 90010000 
sm   0 warp 2 0x80000028 0x000521fb lsu.r v  3 op 3 @ 9010007c 90100078 90100074 90100070 9010006c 90100068 90100064 90100060 9010005c 90100058 90100054 90100050 9010004c 90100048 90100044 90100040 9010003c 90100038 90100034 90100030 9010002c 90100028 90100024 90100020 9010001c 90100018 90100014 90100010 9010000c 90100008 90100004 90100000
sm   0 warp 3 0x80000018 0x90100337 x  6  90100000
sm   0 warp 3 0x8000001c 0x5208a557 v 10 11111111111111111111111111111111 0000001f 0000001e 0000001d 0000001c 0000001b 0000001a 00000019 00000018 00000017 00000016 00000015 00000014 00000013 00000012 00000011 00000010 0000000f 0000000e 0000000d 0000000c 0000000b 0000000a 00000009 00000008 00000007 00000006 00000005 00000004 00000003 00000002 00000001 00000000 
sm   0 warp 3 0x80000020 0x96a13557 v 10 11111111111111111111111111111111 0000007c 00000078 00000074 00000070 0000006c 00000068 00000064 00000060 0000005c 00000058 00000054 00000050 0000004c 00000048 00000044 00000040 0000003c 00000038 00000034 00000030 0000002c 00000028 00000024 00000020 0000001c 00000018 00000014 00000010 0000000c 00000008 00000004 00000000 
sm   0 warp 0 0x80000028 0x000521fb v  3 11111111111111111111111111111111 3f800000 00000000 bf800000 c0000000 40000000 3f800000 00000000 bf800000 bf800000 c0000000 40000000 3f800000 00000000 bf800000 c0000000 40000000 40000000 3f800000 00000000 bf800000 c0000000 40000000 3f800000 00000000 00000000 bf800000 c0000000 40000000 3f800000 00000000 bf800000 c0000000 
sm   0 warp 3 0x80000024 0x02a34557 v 10 11111111111111111111111111111111 9010007c 90100078 90100074 90100070 9010006c 90100068 90100064 90100060 9010005c 90100058 90100054 90100050 9010004c 90100048 90100044 90100040 9010003c 90100038 90100034 90100030 9010002c 90100028 90100024 90100020 9010001c 90100018 90100014 90100010 9010000c 90100008 90100004 90100000 
sm   0 warp 3 0x80000014 0x0005217b lsu.r v  2 op 3 @ 9001007c 90010078 90010074 90010070 9001006c 90010068 90010064 90010060 9001005c 90010058 90010054 90010050 9001004c 90010048 90010044 90010040 9001003c 90010038 90010034 90010030 9001002c 90010028 90010024 90010020 9001001c 90010018 90010014 90010010 9001000c 90010008 90010004 90010000
sm   0 warp 1 0x80000028 0x000521fb v  3 11111111111111111111111111111111 3f800000 00000000 bf800000 c0000000 40000000 3f800000 00000000 bf800000 bf800000 c0000000 40000000 3f800000 00000000 bf800000 c0000000 40000000 40000000 3f800000 00000000 bf800000 c0000000 40000000 3f800000 00000000 00000000 bf800000 c0000000 40000000 3f800000 00000000 bf800000 c0000000 
sm   0 warp 0 0x80000030 0x90010337 x  6  90010000
sm   0 warp 2 0x80000028 0x000521fb v  3 11111111111111111111111111111111 3f800000 00000000 bf800000 c0000000 40000000 3f800000 00000000 bf800000 bf800000 c0000000 40000000 3f800000 00000000 bf800000 c0000000 40000000 40000000 3f800000 00000000 bf800000 c0000000 40000000 3f800000 00000000 00000000 bf800000 c0000000 40000000 3f800000 00000000 bf800000 c0000000 
sm   0 warp 3 0x80000028 0x000521fb lsu.r v  3 op 3 @ 9010007c 90100078 90100074 90100070 9010006c 90100068 90100064 90100060 9010005c 90100058 90100054 90100050 9010004c 90100048 90100044 90100040 9010003c 90100038 90100034 90100030 9010002c 90100028 90100024 90100020 9010001c 90100018 90100014 90100010 9010000c 90100008 90100004 90100000
sm   0 warp 1 0x80000030 0x90010337 x  6  90010000
sm   0 warp 3 0x80000014 0x0005217b v  2 11111111111111111111111111111111 bf800000 c0000000 c0400000 40400000 40000000 3f800000 00000000 bf800000 40400000 40000000 3f800000 00000000 bf800000 c0000000 c0400000 40400000 00000000 bf800000 c0000000 c0400000 40400000 40000000 3f800000 00000000 c0400000 40400000 40000000 3f800000 00000000 bf800000 c0000000 c0400000 
sm   0 warp 0 0x80000034 0x08030313 x  6  90010080
sm   0 warp 2 0x80000030 0x90010337 x  6  90010000
sm   0 warp 0 0x80000038 0x5208a557 v 10 11111111111111111111111111111111 0000001f 0000001e 0000001d 0000001c 0000001b 0000001a 00000019 00000018 00000017 00000016 00000015 00000014 00000013 00000012 00000011 00000010 0000000f 0000000e 0000000d 0000000c 0000000b 0000000a 00000009 00000008 00000007 00000006 00000005 00000004 00000003 00000002 00000001 00000000 
sm   0 warp 3 0x80000028 0x000521fb v  3 11111111111111111111111111111111 3f800000 00000000 bf800000 c0000000 40000000 3f800000 00000000 bf800000 bf800000 c0000000 40000000 3f800000 00000000 bf800000 c0000000 40000000 40000000 3f800000 00000000 bf800000 c0000000 40000000 3f800000 00000000 00000000 bf800000 c0000000 40000000 3f800000 00000000 bf800000 c0000000 
sm   0 warp 1 0x80000034 0x08030313 x  6  90010080
sm   0 warp 0 0x8000002c 0x0e31408b v  1 11111111111111111111111111111111 00000000 00000000 00000000 00000000 00000000 00000000 00000000 00000000 00000000 00000000 00000000 00000000 00000000 00000000 00000000 00000000 40000000 bf800000 c1100000 41900000 c0a00000 41100000 40400000 c1000000 41800000 c1100000 3f800000 3f800000 c0a00000 3f800000 c1000000 40400000 
sm   0 warp 2 0x80000034 0x08030313 x  6  90010080
sm   0 warp 1 0x80000038 0x5208a557 v 10 11111111111111111111111111111111 0000001f 0000001e 0000001d 0000001c 0000001b 0000001a 00000019 00000018 00000017 00000016 00000015 00000014 00000013 00000012 00000011 00000010 0000000f 0000000e 0000000d 0000000c 0000000b 0000000a 00000009 00000008 00000007 00000006 00000005 00000004 00000003 00000002 00000001 00000000 
sm   0 warp 0 0x8000003c 0x96a13557 v 10 11111111111111111111111111111111 0000007c 00000078 00000074 00000070 0000006c 00000068 00000064 00000060 0000005c 00000058 00000054 00000050 0000004c 00000048 00000044 00000040 0000003c 00000038 00000034 00000030 0000002c 00000028 00000024 00000020 0000001c 00000018 00000014 00000010 0000000c 00000008 00000004 00000000 
sm   0 warp 2 0x80000038 0x5208a557 v 10 11111111111111111111111111111111 0000001f 0000001e 0000001d 0000001c 0000001b 0000001a 00000019 00000018 00000017 00000016 00000015 00000014 00000013 00000012 00000011 00000010 0000000f 0000000e 0000000d 0000000c 0000000b 0000000a 00000009 00000008 00000007 00000006 00000005 00000004 00000003 00000002 00000001 00000000 
sm   0 warp 1 0x8000002c 0x0e31408b v  1 11111111111111111111111111111111 00000000 00000000 00000000 00000000 00000000 00000000 00000000 00000000 00000000 00000000 00000000 00000000 00000000 00000000 00000000 00000000 40000000 bf800000 c1100000 41900000 c0a00000 41100000 40400000 c1000000 41800000 c1100000 3f800000 3f800000 c0a00000 3f800000 c1000000 40400000 
sm   0 warp 2 0x8000002c 0x0e31408b v  1 11111111111111111111111111111111 00000000 00000000 00000000 00000000 00000000 00000000 00000000 00000000 00000000 00000000 00000000 00000000 00000000 00000000 00000000 00000000 40000000 bf800000 c1100000 41900000 c0a00000 41100000 40400000 c1000000 41800000 c1100000 3f800000 3f800000 c0a00000 3f800000 c1000000 40400000 
sm   0 warp 3 0x80000030 0x90010337 x  6  90010000
sm   0 warp 1 0x8000003c 0x96a13557 v 10 11111111111111111111111111111111 0000007c 00000078 00000074 00000070 0000006c 00000068 00000064 00000060 0000005c 00000058 00000054 00000050 0000004c 00000048 00000044 00000040 0000003c 00000038 00000034 00000030 0000002c 00000028 00000024 00000020 0000001c 00000018 00000014 00000010 0000000c 00000008 00000004 00000000 
sm   0 warp 0 0x80000040 0x02a34557 v 10 11111111111111111111111111111111 900100fc 900100f8 900100f4 900100f0 900100ec 900100e8 900100e4 900100e0 900100dc 900100d8 900100d4 900100d0 900100cc 900100c8 900100c4 900100c0 900100bc 900100b8 900100b4 900100b0 900100ac 900100a8 900100a4 900100a0 9001009c 90010098 90010094 90010090 9001008c 90010088 90010084 90010080 
sm   0 warp 2 0x8000003c 0x96a13557 v 10 11111111111111111111111111111111 0000007c 00000078 00000074 00000070 0000006c 00000068 00000064 00000060 0000005c 00000058 00000054 00000050 0000004c 00000048 00000044 00000040 0000003c 00000038 00000034 00000030 0000002c 00000028 00000024 00000020 0000001c 00000018 00000014 00000010 0000000c 00000008 00000004 00000000 
sm   0 warp 3 0x80000034 0x08030313 x  6  90010080
sm   0 warp 1 0x80000040 0x02a34557 v 10 11111111111111111111111111111111 900100fc 900100f8 900100f4 900100f0 900100ec 900100e8 900100e4 900100e0 900100dc 900100d8 900100d4 900100d0 900100cc 900100c8 900100c4 900100c0 900100bc 900100b8 900100b4 900100b0 900100ac 900100a8 900100a4 900100a0 9001009c 90010098 90010094 90010090 9001008c 90010088 90010084 90010080 
sm   0 warp 2 0x80000040 0x02a34557 v 10 11111111111111111111111111111111 900100fc 900100f8 900100f4 900100f0 900100ec 900100e8 900100e4 900100e0 900100dc 900100d8 900100d4 900100d0 900100cc 900100c8 900100c4 900100c0 900100bc 900100b8 900100b4 900100b0 900100ac 900100a8 900100a4 900100a0 9001009c 90010098 90010094 90010090 9001008c 90010088 90010084 90010080 
sm   0 warp 0 0x80000044 0x0005217b lsu.r v  2 op 3 @ 900100fc 900100f8 900100f4 900100f0 900100ec 900100e8 900100e4 900100e0 900100dc 900100d8 900100d4 900100d0 900100cc 900100c8 900100c4 900100c0 900100bc 900100b8 900100b4 900100b0 900100ac 900100a8 900100a4 900100a0 9001009c 90010098 90010094 90010090 9001008c 90010088 90010084 90010080
sm   0 warp 0 0x80000048 0x90100337 x  6  90100000
sm   0 warp 3 0x80000038 0x5208a557 v 10 11111111111111111111111111111111 0000001f 0000001e 0000001d 0000001c 0000001b 0000001a 00000019 00000018 00000017 00000016 00000015 00000014 00000013 00000012 00000011 00000010 0000000f 0000000e 0000000d 0000000c 0000000b 0000000a 00000009 00000008 00000007 00000006 00000005 00000004 00000003 00000002 00000001 00000000 
sm   0 warp 3 0x8000002c 0x0e31408b v  1 11111111111111111111111111111111 00000000 00000000 00000000 00000000 00000000 00000000 00000000 00000000 00000000 00000000 00000000 00000000 00000000 00000000 00000000 00000000 40000000 bf800000 c1100000 41900000 c0a00000 41100000 40400000 c1000000 41800000 c1100000 3f800000 3f800000 c0a00000 3f800000 c1000000 40400000 
sm   0 warp 1 0x80000044 0x0005217b lsu.r v  2 op 3 @ 900100fc 900100f8 900100f4 900100f0 900100ec 900100e8 900100e4 900100e0 900100dc 900100d8 900100d4 900100d0 900100cc 900100c8 900100c4 900100c0 900100bc 900100b8 900100b4 900100b0 900100ac 900100a8 900100a4 900100a0 9001009c 90010098 90010094 90010090 9001008c 90010088 90010084 90010080
[L1C] #    655 SM 0 CACHE 1 ADDR 90010080
sm   0 warp 1 0x80000048 0x90100337 x  6  90100000
sm   0 warp 0 0x8000004c 0x08030313 x  6  90100080
sm   0 warp 3 0x8000003c 0x96a13557 v 10 11111111111111111111111111111111 0000007c 00000078 00000074 00000070 0000006c 00000068 00000064 00000060 0000005c 00000058 00000054 00000050 0000004c 00000048 00000044 00000040 0000003c 00000038 00000034 00000030 0000002c 00000028 00000024 00000020 0000001c 00000018 00000014 00000010 0000000c 00000008 00000004 00000000 
sm   0 warp 2 0x80000048 0x90100337 x  6  90100000
sm   0 warp 2 0x80000044 0x0005217b lsu.r v  2 op 3 @ 900100fc 900100f8 900100f4 900100f0 900100ec 900100e8 900100e4 900100e0 900100dc 900100d8 900100d4 900100d0 900100cc 900100c8 900100c4 900100c0 900100bc 900100b8 900100b4 900100b0 900100ac 900100a8 900100a4 900100a0 9001009c 90010098 90010094 90010090 9001008c 90010088 90010084 90010080
sm   0 warp 0 0x80000050 0x5208a557 v 10 11111111111111111111111111111111 0000001f 0000001e 0000001d 0000001c 0000001b 0000001a 00000019 00000018 00000017 00000016 00000015 00000014 00000013 00000012 00000011 00000010 0000000f 0000000e 0000000d 0000000c 0000000b 0000000a 00000009 00000008 00000007 00000006 00000005 00000004 00000003 00000002 00000001 00000000 
sm   0 warp 1 0x8000004c 0x08030313 x  6  90100080
sm   0 warp 3 0x80000040 0x02a34557 v 10 11111111111111111111111111111111 900100fc 900100f8 900100f4 900100f0 900100ec 900100e8 900100e4 900100e0 900100dc 900100d8 900100d4 900100d0 900100cc 900100c8 900100c4 900100c0 900100bc 900100b8 900100b4 900100b0 900100ac 900100a8 900100a4 900100a0 9001009c 90010098 90010094 90010090 9001008c 90010088 90010084 90010080 
sm   0 warp 2 0x8000004c 0x08030313 x  6  90100080
sm   0 warp 1 0x80000050 0x5208a557 v 10 11111111111111111111111111111111 0000001f 0000001e 0000001d 0000001c 0000001b 0000001a 00000019 00000018 00000017 00000016 00000015 00000014 00000013 00000012 00000011 00000010 0000000f 0000000e 0000000d 0000000c 0000000b 0000000a 00000009 00000008 00000007 00000006 00000005 00000004 00000003 00000002 00000001 00000000 
sm   0 warp 0 0x80000054 0x96a13557 v 10 11111111111111111111111111111111 0000007c 00000078 00000074 00000070 0000006c 00000068 00000064 00000060 0000005c 00000058 00000054 00000050 0000004c 00000048 00000044 00000040 0000003c 00000038 00000034 00000030 0000002c 00000028 00000024 00000020 0000001c 00000018 00000014 00000010 0000000c 00000008 00000004 00000000 
sm   0 warp 2 0x80000050 0x5208a557 v 10 11111111111111111111111111111111 0000001f 0000001e 0000001d 0000001c 0000001b 0000001a 00000019 00000018 00000017 00000016 00000015 00000014 00000013 00000012 00000011 00000010 0000000f 0000000e 0000000d 0000000c 0000000b 0000000a 00000009 00000008 00000007 00000006 00000005 00000004 00000003 00000002 00000001 00000000 
sm   0 warp 0 0x80000058 0x02a34557 v 10 11111111111111111111111111111111 901000fc 901000f8 901000f4 901000f0 901000ec 901000e8 901000e4 901000e0 901000dc 901000d8 901000d4 901000d0 901000cc 901000c8 901000c4 901000c0 901000bc 901000b8 901000b4 901000b0 901000ac 901000a8 901000a4 901000a0 9010009c 90100098 90100094 90100090 9010008c 90100088 90100084 90100080 
sm   0 warp 1 0x80000054 0x96a13557 v 10 11111111111111111111111111111111 0000007c 00000078 00000074 00000070 0000006c 00000068 00000064 00000060 0000005c 00000058 00000054 00000050 0000004c 00000048 00000044 00000040 0000003c 00000038 00000034 00000030 0000002c 00000028 00000024 00000020 0000001c 00000018 00000014 00000010 0000000c 00000008 00000004 00000000 
sm   0 warp 2 0x80000054 0x96a13557 v 10 11111111111111111111111111111111 0000007c 00000078 00000074 00000070 0000006c 00000068 00000064 00000060 0000005c 00000058 00000054 00000050 0000004c 00000048 00000044 00000040 0000003c 00000038 00000034 00000030 0000002c 00000028 00000024 00000020 0000001c 00000018 00000014 00000010 0000000c 00000008 00000004 00000000 
sm   0 warp 0 0x80000044 0x0005217b v  2 11111111111111111111111111111111 bf800000 c0000000 c0400000 40400000 40000000 3f800000 00000000 bf800000 40400000 40000000 3f800000 00000000 bf800000 c0000000 c0400000 40400000 00000000 bf800000 c0000000 c0400000 40400000 40000000 3f800000 00000000 c0400000 40400000 40000000 3f800000 00000000 bf800000 c0000000 c0400000 
sm   0 warp 1 0x80000058 0x02a34557 v 10 11111111111111111111111111111111 901000fc 901000f8 901000f4 901000f0 901000ec 901000e8 901000e4 901000e0 901000dc 901000d8 901000d4 901000d0 901000cc 901000c8 901000c4 901000c0 901000bc 901000b8 901000b4 901000b0 901000ac 901000a8 901000a4 901000a0 9010009c 90100098 90100094 90100090 9010008c 90100088 90100084 90100080 
sm   0 warp 3 0x80000044 0x0005217b lsu.r v  2 op 3 @ 900100fc 900100f8 900100f4 900100f0 900100ec 900100e8 900100e4 900100e0 900100dc 900100d8 900100d4 900100d0 900100cc 900100c8 900100c4 900100c0 900100bc 900100b8 900100b4 900100b0 900100ac 900100a8 900100a4 900100a0 9001009c 90010098 90010094 90010090 9001008c 90010088 90010084 90010080
[L1C] #    675 SM 0 CACHE 0 ADDR 80000080
sm   0 warp 2 0x80000058 0x02a34557 v 10 11111111111111111111111111111111 901000fc 901000f8 901000f4 901000f0 901000ec 901000e8 901000e4 901000e0 901000dc 901000d8 901000d4 901000d0 901000cc 901000c8 901000c4 901000c0 901000bc 901000b8 901000b4 901000b0 901000ac 901000a8 901000a4 901000a0 9010009c 90100098 90100094 90100090 9010008c 90100088 90100084 90100080 
sm   0 warp 1 0x80000044 0x0005217b v  2 11111111111111111111111111111111 bf800000 c0000000 c0400000 40400000 40000000 3f800000 00000000 bf800000 40400000 40000000 3f800000 00000000 bf800000 c0000000 c0400000 40400000 00000000 bf800000 c0000000 c0400000 40400000 40000000 3f800000 00000000 c0400000 40400000 40000000 3f800000 00000000 bf800000 c0000000 c0400000 
sm   0 warp 2 0x80000044 0x0005217b v  2 11111111111111111111111111111111 bf800000 c0000000 c0400000 40400000 40000000 3f800000 00000000 bf800000 40400000 40000000 3f800000 00000000 bf800000 c0000000 c0400000 40400000 00000000 bf800000 c0000000 c0400000 40400000 40000000 3f800000 00000000 c0400000 40400000 40000000 3f800000 00000000 bf800000 c0000000 c0400000 
sm   0 warp 0 0x8000005c 0x000521fb lsu.r v  3 op 3 @ 901000fc 901000f8 901000f4 901000f0 901000ec 901000e8 901000e4 901000e0 901000dc 901000d8 901000d4 901000d0 901000cc 901000c8 901000c4 901000c0 901000bc 901000b8 901000b4 901000b0 901000ac 901000a8 901000a4 901000a0 9010009c 90100098 90100094 90100090 9010008c 90100088 90100084 90100080
sm   0 warp 3 0x80000044 0x0005217b v  2 11111111111111111111111111111111 bf800000 c0000000 c0400000 40400000 40000000 3f800000 00000000 bf800000 40400000 40000000 3f800000 00000000 bf800000 c0000000 c0400000 40400000 00000000 bf800000 c0000000 c0400000 40400000 40000000 3f800000 00000000 c0400000 40400000 40000000 3f800000 00000000 bf800000 c0000000 c0400000 
sm   0 warp 1 0x8000005c 0x000521fb lsu.r v  3 op 3 @ 901000fc 901000f8 901000f4 901000f0 901000ec 901000e8 901000e4 901000e0 901000dc 901000d8 901000d4 901000d0 901000cc 901000c8 901000c4 901000c0 901000bc 901000b8 901000b4 901000b0 901000ac 901000a8 901000a4 901000a0 9010009c 90100098 90100094 90100090 9010008c 90100088 90100084 90100080
[L1C] #    685 SM 0 CACHE 1 ADDR 90100080
sm   0 warp 3 0x80000048 0x90100337 x  6  90100000
sm   0 warp 2 0x8000005c 0x000521fb lsu.r v  3 op 3 @ 901000fc 901000f8 901000f4 901000f0 901000ec 901000e8 901000e4 901000e0 901000dc 901000d8 901000d4 901000d0 901000cc 901000c8 901000c4 901000c0 901000bc 901000b8 901000b4 901000b0 901000ac 901000a8 901000a4 901000a0 9010009c 90100098 90100094 90100090 9010008c 90100088 90100084 90100080
sm   0 warp 3 0x8000004c 0x08030313 x  6  90100080
sm   0 warp 3 0x80000050 0x5208a557 v 10 11111111111111111111111111111111 0000001f 0000001e 0000001d 0000001c 0000001b 0000001a 00000019 00000018 00000017 00000016 00000015 00000014 00000013 00000012 00000011 00000010 0000000f 0000000e 0000000d 0000000c 0000000b 0000000a 00000009 00000008 00000007 00000006 00000005 00000004 00000003 00000002 00000001 00000000 
sm   0 warp 3 0x80000054 0x96a13557 v 10 11111111111111111111111111111111 0000007c 00000078 00000074 00000070 0000006c 00000068 00000064 00000060 0000005c 00000058 00000054 00000050 0000004c 00000048 00000044 00000040 0000003c 00000038 00000034 00000030 0000002c 00000028 00000024 00000020 0000001c 00000018 00000014 00000010 0000000c 00000008 00000004 00000000 
sm   0 warp 0 0x8000005c 0x000521fb v  3 11111111111111111111111111111111 3f800000 00000000 bf800000 c0000000 40000000 3f800000 00000000 bf800000 bf800000 c0000000 40000000 3f800000 00000000 bf800000 c0000000 40000000 40000000 3f800000 00000000 bf800000 c0000000 40000000 3f800000 00000000 00000000 bf800000 c0000000 40000000 3f800000 00000000 bf800000 c0000000 
sm   0 warp 3 0x80000058 0x02a34557 v 10 11111111111111111111111111111111 901000fc 901000f8 901000f4 901000f0 901000ec 901000e8 901000e4 901000e0 901000dc 901000d8 901000d4 901000d0 901000cc 901000c8 901000c4 901000c0 901000bc 901000b8 901000b4 901000b0 901000ac 901000a8 901000a4 901000a0 9010009c 90100098 90100094 90100090 9010008c 90100088 90100084 90100080 
sm   0 warp 1 0x8000005c 0x000521fb v  3 11111111111111111111111111111111 3f800000 00000000 bf800000 c0000000 40000000 3f800000 00000000 bf800000 bf800000 c0000000 40000000 3f800000 00000000 bf800000 c0000000 40000000 40000000 3f800000 00000000 bf800000 c0000000 40000000 3f800000 00000000 00000000 bf800000 c0000000 40000000 3f800000 00000000 bf800000 c0000000 
sm   0 warp 2 0x8000005c 0x000521fb v  3 11111111111111111111111111111111 3f800000 00000000 bf800000 c0000000 40000000 3f800000 00000000 bf800000 bf800000 c0000000 40000000 3f800000 00000000 bf800000 c0000000 40000000 40000000 3f800000 00000000 bf800000 c0000000 40000000 3f800000 00000000 00000000 bf800000 c0000000 40000000 3f800000 00000000 bf800000 c0000000 
sm   0 warp 0 0x80000064 0x90010337 x  6  90010000
sm   0 warp 3 0x8000005c 0x000521fb lsu.r v  3 op 3 @ 901000fc 901000f8 901000f4 901000f0 901000ec 901000e8 901000e4 901000e0 901000dc 901000d8 901000d4 901000d0 901000cc 901000c8 901000c4 901000c0 901000bc 901000b8 901000b4 901000b0 901000ac 901000a8 901000a4 901000a0 9010009c 90100098 90100094 90100090 9010008c 90100088 90100084 90100080
sm   0 warp 1 0x80000064 0x90010337 x  6  90010000
sm   0 warp 0 0x80000068 0x10030313 x  6  90010100
sm   0 warp 3 0x8000005c 0x000521fb v  3 11111111111111111111111111111111 3f800000 00000000 bf800000 c0000000 40000000 3f800000 00000000 bf800000 bf800000 c0000000 40000000 3f800000 00000000 bf800000 c0000000 40000000 40000000 3f800000 00000000 bf800000 c0000000 40000000 3f800000 00000000 00000000 bf800000 c0000000 40000000 3f800000 00000000 bf800000 c0000000 
sm   0 warp 2 0x80000064 0x90010337 x  6  90010000
sm   0 warp 1 0x80000068 0x10030313 x  6  90010100
sm   0 warp 0 0x8000006c 0x5208a557 v 10 11111111111111111111111111111111 0000001f 0000001e 0000001d 0000001c 0000001b 0000001a 00000019 00000018 00000017 00000016 00000015 00000014 00000013 00000012 00000011 00000010 0000000f 0000000e 0000000d 0000000c 0000000b 0000000a 00000009 00000008 00000007 00000006 00000005 00000004 00000003 00000002 00000001 00000000 
sm   0 warp 0 0x80000060 0x0e31408b v  1 11111111111111111111111111111111 00000000 00000000 00000000 00000000 00000000 00000000 00000000 00000000 00000000 00000000 00000000 00000000 00000000 00000000 00000000 00000000 40800000 c0000000 c1900000 42100000 c1200000 41900000 40c00000 c1800000 42000000 c1900000 40000000 40000000 c1200000 40000000 c1800000 40c00000 
sm   0 warp 1 0x8000006c 0x5208a557 v 10 11111111111111111111111111111111 0000001f 0000001e 0000001d 0000001c 0000001b 0000001a 00000019 00000018 00000017 00000016 00000015 00000014 00000013 00000012 00000011 00000010 0000000f 0000000e 0000000d 0000000c 0000000b 0000000a 00000009 00000008 00000007 00000006 00000005 00000004 00000003 00000002 00000001 00000000 
sm   0 warp 2 0x80000068 0x10030313 x  6  90010100
sm   0 warp 1 0x80000060 0x0e31408b v  1 11111111111111111111111111111111 00000000 00000000 00000000 00000000 00000000 00000000 00000000 00000000 00000000 00000000 00000000 00000000 00000000 00000000 00000000 00000000 40800000 c0000000 c1900000 42100000 c1200000 41900000 40c00000 c1800000 42000000 c1900000 40000000 40000000 c1200000 40000000 c1800000 40c00000 
sm   0 warp 3 0x80000064 0x90010337 x  6  90010000
sm   0 warp 0 0x80000070 0x96a13557 v 10 11111111111111111111111111111111 0000007c 00000078 00000074 00000070 0000006c 00000068 00000064 00000060 0000005c 00000058 00000054 00000050 0000004c 00000048 00000044 00000040 0000003c 00000038 00000034 00000030 0000002c 00000028 00000024 00000020 0000001c 00000018 00000014 00000010 0000000c 00000008 00000004 00000000 
sm   0 warp 2 0x8000006c 0x5208a557 v 10 11111111111111111111111111111111 0000001f 0000001e 0000001d 0000001c 0000001b 0000001a 00000019 00000018 00000017 00000016 00000015 00000014 00000013 00000012 00000011 00000010 0000000f 0000000e 0000000d 0000000c 0000000b 0000000a 00000009 00000008 00000007 00000006 00000005 00000004 00000003 00000002 00000001 00000000 
sm   0 warp 1 0x80000070 0x96a13557 v 10 11111111111111111111111111111111 0000007c 00000078 00000074 00000070 0000006c 00000068 00000064 00000060 0000005c 00000058 00000054 00000050 0000004c 00000048 00000044 00000040 0000003c 00000038 00000034 00000030 0000002c 00000028 00000024 00000020 0000001c 00000018 00000014 00000010 0000000c 00000008 00000004 00000000 
sm   0 warp 2 0x80000060 0x0e31408b v  1 11111111111111111111111111111111 00000000 00000000 00000000 00000000 00000000 00000000 00000000 00000000 00000000 00000000 00000000 00000000 00000000 00000000 00000000 00000000 40800000 c0000000 c1900000 42100000 c1200000 41900000 40c00000 c1800000 42000000 c1900000 40000000 40000000 c1200000 40000000 c1800000 40c00000 
sm   0 warp 3 0x80000068 0x10030313 x  6  90010100
sm   0 warp 0 0x80000074 0x02a34557 v 10 11111111111111111111111111111111 9001017c 90010178 90010174 90010170 9001016c 90010168 90010164 90010160 9001015c 90010158 90010154 90010150 9001014c 90010148 90010144 90010140 9001013c 90010138 90010134 90010130 9001012c 90010128 90010124 90010120 9001011c 90010118 90010114 90010110 9001010c 90010108 90010104 90010100 
sm   0 warp 2 0x80000070 0x96a13557 v 10 11111111111111111111111111111111 0000007c 00000078 00000074 00000070 0000006c 00000068 00000064 00000060 0000005c 00000058 00000054 00000050 0000004c 00000048 00000044 00000040 0000003c 00000038 00000034 00000030 0000002c 00000028 00000024 00000020 0000001c 00000018 00000014 00000010 0000000c 00000008 00000004 00000000 
sm   0 warp 3 0x8000006c 0x5208a557 v 10 11111111111111111111111111111111 0000001f 0000001e 0000001d 0000001c 0000001b 0000001a 00000019 00000018 00000017 00000016 00000015 00000014 00000013 00000012 00000011 00000010 0000000f 0000000e 0000000d 0000000c 0000000b 0000000a 00000009 00000008 00000007 00000006 00000005 00000004 00000003 00000002 00000001 00000000 
sm   0 warp 1 0x80000074 0x02a34557 v 10 11111111111111111111111111111111 9001017c 90010178 90010174 90010170 9001016c 90010168 90010164 90010160 9001015c 90010158 90010154 90010150 9001014c 90010148 90010144 90010140 9001013c 90010138 90010134 90010130 9001012c 90010128 90010124 90010120 9001011c 90010118 90010114 90010110 9001010c 90010108 90010104 90010100 
sm   0 warp 3 0x80000060 0x0e31408b v  1 11111111111111111111111111111111 00000000 00000000 00000000 00000000 00000000 00000000 00000000 00000000 00000000 00000000 00000000 00000000 00000000 00000000 00000000 00000000 40800000 c0000000 c1900000 42100000 c1200000 41900000 40c00000 c1800000 42000000 c1900000 40000000 40000000 c1200000 40000000 c1800000 40c00000 
sm   0 warp 2 0x80000074 0x02a34557 v 10 11111111111111111111111111111111 9001017c 90010178 90010174 90010170 9001016c 90010168 90010164 90010160 9001015c 90010158 90010154 90010150 9001014c 90010148 90010144 90010140 9001013c 90010138 90010134 90010130 9001012c 90010128 90010124 90010120 9001011c 90010118 90010114 90010110 9001010c 90010108 90010104 90010100 
sm   0 warp 0 0x80000078 0x0005217b lsu.r v  2 op 3 @ 9001017c 90010178 90010174 90010170 9001016c 90010168 90010164 90010160 9001015c 90010158 90010154 90010150 9001014c 90010148 90010144 90010140 9001013c 90010138 90010134 90010130 9001012c 90010128 90010124 90010120 9001011c 90010118 90010114 90010110 9001010c 90010108 90010104 90010100
sm   0 warp 0 0x8000007c 0x90100337 x  6  90100000
sm   0 warp 3 0x80000070 0x96a13557 v 10 11111111111111111111111111111111 0000007c 00000078 00000074 00000070 0000006c 00000068 00000064 00000060 0000005c 00000058 00000054 00000050 0000004c 00000048 00000044 00000040 0000003c 00000038 00000034 00000030 0000002c 00000028 00000024 00000020 0000001c 00000018 00000014 00000010 0000000c 00000008 00000004 00000000 
sm   0 warp 1 0x80000078 0x0005217b lsu.r v  2 op 3 @ 9001017c 90010178 90010174 90010170 9001016c 90010168 90010164 90010160 9001015c 90010158 90010154 90010150 9001014c 90010148 90010144 90010140 9001013c 90010138 90010134 90010130 9001012c 90010128 90010124 90010120 9001011c 90010118 90010114 90010110 9001010c 90010108 90010104 90010100
sm   0 warp 1 0x8000007c 0x90100337 x  6  90100000
[L1C] #    738 SM 0 CACHE 1 ADDR 90010100
sm   0 warp 3 0x80000074 0x02a34557 v 10 11111111111111111111111111111111 9001017c 90010178 90010174 90010170 9001016c 90010168 90010164 90010160 9001015c 90010158 90010154 90010150 9001014c 90010148 90010144 90010140 9001013c 90010138 90010134 90010130 9001012c 90010128 90010124 90010120 9001011c 90010118 90010114 90010110 9001010c 90010108 90010104 90010100 
sm   0 warp 2 0x80000078 0x0005217b lsu.r v  2 op 3 @ 9001017c 90010178 90010174 90010170 9001016c 90010168 90010164 90010160 9001015c 90010158 90010154 90010150 9001014c 90010148 90010144 90010140 9001013c 90010138 90010134 90010130 9001012c 90010128 90010124 90010120 9001011c 90010118 90010114 90010110 9001010c 90010108 90010104 90010100
sm   0 warp 0 0x80000080 0x10030313 x  6  90100100
sm   0 warp 2 0x8000007c 0x90100337 x  6  90100000
sm   0 warp 1 0x80000080 0x10030313 x  6  90100100
sm   0 warp 0 0x80000084 0x5208a557 v 10 11111111111111111111111111111111 0000001f 0000001e 0000001d 0000001c 0000001b 0000001a 00000019 00000018 00000017 00000016 00000015 00000014 00000013 00000012 00000011 00000010 0000000f 0000000e 0000000d 0000000c 0000000b 0000000a 00000009 00000008 00000007 00000006 00000005 00000004 00000003 00000002 00000001 00000000 
sm   0 warp 1 0x80000084 0x5208a557 v 10 11111111111111111111111111111111 0000001f 0000001e 0000001d 0000001c 0000001b 0000001a 00000019 00000018 00000017 00000016 00000015 00000014 00000013 00000012 00000011 00000010 0000000f 0000000e 0000000d 0000000c 0000000b 0000000a 00000009 00000008 00000007 00000006 00000005 00000004 00000003 00000002 00000001 00000000 
sm   0 warp 2 0x80000080 0x10030313 x  6  90100100
sm   0 warp 0 0x80000088 0x96a13557 v 10 11111111111111111111111111111111 0000007c 00000078 00000074 00000070 0000006c 00000068 00000064 00000060 0000005c 00000058 00000054 00000050 0000004c 00000048 00000044 00000040 0000003c 00000038 00000034 00000030 0000002c 00000028 00000024 00000020 0000001c 00000018 00000014 00000010 0000000c 00000008 00000004 00000000 
sm   0 warp 2 0x80000084 0x5208a557 v 10 11111111111111111111111111111111 0000001f 0000001e 0000001d 0000001c 0000001b 0000001a 00000019 00000018 00000017 00000016 00000015 00000014 00000013 00000012 00000011 00000010 0000000f 0000000e 0000000d 0000000c 0000000b 0000000a 00000009 00000008 00000007 00000006 00000005 00000004 00000003 00000002 00000001 00000000 
sm   0 warp 3 0x8000007c 0x90100337 x  6  90100000
sm   0 warp 1 0x80000088 0x96a13557 v 10 11111111111111111111111111111111 0000007c 00000078 00000074 00000070 0000006c 00000068 00000064 00000060 0000005c 00000058 00000054 00000050 0000004c 00000048 00000044 00000040 0000003c 00000038 00000034 00000030 0000002c 00000028 00000024 00000020 0000001c 00000018 00000014 00000010 0000000c 00000008 00000004 00000000 
sm   0 warp 0 0x8000008c 0x02a34557 v 10 11111111111111111111111111111111 9010017c 90100178 90100174 90100170 9010016c 90100168 90100164 90100160 9010015c 90100158 90100154 90100150 9010014c 90100148 90100144 90100140 9010013c 90100138 90100134 90100130 9010012c 90100128 90100124 90100120 9010011c 90100118 90100114 90100110 9010010c 90100108 90100104 90100100 
sm   0 warp 2 0x80000088 0x96a13557 v 10 11111111111111111111111111111111 0000007c 00000078 00000074 00000070 0000006c 00000068 00000064 00000060 0000005c 00000058 00000054 00000050 0000004c 00000048 00000044 00000040 0000003c 00000038 00000034 00000030 0000002c 00000028 00000024 00000020 0000001c 00000018 00000014 00000010 0000000c 00000008 00000004 00000000 
sm   0 warp 1 0x8000008c 0x02a34557 v 10 11111111111111111111111111111111 9010017c 90100178 90100174 90100170 9010016c 90100168 90100164 90100160 9010015c 90100158 90100154 90100150 9010014c 90100148 90100144 90100140 9010013c 90100138 90100134 90100130 9010012c 90100128 90100124 90100120 9010011c 90100118 90100114 90100110 9010010c 90100108 90100104 90100100 
sm   0 warp 3 0x80000078 0x0005217b lsu.r v  2 op 3 @ 9001017c 90010178 90010174 90010170 9001016c 90010168 90010164 90010160 9001015c 90010158 90010154 90010150 9001014c 90010148 90010144 90010140 9001013c 90010138 90010134 90010130 9001012c 90010128 90010124 90010120 9001011c 90010118 90010114 90010110 9001010c 90010108 90010104 90010100
sm   0 warp 0 0x80000078 0x0005217b v  2 11111111111111111111111111111111 bf800000 c0000000 c0400000 40400000 40000000 3f800000 00000000 bf800000 40400000 40000000 3f800000 00000000 bf800000 c0000000 c0400000 40400000 00000000 bf800000 c0000000 c0400000 40400000 40000000 3f800000 00000000 c0400000 40400000 40000000 3f800000 00000000 bf800000 c0000000 c0400000 
sm   0 warp 1 0x80000078 0x0005217b v  2 11111111111111111111111111111111 bf800000 c0000000 c0400000 40400000 40000000 3f800000 00000000 bf800000 40400000 40000000 3f800000 00000000 bf800000 c0000000 c0400000 40400000 00000000 bf800000 c0000000 c0400000 40400000 40000000 3f800000 00000000 c0400000 40400000 40000000 3f800000 00000000 bf800000 c0000000 c0400000 
sm   0 warp 2 0x8000008c 0x02a34557 v 10 11111111111111111111111111111111 9010017c 90100178 90100174 90100170 9010016c 90100168 90100164 90100160 9010015c 90100158 90100154 90100150 9010014c 90100148 90100144 90100140 9010013c 90100138 90100134 90100130 9010012c 90100128 90100124 90100120 9010011c 90100118 90100114 90100110 9010010c 90100108 90100104 90100100 
sm   0 warp 0 0x80000090 0x000521fb lsu.r v  3 op 3 @ 9010017c 90100178 90100174 90100170 9010016c 90100168 90100164 90100160 9010015c 90100158 90100154 90100150 9010014c 90100148 90100144 90100140 9010013c 90100138 90100134 90100130 9010012c 90100128 90100124 90100120 9010011c 90100118 90100114 90100110 9010010c 90100108 90100104 90100100
sm   0 warp 2 0x80000078 0x0005217b v  2 11111111111111111111111111111111 bf800000 c0000000 c0400000 40400000 40000000 3f800000 00000000 bf800000 40400000 40000000 3f800000 00000000 bf800000 c0000000 c0400000 40400000 00000000 bf800000 c0000000 c0400000 40400000 40000000 3f800000 00000000 c0400000 40400000 40000000 3f800000 00000000 bf800000 c0000000 c0400000 
sm   0 warp 3 0x80000080 0x10030313 x  6  90100100
sm   0 warp 1 0x80000090 0x000521fb lsu.r v  3 op 3 @ 9010017c 90100178 90100174 90100170 9010016c 90100168 90100164 90100160 9010015c 90100158 90100154 90100150 9010014c 90100148 90100144 90100140 9010013c 90100138 90100134 90100130 9010012c 90100128 90100124 90100120 9010011c 90100118 90100114 90100110 9010010c 90100108 90100104 90100100
[L1C] #    765 SM 0 CACHE 1 ADDR 90100100
sm   0 warp 3 0x80000084 0x5208a557 v 10 11111111111111111111111111111111 0000001f 0000001e 0000001d 0000001c 0000001b 0000001a 00000019 00000018 00000017 00000016 00000015 00000014 00000013 00000012 00000011 00000010 0000000f 0000000e 0000000d 0000000c 0000000b 0000000a 00000009 00000008 00000007 00000006 00000005 00000004 00000003 00000002 00000001 00000000 
sm   0 warp 3 0x80000078 0x0005217b v  2 11111111111111111111111111111111 bf800000 c0000000 c0400000 40400000 40000000 3f800000 00000000 bf800000 40400000 40000000 3f800000 00000000 bf800000 c0000000 c0400000 40400000 00000000 bf800000 c0000000 c0400000 40400000 40000000 3f800000 00000000 c0400000 40400000 40000000 3f800000 00000000 bf800000 c0000000 c0400000 
sm   0 warp 2 0x80000090 0x000521fb lsu.r v  3 op 3 @ 9010017c 90100178 90100174 90100170 9010016c 90100168 90100164 90100160 9010015c 90100158 90100154 90100150 9010014c 90100148 90100144 90100140 9010013c 90100138 90100134 90100130 9010012c 90100128 90100124 90100120 9010011c 90100118 90100114 90100110 9010010c 90100108 90100104 90100100
sm   0 warp 3 0x80000088 0x96a13557 v 10 11111111111111111111111111111111 0000007c 00000078 00000074 00000070 0000006c 00000068 00000064 00000060 0000005c 00000058 00000054 00000050 0000004c 00000048 00000044 00000040 0000003c 00000038 00000034 00000030 0000002c 00000028 00000024 00000020 0000001c 00000018 00000014 00000010 0000000c 00000008 00000004 00000000 
sm   0 warp 3 0x8000008c 0x02a34557 v 10 11111111111111111111111111111111 9010017c 90100178 90100174 90100170 9010016c 90100168 90100164 90100160 9010015c 90100158 90100154 90100150 9010014c 90100148 90100144 90100140 9010013c 90100138 90100134 90100130 9010012c 90100128 90100124 90100120 9010011c 90100118 90100114 90100110 9010010c 90100108 90100104 90100100 
sm   0 warp 0 0x80000090 0x000521fb v  3 11111111111111111111111111111111 3f800000 00000000 bf800000 c0000000 40000000 3f800000 00000000 bf800000 bf800000 c0000000 40000000 3f800000 00000000 bf800000 c0000000 40000000 40000000 3f800000 00000000 bf800000 c0000000 40000000 3f800000 00000000 00000000 bf800000 c0000000 40000000 3f800000 00000000 bf800000 c0000000 
sm   0 warp 3 0x80000090 0x000521fb lsu.r v  3 op 3 @ 9010017c 90100178 90100174 90100170 9010016c 90100168 90100164 90100160 9010015c 90100158 90100154 90100150 9010014c 90100148 90100144 90100140 9010013c 90100138 90100134 90100130 9010012c 90100128 90100124 90100120 9010011c 90100118 90100114 90100110 9010010c 90100108 90100104 90100100
sm   0 warp 1 0x80000090 0x000521fb v  3 11111111111111111111111111111111 3f800000 00000000 bf800000 c0000000 40000000 3f800000 00000000 bf800000 bf800000 c0000000 40000000 3f800000 00000000 bf800000 c0000000 40000000 40000000 3f800000 00000000 bf800000 c0000000 40000000 3f800000 00000000 00000000 bf800000 c0000000 40000000 3f800000 00000000 bf800000 c0000000 
sm   0 warp 0 0x80000098 0x90010337 x  6  90010000
sm   0 warp 2 0x80000090 0x000521fb v  3 11111111111111111111111111111111 3f800000 00000000 bf800000 c0000000 40000000 3f800000 00000000 bf800000 bf800000 c0000000 40000000 3f800000 00000000 bf800000 c0000000 40000000 40000000 3f800000 00000000 bf800000 c0000000 40000000 3f800000 00000000 00000000 bf800000 c0000000 40000000 3f800000 00000000 bf800000 c0000000 
sm   0 warp 3 0x80000090 0x000521fb v  3 11111111111111111111111111111111 3f800000 00000000 bf800000 c0000000 40000000 3f800000 00000000 bf800000 bf800000 c0000000 40000000 3f800000 00000000 bf800000 c0000000 40000000 40000000 3f800000 00000000 bf800000 c0000000 40000000 3f800000 00000000 00000000 bf800000 c0000000 40000000 3f800000 00000000 bf800000 c0000000 
sm   0 warp 1 0x80000098 0x90010337 x  6  90010000
sm   0 warp 0 0x8000009c 0x18030313 x  6  90010180
sm   0 warp 2 0x80000098 0x90010337 x  6  90010000
sm   0 warp 0 0x800000a0 0x5208a557 v 10 11111111111111111111111111111111 0000001f 0000001e 0000001d 0000001c 0000001b 0000001a 00000019 00000018 00000017 00000016 00000015 00000014 00000013 00000012 00000011 00000010 0000000f 0000000e 0000000d 0000000c 0000000b 0000000a 00000009 00000008 00000007 00000006 00000005 00000004 00000003 00000002 00000001 00000000 
sm   0 warp 0 0x80000094 0x0e31408b v  1 11111111111111111111111111111111 00000000 00000000 00000000 00000000 00000000 00000000 00000000 00000000 00000000 00000000 00000000 00000000 00000000 00000000 00000000 00000000 40c00000 c0400000 c1d80000 42580000 c1700000 41d80000 41100000 c1c00000 42400000 c1d80000 40400000 40400000 c1700000 40400000 c1c00000 41100000 
sm   0 warp 1 0x8000009c 0x18030313 x  6  90010180
sm   0 warp 3 0x80000098 0x90010337 x  6  90010000
sm   0 warp 2 0x8000009c 0x18030313 x  6  90010180
sm   0 warp 1 0x800000a0 0x5208a557 v 10 11111111111111111111111111111111 0000001f 0000001e 0000001d 0000001c 0000001b 0000001a 00000019 00000018 00000017 00000016 00000015 00000014 00000013 00000012 00000011 00000010 0000000f 0000000e 0000000d 0000000c 0000000b 0000000a 00000009 00000008 00000007 00000006 00000005 00000004 00000003 00000002 00000001 00000000 
sm   0 warp 0 0x800000a4 0x96a13557 v 10 11111111111111111111111111111111 0000007c 00000078 00000074 00000070 0000006c 00000068 00000064 00000060 0000005c 00000058 00000054 00000050 0000004c 00000048 00000044 00000040 0000003c 00000038 00000034 00000030 0000002c 00000028 00000024 00000020 0000001c 00000018 00000014 00000010 0000000c 00000008 00000004 00000000 
sm   0 warp 2 0x800000a0 0x5208a557 v 10 11111111111111111111111111111111 0000001f 0000001e 0000001d 0000001c 0000001b 0000001a 00000019 00000018 00000017 00000016 00000015 00000014 00000013 00000012 00000011 00000010 0000000f 0000000e 0000000d 0000000c 0000000b 0000000a 00000009 00000008 00000007 00000006 00000005 00000004 00000003 00000002 00000001 00000000 
sm   0 warp 1 0x80000094 0x0e31408b v  1 11111111111111111111111111111111 00000000 00000000 00000000 00000000 00000000 00000000 00000000 00000000 00000000 00000000 00000000 00000000 00000000 00000000 00000000 00000000 40c00000 c0400000 c1d80000 42580000 c1700000 41d80000 41100000 c1c00000 42400000 c1d80000 40400000 40400000 c1700000 40400000 c1c00000 41100000 
sm   0 warp 3 0x8000009c 0x18030313 x  6  90010180
sm   0 warp 2 0x80000094 0x0e31408b v  1 11111111111111111111111111111111 00000000 00000000 00000000 00000000 00000000 00000000 00000000 00000000 00000000 00000000 00000000 00000000 00000000 00000000 00000000 00000000 40c00000 c0400000 c1d80000 42580000 c1700000 41d80000 41100000 c1c00000 42400000 c1d80000 40400000 40400000 c1700000 40400000 c1c00000 41100000 
sm   0 warp 1 0x800000a4 0x96a13557 v 10 11111111111111111111111111111111 0000007c 00000078 00000074 00000070 0000006c 00000068 00000064 00000060 0000005c 00000058 00000054 00000050 0000004c 00000048 00000044 00000040 0000003c 00000038 00000034 00000030 0000002c 00000028 00000024 00000020 0000001c 00000018 00000014 00000010 0000000c 00000008 00000004 00000000 
sm   0 warp 0 0x800000a8 0x02a34557 v 10 11111111111111111111111111111111 900101fc 900101f8 900101f4 900101f0 900101ec 900101e8 900101e4 900101e0 900101dc 900101d8 900101d4 900101d0 900101cc 900101c8 900101c4 900101c0 900101bc 900101b8 900101b4 900101b0 900101ac 900101a8 900101a4 900101a0 9001019c 90010198 90010194 90010190 9001018c 90010188 90010184 90010180 
sm   0 warp 3 0x800000a0 0x5208a557 v 10 11111111111111111111111111111111 0000001f 0000001e 0000001d 0000001c 0000001b 0000001a 00000019 00000018 00000017 00000016 00000015 00000014 00000013 00000012 00000011 00000010 0000000f 0000000e 0000000d 0000000c 0000000b 0000000a 00000009 00000008 00000007 00000006 00000005 00000004 00000003 00000002 00000001 00000000 
sm   0 warp 2 0x800000a4 0x96a13557 v 10 11111111111111111111111111111111 0000007c 00000078 00000074 00000070 0000006c 00000068 00000064 00000060 0000005c 00000058 00000054 00000050 0000004c 00000048 00000044 00000040 0000003c 00000038 00000034 00000030 0000002c 00000028 00000024 00000020 0000001c 00000018 00000014 00000010 0000000c 00000008 00000004 00000000 
sm   0 warp 3 0x80000094 0x0e31408b v  1 11111111111111111111111111111111 00000000 00000000 00000000 00000000 00000000 00000000 00000000 00000000 00000000 00000000 00000000 00000000 00000000 00000000 00000000 00000000 40c00000 c0400000 c1d80000 42580000 c1700000 41d80000 41100000 c1c00000 42400000 c1d80000 40400000 40400000 c1700000 40400000 c1c00000 41100000 
sm   0 warp 1 0x800000a8 0x02a34557 v 10 11111111111111111111111111111111 900101fc 900101f8 900101f4 900101f0 900101ec 900101e8 900101e4 900101e0 900101dc 900101d8 900101d4 900101d0 900101cc 900101c8 900101c4 900101c0 900101bc 900101b8 900101b4 900101b0 900101ac 900101a8 900101a4 900101a0 9001019c 90010198 90010194 90010190 9001018c 90010188 90010184 90010180 
sm   0 warp 3 0x800000a4 0x96a13557 v 10 11111111111111111111111111111111 0000007c 00000078 00000074 00000070 0000006c 00000068 00000064 00000060 0000005c 00000058 00000054 00000050 0000004c 00000048 00000044 00000040 0000003c 00000038 00000034 00000030 0000002c 00000028 00000024 00000020 0000001c 00000018 00000014 00000010 0000000c 00000008 00000004 00000000 
sm   0 warp 0 0x800000ac 0x0005217b lsu.r v  2 op 3 @ 900101fc 900101f8 900101f4 900101f0 900101ec 900101e8 900101e4 900101e0 900101dc 900101d8 900101d4 900101d0 900101cc 900101c8 900101c4 900101c0 900101bc 900101b8 900101b4 900101b0 900101ac 900101a8 900101a4 900101a0 9001019c 90010198 90010194 90010190 9001018c 90010188 90010184 90010180
sm   0 warp 0 0x800000b0 0x90100337 x  6  90100000
sm   0 warp 2 0x800000a8 0x02a34557 v 10 11111111111111111111111111111111 900101fc 900101f8 900101f4 900101f0 900101ec 900101e8 900101e4 900101e0 900101dc 900101d8 900101d4 900101d0 900101cc 900101c8 900101c4 900101c0 900101bc 900101b8 900101b4 900101b0 900101ac 900101a8 900101a4 900101a0 9001019c 90010198 90010194 90010190 9001018c 90010188 90010184 90010180 
sm   0 warp 1 0x800000ac 0x0005217b lsu.r v  2 op 3 @ 900101fc 900101f8 900101f4 900101f0 900101ec 900101e8 900101e4 900101e0 900101dc 900101d8 900101d4 900101d0 900101cc 900101c8 900101c4 900101c0 900101bc 900101b8 900101b4 900101b0 900101ac 900101a8 900101a4 900101a0 9001019c 90010198 90010194 90010190 9001018c 90010188 90010184 90010180
[L1C] #    818 SM 0 CACHE 1 ADDR 90010180
sm   0 warp 1 0x800000b0 0x90100337 x  6  90100000
sm   0 warp 0 0x800000b4 0x18030313 x  6  90100180
sm   0 warp 2 0x800000ac 0x0005217b lsu.r v  2 op 3 @ 900101fc 900101f8 900101f4 900101f0 900101ec 900101e8 900101e4 900101e0 900101dc 900101d8 900101d4 900101d0 900101cc 900101c8 900101c4 900101c0 900101bc 900101b8 900101b4 900101b0 900101ac 900101a8 900101a4 900101a0 9001019c 90010198 90010194 90010190 9001018c 90010188 90010184 90010180
sm   0 warp 2 0x800000b0 0x90100337 x  6  90100000
sm   0 warp 3 0x800000a8 0x02a34557 v 10 11111111111111111111111111111111 900101fc 900101f8 900101f4 900101f0 900101ec 900101e8 900101e4 900101e0 900101dc 900101d8 900101d4 900101d0 900101cc 900101c8 900101c4 900101c0 900101bc 900101b8 900101b4 900101b0 900101ac 900101a8 900101a4 900101a0 9001019c 90010198 90010194 90010190 9001018c 90010188 90010184 90010180 
sm   0 warp 0 0x800000b8 0x5208a557 v 10 11111111111111111111111111111111 0000001f 0000001e 0000001d 0000001c 0000001b 0000001a 00000019 00000018 00000017 00000016 00000015 00000014 00000013 00000012 00000011 00000010 0000000f 0000000e 0000000d 0000000c 0000000b 0000000a 00000009 00000008 00000007 00000006 00000005 00000004 00000003 00000002 00000001 00000000 
sm   0 warp 1 0x800000b4 0x18030313 x  6  90100180
sm   0 warp 2 0x800000b4 0x18030313 x  6  90100180
sm   0 warp 1 0x800000b8 0x5208a557 v 10 11111111111111111111111111111111 0000001f 0000001e 0000001d 0000001c 0000001b 0000001a 00000019 00000018 00000017 00000016 00000015 00000014 00000013 00000012 00000011 00000010 0000000f 0000000e 0000000d 0000000c 0000000b 0000000a 00000009 00000008 00000007 00000006 00000005 00000004 00000003 00000002 00000001 00000000 
sm   0 warp 2 0x800000b8 0x5208a557 v 10 11111111111111111111111111111111 0000001f 0000001e 0000001d 0000001c 0000001b 0000001a 00000019 00000018 00000017 00000016 00000015 00000014 00000013 00000012 00000011 00000010 0000000f 0000000e 0000000d 0000000c 0000000b 0000000a 00000009 00000008 00000007 00000006 00000005 00000004 00000003 00000002 00000001 00000000 
sm   0 warp 0 0x800000bc 0x96a13557 v 10 11111111111111111111111111111111 0000007c 00000078 00000074 00000070 0000006c 00000068 00000064 00000060 0000005c 00000058 00000054 00000050 0000004c 00000048 00000044 00000040 0000003c 00000038 00000034 00000030 0000002c 00000028 00000024 00000020 0000001c 00000018 00000014 00000010 0000000c 00000008 00000004 00000000 
sm   0 warp 1 0x800000bc 0x96a13557 v 10 11111111111111111111111111111111 0000007c 00000078 00000074 00000070 0000006c 00000068 00000064 00000060 0000005c 00000058 00000054 00000050 0000004c 00000048 00000044 00000040 0000003c 00000038 00000034 00000030 0000002c 00000028 00000024 00000020 0000001c 00000018 00000014 00000010 0000000c 00000008 00000004 00000000 
sm   0 warp 2 0x800000bc 0x96a13557 v 10 11111111111111111111111111111111 0000007c 00000078 00000074 00000070 0000006c 00000068 00000064 00000060 0000005c 00000058 00000054 00000050 0000004c 00000048 00000044 00000040 0000003c 00000038 00000034 00000030 0000002c 00000028 00000024 00000020 0000001c 00000018 00000014 00000010 0000000c 00000008 00000004 00000000 
sm   0 warp 0 0x800000c0 0x02a34557 v 10 11111111111111111111111111111111 901001fc 901001f8 901001f4 901001f0 901001ec 901001e8 901001e4 901001e0 901001dc 901001d8 901001d4 901001d0 901001cc 901001c8 901001c4 901001c0 901001bc 901001b8 901001b4 901001b0 901001ac 901001a8 901001a4 901001a0 9010019c 90100198 90100194 90100190 9010018c 90100188 90100184 90100180 
sm   0 warp 1 0x800000c0 0x02a34557 v 10 11111111111111111111111111111111 901001fc 901001f8 901001f4 901001f0 901001ec 901001e8 901001e4 901001e0 901001dc 901001d8 901001d4 901001d0 901001cc 901001c8 901001c4 901001c0 901001bc 901001b8 901001b4 901001b0 901001ac 901001a8 901001a4 901001a0 9010019c 90100198 90100194 90100190 9010018c 90100188 90100184 90100180 
sm   0 warp 3 0x800000ac 0x0005217b lsu.r v  2 op 3 @ 900101fc 900101f8 900101f4 900101f0 900101ec 900101e8 900101e4 900101e0 900101dc 900101d8 900101d4 900101d0 900101cc 900101c8 900101c4 900101c0 900101bc 900101b8 900101b4 900101b0 900101ac 900101a8 900101a4 900101a0 9001019c 90010198 90010194 90010190 9001018c 90010188 90010184 90010180
sm   0 warp 2 0x800000c0 0x02a34557 v 10 11111111111111111111111111111111 901001fc 901001f8 901001f4 901001f0 901001ec 901001e8 901001e4 901001e0 901001dc 901001d8 901001d4 901001d0 901001cc 901001c8 901001c4 901001c0 901001bc 901001b8 901001b4 901001b0 901001ac 901001a8 901001a4 901001a0 9010019c 90100198 90100194 90100190 9010018c 90100188 90100184 90100180 
sm   0 warp 0 0x800000ac 0x0005217b v  2 11111111111111111111111111111111 bf800000 c0000000 c0400000 40400000 40000000 3f800000 00000000 bf800000 40400000 40000000 3f800000 00000000 bf800000 c0000000 c0400000 40400000 00000000 bf800000 c0000000 c0400000 40400000 40000000 3f800000 00000000 c0400000 40400000 40000000 3f800000 00000000 bf800000 c0000000 c0400000 
sm   0 warp 1 0x800000ac 0x0005217b v  2 11111111111111111111111111111111 bf800000 c0000000 c0400000 40400000 40000000 3f800000 00000000 bf800000 40400000 40000000 3f800000 00000000 bf800000 c0000000 c0400000 40400000 00000000 bf800000 c0000000 c0400000 40400000 40000000 3f800000 00000000 c0400000 40400000 40000000 3f800000 00000000 bf800000 c0000000 c0400000 
sm   0 warp 2 0x800000ac 0x0005217b v  2 11111111111111111111111111111111 bf800000 c0000000 c0400000 40400000 40000000 3f800000 00000000 bf800000 40400000 40000000 3f800000 00000000 bf800000 c0000000 c0400000 40400000 00000000 bf800000 c0000000 c0400000 40400000 40000000 3f800000 00000000 c0400000 40400000 40000000 3f800000 00000000 bf800000 c0000000 c0400000 
sm   0 warp 0 0x800000c4 0x000521fb lsu.r v  3 op 3 @ 901001fc 901001f8 901001f4 901001f0 901001ec 901001e8 901001e4 901001e0 901001dc 901001d8 901001d4 901001d0 901001cc 901001c8 901001c4 901001c0 901001bc 901001b8 901001b4 901001b0 901001ac 901001a8 901001a4 901001a0 9010019c 90100198 90100194 90100190 9010018c 90100188 90100184 90100180
sm   0 warp 3 0x800000ac 0x0005217b v  2 11111111111111111111111111111111 bf800000 c0000000 c0400000 40400000 40000000 3f800000 00000000 bf800000 40400000 40000000 3f800000 00000000 bf800000 c0000000 c0400000 40400000 00000000 bf800000 c0000000 c0400000 40400000 40000000 3f800000 00000000 c0400000 40400000 40000000 3f800000 00000000 bf800000 c0000000 c0400000 
sm   0 warp 1 0x800000c4 0x000521fb lsu.r v  3 op 3 @ 901001fc 901001f8 901001f4 901001f0 901001ec 901001e8 901001e4 901001e0 901001dc 901001d8 901001d4 901001d0 901001cc 901001c8 901001c4 901001c0 901001bc 901001b8 901001b4 901001b0 901001ac 901001a8 901001a4 901001a0 9010019c 90100198 90100194 90100190 9010018c 90100188 90100184 90100180
[L1C] #    849 SM 0 CACHE 1 ADDR 90100180
sm   0 warp 3 0x800000b0 0x90100337 x  6  90100000
sm   0 warp 2 0x800000c4 0x000521fb lsu.r v  3 op 3 @ 901001fc 901001f8 901001f4 901001f0 901001ec 901001e8 901001e4 901001e0 901001dc 901001d8 901001d4 901001d0 901001cc 901001c8 901001c4 901001c0 901001bc 901001b8 901001b4 901001b0 901001ac 901001a8 901001a4 901001a0 9010019c 90100198 90100194 90100190 9010018c 90100188 90100184 90100180
sm   0 warp 3 0x800000b4 0x18030313 x  6  90100180
sm   0 warp 3 0x800000b8 0x5208a557 v 10 11111111111111111111111111111111 0000001f 0000001e 0000001d 0000001c 0000001b 0000001a 00000019 00000018 00000017 00000016 00000015 00000014 00000013 00000012 00000011 00000010 0000000f 0000000e 0000000d 0000000c 0000000b 0000000a 00000009 00000008 00000007 00000006 00000005 00000004 00000003 00000002 00000001 00000000 
sm   0 warp 3 0x800000bc 0x96a13557 v 10 11111111111111111111111111111111 0000007c 00000078 00000074 00000070 0000006c 00000068 00000064 00000060 0000005c 00000058 00000054 00000050 0000004c 00000048 00000044 00000040 0000003c 00000038 00000034 00000030 0000002c 00000028 00000024 00000020 0000001c 00000018 00000014 00000010 0000000c 00000008 00000004 00000000 
sm   0 warp 0 0x800000c4 0x000521fb v  3 11111111111111111111111111111111 3f800000 00000000 bf800000 c0000000 40000000 3f800000 00000000 bf800000 bf800000 c0000000 40000000 3f800000 00000000 bf800000 c0000000 40000000 40000000 3f800000 00000000 bf800000 c0000000 40000000 3f800000 00000000 00000000 bf800000 c0000000 40000000 3f800000 00000000 bf800000 c0000000 
sm   0 warp 3 0x800000c0 0x02a34557 v 10 11111111111111111111111111111111 901001fc 901001f8 901001f4 901001f0 901001ec 901001e8 901001e4 901001e0 901001dc 901001d8 901001d4 901001d0 901001cc 901001c8 901001c4 901001c0 901001bc 901001b8 901001b4 901001b0 901001ac 901001a8 901001a4 901001a0 9010019c 90100198 90100194 90100190 9010018c 90100188 90100184 90100180 
sm   0 warp 1 0x800000c4 0x000521fb v  3 11111111111111111111111111111111 3f800000 00000000 bf800000 c0000000 40000000 3f800000 00000000 bf800000 bf800000 c0000000 40000000 3f800000 00000000 bf800000 c0000000 40000000 40000000 3f800000 00000000 bf800000 c0000000 40000000 3f800000 00000000 00000000 bf800000 c0000000 40000000 3f800000 00000000 bf800000 c0000000 
sm   0 warp 2 0x800000c4 0x000521fb v  3 11111111111111111111111111111111 3f800000 00000000 bf800000 c0000000 40000000 3f800000 00000000 bf800000 bf800000 c0000000 40000000 3f800000 00000000 bf800000 c0000000 40000000 40000000 3f800000 00000000 bf800000 c0000000 40000000 3f800000 00000000 00000000 bf800000 c0000000 40000000 3f800000 00000000 bf800000 c0000000 
sm   0 warp 0 0x800000cc 0x90010337 x  6  90010000
sm   0 warp 3 0x800000c4 0x000521fb lsu.r v  3 op 3 @ 901001fc 901001f8 901001f4 901001f0 901001ec 901001e8 901001e4 901001e0 901001dc 901001d8 901001d4 901001d0 901001cc 901001c8 901001c4 901001c0 901001bc 901001b8 901001b4 901001b0 901001ac 901001a8 901001a4 901001a0 9010019c 90100198 90100194 90100190 9010018c 90100188 90100184 90100180
sm   0 warp 1 0x800000cc 0x90010337 x  6  90010000
sm   0 warp 0 0x800000d0 0x20030313 x  6  90010200
sm   0 warp 3 0x800000c4 0x000521fb v  3 11111111111111111111111111111111 3f800000 00000000 bf800000 c0000000 40000000 3f800000 00000000 bf800000 bf800000 c0000000 40000000 3f800000 00000000 bf800000 c0000000 40000000 40000000 3f800000 00000000 bf800000 c0000000 40000000 3f800000 00000000 00000000 bf800000 c0000000 40000000 3f800000 00000000 bf800000 c0000000 
sm   0 warp 2 0x800000cc 0x90010337 x  6  90010000
sm   0 warp 1 0x800000d0 0x20030313 x  6  90010200
sm   0 warp 0 0x800000d4 0x5208a557 v 10 11111111111111111111111111111111 0000001f 0000001e 0000001d 0000001c 0000001b 0000001a 00000019 00000018 00000017 00000016 00000015 00000014 00000013 00000012 00000011 00000010 0000000f 0000000e 0000000d 0000000c 0000000b 0000000a 00000009 00000008 00000007 00000006 00000005 00000004 00000003 00000002 00000001 00000000 
sm   0 warp 0 0x800000c8 0x0e31408b v  1 11111111111111111111111111111111 00000000 00000000 00000000 00000000 00000000 00000000 00000000 00000000 00000000 00000000 00000000 00000000 00000000 00000000 00000000 00000000 41000000 c0800000 c2100000 42900000 c1a00000 42100000 41400000 c2000000 42800000 c2100000 40800000 40800000 c1a00000 40800000 c2000000 41400000 
sm   0 warp 1 0x800000d4 0x5208a557 v 10 11111111111111111111111111111111 0000001f 0000001e 0000001d 0000001c 0000001b 0000001a 00000019 00000018 00000017 00000016 00000015 00000014 00000013 00000012 00000011 00000010 0000000f 0000000e 0000000d 0000000c 0000000b 0000000a 00000009 00000008 00000007 00000006 00000005 00000004 00000003 00000002 00000001 00000000 
sm   0 warp 2 0x800000d0 0x20030313 x  6  90010200
sm   0 warp 1 0x800000c8 0x0e31408b v  1 11111111111111111111111111111111 00000000 00000000 00000000 00000000 00000000 00000000 00000000 00000000 00000000 00000000 00000000 00000000 00000000 00000000 00000000 00000000 41000000 c0800000 c2100000 42900000 c1a00000 42100000 41400000 c2000000 42800000 c2100000 40800000 40800000 c1a00000 40800000 c2000000 41400000 
sm   0 warp 3 0x800000cc 0x90010337 x  6  90010000
sm   0 warp 0 0x800000d8 0x96a13557 v 10 11111111111111111111111111111111 0000007c 00000078 00000074 00000070 0000006c 00000068 00000064 00000060 0000005c 00000058 00000054 00000050 0000004c 00000048 00000044 00000040 0000003c 00000038 00000034 00000030 0000002c 00000028 00000024 00000020 0000001c 00000018 00000014 00000010 0000000c 00000008 00000004 00000000 
sm   0 warp 2 0x800000d4 0x5208a557 v 10 11111111111111111111111111111111 0000001f 0000001e 0000001d 0000001c 0000001b 0000001a 00000019 00000018 00000017 00000016 00000015 00000014 00000013 00000012 00000011 00000010 0000000f 0000000e 0000000d 0000000c 0000000b 0000000a 00000009 00000008 00000007 00000006 00000005 00000004 00000003 00000002 00000001 00000000 
sm   0 warp 1 0x800000d8 0x96a13557 v 10 11111111111111111111111111111111 0000007c 00000078 00000074 00000070 0000006c 00000068 00000064 00000060 0000005c 00000058 00000054 00000050 0000004c 00000048 00000044 00000040 0000003c 00000038 00000034 00000030 0000002c 00000028 00000024 00000020 0000001c 00000018 00000014 00000010 0000000c 00000008 00000004 00000000 
sm   0 warp 2 0x800000c8 0x0e31408b v  1 11111111111111111111111111111111 00000000 00000000 00000000 00000000 00000000 00000000 00000000 00000000 00000000 00000000 00000000 00000000 00000000 00000000 00000000 00000000 41000000 c0800000 c2100000 42900000 c1a00000 42100000 41400000 c2000000 42800000 c2100000 40800000 40800000 c1a00000 40800000 c2000000 41400000 
sm   0 warp 3 0x800000d0 0x20030313 x  6  90010200
sm   0 warp 0 0x800000dc 0x02a34557 v 10 11111111111111111111111111111111 9001027c 90010278 90010274 90010270 9001026c 90010268 90010264 90010260 9001025c 90010258 90010254 90010250 9001024c 90010248 90010244 90010240 9001023c 90010238 90010234 90010230 9001022c 90010228 90010224 90010220 9001021c 90010218 90010214 90010210 9001020c 90010208 90010204 90010200 
sm   0 warp 2 0x800000d8 0x96a13557 v 10 11111111111111111111111111111111 0000007c 00000078 00000074 00000070 0000006c 00000068 00000064 00000060 0000005c 00000058 00000054 00000050 0000004c 00000048 00000044 00000040 0000003c 00000038 00000034 00000030 0000002c 00000028 00000024 00000020 0000001c 00000018 00000014 00000010 0000000c 00000008 00000004 00000000 
[L1C] #    893 SM 0 CACHE 0 ADDR 80000100
sm   0 warp 3 0x800000d4 0x5208a557 v 10 11111111111111111111111111111111 0000001f 0000001e 0000001d 0000001c 0000001b 0000001a 00000019 00000018 00000017 00000016 00000015 00000014 00000013 00000012 00000011 00000010 0000000f 0000000e 0000000d 0000000c 0000000b 0000000a 00000009 00000008 00000007 00000006 00000005 00000004 00000003 00000002 00000001 00000000 
sm   0 warp 1 0x800000dc 0x02a34557 v 10 11111111111111111111111111111111 9001027c 90010278 90010274 90010270 9001026c 90010268 90010264 90010260 9001025c 90010258 90010254 90010250 9001024c 90010248 90010244 90010240 9001023c 90010238 90010234 90010230 9001022c 90010228 90010224 90010220 9001021c 90010218 90010214 90010210 9001020c 90010208 90010204 90010200 
sm   0 warp 3 0x800000c8 0x0e31408b v  1 11111111111111111111111111111111 00000000 00000000 00000000 00000000 00000000 00000000 00000000 00000000 00000000 00000000 00000000 00000000 00000000 00000000 00000000 00000000 41000000 c0800000 c2100000 42900000 c1a00000 42100000 41400000 c2000000 42800000 c2100000 40800000 40800000 c1a00000 40800000 c2000000 41400000 
sm   0 warp 2 0x800000dc 0x02a34557 v 10 11111111111111111111111111111111 9001027c 90010278 90010274 90010270 9001026c 90010268 90010264 90010260 9001025c 90010258 90010254 90010250 9001024c 90010248 90010244 90010240 9001023c 90010238 90010234 90010230 9001022c 90010228 90010224 90010220 9001021c 90010218 90010214 90010210 9001020c 90010208 90010204 90010200 
sm   0 warp 0 0x800000e0 0x0005217b lsu.r v  2 op 3 @ 9001027c 90010278 90010274 90010270 9001026c 90010268 90010264 90010260 9001025c 90010258 90010254 90010250 9001024c 90010248 90010244 90010240 9001023c 90010238 90010234 90010230 9001022c 90010228 90010224 90010220 9001021c 90010218 90010214 90010210 9001020c 90010208 90010204 90010200
sm   0 warp 0 0x800000e4 0x90100337 x  6  90100000
sm   0 warp 3 0x800000d8 0x96a13557 v 10 11111111111111111111111111111111 0000007c 00000078 00000074 00000070 0000006c 00000068 00000064 00000060 0000005c 00000058 00000054 00000050 0000004c 00000048 00000044 00000040 0000003c 00000038 00000034 00000030 0000002c 00000028 00000024 00000020 0000001c 00000018 00000014 00000010 0000000c 00000008 00000004 00000000 
sm   0 warp 1 0x800000e0 0x0005217b lsu.r v  2 op 3 @ 9001027c 90010278 90010274 90010270 9001026c 90010268 90010264 90010260 9001025c 90010258 90010254 90010250 9001024c 90010248 90010244 90010240 9001023c 90010238 90010234 90010230 9001022c 90010228 90010224 90010220 9001021c 90010218 90010214 90010210 9001020c 90010208 90010204 90010200
sm   0 warp 1 0x800000e4 0x90100337 x  6  90100000
[L1C] #    902 SM 0 CACHE 1 ADDR 90010200
sm   0 warp 3 0x800000dc 0x02a34557 v 10 11111111111111111111111111111111 9001027c 90010278 90010274 90010270 9001026c 90010268 90010264 90010260 9001025c 90010258 90010254 90010250 9001024c 90010248 90010244 90010240 9001023c 90010238 90010234 90010230 9001022c 90010228 90010224 90010220 9001021c 90010218 90010214 90010210 9001020c 90010208 90010204 90010200 
sm   0 warp 2 0x800000e0 0x0005217b lsu.r v  2 op 3 @ 9001027c 90010278 90010274 90010270 9001026c 90010268 90010264 90010260 9001025c 90010258 90010254 90010250 9001024c 90010248 90010244 90010240 9001023c 90010238 90010234 90010230 9001022c 90010228 90010224 90010220 9001021c 90010218 90010214 90010210 9001020c 90010208 90010204 90010200
sm   0 warp 0 0x800000e8 0x20030313 x  6  90100200
sm   0 warp 2 0x800000e4 0x90100337 x  6  90100000
sm   0 warp 1 0x800000e8 0x20030313 x  6  90100200
sm   0 warp 0 0x800000ec 0x5208a557 v 10 11111111111111111111111111111111 0000001f 0000001e 0000001d 0000001c 0000001b 0000001a 00000019 00000018 00000017 00000016 00000015 00000014 00000013 00000012 00000011 00000010 0000000f 0000000e 0000000d 0000000c 0000000b 0000000a 00000009 00000008 00000007 00000006 00000005 00000004 00000003 00000002 00000001 00000000 
sm   0 warp 1 0x800000ec 0x5208a557 v 10 11111111111111111111111111111111 0000001f 0000001e 0000001d 0000001c 0000001b 0000001a 00000019 00000018 00000017 00000016 00000015 00000014 00000013 00000012 00000011 00000010 0000000f 0000000e 0000000d 0000000c 0000000b 0000000a 00000009 00000008 00000007 00000006 00000005 00000004 00000003 00000002 00000001 00000000 
sm   0 warp 2 0x800000e8 0x20030313 x  6  90100200
sm   0 warp 0 0x800000f0 0x96a13557 v 10 11111111111111111111111111111111 0000007c 00000078 00000074 00000070 0000006c 00000068 00000064 00000060 0000005c 00000058 00000054 00000050 0000004c 00000048 00000044 00000040 0000003c 00000038 00000034 00000030 0000002c 00000028 00000024 00000020 0000001c 00000018 00000014 00000010 0000000c 00000008 00000004 00000000 
sm   0 warp 2 0x800000ec 0x5208a557 v 10 11111111111111111111111111111111 0000001f 0000001e 0000001d 0000001c 0000001b 0000001a 00000019 00000018 00000017 00000016 00000015 00000014 00000013 00000012 00000011 00000010 0000000f 0000000e 0000000d 0000000c 0000000b 0000000a 00000009 00000008 00000007 00000006 00000005 00000004 00000003 00000002 00000001 00000000 
sm   0 warp 3 0x800000e4 0x90100337 x  6  90100000
sm   0 warp 1 0x800000f0 0x96a13557 v 10 11111111111111111111111111111111 0000007c 00000078 00000074 00000070 0000006c 00000068 00000064 00000060 0000005c 00000058 00000054 00000050 0000004c 00000048 00000044 00000040 0000003c 00000038 00000034 00000030 0000002c 00000028 00000024 00000020 0000001c 00000018 00000014 00000010 0000000c 00000008 00000004 00000000 
sm   0 warp 0 0x800000f4 0x02a34557 v 10 11111111111111111111111111111111 9010027c 90100278 90100274 90100270 9010026c 90100268 90100264 90100260 9010025c 90100258 90100254 90100250 9010024c 90100248 90100244 90100240 9010023c 90100238 90100234 90100230 9010022c 90100228 90100224 90100220 9010021c 90100218 90100214 90100210 9010020c 90100208 90100204 90100200 
sm   0 warp 2 0x800000f0 0x96a13557 v 10 11111111111111111111111111111111 0000007c 00000078 00000074 00000070 0000006c 00000068 00000064 00000060 0000005c 00000058 00000054 00000050 0000004c 00000048 00000044 00000040 0000003c 00000038 00000034 00000030 0000002c 00000028 00000024 00000020 0000001c 00000018 00000014 00000010 0000000c 00000008 00000004 00000000 
sm   0 warp 1 0x800000f4 0x02a34557 v 10 11111111111111111111111111111111 9010027c 90100278 90100274 90100270 9010026c 90100268 90100264 90100260 9010025c 90100258 90100254 90100250 9010024c 90100248 90100244 90100240 9010023c 90100238 90100234 90100230 9010022c 90100228 90100224 90100220 9010021c 90100218 90100214 90100210 9010020c 90100208 90100204 90100200 
sm   0 warp 3 0x800000e0 0x0005217b lsu.r v  2 op 3 @ 9001027c 90010278 90010274 90010270 9001026c 90010268 90010264 90010260 9001025c 90010258 90010254 90010250 9001024c 90010248 90010244 90010240 9001023c 90010238 90010234 90010230 9001022c 90010228 90010224 90010220 9001021c 90010218 90010214 90010210 9001020c 90010208 90010204 90010200
sm   0 warp 0 0x800000e0 0x0005217b v  2 11111111111111111111111111111111 bf800000 c0000000 c0400000 40400000 40000000 3f800000 00000000 bf800000 40400000 40000000 3f800000 00000000 bf800000 c0000000 c0400000 40400000 00000000 bf800000 c0000000 c0400000 40400000 40000000 3f800000 00000000 c0400000 40400000 40000000 3f800000 00000000 bf800000 c0000000 c0400000 
sm   0 warp 1 0x800000e0 0x0005217b v  2 11111111111111111111111111111111 bf800000 c0000000 c0400000 40400000 40000000 3f800000 00000000 bf800000 40400000 40000000 3f800000 00000000 bf800000 c0000000 c0400000 40400000 00000000 bf800000 c0000000 c0400000 40400000 40000000 3f800000 00000000 c0400000 40400000 40000000 3f800000 00000000 bf800000 c0000000 c0400000 
sm   0 warp 2 0x800000f4 0x02a34557 v 10 11111111111111111111111111111111 9010027c 90100278 90100274 90100270 9010026c 90100268 90100264 90100260 9010025c 90100258 90100254 90100250 9010024c 90100248 90100244 90100240 9010023c 90100238 90100234 90100230 9010022c 90100228 90100224 90100220 9010021c 90100218 90100214 90100210 9010020c 90100208 90100204 90100200 
sm   0 warp 0 0x800000f8 0x000521fb lsu.r v  3 op 3 @ 9010027c 90100278 90100274 90100270 9010026c 90100268 90100264 90100260 9010025c 90100258 90100254 90100250 9010024c 90100248 90100244 90100240 9010023c 90100238 90100234 90100230 9010022c 90100228 90100224 90100220 9010021c 90100218 90100214 90100210 9010020c 90100208 90100204 90100200
sm   0 warp 2 0x800000e0 0x0005217b v  2 11111111111111111111111111111111 bf800000 c0000000 c0400000 40400000 40000000 3f800000 00000000 bf800000 40400000 40000000 3f800000 00000000 bf800000 c0000000 c0400000 40400000 00000000 bf800000 c0000000 c0400000 40400000 40000000 3f800000 00000000 c0400000 40400000 40000000 3f800000 00000000 bf800000 c0000000 c0400000 
sm   0 warp 1 0x800000f8 0x000521fb lsu.r v  3 op 3 @ 9010027c 90100278 90100274 90100270 9010026c 90100268 90100264 90100260 9010025c 90100258 90100254 90100250 9010024c 90100248 90100244 90100240 9010023c 90100238 90100234 90100230 9010022c 90100228 90100224 90100220 9010021c 90100218 90100214 90100210 9010020c 90100208 90100204 90100200
[L1C] #    929 SM 0 CACHE 1 ADDR 90100200
sm   0 warp 3 0x800000e0 0x0005217b v  2 11111111111111111111111111111111 bf800000 c0000000 c0400000 40400000 40000000 3f800000 00000000 bf800000 40400000 40000000 3f800000 00000000 bf800000 c0000000 c0400000 40400000 00000000 bf800000 c0000000 c0400000 40400000 40000000 3f800000 00000000 c0400000 40400000 40000000 3f800000 00000000 bf800000 c0000000 c0400000 
sm   0 warp 3 0x800000e8 0x20030313 x  6  90100200
sm   0 warp 2 0x800000f8 0x000521fb lsu.r v  3 op 3 @ 9010027c 90100278 90100274 90100270 9010026c 90100268 90100264 90100260 9010025c 90100258 90100254 90100250 9010024c 90100248 90100244 90100240 9010023c 90100238 90100234 90100230 9010022c 90100228 90100224 90100220 9010021c 90100218 90100214 90100210 9010020c 90100208 90100204 90100200
sm   0 warp 3 0x800000ec 0x5208a557 v 10 11111111111111111111111111111111 0000001f 0000001e 0000001d 0000001c 0000001b 0000001a 00000019 00000018 00000017 00000016 00000015 00000014 00000013 00000012 00000011 00000010 0000000f 0000000e 0000000d 0000000c 0000000b 0000000a 00000009 00000008 00000007 00000006 00000005 00000004 00000003 00000002 00000001 00000000 
sm   0 warp 3 0x800000f0 0x96a13557 v 10 11111111111111111111111111111111 0000007c 00000078 00000074 00000070 0000006c 00000068 00000064 00000060 0000005c 00000058 00000054 00000050 0000004c 00000048 00000044 00000040 0000003c 00000038 00000034 00000030 0000002c 00000028 00000024 00000020 0000001c 00000018 00000014 00000010 0000000c 00000008 00000004 00000000 
sm   0 warp 3 0x800000f4 0x02a34557 v 10 11111111111111111111111111111111 9010027c 90100278 90100274 90100270 9010026c 90100268 90100264 90100260 9010025c 90100258 90100254 90100250 9010024c 90100248 90100244 90100240 9010023c 90100238 90100234 90100230 9010022c 90100228 90100224 90100220 9010021c 90100218 90100214 90100210 9010020c 90100208 90100204 90100200 
sm   0 warp 0 0x800000f8 0x000521fb v  3 11111111111111111111111111111111 3f800000 00000000 bf800000 c0000000 40000000 3f800000 00000000 bf800000 bf800000 c0000000 40000000 3f800000 00000000 bf800000 c0000000 40000000 40000000 3f800000 00000000 bf800000 c0000000 40000000 3f800000 00000000 00000000 bf800000 c0000000 40000000 3f800000 00000000 bf800000 c0000000 
sm   0 warp 1 0x800000f8 0x000521fb v  3 11111111111111111111111111111111 3f800000 00000000 bf800000 c0000000 40000000 3f800000 00000000 bf800000 bf800000 c0000000 40000000 3f800000 00000000 bf800000 c0000000 40000000 40000000 3f800000 00000000 bf800000 c0000000 40000000 3f800000 00000000 00000000 bf800000 c0000000 40000000 3f800000 00000000 bf800000 c0000000 
sm   0 warp 3 0x800000f8 0x000521fb lsu.r v  3 op 3 @ 9010027c 90100278 90100274 90100270 9010026c 90100268 90100264 90100260 9010025c 90100258 90100254 90100250 9010024c 90100248 90100244 90100240 9010023c 90100238 90100234 90100230 9010022c 90100228 90100224 90100220 9010021c 90100218 90100214 90100210 9010020c 90100208 90100204 90100200
sm   0 warp 0 0x80000100 0x90010337 x  6  90010000
sm   0 warp 2 0x800000f8 0x000521fb v  3 11111111111111111111111111111111 3f800000 00000000 bf800000 c0000000 40000000 3f800000 00000000 bf800000 bf800000 c0000000 40000000 3f800000 00000000 bf800000 c0000000 40000000 40000000 3f800000 00000000 bf800000 c0000000 40000000 3f800000 00000000 00000000 bf800000 c0000000 40000000 3f800000 00000000 bf800000 c0000000 
sm   0 warp 1 0x80000100 0x90010337 x  6  90010000
sm   0 warp 3 0x800000f8 0x000521fb v  3 11111111111111111111111111111111 3f800000 00000000 bf800000 c0000000 40000000 3f800000 00000000 bf800000 bf800000 c0000000 40000000 3f800000 00000000 bf800000 c0000000 40000000 40000000 3f800000 00000000 bf800000 c0000000 40000000 3f800000 00000000 00000000 bf800000 c0000000 40000000 3f800000 00000000 bf800000 c0000000 
sm   0 warp 0 0x80000104 0x28030313 x  6  90010280
sm   0 warp 2 0x80000100 0x90010337 x  6  90010000
sm   0 warp 1 0x80000104 0x28030313 x  6  90010280
sm   0 warp 0 0x80000108 0x5208a557 v 10 11111111111111111111111111111111 0000001f 0000001e 0000001d 0000001c 0000001b 0000001a 00000019 00000018 00000017 00000016 00000015 00000014 00000013 00000012 00000011 00000010 0000000f 0000000e 0000000d 0000000c 0000000b 0000000a 00000009 00000008 00000007 00000006 00000005 00000004 00000003 00000002 00000001 00000000 
sm   0 warp 3 0x80000100 0x90010337 x  6  90010000
sm   0 warp 1 0x80000108 0x5208a557 v 10 11111111111111111111111111111111 0000001f 0000001e 0000001d 0000001c 0000001b 0000001a 00000019 00000018 00000017 00000016 00000015 00000014 00000013 00000012 00000011 00000010 0000000f 0000000e 0000000d 0000000c 0000000b 0000000a 00000009 00000008 00000007 00000006 00000005 00000004 00000003 00000002 00000001 00000000 
sm   0 warp 0 0x800000fc 0x0e31408b v  1 11111111111111111111111111111111 00000000 00000000 00000000 00000000 00000000 00000000 00000000 00000000 00000000 00000000 00000000 00000000 00000000 00000000 00000000 00000000 41200000 c0a00000 c2340000 42b40000 c1c80000 42340000 41700000 c2200000 42a00000 c2340000 40a00000 40a00000 c1c80000 40a00000 c2200000 41700000 
sm   0 warp 1 0x800000fc 0x0e31408b v  1 11111111111111111111111111111111 00000000 00000000 00000000 00000000 00000000 00000000 00000000 00000000 00000000 00000000 00000000 00000000 00000000 00000000 00000000 00000000 41200000 c0a00000 c2340000 42b40000 c1c80000 42340000 41700000 c2200000 42a00000 c2340000 40a00000 40a00000 c1c80000 40a00000 c2200000 41700000 
sm   0 warp 2 0x80000104 0x28030313 x  6  90010280
sm   0 warp 0 0x8000010c 0x96a13557 v 10 11111111111111111111111111111111 0000007c 00000078 00000074 00000070 0000006c 00000068 00000064 00000060 0000005c 00000058 00000054 00000050 0000004c 00000048 00000044 00000040 0000003c 00000038 00000034 00000030 0000002c 00000028 00000024 00000020 0000001c 00000018 00000014 00000010 0000000c 00000008 00000004 00000000 
sm   0 warp 3 0x80000104 0x28030313 x  6  90010280
sm   0 warp 1 0x8000010c 0x96a13557 v 10 11111111111111111111111111111111 0000007c 00000078 00000074 00000070 0000006c 00000068 00000064 00000060 0000005c 00000058 00000054 00000050 0000004c 00000048 00000044 00000040 0000003c 00000038 00000034 00000030 0000002c 00000028 00000024 00000020 0000001c 00000018 00000014 00000010 0000000c 00000008 00000004 00000000 
sm   0 warp 2 0x80000108 0x5208a557 v 10 11111111111111111111111111111111 0000001f 0000001e 0000001d 0000001c 0000001b 0000001a 00000019 00000018 00000017 00000016 00000015 00000014 00000013 00000012 00000011 00000010 0000000f 0000000e 0000000d 0000000c 0000000b 0000000a 00000009 00000008 00000007 00000006 00000005 00000004 00000003 00000002 00000001 00000000 
sm   0 warp 3 0x80000108 0x5208a557 v 10 11111111111111111111111111111111 0000001f 0000001e 0000001d 0000001c 0000001b 0000001a 00000019 00000018 00000017 00000016 00000015 00000014 00000013 00000012 00000011 00000010 0000000f 0000000e 0000000d 0000000c 0000000b 0000000a 00000009 00000008 00000007 00000006 00000005 00000004 00000003 00000002 00000001 00000000 
sm   0 warp 2 0x800000fc 0x0e31408b v  1 11111111111111111111111111111111 00000000 00000000 00000000 00000000 00000000 00000000 00000000 00000000 00000000 00000000 00000000 00000000 00000000 00000000 00000000 00000000 41200000 c0a00000 c2340000 42b40000 c1c80000 42340000 41700000 c2200000 42a00000 c2340000 40a00000 40a00000 c1c80000 40a00000 c2200000 41700000 
sm   0 warp 3 0x800000fc 0x0e31408b v  1 11111111111111111111111111111111 00000000 00000000 00000000 00000000 00000000 00000000 00000000 00000000 00000000 00000000 00000000 00000000 00000000 00000000 00000000 00000000 41200000 c0a00000 c2340000 42b40000 c1c80000 42340000 41700000 c2200000 42a00000 c2340000 40a00000 40a00000 c1c80000 40a00000 c2200000 41700000 
sm   0 warp 0 0x80000110 0x02a34557 v 10 11111111111111111111111111111111 900102fc 900102f8 900102f4 900102f0 900102ec 900102e8 900102e4 900102e0 900102dc 900102d8 900102d4 900102d0 900102cc 900102c8 900102c4 900102c0 900102bc 900102b8 900102b4 900102b0 900102ac 900102a8 900102a4 900102a0 9001029c 90010298 90010294 90010290 9001028c 90010288 90010284 90010280 
sm   0 warp 1 0x80000110 0x02a34557 v 10 11111111111111111111111111111111 900102fc 900102f8 900102f4 900102f0 900102ec 900102e8 900102e4 900102e0 900102dc 900102d8 900102d4 900102d0 900102cc 900102c8 900102c4 900102c0 900102bc 900102b8 900102b4 900102b0 900102ac 900102a8 900102a4 900102a0 9001029c 90010298 90010294 90010290 9001028c 90010288 90010284 90010280 
sm   0 warp 2 0x8000010c 0x96a13557 v 10 11111111111111111111111111111111 0000007c 00000078 00000074 00000070 0000006c 00000068 00000064 00000060 0000005c 00000058 00000054 00000050 0000004c 00000048 00000044 00000040 0000003c 00000038 00000034 00000030 0000002c 00000028 00000024 00000020 0000001c 00000018 00000014 00000010 0000000c 00000008 00000004 00000000 
sm   0 warp 3 0x8000010c 0x96a13557 v 10 11111111111111111111111111111111 0000007c 00000078 00000074 00000070 0000006c 00000068 00000064 00000060 0000005c 00000058 00000054 00000050 0000004c 00000048 00000044 00000040 0000003c 00000038 00000034 00000030 0000002c 00000028 00000024 00000020 0000001c 00000018 00000014 00000010 0000000c 00000008 00000004 00000000 
sm   0 warp 0 0x80000114 0x0005217b lsu.r v  2 op 3 @ 900102fc 900102f8 900102f4 900102f0 900102ec 900102e8 900102e4 900102e0 900102dc 900102d8 900102d4 900102d0 900102cc 900102c8 900102c4 900102c0 900102bc 900102b8 900102b4 900102b0 900102ac 900102a8 900102a4 900102a0 9001029c 90010298 90010294 90010290 9001028c 90010288 90010284 90010280
sm   0 warp 0 0x80000118 0x90100337 x  6  90100000
sm   0 warp 2 0x80000110 0x02a34557 v 10 11111111111111111111111111111111 900102fc 900102f8 900102f4 900102f0 900102ec 900102e8 900102e4 900102e0 900102dc 900102d8 900102d4 900102d0 900102cc 900102c8 900102c4 900102c0 900102bc 900102b8 900102b4 900102b0 900102ac 900102a8 900102a4 900102a0 9001029c 90010298 90010294 90010290 9001028c 90010288 90010284 90010280 
sm   0 warp 1 0x80000118 0x90100337 x  6  90100000
sm   0 warp 3 0x80000110 0x02a34557 v 10 11111111111111111111111111111111 900102fc 900102f8 900102f4 900102f0 900102ec 900102e8 900102e4 900102e0 900102dc 900102d8 900102d4 900102d0 900102cc 900102c8 900102c4 900102c0 900102bc 900102b8 900102b4 900102b0 900102ac 900102a8 900102a4 900102a0 9001029c 90010298 90010294 90010290 9001028c 90010288 90010284 90010280 
sm   0 warp 1 0x80000114 0x0005217b lsu.r v  2 op 3 @ 900102fc 900102f8 900102f4 900102f0 900102ec 900102e8 900102e4 900102e0 900102dc 900102d8 900102d4 900102d0 900102cc 900102c8 900102c4 900102c0 900102bc 900102b8 900102b4 900102b0 900102ac 900102a8 900102a4 900102a0 9001029c 90010298 90010294 90010290 9001028c 90010288 90010284 90010280
[L1C] #    984 SM 0 CACHE 1 ADDR 90010280
sm   0 warp 0 0x8000011c 0x28030313 x  6  90100280
sm   0 warp 1 0x8000011c 0x28030313 x  6  90100280
sm   0 warp 2 0x80000114 0x0005217b lsu.r v  2 op 3 @ 900102fc 900102f8 900102f4 900102f0 900102ec 900102e8 900102e4 900102e0 900102dc 900102d8 900102d4 900102d0 900102cc 900102c8 900102c4 900102c0 900102bc 900102b8 900102b4 900102b0 900102ac 900102a8 900102a4 900102a0 9001029c 90010298 90010294 90010290 9001028c 90010288 90010284 90010280
sm   0 warp 2 0x80000118 0x90100337 x  6  90100000
sm   0 warp 0 0x80000120 0x5208a557 v 10 11111111111111111111111111111111 0000001f 0000001e 0000001d 0000001c 0000001b 0000001a 00000019 00000018 00000017 00000016 00000015 00000014 00000013 00000012 00000011 00000010 0000000f 0000000e 0000000d 0000000c 0000000b 0000000a 00000009 00000008 00000007 00000006 00000005 00000004 00000003 00000002 00000001 00000000 
sm   0 warp 3 0x80000118 0x90100337 x  6  90100000
sm   0 warp 1 0x80000120 0x5208a557 v 10 11111111111111111111111111111111 0000001f 0000001e 0000001d 0000001c 0000001b 0000001a 00000019 00000018 00000017 00000016 00000015 00000014 00000013 00000012 00000011 00000010 0000000f 0000000e 0000000d 0000000c 0000000b 0000000a 00000009 00000008 00000007 00000006 00000005 00000004 00000003 00000002 00000001 00000000 
sm   0 warp 2 0x8000011c 0x28030313 x  6  90100280
sm   0 warp 0 0x80000124 0x96a13557 v 10 11111111111111111111111111111111 0000007c 00000078 00000074 00000070 0000006c 00000068 00000064 00000060 0000005c 00000058 00000054 00000050 0000004c 00000048 00000044 00000040 0000003c 00000038 00000034 00000030 0000002c 00000028 00000024 00000020 0000001c 00000018 00000014 00000010 0000000c 00000008 00000004 00000000 
sm   0 warp 3 0x8000011c 0x28030313 x  6  90100280
sm   0 warp 1 0x80000124 0x96a13557 v 10 11111111111111111111111111111111 0000007c 00000078 00000074 00000070 0000006c 00000068 00000064 00000060 0000005c 00000058 00000054 00000050 0000004c 00000048 00000044 00000040 0000003c 00000038 00000034 00000030 0000002c 00000028 00000024 00000020 0000001c 00000018 00000014 00000010 0000000c 00000008 00000004 00000000 
sm   0 warp 2 0x80000120 0x5208a557 v 10 11111111111111111111111111111111 0000001f 0000001e 0000001d 0000001c 0000001b 0000001a 00000019 00000018 00000017 00000016 00000015 00000014 00000013 00000012 00000011 00000010 0000000f 0000000e 0000000d 0000000c 0000000b 0000000a 00000009 00000008 00000007 00000006 00000005 00000004 00000003 00000002 00000001 00000000 
sm   0 warp 3 0x80000120 0x5208a557 v 10 11111111111111111111111111111111 0000001f 0000001e 0000001d 0000001c 0000001b 0000001a 00000019 00000018 00000017 00000016 00000015 00000014 00000013 00000012 00000011 00000010 0000000f 0000000e 0000000d 0000000c 0000000b 0000000a 00000009 00000008 00000007 00000006 00000005 00000004 00000003 00000002 00000001 00000000 
sm   0 warp 0 0x80000128 0x02a34557 v 10 11111111111111111111111111111111 901002fc 901002f8 901002f4 901002f0 901002ec 901002e8 901002e4 901002e0 901002dc 901002d8 901002d4 901002d0 901002cc 901002c8 901002c4 901002c0 901002bc 901002b8 901002b4 901002b0 901002ac 901002a8 901002a4 901002a0 9010029c 90100298 90100294 90100290 9010028c 90100288 90100284 90100280 
sm   0 warp 1 0x80000128 0x02a34557 v 10 11111111111111111111111111111111 901002fc 901002f8 901002f4 901002f0 901002ec 901002e8 901002e4 901002e0 901002dc 901002d8 901002d4 901002d0 901002cc 901002c8 901002c4 901002c0 901002bc 901002b8 901002b4 901002b0 901002ac 901002a8 901002a4 901002a0 9010029c 90100298 90100294 90100290 9010028c 90100288 90100284 90100280 
sm   0 warp 2 0x80000124 0x96a13557 v 10 11111111111111111111111111111111 0000007c 00000078 00000074 00000070 0000006c 00000068 00000064 00000060 0000005c 00000058 00000054 00000050 0000004c 00000048 00000044 00000040 0000003c 00000038 00000034 00000030 0000002c 00000028 00000024 00000020 0000001c 00000018 00000014 00000010 0000000c 00000008 00000004 00000000 
sm   0 warp 3 0x80000124 0x96a13557 v 10 11111111111111111111111111111111 0000007c 00000078 00000074 00000070 0000006c 00000068 00000064 00000060 0000005c 00000058 00000054 00000050 0000004c 00000048 00000044 00000040 0000003c 00000038 00000034 00000030 0000002c 00000028 00000024 00000020 0000001c 00000018 00000014 00000010 0000000c 00000008 00000004 00000000 
sm   0 warp 3 0x80000114 0x0005217b lsu.r v  2 op 3 @ 900102fc 900102f8 900102f4 900102f0 900102ec 900102e8 900102e4 900102e0 900102dc 900102d8 900102d4 900102d0 900102cc 900102c8 900102c4 900102c0 900102bc 900102b8 900102b4 900102b0 900102ac 900102a8 900102a4 900102a0 9001029c 90010298 90010294 90010290 9001028c 90010288 90010284 90010280
sm   0 warp 0 0x80000114 0x0005217b v  2 11111111111111111111111111111111 bf800000 c0000000 c0400000 40400000 40000000 3f800000 00000000 bf800000 40400000 40000000 3f800000 00000000 bf800000 c0000000 c0400000 40400000 00000000 bf800000 c0000000 c0400000 40400000 40000000 3f800000 00000000 c0400000 40400000 40000000 3f800000 00000000 bf800000 c0000000 c0400000 
sm   0 warp 1 0x80000114 0x0005217b v  2 11111111111111111111111111111111 bf800000 c0000000 c0400000 40400000 40000000 3f800000 00000000 bf800000 40400000 40000000 3f800000 00000000 bf800000 c0000000 c0400000 40400000 00000000 bf800000 c0000000 c0400000 40400000 40000000 3f800000 00000000 c0400000 40400000 40000000 3f800000 00000000 bf800000 c0000000 c0400000 
sm   0 warp 2 0x80000128 0x02a34557 v 10 11111111111111111111111111111111 901002fc 901002f8 901002f4 901002f0 901002ec 901002e8 901002e4 901002e0 901002dc 901002d8 901002d4 901002d0 901002cc 901002c8 901002c4 901002c0 901002bc 901002b8 901002b4 901002b0 901002ac 901002a8 901002a4 901002a0 9010029c 90100298 90100294 90100290 9010028c 90100288 90100284 90100280 
sm   0 warp 0 0x8000012c 0x000521fb lsu.r v  3 op 3 @ 901002fc 901002f8 901002f4 901002f0 901002ec 901002e8 901002e4 901002e0 901002dc 901002d8 901002d4 901002d0 901002cc 901002c8 901002c4 901002c0 901002bc 901002b8 901002b4 901002b0 901002ac 901002a8 901002a4 901002a0 9010029c 90100298 90100294 90100290 9010028c 90100288 90100284 90100280
sm   0 warp 3 0x80000128 0x02a34557 v 10 11111111111111111111111111111111 901002fc 901002f8 901002f4 901002f0 901002ec 901002e8 901002e4 901002e0 901002dc 901002d8 901002d4 901002d0 901002cc 901002c8 901002c4 901002c0 901002bc 901002b8 901002b4 901002b0 901002ac 901002a8 901002a4 901002a0 9010029c 90100298 90100294 90100290 9010028c 90100288 90100284 90100280 
sm   0 warp 2 0x80000114 0x0005217b v  2 11111111111111111111111111111111 bf800000 c0000000 c0400000 40400000 40000000 3f800000 00000000 bf800000 40400000 40000000 3f800000 00000000 bf800000 c0000000 c0400000 40400000 00000000 bf800000 c0000000 c0400000 40400000 40000000 3f800000 00000000 c0400000 40400000 40000000 3f800000 00000000 bf800000 c0000000 c0400000 
sm   0 warp 3 0x80000114 0x0005217b v  2 11111111111111111111111111111111 bf800000 c0000000 c0400000 40400000 40000000 3f800000 00000000 bf800000 40400000 40000000 3f800000 00000000 bf800000 c0000000 c0400000 40400000 00000000 bf800000 c0000000 c0400000 40400000 40000000 3f800000 00000000 c0400000 40400000 40000000 3f800000 00000000 bf800000 c0000000 c0400000 
[L1C] #   1011 SM 0 CACHE 1 ADDR 90100280
sm   0 warp 1 0x8000012c 0x000521fb lsu.r v  3 op 3 @ 901002fc 901002f8 901002f4 901002f0 901002ec 901002e8 901002e4 901002e0 901002dc 901002d8 901002d4 901002d0 901002cc 901002c8 901002c4 901002c0 901002bc 901002b8 901002b4 901002b0 901002ac 901002a8 901002a4 901002a0 9010029c 90100298 90100294 90100290 9010028c 90100288 90100284 90100280
sm   0 warp 2 0x8000012c 0x000521fb lsu.r v  3 op 3 @ 901002fc 901002f8 901002f4 901002f0 901002ec 901002e8 901002e4 901002e0 901002dc 901002d8 901002d4 901002d0 901002cc 901002c8 901002c4 901002c0 901002bc 901002b8 901002b4 901002b0 901002ac 901002a8 901002a4 901002a0 9010029c 90100298 90100294 90100290 9010028c 90100288 90100284 90100280
sm   0 warp 0 0x8000012c 0x000521fb v  3 11111111111111111111111111111111 3f800000 00000000 bf800000 c0000000 40000000 3f800000 00000000 bf800000 bf800000 c0000000 40000000 3f800000 00000000 bf800000 c0000000 40000000 40000000 3f800000 00000000 bf800000 c0000000 40000000 3f800000 00000000 00000000 bf800000 c0000000 40000000 3f800000 00000000 bf800000 c0000000 
sm   0 warp 3 0x8000012c 0x000521fb lsu.r v  3 op 3 @ 901002fc 901002f8 901002f4 901002f0 901002ec 901002e8 901002e4 901002e0 901002dc 901002d8 901002d4 901002d0 901002cc 901002c8 901002c4 901002c0 901002bc 901002b8 901002b4 901002b0 901002ac 901002a8 901002a4 901002a0 9010029c 90100298 90100294 90100290 9010028c 90100288 90100284 90100280
sm   0 warp 1 0x8000012c 0x000521fb v  3 11111111111111111111111111111111 3f800000 00000000 bf800000 c0000000 40000000 3f800000 00000000 bf800000 bf800000 c0000000 40000000 3f800000 00000000 bf800000 c0000000 40000000 40000000 3f800000 00000000 bf800000 c0000000 40000000 3f800000 00000000 00000000 bf800000 c0000000 40000000 3f800000 00000000 bf800000 c0000000 
sm   0 warp 0 0x80000134 0x90010337 x  6  90010000
sm   0 warp 2 0x8000012c 0x000521fb v  3 11111111111111111111111111111111 3f800000 00000000 bf800000 c0000000 40000000 3f800000 00000000 bf800000 bf800000 c0000000 40000000 3f800000 00000000 bf800000 c0000000 40000000 40000000 3f800000 00000000 bf800000 c0000000 40000000 3f800000 00000000 00000000 bf800000 c0000000 40000000 3f800000 00000000 bf800000 c0000000 
sm   0 warp 3 0x8000012c 0x000521fb v  3 11111111111111111111111111111111 3f800000 00000000 bf800000 c0000000 40000000 3f800000 00000000 bf800000 bf800000 c0000000 40000000 3f800000 00000000 bf800000 c0000000 40000000 40000000 3f800000 00000000 bf800000 c0000000 40000000 3f800000 00000000 00000000 bf800000 c0000000 40000000 3f800000 00000000 bf800000 c0000000 
sm   0 warp 1 0x80000134 0x90010337 x  6  90010000
sm   0 warp 0 0x80000138 0x30030313 x  6  90010300
sm   0 warp 2 0x80000134 0x90010337 x  6  90010000
sm   0 warp 0 0x8000013c 0x5208a557 v 10 11111111111111111111111111111111 0000001f 0000001e 0000001d 0000001c 0000001b 0000001a 00000019 00000018 00000017 00000016 00000015 00000014 00000013 00000012 00000011 00000010 0000000f 0000000e 0000000d 0000000c 0000000b 0000000a 00000009 00000008 00000007 00000006 00000005 00000004 00000003 00000002 00000001 00000000 
sm   0 warp 0 0x80000130 0x0e31408b v  1 11111111111111111111111111111111 00000000 00000000 00000000 00000000 00000000 00000000 00000000 00000000 00000000 00000000 00000000 00000000 00000000 00000000 00000000 00000000 41400000 c0c00000 c2580000 42d80000 c1f00000 42580000 41900000 c2400000 42c00000 c2580000 40c00000 40c00000 c1f00000 40c00000 c2400000 41900000 
sm   0 warp 1 0x80000138 0x30030313 x  6  90010300
sm   0 warp 3 0x80000134 0x90010337 x  6  90010000
sm   0 warp 2 0x80000138 0x30030313 x  6  90010300
sm   0 warp 1 0x8000013c 0x5208a557 v 10 11111111111111111111111111111111 0000001f 0000001e 0000001d 0000001c 0000001b 0000001a 00000019 00000018 00000017 00000016 00000015 00000014 00000013 00000012 00000011 00000010 0000000f 0000000e 0000000d 0000000c 0000000b 0000000a 00000009 00000008 00000007 00000006 00000005 00000004 00000003 00000002 00000001 00000000 
sm   0 warp 0 0x80000140 0x96a13557 v 10 11111111111111111111111111111111 0000007c 00000078 00000074 00000070 0000006c 00000068 00000064 00000060 0000005c 00000058 00000054 00000050 0000004c 00000048 00000044 00000040 0000003c 00000038 00000034 00000030 0000002c 00000028 00000024 00000020 0000001c 00000018 00000014 00000010 0000000c 00000008 00000004 00000000 
sm   0 warp 2 0x8000013c 0x5208a557 v 10 11111111111111111111111111111111 0000001f 0000001e 0000001d 0000001c 0000001b 0000001a 00000019 00000018 00000017 00000016 00000015 00000014 00000013 00000012 00000011 00000010 0000000f 0000000e 0000000d 0000000c 0000000b 0000000a 00000009 00000008 00000007 00000006 00000005 00000004 00000003 00000002 00000001 00000000 
sm   0 warp 1 0x80000130 0x0e31408b v  1 11111111111111111111111111111111 00000000 00000000 00000000 00000000 00000000 00000000 00000000 00000000 00000000 00000000 00000000 00000000 00000000 00000000 00000000 00000000 41400000 c0c00000 c2580000 42d80000 c1f00000 42580000 41900000 c2400000 42c00000 c2580000 40c00000 40c00000 c1f00000 40c00000 c2400000 41900000 
sm   0 warp 3 0x80000138 0x30030313 x  6  90010300
sm   0 warp 2 0x80000130 0x0e31408b v  1 11111111111111111111111111111111 00000000 00000000 00000000 00000000 00000000 00000000 00000000 00000000 00000000 00000000 00000000 00000000 00000000 00000000 00000000 00000000 41400000 c0c00000 c2580000 42d80000 c1f00000 42580000 41900000 c2400000 42c00000 c2580000 40c00000 40c00000 c1f00000 40c00000 c2400000 41900000 
sm   0 warp 1 0x80000140 0x96a13557 v 10 11111111111111111111111111111111 0000007c 00000078 00000074 00000070 0000006c 00000068 00000064 00000060 0000005c 00000058 00000054 00000050 0000004c 00000048 00000044 00000040 0000003c 00000038 00000034 00000030 0000002c 00000028 00000024 00000020 0000001c 00000018 00000014 00000010 0000000c 00000008 00000004 00000000 
sm   0 warp 0 0x80000144 0x02a34557 v 10 11111111111111111111111111111111 9001037c 90010378 90010374 90010370 9001036c 90010368 90010364 90010360 9001035c 90010358 90010354 90010350 9001034c 90010348 90010344 90010340 9001033c 90010338 90010334 90010330 9001032c 90010328 90010324 90010320 9001031c 90010318 90010314 90010310 9001030c 90010308 90010304 90010300 
sm   0 warp 3 0x8000013c 0x5208a557 v 10 11111111111111111111111111111111 0000001f 0000001e 0000001d 0000001c 0000001b 0000001a 00000019 00000018 00000017 00000016 00000015 00000014 00000013 00000012 00000011 00000010 0000000f 0000000e 0000000d 0000000c 0000000b 0000000a 00000009 00000008 00000007 00000006 00000005 00000004 00000003 00000002 00000001 00000000 
sm   0 warp 2 0x80000140 0x96a13557 v 10 11111111111111111111111111111111 0000007c 00000078 00000074 00000070 0000006c 00000068 00000064 00000060 0000005c 00000058 00000054 00000050 0000004c 00000048 00000044 00000040 0000003c 00000038 00000034 00000030 0000002c 00000028 00000024 00000020 0000001c 00000018 00000014 00000010 0000000c 00000008 00000004 00000000 
sm   0 warp 3 0x80000130 0x0e31408b v  1 11111111111111111111111111111111 00000000 00000000 00000000 00000000 00000000 00000000 00000000 00000000 00000000 00000000 00000000 00000000 00000000 00000000 00000000 00000000 41400000 c0c00000 c2580000 42d80000 c1f00000 42580000 41900000 c2400000 42c00000 c2580000 40c00000 40c00000 c1f00000 40c00000 c2400000 41900000 
sm   0 warp 1 0x80000144 0x02a34557 v 10 11111111111111111111111111111111 9001037c 90010378 90010374 90010370 9001036c 90010368 90010364 90010360 9001035c 90010358 90010354 90010350 9001034c 90010348 90010344 90010340 9001033c 90010338 90010334 90010330 9001032c 90010328 90010324 90010320 9001031c 90010318 90010314 90010310 9001030c 90010308 90010304 90010300 
sm   0 warp 3 0x80000140 0x96a13557 v 10 11111111111111111111111111111111 0000007c 00000078 00000074 00000070 0000006c 00000068 00000064 00000060 0000005c 00000058 00000054 00000050 0000004c 00000048 00000044 00000040 0000003c 00000038 00000034 00000030 0000002c 00000028 00000024 00000020 0000001c 00000018 00000014 00000010 0000000c 00000008 00000004 00000000 
sm   0 warp 0 0x80000148 0x0005217b lsu.r v  2 op 3 @ 9001037c 90010378 90010374 90010370 9001036c 90010368 90010364 90010360 9001035c 90010358 90010354 90010350 9001034c 90010348 90010344 90010340 9001033c 90010338 90010334 90010330 9001032c 90010328 90010324 90010320 9001031c 90010318 90010314 90010310 9001030c 90010308 90010304 90010300
sm   0 warp 0 0x8000014c 0x90100337 x  6  90100000
sm   0 warp 2 0x80000144 0x02a34557 v 10 11111111111111111111111111111111 9001037c 90010378 90010374 90010370 9001036c 90010368 90010364 90010360 9001035c 90010358 90010354 90010350 9001034c 90010348 90010344 90010340 9001033c 90010338 90010334 90010330 9001032c 90010328 90010324 90010320 9001031c 90010318 90010314 90010310 9001030c 90010308 90010304 90010300 
sm   0 warp 1 0x80000148 0x0005217b lsu.r v  2 op 3 @ 9001037c 90010378 90010374 90010370 9001036c 90010368 90010364 90010360 9001035c 90010358 90010354 90010350 9001034c 90010348 90010344 90010340 9001033c 90010338 90010334 90010330 9001032c 90010328 90010324 90010320 9001031c 90010318 90010314 90010310 9001030c 90010308 90010304 90010300
[L1C] #   1064 SM 0 CACHE 1 ADDR 90010300
sm   0 warp 1 0x8000014c 0x90100337 x  6  90100000
sm   0 warp 3 0x80000144 0x02a34557 v 10 11111111111111111111111111111111 9001037c 90010378 90010374 90010370 9001036c 90010368 90010364 90010360 9001035c 90010358 90010354 90010350 9001034c 90010348 90010344 90010340 9001033c 90010338 90010334 90010330 9001032c 90010328 90010324 90010320 9001031c 90010318 90010314 90010310 9001030c 90010308 90010304 90010300 
sm   0 warp 0 0x80000150 0x30030313 x  6  90100300
sm   0 warp 2 0x80000148 0x0005217b lsu.r v  2 op 3 @ 9001037c 90010378 90010374 90010370 9001036c 90010368 90010364 90010360 9001035c 90010358 90010354 90010350 9001034c 90010348 90010344 90010340 9001033c 90010338 90010334 90010330 9001032c 90010328 90010324 90010320 9001031c 90010318 90010314 90010310 9001030c 90010308 90010304 90010300
sm   0 warp 2 0x8000014c 0x90100337 x  6  90100000
sm   0 warp 0 0x80000154 0x5208a557 v 10 11111111111111111111111111111111 0000001f 0000001e 0000001d 0000001c 0000001b 0000001a 00000019 00000018 00000017 00000016 00000015 00000014 00000013 00000012 00000011 00000010 0000000f 0000000e 0000000d 0000000c 0000000b 0000000a 00000009 00000008 00000007 00000006 00000005 00000004 00000003 00000002 00000001 00000000 
sm   0 warp 1 0x80000150 0x30030313 x  6  90100300
sm   0 warp 3 0x8000014c 0x90100337 x  6  90100000
sm   0 warp 2 0x80000150 0x30030313 x  6  90100300
sm   0 warp 1 0x80000154 0x5208a557 v 10 11111111111111111111111111111111 0000001f 0000001e 0000001d 0000001c 0000001b 0000001a 00000019 00000018 00000017 00000016 00000015 00000014 00000013 00000012 00000011 00000010 0000000f 0000000e 0000000d 0000000c 0000000b 0000000a 00000009 00000008 00000007 00000006 00000005 00000004 00000003 00000002 00000001 00000000 
sm   0 warp 0 0x80000158 0x96a13557 v 10 11111111111111111111111111111111 0000007c 00000078 00000074 00000070 0000006c 00000068 00000064 00000060 0000005c 00000058 00000054 00000050 0000004c 00000048 00000044 00000040 0000003c 00000038 00000034 00000030 0000002c 00000028 00000024 00000020 0000001c 00000018 00000014 00000010 0000000c 00000008 00000004 00000000 
sm   0 warp 2 0x80000154 0x5208a557 v 10 11111111111111111111111111111111 0000001f 0000001e 0000001d 0000001c 0000001b 0000001a 00000019 00000018 00000017 00000016 00000015 00000014 00000013 00000012 00000011 00000010 0000000f 0000000e 0000000d 0000000c 0000000b 0000000a 00000009 00000008 00000007 00000006 00000005 00000004 00000003 00000002 00000001 00000000 
sm   0 warp 3 0x80000150 0x30030313 x  6  90100300
sm   0 warp 1 0x80000158 0x96a13557 v 10 11111111111111111111111111111111 0000007c 00000078 00000074 00000070 0000006c 00000068 00000064 00000060 0000005c 00000058 00000054 00000050 0000004c 00000048 00000044 00000040 0000003c 00000038 00000034 00000030 0000002c 00000028 00000024 00000020 0000001c 00000018 00000014 00000010 0000000c 00000008 00000004 00000000 
sm   0 warp 0 0x8000015c 0x02a34557 v 10 11111111111111111111111111111111 9010037c 90100378 90100374 90100370 9010036c 90100368 90100364 90100360 9010035c 90100358 90100354 90100350 9010034c 90100348 90100344 90100340 9010033c 90100338 90100334 90100330 9010032c 90100328 90100324 90100320 9010031c 90100318 90100314 90100310 9010030c 90100308 90100304 90100300 
sm   0 warp 3 0x80000154 0x5208a557 v 10 11111111111111111111111111111111 0000001f 0000001e 0000001d 0000001c 0000001b 0000001a 00000019 00000018 00000017 00000016 00000015 00000014 00000013 00000012 00000011 00000010 0000000f 0000000e 0000000d 0000000c 0000000b 0000000a 00000009 00000008 00000007 00000006 00000005 00000004 00000003 00000002 00000001 00000000 
[L1C] #   1080 SM 0 CACHE 0 ADDR 80000180
sm   0 warp 2 0x80000158 0x96a13557 v 10 11111111111111111111111111111111 0000007c 00000078 00000074 00000070 0000006c 00000068 00000064 00000060 0000005c 00000058 00000054 00000050 0000004c 00000048 00000044 00000040 0000003c 00000038 00000034 00000030 0000002c 00000028 00000024 00000020 0000001c 00000018 00000014 00000010 0000000c 00000008 00000004 00000000 
sm   0 warp 1 0x8000015c 0x02a34557 v 10 11111111111111111111111111111111 9010037c 90100378 90100374 90100370 9010036c 90100368 90100364 90100360 9010035c 90100358 90100354 90100350 9010034c 90100348 90100344 90100340 9010033c 90100338 90100334 90100330 9010032c 90100328 90100324 90100320 9010031c 90100318 90100314 90100310 9010030c 90100308 90100304 90100300 
sm   0 warp 3 0x80000148 0x0005217b lsu.r v  2 op 3 @ 9001037c 90010378 90010374 90010370 9001036c 90010368 90010364 90010360 9001035c 90010358 90010354 90010350 9001034c 90010348 90010344 90010340 9001033c 90010338 90010334 90010330 9001032c 90010328 90010324 90010320 9001031c 90010318 90010314 90010310 9001030c 90010308 90010304 90010300
sm   0 warp 3 0x80000158 0x96a13557 v 10 11111111111111111111111111111111 0000007c 00000078 00000074 00000070 0000006c 00000068 00000064 00000060 0000005c 00000058 00000054 00000050 0000004c 00000048 00000044 00000040 0000003c 00000038 00000034 00000030 0000002c 00000028 00000024 00000020 0000001c 00000018 00000014 00000010 0000000c 00000008 00000004 00000000 
sm   0 warp 2 0x8000015c 0x02a34557 v 10 11111111111111111111111111111111 9010037c 90100378 90100374 90100370 9010036c 90100368 90100364 90100360 9010035c 90100358 90100354 90100350 9010034c 90100348 90100344 90100340 9010033c 90100338 90100334 90100330 9010032c 90100328 90100324 90100320 9010031c 90100318 90100314 90100310 9010030c 90100308 90100304 90100300 
sm   0 warp 0 0x80000160 0x000521fb lsu.r v  3 op 3 @ 9010037c 90100378 90100374 90100370 9010036c 90100368 90100364 90100360 9010035c 90100358 90100354 90100350 9010034c 90100348 90100344 90100340 9010033c 90100338 90100334 90100330 9010032c 90100328 90100324 90100320 9010031c 90100318 90100314 90100310 9010030c 90100308 90100304 90100300
sm   0 warp 0 0x80000148 0x0005217b v  2 11111111111111111111111111111111 bf800000 c0000000 c0400000 40400000 40000000 3f800000 00000000 bf800000 40400000 40000000 3f800000 00000000 bf800000 c0000000 c0400000 40400000 00000000 bf800000 c0000000 c0400000 40400000 40000000 3f800000 00000000 c0400000 40400000 40000000 3f800000 00000000 bf800000 c0000000 c0400000 
sm   0 warp 1 0x80000148 0x0005217b v  2 11111111111111111111111111111111 bf800000 c0000000 c0400000 40400000 40000000 3f800000 00000000 bf800000 40400000 40000000 3f800000 00000000 bf800000 c0000000 c0400000 40400000 00000000 bf800000 c0000000 c0400000 40400000 40000000 3f800000 00000000 c0400000 40400000 40000000 3f800000 00000000 bf800000 c0000000 c0400000 
sm   0 warp 3 0x8000015c 0x02a34557 v 10 11111111111111111111111111111111 9010037c 90100378 90100374 90100370 9010036c 90100368 90100364 90100360 9010035c 90100358 90100354 90100350 9010034c 90100348 90100344 90100340 9010033c 90100338 90100334 90100330 9010032c 90100328 90100324 90100320 9010031c 90100318 90100314 90100310 9010030c 90100308 90100304 90100300 
sm   0 warp 1 0x80000160 0x000521fb lsu.r v  3 op 3 @ 9010037c 90100378 90100374 90100370 9010036c 90100368 90100364 90100360 9010035c 90100358 90100354 90100350 9010034c 90100348 90100344 90100340 9010033c 90100338 90100334 90100330 9010032c 90100328 90100324 90100320 9010031c 90100318 90100314 90100310 9010030c 90100308 90100304 90100300
[L1C] #   1092 SM 0 CACHE 1 ADDR 90100300
sm   0 warp 2 0x80000148 0x0005217b v  2 11111111111111111111111111111111 bf800000 c0000000 c0400000 40400000 40000000 3f800000 00000000 bf800000 40400000 40000000 3f800000 00000000 bf800000 c0000000 c0400000 40400000 00000000 bf800000 c0000000 c0400000 40400000 40000000 3f800000 00000000 c0400000 40400000 40000000 3f800000 00000000 bf800000 c0000000 c0400000 
sm   0 warp 3 0x80000148 0x0005217b v  2 11111111111111111111111111111111 bf800000 c0000000 c0400000 40400000 40000000 3f800000 00000000 bf800000 40400000 40000000 3f800000 00000000 bf800000 c0000000 c0400000 40400000 00000000 bf800000 c0000000 c0400000 40400000 40000000 3f800000 00000000 c0400000 40400000 40000000 3f800000 00000000 bf800000 c0000000 c0400000 
sm   0 warp 2 0x80000160 0x000521fb lsu.r v  3 op 3 @ 9010037c 90100378 90100374 90100370 9010036c 90100368 90100364 90100360 9010035c 90100358 90100354 90100350 9010034c 90100348 90100344 90100340 9010033c 90100338 90100334 90100330 9010032c 90100328 90100324 90100320 9010031c 90100318 90100314 90100310 9010030c 90100308 90100304 90100300
sm   0 warp 0 0x80000160 0x000521fb v  3 11111111111111111111111111111111 3f800000 00000000 bf800000 c0000000 40000000 3f800000 00000000 bf800000 bf800000 c0000000 40000000 3f800000 00000000 bf800000 c0000000 40000000 40000000 3f800000 00000000 bf800000 c0000000 40000000 3f800000 00000000 00000000 bf800000 c0000000 40000000 3f800000 00000000 bf800000 c0000000 
sm   0 warp 3 0x80000160 0x000521fb lsu.r v  3 op 3 @ 9010037c 90100378 90100374 90100370 9010036c 90100368 90100364 90100360 9010035c 90100358 90100354 90100350 9010034c 90100348 90100344 90100340 9010033c 90100338 90100334 90100330 9010032c 90100328 90100324 90100320 9010031c 90100318 90100314 90100310 9010030c 90100308 90100304 90100300
sm   0 warp 1 0x80000160 0x000521fb v  3 11111111111111111111111111111111 3f800000 00000000 bf800000 c0000000 40000000 3f800000 00000000 bf800000 bf800000 c0000000 40000000 3f800000 00000000 bf800000 c0000000 40000000 40000000 3f800000 00000000 bf800000 c0000000 40000000 3f800000 00000000 00000000 bf800000 c0000000 40000000 3f800000 00000000 bf800000 c0000000 
sm   0 warp 0 0x80000168 0x90010337 x  6  90010000
sm   0 warp 2 0x80000160 0x000521fb v  3 11111111111111111111111111111111 3f800000 00000000 bf800000 c0000000 40000000 3f800000 00000000 bf800000 bf800000 c0000000 40000000 3f800000 00000000 bf800000 c0000000 40000000 40000000 3f800000 00000000 bf800000 c0000000 40000000 3f800000 00000000 00000000 bf800000 c0000000 40000000 3f800000 00000000 bf800000 c0000000 
sm   0 warp 3 0x80000160 0x000521fb v  3 11111111111111111111111111111111 3f800000 00000000 bf800000 c0000000 40000000 3f800000 00000000 bf800000 bf800000 c0000000 40000000 3f800000 00000000 bf800000 c0000000 40000000 40000000 3f800000 00000000 bf800000 c0000000 40000000 3f800000 00000000 00000000 bf800000 c0000000 40000000 3f800000 00000000 bf800000 c0000000 
sm   0 warp 1 0x80000168 0x90010337 x  6  90010000
sm   0 warp 0 0x8000016c 0x38030313 x  6  90010380
sm   0 warp 2 0x80000168 0x90010337 x  6  90010000
sm   0 warp 0 0x80000170 0x5208a557 v 10 11111111111111111111111111111111 0000001f 0000001e 0000001d 0000001c 0000001b 0000001a 00000019 00000018 00000017 00000016 00000015 00000014 00000013 00000012 00000011 00000010 0000000f 0000000e 0000000d 0000000c 0000000b 0000000a 00000009 00000008 00000007 00000006 00000005 00000004 00000003 00000002 00000001 00000000 
sm   0 warp 0 0x80000164 0x0e31408b v  1 11111111111111111111111111111111 00000000 00000000 00000000 00000000 00000000 00000000 00000000 00000000 00000000 00000000 00000000 00000000 00000000 00000000 00000000 00000000 41600000 c0e00000 c27c0000 42fc0000 c20c0000 427c0000 41a80000 c2600000 42e00000 c27c0000 40e00000 40e00000 c20c0000 40e00000 c2600000 41a80000 
sm   0 warp 1 0x8000016c 0x38030313 x  6  90010380
sm   0 warp 3 0x80000168 0x90010337 x  6  90010000
sm   0 warp 2 0x8000016c 0x38030313 x  6  90010380
sm   0 warp 1 0x80000170 0x5208a557 v 10 11111111111111111111111111111111 0000001f 0000001e 0000001d 0000001c 0000001b 0000001a 00000019 00000018 00000017 00000016 00000015 00000014 00000013 00000012 00000011 00000010 0000000f 0000000e 0000000d 0000000c 0000000b 0000000a 00000009 00000008 00000007 00000006 00000005 00000004 00000003 00000002 00000001 00000000 
sm   0 warp 0 0x80000174 0x96a13557 v 10 11111111111111111111111111111111 0000007c 00000078 00000074 00000070 0000006c 00000068 00000064 00000060 0000005c 00000058 00000054 00000050 0000004c 00000048 00000044 00000040 0000003c 00000038 00000034 00000030 0000002c 00000028 00000024 00000020 0000001c 00000018 00000014 00000010 0000000c 00000008 00000004 00000000 
sm   0 warp 2 0x80000170 0x5208a557 v 10 11111111111111111111111111111111 0000001f 0000001e 0000001d 0000001c 0000001b 0000001a 00000019 00000018 00000017 00000016 00000015 00000014 00000013 00000012 00000011 00000010 0000000f 0000000e 0000000d 0000000c 0000000b 0000000a 00000009 00000008 00000007 00000006 00000005 00000004 00000003 00000002 00000001 00000000 
sm   0 warp 1 0x80000164 0x0e31408b v  1 11111111111111111111111111111111 00000000 00000000 00000000 00000000 00000000 00000000 00000000 00000000 00000000 00000000 00000000 00000000 00000000 00000000 00000000 00000000 41600000 c0e00000 c27c0000 42fc0000 c20c0000 427c0000 41a80000 c2600000 42e00000 c27c0000 40e00000 40e00000 c20c0000 40e00000 c2600000 41a80000 
sm   0 warp 3 0x8000016c 0x38030313 x  6  90010380
sm   0 warp 2 0x80000164 0x0e31408b v  1 11111111111111111111111111111111 00000000 00000000 00000000 00000000 00000000 00000000 00000000 00000000 00000000 00000000 00000000 00000000 00000000 00000000 00000000 00000000 41600000 c0e00000 c27c0000 42fc0000 c20c0000 427c0000 41a80000 c2600000 42e00000 c27c0000 40e00000 40e00000 c20c0000 40e00000 c2600000 41a80000 
sm   0 warp 1 0x80000174 0x96a13557 v 10 11111111111111111111111111111111 0000007c 00000078 00000074 00000070 0000006c 00000068 00000064 00000060 0000005c 00000058 00000054 00000050 0000004c 00000048 00000044 00000040 0000003c 00000038 00000034 00000030 0000002c 00000028 00000024 00000020 0000001c 00000018 00000014 00000010 0000000c 00000008 00000004 00000000 
sm   0 warp 0 0x80000178 0x02a34557 v 10 11111111111111111111111111111111 900103fc 900103f8 900103f4 900103f0 900103ec 900103e8 900103e4 900103e0 900103dc 900103d8 900103d4 900103d0 900103cc 900103c8 900103c4 900103c0 900103bc 900103b8 900103b4 900103b0 900103ac 900103a8 900103a4 900103a0 9001039c 90010398 90010394 90010390 9001038c 90010388 90010384 90010380 
sm   0 warp 3 0x80000170 0x5208a557 v 10 11111111111111111111111111111111 0000001f 0000001e 0000001d 0000001c 0000001b 0000001a 00000019 00000018 00000017 00000016 00000015 00000014 00000013 00000012 00000011 00000010 0000000f 0000000e 0000000d 0000000c 0000000b 0000000a 00000009 00000008 00000007 00000006 00000005 00000004 00000003 00000002 00000001 00000000 
sm   0 warp 2 0x80000174 0x96a13557 v 10 11111111111111111111111111111111 0000007c 00000078 00000074 00000070 0000006c 00000068 00000064 00000060 0000005c 00000058 00000054 00000050 0000004c 00000048 00000044 00000040 0000003c 00000038 00000034 00000030 0000002c 00000028 00000024 00000020 0000001c 00000018 00000014 00000010 0000000c 00000008 00000004 00000000 
sm   0 warp 3 0x80000164 0x0e31408b v  1 11111111111111111111111111111111 00000000 00000000 00000000 00000000 00000000 00000000 00000000 00000000 00000000 00000000 00000000 00000000 00000000 00000000 00000000 00000000 41600000 c0e00000 c27c0000 42fc0000 c20c0000 427c0000 41a80000 c2600000 42e00000 c27c0000 40e00000 40e00000 c20c0000 40e00000 c2600000 41a80000 
sm   0 warp 1 0x80000178 0x02a34557 v 10 11111111111111111111111111111111 900103fc 900103f8 900103f4 900103f0 900103ec 900103e8 900103e4 900103e0 900103dc 900103d8 900103d4 900103d0 900103cc 900103c8 900103c4 900103c0 900103bc 900103b8 900103b4 900103b0 900103ac 900103a8 900103a4 900103a0 9001039c 90010398 90010394 90010390 9001038c 90010388 90010384 90010380 
sm   0 warp 3 0x80000174 0x96a13557 v 10 11111111111111111111111111111111 0000007c 00000078 00000074 00000070 0000006c 00000068 00000064 00000060 0000005c 00000058 00000054 00000050 0000004c 00000048 00000044 00000040 0000003c 00000038 00000034 00000030 0000002c 00000028 00000024 00000020 0000001c 00000018 00000014 00000010 0000000c 00000008 00000004 00000000 
sm   0 warp 0 0x8000017c 0x0005217b lsu.r v  2 op 3 @ 900103fc 900103f8 900103f4 900103f0 900103ec 900103e8 900103e4 900103e0 900103dc 900103d8 900103d4 900103d0 900103cc 900103c8 900103c4 900103c0 900103bc 900103b8 900103b4 900103b0 900103ac 900103a8 900103a4 900103a0 9001039c 90010398 90010394 90010390 9001038c 90010388 90010384 90010380
sm   0 warp 0 0x80000180 0x90100337 x  6  90100000
sm   0 warp 2 0x80000178 0x02a34557 v 10 11111111111111111111111111111111 900103fc 900103f8 900103f4 900103f0 900103ec 900103e8 900103e4 900103e0 900103dc 900103d8 900103d4 900103d0 900103cc 900103c8 900103c4 900103c0 900103bc 900103b8 900103b4 900103b0 900103ac 900103a8 900103a4 900103a0 9001039c 90010398 90010394 90010390 9001038c 90010388 90010384 90010380 
sm   0 warp 1 0x8000017c 0x0005217b lsu.r v  2 op 3 @ 900103fc 900103f8 900103f4 900103f0 900103ec 900103e8 900103e4 900103e0 900103dc 900103d8 900103d4 900103d0 900103cc 900103c8 900103c4 900103c0 900103bc 900103b8 900103b4 900103b0 900103ac 900103a8 900103a4 900103a0 9001039c 90010398 90010394 90010390 9001038c 90010388 90010384 90010380
[L1C] #   1145 SM 0 CACHE 1 ADDR 90010380
sm   0 warp 1 0x80000180 0x90100337 x  6  90100000
sm   0 warp 0 0x80000184 0x38030313 x  6  90100380
sm   0 warp 2 0x8000017c 0x0005217b lsu.r v  2 op 3 @ 900103fc 900103f8 900103f4 900103f0 900103ec 900103e8 900103e4 900103e0 900103dc 900103d8 900103d4 900103d0 900103cc 900103c8 900103c4 900103c0 900103bc 900103b8 900103b4 900103b0 900103ac 900103a8 900103a4 900103a0 9001039c 90010398 90010394 90010390 9001038c 90010388 90010384 90010380
sm   0 warp 2 0x80000180 0x90100337 x  6  90100000
sm   0 warp 3 0x80000178 0x02a34557 v 10 11111111111111111111111111111111 900103fc 900103f8 900103f4 900103f0 900103ec 900103e8 900103e4 900103e0 900103dc 900103d8 900103d4 900103d0 900103cc 900103c8 900103c4 900103c0 900103bc 900103b8 900103b4 900103b0 900103ac 900103a8 900103a4 900103a0 9001039c 90010398 90010394 90010390 9001038c 90010388 90010384 90010380 
sm   0 warp 0 0x80000188 0x5208a557 v 10 11111111111111111111111111111111 0000001f 0000001e 0000001d 0000001c 0000001b 0000001a 00000019 00000018 00000017 00000016 00000015 00000014 00000013 00000012 00000011 00000010 0000000f 0000000e 0000000d 0000000c 0000000b 0000000a 00000009 00000008 00000007 00000006 00000005 00000004 00000003 00000002 00000001 00000000 
sm   0 warp 1 0x80000184 0x38030313 x  6  90100380
sm   0 warp 2 0x80000184 0x38030313 x  6  90100380
sm   0 warp 1 0x80000188 0x5208a557 v 10 11111111111111111111111111111111 0000001f 0000001e 0000001d 0000001c 0000001b 0000001a 00000019 00000018 00000017 00000016 00000015 00000014 00000013 00000012 00000011 00000010 0000000f 0000000e 0000000d 0000000c 0000000b 0000000a 00000009 00000008 00000007 00000006 00000005 00000004 00000003 00000002 00000001 00000000 
sm   0 warp 2 0x80000188 0x5208a557 v 10 11111111111111111111111111111111 0000001f 0000001e 0000001d 0000001c 0000001b 0000001a 00000019 00000018 00000017 00000016 00000015 00000014 00000013 00000012 00000011 00000010 0000000f 0000000e 0000000d 0000000c 0000000b 0000000a 00000009 00000008 00000007 00000006 00000005 00000004 00000003 00000002 00000001 00000000 
sm   0 warp 0 0x8000018c 0x96a13557 v 10 11111111111111111111111111111111 0000007c 00000078 00000074 00000070 0000006c 00000068 00000064 00000060 0000005c 00000058 00000054 00000050 0000004c 00000048 00000044 00000040 0000003c 00000038 00000034 00000030 0000002c 00000028 00000024 00000020 0000001c 00000018 00000014 00000010 0000000c 00000008 00000004 00000000 
sm   0 warp 1 0x8000018c 0x96a13557 v 10 11111111111111111111111111111111 0000007c 00000078 00000074 00000070 0000006c 00000068 00000064 00000060 0000005c 00000058 00000054 00000050 0000004c 00000048 00000044 00000040 0000003c 00000038 00000034 00000030 0000002c 00000028 00000024 00000020 0000001c 00000018 00000014 00000010 0000000c 00000008 00000004 00000000 
sm   0 warp 2 0x8000018c 0x96a13557 v 10 11111111111111111111111111111111 0000007c 00000078 00000074 00000070 0000006c 00000068 00000064 00000060 0000005c 00000058 00000054 00000050 0000004c 00000048 00000044 00000040 0000003c 00000038 00000034 00000030 0000002c 00000028 00000024 00000020 0000001c 00000018 00000014 00000010 0000000c 00000008 00000004 00000000 
sm   0 warp 0 0x80000190 0x02a34557 v 10 11111111111111111111111111111111 901003fc 901003f8 901003f4 901003f0 901003ec 901003e8 901003e4 901003e0 901003dc 901003d8 901003d4 901003d0 901003cc 901003c8 901003c4 901003c0 901003bc 901003b8 901003b4 901003b0 901003ac 901003a8 901003a4 901003a0 9010039c 90100398 90100394 90100390 9010038c 90100388 90100384 90100380 
sm   0 warp 1 0x80000190 0x02a34557 v 10 11111111111111111111111111111111 901003fc 901003f8 901003f4 901003f0 901003ec 901003e8 901003e4 901003e0 901003dc 901003d8 901003d4 901003d0 901003cc 901003c8 901003c4 901003c0 901003bc 901003b8 901003b4 901003b0 901003ac 901003a8 901003a4 901003a0 9010039c 90100398 90100394 90100390 9010038c 90100388 90100384 90100380 
sm   0 warp 3 0x8000017c 0x0005217b lsu.r v  2 op 3 @ 900103fc 900103f8 900103f4 900103f0 900103ec 900103e8 900103e4 900103e0 900103dc 900103d8 900103d4 900103d0 900103cc 900103c8 900103c4 900103c0 900103bc 900103b8 900103b4 900103b0 900103ac 900103a8 900103a4 900103a0 9001039c 90010398 90010394 90010390 9001038c 90010388 90010384 90010380
sm   0 warp 2 0x80000190 0x02a34557 v 10 11111111111111111111111111111111 901003fc 901003f8 901003f4 901003f0 901003ec 901003e8 901003e4 901003e0 901003dc 901003d8 901003d4 901003d0 901003cc 901003c8 901003c4 901003c0 901003bc 901003b8 901003b4 901003b0 901003ac 901003a8 901003a4 901003a0 9010039c 90100398 90100394 90100390 9010038c 90100388 90100384 90100380 
sm   0 warp 0 0x8000017c 0x0005217b v  2 11111111111111111111111111111111 bf800000 c0000000 c0400000 40400000 40000000 3f800000 00000000 bf800000 40400000 40000000 3f800000 00000000 bf800000 c0000000 c0400000 40400000 00000000 bf800000 c0000000 c0400000 40400000 40000000 3f800000 00000000 c0400000 40400000 40000000 3f800000 00000000 bf800000 c0000000 c0400000 
sm   0 warp 1 0x8000017c 0x0005217b v  2 11111111111111111111111111111111 bf800000 c0000000 c0400000 40400000 40000000 3f800000 00000000 bf800000 40400000 40000000 3f800000 00000000 bf800000 c0000000 c0400000 40400000 00000000 bf800000 c0000000 c0400000 40400000 40000000 3f800000 00000000 c0400000 40400000 40000000 3f800000 00000000 bf800000 c0000000 c0400000 
sm   0 warp 2 0x8000017c 0x0005217b v  2 11111111111111111111111111111111 bf800000 c0000000 c0400000 40400000 40000000 3f800000 00000000 bf800000 40400000 40000000 3f800000 00000000 bf800000 c0000000 c0400000 40400000 00000000 bf800000 c0000000 c0400000 40400000 40000000 3f800000 00000000 c0400000 40400000 40000000 3f800000 00000000 bf800000 c0000000 c0400000 
sm   0 warp 0 0x80000194 0x000521fb lsu.r v  3 op 3 @ 901003fc 901003f8 901003f4 901003f0 901003ec 901003e8 901003e4 901003e0 901003dc 901003d8 901003d4 901003d0 901003cc 901003c8 901003c4 901003c0 901003bc 901003b8 901003b4 901003b0 901003ac 901003a8 901003a4 901003a0 9010039c 90100398 90100394 90100390 9010038c 90100388 90100384 90100380
sm   0 warp 3 0x8000017c 0x0005217b v  2 11111111111111111111111111111111 bf800000 c0000000 c0400000 40400000 40000000 3f800000 00000000 bf800000 40400000 40000000 3f800000 00000000 bf800000 c0000000 c0400000 40400000 00000000 bf800000 c0000000 c0400000 40400000 40000000 3f800000 00000000 c0400000 40400000 40000000 3f800000 00000000 bf800000 c0000000 c0400000 
sm   0 warp 1 0x80000194 0x000521fb lsu.r v  3 op 3 @ 901003fc 901003f8 901003f4 901003f0 901003ec 901003e8 901003e4 901003e0 901003dc 901003d8 901003d4 901003d0 901003cc 901003c8 901003c4 901003c0 901003bc 901003b8 901003b4 901003b0 901003ac 901003a8 901003a4 901003a0 9010039c 90100398 90100394 90100390 9010038c 90100388 90100384 90100380
[L1C] #   1176 SM 0 CACHE 1 ADDR 90100380
sm   0 warp 3 0x80000180 0x90100337 x  6  90100000
sm   0 warp 2 0x80000194 0x000521fb lsu.r v  3 op 3 @ 901003fc 901003f8 901003f4 901003f0 901003ec 901003e8 901003e4 901003e0 901003dc 901003d8 901003d4 901003d0 901003cc 901003c8 901003c4 901003c0 901003bc 901003b8 901003b4 901003b0 901003ac 901003a8 901003a4 901003a0 9010039c 90100398 90100394 90100390 9010038c 90100388 90100384 90100380
sm   0 warp 3 0x80000184 0x38030313 x  6  90100380
sm   0 warp 3 0x80000188 0x5208a557 v 10 11111111111111111111111111111111 0000001f 0000001e 0000001d 0000001c 0000001b 0000001a 00000019 00000018 00000017 00000016 00000015 00000014 00000013 00000012 00000011 00000010 0000000f 0000000e 0000000d 0000000c 0000000b 0000000a 00000009 00000008 00000007 00000006 00000005 00000004 00000003 00000002 00000001 00000000 
sm   0 warp 3 0x8000018c 0x96a13557 v 10 11111111111111111111111111111111 0000007c 00000078 00000074 00000070 0000006c 00000068 00000064 00000060 0000005c 00000058 00000054 00000050 0000004c 00000048 00000044 00000040 0000003c 00000038 00000034 00000030 0000002c 00000028 00000024 00000020 0000001c 00000018 00000014 00000010 0000000c 00000008 00000004 00000000 
sm   0 warp 0 0x80000194 0x000521fb v  3 11111111111111111111111111111111 3f800000 00000000 bf800000 c0000000 40000000 3f800000 00000000 bf800000 bf800000 c0000000 40000000 3f800000 00000000 bf800000 c0000000 40000000 40000000 3f800000 00000000 bf800000 c0000000 40000000 3f800000 00000000 00000000 bf800000 c0000000 40000000 3f800000 00000000 bf800000 c0000000 
sm   0 warp 3 0x80000190 0x02a34557 v 10 11111111111111111111111111111111 901003fc 901003f8 901003f4 901003f0 901003ec 901003e8 901003e4 901003e0 901003dc 901003d8 901003d4 901003d0 901003cc 901003c8 901003c4 901003c0 901003bc 901003b8 901003b4 901003b0 901003ac 901003a8 901003a4 901003a0 9010039c 90100398 90100394 90100390 9010038c 90100388 90100384 90100380 
sm   0 warp 1 0x80000194 0x000521fb v  3 11111111111111111111111111111111 3f800000 00000000 bf800000 c0000000 40000000 3f800000 00000000 bf800000 bf800000 c0000000 40000000 3f800000 00000000 bf800000 c0000000 40000000 40000000 3f800000 00000000 bf800000 c0000000 40000000 3f800000 00000000 00000000 bf800000 c0000000 40000000 3f800000 00000000 bf800000 c0000000 
sm   0 warp 2 0x80000194 0x000521fb v  3 11111111111111111111111111111111 3f800000 00000000 bf800000 c0000000 40000000 3f800000 00000000 bf800000 bf800000 c0000000 40000000 3f800000 00000000 bf800000 c0000000 40000000 40000000 3f800000 00000000 bf800000 c0000000 40000000 3f800000 00000000 00000000 bf800000 c0000000 40000000 3f800000 00000000 bf800000 c0000000 
sm   0 warp 0 0x8000019c 0x90010337 x  6  90010000
sm   0 warp 3 0x80000194 0x000521fb lsu.r v  3 op 3 @ 901003fc 901003f8 901003f4 901003f0 901003ec 901003e8 901003e4 901003e0 901003dc 901003d8 901003d4 901003d0 901003cc 901003c8 901003c4 901003c0 901003bc 901003b8 901003b4 901003b0 901003ac 901003a8 901003a4 901003a0 9010039c 90100398 90100394 90100390 9010038c 90100388 90100384 90100380
sm   0 warp 1 0x8000019c 0x90010337 x  6  90010000
sm   0 warp 0 0x800001a0 0x40030313 x  6  90010400
sm   0 warp 3 0x80000194 0x000521fb v  3 11111111111111111111111111111111 3f800000 00000000 bf800000 c0000000 40000000 3f800000 00000000 bf800000 bf800000 c0000000 40000000 3f800000 00000000 bf800000 c0000000 40000000 40000000 3f800000 00000000 bf800000 c0000000 40000000 3f800000 00000000 00000000 bf800000 c0000000 40000000 3f800000 00000000 bf800000 c0000000 
sm   0 warp 2 0x8000019c 0x90010337 x  6  90010000
sm   0 warp 1 0x800001a0 0x40030313 x  6  90010400
sm   0 warp 0 0x800001a4 0x5208a557 v 10 11111111111111111111111111111111 0000001f 0000001e 0000001d 0000001c 0000001b 0000001a 00000019 00000018 00000017 00000016 00000015 00000014 00000013 00000012 00000011 00000010 0000000f 0000000e 0000000d 0000000c 0000000b 0000000a 00000009 00000008 00000007 00000006 00000005 00000004 00000003 00000002 00000001 00000000 
sm   0 warp 0 0x80000198 0x0e31408b v  1 11111111111111111111111111111111 00000000 00000000 00000000 00000000 00000000 00000000 00000000 00000000 00000000 00000000 00000000 00000000 00000000 00000000 00000000 00000000 41800000 c1000000 c2900000 43100000 c2200000 42900000 41c00000 c2800000 43000000 c2900000 41000000 41000000 c2200000 41000000 c2800000 41c00000 
sm   0 warp 1 0x800001a4 0x5208a557 v 10 11111111111111111111111111111111 0000001f 0000001e 0000001d 0000001c 0000001b 0000001a 00000019 00000018 00000017 00000016 00000015 00000014 00000013 00000012 00000011 00000010 0000000f 0000000e 0000000d 0000000c 0000000b 0000000a 00000009 00000008 00000007 00000006 00000005 00000004 00000003 00000002 00000001 00000000 
sm   0 warp 2 0x800001a0 0x40030313 x  6  90010400
sm   0 warp 1 0x80000198 0x0e31408b v  1 11111111111111111111111111111111 00000000 00000000 00000000 00000000 00000000 00000000 00000000 00000000 00000000 00000000 00000000 00000000 00000000 00000000 00000000 00000000 41800000 c1000000 c2900000 43100000 c2200000 42900000 41c00000 c2800000 43000000 c2900000 41000000 41000000 c2200000 41000000 c2800000 41c00000 
sm   0 warp 3 0x8000019c 0x90010337 x  6  90010000
sm   0 warp 0 0x800001a8 0x96a13557 v 10 11111111111111111111111111111111 0000007c 00000078 00000074 00000070 0000006c 00000068 00000064 00000060 0000005c 00000058 00000054 00000050 0000004c 00000048 00000044 00000040 0000003c 00000038 00000034 00000030 0000002c 00000028 00000024 00000020 0000001c 00000018 00000014 00000010 0000000c 00000008 00000004 00000000 
sm   0 warp 2 0x800001a4 0x5208a557 v 10 11111111111111111111111111111111 0000001f 0000001e 0000001d 0000001c 0000001b 0000001a 00000019 00000018 00000017 00000016 00000015 00000014 00000013 00000012 00000011 00000010 0000000f 0000000e 0000000d 0000000c 0000000b 0000000a 00000009 00000008 00000007 00000006 00000005 00000004 00000003 00000002 00000001 00000000 
sm   0 warp 1 0x800001a8 0x96a13557 v 10 11111111111111111111111111111111 0000007c 00000078 00000074 00000070 0000006c 00000068 00000064 00000060 0000005c 00000058 00000054 00000050 0000004c 00000048 00000044 00000040 0000003c 00000038 00000034 00000030 0000002c 00000028 00000024 00000020 0000001c 00000018 00000014 00000010 0000000c 00000008 00000004 00000000 
sm   0 warp 2 0x80000198 0x0e31408b v  1 11111111111111111111111111111111 00000000 00000000 00000000 00000000 00000000 00000000 00000000 00000000 00000000 00000000 00000000 00000000 00000000 00000000 00000000 00000000 41800000 c1000000 c2900000 43100000 c2200000 42900000 41c00000 c2800000 43000000 c2900000 41000000 41000000 c2200000 41000000 c2800000 41c00000 
sm   0 warp 3 0x800001a0 0x40030313 x  6  90010400
sm   0 warp 0 0x800001ac 0x02a34557 v 10 11111111111111111111111111111111 9001047c 90010478 90010474 90010470 9001046c 90010468 90010464 90010460 9001045c 90010458 90010454 90010450 9001044c 90010448 90010444 90010440 9001043c 90010438 90010434 90010430 9001042c 90010428 90010424 90010420 9001041c 90010418 90010414 90010410 9001040c 90010408 90010404 90010400 
sm   0 warp 2 0x800001a8 0x96a13557 v 10 11111111111111111111111111111111 0000007c 00000078 00000074 00000070 0000006c 00000068 00000064 00000060 0000005c 00000058 00000054 00000050 0000004c 00000048 00000044 00000040 0000003c 00000038 00000034 00000030 0000002c 00000028 00000024 00000020 0000001c 00000018 00000014 00000010 0000000c 00000008 00000004 00000000 
sm   0 warp 3 0x800001a4 0x5208a557 v 10 11111111111111111111111111111111 0000001f 0000001e 0000001d 0000001c 0000001b 0000001a 00000019 00000018 00000017 00000016 00000015 00000014 00000013 00000012 00000011 00000010 0000000f 0000000e 0000000d 0000000c 0000000b 0000000a 00000009 00000008 00000007 00000006 00000005 00000004 00000003 00000002 00000001 00000000 
sm   0 warp 1 0x800001ac 0x02a34557 v 10 11111111111111111111111111111111 9001047c 90010478 90010474 90010470 9001046c 90010468 90010464 90010460 9001045c 90010458 90010454 90010450 9001044c 90010448 90010444 90010440 9001043c 90010438 90010434 90010430 9001042c 90010428 90010424 90010420 9001041c 90010418 90010414 90010410 9001040c 90010408 90010404 90010400 
sm   0 warp 3 0x80000198 0x0e31408b v  1 11111111111111111111111111111111 00000000 00000000 00000000 00000000 00000000 00000000 00000000 00000000 00000000 00000000 00000000 00000000 00000000 00000000 00000000 00000000 41800000 c1000000 c2900000 43100000 c2200000 42900000 41c00000 c2800000 43000000 c2900000 41000000 41000000 c2200000 41000000 c2800000 41c00000 
sm   0 warp 2 0x800001ac 0x02a34557 v 10 11111111111111111111111111111111 9001047c 90010478 90010474 90010470 9001046c 90010468 90010464 90010460 9001045c 90010458 90010454 90010450 9001044c 90010448 90010444 90010440 9001043c 90010438 90010434 90010430 9001042c 90010428 90010424 90010420 9001041c 90010418 90010414 90010410 9001040c 90010408 90010404 90010400 
sm   0 warp 0 0x800001b0 0x0005217b lsu.r v  2 op 3 @ 9001047c 90010478 90010474 90010470 9001046c 90010468 90010464 90010460 9001045c 90010458 90010454 90010450 9001044c 90010448 90010444 90010440 9001043c 90010438 90010434 90010430 9001042c 90010428 90010424 90010420 9001041c 90010418 90010414 90010410 9001040c 90010408 90010404 90010400
sm   0 warp 0 0x800001b4 0x90100337 x  6  90100000
sm   0 warp 3 0x800001a8 0x96a13557 v 10 11111111111111111111111111111111 0000007c 00000078 00000074 00000070 0000006c 00000068 00000064 00000060 0000005c 00000058 00000054 00000050 0000004c 00000048 00000044 00000040 0000003c 00000038 00000034 00000030 0000002c 00000028 00000024 00000020 0000001c 00000018 00000014 00000010 0000000c 00000008 00000004 00000000 
sm   0 warp 1 0x800001b0 0x0005217b lsu.r v  2 op 3 @ 9001047c 90010478 90010474 90010470 9001046c 90010468 90010464 90010460 9001045c 90010458 90010454 90010450 9001044c 90010448 90010444 90010440 9001043c 90010438 90010434 90010430 9001042c 90010428 90010424 90010420 9001041c 90010418 90010414 90010410 9001040c 90010408 90010404 90010400
sm   0 warp 1 0x800001b4 0x90100337 x  6  90100000
[L1C] #   1229 SM 0 CACHE 1 ADDR 90010400
sm   0 warp 3 0x800001ac 0x02a34557 v 10 11111111111111111111111111111111 9001047c 90010478 90010474 90010470 9001046c 90010468 90010464 90010460 9001045c 90010458 90010454 90010450 9001044c 90010448 90010444 90010440 9001043c 90010438 90010434 90010430 9001042c 90010428 90010424 90010420 9001041c 90010418 90010414 90010410 9001040c 90010408 90010404 90010400 
sm   0 warp 2 0x800001b0 0x0005217b lsu.r v  2 op 3 @ 9001047c 90010478 90010474 90010470 9001046c 90010468 90010464 90010460 9001045c 90010458 90010454 90010450 9001044c 90010448 90010444 90010440 9001043c 90010438 90010434 90010430 9001042c 90010428 90010424 90010420 9001041c 90010418 90010414 90010410 9001040c 90010408 90010404 90010400
sm   0 warp 0 0x800001b8 0x40030313 x  6  90100400
sm   0 warp 2 0x800001b4 0x90100337 x  6  90100000
sm   0 warp 1 0x800001b8 0x40030313 x  6  90100400
sm   0 warp 0 0x800001bc 0x5208a557 v 10 11111111111111111111111111111111 0000001f 0000001e 0000001d 0000001c 0000001b 0000001a 00000019 00000018 00000017 00000016 00000015 00000014 00000013 00000012 00000011 00000010 0000000f 0000000e 0000000d 0000000c 0000000b 0000000a 00000009 00000008 00000007 00000006 00000005 00000004 00000003 00000002 00000001 00000000 
sm   0 warp 1 0x800001bc 0x5208a557 v 10 11111111111111111111111111111111 0000001f 0000001e 0000001d 0000001c 0000001b 0000001a 00000019 00000018 00000017 00000016 00000015 00000014 00000013 00000012 00000011 00000010 0000000f 0000000e 0000000d 0000000c 0000000b 0000000a 00000009 00000008 00000007 00000006 00000005 00000004 00000003 00000002 00000001 00000000 
sm   0 warp 2 0x800001b8 0x40030313 x  6  90100400
sm   0 warp 0 0x800001c0 0x96a13557 v 10 11111111111111111111111111111111 0000007c 00000078 00000074 00000070 0000006c 00000068 00000064 00000060 0000005c 00000058 00000054 00000050 0000004c 00000048 00000044 00000040 0000003c 00000038 00000034 00000030 0000002c 00000028 00000024 00000020 0000001c 00000018 00000014 00000010 0000000c 00000008 00000004 00000000 
sm   0 warp 2 0x800001bc 0x5208a557 v 10 11111111111111111111111111111111 0000001f 0000001e 0000001d 0000001c 0000001b 0000001a 00000019 00000018 00000017 00000016 00000015 00000014 00000013 00000012 00000011 00000010 0000000f 0000000e 0000000d 0000000c 0000000b 0000000a 00000009 00000008 00000007 00000006 00000005 00000004 00000003 00000002 00000001 00000000 
sm   0 warp 3 0x800001b4 0x90100337 x  6  90100000
sm   0 warp 1 0x800001c0 0x96a13557 v 10 11111111111111111111111111111111 0000007c 00000078 00000074 00000070 0000006c 00000068 00000064 00000060 0000005c 00000058 00000054 00000050 0000004c 00000048 00000044 00000040 0000003c 00000038 00000034 00000030 0000002c 00000028 00000024 00000020 0000001c 00000018 00000014 00000010 0000000c 00000008 00000004 00000000 
sm   0 warp 0 0x800001c4 0x02a34557 v 10 11111111111111111111111111111111 9010047c 90100478 90100474 90100470 9010046c 90100468 90100464 90100460 9010045c 90100458 90100454 90100450 9010044c 90100448 90100444 90100440 9010043c 90100438 90100434 90100430 9010042c 90100428 90100424 90100420 9010041c 90100418 90100414 90100410 9010040c 90100408 90100404 90100400 
sm   0 warp 2 0x800001c0 0x96a13557 v 10 11111111111111111111111111111111 0000007c 00000078 00000074 00000070 0000006c 00000068 00000064 00000060 0000005c 00000058 00000054 00000050 0000004c 00000048 00000044 00000040 0000003c 00000038 00000034 00000030 0000002c 00000028 00000024 00000020 0000001c 00000018 00000014 00000010 0000000c 00000008 00000004 00000000 
sm   0 warp 1 0x800001c4 0x02a34557 v 10 11111111111111111111111111111111 9010047c 90100478 90100474 90100470 9010046c 90100468 90100464 90100460 9010045c 90100458 90100454 90100450 9010044c 90100448 90100444 90100440 9010043c 90100438 90100434 90100430 9010042c 90100428 90100424 90100420 9010041c 90100418 90100414 90100410 9010040c 90100408 90100404 90100400 
sm   0 warp 3 0x800001b0 0x0005217b lsu.r v  2 op 3 @ 9001047c 90010478 90010474 90010470 9001046c 90010468 90010464 90010460 9001045c 90010458 90010454 90010450 9001044c 90010448 90010444 90010440 9001043c 90010438 90010434 90010430 9001042c 90010428 90010424 90010420 9001041c 90010418 90010414 90010410 9001040c 90010408 90010404 90010400
sm   0 warp 0 0x800001b0 0x0005217b v  2 11111111111111111111111111111111 bf800000 c0000000 c0400000 40400000 40000000 3f800000 00000000 bf800000 40400000 40000000 3f800000 00000000 bf800000 c0000000 c0400000 40400000 00000000 bf800000 c0000000 c0400000 40400000 40000000 3f800000 00000000 c0400000 40400000 40000000 3f800000 00000000 bf800000 c0000000 c0400000 
sm   0 warp 1 0x800001b0 0x0005217b v  2 11111111111111111111111111111111 bf800000 c0000000 c0400000 40400000 40000000 3f800000 00000000 bf800000 40400000 40000000 3f800000 00000000 bf800000 c0000000 c0400000 40400000 00000000 bf800000 c0000000 c0400000 40400000 40000000 3f800000 00000000 c0400000 40400000 40000000 3f800000 00000000 bf800000 c0000000 c0400000 
sm   0 warp 2 0x800001c4 0x02a34557 v 10 11111111111111111111111111111111 9010047c 90100478 90100474 90100470 9010046c 90100468 90100464 90100460 9010045c 90100458 90100454 90100450 9010044c 90100448 90100444 90100440 9010043c 90100438 90100434 90100430 9010042c 90100428 90100424 90100420 9010041c 90100418 90100414 90100410 9010040c 90100408 90100404 90100400 
sm   0 warp 0 0x800001c8 0x000521fb lsu.r v  3 op 3 @ 9010047c 90100478 90100474 90100470 9010046c 90100468 90100464 90100460 9010045c 90100458 90100454 90100450 9010044c 90100448 90100444 90100440 9010043c 90100438 90100434 90100430 9010042c 90100428 90100424 90100420 9010041c 90100418 90100414 90100410 9010040c 90100408 90100404 90100400
sm   0 warp 2 0x800001b0 0x0005217b v  2 11111111111111111111111111111111 bf800000 c0000000 c0400000 40400000 40000000 3f800000 00000000 bf800000 40400000 40000000 3f800000 00000000 bf800000 c0000000 c0400000 40400000 00000000 bf800000 c0000000 c0400000 40400000 40000000 3f800000 00000000 c0400000 40400000 40000000 3f800000 00000000 bf800000 c0000000 c0400000 
sm   0 warp 3 0x800001b8 0x40030313 x  6  90100400
sm   0 warp 1 0x800001c8 0x000521fb lsu.r v  3 op 3 @ 9010047c 90100478 90100474 90100470 9010046c 90100468 90100464 90100460 9010045c 90100458 90100454 90100450 9010044c 90100448 90100444 90100440 9010043c 90100438 90100434 90100430 9010042c 90100428 90100424 90100420 9010041c 90100418 90100414 90100410 9010040c 90100408 90100404 90100400
[L1C] #   1256 SM 0 CACHE 1 ADDR 90100400
sm   0 warp 3 0x800001bc 0x5208a557 v 10 11111111111111111111111111111111 0000001f 0000001e 0000001d 0000001c 0000001b 0000001a 00000019 00000018 00000017 00000016 00000015 00000014 00000013 00000012 00000011 00000010 0000000f 0000000e 0000000d 0000000c 0000000b 0000000a 00000009 00000008 00000007 00000006 00000005 00000004 00000003 00000002 00000001 00000000 
sm   0 warp 3 0x800001b0 0x0005217b v  2 11111111111111111111111111111111 bf800000 c0000000 c0400000 40400000 40000000 3f800000 00000000 bf800000 40400000 40000000 3f800000 00000000 bf800000 c0000000 c0400000 40400000 00000000 bf800000 c0000000 c0400000 40400000 40000000 3f800000 00000000 c0400000 40400000 40000000 3f800000 00000000 bf800000 c0000000 c0400000 
sm   0 warp 2 0x800001c8 0x000521fb lsu.r v  3 op 3 @ 9010047c 90100478 90100474 90100470 9010046c 90100468 90100464 90100460 9010045c 90100458 90100454 90100450 9010044c 90100448 90100444 90100440 9010043c 90100438 90100434 90100430 9010042c 90100428 90100424 90100420 9010041c 90100418 90100414 90100410 9010040c 90100408 90100404 90100400
sm   0 warp 3 0x800001c0 0x96a13557 v 10 11111111111111111111111111111111 0000007c 00000078 00000074 00000070 0000006c 00000068 00000064 00000060 0000005c 00000058 00000054 00000050 0000004c 00000048 00000044 00000040 0000003c 00000038 00000034 00000030 0000002c 00000028 00000024 00000020 0000001c 00000018 00000014 00000010 0000000c 00000008 00000004 00000000 
sm   0 warp 3 0x800001c4 0x02a34557 v 10 11111111111111111111111111111111 9010047c 90100478 90100474 90100470 9010046c 90100468 90100464 90100460 9010045c 90100458 90100454 90100450 9010044c 90100448 90100444 90100440 9010043c 90100438 90100434 90100430 9010042c 90100428 90100424 90100420 9010041c 90100418 90100414 90100410 9010040c 90100408 90100404 90100400 
sm   0 warp 0 0x800001c8 0x000521fb v  3 11111111111111111111111111111111 3f800000 00000000 bf800000 c0000000 40000000 3f800000 00000000 bf800000 bf800000 c0000000 40000000 3f800000 00000000 bf800000 c0000000 40000000 40000000 3f800000 00000000 bf800000 c0000000 40000000 3f800000 00000000 00000000 bf800000 c0000000 40000000 3f800000 00000000 bf800000 c0000000 
sm   0 warp 3 0x800001c8 0x000521fb lsu.r v  3 op 3 @ 9010047c 90100478 90100474 90100470 9010046c 90100468 90100464 90100460 9010045c 90100458 90100454 90100450 9010044c 90100448 90100444 90100440 9010043c 90100438 90100434 90100430 9010042c 90100428 90100424 90100420 9010041c 90100418 90100414 90100410 9010040c 90100408 90100404 90100400
sm   0 warp 1 0x800001c8 0x000521fb v  3 11111111111111111111111111111111 3f800000 00000000 bf800000 c0000000 40000000 3f800000 00000000 bf800000 bf800000 c0000000 40000000 3f800000 00000000 bf800000 c0000000 40000000 40000000 3f800000 00000000 bf800000 c0000000 40000000 3f800000 00000000 00000000 bf800000 c0000000 40000000 3f800000 00000000 bf800000 c0000000 
sm   0 warp 0 0x800001d0 0x90010337 x  6  90010000
sm   0 warp 2 0x800001c8 0x000521fb v  3 11111111111111111111111111111111 3f800000 00000000 bf800000 c0000000 40000000 3f800000 00000000 bf800000 bf800000 c0000000 40000000 3f800000 00000000 bf800000 c0000000 40000000 40000000 3f800000 00000000 bf800000 c0000000 40000000 3f800000 00000000 00000000 bf800000 c0000000 40000000 3f800000 00000000 bf800000 c0000000 
sm   0 warp 3 0x800001c8 0x000521fb v  3 11111111111111111111111111111111 3f800000 00000000 bf800000 c0000000 40000000 3f800000 00000000 bf800000 bf800000 c0000000 40000000 3f800000 00000000 bf800000 c0000000 40000000 40000000 3f800000 00000000 bf800000 c0000000 40000000 3f800000 00000000 00000000 bf800000 c0000000 40000000 3f800000 00000000 bf800000 c0000000 
sm   0 warp 1 0x800001d0 0x90010337 x  6  90010000
sm   0 warp 0 0x800001d4 0x48030313 x  6  90010480
sm   0 warp 2 0x800001d0 0x90010337 x  6  90010000
sm   0 warp 0 0x800001d8 0x5208a557 v 10 11111111111111111111111111111111 0000001f 0000001e 0000001d 0000001c 0000001b 0000001a 00000019 00000018 00000017 00000016 00000015 00000014 00000013 00000012 00000011 00000010 0000000f 0000000e 0000000d 0000000c 0000000b 0000000a 00000009 00000008 00000007 00000006 00000005 00000004 00000003 00000002 00000001 00000000 
sm   0 warp 0 0x800001cc 0x0e31408b v  1 11111111111111111111111111111111 00000000 00000000 00000000 00000000 00000000 00000000 00000000 00000000 00000000 00000000 00000000 00000000 00000000 00000000 00000000 00000000 41900000 c1100000 c2a20000 43220000 c2340000 42a20000 41d80000 c2900000 43100000 c2a20000 41100000 41100000 c2340000 41100000 c2900000 41d80000 
sm   0 warp 1 0x800001d4 0x48030313 x  6  90010480
sm   0 warp 3 0x800001d0 0x90010337 x  6  90010000
sm   0 warp 2 0x800001d4 0x48030313 x  6  90010480
sm   0 warp 1 0x800001d8 0x5208a557 v 10 11111111111111111111111111111111 0000001f 0000001e 0000001d 0000001c 0000001b 0000001a 00000019 00000018 00000017 00000016 00000015 00000014 00000013 00000012 00000011 00000010 0000000f 0000000e 0000000d 0000000c 0000000b 0000000a 00000009 00000008 00000007 00000006 00000005 00000004 00000003 00000002 00000001 00000000 
sm   0 warp 0 0x800001dc 0x96a13557 v 10 11111111111111111111111111111111 0000007c 00000078 00000074 00000070 0000006c 00000068 00000064 00000060 0000005c 00000058 00000054 00000050 0000004c 00000048 00000044 00000040 0000003c 00000038 00000034 00000030 0000002c 00000028 00000024 00000020 0000001c 00000018 00000014 00000010 0000000c 00000008 00000004 00000000 
[L1C] #   1294 SM 0 CACHE 0 ADDR 80000200
sm   0 warp 2 0x800001d8 0x5208a557 v 10 11111111111111111111111111111111 0000001f 0000001e 0000001d 0000001c 0000001b 0000001a 00000019 00000018 00000017 00000016 00000015 00000014 00000013 00000012 00000011 00000010 0000000f 0000000e 0000000d 0000000c 0000000b 0000000a 00000009 00000008 00000007 00000006 00000005 00000004 00000003 00000002 00000001 00000000 
sm   0 warp 1 0x800001cc 0x0e31408b v  1 11111111111111111111111111111111 00000000 00000000 00000000 00000000 00000000 00000000 00000000 00000000 00000000 00000000 00000000 00000000 00000000 00000000 00000000 00000000 41900000 c1100000 c2a20000 43220000 c2340000 42a20000 41d80000 c2900000 43100000 c2a20000 41100000 41100000 c2340000 41100000 c2900000 41d80000 
sm   0 warp 3 0x800001d4 0x48030313 x  6  90010480
sm   0 warp 2 0x800001cc 0x0e31408b v  1 11111111111111111111111111111111 00000000 00000000 00000000 00000000 00000000 00000000 00000000 00000000 00000000 00000000 00000000 00000000 00000000 00000000 00000000 00000000 41900000 c1100000 c2a20000 43220000 c2340000 42a20000 41d80000 c2900000 43100000 c2a20000 41100000 41100000 c2340000 41100000 c2900000 41d80000 
sm   0 warp 1 0x800001dc 0x96a13557 v 10 11111111111111111111111111111111 0000007c 00000078 00000074 00000070 0000006c 00000068 00000064 00000060 0000005c 00000058 00000054 00000050 0000004c 00000048 00000044 00000040 0000003c 00000038 00000034 00000030 0000002c 00000028 00000024 00000020 0000001c 00000018 00000014 00000010 0000000c 00000008 00000004 00000000 
sm   0 warp 0 0x800001e0 0x02a34557 v 10 11111111111111111111111111111111 900104fc 900104f8 900104f4 900104f0 900104ec 900104e8 900104e4 900104e0 900104dc 900104d8 900104d4 900104d0 900104cc 900104c8 900104c4 900104c0 900104bc 900104b8 900104b4 900104b0 900104ac 900104a8 900104a4 900104a0 9001049c 90010498 90010494 90010490 9001048c 90010488 90010484 90010480 
sm   0 warp 3 0x800001d8 0x5208a557 v 10 11111111111111111111111111111111 0000001f 0000001e 0000001d 0000001c 0000001b 0000001a 00000019 00000018 00000017 00000016 00000015 00000014 00000013 00000012 00000011 00000010 0000000f 0000000e 0000000d 0000000c 0000000b 0000000a 00000009 00000008 00000007 00000006 00000005 00000004 00000003 00000002 00000001 00000000 
sm   0 warp 2 0x800001dc 0x96a13557 v 10 11111111111111111111111111111111 0000007c 00000078 00000074 00000070 0000006c 00000068 00000064 00000060 0000005c 00000058 00000054 00000050 0000004c 00000048 00000044 00000040 0000003c 00000038 00000034 00000030 0000002c 00000028 00000024 00000020 0000001c 00000018 00000014 00000010 0000000c 00000008 00000004 00000000 
sm   0 warp 3 0x800001cc 0x0e31408b v  1 11111111111111111111111111111111 00000000 00000000 00000000 00000000 00000000 00000000 00000000 00000000 00000000 00000000 00000000 00000000 00000000 00000000 00000000 00000000 41900000 c1100000 c2a20000 43220000 c2340000 42a20000 41d80000 c2900000 43100000 c2a20000 41100000 41100000 c2340000 41100000 c2900000 41d80000 
sm   0 warp 1 0x800001e0 0x02a34557 v 10 11111111111111111111111111111111 900104fc 900104f8 900104f4 900104f0 900104ec 900104e8 900104e4 900104e0 900104dc 900104d8 900104d4 900104d0 900104cc 900104c8 900104c4 900104c0 900104bc 900104b8 900104b4 900104b0 900104ac 900104a8 900104a4 900104a0 9001049c 90010498 90010494 90010490 9001048c 90010488 90010484 90010480 
sm   0 warp 3 0x800001dc 0x96a13557 v 10 11111111111111111111111111111111 0000007c 00000078 00000074 00000070 0000006c 00000068 00000064 00000060 0000005c 00000058 00000054 00000050 0000004c 00000048 00000044 00000040 0000003c 00000038 00000034 00000030 0000002c 00000028 00000024 00000020 0000001c 00000018 00000014 00000010 0000000c 00000008 00000004 00000000 
sm   0 warp 0 0x800001e4 0x0005217b lsu.r v  2 op 3 @ 900104fc 900104f8 900104f4 900104f0 900104ec 900104e8 900104e4 900104e0 900104dc 900104d8 900104d4 900104d0 900104cc 900104c8 900104c4 900104c0 900104bc 900104b8 900104b4 900104b0 900104ac 900104a8 900104a4 900104a0 9001049c 90010498 90010494 90010490 9001048c 90010488 90010484 90010480
sm   0 warp 0 0x800001e8 0x90100337 x  6  90100000
sm   0 warp 2 0x800001e0 0x02a34557 v 10 11111111111111111111111111111111 900104fc 900104f8 900104f4 900104f0 900104ec 900104e8 900104e4 900104e0 900104dc 900104d8 900104d4 900104d0 900104cc 900104c8 900104c4 900104c0 900104bc 900104b8 900104b4 900104b0 900104ac 900104a8 900104a4 900104a0 9001049c 90010498 90010494 90010490 9001048c 90010488 90010484 90010480 
sm   0 warp 1 0x800001e4 0x0005217b lsu.r v  2 op 3 @ 900104fc 900104f8 900104f4 900104f0 900104ec 900104e8 900104e4 900104e0 900104dc 900104d8 900104d4 900104d0 900104cc 900104c8 900104c4 900104c0 900104bc 900104b8 900104b4 900104b0 900104ac 900104a8 900104a4 900104a0 9001049c 90010498 90010494 90010490 9001048c 90010488 90010484 90010480
[L1C] #   1309 SM 0 CACHE 1 ADDR 90010480
sm   0 warp 1 0x800001e8 0x90100337 x  6  90100000
sm   0 warp 0 0x800001ec 0x48030313 x  6  90100480
sm   0 warp 2 0x800001e4 0x0005217b lsu.r v  2 op 3 @ 900104fc 900104f8 900104f4 900104f0 900104ec 900104e8 900104e4 900104e0 900104dc 900104d8 900104d4 900104d0 900104cc 900104c8 900104c4 900104c0 900104bc 900104b8 900104b4 900104b0 900104ac 900104a8 900104a4 900104a0 9001049c 90010498 90010494 90010490 9001048c 90010488 90010484 90010480
sm   0 warp 2 0x800001e8 0x90100337 x  6  90100000
sm   0 warp 3 0x800001e0 0x02a34557 v 10 11111111111111111111111111111111 900104fc 900104f8 900104f4 900104f0 900104ec 900104e8 900104e4 900104e0 900104dc 900104d8 900104d4 900104d0 900104cc 900104c8 900104c4 900104c0 900104bc 900104b8 900104b4 900104b0 900104ac 900104a8 900104a4 900104a0 9001049c 90010498 90010494 90010490 9001048c 90010488 90010484 90010480 
sm   0 warp 0 0x800001f0 0x5208a557 v 10 11111111111111111111111111111111 0000001f 0000001e 0000001d 0000001c 0000001b 0000001a 00000019 00000018 00000017 00000016 00000015 00000014 00000013 00000012 00000011 00000010 0000000f 0000000e 0000000d 0000000c 0000000b 0000000a 00000009 00000008 00000007 00000006 00000005 00000004 00000003 00000002 00000001 00000000 
sm   0 warp 1 0x800001ec 0x48030313 x  6  90100480
sm   0 warp 2 0x800001ec 0x48030313 x  6  90100480
sm   0 warp 1 0x800001f0 0x5208a557 v 10 11111111111111111111111111111111 0000001f 0000001e 0000001d 0000001c 0000001b 0000001a 00000019 00000018 00000017 00000016 00000015 00000014 00000013 00000012 00000011 00000010 0000000f 0000000e 0000000d 0000000c 0000000b 0000000a 00000009 00000008 00000007 00000006 00000005 00000004 00000003 00000002 00000001 00000000 
sm   0 warp 2 0x800001f0 0x5208a557 v 10 11111111111111111111111111111111 0000001f 0000001e 0000001d 0000001c 0000001b 0000001a 00000019 00000018 00000017 00000016 00000015 00000014 00000013 00000012 00000011 00000010 0000000f 0000000e 0000000d 0000000c 0000000b 0000000a 00000009 00000008 00000007 00000006 00000005 00000004 00000003 00000002 00000001 00000000 
sm   0 warp 0 0x800001f4 0x96a13557 v 10 11111111111111111111111111111111 0000007c 00000078 00000074 00000070 0000006c 00000068 00000064 00000060 0000005c 00000058 00000054 00000050 0000004c 00000048 00000044 00000040 0000003c 00000038 00000034 00000030 0000002c 00000028 00000024 00000020 0000001c 00000018 00000014 00000010 0000000c 00000008 00000004 00000000 
sm   0 warp 1 0x800001f4 0x96a13557 v 10 11111111111111111111111111111111 0000007c 00000078 00000074 00000070 0000006c 00000068 00000064 00000060 0000005c 00000058 00000054 00000050 0000004c 00000048 00000044 00000040 0000003c 00000038 00000034 00000030 0000002c 00000028 00000024 00000020 0000001c 00000018 00000014 00000010 0000000c 00000008 00000004 00000000 
sm   0 warp 2 0x800001f4 0x96a13557 v 10 11111111111111111111111111111111 0000007c 00000078 00000074 00000070 0000006c 00000068 00000064 00000060 0000005c 00000058 00000054 00000050 0000004c 00000048 00000044 00000040 0000003c 00000038 00000034 00000030 0000002c 00000028 00000024 00000020 0000001c 00000018 00000014 00000010 0000000c 00000008 00000004 00000000 
sm   0 warp 0 0x800001f8 0x02a34557 v 10 11111111111111111111111111111111 901004fc 901004f8 901004f4 901004f0 901004ec 901004e8 901004e4 901004e0 901004dc 901004d8 901004d4 901004d0 901004cc 901004c8 901004c4 901004c0 901004bc 901004b8 901004b4 901004b0 901004ac 901004a8 901004a4 901004a0 9010049c 90100498 90100494 90100490 9010048c 90100488 90100484 90100480 
sm   0 warp 1 0x800001f8 0x02a34557 v 10 11111111111111111111111111111111 901004fc 901004f8 901004f4 901004f0 901004ec 901004e8 901004e4 901004e0 901004dc 901004d8 901004d4 901004d0 901004cc 901004c8 901004c4 901004c0 901004bc 901004b8 901004b4 901004b0 901004ac 901004a8 901004a4 901004a0 9010049c 90100498 90100494 90100490 9010048c 90100488 90100484 90100480 
sm   0 warp 3 0x800001e4 0x0005217b lsu.r v  2 op 3 @ 900104fc 900104f8 900104f4 900104f0 900104ec 900104e8 900104e4 900104e0 900104dc 900104d8 900104d4 900104d0 900104cc 900104c8 900104c4 900104c0 900104bc 900104b8 900104b4 900104b0 900104ac 900104a8 900104a4 900104a0 9001049c 90010498 90010494 90010490 9001048c 90010488 90010484 90010480
sm   0 warp 2 0x800001f8 0x02a34557 v 10 11111111111111111111111111111111 901004fc 901004f8 901004f4 901004f0 901004ec 901004e8 901004e4 901004e0 901004dc 901004d8 901004d4 901004d0 901004cc 901004c8 901004c4 901004c0 901004bc 901004b8 901004b4 901004b0 901004ac 901004a8 901004a4 901004a0 9010049c 90100498 90100494 90100490 9010048c 90100488 90100484 90100480 
sm   0 warp 0 0x800001e4 0x0005217b v  2 11111111111111111111111111111111 bf800000 c0000000 c0400000 40400000 40000000 3f800000 00000000 bf800000 40400000 40000000 3f800000 00000000 bf800000 c0000000 c0400000 40400000 00000000 bf800000 c0000000 c0400000 40400000 40000000 3f800000 00000000 c0400000 40400000 40000000 3f800000 00000000 bf800000 c0000000 c0400000 
sm   0 warp 1 0x800001e4 0x0005217b v  2 11111111111111111111111111111111 bf800000 c0000000 c0400000 40400000 40000000 3f800000 00000000 bf800000 40400000 40000000 3f800000 00000000 bf800000 c0000000 c0400000 40400000 00000000 bf800000 c0000000 c0400000 40400000 40000000 3f800000 00000000 c0400000 40400000 40000000 3f800000 00000000 bf800000 c0000000 c0400000 
sm   0 warp 2 0x800001e4 0x0005217b v  2 11111111111111111111111111111111 bf800000 c0000000 c0400000 40400000 40000000 3f800000 00000000 bf800000 40400000 40000000 3f800000 00000000 bf800000 c0000000 c0400000 40400000 00000000 bf800000 c0000000 c0400000 40400000 40000000 3f800000 00000000 c0400000 40400000 40000000 3f800000 00000000 bf800000 c0000000 c0400000 
sm   0 warp 0 0x800001fc 0x000521fb lsu.r v  3 op 3 @ 901004fc 901004f8 901004f4 901004f0 901004ec 901004e8 901004e4 901004e0 901004dc 901004d8 901004d4 901004d0 901004cc 901004c8 901004c4 901004c0 901004bc 901004b8 901004b4 901004b0 901004ac 901004a8 901004a4 901004a0 9010049c 90100498 90100494 90100490 9010048c 90100488 90100484 90100480
sm   0 warp 3 0x800001e4 0x0005217b v  2 11111111111111111111111111111111 bf800000 c0000000 c0400000 40400000 40000000 3f800000 00000000 bf800000 40400000 40000000 3f800000 00000000 bf800000 c0000000 c0400000 40400000 00000000 bf800000 c0000000 c0400000 40400000 40000000 3f800000 00000000 c0400000 40400000 40000000 3f800000 00000000 bf800000 c0000000 c0400000 
sm   0 warp 1 0x800001fc 0x000521fb lsu.r v  3 op 3 @ 901004fc 901004f8 901004f4 901004f0 901004ec 901004e8 901004e4 901004e0 901004dc 901004d8 901004d4 901004d0 901004cc 901004c8 901004c4 901004c0 901004bc 901004b8 901004b4 901004b0 901004ac 901004a8 901004a4 901004a0 9010049c 90100498 90100494 90100490 9010048c 90100488 90100484 90100480
[L1C] #   1341 SM 0 CACHE 1 ADDR 90100480
sm   0 warp 3 0x800001e8 0x90100337 x  6  90100000
sm   0 warp 2 0x800001fc 0x000521fb lsu.r v  3 op 3 @ 901004fc 901004f8 901004f4 901004f0 901004ec 901004e8 901004e4 901004e0 901004dc 901004d8 901004d4 901004d0 901004cc 901004c8 901004c4 901004c0 901004bc 901004b8 901004b4 901004b0 901004ac 901004a8 901004a4 901004a0 9010049c 90100498 90100494 90100490 9010048c 90100488 90100484 90100480
sm   0 warp 3 0x800001ec 0x48030313 x  6  90100480
sm   0 warp 3 0x800001f0 0x5208a557 v 10 11111111111111111111111111111111 0000001f 0000001e 0000001d 0000001c 0000001b 0000001a 00000019 00000018 00000017 00000016 00000015 00000014 00000013 00000012 00000011 00000010 0000000f 0000000e 0000000d 0000000c 0000000b 0000000a 00000009 00000008 00000007 00000006 00000005 00000004 00000003 00000002 00000001 00000000 
sm   0 warp 3 0x800001f4 0x96a13557 v 10 11111111111111111111111111111111 0000007c 00000078 00000074 00000070 0000006c 00000068 00000064 00000060 0000005c 00000058 00000054 00000050 0000004c 00000048 00000044 00000040 0000003c 00000038 00000034 00000030 0000002c 00000028 00000024 00000020 0000001c 00000018 00000014 00000010 0000000c 00000008 00000004 00000000 
sm   0 warp 0 0x800001fc 0x000521fb v  3 11111111111111111111111111111111 3f800000 00000000 bf800000 c0000000 40000000 3f800000 00000000 bf800000 bf800000 c0000000 40000000 3f800000 00000000 bf800000 c0000000 40000000 40000000 3f800000 00000000 bf800000 c0000000 40000000 3f800000 00000000 00000000 bf800000 c0000000 40000000 3f800000 00000000 bf800000 c0000000 
sm   0 warp 3 0x800001f8 0x02a34557 v 10 11111111111111111111111111111111 901004fc 901004f8 901004f4 901004f0 901004ec 901004e8 901004e4 901004e0 901004dc 901004d8 901004d4 901004d0 901004cc 901004c8 901004c4 901004c0 901004bc 901004b8 901004b4 901004b0 901004ac 901004a8 901004a4 901004a0 9010049c 90100498 90100494 90100490 9010048c 90100488 90100484 90100480 
sm   0 warp 1 0x800001fc 0x000521fb v  3 11111111111111111111111111111111 3f800000 00000000 bf800000 c0000000 40000000 3f800000 00000000 bf800000 bf800000 c0000000 40000000 3f800000 00000000 bf800000 c0000000 40000000 40000000 3f800000 00000000 bf800000 c0000000 40000000 3f800000 00000000 00000000 bf800000 c0000000 40000000 3f800000 00000000 bf800000 c0000000 
sm   0 warp 2 0x800001fc 0x000521fb v  3 11111111111111111111111111111111 3f800000 00000000 bf800000 c0000000 40000000 3f800000 00000000 bf800000 bf800000 c0000000 40000000 3f800000 00000000 bf800000 c0000000 40000000 40000000 3f800000 00000000 bf800000 c0000000 40000000 3f800000 00000000 00000000 bf800000 c0000000 40000000 3f800000 00000000 bf800000 c0000000 
sm   0 warp 0 0x80000204 0x90010337 x  6  90010000
sm   0 warp 3 0x800001fc 0x000521fb lsu.r v  3 op 3 @ 901004fc 901004f8 901004f4 901004f0 901004ec 901004e8 901004e4 901004e0 901004dc 901004d8 901004d4 901004d0 901004cc 901004c8 901004c4 901004c0 901004bc 901004b8 901004b4 901004b0 901004ac 901004a8 901004a4 901004a0 9010049c 90100498 90100494 90100490 9010048c 90100488 90100484 90100480
sm   0 warp 1 0x80000204 0x90010337 x  6  90010000
sm   0 warp 0 0x80000208 0x50030313 x  6  90010500
sm   0 warp 3 0x800001fc 0x000521fb v  3 11111111111111111111111111111111 3f800000 00000000 bf800000 c0000000 40000000 3f800000 00000000 bf800000 bf800000 c0000000 40000000 3f800000 00000000 bf800000 c0000000 40000000 40000000 3f800000 00000000 bf800000 c0000000 40000000 3f800000 00000000 00000000 bf800000 c0000000 40000000 3f800000 00000000 bf800000 c0000000 
sm   0 warp 2 0x80000204 0x90010337 x  6  90010000
sm   0 warp 1 0x80000208 0x50030313 x  6  90010500
sm   0 warp 0 0x8000020c 0x5208a557 v 10 11111111111111111111111111111111 0000001f 0000001e 0000001d 0000001c 0000001b 0000001a 00000019 00000018 00000017 00000016 00000015 00000014 00000013 00000012 00000011 00000010 0000000f 0000000e 0000000d 0000000c 0000000b 0000000a 00000009 00000008 00000007 00000006 00000005 00000004 00000003 00000002 00000001 00000000 
sm   0 warp 0 0x80000200 0x0e31408b v  1 11111111111111111111111111111111 00000000 00000000 00000000 00000000 00000000 00000000 00000000 00000000 00000000 00000000 00000000 00000000 00000000 00000000 00000000 00000000 41a00000 c1200000 c2b40000 43340000 c2480000 42b40000 41f00000 c2a00000 43200000 c2b40000 41200000 41200000 c2480000 41200000 c2a00000 41f00000 
sm   0 warp 1 0x8000020c 0x5208a557 v 10 11111111111111111111111111111111 0000001f 0000001e 0000001d 0000001c 0000001b 0000001a 00000019 00000018 00000017 00000016 00000015 00000014 00000013 00000012 00000011 00000010 0000000f 0000000e 0000000d 0000000c 0000000b 0000000a 00000009 00000008 00000007 00000006 00000005 00000004 00000003 00000002 00000001 00000000 
sm   0 warp 2 0x80000208 0x50030313 x  6  90010500
sm   0 warp 1 0x80000200 0x0e31408b v  1 11111111111111111111111111111111 00000000 00000000 00000000 00000000 00000000 00000000 00000000 00000000 00000000 00000000 00000000 00000000 00000000 00000000 00000000 00000000 41a00000 c1200000 c2b40000 43340000 c2480000 42b40000 41f00000 c2a00000 43200000 c2b40000 41200000 41200000 c2480000 41200000 c2a00000 41f00000 
sm   0 warp 3 0x80000204 0x90010337 x  6  90010000
sm   0 warp 0 0x80000210 0x96a13557 v 10 11111111111111111111111111111111 0000007c 00000078 00000074 00000070 0000006c 00000068 00000064 00000060 0000005c 00000058 00000054 00000050 0000004c 00000048 00000044 00000040 0000003c 00000038 00000034 00000030 0000002c 00000028 00000024 00000020 0000001c 00000018 00000014 00000010 0000000c 00000008 00000004 00000000 
sm   0 warp 2 0x8000020c 0x5208a557 v 10 11111111111111111111111111111111 0000001f 0000001e 0000001d 0000001c 0000001b 0000001a 00000019 00000018 00000017 00000016 00000015 00000014 00000013 00000012 00000011 00000010 0000000f 0000000e 0000000d 0000000c 0000000b 0000000a 00000009 00000008 00000007 00000006 00000005 00000004 00000003 00000002 00000001 00000000 
sm   0 warp 1 0x80000210 0x96a13557 v 10 11111111111111111111111111111111 0000007c 00000078 00000074 00000070 0000006c 00000068 00000064 00000060 0000005c 00000058 00000054 00000050 0000004c 00000048 00000044 00000040 0000003c 00000038 00000034 00000030 0000002c 00000028 00000024 00000020 0000001c 00000018 00000014 00000010 0000000c 00000008 00000004 00000000 
sm   0 warp 2 0x80000200 0x0e31408b v  1 11111111111111111111111111111111 00000000 00000000 00000000 00000000 00000000 00000000 00000000 00000000 00000000 00000000 00000000 00000000 00000000 00000000 00000000 00000000 41a00000 c1200000 c2b40000 43340000 c2480000 42b40000 41f00000 c2a00000 43200000 c2b40000 41200000 41200000 c2480000 41200000 c2a00000 41f00000 
sm   0 warp 3 0x80000208 0x50030313 x  6  90010500
sm   0 warp 0 0x80000214 0x02a34557 v 10 11111111111111111111111111111111 9001057c 90010578 90010574 90010570 9001056c 90010568 90010564 90010560 9001055c 90010558 90010554 90010550 9001054c 90010548 90010544 90010540 9001053c 90010538 90010534 90010530 9001052c 90010528 90010524 90010520 9001051c 90010518 90010514 90010510 9001050c 90010508 90010504 90010500 
sm   0 warp 2 0x80000210 0x96a13557 v 10 11111111111111111111111111111111 0000007c 00000078 00000074 00000070 0000006c 00000068 00000064 00000060 0000005c 00000058 00000054 00000050 0000004c 00000048 00000044 00000040 0000003c 00000038 00000034 00000030 0000002c 00000028 00000024 00000020 0000001c 00000018 00000014 00000010 0000000c 00000008 00000004 00000000 
sm   0 warp 3 0x8000020c 0x5208a557 v 10 11111111111111111111111111111111 0000001f 0000001e 0000001d 0000001c 0000001b 0000001a 00000019 00000018 00000017 00000016 00000015 00000014 00000013 00000012 00000011 00000010 0000000f 0000000e 0000000d 0000000c 0000000b 0000000a 00000009 00000008 00000007 00000006 00000005 00000004 00000003 00000002 00000001 00000000 
sm   0 warp 1 0x80000214 0x02a34557 v 10 11111111111111111111111111111111 9001057c 90010578 90010574 90010570 9001056c 90010568 90010564 90010560 9001055c 90010558 90010554 90010550 9001054c 90010548 90010544 90010540 9001053c 90010538 90010534 90010530 9001052c 90010528 90010524 90010520 9001051c 90010518 90010514 90010510 9001050c 90010508 90010504 90010500 
sm   0 warp 3 0x80000200 0x0e31408b v  1 11111111111111111111111111111111 00000000 00000000 00000000 00000000 00000000 00000000 00000000 00000000 00000000 00000000 00000000 00000000 00000000 00000000 00000000 00000000 41a00000 c1200000 c2b40000 43340000 c2480000 42b40000 41f00000 c2a00000 43200000 c2b40000 41200000 41200000 c2480000 41200000 c2a00000 41f00000 
sm   0 warp 2 0x80000214 0x02a34557 v 10 11111111111111111111111111111111 9001057c 90010578 90010574 90010570 9001056c 90010568 90010564 90010560 9001055c 90010558 90010554 90010550 9001054c 90010548 90010544 90010540 9001053c 90010538 90010534 90010530 9001052c 90010528 90010524 90010520 9001051c 90010518 90010514 90010510 9001050c 90010508 90010504 90010500 
sm   0 warp 0 0x80000218 0x0005217b lsu.r v  2 op 3 @ 9001057c 90010578 90010574 90010570 9001056c 90010568 90010564 90010560 9001055c 90010558 90010554 90010550 9001054c 90010548 90010544 90010540 9001053c 90010538 90010534 90010530 9001052c 90010528 90010524 90010520 9001051c 90010518 90010514 90010510 9001050c 90010508 90010504 90010500
sm   0 warp 0 0x8000021c 0x90100337 x  6  90100000
sm   0 warp 3 0x80000210 0x96a13557 v 10 11111111111111111111111111111111 0000007c 00000078 00000074 00000070 0000006c 00000068 00000064 00000060 0000005c 00000058 00000054 00000050 0000004c 00000048 00000044 00000040 0000003c 00000038 00000034 00000030 0000002c 00000028 00000024 00000020 0000001c 00000018 00000014 00000010 0000000c 00000008 00000004 00000000 
sm   0 warp 1 0x80000218 0x0005217b lsu.r v  2 op 3 @ 9001057c 90010578 90010574 90010570 9001056c 90010568 90010564 90010560 9001055c 90010558 90010554 90010550 9001054c 90010548 90010544 90010540 9001053c 90010538 90010534 90010530 9001052c 90010528 90010524 90010520 9001051c 90010518 90010514 90010510 9001050c 90010508 90010504 90010500
sm   0 warp 1 0x8000021c 0x90100337 x  6  90100000
[L1C] #   1394 SM 0 CACHE 1 ADDR 90010500
sm   0 warp 3 0x80000214 0x02a34557 v 10 11111111111111111111111111111111 9001057c 90010578 90010574 90010570 9001056c 90010568 90010564 90010560 9001055c 90010558 90010554 90010550 9001054c 90010548 90010544 90010540 9001053c 90010538 90010534 90010530 9001052c 90010528 90010524 90010520 9001051c 90010518 90010514 90010510 9001050c 90010508 90010504 90010500 
sm   0 warp 2 0x80000218 0x0005217b lsu.r v  2 op 3 @ 9001057c 90010578 90010574 90010570 9001056c 90010568 90010564 90010560 9001055c 90010558 90010554 90010550 9001054c 90010548 90010544 90010540 9001053c 90010538 90010534 90010530 9001052c 90010528 90010524 90010520 9001051c 90010518 90010514 90010510 9001050c 90010508 90010504 90010500
sm   0 warp 0 0x80000220 0x50030313 x  6  90100500
sm   0 warp 2 0x8000021c 0x90100337 x  6  90100000
sm   0 warp 1 0x80000220 0x50030313 x  6  90100500
sm   0 warp 0 0x80000224 0x5208a557 v 10 11111111111111111111111111111111 0000001f 0000001e 0000001d 0000001c 0000001b 0000001a 00000019 00000018 00000017 00000016 00000015 00000014 00000013 00000012 00000011 00000010 0000000f 0000000e 0000000d 0000000c 0000000b 0000000a 00000009 00000008 00000007 00000006 00000005 00000004 00000003 00000002 00000001 00000000 
sm   0 warp 1 0x80000224 0x5208a557 v 10 11111111111111111111111111111111 0000001f 0000001e 0000001d 0000001c 0000001b 0000001a 00000019 00000018 00000017 00000016 00000015 00000014 00000013 00000012 00000011 00000010 0000000f 0000000e 0000000d 0000000c 0000000b 0000000a 00000009 00000008 00000007 00000006 00000005 00000004 00000003 00000002 00000001 00000000 
sm   0 warp 2 0x80000220 0x50030313 x  6  90100500
sm   0 warp 0 0x80000228 0x96a13557 v 10 11111111111111111111111111111111 0000007c 00000078 00000074 00000070 0000006c 00000068 00000064 00000060 0000005c 00000058 00000054 00000050 0000004c 00000048 00000044 00000040 0000003c 00000038 00000034 00000030 0000002c 00000028 00000024 00000020 0000001c 00000018 00000014 00000010 0000000c 00000008 00000004 00000000 
sm   0 warp 2 0x80000224 0x5208a557 v 10 11111111111111111111111111111111 0000001f 0000001e 0000001d 0000001c 0000001b 0000001a 00000019 00000018 00000017 00000016 00000015 00000014 00000013 00000012 00000011 00000010 0000000f 0000000e 0000000d 0000000c 0000000b 0000000a 00000009 00000008 00000007 00000006 00000005 00000004 00000003 00000002 00000001 00000000 
sm   0 warp 3 0x8000021c 0x90100337 x  6  90100000
sm   0 warp 1 0x80000228 0x96a13557 v 10 11111111111111111111111111111111 0000007c 00000078 00000074 00000070 0000006c 00000068 00000064 00000060 0000005c 00000058 00000054 00000050 0000004c 00000048 00000044 00000040 0000003c 00000038 00000034 00000030 0000002c 00000028 00000024 00000020 0000001c 00000018 00000014 00000010 0000000c 00000008 00000004 00000000 
sm   0 warp 0 0x8000022c 0x02a34557 v 10 11111111111111111111111111111111 9010057c 90100578 90100574 90100570 9010056c 90100568 90100564 90100560 9010055c 90100558 90100554 90100550 9010054c 90100548 90100544 90100540 9010053c 90100538 90100534 90100530 9010052c 90100528 90100524 90100520 9010051c 90100518 90100514 90100510 9010050c 90100508 90100504 90100500 
sm   0 warp 2 0x80000228 0x96a13557 v 10 11111111111111111111111111111111 0000007c 00000078 00000074 00000070 0000006c 00000068 00000064 00000060 0000005c 00000058 00000054 00000050 0000004c 00000048 00000044 00000040 0000003c 00000038 00000034 00000030 0000002c 00000028 00000024 00000020 0000001c 00000018 00000014 00000010 0000000c 00000008 00000004 00000000 
sm   0 warp 1 0x8000022c 0x02a34557 v 10 11111111111111111111111111111111 9010057c 90100578 90100574 90100570 9010056c 90100568 90100564 90100560 9010055c 90100558 90100554 90100550 9010054c 90100548 90100544 90100540 9010053c 90100538 90100534 90100530 9010052c 90100528 90100524 90100520 9010051c 90100518 90100514 90100510 9010050c 90100508 90100504 90100500 
sm   0 warp 3 0x80000218 0x0005217b lsu.r v  2 op 3 @ 9001057c 90010578 90010574 90010570 9001056c 90010568 90010564 90010560 9001055c 90010558 90010554 90010550 9001054c 90010548 90010544 90010540 9001053c 90010538 90010534 90010530 9001052c 90010528 90010524 90010520 9001051c 90010518 90010514 90010510 9001050c 90010508 90010504 90010500
sm   0 warp 0 0x80000218 0x0005217b v  2 11111111111111111111111111111111 bf800000 c0000000 c0400000 40400000 40000000 3f800000 00000000 bf800000 40400000 40000000 3f800000 00000000 bf800000 c0000000 c0400000 40400000 00000000 bf800000 c0000000 c0400000 40400000 40000000 3f800000 00000000 c0400000 40400000 40000000 3f800000 00000000 bf800000 c0000000 c0400000 
sm   0 warp 1 0x80000218 0x0005217b v  2 11111111111111111111111111111111 bf800000 c0000000 c0400000 40400000 40000000 3f800000 00000000 bf800000 40400000 40000000 3f800000 00000000 bf800000 c0000000 c0400000 40400000 00000000 bf800000 c0000000 c0400000 40400000 40000000 3f800000 00000000 c0400000 40400000 40000000 3f800000 00000000 bf800000 c0000000 c0400000 
sm   0 warp 2 0x8000022c 0x02a34557 v 10 11111111111111111111111111111111 9010057c 90100578 90100574 90100570 9010056c 90100568 90100564 90100560 9010055c 90100558 90100554 90100550 9010054c 90100548 90100544 90100540 9010053c 90100538 90100534 90100530 9010052c 90100528 90100524 90100520 9010051c 90100518 90100514 90100510 9010050c 90100508 90100504 90100500 
sm   0 warp 0 0x80000230 0x000521fb lsu.r v  3 op 3 @ 9010057c 90100578 90100574 90100570 9010056c 90100568 90100564 90100560 9010055c 90100558 90100554 90100550 9010054c 90100548 90100544 90100540 9010053c 90100538 90100534 90100530 9010052c 90100528 90100524 90100520 9010051c 90100518 90100514 90100510 9010050c 90100508 90100504 90100500
sm   0 warp 2 0x80000218 0x0005217b v  2 11111111111111111111111111111111 bf800000 c0000000 c0400000 40400000 40000000 3f800000 00000000 bf800000 40400000 40000000 3f800000 00000000 bf800000 c0000000 c0400000 40400000 00000000 bf800000 c0000000 c0400000 40400000 40000000 3f800000 00000000 c0400000 40400000 40000000 3f800000 00000000 bf800000 c0000000 c0400000 
sm   0 warp 3 0x80000220 0x50030313 x  6  90100500
sm   0 warp 1 0x80000230 0x000521fb lsu.r v  3 op 3 @ 9010057c 90100578 90100574 90100570 9010056c 90100568 90100564 90100560 9010055c 90100558 90100554 90100550 9010054c 90100548 90100544 90100540 9010053c 90100538 90100534 90100530 9010052c 90100528 90100524 90100520 9010051c 90100518 90100514 90100510 9010050c 90100508 90100504 90100500
[L1C] #   1421 SM 0 CACHE 1 ADDR 90100500
sm   0 warp 3 0x80000224 0x5208a557 v 10 11111111111111111111111111111111 0000001f 0000001e 0000001d 0000001c 0000001b 0000001a 00000019 00000018 00000017 00000016 00000015 00000014 00000013 00000012 00000011 00000010 0000000f 0000000e 0000000d 0000000c 0000000b 0000000a 00000009 00000008 00000007 00000006 00000005 00000004 00000003 00000002 00000001 00000000 
sm   0 warp 3 0x80000218 0x0005217b v  2 11111111111111111111111111111111 bf800000 c0000000 c0400000 40400000 40000000 3f800000 00000000 bf800000 40400000 40000000 3f800000 00000000 bf800000 c0000000 c0400000 40400000 00000000 bf800000 c0000000 c0400000 40400000 40000000 3f800000 00000000 c0400000 40400000 40000000 3f800000 00000000 bf800000 c0000000 c0400000 
sm   0 warp 2 0x80000230 0x000521fb lsu.r v  3 op 3 @ 9010057c 90100578 90100574 90100570 9010056c 90100568 90100564 90100560 9010055c 90100558 90100554 90100550 9010054c 90100548 90100544 90100540 9010053c 90100538 90100534 90100530 9010052c 90100528 90100524 90100520 9010051c 90100518 90100514 90100510 9010050c 90100508 90100504 90100500
sm   0 warp 3 0x80000228 0x96a13557 v 10 11111111111111111111111111111111 0000007c 00000078 00000074 00000070 0000006c 00000068 00000064 00000060 0000005c 00000058 00000054 00000050 0000004c 00000048 00000044 00000040 0000003c 00000038 00000034 00000030 0000002c 00000028 00000024 00000020 0000001c 00000018 00000014 00000010 0000000c 00000008 00000004 00000000 
sm   0 warp 3 0x8000022c 0x02a34557 v 10 11111111111111111111111111111111 9010057c 90100578 90100574 90100570 9010056c 90100568 90100564 90100560 9010055c 90100558 90100554 90100550 9010054c 90100548 90100544 90100540 9010053c 90100538 90100534 90100530 9010052c 90100528 90100524 90100520 9010051c 90100518 90100514 90100510 9010050c 90100508 90100504 90100500 
sm   0 warp 0 0x80000230 0x000521fb v  3 11111111111111111111111111111111 3f800000 00000000 bf800000 c0000000 40000000 3f800000 00000000 bf800000 bf800000 c0000000 40000000 3f800000 00000000 bf800000 c0000000 40000000 40000000 3f800000 00000000 bf800000 c0000000 40000000 3f800000 00000000 00000000 bf800000 c0000000 40000000 3f800000 00000000 bf800000 c0000000 
sm   0 warp 3 0x80000230 0x000521fb lsu.r v  3 op 3 @ 9010057c 90100578 90100574 90100570 9010056c 90100568 90100564 90100560 9010055c 90100558 90100554 90100550 9010054c 90100548 90100544 90100540 9010053c 90100538 90100534 90100530 9010052c 90100528 90100524 90100520 9010051c 90100518 90100514 90100510 9010050c 90100508 90100504 90100500
sm   0 warp 1 0x80000230 0x000521fb v  3 11111111111111111111111111111111 3f800000 00000000 bf800000 c0000000 40000000 3f800000 00000000 bf800000 bf800000 c0000000 40000000 3f800000 00000000 bf800000 c0000000 40000000 40000000 3f800000 00000000 bf800000 c0000000 40000000 3f800000 00000000 00000000 bf800000 c0000000 40000000 3f800000 00000000 bf800000 c0000000 
sm   0 warp 0 0x80000238 0x90010337 x  6  90010000
sm   0 warp 2 0x80000230 0x000521fb v  3 11111111111111111111111111111111 3f800000 00000000 bf800000 c0000000 40000000 3f800000 00000000 bf800000 bf800000 c0000000 40000000 3f800000 00000000 bf800000 c0000000 40000000 40000000 3f800000 00000000 bf800000 c0000000 40000000 3f800000 00000000 00000000 bf800000 c0000000 40000000 3f800000 00000000 bf800000 c0000000 
sm   0 warp 3 0x80000230 0x000521fb v  3 11111111111111111111111111111111 3f800000 00000000 bf800000 c0000000 40000000 3f800000 00000000 bf800000 bf800000 c0000000 40000000 3f800000 00000000 bf800000 c0000000 40000000 40000000 3f800000 00000000 bf800000 c0000000 40000000 3f800000 00000000 00000000 bf800000 c0000000 40000000 3f800000 00000000 bf800000 c0000000 
sm   0 warp 1 0x80000238 0x90010337 x  6  90010000
sm   0 warp 0 0x8000023c 0x58030313 x  6  90010580
sm   0 warp 2 0x80000238 0x90010337 x  6  90010000
sm   0 warp 0 0x80000240 0x5208a557 v 10 11111111111111111111111111111111 0000001f 0000001e 0000001d 0000001c 0000001b 0000001a 00000019 00000018 00000017 00000016 00000015 00000014 00000013 00000012 00000011 00000010 0000000f 0000000e 0000000d 0000000c 0000000b 0000000a 00000009 00000008 00000007 00000006 00000005 00000004 00000003 00000002 00000001 00000000 
sm   0 warp 0 0x80000234 0x0e31408b v  1 11111111111111111111111111111111 00000000 00000000 00000000 00000000 00000000 00000000 00000000 00000000 00000000 00000000 00000000 00000000 00000000 00000000 00000000 00000000 41b00000 c1300000 c2c60000 43460000 c25c0000 42c60000 42040000 c2b00000 43300000 c2c60000 41300000 41300000 c25c0000 41300000 c2b00000 42040000 
sm   0 warp 1 0x8000023c 0x58030313 x  6  90010580
sm   0 warp 3 0x80000238 0x90010337 x  6  90010000
sm   0 warp 2 0x8000023c 0x58030313 x  6  90010580
sm   0 warp 1 0x80000240 0x5208a557 v 10 11111111111111111111111111111111 0000001f 0000001e 0000001d 0000001c 0000001b 0000001a 00000019 00000018 00000017 00000016 00000015 00000014 00000013 00000012 00000011 00000010 0000000f 0000000e 0000000d 0000000c 0000000b 0000000a 00000009 00000008 00000007 00000006 00000005 00000004 00000003 00000002 00000001 00000000 
sm   0 warp 0 0x80000244 0x96a13557 v 10 11111111111111111111111111111111 0000007c 00000078 00000074 00000070 0000006c 00000068 00000064 00000060 0000005c 00000058 00000054 00000050 0000004c 00000048 00000044 00000040 0000003c 00000038 00000034 00000030 0000002c 00000028 00000024 00000020 0000001c 00000018 00000014 00000010 0000000c 00000008 00000004 00000000 
sm   0 warp 2 0x80000240 0x5208a557 v 10 11111111111111111111111111111111 0000001f 0000001e 0000001d 0000001c 0000001b 0000001a 00000019 00000018 00000017 00000016 00000015 00000014 00000013 00000012 00000011 00000010 0000000f 0000000e 0000000d 0000000c 0000000b 0000000a 00000009 00000008 00000007 00000006 00000005 00000004 00000003 00000002 00000001 00000000 
sm   0 warp 1 0x80000234 0x0e31408b v  1 11111111111111111111111111111111 00000000 00000000 00000000 00000000 00000000 00000000 00000000 00000000 00000000 00000000 00000000 00000000 00000000 00000000 00000000 00000000 41b00000 c1300000 c2c60000 43460000 c25c0000 42c60000 42040000 c2b00000 43300000 c2c60000 41300000 41300000 c25c0000 41300000 c2b00000 42040000 
sm   0 warp 3 0x8000023c 0x58030313 x  6  90010580
sm   0 warp 2 0x80000234 0x0e31408b v  1 11111111111111111111111111111111 00000000 00000000 00000000 00000000 00000000 00000000 00000000 00000000 00000000 00000000 00000000 00000000 00000000 00000000 00000000 00000000 41b00000 c1300000 c2c60000 43460000 c25c0000 42c60000 42040000 c2b00000 43300000 c2c60000 41300000 41300000 c25c0000 41300000 c2b00000 42040000 
sm   0 warp 1 0x80000244 0x96a13557 v 10 11111111111111111111111111111111 0000007c 00000078 00000074 00000070 0000006c 00000068 00000064 00000060 0000005c 00000058 00000054 00000050 0000004c 00000048 00000044 00000040 0000003c 00000038 00000034 00000030 0000002c 00000028 00000024 00000020 0000001c 00000018 00000014 00000010 0000000c 00000008 00000004 00000000 
sm   0 warp 0 0x80000248 0x02a34557 v 10 11111111111111111111111111111111 900105fc 900105f8 900105f4 900105f0 900105ec 900105e8 900105e4 900105e0 900105dc 900105d8 900105d4 900105d0 900105cc 900105c8 900105c4 900105c0 900105bc 900105b8 900105b4 900105b0 900105ac 900105a8 900105a4 900105a0 9001059c 90010598 90010594 90010590 9001058c 90010588 90010584 90010580 
sm   0 warp 3 0x80000240 0x5208a557 v 10 11111111111111111111111111111111 0000001f 0000001e 0000001d 0000001c 0000001b 0000001a 00000019 00000018 00000017 00000016 00000015 00000014 00000013 00000012 00000011 00000010 0000000f 0000000e 0000000d 0000000c 0000000b 0000000a 00000009 00000008 00000007 00000006 00000005 00000004 00000003 00000002 00000001 00000000 
sm   0 warp 2 0x80000244 0x96a13557 v 10 11111111111111111111111111111111 0000007c 00000078 00000074 00000070 0000006c 00000068 00000064 00000060 0000005c 00000058 00000054 00000050 0000004c 00000048 00000044 00000040 0000003c 00000038 00000034 00000030 0000002c 00000028 00000024 00000020 0000001c 00000018 00000014 00000010 0000000c 00000008 00000004 00000000 
sm   0 warp 3 0x80000234 0x0e31408b v  1 11111111111111111111111111111111 00000000 00000000 00000000 00000000 00000000 00000000 00000000 00000000 00000000 00000000 00000000 00000000 00000000 00000000 00000000 00000000 41b00000 c1300000 c2c60000 43460000 c25c0000 42c60000 42040000 c2b00000 43300000 c2c60000 41300000 41300000 c25c0000 41300000 c2b00000 42040000 
sm   0 warp 1 0x80000248 0x02a34557 v 10 11111111111111111111111111111111 900105fc 900105f8 900105f4 900105f0 900105ec 900105e8 900105e4 900105e0 900105dc 900105d8 900105d4 900105d0 900105cc 900105c8 900105c4 900105c0 900105bc 900105b8 900105b4 900105b0 900105ac 900105a8 900105a4 900105a0 9001059c 90010598 90010594 90010590 9001058c 90010588 90010584 90010580 
sm   0 warp 3 0x80000244 0x96a13557 v 10 11111111111111111111111111111111 0000007c 00000078 00000074 00000070 0000006c 00000068 00000064 00000060 0000005c 00000058 00000054 00000050 0000004c 00000048 00000044 00000040 0000003c 00000038 00000034 00000030 0000002c 00000028 00000024 00000020 0000001c 00000018 00000014 00000010 0000000c 00000008 00000004 00000000 
sm   0 warp 0 0x8000024c 0x0005217b lsu.r v  2 op 3 @ 900105fc 900105f8 900105f4 900105f0 900105ec 900105e8 900105e4 900105e0 900105dc 900105d8 900105d4 900105d0 900105cc 900105c8 900105c4 900105c0 900105bc 900105b8 900105b4 900105b0 900105ac 900105a8 900105a4 900105a0 9001059c 90010598 90010594 90010590 9001058c 90010588 90010584 90010580
sm   0 warp 0 0x80000250 0x90100337 x  6  90100000
sm   0 warp 2 0x80000248 0x02a34557 v 10 11111111111111111111111111111111 900105fc 900105f8 900105f4 900105f0 900105ec 900105e8 900105e4 900105e0 900105dc 900105d8 900105d4 900105d0 900105cc 900105c8 900105c4 900105c0 900105bc 900105b8 900105b4 900105b0 900105ac 900105a8 900105a4 900105a0 9001059c 90010598 90010594 90010590 9001058c 90010588 90010584 90010580 
sm   0 warp 1 0x8000024c 0x0005217b lsu.r v  2 op 3 @ 900105fc 900105f8 900105f4 900105f0 900105ec 900105e8 900105e4 900105e0 900105dc 900105d8 900105d4 900105d0 900105cc 900105c8 900105c4 900105c0 900105bc 900105b8 900105b4 900105b0 900105ac 900105a8 900105a4 900105a0 9001059c 90010598 90010594 90010590 9001058c 90010588 90010584 90010580
[L1C] #   1474 SM 0 CACHE 1 ADDR 90010580
sm   0 warp 1 0x80000250 0x90100337 x  6  90100000
sm   0 warp 0 0x80000254 0x58030313 x  6  90100580
sm   0 warp 2 0x8000024c 0x0005217b lsu.r v  2 op 3 @ 900105fc 900105f8 900105f4 900105f0 900105ec 900105e8 900105e4 900105e0 900105dc 900105d8 900105d4 900105d0 900105cc 900105c8 900105c4 900105c0 900105bc 900105b8 900105b4 900105b0 900105ac 900105a8 900105a4 900105a0 9001059c 90010598 90010594 90010590 9001058c 90010588 90010584 90010580
sm   0 warp 2 0x80000250 0x90100337 x  6  90100000
sm   0 warp 3 0x80000248 0x02a34557 v 10 11111111111111111111111111111111 900105fc 900105f8 900105f4 900105f0 900105ec 900105e8 900105e4 900105e0 900105dc 900105d8 900105d4 900105d0 900105cc 900105c8 900105c4 900105c0 900105bc 900105b8 900105b4 900105b0 900105ac 900105a8 900105a4 900105a0 9001059c 90010598 90010594 90010590 9001058c 90010588 90010584 90010580 
sm   0 warp 0 0x80000258 0x5208a557 v 10 11111111111111111111111111111111 0000001f 0000001e 0000001d 0000001c 0000001b 0000001a 00000019 00000018 00000017 00000016 00000015 00000014 00000013 00000012 00000011 00000010 0000000f 0000000e 0000000d 0000000c 0000000b 0000000a 00000009 00000008 00000007 00000006 00000005 00000004 00000003 00000002 00000001 00000000 
sm   0 warp 1 0x80000254 0x58030313 x  6  90100580
sm   0 warp 2 0x80000254 0x58030313 x  6  90100580
sm   0 warp 1 0x80000258 0x5208a557 v 10 11111111111111111111111111111111 0000001f 0000001e 0000001d 0000001c 0000001b 0000001a 00000019 00000018 00000017 00000016 00000015 00000014 00000013 00000012 00000011 00000010 0000000f 0000000e 0000000d 0000000c 0000000b 0000000a 00000009 00000008 00000007 00000006 00000005 00000004 00000003 00000002 00000001 00000000 
sm   0 warp 2 0x80000258 0x5208a557 v 10 11111111111111111111111111111111 0000001f 0000001e 0000001d 0000001c 0000001b 0000001a 00000019 00000018 00000017 00000016 00000015 00000014 00000013 00000012 00000011 00000010 0000000f 0000000e 0000000d 0000000c 0000000b 0000000a 00000009 00000008 00000007 00000006 00000005 00000004 00000003 00000002 00000001 00000000 
sm   0 warp 0 0x8000025c 0x96a13557 v 10 11111111111111111111111111111111 0000007c 00000078 00000074 00000070 0000006c 00000068 00000064 00000060 0000005c 00000058 00000054 00000050 0000004c 00000048 00000044 00000040 0000003c 00000038 00000034 00000030 0000002c 00000028 00000024 00000020 0000001c 00000018 00000014 00000010 0000000c 00000008 00000004 00000000 
[L1C] #   1486 SM 0 CACHE 0 ADDR 80000280
sm   0 warp 1 0x8000025c 0x96a13557 v 10 11111111111111111111111111111111 0000007c 00000078 00000074 00000070 0000006c 00000068 00000064 00000060 0000005c 00000058 00000054 00000050 0000004c 00000048 00000044 00000040 0000003c 00000038 00000034 00000030 0000002c 00000028 00000024 00000020 0000001c 00000018 00000014 00000010 0000000c 00000008 00000004 00000000 
sm   0 warp 2 0x8000025c 0x96a13557 v 10 11111111111111111111111111111111 0000007c 00000078 00000074 00000070 0000006c 00000068 00000064 00000060 0000005c 00000058 00000054 00000050 0000004c 00000048 00000044 00000040 0000003c 00000038 00000034 00000030 0000002c 00000028 00000024 00000020 0000001c 00000018 00000014 00000010 0000000c 00000008 00000004 00000000 
sm   0 warp 0 0x80000260 0x02a34557 v 10 11111111111111111111111111111111 901005fc 901005f8 901005f4 901005f0 901005ec 901005e8 901005e4 901005e0 901005dc 901005d8 901005d4 901005d0 901005cc 901005c8 901005c4 901005c0 901005bc 901005b8 901005b4 901005b0 901005ac 901005a8 901005a4 901005a0 9010059c 90100598 90100594 90100590 9010058c 90100588 90100584 90100580 
sm   0 warp 1 0x80000260 0x02a34557 v 10 11111111111111111111111111111111 901005fc 901005f8 901005f4 901005f0 901005ec 901005e8 901005e4 901005e0 901005dc 901005d8 901005d4 901005d0 901005cc 901005c8 901005c4 901005c0 901005bc 901005b8 901005b4 901005b0 901005ac 901005a8 901005a4 901005a0 9010059c 90100598 90100594 90100590 9010058c 90100588 90100584 90100580 
sm   0 warp 3 0x8000024c 0x0005217b lsu.r v  2 op 3 @ 900105fc 900105f8 900105f4 900105f0 900105ec 900105e8 900105e4 900105e0 900105dc 900105d8 900105d4 900105d0 900105cc 900105c8 900105c4 900105c0 900105bc 900105b8 900105b4 900105b0 900105ac 900105a8 900105a4 900105a0 9001059c 90010598 90010594 90010590 9001058c 90010588 90010584 90010580
sm   0 warp 2 0x80000260 0x02a34557 v 10 11111111111111111111111111111111 901005fc 901005f8 901005f4 901005f0 901005ec 901005e8 901005e4 901005e0 901005dc 901005d8 901005d4 901005d0 901005cc 901005c8 901005c4 901005c0 901005bc 901005b8 901005b4 901005b0 901005ac 901005a8 901005a4 901005a0 9010059c 90100598 90100594 90100590 9010058c 90100588 90100584 90100580 
sm   0 warp 0 0x8000024c 0x0005217b v  2 11111111111111111111111111111111 bf800000 c0000000 c0400000 40400000 40000000 3f800000 00000000 bf800000 40400000 40000000 3f800000 00000000 bf800000 c0000000 c0400000 40400000 00000000 bf800000 c0000000 c0400000 40400000 40000000 3f800000 00000000 c0400000 40400000 40000000 3f800000 00000000 bf800000 c0000000 c0400000 
sm   0 warp 1 0x8000024c 0x0005217b v  2 11111111111111111111111111111111 bf800000 c0000000 c0400000 40400000 40000000 3f800000 00000000 bf800000 40400000 40000000 3f800000 00000000 bf800000 c0000000 c0400000 40400000 00000000 bf800000 c0000000 c0400000 40400000 40000000 3f800000 00000000 c0400000 40400000 40000000 3f800000 00000000 bf800000 c0000000 c0400000 
sm   0 warp 2 0x8000024c 0x0005217b v  2 11111111111111111111111111111111 bf800000 c0000000 c0400000 40400000 40000000 3f800000 00000000 bf800000 40400000 40000000 3f800000 00000000 bf800000 c0000000 c0400000 40400000 00000000 bf800000 c0000000 c0400000 40400000 40000000 3f800000 00000000 c0400000 40400000 40000000 3f800000 00000000 bf800000 c0000000 c0400000 
sm   0 warp 0 0x80000264 0x000521fb lsu.r v  3 op 3 @ 901005fc 901005f8 901005f4 901005f0 901005ec 901005e8 901005e4 901005e0 901005dc 901005d8 901005d4 901005d0 901005cc 901005c8 901005c4 901005c0 901005bc 901005b8 901005b4 901005b0 901005ac 901005a8 901005a4 901005a0 9010059c 90100598 90100594 90100590 9010058c 90100588 90100584 90100580
sm   0 warp 3 0x8000024c 0x0005217b v  2 11111111111111111111111111111111 bf800000 c0000000 c0400000 40400000 40000000 3f800000 00000000 bf800000 40400000 40000000 3f800000 00000000 bf800000 c0000000 c0400000 40400000 00000000 bf800000 c0000000 c0400000 40400000 40000000 3f800000 00000000 c0400000 40400000 40000000 3f800000 00000000 bf800000 c0000000 c0400000 
sm   0 warp 1 0x80000264 0x000521fb lsu.r v  3 op 3 @ 901005fc 901005f8 901005f4 901005f0 901005ec 901005e8 901005e4 901005e0 901005dc 901005d8 901005d4 901005d0 901005cc 901005c8 901005c4 901005c0 901005bc 901005b8 901005b4 901005b0 901005ac 901005a8 901005a4 901005a0 9010059c 90100598 90100594 90100590 9010058c 90100588 90100584 90100580
[L1C] #   1505 SM 0 CACHE 1 ADDR 90100580
sm   0 warp 3 0x80000250 0x90100337 x  6  90100000
sm   0 warp 2 0x80000264 0x000521fb lsu.r v  3 op 3 @ 901005fc 901005f8 901005f4 901005f0 901005ec 901005e8 901005e4 901005e0 901005dc 901005d8 901005d4 901005d0 901005cc 901005c8 901005c4 901005c0 901005bc 901005b8 901005b4 901005b0 901005ac 901005a8 901005a4 901005a0 9010059c 90100598 90100594 90100590 9010058c 90100588 90100584 90100580
sm   0 warp 3 0x80000254 0x58030313 x  6  90100580
sm   0 warp 3 0x80000258 0x5208a557 v 10 11111111111111111111111111111111 0000001f 0000001e 0000001d 0000001c 0000001b 0000001a 00000019 00000018 00000017 00000016 00000015 00000014 00000013 00000012 00000011 00000010 0000000f 0000000e 0000000d 0000000c 0000000b 0000000a 00000009 00000008 00000007 00000006 00000005 00000004 00000003 00000002 00000001 00000000 
sm   0 warp 3 0x8000025c 0x96a13557 v 10 11111111111111111111111111111111 0000007c 00000078 00000074 00000070 0000006c 00000068 00000064 00000060 0000005c 00000058 00000054 00000050 0000004c 00000048 00000044 00000040 0000003c 00000038 00000034 00000030 0000002c 00000028 00000024 00000020 0000001c 00000018 00000014 00000010 0000000c 00000008 00000004 00000000 
sm   0 warp 0 0x80000264 0x000521fb v  3 11111111111111111111111111111111 3f800000 00000000 bf800000 c0000000 40000000 3f800000 00000000 bf800000 bf800000 c0000000 40000000 3f800000 00000000 bf800000 c0000000 40000000 40000000 3f800000 00000000 bf800000 c0000000 40000000 3f800000 00000000 00000000 bf800000 c0000000 40000000 3f800000 00000000 bf800000 c0000000 
sm   0 warp 3 0x80000260 0x02a34557 v 10 11111111111111111111111111111111 901005fc 901005f8 901005f4 901005f0 901005ec 901005e8 901005e4 901005e0 901005dc 901005d8 901005d4 901005d0 901005cc 901005c8 901005c4 901005c0 901005bc 901005b8 901005b4 901005b0 901005ac 901005a8 901005a4 901005a0 9010059c 90100598 90100594 90100590 9010058c 90100588 90100584 90100580 
sm   0 warp 1 0x80000264 0x000521fb v  3 11111111111111111111111111111111 3f800000 00000000 bf800000 c0000000 40000000 3f800000 00000000 bf800000 bf800000 c0000000 40000000 3f800000 00000000 bf800000 c0000000 40000000 40000000 3f800000 00000000 bf800000 c0000000 40000000 3f800000 00000000 00000000 bf800000 c0000000 40000000 3f800000 00000000 bf800000 c0000000 
sm   0 warp 2 0x80000264 0x000521fb v  3 11111111111111111111111111111111 3f800000 00000000 bf800000 c0000000 40000000 3f800000 00000000 bf800000 bf800000 c0000000 40000000 3f800000 00000000 bf800000 c0000000 40000000 40000000 3f800000 00000000 bf800000 c0000000 40000000 3f800000 00000000 00000000 bf800000 c0000000 40000000 3f800000 00000000 bf800000 c0000000 
sm   0 warp 0 0x8000026c 0x90010337 x  6  90010000
sm   0 warp 3 0x80000264 0x000521fb lsu.r v  3 op 3 @ 901005fc 901005f8 901005f4 901005f0 901005ec 901005e8 901005e4 901005e0 901005dc 901005d8 901005d4 901005d0 901005cc 901005c8 901005c4 901005c0 901005bc 901005b8 901005b4 901005b0 901005ac 901005a8 901005a4 901005a0 9010059c 90100598 90100594 90100590 9010058c 90100588 90100584 90100580
sm   0 warp 1 0x8000026c 0x90010337 x  6  90010000
sm   0 warp 0 0x80000270 0x60030313 x  6  90010600
sm   0 warp 3 0x80000264 0x000521fb v  3 11111111111111111111111111111111 3f800000 00000000 bf800000 c0000000 40000000 3f800000 00000000 bf800000 bf800000 c0000000 40000000 3f800000 00000000 bf800000 c0000000 40000000 40000000 3f800000 00000000 bf800000 c0000000 40000000 3f800000 00000000 00000000 bf800000 c0000000 40000000 3f800000 00000000 bf800000 c0000000 
sm   0 warp 2 0x8000026c 0x90010337 x  6  90010000
sm   0 warp 1 0x80000270 0x60030313 x  6  90010600
sm   0 warp 0 0x80000274 0x5208a557 v 10 11111111111111111111111111111111 0000001f 0000001e 0000001d 0000001c 0000001b 0000001a 00000019 00000018 00000017 00000016 00000015 00000014 00000013 00000012 00000011 00000010 0000000f 0000000e 0000000d 0000000c 0000000b 0000000a 00000009 00000008 00000007 00000006 00000005 00000004 00000003 00000002 00000001 00000000 
sm   0 warp 0 0x80000268 0x0e31408b v  1 11111111111111111111111111111111 00000000 00000000 00000000 00000000 00000000 00000000 00000000 00000000 00000000 00000000 00000000 00000000 00000000 00000000 00000000 00000000 41c00000 c1400000 c2d80000 43580000 c2700000 42d80000 42100000 c2c00000 43400000 c2d80000 41400000 41400000 c2700000 41400000 c2c00000 42100000 
sm   0 warp 1 0x80000274 0x5208a557 v 10 11111111111111111111111111111111 0000001f 0000001e 0000001d 0000001c 0000001b 0000001a 00000019 00000018 00000017 00000016 00000015 00000014 00000013 00000012 00000011 00000010 0000000f 0000000e 0000000d 0000000c 0000000b 0000000a 00000009 00000008 00000007 00000006 00000005 00000004 00000003 00000002 00000001 00000000 
sm   0 warp 2 0x80000270 0x60030313 x  6  90010600
sm   0 warp 1 0x80000268 0x0e31408b v  1 11111111111111111111111111111111 00000000 00000000 00000000 00000000 00000000 00000000 00000000 00000000 00000000 00000000 00000000 00000000 00000000 00000000 00000000 00000000 41c00000 c1400000 c2d80000 43580000 c2700000 42d80000 42100000 c2c00000 43400000 c2d80000 41400000 41400000 c2700000 41400000 c2c00000 42100000 
sm   0 warp 3 0x8000026c 0x90010337 x  6  90010000
sm   0 warp 0 0x80000278 0x96a13557 v 10 11111111111111111111111111111111 0000007c 00000078 00000074 00000070 0000006c 00000068 00000064 00000060 0000005c 00000058 00000054 00000050 0000004c 00000048 00000044 00000040 0000003c 00000038 00000034 00000030 0000002c 00000028 00000024 00000020 0000001c 00000018 00000014 00000010 0000000c 00000008 00000004 00000000 
sm   0 warp 2 0x80000274 0x5208a557 v 10 11111111111111111111111111111111 0000001f 0000001e 0000001d 0000001c 0000001b 0000001a 00000019 00000018 00000017 00000016 00000015 00000014 00000013 00000012 00000011 00000010 0000000f 0000000e 0000000d 0000000c 0000000b 0000000a 00000009 00000008 00000007 00000006 00000005 00000004 00000003 00000002 00000001 00000000 
sm   0 warp 1 0x80000278 0x96a13557 v 10 11111111111111111111111111111111 0000007c 00000078 00000074 00000070 0000006c 00000068 00000064 00000060 0000005c 00000058 00000054 00000050 0000004c 00000048 00000044 00000040 0000003c 00000038 00000034 00000030 0000002c 00000028 00000024 00000020 0000001c 00000018 00000014 00000010 0000000c 00000008 00000004 00000000 
sm   0 warp 2 0x80000268 0x0e31408b v  1 11111111111111111111111111111111 00000000 00000000 00000000 00000000 00000000 00000000 00000000 00000000 00000000 00000000 00000000 00000000 00000000 00000000 00000000 00000000 41c00000 c1400000 c2d80000 43580000 c2700000 42d80000 42100000 c2c00000 43400000 c2d80000 41400000 41400000 c2700000 41400000 c2c00000 42100000 
sm   0 warp 3 0x80000270 0x60030313 x  6  90010600
sm   0 warp 0 0x8000027c 0x02a34557 v 10 11111111111111111111111111111111 9001067c 90010678 90010674 90010670 9001066c 90010668 90010664 90010660 9001065c 90010658 90010654 90010650 9001064c 90010648 90010644 90010640 9001063c 90010638 90010634 90010630 9001062c 90010628 90010624 90010620 9001061c 90010618 90010614 90010610 9001060c 90010608 90010604 90010600 
sm   0 warp 2 0x80000278 0x96a13557 v 10 11111111111111111111111111111111 0000007c 00000078 00000074 00000070 0000006c 00000068 00000064 00000060 0000005c 00000058 00000054 00000050 0000004c 00000048 00000044 00000040 0000003c 00000038 00000034 00000030 0000002c 00000028 00000024 00000020 0000001c 00000018 00000014 00000010 0000000c 00000008 00000004 00000000 
sm   0 warp 3 0x80000274 0x5208a557 v 10 11111111111111111111111111111111 0000001f 0000001e 0000001d 0000001c 0000001b 0000001a 00000019 00000018 00000017 00000016 00000015 00000014 00000013 00000012 00000011 00000010 0000000f 0000000e 0000000d 0000000c 0000000b 0000000a 00000009 00000008 00000007 00000006 00000005 00000004 00000003 00000002 00000001 00000000 
sm   0 warp 1 0x8000027c 0x02a34557 v 10 11111111111111111111111111111111 9001067c 90010678 90010674 90010670 9001066c 90010668 90010664 90010660 9001065c 90010658 90010654 90010650 9001064c 90010648 90010644 90010640 9001063c 90010638 90010634 90010630 9001062c 90010628 90010624 90010620 9001061c 90010618 90010614 90010610 9001060c 90010608 90010604 90010600 
sm   0 warp 3 0x80000268 0x0e31408b v  1 11111111111111111111111111111111 00000000 00000000 00000000 00000000 00000000 00000000 00000000 00000000 00000000 00000000 00000000 00000000 00000000 00000000 00000000 00000000 41c00000 c1400000 c2d80000 43580000 c2700000 42d80000 42100000 c2c00000 43400000 c2d80000 41400000 41400000 c2700000 41400000 c2c00000 42100000 
sm   0 warp 2 0x8000027c 0x02a34557 v 10 11111111111111111111111111111111 9001067c 90010678 90010674 90010670 9001066c 90010668 90010664 90010660 9001065c 90010658 90010654 90010650 9001064c 90010648 90010644 90010640 9001063c 90010638 90010634 90010630 9001062c 90010628 90010624 90010620 9001061c 90010618 90010614 90010610 9001060c 90010608 90010604 90010600 
sm   0 warp 0 0x80000280 0x0005217b lsu.r v  2 op 3 @ 9001067c 90010678 90010674 90010670 9001066c 90010668 90010664 90010660 9001065c 90010658 90010654 90010650 9001064c 90010648 90010644 90010640 9001063c 90010638 90010634 90010630 9001062c 90010628 90010624 90010620 9001061c 90010618 90010614 90010610 9001060c 90010608 90010604 90010600
sm   0 warp 0 0x80000284 0x90100337 x  6  90100000
sm   0 warp 3 0x80000278 0x96a13557 v 10 11111111111111111111111111111111 0000007c 00000078 00000074 00000070 0000006c 00000068 00000064 00000060 0000005c 00000058 00000054 00000050 0000004c 00000048 00000044 00000040 0000003c 00000038 00000034 00000030 0000002c 00000028 00000024 00000020 0000001c 00000018 00000014 00000010 0000000c 00000008 00000004 00000000 
sm   0 warp 1 0x80000280 0x0005217b lsu.r v  2 op 3 @ 9001067c 90010678 90010674 90010670 9001066c 90010668 90010664 90010660 9001065c 90010658 90010654 90010650 9001064c 90010648 90010644 90010640 9001063c 90010638 90010634 90010630 9001062c 90010628 90010624 90010620 9001061c 90010618 90010614 90010610 9001060c 90010608 90010604 90010600
sm   0 warp 1 0x80000284 0x90100337 x  6  90100000
[L1C] #   1558 SM 0 CACHE 1 ADDR 90010600
sm   0 warp 3 0x8000027c 0x02a34557 v 10 11111111111111111111111111111111 9001067c 90010678 90010674 90010670 9001066c 90010668 90010664 90010660 9001065c 90010658 90010654 90010650 9001064c 90010648 90010644 90010640 9001063c 90010638 90010634 90010630 9001062c 90010628 90010624 90010620 9001061c 90010618 90010614 90010610 9001060c 90010608 90010604 90010600 
sm   0 warp 2 0x80000280 0x0005217b lsu.r v  2 op 3 @ 9001067c 90010678 90010674 90010670 9001066c 90010668 90010664 90010660 9001065c 90010658 90010654 90010650 9001064c 90010648 90010644 90010640 9001063c 90010638 90010634 90010630 9001062c 90010628 90010624 90010620 9001061c 90010618 90010614 90010610 9001060c 90010608 90010604 90010600
sm   0 warp 0 0x80000288 0x60030313 x  6  90100600
sm   0 warp 2 0x80000284 0x90100337 x  6  90100000
sm   0 warp 1 0x80000288 0x60030313 x  6  90100600
sm   0 warp 0 0x8000028c 0x5208a557 v 10 11111111111111111111111111111111 0000001f 0000001e 0000001d 0000001c 0000001b 0000001a 00000019 00000018 00000017 00000016 00000015 00000014 00000013 00000012 00000011 00000010 0000000f 0000000e 0000000d 0000000c 0000000b 0000000a 00000009 00000008 00000007 00000006 00000005 00000004 00000003 00000002 00000001 00000000 
sm   0 warp 1 0x8000028c 0x5208a557 v 10 11111111111111111111111111111111 0000001f 0000001e 0000001d 0000001c 0000001b 0000001a 00000019 00000018 00000017 00000016 00000015 00000014 00000013 00000012 00000011 00000010 0000000f 0000000e 0000000d 0000000c 0000000b 0000000a 00000009 00000008 00000007 00000006 00000005 00000004 00000003 00000002 00000001 00000000 
sm   0 warp 2 0x80000288 0x60030313 x  6  90100600
sm   0 warp 0 0x80000290 0x96a13557 v 10 11111111111111111111111111111111 0000007c 00000078 00000074 00000070 0000006c 00000068 00000064 00000060 0000005c 00000058 00000054 00000050 0000004c 00000048 00000044 00000040 0000003c 00000038 00000034 00000030 0000002c 00000028 00000024 00000020 0000001c 00000018 00000014 00000010 0000000c 00000008 00000004 00000000 
sm   0 warp 2 0x8000028c 0x5208a557 v 10 11111111111111111111111111111111 0000001f 0000001e 0000001d 0000001c 0000001b 0000001a 00000019 00000018 00000017 00000016 00000015 00000014 00000013 00000012 00000011 00000010 0000000f 0000000e 0000000d 0000000c 0000000b 0000000a 00000009 00000008 00000007 00000006 00000005 00000004 00000003 00000002 00000001 00000000 
sm   0 warp 3 0x80000284 0x90100337 x  6  90100000
sm   0 warp 1 0x80000290 0x96a13557 v 10 11111111111111111111111111111111 0000007c 00000078 00000074 00000070 0000006c 00000068 00000064 00000060 0000005c 00000058 00000054 00000050 0000004c 00000048 00000044 00000040 0000003c 00000038 00000034 00000030 0000002c 00000028 00000024 00000020 0000001c 00000018 00000014 00000010 0000000c 00000008 00000004 00000000 
sm   0 warp 0 0x80000294 0x02a34557 v 10 11111111111111111111111111111111 9010067c 90100678 90100674 90100670 9010066c 90100668 90100664 90100660 9010065c 90100658 90100654 90100650 9010064c 90100648 90100644 90100640 9010063c 90100638 90100634 90100630 9010062c 90100628 90100624 90100620 9010061c 90100618 90100614 90100610 9010060c 90100608 90100604 90100600 
sm   0 warp 2 0x80000290 0x96a13557 v 10 11111111111111111111111111111111 0000007c 00000078 00000074 00000070 0000006c 00000068 00000064 00000060 0000005c 00000058 00000054 00000050 0000004c 00000048 00000044 00000040 0000003c 00000038 00000034 00000030 0000002c 00000028 00000024 00000020 0000001c 00000018 00000014 00000010 0000000c 00000008 00000004 00000000 
sm   0 warp 1 0x80000294 0x02a34557 v 10 11111111111111111111111111111111 9010067c 90100678 90100674 90100670 9010066c 90100668 90100664 90100660 9010065c 90100658 90100654 90100650 9010064c 90100648 90100644 90100640 9010063c 90100638 90100634 90100630 9010062c 90100628 90100624 90100620 9010061c 90100618 90100614 90100610 9010060c 90100608 90100604 90100600 
sm   0 warp 3 0x80000280 0x0005217b lsu.r v  2 op 3 @ 9001067c 90010678 90010674 90010670 9001066c 90010668 90010664 90010660 9001065c 90010658 90010654 90010650 9001064c 90010648 90010644 90010640 9001063c 90010638 90010634 90010630 9001062c 90010628 90010624 90010620 9001061c 90010618 90010614 90010610 9001060c 90010608 90010604 90010600
sm   0 warp 0 0x80000280 0x0005217b v  2 11111111111111111111111111111111 bf800000 c0000000 c0400000 40400000 40000000 3f800000 00000000 bf800000 40400000 40000000 3f800000 00000000 bf800000 c0000000 c0400000 40400000 00000000 bf800000 c0000000 c0400000 40400000 40000000 3f800000 00000000 c0400000 40400000 40000000 3f800000 00000000 bf800000 c0000000 c0400000 
sm   0 warp 1 0x80000280 0x0005217b v  2 11111111111111111111111111111111 bf800000 c0000000 c0400000 40400000 40000000 3f800000 00000000 bf800000 40400000 40000000 3f800000 00000000 bf800000 c0000000 c0400000 40400000 00000000 bf800000 c0000000 c0400000 40400000 40000000 3f800000 00000000 c0400000 40400000 40000000 3f800000 00000000 bf800000 c0000000 c0400000 
sm   0 warp 2 0x80000294 0x02a34557 v 10 11111111111111111111111111111111 9010067c 90100678 90100674 90100670 9010066c 90100668 90100664 90100660 9010065c 90100658 90100654 90100650 9010064c 90100648 90100644 90100640 9010063c 90100638 90100634 90100630 9010062c 90100628 90100624 90100620 9010061c 90100618 90100614 90100610 9010060c 90100608 90100604 90100600 
sm   0 warp 0 0x80000298 0x000521fb lsu.r v  3 op 3 @ 9010067c 90100678 90100674 90100670 9010066c 90100668 90100664 90100660 9010065c 90100658 90100654 90100650 9010064c 90100648 90100644 90100640 9010063c 90100638 90100634 90100630 9010062c 90100628 90100624 90100620 9010061c 90100618 90100614 90100610 9010060c 90100608 90100604 90100600
sm   0 warp 2 0x80000280 0x0005217b v  2 11111111111111111111111111111111 bf800000 c0000000 c0400000 40400000 40000000 3f800000 00000000 bf800000 40400000 40000000 3f800000 00000000 bf800000 c0000000 c0400000 40400000 00000000 bf800000 c0000000 c0400000 40400000 40000000 3f800000 00000000 c0400000 40400000 40000000 3f800000 00000000 bf800000 c0000000 c0400000 
sm   0 warp 3 0x80000288 0x60030313 x  6  90100600
sm   0 warp 1 0x80000298 0x000521fb lsu.r v  3 op 3 @ 9010067c 90100678 90100674 90100670 9010066c 90100668 90100664 90100660 9010065c 90100658 90100654 90100650 9010064c 90100648 90100644 90100640 9010063c 90100638 90100634 90100630 9010062c 90100628 90100624 90100620 9010061c 90100618 90100614 90100610 9010060c 90100608 90100604 90100600
[L1C] #   1585 SM 0 CACHE 1 ADDR 90100600
sm   0 warp 3 0x8000028c 0x5208a557 v 10 11111111111111111111111111111111 0000001f 0000001e 0000001d 0000001c 0000001b 0000001a 00000019 00000018 00000017 00000016 00000015 00000014 00000013 00000012 00000011 00000010 0000000f 0000000e 0000000d 0000000c 0000000b 0000000a 00000009 00000008 00000007 00000006 00000005 00000004 00000003 00000002 00000001 00000000 
sm   0 warp 3 0x80000280 0x0005217b v  2 11111111111111111111111111111111 bf800000 c0000000 c0400000 40400000 40000000 3f800000 00000000 bf800000 40400000 40000000 3f800000 00000000 bf800000 c0000000 c0400000 40400000 00000000 bf800000 c0000000 c0400000 40400000 40000000 3f800000 00000000 c0400000 40400000 40000000 3f800000 00000000 bf800000 c0000000 c0400000 
sm   0 warp 2 0x80000298 0x000521fb lsu.r v  3 op 3 @ 9010067c 90100678 90100674 90100670 9010066c 90100668 90100664 90100660 9010065c 90100658 90100654 90100650 9010064c 90100648 90100644 90100640 9010063c 90100638 90100634 90100630 9010062c 90100628 90100624 90100620 9010061c 90100618 90100614 90100610 9010060c 90100608 90100604 90100600
sm   0 warp 3 0x80000290 0x96a13557 v 10 11111111111111111111111111111111 0000007c 00000078 00000074 00000070 0000006c 00000068 00000064 00000060 0000005c 00000058 00000054 00000050 0000004c 00000048 00000044 00000040 0000003c 00000038 00000034 00000030 0000002c 00000028 00000024 00000020 0000001c 00000018 00000014 00000010 0000000c 00000008 00000004 00000000 
sm   0 warp 3 0x80000294 0x02a34557 v 10 11111111111111111111111111111111 9010067c 90100678 90100674 90100670 9010066c 90100668 90100664 90100660 9010065c 90100658 90100654 90100650 9010064c 90100648 90100644 90100640 9010063c 90100638 90100634 90100630 9010062c 90100628 90100624 90100620 9010061c 90100618 90100614 90100610 9010060c 90100608 90100604 90100600 
sm   0 warp 0 0x80000298 0x000521fb v  3 11111111111111111111111111111111 3f800000 00000000 bf800000 c0000000 40000000 3f800000 00000000 bf800000 bf800000 c0000000 40000000 3f800000 00000000 bf800000 c0000000 40000000 40000000 3f800000 00000000 bf800000 c0000000 40000000 3f800000 00000000 00000000 bf800000 c0000000 40000000 3f800000 00000000 bf800000 c0000000 
sm   0 warp 3 0x80000298 0x000521fb lsu.r v  3 op 3 @ 9010067c 90100678 90100674 90100670 9010066c 90100668 90100664 90100660 9010065c 90100658 90100654 90100650 9010064c 90100648 90100644 90100640 9010063c 90100638 90100634 90100630 9010062c 90100628 90100624 90100620 9010061c 90100618 90100614 90100610 9010060c 90100608 90100604 90100600
sm   0 warp 1 0x80000298 0x000521fb v  3 11111111111111111111111111111111 3f800000 00000000 bf800000 c0000000 40000000 3f800000 00000000 bf800000 bf800000 c0000000 40000000 3f800000 00000000 bf800000 c0000000 40000000 40000000 3f800000 00000000 bf800000 c0000000 40000000 3f800000 00000000 00000000 bf800000 c0000000 40000000 3f800000 00000000 bf800000 c0000000 
sm   0 warp 0 0x800002a0 0x90010337 x  6  90010000
sm   0 warp 2 0x80000298 0x000521fb v  3 11111111111111111111111111111111 3f800000 00000000 bf800000 c0000000 40000000 3f800000 00000000 bf800000 bf800000 c0000000 40000000 3f800000 00000000 bf800000 c0000000 40000000 40000000 3f800000 00000000 bf800000 c0000000 40000000 3f800000 00000000 00000000 bf800000 c0000000 40000000 3f800000 00000000 bf800000 c0000000 
sm   0 warp 3 0x80000298 0x000521fb v  3 11111111111111111111111111111111 3f800000 00000000 bf800000 c0000000 40000000 3f800000 00000000 bf800000 bf800000 c0000000 40000000 3f800000 00000000 bf800000 c0000000 40000000 40000000 3f800000 00000000 bf800000 c0000000 40000000 3f800000 00000000 00000000 bf800000 c0000000 40000000 3f800000 00000000 bf800000 c0000000 
sm   0 warp 1 0x800002a0 0x90010337 x  6  90010000
sm   0 warp 0 0x800002a4 0x68030313 x  6  90010680
sm   0 warp 2 0x800002a0 0x90010337 x  6  90010000
sm   0 warp 0 0x800002a8 0x5208a557 v 10 11111111111111111111111111111111 0000001f 0000001e 0000001d 0000001c 0000001b 0000001a 00000019 00000018 00000017 00000016 00000015 00000014 00000013 00000012 00000011 00000010 0000000f 0000000e 0000000d 0000000c 0000000b 0000000a 00000009 00000008 00000007 00000006 00000005 00000004 00000003 00000002 00000001 00000000 
sm   0 warp 0 0x8000029c 0x0e31408b v  1 11111111111111111111111111111111 00000000 00000000 00000000 00000000 00000000 00000000 00000000 00000000 00000000 00000000 00000000 00000000 00000000 00000000 00000000 00000000 41d00000 c1500000 c2ea0000 436a0000 c2820000 42ea0000 421c0000 c2d00000 43500000 c2ea0000 41500000 41500000 c2820000 41500000 c2d00000 421c0000 
sm   0 warp 1 0x800002a4 0x68030313 x  6  90010680
sm   0 warp 3 0x800002a0 0x90010337 x  6  90010000
sm   0 warp 2 0x800002a4 0x68030313 x  6  90010680
sm   0 warp 1 0x800002a8 0x5208a557 v 10 11111111111111111111111111111111 0000001f 0000001e 0000001d 0000001c 0000001b 0000001a 00000019 00000018 00000017 00000016 00000015 00000014 00000013 00000012 00000011 00000010 0000000f 0000000e 0000000d 0000000c 0000000b 0000000a 00000009 00000008 00000007 00000006 00000005 00000004 00000003 00000002 00000001 00000000 
sm   0 warp 0 0x800002ac 0x96a13557 v 10 11111111111111111111111111111111 0000007c 00000078 00000074 00000070 0000006c 00000068 00000064 00000060 0000005c 00000058 00000054 00000050 0000004c 00000048 00000044 00000040 0000003c 00000038 00000034 00000030 0000002c 00000028 00000024 00000020 0000001c 00000018 00000014 00000010 0000000c 00000008 00000004 00000000 
sm   0 warp 2 0x800002a8 0x5208a557 v 10 11111111111111111111111111111111 0000001f 0000001e 0000001d 0000001c 0000001b 0000001a 00000019 00000018 00000017 00000016 00000015 00000014 00000013 00000012 00000011 00000010 0000000f 0000000e 0000000d 0000000c 0000000b 0000000a 00000009 00000008 00000007 00000006 00000005 00000004 00000003 00000002 00000001 00000000 
sm   0 warp 1 0x8000029c 0x0e31408b v  1 11111111111111111111111111111111 00000000 00000000 00000000 00000000 00000000 00000000 00000000 00000000 00000000 00000000 00000000 00000000 00000000 00000000 00000000 00000000 41d00000 c1500000 c2ea0000 436a0000 c2820000 42ea0000 421c0000 c2d00000 43500000 c2ea0000 41500000 41500000 c2820000 41500000 c2d00000 421c0000 
sm   0 warp 3 0x800002a4 0x68030313 x  6  90010680
sm   0 warp 2 0x8000029c 0x0e31408b v  1 11111111111111111111111111111111 00000000 00000000 00000000 00000000 00000000 00000000 00000000 00000000 00000000 00000000 00000000 00000000 00000000 00000000 00000000 00000000 41d00000 c1500000 c2ea0000 436a0000 c2820000 42ea0000 421c0000 c2d00000 43500000 c2ea0000 41500000 41500000 c2820000 41500000 c2d00000 421c0000 
sm   0 warp 1 0x800002ac 0x96a13557 v 10 11111111111111111111111111111111 0000007c 00000078 00000074 00000070 0000006c 00000068 00000064 00000060 0000005c 00000058 00000054 00000050 0000004c 00000048 00000044 00000040 0000003c 00000038 00000034 00000030 0000002c 00000028 00000024 00000020 0000001c 00000018 00000014 00000010 0000000c 00000008 00000004 00000000 
sm   0 warp 0 0x800002b0 0x02a34557 v 10 11111111111111111111111111111111 900106fc 900106f8 900106f4 900106f0 900106ec 900106e8 900106e4 900106e0 900106dc 900106d8 900106d4 900106d0 900106cc 900106c8 900106c4 900106c0 900106bc 900106b8 900106b4 900106b0 900106ac 900106a8 900106a4 900106a0 9001069c 90010698 90010694 90010690 9001068c 90010688 90010684 90010680 
sm   0 warp 3 0x800002a8 0x5208a557 v 10 11111111111111111111111111111111 0000001f 0000001e 0000001d 0000001c 0000001b 0000001a 00000019 00000018 00000017 00000016 00000015 00000014 00000013 00000012 00000011 00000010 0000000f 0000000e 0000000d 0000000c 0000000b 0000000a 00000009 00000008 00000007 00000006 00000005 00000004 00000003 00000002 00000001 00000000 
sm   0 warp 2 0x800002ac 0x96a13557 v 10 11111111111111111111111111111111 0000007c 00000078 00000074 00000070 0000006c 00000068 00000064 00000060 0000005c 00000058 00000054 00000050 0000004c 00000048 00000044 00000040 0000003c 00000038 00000034 00000030 0000002c 00000028 00000024 00000020 0000001c 00000018 00000014 00000010 0000000c 00000008 00000004 00000000 
sm   0 warp 3 0x8000029c 0x0e31408b v  1 11111111111111111111111111111111 00000000 00000000 00000000 00000000 00000000 00000000 00000000 00000000 00000000 00000000 00000000 00000000 00000000 00000000 00000000 00000000 41d00000 c1500000 c2ea0000 436a0000 c2820000 42ea0000 421c0000 c2d00000 43500000 c2ea0000 41500000 41500000 c2820000 41500000 c2d00000 421c0000 
sm   0 warp 1 0x800002b0 0x02a34557 v 10 11111111111111111111111111111111 900106fc 900106f8 900106f4 900106f0 900106ec 900106e8 900106e4 900106e0 900106dc 900106d8 900106d4 900106d0 900106cc 900106c8 900106c4 900106c0 900106bc 900106b8 900106b4 900106b0 900106ac 900106a8 900106a4 900106a0 9001069c 90010698 90010694 90010690 9001068c 90010688 90010684 90010680 
sm   0 warp 3 0x800002ac 0x96a13557 v 10 11111111111111111111111111111111 0000007c 00000078 00000074 00000070 0000006c 00000068 00000064 00000060 0000005c 00000058 00000054 00000050 0000004c 00000048 00000044 00000040 0000003c 00000038 00000034 00000030 0000002c 00000028 00000024 00000020 0000001c 00000018 00000014 00000010 0000000c 00000008 00000004 00000000 
sm   0 warp 0 0x800002b4 0x0005217b lsu.r v  2 op 3 @ 900106fc 900106f8 900106f4 900106f0 900106ec 900106e8 900106e4 900106e0 900106dc 900106d8 900106d4 900106d0 900106cc 900106c8 900106c4 900106c0 900106bc 900106b8 900106b4 900106b0 900106ac 900106a8 900106a4 900106a0 9001069c 90010698 90010694 90010690 9001068c 90010688 90010684 90010680
sm   0 warp 0 0x800002b8 0x90100337 x  6  90100000
sm   0 warp 2 0x800002b0 0x02a34557 v 10 11111111111111111111111111111111 900106fc 900106f8 900106f4 900106f0 900106ec 900106e8 900106e4 900106e0 900106dc 900106d8 900106d4 900106d0 900106cc 900106c8 900106c4 900106c0 900106bc 900106b8 900106b4 900106b0 900106ac 900106a8 900106a4 900106a0 9001069c 90010698 90010694 90010690 9001068c 90010688 90010684 90010680 
sm   0 warp 1 0x800002b4 0x0005217b lsu.r v  2 op 3 @ 900106fc 900106f8 900106f4 900106f0 900106ec 900106e8 900106e4 900106e0 900106dc 900106d8 900106d4 900106d0 900106cc 900106c8 900106c4 900106c0 900106bc 900106b8 900106b4 900106b0 900106ac 900106a8 900106a4 900106a0 9001069c 90010698 90010694 90010690 9001068c 90010688 90010684 90010680
[L1C] #   1638 SM 0 CACHE 1 ADDR 90010680
sm   0 warp 1 0x800002b8 0x90100337 x  6  90100000
sm   0 warp 0 0x800002bc 0x68030313 x  6  90100680
sm   0 warp 2 0x800002b4 0x0005217b lsu.r v  2 op 3 @ 900106fc 900106f8 900106f4 900106f0 900106ec 900106e8 900106e4 900106e0 900106dc 900106d8 900106d4 900106d0 900106cc 900106c8 900106c4 900106c0 900106bc 900106b8 900106b4 900106b0 900106ac 900106a8 900106a4 900106a0 9001069c 90010698 90010694 90010690 9001068c 90010688 90010684 90010680
sm   0 warp 2 0x800002b8 0x90100337 x  6  90100000
sm   0 warp 3 0x800002b0 0x02a34557 v 10 11111111111111111111111111111111 900106fc 900106f8 900106f4 900106f0 900106ec 900106e8 900106e4 900106e0 900106dc 900106d8 900106d4 900106d0 900106cc 900106c8 900106c4 900106c0 900106bc 900106b8 900106b4 900106b0 900106ac 900106a8 900106a4 900106a0 9001069c 90010698 90010694 90010690 9001068c 90010688 90010684 90010680 
sm   0 warp 0 0x800002c0 0x5208a557 v 10 11111111111111111111111111111111 0000001f 0000001e 0000001d 0000001c 0000001b 0000001a 00000019 00000018 00000017 00000016 00000015 00000014 00000013 00000012 00000011 00000010 0000000f 0000000e 0000000d 0000000c 0000000b 0000000a 00000009 00000008 00000007 00000006 00000005 00000004 00000003 00000002 00000001 00000000 
sm   0 warp 1 0x800002bc 0x68030313 x  6  90100680
sm   0 warp 2 0x800002bc 0x68030313 x  6  90100680
sm   0 warp 1 0x800002c0 0x5208a557 v 10 11111111111111111111111111111111 0000001f 0000001e 0000001d 0000001c 0000001b 0000001a 00000019 00000018 00000017 00000016 00000015 00000014 00000013 00000012 00000011 00000010 0000000f 0000000e 0000000d 0000000c 0000000b 0000000a 00000009 00000008 00000007 00000006 00000005 00000004 00000003 00000002 00000001 00000000 
sm   0 warp 2 0x800002c0 0x5208a557 v 10 11111111111111111111111111111111 0000001f 0000001e 0000001d 0000001c 0000001b 0000001a 00000019 00000018 00000017 00000016 00000015 00000014 00000013 00000012 00000011 00000010 0000000f 0000000e 0000000d 0000000c 0000000b 0000000a 00000009 00000008 00000007 00000006 00000005 00000004 00000003 00000002 00000001 00000000 
sm   0 warp 0 0x800002c4 0x96a13557 v 10 11111111111111111111111111111111 0000007c 00000078 00000074 00000070 0000006c 00000068 00000064 00000060 0000005c 00000058 00000054 00000050 0000004c 00000048 00000044 00000040 0000003c 00000038 00000034 00000030 0000002c 00000028 00000024 00000020 0000001c 00000018 00000014 00000010 0000000c 00000008 00000004 00000000 
sm   0 warp 1 0x800002c4 0x96a13557 v 10 11111111111111111111111111111111 0000007c 00000078 00000074 00000070 0000006c 00000068 00000064 00000060 0000005c 00000058 00000054 00000050 0000004c 00000048 00000044 00000040 0000003c 00000038 00000034 00000030 0000002c 00000028 00000024 00000020 0000001c 00000018 00000014 00000010 0000000c 00000008 00000004 00000000 
sm   0 warp 2 0x800002c4 0x96a13557 v 10 11111111111111111111111111111111 0000007c 00000078 00000074 00000070 0000006c 00000068 00000064 00000060 0000005c 00000058 00000054 00000050 0000004c 00000048 00000044 00000040 0000003c 00000038 00000034 00000030 0000002c 00000028 00000024 00000020 0000001c 00000018 00000014 00000010 0000000c 00000008 00000004 00000000 
sm   0 warp 0 0x800002c8 0x02a34557 v 10 11111111111111111111111111111111 901006fc 901006f8 901006f4 901006f0 901006ec 901006e8 901006e4 901006e0 901006dc 901006d8 901006d4 901006d0 901006cc 901006c8 901006c4 901006c0 901006bc 901006b8 901006b4 901006b0 901006ac 901006a8 901006a4 901006a0 9010069c 90100698 90100694 90100690 9010068c 90100688 90100684 90100680 
sm   0 warp 1 0x800002c8 0x02a34557 v 10 11111111111111111111111111111111 901006fc 901006f8 901006f4 901006f0 901006ec 901006e8 901006e4 901006e0 901006dc 901006d8 901006d4 901006d0 901006cc 901006c8 901006c4 901006c0 901006bc 901006b8 901006b4 901006b0 901006ac 901006a8 901006a4 901006a0 9010069c 90100698 90100694 90100690 9010068c 90100688 90100684 90100680 
sm   0 warp 3 0x800002b4 0x0005217b lsu.r v  2 op 3 @ 900106fc 900106f8 900106f4 900106f0 900106ec 900106e8 900106e4 900106e0 900106dc 900106d8 900106d4 900106d0 900106cc 900106c8 900106c4 900106c0 900106bc 900106b8 900106b4 900106b0 900106ac 900106a8 900106a4 900106a0 9001069c 90010698 90010694 90010690 9001068c 90010688 90010684 90010680
sm   0 warp 2 0x800002c8 0x02a34557 v 10 11111111111111111111111111111111 901006fc 901006f8 901006f4 901006f0 901006ec 901006e8 901006e4 901006e0 901006dc 901006d8 901006d4 901006d0 901006cc 901006c8 901006c4 901006c0 901006bc 901006b8 901006b4 901006b0 901006ac 901006a8 901006a4 901006a0 9010069c 90100698 90100694 90100690 9010068c 90100688 90100684 90100680 
sm   0 warp 0 0x800002b4 0x0005217b v  2 11111111111111111111111111111111 bf800000 c0000000 c0400000 40400000 40000000 3f800000 00000000 bf800000 40400000 40000000 3f800000 00000000 bf800000 c0000000 c0400000 40400000 00000000 bf800000 c0000000 c0400000 40400000 40000000 3f800000 00000000 c0400000 40400000 40000000 3f800000 00000000 bf800000 c0000000 c0400000 
sm   0 warp 1 0x800002b4 0x0005217b v  2 11111111111111111111111111111111 bf800000 c0000000 c0400000 40400000 40000000 3f800000 00000000 bf800000 40400000 40000000 3f800000 00000000 bf800000 c0000000 c0400000 40400000 00000000 bf800000 c0000000 c0400000 40400000 40000000 3f800000 00000000 c0400000 40400000 40000000 3f800000 00000000 bf800000 c0000000 c0400000 
sm   0 warp 2 0x800002b4 0x0005217b v  2 11111111111111111111111111111111 bf800000 c0000000 c0400000 40400000 40000000 3f800000 00000000 bf800000 40400000 40000000 3f800000 00000000 bf800000 c0000000 c0400000 40400000 00000000 bf800000 c0000000 c0400000 40400000 40000000 3f800000 00000000 c0400000 40400000 40000000 3f800000 00000000 bf800000 c0000000 c0400000 
sm   0 warp 0 0x800002cc 0x000521fb lsu.r v  3 op 3 @ 901006fc 901006f8 901006f4 901006f0 901006ec 901006e8 901006e4 901006e0 901006dc 901006d8 901006d4 901006d0 901006cc 901006c8 901006c4 901006c0 901006bc 901006b8 901006b4 901006b0 901006ac 901006a8 901006a4 901006a0 9010069c 90100698 90100694 90100690 9010068c 90100688 90100684 90100680
sm   0 warp 3 0x800002b4 0x0005217b v  2 11111111111111111111111111111111 bf800000 c0000000 c0400000 40400000 40000000 3f800000 00000000 bf800000 40400000 40000000 3f800000 00000000 bf800000 c0000000 c0400000 40400000 00000000 bf800000 c0000000 c0400000 40400000 40000000 3f800000 00000000 c0400000 40400000 40000000 3f800000 00000000 bf800000 c0000000 c0400000 
sm   0 warp 1 0x800002cc 0x000521fb lsu.r v  3 op 3 @ 901006fc 901006f8 901006f4 901006f0 901006ec 901006e8 901006e4 901006e0 901006dc 901006d8 901006d4 901006d0 901006cc 901006c8 901006c4 901006c0 901006bc 901006b8 901006b4 901006b0 901006ac 901006a8 901006a4 901006a0 9010069c 90100698 90100694 90100690 9010068c 90100688 90100684 90100680
[L1C] #   1669 SM 0 CACHE 1 ADDR 90100680
sm   0 warp 3 0x800002b8 0x90100337 x  6  90100000
sm   0 warp 2 0x800002cc 0x000521fb lsu.r v  3 op 3 @ 901006fc 901006f8 901006f4 901006f0 901006ec 901006e8 901006e4 901006e0 901006dc 901006d8 901006d4 901006d0 901006cc 901006c8 901006c4 901006c0 901006bc 901006b8 901006b4 901006b0 901006ac 901006a8 901006a4 901006a0 9010069c 90100698 90100694 90100690 9010068c 90100688 90100684 90100680
sm   0 warp 3 0x800002bc 0x68030313 x  6  90100680
sm   0 warp 3 0x800002c0 0x5208a557 v 10 11111111111111111111111111111111 0000001f 0000001e 0000001d 0000001c 0000001b 0000001a 00000019 00000018 00000017 00000016 00000015 00000014 00000013 00000012 00000011 00000010 0000000f 0000000e 0000000d 0000000c 0000000b 0000000a 00000009 00000008 00000007 00000006 00000005 00000004 00000003 00000002 00000001 00000000 
sm   0 warp 3 0x800002c4 0x96a13557 v 10 11111111111111111111111111111111 0000007c 00000078 00000074 00000070 0000006c 00000068 00000064 00000060 0000005c 00000058 00000054 00000050 0000004c 00000048 00000044 00000040 0000003c 00000038 00000034 00000030 0000002c 00000028 00000024 00000020 0000001c 00000018 00000014 00000010 0000000c 00000008 00000004 00000000 
sm   0 warp 0 0x800002cc 0x000521fb v  3 11111111111111111111111111111111 3f800000 00000000 bf800000 c0000000 40000000 3f800000 00000000 bf800000 bf800000 c0000000 40000000 3f800000 00000000 bf800000 c0000000 40000000 40000000 3f800000 00000000 bf800000 c0000000 40000000 3f800000 00000000 00000000 bf800000 c0000000 40000000 3f800000 00000000 bf800000 c0000000 
sm   0 warp 3 0x800002c8 0x02a34557 v 10 11111111111111111111111111111111 901006fc 901006f8 901006f4 901006f0 901006ec 901006e8 901006e4 901006e0 901006dc 901006d8 901006d4 901006d0 901006cc 901006c8 901006c4 901006c0 901006bc 901006b8 901006b4 901006b0 901006ac 901006a8 901006a4 901006a0 9010069c 90100698 90100694 90100690 9010068c 90100688 90100684 90100680 
sm   0 warp 1 0x800002cc 0x000521fb v  3 11111111111111111111111111111111 3f800000 00000000 bf800000 c0000000 40000000 3f800000 00000000 bf800000 bf800000 c0000000 40000000 3f800000 00000000 bf800000 c0000000 40000000 40000000 3f800000 00000000 bf800000 c0000000 40000000 3f800000 00000000 00000000 bf800000 c0000000 40000000 3f800000 00000000 bf800000 c0000000 
sm   0 warp 2 0x800002cc 0x000521fb v  3 11111111111111111111111111111111 3f800000 00000000 bf800000 c0000000 40000000 3f800000 00000000 bf800000 bf800000 c0000000 40000000 3f800000 00000000 bf800000 c0000000 40000000 40000000 3f800000 00000000 bf800000 c0000000 40000000 3f800000 00000000 00000000 bf800000 c0000000 40000000 3f800000 00000000 bf800000 c0000000 
sm   0 warp 0 0x800002d4 0x90010337 x  6  90010000
sm   0 warp 3 0x800002cc 0x000521fb lsu.r v  3 op 3 @ 901006fc 901006f8 901006f4 901006f0 901006ec 901006e8 901006e4 901006e0 901006dc 901006d8 901006d4 901006d0 901006cc 901006c8 901006c4 901006c0 901006bc 901006b8 901006b4 901006b0 901006ac 901006a8 901006a4 901006a0 9010069c 90100698 90100694 90100690 9010068c 90100688 90100684 90100680
sm   0 warp 1 0x800002d4 0x90010337 x  6  90010000
sm   0 warp 0 0x800002d8 0x70030313 x  6  90010700
sm   0 warp 3 0x800002cc 0x000521fb v  3 11111111111111111111111111111111 3f800000 00000000 bf800000 c0000000 40000000 3f800000 00000000 bf800000 bf800000 c0000000 40000000 3f800000 00000000 bf800000 c0000000 40000000 40000000 3f800000 00000000 bf800000 c0000000 40000000 3f800000 00000000 00000000 bf800000 c0000000 40000000 3f800000 00000000 bf800000 c0000000 
sm   0 warp 2 0x800002d4 0x90010337 x  6  90010000
sm   0 warp 1 0x800002d8 0x70030313 x  6  90010700
sm   0 warp 0 0x800002dc 0x5208a557 v 10 11111111111111111111111111111111 0000001f 0000001e 0000001d 0000001c 0000001b 0000001a 00000019 00000018 00000017 00000016 00000015 00000014 00000013 00000012 00000011 00000010 0000000f 0000000e 0000000d 0000000c 0000000b 0000000a 00000009 00000008 00000007 00000006 00000005 00000004 00000003 00000002 00000001 00000000 
sm   0 warp 0 0x800002d0 0x0e31408b v  1 11111111111111111111111111111111 00000000 00000000 00000000 00000000 00000000 00000000 00000000 00000000 00000000 00000000 00000000 00000000 00000000 00000000 00000000 00000000 41e00000 c1600000 c2fc0000 437c0000 c28c0000 42fc0000 42280000 c2e00000 43600000 c2fc0000 41600000 41600000 c28c0000 41600000 c2e00000 42280000 
sm   0 warp 1 0x800002dc 0x5208a557 v 10 11111111111111111111111111111111 0000001f 0000001e 0000001d 0000001c 0000001b 0000001a 00000019 00000018 00000017 00000016 00000015 00000014 00000013 00000012 00000011 00000010 0000000f 0000000e 0000000d 0000000c 0000000b 0000000a 00000009 00000008 00000007 00000006 00000005 00000004 00000003 00000002 00000001 00000000 
[L1C] #   1705 SM 0 CACHE 0 ADDR 80000300
sm   0 warp 2 0x800002d8 0x70030313 x  6  90010700
sm   0 warp 1 0x800002d0 0x0e31408b v  1 11111111111111111111111111111111 00000000 00000000 00000000 00000000 00000000 00000000 00000000 00000000 00000000 00000000 00000000 00000000 00000000 00000000 00000000 00000000 41e00000 c1600000 c2fc0000 437c0000 c28c0000 42fc0000 42280000 c2e00000 43600000 c2fc0000 41600000 41600000 c28c0000 41600000 c2e00000 42280000 
sm   0 warp 3 0x800002d4 0x90010337 x  6  90010000
sm   0 warp 0 0x800002e0 0x96a13557 v 10 11111111111111111111111111111111 0000007c 00000078 00000074 00000070 0000006c 00000068 00000064 00000060 0000005c 00000058 00000054 00000050 0000004c 00000048 00000044 00000040 0000003c 00000038 00000034 00000030 0000002c 00000028 00000024 00000020 0000001c 00000018 00000014 00000010 0000000c 00000008 00000004 00000000 
sm   0 warp 2 0x800002dc 0x5208a557 v 10 11111111111111111111111111111111 0000001f 0000001e 0000001d 0000001c 0000001b 0000001a 00000019 00000018 00000017 00000016 00000015 00000014 00000013 00000012 00000011 00000010 0000000f 0000000e 0000000d 0000000c 0000000b 0000000a 00000009 00000008 00000007 00000006 00000005 00000004 00000003 00000002 00000001 00000000 
sm   0 warp 1 0x800002e0 0x96a13557 v 10 11111111111111111111111111111111 0000007c 00000078 00000074 00000070 0000006c 00000068 00000064 00000060 0000005c 00000058 00000054 00000050 0000004c 00000048 00000044 00000040 0000003c 00000038 00000034 00000030 0000002c 00000028 00000024 00000020 0000001c 00000018 00000014 00000010 0000000c 00000008 00000004 00000000 
sm   0 warp 2 0x800002d0 0x0e31408b v  1 11111111111111111111111111111111 00000000 00000000 00000000 00000000 00000000 00000000 00000000 00000000 00000000 00000000 00000000 00000000 00000000 00000000 00000000 00000000 41e00000 c1600000 c2fc0000 437c0000 c28c0000 42fc0000 42280000 c2e00000 43600000 c2fc0000 41600000 41600000 c28c0000 41600000 c2e00000 42280000 
sm   0 warp 3 0x800002d8 0x70030313 x  6  90010700
sm   0 warp 0 0x800002e4 0x02a34557 v 10 11111111111111111111111111111111 9001077c 90010778 90010774 90010770 9001076c 90010768 90010764 90010760 9001075c 90010758 90010754 90010750 9001074c 90010748 90010744 90010740 9001073c 90010738 90010734 90010730 9001072c 90010728 90010724 90010720 9001071c 90010718 90010714 90010710 9001070c 90010708 90010704 90010700 
sm   0 warp 2 0x800002e0 0x96a13557 v 10 11111111111111111111111111111111 0000007c 00000078 00000074 00000070 0000006c 00000068 00000064 00000060 0000005c 00000058 00000054 00000050 0000004c 00000048 00000044 00000040 0000003c 00000038 00000034 00000030 0000002c 00000028 00000024 00000020 0000001c 00000018 00000014 00000010 0000000c 00000008 00000004 00000000 
sm   0 warp 3 0x800002dc 0x5208a557 v 10 11111111111111111111111111111111 0000001f 0000001e 0000001d 0000001c 0000001b 0000001a 00000019 00000018 00000017 00000016 00000015 00000014 00000013 00000012 00000011 00000010 0000000f 0000000e 0000000d 0000000c 0000000b 0000000a 00000009 00000008 00000007 00000006 00000005 00000004 00000003 00000002 00000001 00000000 
sm   0 warp 1 0x800002e4 0x02a34557 v 10 11111111111111111111111111111111 9001077c 90010778 90010774 90010770 9001076c 90010768 90010764 90010760 9001075c 90010758 90010754 90010750 9001074c 90010748 90010744 90010740 9001073c 90010738 90010734 90010730 9001072c 90010728 90010724 90010720 9001071c 90010718 90010714 90010710 9001070c 90010708 90010704 90010700 
sm   0 warp 3 0x800002d0 0x0e31408b v  1 11111111111111111111111111111111 00000000 00000000 00000000 00000000 00000000 00000000 00000000 00000000 00000000 00000000 00000000 00000000 00000000 00000000 00000000 00000000 41e00000 c1600000 c2fc0000 437c0000 c28c0000 42fc0000 42280000 c2e00000 43600000 c2fc0000 41600000 41600000 c28c0000 41600000 c2e00000 42280000 
sm   0 warp 2 0x800002e4 0x02a34557 v 10 11111111111111111111111111111111 9001077c 90010778 90010774 90010770 9001076c 90010768 90010764 90010760 9001075c 90010758 90010754 90010750 9001074c 90010748 90010744 90010740 9001073c 90010738 90010734 90010730 9001072c 90010728 90010724 90010720 9001071c 90010718 90010714 90010710 9001070c 90010708 90010704 90010700 
sm   0 warp 0 0x800002e8 0x0005217b lsu.r v  2 op 3 @ 9001077c 90010778 90010774 90010770 9001076c 90010768 90010764 90010760 9001075c 90010758 90010754 90010750 9001074c 90010748 90010744 90010740 9001073c 90010738 90010734 90010730 9001072c 90010728 90010724 90010720 9001071c 90010718 90010714 90010710 9001070c 90010708 90010704 90010700
sm   0 warp 0 0x800002ec 0x90100337 x  6  90100000
sm   0 warp 3 0x800002e0 0x96a13557 v 10 11111111111111111111111111111111 0000007c 00000078 00000074 00000070 0000006c 00000068 00000064 00000060 0000005c 00000058 00000054 00000050 0000004c 00000048 00000044 00000040 0000003c 00000038 00000034 00000030 0000002c 00000028 00000024 00000020 0000001c 00000018 00000014 00000010 0000000c 00000008 00000004 00000000 
sm   0 warp 1 0x800002e8 0x0005217b lsu.r v  2 op 3 @ 9001077c 90010778 90010774 90010770 9001076c 90010768 90010764 90010760 9001075c 90010758 90010754 90010750 9001074c 90010748 90010744 90010740 9001073c 90010738 90010734 90010730 9001072c 90010728 90010724 90010720 9001071c 90010718 90010714 90010710 9001070c 90010708 90010704 90010700
sm   0 warp 1 0x800002ec 0x90100337 x  6  90100000
[L1C] #   1722 SM 0 CACHE 1 ADDR 90010700
sm   0 warp 3 0x800002e4 0x02a34557 v 10 11111111111111111111111111111111 9001077c 90010778 90010774 90010770 9001076c 90010768 90010764 90010760 9001075c 90010758 90010754 90010750 9001074c 90010748 90010744 90010740 9001073c 90010738 90010734 90010730 9001072c 90010728 90010724 90010720 9001071c 90010718 90010714 90010710 9001070c 90010708 90010704 90010700 
sm   0 warp 2 0x800002e8 0x0005217b lsu.r v  2 op 3 @ 9001077c 90010778 90010774 90010770 9001076c 90010768 90010764 90010760 9001075c 90010758 90010754 90010750 9001074c 90010748 90010744 90010740 9001073c 90010738 90010734 90010730 9001072c 90010728 90010724 90010720 9001071c 90010718 90010714 90010710 9001070c 90010708 90010704 90010700
sm   0 warp 0 0x800002f0 0x70030313 x  6  90100700
sm   0 warp 2 0x800002ec 0x90100337 x  6  90100000
sm   0 warp 1 0x800002f0 0x70030313 x  6  90100700
sm   0 warp 0 0x800002f4 0x5208a557 v 10 11111111111111111111111111111111 0000001f 0000001e 0000001d 0000001c 0000001b 0000001a 00000019 00000018 00000017 00000016 00000015 00000014 00000013 00000012 00000011 00000010 0000000f 0000000e 0000000d 0000000c 0000000b 0000000a 00000009 00000008 00000007 00000006 00000005 00000004 00000003 00000002 00000001 00000000 
sm   0 warp 1 0x800002f4 0x5208a557 v 10 11111111111111111111111111111111 0000001f 0000001e 0000001d 0000001c 0000001b 0000001a 00000019 00000018 00000017 00000016 00000015 00000014 00000013 00000012 00000011 00000010 0000000f 0000000e 0000000d 0000000c 0000000b 0000000a 00000009 00000008 00000007 00000006 00000005 00000004 00000003 00000002 00000001 00000000 
sm   0 warp 2 0x800002f0 0x70030313 x  6  90100700
sm   0 warp 0 0x800002f8 0x96a13557 v 10 11111111111111111111111111111111 0000007c 00000078 00000074 00000070 0000006c 00000068 00000064 00000060 0000005c 00000058 00000054 00000050 0000004c 00000048 00000044 00000040 0000003c 00000038 00000034 00000030 0000002c 00000028 00000024 00000020 0000001c 00000018 00000014 00000010 0000000c 00000008 00000004 00000000 
sm   0 warp 2 0x800002f4 0x5208a557 v 10 11111111111111111111111111111111 0000001f 0000001e 0000001d 0000001c 0000001b 0000001a 00000019 00000018 00000017 00000016 00000015 00000014 00000013 00000012 00000011 00000010 0000000f 0000000e 0000000d 0000000c 0000000b 0000000a 00000009 00000008 00000007 00000006 00000005 00000004 00000003 00000002 00000001 00000000 
sm   0 warp 1 0x800002f8 0x96a13557 v 10 11111111111111111111111111111111 0000007c 00000078 00000074 00000070 0000006c 00000068 00000064 00000060 0000005c 00000058 00000054 00000050 0000004c 00000048 00000044 00000040 0000003c 00000038 00000034 00000030 0000002c 00000028 00000024 00000020 0000001c 00000018 00000014 00000010 0000000c 00000008 00000004 00000000 
sm   0 warp 0 0x800002fc 0x02a34557 v 10 11111111111111111111111111111111 9010077c 90100778 90100774 90100770 9010076c 90100768 90100764 90100760 9010075c 90100758 90100754 90100750 9010074c 90100748 90100744 90100740 9010073c 90100738 90100734 90100730 9010072c 90100728 90100724 90100720 9010071c 90100718 90100714 90100710 9010070c 90100708 90100704 90100700 
sm   0 warp 2 0x800002f8 0x96a13557 v 10 11111111111111111111111111111111 0000007c 00000078 00000074 00000070 0000006c 00000068 00000064 00000060 0000005c 00000058 00000054 00000050 0000004c 00000048 00000044 00000040 0000003c 00000038 00000034 00000030 0000002c 00000028 00000024 00000020 0000001c 00000018 00000014 00000010 0000000c 00000008 00000004 00000000 
sm   0 warp 1 0x800002fc 0x02a34557 v 10 11111111111111111111111111111111 9010077c 90100778 90100774 90100770 9010076c 90100768 90100764 90100760 9010075c 90100758 90100754 90100750 9010074c 90100748 90100744 90100740 9010073c 90100738 90100734 90100730 9010072c 90100728 90100724 90100720 9010071c 90100718 90100714 90100710 9010070c 90100708 90100704 90100700 
sm   0 warp 0 0x800002e8 0x0005217b v  2 11111111111111111111111111111111 bf800000 c0000000 c0400000 40400000 40000000 3f800000 00000000 bf800000 40400000 40000000 3f800000 00000000 bf800000 c0000000 c0400000 40400000 00000000 bf800000 c0000000 c0400000 40400000 40000000 3f800000 00000000 c0400000 40400000 40000000 3f800000 00000000 bf800000 c0000000 c0400000 
sm   0 warp 1 0x800002e8 0x0005217b v  2 11111111111111111111111111111111 bf800000 c0000000 c0400000 40400000 40000000 3f800000 00000000 bf800000 40400000 40000000 3f800000 00000000 bf800000 c0000000 c0400000 40400000 00000000 bf800000 c0000000 c0400000 40400000 40000000 3f800000 00000000 c0400000 40400000 40000000 3f800000 00000000 bf800000 c0000000 c0400000 
sm   0 warp 2 0x800002fc 0x02a34557 v 10 11111111111111111111111111111111 9010077c 90100778 90100774 90100770 9010076c 90100768 90100764 90100760 9010075c 90100758 90100754 90100750 9010074c 90100748 90100744 90100740 9010073c 90100738 90100734 90100730 9010072c 90100728 90100724 90100720 9010071c 90100718 90100714 90100710 9010070c 90100708 90100704 90100700 
sm   0 warp 0 0x80000300 0x000521fb lsu.r v  3 op 3 @ 9010077c 90100778 90100774 90100770 9010076c 90100768 90100764 90100760 9010075c 90100758 90100754 90100750 9010074c 90100748 90100744 90100740 9010073c 90100738 90100734 90100730 9010072c 90100728 90100724 90100720 9010071c 90100718 90100714 90100710 9010070c 90100708 90100704 90100700
sm   0 warp 2 0x800002e8 0x0005217b v  2 11111111111111111111111111111111 bf800000 c0000000 c0400000 40400000 40000000 3f800000 00000000 bf800000 40400000 40000000 3f800000 00000000 bf800000 c0000000 c0400000 40400000 00000000 bf800000 c0000000 c0400000 40400000 40000000 3f800000 00000000 c0400000 40400000 40000000 3f800000 00000000 bf800000 c0000000 c0400000 
sm   0 warp 1 0x80000300 0x000521fb lsu.r v  3 op 3 @ 9010077c 90100778 90100774 90100770 9010076c 90100768 90100764 90100760 9010075c 90100758 90100754 90100750 9010074c 90100748 90100744 90100740 9010073c 90100738 90100734 90100730 9010072c 90100728 90100724 90100720 9010071c 90100718 90100714 90100710 9010070c 90100708 90100704 90100700
[L1C] #   1748 SM 0 CACHE 1 ADDR 90100700
sm   0 warp 2 0x80000300 0x000521fb lsu.r v  3 op 3 @ 9010077c 90100778 90100774 90100770 9010076c 90100768 90100764 90100760 9010075c 90100758 90100754 90100750 9010074c 90100748 90100744 90100740 9010073c 90100738 90100734 90100730 9010072c 90100728 90100724 90100720 9010071c 90100718 90100714 90100710 9010070c 90100708 90100704 90100700
sm   0 warp 3 0x800002ec 0x90100337 x  6  90100000
sm   0 warp 3 0x800002f0 0x70030313 x  6  90100700
sm   0 warp 3 0x800002f4 0x5208a557 v 10 11111111111111111111111111111111 0000001f 0000001e 0000001d 0000001c 0000001b 0000001a 00000019 00000018 00000017 00000016 00000015 00000014 00000013 00000012 00000011 00000010 0000000f 0000000e 0000000d 0000000c 0000000b 0000000a 00000009 00000008 00000007 00000006 00000005 00000004 00000003 00000002 00000001 00000000 
sm   0 warp 3 0x800002f8 0x96a13557 v 10 11111111111111111111111111111111 0000007c 00000078 00000074 00000070 0000006c 00000068 00000064 00000060 0000005c 00000058 00000054 00000050 0000004c 00000048 00000044 00000040 0000003c 00000038 00000034 00000030 0000002c 00000028 00000024 00000020 0000001c 00000018 00000014 00000010 0000000c 00000008 00000004 00000000 
sm   0 warp 0 0x80000300 0x000521fb v  3 11111111111111111111111111111111 3f800000 00000000 bf800000 c0000000 40000000 3f800000 00000000 bf800000 bf800000 c0000000 40000000 3f800000 00000000 bf800000 c0000000 40000000 40000000 3f800000 00000000 bf800000 c0000000 40000000 3f800000 00000000 00000000 bf800000 c0000000 40000000 3f800000 00000000 bf800000 c0000000 
sm   0 warp 1 0x80000300 0x000521fb v  3 11111111111111111111111111111111 3f800000 00000000 bf800000 c0000000 40000000 3f800000 00000000 bf800000 bf800000 c0000000 40000000 3f800000 00000000 bf800000 c0000000 40000000 40000000 3f800000 00000000 bf800000 c0000000 40000000 3f800000 00000000 00000000 bf800000 c0000000 40000000 3f800000 00000000 bf800000 c0000000 
sm   0 warp 3 0x800002fc 0x02a34557 v 10 11111111111111111111111111111111 9010077c 90100778 90100774 90100770 9010076c 90100768 90100764 90100760 9010075c 90100758 90100754 90100750 9010074c 90100748 90100744 90100740 9010073c 90100738 90100734 90100730 9010072c 90100728 90100724 90100720 9010071c 90100718 90100714 90100710 9010070c 90100708 90100704 90100700 
sm   0 warp 3 0x800002e8 0x0005217b lsu.r v  2 op 3 @ 9001077c 90010778 90010774 90010770 9001076c 90010768 90010764 90010760 9001075c 90010758 90010754 90010750 9001074c 90010748 90010744 90010740 9001073c 90010738 90010734 90010730 9001072c 90010728 90010724 90010720 9001071c 90010718 90010714 90010710 9001070c 90010708 90010704 90010700
sm   0 warp 2 0x80000300 0x000521fb v  3 11111111111111111111111111111111 3f800000 00000000 bf800000 c0000000 40000000 3f800000 00000000 bf800000 bf800000 c0000000 40000000 3f800000 00000000 bf800000 c0000000 40000000 40000000 3f800000 00000000 bf800000 c0000000 40000000 3f800000 00000000 00000000 bf800000 c0000000 40000000 3f800000 00000000 bf800000 c0000000 
sm   0 warp 0 0x80000308 0x90010337 x  6  90010000
sm   0 warp 1 0x80000308 0x90010337 x  6  90010000
sm   0 warp 3 0x800002e8 0x0005217b v  2 11111111111111111111111111111111 bf800000 c0000000 c0400000 40400000 40000000 3f800000 00000000 bf800000 40400000 40000000 3f800000 00000000 bf800000 c0000000 c0400000 40400000 00000000 bf800000 c0000000 c0400000 40400000 40000000 3f800000 00000000 c0400000 40400000 40000000 3f800000 00000000 bf800000 c0000000 c0400000 
sm   0 warp 3 0x80000300 0x000521fb lsu.r v  3 op 3 @ 9010077c 90100778 90100774 90100770 9010076c 90100768 90100764 90100760 9010075c 90100758 90100754 90100750 9010074c 90100748 90100744 90100740 9010073c 90100738 90100734 90100730 9010072c 90100728 90100724 90100720 9010071c 90100718 90100714 90100710 9010070c 90100708 90100704 90100700
sm   0 warp 2 0x80000308 0x90010337 x  6  90010000
sm   0 warp 0 0x8000030c 0x78030313 x  6  90010780
sm   0 warp 1 0x8000030c 0x78030313 x  6  90010780
sm   0 warp 0 0x80000310 0x5208a557 v 10 11111111111111111111111111111111 0000001f 0000001e 0000001d 0000001c 0000001b 0000001a 00000019 00000018 00000017 00000016 00000015 00000014 00000013 00000012 00000011 00000010 0000000f 0000000e 0000000d 0000000c 0000000b 0000000a 00000009 00000008 00000007 00000006 00000005 00000004 00000003 00000002 00000001 00000000 
sm   0 warp 1 0x80000310 0x5208a557 v 10 11111111111111111111111111111111 0000001f 0000001e 0000001d 0000001c 0000001b 0000001a 00000019 00000018 00000017 00000016 00000015 00000014 00000013 00000012 00000011 00000010 0000000f 0000000e 0000000d 0000000c 0000000b 0000000a 00000009 00000008 00000007 00000006 00000005 00000004 00000003 00000002 00000001 00000000 
sm   0 warp 2 0x8000030c 0x78030313 x  6  90010780
sm   0 warp 0 0x80000304 0x0e31408b v  1 11111111111111111111111111111111 00000000 00000000 00000000 00000000 00000000 00000000 00000000 00000000 00000000 00000000 00000000 00000000 00000000 00000000 00000000 00000000 41f00000 c1700000 c3070000 43870000 c2960000 43070000 42340000 c2f00000 43700000 c3070000 41700000 41700000 c2960000 41700000 c2f00000 42340000 
sm   0 warp 3 0x80000300 0x000521fb v  3 11111111111111111111111111111111 3f800000 00000000 bf800000 c0000000 40000000 3f800000 00000000 bf800000 bf800000 c0000000 40000000 3f800000 00000000 bf800000 c0000000 40000000 40000000 3f800000 00000000 bf800000 c0000000 40000000 3f800000 00000000 00000000 bf800000 c0000000 40000000 3f800000 00000000 bf800000 c0000000 
sm   0 warp 1 0x80000304 0x0e31408b v  1 11111111111111111111111111111111 00000000 00000000 00000000 00000000 00000000 00000000 00000000 00000000 00000000 00000000 00000000 00000000 00000000 00000000 00000000 00000000 41f00000 c1700000 c3070000 43870000 c2960000 43070000 42340000 c2f00000 43700000 c3070000 41700000 41700000 c2960000 41700000 c2f00000 42340000 
sm   0 warp 0 0x80000314 0x96a13557 v 10 11111111111111111111111111111111 0000007c 00000078 00000074 00000070 0000006c 00000068 00000064 00000060 0000005c 00000058 00000054 00000050 0000004c 00000048 00000044 00000040 0000003c 00000038 00000034 00000030 0000002c 00000028 00000024 00000020 0000001c 00000018 00000014 00000010 0000000c 00000008 00000004 00000000 
sm   0 warp 1 0x80000314 0x96a13557 v 10 11111111111111111111111111111111 0000007c 00000078 00000074 00000070 0000006c 00000068 00000064 00000060 0000005c 00000058 00000054 00000050 0000004c 00000048 00000044 00000040 0000003c 00000038 00000034 00000030 0000002c 00000028 00000024 00000020 0000001c 00000018 00000014 00000010 0000000c 00000008 00000004 00000000 
sm   0 warp 2 0x80000310 0x5208a557 v 10 11111111111111111111111111111111 0000001f 0000001e 0000001d 0000001c 0000001b 0000001a 00000019 00000018 00000017 00000016 00000015 00000014 00000013 00000012 00000011 00000010 0000000f 0000000e 0000000d 0000000c 0000000b 0000000a 00000009 00000008 00000007 00000006 00000005 00000004 00000003 00000002 00000001 00000000 
sm   0 warp 2 0x80000304 0x0e31408b v  1 11111111111111111111111111111111 00000000 00000000 00000000 00000000 00000000 00000000 00000000 00000000 00000000 00000000 00000000 00000000 00000000 00000000 00000000 00000000 41f00000 c1700000 c3070000 43870000 c2960000 43070000 42340000 c2f00000 43700000 c3070000 41700000 41700000 c2960000 41700000 c2f00000 42340000 
sm   0 warp 3 0x80000308 0x90010337 x  6  90010000
sm   0 warp 0 0x80000318 0x02a34557 v 10 11111111111111111111111111111111 900107fc 900107f8 900107f4 900107f0 900107ec 900107e8 900107e4 900107e0 900107dc 900107d8 900107d4 900107d0 900107cc 900107c8 900107c4 900107c0 900107bc 900107b8 900107b4 900107b0 900107ac 900107a8 900107a4 900107a0 9001079c 90010798 90010794 90010790 9001078c 90010788 90010784 90010780 
sm   0 warp 1 0x80000318 0x02a34557 v 10 11111111111111111111111111111111 900107fc 900107f8 900107f4 900107f0 900107ec 900107e8 900107e4 900107e0 900107dc 900107d8 900107d4 900107d0 900107cc 900107c8 900107c4 900107c0 900107bc 900107b8 900107b4 900107b0 900107ac 900107a8 900107a4 900107a0 9001079c 90010798 90010794 90010790 9001078c 90010788 90010784 90010780 
sm   0 warp 2 0x80000314 0x96a13557 v 10 11111111111111111111111111111111 0000007c 00000078 00000074 00000070 0000006c 00000068 00000064 00000060 0000005c 00000058 00000054 00000050 0000004c 00000048 00000044 00000040 0000003c 00000038 00000034 00000030 0000002c 00000028 00000024 00000020 0000001c 00000018 00000014 00000010 0000000c 00000008 00000004 00000000 
sm   0 warp 3 0x8000030c 0x78030313 x  6  90010780
sm   0 warp 0 0x8000031c 0x0005217b lsu.r v  2 op 3 @ 900107fc 900107f8 900107f4 900107f0 900107ec 900107e8 900107e4 900107e0 900107dc 900107d8 900107d4 900107d0 900107cc 900107c8 900107c4 900107c0 900107bc 900107b8 900107b4 900107b0 900107ac 900107a8 900107a4 900107a0 9001079c 90010798 90010794 90010790 9001078c 90010788 90010784 90010780
sm   0 warp 0 0x80000320 0x90100337 x  6  90100000
sm   0 warp 2 0x80000318 0x02a34557 v 10 11111111111111111111111111111111 900107fc 900107f8 900107f4 900107f0 900107ec 900107e8 900107e4 900107e0 900107dc 900107d8 900107d4 900107d0 900107cc 900107c8 900107c4 900107c0 900107bc 900107b8 900107b4 900107b0 900107ac 900107a8 900107a4 900107a0 9001079c 90010798 90010794 90010790 9001078c 90010788 90010784 90010780 
sm   0 warp 1 0x80000320 0x90100337 x  6  90100000
sm   0 warp 3 0x80000310 0x5208a557 v 10 11111111111111111111111111111111 0000001f 0000001e 0000001d 0000001c 0000001b 0000001a 00000019 00000018 00000017 00000016 00000015 00000014 00000013 00000012 00000011 00000010 0000000f 0000000e 0000000d 0000000c 0000000b 0000000a 00000009 00000008 00000007 00000006 00000005 00000004 00000003 00000002 00000001 00000000 
sm   0 warp 3 0x80000304 0x0e31408b v  1 11111111111111111111111111111111 00000000 00000000 00000000 00000000 00000000 00000000 00000000 00000000 00000000 00000000 00000000 00000000 00000000 00000000 00000000 00000000 41f00000 c1700000 c3070000 43870000 c2960000 43070000 42340000 c2f00000 43700000 c3070000 41700000 41700000 c2960000 41700000 c2f00000 42340000 
sm   0 warp 1 0x8000031c 0x0005217b lsu.r v  2 op 3 @ 900107fc 900107f8 900107f4 900107f0 900107ec 900107e8 900107e4 900107e0 900107dc 900107d8 900107d4 900107d0 900107cc 900107c8 900107c4 900107c0 900107bc 900107b8 900107b4 900107b0 900107ac 900107a8 900107a4 900107a0 9001079c 90010798 90010794 90010790 9001078c 90010788 90010784 90010780
[L1C] #   1802 SM 0 CACHE 1 ADDR 90010780
sm   0 warp 0 0x80000324 0x78030313 x  6  90100780
sm   0 warp 1 0x80000324 0x78030313 x  6  90100780
sm   0 warp 2 0x8000031c 0x0005217b lsu.r v  2 op 3 @ 900107fc 900107f8 900107f4 900107f0 900107ec 900107e8 900107e4 900107e0 900107dc 900107d8 900107d4 900107d0 900107cc 900107c8 900107c4 900107c0 900107bc 900107b8 900107b4 900107b0 900107ac 900107a8 900107a4 900107a0 9001079c 90010798 90010794 90010790 9001078c 90010788 90010784 90010780
sm   0 warp 3 0x80000314 0x96a13557 v 10 11111111111111111111111111111111 0000007c 00000078 00000074 00000070 0000006c 00000068 00000064 00000060 0000005c 00000058 00000054 00000050 0000004c 00000048 00000044 00000040 0000003c 00000038 00000034 00000030 0000002c 00000028 00000024 00000020 0000001c 00000018 00000014 00000010 0000000c 00000008 00000004 00000000 
sm   0 warp 2 0x80000320 0x90100337 x  6  90100000
sm   0 warp 0 0x80000328 0x5208a557 v 10 11111111111111111111111111111111 0000001f 0000001e 0000001d 0000001c 0000001b 0000001a 00000019 00000018 00000017 00000016 00000015 00000014 00000013 00000012 00000011 00000010 0000000f 0000000e 0000000d 0000000c 0000000b 0000000a 00000009 00000008 00000007 00000006 00000005 00000004 00000003 00000002 00000001 00000000 
sm   0 warp 1 0x80000328 0x5208a557 v 10 11111111111111111111111111111111 0000001f 0000001e 0000001d 0000001c 0000001b 0000001a 00000019 00000018 00000017 00000016 00000015 00000014 00000013 00000012 00000011 00000010 0000000f 0000000e 0000000d 0000000c 0000000b 0000000a 00000009 00000008 00000007 00000006 00000005 00000004 00000003 00000002 00000001 00000000 
sm   0 warp 3 0x80000318 0x02a34557 v 10 11111111111111111111111111111111 900107fc 900107f8 900107f4 900107f0 900107ec 900107e8 900107e4 900107e0 900107dc 900107d8 900107d4 900107d0 900107cc 900107c8 900107c4 900107c0 900107bc 900107b8 900107b4 900107b0 900107ac 900107a8 900107a4 900107a0 9001079c 90010798 90010794 90010790 9001078c 90010788 90010784 90010780 
sm   0 warp 2 0x80000324 0x78030313 x  6  90100780
sm   0 warp 0 0x8000032c 0x96a13557 v 10 11111111111111111111111111111111 0000007c 00000078 00000074 00000070 0000006c 00000068 00000064 00000060 0000005c 00000058 00000054 00000050 0000004c 00000048 00000044 00000040 0000003c 00000038 00000034 00000030 0000002c 00000028 00000024 00000020 0000001c 00000018 00000014 00000010 0000000c 00000008 00000004 00000000 
sm   0 warp 1 0x8000032c 0x96a13557 v 10 11111111111111111111111111111111 0000007c 00000078 00000074 00000070 0000006c 00000068 00000064 00000060 0000005c 00000058 00000054 00000050 0000004c 00000048 00000044 00000040 0000003c 00000038 00000034 00000030 0000002c 00000028 00000024 00000020 0000001c 00000018 00000014 00000010 0000000c 00000008 00000004 00000000 
sm   0 warp 2 0x80000328 0x5208a557 v 10 11111111111111111111111111111111 0000001f 0000001e 0000001d 0000001c 0000001b 0000001a 00000019 00000018 00000017 00000016 00000015 00000014 00000013 00000012 00000011 00000010 0000000f 0000000e 0000000d 0000000c 0000000b 0000000a 00000009 00000008 00000007 00000006 00000005 00000004 00000003 00000002 00000001 00000000 
sm   0 warp 0 0x80000330 0x02a34557 v 10 11111111111111111111111111111111 901007fc 901007f8 901007f4 901007f0 901007ec 901007e8 901007e4 901007e0 901007dc 901007d8 901007d4 901007d0 901007cc 901007c8 901007c4 901007c0 901007bc 901007b8 901007b4 901007b0 901007ac 901007a8 901007a4 901007a0 9010079c 90100798 90100794 90100790 9010078c 90100788 90100784 90100780 
sm   0 warp 3 0x80000320 0x90100337 x  6  90100000
sm   0 warp 1 0x80000330 0x02a34557 v 10 11111111111111111111111111111111 901007fc 901007f8 901007f4 901007f0 901007ec 901007e8 901007e4 901007e0 901007dc 901007d8 901007d4 901007d0 901007cc 901007c8 901007c4 901007c0 901007bc 901007b8 901007b4 901007b0 901007ac 901007a8 901007a4 901007a0 9010079c 90100798 90100794 90100790 9010078c 90100788 90100784 90100780 
sm   0 warp 2 0x8000032c 0x96a13557 v 10 11111111111111111111111111111111 0000007c 00000078 00000074 00000070 0000006c 00000068 00000064 00000060 0000005c 00000058 00000054 00000050 0000004c 00000048 00000044 00000040 0000003c 00000038 00000034 00000030 0000002c 00000028 00000024 00000020 0000001c 00000018 00000014 00000010 0000000c 00000008 00000004 00000000 
sm   0 warp 0 0x8000031c 0x0005217b v  2 11111111111111111111111111111111 bf800000 c0000000 c0400000 40400000 40000000 3f800000 00000000 bf800000 40400000 40000000 3f800000 00000000 bf800000 c0000000 c0400000 40400000 00000000 bf800000 c0000000 c0400000 40400000 40000000 3f800000 00000000 c0400000 40400000 40000000 3f800000 00000000 bf800000 c0000000 c0400000 
sm   0 warp 1 0x8000031c 0x0005217b v  2 11111111111111111111111111111111 bf800000 c0000000 c0400000 40400000 40000000 3f800000 00000000 bf800000 40400000 40000000 3f800000 00000000 bf800000 c0000000 c0400000 40400000 00000000 bf800000 c0000000 c0400000 40400000 40000000 3f800000 00000000 c0400000 40400000 40000000 3f800000 00000000 bf800000 c0000000 c0400000 
sm   0 warp 3 0x80000324 0x78030313 x  6  90100780
sm   0 warp 3 0x8000031c 0x0005217b lsu.r v  2 op 3 @ 900107fc 900107f8 900107f4 900107f0 900107ec 900107e8 900107e4 900107e0 900107dc 900107d8 900107d4 900107d0 900107cc 900107c8 900107c4 900107c0 900107bc 900107b8 900107b4 900107b0 900107ac 900107a8 900107a4 900107a0 9001079c 90010798 90010794 90010790 9001078c 90010788 90010784 90010780
sm   0 warp 2 0x8000031c 0x0005217b v  2 11111111111111111111111111111111 bf800000 c0000000 c0400000 40400000 40000000 3f800000 00000000 bf800000 40400000 40000000 3f800000 00000000 bf800000 c0000000 c0400000 40400000 00000000 bf800000 c0000000 c0400000 40400000 40000000 3f800000 00000000 c0400000 40400000 40000000 3f800000 00000000 bf800000 c0000000 c0400000 
sm   0 warp 2 0x80000330 0x02a34557 v 10 11111111111111111111111111111111 901007fc 901007f8 901007f4 901007f0 901007ec 901007e8 901007e4 901007e0 901007dc 901007d8 901007d4 901007d0 901007cc 901007c8 901007c4 901007c0 901007bc 901007b8 901007b4 901007b0 901007ac 901007a8 901007a4 901007a0 9010079c 90100798 90100794 90100790 9010078c 90100788 90100784 90100780 
sm   0 warp 0 0x80000334 0x000521fb lsu.r v  3 op 3 @ 901007fc 901007f8 901007f4 901007f0 901007ec 901007e8 901007e4 901007e0 901007dc 901007d8 901007d4 901007d0 901007cc 901007c8 901007c4 901007c0 901007bc 901007b8 901007b4 901007b0 901007ac 901007a8 901007a4 901007a0 9010079c 90100798 90100794 90100790 9010078c 90100788 90100784 90100780
sm   0 warp 3 0x80000328 0x5208a557 v 10 11111111111111111111111111111111 0000001f 0000001e 0000001d 0000001c 0000001b 0000001a 00000019 00000018 00000017 00000016 00000015 00000014 00000013 00000012 00000011 00000010 0000000f 0000000e 0000000d 0000000c 0000000b 0000000a 00000009 00000008 00000007 00000006 00000005 00000004 00000003 00000002 00000001 00000000 
sm   0 warp 3 0x8000031c 0x0005217b v  2 11111111111111111111111111111111 bf800000 c0000000 c0400000 40400000 40000000 3f800000 00000000 bf800000 40400000 40000000 3f800000 00000000 bf800000 c0000000 c0400000 40400000 00000000 bf800000 c0000000 c0400000 40400000 40000000 3f800000 00000000 c0400000 40400000 40000000 3f800000 00000000 bf800000 c0000000 c0400000 
[L1C] #   1832 SM 0 CACHE 1 ADDR 90100780
sm   0 warp 1 0x80000334 0x000521fb lsu.r v  3 op 3 @ 901007fc 901007f8 901007f4 901007f0 901007ec 901007e8 901007e4 901007e0 901007dc 901007d8 901007d4 901007d0 901007cc 901007c8 901007c4 901007c0 901007bc 901007b8 901007b4 901007b0 901007ac 901007a8 901007a4 901007a0 9010079c 90100798 90100794 90100790 9010078c 90100788 90100784 90100780
sm   0 warp 3 0x8000032c 0x96a13557 v 10 11111111111111111111111111111111 0000007c 00000078 00000074 00000070 0000006c 00000068 00000064 00000060 0000005c 00000058 00000054 00000050 0000004c 00000048 00000044 00000040 0000003c 00000038 00000034 00000030 0000002c 00000028 00000024 00000020 0000001c 00000018 00000014 00000010 0000000c 00000008 00000004 00000000 
sm   0 warp 2 0x80000334 0x000521fb lsu.r v  3 op 3 @ 901007fc 901007f8 901007f4 901007f0 901007ec 901007e8 901007e4 901007e0 901007dc 901007d8 901007d4 901007d0 901007cc 901007c8 901007c4 901007c0 901007bc 901007b8 901007b4 901007b0 901007ac 901007a8 901007a4 901007a0 9010079c 90100798 90100794 90100790 9010078c 90100788 90100784 90100780
sm   0 warp 3 0x80000330 0x02a34557 v 10 11111111111111111111111111111111 901007fc 901007f8 901007f4 901007f0 901007ec 901007e8 901007e4 901007e0 901007dc 901007d8 901007d4 901007d0 901007cc 901007c8 901007c4 901007c0 901007bc 901007b8 901007b4 901007b0 901007ac 901007a8 901007a4 901007a0 9010079c 90100798 90100794 90100790 9010078c 90100788 90100784 90100780 
sm   0 warp 0 0x80000334 0x000521fb v  3 11111111111111111111111111111111 3f800000 00000000 bf800000 c0000000 40000000 3f800000 00000000 bf800000 bf800000 c0000000 40000000 3f800000 00000000 bf800000 c0000000 40000000 40000000 3f800000 00000000 bf800000 c0000000 40000000 3f800000 00000000 00000000 bf800000 c0000000 40000000 3f800000 00000000 bf800000 c0000000 
sm   0 warp 3 0x80000334 0x000521fb lsu.r v  3 op 3 @ 901007fc 901007f8 901007f4 901007f0 901007ec 901007e8 901007e4 901007e0 901007dc 901007d8 901007d4 901007d0 901007cc 901007c8 901007c4 901007c0 901007bc 901007b8 901007b4 901007b0 901007ac 901007a8 901007a4 901007a0 9010079c 90100798 90100794 90100790 9010078c 90100788 90100784 90100780
sm   0 warp 1 0x80000334 0x000521fb v  3 11111111111111111111111111111111 3f800000 00000000 bf800000 c0000000 40000000 3f800000 00000000 bf800000 bf800000 c0000000 40000000 3f800000 00000000 bf800000 c0000000 40000000 40000000 3f800000 00000000 bf800000 c0000000 40000000 3f800000 00000000 00000000 bf800000 c0000000 40000000 3f800000 00000000 bf800000 c0000000 
sm   0 warp 0 0x8000033c 0x90011337 x  6  90011000
sm   0 warp 2 0x80000334 0x000521fb v  3 11111111111111111111111111111111 3f800000 00000000 bf800000 c0000000 40000000 3f800000 00000000 bf800000 bf800000 c0000000 40000000 3f800000 00000000 bf800000 c0000000 40000000 40000000 3f800000 00000000 bf800000 c0000000 40000000 3f800000 00000000 00000000 bf800000 c0000000 40000000 3f800000 00000000 bf800000 c0000000 
sm   0 warp 3 0x80000334 0x000521fb v  3 11111111111111111111111111111111 3f800000 00000000 bf800000 c0000000 40000000 3f800000 00000000 bf800000 bf800000 c0000000 40000000 3f800000 00000000 bf800000 c0000000 40000000 40000000 3f800000 00000000 bf800000 c0000000 40000000 3f800000 00000000 00000000 bf800000 c0000000 40000000 3f800000 00000000 bf800000 c0000000 
sm   0 warp 1 0x8000033c 0x90011337 x  6  90011000
sm   0 warp 0 0x80000340 0x80030313 x  6  90010800
sm   0 warp 2 0x8000033c 0x90011337 x  6  90011000
sm   0 warp 0 0x80000344 0x5208a557 v 10 11111111111111111111111111111111 0000001f 0000001e 0000001d 0000001c 0000001b 0000001a 00000019 00000018 00000017 00000016 00000015 00000014 00000013 00000012 00000011 00000010 0000000f 0000000e 0000000d 0000000c 0000000b 0000000a 00000009 00000008 00000007 00000006 00000005 00000004 00000003 00000002 00000001 00000000 
sm   0 warp 0 0x80000338 0x0e31408b v  1 11111111111111111111111111111111 00000000 00000000 00000000 00000000 00000000 00000000 00000000 00000000 00000000 00000000 00000000 00000000 00000000 00000000 00000000 00000000 42000000 c1800000 c3100000 43900000 c2a00000 43100000 42400000 c3000000 43800000 c3100000 41800000 41800000 c2a00000 41800000 c3000000 42400000 
sm   0 warp 1 0x80000340 0x80030313 x  6  90010800
sm   0 warp 3 0x8000033c 0x90011337 x  6  90011000
sm   0 warp 2 0x80000340 0x80030313 x  6  90010800
sm   0 warp 1 0x80000344 0x5208a557 v 10 11111111111111111111111111111111 0000001f 0000001e 0000001d 0000001c 0000001b 0000001a 00000019 00000018 00000017 00000016 00000015 00000014 00000013 00000012 00000011 00000010 0000000f 0000000e 0000000d 0000000c 0000000b 0000000a 00000009 00000008 00000007 00000006 00000005 00000004 00000003 00000002 00000001 00000000 
sm   0 warp 0 0x80000348 0x96a13557 v 10 11111111111111111111111111111111 0000007c 00000078 00000074 00000070 0000006c 00000068 00000064 00000060 0000005c 00000058 00000054 00000050 0000004c 00000048 00000044 00000040 0000003c 00000038 00000034 00000030 0000002c 00000028 00000024 00000020 0000001c 00000018 00000014 00000010 0000000c 00000008 00000004 00000000 
sm   0 warp 2 0x80000344 0x5208a557 v 10 11111111111111111111111111111111 0000001f 0000001e 0000001d 0000001c 0000001b 0000001a 00000019 00000018 00000017 00000016 00000015 00000014 00000013 00000012 00000011 00000010 0000000f 0000000e 0000000d 0000000c 0000000b 0000000a 00000009 00000008 00000007 00000006 00000005 00000004 00000003 00000002 00000001 00000000 
sm   0 warp 1 0x80000338 0x0e31408b v  1 11111111111111111111111111111111 00000000 00000000 00000000 00000000 00000000 00000000 00000000 00000000 00000000 00000000 00000000 00000000 00000000 00000000 00000000 00000000 42000000 c1800000 c3100000 43900000 c2a00000 43100000 42400000 c3000000 43800000 c3100000 41800000 41800000 c2a00000 41800000 c3000000 42400000 
sm   0 warp 3 0x80000340 0x80030313 x  6  90010800
sm   0 warp 2 0x80000338 0x0e31408b v  1 11111111111111111111111111111111 00000000 00000000 00000000 00000000 00000000 00000000 00000000 00000000 00000000 00000000 00000000 00000000 00000000 00000000 00000000 00000000 42000000 c1800000 c3100000 43900000 c2a00000 43100000 42400000 c3000000 43800000 c3100000 41800000 41800000 c2a00000 41800000 c3000000 42400000 
sm   0 warp 1 0x80000348 0x96a13557 v 10 11111111111111111111111111111111 0000007c 00000078 00000074 00000070 0000006c 00000068 00000064 00000060 0000005c 00000058 00000054 00000050 0000004c 00000048 00000044 00000040 0000003c 00000038 00000034 00000030 0000002c 00000028 00000024 00000020 0000001c 00000018 00000014 00000010 0000000c 00000008 00000004 00000000 
sm   0 warp 0 0x8000034c 0x02a34557 v 10 11111111111111111111111111111111 9001087c 90010878 90010874 90010870 9001086c 90010868 90010864 90010860 9001085c 90010858 90010854 90010850 9001084c 90010848 90010844 90010840 9001083c 90010838 90010834 90010830 9001082c 90010828 90010824 90010820 9001081c 90010818 90010814 90010810 9001080c 90010808 90010804 90010800 
sm   0 warp 3 0x80000344 0x5208a557 v 10 11111111111111111111111111111111 0000001f 0000001e 0000001d 0000001c 0000001b 0000001a 00000019 00000018 00000017 00000016 00000015 00000014 00000013 00000012 00000011 00000010 0000000f 0000000e 0000000d 0000000c 0000000b 0000000a 00000009 00000008 00000007 00000006 00000005 00000004 00000003 00000002 00000001 00000000 
sm   0 warp 2 0x80000348 0x96a13557 v 10 11111111111111111111111111111111 0000007c 00000078 00000074 00000070 0000006c 00000068 00000064 00000060 0000005c 00000058 00000054 00000050 0000004c 00000048 00000044 00000040 0000003c 00000038 00000034 00000030 0000002c 00000028 00000024 00000020 0000001c 00000018 00000014 00000010 0000000c 00000008 00000004 00000000 
sm   0 warp 3 0x80000338 0x0e31408b v  1 11111111111111111111111111111111 00000000 00000000 00000000 00000000 00000000 00000000 00000000 00000000 00000000 00000000 00000000 00000000 00000000 00000000 00000000 00000000 42000000 c1800000 c3100000 43900000 c2a00000 43100000 42400000 c3000000 43800000 c3100000 41800000 41800000 c2a00000 41800000 c3000000 42400000 
sm   0 warp 1 0x8000034c 0x02a34557 v 10 11111111111111111111111111111111 9001087c 90010878 90010874 90010870 9001086c 90010868 90010864 90010860 9001085c 90010858 90010854 90010850 9001084c 90010848 90010844 90010840 9001083c 90010838 90010834 90010830 9001082c 90010828 90010824 90010820 9001081c 90010818 90010814 90010810 9001080c 90010808 90010804 90010800 
sm   0 warp 3 0x80000348 0x96a13557 v 10 11111111111111111111111111111111 0000007c 00000078 00000074 00000070 0000006c 00000068 00000064 00000060 0000005c 00000058 00000054 00000050 0000004c 00000048 00000044 00000040 0000003c 00000038 00000034 00000030 0000002c 00000028 00000024 00000020 0000001c 00000018 00000014 00000010 0000000c 00000008 00000004 00000000 
sm   0 warp 0 0x80000350 0x0005217b lsu.r v  2 op 3 @ 9001087c 90010878 90010874 90010870 9001086c 90010868 90010864 90010860 9001085c 90010858 90010854 90010850 9001084c 90010848 90010844 90010840 9001083c 90010838 90010834 90010830 9001082c 90010828 90010824 90010820 9001081c 90010818 90010814 90010810 9001080c 90010808 90010804 90010800
sm   0 warp 0 0x80000354 0x90101337 x  6  90101000
sm   0 warp 2 0x8000034c 0x02a34557 v 10 11111111111111111111111111111111 9001087c 90010878 90010874 90010870 9001086c 90010868 90010864 90010860 9001085c 90010858 90010854 90010850 9001084c 90010848 90010844 90010840 9001083c 90010838 90010834 90010830 9001082c 90010828 90010824 90010820 9001081c 90010818 90010814 90010810 9001080c 90010808 90010804 90010800 
sm   0 warp 1 0x80000350 0x0005217b lsu.r v  2 op 3 @ 9001087c 90010878 90010874 90010870 9001086c 90010868 90010864 90010860 9001085c 90010858 90010854 90010850 9001084c 90010848 90010844 90010840 9001083c 90010838 90010834 90010830 9001082c 90010828 90010824 90010820 9001081c 90010818 90010814 90010810 9001080c 90010808 90010804 90010800
[L1C] #   1885 SM 0 CACHE 1 ADDR 90010800
sm   0 warp 1 0x80000354 0x90101337 x  6  90101000
sm   0 warp 3 0x8000034c 0x02a34557 v 10 11111111111111111111111111111111 9001087c 90010878 90010874 90010870 9001086c 90010868 90010864 90010860 9001085c 90010858 90010854 90010850 9001084c 90010848 90010844 90010840 9001083c 90010838 90010834 90010830 9001082c 90010828 90010824 90010820 9001081c 90010818 90010814 90010810 9001080c 90010808 90010804 90010800 
sm   0 warp 0 0x80000358 0x80030313 x  6  90100800
sm   0 warp 2 0x80000350 0x0005217b lsu.r v  2 op 3 @ 9001087c 90010878 90010874 90010870 9001086c 90010868 90010864 90010860 9001085c 90010858 90010854 90010850 9001084c 90010848 90010844 90010840 9001083c 90010838 90010834 90010830 9001082c 90010828 90010824 90010820 9001081c 90010818 90010814 90010810 9001080c 90010808 90010804 90010800
sm   0 warp 2 0x80000354 0x90101337 x  6  90101000
sm   0 warp 0 0x8000035c 0x5208a557 v 10 11111111111111111111111111111111 0000001f 0000001e 0000001d 0000001c 0000001b 0000001a 00000019 00000018 00000017 00000016 00000015 00000014 00000013 00000012 00000011 00000010 0000000f 0000000e 0000000d 0000000c 0000000b 0000000a 00000009 00000008 00000007 00000006 00000005 00000004 00000003 00000002 00000001 00000000 
sm   0 warp 1 0x80000358 0x80030313 x  6  90100800
sm   0 warp 3 0x80000354 0x90101337 x  6  90101000
[L1C] #   1893 SM 0 CACHE 0 ADDR 80000380
sm   0 warp 2 0x80000358 0x80030313 x  6  90100800
sm   0 warp 1 0x8000035c 0x5208a557 v 10 11111111111111111111111111111111 0000001f 0000001e 0000001d 0000001c 0000001b 0000001a 00000019 00000018 00000017 00000016 00000015 00000014 00000013 00000012 00000011 00000010 0000000f 0000000e 0000000d 0000000c 0000000b 0000000a 00000009 00000008 00000007 00000006 00000005 00000004 00000003 00000002 00000001 00000000 
sm   0 warp 0 0x80000360 0x96a13557 v 10 11111111111111111111111111111111 0000007c 00000078 00000074 00000070 0000006c 00000068 00000064 00000060 0000005c 00000058 00000054 00000050 0000004c 00000048 00000044 00000040 0000003c 00000038 00000034 00000030 0000002c 00000028 00000024 00000020 0000001c 00000018 00000014 00000010 0000000c 00000008 00000004 00000000 
sm   0 warp 2 0x8000035c 0x5208a557 v 10 11111111111111111111111111111111 0000001f 0000001e 0000001d 0000001c 0000001b 0000001a 00000019 00000018 00000017 00000016 00000015 00000014 00000013 00000012 00000011 00000010 0000000f 0000000e 0000000d 0000000c 0000000b 0000000a 00000009 00000008 00000007 00000006 00000005 00000004 00000003 00000002 00000001 00000000 
sm   0 warp 3 0x80000358 0x80030313 x  6  90100800
sm   0 warp 1 0x80000360 0x96a13557 v 10 11111111111111111111111111111111 0000007c 00000078 00000074 00000070 0000006c 00000068 00000064 00000060 0000005c 00000058 00000054 00000050 0000004c 00000048 00000044 00000040 0000003c 00000038 00000034 00000030 0000002c 00000028 00000024 00000020 0000001c 00000018 00000014 00000010 0000000c 00000008 00000004 00000000 
sm   0 warp 0 0x80000364 0x02a34557 v 10 11111111111111111111111111111111 9010087c 90100878 90100874 90100870 9010086c 90100868 90100864 90100860 9010085c 90100858 90100854 90100850 9010084c 90100848 90100844 90100840 9010083c 90100838 90100834 90100830 9010082c 90100828 90100824 90100820 9010081c 90100818 90100814 90100810 9010080c 90100808 90100804 90100800 
sm   0 warp 3 0x8000035c 0x5208a557 v 10 11111111111111111111111111111111 0000001f 0000001e 0000001d 0000001c 0000001b 0000001a 00000019 00000018 00000017 00000016 00000015 00000014 00000013 00000012 00000011 00000010 0000000f 0000000e 0000000d 0000000c 0000000b 0000000a 00000009 00000008 00000007 00000006 00000005 00000004 00000003 00000002 00000001 00000000 
sm   0 warp 2 0x80000360 0x96a13557 v 10 11111111111111111111111111111111 0000007c 00000078 00000074 00000070 0000006c 00000068 00000064 00000060 0000005c 00000058 00000054 00000050 0000004c 00000048 00000044 00000040 0000003c 00000038 00000034 00000030 0000002c 00000028 00000024 00000020 0000001c 00000018 00000014 00000010 0000000c 00000008 00000004 00000000 
sm   0 warp 1 0x80000364 0x02a34557 v 10 11111111111111111111111111111111 9010087c 90100878 90100874 90100870 9010086c 90100868 90100864 90100860 9010085c 90100858 90100854 90100850 9010084c 90100848 90100844 90100840 9010083c 90100838 90100834 90100830 9010082c 90100828 90100824 90100820 9010081c 90100818 90100814 90100810 9010080c 90100808 90100804 90100800 
sm   0 warp 3 0x80000350 0x0005217b lsu.r v  2 op 3 @ 9001087c 90010878 90010874 90010870 9001086c 90010868 90010864 90010860 9001085c 90010858 90010854 90010850 9001084c 90010848 90010844 90010840 9001083c 90010838 90010834 90010830 9001082c 90010828 90010824 90010820 9001081c 90010818 90010814 90010810 9001080c 90010808 90010804 90010800
sm   0 warp 3 0x80000360 0x96a13557 v 10 11111111111111111111111111111111 0000007c 00000078 00000074 00000070 0000006c 00000068 00000064 00000060 0000005c 00000058 00000054 00000050 0000004c 00000048 00000044 00000040 0000003c 00000038 00000034 00000030 0000002c 00000028 00000024 00000020 0000001c 00000018 00000014 00000010 0000000c 00000008 00000004 00000000 
sm   0 warp 2 0x80000364 0x02a34557 v 10 11111111111111111111111111111111 9010087c 90100878 90100874 90100870 9010086c 90100868 90100864 90100860 9010085c 90100858 90100854 90100850 9010084c 90100848 90100844 90100840 9010083c 90100838 90100834 90100830 9010082c 90100828 90100824 90100820 9010081c 90100818 90100814 90100810 9010080c 90100808 90100804 90100800 
sm   0 warp 0 0x80000368 0x000521fb lsu.r v  3 op 3 @ 9010087c 90100878 90100874 90100870 9010086c 90100868 90100864 90100860 9010085c 90100858 90100854 90100850 9010084c 90100848 90100844 90100840 9010083c 90100838 90100834 90100830 9010082c 90100828 90100824 90100820 9010081c 90100818 90100814 90100810 9010080c 90100808 90100804 90100800
sm   0 warp 0 0x80000350 0x0005217b v  2 11111111111111111111111111111111 bf800000 c0000000 c0400000 40400000 40000000 3f800000 00000000 bf800000 40400000 40000000 3f800000 00000000 bf800000 c0000000 c0400000 40400000 00000000 bf800000 c0000000 c0400000 40400000 40000000 3f800000 00000000 c0400000 40400000 40000000 3f800000 00000000 bf800000 c0000000 c0400000 
sm   0 warp 1 0x80000350 0x0005217b v  2 11111111111111111111111111111111 bf800000 c0000000 c0400000 40400000 40000000 3f800000 00000000 bf800000 40400000 40000000 3f800000 00000000 bf800000 c0000000 c0400000 40400000 00000000 bf800000 c0000000 c0400000 40400000 40000000 3f800000 00000000 c0400000 40400000 40000000 3f800000 00000000 bf800000 c0000000 c0400000 
sm   0 warp 3 0x80000364 0x02a34557 v 10 11111111111111111111111111111111 9010087c 90100878 90100874 90100870 9010086c 90100868 90100864 90100860 9010085c 90100858 90100854 90100850 9010084c 90100848 90100844 90100840 9010083c 90100838 90100834 90100830 9010082c 90100828 90100824 90100820 9010081c 90100818 90100814 90100810 9010080c 90100808 90100804 90100800 
sm   0 warp 1 0x80000368 0x000521fb lsu.r v  3 op 3 @ 9010087c 90100878 90100874 90100870 9010086c 90100868 90100864 90100860 9010085c 90100858 90100854 90100850 9010084c 90100848 90100844 90100840 9010083c 90100838 90100834 90100830 9010082c 90100828 90100824 90100820 9010081c 90100818 90100814 90100810 9010080c 90100808 90100804 90100800
[L1C] #   1912 SM 0 CACHE 1 ADDR 90100800
sm   0 warp 2 0x80000350 0x0005217b v  2 11111111111111111111111111111111 bf800000 c0000000 c0400000 40400000 40000000 3f800000 00000000 bf800000 40400000 40000000 3f800000 00000000 bf800000 c0000000 c0400000 40400000 00000000 bf800000 c0000000 c0400000 40400000 40000000 3f800000 00000000 c0400000 40400000 40000000 3f800000 00000000 bf800000 c0000000 c0400000 
sm   0 warp 3 0x80000350 0x0005217b v  2 11111111111111111111111111111111 bf800000 c0000000 c0400000 40400000 40000000 3f800000 00000000 bf800000 40400000 40000000 3f800000 00000000 bf800000 c0000000 c0400000 40400000 00000000 bf800000 c0000000 c0400000 40400000 40000000 3f800000 00000000 c0400000 40400000 40000000 3f800000 00000000 bf800000 c0000000 c0400000 
sm   0 warp 2 0x80000368 0x000521fb lsu.r v  3 op 3 @ 9010087c 90100878 90100874 90100870 9010086c 90100868 90100864 90100860 9010085c 90100858 90100854 90100850 9010084c 90100848 90100844 90100840 9010083c 90100838 90100834 90100830 9010082c 90100828 90100824 90100820 9010081c 90100818 90100814 90100810 9010080c 90100808 90100804 90100800
sm   0 warp 0 0x80000368 0x000521fb v  3 11111111111111111111111111111111 3f800000 00000000 bf800000 c0000000 40000000 3f800000 00000000 bf800000 bf800000 c0000000 40000000 3f800000 00000000 bf800000 c0000000 40000000 40000000 3f800000 00000000 bf800000 c0000000 40000000 3f800000 00000000 00000000 bf800000 c0000000 40000000 3f800000 00000000 bf800000 c0000000 
sm   0 warp 3 0x80000368 0x000521fb lsu.r v  3 op 3 @ 9010087c 90100878 90100874 90100870 9010086c 90100868 90100864 90100860 9010085c 90100858 90100854 90100850 9010084c 90100848 90100844 90100840 9010083c 90100838 90100834 90100830 9010082c 90100828 90100824 90100820 9010081c 90100818 90100814 90100810 9010080c 90100808 90100804 90100800
sm   0 warp 1 0x80000368 0x000521fb v  3 11111111111111111111111111111111 3f800000 00000000 bf800000 c0000000 40000000 3f800000 00000000 bf800000 bf800000 c0000000 40000000 3f800000 00000000 bf800000 c0000000 40000000 40000000 3f800000 00000000 bf800000 c0000000 40000000 3f800000 00000000 00000000 bf800000 c0000000 40000000 3f800000 00000000 bf800000 c0000000 
sm   0 warp 0 0x80000370 0x90011337 x  6  90011000
sm   0 warp 2 0x80000368 0x000521fb v  3 11111111111111111111111111111111 3f800000 00000000 bf800000 c0000000 40000000 3f800000 00000000 bf800000 bf800000 c0000000 40000000 3f800000 00000000 bf800000 c0000000 40000000 40000000 3f800000 00000000 bf800000 c0000000 40000000 3f800000 00000000 00000000 bf800000 c0000000 40000000 3f800000 00000000 bf800000 c0000000 
sm   0 warp 3 0x80000368 0x000521fb v  3 11111111111111111111111111111111 3f800000 00000000 bf800000 c0000000 40000000 3f800000 00000000 bf800000 bf800000 c0000000 40000000 3f800000 00000000 bf800000 c0000000 40000000 40000000 3f800000 00000000 bf800000 c0000000 40000000 3f800000 00000000 00000000 bf800000 c0000000 40000000 3f800000 00000000 bf800000 c0000000 
sm   0 warp 1 0x80000370 0x90011337 x  6  90011000
sm   0 warp 0 0x80000374 0x88030313 x  6  90010880
sm   0 warp 2 0x80000370 0x90011337 x  6  90011000
sm   0 warp 0 0x80000378 0x5208a557 v 10 11111111111111111111111111111111 0000001f 0000001e 0000001d 0000001c 0000001b 0000001a 00000019 00000018 00000017 00000016 00000015 00000014 00000013 00000012 00000011 00000010 0000000f 0000000e 0000000d 0000000c 0000000b 0000000a 00000009 00000008 00000007 00000006 00000005 00000004 00000003 00000002 00000001 00000000 
sm   0 warp 0 0x8000036c 0x0e31408b v  1 11111111111111111111111111111111 00000000 00000000 00000000 00000000 00000000 00000000 00000000 00000000 00000000 00000000 00000000 00000000 00000000 00000000 00000000 00000000 42080000 c1880000 c3190000 43990000 c2aa0000 43190000 424c0000 c3080000 43880000 c3190000 41880000 41880000 c2aa0000 41880000 c3080000 424c0000 
sm   0 warp 1 0x80000374 0x88030313 x  6  90010880
sm   0 warp 3 0x80000370 0x90011337 x  6  90011000
sm   0 warp 2 0x80000374 0x88030313 x  6  90010880
sm   0 warp 1 0x80000378 0x5208a557 v 10 11111111111111111111111111111111 0000001f 0000001e 0000001d 0000001c 0000001b 0000001a 00000019 00000018 00000017 00000016 00000015 00000014 00000013 00000012 00000011 00000010 0000000f 0000000e 0000000d 0000000c 0000000b 0000000a 00000009 00000008 00000007 00000006 00000005 00000004 00000003 00000002 00000001 00000000 
sm   0 warp 0 0x8000037c 0x96a13557 v 10 11111111111111111111111111111111 0000007c 00000078 00000074 00000070 0000006c 00000068 00000064 00000060 0000005c 00000058 00000054 00000050 0000004c 00000048 00000044 00000040 0000003c 00000038 00000034 00000030 0000002c 00000028 00000024 00000020 0000001c 00000018 00000014 00000010 0000000c 00000008 00000004 00000000 
sm   0 warp 2 0x80000378 0x5208a557 v 10 11111111111111111111111111111111 0000001f 0000001e 0000001d 0000001c 0000001b 0000001a 00000019 00000018 00000017 00000016 00000015 00000014 00000013 00000012 00000011 00000010 0000000f 0000000e 0000000d 0000000c 0000000b 0000000a 00000009 00000008 00000007 00000006 00000005 00000004 00000003 00000002 00000001 00000000 
sm   0 warp 1 0x8000036c 0x0e31408b v  1 11111111111111111111111111111111 00000000 00000000 00000000 00000000 00000000 00000000 00000000 00000000 00000000 00000000 00000000 00000000 00000000 00000000 00000000 00000000 42080000 c1880000 c3190000 43990000 c2aa0000 43190000 424c0000 c3080000 43880000 c3190000 41880000 41880000 c2aa0000 41880000 c3080000 424c0000 
sm   0 warp 3 0x80000374 0x88030313 x  6  90010880
sm   0 warp 2 0x8000036c 0x0e31408b v  1 11111111111111111111111111111111 00000000 00000000 00000000 00000000 00000000 00000000 00000000 00000000 00000000 00000000 00000000 00000000 00000000 00000000 00000000 00000000 42080000 c1880000 c3190000 43990000 c2aa0000 43190000 424c0000 c3080000 43880000 c3190000 41880000 41880000 c2aa0000 41880000 c3080000 424c0000 
sm   0 warp 1 0x8000037c 0x96a13557 v 10 11111111111111111111111111111111 0000007c 00000078 00000074 00000070 0000006c 00000068 00000064 00000060 0000005c 00000058 00000054 00000050 0000004c 00000048 00000044 00000040 0000003c 00000038 00000034 00000030 0000002c 00000028 00000024 00000020 0000001c 00000018 00000014 00000010 0000000c 00000008 00000004 00000000 
sm   0 warp 0 0x80000380 0x02a34557 v 10 11111111111111111111111111111111 900108fc 900108f8 900108f4 900108f0 900108ec 900108e8 900108e4 900108e0 900108dc 900108d8 900108d4 900108d0 900108cc 900108c8 900108c4 900108c0 900108bc 900108b8 900108b4 900108b0 900108ac 900108a8 900108a4 900108a0 9001089c 90010898 90010894 90010890 9001088c 90010888 90010884 90010880 
sm   0 warp 3 0x80000378 0x5208a557 v 10 11111111111111111111111111111111 0000001f 0000001e 0000001d 0000001c 0000001b 0000001a 00000019 00000018 00000017 00000016 00000015 00000014 00000013 00000012 00000011 00000010 0000000f 0000000e 0000000d 0000000c 0000000b 0000000a 00000009 00000008 00000007 00000006 00000005 00000004 00000003 00000002 00000001 00000000 
sm   0 warp 2 0x8000037c 0x96a13557 v 10 11111111111111111111111111111111 0000007c 00000078 00000074 00000070 0000006c 00000068 00000064 00000060 0000005c 00000058 00000054 00000050 0000004c 00000048 00000044 00000040 0000003c 00000038 00000034 00000030 0000002c 00000028 00000024 00000020 0000001c 00000018 00000014 00000010 0000000c 00000008 00000004 00000000 
sm   0 warp 3 0x8000036c 0x0e31408b v  1 11111111111111111111111111111111 00000000 00000000 00000000 00000000 00000000 00000000 00000000 00000000 00000000 00000000 00000000 00000000 00000000 00000000 00000000 00000000 42080000 c1880000 c3190000 43990000 c2aa0000 43190000 424c0000 c3080000 43880000 c3190000 41880000 41880000 c2aa0000 41880000 c3080000 424c0000 
sm   0 warp 1 0x80000380 0x02a34557 v 10 11111111111111111111111111111111 900108fc 900108f8 900108f4 900108f0 900108ec 900108e8 900108e4 900108e0 900108dc 900108d8 900108d4 900108d0 900108cc 900108c8 900108c4 900108c0 900108bc 900108b8 900108b4 900108b0 900108ac 900108a8 900108a4 900108a0 9001089c 90010898 90010894 90010890 9001088c 90010888 90010884 90010880 
sm   0 warp 3 0x8000037c 0x96a13557 v 10 11111111111111111111111111111111 0000007c 00000078 00000074 00000070 0000006c 00000068 00000064 00000060 0000005c 00000058 00000054 00000050 0000004c 00000048 00000044 00000040 0000003c 00000038 00000034 00000030 0000002c 00000028 00000024 00000020 0000001c 00000018 00000014 00000010 0000000c 00000008 00000004 00000000 
sm   0 warp 0 0x80000384 0x0005217b lsu.r v  2 op 3 @ 900108fc 900108f8 900108f4 900108f0 900108ec 900108e8 900108e4 900108e0 900108dc 900108d8 900108d4 900108d0 900108cc 900108c8 900108c4 900108c0 900108bc 900108b8 900108b4 900108b0 900108ac 900108a8 900108a4 900108a0 9001089c 90010898 90010894 90010890 9001088c 90010888 90010884 90010880
sm   0 warp 0 0x80000388 0x90101337 x  6  90101000
sm   0 warp 2 0x80000380 0x02a34557 v 10 11111111111111111111111111111111 900108fc 900108f8 900108f4 900108f0 900108ec 900108e8 900108e4 900108e0 900108dc 900108d8 900108d4 900108d0 900108cc 900108c8 900108c4 900108c0 900108bc 900108b8 900108b4 900108b0 900108ac 900108a8 900108a4 900108a0 9001089c 90010898 90010894 90010890 9001088c 90010888 90010884 90010880 
sm   0 warp 1 0x80000384 0x0005217b lsu.r v  2 op 3 @ 900108fc 900108f8 900108f4 900108f0 900108ec 900108e8 900108e4 900108e0 900108dc 900108d8 900108d4 900108d0 900108cc 900108c8 900108c4 900108c0 900108bc 900108b8 900108b4 900108b0 900108ac 900108a8 900108a4 900108a0 9001089c 90010898 90010894 90010890 9001088c 90010888 90010884 90010880
[L1C] #   1965 SM 0 CACHE 1 ADDR 90010880
sm   0 warp 1 0x80000388 0x90101337 x  6  90101000
sm   0 warp 0 0x8000038c 0x88030313 x  6  90100880
sm   0 warp 2 0x80000384 0x0005217b lsu.r v  2 op 3 @ 900108fc 900108f8 900108f4 900108f0 900108ec 900108e8 900108e4 900108e0 900108dc 900108d8 900108d4 900108d0 900108cc 900108c8 900108c4 900108c0 900108bc 900108b8 900108b4 900108b0 900108ac 900108a8 900108a4 900108a0 9001089c 90010898 90010894 90010890 9001088c 90010888 90010884 90010880
sm   0 warp 2 0x80000388 0x90101337 x  6  90101000
sm   0 warp 3 0x80000380 0x02a34557 v 10 11111111111111111111111111111111 900108fc 900108f8 900108f4 900108f0 900108ec 900108e8 900108e4 900108e0 900108dc 900108d8 900108d4 900108d0 900108cc 900108c8 900108c4 900108c0 900108bc 900108b8 900108b4 900108b0 900108ac 900108a8 900108a4 900108a0 9001089c 90010898 90010894 90010890 9001088c 90010888 90010884 90010880 
sm   0 warp 0 0x80000390 0x5208a557 v 10 11111111111111111111111111111111 0000001f 0000001e 0000001d 0000001c 0000001b 0000001a 00000019 00000018 00000017 00000016 00000015 00000014 00000013 00000012 00000011 00000010 0000000f 0000000e 0000000d 0000000c 0000000b 0000000a 00000009 00000008 00000007 00000006 00000005 00000004 00000003 00000002 00000001 00000000 
sm   0 warp 1 0x8000038c 0x88030313 x  6  90100880
sm   0 warp 2 0x8000038c 0x88030313 x  6  90100880
sm   0 warp 1 0x80000390 0x5208a557 v 10 11111111111111111111111111111111 0000001f 0000001e 0000001d 0000001c 0000001b 0000001a 00000019 00000018 00000017 00000016 00000015 00000014 00000013 00000012 00000011 00000010 0000000f 0000000e 0000000d 0000000c 0000000b 0000000a 00000009 00000008 00000007 00000006 00000005 00000004 00000003 00000002 00000001 00000000 
sm   0 warp 2 0x80000390 0x5208a557 v 10 11111111111111111111111111111111 0000001f 0000001e 0000001d 0000001c 0000001b 0000001a 00000019 00000018 00000017 00000016 00000015 00000014 00000013 00000012 00000011 00000010 0000000f 0000000e 0000000d 0000000c 0000000b 0000000a 00000009 00000008 00000007 00000006 00000005 00000004 00000003 00000002 00000001 00000000 
sm   0 warp 0 0x80000394 0x96a13557 v 10 11111111111111111111111111111111 0000007c 00000078 00000074 00000070 0000006c 00000068 00000064 00000060 0000005c 00000058 00000054 00000050 0000004c 00000048 00000044 00000040 0000003c 00000038 00000034 00000030 0000002c 00000028 00000024 00000020 0000001c 00000018 00000014 00000010 0000000c 00000008 00000004 00000000 
sm   0 warp 1 0x80000394 0x96a13557 v 10 11111111111111111111111111111111 0000007c 00000078 00000074 00000070 0000006c 00000068 00000064 00000060 0000005c 00000058 00000054 00000050 0000004c 00000048 00000044 00000040 0000003c 00000038 00000034 00000030 0000002c 00000028 00000024 00000020 0000001c 00000018 00000014 00000010 0000000c 00000008 00000004 00000000 
sm   0 warp 2 0x80000394 0x96a13557 v 10 11111111111111111111111111111111 0000007c 00000078 00000074 00000070 0000006c 00000068 00000064 00000060 0000005c 00000058 00000054 00000050 0000004c 00000048 00000044 00000040 0000003c 00000038 00000034 00000030 0000002c 00000028 00000024 00000020 0000001c 00000018 00000014 00000010 0000000c 00000008 00000004 00000000 
sm   0 warp 0 0x80000398 0x02a34557 v 10 11111111111111111111111111111111 901008fc 901008f8 901008f4 901008f0 901008ec 901008e8 901008e4 901008e0 901008dc 901008d8 901008d4 901008d0 901008cc 901008c8 901008c4 901008c0 901008bc 901008b8 901008b4 901008b0 901008ac 901008a8 901008a4 901008a0 9010089c 90100898 90100894 90100890 9010088c 90100888 90100884 90100880 
sm   0 warp 1 0x80000398 0x02a34557 v 10 11111111111111111111111111111111 901008fc 901008f8 901008f4 901008f0 901008ec 901008e8 901008e4 901008e0 901008dc 901008d8 901008d4 901008d0 901008cc 901008c8 901008c4 901008c0 901008bc 901008b8 901008b4 901008b0 901008ac 901008a8 901008a4 901008a0 9010089c 90100898 90100894 90100890 9010088c 90100888 90100884 90100880 
sm   0 warp 3 0x80000384 0x0005217b lsu.r v  2 op 3 @ 900108fc 900108f8 900108f4 900108f0 900108ec 900108e8 900108e4 900108e0 900108dc 900108d8 900108d4 900108d0 900108cc 900108c8 900108c4 900108c0 900108bc 900108b8 900108b4 900108b0 900108ac 900108a8 900108a4 900108a0 9001089c 90010898 90010894 90010890 9001088c 90010888 90010884 90010880
sm   0 warp 2 0x80000398 0x02a34557 v 10 11111111111111111111111111111111 901008fc 901008f8 901008f4 901008f0 901008ec 901008e8 901008e4 901008e0 901008dc 901008d8 901008d4 901008d0 901008cc 901008c8 901008c4 901008c0 901008bc 901008b8 901008b4 901008b0 901008ac 901008a8 901008a4 901008a0 9010089c 90100898 90100894 90100890 9010088c 90100888 90100884 90100880 
sm   0 warp 0 0x80000384 0x0005217b v  2 11111111111111111111111111111111 bf800000 c0000000 c0400000 40400000 40000000 3f800000 00000000 bf800000 40400000 40000000 3f800000 00000000 bf800000 c0000000 c0400000 40400000 00000000 bf800000 c0000000 c0400000 40400000 40000000 3f800000 00000000 c0400000 40400000 40000000 3f800000 00000000 bf800000 c0000000 c0400000 
sm   0 warp 1 0x80000384 0x0005217b v  2 11111111111111111111111111111111 bf800000 c0000000 c0400000 40400000 40000000 3f800000 00000000 bf800000 40400000 40000000 3f800000 00000000 bf800000 c0000000 c0400000 40400000 00000000 bf800000 c0000000 c0400000 40400000 40000000 3f800000 00000000 c0400000 40400000 40000000 3f800000 00000000 bf800000 c0000000 c0400000 
sm   0 warp 2 0x80000384 0x0005217b v  2 11111111111111111111111111111111 bf800000 c0000000 c0400000 40400000 40000000 3f800000 00000000 bf800000 40400000 40000000 3f800000 00000000 bf800000 c0000000 c0400000 40400000 00000000 bf800000 c0000000 c0400000 40400000 40000000 3f800000 00000000 c0400000 40400000 40000000 3f800000 00000000 bf800000 c0000000 c0400000 
sm   0 warp 0 0x8000039c 0x000521fb lsu.r v  3 op 3 @ 901008fc 901008f8 901008f4 901008f0 901008ec 901008e8 901008e4 901008e0 901008dc 901008d8 901008d4 901008d0 901008cc 901008c8 901008c4 901008c0 901008bc 901008b8 901008b4 901008b0 901008ac 901008a8 901008a4 901008a0 9010089c 90100898 90100894 90100890 9010088c 90100888 90100884 90100880
sm   0 warp 3 0x80000384 0x0005217b v  2 11111111111111111111111111111111 bf800000 c0000000 c0400000 40400000 40000000 3f800000 00000000 bf800000 40400000 40000000 3f800000 00000000 bf800000 c0000000 c0400000 40400000 00000000 bf800000 c0000000 c0400000 40400000 40000000 3f800000 00000000 c0400000 40400000 40000000 3f800000 00000000 bf800000 c0000000 c0400000 
sm   0 warp 1 0x8000039c 0x000521fb lsu.r v  3 op 3 @ 901008fc 901008f8 901008f4 901008f0 901008ec 901008e8 901008e4 901008e0 901008dc 901008d8 901008d4 901008d0 901008cc 901008c8 901008c4 901008c0 901008bc 901008b8 901008b4 901008b0 901008ac 901008a8 901008a4 901008a0 9010089c 90100898 90100894 90100890 9010088c 90100888 90100884 90100880
[L1C] #   1996 SM 0 CACHE 1 ADDR 90100880
sm   0 warp 3 0x80000388 0x90101337 x  6  90101000
sm   0 warp 2 0x8000039c 0x000521fb lsu.r v  3 op 3 @ 901008fc 901008f8 901008f4 901008f0 901008ec 901008e8 901008e4 901008e0 901008dc 901008d8 901008d4 901008d0 901008cc 901008c8 901008c4 901008c0 901008bc 901008b8 901008b4 901008b0 901008ac 901008a8 901008a4 901008a0 9010089c 90100898 90100894 90100890 9010088c 90100888 90100884 90100880
sm   0 warp 3 0x8000038c 0x88030313 x  6  90100880
sm   0 warp 3 0x80000390 0x5208a557 v 10 11111111111111111111111111111111 0000001f 0000001e 0000001d 0000001c 0000001b 0000001a 00000019 00000018 00000017 00000016 00000015 00000014 00000013 00000012 00000011 00000010 0000000f 0000000e 0000000d 0000000c 0000000b 0000000a 00000009 00000008 00000007 00000006 00000005 00000004 00000003 00000002 00000001 00000000 
sm   0 warp 3 0x80000394 0x96a13557 v 10 11111111111111111111111111111111 0000007c 00000078 00000074 00000070 0000006c 00000068 00000064 00000060 0000005c 00000058 00000054 00000050 0000004c 00000048 00000044 00000040 0000003c 00000038 00000034 00000030 0000002c 00000028 00000024 00000020 0000001c 00000018 00000014 00000010 0000000c 00000008 00000004 00000000 
sm   0 warp 0 0x8000039c 0x000521fb v  3 11111111111111111111111111111111 3f800000 00000000 bf800000 c0000000 40000000 3f800000 00000000 bf800000 bf800000 c0000000 40000000 3f800000 00000000 bf800000 c0000000 40000000 40000000 3f800000 00000000 bf800000 c0000000 40000000 3f800000 00000000 00000000 bf800000 c0000000 40000000 3f800000 00000000 bf800000 c0000000 
sm   0 warp 3 0x80000398 0x02a34557 v 10 11111111111111111111111111111111 901008fc 901008f8 901008f4 901008f0 901008ec 901008e8 901008e4 901008e0 901008dc 901008d8 901008d4 901008d0 901008cc 901008c8 901008c4 901008c0 901008bc 901008b8 901008b4 901008b0 901008ac 901008a8 901008a4 901008a0 9010089c 90100898 90100894 90100890 9010088c 90100888 90100884 90100880 
sm   0 warp 1 0x8000039c 0x000521fb v  3 11111111111111111111111111111111 3f800000 00000000 bf800000 c0000000 40000000 3f800000 00000000 bf800000 bf800000 c0000000 40000000 3f800000 00000000 bf800000 c0000000 40000000 40000000 3f800000 00000000 bf800000 c0000000 40000000 3f800000 00000000 00000000 bf800000 c0000000 40000000 3f800000 00000000 bf800000 c0000000 
sm   0 warp 2 0x8000039c 0x000521fb v  3 11111111111111111111111111111111 3f800000 00000000 bf800000 c0000000 40000000 3f800000 00000000 bf800000 bf800000 c0000000 40000000 3f800000 00000000 bf800000 c0000000 40000000 40000000 3f800000 00000000 bf800000 c0000000 40000000 3f800000 00000000 00000000 bf800000 c0000000 40000000 3f800000 00000000 bf800000 c0000000 
sm   0 warp 0 0x800003a4 0x90011337 x  6  90011000
sm   0 warp 3 0x8000039c 0x000521fb lsu.r v  3 op 3 @ 901008fc 901008f8 901008f4 901008f0 901008ec 901008e8 901008e4 901008e0 901008dc 901008d8 901008d4 901008d0 901008cc 901008c8 901008c4 901008c0 901008bc 901008b8 901008b4 901008b0 901008ac 901008a8 901008a4 901008a0 9010089c 90100898 90100894 90100890 9010088c 90100888 90100884 90100880
sm   0 warp 1 0x800003a4 0x90011337 x  6  90011000
sm   0 warp 0 0x800003a8 0x90030313 x  6  90010900
sm   0 warp 3 0x8000039c 0x000521fb v  3 11111111111111111111111111111111 3f800000 00000000 bf800000 c0000000 40000000 3f800000 00000000 bf800000 bf800000 c0000000 40000000 3f800000 00000000 bf800000 c0000000 40000000 40000000 3f800000 00000000 bf800000 c0000000 40000000 3f800000 00000000 00000000 bf800000 c0000000 40000000 3f800000 00000000 bf800000 c0000000 
sm   0 warp 2 0x800003a4 0x90011337 x  6  90011000
sm   0 warp 1 0x800003a8 0x90030313 x  6  90010900
sm   0 warp 0 0x800003ac 0x5208a557 v 10 11111111111111111111111111111111 0000001f 0000001e 0000001d 0000001c 0000001b 0000001a 00000019 00000018 00000017 00000016 00000015 00000014 00000013 00000012 00000011 00000010 0000000f 0000000e 0000000d 0000000c 0000000b 0000000a 00000009 00000008 00000007 00000006 00000005 00000004 00000003 00000002 00000001 00000000 
sm   0 warp 0 0x800003a0 0x0e31408b v  1 11111111111111111111111111111111 00000000 00000000 00000000 00000000 00000000 00000000 00000000 00000000 00000000 00000000 00000000 00000000 00000000 00000000 00000000 00000000 42100000 c1900000 c3220000 43a20000 c2b40000 43220000 42580000 c3100000 43900000 c3220000 41900000 41900000 c2b40000 41900000 c3100000 42580000 
sm   0 warp 1 0x800003ac 0x5208a557 v 10 11111111111111111111111111111111 0000001f 0000001e 0000001d 0000001c 0000001b 0000001a 00000019 00000018 00000017 00000016 00000015 00000014 00000013 00000012 00000011 00000010 0000000f 0000000e 0000000d 0000000c 0000000b 0000000a 00000009 00000008 00000007 00000006 00000005 00000004 00000003 00000002 00000001 00000000 
sm   0 warp 2 0x800003a8 0x90030313 x  6  90010900
sm   0 warp 1 0x800003a0 0x0e31408b v  1 11111111111111111111111111111111 00000000 00000000 00000000 00000000 00000000 00000000 00000000 00000000 00000000 00000000 00000000 00000000 00000000 00000000 00000000 00000000 42100000 c1900000 c3220000 43a20000 c2b40000 43220000 42580000 c3100000 43900000 c3220000 41900000 41900000 c2b40000 41900000 c3100000 42580000 
sm   0 warp 3 0x800003a4 0x90011337 x  6  90011000
sm   0 warp 0 0x800003b0 0x96a13557 v 10 11111111111111111111111111111111 0000007c 00000078 00000074 00000070 0000006c 00000068 00000064 00000060 0000005c 00000058 00000054 00000050 0000004c 00000048 00000044 00000040 0000003c 00000038 00000034 00000030 0000002c 00000028 00000024 00000020 0000001c 00000018 00000014 00000010 0000000c 00000008 00000004 00000000 
sm   0 warp 2 0x800003ac 0x5208a557 v 10 11111111111111111111111111111111 0000001f 0000001e 0000001d 0000001c 0000001b 0000001a 00000019 00000018 00000017 00000016 00000015 00000014 00000013 00000012 00000011 00000010 0000000f 0000000e 0000000d 0000000c 0000000b 0000000a 00000009 00000008 00000007 00000006 00000005 00000004 00000003 00000002 00000001 00000000 
sm   0 warp 1 0x800003b0 0x96a13557 v 10 11111111111111111111111111111111 0000007c 00000078 00000074 00000070 0000006c 00000068 00000064 00000060 0000005c 00000058 00000054 00000050 0000004c 00000048 00000044 00000040 0000003c 00000038 00000034 00000030 0000002c 00000028 00000024 00000020 0000001c 00000018 00000014 00000010 0000000c 00000008 00000004 00000000 
sm   0 warp 2 0x800003a0 0x0e31408b v  1 11111111111111111111111111111111 00000000 00000000 00000000 00000000 00000000 00000000 00000000 00000000 00000000 00000000 00000000 00000000 00000000 00000000 00000000 00000000 42100000 c1900000 c3220000 43a20000 c2b40000 43220000 42580000 c3100000 43900000 c3220000 41900000 41900000 c2b40000 41900000 c3100000 42580000 
sm   0 warp 3 0x800003a8 0x90030313 x  6  90010900
sm   0 warp 0 0x800003b4 0x02a34557 v 10 11111111111111111111111111111111 9001097c 90010978 90010974 90010970 9001096c 90010968 90010964 90010960 9001095c 90010958 90010954 90010950 9001094c 90010948 90010944 90010940 9001093c 90010938 90010934 90010930 9001092c 90010928 90010924 90010920 9001091c 90010918 90010914 90010910 9001090c 90010908 90010904 90010900 
sm   0 warp 2 0x800003b0 0x96a13557 v 10 11111111111111111111111111111111 0000007c 00000078 00000074 00000070 0000006c 00000068 00000064 00000060 0000005c 00000058 00000054 00000050 0000004c 00000048 00000044 00000040 0000003c 00000038 00000034 00000030 0000002c 00000028 00000024 00000020 0000001c 00000018 00000014 00000010 0000000c 00000008 00000004 00000000 
sm   0 warp 3 0x800003ac 0x5208a557 v 10 11111111111111111111111111111111 0000001f 0000001e 0000001d 0000001c 0000001b 0000001a 00000019 00000018 00000017 00000016 00000015 00000014 00000013 00000012 00000011 00000010 0000000f 0000000e 0000000d 0000000c 0000000b 0000000a 00000009 00000008 00000007 00000006 00000005 00000004 00000003 00000002 00000001 00000000 
sm   0 warp 1 0x800003b4 0x02a34557 v 10 11111111111111111111111111111111 9001097c 90010978 90010974 90010970 9001096c 90010968 90010964 90010960 9001095c 90010958 90010954 90010950 9001094c 90010948 90010944 90010940 9001093c 90010938 90010934 90010930 9001092c 90010928 90010924 90010920 9001091c 90010918 90010914 90010910 9001090c 90010908 90010904 90010900 
sm   0 warp 3 0x800003a0 0x0e31408b v  1 11111111111111111111111111111111 00000000 00000000 00000000 00000000 00000000 00000000 00000000 00000000 00000000 00000000 00000000 00000000 00000000 00000000 00000000 00000000 42100000 c1900000 c3220000 43a20000 c2b40000 43220000 42580000 c3100000 43900000 c3220000 41900000 41900000 c2b40000 41900000 c3100000 42580000 
sm   0 warp 2 0x800003b4 0x02a34557 v 10 11111111111111111111111111111111 9001097c 90010978 90010974 90010970 9001096c 90010968 90010964 90010960 9001095c 90010958 90010954 90010950 9001094c 90010948 90010944 90010940 9001093c 90010938 90010934 90010930 9001092c 90010928 90010924 90010920 9001091c 90010918 90010914 90010910 9001090c 90010908 90010904 90010900 
sm   0 warp 0 0x800003b8 0x0005217b lsu.r v  2 op 3 @ 9001097c 90010978 90010974 90010970 9001096c 90010968 90010964 90010960 9001095c 90010958 90010954 90010950 9001094c 90010948 90010944 90010940 9001093c 90010938 90010934 90010930 9001092c 90010928 90010924 90010920 9001091c 90010918 90010914 90010910 9001090c 90010908 90010904 90010900
sm   0 warp 0 0x800003bc 0x90101337 x  6  90101000
sm   0 warp 3 0x800003b0 0x96a13557 v 10 11111111111111111111111111111111 0000007c 00000078 00000074 00000070 0000006c 00000068 00000064 00000060 0000005c 00000058 00000054 00000050 0000004c 00000048 00000044 00000040 0000003c 00000038 00000034 00000030 0000002c 00000028 00000024 00000020 0000001c 00000018 00000014 00000010 0000000c 00000008 00000004 00000000 
sm   0 warp 1 0x800003b8 0x0005217b lsu.r v  2 op 3 @ 9001097c 90010978 90010974 90010970 9001096c 90010968 90010964 90010960 9001095c 90010958 90010954 90010950 9001094c 90010948 90010944 90010940 9001093c 90010938 90010934 90010930 9001092c 90010928 90010924 90010920 9001091c 90010918 90010914 90010910 9001090c 90010908 90010904 90010900
sm   0 warp 1 0x800003bc 0x90101337 x  6  90101000
[L1C] #   2049 SM 0 CACHE 1 ADDR 90010900
sm   0 warp 3 0x800003b4 0x02a34557 v 10 11111111111111111111111111111111 9001097c 90010978 90010974 90010970 9001096c 90010968 90010964 90010960 9001095c 90010958 90010954 90010950 9001094c 90010948 90010944 90010940 9001093c 90010938 90010934 90010930 9001092c 90010928 90010924 90010920 9001091c 90010918 90010914 90010910 9001090c 90010908 90010904 90010900 
sm   0 warp 2 0x800003b8 0x0005217b lsu.r v  2 op 3 @ 9001097c 90010978 90010974 90010970 9001096c 90010968 90010964 90010960 9001095c 90010958 90010954 90010950 9001094c 90010948 90010944 90010940 9001093c 90010938 90010934 90010930 9001092c 90010928 90010924 90010920 9001091c 90010918 90010914 90010910 9001090c 90010908 90010904 90010900
sm   0 warp 0 0x800003c0 0x90030313 x  6  90100900
sm   0 warp 2 0x800003bc 0x90101337 x  6  90101000
sm   0 warp 1 0x800003c0 0x90030313 x  6  90100900
sm   0 warp 0 0x800003c4 0x5208a557 v 10 11111111111111111111111111111111 0000001f 0000001e 0000001d 0000001c 0000001b 0000001a 00000019 00000018 00000017 00000016 00000015 00000014 00000013 00000012 00000011 00000010 0000000f 0000000e 0000000d 0000000c 0000000b 0000000a 00000009 00000008 00000007 00000006 00000005 00000004 00000003 00000002 00000001 00000000 
sm   0 warp 1 0x800003c4 0x5208a557 v 10 11111111111111111111111111111111 0000001f 0000001e 0000001d 0000001c 0000001b 0000001a 00000019 00000018 00000017 00000016 00000015 00000014 00000013 00000012 00000011 00000010 0000000f 0000000e 0000000d 0000000c 0000000b 0000000a 00000009 00000008 00000007 00000006 00000005 00000004 00000003 00000002 00000001 00000000 
sm   0 warp 2 0x800003c0 0x90030313 x  6  90100900
sm   0 warp 0 0x800003c8 0x96a13557 v 10 11111111111111111111111111111111 0000007c 00000078 00000074 00000070 0000006c 00000068 00000064 00000060 0000005c 00000058 00000054 00000050 0000004c 00000048 00000044 00000040 0000003c 00000038 00000034 00000030 0000002c 00000028 00000024 00000020 0000001c 00000018 00000014 00000010 0000000c 00000008 00000004 00000000 
sm   0 warp 2 0x800003c4 0x5208a557 v 10 11111111111111111111111111111111 0000001f 0000001e 0000001d 0000001c 0000001b 0000001a 00000019 00000018 00000017 00000016 00000015 00000014 00000013 00000012 00000011 00000010 0000000f 0000000e 0000000d 0000000c 0000000b 0000000a 00000009 00000008 00000007 00000006 00000005 00000004 00000003 00000002 00000001 00000000 
sm   0 warp 3 0x800003bc 0x90101337 x  6  90101000
sm   0 warp 1 0x800003c8 0x96a13557 v 10 11111111111111111111111111111111 0000007c 00000078 00000074 00000070 0000006c 00000068 00000064 00000060 0000005c 00000058 00000054 00000050 0000004c 00000048 00000044 00000040 0000003c 00000038 00000034 00000030 0000002c 00000028 00000024 00000020 0000001c 00000018 00000014 00000010 0000000c 00000008 00000004 00000000 
sm   0 warp 0 0x800003cc 0x02a34557 v 10 11111111111111111111111111111111 9010097c 90100978 90100974 90100970 9010096c 90100968 90100964 90100960 9010095c 90100958 90100954 90100950 9010094c 90100948 90100944 90100940 9010093c 90100938 90100934 90100930 9010092c 90100928 90100924 90100920 9010091c 90100918 90100914 90100910 9010090c 90100908 90100904 90100900 
sm   0 warp 2 0x800003c8 0x96a13557 v 10 11111111111111111111111111111111 0000007c 00000078 00000074 00000070 0000006c 00000068 00000064 00000060 0000005c 00000058 00000054 00000050 0000004c 00000048 00000044 00000040 0000003c 00000038 00000034 00000030 0000002c 00000028 00000024 00000020 0000001c 00000018 00000014 00000010 0000000c 00000008 00000004 00000000 
sm   0 warp 1 0x800003cc 0x02a34557 v 10 11111111111111111111111111111111 9010097c 90100978 90100974 90100970 9010096c 90100968 90100964 90100960 9010095c 90100958 90100954 90100950 9010094c 90100948 90100944 90100940 9010093c 90100938 90100934 90100930 9010092c 90100928 90100924 90100920 9010091c 90100918 90100914 90100910 9010090c 90100908 90100904 90100900 
sm   0 warp 3 0x800003b8 0x0005217b lsu.r v  2 op 3 @ 9001097c 90010978 90010974 90010970 9001096c 90010968 90010964 90010960 9001095c 90010958 90010954 90010950 9001094c 90010948 90010944 90010940 9001093c 90010938 90010934 90010930 9001092c 90010928 90010924 90010920 9001091c 90010918 90010914 90010910 9001090c 90010908 90010904 90010900
sm   0 warp 0 0x800003b8 0x0005217b v  2 11111111111111111111111111111111 bf800000 c0000000 c0400000 40400000 40000000 3f800000 00000000 bf800000 40400000 40000000 3f800000 00000000 bf800000 c0000000 c0400000 40400000 00000000 bf800000 c0000000 c0400000 40400000 40000000 3f800000 00000000 c0400000 40400000 40000000 3f800000 00000000 bf800000 c0000000 c0400000 
sm   0 warp 1 0x800003b8 0x0005217b v  2 11111111111111111111111111111111 bf800000 c0000000 c0400000 40400000 40000000 3f800000 00000000 bf800000 40400000 40000000 3f800000 00000000 bf800000 c0000000 c0400000 40400000 00000000 bf800000 c0000000 c0400000 40400000 40000000 3f800000 00000000 c0400000 40400000 40000000 3f800000 00000000 bf800000 c0000000 c0400000 
sm   0 warp 2 0x800003cc 0x02a34557 v 10 11111111111111111111111111111111 9010097c 90100978 90100974 90100970 9010096c 90100968 90100964 90100960 9010095c 90100958 90100954 90100950 9010094c 90100948 90100944 90100940 9010093c 90100938 90100934 90100930 9010092c 90100928 90100924 90100920 9010091c 90100918 90100914 90100910 9010090c 90100908 90100904 90100900 
sm   0 warp 0 0x800003d0 0x000521fb lsu.r v  3 op 3 @ 9010097c 90100978 90100974 90100970 9010096c 90100968 90100964 90100960 9010095c 90100958 90100954 90100950 9010094c 90100948 90100944 90100940 9010093c 90100938 90100934 90100930 9010092c 90100928 90100924 90100920 9010091c 90100918 90100914 90100910 9010090c 90100908 90100904 90100900
sm   0 warp 2 0x800003b8 0x0005217b v  2 11111111111111111111111111111111 bf800000 c0000000 c0400000 40400000 40000000 3f800000 00000000 bf800000 40400000 40000000 3f800000 00000000 bf800000 c0000000 c0400000 40400000 00000000 bf800000 c0000000 c0400000 40400000 40000000 3f800000 00000000 c0400000 40400000 40000000 3f800000 00000000 bf800000 c0000000 c0400000 
sm   0 warp 3 0x800003c0 0x90030313 x  6  90100900
sm   0 warp 1 0x800003d0 0x000521fb lsu.r v  3 op 3 @ 9010097c 90100978 90100974 90100970 9010096c 90100968 90100964 90100960 9010095c 90100958 90100954 90100950 9010094c 90100948 90100944 90100940 9010093c 90100938 90100934 90100930 9010092c 90100928 90100924 90100920 9010091c 90100918 90100914 90100910 9010090c 90100908 90100904 90100900
[L1C] #   2076 SM 0 CACHE 1 ADDR 90100900
sm   0 warp 3 0x800003c4 0x5208a557 v 10 11111111111111111111111111111111 0000001f 0000001e 0000001d 0000001c 0000001b 0000001a 00000019 00000018 00000017 00000016 00000015 00000014 00000013 00000012 00000011 00000010 0000000f 0000000e 0000000d 0000000c 0000000b 0000000a 00000009 00000008 00000007 00000006 00000005 00000004 00000003 00000002 00000001 00000000 
sm   0 warp 3 0x800003b8 0x0005217b v  2 11111111111111111111111111111111 bf800000 c0000000 c0400000 40400000 40000000 3f800000 00000000 bf800000 40400000 40000000 3f800000 00000000 bf800000 c0000000 c0400000 40400000 00000000 bf800000 c0000000 c0400000 40400000 40000000 3f800000 00000000 c0400000 40400000 40000000 3f800000 00000000 bf800000 c0000000 c0400000 
sm   0 warp 2 0x800003d0 0x000521fb lsu.r v  3 op 3 @ 9010097c 90100978 90100974 90100970 9010096c 90100968 90100964 90100960 9010095c 90100958 90100954 90100950 9010094c 90100948 90100944 90100940 9010093c 90100938 90100934 90100930 9010092c 90100928 90100924 90100920 9010091c 90100918 90100914 90100910 9010090c 90100908 90100904 90100900
sm   0 warp 3 0x800003c8 0x96a13557 v 10 11111111111111111111111111111111 0000007c 00000078 00000074 00000070 0000006c 00000068 00000064 00000060 0000005c 00000058 00000054 00000050 0000004c 00000048 00000044 00000040 0000003c 00000038 00000034 00000030 0000002c 00000028 00000024 00000020 0000001c 00000018 00000014 00000010 0000000c 00000008 00000004 00000000 
sm   0 warp 3 0x800003cc 0x02a34557 v 10 11111111111111111111111111111111 9010097c 90100978 90100974 90100970 9010096c 90100968 90100964 90100960 9010095c 90100958 90100954 90100950 9010094c 90100948 90100944 90100940 9010093c 90100938 90100934 90100930 9010092c 90100928 90100924 90100920 9010091c 90100918 90100914 90100910 9010090c 90100908 90100904 90100900 
sm   0 warp 0 0x800003d0 0x000521fb v  3 11111111111111111111111111111111 3f800000 00000000 bf800000 c0000000 40000000 3f800000 00000000 bf800000 bf800000 c0000000 40000000 3f800000 00000000 bf800000 c0000000 40000000 40000000 3f800000 00000000 bf800000 c0000000 40000000 3f800000 00000000 00000000 bf800000 c0000000 40000000 3f800000 00000000 bf800000 c0000000 
sm   0 warp 3 0x800003d0 0x000521fb lsu.r v  3 op 3 @ 9010097c 90100978 90100974 90100970 9010096c 90100968 90100964 90100960 9010095c 90100958 90100954 90100950 9010094c 90100948 90100944 90100940 9010093c 90100938 90100934 90100930 9010092c 90100928 90100924 90100920 9010091c 90100918 90100914 90100910 9010090c 90100908 90100904 90100900
sm   0 warp 1 0x800003d0 0x000521fb v  3 11111111111111111111111111111111 3f800000 00000000 bf800000 c0000000 40000000 3f800000 00000000 bf800000 bf800000 c0000000 40000000 3f800000 00000000 bf800000 c0000000 40000000 40000000 3f800000 00000000 bf800000 c0000000 40000000 3f800000 00000000 00000000 bf800000 c0000000 40000000 3f800000 00000000 bf800000 c0000000 
sm   0 warp 0 0x800003d8 0x90011337 x  6  90011000
sm   0 warp 2 0x800003d0 0x000521fb v  3 11111111111111111111111111111111 3f800000 00000000 bf800000 c0000000 40000000 3f800000 00000000 bf800000 bf800000 c0000000 40000000 3f800000 00000000 bf800000 c0000000 40000000 40000000 3f800000 00000000 bf800000 c0000000 40000000 3f800000 00000000 00000000 bf800000 c0000000 40000000 3f800000 00000000 bf800000 c0000000 
sm   0 warp 3 0x800003d0 0x000521fb v  3 11111111111111111111111111111111 3f800000 00000000 bf800000 c0000000 40000000 3f800000 00000000 bf800000 bf800000 c0000000 40000000 3f800000 00000000 bf800000 c0000000 40000000 40000000 3f800000 00000000 bf800000 c0000000 40000000 3f800000 00000000 00000000 bf800000 c0000000 40000000 3f800000 00000000 bf800000 c0000000 
sm   0 warp 1 0x800003d8 0x90011337 x  6  90011000
sm   0 warp 0 0x800003dc 0x98030313 x  6  90010980
[L1C] #   2107 SM 0 CACHE 0 ADDR 80000400
sm   0 warp 2 0x800003d8 0x90011337 x  6  90011000
sm   0 warp 0 0x800003e0 0x5208a557 v 10 11111111111111111111111111111111 0000001f 0000001e 0000001d 0000001c 0000001b 0000001a 00000019 00000018 00000017 00000016 00000015 00000014 00000013 00000012 00000011 00000010 0000000f 0000000e 0000000d 0000000c 0000000b 0000000a 00000009 00000008 00000007 00000006 00000005 00000004 00000003 00000002 00000001 00000000 
sm   0 warp 0 0x800003d4 0x0e31408b v  1 11111111111111111111111111111111 00000000 00000000 00000000 00000000 00000000 00000000 00000000 00000000 00000000 00000000 00000000 00000000 00000000 00000000 00000000 00000000 42180000 c1980000 c32b0000 43ab0000 c2be0000 432b0000 42640000 c3180000 43980000 c32b0000 41980000 41980000 c2be0000 41980000 c3180000 42640000 
sm   0 warp 1 0x800003dc 0x98030313 x  6  90010980
sm   0 warp 3 0x800003d8 0x90011337 x  6  90011000
sm   0 warp 2 0x800003dc 0x98030313 x  6  90010980
sm   0 warp 1 0x800003e0 0x5208a557 v 10 11111111111111111111111111111111 0000001f 0000001e 0000001d 0000001c 0000001b 0000001a 00000019 00000018 00000017 00000016 00000015 00000014 00000013 00000012 00000011 00000010 0000000f 0000000e 0000000d 0000000c 0000000b 0000000a 00000009 00000008 00000007 00000006 00000005 00000004 00000003 00000002 00000001 00000000 
sm   0 warp 0 0x800003e4 0x96a13557 v 10 11111111111111111111111111111111 0000007c 00000078 00000074 00000070 0000006c 00000068 00000064 00000060 0000005c 00000058 00000054 00000050 0000004c 00000048 00000044 00000040 0000003c 00000038 00000034 00000030 0000002c 00000028 00000024 00000020 0000001c 00000018 00000014 00000010 0000000c 00000008 00000004 00000000 
sm   0 warp 2 0x800003e0 0x5208a557 v 10 11111111111111111111111111111111 0000001f 0000001e 0000001d 0000001c 0000001b 0000001a 00000019 00000018 00000017 00000016 00000015 00000014 00000013 00000012 00000011 00000010 0000000f 0000000e 0000000d 0000000c 0000000b 0000000a 00000009 00000008 00000007 00000006 00000005 00000004 00000003 00000002 00000001 00000000 
sm   0 warp 1 0x800003d4 0x0e31408b v  1 11111111111111111111111111111111 00000000 00000000 00000000 00000000 00000000 00000000 00000000 00000000 00000000 00000000 00000000 00000000 00000000 00000000 00000000 00000000 42180000 c1980000 c32b0000 43ab0000 c2be0000 432b0000 42640000 c3180000 43980000 c32b0000 41980000 41980000 c2be0000 41980000 c3180000 42640000 
sm   0 warp 3 0x800003dc 0x98030313 x  6  90010980
sm   0 warp 2 0x800003d4 0x0e31408b v  1 11111111111111111111111111111111 00000000 00000000 00000000 00000000 00000000 00000000 00000000 00000000 00000000 00000000 00000000 00000000 00000000 00000000 00000000 00000000 42180000 c1980000 c32b0000 43ab0000 c2be0000 432b0000 42640000 c3180000 43980000 c32b0000 41980000 41980000 c2be0000 41980000 c3180000 42640000 
sm   0 warp 1 0x800003e4 0x96a13557 v 10 11111111111111111111111111111111 0000007c 00000078 00000074 00000070 0000006c 00000068 00000064 00000060 0000005c 00000058 00000054 00000050 0000004c 00000048 00000044 00000040 0000003c 00000038 00000034 00000030 0000002c 00000028 00000024 00000020 0000001c 00000018 00000014 00000010 0000000c 00000008 00000004 00000000 
sm   0 warp 0 0x800003e8 0x02a34557 v 10 11111111111111111111111111111111 900109fc 900109f8 900109f4 900109f0 900109ec 900109e8 900109e4 900109e0 900109dc 900109d8 900109d4 900109d0 900109cc 900109c8 900109c4 900109c0 900109bc 900109b8 900109b4 900109b0 900109ac 900109a8 900109a4 900109a0 9001099c 90010998 90010994 90010990 9001098c 90010988 90010984 90010980 
sm   0 warp 3 0x800003e0 0x5208a557 v 10 11111111111111111111111111111111 0000001f 0000001e 0000001d 0000001c 0000001b 0000001a 00000019 00000018 00000017 00000016 00000015 00000014 00000013 00000012 00000011 00000010 0000000f 0000000e 0000000d 0000000c 0000000b 0000000a 00000009 00000008 00000007 00000006 00000005 00000004 00000003 00000002 00000001 00000000 
sm   0 warp 2 0x800003e4 0x96a13557 v 10 11111111111111111111111111111111 0000007c 00000078 00000074 00000070 0000006c 00000068 00000064 00000060 0000005c 00000058 00000054 00000050 0000004c 00000048 00000044 00000040 0000003c 00000038 00000034 00000030 0000002c 00000028 00000024 00000020 0000001c 00000018 00000014 00000010 0000000c 00000008 00000004 00000000 
sm   0 warp 3 0x800003d4 0x0e31408b v  1 11111111111111111111111111111111 00000000 00000000 00000000 00000000 00000000 00000000 00000000 00000000 00000000 00000000 00000000 00000000 00000000 00000000 00000000 00000000 42180000 c1980000 c32b0000 43ab0000 c2be0000 432b0000 42640000 c3180000 43980000 c32b0000 41980000 41980000 c2be0000 41980000 c3180000 42640000 
sm   0 warp 1 0x800003e8 0x02a34557 v 10 11111111111111111111111111111111 900109fc 900109f8 900109f4 900109f0 900109ec 900109e8 900109e4 900109e0 900109dc 900109d8 900109d4 900109d0 900109cc 900109c8 900109c4 900109c0 900109bc 900109b8 900109b4 900109b0 900109ac 900109a8 900109a4 900109a0 9001099c 90010998 90010994 90010990 9001098c 90010988 90010984 90010980 
sm   0 warp 3 0x800003e4 0x96a13557 v 10 11111111111111111111111111111111 0000007c 00000078 00000074 00000070 0000006c 00000068 00000064 00000060 0000005c 00000058 00000054 00000050 0000004c 00000048 00000044 00000040 0000003c 00000038 00000034 00000030 0000002c 00000028 00000024 00000020 0000001c 00000018 00000014 00000010 0000000c 00000008 00000004 00000000 
sm   0 warp 0 0x800003ec 0x0005217b lsu.r v  2 op 3 @ 900109fc 900109f8 900109f4 900109f0 900109ec 900109e8 900109e4 900109e0 900109dc 900109d8 900109d4 900109d0 900109cc 900109c8 900109c4 900109c0 900109bc 900109b8 900109b4 900109b0 900109ac 900109a8 900109a4 900109a0 9001099c 90010998 90010994 90010990 9001098c 90010988 90010984 90010980
sm   0 warp 0 0x800003f0 0x90101337 x  6  90101000
sm   0 warp 2 0x800003e8 0x02a34557 v 10 11111111111111111111111111111111 900109fc 900109f8 900109f4 900109f0 900109ec 900109e8 900109e4 900109e0 900109dc 900109d8 900109d4 900109d0 900109cc 900109c8 900109c4 900109c0 900109bc 900109b8 900109b4 900109b0 900109ac 900109a8 900109a4 900109a0 9001099c 90010998 90010994 90010990 9001098c 90010988 90010984 90010980 
sm   0 warp 1 0x800003ec 0x0005217b lsu.r v  2 op 3 @ 900109fc 900109f8 900109f4 900109f0 900109ec 900109e8 900109e4 900109e0 900109dc 900109d8 900109d4 900109d0 900109cc 900109c8 900109c4 900109c0 900109bc 900109b8 900109b4 900109b0 900109ac 900109a8 900109a4 900109a0 9001099c 90010998 90010994 90010990 9001098c 90010988 90010984 90010980
[L1C] #   2129 SM 0 CACHE 1 ADDR 90010980
sm   0 warp 1 0x800003f0 0x90101337 x  6  90101000
sm   0 warp 0 0x800003f4 0x98030313 x  6  90100980
sm   0 warp 2 0x800003ec 0x0005217b lsu.r v  2 op 3 @ 900109fc 900109f8 900109f4 900109f0 900109ec 900109e8 900109e4 900109e0 900109dc 900109d8 900109d4 900109d0 900109cc 900109c8 900109c4 900109c0 900109bc 900109b8 900109b4 900109b0 900109ac 900109a8 900109a4 900109a0 9001099c 90010998 90010994 90010990 9001098c 90010988 90010984 90010980
sm   0 warp 2 0x800003f0 0x90101337 x  6  90101000
sm   0 warp 0 0x800003f8 0x5208a557 v 10 11111111111111111111111111111111 0000001f 0000001e 0000001d 0000001c 0000001b 0000001a 00000019 00000018 00000017 00000016 00000015 00000014 00000013 00000012 00000011 00000010 0000000f 0000000e 0000000d 0000000c 0000000b 0000000a 00000009 00000008 00000007 00000006 00000005 00000004 00000003 00000002 00000001 00000000 
sm   0 warp 1 0x800003f4 0x98030313 x  6  90100980
sm   0 warp 2 0x800003f4 0x98030313 x  6  90100980
sm   0 warp 1 0x800003f8 0x5208a557 v 10 11111111111111111111111111111111 0000001f 0000001e 0000001d 0000001c 0000001b 0000001a 00000019 00000018 00000017 00000016 00000015 00000014 00000013 00000012 00000011 00000010 0000000f 0000000e 0000000d 0000000c 0000000b 0000000a 00000009 00000008 00000007 00000006 00000005 00000004 00000003 00000002 00000001 00000000 
sm   0 warp 0 0x800003fc 0x96a13557 v 10 11111111111111111111111111111111 0000007c 00000078 00000074 00000070 0000006c 00000068 00000064 00000060 0000005c 00000058 00000054 00000050 0000004c 00000048 00000044 00000040 0000003c 00000038 00000034 00000030 0000002c 00000028 00000024 00000020 0000001c 00000018 00000014 00000010 0000000c 00000008 00000004 00000000 
sm   0 warp 2 0x800003f8 0x5208a557 v 10 11111111111111111111111111111111 0000001f 0000001e 0000001d 0000001c 0000001b 0000001a 00000019 00000018 00000017 00000016 00000015 00000014 00000013 00000012 00000011 00000010 0000000f 0000000e 0000000d 0000000c 0000000b 0000000a 00000009 00000008 00000007 00000006 00000005 00000004 00000003 00000002 00000001 00000000 
sm   0 warp 1 0x800003fc 0x96a13557 v 10 11111111111111111111111111111111 0000007c 00000078 00000074 00000070 0000006c 00000068 00000064 00000060 0000005c 00000058 00000054 00000050 0000004c 00000048 00000044 00000040 0000003c 00000038 00000034 00000030 0000002c 00000028 00000024 00000020 0000001c 00000018 00000014 00000010 0000000c 00000008 00000004 00000000 
sm   0 warp 0 0x80000400 0x02a34557 v 10 11111111111111111111111111111111 901009fc 901009f8 901009f4 901009f0 901009ec 901009e8 901009e4 901009e0 901009dc 901009d8 901009d4 901009d0 901009cc 901009c8 901009c4 901009c0 901009bc 901009b8 901009b4 901009b0 901009ac 901009a8 901009a4 901009a0 9010099c 90100998 90100994 90100990 9010098c 90100988 90100984 90100980 
sm   0 warp 2 0x800003fc 0x96a13557 v 10 11111111111111111111111111111111 0000007c 00000078 00000074 00000070 0000006c 00000068 00000064 00000060 0000005c 00000058 00000054 00000050 0000004c 00000048 00000044 00000040 0000003c 00000038 00000034 00000030 0000002c 00000028 00000024 00000020 0000001c 00000018 00000014 00000010 0000000c 00000008 00000004 00000000 
sm   0 warp 0 0x800003ec 0x0005217b v  2 11111111111111111111111111111111 bf800000 c0000000 c0400000 40400000 40000000 3f800000 00000000 bf800000 40400000 40000000 3f800000 00000000 bf800000 c0000000 c0400000 40400000 00000000 bf800000 c0000000 c0400000 40400000 40000000 3f800000 00000000 c0400000 40400000 40000000 3f800000 00000000 bf800000 c0000000 c0400000 
sm   0 warp 1 0x80000400 0x02a34557 v 10 11111111111111111111111111111111 901009fc 901009f8 901009f4 901009f0 901009ec 901009e8 901009e4 901009e0 901009dc 901009d8 901009d4 901009d0 901009cc 901009c8 901009c4 901009c0 901009bc 901009b8 901009b4 901009b0 901009ac 901009a8 901009a4 901009a0 9010099c 90100998 90100994 90100990 9010098c 90100988 90100984 90100980 
sm   0 warp 2 0x80000400 0x02a34557 v 10 11111111111111111111111111111111 901009fc 901009f8 901009f4 901009f0 901009ec 901009e8 901009e4 901009e0 901009dc 901009d8 901009d4 901009d0 901009cc 901009c8 901009c4 901009c0 901009bc 901009b8 901009b4 901009b0 901009ac 901009a8 901009a4 901009a0 9010099c 90100998 90100994 90100990 9010098c 90100988 90100984 90100980 
sm   0 warp 0 0x80000404 0x000521fb lsu.r v  3 op 3 @ 901009fc 901009f8 901009f4 901009f0 901009ec 901009e8 901009e4 901009e0 901009dc 901009d8 901009d4 901009d0 901009cc 901009c8 901009c4 901009c0 901009bc 901009b8 901009b4 901009b0 901009ac 901009a8 901009a4 901009a0 9010099c 90100998 90100994 90100990 9010098c 90100988 90100984 90100980
sm   0 warp 1 0x800003ec 0x0005217b v  2 11111111111111111111111111111111 bf800000 c0000000 c0400000 40400000 40000000 3f800000 00000000 bf800000 40400000 40000000 3f800000 00000000 bf800000 c0000000 c0400000 40400000 00000000 bf800000 c0000000 c0400000 40400000 40000000 3f800000 00000000 c0400000 40400000 40000000 3f800000 00000000 bf800000 c0000000 c0400000 
sm   0 warp 2 0x800003ec 0x0005217b v  2 11111111111111111111111111111111 bf800000 c0000000 c0400000 40400000 40000000 3f800000 00000000 bf800000 40400000 40000000 3f800000 00000000 bf800000 c0000000 c0400000 40400000 00000000 bf800000 c0000000 c0400000 40400000 40000000 3f800000 00000000 c0400000 40400000 40000000 3f800000 00000000 bf800000 c0000000 c0400000 
[L1C] #   2155 SM 0 CACHE 1 ADDR 90100980
sm   0 warp 1 0x80000404 0x000521fb lsu.r v  3 op 3 @ 901009fc 901009f8 901009f4 901009f0 901009ec 901009e8 901009e4 901009e0 901009dc 901009d8 901009d4 901009d0 901009cc 901009c8 901009c4 901009c0 901009bc 901009b8 901009b4 901009b0 901009ac 901009a8 901009a4 901009a0 9010099c 90100998 90100994 90100990 9010098c 90100988 90100984 90100980
sm   0 warp 3 0x800003e8 0x02a34557 v 10 11111111111111111111111111111111 900109fc 900109f8 900109f4 900109f0 900109ec 900109e8 900109e4 900109e0 900109dc 900109d8 900109d4 900109d0 900109cc 900109c8 900109c4 900109c0 900109bc 900109b8 900109b4 900109b0 900109ac 900109a8 900109a4 900109a0 9001099c 90010998 90010994 90010990 9001098c 90010988 90010984 90010980 
sm   0 warp 2 0x80000404 0x000521fb lsu.r v  3 op 3 @ 901009fc 901009f8 901009f4 901009f0 901009ec 901009e8 901009e4 901009e0 901009dc 901009d8 901009d4 901009d0 901009cc 901009c8 901009c4 901009c0 901009bc 901009b8 901009b4 901009b0 901009ac 901009a8 901009a4 901009a0 9010099c 90100998 90100994 90100990 9010098c 90100988 90100984 90100980
sm   0 warp 0 0x80000404 0x000521fb v  3 11111111111111111111111111111111 3f800000 00000000 bf800000 c0000000 40000000 3f800000 00000000 bf800000 bf800000 c0000000 40000000 3f800000 00000000 bf800000 c0000000 40000000 40000000 3f800000 00000000 bf800000 c0000000 40000000 3f800000 00000000 00000000 bf800000 c0000000 40000000 3f800000 00000000 bf800000 c0000000 
sm   0 warp 3 0x800003ec 0x0005217b lsu.r v  2 op 3 @ 900109fc 900109f8 900109f4 900109f0 900109ec 900109e8 900109e4 900109e0 900109dc 900109d8 900109d4 900109d0 900109cc 900109c8 900109c4 900109c0 900109bc 900109b8 900109b4 900109b0 900109ac 900109a8 900109a4 900109a0 9001099c 90010998 90010994 90010990 9001098c 90010988 90010984 90010980
sm   0 warp 1 0x80000404 0x000521fb v  3 11111111111111111111111111111111 3f800000 00000000 bf800000 c0000000 40000000 3f800000 00000000 bf800000 bf800000 c0000000 40000000 3f800000 00000000 bf800000 c0000000 40000000 40000000 3f800000 00000000 bf800000 c0000000 40000000 3f800000 00000000 00000000 bf800000 c0000000 40000000 3f800000 00000000 bf800000 c0000000 
sm   0 warp 0 0x8000040c 0x90011337 x  6  90011000
sm   0 warp 2 0x80000404 0x000521fb v  3 11111111111111111111111111111111 3f800000 00000000 bf800000 c0000000 40000000 3f800000 00000000 bf800000 bf800000 c0000000 40000000 3f800000 00000000 bf800000 c0000000 40000000 40000000 3f800000 00000000 bf800000 c0000000 40000000 3f800000 00000000 00000000 bf800000 c0000000 40000000 3f800000 00000000 bf800000 c0000000 
sm   0 warp 3 0x800003ec 0x0005217b v  2 11111111111111111111111111111111 bf800000 c0000000 c0400000 40400000 40000000 3f800000 00000000 bf800000 40400000 40000000 3f800000 00000000 bf800000 c0000000 c0400000 40400000 00000000 bf800000 c0000000 c0400000 40400000 40000000 3f800000 00000000 c0400000 40400000 40000000 3f800000 00000000 bf800000 c0000000 c0400000 
sm   0 warp 1 0x8000040c 0x90011337 x  6  90011000
sm   0 warp 0 0x80000410 0xa0030313 x  6  90010a00
sm   0 warp 2 0x8000040c 0x90011337 x  6  90011000
sm   0 warp 0 0x80000414 0x5208a557 v 10 11111111111111111111111111111111 0000001f 0000001e 0000001d 0000001c 0000001b 0000001a 00000019 00000018 00000017 00000016 00000015 00000014 00000013 00000012 00000011 00000010 0000000f 0000000e 0000000d 0000000c 0000000b 0000000a 00000009 00000008 00000007 00000006 00000005 00000004 00000003 00000002 00000001 00000000 
sm   0 warp 3 0x800003f0 0x90101337 x  6  90101000
sm   0 warp 0 0x80000408 0x0e31408b v  1 11111111111111111111111111111111 00000000 00000000 00000000 00000000 00000000 00000000 00000000 00000000 00000000 00000000 00000000 00000000 00000000 00000000 00000000 00000000 42200000 c1a00000 c3340000 43b40000 c2c80000 43340000 42700000 c3200000 43a00000 c3340000 41a00000 41a00000 c2c80000 41a00000 c3200000 42700000 
sm   0 warp 1 0x80000410 0xa0030313 x  6  90010a00
sm   0 warp 2 0x80000410 0xa0030313 x  6  90010a00
sm   0 warp 0 0x80000418 0x96a13557 v 10 11111111111111111111111111111111 0000007c 00000078 00000074 00000070 0000006c 00000068 00000064 00000060 0000005c 00000058 00000054 00000050 0000004c 00000048 00000044 00000040 0000003c 00000038 00000034 00000030 0000002c 00000028 00000024 00000020 0000001c 00000018 00000014 00000010 0000000c 00000008 00000004 00000000 
sm   0 warp 3 0x800003f4 0x98030313 x  6  90100980
sm   0 warp 1 0x80000414 0x5208a557 v 10 11111111111111111111111111111111 0000001f 0000001e 0000001d 0000001c 0000001b 0000001a 00000019 00000018 00000017 00000016 00000015 00000014 00000013 00000012 00000011 00000010 0000000f 0000000e 0000000d 0000000c 0000000b 0000000a 00000009 00000008 00000007 00000006 00000005 00000004 00000003 00000002 00000001 00000000 
sm   0 warp 2 0x80000414 0x5208a557 v 10 11111111111111111111111111111111 0000001f 0000001e 0000001d 0000001c 0000001b 0000001a 00000019 00000018 00000017 00000016 00000015 00000014 00000013 00000012 00000011 00000010 0000000f 0000000e 0000000d 0000000c 0000000b 0000000a 00000009 00000008 00000007 00000006 00000005 00000004 00000003 00000002 00000001 00000000 
sm   0 warp 3 0x800003f8 0x5208a557 v 10 11111111111111111111111111111111 0000001f 0000001e 0000001d 0000001c 0000001b 0000001a 00000019 00000018 00000017 00000016 00000015 00000014 00000013 00000012 00000011 00000010 0000000f 0000000e 0000000d 0000000c 0000000b 0000000a 00000009 00000008 00000007 00000006 00000005 00000004 00000003 00000002 00000001 00000000 
sm   0 warp 1 0x80000408 0x0e31408b v  1 11111111111111111111111111111111 00000000 00000000 00000000 00000000 00000000 00000000 00000000 00000000 00000000 00000000 00000000 00000000 00000000 00000000 00000000 00000000 42200000 c1a00000 c3340000 43b40000 c2c80000 43340000 42700000 c3200000 43a00000 c3340000 41a00000 41a00000 c2c80000 41a00000 c3200000 42700000 
sm   0 warp 2 0x80000408 0x0e31408b v  1 11111111111111111111111111111111 00000000 00000000 00000000 00000000 00000000 00000000 00000000 00000000 00000000 00000000 00000000 00000000 00000000 00000000 00000000 00000000 42200000 c1a00000 c3340000 43b40000 c2c80000 43340000 42700000 c3200000 43a00000 c3340000 41a00000 41a00000 c2c80000 41a00000 c3200000 42700000 
sm   0 warp 0 0x8000041c 0x02a34557 v 10 11111111111111111111111111111111 90010a7c 90010a78 90010a74 90010a70 90010a6c 90010a68 90010a64 90010a60 90010a5c 90010a58 90010a54 90010a50 90010a4c 90010a48 90010a44 90010a40 90010a3c 90010a38 90010a34 90010a30 90010a2c 90010a28 90010a24 90010a20 90010a1c 90010a18 90010a14 90010a10 90010a0c 90010a08 90010a04 90010a00 
sm   0 warp 1 0x80000418 0x96a13557 v 10 11111111111111111111111111111111 0000007c 00000078 00000074 00000070 0000006c 00000068 00000064 00000060 0000005c 00000058 00000054 00000050 0000004c 00000048 00000044 00000040 0000003c 00000038 00000034 00000030 0000002c 00000028 00000024 00000020 0000001c 00000018 00000014 00000010 0000000c 00000008 00000004 00000000 
sm   0 warp 2 0x80000418 0x96a13557 v 10 11111111111111111111111111111111 0000007c 00000078 00000074 00000070 0000006c 00000068 00000064 00000060 0000005c 00000058 00000054 00000050 0000004c 00000048 00000044 00000040 0000003c 00000038 00000034 00000030 0000002c 00000028 00000024 00000020 0000001c 00000018 00000014 00000010 0000000c 00000008 00000004 00000000 
sm   0 warp 3 0x800003fc 0x96a13557 v 10 11111111111111111111111111111111 0000007c 00000078 00000074 00000070 0000006c 00000068 00000064 00000060 0000005c 00000058 00000054 00000050 0000004c 00000048 00000044 00000040 0000003c 00000038 00000034 00000030 0000002c 00000028 00000024 00000020 0000001c 00000018 00000014 00000010 0000000c 00000008 00000004 00000000 
sm   0 warp 1 0x8000041c 0x02a34557 v 10 11111111111111111111111111111111 90010a7c 90010a78 90010a74 90010a70 90010a6c 90010a68 90010a64 90010a60 90010a5c 90010a58 90010a54 90010a50 90010a4c 90010a48 90010a44 90010a40 90010a3c 90010a38 90010a34 90010a30 90010a2c 90010a28 90010a24 90010a20 90010a1c 90010a18 90010a14 90010a10 90010a0c 90010a08 90010a04 90010a00 
sm   0 warp 0 0x80000420 0x0005217b lsu.r v  2 op 3 @ 90010a7c 90010a78 90010a74 90010a70 90010a6c 90010a68 90010a64 90010a60 90010a5c 90010a58 90010a54 90010a50 90010a4c 90010a48 90010a44 90010a40 90010a3c 90010a38 90010a34 90010a30 90010a2c 90010a28 90010a24 90010a20 90010a1c 90010a18 90010a14 90010a10 90010a0c 90010a08 90010a04 90010a00
sm   0 warp 0 0x80000424 0x90101337 x  6  90101000
sm   0 warp 2 0x8000041c 0x02a34557 v 10 11111111111111111111111111111111 90010a7c 90010a78 90010a74 90010a70 90010a6c 90010a68 90010a64 90010a60 90010a5c 90010a58 90010a54 90010a50 90010a4c 90010a48 90010a44 90010a40 90010a3c 90010a38 90010a34 90010a30 90010a2c 90010a28 90010a24 90010a20 90010a1c 90010a18 90010a14 90010a10 90010a0c 90010a08 90010a04 90010a00 
[L1C] #   2208 SM 0 CACHE 1 ADDR 90010a00
sm   0 warp 0 0x80000428 0xa0030313 x  6  90100a00
sm   0 warp 1 0x80000420 0x0005217b lsu.r v  2 op 3 @ 90010a7c 90010a78 90010a74 90010a70 90010a6c 90010a68 90010a64 90010a60 90010a5c 90010a58 90010a54 90010a50 90010a4c 90010a48 90010a44 90010a40 90010a3c 90010a38 90010a34 90010a30 90010a2c 90010a28 90010a24 90010a20 90010a1c 90010a18 90010a14 90010a10 90010a0c 90010a08 90010a04 90010a00
sm   0 warp 1 0x80000424 0x90101337 x  6  90101000
sm   0 warp 2 0x80000424 0x90101337 x  6  90101000
sm   0 warp 0 0x8000042c 0x5208a557 v 10 11111111111111111111111111111111 0000001f 0000001e 0000001d 0000001c 0000001b 0000001a 00000019 00000018 00000017 00000016 00000015 00000014 00000013 00000012 00000011 00000010 0000000f 0000000e 0000000d 0000000c 0000000b 0000000a 00000009 00000008 00000007 00000006 00000005 00000004 00000003 00000002 00000001 00000000 
sm   0 warp 2 0x80000420 0x0005217b lsu.r v  2 op 3 @ 90010a7c 90010a78 90010a74 90010a70 90010a6c 90010a68 90010a64 90010a60 90010a5c 90010a58 90010a54 90010a50 90010a4c 90010a48 90010a44 90010a40 90010a3c 90010a38 90010a34 90010a30 90010a2c 90010a28 90010a24 90010a20 90010a1c 90010a18 90010a14 90010a10 90010a0c 90010a08 90010a04 90010a00
sm   0 warp 1 0x80000428 0xa0030313 x  6  90100a00
sm   0 warp 2 0x80000428 0xa0030313 x  6  90100a00
sm   0 warp 0 0x80000430 0x96a13557 v 10 11111111111111111111111111111111 0000007c 00000078 00000074 00000070 0000006c 00000068 00000064 00000060 0000005c 00000058 00000054 00000050 0000004c 00000048 00000044 00000040 0000003c 00000038 00000034 00000030 0000002c 00000028 00000024 00000020 0000001c 00000018 00000014 00000010 0000000c 00000008 00000004 00000000 
sm   0 warp 1 0x8000042c 0x5208a557 v 10 11111111111111111111111111111111 0000001f 0000001e 0000001d 0000001c 0000001b 0000001a 00000019 00000018 00000017 00000016 00000015 00000014 00000013 00000012 00000011 00000010 0000000f 0000000e 0000000d 0000000c 0000000b 0000000a 00000009 00000008 00000007 00000006 00000005 00000004 00000003 00000002 00000001 00000000 
sm   0 warp 2 0x8000042c 0x5208a557 v 10 11111111111111111111111111111111 0000001f 0000001e 0000001d 0000001c 0000001b 0000001a 00000019 00000018 00000017 00000016 00000015 00000014 00000013 00000012 00000011 00000010 0000000f 0000000e 0000000d 0000000c 0000000b 0000000a 00000009 00000008 00000007 00000006 00000005 00000004 00000003 00000002 00000001 00000000 
sm   0 warp 0 0x80000434 0x02a34557 v 10 11111111111111111111111111111111 90100a7c 90100a78 90100a74 90100a70 90100a6c 90100a68 90100a64 90100a60 90100a5c 90100a58 90100a54 90100a50 90100a4c 90100a48 90100a44 90100a40 90100a3c 90100a38 90100a34 90100a30 90100a2c 90100a28 90100a24 90100a20 90100a1c 90100a18 90100a14 90100a10 90100a0c 90100a08 90100a04 90100a00 
sm   0 warp 1 0x80000430 0x96a13557 v 10 11111111111111111111111111111111 0000007c 00000078 00000074 00000070 0000006c 00000068 00000064 00000060 0000005c 00000058 00000054 00000050 0000004c 00000048 00000044 00000040 0000003c 00000038 00000034 00000030 0000002c 00000028 00000024 00000020 0000001c 00000018 00000014 00000010 0000000c 00000008 00000004 00000000 
sm   0 warp 2 0x80000430 0x96a13557 v 10 11111111111111111111111111111111 0000007c 00000078 00000074 00000070 0000006c 00000068 00000064 00000060 0000005c 00000058 00000054 00000050 0000004c 00000048 00000044 00000040 0000003c 00000038 00000034 00000030 0000002c 00000028 00000024 00000020 0000001c 00000018 00000014 00000010 0000000c 00000008 00000004 00000000 
sm   0 warp 0 0x80000420 0x0005217b v  2 11111111111111111111111111111111 bf800000 c0000000 c0400000 40400000 40000000 3f800000 00000000 bf800000 40400000 40000000 3f800000 00000000 bf800000 c0000000 c0400000 40400000 00000000 bf800000 c0000000 c0400000 40400000 40000000 3f800000 00000000 c0400000 40400000 40000000 3f800000 00000000 bf800000 c0000000 c0400000 
sm   0 warp 1 0x80000434 0x02a34557 v 10 11111111111111111111111111111111 90100a7c 90100a78 90100a74 90100a70 90100a6c 90100a68 90100a64 90100a60 90100a5c 90100a58 90100a54 90100a50 90100a4c 90100a48 90100a44 90100a40 90100a3c 90100a38 90100a34 90100a30 90100a2c 90100a28 90100a24 90100a20 90100a1c 90100a18 90100a14 90100a10 90100a0c 90100a08 90100a04 90100a00 
sm   0 warp 0 0x80000438 0x000521fb lsu.r v  3 op 3 @ 90100a7c 90100a78 90100a74 90100a70 90100a6c 90100a68 90100a64 90100a60 90100a5c 90100a58 90100a54 90100a50 90100a4c 90100a48 90100a44 90100a40 90100a3c 90100a38 90100a34 90100a30 90100a2c 90100a28 90100a24 90100a20 90100a1c 90100a18 90100a14 90100a10 90100a0c 90100a08 90100a04 90100a00
sm   0 warp 2 0x80000434 0x02a34557 v 10 11111111111111111111111111111111 90100a7c 90100a78 90100a74 90100a70 90100a6c 90100a68 90100a64 90100a60 90100a5c 90100a58 90100a54 90100a50 90100a4c 90100a48 90100a44 90100a40 90100a3c 90100a38 90100a34 90100a30 90100a2c 90100a28 90100a24 90100a20 90100a1c 90100a18 90100a14 90100a10 90100a0c 90100a08 90100a04 90100a00 
sm   0 warp 1 0x80000420 0x0005217b v  2 11111111111111111111111111111111 bf800000 c0000000 c0400000 40400000 40000000 3f800000 00000000 bf800000 40400000 40000000 3f800000 00000000 bf800000 c0000000 c0400000 40400000 00000000 bf800000 c0000000 c0400000 40400000 40000000 3f800000 00000000 c0400000 40400000 40000000 3f800000 00000000 bf800000 c0000000 c0400000 
sm   0 warp 2 0x80000420 0x0005217b v  2 11111111111111111111111111111111 bf800000 c0000000 c0400000 40400000 40000000 3f800000 00000000 bf800000 40400000 40000000 3f800000 00000000 bf800000 c0000000 c0400000 40400000 00000000 bf800000 c0000000 c0400000 40400000 40000000 3f800000 00000000 c0400000 40400000 40000000 3f800000 00000000 bf800000 c0000000 c0400000 
[L1C] #   2232 SM 0 CACHE 1 ADDR 90100a00
sm   0 warp 1 0x80000438 0x000521fb lsu.r v  3 op 3 @ 90100a7c 90100a78 90100a74 90100a70 90100a6c 90100a68 90100a64 90100a60 90100a5c 90100a58 90100a54 90100a50 90100a4c 90100a48 90100a44 90100a40 90100a3c 90100a38 90100a34 90100a30 90100a2c 90100a28 90100a24 90100a20 90100a1c 90100a18 90100a14 90100a10 90100a0c 90100a08 90100a04 90100a00
sm   0 warp 2 0x80000438 0x000521fb lsu.r v  3 op 3 @ 90100a7c 90100a78 90100a74 90100a70 90100a6c 90100a68 90100a64 90100a60 90100a5c 90100a58 90100a54 90100a50 90100a4c 90100a48 90100a44 90100a40 90100a3c 90100a38 90100a34 90100a30 90100a2c 90100a28 90100a24 90100a20 90100a1c 90100a18 90100a14 90100a10 90100a0c 90100a08 90100a04 90100a00
sm   0 warp 3 0x80000400 0x02a34557 v 10 11111111111111111111111111111111 901009fc 901009f8 901009f4 901009f0 901009ec 901009e8 901009e4 901009e0 901009dc 901009d8 901009d4 901009d0 901009cc 901009c8 901009c4 901009c0 901009bc 901009b8 901009b4 901009b0 901009ac 901009a8 901009a4 901009a0 9010099c 90100998 90100994 90100990 9010098c 90100988 90100984 90100980 
sm   0 warp 0 0x80000438 0x000521fb v  3 11111111111111111111111111111111 3f800000 00000000 bf800000 c0000000 40000000 3f800000 00000000 bf800000 bf800000 c0000000 40000000 3f800000 00000000 bf800000 c0000000 40000000 40000000 3f800000 00000000 bf800000 c0000000 40000000 3f800000 00000000 00000000 bf800000 c0000000 40000000 3f800000 00000000 bf800000 c0000000 
sm   0 warp 3 0x80000404 0x000521fb lsu.r v  3 op 3 @ 901009fc 901009f8 901009f4 901009f0 901009ec 901009e8 901009e4 901009e0 901009dc 901009d8 901009d4 901009d0 901009cc 901009c8 901009c4 901009c0 901009bc 901009b8 901009b4 901009b0 901009ac 901009a8 901009a4 901009a0 9010099c 90100998 90100994 90100990 9010098c 90100988 90100984 90100980
sm   0 warp 1 0x80000438 0x000521fb v  3 11111111111111111111111111111111 3f800000 00000000 bf800000 c0000000 40000000 3f800000 00000000 bf800000 bf800000 c0000000 40000000 3f800000 00000000 bf800000 c0000000 40000000 40000000 3f800000 00000000 bf800000 c0000000 40000000 3f800000 00000000 00000000 bf800000 c0000000 40000000 3f800000 00000000 bf800000 c0000000 
sm   0 warp 0 0x80000440 0x90011337 x  6  90011000
sm   0 warp 2 0x80000438 0x000521fb v  3 11111111111111111111111111111111 3f800000 00000000 bf800000 c0000000 40000000 3f800000 00000000 bf800000 bf800000 c0000000 40000000 3f800000 00000000 bf800000 c0000000 40000000 40000000 3f800000 00000000 bf800000 c0000000 40000000 3f800000 00000000 00000000 bf800000 c0000000 40000000 3f800000 00000000 bf800000 c0000000 
sm   0 warp 3 0x80000404 0x000521fb v  3 11111111111111111111111111111111 3f800000 00000000 bf800000 c0000000 40000000 3f800000 00000000 bf800000 bf800000 c0000000 40000000 3f800000 00000000 bf800000 c0000000 40000000 40000000 3f800000 00000000 bf800000 c0000000 40000000 3f800000 00000000 00000000 bf800000 c0000000 40000000 3f800000 00000000 bf800000 c0000000 
sm   0 warp 1 0x80000440 0x90011337 x  6  90011000
sm   0 warp 0 0x80000444 0xa8030313 x  6  90010a80
sm   0 warp 2 0x80000440 0x90011337 x  6  90011000
sm   0 warp 0 0x80000448 0x5208a557 v 10 11111111111111111111111111111111 0000001f 0000001e 0000001d 0000001c 0000001b 0000001a 00000019 00000018 00000017 00000016 00000015 00000014 00000013 00000012 00000011 00000010 0000000f 0000000e 0000000d 0000000c 0000000b 0000000a 00000009 00000008 00000007 00000006 00000005 00000004 00000003 00000002 00000001 00000000 
sm   0 warp 0 0x8000043c 0x0e31408b v  1 11111111111111111111111111111111 00000000 00000000 00000000 00000000 00000000 00000000 00000000 00000000 00000000 00000000 00000000 00000000 00000000 00000000 00000000 00000000 42280000 c1a80000 c33d0000 43bd0000 c2d20000 433d0000 427c0000 c3280000 43a80000 c33d0000 41a80000 41a80000 c2d20000 41a80000 c3280000 427c0000 
sm   0 warp 1 0x80000444 0xa8030313 x  6  90010a80
sm   0 warp 3 0x8000040c 0x90011337 x  6  90011000
sm   0 warp 2 0x80000444 0xa8030313 x  6  90010a80
sm   0 warp 1 0x80000448 0x5208a557 v 10 11111111111111111111111111111111 0000001f 0000001e 0000001d 0000001c 0000001b 0000001a 00000019 00000018 00000017 00000016 00000015 00000014 00000013 00000012 00000011 00000010 0000000f 0000000e 0000000d 0000000c 0000000b 0000000a 00000009 00000008 00000007 00000006 00000005 00000004 00000003 00000002 00000001 00000000 
sm   0 warp 0 0x8000044c 0x96a13557 v 10 11111111111111111111111111111111 0000007c 00000078 00000074 00000070 0000006c 00000068 00000064 00000060 0000005c 00000058 00000054 00000050 0000004c 00000048 00000044 00000040 0000003c 00000038 00000034 00000030 0000002c 00000028 00000024 00000020 0000001c 00000018 00000014 00000010 0000000c 00000008 00000004 00000000 
sm   0 warp 2 0x80000448 0x5208a557 v 10 11111111111111111111111111111111 0000001f 0000001e 0000001d 0000001c 0000001b 0000001a 00000019 00000018 00000017 00000016 00000015 00000014 00000013 00000012 00000011 00000010 0000000f 0000000e 0000000d 0000000c 0000000b 0000000a 00000009 00000008 00000007 00000006 00000005 00000004 00000003 00000002 00000001 00000000 
sm   0 warp 1 0x8000043c 0x0e31408b v  1 11111111111111111111111111111111 00000000 00000000 00000000 00000000 00000000 00000000 00000000 00000000 00000000 00000000 00000000 00000000 00000000 00000000 00000000 00000000 42280000 c1a80000 c33d0000 43bd0000 c2d20000 433d0000 427c0000 c3280000 43a80000 c33d0000 41a80000 41a80000 c2d20000 41a80000 c3280000 427c0000 
sm   0 warp 3 0x80000410 0xa0030313 x  6  90010a00
sm   0 warp 2 0x8000043c 0x0e31408b v  1 11111111111111111111111111111111 00000000 00000000 00000000 00000000 00000000 00000000 00000000 00000000 00000000 00000000 00000000 00000000 00000000 00000000 00000000 00000000 42280000 c1a80000 c33d0000 43bd0000 c2d20000 433d0000 427c0000 c3280000 43a80000 c33d0000 41a80000 41a80000 c2d20000 41a80000 c3280000 427c0000 
sm   0 warp 1 0x8000044c 0x96a13557 v 10 11111111111111111111111111111111 0000007c 00000078 00000074 00000070 0000006c 00000068 00000064 00000060 0000005c 00000058 00000054 00000050 0000004c 00000048 00000044 00000040 0000003c 00000038 00000034 00000030 0000002c 00000028 00000024 00000020 0000001c 00000018 00000014 00000010 0000000c 00000008 00000004 00000000 
sm   0 warp 0 0x80000450 0x02a34557 v 10 11111111111111111111111111111111 90010afc 90010af8 90010af4 90010af0 90010aec 90010ae8 90010ae4 90010ae0 90010adc 90010ad8 90010ad4 90010ad0 90010acc 90010ac8 90010ac4 90010ac0 90010abc 90010ab8 90010ab4 90010ab0 90010aac 90010aa8 90010aa4 90010aa0 90010a9c 90010a98 90010a94 90010a90 90010a8c 90010a88 90010a84 90010a80 
sm   0 warp 3 0x80000414 0x5208a557 v 10 11111111111111111111111111111111 0000001f 0000001e 0000001d 0000001c 0000001b 0000001a 00000019 00000018 00000017 00000016 00000015 00000014 00000013 00000012 00000011 00000010 0000000f 0000000e 0000000d 0000000c 0000000b 0000000a 00000009 00000008 00000007 00000006 00000005 00000004 00000003 00000002 00000001 00000000 
sm   0 warp 2 0x8000044c 0x96a13557 v 10 11111111111111111111111111111111 0000007c 00000078 00000074 00000070 0000006c 00000068 00000064 00000060 0000005c 00000058 00000054 00000050 0000004c 00000048 00000044 00000040 0000003c 00000038 00000034 00000030 0000002c 00000028 00000024 00000020 0000001c 00000018 00000014 00000010 0000000c 00000008 00000004 00000000 
sm   0 warp 3 0x80000408 0x0e31408b v  1 11111111111111111111111111111111 00000000 00000000 00000000 00000000 00000000 00000000 00000000 00000000 00000000 00000000 00000000 00000000 00000000 00000000 00000000 00000000 42200000 c1a00000 c3340000 43b40000 c2c80000 43340000 42700000 c3200000 43a00000 c3340000 41a00000 41a00000 c2c80000 41a00000 c3200000 42700000 
sm   0 warp 1 0x80000450 0x02a34557 v 10 11111111111111111111111111111111 90010afc 90010af8 90010af4 90010af0 90010aec 90010ae8 90010ae4 90010ae0 90010adc 90010ad8 90010ad4 90010ad0 90010acc 90010ac8 90010ac4 90010ac0 90010abc 90010ab8 90010ab4 90010ab0 90010aac 90010aa8 90010aa4 90010aa0 90010a9c 90010a98 90010a94 90010a90 90010a8c 90010a88 90010a84 90010a80 
sm   0 warp 3 0x80000418 0x96a13557 v 10 11111111111111111111111111111111 0000007c 00000078 00000074 00000070 0000006c 00000068 00000064 00000060 0000005c 00000058 00000054 00000050 0000004c 00000048 00000044 00000040 0000003c 00000038 00000034 00000030 0000002c 00000028 00000024 00000020 0000001c 00000018 00000014 00000010 0000000c 00000008 00000004 00000000 
sm   0 warp 0 0x80000454 0x0005217b lsu.r v  2 op 3 @ 90010afc 90010af8 90010af4 90010af0 90010aec 90010ae8 90010ae4 90010ae0 90010adc 90010ad8 90010ad4 90010ad0 90010acc 90010ac8 90010ac4 90010ac0 90010abc 90010ab8 90010ab4 90010ab0 90010aac 90010aa8 90010aa4 90010aa0 90010a9c 90010a98 90010a94 90010a90 90010a8c 90010a88 90010a84 90010a80
sm   0 warp 0 0x80000458 0x90101337 x  6  90101000
sm   0 warp 2 0x80000450 0x02a34557 v 10 11111111111111111111111111111111 90010afc 90010af8 90010af4 90010af0 90010aec 90010ae8 90010ae4 90010ae0 90010adc 90010ad8 90010ad4 90010ad0 90010acc 90010ac8 90010ac4 90010ac0 90010abc 90010ab8 90010ab4 90010ab0 90010aac 90010aa8 90010aa4 90010aa0 90010a9c 90010a98 90010a94 90010a90 90010a8c 90010a88 90010a84 90010a80 
sm   0 warp 1 0x80000454 0x0005217b lsu.r v  2 op 3 @ 90010afc 90010af8 90010af4 90010af0 90010aec 90010ae8 90010ae4 90010ae0 90010adc 90010ad8 90010ad4 90010ad0 90010acc 90010ac8 90010ac4 90010ac0 90010abc 90010ab8 90010ab4 90010ab0 90010aac 90010aa8 90010aa4 90010aa0 90010a9c 90010a98 90010a94 90010a90 90010a8c 90010a88 90010a84 90010a80
[L1C] #   2285 SM 0 CACHE 1 ADDR 90010a80
sm   0 warp 1 0x80000458 0x90101337 x  6  90101000
sm   0 warp 3 0x8000041c 0x02a34557 v 10 11111111111111111111111111111111 90010a7c 90010a78 90010a74 90010a70 90010a6c 90010a68 90010a64 90010a60 90010a5c 90010a58 90010a54 90010a50 90010a4c 90010a48 90010a44 90010a40 90010a3c 90010a38 90010a34 90010a30 90010a2c 90010a28 90010a24 90010a20 90010a1c 90010a18 90010a14 90010a10 90010a0c 90010a08 90010a04 90010a00 
sm   0 warp 0 0x8000045c 0xa8030313 x  6  90100a80
sm   0 warp 2 0x80000454 0x0005217b lsu.r v  2 op 3 @ 90010afc 90010af8 90010af4 90010af0 90010aec 90010ae8 90010ae4 90010ae0 90010adc 90010ad8 90010ad4 90010ad0 90010acc 90010ac8 90010ac4 90010ac0 90010abc 90010ab8 90010ab4 90010ab0 90010aac 90010aa8 90010aa4 90010aa0 90010a9c 90010a98 90010a94 90010a90 90010a8c 90010a88 90010a84 90010a80
[L1C] #   2288 SM 0 CACHE 0 ADDR 80000480
sm   0 warp 2 0x80000458 0x90101337 x  6  90101000
sm   0 warp 0 0x80000460 0x5208a557 v 10 11111111111111111111111111111111 0000001f 0000001e 0000001d 0000001c 0000001b 0000001a 00000019 00000018 00000017 00000016 00000015 00000014 00000013 00000012 00000011 00000010 0000000f 0000000e 0000000d 0000000c 0000000b 0000000a 00000009 00000008 00000007 00000006 00000005 00000004 00000003 00000002 00000001 00000000 
sm   0 warp 1 0x8000045c 0xa8030313 x  6  90100a80
sm   0 warp 2 0x8000045c 0xa8030313 x  6  90100a80
sm   0 warp 0 0x80000464 0x96a13557 v 10 11111111111111111111111111111111 0000007c 00000078 00000074 00000070 0000006c 00000068 00000064 00000060 0000005c 00000058 00000054 00000050 0000004c 00000048 00000044 00000040 0000003c 00000038 00000034 00000030 0000002c 00000028 00000024 00000020 0000001c 00000018 00000014 00000010 0000000c 00000008 00000004 00000000 
sm   0 warp 3 0x80000424 0x90101337 x  6  90101000
sm   0 warp 1 0x80000460 0x5208a557 v 10 11111111111111111111111111111111 0000001f 0000001e 0000001d 0000001c 0000001b 0000001a 00000019 00000018 00000017 00000016 00000015 00000014 00000013 00000012 00000011 00000010 0000000f 0000000e 0000000d 0000000c 0000000b 0000000a 00000009 00000008 00000007 00000006 00000005 00000004 00000003 00000002 00000001 00000000 
sm   0 warp 2 0x80000460 0x5208a557 v 10 11111111111111111111111111111111 0000001f 0000001e 0000001d 0000001c 0000001b 0000001a 00000019 00000018 00000017 00000016 00000015 00000014 00000013 00000012 00000011 00000010 0000000f 0000000e 0000000d 0000000c 0000000b 0000000a 00000009 00000008 00000007 00000006 00000005 00000004 00000003 00000002 00000001 00000000 
sm   0 warp 0 0x80000468 0x02a34557 v 10 11111111111111111111111111111111 90100afc 90100af8 90100af4 90100af0 90100aec 90100ae8 90100ae4 90100ae0 90100adc 90100ad8 90100ad4 90100ad0 90100acc 90100ac8 90100ac4 90100ac0 90100abc 90100ab8 90100ab4 90100ab0 90100aac 90100aa8 90100aa4 90100aa0 90100a9c 90100a98 90100a94 90100a90 90100a8c 90100a88 90100a84 90100a80 
sm   0 warp 1 0x80000464 0x96a13557 v 10 11111111111111111111111111111111 0000007c 00000078 00000074 00000070 0000006c 00000068 00000064 00000060 0000005c 00000058 00000054 00000050 0000004c 00000048 00000044 00000040 0000003c 00000038 00000034 00000030 0000002c 00000028 00000024 00000020 0000001c 00000018 00000014 00000010 0000000c 00000008 00000004 00000000 
sm   0 warp 2 0x80000464 0x96a13557 v 10 11111111111111111111111111111111 0000007c 00000078 00000074 00000070 0000006c 00000068 00000064 00000060 0000005c 00000058 00000054 00000050 0000004c 00000048 00000044 00000040 0000003c 00000038 00000034 00000030 0000002c 00000028 00000024 00000020 0000001c 00000018 00000014 00000010 0000000c 00000008 00000004 00000000 
sm   0 warp 0 0x80000454 0x0005217b v  2 11111111111111111111111111111111 bf800000 c0000000 c0400000 40400000 40000000 3f800000 00000000 bf800000 40400000 40000000 3f800000 00000000 bf800000 c0000000 c0400000 40400000 00000000 bf800000 c0000000 c0400000 40400000 40000000 3f800000 00000000 c0400000 40400000 40000000 3f800000 00000000 bf800000 c0000000 c0400000 
sm   0 warp 1 0x80000468 0x02a34557 v 10 11111111111111111111111111111111 90100afc 90100af8 90100af4 90100af0 90100aec 90100ae8 90100ae4 90100ae0 90100adc 90100ad8 90100ad4 90100ad0 90100acc 90100ac8 90100ac4 90100ac0 90100abc 90100ab8 90100ab4 90100ab0 90100aac 90100aa8 90100aa4 90100aa0 90100a9c 90100a98 90100a94 90100a90 90100a8c 90100a88 90100a84 90100a80 
sm   0 warp 3 0x80000420 0x0005217b lsu.r v  2 op 3 @ 90010a7c 90010a78 90010a74 90010a70 90010a6c 90010a68 90010a64 90010a60 90010a5c 90010a58 90010a54 90010a50 90010a4c 90010a48 90010a44 90010a40 90010a3c 90010a38 90010a34 90010a30 90010a2c 90010a28 90010a24 90010a20 90010a1c 90010a18 90010a14 90010a10 90010a0c 90010a08 90010a04 90010a00
sm   0 warp 2 0x80000468 0x02a34557 v 10 11111111111111111111111111111111 90100afc 90100af8 90100af4 90100af0 90100aec 90100ae8 90100ae4 90100ae0 90100adc 90100ad8 90100ad4 90100ad0 90100acc 90100ac8 90100ac4 90100ac0 90100abc 90100ab8 90100ab4 90100ab0 90100aac 90100aa8 90100aa4 90100aa0 90100a9c 90100a98 90100a94 90100a90 90100a8c 90100a88 90100a84 90100a80 
sm   0 warp 1 0x80000454 0x0005217b v  2 11111111111111111111111111111111 bf800000 c0000000 c0400000 40400000 40000000 3f800000 00000000 bf800000 40400000 40000000 3f800000 00000000 bf800000 c0000000 c0400000 40400000 00000000 bf800000 c0000000 c0400000 40400000 40000000 3f800000 00000000 c0400000 40400000 40000000 3f800000 00000000 bf800000 c0000000 c0400000 
sm   0 warp 2 0x80000454 0x0005217b v  2 11111111111111111111111111111111 bf800000 c0000000 c0400000 40400000 40000000 3f800000 00000000 bf800000 40400000 40000000 3f800000 00000000 bf800000 c0000000 c0400000 40400000 00000000 bf800000 c0000000 c0400000 40400000 40000000 3f800000 00000000 c0400000 40400000 40000000 3f800000 00000000 bf800000 c0000000 c0400000 
sm   0 warp 0 0x8000046c 0x000521fb lsu.r v  3 op 3 @ 90100afc 90100af8 90100af4 90100af0 90100aec 90100ae8 90100ae4 90100ae0 90100adc 90100ad8 90100ad4 90100ad0 90100acc 90100ac8 90100ac4 90100ac0 90100abc 90100ab8 90100ab4 90100ab0 90100aac 90100aa8 90100aa4 90100aa0 90100a9c 90100a98 90100a94 90100a90 90100a8c 90100a88 90100a84 90100a80
sm   0 warp 3 0x80000420 0x0005217b v  2 11111111111111111111111111111111 bf800000 c0000000 c0400000 40400000 40000000 3f800000 00000000 bf800000 40400000 40000000 3f800000 00000000 bf800000 c0000000 c0400000 40400000 00000000 bf800000 c0000000 c0400000 40400000 40000000 3f800000 00000000 c0400000 40400000 40000000 3f800000 00000000 bf800000 c0000000 c0400000 
sm   0 warp 1 0x8000046c 0x000521fb lsu.r v  3 op 3 @ 90100afc 90100af8 90100af4 90100af0 90100aec 90100ae8 90100ae4 90100ae0 90100adc 90100ad8 90100ad4 90100ad0 90100acc 90100ac8 90100ac4 90100ac0 90100abc 90100ab8 90100ab4 90100ab0 90100aac 90100aa8 90100aa4 90100aa0 90100a9c 90100a98 90100a94 90100a90 90100a8c 90100a88 90100a84 90100a80
[L1C] #   2315 SM 0 CACHE 1 ADDR 90100a80
sm   0 warp 2 0x8000046c 0x000521fb lsu.r v  3 op 3 @ 90100afc 90100af8 90100af4 90100af0 90100aec 90100ae8 90100ae4 90100ae0 90100adc 90100ad8 90100ad4 90100ad0 90100acc 90100ac8 90100ac4 90100ac0 90100abc 90100ab8 90100ab4 90100ab0 90100aac 90100aa8 90100aa4 90100aa0 90100a9c 90100a98 90100a94 90100a90 90100a8c 90100a88 90100a84 90100a80
sm   0 warp 3 0x80000428 0xa0030313 x  6  90100a00
sm   0 warp 3 0x8000042c 0x5208a557 v 10 11111111111111111111111111111111 0000001f 0000001e 0000001d 0000001c 0000001b 0000001a 00000019 00000018 00000017 00000016 00000015 00000014 00000013 00000012 00000011 00000010 0000000f 0000000e 0000000d 0000000c 0000000b 0000000a 00000009 00000008 00000007 00000006 00000005 00000004 00000003 00000002 00000001 00000000 
sm   0 warp 3 0x80000430 0x96a13557 v 10 11111111111111111111111111111111 0000007c 00000078 00000074 00000070 0000006c 00000068 00000064 00000060 0000005c 00000058 00000054 00000050 0000004c 00000048 00000044 00000040 0000003c 00000038 00000034 00000030 0000002c 00000028 00000024 00000020 0000001c 00000018 00000014 00000010 0000000c 00000008 00000004 00000000 
sm   0 warp 3 0x80000434 0x02a34557 v 10 11111111111111111111111111111111 90100a7c 90100a78 90100a74 90100a70 90100a6c 90100a68 90100a64 90100a60 90100a5c 90100a58 90100a54 90100a50 90100a4c 90100a48 90100a44 90100a40 90100a3c 90100a38 90100a34 90100a30 90100a2c 90100a28 90100a24 90100a20 90100a1c 90100a18 90100a14 90100a10 90100a0c 90100a08 90100a04 90100a00 
sm   0 warp 1 0x8000046c 0x000521fb v  3 11111111111111111111111111111111 3f800000 00000000 bf800000 c0000000 40000000 3f800000 00000000 bf800000 bf800000 c0000000 40000000 3f800000 00000000 bf800000 c0000000 40000000 40000000 3f800000 00000000 bf800000 c0000000 40000000 3f800000 00000000 00000000 bf800000 c0000000 40000000 3f800000 00000000 bf800000 c0000000 
sm   0 warp 0 0x8000046c 0x000521fb v  3 11111111111111111111111111111111 3f800000 00000000 bf800000 c0000000 40000000 3f800000 00000000 bf800000 bf800000 c0000000 40000000 3f800000 00000000 bf800000 c0000000 40000000 40000000 3f800000 00000000 bf800000 c0000000 40000000 3f800000 00000000 00000000 bf800000 c0000000 40000000 3f800000 00000000 bf800000 c0000000 
sm   0 warp 2 0x8000046c 0x000521fb v  3 11111111111111111111111111111111 3f800000 00000000 bf800000 c0000000 40000000 3f800000 00000000 bf800000 bf800000 c0000000 40000000 3f800000 00000000 bf800000 c0000000 40000000 40000000 3f800000 00000000 bf800000 c0000000 40000000 3f800000 00000000 00000000 bf800000 c0000000 40000000 3f800000 00000000 bf800000 c0000000 
sm   0 warp 3 0x80000438 0x000521fb lsu.r v  3 op 3 @ 90100a7c 90100a78 90100a74 90100a70 90100a6c 90100a68 90100a64 90100a60 90100a5c 90100a58 90100a54 90100a50 90100a4c 90100a48 90100a44 90100a40 90100a3c 90100a38 90100a34 90100a30 90100a2c 90100a28 90100a24 90100a20 90100a1c 90100a18 90100a14 90100a10 90100a0c 90100a08 90100a04 90100a00
sm   0 warp 1 0x80000474 0x90011337 x  6  90011000
sm   0 warp 0 0x80000474 0x90011337 x  6  90011000
sm   0 warp 2 0x80000474 0x90011337 x  6  90011000
sm   0 warp 3 0x80000438 0x000521fb v  3 11111111111111111111111111111111 3f800000 00000000 bf800000 c0000000 40000000 3f800000 00000000 bf800000 bf800000 c0000000 40000000 3f800000 00000000 bf800000 c0000000 40000000 40000000 3f800000 00000000 bf800000 c0000000 40000000 3f800000 00000000 00000000 bf800000 c0000000 40000000 3f800000 00000000 bf800000 c0000000 
sm   0 warp 1 0x80000478 0xb0030313 x  6  90010b00
sm   0 warp 0 0x80000478 0xb0030313 x  6  90010b00
sm   0 warp 1 0x8000047c 0x5208a557 v 10 11111111111111111111111111111111 0000001f 0000001e 0000001d 0000001c 0000001b 0000001a 00000019 00000018 00000017 00000016 00000015 00000014 00000013 00000012 00000011 00000010 0000000f 0000000e 0000000d 0000000c 0000000b 0000000a 00000009 00000008 00000007 00000006 00000005 00000004 00000003 00000002 00000001 00000000 
sm   0 warp 2 0x80000478 0xb0030313 x  6  90010b00
sm   0 warp 0 0x8000047c 0x5208a557 v 10 11111111111111111111111111111111 0000001f 0000001e 0000001d 0000001c 0000001b 0000001a 00000019 00000018 00000017 00000016 00000015 00000014 00000013 00000012 00000011 00000010 0000000f 0000000e 0000000d 0000000c 0000000b 0000000a 00000009 00000008 00000007 00000006 00000005 00000004 00000003 00000002 00000001 00000000 
sm   0 warp 1 0x80000470 0x0e31408b v  1 11111111111111111111111111111111 00000000 00000000 00000000 00000000 00000000 00000000 00000000 00000000 00000000 00000000 00000000 00000000 00000000 00000000 00000000 00000000 42300000 c1b00000 c3460000 43c60000 c2dc0000 43460000 42840000 c3300000 43b00000 c3460000 41b00000 41b00000 c2dc0000 41b00000 c3300000 42840000 
sm   0 warp 0 0x80000470 0x0e31408b v  1 11111111111111111111111111111111 00000000 00000000 00000000 00000000 00000000 00000000 00000000 00000000 00000000 00000000 00000000 00000000 00000000 00000000 00000000 00000000 42300000 c1b00000 c3460000 43c60000 c2dc0000 43460000 42840000 c3300000 43b00000 c3460000 41b00000 41b00000 c2dc0000 41b00000 c3300000 42840000 
sm   0 warp 3 0x80000440 0x90011337 x  6  90011000
sm   0 warp 2 0x8000047c 0x5208a557 v 10 11111111111111111111111111111111 0000001f 0000001e 0000001d 0000001c 0000001b 0000001a 00000019 00000018 00000017 00000016 00000015 00000014 00000013 00000012 00000011 00000010 0000000f 0000000e 0000000d 0000000c 0000000b 0000000a 00000009 00000008 00000007 00000006 00000005 00000004 00000003 00000002 00000001 00000000 
sm   0 warp 1 0x80000480 0x96a13557 v 10 11111111111111111111111111111111 0000007c 00000078 00000074 00000070 0000006c 00000068 00000064 00000060 0000005c 00000058 00000054 00000050 0000004c 00000048 00000044 00000040 0000003c 00000038 00000034 00000030 0000002c 00000028 00000024 00000020 0000001c 00000018 00000014 00000010 0000000c 00000008 00000004 00000000 
sm   0 warp 2 0x80000470 0x0e31408b v  1 11111111111111111111111111111111 00000000 00000000 00000000 00000000 00000000 00000000 00000000 00000000 00000000 00000000 00000000 00000000 00000000 00000000 00000000 00000000 42300000 c1b00000 c3460000 43c60000 c2dc0000 43460000 42840000 c3300000 43b00000 c3460000 41b00000 41b00000 c2dc0000 41b00000 c3300000 42840000 
sm   0 warp 0 0x80000480 0x96a13557 v 10 11111111111111111111111111111111 0000007c 00000078 00000074 00000070 0000006c 00000068 00000064 00000060 0000005c 00000058 00000054 00000050 0000004c 00000048 00000044 00000040 0000003c 00000038 00000034 00000030 0000002c 00000028 00000024 00000020 0000001c 00000018 00000014 00000010 0000000c 00000008 00000004 00000000 
sm   0 warp 3 0x80000444 0xa8030313 x  6  90010a80
sm   0 warp 2 0x80000480 0x96a13557 v 10 11111111111111111111111111111111 0000007c 00000078 00000074 00000070 0000006c 00000068 00000064 00000060 0000005c 00000058 00000054 00000050 0000004c 00000048 00000044 00000040 0000003c 00000038 00000034 00000030 0000002c 00000028 00000024 00000020 0000001c 00000018 00000014 00000010 0000000c 00000008 00000004 00000000 
sm   0 warp 1 0x80000484 0x02a34557 v 10 11111111111111111111111111111111 90010b7c 90010b78 90010b74 90010b70 90010b6c 90010b68 90010b64 90010b60 90010b5c 90010b58 90010b54 90010b50 90010b4c 90010b48 90010b44 90010b40 90010b3c 90010b38 90010b34 90010b30 90010b2c 90010b28 90010b24 90010b20 90010b1c 90010b18 90010b14 90010b10 90010b0c 90010b08 90010b04 90010b00 
sm   0 warp 3 0x80000448 0x5208a557 v 10 11111111111111111111111111111111 0000001f 0000001e 0000001d 0000001c 0000001b 0000001a 00000019 00000018 00000017 00000016 00000015 00000014 00000013 00000012 00000011 00000010 0000000f 0000000e 0000000d 0000000c 0000000b 0000000a 00000009 00000008 00000007 00000006 00000005 00000004 00000003 00000002 00000001 00000000 
sm   0 warp 0 0x80000484 0x02a34557 v 10 11111111111111111111111111111111 90010b7c 90010b78 90010b74 90010b70 90010b6c 90010b68 90010b64 90010b60 90010b5c 90010b58 90010b54 90010b50 90010b4c 90010b48 90010b44 90010b40 90010b3c 90010b38 90010b34 90010b30 90010b2c 90010b28 90010b24 90010b20 90010b1c 90010b18 90010b14 90010b10 90010b0c 90010b08 90010b04 90010b00 
sm   0 warp 3 0x8000043c 0x0e31408b v  1 11111111111111111111111111111111 00000000 00000000 00000000 00000000 00000000 00000000 00000000 00000000 00000000 00000000 00000000 00000000 00000000 00000000 00000000 00000000 42280000 c1a80000 c33d0000 43bd0000 c2d20000 433d0000 427c0000 c3280000 43a80000 c33d0000 41a80000 41a80000 c2d20000 41a80000 c3280000 427c0000 
sm   0 warp 2 0x80000484 0x02a34557 v 10 11111111111111111111111111111111 90010b7c 90010b78 90010b74 90010b70 90010b6c 90010b68 90010b64 90010b60 90010b5c 90010b58 90010b54 90010b50 90010b4c 90010b48 90010b44 90010b40 90010b3c 90010b38 90010b34 90010b30 90010b2c 90010b28 90010b24 90010b20 90010b1c 90010b18 90010b14 90010b10 90010b0c 90010b08 90010b04 90010b00 
sm   0 warp 3 0x8000044c 0x96a13557 v 10 11111111111111111111111111111111 0000007c 00000078 00000074 00000070 0000006c 00000068 00000064 00000060 0000005c 00000058 00000054 00000050 0000004c 00000048 00000044 00000040 0000003c 00000038 00000034 00000030 0000002c 00000028 00000024 00000020 0000001c 00000018 00000014 00000010 0000000c 00000008 00000004 00000000 
sm   0 warp 1 0x80000488 0x0005217b lsu.r v  2 op 3 @ 90010b7c 90010b78 90010b74 90010b70 90010b6c 90010b68 90010b64 90010b60 90010b5c 90010b58 90010b54 90010b50 90010b4c 90010b48 90010b44 90010b40 90010b3c 90010b38 90010b34 90010b30 90010b2c 90010b28 90010b24 90010b20 90010b1c 90010b18 90010b14 90010b10 90010b0c 90010b08 90010b04 90010b00
sm   0 warp 1 0x8000048c 0x90101337 x  6  90101000
sm   0 warp 0 0x8000048c 0x90101337 x  6  90101000
sm   0 warp 0 0x80000488 0x0005217b lsu.r v  2 op 3 @ 90010b7c 90010b78 90010b74 90010b70 90010b6c 90010b68 90010b64 90010b60 90010b5c 90010b58 90010b54 90010b50 90010b4c 90010b48 90010b44 90010b40 90010b3c 90010b38 90010b34 90010b30 90010b2c 90010b28 90010b24 90010b20 90010b1c 90010b18 90010b14 90010b10 90010b0c 90010b08 90010b04 90010b00
[L1C] #   2370 SM 0 CACHE 1 ADDR 90010b00
sm   0 warp 2 0x8000048c 0x90101337 x  6  90101000
sm   0 warp 3 0x80000450 0x02a34557 v 10 11111111111111111111111111111111 90010afc 90010af8 90010af4 90010af0 90010aec 90010ae8 90010ae4 90010ae0 90010adc 90010ad8 90010ad4 90010ad0 90010acc 90010ac8 90010ac4 90010ac0 90010abc 90010ab8 90010ab4 90010ab0 90010aac 90010aa8 90010aa4 90010aa0 90010a9c 90010a98 90010a94 90010a90 90010a8c 90010a88 90010a84 90010a80 
sm   0 warp 1 0x80000490 0xb0030313 x  6  90100b00
sm   0 warp 2 0x80000488 0x0005217b lsu.r v  2 op 3 @ 90010b7c 90010b78 90010b74 90010b70 90010b6c 90010b68 90010b64 90010b60 90010b5c 90010b58 90010b54 90010b50 90010b4c 90010b48 90010b44 90010b40 90010b3c 90010b38 90010b34 90010b30 90010b2c 90010b28 90010b24 90010b20 90010b1c 90010b18 90010b14 90010b10 90010b0c 90010b08 90010b04 90010b00
sm   0 warp 0 0x80000490 0xb0030313 x  6  90100b00
sm   0 warp 1 0x80000494 0x5208a557 v 10 11111111111111111111111111111111 0000001f 0000001e 0000001d 0000001c 0000001b 0000001a 00000019 00000018 00000017 00000016 00000015 00000014 00000013 00000012 00000011 00000010 0000000f 0000000e 0000000d 0000000c 0000000b 0000000a 00000009 00000008 00000007 00000006 00000005 00000004 00000003 00000002 00000001 00000000 
sm   0 warp 2 0x80000490 0xb0030313 x  6  90100b00
sm   0 warp 0 0x80000494 0x5208a557 v 10 11111111111111111111111111111111 0000001f 0000001e 0000001d 0000001c 0000001b 0000001a 00000019 00000018 00000017 00000016 00000015 00000014 00000013 00000012 00000011 00000010 0000000f 0000000e 0000000d 0000000c 0000000b 0000000a 00000009 00000008 00000007 00000006 00000005 00000004 00000003 00000002 00000001 00000000 
sm   0 warp 2 0x80000494 0x5208a557 v 10 11111111111111111111111111111111 0000001f 0000001e 0000001d 0000001c 0000001b 0000001a 00000019 00000018 00000017 00000016 00000015 00000014 00000013 00000012 00000011 00000010 0000000f 0000000e 0000000d 0000000c 0000000b 0000000a 00000009 00000008 00000007 00000006 00000005 00000004 00000003 00000002 00000001 00000000 
sm   0 warp 3 0x80000458 0x90101337 x  6  90101000
sm   0 warp 1 0x80000498 0x96a13557 v 10 11111111111111111111111111111111 0000007c 00000078 00000074 00000070 0000006c 00000068 00000064 00000060 0000005c 00000058 00000054 00000050 0000004c 00000048 00000044 00000040 0000003c 00000038 00000034 00000030 0000002c 00000028 00000024 00000020 0000001c 00000018 00000014 00000010 0000000c 00000008 00000004 00000000 
sm   0 warp 0 0x80000498 0x96a13557 v 10 11111111111111111111111111111111 0000007c 00000078 00000074 00000070 0000006c 00000068 00000064 00000060 0000005c 00000058 00000054 00000050 0000004c 00000048 00000044 00000040 0000003c 00000038 00000034 00000030 0000002c 00000028 00000024 00000020 0000001c 00000018 00000014 00000010 0000000c 00000008 00000004 00000000 
sm   0 warp 2 0x80000498 0x96a13557 v 10 11111111111111111111111111111111 0000007c 00000078 00000074 00000070 0000006c 00000068 00000064 00000060 0000005c 00000058 00000054 00000050 0000004c 00000048 00000044 00000040 0000003c 00000038 00000034 00000030 0000002c 00000028 00000024 00000020 0000001c 00000018 00000014 00000010 0000000c 00000008 00000004 00000000 
sm   0 warp 3 0x8000045c 0xa8030313 x  6  90100a80
sm   0 warp 1 0x8000049c 0x02a34557 v 10 11111111111111111111111111111111 90100b7c 90100b78 90100b74 90100b70 90100b6c 90100b68 90100b64 90100b60 90100b5c 90100b58 90100b54 90100b50 90100b4c 90100b48 90100b44 90100b40 90100b3c 90100b38 90100b34 90100b30 90100b2c 90100b28 90100b24 90100b20 90100b1c 90100b18 90100b14 90100b10 90100b0c 90100b08 90100b04 90100b00 
sm   0 warp 0 0x8000049c 0x02a34557 v 10 11111111111111111111111111111111 90100b7c 90100b78 90100b74 90100b70 90100b6c 90100b68 90100b64 90100b60 90100b5c 90100b58 90100b54 90100b50 90100b4c 90100b48 90100b44 90100b40 90100b3c 90100b38 90100b34 90100b30 90100b2c 90100b28 90100b24 90100b20 90100b1c 90100b18 90100b14 90100b10 90100b0c 90100b08 90100b04 90100b00 
sm   0 warp 3 0x80000460 0x5208a557 v 10 11111111111111111111111111111111 0000001f 0000001e 0000001d 0000001c 0000001b 0000001a 00000019 00000018 00000017 00000016 00000015 00000014 00000013 00000012 00000011 00000010 0000000f 0000000e 0000000d 0000000c 0000000b 0000000a 00000009 00000008 00000007 00000006 00000005 00000004 00000003 00000002 00000001 00000000 
sm   0 warp 2 0x8000049c 0x02a34557 v 10 11111111111111111111111111111111 90100b7c 90100b78 90100b74 90100b70 90100b6c 90100b68 90100b64 90100b60 90100b5c 90100b58 90100b54 90100b50 90100b4c 90100b48 90100b44 90100b40 90100b3c 90100b38 90100b34 90100b30 90100b2c 90100b28 90100b24 90100b20 90100b1c 90100b18 90100b14 90100b10 90100b0c 90100b08 90100b04 90100b00 
sm   0 warp 3 0x80000454 0x0005217b lsu.r v  2 op 3 @ 90010afc 90010af8 90010af4 90010af0 90010aec 90010ae8 90010ae4 90010ae0 90010adc 90010ad8 90010ad4 90010ad0 90010acc 90010ac8 90010ac4 90010ac0 90010abc 90010ab8 90010ab4 90010ab0 90010aac 90010aa8 90010aa4 90010aa0 90010a9c 90010a98 90010a94 90010a90 90010a8c 90010a88 90010a84 90010a80
sm   0 warp 1 0x80000488 0x0005217b v  2 11111111111111111111111111111111 bf800000 c0000000 c0400000 40400000 40000000 3f800000 00000000 bf800000 40400000 40000000 3f800000 00000000 bf800000 c0000000 c0400000 40400000 00000000 bf800000 c0000000 c0400000 40400000 40000000 3f800000 00000000 c0400000 40400000 40000000 3f800000 00000000 bf800000 c0000000 c0400000 
sm   0 warp 0 0x80000488 0x0005217b v  2 11111111111111111111111111111111 bf800000 c0000000 c0400000 40400000 40000000 3f800000 00000000 bf800000 40400000 40000000 3f800000 00000000 bf800000 c0000000 c0400000 40400000 00000000 bf800000 c0000000 c0400000 40400000 40000000 3f800000 00000000 c0400000 40400000 40000000 3f800000 00000000 bf800000 c0000000 c0400000 
sm   0 warp 1 0x800004a0 0x000521fb lsu.r v  3 op 3 @ 90100b7c 90100b78 90100b74 90100b70 90100b6c 90100b68 90100b64 90100b60 90100b5c 90100b58 90100b54 90100b50 90100b4c 90100b48 90100b44 90100b40 90100b3c 90100b38 90100b34 90100b30 90100b2c 90100b28 90100b24 90100b20 90100b1c 90100b18 90100b14 90100b10 90100b0c 90100b08 90100b04 90100b00
sm   0 warp 2 0x80000488 0x0005217b v  2 11111111111111111111111111111111 bf800000 c0000000 c0400000 40400000 40000000 3f800000 00000000 bf800000 40400000 40000000 3f800000 00000000 bf800000 c0000000 c0400000 40400000 00000000 bf800000 c0000000 c0400000 40400000 40000000 3f800000 00000000 c0400000 40400000 40000000 3f800000 00000000 bf800000 c0000000 c0400000 
sm   0 warp 3 0x80000464 0x96a13557 v 10 11111111111111111111111111111111 0000007c 00000078 00000074 00000070 0000006c 00000068 00000064 00000060 0000005c 00000058 00000054 00000050 0000004c 00000048 00000044 00000040 0000003c 00000038 00000034 00000030 0000002c 00000028 00000024 00000020 0000001c 00000018 00000014 00000010 0000000c 00000008 00000004 00000000 
sm   0 warp 0 0x800004a0 0x000521fb lsu.r v  3 op 3 @ 90100b7c 90100b78 90100b74 90100b70 90100b6c 90100b68 90100b64 90100b60 90100b5c 90100b58 90100b54 90100b50 90100b4c 90100b48 90100b44 90100b40 90100b3c 90100b38 90100b34 90100b30 90100b2c 90100b28 90100b24 90100b20 90100b1c 90100b18 90100b14 90100b10 90100b0c 90100b08 90100b04 90100b00
[L1C] #   2397 SM 0 CACHE 1 ADDR 90100b00
sm   0 warp 3 0x80000454 0x0005217b v  2 11111111111111111111111111111111 bf800000 c0000000 c0400000 40400000 40000000 3f800000 00000000 bf800000 40400000 40000000 3f800000 00000000 bf800000 c0000000 c0400000 40400000 00000000 bf800000 c0000000 c0400000 40400000 40000000 3f800000 00000000 c0400000 40400000 40000000 3f800000 00000000 bf800000 c0000000 c0400000 
sm   0 warp 2 0x800004a0 0x000521fb lsu.r v  3 op 3 @ 90100b7c 90100b78 90100b74 90100b70 90100b6c 90100b68 90100b64 90100b60 90100b5c 90100b58 90100b54 90100b50 90100b4c 90100b48 90100b44 90100b40 90100b3c 90100b38 90100b34 90100b30 90100b2c 90100b28 90100b24 90100b20 90100b1c 90100b18 90100b14 90100b10 90100b0c 90100b08 90100b04 90100b00
sm   0 warp 3 0x80000468 0x02a34557 v 10 11111111111111111111111111111111 90100afc 90100af8 90100af4 90100af0 90100aec 90100ae8 90100ae4 90100ae0 90100adc 90100ad8 90100ad4 90100ad0 90100acc 90100ac8 90100ac4 90100ac0 90100abc 90100ab8 90100ab4 90100ab0 90100aac 90100aa8 90100aa4 90100aa0 90100a9c 90100a98 90100a94 90100a90 90100a8c 90100a88 90100a84 90100a80 
sm   0 warp 1 0x800004a0 0x000521fb v  3 11111111111111111111111111111111 3f800000 00000000 bf800000 c0000000 40000000 3f800000 00000000 bf800000 bf800000 c0000000 40000000 3f800000 00000000 bf800000 c0000000 40000000 40000000 3f800000 00000000 bf800000 c0000000 40000000 3f800000 00000000 00000000 bf800000 c0000000 40000000 3f800000 00000000 bf800000 c0000000 
sm   0 warp 3 0x8000046c 0x000521fb lsu.r v  3 op 3 @ 90100afc 90100af8 90100af4 90100af0 90100aec 90100ae8 90100ae4 90100ae0 90100adc 90100ad8 90100ad4 90100ad0 90100acc 90100ac8 90100ac4 90100ac0 90100abc 90100ab8 90100ab4 90100ab0 90100aac 90100aa8 90100aa4 90100aa0 90100a9c 90100a98 90100a94 90100a90 90100a8c 90100a88 90100a84 90100a80
sm   0 warp 0 0x800004a0 0x000521fb v  3 11111111111111111111111111111111 3f800000 00000000 bf800000 c0000000 40000000 3f800000 00000000 bf800000 bf800000 c0000000 40000000 3f800000 00000000 bf800000 c0000000 40000000 40000000 3f800000 00000000 bf800000 c0000000 40000000 3f800000 00000000 00000000 bf800000 c0000000 40000000 3f800000 00000000 bf800000 c0000000 
sm   0 warp 1 0x800004a8 0x90011337 x  6  90011000
sm   0 warp 2 0x800004a0 0x000521fb v  3 11111111111111111111111111111111 3f800000 00000000 bf800000 c0000000 40000000 3f800000 00000000 bf800000 bf800000 c0000000 40000000 3f800000 00000000 bf800000 c0000000 40000000 40000000 3f800000 00000000 bf800000 c0000000 40000000 3f800000 00000000 00000000 bf800000 c0000000 40000000 3f800000 00000000 bf800000 c0000000 
sm   0 warp 3 0x8000046c 0x000521fb v  3 11111111111111111111111111111111 3f800000 00000000 bf800000 c0000000 40000000 3f800000 00000000 bf800000 bf800000 c0000000 40000000 3f800000 00000000 bf800000 c0000000 40000000 40000000 3f800000 00000000 bf800000 c0000000 40000000 3f800000 00000000 00000000 bf800000 c0000000 40000000 3f800000 00000000 bf800000 c0000000 
sm   0 warp 0 0x800004a8 0x90011337 x  6  90011000
sm   0 warp 1 0x800004ac 0xb8030313 x  6  90010b80
sm   0 warp 2 0x800004a8 0x90011337 x  6  90011000
sm   0 warp 1 0x800004b0 0x5208a557 v 10 11111111111111111111111111111111 0000001f 0000001e 0000001d 0000001c 0000001b 0000001a 00000019 00000018 00000017 00000016 00000015 00000014 00000013 00000012 00000011 00000010 0000000f 0000000e 0000000d 0000000c 0000000b 0000000a 00000009 00000008 00000007 00000006 00000005 00000004 00000003 00000002 00000001 00000000 
sm   0 warp 1 0x800004a4 0x0e31408b v  1 11111111111111111111111111111111 00000000 00000000 00000000 00000000 00000000 00000000 00000000 00000000 00000000 00000000 00000000 00000000 00000000 00000000 00000000 00000000 42380000 c1b80000 c34f0000 43cf0000 c2e60000 434f0000 428a0000 c3380000 43b80000 c34f0000 41b80000 41b80000 c2e60000 41b80000 c3380000 428a0000 
sm   0 warp 0 0x800004ac 0xb8030313 x  6  90010b80
sm   0 warp 3 0x80000474 0x90011337 x  6  90011000
sm   0 warp 2 0x800004ac 0xb8030313 x  6  90010b80
sm   0 warp 0 0x800004b0 0x5208a557 v 10 11111111111111111111111111111111 0000001f 0000001e 0000001d 0000001c 0000001b 0000001a 00000019 00000018 00000017 00000016 00000015 00000014 00000013 00000012 00000011 00000010 0000000f 0000000e 0000000d 0000000c 0000000b 0000000a 00000009 00000008 00000007 00000006 00000005 00000004 00000003 00000002 00000001 00000000 
sm   0 warp 1 0x800004b4 0x96a13557 v 10 11111111111111111111111111111111 0000007c 00000078 00000074 00000070 0000006c 00000068 00000064 00000060 0000005c 00000058 00000054 00000050 0000004c 00000048 00000044 00000040 0000003c 00000038 00000034 00000030 0000002c 00000028 00000024 00000020 0000001c 00000018 00000014 00000010 0000000c 00000008 00000004 00000000 
sm   0 warp 2 0x800004b0 0x5208a557 v 10 11111111111111111111111111111111 0000001f 0000001e 0000001d 0000001c 0000001b 0000001a 00000019 00000018 00000017 00000016 00000015 00000014 00000013 00000012 00000011 00000010 0000000f 0000000e 0000000d 0000000c 0000000b 0000000a 00000009 00000008 00000007 00000006 00000005 00000004 00000003 00000002 00000001 00000000 
sm   0 warp 0 0x800004a4 0x0e31408b v  1 11111111111111111111111111111111 00000000 00000000 00000000 00000000 00000000 00000000 00000000 00000000 00000000 00000000 00000000 00000000 00000000 00000000 00000000 00000000 42380000 c1b80000 c34f0000 43cf0000 c2e60000 434f0000 428a0000 c3380000 43b80000 c34f0000 41b80000 41b80000 c2e60000 41b80000 c3380000 428a0000 
sm   0 warp 3 0x80000478 0xb0030313 x  6  90010b00
sm   0 warp 2 0x800004a4 0x0e31408b v  1 11111111111111111111111111111111 00000000 00000000 00000000 00000000 00000000 00000000 00000000 00000000 00000000 00000000 00000000 00000000 00000000 00000000 00000000 00000000 42380000 c1b80000 c34f0000 43cf0000 c2e60000 434f0000 428a0000 c3380000 43b80000 c34f0000 41b80000 41b80000 c2e60000 41b80000 c3380000 428a0000 
sm   0 warp 0 0x800004b4 0x96a13557 v 10 11111111111111111111111111111111 0000007c 00000078 00000074 00000070 0000006c 00000068 00000064 00000060 0000005c 00000058 00000054 00000050 0000004c 00000048 00000044 00000040 0000003c 00000038 00000034 00000030 0000002c 00000028 00000024 00000020 0000001c 00000018 00000014 00000010 0000000c 00000008 00000004 00000000 
sm   0 warp 1 0x800004b8 0x02a34557 v 10 11111111111111111111111111111111 90010bfc 90010bf8 90010bf4 90010bf0 90010bec 90010be8 90010be4 90010be0 90010bdc 90010bd8 90010bd4 90010bd0 90010bcc 90010bc8 90010bc4 90010bc0 90010bbc 90010bb8 90010bb4 90010bb0 90010bac 90010ba8 90010ba4 90010ba0 90010b9c 90010b98 90010b94 90010b90 90010b8c 90010b88 90010b84 90010b80 
sm   0 warp 3 0x8000047c 0x5208a557 v 10 11111111111111111111111111111111 0000001f 0000001e 0000001d 0000001c 0000001b 0000001a 00000019 00000018 00000017 00000016 00000015 00000014 00000013 00000012 00000011 00000010 0000000f 0000000e 0000000d 0000000c 0000000b 0000000a 00000009 00000008 00000007 00000006 00000005 00000004 00000003 00000002 00000001 00000000 
sm   0 warp 2 0x800004b4 0x96a13557 v 10 11111111111111111111111111111111 0000007c 00000078 00000074 00000070 0000006c 00000068 00000064 00000060 0000005c 00000058 00000054 00000050 0000004c 00000048 00000044 00000040 0000003c 00000038 00000034 00000030 0000002c 00000028 00000024 00000020 0000001c 00000018 00000014 00000010 0000000c 00000008 00000004 00000000 
sm   0 warp 3 0x80000470 0x0e31408b v  1 11111111111111111111111111111111 00000000 00000000 00000000 00000000 00000000 00000000 00000000 00000000 00000000 00000000 00000000 00000000 00000000 00000000 00000000 00000000 42300000 c1b00000 c3460000 43c60000 c2dc0000 43460000 42840000 c3300000 43b00000 c3460000 41b00000 41b00000 c2dc0000 41b00000 c3300000 42840000 
sm   0 warp 0 0x800004b8 0x02a34557 v 10 11111111111111111111111111111111 90010bfc 90010bf8 90010bf4 90010bf0 90010bec 90010be8 90010be4 90010be0 90010bdc 90010bd8 90010bd4 90010bd0 90010bcc 90010bc8 90010bc4 90010bc0 90010bbc 90010bb8 90010bb4 90010bb0 90010bac 90010ba8 90010ba4 90010ba0 90010b9c 90010b98 90010b94 90010b90 90010b8c 90010b88 90010b84 90010b80 
sm   0 warp 3 0x80000480 0x96a13557 v 10 11111111111111111111111111111111 0000007c 00000078 00000074 00000070 0000006c 00000068 00000064 00000060 0000005c 00000058 00000054 00000050 0000004c 00000048 00000044 00000040 0000003c 00000038 00000034 00000030 0000002c 00000028 00000024 00000020 0000001c 00000018 00000014 00000010 0000000c 00000008 00000004 00000000 
sm   0 warp 1 0x800004bc 0x0005217b lsu.r v  2 op 3 @ 90010bfc 90010bf8 90010bf4 90010bf0 90010bec 90010be8 90010be4 90010be0 90010bdc 90010bd8 90010bd4 90010bd0 90010bcc 90010bc8 90010bc4 90010bc0 90010bbc 90010bb8 90010bb4 90010bb0 90010bac 90010ba8 90010ba4 90010ba0 90010b9c 90010b98 90010b94 90010b90 90010b8c 90010b88 90010b84 90010b80
sm   0 warp 1 0x800004c0 0x90101337 x  6  90101000
sm   0 warp 2 0x800004b8 0x02a34557 v 10 11111111111111111111111111111111 90010bfc 90010bf8 90010bf4 90010bf0 90010bec 90010be8 90010be4 90010be0 90010bdc 90010bd8 90010bd4 90010bd0 90010bcc 90010bc8 90010bc4 90010bc0 90010bbc 90010bb8 90010bb4 90010bb0 90010bac 90010ba8 90010ba4 90010ba0 90010b9c 90010b98 90010b94 90010b90 90010b8c 90010b88 90010b84 90010b80 
sm   0 warp 0 0x800004bc 0x0005217b lsu.r v  2 op 3 @ 90010bfc 90010bf8 90010bf4 90010bf0 90010bec 90010be8 90010be4 90010be0 90010bdc 90010bd8 90010bd4 90010bd0 90010bcc 90010bc8 90010bc4 90010bc0 90010bbc 90010bb8 90010bb4 90010bb0 90010bac 90010ba8 90010ba4 90010ba0 90010b9c 90010b98 90010b94 90010b90 90010b8c 90010b88 90010b84 90010b80
[L1C] #   2450 SM 0 CACHE 1 ADDR 90010b80
sm   0 warp 0 0x800004c0 0x90101337 x  6  90101000
sm   0 warp 3 0x80000484 0x02a34557 v 10 11111111111111111111111111111111 90010b7c 90010b78 90010b74 90010b70 90010b6c 90010b68 90010b64 90010b60 90010b5c 90010b58 90010b54 90010b50 90010b4c 90010b48 90010b44 90010b40 90010b3c 90010b38 90010b34 90010b30 90010b2c 90010b28 90010b24 90010b20 90010b1c 90010b18 90010b14 90010b10 90010b0c 90010b08 90010b04 90010b00 
sm   0 warp 1 0x800004c4 0xb8030313 x  6  90100b80
sm   0 warp 2 0x800004bc 0x0005217b lsu.r v  2 op 3 @ 90010bfc 90010bf8 90010bf4 90010bf0 90010bec 90010be8 90010be4 90010be0 90010bdc 90010bd8 90010bd4 90010bd0 90010bcc 90010bc8 90010bc4 90010bc0 90010bbc 90010bb8 90010bb4 90010bb0 90010bac 90010ba8 90010ba4 90010ba0 90010b9c 90010b98 90010b94 90010b90 90010b8c 90010b88 90010b84 90010b80
sm   0 warp 2 0x800004c0 0x90101337 x  6  90101000
sm   0 warp 1 0x800004c8 0x5208a557 v 10 11111111111111111111111111111111 0000001f 0000001e 0000001d 0000001c 0000001b 0000001a 00000019 00000018 00000017 00000016 00000015 00000014 00000013 00000012 00000011 00000010 0000000f 0000000e 0000000d 0000000c 0000000b 0000000a 00000009 00000008 00000007 00000006 00000005 00000004 00000003 00000002 00000001 00000000 
sm   0 warp 0 0x800004c4 0xb8030313 x  6  90100b80
sm   0 warp 2 0x800004c4 0xb8030313 x  6  90100b80
sm   0 warp 1 0x800004cc 0x96a13557 v 10 11111111111111111111111111111111 0000007c 00000078 00000074 00000070 0000006c 00000068 00000064 00000060 0000005c 00000058 00000054 00000050 0000004c 00000048 00000044 00000040 0000003c 00000038 00000034 00000030 0000002c 00000028 00000024 00000020 0000001c 00000018 00000014 00000010 0000000c 00000008 00000004 00000000 
sm   0 warp 3 0x8000048c 0x90101337 x  6  90101000
sm   0 warp 0 0x800004c8 0x5208a557 v 10 11111111111111111111111111111111 0000001f 0000001e 0000001d 0000001c 0000001b 0000001a 00000019 00000018 00000017 00000016 00000015 00000014 00000013 00000012 00000011 00000010 0000000f 0000000e 0000000d 0000000c 0000000b 0000000a 00000009 00000008 00000007 00000006 00000005 00000004 00000003 00000002 00000001 00000000 
sm   0 warp 2 0x800004c8 0x5208a557 v 10 11111111111111111111111111111111 0000001f 0000001e 0000001d 0000001c 0000001b 0000001a 00000019 00000018 00000017 00000016 00000015 00000014 00000013 00000012 00000011 00000010 0000000f 0000000e 0000000d 0000000c 0000000b 0000000a 00000009 00000008 00000007 00000006 00000005 00000004 00000003 00000002 00000001 00000000 
sm   0 warp 1 0x800004d0 0x02a34557 v 10 11111111111111111111111111111111 90100bfc 90100bf8 90100bf4 90100bf0 90100bec 90100be8 90100be4 90100be0 90100bdc 90100bd8 90100bd4 90100bd0 90100bcc 90100bc8 90100bc4 90100bc0 90100bbc 90100bb8 90100bb4 90100bb0 90100bac 90100ba8 90100ba4 90100ba0 90100b9c 90100b98 90100b94 90100b90 90100b8c 90100b88 90100b84 90100b80 
sm   0 warp 0 0x800004cc 0x96a13557 v 10 11111111111111111111111111111111 0000007c 00000078 00000074 00000070 0000006c 00000068 00000064 00000060 0000005c 00000058 00000054 00000050 0000004c 00000048 00000044 00000040 0000003c 00000038 00000034 00000030 0000002c 00000028 00000024 00000020 0000001c 00000018 00000014 00000010 0000000c 00000008 00000004 00000000 
sm   0 warp 2 0x800004cc 0x96a13557 v 10 11111111111111111111111111111111 0000007c 00000078 00000074 00000070 0000006c 00000068 00000064 00000060 0000005c 00000058 00000054 00000050 0000004c 00000048 00000044 00000040 0000003c 00000038 00000034 00000030 0000002c 00000028 00000024 00000020 0000001c 00000018 00000014 00000010 0000000c 00000008 00000004 00000000 
sm   0 warp 1 0x800004bc 0x0005217b v  2 11111111111111111111111111111111 bf800000 c0000000 c0400000 40400000 40000000 3f800000 00000000 bf800000 40400000 40000000 3f800000 00000000 bf800000 c0000000 c0400000 40400000 00000000 bf800000 c0000000 c0400000 40400000 40000000 3f800000 00000000 c0400000 40400000 40000000 3f800000 00000000 bf800000 c0000000 c0400000 
sm   0 warp 0 0x800004d0 0x02a34557 v 10 11111111111111111111111111111111 90100bfc 90100bf8 90100bf4 90100bf0 90100bec 90100be8 90100be4 90100be0 90100bdc 90100bd8 90100bd4 90100bd0 90100bcc 90100bc8 90100bc4 90100bc0 90100bbc 90100bb8 90100bb4 90100bb0 90100bac 90100ba8 90100ba4 90100ba0 90100b9c 90100b98 90100b94 90100b90 90100b8c 90100b88 90100b84 90100b80 
sm   0 warp 3 0x80000488 0x0005217b lsu.r v  2 op 3 @ 90010b7c 90010b78 90010b74 90010b70 90010b6c 90010b68 90010b64 90010b60 90010b5c 90010b58 90010b54 90010b50 90010b4c 90010b48 90010b44 90010b40 90010b3c 90010b38 90010b34 90010b30 90010b2c 90010b28 90010b24 90010b20 90010b1c 90010b18 90010b14 90010b10 90010b0c 90010b08 90010b04 90010b00
sm   0 warp 2 0x800004d0 0x02a34557 v 10 11111111111111111111111111111111 90100bfc 90100bf8 90100bf4 90100bf0 90100bec 90100be8 90100be4 90100be0 90100bdc 90100bd8 90100bd4 90100bd0 90100bcc 90100bc8 90100bc4 90100bc0 90100bbc 90100bb8 90100bb4 90100bb0 90100bac 90100ba8 90100ba4 90100ba0 90100b9c 90100b98 90100b94 90100b90 90100b8c 90100b88 90100b84 90100b80 
sm   0 warp 3 0x80000490 0xb0030313 x  6  90100b00
sm   0 warp 0 0x800004bc 0x0005217b v  2 11111111111111111111111111111111 bf800000 c0000000 c0400000 40400000 40000000 3f800000 00000000 bf800000 40400000 40000000 3f800000 00000000 bf800000 c0000000 c0400000 40400000 00000000 bf800000 c0000000 c0400000 40400000 40000000 3f800000 00000000 c0400000 40400000 40000000 3f800000 00000000 bf800000 c0000000 c0400000 
sm   0 warp 2 0x800004bc 0x0005217b v  2 11111111111111111111111111111111 bf800000 c0000000 c0400000 40400000 40000000 3f800000 00000000 bf800000 40400000 40000000 3f800000 00000000 bf800000 c0000000 c0400000 40400000 00000000 bf800000 c0000000 c0400000 40400000 40000000 3f800000 00000000 c0400000 40400000 40000000 3f800000 00000000 bf800000 c0000000 c0400000 
sm   0 warp 1 0x800004d4 0x000521fb lsu.r v  3 op 3 @ 90100bfc 90100bf8 90100bf4 90100bf0 90100bec 90100be8 90100be4 90100be0 90100bdc 90100bd8 90100bd4 90100bd0 90100bcc 90100bc8 90100bc4 90100bc0 90100bbc 90100bb8 90100bb4 90100bb0 90100bac 90100ba8 90100ba4 90100ba0 90100b9c 90100b98 90100b94 90100b90 90100b8c 90100b88 90100b84 90100b80
sm   0 warp 3 0x80000488 0x0005217b v  2 11111111111111111111111111111111 bf800000 c0000000 c0400000 40400000 40000000 3f800000 00000000 bf800000 40400000 40000000 3f800000 00000000 bf800000 c0000000 c0400000 40400000 00000000 bf800000 c0000000 c0400000 40400000 40000000 3f800000 00000000 c0400000 40400000 40000000 3f800000 00000000 bf800000 c0000000 c0400000 
sm   0 warp 3 0x80000494 0x5208a557 v 10 11111111111111111111111111111111 0000001f 0000001e 0000001d 0000001c 0000001b 0000001a 00000019 00000018 00000017 00000016 00000015 00000014 00000013 00000012 00000011 00000010 0000000f 0000000e 0000000d 0000000c 0000000b 0000000a 00000009 00000008 00000007 00000006 00000005 00000004 00000003 00000002 00000001 00000000 
sm   0 warp 0 0x800004d4 0x000521fb lsu.r v  3 op 3 @ 90100bfc 90100bf8 90100bf4 90100bf0 90100bec 90100be8 90100be4 90100be0 90100bdc 90100bd8 90100bd4 90100bd0 90100bcc 90100bc8 90100bc4 90100bc0 90100bbc 90100bb8 90100bb4 90100bb0 90100bac 90100ba8 90100ba4 90100ba0 90100b9c 90100b98 90100b94 90100b90 90100b8c 90100b88 90100b84 90100b80
[L1C] #   2480 SM 0 CACHE 1 ADDR 90100b80
sm   0 warp 2 0x800004d4 0x000521fb lsu.r v  3 op 3 @ 90100bfc 90100bf8 90100bf4 90100bf0 90100bec 90100be8 90100be4 90100be0 90100bdc 90100bd8 90100bd4 90100bd0 90100bcc 90100bc8 90100bc4 90100bc0 90100bbc 90100bb8 90100bb4 90100bb0 90100bac 90100ba8 90100ba4 90100ba0 90100b9c 90100b98 90100b94 90100b90 90100b8c 90100b88 90100b84 90100b80
sm   0 warp 3 0x80000498 0x96a13557 v 10 11111111111111111111111111111111 0000007c 00000078 00000074 00000070 0000006c 00000068 00000064 00000060 0000005c 00000058 00000054 00000050 0000004c 00000048 00000044 00000040 0000003c 00000038 00000034 00000030 0000002c 00000028 00000024 00000020 0000001c 00000018 00000014 00000010 0000000c 00000008 00000004 00000000 
sm   0 warp 3 0x8000049c 0x02a34557 v 10 11111111111111111111111111111111 90100b7c 90100b78 90100b74 90100b70 90100b6c 90100b68 90100b64 90100b60 90100b5c 90100b58 90100b54 90100b50 90100b4c 90100b48 90100b44 90100b40 90100b3c 90100b38 90100b34 90100b30 90100b2c 90100b28 90100b24 90100b20 90100b1c 90100b18 90100b14 90100b10 90100b0c 90100b08 90100b04 90100b00 
sm   0 warp 1 0x800004d4 0x000521fb v  3 11111111111111111111111111111111 3f800000 00000000 bf800000 c0000000 40000000 3f800000 00000000 bf800000 bf800000 c0000000 40000000 3f800000 00000000 bf800000 c0000000 40000000 40000000 3f800000 00000000 bf800000 c0000000 40000000 3f800000 00000000 00000000 bf800000 c0000000 40000000 3f800000 00000000 bf800000 c0000000 
sm   0 warp 3 0x800004a0 0x000521fb lsu.r v  3 op 3 @ 90100b7c 90100b78 90100b74 90100b70 90100b6c 90100b68 90100b64 90100b60 90100b5c 90100b58 90100b54 90100b50 90100b4c 90100b48 90100b44 90100b40 90100b3c 90100b38 90100b34 90100b30 90100b2c 90100b28 90100b24 90100b20 90100b1c 90100b18 90100b14 90100b10 90100b0c 90100b08 90100b04 90100b00
sm   0 warp 0 0x800004d4 0x000521fb v  3 11111111111111111111111111111111 3f800000 00000000 bf800000 c0000000 40000000 3f800000 00000000 bf800000 bf800000 c0000000 40000000 3f800000 00000000 bf800000 c0000000 40000000 40000000 3f800000 00000000 bf800000 c0000000 40000000 3f800000 00000000 00000000 bf800000 c0000000 40000000 3f800000 00000000 bf800000 c0000000 
sm   0 warp 1 0x800004dc 0x90011337 x  6  90011000
sm   0 warp 2 0x800004d4 0x000521fb v  3 11111111111111111111111111111111 3f800000 00000000 bf800000 c0000000 40000000 3f800000 00000000 bf800000 bf800000 c0000000 40000000 3f800000 00000000 bf800000 c0000000 40000000 40000000 3f800000 00000000 bf800000 c0000000 40000000 3f800000 00000000 00000000 bf800000 c0000000 40000000 3f800000 00000000 bf800000 c0000000 
sm   0 warp 3 0x800004a0 0x000521fb v  3 11111111111111111111111111111111 3f800000 00000000 bf800000 c0000000 40000000 3f800000 00000000 bf800000 bf800000 c0000000 40000000 3f800000 00000000 bf800000 c0000000 40000000 40000000 3f800000 00000000 bf800000 c0000000 40000000 3f800000 00000000 00000000 bf800000 c0000000 40000000 3f800000 00000000 bf800000 c0000000 
[L1C] #   2508 SM 0 CACHE 0 ADDR 80000500
sm   0 warp 0 0x800004dc 0x90011337 x  6  90011000
sm   0 warp 1 0x800004e0 0xc0030313 x  6  90010c00
sm   0 warp 2 0x800004dc 0x90011337 x  6  90011000
sm   0 warp 1 0x800004e4 0x5208a557 v 10 11111111111111111111111111111111 0000001f 0000001e 0000001d 0000001c 0000001b 0000001a 00000019 00000018 00000017 00000016 00000015 00000014 00000013 00000012 00000011 00000010 0000000f 0000000e 0000000d 0000000c 0000000b 0000000a 00000009 00000008 00000007 00000006 00000005 00000004 00000003 00000002 00000001 00000000 
sm   0 warp 1 0x800004d8 0x0e31408b v  1 11111111111111111111111111111111 00000000 00000000 00000000 00000000 00000000 00000000 00000000 00000000 00000000 00000000 00000000 00000000 00000000 00000000 00000000 00000000 42400000 c1c00000 c3580000 43d80000 c2f00000 43580000 42900000 c3400000 43c00000 c3580000 41c00000 41c00000 c2f00000 41c00000 c3400000 42900000 
sm   0 warp 0 0x800004e0 0xc0030313 x  6  90010c00
sm   0 warp 3 0x800004a8 0x90011337 x  6  90011000
sm   0 warp 2 0x800004e0 0xc0030313 x  6  90010c00
sm   0 warp 0 0x800004e4 0x5208a557 v 10 11111111111111111111111111111111 0000001f 0000001e 0000001d 0000001c 0000001b 0000001a 00000019 00000018 00000017 00000016 00000015 00000014 00000013 00000012 00000011 00000010 0000000f 0000000e 0000000d 0000000c 0000000b 0000000a 00000009 00000008 00000007 00000006 00000005 00000004 00000003 00000002 00000001 00000000 
sm   0 warp 1 0x800004e8 0x96a13557 v 10 11111111111111111111111111111111 0000007c 00000078 00000074 00000070 0000006c 00000068 00000064 00000060 0000005c 00000058 00000054 00000050 0000004c 00000048 00000044 00000040 0000003c 00000038 00000034 00000030 0000002c 00000028 00000024 00000020 0000001c 00000018 00000014 00000010 0000000c 00000008 00000004 00000000 
sm   0 warp 2 0x800004e4 0x5208a557 v 10 11111111111111111111111111111111 0000001f 0000001e 0000001d 0000001c 0000001b 0000001a 00000019 00000018 00000017 00000016 00000015 00000014 00000013 00000012 00000011 00000010 0000000f 0000000e 0000000d 0000000c 0000000b 0000000a 00000009 00000008 00000007 00000006 00000005 00000004 00000003 00000002 00000001 00000000 
sm   0 warp 0 0x800004d8 0x0e31408b v  1 11111111111111111111111111111111 00000000 00000000 00000000 00000000 00000000 00000000 00000000 00000000 00000000 00000000 00000000 00000000 00000000 00000000 00000000 00000000 42400000 c1c00000 c3580000 43d80000 c2f00000 43580000 42900000 c3400000 43c00000 c3580000 41c00000 41c00000 c2f00000 41c00000 c3400000 42900000 
sm   0 warp 3 0x800004ac 0xb8030313 x  6  90010b80
sm   0 warp 2 0x800004d8 0x0e31408b v  1 11111111111111111111111111111111 00000000 00000000 00000000 00000000 00000000 00000000 00000000 00000000 00000000 00000000 00000000 00000000 00000000 00000000 00000000 00000000 42400000 c1c00000 c3580000 43d80000 c2f00000 43580000 42900000 c3400000 43c00000 c3580000 41c00000 41c00000 c2f00000 41c00000 c3400000 42900000 
sm   0 warp 0 0x800004e8 0x96a13557 v 10 11111111111111111111111111111111 0000007c 00000078 00000074 00000070 0000006c 00000068 00000064 00000060 0000005c 00000058 00000054 00000050 0000004c 00000048 00000044 00000040 0000003c 00000038 00000034 00000030 0000002c 00000028 00000024 00000020 0000001c 00000018 00000014 00000010 0000000c 00000008 00000004 00000000 
sm   0 warp 1 0x800004ec 0x02a34557 v 10 11111111111111111111111111111111 90010c7c 90010c78 90010c74 90010c70 90010c6c 90010c68 90010c64 90010c60 90010c5c 90010c58 90010c54 90010c50 90010c4c 90010c48 90010c44 90010c40 90010c3c 90010c38 90010c34 90010c30 90010c2c 90010c28 90010c24 90010c20 90010c1c 90010c18 90010c14 90010c10 90010c0c 90010c08 90010c04 90010c00 
sm   0 warp 3 0x800004b0 0x5208a557 v 10 11111111111111111111111111111111 0000001f 0000001e 0000001d 0000001c 0000001b 0000001a 00000019 00000018 00000017 00000016 00000015 00000014 00000013 00000012 00000011 00000010 0000000f 0000000e 0000000d 0000000c 0000000b 0000000a 00000009 00000008 00000007 00000006 00000005 00000004 00000003 00000002 00000001 00000000 
sm   0 warp 2 0x800004e8 0x96a13557 v 10 11111111111111111111111111111111 0000007c 00000078 00000074 00000070 0000006c 00000068 00000064 00000060 0000005c 00000058 00000054 00000050 0000004c 00000048 00000044 00000040 0000003c 00000038 00000034 00000030 0000002c 00000028 00000024 00000020 0000001c 00000018 00000014 00000010 0000000c 00000008 00000004 00000000 
sm   0 warp 3 0x800004a4 0x0e31408b v  1 11111111111111111111111111111111 00000000 00000000 00000000 00000000 00000000 00000000 00000000 00000000 00000000 00000000 00000000 00000000 00000000 00000000 00000000 00000000 42380000 c1b80000 c34f0000 43cf0000 c2e60000 434f0000 428a0000 c3380000 43b80000 c34f0000 41b80000 41b80000 c2e60000 41b80000 c3380000 428a0000 
sm   0 warp 0 0x800004ec 0x02a34557 v 10 11111111111111111111111111111111 90010c7c 90010c78 90010c74 90010c70 90010c6c 90010c68 90010c64 90010c60 90010c5c 90010c58 90010c54 90010c50 90010c4c 90010c48 90010c44 90010c40 90010c3c 90010c38 90010c34 90010c30 90010c2c 90010c28 90010c24 90010c20 90010c1c 90010c18 90010c14 90010c10 90010c0c 90010c08 90010c04 90010c00 
sm   0 warp 3 0x800004b4 0x96a13557 v 10 11111111111111111111111111111111 0000007c 00000078 00000074 00000070 0000006c 00000068 00000064 00000060 0000005c 00000058 00000054 00000050 0000004c 00000048 00000044 00000040 0000003c 00000038 00000034 00000030 0000002c 00000028 00000024 00000020 0000001c 00000018 00000014 00000010 0000000c 00000008 00000004 00000000 
sm   0 warp 1 0x800004f0 0x0005217b lsu.r v  2 op 3 @ 90010c7c 90010c78 90010c74 90010c70 90010c6c 90010c68 90010c64 90010c60 90010c5c 90010c58 90010c54 90010c50 90010c4c 90010c48 90010c44 90010c40 90010c3c 90010c38 90010c34 90010c30 90010c2c 90010c28 90010c24 90010c20 90010c1c 90010c18 90010c14 90010c10 90010c0c 90010c08 90010c04 90010c00
sm   0 warp 1 0x800004f4 0x90101337 x  6  90101000
sm   0 warp 2 0x800004ec 0x02a34557 v 10 11111111111111111111111111111111 90010c7c 90010c78 90010c74 90010c70 90010c6c 90010c68 90010c64 90010c60 90010c5c 90010c58 90010c54 90010c50 90010c4c 90010c48 90010c44 90010c40 90010c3c 90010c38 90010c34 90010c30 90010c2c 90010c28 90010c24 90010c20 90010c1c 90010c18 90010c14 90010c10 90010c0c 90010c08 90010c04 90010c00 
sm   0 warp 0 0x800004f0 0x0005217b lsu.r v  2 op 3 @ 90010c7c 90010c78 90010c74 90010c70 90010c6c 90010c68 90010c64 90010c60 90010c5c 90010c58 90010c54 90010c50 90010c4c 90010c48 90010c44 90010c40 90010c3c 90010c38 90010c34 90010c30 90010c2c 90010c28 90010c24 90010c20 90010c1c 90010c18 90010c14 90010c10 90010c0c 90010c08 90010c04 90010c00
[L1C] #   2533 SM 0 CACHE 1 ADDR 90010c00
sm   0 warp 0 0x800004f4 0x90101337 x  6  90101000
sm   0 warp 1 0x800004f8 0xc0030313 x  6  90100c00
sm   0 warp 2 0x800004f0 0x0005217b lsu.r v  2 op 3 @ 90010c7c 90010c78 90010c74 90010c70 90010c6c 90010c68 90010c64 90010c60 90010c5c 90010c58 90010c54 90010c50 90010c4c 90010c48 90010c44 90010c40 90010c3c 90010c38 90010c34 90010c30 90010c2c 90010c28 90010c24 90010c20 90010c1c 90010c18 90010c14 90010c10 90010c0c 90010c08 90010c04 90010c00
sm   0 warp 2 0x800004f4 0x90101337 x  6  90101000
sm   0 warp 1 0x800004fc 0x5208a557 v 10 11111111111111111111111111111111 0000001f 0000001e 0000001d 0000001c 0000001b 0000001a 00000019 00000018 00000017 00000016 00000015 00000014 00000013 00000012 00000011 00000010 0000000f 0000000e 0000000d 0000000c 0000000b 0000000a 00000009 00000008 00000007 00000006 00000005 00000004 00000003 00000002 00000001 00000000 
sm   0 warp 0 0x800004f8 0xc0030313 x  6  90100c00
sm   0 warp 3 0x800004b8 0x02a34557 v 10 11111111111111111111111111111111 90010bfc 90010bf8 90010bf4 90010bf0 90010bec 90010be8 90010be4 90010be0 90010bdc 90010bd8 90010bd4 90010bd0 90010bcc 90010bc8 90010bc4 90010bc0 90010bbc 90010bb8 90010bb4 90010bb0 90010bac 90010ba8 90010ba4 90010ba0 90010b9c 90010b98 90010b94 90010b90 90010b8c 90010b88 90010b84 90010b80 
sm   0 warp 2 0x800004f8 0xc0030313 x  6  90100c00
sm   0 warp 1 0x80000500 0x96a13557 v 10 11111111111111111111111111111111 0000007c 00000078 00000074 00000070 0000006c 00000068 00000064 00000060 0000005c 00000058 00000054 00000050 0000004c 00000048 00000044 00000040 0000003c 00000038 00000034 00000030 0000002c 00000028 00000024 00000020 0000001c 00000018 00000014 00000010 0000000c 00000008 00000004 00000000 
sm   0 warp 0 0x800004fc 0x5208a557 v 10 11111111111111111111111111111111 0000001f 0000001e 0000001d 0000001c 0000001b 0000001a 00000019 00000018 00000017 00000016 00000015 00000014 00000013 00000012 00000011 00000010 0000000f 0000000e 0000000d 0000000c 0000000b 0000000a 00000009 00000008 00000007 00000006 00000005 00000004 00000003 00000002 00000001 00000000 
sm   0 warp 2 0x800004fc 0x5208a557 v 10 11111111111111111111111111111111 0000001f 0000001e 0000001d 0000001c 0000001b 0000001a 00000019 00000018 00000017 00000016 00000015 00000014 00000013 00000012 00000011 00000010 0000000f 0000000e 0000000d 0000000c 0000000b 0000000a 00000009 00000008 00000007 00000006 00000005 00000004 00000003 00000002 00000001 00000000 
sm   0 warp 1 0x80000504 0x02a34557 v 10 11111111111111111111111111111111 90100c7c 90100c78 90100c74 90100c70 90100c6c 90100c68 90100c64 90100c60 90100c5c 90100c58 90100c54 90100c50 90100c4c 90100c48 90100c44 90100c40 90100c3c 90100c38 90100c34 90100c30 90100c2c 90100c28 90100c24 90100c20 90100c1c 90100c18 90100c14 90100c10 90100c0c 90100c08 90100c04 90100c00 
sm   0 warp 0 0x80000500 0x96a13557 v 10 11111111111111111111111111111111 0000007c 00000078 00000074 00000070 0000006c 00000068 00000064 00000060 0000005c 00000058 00000054 00000050 0000004c 00000048 00000044 00000040 0000003c 00000038 00000034 00000030 0000002c 00000028 00000024 00000020 0000001c 00000018 00000014 00000010 0000000c 00000008 00000004 00000000 
sm   0 warp 2 0x80000500 0x96a13557 v 10 11111111111111111111111111111111 0000007c 00000078 00000074 00000070 0000006c 00000068 00000064 00000060 0000005c 00000058 00000054 00000050 0000004c 00000048 00000044 00000040 0000003c 00000038 00000034 00000030 0000002c 00000028 00000024 00000020 0000001c 00000018 00000014 00000010 0000000c 00000008 00000004 00000000 
sm   0 warp 1 0x800004f0 0x0005217b v  2 11111111111111111111111111111111 bf800000 c0000000 c0400000 40400000 40000000 3f800000 00000000 bf800000 40400000 40000000 3f800000 00000000 bf800000 c0000000 c0400000 40400000 00000000 bf800000 c0000000 c0400000 40400000 40000000 3f800000 00000000 c0400000 40400000 40000000 3f800000 00000000 bf800000 c0000000 c0400000 
sm   0 warp 0 0x80000504 0x02a34557 v 10 11111111111111111111111111111111 90100c7c 90100c78 90100c74 90100c70 90100c6c 90100c68 90100c64 90100c60 90100c5c 90100c58 90100c54 90100c50 90100c4c 90100c48 90100c44 90100c40 90100c3c 90100c38 90100c34 90100c30 90100c2c 90100c28 90100c24 90100c20 90100c1c 90100c18 90100c14 90100c10 90100c0c 90100c08 90100c04 90100c00 
sm   0 warp 3 0x800004bc 0x0005217b lsu.r v  2 op 3 @ 90010bfc 90010bf8 90010bf4 90010bf0 90010bec 90010be8 90010be4 90010be0 90010bdc 90010bd8 90010bd4 90010bd0 90010bcc 90010bc8 90010bc4 90010bc0 90010bbc 90010bb8 90010bb4 90010bb0 90010bac 90010ba8 90010ba4 90010ba0 90010b9c 90010b98 90010b94 90010b90 90010b8c 90010b88 90010b84 90010b80
sm   0 warp 2 0x80000504 0x02a34557 v 10 11111111111111111111111111111111 90100c7c 90100c78 90100c74 90100c70 90100c6c 90100c68 90100c64 90100c60 90100c5c 90100c58 90100c54 90100c50 90100c4c 90100c48 90100c44 90100c40 90100c3c 90100c38 90100c34 90100c30 90100c2c 90100c28 90100c24 90100c20 90100c1c 90100c18 90100c14 90100c10 90100c0c 90100c08 90100c04 90100c00 
sm   0 warp 0 0x800004f0 0x0005217b v  2 11111111111111111111111111111111 bf800000 c0000000 c0400000 40400000 40000000 3f800000 00000000 bf800000 40400000 40000000 3f800000 00000000 bf800000 c0000000 c0400000 40400000 00000000 bf800000 c0000000 c0400000 40400000 40000000 3f800000 00000000 c0400000 40400000 40000000 3f800000 00000000 bf800000 c0000000 c0400000 
sm   0 warp 2 0x800004f0 0x0005217b v  2 11111111111111111111111111111111 bf800000 c0000000 c0400000 40400000 40000000 3f800000 00000000 bf800000 40400000 40000000 3f800000 00000000 bf800000 c0000000 c0400000 40400000 00000000 bf800000 c0000000 c0400000 40400000 40000000 3f800000 00000000 c0400000 40400000 40000000 3f800000 00000000 bf800000 c0000000 c0400000 
sm   0 warp 1 0x80000508 0x000521fb lsu.r v  3 op 3 @ 90100c7c 90100c78 90100c74 90100c70 90100c6c 90100c68 90100c64 90100c60 90100c5c 90100c58 90100c54 90100c50 90100c4c 90100c48 90100c44 90100c40 90100c3c 90100c38 90100c34 90100c30 90100c2c 90100c28 90100c24 90100c20 90100c1c 90100c18 90100c14 90100c10 90100c0c 90100c08 90100c04 90100c00
sm   0 warp 3 0x800004bc 0x0005217b v  2 11111111111111111111111111111111 bf800000 c0000000 c0400000 40400000 40000000 3f800000 00000000 bf800000 40400000 40000000 3f800000 00000000 bf800000 c0000000 c0400000 40400000 00000000 bf800000 c0000000 c0400000 40400000 40000000 3f800000 00000000 c0400000 40400000 40000000 3f800000 00000000 bf800000 c0000000 c0400000 
sm   0 warp 0 0x80000508 0x000521fb lsu.r v  3 op 3 @ 90100c7c 90100c78 90100c74 90100c70 90100c6c 90100c68 90100c64 90100c60 90100c5c 90100c58 90100c54 90100c50 90100c4c 90100c48 90100c44 90100c40 90100c3c 90100c38 90100c34 90100c30 90100c2c 90100c28 90100c24 90100c20 90100c1c 90100c18 90100c14 90100c10 90100c0c 90100c08 90100c04 90100c00
[L1C] #   2563 SM 0 CACHE 1 ADDR 90100c00
sm   0 warp 3 0x800004c0 0x90101337 x  6  90101000
sm   0 warp 2 0x80000508 0x000521fb lsu.r v  3 op 3 @ 90100c7c 90100c78 90100c74 90100c70 90100c6c 90100c68 90100c64 90100c60 90100c5c 90100c58 90100c54 90100c50 90100c4c 90100c48 90100c44 90100c40 90100c3c 90100c38 90100c34 90100c30 90100c2c 90100c28 90100c24 90100c20 90100c1c 90100c18 90100c14 90100c10 90100c0c 90100c08 90100c04 90100c00
sm   0 warp 3 0x800004c4 0xb8030313 x  6  90100b80
sm   0 warp 3 0x800004c8 0x5208a557 v 10 11111111111111111111111111111111 0000001f 0000001e 0000001d 0000001c 0000001b 0000001a 00000019 00000018 00000017 00000016 00000015 00000014 00000013 00000012 00000011 00000010 0000000f 0000000e 0000000d 0000000c 0000000b 0000000a 00000009 00000008 00000007 00000006 00000005 00000004 00000003 00000002 00000001 00000000 
sm   0 warp 3 0x800004cc 0x96a13557 v 10 11111111111111111111111111111111 0000007c 00000078 00000074 00000070 0000006c 00000068 00000064 00000060 0000005c 00000058 00000054 00000050 0000004c 00000048 00000044 00000040 0000003c 00000038 00000034 00000030 0000002c 00000028 00000024 00000020 0000001c 00000018 00000014 00000010 0000000c 00000008 00000004 00000000 
sm   0 warp 1 0x80000508 0x000521fb v  3 11111111111111111111111111111111 3f800000 00000000 bf800000 c0000000 40000000 3f800000 00000000 bf800000 bf800000 c0000000 40000000 3f800000 00000000 bf800000 c0000000 40000000 40000000 3f800000 00000000 bf800000 c0000000 40000000 3f800000 00000000 00000000 bf800000 c0000000 40000000 3f800000 00000000 bf800000 c0000000 
sm   0 warp 3 0x800004d0 0x02a34557 v 10 11111111111111111111111111111111 90100bfc 90100bf8 90100bf4 90100bf0 90100bec 90100be8 90100be4 90100be0 90100bdc 90100bd8 90100bd4 90100bd0 90100bcc 90100bc8 90100bc4 90100bc0 90100bbc 90100bb8 90100bb4 90100bb0 90100bac 90100ba8 90100ba4 90100ba0 90100b9c 90100b98 90100b94 90100b90 90100b8c 90100b88 90100b84 90100b80 
sm   0 warp 0 0x80000508 0x000521fb v  3 11111111111111111111111111111111 3f800000 00000000 bf800000 c0000000 40000000 3f800000 00000000 bf800000 bf800000 c0000000 40000000 3f800000 00000000 bf800000 c0000000 40000000 40000000 3f800000 00000000 bf800000 c0000000 40000000 3f800000 00000000 00000000 bf800000 c0000000 40000000 3f800000 00000000 bf800000 c0000000 
sm   0 warp 2 0x80000508 0x000521fb v  3 11111111111111111111111111111111 3f800000 00000000 bf800000 c0000000 40000000 3f800000 00000000 bf800000 bf800000 c0000000 40000000 3f800000 00000000 bf800000 c0000000 40000000 40000000 3f800000 00000000 bf800000 c0000000 40000000 3f800000 00000000 00000000 bf800000 c0000000 40000000 3f800000 00000000 bf800000 c0000000 
sm   0 warp 1 0x80000510 0x90011337 x  6  90011000
sm   0 warp 3 0x800004d4 0x000521fb lsu.r v  3 op 3 @ 90100bfc 90100bf8 90100bf4 90100bf0 90100bec 90100be8 90100be4 90100be0 90100bdc 90100bd8 90100bd4 90100bd0 90100bcc 90100bc8 90100bc4 90100bc0 90100bbc 90100bb8 90100bb4 90100bb0 90100bac 90100ba8 90100ba4 90100ba0 90100b9c 90100b98 90100b94 90100b90 90100b8c 90100b88 90100b84 90100b80
sm   0 warp 0 0x80000510 0x90011337 x  6  90011000
sm   0 warp 1 0x80000514 0xc8030313 x  6  90010c80
sm   0 warp 3 0x800004d4 0x000521fb v  3 11111111111111111111111111111111 3f800000 00000000 bf800000 c0000000 40000000 3f800000 00000000 bf800000 bf800000 c0000000 40000000 3f800000 00000000 bf800000 c0000000 40000000 40000000 3f800000 00000000 bf800000 c0000000 40000000 3f800000 00000000 00000000 bf800000 c0000000 40000000 3f800000 00000000 bf800000 c0000000 
sm   0 warp 2 0x80000510 0x90011337 x  6  90011000
sm   0 warp 1 0x80000518 0x5208a557 v 10 11111111111111111111111111111111 0000001f 0000001e 0000001d 0000001c 0000001b 0000001a 00000019 00000018 00000017 00000016 00000015 00000014 00000013 00000012 00000011 00000010 0000000f 0000000e 0000000d 0000000c 0000000b 0000000a 00000009 00000008 00000007 00000006 00000005 00000004 00000003 00000002 00000001 00000000 
sm   0 warp 0 0x80000514 0xc8030313 x  6  90010c80
sm   0 warp 1 0x8000050c 0x0e31408b v  1 11111111111111111111111111111111 00000000 00000000 00000000 00000000 00000000 00000000 00000000 00000000 00000000 00000000 00000000 00000000 00000000 00000000 00000000 00000000 42480000 c1c80000 c3610000 43e10000 c2fa0000 43610000 42960000 c3480000 43c80000 c3610000 41c80000 41c80000 c2fa0000 41c80000 c3480000 42960000 
sm   0 warp 2 0x80000514 0xc8030313 x  6  90010c80
sm   0 warp 0 0x80000518 0x5208a557 v 10 11111111111111111111111111111111 0000001f 0000001e 0000001d 0000001c 0000001b 0000001a 00000019 00000018 00000017 00000016 00000015 00000014 00000013 00000012 00000011 00000010 0000000f 0000000e 0000000d 0000000c 0000000b 0000000a 00000009 00000008 00000007 00000006 00000005 00000004 00000003 00000002 00000001 00000000 
sm   0 warp 3 0x800004dc 0x90011337 x  6  90011000
sm   0 warp 0 0x8000050c 0x0e31408b v  1 11111111111111111111111111111111 00000000 00000000 00000000 00000000 00000000 00000000 00000000 00000000 00000000 00000000 00000000 00000000 00000000 00000000 00000000 00000000 42480000 c1c80000 c3610000 43e10000 c2fa0000 43610000 42960000 c3480000 43c80000 c3610000 41c80000 41c80000 c2fa0000 41c80000 c3480000 42960000 
sm   0 warp 1 0x8000051c 0x96a13557 v 10 11111111111111111111111111111111 0000007c 00000078 00000074 00000070 0000006c 00000068 00000064 00000060 0000005c 00000058 00000054 00000050 0000004c 00000048 00000044 00000040 0000003c 00000038 00000034 00000030 0000002c 00000028 00000024 00000020 0000001c 00000018 00000014 00000010 0000000c 00000008 00000004 00000000 
sm   0 warp 2 0x80000518 0x5208a557 v 10 11111111111111111111111111111111 0000001f 0000001e 0000001d 0000001c 0000001b 0000001a 00000019 00000018 00000017 00000016 00000015 00000014 00000013 00000012 00000011 00000010 0000000f 0000000e 0000000d 0000000c 0000000b 0000000a 00000009 00000008 00000007 00000006 00000005 00000004 00000003 00000002 00000001 00000000 
sm   0 warp 2 0x8000050c 0x0e31408b v  1 11111111111111111111111111111111 00000000 00000000 00000000 00000000 00000000 00000000 00000000 00000000 00000000 00000000 00000000 00000000 00000000 00000000 00000000 00000000 42480000 c1c80000 c3610000 43e10000 c2fa0000 43610000 42960000 c3480000 43c80000 c3610000 41c80000 41c80000 c2fa0000 41c80000 c3480000 42960000 
sm   0 warp 0 0x8000051c 0x96a13557 v 10 11111111111111111111111111111111 0000007c 00000078 00000074 00000070 0000006c 00000068 00000064 00000060 0000005c 00000058 00000054 00000050 0000004c 00000048 00000044 00000040 0000003c 00000038 00000034 00000030 0000002c 00000028 00000024 00000020 0000001c 00000018 00000014 00000010 0000000c 00000008 00000004 00000000 
sm   0 warp 3 0x800004e0 0xc0030313 x  6  90010c00
sm   0 warp 1 0x80000520 0x02a34557 v 10 11111111111111111111111111111111 90010cfc 90010cf8 90010cf4 90010cf0 90010cec 90010ce8 90010ce4 90010ce0 90010cdc 90010cd8 90010cd4 90010cd0 90010ccc 90010cc8 90010cc4 90010cc0 90010cbc 90010cb8 90010cb4 90010cb0 90010cac 90010ca8 90010ca4 90010ca0 90010c9c 90010c98 90010c94 90010c90 90010c8c 90010c88 90010c84 90010c80 
sm   0 warp 3 0x800004e4 0x5208a557 v 10 11111111111111111111111111111111 0000001f 0000001e 0000001d 0000001c 0000001b 0000001a 00000019 00000018 00000017 00000016 00000015 00000014 00000013 00000012 00000011 00000010 0000000f 0000000e 0000000d 0000000c 0000000b 0000000a 00000009 00000008 00000007 00000006 00000005 00000004 00000003 00000002 00000001 00000000 
sm   0 warp 2 0x8000051c 0x96a13557 v 10 11111111111111111111111111111111 0000007c 00000078 00000074 00000070 0000006c 00000068 00000064 00000060 0000005c 00000058 00000054 00000050 0000004c 00000048 00000044 00000040 0000003c 00000038 00000034 00000030 0000002c 00000028 00000024 00000020 0000001c 00000018 00000014 00000010 0000000c 00000008 00000004 00000000 
sm   0 warp 3 0x800004d8 0x0e31408b v  1 11111111111111111111111111111111 00000000 00000000 00000000 00000000 00000000 00000000 00000000 00000000 00000000 00000000 00000000 00000000 00000000 00000000 00000000 00000000 42400000 c1c00000 c3580000 43d80000 c2f00000 43580000 42900000 c3400000 43c00000 c3580000 41c00000 41c00000 c2f00000 41c00000 c3400000 42900000 
sm   0 warp 0 0x80000520 0x02a34557 v 10 11111111111111111111111111111111 90010cfc 90010cf8 90010cf4 90010cf0 90010cec 90010ce8 90010ce4 90010ce0 90010cdc 90010cd8 90010cd4 90010cd0 90010ccc 90010cc8 90010cc4 90010cc0 90010cbc 90010cb8 90010cb4 90010cb0 90010cac 90010ca8 90010ca4 90010ca0 90010c9c 90010c98 90010c94 90010c90 90010c8c 90010c88 90010c84 90010c80 
sm   0 warp 1 0x80000524 0x0005217b lsu.r v  2 op 3 @ 90010cfc 90010cf8 90010cf4 90010cf0 90010cec 90010ce8 90010ce4 90010ce0 90010cdc 90010cd8 90010cd4 90010cd0 90010ccc 90010cc8 90010cc4 90010cc0 90010cbc 90010cb8 90010cb4 90010cb0 90010cac 90010ca8 90010ca4 90010ca0 90010c9c 90010c98 90010c94 90010c90 90010c8c 90010c88 90010c84 90010c80
sm   0 warp 1 0x80000528 0x90101337 x  6  90101000
sm   0 warp 2 0x80000520 0x02a34557 v 10 11111111111111111111111111111111 90010cfc 90010cf8 90010cf4 90010cf0 90010cec 90010ce8 90010ce4 90010ce0 90010cdc 90010cd8 90010cd4 90010cd0 90010ccc 90010cc8 90010cc4 90010cc0 90010cbc 90010cb8 90010cb4 90010cb0 90010cac 90010ca8 90010ca4 90010ca0 90010c9c 90010c98 90010c94 90010c90 90010c8c 90010c88 90010c84 90010c80 
sm   0 warp 3 0x800004e8 0x96a13557 v 10 11111111111111111111111111111111 0000007c 00000078 00000074 00000070 0000006c 00000068 00000064 00000060 0000005c 00000058 00000054 00000050 0000004c 00000048 00000044 00000040 0000003c 00000038 00000034 00000030 0000002c 00000028 00000024 00000020 0000001c 00000018 00000014 00000010 0000000c 00000008 00000004 00000000 
[L1C] #   2617 SM 0 CACHE 1 ADDR 90010c80
sm   0 warp 0 0x80000524 0x0005217b lsu.r v  2 op 3 @ 90010cfc 90010cf8 90010cf4 90010cf0 90010cec 90010ce8 90010ce4 90010ce0 90010cdc 90010cd8 90010cd4 90010cd0 90010ccc 90010cc8 90010cc4 90010cc0 90010cbc 90010cb8 90010cb4 90010cb0 90010cac 90010ca8 90010ca4 90010ca0 90010c9c 90010c98 90010c94 90010c90 90010c8c 90010c88 90010c84 90010c80
sm   0 warp 1 0x8000052c 0xc8030313 x  6  90100c80
sm   0 warp 0 0x80000528 0x90101337 x  6  90101000
sm   0 warp 2 0x80000528 0x90101337 x  6  90101000
sm   0 warp 3 0x800004ec 0x02a34557 v 10 11111111111111111111111111111111 90010c7c 90010c78 90010c74 90010c70 90010c6c 90010c68 90010c64 90010c60 90010c5c 90010c58 90010c54 90010c50 90010c4c 90010c48 90010c44 90010c40 90010c3c 90010c38 90010c34 90010c30 90010c2c 90010c28 90010c24 90010c20 90010c1c 90010c18 90010c14 90010c10 90010c0c 90010c08 90010c04 90010c00 
sm   0 warp 2 0x80000524 0x0005217b lsu.r v  2 op 3 @ 90010cfc 90010cf8 90010cf4 90010cf0 90010cec 90010ce8 90010ce4 90010ce0 90010cdc 90010cd8 90010cd4 90010cd0 90010ccc 90010cc8 90010cc4 90010cc0 90010cbc 90010cb8 90010cb4 90010cb0 90010cac 90010ca8 90010ca4 90010ca0 90010c9c 90010c98 90010c94 90010c90 90010c8c 90010c88 90010c84 90010c80
sm   0 warp 1 0x80000530 0x5208a557 v 10 11111111111111111111111111111111 0000001f 0000001e 0000001d 0000001c 0000001b 0000001a 00000019 00000018 00000017 00000016 00000015 00000014 00000013 00000012 00000011 00000010 0000000f 0000000e 0000000d 0000000c 0000000b 0000000a 00000009 00000008 00000007 00000006 00000005 00000004 00000003 00000002 00000001 00000000 
sm   0 warp 0 0x8000052c 0xc8030313 x  6  90100c80
sm   0 warp 2 0x8000052c 0xc8030313 x  6  90100c80
sm   0 warp 0 0x80000530 0x5208a557 v 10 11111111111111111111111111111111 0000001f 0000001e 0000001d 0000001c 0000001b 0000001a 00000019 00000018 00000017 00000016 00000015 00000014 00000013 00000012 00000011 00000010 0000000f 0000000e 0000000d 0000000c 0000000b 0000000a 00000009 00000008 00000007 00000006 00000005 00000004 00000003 00000002 00000001 00000000 
sm   0 warp 3 0x800004f4 0x90101337 x  6  90101000
sm   0 warp 1 0x80000534 0x96a13557 v 10 11111111111111111111111111111111 0000007c 00000078 00000074 00000070 0000006c 00000068 00000064 00000060 0000005c 00000058 00000054 00000050 0000004c 00000048 00000044 00000040 0000003c 00000038 00000034 00000030 0000002c 00000028 00000024 00000020 0000001c 00000018 00000014 00000010 0000000c 00000008 00000004 00000000 
sm   0 warp 2 0x80000530 0x5208a557 v 10 11111111111111111111111111111111 0000001f 0000001e 0000001d 0000001c 0000001b 0000001a 00000019 00000018 00000017 00000016 00000015 00000014 00000013 00000012 00000011 00000010 0000000f 0000000e 0000000d 0000000c 0000000b 0000000a 00000009 00000008 00000007 00000006 00000005 00000004 00000003 00000002 00000001 00000000 
sm   0 warp 0 0x80000534 0x96a13557 v 10 11111111111111111111111111111111 0000007c 00000078 00000074 00000070 0000006c 00000068 00000064 00000060 0000005c 00000058 00000054 00000050 0000004c 00000048 00000044 00000040 0000003c 00000038 00000034 00000030 0000002c 00000028 00000024 00000020 0000001c 00000018 00000014 00000010 0000000c 00000008 00000004 00000000 
sm   0 warp 3 0x800004f8 0xc0030313 x  6  90100c00
sm   0 warp 1 0x80000538 0x02a34557 v 10 11111111111111111111111111111111 90100cfc 90100cf8 90100cf4 90100cf0 90100cec 90100ce8 90100ce4 90100ce0 90100cdc 90100cd8 90100cd4 90100cd0 90100ccc 90100cc8 90100cc4 90100cc0 90100cbc 90100cb8 90100cb4 90100cb0 90100cac 90100ca8 90100ca4 90100ca0 90100c9c 90100c98 90100c94 90100c90 90100c8c 90100c88 90100c84 90100c80 
sm   0 warp 2 0x80000534 0x96a13557 v 10 11111111111111111111111111111111 0000007c 00000078 00000074 00000070 0000006c 00000068 00000064 00000060 0000005c 00000058 00000054 00000050 0000004c 00000048 00000044 00000040 0000003c 00000038 00000034 00000030 0000002c 00000028 00000024 00000020 0000001c 00000018 00000014 00000010 0000000c 00000008 00000004 00000000 
sm   0 warp 3 0x800004fc 0x5208a557 v 10 11111111111111111111111111111111 0000001f 0000001e 0000001d 0000001c 0000001b 0000001a 00000019 00000018 00000017 00000016 00000015 00000014 00000013 00000012 00000011 00000010 0000000f 0000000e 0000000d 0000000c 0000000b 0000000a 00000009 00000008 00000007 00000006 00000005 00000004 00000003 00000002 00000001 00000000 
sm   0 warp 3 0x800004f0 0x0005217b lsu.r v  2 op 3 @ 90010c7c 90010c78 90010c74 90010c70 90010c6c 90010c68 90010c64 90010c60 90010c5c 90010c58 90010c54 90010c50 90010c4c 90010c48 90010c44 90010c40 90010c3c 90010c38 90010c34 90010c30 90010c2c 90010c28 90010c24 90010c20 90010c1c 90010c18 90010c14 90010c10 90010c0c 90010c08 90010c04 90010c00
sm   0 warp 1 0x80000524 0x0005217b v  2 11111111111111111111111111111111 bf800000 c0000000 c0400000 40400000 40000000 3f800000 00000000 bf800000 40400000 40000000 3f800000 00000000 bf800000 c0000000 c0400000 40400000 00000000 bf800000 c0000000 c0400000 40400000 40000000 3f800000 00000000 c0400000 40400000 40000000 3f800000 00000000 bf800000 c0000000 c0400000 
sm   0 warp 0 0x80000538 0x02a34557 v 10 11111111111111111111111111111111 90100cfc 90100cf8 90100cf4 90100cf0 90100cec 90100ce8 90100ce4 90100ce0 90100cdc 90100cd8 90100cd4 90100cd0 90100ccc 90100cc8 90100cc4 90100cc0 90100cbc 90100cb8 90100cb4 90100cb0 90100cac 90100ca8 90100ca4 90100ca0 90100c9c 90100c98 90100c94 90100c90 90100c8c 90100c88 90100c84 90100c80 
sm   0 warp 2 0x80000538 0x02a34557 v 10 11111111111111111111111111111111 90100cfc 90100cf8 90100cf4 90100cf0 90100cec 90100ce8 90100ce4 90100ce0 90100cdc 90100cd8 90100cd4 90100cd0 90100ccc 90100cc8 90100cc4 90100cc0 90100cbc 90100cb8 90100cb4 90100cb0 90100cac 90100ca8 90100ca4 90100ca0 90100c9c 90100c98 90100c94 90100c90 90100c8c 90100c88 90100c84 90100c80 
sm   0 warp 3 0x80000500 0x96a13557 v 10 11111111111111111111111111111111 0000007c 00000078 00000074 00000070 0000006c 00000068 00000064 00000060 0000005c 00000058 00000054 00000050 0000004c 00000048 00000044 00000040 0000003c 00000038 00000034 00000030 0000002c 00000028 00000024 00000020 0000001c 00000018 00000014 00000010 0000000c 00000008 00000004 00000000 
sm   0 warp 1 0x8000053c 0x000521fb lsu.r v  3 op 3 @ 90100cfc 90100cf8 90100cf4 90100cf0 90100cec 90100ce8 90100ce4 90100ce0 90100cdc 90100cd8 90100cd4 90100cd0 90100ccc 90100cc8 90100cc4 90100cc0 90100cbc 90100cb8 90100cb4 90100cb0 90100cac 90100ca8 90100ca4 90100ca0 90100c9c 90100c98 90100c94 90100c90 90100c8c 90100c88 90100c84 90100c80
sm   0 warp 0 0x80000524 0x0005217b v  2 11111111111111111111111111111111 bf800000 c0000000 c0400000 40400000 40000000 3f800000 00000000 bf800000 40400000 40000000 3f800000 00000000 bf800000 c0000000 c0400000 40400000 00000000 bf800000 c0000000 c0400000 40400000 40000000 3f800000 00000000 c0400000 40400000 40000000 3f800000 00000000 bf800000 c0000000 c0400000 
sm   0 warp 2 0x80000524 0x0005217b v  2 11111111111111111111111111111111 bf800000 c0000000 c0400000 40400000 40000000 3f800000 00000000 bf800000 40400000 40000000 3f800000 00000000 bf800000 c0000000 c0400000 40400000 00000000 bf800000 c0000000 c0400000 40400000 40000000 3f800000 00000000 c0400000 40400000 40000000 3f800000 00000000 bf800000 c0000000 c0400000 
sm   0 warp 3 0x800004f0 0x0005217b v  2 11111111111111111111111111111111 bf800000 c0000000 c0400000 40400000 40000000 3f800000 00000000 bf800000 40400000 40000000 3f800000 00000000 bf800000 c0000000 c0400000 40400000 00000000 bf800000 c0000000 c0400000 40400000 40000000 3f800000 00000000 c0400000 40400000 40000000 3f800000 00000000 bf800000 c0000000 c0400000 
[L1C] #   2645 SM 0 CACHE 1 ADDR 90100c80
sm   0 warp 3 0x80000504 0x02a34557 v 10 11111111111111111111111111111111 90100c7c 90100c78 90100c74 90100c70 90100c6c 90100c68 90100c64 90100c60 90100c5c 90100c58 90100c54 90100c50 90100c4c 90100c48 90100c44 90100c40 90100c3c 90100c38 90100c34 90100c30 90100c2c 90100c28 90100c24 90100c20 90100c1c 90100c18 90100c14 90100c10 90100c0c 90100c08 90100c04 90100c00 
sm   0 warp 0 0x8000053c 0x000521fb lsu.r v  3 op 3 @ 90100cfc 90100cf8 90100cf4 90100cf0 90100cec 90100ce8 90100ce4 90100ce0 90100cdc 90100cd8 90100cd4 90100cd0 90100ccc 90100cc8 90100cc4 90100cc0 90100cbc 90100cb8 90100cb4 90100cb0 90100cac 90100ca8 90100ca4 90100ca0 90100c9c 90100c98 90100c94 90100c90 90100c8c 90100c88 90100c84 90100c80
sm   0 warp 2 0x8000053c 0x000521fb lsu.r v  3 op 3 @ 90100cfc 90100cf8 90100cf4 90100cf0 90100cec 90100ce8 90100ce4 90100ce0 90100cdc 90100cd8 90100cd4 90100cd0 90100ccc 90100cc8 90100cc4 90100cc0 90100cbc 90100cb8 90100cb4 90100cb0 90100cac 90100ca8 90100ca4 90100ca0 90100c9c 90100c98 90100c94 90100c90 90100c8c 90100c88 90100c84 90100c80
sm   0 warp 1 0x8000053c 0x000521fb v  3 11111111111111111111111111111111 3f800000 00000000 bf800000 c0000000 40000000 3f800000 00000000 bf800000 bf800000 c0000000 40000000 3f800000 00000000 bf800000 c0000000 40000000 40000000 3f800000 00000000 bf800000 c0000000 40000000 3f800000 00000000 00000000 bf800000 c0000000 40000000 3f800000 00000000 bf800000 c0000000 
sm   0 warp 3 0x80000508 0x000521fb lsu.r v  3 op 3 @ 90100c7c 90100c78 90100c74 90100c70 90100c6c 90100c68 90100c64 90100c60 90100c5c 90100c58 90100c54 90100c50 90100c4c 90100c48 90100c44 90100c40 90100c3c 90100c38 90100c34 90100c30 90100c2c 90100c28 90100c24 90100c20 90100c1c 90100c18 90100c14 90100c10 90100c0c 90100c08 90100c04 90100c00
sm   0 warp 0 0x8000053c 0x000521fb v  3 11111111111111111111111111111111 3f800000 00000000 bf800000 c0000000 40000000 3f800000 00000000 bf800000 bf800000 c0000000 40000000 3f800000 00000000 bf800000 c0000000 40000000 40000000 3f800000 00000000 bf800000 c0000000 40000000 3f800000 00000000 00000000 bf800000 c0000000 40000000 3f800000 00000000 bf800000 c0000000 
sm   0 warp 1 0x80000544 0x90011337 x  6  90011000
sm   0 warp 2 0x8000053c 0x000521fb v  3 11111111111111111111111111111111 3f800000 00000000 bf800000 c0000000 40000000 3f800000 00000000 bf800000 bf800000 c0000000 40000000 3f800000 00000000 bf800000 c0000000 40000000 40000000 3f800000 00000000 bf800000 c0000000 40000000 3f800000 00000000 00000000 bf800000 c0000000 40000000 3f800000 00000000 bf800000 c0000000 
sm   0 warp 3 0x80000508 0x000521fb v  3 11111111111111111111111111111111 3f800000 00000000 bf800000 c0000000 40000000 3f800000 00000000 bf800000 bf800000 c0000000 40000000 3f800000 00000000 bf800000 c0000000 40000000 40000000 3f800000 00000000 bf800000 c0000000 40000000 3f800000 00000000 00000000 bf800000 c0000000 40000000 3f800000 00000000 bf800000 c0000000 
sm   0 warp 0 0x80000544 0x90011337 x  6  90011000
sm   0 warp 1 0x80000548 0xd0030313 x  6  90010d00
sm   0 warp 2 0x80000544 0x90011337 x  6  90011000
sm   0 warp 1 0x8000054c 0x5208a557 v 10 11111111111111111111111111111111 0000001f 0000001e 0000001d 0000001c 0000001b 0000001a 00000019 00000018 00000017 00000016 00000015 00000014 00000013 00000012 00000011 00000010 0000000f 0000000e 0000000d 0000000c 0000000b 0000000a 00000009 00000008 00000007 00000006 00000005 00000004 00000003 00000002 00000001 00000000 
sm   0 warp 1 0x80000540 0x0e31408b v  1 11111111111111111111111111111111 00000000 00000000 00000000 00000000 00000000 00000000 00000000 00000000 00000000 00000000 00000000 00000000 00000000 00000000 00000000 00000000 42500000 c1d00000 c36a0000 43ea0000 c3020000 436a0000 429c0000 c3500000 43d00000 c36a0000 41d00000 41d00000 c3020000 41d00000 c3500000 429c0000 
sm   0 warp 0 0x80000548 0xd0030313 x  6  90010d00
sm   0 warp 3 0x80000510 0x90011337 x  6  90011000
sm   0 warp 2 0x80000548 0xd0030313 x  6  90010d00
sm   0 warp 0 0x8000054c 0x5208a557 v 10 11111111111111111111111111111111 0000001f 0000001e 0000001d 0000001c 0000001b 0000001a 00000019 00000018 00000017 00000016 00000015 00000014 00000013 00000012 00000011 00000010 0000000f 0000000e 0000000d 0000000c 0000000b 0000000a 00000009 00000008 00000007 00000006 00000005 00000004 00000003 00000002 00000001 00000000 
sm   0 warp 1 0x80000550 0x96a13557 v 10 11111111111111111111111111111111 0000007c 00000078 00000074 00000070 0000006c 00000068 00000064 00000060 0000005c 00000058 00000054 00000050 0000004c 00000048 00000044 00000040 0000003c 00000038 00000034 00000030 0000002c 00000028 00000024 00000020 0000001c 00000018 00000014 00000010 0000000c 00000008 00000004 00000000 
sm   0 warp 2 0x8000054c 0x5208a557 v 10 11111111111111111111111111111111 0000001f 0000001e 0000001d 0000001c 0000001b 0000001a 00000019 00000018 00000017 00000016 00000015 00000014 00000013 00000012 00000011 00000010 0000000f 0000000e 0000000d 0000000c 0000000b 0000000a 00000009 00000008 00000007 00000006 00000005 00000004 00000003 00000002 00000001 00000000 
sm   0 warp 0 0x80000540 0x0e31408b v  1 11111111111111111111111111111111 00000000 00000000 00000000 00000000 00000000 00000000 00000000 00000000 00000000 00000000 00000000 00000000 00000000 00000000 00000000 00000000 42500000 c1d00000 c36a0000 43ea0000 c3020000 436a0000 429c0000 c3500000 43d00000 c36a0000 41d00000 41d00000 c3020000 41d00000 c3500000 429c0000 
sm   0 warp 3 0x80000514 0xc8030313 x  6  90010c80
sm   0 warp 2 0x80000540 0x0e31408b v  1 11111111111111111111111111111111 00000000 00000000 00000000 00000000 00000000 00000000 00000000 00000000 00000000 00000000 00000000 00000000 00000000 00000000 00000000 00000000 42500000 c1d00000 c36a0000 43ea0000 c3020000 436a0000 429c0000 c3500000 43d00000 c36a0000 41d00000 41d00000 c3020000 41d00000 c3500000 429c0000 
sm   0 warp 0 0x80000550 0x96a13557 v 10 11111111111111111111111111111111 0000007c 00000078 00000074 00000070 0000006c 00000068 00000064 00000060 0000005c 00000058 00000054 00000050 0000004c 00000048 00000044 00000040 0000003c 00000038 00000034 00000030 0000002c 00000028 00000024 00000020 0000001c 00000018 00000014 00000010 0000000c 00000008 00000004 00000000 
sm   0 warp 1 0x80000554 0x02a34557 v 10 11111111111111111111111111111111 90010d7c 90010d78 90010d74 90010d70 90010d6c 90010d68 90010d64 90010d60 90010d5c 90010d58 90010d54 90010d50 90010d4c 90010d48 90010d44 90010d40 90010d3c 90010d38 90010d34 90010d30 90010d2c 90010d28 90010d24 90010d20 90010d1c 90010d18 90010d14 90010d10 90010d0c 90010d08 90010d04 90010d00 
sm   0 warp 3 0x80000518 0x5208a557 v 10 11111111111111111111111111111111 0000001f 0000001e 0000001d 0000001c 0000001b 0000001a 00000019 00000018 00000017 00000016 00000015 00000014 00000013 00000012 00000011 00000010 0000000f 0000000e 0000000d 0000000c 0000000b 0000000a 00000009 00000008 00000007 00000006 00000005 00000004 00000003 00000002 00000001 00000000 
sm   0 warp 2 0x80000550 0x96a13557 v 10 11111111111111111111111111111111 0000007c 00000078 00000074 00000070 0000006c 00000068 00000064 00000060 0000005c 00000058 00000054 00000050 0000004c 00000048 00000044 00000040 0000003c 00000038 00000034 00000030 0000002c 00000028 00000024 00000020 0000001c 00000018 00000014 00000010 0000000c 00000008 00000004 00000000 
sm   0 warp 3 0x8000050c 0x0e31408b v  1 11111111111111111111111111111111 00000000 00000000 00000000 00000000 00000000 00000000 00000000 00000000 00000000 00000000 00000000 00000000 00000000 00000000 00000000 00000000 42480000 c1c80000 c3610000 43e10000 c2fa0000 43610000 42960000 c3480000 43c80000 c3610000 41c80000 41c80000 c2fa0000 41c80000 c3480000 42960000 
sm   0 warp 0 0x80000554 0x02a34557 v 10 11111111111111111111111111111111 90010d7c 90010d78 90010d74 90010d70 90010d6c 90010d68 90010d64 90010d60 90010d5c 90010d58 90010d54 90010d50 90010d4c 90010d48 90010d44 90010d40 90010d3c 90010d38 90010d34 90010d30 90010d2c 90010d28 90010d24 90010d20 90010d1c 90010d18 90010d14 90010d10 90010d0c 90010d08 90010d04 90010d00 
sm   0 warp 3 0x8000051c 0x96a13557 v 10 11111111111111111111111111111111 0000007c 00000078 00000074 00000070 0000006c 00000068 00000064 00000060 0000005c 00000058 00000054 00000050 0000004c 00000048 00000044 00000040 0000003c 00000038 00000034 00000030 0000002c 00000028 00000024 00000020 0000001c 00000018 00000014 00000010 0000000c 00000008 00000004 00000000 
sm   0 warp 1 0x80000558 0x0005217b lsu.r v  2 op 3 @ 90010d7c 90010d78 90010d74 90010d70 90010d6c 90010d68 90010d64 90010d60 90010d5c 90010d58 90010d54 90010d50 90010d4c 90010d48 90010d44 90010d40 90010d3c 90010d38 90010d34 90010d30 90010d2c 90010d28 90010d24 90010d20 90010d1c 90010d18 90010d14 90010d10 90010d0c 90010d08 90010d04 90010d00
sm   0 warp 1 0x8000055c 0x90101337 x  6  90101000
sm   0 warp 2 0x80000554 0x02a34557 v 10 11111111111111111111111111111111 90010d7c 90010d78 90010d74 90010d70 90010d6c 90010d68 90010d64 90010d60 90010d5c 90010d58 90010d54 90010d50 90010d4c 90010d48 90010d44 90010d40 90010d3c 90010d38 90010d34 90010d30 90010d2c 90010d28 90010d24 90010d20 90010d1c 90010d18 90010d14 90010d10 90010d0c 90010d08 90010d04 90010d00 
sm   0 warp 0 0x80000558 0x0005217b lsu.r v  2 op 3 @ 90010d7c 90010d78 90010d74 90010d70 90010d6c 90010d68 90010d64 90010d60 90010d5c 90010d58 90010d54 90010d50 90010d4c 90010d48 90010d44 90010d40 90010d3c 90010d38 90010d34 90010d30 90010d2c 90010d28 90010d24 90010d20 90010d1c 90010d18 90010d14 90010d10 90010d0c 90010d08 90010d04 90010d00
[L1C] #   2698 SM 0 CACHE 0 ADDR 80000580
sm   0 warp 0 0x8000055c 0x90101337 x  6  90101000
sm   0 warp 1 0x80000560 0xd0030313 x  6  90100d00
[L1C] #   2699 SM 0 CACHE 1 ADDR 90010d00
sm   0 warp 3 0x80000520 0x02a34557 v 10 11111111111111111111111111111111 90010cfc 90010cf8 90010cf4 90010cf0 90010cec 90010ce8 90010ce4 90010ce0 90010cdc 90010cd8 90010cd4 90010cd0 90010ccc 90010cc8 90010cc4 90010cc0 90010cbc 90010cb8 90010cb4 90010cb0 90010cac 90010ca8 90010ca4 90010ca0 90010c9c 90010c98 90010c94 90010c90 90010c8c 90010c88 90010c84 90010c80 
sm   0 warp 2 0x80000558 0x0005217b lsu.r v  2 op 3 @ 90010d7c 90010d78 90010d74 90010d70 90010d6c 90010d68 90010d64 90010d60 90010d5c 90010d58 90010d54 90010d50 90010d4c 90010d48 90010d44 90010d40 90010d3c 90010d38 90010d34 90010d30 90010d2c 90010d28 90010d24 90010d20 90010d1c 90010d18 90010d14 90010d10 90010d0c 90010d08 90010d04 90010d00
sm   0 warp 2 0x8000055c 0x90101337 x  6  90101000
sm   0 warp 1 0x80000564 0x5208a557 v 10 11111111111111111111111111111111 0000001f 0000001e 0000001d 0000001c 0000001b 0000001a 00000019 00000018 00000017 00000016 00000015 00000014 00000013 00000012 00000011 00000010 0000000f 0000000e 0000000d 0000000c 0000000b 0000000a 00000009 00000008 00000007 00000006 00000005 00000004 00000003 00000002 00000001 00000000 
sm   0 warp 0 0x80000560 0xd0030313 x  6  90100d00
sm   0 warp 2 0x80000560 0xd0030313 x  6  90100d00
sm   0 warp 1 0x80000568 0x96a13557 v 10 11111111111111111111111111111111 0000007c 00000078 00000074 00000070 0000006c 00000068 00000064 00000060 0000005c 00000058 00000054 00000050 0000004c 00000048 00000044 00000040 0000003c 00000038 00000034 00000030 0000002c 00000028 00000024 00000020 0000001c 00000018 00000014 00000010 0000000c 00000008 00000004 00000000 
sm   0 warp 3 0x80000528 0x90101337 x  6  90101000
sm   0 warp 0 0x80000564 0x5208a557 v 10 11111111111111111111111111111111 0000001f 0000001e 0000001d 0000001c 0000001b 0000001a 00000019 00000018 00000017 00000016 00000015 00000014 00000013 00000012 00000011 00000010 0000000f 0000000e 0000000d 0000000c 0000000b 0000000a 00000009 00000008 00000007 00000006 00000005 00000004 00000003 00000002 00000001 00000000 
sm   0 warp 2 0x80000564 0x5208a557 v 10 11111111111111111111111111111111 0000001f 0000001e 0000001d 0000001c 0000001b 0000001a 00000019 00000018 00000017 00000016 00000015 00000014 00000013 00000012 00000011 00000010 0000000f 0000000e 0000000d 0000000c 0000000b 0000000a 00000009 00000008 00000007 00000006 00000005 00000004 00000003 00000002 00000001 00000000 
sm   0 warp 1 0x8000056c 0x02a34557 v 10 11111111111111111111111111111111 90100d7c 90100d78 90100d74 90100d70 90100d6c 90100d68 90100d64 90100d60 90100d5c 90100d58 90100d54 90100d50 90100d4c 90100d48 90100d44 90100d40 90100d3c 90100d38 90100d34 90100d30 90100d2c 90100d28 90100d24 90100d20 90100d1c 90100d18 90100d14 90100d10 90100d0c 90100d08 90100d04 90100d00 
sm   0 warp 3 0x8000052c 0xc8030313 x  6  90100c80
sm   0 warp 0 0x80000568 0x96a13557 v 10 11111111111111111111111111111111 0000007c 00000078 00000074 00000070 0000006c 00000068 00000064 00000060 0000005c 00000058 00000054 00000050 0000004c 00000048 00000044 00000040 0000003c 00000038 00000034 00000030 0000002c 00000028 00000024 00000020 0000001c 00000018 00000014 00000010 0000000c 00000008 00000004 00000000 
sm   0 warp 2 0x80000568 0x96a13557 v 10 11111111111111111111111111111111 0000007c 00000078 00000074 00000070 0000006c 00000068 00000064 00000060 0000005c 00000058 00000054 00000050 0000004c 00000048 00000044 00000040 0000003c 00000038 00000034 00000030 0000002c 00000028 00000024 00000020 0000001c 00000018 00000014 00000010 0000000c 00000008 00000004 00000000 
sm   0 warp 1 0x80000558 0x0005217b v  2 11111111111111111111111111111111 bf800000 c0000000 c0400000 40400000 40000000 3f800000 00000000 bf800000 40400000 40000000 3f800000 00000000 bf800000 c0000000 c0400000 40400000 00000000 bf800000 c0000000 c0400000 40400000 40000000 3f800000 00000000 c0400000 40400000 40000000 3f800000 00000000 bf800000 c0000000 c0400000 
sm   0 warp 0 0x8000056c 0x02a34557 v 10 11111111111111111111111111111111 90100d7c 90100d78 90100d74 90100d70 90100d6c 90100d68 90100d64 90100d60 90100d5c 90100d58 90100d54 90100d50 90100d4c 90100d48 90100d44 90100d40 90100d3c 90100d38 90100d34 90100d30 90100d2c 90100d28 90100d24 90100d20 90100d1c 90100d18 90100d14 90100d10 90100d0c 90100d08 90100d04 90100d00 
sm   0 warp 3 0x80000524 0x0005217b lsu.r v  2 op 3 @ 90010cfc 90010cf8 90010cf4 90010cf0 90010cec 90010ce8 90010ce4 90010ce0 90010cdc 90010cd8 90010cd4 90010cd0 90010ccc 90010cc8 90010cc4 90010cc0 90010cbc 90010cb8 90010cb4 90010cb0 90010cac 90010ca8 90010ca4 90010ca0 90010c9c 90010c98 90010c94 90010c90 90010c8c 90010c88 90010c84 90010c80
sm   0 warp 2 0x8000056c 0x02a34557 v 10 11111111111111111111111111111111 90100d7c 90100d78 90100d74 90100d70 90100d6c 90100d68 90100d64 90100d60 90100d5c 90100d58 90100d54 90100d50 90100d4c 90100d48 90100d44 90100d40 90100d3c 90100d38 90100d34 90100d30 90100d2c 90100d28 90100d24 90100d20 90100d1c 90100d18 90100d14 90100d10 90100d0c 90100d08 90100d04 90100d00 
sm   0 warp 0 0x80000558 0x0005217b v  2 11111111111111111111111111111111 bf800000 c0000000 c0400000 40400000 40000000 3f800000 00000000 bf800000 40400000 40000000 3f800000 00000000 bf800000 c0000000 c0400000 40400000 00000000 bf800000 c0000000 c0400000 40400000 40000000 3f800000 00000000 c0400000 40400000 40000000 3f800000 00000000 bf800000 c0000000 c0400000 
sm   0 warp 2 0x80000558 0x0005217b v  2 11111111111111111111111111111111 bf800000 c0000000 c0400000 40400000 40000000 3f800000 00000000 bf800000 40400000 40000000 3f800000 00000000 bf800000 c0000000 c0400000 40400000 00000000 bf800000 c0000000 c0400000 40400000 40000000 3f800000 00000000 c0400000 40400000 40000000 3f800000 00000000 bf800000 c0000000 c0400000 
sm   0 warp 1 0x80000570 0x000521fb lsu.r v  3 op 3 @ 90100d7c 90100d78 90100d74 90100d70 90100d6c 90100d68 90100d64 90100d60 90100d5c 90100d58 90100d54 90100d50 90100d4c 90100d48 90100d44 90100d40 90100d3c 90100d38 90100d34 90100d30 90100d2c 90100d28 90100d24 90100d20 90100d1c 90100d18 90100d14 90100d10 90100d0c 90100d08 90100d04 90100d00
sm   0 warp 3 0x80000524 0x0005217b v  2 11111111111111111111111111111111 bf800000 c0000000 c0400000 40400000 40000000 3f800000 00000000 bf800000 40400000 40000000 3f800000 00000000 bf800000 c0000000 c0400000 40400000 00000000 bf800000 c0000000 c0400000 40400000 40000000 3f800000 00000000 c0400000 40400000 40000000 3f800000 00000000 bf800000 c0000000 c0400000 
sm   0 warp 0 0x80000570 0x000521fb lsu.r v  3 op 3 @ 90100d7c 90100d78 90100d74 90100d70 90100d6c 90100d68 90100d64 90100d60 90100d5c 90100d58 90100d54 90100d50 90100d4c 90100d48 90100d44 90100d40 90100d3c 90100d38 90100d34 90100d30 90100d2c 90100d28 90100d24 90100d20 90100d1c 90100d18 90100d14 90100d10 90100d0c 90100d08 90100d04 90100d00
[L1C] #   2730 SM 0 CACHE 1 ADDR 90100d00
sm   0 warp 3 0x80000530 0x5208a557 v 10 11111111111111111111111111111111 0000001f 0000001e 0000001d 0000001c 0000001b 0000001a 00000019 00000018 00000017 00000016 00000015 00000014 00000013 00000012 00000011 00000010 0000000f 0000000e 0000000d 0000000c 0000000b 0000000a 00000009 00000008 00000007 00000006 00000005 00000004 00000003 00000002 00000001 00000000 
sm   0 warp 2 0x80000570 0x000521fb lsu.r v  3 op 3 @ 90100d7c 90100d78 90100d74 90100d70 90100d6c 90100d68 90100d64 90100d60 90100d5c 90100d58 90100d54 90100d50 90100d4c 90100d48 90100d44 90100d40 90100d3c 90100d38 90100d34 90100d30 90100d2c 90100d28 90100d24 90100d20 90100d1c 90100d18 90100d14 90100d10 90100d0c 90100d08 90100d04 90100d00
sm   0 warp 3 0x80000534 0x96a13557 v 10 11111111111111111111111111111111 0000007c 00000078 00000074 00000070 0000006c 00000068 00000064 00000060 0000005c 00000058 00000054 00000050 0000004c 00000048 00000044 00000040 0000003c 00000038 00000034 00000030 0000002c 00000028 00000024 00000020 0000001c 00000018 00000014 00000010 0000000c 00000008 00000004 00000000 
sm   0 warp 3 0x80000538 0x02a34557 v 10 11111111111111111111111111111111 90100cfc 90100cf8 90100cf4 90100cf0 90100cec 90100ce8 90100ce4 90100ce0 90100cdc 90100cd8 90100cd4 90100cd0 90100ccc 90100cc8 90100cc4 90100cc0 90100cbc 90100cb8 90100cb4 90100cb0 90100cac 90100ca8 90100ca4 90100ca0 90100c9c 90100c98 90100c94 90100c90 90100c8c 90100c88 90100c84 90100c80 
sm   0 warp 1 0x80000570 0x000521fb v  3 11111111111111111111111111111111 3f800000 00000000 bf800000 c0000000 40000000 3f800000 00000000 bf800000 bf800000 c0000000 40000000 3f800000 00000000 bf800000 c0000000 40000000 40000000 3f800000 00000000 bf800000 c0000000 40000000 3f800000 00000000 00000000 bf800000 c0000000 40000000 3f800000 00000000 bf800000 c0000000 
sm   0 warp 3 0x8000053c 0x000521fb lsu.r v  3 op 3 @ 90100cfc 90100cf8 90100cf4 90100cf0 90100cec 90100ce8 90100ce4 90100ce0 90100cdc 90100cd8 90100cd4 90100cd0 90100ccc 90100cc8 90100cc4 90100cc0 90100cbc 90100cb8 90100cb4 90100cb0 90100cac 90100ca8 90100ca4 90100ca0 90100c9c 90100c98 90100c94 90100c90 90100c8c 90100c88 90100c84 90100c80
sm   0 warp 0 0x80000570 0x000521fb v  3 11111111111111111111111111111111 3f800000 00000000 bf800000 c0000000 40000000 3f800000 00000000 bf800000 bf800000 c0000000 40000000 3f800000 00000000 bf800000 c0000000 40000000 40000000 3f800000 00000000 bf800000 c0000000 40000000 3f800000 00000000 00000000 bf800000 c0000000 40000000 3f800000 00000000 bf800000 c0000000 
sm   0 warp 1 0x80000578 0x90011337 x  6  90011000
sm   0 warp 2 0x80000570 0x000521fb v  3 11111111111111111111111111111111 3f800000 00000000 bf800000 c0000000 40000000 3f800000 00000000 bf800000 bf800000 c0000000 40000000 3f800000 00000000 bf800000 c0000000 40000000 40000000 3f800000 00000000 bf800000 c0000000 40000000 3f800000 00000000 00000000 bf800000 c0000000 40000000 3f800000 00000000 bf800000 c0000000 
sm   0 warp 3 0x8000053c 0x000521fb v  3 11111111111111111111111111111111 3f800000 00000000 bf800000 c0000000 40000000 3f800000 00000000 bf800000 bf800000 c0000000 40000000 3f800000 00000000 bf800000 c0000000 40000000 40000000 3f800000 00000000 bf800000 c0000000 40000000 3f800000 00000000 00000000 bf800000 c0000000 40000000 3f800000 00000000 bf800000 c0000000 
sm   0 warp 0 0x80000578 0x90011337 x  6  90011000
sm   0 warp 1 0x8000057c 0xd8030313 x  6  90010d80
sm   0 warp 2 0x80000578 0x90011337 x  6  90011000
sm   0 warp 1 0x80000580 0x5208a557 v 10 11111111111111111111111111111111 0000001f 0000001e 0000001d 0000001c 0000001b 0000001a 00000019 00000018 00000017 00000016 00000015 00000014 00000013 00000012 00000011 00000010 0000000f 0000000e 0000000d 0000000c 0000000b 0000000a 00000009 00000008 00000007 00000006 00000005 00000004 00000003 00000002 00000001 00000000 
sm   0 warp 1 0x80000574 0x0e31408b v  1 11111111111111111111111111111111 00000000 00000000 00000000 00000000 00000000 00000000 00000000 00000000 00000000 00000000 00000000 00000000 00000000 00000000 00000000 00000000 42580000 c1d80000 c3730000 43f30000 c3070000 43730000 42a20000 c3580000 43d80000 c3730000 41d80000 41d80000 c3070000 41d80000 c3580000 42a20000 
sm   0 warp 0 0x8000057c 0xd8030313 x  6  90010d80
sm   0 warp 3 0x80000544 0x90011337 x  6  90011000
sm   0 warp 2 0x8000057c 0xd8030313 x  6  90010d80
sm   0 warp 0 0x80000580 0x5208a557 v 10 11111111111111111111111111111111 0000001f 0000001e 0000001d 0000001c 0000001b 0000001a 00000019 00000018 00000017 00000016 00000015 00000014 00000013 00000012 00000011 00000010 0000000f 0000000e 0000000d 0000000c 0000000b 0000000a 00000009 00000008 00000007 00000006 00000005 00000004 00000003 00000002 00000001 00000000 
sm   0 warp 1 0x80000584 0x96a13557 v 10 11111111111111111111111111111111 0000007c 00000078 00000074 00000070 0000006c 00000068 00000064 00000060 0000005c 00000058 00000054 00000050 0000004c 00000048 00000044 00000040 0000003c 00000038 00000034 00000030 0000002c 00000028 00000024 00000020 0000001c 00000018 00000014 00000010 0000000c 00000008 00000004 00000000 
sm   0 warp 2 0x80000580 0x5208a557 v 10 11111111111111111111111111111111 0000001f 0000001e 0000001d 0000001c 0000001b 0000001a 00000019 00000018 00000017 00000016 00000015 00000014 00000013 00000012 00000011 00000010 0000000f 0000000e 0000000d 0000000c 0000000b 0000000a 00000009 00000008 00000007 00000006 00000005 00000004 00000003 00000002 00000001 00000000 
sm   0 warp 0 0x80000574 0x0e31408b v  1 11111111111111111111111111111111 00000000 00000000 00000000 00000000 00000000 00000000 00000000 00000000 00000000 00000000 00000000 00000000 00000000 00000000 00000000 00000000 42580000 c1d80000 c3730000 43f30000 c3070000 43730000 42a20000 c3580000 43d80000 c3730000 41d80000 41d80000 c3070000 41d80000 c3580000 42a20000 
sm   0 warp 3 0x80000548 0xd0030313 x  6  90010d00
sm   0 warp 2 0x80000574 0x0e31408b v  1 11111111111111111111111111111111 00000000 00000000 00000000 00000000 00000000 00000000 00000000 00000000 00000000 00000000 00000000 00000000 00000000 00000000 00000000 00000000 42580000 c1d80000 c3730000 43f30000 c3070000 43730000 42a20000 c3580000 43d80000 c3730000 41d80000 41d80000 c3070000 41d80000 c3580000 42a20000 
sm   0 warp 0 0x80000584 0x96a13557 v 10 11111111111111111111111111111111 0000007c 00000078 00000074 00000070 0000006c 00000068 00000064 00000060 0000005c 00000058 00000054 00000050 0000004c 00000048 00000044 00000040 0000003c 00000038 00000034 00000030 0000002c 00000028 00000024 00000020 0000001c 00000018 00000014 00000010 0000000c 00000008 00000004 00000000 
sm   0 warp 1 0x80000588 0x02a34557 v 10 11111111111111111111111111111111 90010dfc 90010df8 90010df4 90010df0 90010dec 90010de8 90010de4 90010de0 90010ddc 90010dd8 90010dd4 90010dd0 90010dcc 90010dc8 90010dc4 90010dc0 90010dbc 90010db8 90010db4 90010db0 90010dac 90010da8 90010da4 90010da0 90010d9c 90010d98 90010d94 90010d90 90010d8c 90010d88 90010d84 90010d80 
sm   0 warp 3 0x8000054c 0x5208a557 v 10 11111111111111111111111111111111 0000001f 0000001e 0000001d 0000001c 0000001b 0000001a 00000019 00000018 00000017 00000016 00000015 00000014 00000013 00000012 00000011 00000010 0000000f 0000000e 0000000d 0000000c 0000000b 0000000a 00000009 00000008 00000007 00000006 00000005 00000004 00000003 00000002 00000001 00000000 
sm   0 warp 2 0x80000584 0x96a13557 v 10 11111111111111111111111111111111 0000007c 00000078 00000074 00000070 0000006c 00000068 00000064 00000060 0000005c 00000058 00000054 00000050 0000004c 00000048 00000044 00000040 0000003c 00000038 00000034 00000030 0000002c 00000028 00000024 00000020 0000001c 00000018 00000014 00000010 0000000c 00000008 00000004 00000000 
sm   0 warp 3 0x80000540 0x0e31408b v  1 11111111111111111111111111111111 00000000 00000000 00000000 00000000 00000000 00000000 00000000 00000000 00000000 00000000 00000000 00000000 00000000 00000000 00000000 00000000 42500000 c1d00000 c36a0000 43ea0000 c3020000 436a0000 429c0000 c3500000 43d00000 c36a0000 41d00000 41d00000 c3020000 41d00000 c3500000 429c0000 
sm   0 warp 0 0x80000588 0x02a34557 v 10 11111111111111111111111111111111 90010dfc 90010df8 90010df4 90010df0 90010dec 90010de8 90010de4 90010de0 90010ddc 90010dd8 90010dd4 90010dd0 90010dcc 90010dc8 90010dc4 90010dc0 90010dbc 90010db8 90010db4 90010db0 90010dac 90010da8 90010da4 90010da0 90010d9c 90010d98 90010d94 90010d90 90010d8c 90010d88 90010d84 90010d80 
sm   0 warp 3 0x80000550 0x96a13557 v 10 11111111111111111111111111111111 0000007c 00000078 00000074 00000070 0000006c 00000068 00000064 00000060 0000005c 00000058 00000054 00000050 0000004c 00000048 00000044 00000040 0000003c 00000038 00000034 00000030 0000002c 00000028 00000024 00000020 0000001c 00000018 00000014 00000010 0000000c 00000008 00000004 00000000 
sm   0 warp 1 0x8000058c 0x0005217b lsu.r v  2 op 3 @ 90010dfc 90010df8 90010df4 90010df0 90010dec 90010de8 90010de4 90010de0 90010ddc 90010dd8 90010dd4 90010dd0 90010dcc 90010dc8 90010dc4 90010dc0 90010dbc 90010db8 90010db4 90010db0 90010dac 90010da8 90010da4 90010da0 90010d9c 90010d98 90010d94 90010d90 90010d8c 90010d88 90010d84 90010d80
sm   0 warp 1 0x80000590 0x90101337 x  6  90101000
sm   0 warp 2 0x80000588 0x02a34557 v 10 11111111111111111111111111111111 90010dfc 90010df8 90010df4 90010df0 90010dec 90010de8 90010de4 90010de0 90010ddc 90010dd8 90010dd4 90010dd0 90010dcc 90010dc8 90010dc4 90010dc0 90010dbc 90010db8 90010db4 90010db0 90010dac 90010da8 90010da4 90010da0 90010d9c 90010d98 90010d94 90010d90 90010d8c 90010d88 90010d84 90010d80 
sm   0 warp 0 0x8000058c 0x0005217b lsu.r v  2 op 3 @ 90010dfc 90010df8 90010df4 90010df0 90010dec 90010de8 90010de4 90010de0 90010ddc 90010dd8 90010dd4 90010dd0 90010dcc 90010dc8 90010dc4 90010dc0 90010dbc 90010db8 90010db4 90010db0 90010dac 90010da8 90010da4 90010da0 90010d9c 90010d98 90010d94 90010d90 90010d8c 90010d88 90010d84 90010d80
[L1C] #   2783 SM 0 CACHE 1 ADDR 90010d80
sm   0 warp 0 0x80000590 0x90101337 x  6  90101000
sm   0 warp 3 0x80000554 0x02a34557 v 10 11111111111111111111111111111111 90010d7c 90010d78 90010d74 90010d70 90010d6c 90010d68 90010d64 90010d60 90010d5c 90010d58 90010d54 90010d50 90010d4c 90010d48 90010d44 90010d40 90010d3c 90010d38 90010d34 90010d30 90010d2c 90010d28 90010d24 90010d20 90010d1c 90010d18 90010d14 90010d10 90010d0c 90010d08 90010d04 90010d00 
sm   0 warp 1 0x80000594 0xd8030313 x  6  90100d80
sm   0 warp 2 0x8000058c 0x0005217b lsu.r v  2 op 3 @ 90010dfc 90010df8 90010df4 90010df0 90010dec 90010de8 90010de4 90010de0 90010ddc 90010dd8 90010dd4 90010dd0 90010dcc 90010dc8 90010dc4 90010dc0 90010dbc 90010db8 90010db4 90010db0 90010dac 90010da8 90010da4 90010da0 90010d9c 90010d98 90010d94 90010d90 90010d8c 90010d88 90010d84 90010d80
sm   0 warp 2 0x80000590 0x90101337 x  6  90101000
sm   0 warp 1 0x80000598 0x5208a557 v 10 11111111111111111111111111111111 0000001f 0000001e 0000001d 0000001c 0000001b 0000001a 00000019 00000018 00000017 00000016 00000015 00000014 00000013 00000012 00000011 00000010 0000000f 0000000e 0000000d 0000000c 0000000b 0000000a 00000009 00000008 00000007 00000006 00000005 00000004 00000003 00000002 00000001 00000000 
sm   0 warp 0 0x80000594 0xd8030313 x  6  90100d80
sm   0 warp 2 0x80000594 0xd8030313 x  6  90100d80
sm   0 warp 1 0x8000059c 0x96a13557 v 10 11111111111111111111111111111111 0000007c 00000078 00000074 00000070 0000006c 00000068 00000064 00000060 0000005c 00000058 00000054 00000050 0000004c 00000048 00000044 00000040 0000003c 00000038 00000034 00000030 0000002c 00000028 00000024 00000020 0000001c 00000018 00000014 00000010 0000000c 00000008 00000004 00000000 
sm   0 warp 3 0x8000055c 0x90101337 x  6  90101000
sm   0 warp 0 0x80000598 0x5208a557 v 10 11111111111111111111111111111111 0000001f 0000001e 0000001d 0000001c 0000001b 0000001a 00000019 00000018 00000017 00000016 00000015 00000014 00000013 00000012 00000011 00000010 0000000f 0000000e 0000000d 0000000c 0000000b 0000000a 00000009 00000008 00000007 00000006 00000005 00000004 00000003 00000002 00000001 00000000 
sm   0 warp 2 0x80000598 0x5208a557 v 10 11111111111111111111111111111111 0000001f 0000001e 0000001d 0000001c 0000001b 0000001a 00000019 00000018 00000017 00000016 00000015 00000014 00000013 00000012 00000011 00000010 0000000f 0000000e 0000000d 0000000c 0000000b 0000000a 00000009 00000008 00000007 00000006 00000005 00000004 00000003 00000002 00000001 00000000 
sm   0 warp 1 0x800005a0 0x02a34557 v 10 11111111111111111111111111111111 90100dfc 90100df8 90100df4 90100df0 90100dec 90100de8 90100de4 90100de0 90100ddc 90100dd8 90100dd4 90100dd0 90100dcc 90100dc8 90100dc4 90100dc0 90100dbc 90100db8 90100db4 90100db0 90100dac 90100da8 90100da4 90100da0 90100d9c 90100d98 90100d94 90100d90 90100d8c 90100d88 90100d84 90100d80 
sm   0 warp 0 0x8000059c 0x96a13557 v 10 11111111111111111111111111111111 0000007c 00000078 00000074 00000070 0000006c 00000068 00000064 00000060 0000005c 00000058 00000054 00000050 0000004c 00000048 00000044 00000040 0000003c 00000038 00000034 00000030 0000002c 00000028 00000024 00000020 0000001c 00000018 00000014 00000010 0000000c 00000008 00000004 00000000 
sm   0 warp 2 0x8000059c 0x96a13557 v 10 11111111111111111111111111111111 0000007c 00000078 00000074 00000070 0000006c 00000068 00000064 00000060 0000005c 00000058 00000054 00000050 0000004c 00000048 00000044 00000040 0000003c 00000038 00000034 00000030 0000002c 00000028 00000024 00000020 0000001c 00000018 00000014 00000010 0000000c 00000008 00000004 00000000 
sm   0 warp 1 0x8000058c 0x0005217b v  2 11111111111111111111111111111111 bf800000 c0000000 c0400000 40400000 40000000 3f800000 00000000 bf800000 40400000 40000000 3f800000 00000000 bf800000 c0000000 c0400000 40400000 00000000 bf800000 c0000000 c0400000 40400000 40000000 3f800000 00000000 c0400000 40400000 40000000 3f800000 00000000 bf800000 c0000000 c0400000 
sm   0 warp 0 0x800005a0 0x02a34557 v 10 11111111111111111111111111111111 90100dfc 90100df8 90100df4 90100df0 90100dec 90100de8 90100de4 90100de0 90100ddc 90100dd8 90100dd4 90100dd0 90100dcc 90100dc8 90100dc4 90100dc0 90100dbc 90100db8 90100db4 90100db0 90100dac 90100da8 90100da4 90100da0 90100d9c 90100d98 90100d94 90100d90 90100d8c 90100d88 90100d84 90100d80 
sm   0 warp 3 0x80000558 0x0005217b lsu.r v  2 op 3 @ 90010d7c 90010d78 90010d74 90010d70 90010d6c 90010d68 90010d64 90010d60 90010d5c 90010d58 90010d54 90010d50 90010d4c 90010d48 90010d44 90010d40 90010d3c 90010d38 90010d34 90010d30 90010d2c 90010d28 90010d24 90010d20 90010d1c 90010d18 90010d14 90010d10 90010d0c 90010d08 90010d04 90010d00
sm   0 warp 2 0x800005a0 0x02a34557 v 10 11111111111111111111111111111111 90100dfc 90100df8 90100df4 90100df0 90100dec 90100de8 90100de4 90100de0 90100ddc 90100dd8 90100dd4 90100dd0 90100dcc 90100dc8 90100dc4 90100dc0 90100dbc 90100db8 90100db4 90100db0 90100dac 90100da8 90100da4 90100da0 90100d9c 90100d98 90100d94 90100d90 90100d8c 90100d88 90100d84 90100d80 
sm   0 warp 3 0x80000560 0xd0030313 x  6  90100d00
sm   0 warp 0 0x8000058c 0x0005217b v  2 11111111111111111111111111111111 bf800000 c0000000 c0400000 40400000 40000000 3f800000 00000000 bf800000 40400000 40000000 3f800000 00000000 bf800000 c0000000 c0400000 40400000 00000000 bf800000 c0000000 c0400000 40400000 40000000 3f800000 00000000 c0400000 40400000 40000000 3f800000 00000000 bf800000 c0000000 c0400000 
sm   0 warp 2 0x8000058c 0x0005217b v  2 11111111111111111111111111111111 bf800000 c0000000 c0400000 40400000 40000000 3f800000 00000000 bf800000 40400000 40000000 3f800000 00000000 bf800000 c0000000 c0400000 40400000 00000000 bf800000 c0000000 c0400000 40400000 40000000 3f800000 00000000 c0400000 40400000 40000000 3f800000 00000000 bf800000 c0000000 c0400000 
sm   0 warp 1 0x800005a4 0x000521fb lsu.r v  3 op 3 @ 90100dfc 90100df8 90100df4 90100df0 90100dec 90100de8 90100de4 90100de0 90100ddc 90100dd8 90100dd4 90100dd0 90100dcc 90100dc8 90100dc4 90100dc0 90100dbc 90100db8 90100db4 90100db0 90100dac 90100da8 90100da4 90100da0 90100d9c 90100d98 90100d94 90100d90 90100d8c 90100d88 90100d84 90100d80
sm   0 warp 3 0x80000558 0x0005217b v  2 11111111111111111111111111111111 bf800000 c0000000 c0400000 40400000 40000000 3f800000 00000000 bf800000 40400000 40000000 3f800000 00000000 bf800000 c0000000 c0400000 40400000 00000000 bf800000 c0000000 c0400000 40400000 40000000 3f800000 00000000 c0400000 40400000 40000000 3f800000 00000000 bf800000 c0000000 c0400000 
sm   0 warp 3 0x80000564 0x5208a557 v 10 11111111111111111111111111111111 0000001f 0000001e 0000001d 0000001c 0000001b 0000001a 00000019 00000018 00000017 00000016 00000015 00000014 00000013 00000012 00000011 00000010 0000000f 0000000e 0000000d 0000000c 0000000b 0000000a 00000009 00000008 00000007 00000006 00000005 00000004 00000003 00000002 00000001 00000000 
sm   0 warp 0 0x800005a4 0x000521fb lsu.r v  3 op 3 @ 90100dfc 90100df8 90100df4 90100df0 90100dec 90100de8 90100de4 90100de0 90100ddc 90100dd8 90100dd4 90100dd0 90100dcc 90100dc8 90100dc4 90100dc0 90100dbc 90100db8 90100db4 90100db0 90100dac 90100da8 90100da4 90100da0 90100d9c 90100d98 90100d94 90100d90 90100d8c 90100d88 90100d84 90100d80
[L1C] #   2813 SM 0 CACHE 1 ADDR 90100d80
sm   0 warp 2 0x800005a4 0x000521fb lsu.r v  3 op 3 @ 90100dfc 90100df8 90100df4 90100df0 90100dec 90100de8 90100de4 90100de0 90100ddc 90100dd8 90100dd4 90100dd0 90100dcc 90100dc8 90100dc4 90100dc0 90100dbc 90100db8 90100db4 90100db0 90100dac 90100da8 90100da4 90100da0 90100d9c 90100d98 90100d94 90100d90 90100d8c 90100d88 90100d84 90100d80
sm   0 warp 3 0x80000568 0x96a13557 v 10 11111111111111111111111111111111 0000007c 00000078 00000074 00000070 0000006c 00000068 00000064 00000060 0000005c 00000058 00000054 00000050 0000004c 00000048 00000044 00000040 0000003c 00000038 00000034 00000030 0000002c 00000028 00000024 00000020 0000001c 00000018 00000014 00000010 0000000c 00000008 00000004 00000000 
sm   0 warp 3 0x8000056c 0x02a34557 v 10 11111111111111111111111111111111 90100d7c 90100d78 90100d74 90100d70 90100d6c 90100d68 90100d64 90100d60 90100d5c 90100d58 90100d54 90100d50 90100d4c 90100d48 90100d44 90100d40 90100d3c 90100d38 90100d34 90100d30 90100d2c 90100d28 90100d24 90100d20 90100d1c 90100d18 90100d14 90100d10 90100d0c 90100d08 90100d04 90100d00 
sm   0 warp 1 0x800005a4 0x000521fb v  3 11111111111111111111111111111111 3f800000 00000000 bf800000 c0000000 40000000 3f800000 00000000 bf800000 bf800000 c0000000 40000000 3f800000 00000000 bf800000 c0000000 40000000 40000000 3f800000 00000000 bf800000 c0000000 40000000 3f800000 00000000 00000000 bf800000 c0000000 40000000 3f800000 00000000 bf800000 c0000000 
sm   0 warp 3 0x80000570 0x000521fb lsu.r v  3 op 3 @ 90100d7c 90100d78 90100d74 90100d70 90100d6c 90100d68 90100d64 90100d60 90100d5c 90100d58 90100d54 90100d50 90100d4c 90100d48 90100d44 90100d40 90100d3c 90100d38 90100d34 90100d30 90100d2c 90100d28 90100d24 90100d20 90100d1c 90100d18 90100d14 90100d10 90100d0c 90100d08 90100d04 90100d00
sm   0 warp 0 0x800005a4 0x000521fb v  3 11111111111111111111111111111111 3f800000 00000000 bf800000 c0000000 40000000 3f800000 00000000 bf800000 bf800000 c0000000 40000000 3f800000 00000000 bf800000 c0000000 40000000 40000000 3f800000 00000000 bf800000 c0000000 40000000 3f800000 00000000 00000000 bf800000 c0000000 40000000 3f800000 00000000 bf800000 c0000000 
sm   0 warp 1 0x800005ac 0x90011337 x  6  90011000
sm   0 warp 2 0x800005a4 0x000521fb v  3 11111111111111111111111111111111 3f800000 00000000 bf800000 c0000000 40000000 3f800000 00000000 bf800000 bf800000 c0000000 40000000 3f800000 00000000 bf800000 c0000000 40000000 40000000 3f800000 00000000 bf800000 c0000000 40000000 3f800000 00000000 00000000 bf800000 c0000000 40000000 3f800000 00000000 bf800000 c0000000 
sm   0 warp 3 0x80000570 0x000521fb v  3 11111111111111111111111111111111 3f800000 00000000 bf800000 c0000000 40000000 3f800000 00000000 bf800000 bf800000 c0000000 40000000 3f800000 00000000 bf800000 c0000000 40000000 40000000 3f800000 00000000 bf800000 c0000000 40000000 3f800000 00000000 00000000 bf800000 c0000000 40000000 3f800000 00000000 bf800000 c0000000 
sm   0 warp 0 0x800005ac 0x90011337 x  6  90011000
sm   0 warp 1 0x800005b0 0xe0030313 x  6  90010e00
sm   0 warp 2 0x800005ac 0x90011337 x  6  90011000
sm   0 warp 1 0x800005b4 0x5208a557 v 10 11111111111111111111111111111111 0000001f 0000001e 0000001d 0000001c 0000001b 0000001a 00000019 00000018 00000017 00000016 00000015 00000014 00000013 00000012 00000011 00000010 0000000f 0000000e 0000000d 0000000c 0000000b 0000000a 00000009 00000008 00000007 00000006 00000005 00000004 00000003 00000002 00000001 00000000 
sm   0 warp 1 0x800005a8 0x0e31408b v  1 11111111111111111111111111111111 00000000 00000000 00000000 00000000 00000000 00000000 00000000 00000000 00000000 00000000 00000000 00000000 00000000 00000000 00000000 00000000 42600000 c1e00000 c37c0000 43fc0000 c30c0000 437c0000 42a80000 c3600000 43e00000 c37c0000 41e00000 41e00000 c30c0000 41e00000 c3600000 42a80000 
sm   0 warp 0 0x800005b0 0xe0030313 x  6  90010e00
sm   0 warp 3 0x80000578 0x90011337 x  6  90011000
sm   0 warp 2 0x800005b0 0xe0030313 x  6  90010e00
sm   0 warp 0 0x800005b4 0x5208a557 v 10 11111111111111111111111111111111 0000001f 0000001e 0000001d 0000001c 0000001b 0000001a 00000019 00000018 00000017 00000016 00000015 00000014 00000013 00000012 00000011 00000010 0000000f 0000000e 0000000d 0000000c 0000000b 0000000a 00000009 00000008 00000007 00000006 00000005 00000004 00000003 00000002 00000001 00000000 
sm   0 warp 1 0x800005b8 0x96a13557 v 10 11111111111111111111111111111111 0000007c 00000078 00000074 00000070 0000006c 00000068 00000064 00000060 0000005c 00000058 00000054 00000050 0000004c 00000048 00000044 00000040 0000003c 00000038 00000034 00000030 0000002c 00000028 00000024 00000020 0000001c 00000018 00000014 00000010 0000000c 00000008 00000004 00000000 
sm   0 warp 2 0x800005b4 0x5208a557 v 10 11111111111111111111111111111111 0000001f 0000001e 0000001d 0000001c 0000001b 0000001a 00000019 00000018 00000017 00000016 00000015 00000014 00000013 00000012 00000011 00000010 0000000f 0000000e 0000000d 0000000c 0000000b 0000000a 00000009 00000008 00000007 00000006 00000005 00000004 00000003 00000002 00000001 00000000 
sm   0 warp 0 0x800005a8 0x0e31408b v  1 11111111111111111111111111111111 00000000 00000000 00000000 00000000 00000000 00000000 00000000 00000000 00000000 00000000 00000000 00000000 00000000 00000000 00000000 00000000 42600000 c1e00000 c37c0000 43fc0000 c30c0000 437c0000 42a80000 c3600000 43e00000 c37c0000 41e00000 41e00000 c30c0000 41e00000 c3600000 42a80000 
sm   0 warp 3 0x8000057c 0xd8030313 x  6  90010d80
sm   0 warp 2 0x800005a8 0x0e31408b v  1 11111111111111111111111111111111 00000000 00000000 00000000 00000000 00000000 00000000 00000000 00000000 00000000 00000000 00000000 00000000 00000000 00000000 00000000 00000000 42600000 c1e00000 c37c0000 43fc0000 c30c0000 437c0000 42a80000 c3600000 43e00000 c37c0000 41e00000 41e00000 c30c0000 41e00000 c3600000 42a80000 
sm   0 warp 0 0x800005b8 0x96a13557 v 10 11111111111111111111111111111111 0000007c 00000078 00000074 00000070 0000006c 00000068 00000064 00000060 0000005c 00000058 00000054 00000050 0000004c 00000048 00000044 00000040 0000003c 00000038 00000034 00000030 0000002c 00000028 00000024 00000020 0000001c 00000018 00000014 00000010 0000000c 00000008 00000004 00000000 
sm   0 warp 1 0x800005bc 0x02a34557 v 10 11111111111111111111111111111111 90010e7c 90010e78 90010e74 90010e70 90010e6c 90010e68 90010e64 90010e60 90010e5c 90010e58 90010e54 90010e50 90010e4c 90010e48 90010e44 90010e40 90010e3c 90010e38 90010e34 90010e30 90010e2c 90010e28 90010e24 90010e20 90010e1c 90010e18 90010e14 90010e10 90010e0c 90010e08 90010e04 90010e00 
sm   0 warp 3 0x80000580 0x5208a557 v 10 11111111111111111111111111111111 0000001f 0000001e 0000001d 0000001c 0000001b 0000001a 00000019 00000018 00000017 00000016 00000015 00000014 00000013 00000012 00000011 00000010 0000000f 0000000e 0000000d 0000000c 0000000b 0000000a 00000009 00000008 00000007 00000006 00000005 00000004 00000003 00000002 00000001 00000000 
sm   0 warp 2 0x800005b8 0x96a13557 v 10 11111111111111111111111111111111 0000007c 00000078 00000074 00000070 0000006c 00000068 00000064 00000060 0000005c 00000058 00000054 00000050 0000004c 00000048 00000044 00000040 0000003c 00000038 00000034 00000030 0000002c 00000028 00000024 00000020 0000001c 00000018 00000014 00000010 0000000c 00000008 00000004 00000000 
sm   0 warp 3 0x80000574 0x0e31408b v  1 11111111111111111111111111111111 00000000 00000000 00000000 00000000 00000000 00000000 00000000 00000000 00000000 00000000 00000000 00000000 00000000 00000000 00000000 00000000 42580000 c1d80000 c3730000 43f30000 c3070000 43730000 42a20000 c3580000 43d80000 c3730000 41d80000 41d80000 c3070000 41d80000 c3580000 42a20000 
sm   0 warp 0 0x800005bc 0x02a34557 v 10 11111111111111111111111111111111 90010e7c 90010e78 90010e74 90010e70 90010e6c 90010e68 90010e64 90010e60 90010e5c 90010e58 90010e54 90010e50 90010e4c 90010e48 90010e44 90010e40 90010e3c 90010e38 90010e34 90010e30 90010e2c 90010e28 90010e24 90010e20 90010e1c 90010e18 90010e14 90010e10 90010e0c 90010e08 90010e04 90010e00 
sm   0 warp 3 0x80000584 0x96a13557 v 10 11111111111111111111111111111111 0000007c 00000078 00000074 00000070 0000006c 00000068 00000064 00000060 0000005c 00000058 00000054 00000050 0000004c 00000048 00000044 00000040 0000003c 00000038 00000034 00000030 0000002c 00000028 00000024 00000020 0000001c 00000018 00000014 00000010 0000000c 00000008 00000004 00000000 
sm   0 warp 1 0x800005c0 0x0005217b lsu.r v  2 op 3 @ 90010e7c 90010e78 90010e74 90010e70 90010e6c 90010e68 90010e64 90010e60 90010e5c 90010e58 90010e54 90010e50 90010e4c 90010e48 90010e44 90010e40 90010e3c 90010e38 90010e34 90010e30 90010e2c 90010e28 90010e24 90010e20 90010e1c 90010e18 90010e14 90010e10 90010e0c 90010e08 90010e04 90010e00
sm   0 warp 1 0x800005c4 0x90101337 x  6  90101000
sm   0 warp 2 0x800005bc 0x02a34557 v 10 11111111111111111111111111111111 90010e7c 90010e78 90010e74 90010e70 90010e6c 90010e68 90010e64 90010e60 90010e5c 90010e58 90010e54 90010e50 90010e4c 90010e48 90010e44 90010e40 90010e3c 90010e38 90010e34 90010e30 90010e2c 90010e28 90010e24 90010e20 90010e1c 90010e18 90010e14 90010e10 90010e0c 90010e08 90010e04 90010e00 
sm   0 warp 0 0x800005c0 0x0005217b lsu.r v  2 op 3 @ 90010e7c 90010e78 90010e74 90010e70 90010e6c 90010e68 90010e64 90010e60 90010e5c 90010e58 90010e54 90010e50 90010e4c 90010e48 90010e44 90010e40 90010e3c 90010e38 90010e34 90010e30 90010e2c 90010e28 90010e24 90010e20 90010e1c 90010e18 90010e14 90010e10 90010e0c 90010e08 90010e04 90010e00
[L1C] #   2866 SM 0 CACHE 1 ADDR 90010e00
sm   0 warp 0 0x800005c4 0x90101337 x  6  90101000
sm   0 warp 1 0x800005c8 0xe0030313 x  6  90100e00
sm   0 warp 3 0x80000588 0x02a34557 v 10 11111111111111111111111111111111 90010dfc 90010df8 90010df4 90010df0 90010dec 90010de8 90010de4 90010de0 90010ddc 90010dd8 90010dd4 90010dd0 90010dcc 90010dc8 90010dc4 90010dc0 90010dbc 90010db8 90010db4 90010db0 90010dac 90010da8 90010da4 90010da0 90010d9c 90010d98 90010d94 90010d90 90010d8c 90010d88 90010d84 90010d80 
sm   0 warp 2 0x800005c0 0x0005217b lsu.r v  2 op 3 @ 90010e7c 90010e78 90010e74 90010e70 90010e6c 90010e68 90010e64 90010e60 90010e5c 90010e58 90010e54 90010e50 90010e4c 90010e48 90010e44 90010e40 90010e3c 90010e38 90010e34 90010e30 90010e2c 90010e28 90010e24 90010e20 90010e1c 90010e18 90010e14 90010e10 90010e0c 90010e08 90010e04 90010e00
sm   0 warp 2 0x800005c4 0x90101337 x  6  90101000
sm   0 warp 1 0x800005cc 0x5208a557 v 10 11111111111111111111111111111111 0000001f 0000001e 0000001d 0000001c 0000001b 0000001a 00000019 00000018 00000017 00000016 00000015 00000014 00000013 00000012 00000011 00000010 0000000f 0000000e 0000000d 0000000c 0000000b 0000000a 00000009 00000008 00000007 00000006 00000005 00000004 00000003 00000002 00000001 00000000 
sm   0 warp 0 0x800005c8 0xe0030313 x  6  90100e00
sm   0 warp 2 0x800005c8 0xe0030313 x  6  90100e00
sm   0 warp 1 0x800005d0 0x96a13557 v 10 11111111111111111111111111111111 0000007c 00000078 00000074 00000070 0000006c 00000068 00000064 00000060 0000005c 00000058 00000054 00000050 0000004c 00000048 00000044 00000040 0000003c 00000038 00000034 00000030 0000002c 00000028 00000024 00000020 0000001c 00000018 00000014 00000010 0000000c 00000008 00000004 00000000 
sm   0 warp 3 0x80000590 0x90101337 x  6  90101000
sm   0 warp 0 0x800005cc 0x5208a557 v 10 11111111111111111111111111111111 0000001f 0000001e 0000001d 0000001c 0000001b 0000001a 00000019 00000018 00000017 00000016 00000015 00000014 00000013 00000012 00000011 00000010 0000000f 0000000e 0000000d 0000000c 0000000b 0000000a 00000009 00000008 00000007 00000006 00000005 00000004 00000003 00000002 00000001 00000000 
sm   0 warp 2 0x800005cc 0x5208a557 v 10 11111111111111111111111111111111 0000001f 0000001e 0000001d 0000001c 0000001b 0000001a 00000019 00000018 00000017 00000016 00000015 00000014 00000013 00000012 00000011 00000010 0000000f 0000000e 0000000d 0000000c 0000000b 0000000a 00000009 00000008 00000007 00000006 00000005 00000004 00000003 00000002 00000001 00000000 
sm   0 warp 1 0x800005d4 0x02a34557 v 10 11111111111111111111111111111111 90100e7c 90100e78 90100e74 90100e70 90100e6c 90100e68 90100e64 90100e60 90100e5c 90100e58 90100e54 90100e50 90100e4c 90100e48 90100e44 90100e40 90100e3c 90100e38 90100e34 90100e30 90100e2c 90100e28 90100e24 90100e20 90100e1c 90100e18 90100e14 90100e10 90100e0c 90100e08 90100e04 90100e00 
sm   0 warp 3 0x80000594 0xd8030313 x  6  90100d80
sm   0 warp 0 0x800005d0 0x96a13557 v 10 11111111111111111111111111111111 0000007c 00000078 00000074 00000070 0000006c 00000068 00000064 00000060 0000005c 00000058 00000054 00000050 0000004c 00000048 00000044 00000040 0000003c 00000038 00000034 00000030 0000002c 00000028 00000024 00000020 0000001c 00000018 00000014 00000010 0000000c 00000008 00000004 00000000 
sm   0 warp 2 0x800005d0 0x96a13557 v 10 11111111111111111111111111111111 0000007c 00000078 00000074 00000070 0000006c 00000068 00000064 00000060 0000005c 00000058 00000054 00000050 0000004c 00000048 00000044 00000040 0000003c 00000038 00000034 00000030 0000002c 00000028 00000024 00000020 0000001c 00000018 00000014 00000010 0000000c 00000008 00000004 00000000 
sm   0 warp 1 0x800005c0 0x0005217b v  2 11111111111111111111111111111111 bf800000 c0000000 c0400000 40400000 40000000 3f800000 00000000 bf800000 40400000 40000000 3f800000 00000000 bf800000 c0000000 c0400000 40400000 00000000 bf800000 c0000000 c0400000 40400000 40000000 3f800000 00000000 c0400000 40400000 40000000 3f800000 00000000 bf800000 c0000000 c0400000 
sm   0 warp 0 0x800005d4 0x02a34557 v 10 11111111111111111111111111111111 90100e7c 90100e78 90100e74 90100e70 90100e6c 90100e68 90100e64 90100e60 90100e5c 90100e58 90100e54 90100e50 90100e4c 90100e48 90100e44 90100e40 90100e3c 90100e38 90100e34 90100e30 90100e2c 90100e28 90100e24 90100e20 90100e1c 90100e18 90100e14 90100e10 90100e0c 90100e08 90100e04 90100e00 
sm   0 warp 3 0x8000058c 0x0005217b lsu.r v  2 op 3 @ 90010dfc 90010df8 90010df4 90010df0 90010dec 90010de8 90010de4 90010de0 90010ddc 90010dd8 90010dd4 90010dd0 90010dcc 90010dc8 90010dc4 90010dc0 90010dbc 90010db8 90010db4 90010db0 90010dac 90010da8 90010da4 90010da0 90010d9c 90010d98 90010d94 90010d90 90010d8c 90010d88 90010d84 90010d80
sm   0 warp 2 0x800005d4 0x02a34557 v 10 11111111111111111111111111111111 90100e7c 90100e78 90100e74 90100e70 90100e6c 90100e68 90100e64 90100e60 90100e5c 90100e58 90100e54 90100e50 90100e4c 90100e48 90100e44 90100e40 90100e3c 90100e38 90100e34 90100e30 90100e2c 90100e28 90100e24 90100e20 90100e1c 90100e18 90100e14 90100e10 90100e0c 90100e08 90100e04 90100e00 
sm   0 warp 0 0x800005c0 0x0005217b v  2 11111111111111111111111111111111 bf800000 c0000000 c0400000 40400000 40000000 3f800000 00000000 bf800000 40400000 40000000 3f800000 00000000 bf800000 c0000000 c0400000 40400000 00000000 bf800000 c0000000 c0400000 40400000 40000000 3f800000 00000000 c0400000 40400000 40000000 3f800000 00000000 bf800000 c0000000 c0400000 
sm   0 warp 2 0x800005c0 0x0005217b v  2 11111111111111111111111111111111 bf800000 c0000000 c0400000 40400000 40000000 3f800000 00000000 bf800000 40400000 40000000 3f800000 00000000 bf800000 c0000000 c0400000 40400000 00000000 bf800000 c0000000 c0400000 40400000 40000000 3f800000 00000000 c0400000 40400000 40000000 3f800000 00000000 bf800000 c0000000 c0400000 
sm   0 warp 1 0x800005d8 0x000521fb lsu.r v  3 op 3 @ 90100e7c 90100e78 90100e74 90100e70 90100e6c 90100e68 90100e64 90100e60 90100e5c 90100e58 90100e54 90100e50 90100e4c 90100e48 90100e44 90100e40 90100e3c 90100e38 90100e34 90100e30 90100e2c 90100e28 90100e24 90100e20 90100e1c 90100e18 90100e14 90100e10 90100e0c 90100e08 90100e04 90100e00
sm   0 warp 3 0x8000058c 0x0005217b v  2 11111111111111111111111111111111 bf800000 c0000000 c0400000 40400000 40000000 3f800000 00000000 bf800000 40400000 40000000 3f800000 00000000 bf800000 c0000000 c0400000 40400000 00000000 bf800000 c0000000 c0400000 40400000 40000000 3f800000 00000000 c0400000 40400000 40000000 3f800000 00000000 bf800000 c0000000 c0400000 
sm   0 warp 3 0x80000598 0x5208a557 v 10 11111111111111111111111111111111 0000001f 0000001e 0000001d 0000001c 0000001b 0000001a 00000019 00000018 00000017 00000016 00000015 00000014 00000013 00000012 00000011 00000010 0000000f 0000000e 0000000d 0000000c 0000000b 0000000a 00000009 00000008 00000007 00000006 00000005 00000004 00000003 00000002 00000001 00000000 
sm   0 warp 0 0x800005d8 0x000521fb lsu.r v  3 op 3 @ 90100e7c 90100e78 90100e74 90100e70 90100e6c 90100e68 90100e64 90100e60 90100e5c 90100e58 90100e54 90100e50 90100e4c 90100e48 90100e44 90100e40 90100e3c 90100e38 90100e34 90100e30 90100e2c 90100e28 90100e24 90100e20 90100e1c 90100e18 90100e14 90100e10 90100e0c 90100e08 90100e04 90100e00
[L1C] #   2896 SM 0 CACHE 1 ADDR 90100e00
sm   0 warp 2 0x800005d8 0x000521fb lsu.r v  3 op 3 @ 90100e7c 90100e78 90100e74 90100e70 90100e6c 90100e68 90100e64 90100e60 90100e5c 90100e58 90100e54 90100e50 90100e4c 90100e48 90100e44 90100e40 90100e3c 90100e38 90100e34 90100e30 90100e2c 90100e28 90100e24 90100e20 90100e1c 90100e18 90100e14 90100e10 90100e0c 90100e08 90100e04 90100e00
sm   0 warp 3 0x8000059c 0x96a13557 v 10 11111111111111111111111111111111 0000007c 00000078 00000074 00000070 0000006c 00000068 00000064 00000060 0000005c 00000058 00000054 00000050 0000004c 00000048 00000044 00000040 0000003c 00000038 00000034 00000030 0000002c 00000028 00000024 00000020 0000001c 00000018 00000014 00000010 0000000c 00000008 00000004 00000000 
sm   0 warp 3 0x800005a0 0x02a34557 v 10 11111111111111111111111111111111 90100dfc 90100df8 90100df4 90100df0 90100dec 90100de8 90100de4 90100de0 90100ddc 90100dd8 90100dd4 90100dd0 90100dcc 90100dc8 90100dc4 90100dc0 90100dbc 90100db8 90100db4 90100db0 90100dac 90100da8 90100da4 90100da0 90100d9c 90100d98 90100d94 90100d90 90100d8c 90100d88 90100d84 90100d80 
sm   0 warp 1 0x800005d8 0x000521fb v  3 11111111111111111111111111111111 3f800000 00000000 bf800000 c0000000 40000000 3f800000 00000000 bf800000 bf800000 c0000000 40000000 3f800000 00000000 bf800000 c0000000 40000000 40000000 3f800000 00000000 bf800000 c0000000 40000000 3f800000 00000000 00000000 bf800000 c0000000 40000000 3f800000 00000000 bf800000 c0000000 
sm   0 warp 3 0x800005a4 0x000521fb lsu.r v  3 op 3 @ 90100dfc 90100df8 90100df4 90100df0 90100dec 90100de8 90100de4 90100de0 90100ddc 90100dd8 90100dd4 90100dd0 90100dcc 90100dc8 90100dc4 90100dc0 90100dbc 90100db8 90100db4 90100db0 90100dac 90100da8 90100da4 90100da0 90100d9c 90100d98 90100d94 90100d90 90100d8c 90100d88 90100d84 90100d80
sm   0 warp 0 0x800005d8 0x000521fb v  3 11111111111111111111111111111111 3f800000 00000000 bf800000 c0000000 40000000 3f800000 00000000 bf800000 bf800000 c0000000 40000000 3f800000 00000000 bf800000 c0000000 40000000 40000000 3f800000 00000000 bf800000 c0000000 40000000 3f800000 00000000 00000000 bf800000 c0000000 40000000 3f800000 00000000 bf800000 c0000000 
[L1C] #   2920 SM 0 CACHE 0 ADDR 80000600
sm   0 warp 1 0x800005e0 0x90011337 x  6  90011000
sm   0 warp 2 0x800005d8 0x000521fb v  3 11111111111111111111111111111111 3f800000 00000000 bf800000 c0000000 40000000 3f800000 00000000 bf800000 bf800000 c0000000 40000000 3f800000 00000000 bf800000 c0000000 40000000 40000000 3f800000 00000000 bf800000 c0000000 40000000 3f800000 00000000 00000000 bf800000 c0000000 40000000 3f800000 00000000 bf800000 c0000000 
sm   0 warp 3 0x800005a4 0x000521fb v  3 11111111111111111111111111111111 3f800000 00000000 bf800000 c0000000 40000000 3f800000 00000000 bf800000 bf800000 c0000000 40000000 3f800000 00000000 bf800000 c0000000 40000000 40000000 3f800000 00000000 bf800000 c0000000 40000000 3f800000 00000000 00000000 bf800000 c0000000 40000000 3f800000 00000000 bf800000 c0000000 
sm   0 warp 0 0x800005e0 0x90011337 x  6  90011000
sm   0 warp 1 0x800005e4 0xe8030313 x  6  90010e80
sm   0 warp 2 0x800005e0 0x90011337 x  6  90011000
sm   0 warp 1 0x800005e8 0x5208a557 v 10 11111111111111111111111111111111 0000001f 0000001e 0000001d 0000001c 0000001b 0000001a 00000019 00000018 00000017 00000016 00000015 00000014 00000013 00000012 00000011 00000010 0000000f 0000000e 0000000d 0000000c 0000000b 0000000a 00000009 00000008 00000007 00000006 00000005 00000004 00000003 00000002 00000001 00000000 
sm   0 warp 1 0x800005dc 0x0e31408b v  1 11111111111111111111111111111111 00000000 00000000 00000000 00000000 00000000 00000000 00000000 00000000 00000000 00000000 00000000 00000000 00000000 00000000 00000000 00000000 42680000 c1e80000 c3828000 44028000 c3110000 43828000 42ae0000 c3680000 43e80000 c3828000 41e80000 41e80000 c3110000 41e80000 c3680000 42ae0000 
sm   0 warp 0 0x800005e4 0xe8030313 x  6  90010e80
sm   0 warp 3 0x800005ac 0x90011337 x  6  90011000
sm   0 warp 2 0x800005e4 0xe8030313 x  6  90010e80
sm   0 warp 0 0x800005e8 0x5208a557 v 10 11111111111111111111111111111111 0000001f 0000001e 0000001d 0000001c 0000001b 0000001a 00000019 00000018 00000017 00000016 00000015 00000014 00000013 00000012 00000011 00000010 0000000f 0000000e 0000000d 0000000c 0000000b 0000000a 00000009 00000008 00000007 00000006 00000005 00000004 00000003 00000002 00000001 00000000 
sm   0 warp 1 0x800005ec 0x96a13557 v 10 11111111111111111111111111111111 0000007c 00000078 00000074 00000070 0000006c 00000068 00000064 00000060 0000005c 00000058 00000054 00000050 0000004c 00000048 00000044 00000040 0000003c 00000038 00000034 00000030 0000002c 00000028 00000024 00000020 0000001c 00000018 00000014 00000010 0000000c 00000008 00000004 00000000 
sm   0 warp 2 0x800005e8 0x5208a557 v 10 11111111111111111111111111111111 0000001f 0000001e 0000001d 0000001c 0000001b 0000001a 00000019 00000018 00000017 00000016 00000015 00000014 00000013 00000012 00000011 00000010 0000000f 0000000e 0000000d 0000000c 0000000b 0000000a 00000009 00000008 00000007 00000006 00000005 00000004 00000003 00000002 00000001 00000000 
sm   0 warp 0 0x800005dc 0x0e31408b v  1 11111111111111111111111111111111 00000000 00000000 00000000 00000000 00000000 00000000 00000000 00000000 00000000 00000000 00000000 00000000 00000000 00000000 00000000 00000000 42680000 c1e80000 c3828000 44028000 c3110000 43828000 42ae0000 c3680000 43e80000 c3828000 41e80000 41e80000 c3110000 41e80000 c3680000 42ae0000 
sm   0 warp 3 0x800005b0 0xe0030313 x  6  90010e00
sm   0 warp 2 0x800005dc 0x0e31408b v  1 11111111111111111111111111111111 00000000 00000000 00000000 00000000 00000000 00000000 00000000 00000000 00000000 00000000 00000000 00000000 00000000 00000000 00000000 00000000 42680000 c1e80000 c3828000 44028000 c3110000 43828000 42ae0000 c3680000 43e80000 c3828000 41e80000 41e80000 c3110000 41e80000 c3680000 42ae0000 
sm   0 warp 0 0x800005ec 0x96a13557 v 10 11111111111111111111111111111111 0000007c 00000078 00000074 00000070 0000006c 00000068 00000064 00000060 0000005c 00000058 00000054 00000050 0000004c 00000048 00000044 00000040 0000003c 00000038 00000034 00000030 0000002c 00000028 00000024 00000020 0000001c 00000018 00000014 00000010 0000000c 00000008 00000004 00000000 
sm   0 warp 1 0x800005f0 0x02a34557 v 10 11111111111111111111111111111111 90010efc 90010ef8 90010ef4 90010ef0 90010eec 90010ee8 90010ee4 90010ee0 90010edc 90010ed8 90010ed4 90010ed0 90010ecc 90010ec8 90010ec4 90010ec0 90010ebc 90010eb8 90010eb4 90010eb0 90010eac 90010ea8 90010ea4 90010ea0 90010e9c 90010e98 90010e94 90010e90 90010e8c 90010e88 90010e84 90010e80 
sm   0 warp 3 0x800005b4 0x5208a557 v 10 11111111111111111111111111111111 0000001f 0000001e 0000001d 0000001c 0000001b 0000001a 00000019 00000018 00000017 00000016 00000015 00000014 00000013 00000012 00000011 00000010 0000000f 0000000e 0000000d 0000000c 0000000b 0000000a 00000009 00000008 00000007 00000006 00000005 00000004 00000003 00000002 00000001 00000000 
sm   0 warp 2 0x800005ec 0x96a13557 v 10 11111111111111111111111111111111 0000007c 00000078 00000074 00000070 0000006c 00000068 00000064 00000060 0000005c 00000058 00000054 00000050 0000004c 00000048 00000044 00000040 0000003c 00000038 00000034 00000030 0000002c 00000028 00000024 00000020 0000001c 00000018 00000014 00000010 0000000c 00000008 00000004 00000000 
sm   0 warp 3 0x800005a8 0x0e31408b v  1 11111111111111111111111111111111 00000000 00000000 00000000 00000000 00000000 00000000 00000000 00000000 00000000 00000000 00000000 00000000 00000000 00000000 00000000 00000000 42600000 c1e00000 c37c0000 43fc0000 c30c0000 437c0000 42a80000 c3600000 43e00000 c37c0000 41e00000 41e00000 c30c0000 41e00000 c3600000 42a80000 
sm   0 warp 0 0x800005f0 0x02a34557 v 10 11111111111111111111111111111111 90010efc 90010ef8 90010ef4 90010ef0 90010eec 90010ee8 90010ee4 90010ee0 90010edc 90010ed8 90010ed4 90010ed0 90010ecc 90010ec8 90010ec4 90010ec0 90010ebc 90010eb8 90010eb4 90010eb0 90010eac 90010ea8 90010ea4 90010ea0 90010e9c 90010e98 90010e94 90010e90 90010e8c 90010e88 90010e84 90010e80 
sm   0 warp 3 0x800005b8 0x96a13557 v 10 11111111111111111111111111111111 0000007c 00000078 00000074 00000070 0000006c 00000068 00000064 00000060 0000005c 00000058 00000054 00000050 0000004c 00000048 00000044 00000040 0000003c 00000038 00000034 00000030 0000002c 00000028 00000024 00000020 0000001c 00000018 00000014 00000010 0000000c 00000008 00000004 00000000 
sm   0 warp 1 0x800005f4 0x0005217b lsu.r v  2 op 3 @ 90010efc 90010ef8 90010ef4 90010ef0 90010eec 90010ee8 90010ee4 90010ee0 90010edc 90010ed8 90010ed4 90010ed0 90010ecc 90010ec8 90010ec4 90010ec0 90010ebc 90010eb8 90010eb4 90010eb0 90010eac 90010ea8 90010ea4 90010ea0 90010e9c 90010e98 90010e94 90010e90 90010e8c 90010e88 90010e84 90010e80
sm   0 warp 1 0x800005f8 0x90101337 x  6  90101000
sm   0 warp 2 0x800005f0 0x02a34557 v 10 11111111111111111111111111111111 90010efc 90010ef8 90010ef4 90010ef0 90010eec 90010ee8 90010ee4 90010ee0 90010edc 90010ed8 90010ed4 90010ed0 90010ecc 90010ec8 90010ec4 90010ec0 90010ebc 90010eb8 90010eb4 90010eb0 90010eac 90010ea8 90010ea4 90010ea0 90010e9c 90010e98 90010e94 90010e90 90010e8c 90010e88 90010e84 90010e80 
sm   0 warp 0 0x800005f4 0x0005217b lsu.r v  2 op 3 @ 90010efc 90010ef8 90010ef4 90010ef0 90010eec 90010ee8 90010ee4 90010ee0 90010edc 90010ed8 90010ed4 90010ed0 90010ecc 90010ec8 90010ec4 90010ec0 90010ebc 90010eb8 90010eb4 90010eb0 90010eac 90010ea8 90010ea4 90010ea0 90010e9c 90010e98 90010e94 90010e90 90010e8c 90010e88 90010e84 90010e80
[L1C] #   2949 SM 0 CACHE 1 ADDR 90010e80
sm   0 warp 0 0x800005f8 0x90101337 x  6  90101000
sm   0 warp 3 0x800005bc 0x02a34557 v 10 11111111111111111111111111111111 90010e7c 90010e78 90010e74 90010e70 90010e6c 90010e68 90010e64 90010e60 90010e5c 90010e58 90010e54 90010e50 90010e4c 90010e48 90010e44 90010e40 90010e3c 90010e38 90010e34 90010e30 90010e2c 90010e28 90010e24 90010e20 90010e1c 90010e18 90010e14 90010e10 90010e0c 90010e08 90010e04 90010e00 
sm   0 warp 1 0x800005fc 0xe8030313 x  6  90100e80
sm   0 warp 2 0x800005f4 0x0005217b lsu.r v  2 op 3 @ 90010efc 90010ef8 90010ef4 90010ef0 90010eec 90010ee8 90010ee4 90010ee0 90010edc 90010ed8 90010ed4 90010ed0 90010ecc 90010ec8 90010ec4 90010ec0 90010ebc 90010eb8 90010eb4 90010eb0 90010eac 90010ea8 90010ea4 90010ea0 90010e9c 90010e98 90010e94 90010e90 90010e8c 90010e88 90010e84 90010e80
sm   0 warp 2 0x800005f8 0x90101337 x  6  90101000
sm   0 warp 1 0x80000600 0x5208a557 v 10 11111111111111111111111111111111 0000001f 0000001e 0000001d 0000001c 0000001b 0000001a 00000019 00000018 00000017 00000016 00000015 00000014 00000013 00000012 00000011 00000010 0000000f 0000000e 0000000d 0000000c 0000000b 0000000a 00000009 00000008 00000007 00000006 00000005 00000004 00000003 00000002 00000001 00000000 
sm   0 warp 0 0x800005fc 0xe8030313 x  6  90100e80
sm   0 warp 2 0x800005fc 0xe8030313 x  6  90100e80
sm   0 warp 0 0x80000600 0x5208a557 v 10 11111111111111111111111111111111 0000001f 0000001e 0000001d 0000001c 0000001b 0000001a 00000019 00000018 00000017 00000016 00000015 00000014 00000013 00000012 00000011 00000010 0000000f 0000000e 0000000d 0000000c 0000000b 0000000a 00000009 00000008 00000007 00000006 00000005 00000004 00000003 00000002 00000001 00000000 
sm   0 warp 1 0x80000604 0x96a13557 v 10 11111111111111111111111111111111 0000007c 00000078 00000074 00000070 0000006c 00000068 00000064 00000060 0000005c 00000058 00000054 00000050 0000004c 00000048 00000044 00000040 0000003c 00000038 00000034 00000030 0000002c 00000028 00000024 00000020 0000001c 00000018 00000014 00000010 0000000c 00000008 00000004 00000000 
sm   0 warp 2 0x80000600 0x5208a557 v 10 11111111111111111111111111111111 0000001f 0000001e 0000001d 0000001c 0000001b 0000001a 00000019 00000018 00000017 00000016 00000015 00000014 00000013 00000012 00000011 00000010 0000000f 0000000e 0000000d 0000000c 0000000b 0000000a 00000009 00000008 00000007 00000006 00000005 00000004 00000003 00000002 00000001 00000000 
sm   0 warp 0 0x80000604 0x96a13557 v 10 11111111111111111111111111111111 0000007c 00000078 00000074 00000070 0000006c 00000068 00000064 00000060 0000005c 00000058 00000054 00000050 0000004c 00000048 00000044 00000040 0000003c 00000038 00000034 00000030 0000002c 00000028 00000024 00000020 0000001c 00000018 00000014 00000010 0000000c 00000008 00000004 00000000 
sm   0 warp 1 0x80000608 0x02a34557 v 10 11111111111111111111111111111111 90100efc 90100ef8 90100ef4 90100ef0 90100eec 90100ee8 90100ee4 90100ee0 90100edc 90100ed8 90100ed4 90100ed0 90100ecc 90100ec8 90100ec4 90100ec0 90100ebc 90100eb8 90100eb4 90100eb0 90100eac 90100ea8 90100ea4 90100ea0 90100e9c 90100e98 90100e94 90100e90 90100e8c 90100e88 90100e84 90100e80 
sm   0 warp 2 0x80000604 0x96a13557 v 10 11111111111111111111111111111111 0000007c 00000078 00000074 00000070 0000006c 00000068 00000064 00000060 0000005c 00000058 00000054 00000050 0000004c 00000048 00000044 00000040 0000003c 00000038 00000034 00000030 0000002c 00000028 00000024 00000020 0000001c 00000018 00000014 00000010 0000000c 00000008 00000004 00000000 
sm   0 warp 1 0x800005f4 0x0005217b v  2 11111111111111111111111111111111 bf800000 c0000000 c0400000 40400000 40000000 3f800000 00000000 bf800000 40400000 40000000 3f800000 00000000 bf800000 c0000000 c0400000 40400000 00000000 bf800000 c0000000 c0400000 40400000 40000000 3f800000 00000000 c0400000 40400000 40000000 3f800000 00000000 bf800000 c0000000 c0400000 
sm   0 warp 0 0x80000608 0x02a34557 v 10 11111111111111111111111111111111 90100efc 90100ef8 90100ef4 90100ef0 90100eec 90100ee8 90100ee4 90100ee0 90100edc 90100ed8 90100ed4 90100ed0 90100ecc 90100ec8 90100ec4 90100ec0 90100ebc 90100eb8 90100eb4 90100eb0 90100eac 90100ea8 90100ea4 90100ea0 90100e9c 90100e98 90100e94 90100e90 90100e8c 90100e88 90100e84 90100e80 
sm   0 warp 2 0x80000608 0x02a34557 v 10 11111111111111111111111111111111 90100efc 90100ef8 90100ef4 90100ef0 90100eec 90100ee8 90100ee4 90100ee0 90100edc 90100ed8 90100ed4 90100ed0 90100ecc 90100ec8 90100ec4 90100ec0 90100ebc 90100eb8 90100eb4 90100eb0 90100eac 90100ea8 90100ea4 90100ea0 90100e9c 90100e98 90100e94 90100e90 90100e8c 90100e88 90100e84 90100e80 
sm   0 warp 1 0x8000060c 0x000521fb lsu.r v  3 op 3 @ 90100efc 90100ef8 90100ef4 90100ef0 90100eec 90100ee8 90100ee4 90100ee0 90100edc 90100ed8 90100ed4 90100ed0 90100ecc 90100ec8 90100ec4 90100ec0 90100ebc 90100eb8 90100eb4 90100eb0 90100eac 90100ea8 90100ea4 90100ea0 90100e9c 90100e98 90100e94 90100e90 90100e8c 90100e88 90100e84 90100e80
sm   0 warp 0 0x800005f4 0x0005217b v  2 11111111111111111111111111111111 bf800000 c0000000 c0400000 40400000 40000000 3f800000 00000000 bf800000 40400000 40000000 3f800000 00000000 bf800000 c0000000 c0400000 40400000 00000000 bf800000 c0000000 c0400000 40400000 40000000 3f800000 00000000 c0400000 40400000 40000000 3f800000 00000000 bf800000 c0000000 c0400000 
sm   0 warp 2 0x800005f4 0x0005217b v  2 11111111111111111111111111111111 bf800000 c0000000 c0400000 40400000 40000000 3f800000 00000000 bf800000 40400000 40000000 3f800000 00000000 bf800000 c0000000 c0400000 40400000 00000000 bf800000 c0000000 c0400000 40400000 40000000 3f800000 00000000 c0400000 40400000 40000000 3f800000 00000000 bf800000 c0000000 c0400000 
[L1C] #   2975 SM 0 CACHE 1 ADDR 90100e80
sm   0 warp 0 0x8000060c 0x000521fb lsu.r v  3 op 3 @ 90100efc 90100ef8 90100ef4 90100ef0 90100eec 90100ee8 90100ee4 90100ee0 90100edc 90100ed8 90100ed4 90100ed0 90100ecc 90100ec8 90100ec4 90100ec0 90100ebc 90100eb8 90100eb4 90100eb0 90100eac 90100ea8 90100ea4 90100ea0 90100e9c 90100e98 90100e94 90100e90 90100e8c 90100e88 90100e84 90100e80
sm   0 warp 2 0x8000060c 0x000521fb lsu.r v  3 op 3 @ 90100efc 90100ef8 90100ef4 90100ef0 90100eec 90100ee8 90100ee4 90100ee0 90100edc 90100ed8 90100ed4 90100ed0 90100ecc 90100ec8 90100ec4 90100ec0 90100ebc 90100eb8 90100eb4 90100eb0 90100eac 90100ea8 90100ea4 90100ea0 90100e9c 90100e98 90100e94 90100e90 90100e8c 90100e88 90100e84 90100e80
sm   0 warp 3 0x800005c4 0x90101337 x  6  90101000
sm   0 warp 3 0x800005c8 0xe0030313 x  6  90100e00
sm   0 warp 3 0x800005cc 0x5208a557 v 10 11111111111111111111111111111111 0000001f 0000001e 0000001d 0000001c 0000001b 0000001a 00000019 00000018 00000017 00000016 00000015 00000014 00000013 00000012 00000011 00000010 0000000f 0000000e 0000000d 0000000c 0000000b 0000000a 00000009 00000008 00000007 00000006 00000005 00000004 00000003 00000002 00000001 00000000 
sm   0 warp 3 0x800005d0 0x96a13557 v 10 11111111111111111111111111111111 0000007c 00000078 00000074 00000070 0000006c 00000068 00000064 00000060 0000005c 00000058 00000054 00000050 0000004c 00000048 00000044 00000040 0000003c 00000038 00000034 00000030 0000002c 00000028 00000024 00000020 0000001c 00000018 00000014 00000010 0000000c 00000008 00000004 00000000 
sm   0 warp 3 0x800005c0 0x0005217b lsu.r v  2 op 3 @ 90010e7c 90010e78 90010e74 90010e70 90010e6c 90010e68 90010e64 90010e60 90010e5c 90010e58 90010e54 90010e50 90010e4c 90010e48 90010e44 90010e40 90010e3c 90010e38 90010e34 90010e30 90010e2c 90010e28 90010e24 90010e20 90010e1c 90010e18 90010e14 90010e10 90010e0c 90010e08 90010e04 90010e00
sm   0 warp 1 0x8000060c 0x000521fb v  3 11111111111111111111111111111111 3f800000 00000000 bf800000 c0000000 40000000 3f800000 00000000 bf800000 bf800000 c0000000 40000000 3f800000 00000000 bf800000 c0000000 40000000 40000000 3f800000 00000000 bf800000 c0000000 40000000 3f800000 00000000 00000000 bf800000 c0000000 40000000 3f800000 00000000 bf800000 c0000000 
sm   0 warp 0 0x8000060c 0x000521fb v  3 11111111111111111111111111111111 3f800000 00000000 bf800000 c0000000 40000000 3f800000 00000000 bf800000 bf800000 c0000000 40000000 3f800000 00000000 bf800000 c0000000 40000000 40000000 3f800000 00000000 bf800000 c0000000 40000000 3f800000 00000000 00000000 bf800000 c0000000 40000000 3f800000 00000000 bf800000 c0000000 
sm   0 warp 3 0x800005d4 0x02a34557 v 10 11111111111111111111111111111111 90100e7c 90100e78 90100e74 90100e70 90100e6c 90100e68 90100e64 90100e60 90100e5c 90100e58 90100e54 90100e50 90100e4c 90100e48 90100e44 90100e40 90100e3c 90100e38 90100e34 90100e30 90100e2c 90100e28 90100e24 90100e20 90100e1c 90100e18 90100e14 90100e10 90100e0c 90100e08 90100e04 90100e00 
sm   0 warp 2 0x8000060c 0x000521fb v  3 11111111111111111111111111111111 3f800000 00000000 bf800000 c0000000 40000000 3f800000 00000000 bf800000 bf800000 c0000000 40000000 3f800000 00000000 bf800000 c0000000 40000000 40000000 3f800000 00000000 bf800000 c0000000 40000000 3f800000 00000000 00000000 bf800000 c0000000 40000000 3f800000 00000000 bf800000 c0000000 
sm   0 warp 1 0x80000614 0x90011337 x  6  90011000
sm   0 warp 3 0x800005c0 0x0005217b v  2 11111111111111111111111111111111 bf800000 c0000000 c0400000 40400000 40000000 3f800000 00000000 bf800000 40400000 40000000 3f800000 00000000 bf800000 c0000000 c0400000 40400000 00000000 bf800000 c0000000 c0400000 40400000 40000000 3f800000 00000000 c0400000 40400000 40000000 3f800000 00000000 bf800000 c0000000 c0400000 
sm   0 warp 0 0x80000614 0x90011337 x  6  90011000
sm   0 warp 3 0x800005d8 0x000521fb lsu.r v  3 op 3 @ 90100e7c 90100e78 90100e74 90100e70 90100e6c 90100e68 90100e64 90100e60 90100e5c 90100e58 90100e54 90100e50 90100e4c 90100e48 90100e44 90100e40 90100e3c 90100e38 90100e34 90100e30 90100e2c 90100e28 90100e24 90100e20 90100e1c 90100e18 90100e14 90100e10 90100e0c 90100e08 90100e04 90100e00
sm   0 warp 2 0x80000614 0x90011337 x  6  90011000
sm   0 warp 1 0x80000618 0xf0030313 x  6  90010f00
sm   0 warp 0 0x80000618 0xf0030313 x  6  90010f00
sm   0 warp 1 0x8000061c 0x5208a557 v 10 11111111111111111111111111111111 0000001f 0000001e 0000001d 0000001c 0000001b 0000001a 00000019 00000018 00000017 00000016 00000015 00000014 00000013 00000012 00000011 00000010 0000000f 0000000e 0000000d 0000000c 0000000b 0000000a 00000009 00000008 00000007 00000006 00000005 00000004 00000003 00000002 00000001 00000000 
sm   0 warp 2 0x80000618 0xf0030313 x  6  90010f00
sm   0 warp 0 0x8000061c 0x5208a557 v 10 11111111111111111111111111111111 0000001f 0000001e 0000001d 0000001c 0000001b 0000001a 00000019 00000018 00000017 00000016 00000015 00000014 00000013 00000012 00000011 00000010 0000000f 0000000e 0000000d 0000000c 0000000b 0000000a 00000009 00000008 00000007 00000006 00000005 00000004 00000003 00000002 00000001 00000000 
sm   0 warp 1 0x80000610 0x0e31408b v  1 11111111111111111111111111111111 00000000 00000000 00000000 00000000 00000000 00000000 00000000 00000000 00000000 00000000 00000000 00000000 00000000 00000000 00000000 00000000 42700000 c1f00000 c3870000 44070000 c3160000 43870000 42b40000 c3700000 43f00000 c3870000 41f00000 41f00000 c3160000 41f00000 c3700000 42b40000 
sm   0 warp 2 0x8000061c 0x5208a557 v 10 11111111111111111111111111111111 0000001f 0000001e 0000001d 0000001c 0000001b 0000001a 00000019 00000018 00000017 00000016 00000015 00000014 00000013 00000012 00000011 00000010 0000000f 0000000e 0000000d 0000000c 0000000b 0000000a 00000009 00000008 00000007 00000006 00000005 00000004 00000003 00000002 00000001 00000000 
sm   0 warp 1 0x80000620 0x96a13557 v 10 11111111111111111111111111111111 0000007c 00000078 00000074 00000070 0000006c 00000068 00000064 00000060 0000005c 00000058 00000054 00000050 0000004c 00000048 00000044 00000040 0000003c 00000038 00000034 00000030 0000002c 00000028 00000024 00000020 0000001c 00000018 00000014 00000010 0000000c 00000008 00000004 00000000 
sm   0 warp 0 0x80000610 0x0e31408b v  1 11111111111111111111111111111111 00000000 00000000 00000000 00000000 00000000 00000000 00000000 00000000 00000000 00000000 00000000 00000000 00000000 00000000 00000000 00000000 42700000 c1f00000 c3870000 44070000 c3160000 43870000 42b40000 c3700000 43f00000 c3870000 41f00000 41f00000 c3160000 41f00000 c3700000 42b40000 
sm   0 warp 0 0x80000620 0x96a13557 v 10 11111111111111111111111111111111 0000007c 00000078 00000074 00000070 0000006c 00000068 00000064 00000060 0000005c 00000058 00000054 00000050 0000004c 00000048 00000044 00000040 0000003c 00000038 00000034 00000030 0000002c 00000028 00000024 00000020 0000001c 00000018 00000014 00000010 0000000c 00000008 00000004 00000000 
sm   0 warp 2 0x80000610 0x0e31408b v  1 11111111111111111111111111111111 00000000 00000000 00000000 00000000 00000000 00000000 00000000 00000000 00000000 00000000 00000000 00000000 00000000 00000000 00000000 00000000 42700000 c1f00000 c3870000 44070000 c3160000 43870000 42b40000 c3700000 43f00000 c3870000 41f00000 41f00000 c3160000 41f00000 c3700000 42b40000 
sm   0 warp 2 0x80000620 0x96a13557 v 10 11111111111111111111111111111111 0000007c 00000078 00000074 00000070 0000006c 00000068 00000064 00000060 0000005c 00000058 00000054 00000050 0000004c 00000048 00000044 00000040 0000003c 00000038 00000034 00000030 0000002c 00000028 00000024 00000020 0000001c 00000018 00000014 00000010 0000000c 00000008 00000004 00000000 
sm   0 warp 1 0x80000624 0x02a34557 v 10 11111111111111111111111111111111 90010f7c 90010f78 90010f74 90010f70 90010f6c 90010f68 90010f64 90010f60 90010f5c 90010f58 90010f54 90010f50 90010f4c 90010f48 90010f44 90010f40 90010f3c 90010f38 90010f34 90010f30 90010f2c 90010f28 90010f24 90010f20 90010f1c 90010f18 90010f14 90010f10 90010f0c 90010f08 90010f04 90010f00 
sm   0 warp 0 0x80000624 0x02a34557 v 10 11111111111111111111111111111111 90010f7c 90010f78 90010f74 90010f70 90010f6c 90010f68 90010f64 90010f60 90010f5c 90010f58 90010f54 90010f50 90010f4c 90010f48 90010f44 90010f40 90010f3c 90010f38 90010f34 90010f30 90010f2c 90010f28 90010f24 90010f20 90010f1c 90010f18 90010f14 90010f10 90010f0c 90010f08 90010f04 90010f00 
sm   0 warp 2 0x80000624 0x02a34557 v 10 11111111111111111111111111111111 90010f7c 90010f78 90010f74 90010f70 90010f6c 90010f68 90010f64 90010f60 90010f5c 90010f58 90010f54 90010f50 90010f4c 90010f48 90010f44 90010f40 90010f3c 90010f38 90010f34 90010f30 90010f2c 90010f28 90010f24 90010f20 90010f1c 90010f18 90010f14 90010f10 90010f0c 90010f08 90010f04 90010f00 
sm   0 warp 3 0x800005d8 0x000521fb v  3 11111111111111111111111111111111 3f800000 00000000 bf800000 c0000000 40000000 3f800000 00000000 bf800000 bf800000 c0000000 40000000 3f800000 00000000 bf800000 c0000000 40000000 40000000 3f800000 00000000 bf800000 c0000000 40000000 3f800000 00000000 00000000 bf800000 c0000000 40000000 3f800000 00000000 bf800000 c0000000 
sm   0 warp 1 0x8000062c 0x90101337 x  6  90101000
sm   0 warp 1 0x80000628 0x0005217b lsu.r v  2 op 3 @ 90010f7c 90010f78 90010f74 90010f70 90010f6c 90010f68 90010f64 90010f60 90010f5c 90010f58 90010f54 90010f50 90010f4c 90010f48 90010f44 90010f40 90010f3c 90010f38 90010f34 90010f30 90010f2c 90010f28 90010f24 90010f20 90010f1c 90010f18 90010f14 90010f10 90010f0c 90010f08 90010f04 90010f00
sm   0 warp 0 0x8000062c 0x90101337 x  6  90101000
sm   0 warp 0 0x80000628 0x0005217b lsu.r v  2 op 3 @ 90010f7c 90010f78 90010f74 90010f70 90010f6c 90010f68 90010f64 90010f60 90010f5c 90010f58 90010f54 90010f50 90010f4c 90010f48 90010f44 90010f40 90010f3c 90010f38 90010f34 90010f30 90010f2c 90010f28 90010f24 90010f20 90010f1c 90010f18 90010f14 90010f10 90010f0c 90010f08 90010f04 90010f00
sm   0 warp 1 0x80000630 0xf0030313 x  6  90100f00
sm   0 warp 2 0x8000062c 0x90101337 x  6  90101000
[L1C] #   3032 SM 0 CACHE 1 ADDR 90010f00
sm   0 warp 0 0x80000630 0xf0030313 x  6  90100f00
sm   0 warp 2 0x80000628 0x0005217b lsu.r v  2 op 3 @ 90010f7c 90010f78 90010f74 90010f70 90010f6c 90010f68 90010f64 90010f60 90010f5c 90010f58 90010f54 90010f50 90010f4c 90010f48 90010f44 90010f40 90010f3c 90010f38 90010f34 90010f30 90010f2c 90010f28 90010f24 90010f20 90010f1c 90010f18 90010f14 90010f10 90010f0c 90010f08 90010f04 90010f00
sm   0 warp 1 0x80000634 0x5208a557 v 10 11111111111111111111111111111111 0000001f 0000001e 0000001d 0000001c 0000001b 0000001a 00000019 00000018 00000017 00000016 00000015 00000014 00000013 00000012 00000011 00000010 0000000f 0000000e 0000000d 0000000c 0000000b 0000000a 00000009 00000008 00000007 00000006 00000005 00000004 00000003 00000002 00000001 00000000 
sm   0 warp 3 0x800005e0 0x90011337 x  6  90011000
sm   0 warp 0 0x80000634 0x5208a557 v 10 11111111111111111111111111111111 0000001f 0000001e 0000001d 0000001c 0000001b 0000001a 00000019 00000018 00000017 00000016 00000015 00000014 00000013 00000012 00000011 00000010 0000000f 0000000e 0000000d 0000000c 0000000b 0000000a 00000009 00000008 00000007 00000006 00000005 00000004 00000003 00000002 00000001 00000000 
sm   0 warp 2 0x80000630 0xf0030313 x  6  90100f00
sm   0 warp 1 0x80000638 0x96a13557 v 10 11111111111111111111111111111111 0000007c 00000078 00000074 00000070 0000006c 00000068 00000064 00000060 0000005c 00000058 00000054 00000050 0000004c 00000048 00000044 00000040 0000003c 00000038 00000034 00000030 0000002c 00000028 00000024 00000020 0000001c 00000018 00000014 00000010 0000000c 00000008 00000004 00000000 
sm   0 warp 3 0x800005e4 0xe8030313 x  6  90010e80
sm   0 warp 2 0x80000634 0x5208a557 v 10 11111111111111111111111111111111 0000001f 0000001e 0000001d 0000001c 0000001b 0000001a 00000019 00000018 00000017 00000016 00000015 00000014 00000013 00000012 00000011 00000010 0000000f 0000000e 0000000d 0000000c 0000000b 0000000a 00000009 00000008 00000007 00000006 00000005 00000004 00000003 00000002 00000001 00000000 
sm   0 warp 0 0x80000638 0x96a13557 v 10 11111111111111111111111111111111 0000007c 00000078 00000074 00000070 0000006c 00000068 00000064 00000060 0000005c 00000058 00000054 00000050 0000004c 00000048 00000044 00000040 0000003c 00000038 00000034 00000030 0000002c 00000028 00000024 00000020 0000001c 00000018 00000014 00000010 0000000c 00000008 00000004 00000000 
sm   0 warp 3 0x800005e8 0x5208a557 v 10 11111111111111111111111111111111 0000001f 0000001e 0000001d 0000001c 0000001b 0000001a 00000019 00000018 00000017 00000016 00000015 00000014 00000013 00000012 00000011 00000010 0000000f 0000000e 0000000d 0000000c 0000000b 0000000a 00000009 00000008 00000007 00000006 00000005 00000004 00000003 00000002 00000001 00000000 
sm   0 warp 3 0x800005dc 0x0e31408b v  1 11111111111111111111111111111111 00000000 00000000 00000000 00000000 00000000 00000000 00000000 00000000 00000000 00000000 00000000 00000000 00000000 00000000 00000000 00000000 42680000 c1e80000 c3828000 44028000 c3110000 43828000 42ae0000 c3680000 43e80000 c3828000 41e80000 41e80000 c3110000 41e80000 c3680000 42ae0000 
sm   0 warp 1 0x8000063c 0x02a34557 v 10 11111111111111111111111111111111 90100f7c 90100f78 90100f74 90100f70 90100f6c 90100f68 90100f64 90100f60 90100f5c 90100f58 90100f54 90100f50 90100f4c 90100f48 90100f44 90100f40 90100f3c 90100f38 90100f34 90100f30 90100f2c 90100f28 90100f24 90100f20 90100f1c 90100f18 90100f14 90100f10 90100f0c 90100f08 90100f04 90100f00 
sm   0 warp 2 0x80000638 0x96a13557 v 10 11111111111111111111111111111111 0000007c 00000078 00000074 00000070 0000006c 00000068 00000064 00000060 0000005c 00000058 00000054 00000050 0000004c 00000048 00000044 00000040 0000003c 00000038 00000034 00000030 0000002c 00000028 00000024 00000020 0000001c 00000018 00000014 00000010 0000000c 00000008 00000004 00000000 
sm   0 warp 3 0x800005ec 0x96a13557 v 10 11111111111111111111111111111111 0000007c 00000078 00000074 00000070 0000006c 00000068 00000064 00000060 0000005c 00000058 00000054 00000050 0000004c 00000048 00000044 00000040 0000003c 00000038 00000034 00000030 0000002c 00000028 00000024 00000020 0000001c 00000018 00000014 00000010 0000000c 00000008 00000004 00000000 
sm   0 warp 0 0x8000063c 0x02a34557 v 10 11111111111111111111111111111111 90100f7c 90100f78 90100f74 90100f70 90100f6c 90100f68 90100f64 90100f60 90100f5c 90100f58 90100f54 90100f50 90100f4c 90100f48 90100f44 90100f40 90100f3c 90100f38 90100f34 90100f30 90100f2c 90100f28 90100f24 90100f20 90100f1c 90100f18 90100f14 90100f10 90100f0c 90100f08 90100f04 90100f00 
sm   0 warp 1 0x80000628 0x0005217b v  2 11111111111111111111111111111111 bf800000 c0000000 c0400000 40400000 40000000 3f800000 00000000 bf800000 40400000 40000000 3f800000 00000000 bf800000 c0000000 c0400000 40400000 00000000 bf800000 c0000000 c0400000 40400000 40000000 3f800000 00000000 c0400000 40400000 40000000 3f800000 00000000 bf800000 c0000000 c0400000 
sm   0 warp 2 0x8000063c 0x02a34557 v 10 11111111111111111111111111111111 90100f7c 90100f78 90100f74 90100f70 90100f6c 90100f68 90100f64 90100f60 90100f5c 90100f58 90100f54 90100f50 90100f4c 90100f48 90100f44 90100f40 90100f3c 90100f38 90100f34 90100f30 90100f2c 90100f28 90100f24 90100f20 90100f1c 90100f18 90100f14 90100f10 90100f0c 90100f08 90100f04 90100f00 
sm   0 warp 3 0x800005f0 0x02a34557 v 10 11111111111111111111111111111111 90010efc 90010ef8 90010ef4 90010ef0 90010eec 90010ee8 90010ee4 90010ee0 90010edc 90010ed8 90010ed4 90010ed0 90010ecc 90010ec8 90010ec4 90010ec0 90010ebc 90010eb8 90010eb4 90010eb0 90010eac 90010ea8 90010ea4 90010ea0 90010e9c 90010e98 90010e94 90010e90 90010e8c 90010e88 90010e84 90010e80 
sm   0 warp 1 0x80000640 0x000521fb lsu.r v  3 op 3 @ 90100f7c 90100f78 90100f74 90100f70 90100f6c 90100f68 90100f64 90100f60 90100f5c 90100f58 90100f54 90100f50 90100f4c 90100f48 90100f44 90100f40 90100f3c 90100f38 90100f34 90100f30 90100f2c 90100f28 90100f24 90100f20 90100f1c 90100f18 90100f14 90100f10 90100f0c 90100f08 90100f04 90100f00
sm   0 warp 0 0x80000628 0x0005217b v  2 11111111111111111111111111111111 bf800000 c0000000 c0400000 40400000 40000000 3f800000 00000000 bf800000 40400000 40000000 3f800000 00000000 bf800000 c0000000 c0400000 40400000 00000000 bf800000 c0000000 c0400000 40400000 40000000 3f800000 00000000 c0400000 40400000 40000000 3f800000 00000000 bf800000 c0000000 c0400000 
sm   0 warp 0 0x80000640 0x000521fb lsu.r v  3 op 3 @ 90100f7c 90100f78 90100f74 90100f70 90100f6c 90100f68 90100f64 90100f60 90100f5c 90100f58 90100f54 90100f50 90100f4c 90100f48 90100f44 90100f40 90100f3c 90100f38 90100f34 90100f30 90100f2c 90100f28 90100f24 90100f20 90100f1c 90100f18 90100f14 90100f10 90100f0c 90100f08 90100f04 90100f00
[L1C] #   3056 SM 0 CACHE 1 ADDR 90100f00
sm   0 warp 2 0x80000628 0x0005217b v  2 11111111111111111111111111111111 bf800000 c0000000 c0400000 40400000 40000000 3f800000 00000000 bf800000 40400000 40000000 3f800000 00000000 bf800000 c0000000 c0400000 40400000 00000000 bf800000 c0000000 c0400000 40400000 40000000 3f800000 00000000 c0400000 40400000 40000000 3f800000 00000000 bf800000 c0000000 c0400000 
sm   0 warp 2 0x80000640 0x000521fb lsu.r v  3 op 3 @ 90100f7c 90100f78 90100f74 90100f70 90100f6c 90100f68 90100f64 90100f60 90100f5c 90100f58 90100f54 90100f50 90100f4c 90100f48 90100f44 90100f40 90100f3c 90100f38 90100f34 90100f30 90100f2c 90100f28 90100f24 90100f20 90100f1c 90100f18 90100f14 90100f10 90100f0c 90100f08 90100f04 90100f00
sm   0 warp 3 0x800005f8 0x90101337 x  6  90101000
sm   0 warp 3 0x800005fc 0xe8030313 x  6  90100e80
sm   0 warp 3 0x80000600 0x5208a557 v 10 11111111111111111111111111111111 0000001f 0000001e 0000001d 0000001c 0000001b 0000001a 00000019 00000018 00000017 00000016 00000015 00000014 00000013 00000012 00000011 00000010 0000000f 0000000e 0000000d 0000000c 0000000b 0000000a 00000009 00000008 00000007 00000006 00000005 00000004 00000003 00000002 00000001 00000000 
sm   0 warp 3 0x80000604 0x96a13557 v 10 11111111111111111111111111111111 0000007c 00000078 00000074 00000070 0000006c 00000068 00000064 00000060 0000005c 00000058 00000054 00000050 0000004c 00000048 00000044 00000040 0000003c 00000038 00000034 00000030 0000002c 00000028 00000024 00000020 0000001c 00000018 00000014 00000010 0000000c 00000008 00000004 00000000 
sm   0 warp 1 0x80000640 0x000521fb v  3 11111111111111111111111111111111 3f800000 00000000 bf800000 c0000000 40000000 3f800000 00000000 bf800000 bf800000 c0000000 40000000 3f800000 00000000 bf800000 c0000000 40000000 40000000 3f800000 00000000 bf800000 c0000000 40000000 3f800000 00000000 00000000 bf800000 c0000000 40000000 3f800000 00000000 bf800000 c0000000 
sm   0 warp 0 0x80000640 0x000521fb v  3 11111111111111111111111111111111 3f800000 00000000 bf800000 c0000000 40000000 3f800000 00000000 bf800000 bf800000 c0000000 40000000 3f800000 00000000 bf800000 c0000000 40000000 40000000 3f800000 00000000 bf800000 c0000000 40000000 3f800000 00000000 00000000 bf800000 c0000000 40000000 3f800000 00000000 bf800000 c0000000 
sm   0 warp 3 0x80000608 0x02a34557 v 10 11111111111111111111111111111111 90100efc 90100ef8 90100ef4 90100ef0 90100eec 90100ee8 90100ee4 90100ee0 90100edc 90100ed8 90100ed4 90100ed0 90100ecc 90100ec8 90100ec4 90100ec0 90100ebc 90100eb8 90100eb4 90100eb0 90100eac 90100ea8 90100ea4 90100ea0 90100e9c 90100e98 90100e94 90100e90 90100e8c 90100e88 90100e84 90100e80 
sm   0 warp 3 0x800005f4 0x0005217b lsu.r v  2 op 3 @ 90010efc 90010ef8 90010ef4 90010ef0 90010eec 90010ee8 90010ee4 90010ee0 90010edc 90010ed8 90010ed4 90010ed0 90010ecc 90010ec8 90010ec4 90010ec0 90010ebc 90010eb8 90010eb4 90010eb0 90010eac 90010ea8 90010ea4 90010ea0 90010e9c 90010e98 90010e94 90010e90 90010e8c 90010e88 90010e84 90010e80
sm   0 warp 2 0x80000640 0x000521fb v  3 11111111111111111111111111111111 3f800000 00000000 bf800000 c0000000 40000000 3f800000 00000000 bf800000 bf800000 c0000000 40000000 3f800000 00000000 bf800000 c0000000 40000000 40000000 3f800000 00000000 bf800000 c0000000 40000000 3f800000 00000000 00000000 bf800000 c0000000 40000000 3f800000 00000000 bf800000 c0000000 
sm   0 warp 1 0x80000648 0x90011337 x  6  90011000
sm   0 warp 0 0x80000648 0x90011337 x  6  90011000
sm   0 warp 3 0x800005f4 0x0005217b v  2 11111111111111111111111111111111 bf800000 c0000000 c0400000 40400000 40000000 3f800000 00000000 bf800000 40400000 40000000 3f800000 00000000 bf800000 c0000000 c0400000 40400000 00000000 bf800000 c0000000 c0400000 40400000 40000000 3f800000 00000000 c0400000 40400000 40000000 3f800000 00000000 bf800000 c0000000 c0400000 
sm   0 warp 3 0x8000060c 0x000521fb lsu.r v  3 op 3 @ 90100efc 90100ef8 90100ef4 90100ef0 90100eec 90100ee8 90100ee4 90100ee0 90100edc 90100ed8 90100ed4 90100ed0 90100ecc 90100ec8 90100ec4 90100ec0 90100ebc 90100eb8 90100eb4 90100eb0 90100eac 90100ea8 90100ea4 90100ea0 90100e9c 90100e98 90100e94 90100e90 90100e8c 90100e88 90100e84 90100e80
sm   0 warp 2 0x80000648 0x90011337 x  6  90011000
sm   0 warp 1 0x8000064c 0xf8030313 x  6  90010f80
sm   0 warp 0 0x8000064c 0xf8030313 x  6  90010f80
sm   0 warp 1 0x80000650 0x5208a557 v 10 11111111111111111111111111111111 0000001f 0000001e 0000001d 0000001c 0000001b 0000001a 00000019 00000018 00000017 00000016 00000015 00000014 00000013 00000012 00000011 00000010 0000000f 0000000e 0000000d 0000000c 0000000b 0000000a 00000009 00000008 00000007 00000006 00000005 00000004 00000003 00000002 00000001 00000000 
sm   0 warp 0 0x80000650 0x5208a557 v 10 11111111111111111111111111111111 0000001f 0000001e 0000001d 0000001c 0000001b 0000001a 00000019 00000018 00000017 00000016 00000015 00000014 00000013 00000012 00000011 00000010 0000000f 0000000e 0000000d 0000000c 0000000b 0000000a 00000009 00000008 00000007 00000006 00000005 00000004 00000003 00000002 00000001 00000000 
sm   0 warp 2 0x8000064c 0xf8030313 x  6  90010f80
sm   0 warp 1 0x80000644 0x0e31408b v  1 11111111111111111111111111111111 00000000 00000000 00000000 00000000 00000000 00000000 00000000 00000000 00000000 00000000 00000000 00000000 00000000 00000000 00000000 00000000 42780000 c1f80000 c38b8000 440b8000 c31b0000 438b8000 42ba0000 c3780000 43f80000 c38b8000 41f80000 41f80000 c31b0000 41f80000 c3780000 42ba0000 
sm   0 warp 3 0x8000060c 0x000521fb v  3 11111111111111111111111111111111 3f800000 00000000 bf800000 c0000000 40000000 3f800000 00000000 bf800000 bf800000 c0000000 40000000 3f800000 00000000 bf800000 c0000000 40000000 40000000 3f800000 00000000 bf800000 c0000000 40000000 3f800000 00000000 00000000 bf800000 c0000000 40000000 3f800000 00000000 bf800000 c0000000 
sm   0 warp 2 0x80000650 0x5208a557 v 10 11111111111111111111111111111111 0000001f 0000001e 0000001d 0000001c 0000001b 0000001a 00000019 00000018 00000017 00000016 00000015 00000014 00000013 00000012 00000011 00000010 0000000f 0000000e 0000000d 0000000c 0000000b 0000000a 00000009 00000008 00000007 00000006 00000005 00000004 00000003 00000002 00000001 00000000 
sm   0 warp 1 0x80000654 0x96a13557 v 10 11111111111111111111111111111111 0000007c 00000078 00000074 00000070 0000006c 00000068 00000064 00000060 0000005c 00000058 00000054 00000050 0000004c 00000048 00000044 00000040 0000003c 00000038 00000034 00000030 0000002c 00000028 00000024 00000020 0000001c 00000018 00000014 00000010 0000000c 00000008 00000004 00000000 
sm   0 warp 0 0x80000644 0x0e31408b v  1 11111111111111111111111111111111 00000000 00000000 00000000 00000000 00000000 00000000 00000000 00000000 00000000 00000000 00000000 00000000 00000000 00000000 00000000 00000000 42780000 c1f80000 c38b8000 440b8000 c31b0000 438b8000 42ba0000 c3780000 43f80000 c38b8000 41f80000 41f80000 c31b0000 41f80000 c3780000 42ba0000 
sm   0 warp 0 0x80000654 0x96a13557 v 10 11111111111111111111111111111111 0000007c 00000078 00000074 00000070 0000006c 00000068 00000064 00000060 0000005c 00000058 00000054 00000050 0000004c 00000048 00000044 00000040 0000003c 00000038 00000034 00000030 0000002c 00000028 00000024 00000020 0000001c 00000018 00000014 00000010 0000000c 00000008 00000004 00000000 
sm   0 warp 2 0x80000644 0x0e31408b v  1 11111111111111111111111111111111 00000000 00000000 00000000 00000000 00000000 00000000 00000000 00000000 00000000 00000000 00000000 00000000 00000000 00000000 00000000 00000000 42780000 c1f80000 c38b8000 440b8000 c31b0000 438b8000 42ba0000 c3780000 43f80000 c38b8000 41f80000 41f80000 c31b0000 41f80000 c3780000 42ba0000 
sm   0 warp 2 0x80000654 0x96a13557 v 10 11111111111111111111111111111111 0000007c 00000078 00000074 00000070 0000006c 00000068 00000064 00000060 0000005c 00000058 00000054 00000050 0000004c 00000048 00000044 00000040 0000003c 00000038 00000034 00000030 0000002c 00000028 00000024 00000020 0000001c 00000018 00000014 00000010 0000000c 00000008 00000004 00000000 
sm   0 warp 3 0x80000614 0x90011337 x  6  90011000
sm   0 warp 1 0x80000658 0x02a34557 v 10 11111111111111111111111111111111 90010ffc 90010ff8 90010ff4 90010ff0 90010fec 90010fe8 90010fe4 90010fe0 90010fdc 90010fd8 90010fd4 90010fd0 90010fcc 90010fc8 90010fc4 90010fc0 90010fbc 90010fb8 90010fb4 90010fb0 90010fac 90010fa8 90010fa4 90010fa0 90010f9c 90010f98 90010f94 90010f90 90010f8c 90010f88 90010f84 90010f80 
sm   0 warp 0 0x80000658 0x02a34557 v 10 11111111111111111111111111111111 90010ffc 90010ff8 90010ff4 90010ff0 90010fec 90010fe8 90010fe4 90010fe0 90010fdc 90010fd8 90010fd4 90010fd0 90010fcc 90010fc8 90010fc4 90010fc0 90010fbc 90010fb8 90010fb4 90010fb0 90010fac 90010fa8 90010fa4 90010fa0 90010f9c 90010f98 90010f94 90010f90 90010f8c 90010f88 90010f84 90010f80 
sm   0 warp 2 0x80000658 0x02a34557 v 10 11111111111111111111111111111111 90010ffc 90010ff8 90010ff4 90010ff0 90010fec 90010fe8 90010fe4 90010fe0 90010fdc 90010fd8 90010fd4 90010fd0 90010fcc 90010fc8 90010fc4 90010fc0 90010fbc 90010fb8 90010fb4 90010fb0 90010fac 90010fa8 90010fa4 90010fa0 90010f9c 90010f98 90010f94 90010f90 90010f8c 90010f88 90010f84 90010f80 
sm   0 warp 3 0x80000618 0xf0030313 x  6  90010f00
sm   0 warp 1 0x8000065c 0x0005217b lsu.r v  2 op 3 @ 90010ffc 90010ff8 90010ff4 90010ff0 90010fec 90010fe8 90010fe4 90010fe0 90010fdc 90010fd8 90010fd4 90010fd0 90010fcc 90010fc8 90010fc4 90010fc0 90010fbc 90010fb8 90010fb4 90010fb0 90010fac 90010fa8 90010fa4 90010fa0 90010f9c 90010f98 90010f94 90010f90 90010f8c 90010f88 90010f84 90010f80
sm   0 warp 1 0x80000660 0x90101337 x  6  90101000
sm   0 warp 3 0x8000061c 0x5208a557 v 10 11111111111111111111111111111111 0000001f 0000001e 0000001d 0000001c 0000001b 0000001a 00000019 00000018 00000017 00000016 00000015 00000014 00000013 00000012 00000011 00000010 0000000f 0000000e 0000000d 0000000c 0000000b 0000000a 00000009 00000008 00000007 00000006 00000005 00000004 00000003 00000002 00000001 00000000 
sm   0 warp 0 0x80000660 0x90101337 x  6  90101000
[L1C] #   3108 SM 0 CACHE 0 ADDR 80000680
sm   0 warp 3 0x80000610 0x0e31408b v  1 11111111111111111111111111111111 00000000 00000000 00000000 00000000 00000000 00000000 00000000 00000000 00000000 00000000 00000000 00000000 00000000 00000000 00000000 00000000 42700000 c1f00000 c3870000 44070000 c3160000 43870000 42b40000 c3700000 43f00000 c3870000 41f00000 41f00000 c3160000 41f00000 c3700000 42b40000 
sm   0 warp 0 0x8000065c 0x0005217b lsu.r v  2 op 3 @ 90010ffc 90010ff8 90010ff4 90010ff0 90010fec 90010fe8 90010fe4 90010fe0 90010fdc 90010fd8 90010fd4 90010fd0 90010fcc 90010fc8 90010fc4 90010fc0 90010fbc 90010fb8 90010fb4 90010fb0 90010fac 90010fa8 90010fa4 90010fa0 90010f9c 90010f98 90010f94 90010f90 90010f8c 90010f88 90010f84 90010f80
[L1C] #   3110 SM 0 CACHE 1 ADDR 90010f80
sm   0 warp 2 0x80000660 0x90101337 x  6  90101000
sm   0 warp 1 0x80000664 0xf8030313 x  6  90100f80
sm   0 warp 2 0x8000065c 0x0005217b lsu.r v  2 op 3 @ 90010ffc 90010ff8 90010ff4 90010ff0 90010fec 90010fe8 90010fe4 90010fe0 90010fdc 90010fd8 90010fd4 90010fd0 90010fcc 90010fc8 90010fc4 90010fc0 90010fbc 90010fb8 90010fb4 90010fb0 90010fac 90010fa8 90010fa4 90010fa0 90010f9c 90010f98 90010f94 90010f90 90010f8c 90010f88 90010f84 90010f80
sm   0 warp 3 0x80000620 0x96a13557 v 10 11111111111111111111111111111111 0000007c 00000078 00000074 00000070 0000006c 00000068 00000064 00000060 0000005c 00000058 00000054 00000050 0000004c 00000048 00000044 00000040 0000003c 00000038 00000034 00000030 0000002c 00000028 00000024 00000020 0000001c 00000018 00000014 00000010 0000000c 00000008 00000004 00000000 
sm   0 warp 0 0x80000664 0xf8030313 x  6  90100f80
sm   0 warp 1 0x80000668 0x5208a557 v 10 11111111111111111111111111111111 0000001f 0000001e 0000001d 0000001c 0000001b 0000001a 00000019 00000018 00000017 00000016 00000015 00000014 00000013 00000012 00000011 00000010 0000000f 0000000e 0000000d 0000000c 0000000b 0000000a 00000009 00000008 00000007 00000006 00000005 00000004 00000003 00000002 00000001 00000000 
sm   0 warp 2 0x80000664 0xf8030313 x  6  90100f80
sm   0 warp 0 0x80000668 0x5208a557 v 10 11111111111111111111111111111111 0000001f 0000001e 0000001d 0000001c 0000001b 0000001a 00000019 00000018 00000017 00000016 00000015 00000014 00000013 00000012 00000011 00000010 0000000f 0000000e 0000000d 0000000c 0000000b 0000000a 00000009 00000008 00000007 00000006 00000005 00000004 00000003 00000002 00000001 00000000 
sm   0 warp 3 0x80000624 0x02a34557 v 10 11111111111111111111111111111111 90010f7c 90010f78 90010f74 90010f70 90010f6c 90010f68 90010f64 90010f60 90010f5c 90010f58 90010f54 90010f50 90010f4c 90010f48 90010f44 90010f40 90010f3c 90010f38 90010f34 90010f30 90010f2c 90010f28 90010f24 90010f20 90010f1c 90010f18 90010f14 90010f10 90010f0c 90010f08 90010f04 90010f00 
sm   0 warp 2 0x80000668 0x5208a557 v 10 11111111111111111111111111111111 0000001f 0000001e 0000001d 0000001c 0000001b 0000001a 00000019 00000018 00000017 00000016 00000015 00000014 00000013 00000012 00000011 00000010 0000000f 0000000e 0000000d 0000000c 0000000b 0000000a 00000009 00000008 00000007 00000006 00000005 00000004 00000003 00000002 00000001 00000000 
sm   0 warp 1 0x8000066c 0x96a13557 v 10 11111111111111111111111111111111 0000007c 00000078 00000074 00000070 0000006c 00000068 00000064 00000060 0000005c 00000058 00000054 00000050 0000004c 00000048 00000044 00000040 0000003c 00000038 00000034 00000030 0000002c 00000028 00000024 00000020 0000001c 00000018 00000014 00000010 0000000c 00000008 00000004 00000000 
sm   0 warp 0 0x8000066c 0x96a13557 v 10 11111111111111111111111111111111 0000007c 00000078 00000074 00000070 0000006c 00000068 00000064 00000060 0000005c 00000058 00000054 00000050 0000004c 00000048 00000044 00000040 0000003c 00000038 00000034 00000030 0000002c 00000028 00000024 00000020 0000001c 00000018 00000014 00000010 0000000c 00000008 00000004 00000000 
sm   0 warp 2 0x8000066c 0x96a13557 v 10 11111111111111111111111111111111 0000007c 00000078 00000074 00000070 0000006c 00000068 00000064 00000060 0000005c 00000058 00000054 00000050 0000004c 00000048 00000044 00000040 0000003c 00000038 00000034 00000030 0000002c 00000028 00000024 00000020 0000001c 00000018 00000014 00000010 0000000c 00000008 00000004 00000000 
sm   0 warp 3 0x8000062c 0x90101337 x  6  90101000
sm   0 warp 1 0x80000670 0x02a34557 v 10 11111111111111111111111111111111 90100ffc 90100ff8 90100ff4 90100ff0 90100fec 90100fe8 90100fe4 90100fe0 90100fdc 90100fd8 90100fd4 90100fd0 90100fcc 90100fc8 90100fc4 90100fc0 90100fbc 90100fb8 90100fb4 90100fb0 90100fac 90100fa8 90100fa4 90100fa0 90100f9c 90100f98 90100f94 90100f90 90100f8c 90100f88 90100f84 90100f80 
sm   0 warp 0 0x80000670 0x02a34557 v 10 11111111111111111111111111111111 90100ffc 90100ff8 90100ff4 90100ff0 90100fec 90100fe8 90100fe4 90100fe0 90100fdc 90100fd8 90100fd4 90100fd0 90100fcc 90100fc8 90100fc4 90100fc0 90100fbc 90100fb8 90100fb4 90100fb0 90100fac 90100fa8 90100fa4 90100fa0 90100f9c 90100f98 90100f94 90100f90 90100f8c 90100f88 90100f84 90100f80 
sm   0 warp 2 0x80000670 0x02a34557 v 10 11111111111111111111111111111111 90100ffc 90100ff8 90100ff4 90100ff0 90100fec 90100fe8 90100fe4 90100fe0 90100fdc 90100fd8 90100fd4 90100fd0 90100fcc 90100fc8 90100fc4 90100fc0 90100fbc 90100fb8 90100fb4 90100fb0 90100fac 90100fa8 90100fa4 90100fa0 90100f9c 90100f98 90100f94 90100f90 90100f8c 90100f88 90100f84 90100f80 
sm   0 warp 3 0x80000628 0x0005217b lsu.r v  2 op 3 @ 90010f7c 90010f78 90010f74 90010f70 90010f6c 90010f68 90010f64 90010f60 90010f5c 90010f58 90010f54 90010f50 90010f4c 90010f48 90010f44 90010f40 90010f3c 90010f38 90010f34 90010f30 90010f2c 90010f28 90010f24 90010f20 90010f1c 90010f18 90010f14 90010f10 90010f0c 90010f08 90010f04 90010f00
sm   0 warp 1 0x8000065c 0x0005217b v  2 11111111111111111111111111111111 bf800000 c0000000 c0400000 40400000 40000000 3f800000 00000000 bf800000 40400000 40000000 3f800000 00000000 bf800000 c0000000 c0400000 40400000 00000000 bf800000 c0000000 c0400000 40400000 40000000 3f800000 00000000 c0400000 40400000 40000000 3f800000 00000000 bf800000 c0000000 c0400000 
sm   0 warp 0 0x8000065c 0x0005217b v  2 11111111111111111111111111111111 bf800000 c0000000 c0400000 40400000 40000000 3f800000 00000000 bf800000 40400000 40000000 3f800000 00000000 bf800000 c0000000 c0400000 40400000 00000000 bf800000 c0000000 c0400000 40400000 40000000 3f800000 00000000 c0400000 40400000 40000000 3f800000 00000000 bf800000 c0000000 c0400000 
sm   0 warp 2 0x8000065c 0x0005217b v  2 11111111111111111111111111111111 bf800000 c0000000 c0400000 40400000 40000000 3f800000 00000000 bf800000 40400000 40000000 3f800000 00000000 bf800000 c0000000 c0400000 40400000 00000000 bf800000 c0000000 c0400000 40400000 40000000 3f800000 00000000 c0400000 40400000 40000000 3f800000 00000000 bf800000 c0000000 c0400000 
sm   0 warp 1 0x80000674 0x000521fb lsu.r v  3 op 3 @ 90100ffc 90100ff8 90100ff4 90100ff0 90100fec 90100fe8 90100fe4 90100fe0 90100fdc 90100fd8 90100fd4 90100fd0 90100fcc 90100fc8 90100fc4 90100fc0 90100fbc 90100fb8 90100fb4 90100fb0 90100fac 90100fa8 90100fa4 90100fa0 90100f9c 90100f98 90100f94 90100f90 90100f8c 90100f88 90100f84 90100f80
sm   0 warp 3 0x80000628 0x0005217b v  2 11111111111111111111111111111111 bf800000 c0000000 c0400000 40400000 40000000 3f800000 00000000 bf800000 40400000 40000000 3f800000 00000000 bf800000 c0000000 c0400000 40400000 00000000 bf800000 c0000000 c0400000 40400000 40000000 3f800000 00000000 c0400000 40400000 40000000 3f800000 00000000 bf800000 c0000000 c0400000 
sm   0 warp 0 0x80000674 0x000521fb lsu.r v  3 op 3 @ 90100ffc 90100ff8 90100ff4 90100ff0 90100fec 90100fe8 90100fe4 90100fe0 90100fdc 90100fd8 90100fd4 90100fd0 90100fcc 90100fc8 90100fc4 90100fc0 90100fbc 90100fb8 90100fb4 90100fb0 90100fac 90100fa8 90100fa4 90100fa0 90100f9c 90100f98 90100f94 90100f90 90100f8c 90100f88 90100f84 90100f80
[L1C] #   3140 SM 0 CACHE 1 ADDR 90100f80
sm   0 warp 2 0x80000674 0x000521fb lsu.r v  3 op 3 @ 90100ffc 90100ff8 90100ff4 90100ff0 90100fec 90100fe8 90100fe4 90100fe0 90100fdc 90100fd8 90100fd4 90100fd0 90100fcc 90100fc8 90100fc4 90100fc0 90100fbc 90100fb8 90100fb4 90100fb0 90100fac 90100fa8 90100fa4 90100fa0 90100f9c 90100f98 90100f94 90100f90 90100f8c 90100f88 90100f84 90100f80
sm   0 warp 3 0x80000630 0xf0030313 x  6  90100f00
sm   0 warp 3 0x80000634 0x5208a557 v 10 11111111111111111111111111111111 0000001f 0000001e 0000001d 0000001c 0000001b 0000001a 00000019 00000018 00000017 00000016 00000015 00000014 00000013 00000012 00000011 00000010 0000000f 0000000e 0000000d 0000000c 0000000b 0000000a 00000009 00000008 00000007 00000006 00000005 00000004 00000003 00000002 00000001 00000000 
sm   0 warp 3 0x80000638 0x96a13557 v 10 11111111111111111111111111111111 0000007c 00000078 00000074 00000070 0000006c 00000068 00000064 00000060 0000005c 00000058 00000054 00000050 0000004c 00000048 00000044 00000040 0000003c 00000038 00000034 00000030 0000002c 00000028 00000024 00000020 0000001c 00000018 00000014 00000010 0000000c 00000008 00000004 00000000 
sm   0 warp 1 0x80000674 0x000521fb v  3 11111111111111111111111111111111 3f800000 00000000 bf800000 c0000000 40000000 3f800000 00000000 bf800000 bf800000 c0000000 40000000 3f800000 00000000 bf800000 c0000000 40000000 40000000 3f800000 00000000 bf800000 c0000000 40000000 3f800000 00000000 00000000 bf800000 c0000000 40000000 3f800000 00000000 bf800000 c0000000 
sm   0 warp 3 0x8000063c 0x02a34557 v 10 11111111111111111111111111111111 90100f7c 90100f78 90100f74 90100f70 90100f6c 90100f68 90100f64 90100f60 90100f5c 90100f58 90100f54 90100f50 90100f4c 90100f48 90100f44 90100f40 90100f3c 90100f38 90100f34 90100f30 90100f2c 90100f28 90100f24 90100f20 90100f1c 90100f18 90100f14 90100f10 90100f0c 90100f08 90100f04 90100f00 
sm   0 warp 0 0x80000674 0x000521fb v  3 11111111111111111111111111111111 3f800000 00000000 bf800000 c0000000 40000000 3f800000 00000000 bf800000 bf800000 c0000000 40000000 3f800000 00000000 bf800000 c0000000 40000000 40000000 3f800000 00000000 bf800000 c0000000 40000000 3f800000 00000000 00000000 bf800000 c0000000 40000000 3f800000 00000000 bf800000 c0000000 
sm   0 warp 2 0x80000674 0x000521fb v  3 11111111111111111111111111111111 3f800000 00000000 bf800000 c0000000 40000000 3f800000 00000000 bf800000 bf800000 c0000000 40000000 3f800000 00000000 bf800000 c0000000 40000000 40000000 3f800000 00000000 bf800000 c0000000 40000000 3f800000 00000000 00000000 bf800000 c0000000 40000000 3f800000 00000000 bf800000 c0000000 
sm   0 warp 1 0x8000067c 0x90002337 x  6  90002000
sm   0 warp 3 0x80000640 0x000521fb lsu.r v  3 op 3 @ 90100f7c 90100f78 90100f74 90100f70 90100f6c 90100f68 90100f64 90100f60 90100f5c 90100f58 90100f54 90100f50 90100f4c 90100f48 90100f44 90100f40 90100f3c 90100f38 90100f34 90100f30 90100f2c 90100f28 90100f24 90100f20 90100f1c 90100f18 90100f14 90100f10 90100f0c 90100f08 90100f04 90100f00
sm   0 warp 1 0x80000680 0x5208a557 v 10 11111111111111111111111111111111 0000001f 0000001e 0000001d 0000001c 0000001b 0000001a 00000019 00000018 00000017 00000016 00000015 00000014 00000013 00000012 00000011 00000010 0000000f 0000000e 0000000d 0000000c 0000000b 0000000a 00000009 00000008 00000007 00000006 00000005 00000004 00000003 00000002 00000001 00000000 
sm   0 warp 0 0x8000067c 0x90002337 x  6  90002000
sm   0 warp 0 0x80000680 0x5208a557 v 10 11111111111111111111111111111111 0000001f 0000001e 0000001d 0000001c 0000001b 0000001a 00000019 00000018 00000017 00000016 00000015 00000014 00000013 00000012 00000011 00000010 0000000f 0000000e 0000000d 0000000c 0000000b 0000000a 00000009 00000008 00000007 00000006 00000005 00000004 00000003 00000002 00000001 00000000 
sm   0 warp 2 0x8000067c 0x90002337 x  6  90002000
sm   0 warp 1 0x80000684 0x96a13557 v 10 11111111111111111111111111111111 0000007c 00000078 00000074 00000070 0000006c 00000068 00000064 00000060 0000005c 00000058 00000054 00000050 0000004c 00000048 00000044 00000040 0000003c 00000038 00000034 00000030 0000002c 00000028 00000024 00000020 0000001c 00000018 00000014 00000010 0000000c 00000008 00000004 00000000 
sm   0 warp 2 0x80000680 0x5208a557 v 10 11111111111111111111111111111111 0000001f 0000001e 0000001d 0000001c 0000001b 0000001a 00000019 00000018 00000017 00000016 00000015 00000014 00000013 00000012 00000011 00000010 0000000f 0000000e 0000000d 0000000c 0000000b 0000000a 00000009 00000008 00000007 00000006 00000005 00000004 00000003 00000002 00000001 00000000 
sm   0 warp 1 0x80000678 0x0e31408b v  1 11111111111111111111111111111111 00000000 00000000 00000000 00000000 00000000 00000000 00000000 00000000 00000000 00000000 00000000 00000000 00000000 00000000 00000000 00000000 42800000 c2000000 c3900000 44100000 c3200000 43900000 42c00000 c3800000 44000000 c3900000 42000000 42000000 c3200000 42000000 c3800000 42c00000 
sm   0 warp 3 0x80000640 0x000521fb v  3 11111111111111111111111111111111 3f800000 00000000 bf800000 c0000000 40000000 3f800000 00000000 bf800000 bf800000 c0000000 40000000 3f800000 00000000 bf800000 c0000000 40000000 40000000 3f800000 00000000 bf800000 c0000000 40000000 3f800000 00000000 00000000 bf800000 c0000000 40000000 3f800000 00000000 bf800000 c0000000 
sm   0 warp 0 0x80000684 0x96a13557 v 10 11111111111111111111111111111111 0000007c 00000078 00000074 00000070 0000006c 00000068 00000064 00000060 0000005c 00000058 00000054 00000050 0000004c 00000048 00000044 00000040 0000003c 00000038 00000034 00000030 0000002c 00000028 00000024 00000020 0000001c 00000018 00000014 00000010 0000000c 00000008 00000004 00000000 
sm   0 warp 1 0x80000688 0x02a34557 v 10 11111111111111111111111111111111 9000207c 90002078 90002074 90002070 9000206c 90002068 90002064 90002060 9000205c 90002058 90002054 90002050 9000204c 90002048 90002044 90002040 9000203c 90002038 90002034 90002030 9000202c 90002028 90002024 90002020 9000201c 90002018 90002014 90002010 9000200c 90002008 90002004 90002000 
sm   0 warp 2 0x80000684 0x96a13557 v 10 11111111111111111111111111111111 0000007c 00000078 00000074 00000070 0000006c 00000068 00000064 00000060 0000005c 00000058 00000054 00000050 0000004c 00000048 00000044 00000040 0000003c 00000038 00000034 00000030 0000002c 00000028 00000024 00000020 0000001c 00000018 00000014 00000010 0000000c 00000008 00000004 00000000 
sm   0 warp 0 0x80000678 0x0e31408b v  1 11111111111111111111111111111111 00000000 00000000 00000000 00000000 00000000 00000000 00000000 00000000 00000000 00000000 00000000 00000000 00000000 00000000 00000000 00000000 42800000 c2000000 c3900000 44100000 c3200000 43900000 42c00000 c3800000 44000000 c3900000 42000000 42000000 c3200000 42000000 c3800000 42c00000 
sm   0 warp 2 0x80000678 0x0e31408b v  1 11111111111111111111111111111111 00000000 00000000 00000000 00000000 00000000 00000000 00000000 00000000 00000000 00000000 00000000 00000000 00000000 00000000 00000000 00000000 42800000 c2000000 c3900000 44100000 c3200000 43900000 42c00000 c3800000 44000000 c3900000 42000000 42000000 c3200000 42000000 c3800000 42c00000 
sm   0 warp 1 0x8000068c 0x800028f3 x 17  00000020
sm   0 warp 0 0x80000688 0x02a34557 v 10 11111111111111111111111111111111 9000207c 90002078 90002074 90002070 9000206c 90002068 90002064 90002060 9000205c 90002058 90002054 90002050 9000204c 90002048 90002044 90002040 9000203c 90002038 90002034 90002030 9000202c 90002028 90002024 90002020 9000201c 90002018 90002014 90002010 9000200c 90002008 90002004 90002000 
sm   0 warp 3 0x80000648 0x90011337 x  6  90011000
sm   0 warp 2 0x80000688 0x02a34557 v 10 11111111111111111111111111111111 9000207c 90002078 90002074 90002070 9000206c 90002068 90002064 90002060 9000205c 90002058 90002054 90002050 9000204c 90002048 90002044 90002040 9000203c 90002038 90002034 90002030 9000202c 90002028 90002024 90002020 9000201c 90002018 90002014 90002010 9000200c 90002008 90002004 90002000 
sm   0 warp 0 0x8000068c 0x800028f3 x 17  00000000
sm   0 warp 1 0x80000690 0x00289893 x 17  00000080
sm   0 warp 2 0x8000068c 0x800028f3 x 17  00000040
sm   0 warp 3 0x8000064c 0xf8030313 x  6  90010f80
sm   0 warp 0 0x80000690 0x00289893 x 17  00000000
sm   0 warp 3 0x80000650 0x5208a557 v 10 11111111111111111111111111111111 0000001f 0000001e 0000001d 0000001c 0000001b 0000001a 00000019 00000018 00000017 00000016 00000015 00000014 00000013 00000012 00000011 00000010 0000000f 0000000e 0000000d 0000000c 0000000b 0000000a 00000009 00000008 00000007 00000006 00000005 00000004 00000003 00000002 00000001 00000000 
sm   0 warp 1 0x80000694 0x02a8c557 v 10 11111111111111111111111111111111 900020fc 900020f8 900020f4 900020f0 900020ec 900020e8 900020e4 900020e0 900020dc 900020d8 900020d4 900020d0 900020cc 900020c8 900020c4 900020c0 900020bc 900020b8 900020b4 900020b0 900020ac 900020a8 900020a4 900020a0 9000209c 90002098 90002094 90002090 9000208c 90002088 90002084 90002080 
sm   0 warp 2 0x80000690 0x00289893 x 17  00000100
sm   0 warp 3 0x80000644 0x0e31408b v  1 11111111111111111111111111111111 00000000 00000000 00000000 00000000 00000000 00000000 00000000 00000000 00000000 00000000 00000000 00000000 00000000 00000000 00000000 00000000 42780000 c1f80000 c38b8000 440b8000 c31b0000 438b8000 42ba0000 c3780000 43f80000 c38b8000 41f80000 41f80000 c31b0000 41f80000 c3780000 42ba0000 
sm   0 warp 0 0x80000694 0x02a8c557 v 10 11111111111111111111111111111111 9000207c 90002078 90002074 90002070 9000206c 90002068 90002064 90002060 9000205c 90002058 90002054 90002050 9000204c 90002048 90002044 90002040 9000203c 90002038 90002034 90002030 9000202c 90002028 90002024 90002020 9000201c 90002018 90002014 90002010 9000200c 90002008 90002004 90002000 
sm   0 warp 2 0x80000694 0x02a8c557 v 10 11111111111111111111111111111111 9000217c 90002178 90002174 90002170 9000216c 90002168 90002164 90002160 9000215c 90002158 90002154 90002150 9000214c 90002148 90002144 90002140 9000213c 90002138 90002134 90002130 9000212c 90002128 90002124 90002120 9000211c 90002118 90002114 90002110 9000210c 90002108 90002104 90002100 
sm   0 warp 1 0x80000698 0x0015607b lsu.w v  1 op 3 mask 11111111111111111111111111111111 00000000 00000000 00000000 00000000 00000000 00000000 00000000 00000000 00000000 00000000 00000000 00000000 00000000 00000000 00000000 00000000 42800000 c2000000 c3900000 44100000 c3200000 43900000 42c00000 c3800000 44000000 c3900000 42000000 42000000 c3200000 42000000 c3800000 42c00000 @ 900020fc 900020f8 900020f4 900020f0 900020ec 900020e8 900020e4 900020e0 900020dc 900020d8 900020d4 900020d0 900020cc 900020c8 900020c4 900020c0 900020bc 900020b8 900020b4 900020b0 900020ac 900020a8 900020a4 900020a0 9000209c 90002098 90002094 90002090 9000208c 90002088 90002084 90002080
sm   0 warp 1 0x8000069c 0x0000400b endprg
sm   0 warp 3 0x80000654 0x96a13557 v 10 11111111111111111111111111111111 0000007c 00000078 00000074 00000070 0000006c 00000068 00000064 00000060 0000005c 00000058 00000054 00000050 0000004c 00000048 00000044 00000040 0000003c 00000038 00000034 00000030 0000002c 00000028 00000024 00000020 0000001c 00000018 00000014 00000010 0000000c 00000008 00000004 00000000 
sm   0 warp 0 0x80000698 0x0015607b lsu.w v  1 op 3 mask 11111111111111111111111111111111 00000000 00000000 00000000 00000000 00000000 00000000 00000000 00000000 00000000 00000000 00000000 00000000 00000000 00000000 00000000 00000000 42800000 c2000000 c3900000 44100000 c3200000 43900000 42c00000 c3800000 44000000 c3900000 42000000 42000000 c3200000 42000000 c3800000 42c00000 @ 9000207c 90002078 90002074 90002070 9000206c 90002068 90002064 90002060 9000205c 90002058 90002054 90002050 9000204c 90002048 90002044 90002040 9000203c 90002038 90002034 90002030 9000202c 90002028 90002024 90002020 9000201c 90002018 90002014 90002010 9000200c 90002008 90002004 90002000
[L1C] #   3202 SM 0 CACHE 1 ADDR 90002080
sm   0 warp 0 0x8000069c 0x0000400b endprg
sm   0 warp 3 0x80000658 0x02a34557 v 10 11111111111111111111111111111111 90010ffc 90010ff8 90010ff4 90010ff0 90010fec 90010fe8 90010fe4 90010fe0 90010fdc 90010fd8 90010fd4 90010fd0 90010fcc 90010fc8 90010fc4 90010fc0 90010fbc 90010fb8 90010fb4 90010fb0 90010fac 90010fa8 90010fa4 90010fa0 90010f9c 90010f98 90010f94 90010f90 90010f8c 90010f88 90010f84 90010f80 
sm   0 warp 2 0x8000069c 0x0000400b endprg
sm   0 warp 1 0x80000698 0x0015607b lsu.w finish
sm   0 warp 2 0x80000698 0x0015607b lsu.w v  1 op 3 mask 11111111111111111111111111111111 00000000 00000000 00000000 00000000 00000000 00000000 00000000 00000000 00000000 00000000 00000000 00000000 00000000 00000000 00000000 00000000 42800000 c2000000 c3900000 44100000 c3200000 43900000 42c00000 c3800000 44000000 c3900000 42000000 42000000 c3200000 42000000 c3800000 42c00000 @ 9000217c 90002178 90002174 90002170 9000216c 90002168 90002164 90002160 9000215c 90002158 90002154 90002150 9000214c 90002148 90002144 90002140 9000213c 90002138 90002134 90002130 9000212c 90002128 90002124 90002120 9000211c 90002118 90002114 90002110 9000210c 90002108 90002104 90002100
[L1C] #   3206 SM 0 CACHE 1 ADDR 90002000
sm   0 warp 0 0x80000698 0x0015607b lsu.w finish
sm   0 warp 3 0x8000065c 0x0005217b lsu.r v  2 op 3 @ 90010ffc 90010ff8 90010ff4 90010ff0 90010fec 90010fe8 90010fe4 90010fe0 90010fdc 90010fd8 90010fd4 90010fd0 90010fcc 90010fc8 90010fc4 90010fc0 90010fbc 90010fb8 90010fb4 90010fb0 90010fac 90010fa8 90010fa4 90010fa0 90010f9c 90010f98 90010f94 90010f90 90010f8c 90010f88 90010f84 90010f80
[L1C] #   3210 SM 0 CACHE 1 ADDR 90002100
sm   0 warp 3 0x80000660 0x90101337 x  6  90101000
sm   0 warp 2 0x80000698 0x0015607b lsu.w finish
sm   0 warp 3 0x8000065c 0x0005217b v  2 11111111111111111111111111111111 bf800000 c0000000 c0400000 40400000 40000000 3f800000 00000000 bf800000 40400000 40000000 3f800000 00000000 bf800000 c0000000 c0400000 40400000 00000000 bf800000 c0000000 c0400000 40400000 40000000 3f800000 00000000 c0400000 40400000 40000000 3f800000 00000000 bf800000 c0000000 c0400000 
sm   0 warp 3 0x80000664 0xf8030313 x  6  90100f80
sm   0 warp 3 0x80000668 0x5208a557 v 10 11111111111111111111111111111111 0000001f 0000001e 0000001d 0000001c 0000001b 0000001a 00000019 00000018 00000017 00000016 00000015 00000014 00000013 00000012 00000011 00000010 0000000f 0000000e 0000000d 0000000c 0000000b 0000000a 00000009 00000008 00000007 00000006 00000005 00000004 00000003 00000002 00000001 00000000 
sm   0 warp 3 0x8000066c 0x96a13557 v 10 11111111111111111111111111111111 0000007c 00000078 00000074 00000070 0000006c 00000068 00000064 00000060 0000005c 00000058 00000054 00000050 0000004c 00000048 00000044 00000040 0000003c 00000038 00000034 00000030 0000002c 00000028 00000024 00000020 0000001c 00000018 00000014 00000010 0000000c 00000008 00000004 00000000 
sm   0 warp 3 0x80000670 0x02a34557 v 10 11111111111111111111111111111111 90100ffc 90100ff8 90100ff4 90100ff0 90100fec 90100fe8 90100fe4 90100fe0 90100fdc 90100fd8 90100fd4 90100fd0 90100fcc 90100fc8 90100fc4 90100fc0 90100fbc 90100fb8 90100fb4 90100fb0 90100fac 90100fa8 90100fa4 90100fa0 90100f9c 90100f98 90100f94 90100f90 90100f8c 90100f88 90100f84 90100f80 
sm   0 warp 3 0x80000674 0x000521fb lsu.r v  3 op 3 @ 90100ffc 90100ff8 90100ff4 90100ff0 90100fec 90100fe8 90100fe4 90100fe0 90100fdc 90100fd8 90100fd4 90100fd0 90100fcc 90100fc8 90100fc4 90100fc0 90100fbc 90100fb8 90100fb4 90100fb0 90100fac 90100fa8 90100fa4 90100fa0 90100f9c 90100f98 90100f94 90100f90 90100f8c 90100f88 90100f84 90100f80
sm   0 warp 3 0x80000674 0x000521fb v  3 11111111111111111111111111111111 3f800000 00000000 bf800000 c0000000 40000000 3f800000 00000000 bf800000 bf800000 c0000000 40000000 3f800000 00000000 bf800000 c0000000 40000000 40000000 3f800000 00000000 bf800000 c0000000 40000000 3f800000 00000000 00000000 bf800000 c0000000 40000000 3f800000 00000000 bf800000 c0000000 
sm   0 warp 3 0x8000067c 0x90002337 x  6  90002000
sm   0 warp 3 0x80000680 0x5208a557 v 10 11111111111111111111111111111111 0000001f 0000001e 0000001d 0000001c 0000001b 0000001a 00000019 00000018 00000017 00000016 00000015 00000014 00000013 00000012 00000011 00000010 0000000f 0000000e 0000000d 0000000c 0000000b 0000000a 00000009 00000008 00000007 00000006 00000005 00000004 00000003 00000002 00000001 00000000 
sm   0 warp 3 0x80000684 0x96a13557 v 10 11111111111111111111111111111111 0000007c 00000078 00000074 00000070 0000006c 00000068 00000064 00000060 0000005c 00000058 00000054 00000050 0000004c 00000048 00000044 00000040 0000003c 00000038 00000034 00000030 0000002c 00000028 00000024 00000020 0000001c 00000018 00000014 00000010 0000000c 00000008 00000004 00000000 
sm   0 warp 3 0x80000678 0x0e31408b v  1 11111111111111111111111111111111 00000000 00000000 00000000 00000000 00000000 00000000 00000000 00000000 00000000 00000000 00000000 00000000 00000000 00000000 00000000 00000000 42800000 c2000000 c3900000 44100000 c3200000 43900000 42c00000 c3800000 44000000 c3900000 42000000 42000000 c3200000 42000000 c3800000 42c00000 
sm   0 warp 3 0x80000688 0x02a34557 v 10 11111111111111111111111111111111 9000207c 90002078 90002074 90002070 9000206c 90002068 90002064 90002060 9000205c 90002058 90002054 90002050 9000204c 90002048 90002044 90002040 9000203c 90002038 90002034 90002030 9000202c 90002028 90002024 90002020 9000201c 90002018 90002014 90002010 9000200c 90002008 90002004 90002000 
sm   0 warp 3 0x8000068c 0x800028f3 x 17  00000060
sm   0 warp 3 0x80000690 0x00289893 x 17  00000180
sm   0 warp 3 0x80000694 0x02a8c557 v 10 11111111111111111111111111111111 900021fc 900021f8 900021f4 900021f0 900021ec 900021e8 900021e4 900021e0 900021dc 900021d8 900021d4 900021d0 900021cc 900021c8 900021c4 900021c0 900021bc 900021b8 900021b4 900021b0 900021ac 900021a8 900021a4 900021a0 9000219c 90002198 90002194 90002190 9000218c 90002188 90002184 90002180 
sm   0 warp 3 0x80000698 0x0015607b lsu.w v  1 op 3 mask 11111111111111111111111111111111 00000000 00000000 00000000 00000000 00000000 00000000 00000000 00000000 00000000 00000000 00000000 00000000 00000000 00000000 00000000 00000000 42800000 c2000000 c3900000 44100000 c3200000 43900000 42c00000 c3800000 44000000 c3900000 42000000 42000000 c3200000 42000000 c3800000 42c00000 @ 900021fc 900021f8 900021f4 900021f0 900021ec 900021e8 900021e4 900021e0 900021dc 900021d8 900021d4 900021d0 900021cc 900021c8 900021c4 900021c0 900021bc 900021b8 900021b4 900021b0 900021ac 900021a8 900021a4 900021a0 9000219c 90002198 90002194 90002190 9000218c 90002188 90002184 90002180
sm   0 warp 3 0x8000069c 0x0000400b endprg
[L1C] #   3282 SM 0 CACHE 1 ADDR 90002180
sm   0 warp 3 0x80000698 0x0015607b lsu.w finish
[L1C] #   3299 SM 0 CACHE 1 ADDR 9d0f7f80
[L1C] #   4330 SM 0 CACHE 1 ADDR 9d0f7f80
