531,memory.read,0,80000000,00000000
546,collect,0,80000000,2e1080d7
551,collect,1,80000000,2e1080d7
551,collect,0,80000004,90010337
551,writeback,0,80000000,2e1080d7
553,collect,0,80000008,5208a557
553,writeback,0,80000004,90010337
555,writeback,0,80000008,5208a557
556,collect,0,8000000c,96a13557
556,collect,1,80000004,90010337
556,writeback,1,80000000,2e1080d7
558,collect,1,80000008,5208a557
558,writeback,1,80000004,90010337
559,collect,2,80000000,2e1080d7
560,writeback,1,80000008,5208a557
561,collect,1,8000000c,96a13557
561,writeback,0,8000000c,96a13557
562,collect,0,80000010,02a34557
564,collect,2,80000004,90010337
564,writeback,2,80000000,2e1080d7
565,writeback,1,8000000c,96a13557
566,collect,1,80000010,02a34557
566,writeback,2,80000004,90010337
566,writeback,0,80000010,02a34557
567,collect,2,80000008,5208a557
568,collect,0,80000014,0005217b
569,writeback,2,80000008,5208a557
570,collect,2,8000000c,96a13557
570,writeback,1,80000010,02a34557
571,collect,1,80000014,0005217b
572,collect,3,80000000,2e1080d7
572,collect,0,80000018,90100337
573,lsu.issue,0,80000014,0005217b
574,collect,0,8000001c,5208a557
574,writeback,0,80000018,90100337
574,writeback,2,8000000c,96a13557
575,collect,2,80000010,02a34557
575,collect,1,80000018,90100337
576,writeback,0,8000001c,5208a557
576,lsu.issue,1,80000014,0005217b
577,collect,0,80000020,96a13557
577,collect,3,80000004,90010337
577,writeback,1,80000018,90100337
577,writeback,3,80000000,2e1080d7
578,collect,1,8000001c,5208a557
579,writeback,3,80000004,90010337
579,writeback,2,80000010,02a34557
580,collect,2,80000014,0005217b
580,writeback,1,8000001c,5208a557
581,collect,1,80000020,96a13557
581,writeback,0,80000020,96a13557
582,collect,0,80000024,02a34557
582,memory.read,0,90010000,00000000
584,collect,2,80000018,90100337
585,writeback,1,80000020,96a13557
585,lsu.issue,2,80000014,0005217b
586,collect,1,80000024,02a34557
586,writeback,2,80000018,90100337
586,writeback,0,80000024,02a34557
587,collect,2,8000001c,5208a557
588,collect,0,80000028,000521fb
589,writeback,2,8000001c,5208a557
590,collect,2,80000020,96a13557
590,writeback,1,80000024,02a34557
591,collect,3,80000008,5208a557
592,collect,1,80000028,000521fb
593,writeback,3,80000008,5208a557
594,collect,3,8000000c,96a13557
594,writeback,2,80000020,96a13557
595,collect,2,80000024,02a34557
596,writeback,0,80000014,0005217b
597,writeback,1,80000014,0005217b
598,writeback,3,8000000c,96a13557
599,writeback,2,80000024,02a34557
599,lsu.issue,0,80000028,000521fb
600,collect,3,80000010,02a34557
601,collect,2,80000028,000521fb
601,writeback,2,80000014,0005217b
603,lsu.issue,1,80000028,000521fb
604,writeback,3,80000010,02a34557
605,collect,3,80000014,0005217b
606,lsu.issue,2,80000028,000521fb
608,memory.read,0,90100000,00000000
609,collect,3,80000018,90100337
611,collect,3,8000001c,5208a557
611,writeback,3,80000018,90100337
613,writeback,3,8000001c,5208a557
614,collect,3,80000020,96a13557
618,writeback,3,80000020,96a13557
619,collect,3,80000024,02a34557
621,writeback,0,80000028,000521fb
622,collect,0,8000002c,0e31408b
623,writeback,3,80000024,02a34557
623,lsu.issue,3,80000014,0005217b
624,collect,3,80000028,000521fb
625,writeback,1,80000028,000521fb
626,collect,1,8000002c,0e31408b
626,collect,0,80000030,90010337
628,writeback,0,80000030,90010337
628,writeback,2,80000028,000521fb
629,collect,2,8000002c,0e31408b
629,collect,0,80000034,08030313
630,collect,1,80000030,90010337
630,lsu.issue,3,80000028,000521fb
632,writeback,1,80000030,90010337
632,writeback,3,80000014,0005217b
633,collect,0,80000038,5208a557
633,collect,2,80000030,90010337
633,writeback,0,80000034,08030313
634,collect,1,80000034,08030313
635,writeback,2,80000030,90010337
635,writeback,0,80000038,5208a557
636,collect,0,8000003c,96a13557
636,collect,2,80000034,08030313
637,writeback,3,80000028,000521fb
638,collect,1,80000038,5208a557
638,writeback,1,80000034,08030313
638,writeback,0,8000002c,0e31408b
639,collect,3,8000002c,0e31408b
640,collect,2,80000038,5208a557
640,writeback,2,80000034,08030313
640,writeback,1,80000038,5208a557
641,collect,1,8000003c,96a13557
641,writeback,0,8000003c,96a13557
642,collect,0,80000040,02a34557
642,writeback,2,80000038,5208a557
643,collect,2,8000003c,96a13557
643,collect,3,80000030,90010337
643,writeback,1,8000002c,0e31408b
644,writeback,2,8000002c,0e31408b
645,writeback,3,80000030,90010337
645,writeback,1,8000003c,96a13557
646,collect,1,80000040,02a34557
646,collect,3,80000034,08030313
646,writeback,0,80000040,02a34557
647,collect,0,80000044,0005217b
647,writeback,2,8000003c,96a13557
648,collect,2,80000040,02a34557
650,collect,3,80000038,5208a557
650,writeback,3,80000034,08030313
650,writeback,1,80000040,02a34557
651,collect,1,80000044,0005217b
651,collect,0,80000048,90100337
652,writeback,2,80000040,02a34557
652,lsu.issue,0,80000044,0005217b
653,collect,2,80000044,0005217b
653,writeback,0,80000048,90100337
653,writeback,3,80000038,5208a557
654,collect,3,8000003c,96a13557
654,collect,0,8000004c,08030313
654,writeback,3,8000002c,0e31408b
655,collect,1,80000048,90100337
656,lsu.issue,1,80000044,0005217b
657,collect,2,80000048,90100337
657,writeback,1,80000048,90100337
658,collect,0,80000050,5208a557
658,collect,1,8000004c,08030313
658,writeback,0,8000004c,08030313
658,writeback,3,8000003c,96a13557
659,collect,3,80000040,02a34557
659,writeback,2,80000048,90100337
659,lsu.issue,2,80000044,0005217b
660,collect,2,8000004c,08030313
660,writeback,0,80000050,5208a557
661,collect,0,80000054,96a13557
661,memory.read,0,90010080,00000000
662,collect,1,80000050,5208a557
662,writeback,1,8000004c,08030313
663,writeback,3,80000040,02a34557
664,collect,2,80000050,5208a557
664,writeback,2,8000004c,08030313
664,writeback,1,80000050,5208a557
665,collect,3,80000044,0005217b
665,writeback,0,80000054,96a13557
666,collect,0,80000058,02a34557
666,writeback,2,80000050,5208a557
667,collect,1,80000054,96a13557
668,collect,2,80000054,96a13557
670,writeback,0,80000058,02a34557
671,collect,0,8000005c,000521fb
671,writeback,1,80000054,96a13557
672,collect,1,80000058,02a34557
672,writeback,2,80000054,96a13557
673,collect,2,80000058,02a34557
674,writeback,0,80000044,0005217b
676,writeback,1,80000058,02a34557
676,lsu.issue,3,80000044,0005217b
677,collect,1,8000005c,000521fb
677,writeback,2,80000058,02a34557
678,collect,2,8000005c,000521fb
679,writeback,1,80000044,0005217b
680,writeback,2,80000044,0005217b
681,memory.read,0,80000080,00000000
682,lsu.issue,0,8000005c,000521fb
684,writeback,3,80000044,0005217b
686,collect,3,80000048,90100337
686,lsu.issue,1,8000005c,000521fb
688,writeback,3,80000048,90100337
689,collect,3,8000004c,08030313
689,lsu.issue,2,8000005c,000521fb
691,memory.read,0,90100080,00000000
693,collect,3,80000050,5208a557
693,writeback,3,8000004c,08030313
695,writeback,3,80000050,5208a557
696,collect,3,80000054,96a13557
700,writeback,3,80000054,96a13557
701,collect,3,80000058,02a34557
704,writeback,0,8000005c,000521fb
705,collect,0,80000060,0e31408b
705,writeback,3,80000058,02a34557
706,collect,3,8000005c,000521fb
707,writeback,1,8000005c,000521fb
708,collect,1,80000060,0e31408b
709,collect,0,80000064,90010337
710,writeback,2,8000005c,000521fb
711,collect,2,80000060,0e31408b
711,writeback,0,80000064,90010337
712,collect,1,80000064,90010337
712,lsu.issue,3,8000005c,000521fb
713,collect,0,80000068,10030313
714,writeback,1,80000064,90010337
715,collect,1,80000068,10030313
716,collect,2,80000064,90010337
717,collect,0,8000006c,5208a557
717,writeback,0,80000068,10030313
717,writeback,3,8000005c,000521fb
718,collect,3,80000060,0e31408b
718,writeback,2,80000064,90010337
719,collect,1,8000006c,5208a557
719,collect,2,80000068,10030313
719,writeback,1,80000068,10030313
719,writeback,0,8000006c,5208a557
720,collect,0,80000070,96a13557
720,writeback,0,80000060,0e31408b
721,writeback,1,8000006c,5208a557
722,collect,1,80000070,96a13557
722,collect,3,80000064,90010337
723,collect,2,8000006c,5208a557
723,writeback,2,80000068,10030313
723,writeback,1,80000060,0e31408b
724,writeback,3,80000064,90010337
724,writeback,0,80000070,96a13557
725,collect,0,80000074,02a34557
725,collect,3,80000068,10030313
725,writeback,2,8000006c,5208a557
726,collect,2,80000070,96a13557
726,writeback,1,80000070,96a13557
727,collect,1,80000074,02a34557
727,writeback,2,80000060,0e31408b
729,collect,3,8000006c,5208a557
729,writeback,3,80000068,10030313
729,writeback,0,80000074,02a34557
730,collect,0,80000078,0005217b
730,writeback,2,80000070,96a13557
731,collect,2,80000074,02a34557
731,writeback,3,8000006c,5208a557
732,collect,3,80000070,96a13557
732,writeback,1,80000074,02a34557
733,collect,1,80000078,0005217b
733,writeback,3,80000060,0e31408b
734,collect,0,8000007c,90100337
735,writeback,2,80000074,02a34557
735,lsu.issue,0,80000078,0005217b
736,collect,2,80000078,0005217b
736,writeback,0,8000007c,90100337
736,writeback,3,80000070,96a13557
737,collect,3,80000074,02a34557
737,collect,1,8000007c,90100337
738,collect,0,80000080,10030313
738,lsu.issue,1,80000078,0005217b
739,writeback,1,8000007c,90100337
740,collect,1,80000080,10030313
741,collect,2,8000007c,90100337
741,writeback,3,80000074,02a34557
741,lsu.issue,2,80000078,0005217b
742,collect,0,80000084,5208a557
742,writeback,0,80000080,10030313
743,writeback,2,8000007c,90100337
744,collect,1,80000084,5208a557
744,collect,2,80000080,10030313
744,memory.read,0,90010100,00000000
744,writeback,1,80000080,10030313
744,writeback,0,80000084,5208a557
745,collect,0,80000088,96a13557
746,collect,3,80000078,0005217b
746,writeback,1,80000084,5208a557
747,collect,1,80000088,96a13557
748,collect,2,80000084,5208a557
748,writeback,2,80000080,10030313
749,writeback,0,80000088,96a13557
750,collect,0,8000008c,02a34557
750,collect,3,8000007c,90100337
751,writeback,2,80000084,5208a557
752,collect,2,80000088,96a13557
752,writeback,3,8000007c,90100337
752,writeback,1,80000088,96a13557
753,collect,1,8000008c,02a34557
754,writeback,0,8000008c,02a34557
755,collect,0,80000090,000521fb
756,writeback,2,80000088,96a13557
757,collect,2,8000008c,02a34557
757,writeback,1,8000008c,02a34557
758,collect,1,80000090,000521fb
758,lsu.issue,3,80000078,0005217b
759,writeback,0,80000078,0005217b
760,writeback,1,80000078,0005217b
761,collect,3,80000080,10030313
761,writeback,2,8000008c,02a34557
762,collect,2,80000090,000521fb
762,lsu.issue,0,80000090,000521fb
764,writeback,2,80000078,0005217b
765,collect,3,80000084,5208a557
765,writeback,3,80000080,10030313
766,lsu.issue,1,80000090,000521fb
767,writeback,3,80000084,5208a557
768,collect,3,80000088,96a13557
769,writeback,3,80000078,0005217b
771,memory.read,0,90100100,00000000
771,lsu.issue,2,80000090,000521fb
772,writeback,3,80000088,96a13557
773,collect,3,8000008c,02a34557
777,writeback,3,8000008c,02a34557
778,collect,3,80000090,000521fb
784,writeback,0,80000090,000521fb
785,collect,0,80000094,0e31408b
786,lsu.issue,3,80000090,000521fb
788,writeback,1,80000090,000521fb
789,collect,1,80000094,0e31408b
789,collect,0,80000098,90010337
791,writeback,0,80000098,90010337
791,writeback,2,80000090,000521fb
792,collect,2,80000094,0e31408b
792,collect,0,8000009c,18030313
793,collect,1,80000098,90010337
794,writeback,3,80000090,000521fb
795,collect,3,80000094,0e31408b
795,writeback,1,80000098,90010337
796,collect,0,800000a0,5208a557
796,collect,2,80000098,90010337
796,writeback,0,8000009c,18030313
797,collect,1,8000009c,18030313
798,writeback,2,80000098,90010337
798,writeback,0,800000a0,5208a557
799,collect,0,800000a4,96a13557
799,collect,2,8000009c,18030313
800,collect,3,80000098,90010337
800,writeback,0,80000094,0e31408b
801,collect,1,800000a0,5208a557
801,writeback,1,8000009c,18030313
802,writeback,3,80000098,90010337
803,collect,2,800000a0,5208a557
803,collect,3,8000009c,18030313
803,writeback,2,8000009c,18030313
803,writeback,1,800000a0,5208a557
804,collect,1,800000a4,96a13557
804,writeback,0,800000a4,96a13557
805,collect,0,800000a8,02a34557
805,writeback,2,800000a0,5208a557
806,collect,2,800000a4,96a13557
806,writeback,1,80000094,0e31408b
807,collect,3,800000a0,5208a557
807,writeback,3,8000009c,18030313
807,writeback,2,80000094,0e31408b
808,writeback,1,800000a4,96a13557
809,collect,1,800000a8,02a34557
809,writeback,0,800000a8,02a34557
810,collect,0,800000ac,0005217b
810,writeback,3,800000a0,5208a557
811,collect,3,800000a4,96a13557
811,writeback,2,800000a4,96a13557
812,collect,2,800000a8,02a34557
812,writeback,3,80000094,0e31408b
813,writeback,1,800000a8,02a34557
814,collect,1,800000ac,0005217b
814,collect,0,800000b0,90100337
815,writeback,3,800000a4,96a13557
815,lsu.issue,0,800000ac,0005217b
816,writeback,0,800000b0,90100337
816,writeback,2,800000a8,02a34557
817,collect,2,800000ac,0005217b
817,collect,0,800000b4,18030313
818,collect,1,800000b0,90100337
819,collect,3,800000a8,02a34557
819,lsu.issue,1,800000ac,0005217b
820,writeback,1,800000b0,90100337
821,collect,0,800000b8,5208a557
821,collect,2,800000b0,90100337
821,writeback,0,800000b4,18030313
822,collect,1,800000b4,18030313
822,lsu.issue,2,800000ac,0005217b
823,writeback,2,800000b0,90100337
823,writeback,3,800000a8,02a34557
824,collect,3,800000ac,0005217b
824,collect,2,800000b4,18030313
824,memory.read,0,90010180,00000000
824,writeback,0,800000b8,5208a557
825,collect,0,800000bc,96a13557
826,collect,1,800000b8,5208a557
826,writeback,1,800000b4,18030313
828,collect,2,800000b8,5208a557
828,writeback,2,800000b4,18030313
828,writeback,1,800000b8,5208a557
829,collect,1,800000bc,96a13557
830,writeback,2,800000b8,5208a557
831,collect,2,800000bc,96a13557
831,writeback,0,800000bc,96a13557
832,collect,0,800000c0,02a34557
833,writeback,1,800000bc,96a13557
834,collect,1,800000c0,02a34557
835,writeback,2,800000bc,96a13557
836,collect,2,800000c0,02a34557
836,writeback,0,800000c0,02a34557
837,collect,0,800000c4,000521fb
838,writeback,1,800000c0,02a34557
839,collect,1,800000c4,000521fb
839,lsu.issue,3,800000ac,0005217b
840,writeback,2,800000c0,02a34557
841,collect,2,800000c4,000521fb
842,writeback,0,800000ac,0005217b
843,writeback,1,800000ac,0005217b
844,writeback,2,800000ac,0005217b
846,lsu.issue,0,800000c4,000521fb
848,writeback,3,800000ac,0005217b
850,collect,3,800000b0,90100337
850,lsu.issue,1,800000c4,000521fb
852,writeback,3,800000b0,90100337
853,collect,3,800000b4,18030313
853,lsu.issue,2,800000c4,000521fb
855,memory.read,0,90100180,00000000
857,collect,3,800000b8,5208a557
857,writeback,3,800000b4,18030313
859,writeback,3,800000b8,5208a557
860,collect,3,800000bc,96a13557
864,writeback,3,800000bc,96a13557
865,collect,3,800000c0,02a34557
868,writeback,0,800000c4,000521fb
869,collect,0,800000c8,0e31408b
869,writeback,3,800000c0,02a34557
870,collect,3,800000c4,000521fb
871,writeback,1,800000c4,000521fb
872,collect,1,800000c8,0e31408b
873,collect,0,800000cc,90010337
874,writeback,2,800000c4,000521fb
875,collect,2,800000c8,0e31408b
875,writeback,0,800000cc,90010337
876,collect,1,800000cc,90010337
876,lsu.issue,3,800000c4,000521fb
877,collect,0,800000d0,20030313
878,writeback,1,800000cc,90010337
879,collect,1,800000d0,20030313
880,collect,2,800000cc,90010337
881,collect,0,800000d4,5208a557
881,writeback,0,800000d0,20030313
881,writeback,3,800000c4,000521fb
882,collect,3,800000c8,0e31408b
882,writeback,2,800000cc,90010337
883,collect,1,800000d4,5208a557
883,collect,2,800000d0,20030313
883,writeback,1,800000d0,20030313
883,writeback,0,800000d4,5208a557
884,collect,0,800000d8,96a13557
884,writeback,0,800000c8,0e31408b
885,writeback,1,800000d4,5208a557
886,collect,1,800000d8,96a13557
886,collect,3,800000cc,90010337
887,collect,2,800000d4,5208a557
887,writeback,2,800000d0,20030313
887,writeback,1,800000c8,0e31408b
888,writeback,3,800000cc,90010337
888,writeback,0,800000d8,96a13557
889,collect,0,800000dc,02a34557
889,collect,3,800000d0,20030313
889,writeback,2,800000d4,5208a557
890,collect,2,800000d8,96a13557
890,writeback,1,800000d8,96a13557
891,collect,1,800000dc,02a34557
891,writeback,2,800000c8,0e31408b
893,collect,3,800000d4,5208a557
893,writeback,3,800000d0,20030313
893,writeback,0,800000dc,02a34557
894,collect,0,800000e0,0005217b
894,writeback,2,800000d8,96a13557
895,collect,2,800000dc,02a34557
895,writeback,3,800000d4,5208a557
896,collect,3,800000d8,96a13557
896,writeback,1,800000dc,02a34557
897,collect,1,800000e0,0005217b
897,writeback,3,800000c8,0e31408b
898,collect,0,800000e4,90100337
899,memory.read,0,80000100,00000000
899,writeback,2,800000dc,02a34557
899,lsu.issue,0,800000e0,0005217b
900,collect,2,800000e0,0005217b
900,writeback,0,800000e4,90100337
900,writeback,3,800000d8,96a13557
901,collect,3,800000dc,02a34557
901,collect,1,800000e4,90100337
902,collect,0,800000e8,20030313
902,lsu.issue,1,800000e0,0005217b
903,writeback,1,800000e4,90100337
904,collect,1,800000e8,20030313
905,collect,2,800000e4,90100337
905,writeback,3,800000dc,02a34557
905,lsu.issue,2,800000e0,0005217b
906,collect,0,800000ec,5208a557
906,writeback,0,800000e8,20030313
907,writeback,2,800000e4,90100337
908,collect,1,800000ec,5208a557
908,collect,2,800000e8,20030313
908,memory.read,0,90010200,00000000
908,writeback,1,800000e8,20030313
908,writeback,0,800000ec,5208a557
909,collect,0,800000f0,96a13557
910,collect,3,800000e0,0005217b
910,writeback,1,800000ec,5208a557
911,collect,1,800000f0,96a13557
912,collect,2,800000ec,5208a557
912,writeback,2,800000e8,20030313
913,writeback,0,800000f0,96a13557
914,collect,0,800000f4,02a34557
914,collect,3,800000e4,90100337
915,writeback,2,800000ec,5208a557
916,collect,2,800000f0,96a13557
916,writeback,3,800000e4,90100337
916,writeback,1,800000f0,96a13557
917,collect,1,800000f4,02a34557
918,writeback,0,800000f4,02a34557
919,collect,0,800000f8,000521fb
920,writeback,2,800000f0,96a13557
921,collect,2,800000f4,02a34557
921,writeback,1,800000f4,02a34557
922,collect,1,800000f8,000521fb
922,lsu.issue,3,800000e0,0005217b
923,writeback,0,800000e0,0005217b
924,writeback,1,800000e0,0005217b
925,writeback,2,800000f4,02a34557
926,collect,2,800000f8,000521fb
926,lsu.issue,0,800000f8,000521fb
928,writeback,2,800000e0,0005217b
929,collect,3,800000e8,20030313
930,lsu.issue,1,800000f8,000521fb
932,writeback,3,800000e0,0005217b
933,collect,3,800000ec,5208a557
933,writeback,3,800000e8,20030313
934,lsu.issue,2,800000f8,000521fb
935,memory.read,0,90100200,00000000
935,writeback,3,800000ec,5208a557
936,collect,3,800000f0,96a13557
940,writeback,3,800000f0,96a13557
941,collect,3,800000f4,02a34557
945,writeback,3,800000f4,02a34557
946,collect,3,800000f8,000521fb
948,writeback,0,800000f8,000521fb
949,collect,0,800000fc,0e31408b
951,writeback,1,800000f8,000521fb
952,collect,1,800000fc,0e31408b
953,collect,0,80000100,90010337
953,lsu.issue,3,800000f8,000521fb
955,writeback,0,80000100,90010337
955,writeback,2,800000f8,000521fb
956,collect,2,800000fc,0e31408b
956,collect,1,80000100,90010337
957,collect,0,80000104,28030313
958,writeback,1,80000100,90010337
958,writeback,3,800000f8,000521fb
959,collect,3,800000fc,0e31408b
959,collect,1,80000104,28030313
960,collect,2,80000100,90010337
961,collect,0,80000108,5208a557
961,writeback,0,80000104,28030313
962,writeback,2,80000100,90010337
963,collect,1,80000108,5208a557
963,collect,3,80000100,90010337
963,writeback,1,80000104,28030313
964,collect,2,80000104,28030313
964,writeback,0,80000108,5208a557
965,collect,0,8000010c,96a13557
965,writeback,3,80000100,90010337
965,writeback,1,80000108,5208a557
966,collect,1,8000010c,96a13557
966,collect,3,80000104,28030313
966,writeback,0,800000fc,0e31408b
967,writeback,1,800000fc,0e31408b
968,collect,2,80000108,5208a557
968,writeback,2,80000104,28030313
969,writeback,0,8000010c,96a13557
970,collect,3,80000108,5208a557
970,writeback,3,80000104,28030313
970,writeback,1,8000010c,96a13557
971,collect,0,80000110,02a34557
971,writeback,2,80000108,5208a557
972,collect,1,80000110,02a34557
972,writeback,3,80000108,5208a557
973,collect,2,8000010c,96a13557
973,writeback,2,800000fc,0e31408b
974,collect,3,8000010c,96a13557
974,writeback,3,800000fc,0e31408b
975,writeback,0,80000110,02a34557
976,collect,0,80000114,0005217b
976,writeback,1,80000110,02a34557
977,collect,1,80000114,0005217b
977,writeback,2,8000010c,96a13557
978,collect,2,80000110,02a34557
978,writeback,3,8000010c,96a13557
979,collect,3,80000110,02a34557
980,collect,0,80000118,90100337
981,collect,1,80000118,90100337
981,lsu.issue,0,80000114,0005217b
982,writeback,0,80000118,90100337
982,writeback,2,80000110,02a34557
983,collect,2,80000114,0005217b
983,collect,0,8000011c,28030313
983,writeback,1,80000118,90100337
983,writeback,3,80000110,02a34557
984,collect,3,80000114,0005217b
984,collect,1,8000011c,28030313
984,lsu.issue,1,80000114,0005217b
987,collect,0,80000120,5208a557
987,collect,2,80000118,90100337
987,writeback,0,8000011c,28030313
988,collect,1,80000120,5208a557
988,collect,3,80000118,90100337
988,writeback,1,8000011c,28030313
988,lsu.issue,2,80000114,0005217b
989,writeback,2,80000118,90100337
989,writeback,0,80000120,5208a557
990,collect,0,80000124,96a13557
990,collect,2,8000011c,28030313
990,memory.read,0,90010280,00000000
990,writeback,3,80000118,90100337
990,writeback,1,80000120,5208a557
991,collect,1,80000124,96a13557
991,collect,3,8000011c,28030313
994,collect,2,80000120,5208a557
994,writeback,2,8000011c,28030313
994,writeback,0,80000124,96a13557
995,collect,3,80000120,5208a557
995,writeback,3,8000011c,28030313
995,writeback,1,80000124,96a13557
996,collect,0,80000128,02a34557
996,writeback,2,80000120,5208a557
997,collect,1,80000128,02a34557
997,writeback,3,80000120,5208a557
998,collect,2,80000124,96a13557
999,collect,3,80000124,96a13557
1000,writeback,0,80000128,02a34557
1001,collect,0,8000012c,000521fb
1001,writeback,1,80000128,02a34557
1002,collect,1,8000012c,000521fb
1002,writeback,2,80000124,96a13557
1003,collect,2,80000128,02a34557
1003,writeback,3,80000124,96a13557
1004,lsu.issue,3,80000114,0005217b
1005,collect,3,80000128,02a34557
1005,writeback,0,80000114,0005217b
1006,writeback,1,80000114,0005217b
1008,writeback,2,80000128,02a34557
1008,lsu.issue,0,8000012c,000521fb
1009,collect,2,8000012c,000521fb
1009,writeback,3,80000128,02a34557
1010,collect,3,8000012c,000521fb
1011,writeback,2,80000114,0005217b
1012,writeback,3,80000114,0005217b
1014,lsu.issue,1,8000012c,000521fb
1017,memory.read,0,90100280,00000000
1017,lsu.issue,2,8000012c,000521fb
1030,writeback,0,8000012c,000521fb
1031,collect,0,80000130,0e31408b
1032,lsu.issue,3,8000012c,000521fb
1034,writeback,1,8000012c,000521fb
1035,collect,1,80000130,0e31408b
1035,collect,0,80000134,90010337
1037,writeback,0,80000134,90010337
1037,writeback,2,8000012c,000521fb
1038,collect,2,80000130,0e31408b
1038,collect,0,80000138,30030313
1039,collect,1,80000134,90010337
1040,writeback,3,8000012c,000521fb
1041,writeback,1,80000134,90010337
1042,collect,3,80000130,0e31408b
1042,collect,2,80000134,90010337
1042,writeback,0,80000138,30030313
1043,collect,0,8000013c,5208a557
1043,collect,1,80000138,30030313
1044,writeback,2,80000134,90010337
1045,collect,2,80000138,30030313
1045,writeback,0,8000013c,5208a557
1046,collect,0,80000140,96a13557
1046,collect,3,80000134,90010337
1046,writeback,0,80000130,0e31408b
1047,collect,1,8000013c,5208a557
1047,writeback,1,80000138,30030313
1048,writeback,3,80000134,90010337
1049,collect,2,8000013c,5208a557
1049,collect,3,80000138,30030313
1049,writeback,2,80000138,30030313
1049,writeback,1,8000013c,5208a557
1050,collect,1,80000140,96a13557
1050,writeback,0,80000140,96a13557
1051,collect,0,80000144,02a34557
1051,writeback,2,8000013c,5208a557
1052,collect,2,80000140,96a13557
1052,writeback,1,80000130,0e31408b
1053,collect,3,8000013c,5208a557
1053,writeback,3,80000138,30030313
1053,writeback,2,80000130,0e31408b
1054,writeback,1,80000140,96a13557
1055,collect,1,80000144,02a34557
1055,writeback,0,80000144,02a34557
1056,collect,0,80000148,0005217b
1056,writeback,3,8000013c,5208a557
1057,collect,3,80000140,96a13557
1057,writeback,2,80000140,96a13557
1058,collect,2,80000144,02a34557
1058,writeback,3,80000130,0e31408b
1059,writeback,1,80000144,02a34557
1060,collect,1,80000148,0005217b
1060,collect,0,8000014c,90100337
1061,writeback,3,80000140,96a13557
1061,lsu.issue,0,80000148,0005217b
1062,collect,3,80000144,02a34557
1062,writeback,0,8000014c,90100337
1062,writeback,2,80000144,02a34557
1063,collect,2,80000148,0005217b
1063,collect,0,80000150,30030313
1064,collect,1,8000014c,90100337
1065,lsu.issue,1,80000148,0005217b
1066,writeback,1,8000014c,90100337
1066,writeback,3,80000144,02a34557
1067,collect,3,80000148,0005217b
1067,collect,2,8000014c,90100337
1067,writeback,0,80000150,30030313
1068,collect,0,80000154,5208a557
1068,collect,1,80000150,30030313
1068,lsu.issue,2,80000148,0005217b
1069,writeback,2,8000014c,90100337
1070,collect,2,80000150,30030313
1070,memory.read,0,90010300,00000000
1070,writeback,0,80000154,5208a557
1071,collect,0,80000158,96a13557
1071,collect,3,8000014c,90100337
1072,collect,1,80000154,5208a557
1072,writeback,1,80000150,30030313
1073,writeback,3,8000014c,90100337
1074,collect,2,80000154,5208a557
1074,collect,3,80000150,30030313
1074,writeback,2,80000150,30030313
1074,writeback,1,80000154,5208a557
1075,collect,1,80000158,96a13557
1075,writeback,0,80000158,96a13557
1076,collect,0,8000015c,02a34557
1076,writeback,2,80000154,5208a557
1077,collect,2,80000158,96a13557
1078,collect,3,80000154,5208a557
1078,writeback,3,80000150,30030313
1079,writeback,1,80000158,96a13557
1080,collect,1,8000015c,02a34557
1080,writeback,0,8000015c,02a34557
1081,collect,0,80000160,000521fb
1081,writeback,3,80000154,5208a557
1082,collect,3,80000158,96a13557
1082,writeback,2,80000158,96a13557
1083,collect,2,8000015c,02a34557
1084,writeback,1,8000015c,02a34557
1085,collect,1,80000160,000521fb
1085,lsu.issue,3,80000148,0005217b
1086,memory.read,0,80000180,00000000
1086,writeback,3,80000158,96a13557
1087,collect,3,8000015c,02a34557
1087,writeback,2,8000015c,02a34557
1088,collect,2,80000160,000521fb
1088,lsu.issue,0,80000160,000521fb
1089,writeback,0,80000148,0005217b
1090,writeback,1,80000148,0005217b
1091,writeback,3,8000015c,02a34557
1092,collect,3,80000160,000521fb
1092,lsu.issue,1,80000160,000521fb
1094,writeback,2,80000148,0005217b
1095,writeback,3,80000148,0005217b
1097,lsu.issue,2,80000160,000521fb
1098,memory.read,0,90100300,00000000
1111,writeback,0,80000160,000521fb
1112,collect,0,80000164,0e31408b
1113,lsu.issue,3,80000160,000521fb
1115,writeback,1,80000160,000521fb
1116,collect,1,80000164,0e31408b
1116,collect,0,80000168,90010337
1118,writeback,0,80000168,90010337
1118,writeback,2,80000160,000521fb
1119,collect,2,80000164,0e31408b
1119,collect,0,8000016c,38030313
1120,collect,1,80000168,90010337
1121,writeback,3,80000160,000521fb
1122,collect,3,80000164,0e31408b
1122,writeback,1,80000168,90010337
1123,collect,0,80000170,5208a557
1123,collect,2,80000168,90010337
1123,writeback,0,8000016c,38030313
1124,collect,1,8000016c,38030313
1125,writeback,2,80000168,90010337
1125,writeback,0,80000170,5208a557
1126,collect,0,80000174,96a13557
1126,collect,2,8000016c,38030313
1127,collect,3,80000168,90010337
1127,writeback,0,80000164,0e31408b
1128,collect,1,80000170,5208a557
1128,writeback,1,8000016c,38030313
1129,writeback,3,80000168,90010337
1130,collect,2,80000170,5208a557
1130,collect,3,8000016c,38030313
1130,writeback,2,8000016c,38030313
1130,writeback,1,80000170,5208a557
1131,collect,1,80000174,96a13557
1131,writeback,0,80000174,96a13557
1132,collect,0,80000178,02a34557
1132,writeback,2,80000170,5208a557
1133,collect,2,80000174,96a13557
1133,writeback,1,80000164,0e31408b
1134,collect,3,80000170,5208a557
1134,writeback,3,8000016c,38030313
1134,writeback,2,80000164,0e31408b
1135,writeback,1,80000174,96a13557
1136,collect,1,80000178,02a34557
1136,writeback,0,80000178,02a34557
1137,collect,0,8000017c,0005217b
1137,writeback,3,80000170,5208a557
1138,collect,3,80000174,96a13557
1138,writeback,2,80000174,96a13557
1139,collect,2,80000178,02a34557
1139,writeback,3,80000164,0e31408b
1140,writeback,1,80000178,02a34557
1141,collect,1,8000017c,0005217b
1141,collect,0,80000180,90100337
1142,writeback,3,80000174,96a13557
1142,lsu.issue,0,8000017c,0005217b
1143,writeback,0,80000180,90100337
1143,writeback,2,80000178,02a34557
1144,collect,2,8000017c,0005217b
1144,collect,0,80000184,38030313
1145,collect,1,80000180,90100337
1146,collect,3,80000178,02a34557
1146,lsu.issue,1,8000017c,0005217b
1147,writeback,1,80000180,90100337
1148,collect,0,80000188,5208a557
1148,collect,2,80000180,90100337
1148,writeback,0,80000184,38030313
1149,collect,1,80000184,38030313
1149,lsu.issue,2,8000017c,0005217b
1150,writeback,2,80000180,90100337
1150,writeback,3,80000178,02a34557
1151,collect,3,8000017c,0005217b
1151,collect,2,80000184,38030313
1151,memory.read,0,90010380,00000000
1151,writeback,0,80000188,5208a557
1152,collect,0,8000018c,96a13557
1153,collect,1,80000188,5208a557
1153,writeback,1,80000184,38030313
1155,collect,2,80000188,5208a557
1155,writeback,2,80000184,38030313
1155,writeback,1,80000188,5208a557
1156,collect,1,8000018c,96a13557
1157,writeback,2,80000188,5208a557
1158,collect,2,8000018c,96a13557
1158,writeback,0,8000018c,96a13557
1159,collect,0,80000190,02a34557
1160,writeback,1,8000018c,96a13557
1161,collect,1,80000190,02a34557
1162,writeback,2,8000018c,96a13557
1163,collect,2,80000190,02a34557
1163,writeback,0,80000190,02a34557
1164,collect,0,80000194,000521fb
1165,writeback,1,80000190,02a34557
1166,collect,1,80000194,000521fb
1166,lsu.issue,3,8000017c,0005217b
1167,writeback,2,80000190,02a34557
1168,collect,2,80000194,000521fb
1169,writeback,0,8000017c,0005217b
1170,writeback,1,8000017c,0005217b
1171,writeback,2,8000017c,0005217b
1173,lsu.issue,0,80000194,000521fb
1175,writeback,3,8000017c,0005217b
1177,collect,3,80000180,90100337
1177,lsu.issue,1,80000194,000521fb
1179,writeback,3,80000180,90100337
1180,collect,3,80000184,38030313
1180,lsu.issue,2,80000194,000521fb
1182,memory.read,0,90100380,00000000
1184,collect,3,80000188,5208a557
1184,writeback,3,80000184,38030313
1186,writeback,3,80000188,5208a557
1187,collect,3,8000018c,96a13557
1191,writeback,3,8000018c,96a13557
1192,collect,3,80000190,02a34557
1195,writeback,0,80000194,000521fb
1196,collect,0,80000198,0e31408b
1196,writeback,3,80000190,02a34557
1197,collect,3,80000194,000521fb
1198,writeback,1,80000194,000521fb
1199,collect,1,80000198,0e31408b
1200,collect,0,8000019c,90010337
1201,writeback,2,80000194,000521fb
1202,collect,2,80000198,0e31408b
1202,writeback,0,8000019c,90010337
1203,collect,1,8000019c,90010337
1203,lsu.issue,3,80000194,000521fb
1204,collect,0,800001a0,40030313
1205,writeback,1,8000019c,90010337
1206,collect,1,800001a0,40030313
1207,collect,2,8000019c,90010337
1208,collect,0,800001a4,5208a557
1208,writeback,0,800001a0,40030313
1208,writeback,3,80000194,000521fb
1209,collect,3,80000198,0e31408b
1209,writeback,2,8000019c,90010337
1210,collect,1,800001a4,5208a557
1210,collect,2,800001a0,40030313
1210,writeback,1,800001a0,40030313
1210,writeback,0,800001a4,5208a557
1211,collect,0,800001a8,96a13557
1211,writeback,0,80000198,0e31408b
1212,writeback,1,800001a4,5208a557
1213,collect,1,800001a8,96a13557
1213,collect,3,8000019c,90010337
1214,collect,2,800001a4,5208a557
1214,writeback,2,800001a0,40030313
1214,writeback,1,80000198,0e31408b
1215,writeback,3,8000019c,90010337
1215,writeback,0,800001a8,96a13557
1216,collect,0,800001ac,02a34557
1216,collect,3,800001a0,40030313
1216,writeback,2,800001a4,5208a557
1217,collect,2,800001a8,96a13557
1217,writeback,1,800001a8,96a13557
1218,collect,1,800001ac,02a34557
1218,writeback,2,80000198,0e31408b
1220,collect,3,800001a4,5208a557
1220,writeback,3,800001a0,40030313
1220,writeback,0,800001ac,02a34557
1221,collect,0,800001b0,0005217b
1221,writeback,2,800001a8,96a13557
1222,collect,2,800001ac,02a34557
1222,writeback,3,800001a4,5208a557
1223,collect,3,800001a8,96a13557
1223,writeback,1,800001ac,02a34557
1224,collect,1,800001b0,0005217b
1224,writeback,3,80000198,0e31408b
1225,collect,0,800001b4,90100337
1226,writeback,2,800001ac,02a34557
1226,lsu.issue,0,800001b0,0005217b
1227,collect,2,800001b0,0005217b
1227,writeback,0,800001b4,90100337
1227,writeback,3,800001a8,96a13557
1228,collect,3,800001ac,02a34557
1228,collect,1,800001b4,90100337
1229,collect,0,800001b8,40030313
1229,lsu.issue,1,800001b0,0005217b
1230,writeback,1,800001b4,90100337
1231,collect,1,800001b8,40030313
1232,collect,2,800001b4,90100337
1232,writeback,3,800001ac,02a34557
1232,lsu.issue,2,800001b0,0005217b
1233,collect,0,800001bc,5208a557
1233,writeback,0,800001b8,40030313
1234,writeback,2,800001b4,90100337
1235,collect,1,800001bc,5208a557
1235,collect,2,800001b8,40030313
1235,memory.read,0,90010400,00000000
1235,writeback,1,800001b8,40030313
1235,writeback,0,800001bc,5208a557
1236,collect,0,800001c0,96a13557
1237,collect,3,800001b0,0005217b
1237,writeback,1,800001bc,5208a557
1238,collect,1,800001c0,96a13557
1239,collect,2,800001bc,5208a557
1239,writeback,2,800001b8,40030313
1240,writeback,0,800001c0,96a13557
1241,collect,0,800001c4,02a34557
1241,collect,3,800001b4,90100337
1242,writeback,2,800001bc,5208a557
1243,collect,2,800001c0,96a13557
1243,writeback,3,800001b4,90100337
1243,writeback,1,800001c0,96a13557
1244,collect,1,800001c4,02a34557
1245,writeback,0,800001c4,02a34557
1246,collect,0,800001c8,000521fb
1247,writeback,2,800001c0,96a13557
1248,collect,2,800001c4,02a34557
1248,writeback,1,800001c4,02a34557
1249,collect,1,800001c8,000521fb
1249,lsu.issue,3,800001b0,0005217b
1250,writeback,0,800001b0,0005217b
1251,writeback,1,800001b0,0005217b
1252,collect,3,800001b8,40030313
1252,writeback,2,800001c4,02a34557
1253,collect,2,800001c8,000521fb
1253,lsu.issue,0,800001c8,000521fb
1255,writeback,2,800001b0,0005217b
1256,collect,3,800001bc,5208a557
1256,writeback,3,800001b8,40030313
1257,lsu.issue,1,800001c8,000521fb
1258,writeback,3,800001bc,5208a557
1259,collect,3,800001c0,96a13557
1260,writeback,3,800001b0,0005217b
1262,memory.read,0,90100400,00000000
1262,lsu.issue,2,800001c8,000521fb
1263,writeback,3,800001c0,96a13557
1264,collect,3,800001c4,02a34557
1268,writeback,3,800001c4,02a34557
1269,collect,3,800001c8,000521fb
1275,writeback,0,800001c8,000521fb
1276,collect,0,800001cc,0e31408b
1277,lsu.issue,3,800001c8,000521fb
1279,writeback,1,800001c8,000521fb
1280,collect,1,800001cc,0e31408b
1280,collect,0,800001d0,90010337
1282,writeback,0,800001d0,90010337
1282,writeback,2,800001c8,000521fb
1283,collect,2,800001cc,0e31408b
1283,collect,0,800001d4,48030313
1284,collect,1,800001d0,90010337
1285,writeback,3,800001c8,000521fb
1286,collect,3,800001cc,0e31408b
1286,writeback,1,800001d0,90010337
1287,collect,0,800001d8,5208a557
1287,collect,2,800001d0,90010337
1287,writeback,0,800001d4,48030313
1288,collect,1,800001d4,48030313
1289,writeback,2,800001d0,90010337
1289,writeback,0,800001d8,5208a557
1290,collect,0,800001dc,96a13557
1290,collect,2,800001d4,48030313
1291,collect,3,800001d0,90010337
1291,writeback,0,800001cc,0e31408b
1292,collect,1,800001d8,5208a557
1292,writeback,1,800001d4,48030313
1293,writeback,3,800001d0,90010337
1294,collect,2,800001d8,5208a557
1294,collect,3,800001d4,48030313
1294,writeback,2,800001d4,48030313
1294,writeback,1,800001d8,5208a557
1295,collect,1,800001dc,96a13557
1295,writeback,0,800001dc,96a13557
1296,collect,0,800001e0,02a34557
1296,writeback,2,800001d8,5208a557
1297,collect,2,800001dc,96a13557
1297,writeback,1,800001cc,0e31408b
1298,collect,3,800001d8,5208a557
1298,writeback,3,800001d4,48030313
1298,writeback,2,800001cc,0e31408b
1299,writeback,1,800001dc,96a13557
1300,collect,1,800001e0,02a34557
1300,memory.read,0,80000200,00000000
1300,writeback,0,800001e0,02a34557
1301,collect,0,800001e4,0005217b
1301,writeback,3,800001d8,5208a557
1302,collect,3,800001dc,96a13557
1302,writeback,2,800001dc,96a13557
1303,collect,2,800001e0,02a34557
1303,writeback,3,800001cc,0e31408b
1304,writeback,1,800001e0,02a34557
1305,collect,1,800001e4,0005217b
1305,collect,0,800001e8,90100337
1306,writeback,3,800001dc,96a13557
1306,lsu.issue,0,800001e4,0005217b
1307,writeback,0,800001e8,90100337
1307,writeback,2,800001e0,02a34557
1308,collect,2,800001e4,0005217b
1308,collect,0,800001ec,48030313
1309,collect,1,800001e8,90100337
1310,collect,3,800001e0,02a34557
1310,lsu.issue,1,800001e4,0005217b
1311,writeback,1,800001e8,90100337
1312,collect,0,800001f0,5208a557
1312,collect,2,800001e8,90100337
1312,writeback,0,800001ec,48030313
1313,collect,1,800001ec,48030313
1313,lsu.issue,2,800001e4,0005217b
1314,writeback,2,800001e8,90100337
1314,writeback,3,800001e0,02a34557
1315,collect,3,800001e4,0005217b
1315,collect,2,800001ec,48030313
1315,memory.read,0,90010480,00000000
1315,writeback,0,800001f0,5208a557
1316,collect,0,800001f4,96a13557
1317,collect,1,800001f0,5208a557
1317,writeback,1,800001ec,48030313
1319,collect,2,800001f0,5208a557
1319,writeback,2,800001ec,48030313
1319,writeback,1,800001f0,5208a557
1320,collect,1,800001f4,96a13557
1321,writeback,2,800001f0,5208a557
1322,collect,2,800001f4,96a13557
1322,writeback,0,800001f4,96a13557
1323,collect,0,800001f8,02a34557
1324,writeback,1,800001f4,96a13557
1325,collect,1,800001f8,02a34557
1326,writeback,2,800001f4,96a13557
1327,writeback,0,800001f8,02a34557
1328,collect,2,800001f8,02a34557
1329,collect,0,800001fc,000521fb
1329,writeback,1,800001f8,02a34557
1330,collect,1,800001fc,000521fb
1330,lsu.issue,3,800001e4,0005217b
1332,writeback,2,800001f8,02a34557
1333,collect,2,800001fc,000521fb
1334,writeback,0,800001e4,0005217b
1335,writeback,1,800001e4,0005217b
1336,writeback,2,800001e4,0005217b
1338,lsu.issue,0,800001fc,000521fb
1340,writeback,3,800001e4,0005217b
1342,collect,3,800001e8,90100337
1342,lsu.issue,1,800001fc,000521fb
1344,writeback,3,800001e8,90100337
1345,collect,3,800001ec,48030313
1345,lsu.issue,2,800001fc,000521fb
1347,memory.read,0,90100480,00000000
1349,collect,3,800001f0,5208a557
1349,writeback,3,800001ec,48030313
1351,writeback,3,800001f0,5208a557
1352,collect,3,800001f4,96a13557
1356,writeback,3,800001f4,96a13557
1357,collect,3,800001f8,02a34557
1360,writeback,0,800001fc,000521fb
1361,collect,0,80000200,0e31408b
1361,writeback,3,800001f8,02a34557
1362,collect,3,800001fc,000521fb
1363,writeback,1,800001fc,000521fb
1364,collect,1,80000200,0e31408b
1365,collect,0,80000204,90010337
1366,writeback,2,800001fc,000521fb
1367,collect,2,80000200,0e31408b
1367,writeback,0,80000204,90010337
1368,collect,1,80000204,90010337
1368,lsu.issue,3,800001fc,000521fb
1369,collect,0,80000208,50030313
1370,writeback,1,80000204,90010337
1371,collect,1,80000208,50030313
1372,collect,2,80000204,90010337
1373,collect,0,8000020c,5208a557
1373,writeback,0,80000208,50030313
1373,writeback,3,800001fc,000521fb
1374,collect,3,80000200,0e31408b
1374,writeback,2,80000204,90010337
1375,collect,1,8000020c,5208a557
1375,collect,2,80000208,50030313
1375,writeback,1,80000208,50030313
1375,writeback,0,8000020c,5208a557
1376,collect,0,80000210,96a13557
1376,writeback,0,80000200,0e31408b
1377,writeback,1,8000020c,5208a557
1378,collect,1,80000210,96a13557
1378,collect,3,80000204,90010337
1379,collect,2,8000020c,5208a557
1379,writeback,2,80000208,50030313
1379,writeback,1,80000200,0e31408b
1380,writeback,3,80000204,90010337
1380,writeback,0,80000210,96a13557
1381,collect,0,80000214,02a34557
1381,collect,3,80000208,50030313
1381,writeback,2,8000020c,5208a557
1382,collect,2,80000210,96a13557
1382,writeback,1,80000210,96a13557
1383,collect,1,80000214,02a34557
1383,writeback,2,80000200,0e31408b
1385,collect,3,8000020c,5208a557
1385,writeback,3,80000208,50030313
1385,writeback,0,80000214,02a34557
1386,collect,0,80000218,0005217b
1386,writeback,2,80000210,96a13557
1387,collect,2,80000214,02a34557
1387,writeback,3,8000020c,5208a557
1388,collect,3,80000210,96a13557
1388,writeback,1,80000214,02a34557
1389,collect,1,80000218,0005217b
1389,writeback,3,80000200,0e31408b
1390,collect,0,8000021c,90100337
1391,writeback,2,80000214,02a34557
1391,lsu.issue,0,80000218,0005217b
1392,collect,2,80000218,0005217b
1392,writeback,0,8000021c,90100337
1392,writeback,3,80000210,96a13557
1393,collect,3,80000214,02a34557
1393,collect,1,8000021c,90100337
1394,collect,0,80000220,50030313
1394,lsu.issue,1,80000218,0005217b
1395,writeback,1,8000021c,90100337
1396,collect,1,80000220,50030313
1397,collect,2,8000021c,90100337
1397,writeback,3,80000214,02a34557
1397,lsu.issue,2,80000218,0005217b
1398,collect,0,80000224,5208a557
1398,writeback,0,80000220,50030313
1399,writeback,2,8000021c,90100337
1400,collect,1,80000224,5208a557
1400,collect,2,80000220,50030313
1400,memory.read,0,90010500,00000000
1400,writeback,1,80000220,50030313
1400,writeback,0,80000224,5208a557
1401,collect,0,80000228,96a13557
1402,collect,3,80000218,0005217b
1402,writeback,1,80000224,5208a557
1403,collect,1,80000228,96a13557
1404,collect,2,80000224,5208a557
1404,writeback,2,80000220,50030313
1405,writeback,0,80000228,96a13557
1406,collect,0,8000022c,02a34557
1406,collect,3,8000021c,90100337
1407,writeback,2,80000224,5208a557
1408,collect,2,80000228,96a13557
1408,writeback,3,8000021c,90100337
1408,writeback,1,80000228,96a13557
1409,collect,1,8000022c,02a34557
1410,writeback,0,8000022c,02a34557
1411,collect,0,80000230,000521fb
1412,writeback,2,80000228,96a13557
1413,collect,2,8000022c,02a34557
1413,writeback,1,8000022c,02a34557
1414,collect,1,80000230,000521fb
1414,lsu.issue,3,80000218,0005217b
1415,writeback,0,80000218,0005217b
1416,writeback,1,80000218,0005217b
1417,collect,3,80000220,50030313
1417,writeback,2,8000022c,02a34557
1418,collect,2,80000230,000521fb
1418,lsu.issue,0,80000230,000521fb
1420,writeback,2,80000218,0005217b
1421,collect,3,80000224,5208a557
1421,writeback,3,80000220,50030313
1422,lsu.issue,1,80000230,000521fb
1423,writeback,3,80000224,5208a557
1424,collect,3,80000228,96a13557
1425,writeback,3,80000218,0005217b
1427,memory.read,0,90100500,00000000
1427,lsu.issue,2,80000230,000521fb
1428,writeback,3,80000228,96a13557
1429,collect,3,8000022c,02a34557
1433,writeback,3,8000022c,02a34557
1434,collect,3,80000230,000521fb
1440,writeback,0,80000230,000521fb
1441,collect,0,80000234,0e31408b
1442,lsu.issue,3,80000230,000521fb
1444,writeback,1,80000230,000521fb
1445,collect,1,80000234,0e31408b
1445,collect,0,80000238,90010337
1447,writeback,0,80000238,90010337
1447,writeback,2,80000230,000521fb
1448,collect,2,80000234,0e31408b
1448,collect,0,8000023c,58030313
1449,collect,1,80000238,90010337
1450,writeback,3,80000230,000521fb
1451,collect,3,80000234,0e31408b
1451,writeback,1,80000238,90010337
1452,collect,0,80000240,5208a557
1452,collect,2,80000238,90010337
1452,writeback,0,8000023c,58030313
1453,collect,1,8000023c,58030313
1454,writeback,2,80000238,90010337
1454,writeback,0,80000240,5208a557
1455,collect,0,80000244,96a13557
1455,collect,2,8000023c,58030313
1456,collect,3,80000238,90010337
1456,writeback,0,80000234,0e31408b
1457,collect,1,80000240,5208a557
1457,writeback,1,8000023c,58030313
1458,writeback,3,80000238,90010337
1459,collect,2,80000240,5208a557
1459,collect,3,8000023c,58030313
1459,writeback,2,8000023c,58030313
1459,writeback,1,80000240,5208a557
1460,collect,1,80000244,96a13557
1460,writeback,0,80000244,96a13557
1461,collect,0,80000248,02a34557
1461,writeback,2,80000240,5208a557
1462,collect,2,80000244,96a13557
1462,writeback,1,80000234,0e31408b
1463,collect,3,80000240,5208a557
1463,writeback,3,8000023c,58030313
1463,writeback,2,80000234,0e31408b
1464,writeback,1,80000244,96a13557
1465,collect,1,80000248,02a34557
1465,writeback,0,80000248,02a34557
1466,collect,0,8000024c,0005217b
1466,writeback,3,80000240,5208a557
1467,collect,3,80000244,96a13557
1467,writeback,2,80000244,96a13557
1468,collect,2,80000248,02a34557
1468,writeback,3,80000234,0e31408b
1469,writeback,1,80000248,02a34557
1470,collect,1,8000024c,0005217b
1470,collect,0,80000250,90100337
1471,writeback,3,80000244,96a13557
1471,lsu.issue,0,8000024c,0005217b
1472,writeback,0,80000250,90100337
1472,writeback,2,80000248,02a34557
1473,collect,2,8000024c,0005217b
1473,collect,0,80000254,58030313
1474,collect,1,80000250,90100337
1475,collect,3,80000248,02a34557
1475,lsu.issue,1,8000024c,0005217b
1476,writeback,1,80000250,90100337
1477,collect,0,80000258,5208a557
1477,collect,2,80000250,90100337
1477,writeback,0,80000254,58030313
1478,collect,1,80000254,58030313
1478,lsu.issue,2,8000024c,0005217b
1479,writeback,2,80000250,90100337
1479,writeback,3,80000248,02a34557
1480,collect,3,8000024c,0005217b
1480,collect,2,80000254,58030313
1480,memory.read,0,90010580,00000000
1480,writeback,0,80000258,5208a557
1481,collect,0,8000025c,96a13557
1482,collect,1,80000258,5208a557
1482,writeback,1,80000254,58030313
1484,collect,2,80000258,5208a557
1484,writeback,2,80000254,58030313
1484,writeback,1,80000258,5208a557
1485,collect,1,8000025c,96a13557
1486,writeback,2,80000258,5208a557
1487,collect,2,8000025c,96a13557
1487,writeback,0,8000025c,96a13557
1488,collect,0,80000260,02a34557
1489,writeback,1,8000025c,96a13557
1490,collect,1,80000260,02a34557
1491,writeback,2,8000025c,96a13557
1492,collect,2,80000260,02a34557
1492,memory.read,0,80000280,00000000
1492,writeback,0,80000260,02a34557
1493,collect,0,80000264,000521fb
1494,writeback,1,80000260,02a34557
1495,collect,1,80000264,000521fb
1495,lsu.issue,3,8000024c,0005217b
1496,writeback,2,80000260,02a34557
1497,collect,2,80000264,000521fb
1498,writeback,0,8000024c,0005217b
1499,writeback,1,8000024c,0005217b
1500,writeback,2,8000024c,0005217b
1502,lsu.issue,0,80000264,000521fb
1504,writeback,3,8000024c,0005217b
1506,collect,3,80000250,90100337
1506,lsu.issue,1,80000264,000521fb
1508,writeback,3,80000250,90100337
1509,collect,3,80000254,58030313
1509,lsu.issue,2,80000264,000521fb
1511,memory.read,0,90100580,00000000
1513,collect,3,80000258,5208a557
1513,writeback,3,80000254,58030313
1515,writeback,3,80000258,5208a557
1516,collect,3,8000025c,96a13557
1520,writeback,3,8000025c,96a13557
1521,collect,3,80000260,02a34557
1524,writeback,0,80000264,000521fb
1525,collect,0,80000268,0e31408b
1525,writeback,3,80000260,02a34557
1526,collect,3,80000264,000521fb
1527,writeback,1,80000264,000521fb
1528,collect,1,80000268,0e31408b
1529,collect,0,8000026c,90010337
1530,writeback,2,80000264,000521fb
1531,collect,2,80000268,0e31408b
1531,writeback,0,8000026c,90010337
1532,collect,1,8000026c,90010337
1532,lsu.issue,3,80000264,000521fb
1533,collect,0,80000270,60030313
1534,writeback,1,8000026c,90010337
1535,collect,1,80000270,60030313
1536,collect,2,8000026c,90010337
1537,collect,0,80000274,5208a557
1537,writeback,0,80000270,60030313
1537,writeback,3,80000264,000521fb
1538,collect,3,80000268,0e31408b
1538,writeback,2,8000026c,90010337
1539,collect,1,80000274,5208a557
1539,collect,2,80000270,60030313
1539,writeback,1,80000270,60030313
1539,writeback,0,80000274,5208a557
1540,collect,0,80000278,96a13557
1540,writeback,0,80000268,0e31408b
1541,writeback,1,80000274,5208a557
1542,collect,1,80000278,96a13557
1542,collect,3,8000026c,90010337
1543,collect,2,80000274,5208a557
1543,writeback,2,80000270,60030313
1543,writeback,1,80000268,0e31408b
1544,writeback,3,8000026c,90010337
1544,writeback,0,80000278,96a13557
1545,collect,0,8000027c,02a34557
1545,collect,3,80000270,60030313
1545,writeback,2,80000274,5208a557
1546,collect,2,80000278,96a13557
1546,writeback,1,80000278,96a13557
1547,collect,1,8000027c,02a34557
1547,writeback,2,80000268,0e31408b
1549,collect,3,80000274,5208a557
1549,writeback,3,80000270,60030313
1549,writeback,0,8000027c,02a34557
1550,collect,0,80000280,0005217b
1550,writeback,2,80000278,96a13557
1551,collect,2,8000027c,02a34557
1551,writeback,3,80000274,5208a557
1552,collect,3,80000278,96a13557
1552,writeback,1,8000027c,02a34557
1553,collect,1,80000280,0005217b
1553,writeback,3,80000268,0e31408b
1554,collect,0,80000284,90100337
1555,writeback,2,8000027c,02a34557
1555,lsu.issue,0,80000280,0005217b
1556,collect,2,80000280,0005217b
1556,writeback,0,80000284,90100337
1556,writeback,3,80000278,96a13557
1557,collect,3,8000027c,02a34557
1557,collect,1,80000284,90100337
1558,collect,0,80000288,60030313
1558,lsu.issue,1,80000280,0005217b
1559,writeback,1,80000284,90100337
1560,collect,1,80000288,60030313
1561,collect,2,80000284,90100337
1561,writeback,3,8000027c,02a34557
1561,lsu.issue,2,80000280,0005217b
1562,collect,0,8000028c,5208a557
1562,writeback,0,80000288,60030313
1563,writeback,2,80000284,90100337
1564,collect,1,8000028c,5208a557
1564,collect,2,80000288,60030313
1564,memory.read,0,90010600,00000000
1564,writeback,1,80000288,60030313
1564,writeback,0,8000028c,5208a557
1565,collect,0,80000290,96a13557
1566,collect,3,80000280,0005217b
1566,writeback,1,8000028c,5208a557
1567,collect,1,80000290,96a13557
1568,collect,2,8000028c,5208a557
1568,writeback,2,80000288,60030313
1569,writeback,0,80000290,96a13557
1570,collect,0,80000294,02a34557
1570,collect,3,80000284,90100337
1571,writeback,2,8000028c,5208a557
1572,collect,2,80000290,96a13557
1572,writeback,3,80000284,90100337
1572,writeback,1,80000290,96a13557
1573,collect,1,80000294,02a34557
1574,writeback,0,80000294,02a34557
1575,collect,0,80000298,000521fb
1576,writeback,2,80000290,96a13557
1577,collect,2,80000294,02a34557
1577,writeback,1,80000294,02a34557
1578,collect,1,80000298,000521fb
1578,lsu.issue,3,80000280,0005217b
1579,writeback,0,80000280,0005217b
1580,writeback,1,80000280,0005217b
1581,collect,3,80000288,60030313
1581,writeback,2,80000294,02a34557
1582,collect,2,80000298,000521fb
1582,lsu.issue,0,80000298,000521fb
1584,writeback,2,80000280,0005217b
1585,collect,3,8000028c,5208a557
1585,writeback,3,80000288,60030313
1586,lsu.issue,1,80000298,000521fb
1587,writeback,3,8000028c,5208a557
1588,collect,3,80000290,96a13557
1589,writeback,3,80000280,0005217b
1591,memory.read,0,90100600,00000000
1591,lsu.issue,2,80000298,000521fb
1592,writeback,3,80000290,96a13557
1593,collect,3,80000294,02a34557
1597,writeback,3,80000294,02a34557
1598,collect,3,80000298,000521fb
1604,writeback,0,80000298,000521fb
1605,collect,0,8000029c,0e31408b
1606,lsu.issue,3,80000298,000521fb
1608,writeback,1,80000298,000521fb
1609,collect,1,8000029c,0e31408b
1609,collect,0,800002a0,90010337
1611,writeback,0,800002a0,90010337
1611,writeback,2,80000298,000521fb
1612,collect,2,8000029c,0e31408b
1612,collect,0,800002a4,68030313
1613,collect,1,800002a0,90010337
1614,writeback,3,80000298,000521fb
1615,collect,3,8000029c,0e31408b
1615,writeback,1,800002a0,90010337
1616,collect,0,800002a8,5208a557
1616,collect,2,800002a0,90010337
1616,writeback,0,800002a4,68030313
1617,collect,1,800002a4,68030313
1618,writeback,2,800002a0,90010337
1618,writeback,0,800002a8,5208a557
1619,collect,0,800002ac,96a13557
1619,collect,2,800002a4,68030313
1620,collect,3,800002a0,90010337
1620,writeback,0,8000029c,0e31408b
1621,collect,1,800002a8,5208a557
1621,writeback,1,800002a4,68030313
1622,writeback,3,800002a0,90010337
1623,collect,2,800002a8,5208a557
1623,collect,3,800002a4,68030313
1623,writeback,2,800002a4,68030313
1623,writeback,1,800002a8,5208a557
1624,collect,1,800002ac,96a13557
1624,writeback,0,800002ac,96a13557
1625,collect,0,800002b0,02a34557
1625,writeback,2,800002a8,5208a557
1626,collect,2,800002ac,96a13557
1626,writeback,1,8000029c,0e31408b
1627,collect,3,800002a8,5208a557
1627,writeback,3,800002a4,68030313
1627,writeback,2,8000029c,0e31408b
1628,writeback,1,800002ac,96a13557
1629,collect,1,800002b0,02a34557
1629,writeback,0,800002b0,02a34557
1630,collect,0,800002b4,0005217b
1630,writeback,3,800002a8,5208a557
1631,collect,3,800002ac,96a13557
1631,writeback,2,800002ac,96a13557
1632,collect,2,800002b0,02a34557
1632,writeback,3,8000029c,0e31408b
1633,writeback,1,800002b0,02a34557
1634,collect,1,800002b4,0005217b
1634,collect,0,800002b8,90100337
1635,writeback,3,800002ac,96a13557
1635,lsu.issue,0,800002b4,0005217b
1636,writeback,0,800002b8,90100337
1636,writeback,2,800002b0,02a34557
1637,collect,2,800002b4,0005217b
1637,collect,0,800002bc,68030313
1638,collect,1,800002b8,90100337
1639,collect,3,800002b0,02a34557
1639,lsu.issue,1,800002b4,0005217b
1640,writeback,1,800002b8,90100337
1641,collect,0,800002c0,5208a557
1641,collect,2,800002b8,90100337
1641,writeback,0,800002bc,68030313
1642,collect,1,800002bc,68030313
1642,lsu.issue,2,800002b4,0005217b
1643,writeback,2,800002b8,90100337
1643,writeback,3,800002b0,02a34557
1644,collect,3,800002b4,0005217b
1644,collect,2,800002bc,68030313
1644,memory.read,0,90010680,00000000
1644,writeback,0,800002c0,5208a557
1645,collect,0,800002c4,96a13557
1646,collect,1,800002c0,5208a557
1646,writeback,1,800002bc,68030313
1648,collect,2,800002c0,5208a557
1648,writeback,2,800002bc,68030313
1648,writeback,1,800002c0,5208a557
1649,collect,1,800002c4,96a13557
1650,writeback,2,800002c0,5208a557
1651,collect,2,800002c4,96a13557
1651,writeback,0,800002c4,96a13557
1652,collect,0,800002c8,02a34557
1653,writeback,1,800002c4,96a13557
1654,collect,1,800002c8,02a34557
1655,writeback,2,800002c4,96a13557
1656,collect,2,800002c8,02a34557
1656,writeback,0,800002c8,02a34557
1657,collect,0,800002cc,000521fb
1658,writeback,1,800002c8,02a34557
1659,collect,1,800002cc,000521fb
1659,lsu.issue,3,800002b4,0005217b
1660,writeback,2,800002c8,02a34557
1661,collect,2,800002cc,000521fb
1662,writeback,0,800002b4,0005217b
1663,writeback,1,800002b4,0005217b
1664,writeback,2,800002b4,0005217b
1666,lsu.issue,0,800002cc,000521fb
1668,writeback,3,800002b4,0005217b
1670,collect,3,800002b8,90100337
1670,lsu.issue,1,800002cc,000521fb
1672,writeback,3,800002b8,90100337
1673,collect,3,800002bc,68030313
1673,lsu.issue,2,800002cc,000521fb
1675,memory.read,0,90100680,00000000
1677,collect,3,800002c0,5208a557
1677,writeback,3,800002bc,68030313
1679,writeback,3,800002c0,5208a557
1680,collect,3,800002c4,96a13557
1684,writeback,3,800002c4,96a13557
1685,collect,3,800002c8,02a34557
1688,writeback,0,800002cc,000521fb
1689,collect,0,800002d0,0e31408b
1689,writeback,3,800002c8,02a34557
1690,collect,3,800002cc,000521fb
1691,writeback,1,800002cc,000521fb
1692,collect,1,800002d0,0e31408b
1693,collect,0,800002d4,90010337
1694,writeback,2,800002cc,000521fb
1695,collect,2,800002d0,0e31408b
1695,writeback,0,800002d4,90010337
1696,collect,1,800002d4,90010337
1696,lsu.issue,3,800002cc,000521fb
1697,collect,0,800002d8,70030313
1698,writeback,1,800002d4,90010337
1699,collect,1,800002d8,70030313
1700,collect,2,800002d4,90010337
1701,collect,0,800002dc,5208a557
1701,writeback,0,800002d8,70030313
1701,writeback,3,800002cc,000521fb
1702,collect,3,800002d0,0e31408b
1702,writeback,2,800002d4,90010337
1703,collect,1,800002dc,5208a557
1703,collect,2,800002d8,70030313
1703,writeback,1,800002d8,70030313
1703,writeback,0,800002dc,5208a557
1704,collect,0,800002e0,96a13557
1704,writeback,0,800002d0,0e31408b
1705,writeback,1,800002dc,5208a557
1706,collect,1,800002e0,96a13557
1706,collect,3,800002d4,90010337
1707,collect,2,800002dc,5208a557
1707,writeback,2,800002d8,70030313
1707,writeback,1,800002d0,0e31408b
1708,writeback,3,800002d4,90010337
1708,writeback,0,800002e0,96a13557
1709,collect,0,800002e4,02a34557
1709,collect,3,800002d8,70030313
1709,writeback,2,800002dc,5208a557
1710,collect,2,800002e0,96a13557
1710,writeback,1,800002e0,96a13557
1711,collect,1,800002e4,02a34557
1711,memory.read,0,80000300,00000000
1711,writeback,2,800002d0,0e31408b
1713,collect,3,800002dc,5208a557
1713,writeback,3,800002d8,70030313
1713,writeback,0,800002e4,02a34557
1714,collect,0,800002e8,0005217b
1714,writeback,2,800002e0,96a13557
1715,collect,2,800002e4,02a34557
1715,writeback,3,800002dc,5208a557
1716,collect,3,800002e0,96a13557
1716,writeback,1,800002e4,02a34557
1717,collect,1,800002e8,0005217b
1717,writeback,3,800002d0,0e31408b
1718,collect,0,800002ec,90100337
1719,writeback,2,800002e4,02a34557
1719,lsu.issue,0,800002e8,0005217b
1720,collect,2,800002e8,0005217b
1720,writeback,0,800002ec,90100337
1720,writeback,3,800002e0,96a13557
1721,collect,3,800002e4,02a34557
1721,collect,1,800002ec,90100337
1722,collect,0,800002f0,70030313
1722,lsu.issue,1,800002e8,0005217b
1723,writeback,1,800002ec,90100337
1724,collect,1,800002f0,70030313
1725,collect,2,800002ec,90100337
1725,writeback,3,800002e4,02a34557
1725,lsu.issue,2,800002e8,0005217b
1726,collect,0,800002f4,5208a557
1726,writeback,0,800002f0,70030313
1727,writeback,2,800002ec,90100337
1728,collect,1,800002f4,5208a557
1728,collect,2,800002f0,70030313
1728,memory.read,0,90010700,00000000
1728,writeback,1,800002f0,70030313
1728,writeback,0,800002f4,5208a557
1729,collect,0,800002f8,96a13557
1730,writeback,1,800002f4,5208a557
1731,collect,1,800002f8,96a13557
1732,collect,2,800002f4,5208a557
1732,writeback,2,800002f0,70030313
1733,writeback,0,800002f8,96a13557
1734,collect,0,800002fc,02a34557
1734,writeback,2,800002f4,5208a557
1735,collect,2,800002f8,96a13557
1735,writeback,1,800002f8,96a13557
1736,collect,1,800002fc,02a34557
1738,writeback,0,800002fc,02a34557
1739,collect,0,80000300,000521fb
1739,writeback,2,800002f8,96a13557
1740,collect,2,800002fc,02a34557
1740,writeback,1,800002fc,02a34557
1741,collect,1,80000300,000521fb
1742,writeback,0,800002e8,0005217b
1743,writeback,1,800002e8,0005217b
1744,writeback,2,800002fc,02a34557
1745,collect,2,80000300,000521fb
1745,lsu.issue,0,80000300,000521fb
1747,writeback,2,800002e8,0005217b
1748,collect,3,800002e8,0005217b
1749,lsu.issue,1,80000300,000521fb
1752,collect,3,800002ec,90100337
1752,lsu.issue,2,80000300,000521fb
1754,memory.read,0,90100700,00000000
1754,writeback,3,800002ec,90100337
1755,collect,3,800002f0,70030313
1759,collect,3,800002f4,5208a557
1759,writeback,3,800002f0,70030313
1761,writeback,3,800002f4,5208a557
1762,collect,3,800002f8,96a13557
1766,writeback,3,800002f8,96a13557
1767,collect,3,800002fc,02a34557
1768,writeback,0,80000300,000521fb
1769,collect,0,80000304,0e31408b
1769,writeback,1,80000300,000521fb
1770,collect,1,80000304,0e31408b
1771,writeback,3,800002fc,02a34557
1771,lsu.issue,3,800002e8,0005217b
1772,collect,3,80000300,000521fb
1773,collect,0,80000308,90010337
1773,writeback,2,80000300,000521fb
1774,collect,2,80000304,0e31408b
1774,collect,1,80000308,90010337
1775,writeback,0,80000308,90010337
1776,collect,0,8000030c,78030313
1776,writeback,1,80000308,90010337
1776,writeback,3,800002e8,0005217b
1777,collect,1,8000030c,78030313
1778,collect,2,80000308,90010337
1778,lsu.issue,3,80000300,000521fb
1780,writeback,2,80000308,90010337
1781,collect,0,80000310,5208a557
1781,collect,2,8000030c,78030313
1781,writeback,0,8000030c,78030313
1782,collect,1,80000310,5208a557
1782,writeback,1,8000030c,78030313
1783,writeback,0,80000310,5208a557
1784,collect,0,80000314,96a13557
1784,writeback,1,80000310,5208a557
1785,collect,1,80000314,96a13557
1785,writeback,2,8000030c,78030313
1785,writeback,0,80000304,0e31408b
1786,collect,2,80000310,5208a557
1786,writeback,3,80000300,000521fb
1787,collect,3,80000304,0e31408b
1787,writeback,1,80000304,0e31408b
1788,writeback,0,80000314,96a13557
1789,collect,0,80000318,02a34557
1789,writeback,1,80000314,96a13557
1790,collect,1,80000318,02a34557
1790,writeback,2,80000310,5208a557
1791,collect,2,80000314,96a13557
1791,collect,3,80000308,90010337
1791,writeback,2,80000304,0e31408b
1793,writeback,3,80000308,90010337
1793,writeback,0,80000318,02a34557
1794,collect,0,8000031c,0005217b
1794,collect,3,8000030c,78030313
1794,writeback,1,80000318,02a34557
1795,collect,1,8000031c,0005217b
1795,writeback,2,80000314,96a13557
1796,collect,2,80000318,02a34557
1798,collect,3,80000310,5208a557
1798,collect,0,80000320,90100337
1798,writeback,3,8000030c,78030313
1799,collect,1,80000320,90100337
1799,lsu.issue,0,8000031c,0005217b
1800,writeback,0,80000320,90100337
1800,writeback,2,80000318,02a34557
1801,collect,2,8000031c,0005217b
1801,collect,0,80000324,78030313
1801,writeback,1,80000320,90100337
1801,writeback,3,80000310,5208a557
1802,collect,3,80000314,96a13557
1802,collect,1,80000324,78030313
1802,writeback,3,80000304,0e31408b
1802,lsu.issue,1,8000031c,0005217b
1805,collect,0,80000328,5208a557
1805,collect,2,80000320,90100337
1805,writeback,0,80000324,78030313
1806,collect,1,80000328,5208a557
1806,writeback,1,80000324,78030313
1806,lsu.issue,2,8000031c,0005217b
1806,writeback,3,80000314,96a13557
1807,collect,3,80000318,02a34557
1807,writeback,2,80000320,90100337
1807,writeback,0,80000328,5208a557
1808,collect,0,8000032c,96a13557
1808,collect,2,80000324,78030313
1808,memory.read,0,90010780,00000000
1808,writeback,1,80000328,5208a557
1809,collect,1,8000032c,96a13557
1811,writeback,3,80000318,02a34557
1812,collect,2,80000328,5208a557
1812,writeback,2,80000324,78030313
1812,writeback,0,8000032c,96a13557
1813,collect,3,8000031c,0005217b
1813,writeback,1,8000032c,96a13557
1814,collect,0,80000330,02a34557
1814,writeback,2,80000328,5208a557
1815,collect,1,80000330,02a34557
1816,collect,2,8000032c,96a13557
1817,collect,3,80000320,90100337
1818,writeback,0,80000330,02a34557
1819,collect,0,80000334,000521fb
1819,writeback,3,80000320,90100337
1819,writeback,1,80000330,02a34557
1820,collect,1,80000334,000521fb
1820,collect,3,80000324,78030313
1820,writeback,2,8000032c,96a13557
1821,collect,2,80000330,02a34557
1822,writeback,0,8000031c,0005217b
1823,writeback,1,8000031c,0005217b
1824,writeback,3,80000324,78030313
1825,lsu.issue,3,8000031c,0005217b
1826,collect,3,80000328,5208a557
1827,writeback,2,8000031c,0005217b
1829,writeback,2,80000330,02a34557
1829,lsu.issue,0,80000334,000521fb
1830,collect,2,80000334,000521fb
1830,writeback,3,80000328,5208a557
1831,collect,3,8000032c,96a13557
1832,writeback,3,8000031c,0005217b
1834,lsu.issue,1,80000334,000521fb
1835,writeback,3,8000032c,96a13557
1836,collect,3,80000330,02a34557
1837,lsu.issue,2,80000334,000521fb
1838,memory.read,0,90100780,00000000
1840,writeback,3,80000330,02a34557
1841,collect,3,80000334,000521fb
1851,writeback,0,80000334,000521fb
1852,collect,0,80000338,0e31408b
1853,lsu.issue,3,80000334,000521fb
1855,writeback,1,80000334,000521fb
1856,collect,1,80000338,0e31408b
1856,collect,0,8000033c,90011337
1858,writeback,0,8000033c,90011337
1858,writeback,2,80000334,000521fb
1859,collect,2,80000338,0e31408b
1859,collect,0,80000340,80030313
1860,collect,1,8000033c,90011337
1861,writeback,3,80000334,000521fb
1862,collect,3,80000338,0e31408b
1862,writeback,1,8000033c,90011337
1863,collect,0,80000344,5208a557
1863,collect,2,8000033c,90011337
1863,writeback,0,80000340,80030313
1864,collect,1,80000340,80030313
1865,writeback,2,8000033c,90011337
1865,writeback,0,80000344,5208a557
1866,collect,0,80000348,96a13557
1866,collect,2,80000340,80030313
1867,collect,3,8000033c,90011337
1867,writeback,0,80000338,0e31408b
1868,collect,1,80000344,5208a557
1868,writeback,1,80000340,80030313
1869,writeback,3,8000033c,90011337
1870,collect,2,80000344,5208a557
1870,collect,3,80000340,80030313
1870,writeback,2,80000340,80030313
1870,writeback,1,80000344,5208a557
1871,collect,1,80000348,96a13557
1871,writeback,0,80000348,96a13557
1872,collect,0,8000034c,02a34557
1872,writeback,2,80000344,5208a557
1873,collect,2,80000348,96a13557
1873,writeback,1,80000338,0e31408b
1874,collect,3,80000344,5208a557
1874,writeback,3,80000340,80030313
1874,writeback,2,80000338,0e31408b
1875,writeback,1,80000348,96a13557
1876,collect,1,8000034c,02a34557
1876,writeback,0,8000034c,02a34557
1877,collect,0,80000350,0005217b
1877,writeback,3,80000344,5208a557
1878,collect,3,80000348,96a13557
1878,writeback,2,80000348,96a13557
1879,collect,2,8000034c,02a34557
1879,writeback,3,80000338,0e31408b
1880,writeback,1,8000034c,02a34557
1881,collect,1,80000350,0005217b
1881,collect,0,80000354,90101337
1882,writeback,3,80000348,96a13557
1882,lsu.issue,0,80000350,0005217b
1883,collect,3,8000034c,02a34557
1883,writeback,0,80000354,90101337
1883,writeback,2,8000034c,02a34557
1884,collect,2,80000350,0005217b
1884,collect,0,80000358,80030313
1885,collect,1,80000354,90101337
1886,lsu.issue,1,80000350,0005217b
1887,writeback,1,80000354,90101337
1887,writeback,3,8000034c,02a34557
1888,collect,3,80000350,0005217b
1888,collect,2,80000354,90101337
1888,writeback,0,80000358,80030313
1889,collect,0,8000035c,5208a557
1889,collect,1,80000358,80030313
1889,lsu.issue,2,80000350,0005217b
1890,writeback,2,80000354,90101337
1891,collect,2,80000358,80030313
1891,memory.read,0,90010800,00000000
1891,writeback,0,8000035c,5208a557
1892,collect,0,80000360,96a13557
1892,collect,3,80000354,90101337
1893,collect,1,8000035c,5208a557
1893,writeback,1,80000358,80030313
1894,writeback,3,80000354,90101337
1895,collect,2,8000035c,5208a557
1895,collect,3,80000358,80030313
1895,writeback,2,80000358,80030313
1895,writeback,1,8000035c,5208a557
1896,collect,1,80000360,96a13557
1896,writeback,0,80000360,96a13557
1897,collect,0,80000364,02a34557
1897,writeback,2,8000035c,5208a557
1898,collect,2,80000360,96a13557
1899,collect,3,8000035c,5208a557
1899,memory.read,0,80000380,00000000
1899,writeback,3,80000358,80030313
1900,writeback,1,80000360,96a13557
1901,collect,1,80000364,02a34557
1901,writeback,0,80000364,02a34557
1902,collect,0,80000368,000521fb
1902,writeback,3,8000035c,5208a557
1903,collect,3,80000360,96a13557
1903,writeback,2,80000360,96a13557
1904,collect,2,80000364,02a34557
1905,writeback,1,80000364,02a34557
1906,collect,1,80000368,000521fb
1906,lsu.issue,3,80000350,0005217b
1907,writeback,3,80000360,96a13557
1908,collect,3,80000364,02a34557
1908,writeback,2,80000364,02a34557
1909,collect,2,80000368,000521fb
1909,lsu.issue,0,80000368,000521fb
1910,writeback,0,80000350,0005217b
1911,writeback,1,80000350,0005217b
1912,writeback,3,80000364,02a34557
1913,collect,3,80000368,000521fb
1913,lsu.issue,1,80000368,000521fb
1915,writeback,2,80000350,0005217b
1916,writeback,3,80000350,0005217b
1918,memory.read,0,90100800,00000000
1918,lsu.issue,2,80000368,000521fb
1931,writeback,0,80000368,000521fb
1932,collect,0,8000036c,0e31408b
1933,lsu.issue,3,80000368,000521fb
1935,writeback,1,80000368,000521fb
1936,collect,1,8000036c,0e31408b
1936,collect,0,80000370,90011337
1938,writeback,0,80000370,90011337
1938,writeback,2,80000368,000521fb
1939,collect,2,8000036c,0e31408b
1939,collect,0,80000374,88030313
1940,collect,1,80000370,90011337
1941,writeback,3,80000368,000521fb
1942,collect,3,8000036c,0e31408b
1942,writeback,1,80000370,90011337
1943,collect,0,80000378,5208a557
1943,collect,2,80000370,90011337
1943,writeback,0,80000374,88030313
1944,collect,1,80000374,88030313
1945,writeback,2,80000370,90011337
1945,writeback,0,80000378,5208a557
1946,collect,0,8000037c,96a13557
1946,collect,2,80000374,88030313
1947,collect,3,80000370,90011337
1947,writeback,0,8000036c,0e31408b
1948,collect,1,80000378,5208a557
1948,writeback,1,80000374,88030313
1949,writeback,3,80000370,90011337
1950,collect,2,80000378,5208a557
1950,collect,3,80000374,88030313
1950,writeback,2,80000374,88030313
1950,writeback,1,80000378,5208a557
1951,collect,1,8000037c,96a13557
1951,writeback,0,8000037c,96a13557
1952,collect,0,80000380,02a34557
1952,writeback,2,80000378,5208a557
1953,collect,2,8000037c,96a13557
1953,writeback,1,8000036c,0e31408b
1954,collect,3,80000378,5208a557
1954,writeback,3,80000374,88030313
1954,writeback,2,8000036c,0e31408b
1955,writeback,1,8000037c,96a13557
1956,collect,1,80000380,02a34557
1956,writeback,0,80000380,02a34557
1957,collect,0,80000384,0005217b
1957,writeback,3,80000378,5208a557
1958,collect,3,8000037c,96a13557
1958,writeback,2,8000037c,96a13557
1959,collect,2,80000380,02a34557
1959,writeback,3,8000036c,0e31408b
1960,writeback,1,80000380,02a34557
1961,collect,1,80000384,0005217b
1961,collect,0,80000388,90101337
1962,writeback,3,8000037c,96a13557
1962,lsu.issue,0,80000384,0005217b
1963,writeback,0,80000388,90101337
1963,writeback,2,80000380,02a34557
1964,collect,2,80000384,0005217b
1964,collect,0,8000038c,88030313
1965,collect,1,80000388,90101337
1966,collect,3,80000380,02a34557
1966,lsu.issue,1,80000384,0005217b
1967,writeback,1,80000388,90101337
1968,collect,0,80000390,5208a557
1968,collect,2,80000388,90101337
1968,writeback,0,8000038c,88030313
1969,collect,1,8000038c,88030313
1969,lsu.issue,2,80000384,0005217b
1970,writeback,2,80000388,90101337
1970,writeback,3,80000380,02a34557
1971,collect,3,80000384,0005217b
1971,collect,2,8000038c,88030313
1971,memory.read,0,90010880,00000000
1971,writeback,0,80000390,5208a557
1972,collect,0,80000394,96a13557
1973,collect,1,80000390,5208a557
1973,writeback,1,8000038c,88030313
1975,collect,2,80000390,5208a557
1975,writeback,2,8000038c,88030313
1975,writeback,1,80000390,5208a557
1976,collect,1,80000394,96a13557
1977,writeback,2,80000390,5208a557
1978,collect,2,80000394,96a13557
1978,writeback,0,80000394,96a13557
1979,collect,0,80000398,02a34557
1980,writeback,1,80000394,96a13557
1981,collect,1,80000398,02a34557
1982,writeback,2,80000394,96a13557
1983,collect,2,80000398,02a34557
1983,writeback,0,80000398,02a34557
1984,collect,0,8000039c,000521fb
1985,writeback,1,80000398,02a34557
1986,collect,1,8000039c,000521fb
1986,lsu.issue,3,80000384,0005217b
1987,writeback,2,80000398,02a34557
1988,collect,2,8000039c,000521fb
1989,writeback,0,80000384,0005217b
1990,writeback,1,80000384,0005217b
1991,writeback,2,80000384,0005217b
1993,lsu.issue,0,8000039c,000521fb
1995,writeback,3,80000384,0005217b
1997,collect,3,80000388,90101337
1997,lsu.issue,1,8000039c,000521fb
1999,writeback,3,80000388,90101337
2000,collect,3,8000038c,88030313
2000,lsu.issue,2,8000039c,000521fb
2002,memory.read,0,90100880,00000000
2004,collect,3,80000390,5208a557
2004,writeback,3,8000038c,88030313
2006,writeback,3,80000390,5208a557
2007,collect,3,80000394,96a13557
2011,writeback,3,80000394,96a13557
2012,collect,3,80000398,02a34557
2015,writeback,0,8000039c,000521fb
2016,collect,0,800003a0,0e31408b
2016,writeback,3,80000398,02a34557
2017,collect,3,8000039c,000521fb
2018,writeback,1,8000039c,000521fb
2019,collect,1,800003a0,0e31408b
2020,collect,0,800003a4,90011337
2021,writeback,2,8000039c,000521fb
2022,collect,2,800003a0,0e31408b
2022,writeback,0,800003a4,90011337
2023,collect,1,800003a4,90011337
2023,lsu.issue,3,8000039c,000521fb
2024,collect,0,800003a8,90030313
2025,writeback,1,800003a4,90011337
2026,collect,1,800003a8,90030313
2027,collect,2,800003a4,90011337
2028,collect,0,800003ac,5208a557
2028,writeback,0,800003a8,90030313
2028,writeback,3,8000039c,000521fb
2029,collect,3,800003a0,0e31408b
2029,writeback,2,800003a4,90011337
2030,collect,1,800003ac,5208a557
2030,collect,2,800003a8,90030313
2030,writeback,1,800003a8,90030313
2030,writeback,0,800003ac,5208a557
2031,collect,0,800003b0,96a13557
2031,writeback,0,800003a0,0e31408b
2032,writeback,1,800003ac,5208a557
2033,collect,1,800003b0,96a13557
2033,collect,3,800003a4,90011337
2034,collect,2,800003ac,5208a557
2034,writeback,2,800003a8,90030313
2034,writeback,1,800003a0,0e31408b
2035,writeback,3,800003a4,90011337
2035,writeback,0,800003b0,96a13557
2036,collect,0,800003b4,02a34557
2036,collect,3,800003a8,90030313
2036,writeback,2,800003ac,5208a557
2037,collect,2,800003b0,96a13557
2037,writeback,1,800003b0,96a13557
2038,collect,1,800003b4,02a34557
2038,writeback,2,800003a0,0e31408b
2040,collect,3,800003ac,5208a557
2040,writeback,3,800003a8,90030313
2040,writeback,0,800003b4,02a34557
2041,collect,0,800003b8,0005217b
2041,writeback,2,800003b0,96a13557
2042,collect,2,800003b4,02a34557
2042,writeback,3,800003ac,5208a557
2043,collect,3,800003b0,96a13557
2043,writeback,1,800003b4,02a34557
2044,collect,1,800003b8,0005217b
2044,writeback,3,800003a0,0e31408b
2045,collect,0,800003bc,90101337
2046,writeback,2,800003b4,02a34557
2046,lsu.issue,0,800003b8,0005217b
2047,collect,2,800003b8,0005217b
2047,writeback,0,800003bc,90101337
2047,writeback,3,800003b0,96a13557
2048,collect,3,800003b4,02a34557
2048,collect,1,800003bc,90101337
2049,collect,0,800003c0,90030313
2049,lsu.issue,1,800003b8,0005217b
2050,writeback,1,800003bc,90101337
2051,collect,1,800003c0,90030313
2052,collect,2,800003bc,90101337
2052,writeback,3,800003b4,02a34557
2052,lsu.issue,2,800003b8,0005217b
2053,collect,0,800003c4,5208a557
2053,writeback,0,800003c0,90030313
2054,writeback,2,800003bc,90101337
2055,collect,1,800003c4,5208a557
2055,collect,2,800003c0,90030313
2055,memory.read,0,90010900,00000000
2055,writeback,1,800003c0,90030313
2055,writeback,0,800003c4,5208a557
2056,collect,0,800003c8,96a13557
2057,collect,3,800003b8,0005217b
2057,writeback,1,800003c4,5208a557
2058,collect,1,800003c8,96a13557
2059,collect,2,800003c4,5208a557
2059,writeback,2,800003c0,90030313
2060,writeback,0,800003c8,96a13557
2061,collect,0,800003cc,02a34557
2061,collect,3,800003bc,90101337
2062,writeback,2,800003c4,5208a557
2063,collect,2,800003c8,96a13557
2063,writeback,3,800003bc,90101337
2063,writeback,1,800003c8,96a13557
2064,collect,1,800003cc,02a34557
2065,writeback,0,800003cc,02a34557
2066,collect,0,800003d0,000521fb
2067,writeback,2,800003c8,96a13557
2068,collect,2,800003cc,02a34557
2068,writeback,1,800003cc,02a34557
2069,collect,1,800003d0,000521fb
2069,lsu.issue,3,800003b8,0005217b
2070,writeback,0,800003b8,0005217b
2071,writeback,1,800003b8,0005217b
2072,collect,3,800003c0,90030313
2072,writeback,2,800003cc,02a34557
2073,collect,2,800003d0,000521fb
2073,lsu.issue,0,800003d0,000521fb
2075,writeback,2,800003b8,0005217b
2076,collect,3,800003c4,5208a557
2076,writeback,3,800003c0,90030313
2077,lsu.issue,1,800003d0,000521fb
2078,writeback,3,800003c4,5208a557
2079,collect,3,800003c8,96a13557
2080,writeback,3,800003b8,0005217b
2082,memory.read,0,90100900,00000000
2082,lsu.issue,2,800003d0,000521fb
2083,writeback,3,800003c8,96a13557
2084,collect,3,800003cc,02a34557
2088,writeback,3,800003cc,02a34557
2089,collect,3,800003d0,000521fb
2095,writeback,0,800003d0,000521fb
2096,collect,0,800003d4,0e31408b
2097,lsu.issue,3,800003d0,000521fb
2099,writeback,1,800003d0,000521fb
2100,collect,1,800003d4,0e31408b
2100,collect,0,800003d8,90011337
2102,writeback,0,800003d8,90011337
2102,writeback,2,800003d0,000521fb
2103,collect,2,800003d4,0e31408b
2103,collect,0,800003dc,98030313
2104,collect,1,800003d8,90011337
2105,writeback,3,800003d0,000521fb
2106,collect,3,800003d4,0e31408b
2106,writeback,1,800003d8,90011337
2107,collect,0,800003e0,5208a557
2107,collect,2,800003d8,90011337
2107,writeback,0,800003dc,98030313
2108,collect,1,800003dc,98030313
2109,writeback,2,800003d8,90011337
2109,writeback,0,800003e0,5208a557
2110,collect,0,800003e4,96a13557
2110,collect,2,800003dc,98030313
2111,collect,3,800003d8,90011337
2111,writeback,0,800003d4,0e31408b
2112,collect,1,800003e0,5208a557
2112,writeback,1,800003dc,98030313
2113,memory.read,0,80000400,00000000
2113,writeback,3,800003d8,90011337
2114,collect,2,800003e0,5208a557
2114,collect,3,800003dc,98030313
2114,writeback,2,800003dc,98030313
2114,writeback,1,800003e0,5208a557
2115,collect,1,800003e4,96a13557
2115,writeback,0,800003e4,96a13557
2116,collect,0,800003e8,02a34557
2116,writeback,2,800003e0,5208a557
2117,collect,2,800003e4,96a13557
2117,writeback,1,800003d4,0e31408b
2118,collect,3,800003e0,5208a557
2118,writeback,3,800003dc,98030313
2118,writeback,2,800003d4,0e31408b
2119,writeback,1,800003e4,96a13557
2120,collect,1,800003e8,02a34557
2120,writeback,0,800003e8,02a34557
2121,collect,0,800003ec,0005217b
2121,writeback,3,800003e0,5208a557
2122,collect,3,800003e4,96a13557
2122,writeback,2,800003e4,96a13557
2123,collect,2,800003e8,02a34557
2123,writeback,3,800003d4,0e31408b
2124,writeback,1,800003e8,02a34557
2125,collect,1,800003ec,0005217b
2125,collect,0,800003f0,90101337
2126,writeback,3,800003e4,96a13557
2126,lsu.issue,0,800003ec,0005217b
2127,writeback,0,800003f0,90101337
2127,writeback,2,800003e8,02a34557
2128,collect,2,800003ec,0005217b
2128,collect,0,800003f4,98030313
2129,collect,1,800003f0,90101337
2130,lsu.issue,1,800003ec,0005217b
2131,writeback,1,800003f0,90101337
2132,collect,0,800003f8,5208a557
2132,collect,2,800003f0,90101337
2132,writeback,0,800003f4,98030313
2133,collect,1,800003f4,98030313
2133,lsu.issue,2,800003ec,0005217b
2134,writeback,2,800003f0,90101337
2134,writeback,0,800003f8,5208a557
2135,collect,0,800003fc,96a13557
2135,collect,2,800003f4,98030313
2135,memory.read,0,90010980,00000000
2137,collect,1,800003f8,5208a557
2137,writeback,1,800003f4,98030313
2139,collect,2,800003f8,5208a557
2139,writeback,2,800003f4,98030313
2139,writeback,1,800003f8,5208a557
2140,collect,1,800003fc,96a13557
2140,writeback,0,800003fc,96a13557
2141,collect,0,80000400,02a34557
2141,writeback,2,800003f8,5208a557
2142,collect,2,800003fc,96a13557
2144,writeback,1,800003fc,96a13557
2145,collect,1,80000400,02a34557
2145,writeback,0,80000400,02a34557
2146,collect,0,80000404,000521fb
2146,writeback,2,800003fc,96a13557
2147,collect,2,80000400,02a34557
2148,writeback,0,800003ec,0005217b
2149,writeback,1,80000400,02a34557
2150,collect,1,80000404,000521fb
2151,writeback,2,80000400,02a34557
2152,collect,2,80000404,000521fb
2152,lsu.issue,0,80000404,000521fb
2154,collect,3,800003e8,02a34557
2154,writeback,1,800003ec,0005217b
2155,writeback,2,800003ec,0005217b
2157,lsu.issue,1,80000404,000521fb
2158,writeback,3,800003e8,02a34557
2159,collect,3,800003ec,0005217b
2160,lsu.issue,2,80000404,000521fb
2161,memory.read,0,90100980,00000000
2174,writeback,0,80000404,000521fb
2175,collect,0,80000408,0e31408b
2176,lsu.issue,3,800003ec,0005217b
2178,writeback,1,80000404,000521fb
2179,collect,1,80000408,0e31408b
2179,collect,0,8000040c,90011337
2181,writeback,0,8000040c,90011337
2181,writeback,2,80000404,000521fb
2182,collect,2,80000408,0e31408b
2182,collect,0,80000410,a0030313
2183,collect,1,8000040c,90011337
2184,writeback,3,800003ec,0005217b
2185,writeback,1,8000040c,90011337
2186,collect,0,80000414,5208a557
2186,collect,2,8000040c,90011337
2186,writeback,0,80000410,a0030313
2187,collect,3,800003f0,90101337
2188,collect,1,80000410,a0030313
2188,writeback,2,8000040c,90011337
2188,writeback,0,80000414,5208a557
2189,collect,0,80000418,96a13557
2189,collect,2,80000410,a0030313
2189,writeback,3,800003f0,90101337
2190,collect,3,800003f4,98030313
2190,writeback,0,80000408,0e31408b
2192,collect,1,80000414,5208a557
2192,writeback,1,80000410,a0030313
2193,collect,2,80000414,5208a557
2193,writeback,2,80000410,a0030313
2193,writeback,0,80000418,96a13557
2194,collect,3,800003f8,5208a557
2194,writeback,3,800003f4,98030313
2194,writeback,1,80000414,5208a557
2195,collect,0,8000041c,02a34557
2195,writeback,2,80000414,5208a557
2196,collect,1,80000418,96a13557
2196,writeback,3,800003f8,5208a557
2197,collect,2,80000418,96a13557
2197,writeback,1,80000408,0e31408b
2198,collect,3,800003fc,96a13557
2198,writeback,2,80000408,0e31408b
2199,writeback,0,8000041c,02a34557
2200,collect,0,80000420,0005217b
2200,writeback,1,80000418,96a13557
2201,collect,1,8000041c,02a34557
2201,writeback,2,80000418,96a13557
2202,collect,2,8000041c,02a34557
2202,writeback,3,800003fc,96a13557
2204,collect,0,80000424,90101337
2205,writeback,1,8000041c,02a34557
2205,lsu.issue,0,80000420,0005217b
2206,collect,1,80000420,0005217b
2206,writeback,0,80000424,90101337
2206,writeback,2,8000041c,02a34557
2207,collect,2,80000420,0005217b
2207,collect,0,80000428,a0030313
2210,collect,1,80000424,90101337
2211,collect,0,8000042c,5208a557
2211,collect,2,80000424,90101337
2211,writeback,0,80000428,a0030313
2211,lsu.issue,1,80000420,0005217b
2212,writeback,1,80000424,90101337
2213,collect,1,80000428,a0030313
2213,writeback,2,80000424,90101337
2213,writeback,0,8000042c,5208a557
2214,collect,0,80000430,96a13557
2214,collect,2,80000428,a0030313
2214,memory.read,0,90010a00,00000000
2214,lsu.issue,2,80000420,0005217b
2217,collect,1,8000042c,5208a557
2217,writeback,1,80000428,a0030313
2218,collect,2,8000042c,5208a557
2218,writeback,2,80000428,a0030313
2218,writeback,0,80000430,96a13557
2219,collect,0,80000434,02a34557
2219,writeback,1,8000042c,5208a557
2220,collect,1,80000430,96a13557
2220,writeback,2,8000042c,5208a557
2221,collect,2,80000430,96a13557
2223,writeback,0,80000434,02a34557
2224,collect,0,80000438,000521fb
2224,writeback,1,80000430,96a13557
2225,collect,1,80000434,02a34557
2225,writeback,2,80000430,96a13557
2226,collect,2,80000434,02a34557
2227,writeback,0,80000420,0005217b
2229,writeback,1,80000434,02a34557
2229,lsu.issue,0,80000438,000521fb
2230,collect,1,80000438,000521fb
2230,writeback,2,80000434,02a34557
2231,collect,2,80000438,000521fb
2232,writeback,1,80000420,0005217b
2233,writeback,2,80000420,0005217b
2235,lsu.issue,1,80000438,000521fb
2236,collect,3,80000400,02a34557
2238,memory.read,0,90100a00,00000000
2238,lsu.issue,2,80000438,000521fb
2240,writeback,3,80000400,02a34557
2241,collect,3,80000404,000521fb
2251,writeback,0,80000438,000521fb
2252,collect,0,8000043c,0e31408b
2253,lsu.issue,3,80000404,000521fb
2255,writeback,1,80000438,000521fb
2256,collect,1,8000043c,0e31408b
2256,collect,0,80000440,90011337
2258,writeback,0,80000440,90011337
2258,writeback,2,80000438,000521fb
2259,collect,2,8000043c,0e31408b
2259,collect,0,80000444,a8030313
2260,collect,1,80000440,90011337
2261,writeback,3,80000404,000521fb
2262,collect,3,80000408,0e31408b
2262,writeback,1,80000440,90011337
2263,collect,0,80000448,5208a557
2263,collect,2,80000440,90011337
2263,writeback,0,80000444,a8030313
2264,collect,1,80000444,a8030313
2265,writeback,2,80000440,90011337
2265,writeback,0,80000448,5208a557
2266,collect,0,8000044c,96a13557
2266,collect,2,80000444,a8030313
2267,collect,3,8000040c,90011337
2267,writeback,0,8000043c,0e31408b
2268,collect,1,80000448,5208a557
2268,writeback,1,80000444,a8030313
2269,writeback,3,8000040c,90011337
2270,collect,2,80000448,5208a557
2270,collect,3,80000410,a0030313
2270,writeback,2,80000444,a8030313
2270,writeback,1,80000448,5208a557
2271,collect,1,8000044c,96a13557
2271,writeback,0,8000044c,96a13557
2272,collect,0,80000450,02a34557
2272,writeback,2,80000448,5208a557
2273,collect,2,8000044c,96a13557
2273,writeback,1,8000043c,0e31408b
2274,collect,3,80000414,5208a557
2274,writeback,3,80000410,a0030313
2274,writeback,2,8000043c,0e31408b
2275,writeback,1,8000044c,96a13557
2276,collect,1,80000450,02a34557
2276,writeback,0,80000450,02a34557
2277,collect,0,80000454,0005217b
2277,writeback,3,80000414,5208a557
2278,collect,3,80000418,96a13557
2278,writeback,2,8000044c,96a13557
2279,collect,2,80000450,02a34557
2279,writeback,3,80000408,0e31408b
2280,writeback,1,80000450,02a34557
2281,collect,1,80000454,0005217b
2281,collect,0,80000458,90101337
2282,writeback,3,80000418,96a13557
2282,lsu.issue,0,80000454,0005217b
2283,collect,3,8000041c,02a34557
2283,writeback,0,80000458,90101337
2283,writeback,2,80000450,02a34557
2284,collect,2,80000454,0005217b
2284,collect,0,8000045c,a8030313
2285,collect,1,80000458,90101337
2286,lsu.issue,1,80000454,0005217b
2287,writeback,1,80000458,90101337
2287,writeback,3,8000041c,02a34557
2288,collect,0,80000460,5208a557
2288,collect,2,80000458,90101337
2288,writeback,0,8000045c,a8030313
2289,collect,3,80000420,0005217b
2289,collect,1,8000045c,a8030313
2289,lsu.issue,2,80000454,0005217b
2290,writeback,2,80000458,90101337
2290,writeback,0,80000460,5208a557
2291,collect,0,80000464,96a13557
2291,collect,2,8000045c,a8030313
2291,memory.read,0,90010a80,00000000
2293,collect,1,80000460,5208a557
2293,collect,3,80000424,90101337
2293,writeback,1,8000045c,a8030313
2294,memory.read,0,80000480,00000000
2295,collect,2,80000460,5208a557
2295,writeback,2,8000045c,a8030313
2295,writeback,0,80000464,96a13557
2296,collect,0,80000468,02a34557
2296,writeback,3,80000424,90101337
2296,writeback,1,80000460,5208a557
2297,collect,1,80000464,96a13557
2297,writeback,2,80000460,5208a557
2298,collect,2,80000464,96a13557
2300,writeback,0,80000468,02a34557
2301,collect,0,8000046c,000521fb
2301,writeback,1,80000464,96a13557
2302,collect,1,80000468,02a34557
2302,writeback,2,80000464,96a13557
2303,collect,2,80000468,02a34557
2304,writeback,0,80000454,0005217b
2306,writeback,1,80000468,02a34557
2306,lsu.issue,3,80000420,0005217b
2307,collect,1,8000046c,000521fb
2307,writeback,2,80000468,02a34557
2308,collect,2,8000046c,000521fb
2309,writeback,1,80000454,0005217b
2310,writeback,2,80000454,0005217b
2312,lsu.issue,0,8000046c,000521fb
2314,writeback,3,80000420,0005217b
2316,lsu.issue,1,8000046c,000521fb
2318,collect,3,80000428,a0030313
2319,lsu.issue,2,8000046c,000521fb
2321,memory.read,0,90100a80,00000000
2322,collect,3,8000042c,5208a557
2322,writeback,3,80000428,a0030313
2324,writeback,3,8000042c,5208a557
2325,collect,3,80000430,96a13557
2329,writeback,3,80000430,96a13557
2330,collect,3,80000434,02a34557
2334,writeback,3,80000434,02a34557
2335,collect,3,80000438,000521fb
2336,writeback,1,8000046c,000521fb
2337,collect,1,80000470,0e31408b
2337,writeback,0,8000046c,000521fb
2338,collect,0,80000470,0e31408b
2340,writeback,2,8000046c,000521fb
2341,collect,2,80000470,0e31408b
2341,collect,1,80000474,90011337
2342,collect,0,80000474,90011337
2342,lsu.issue,3,80000438,000521fb
2343,writeback,1,80000474,90011337
2344,collect,1,80000478,b0030313
2344,writeback,0,80000474,90011337
2345,collect,2,80000474,90011337
2346,collect,0,80000478,b0030313
2347,writeback,2,80000474,90011337
2347,writeback,3,80000438,000521fb
2348,collect,3,8000043c,0e31408b
2348,collect,2,80000478,b0030313
2348,writeback,1,80000478,b0030313
2349,collect,1,8000047c,5208a557
2350,collect,0,8000047c,5208a557
2350,writeback,0,80000478,b0030313
2351,writeback,1,8000047c,5208a557
2352,collect,1,80000480,96a13557
2352,writeback,2,80000478,b0030313
2352,writeback,0,8000047c,5208a557
2353,collect,2,8000047c,5208a557
2353,collect,3,80000440,90011337
2353,writeback,1,80000470,0e31408b
2354,collect,0,80000480,96a13557
2354,writeback,0,80000470,0e31408b
2355,writeback,3,80000440,90011337
2355,writeback,2,8000047c,5208a557
2356,collect,2,80000480,96a13557
2356,collect,3,80000444,a8030313
2356,writeback,1,80000480,96a13557
2357,collect,1,80000484,02a34557
2357,writeback,2,80000470,0e31408b
2358,writeback,0,80000480,96a13557
2359,collect,0,80000484,02a34557
2360,collect,3,80000448,5208a557
2360,writeback,3,80000444,a8030313
2360,writeback,2,80000480,96a13557
2361,collect,2,80000484,02a34557
2361,writeback,1,80000484,02a34557
2362,collect,1,80000488,0005217b
2362,writeback,3,80000448,5208a557
2363,collect,3,8000044c,96a13557
2363,writeback,0,80000484,02a34557
2364,collect,0,80000488,0005217b
2364,writeback,3,8000043c,0e31408b
2365,writeback,2,80000484,02a34557
2366,collect,2,80000488,0005217b
2366,collect,1,8000048c,90101337
2367,writeback,3,8000044c,96a13557
2367,lsu.issue,1,80000488,0005217b
2368,collect,3,80000450,02a34557
2368,collect,0,8000048c,90101337
2368,writeback,1,8000048c,90101337
2369,collect,1,80000490,b0030313
2370,collect,2,8000048c,90101337
2370,writeback,0,8000048c,90101337
2370,lsu.issue,0,80000488,0005217b
2371,collect,0,80000490,b0030313
2372,writeback,2,8000048c,90101337
2372,writeback,3,80000450,02a34557
2373,collect,1,80000494,5208a557
2373,collect,2,80000490,b0030313
2373,writeback,1,80000490,b0030313
2373,lsu.issue,2,80000488,0005217b
2374,collect,3,80000454,0005217b
2375,collect,0,80000494,5208a557
2375,writeback,0,80000490,b0030313
2375,writeback,1,80000494,5208a557
2376,collect,1,80000498,96a13557
2376,memory.read,0,90010b00,00000000
2377,collect,2,80000494,5208a557
2377,writeback,2,80000490,b0030313
2377,writeback,0,80000494,5208a557
2378,collect,0,80000498,96a13557
2378,collect,3,80000458,90101337
2379,writeback,2,80000494,5208a557
2380,collect,2,80000498,96a13557
2380,writeback,3,80000458,90101337
2380,writeback,1,80000498,96a13557
2381,collect,1,8000049c,02a34557
2381,collect,3,8000045c,a8030313
2382,writeback,0,80000498,96a13557
2383,collect,0,8000049c,02a34557
2384,writeback,2,80000498,96a13557
2385,collect,2,8000049c,02a34557
2385,writeback,3,8000045c,a8030313
2385,writeback,1,8000049c,02a34557
2386,collect,3,80000460,5208a557
2387,collect,1,800004a0,000521fb
2387,writeback,0,8000049c,02a34557
2388,collect,0,800004a0,000521fb
2388,writeback,3,80000460,5208a557
2389,collect,3,80000464,96a13557
2389,writeback,2,8000049c,02a34557
2390,collect,2,800004a0,000521fb
2390,lsu.issue,3,80000454,0005217b
2391,writeback,1,80000488,0005217b
2392,writeback,0,80000488,0005217b
2394,lsu.issue,1,800004a0,000521fb
2396,writeback,2,80000488,0005217b
2398,writeback,3,80000464,96a13557
2398,lsu.issue,0,800004a0,000521fb
2400,collect,3,80000468,02a34557
2400,writeback,3,80000454,0005217b
2402,lsu.issue,2,800004a0,000521fb
2403,memory.read,0,90100b00,00000000
2404,writeback,3,80000468,02a34557
2405,collect,3,8000046c,000521fb
2416,writeback,1,800004a0,000521fb
2417,collect,1,800004a4,0e31408b
2418,lsu.issue,3,8000046c,000521fb
2420,writeback,0,800004a0,000521fb
2421,collect,0,800004a4,0e31408b
2421,collect,1,800004a8,90011337
2423,writeback,1,800004a8,90011337
2423,writeback,2,800004a0,000521fb
2424,collect,2,800004a4,0e31408b
2424,collect,1,800004ac,b8030313
2425,collect,0,800004a8,90011337
2426,writeback,3,8000046c,000521fb
2427,collect,3,80000470,0e31408b
2427,writeback,0,800004a8,90011337
2428,collect,1,800004b0,5208a557
2428,collect,2,800004a8,90011337
2428,writeback,1,800004ac,b8030313
2429,collect,0,800004ac,b8030313
2430,writeback,2,800004a8,90011337
2430,writeback,1,800004b0,5208a557
2431,collect,1,800004b4,96a13557
2431,collect,2,800004ac,b8030313
2432,collect,3,80000474,90011337
2432,writeback,1,800004a4,0e31408b
2433,collect,0,800004b0,5208a557
2433,writeback,0,800004ac,b8030313
2434,writeback,3,80000474,90011337
2435,collect,2,800004b0,5208a557
2435,collect,3,80000478,b0030313
2435,writeback,2,800004ac,b8030313
2435,writeback,0,800004b0,5208a557
2436,collect,0,800004b4,96a13557
2436,writeback,1,800004b4,96a13557
2437,collect,1,800004b8,02a34557
2437,writeback,2,800004b0,5208a557
2438,collect,2,800004b4,96a13557
2438,writeback,0,800004a4,0e31408b
2439,collect,3,8000047c,5208a557
2439,writeback,3,80000478,b0030313
2439,writeback,2,800004a4,0e31408b
2440,writeback,0,800004b4,96a13557
2441,collect,0,800004b8,02a34557
2441,writeback,1,800004b8,02a34557
2442,collect,1,800004bc,0005217b
2442,writeback,3,8000047c,5208a557
2443,collect,3,80000480,96a13557
2443,writeback,2,800004b4,96a13557
2444,collect,2,800004b8,02a34557
2444,writeback,3,80000470,0e31408b
2445,writeback,0,800004b8,02a34557
2446,collect,0,800004bc,0005217b
2446,collect,1,800004c0,90101337
2447,writeback,3,80000480,96a13557
2447,lsu.issue,1,800004bc,0005217b
2448,collect,3,80000484,02a34557
2448,writeback,1,800004c0,90101337
2448,writeback,2,800004b8,02a34557
2449,collect,2,800004bc,0005217b
2449,collect,1,800004c4,b8030313
2450,collect,0,800004c0,90101337
2451,lsu.issue,0,800004bc,0005217b
2452,writeback,0,800004c0,90101337
2452,writeback,3,80000484,02a34557
2453,collect,1,800004c8,5208a557
2453,collect,2,800004c0,90101337
2453,writeback,1,800004c4,b8030313
2454,collect,3,80000488,0005217b
2454,collect,0,800004c4,b8030313
2454,lsu.issue,2,800004bc,0005217b
2455,writeback,2,800004c0,90101337
2455,writeback,1,800004c8,5208a557
2456,collect,1,800004cc,96a13557
2456,collect,2,800004c4,b8030313
2456,memory.read,0,90010b80,00000000
2458,collect,0,800004c8,5208a557
2458,collect,3,8000048c,90101337
2458,writeback,0,800004c4,b8030313
2460,collect,2,800004c8,5208a557
2460,writeback,2,800004c4,b8030313
2460,writeback,1,800004cc,96a13557
2461,collect,1,800004d0,02a34557
2461,writeback,3,8000048c,90101337
2461,writeback,0,800004c8,5208a557
2462,collect,0,800004cc,96a13557
2462,writeback,2,800004c8,5208a557
2463,collect,2,800004cc,96a13557
2465,writeback,1,800004d0,02a34557
2466,collect,1,800004d4,000521fb
2466,writeback,0,800004cc,96a13557
2467,collect,0,800004d0,02a34557
2467,writeback,2,800004cc,96a13557
2468,collect,2,800004d0,02a34557
2469,writeback,1,800004bc,0005217b
2470,collect,3,80000490,b0030313
2471,writeback,0,800004d0,02a34557
2471,lsu.issue,3,80000488,0005217b
2472,collect,0,800004d4,000521fb
2472,writeback,2,800004d0,02a34557
2473,collect,2,800004d4,000521fb
2474,collect,3,80000494,5208a557
2474,writeback,3,80000490,b0030313
2474,writeback,0,800004bc,0005217b
2475,writeback,2,800004bc,0005217b
2477,lsu.issue,1,800004d4,000521fb
2479,writeback,3,80000488,0005217b
2481,writeback,3,80000494,5208a557
2481,lsu.issue,0,800004d4,000521fb
2482,collect,3,80000498,96a13557
2484,lsu.issue,2,800004d4,000521fb
2486,memory.read,0,90100b80,00000000
2486,writeback,3,80000498,96a13557
2487,collect,3,8000049c,02a34557
2491,writeback,3,8000049c,02a34557
2492,collect,3,800004a0,000521fb
2499,writeback,1,800004d4,000521fb
2500,collect,1,800004d8,0e31408b
2501,lsu.issue,3,800004a0,000521fb
2503,writeback,0,800004d4,000521fb
2504,collect,0,800004d8,0e31408b
2504,collect,1,800004dc,90011337
2506,writeback,1,800004dc,90011337
2506,writeback,2,800004d4,000521fb
2507,collect,2,800004d8,0e31408b
2507,collect,1,800004e0,c0030313
2508,collect,0,800004dc,90011337
2509,writeback,3,800004a0,000521fb
2510,collect,3,800004a4,0e31408b
2510,writeback,0,800004dc,90011337
2511,collect,1,800004e4,5208a557
2511,collect,2,800004dc,90011337
2511,writeback,1,800004e0,c0030313
2512,collect,0,800004e0,c0030313
2513,writeback,2,800004dc,90011337
2513,writeback,1,800004e4,5208a557
2514,collect,1,800004e8,96a13557
2514,collect,2,800004e0,c0030313
2514,memory.read,0,80000500,00000000
2515,collect,3,800004a8,90011337
2515,writeback,1,800004d8,0e31408b
2516,collect,0,800004e4,5208a557
2516,writeback,0,800004e0,c0030313
2517,writeback,3,800004a8,90011337
2518,collect,2,800004e4,5208a557
2518,collect,3,800004ac,b8030313
2518,writeback,2,800004e0,c0030313
2518,writeback,0,800004e4,5208a557
2519,collect,0,800004e8,96a13557
2519,writeback,1,800004e8,96a13557
2520,collect,1,800004ec,02a34557
2520,writeback,2,800004e4,5208a557
2521,collect,2,800004e8,96a13557
2521,writeback,0,800004d8,0e31408b
2522,collect,3,800004b0,5208a557
2522,writeback,3,800004ac,b8030313
2522,writeback,2,800004d8,0e31408b
2523,writeback,0,800004e8,96a13557
2524,collect,0,800004ec,02a34557
2524,writeback,1,800004ec,02a34557
2525,collect,1,800004f0,0005217b
2525,writeback,3,800004b0,5208a557
2526,collect,3,800004b4,96a13557
2526,writeback,2,800004e8,96a13557
2527,collect,2,800004ec,02a34557
2527,writeback,3,800004a4,0e31408b
2528,writeback,0,800004ec,02a34557
2529,collect,0,800004f0,0005217b
2529,collect,1,800004f4,90101337
2530,writeback,3,800004b4,96a13557
2530,lsu.issue,1,800004f0,0005217b
2531,writeback,1,800004f4,90101337
2531,writeback,2,800004ec,02a34557
2532,collect,2,800004f0,0005217b
2532,collect,1,800004f8,c0030313
2533,collect,0,800004f4,90101337
2534,lsu.issue,0,800004f0,0005217b
2535,writeback,0,800004f4,90101337
2536,collect,1,800004fc,5208a557
2536,collect,2,800004f4,90101337
2536,writeback,1,800004f8,c0030313
2537,collect,3,800004b8,02a34557
2537,collect,0,800004f8,c0030313
2537,lsu.issue,2,800004f0,0005217b
2538,writeback,2,800004f4,90101337
2538,writeback,1,800004fc,5208a557
2539,collect,1,80000500,96a13557
2539,collect,2,800004f8,c0030313
2539,memory.read,0,90010c00,00000000
2541,collect,0,800004fc,5208a557
2541,writeback,0,800004f8,c0030313
2541,writeback,3,800004b8,02a34557
2542,collect,3,800004bc,0005217b
2543,collect,2,800004fc,5208a557
2543,writeback,2,800004f8,c0030313
2543,writeback,1,80000500,96a13557
2544,collect,1,80000504,02a34557
2544,writeback,0,800004fc,5208a557
2545,collect,0,80000500,96a13557
2545,writeback,2,800004fc,5208a557
2546,collect,2,80000500,96a13557
2548,writeback,1,80000504,02a34557
2549,collect,1,80000508,000521fb
2549,writeback,0,80000500,96a13557
2550,collect,0,80000504,02a34557
2550,writeback,2,80000500,96a13557
2551,collect,2,80000504,02a34557
2552,writeback,1,800004f0,0005217b
2554,writeback,0,80000504,02a34557
2554,lsu.issue,3,800004bc,0005217b
2555,collect,0,80000508,000521fb
2555,writeback,2,80000504,02a34557
2556,collect,2,80000508,000521fb
2557,writeback,0,800004f0,0005217b
2558,writeback,2,800004f0,0005217b
2560,lsu.issue,1,80000508,000521fb
2562,writeback,3,800004bc,0005217b
2564,collect,3,800004c0,90101337
2564,lsu.issue,0,80000508,000521fb
2566,writeback,3,800004c0,90101337
2567,collect,3,800004c4,b8030313
2567,lsu.issue,2,80000508,000521fb
2569,memory.read,0,90100c00,00000000
2571,collect,3,800004c8,5208a557
2571,writeback,3,800004c4,b8030313
2573,writeback,3,800004c8,5208a557
2574,collect,3,800004cc,96a13557
2578,writeback,3,800004cc,96a13557
2579,collect,3,800004d0,02a34557
2582,writeback,1,80000508,000521fb
2583,collect,1,8000050c,0e31408b
2583,writeback,3,800004d0,02a34557
2584,collect,3,800004d4,000521fb
2585,writeback,0,80000508,000521fb
2586,collect,0,8000050c,0e31408b
2587,collect,1,80000510,90011337
2588,writeback,2,80000508,000521fb
2589,collect,2,8000050c,0e31408b
2589,writeback,1,80000510,90011337
2590,collect,0,80000510,90011337
2590,lsu.issue,3,800004d4,000521fb
2591,collect,1,80000514,c8030313
2592,writeback,0,80000510,90011337
2593,collect,2,80000510,90011337
2594,collect,0,80000514,c8030313
2595,collect,1,80000518,5208a557
2595,writeback,1,80000514,c8030313
2595,writeback,3,800004d4,000521fb
2596,collect,3,800004d8,0e31408b
2596,writeback,2,80000510,90011337
2597,collect,2,80000514,c8030313
2597,writeback,1,80000518,5208a557
2598,collect,0,80000518,5208a557
2598,writeback,0,80000514,c8030313
2598,writeback,1,8000050c,0e31408b
2599,collect,1,8000051c,96a13557
2600,collect,3,800004dc,90011337
2601,collect,2,80000518,5208a557
2601,writeback,2,80000514,c8030313
2601,writeback,0,80000518,5208a557
2602,collect,0,8000051c,96a13557
2602,writeback,3,800004dc,90011337
2602,writeback,0,8000050c,0e31408b
2603,collect,3,800004e0,c0030313
2603,writeback,1,8000051c,96a13557
2604,collect,1,80000520,02a34557
2604,writeback,2,80000518,5208a557
2605,collect,2,8000051c,96a13557
2605,writeback,2,8000050c,0e31408b
2606,writeback,0,8000051c,96a13557
2607,collect,3,800004e4,5208a557
2607,writeback,3,800004e0,c0030313
2608,collect,0,80000520,02a34557
2608,writeback,1,80000520,02a34557
2609,collect,1,80000524,0005217b
2609,writeback,3,800004e4,5208a557
2610,writeback,2,8000051c,96a13557
2611,collect,2,80000520,02a34557
2611,writeback,3,800004d8,0e31408b
2612,writeback,0,80000520,02a34557
2613,collect,3,800004e8,96a13557
2613,collect,1,80000528,90101337
2614,collect,0,80000524,0005217b
2614,lsu.issue,1,80000524,0005217b
2615,writeback,1,80000528,90101337
2615,writeback,2,80000520,02a34557
2616,collect,2,80000524,0005217b
2616,collect,1,8000052c,c8030313
2617,writeback,3,800004e8,96a13557
2618,collect,3,800004ec,02a34557
2618,collect,0,80000528,90101337
2619,lsu.issue,0,80000524,0005217b
2620,collect,1,80000530,5208a557
2620,collect,2,80000528,90101337
2620,writeback,1,8000052c,c8030313
2621,writeback,0,80000528,90101337
2622,collect,0,8000052c,c8030313
2622,writeback,2,80000528,90101337
2622,writeback,3,800004ec,02a34557
2622,lsu.issue,2,80000524,0005217b
2623,collect,3,800004f0,0005217b
2623,collect,2,8000052c,c8030313
2623,memory.read,0,90010c80,00000000
2623,writeback,1,80000530,5208a557
2624,collect,1,80000534,96a13557
2626,collect,0,80000530,5208a557
2626,writeback,0,8000052c,c8030313
2627,collect,2,80000530,5208a557
2627,collect,3,800004f4,90101337
2627,writeback,2,8000052c,c8030313
2628,writeback,0,80000530,5208a557
2629,collect,0,80000534,96a13557
2629,writeback,3,800004f4,90101337
2629,writeback,1,80000534,96a13557
2630,collect,1,80000538,02a34557
2630,collect,3,800004f8,c0030313
2630,writeback,2,80000530,5208a557
2631,collect,2,80000534,96a13557
2633,writeback,0,80000534,96a13557
2634,collect,3,800004fc,5208a557
2634,writeback,3,800004f8,c0030313
2634,writeback,1,80000538,02a34557
2635,collect,0,80000538,02a34557
2635,writeback,2,80000534,96a13557
2636,collect,1,8000053c,000521fb
2636,writeback,3,800004fc,5208a557
2637,collect,2,80000538,02a34557
2637,lsu.issue,3,800004f0,0005217b
2638,collect,3,80000500,96a13557
2638,writeback,1,80000524,0005217b
2639,writeback,0,80000538,02a34557
2640,collect,0,8000053c,000521fb
2641,writeback,2,80000538,02a34557
2642,collect,2,8000053c,000521fb
2642,writeback,3,80000500,96a13557
2642,lsu.issue,1,8000053c,000521fb
2643,collect,3,80000504,02a34557
2644,writeback,0,80000524,0005217b
2645,writeback,2,80000524,0005217b
2646,writeback,3,800004f0,0005217b
2647,writeback,3,80000504,02a34557
2648,collect,3,80000508,000521fb
2648,lsu.issue,0,8000053c,000521fb
2651,memory.read,0,90100c80,00000000
2651,lsu.issue,2,8000053c,000521fb
2664,writeback,1,8000053c,000521fb
2665,collect,1,80000540,0e31408b
2666,lsu.issue,3,80000508,000521fb
2668,writeback,0,8000053c,000521fb
2669,collect,0,80000540,0e31408b
2669,collect,1,80000544,90011337
2671,writeback,1,80000544,90011337
2671,writeback,2,8000053c,000521fb
2672,collect,2,80000540,0e31408b
2672,collect,1,80000548,d0030313
2673,collect,0,80000544,90011337
2674,writeback,3,80000508,000521fb
2675,collect,3,8000050c,0e31408b
2675,writeback,0,80000544,90011337
2676,collect,1,8000054c,5208a557
2676,collect,2,80000544,90011337
2676,writeback,1,80000548,d0030313
2677,collect,0,80000548,d0030313
2678,writeback,2,80000544,90011337
2678,writeback,1,8000054c,5208a557
2679,collect,1,80000550,96a13557
2679,collect,2,80000548,d0030313
2680,collect,3,80000510,90011337
2680,writeback,1,80000540,0e31408b
2681,collect,0,8000054c,5208a557
2681,writeback,0,80000548,d0030313
2682,writeback,3,80000510,90011337
2683,collect,2,8000054c,5208a557
2683,collect,3,80000514,c8030313
2683,writeback,2,80000548,d0030313
2683,writeback,0,8000054c,5208a557
2684,collect,0,80000550,96a13557
2684,writeback,1,80000550,96a13557
2685,collect,1,80000554,02a34557
2685,writeback,2,8000054c,5208a557
2686,collect,2,80000550,96a13557
2686,writeback,0,80000540,0e31408b
2687,collect,3,80000518,5208a557
2687,writeback,3,80000514,c8030313
2687,writeback,2,80000540,0e31408b
2688,writeback,0,80000550,96a13557
2689,collect,0,80000554,02a34557
2689,writeback,1,80000554,02a34557
2690,collect,1,80000558,0005217b
2690,writeback,3,80000518,5208a557
2691,collect,3,8000051c,96a13557
2691,writeback,2,80000550,96a13557
2692,collect,2,80000554,02a34557
2692,writeback,3,8000050c,0e31408b
2693,writeback,0,80000554,02a34557
2694,collect,0,80000558,0005217b
2694,collect,1,8000055c,90101337
2695,writeback,3,8000051c,96a13557
2695,lsu.issue,1,80000558,0005217b
2696,writeback,1,8000055c,90101337
2696,writeback,2,80000554,02a34557
2697,collect,2,80000558,0005217b
2697,collect,1,80000560,d0030313
2698,collect,3,80000520,02a34557
2698,collect,0,8000055c,90101337
2699,lsu.issue,0,80000558,0005217b
2700,writeback,0,8000055c,90101337
2701,collect,1,80000564,5208a557
2701,collect,2,8000055c,90101337
2701,writeback,1,80000560,d0030313
2702,collect,0,80000560,d0030313
2702,writeback,3,80000520,02a34557
2702,lsu.issue,2,80000558,0005217b
2703,collect,3,80000524,0005217b
2703,writeback,2,8000055c,90101337
2703,writeback,1,80000564,5208a557
2704,collect,1,80000568,96a13557
2704,collect,2,80000560,d0030313
2704,memory.read,0,80000580,00000000
2705,memory.read,0,90010d00,00000000
2706,collect,0,80000564,5208a557
2706,writeback,0,80000560,d0030313
2707,collect,3,80000528,90101337
2708,collect,2,80000564,5208a557
2708,writeback,2,80000560,d0030313
2708,writeback,1,80000568,96a13557
2709,collect,1,8000056c,02a34557
2709,writeback,3,80000528,90101337
2709,writeback,0,80000564,5208a557
2710,collect,0,80000568,96a13557
2710,collect,3,8000052c,c8030313
2710,writeback,2,80000564,5208a557
2711,collect,2,80000568,96a13557
2713,writeback,1,8000056c,02a34557
2714,collect,1,80000570,000521fb
2714,writeback,3,8000052c,c8030313
2714,writeback,0,80000568,96a13557
2715,collect,0,8000056c,02a34557
2715,writeback,2,80000568,96a13557
2716,collect,2,8000056c,02a34557
2719,writeback,1,80000558,0005217b
2721,writeback,0,8000056c,02a34557
2721,lsu.issue,3,80000524,0005217b
2722,collect,0,80000570,000521fb
2722,writeback,2,8000056c,02a34557
2723,collect,2,80000570,000521fb
2724,writeback,0,80000558,0005217b
2725,writeback,2,80000558,0005217b
2727,lsu.issue,1,80000570,000521fb
2729,writeback,3,80000524,0005217b
2730,collect,3,80000530,5208a557
2731,lsu.issue,0,80000570,000521fb
2732,writeback,3,80000530,5208a557
2733,collect,3,80000534,96a13557
2734,lsu.issue,2,80000570,000521fb
2736,memory.read,0,90100d00,00000000
2737,writeback,3,80000534,96a13557
2738,collect,3,80000538,02a34557
2742,writeback,3,80000538,02a34557
2743,collect,3,8000053c,000521fb
2749,writeback,1,80000570,000521fb
2750,collect,1,80000574,0e31408b
2751,lsu.issue,3,8000053c,000521fb
2753,writeback,0,80000570,000521fb
2754,collect,0,80000574,0e31408b
2754,collect,1,80000578,90011337
2756,writeback,1,80000578,90011337
2756,writeback,2,80000570,000521fb
2757,collect,2,80000574,0e31408b
2757,collect,1,8000057c,d8030313
2758,collect,0,80000578,90011337
2759,writeback,3,8000053c,000521fb
2760,collect,3,80000540,0e31408b
2760,writeback,0,80000578,90011337
2761,collect,1,80000580,5208a557
2761,collect,2,80000578,90011337
2761,writeback,1,8000057c,d8030313
2762,collect,0,8000057c,d8030313
2763,writeback,2,80000578,90011337
2763,writeback,1,80000580,5208a557
2764,collect,1,80000584,96a13557
2764,collect,2,8000057c,d8030313
2765,collect,3,80000544,90011337
2765,writeback,1,80000574,0e31408b
2766,collect,0,80000580,5208a557
2766,writeback,0,8000057c,d8030313
2767,writeback,3,80000544,90011337
2768,collect,2,80000580,5208a557
2768,collect,3,80000548,d0030313
2768,writeback,2,8000057c,d8030313
2768,writeback,0,80000580,5208a557
2769,collect,0,80000584,96a13557
2769,writeback,1,80000584,96a13557
2770,collect,1,80000588,02a34557
2770,writeback,2,80000580,5208a557
2771,collect,2,80000584,96a13557
2771,writeback,0,80000574,0e31408b
2772,collect,3,8000054c,5208a557
2772,writeback,3,80000548,d0030313
2772,writeback,2,80000574,0e31408b
2773,writeback,0,80000584,96a13557
2774,collect,0,80000588,02a34557
2774,writeback,1,80000588,02a34557
2775,collect,1,8000058c,0005217b
2775,writeback,3,8000054c,5208a557
2776,collect,3,80000550,96a13557
2776,writeback,2,80000584,96a13557
2777,collect,2,80000588,02a34557
2777,writeback,3,80000540,0e31408b
2778,writeback,0,80000588,02a34557
2779,collect,0,8000058c,0005217b
2779,collect,1,80000590,90101337
2780,writeback,3,80000550,96a13557
2780,lsu.issue,1,8000058c,0005217b
2781,collect,3,80000554,02a34557
2781,writeback,1,80000590,90101337
2781,writeback,2,80000588,02a34557
2782,collect,2,8000058c,0005217b
2782,collect,1,80000594,d8030313
2783,collect,0,80000590,90101337
2784,lsu.issue,0,8000058c,0005217b
2785,writeback,0,80000590,90101337
2785,writeback,3,80000554,02a34557
2786,collect,1,80000598,5208a557
2786,collect,2,80000590,90101337
2786,writeback,1,80000594,d8030313
2787,collect,3,80000558,0005217b
2787,collect,0,80000594,d8030313
2787,lsu.issue,2,8000058c,0005217b
2788,writeback,2,80000590,90101337
2788,writeback,1,80000598,5208a557
2789,collect,1,8000059c,96a13557
2789,collect,2,80000594,d8030313
2789,memory.read,0,90010d80,00000000
2791,collect,0,80000598,5208a557
2791,collect,3,8000055c,90101337
2791,writeback,0,80000594,d8030313
2793,collect,2,80000598,5208a557
2793,writeback,2,80000594,d8030313
2793,writeback,1,8000059c,96a13557
2794,collect,1,800005a0,02a34557
2794,writeback,3,8000055c,90101337
2794,writeback,0,80000598,5208a557
2795,collect,0,8000059c,96a13557
2795,writeback,2,80000598,5208a557
2796,collect,2,8000059c,96a13557
2798,writeback,1,800005a0,02a34557
2799,collect,1,800005a4,000521fb
2799,writeback,0,8000059c,96a13557
2800,collect,0,800005a0,02a34557
2800,writeback,2,8000059c,96a13557
2801,collect,2,800005a0,02a34557
2802,writeback,1,8000058c,0005217b
2803,collect,3,80000560,d0030313
2804,writeback,0,800005a0,02a34557
2804,lsu.issue,3,80000558,0005217b
2805,collect,0,800005a4,000521fb
2805,writeback,2,800005a0,02a34557
2806,collect,2,800005a4,000521fb
2807,collect,3,80000564,5208a557
2807,writeback,3,80000560,d0030313
2807,writeback,0,8000058c,0005217b
2808,writeback,2,8000058c,0005217b
2810,lsu.issue,1,800005a4,000521fb
2812,writeback,3,80000558,0005217b
2814,writeback,3,80000564,5208a557
2814,lsu.issue,0,800005a4,000521fb
2815,collect,3,80000568,96a13557
2817,lsu.issue,2,800005a4,000521fb
2819,memory.read,0,90100d80,00000000
2819,writeback,3,80000568,96a13557
2820,collect,3,8000056c,02a34557
2824,writeback,3,8000056c,02a34557
2825,collect,3,80000570,000521fb
2832,writeback,1,800005a4,000521fb
2833,collect,1,800005a8,0e31408b
2834,lsu.issue,3,80000570,000521fb
2836,writeback,0,800005a4,000521fb
2837,collect,0,800005a8,0e31408b
2837,collect,1,800005ac,90011337
2839,writeback,1,800005ac,90011337
2839,writeback,2,800005a4,000521fb
2840,collect,2,800005a8,0e31408b
2840,collect,1,800005b0,e0030313
2841,collect,0,800005ac,90011337
2842,writeback,3,80000570,000521fb
2843,collect,3,80000574,0e31408b
2843,writeback,0,800005ac,90011337
2844,collect,1,800005b4,5208a557
2844,collect,2,800005ac,90011337
2844,writeback,1,800005b0,e0030313
2845,collect,0,800005b0,e0030313
2846,writeback,2,800005ac,90011337
2846,writeback,1,800005b4,5208a557
2847,collect,1,800005b8,96a13557
2847,collect,2,800005b0,e0030313
2848,collect,3,80000578,90011337
2848,writeback,1,800005a8,0e31408b
2849,collect,0,800005b4,5208a557
2849,writeback,0,800005b0,e0030313
2850,writeback,3,80000578,90011337
2851,collect,2,800005b4,5208a557
2851,collect,3,8000057c,d8030313
2851,writeback,2,800005b0,e0030313
2851,writeback,0,800005b4,5208a557
2852,collect,0,800005b8,96a13557
2852,writeback,1,800005b8,96a13557
2853,collect,1,800005bc,02a34557
2853,writeback,2,800005b4,5208a557
2854,collect,2,800005b8,96a13557
2854,writeback,0,800005a8,0e31408b
2855,collect,3,80000580,5208a557
2855,writeback,3,8000057c,d8030313
2855,writeback,2,800005a8,0e31408b
2856,writeback,0,800005b8,96a13557
2857,collect,0,800005bc,02a34557
2857,writeback,1,800005bc,02a34557
2858,collect,1,800005c0,0005217b
2858,writeback,3,80000580,5208a557
2859,collect,3,80000584,96a13557
2859,writeback,2,800005b8,96a13557
2860,collect,2,800005bc,02a34557
2860,writeback,3,80000574,0e31408b
2861,writeback,0,800005bc,02a34557
2862,collect,0,800005c0,0005217b
2862,collect,1,800005c4,90101337
2863,writeback,3,80000584,96a13557
2863,lsu.issue,1,800005c0,0005217b
2864,writeback,1,800005c4,90101337
2864,writeback,2,800005bc,02a34557
2865,collect,2,800005c0,0005217b
2865,collect,1,800005c8,e0030313
2866,collect,3,80000588,02a34557
2866,collect,0,800005c4,90101337
2867,lsu.issue,0,800005c0,0005217b
2868,writeback,0,800005c4,90101337
2869,collect,1,800005cc,5208a557
2869,collect,2,800005c4,90101337
2869,writeback,1,800005c8,e0030313
2870,collect,0,800005c8,e0030313
2870,writeback,3,80000588,02a34557
2870,lsu.issue,2,800005c0,0005217b
2871,collect,3,8000058c,0005217b
2871,writeback,2,800005c4,90101337
2871,writeback,1,800005cc,5208a557
2872,collect,1,800005d0,96a13557
2872,collect,2,800005c8,e0030313
2872,memory.read,0,90010e00,00000000
2874,collect,0,800005cc,5208a557
2874,writeback,0,800005c8,e0030313
2875,collect,3,80000590,90101337
2876,collect,2,800005cc,5208a557
2876,writeback,2,800005c8,e0030313
2876,writeback,1,800005d0,96a13557
2877,collect,1,800005d4,02a34557
2877,writeback,3,80000590,90101337
2877,writeback,0,800005cc,5208a557
2878,collect,0,800005d0,96a13557
2878,collect,3,80000594,d8030313
2878,writeback,2,800005cc,5208a557
2879,collect,2,800005d0,96a13557
2881,writeback,1,800005d4,02a34557
2882,collect,1,800005d8,000521fb
2882,writeback,3,80000594,d8030313
2882,writeback,0,800005d0,96a13557
2883,collect,0,800005d4,02a34557
2883,writeback,2,800005d0,96a13557
2884,collect,2,800005d4,02a34557
2885,writeback,1,800005c0,0005217b
2887,writeback,0,800005d4,02a34557
2887,lsu.issue,3,8000058c,0005217b
2888,collect,0,800005d8,000521fb
2888,writeback,2,800005d4,02a34557
2889,collect,2,800005d8,000521fb
2890,writeback,0,800005c0,0005217b
2891,writeback,2,800005c0,0005217b
2893,lsu.issue,1,800005d8,000521fb
2894,collect,3,80000598,5208a557
2895,writeback,3,8000058c,0005217b
2897,writeback,3,80000598,5208a557
2897,lsu.issue,0,800005d8,000521fb
2898,collect,3,8000059c,96a13557
2900,lsu.issue,2,800005d8,000521fb
2902,memory.read,0,90100e00,00000000
2902,writeback,3,8000059c,96a13557
2903,collect,3,800005a0,02a34557
2907,writeback,3,800005a0,02a34557
2908,collect,3,800005a4,000521fb
2915,writeback,1,800005d8,000521fb
2916,collect,1,800005dc,0e31408b
2917,lsu.issue,3,800005a4,000521fb
2919,writeback,0,800005d8,000521fb
2920,collect,0,800005dc,0e31408b
2920,collect,1,800005e0,90011337
2922,writeback,1,800005e0,90011337
2922,writeback,2,800005d8,000521fb
2923,collect,2,800005dc,0e31408b
2923,collect,1,800005e4,e8030313
2924,collect,0,800005e0,90011337
2925,writeback,3,800005a4,000521fb
2926,collect,3,800005a8,0e31408b
2926,memory.read,0,80000600,00000000
2926,writeback,0,800005e0,90011337
2927,collect,1,800005e8,5208a557
2927,collect,2,800005e0,90011337
2927,writeback,1,800005e4,e8030313
2928,collect,0,800005e4,e8030313
2929,writeback,2,800005e0,90011337
2929,writeback,1,800005e8,5208a557
2930,collect,1,800005ec,96a13557
2930,collect,2,800005e4,e8030313
2931,collect,3,800005ac,90011337
2931,writeback,1,800005dc,0e31408b
2932,collect,0,800005e8,5208a557
2932,writeback,0,800005e4,e8030313
2933,writeback,3,800005ac,90011337
2934,collect,2,800005e8,5208a557
2934,collect,3,800005b0,e0030313
2934,writeback,2,800005e4,e8030313
2934,writeback,0,800005e8,5208a557
2935,collect,0,800005ec,96a13557
2935,writeback,1,800005ec,96a13557
2936,collect,1,800005f0,02a34557
2936,writeback,2,800005e8,5208a557
2937,collect,2,800005ec,96a13557
2937,writeback,0,800005dc,0e31408b
2938,collect,3,800005b4,5208a557
2938,writeback,3,800005b0,e0030313
2938,writeback,2,800005dc,0e31408b
2939,writeback,0,800005ec,96a13557
2940,collect,0,800005f0,02a34557
2940,writeback,1,800005f0,02a34557
2941,collect,1,800005f4,0005217b
2941,writeback,3,800005b4,5208a557
2942,collect,3,800005b8,96a13557
2942,writeback,2,800005ec,96a13557
2943,collect,2,800005f0,02a34557
2943,writeback,3,800005a8,0e31408b
2944,writeback,0,800005f0,02a34557
2945,collect,0,800005f4,0005217b
2945,collect,1,800005f8,90101337
2946,writeback,3,800005b8,96a13557
2946,lsu.issue,1,800005f4,0005217b
2947,collect,3,800005bc,02a34557
2947,writeback,1,800005f8,90101337
2947,writeback,2,800005f0,02a34557
2948,collect,2,800005f4,0005217b
2948,collect,1,800005fc,e8030313
2949,collect,0,800005f8,90101337
2950,lsu.issue,0,800005f4,0005217b
2951,writeback,0,800005f8,90101337
2951,writeback,3,800005bc,02a34557
2952,collect,1,80000600,5208a557
2952,collect,2,800005f8,90101337
2952,writeback,1,800005fc,e8030313
2953,collect,0,800005fc,e8030313
2953,lsu.issue,2,800005f4,0005217b
2954,writeback,2,800005f8,90101337
2954,writeback,1,80000600,5208a557
2955,collect,1,80000604,96a13557
2955,collect,2,800005fc,e8030313
2955,memory.read,0,90010e80,00000000
2957,collect,0,80000600,5208a557
2957,writeback,0,800005fc,e8030313
2959,collect,2,80000600,5208a557
2959,writeback,2,800005fc,e8030313
2959,writeback,0,80000600,5208a557
2960,collect,0,80000604,96a13557
2960,writeback,1,80000604,96a13557
2961,collect,1,80000608,02a34557
2961,writeback,2,80000600,5208a557
2962,collect,2,80000604,96a13557
2964,writeback,0,80000604,96a13557
2965,collect,0,80000608,02a34557
2965,writeback,1,80000608,02a34557
2966,collect,1,8000060c,000521fb
2966,writeback,2,80000604,96a13557
2967,collect,2,80000608,02a34557
2968,writeback,1,800005f4,0005217b
2969,writeback,0,80000608,02a34557
2970,collect,0,8000060c,000521fb
2971,writeback,2,80000608,02a34557
2972,collect,2,8000060c,000521fb
2972,lsu.issue,1,8000060c,000521fb
2974,collect,3,800005c0,0005217b
2974,writeback,0,800005f4,0005217b
2975,writeback,2,800005f4,0005217b
2977,lsu.issue,0,8000060c,000521fb
2980,collect,3,800005c4,90101337
2980,lsu.issue,2,8000060c,000521fb
2981,memory.read,0,90100e80,00000000
2982,writeback,3,800005c4,90101337
2983,collect,3,800005c8,e0030313
2987,collect,3,800005cc,5208a557
2987,writeback,3,800005c8,e0030313
2989,writeback,3,800005cc,5208a557
2990,collect,3,800005d0,96a13557
2994,writeback,3,800005d0,96a13557
2995,collect,3,800005d4,02a34557
2995,lsu.issue,3,800005c0,0005217b
2997,writeback,1,8000060c,000521fb
2998,collect,1,80000610,0e31408b
2998,writeback,0,8000060c,000521fb
2999,collect,0,80000610,0e31408b
2999,writeback,3,800005d4,02a34557
3000,collect,3,800005d8,000521fb
3001,writeback,2,8000060c,000521fb
3002,collect,2,80000610,0e31408b
3002,collect,1,80000614,90011337
3003,collect,0,80000614,90011337
3004,writeback,1,80000614,90011337
3004,writeback,3,800005c0,0005217b
3005,collect,1,80000618,f0030313
3005,writeback,0,80000614,90011337
3006,collect,2,80000614,90011337
3006,lsu.issue,3,800005d8,000521fb
3007,collect,0,80000618,f0030313
3008,writeback,2,80000614,90011337
3009,collect,1,8000061c,5208a557
3009,collect,2,80000618,f0030313
3009,writeback,1,80000618,f0030313
3011,collect,0,8000061c,5208a557
3011,writeback,0,80000618,f0030313
3011,writeback,1,8000061c,5208a557
3012,collect,1,80000620,96a13557
3013,collect,2,8000061c,5208a557
3013,writeback,2,80000618,f0030313
3013,writeback,0,8000061c,5208a557
3014,collect,0,80000620,96a13557
3014,writeback,1,80000610,0e31408b
3015,writeback,2,8000061c,5208a557
3016,collect,2,80000620,96a13557
3016,writeback,1,80000620,96a13557
3017,collect,1,80000624,02a34557
3017,writeback,0,80000610,0e31408b
3018,writeback,0,80000620,96a13557
3019,collect,0,80000624,02a34557
3019,writeback,2,80000610,0e31408b
3020,writeback,2,80000620,96a13557
3021,collect,2,80000624,02a34557
3021,writeback,1,80000624,02a34557
3022,collect,1,80000628,0005217b
3023,writeback,0,80000624,02a34557
3024,collect,0,80000628,0005217b
3025,writeback,2,80000624,02a34557
3026,collect,2,80000628,0005217b
3026,collect,1,8000062c,90101337
3027,writeback,3,800005d8,000521fb
3028,collect,3,800005dc,0e31408b
3028,collect,0,8000062c,90101337
3028,writeback,1,8000062c,90101337
3029,collect,1,80000630,f0030313
3029,lsu.issue,1,80000628,0005217b
3030,writeback,0,8000062c,90101337
3031,collect,0,80000630,f0030313
3032,collect,2,8000062c,90101337
3032,lsu.issue,0,80000628,0005217b
3033,collect,1,80000634,5208a557
3033,collect,3,800005e0,90011337
3033,writeback,1,80000630,f0030313
3034,writeback,2,8000062c,90101337
3035,collect,0,80000634,5208a557
3035,collect,2,80000630,f0030313
3035,writeback,0,80000630,f0030313
3035,lsu.issue,2,80000628,0005217b
3035,writeback,1,80000634,5208a557
3036,collect,1,80000638,96a13557
3036,writeback,3,800005e0,90011337
3037,collect,3,800005e4,e8030313
3037,writeback,0,80000634,5208a557
3038,collect,0,80000638,96a13557
3038,memory.read,0,90010f00,00000000
3039,collect,2,80000634,5208a557
3039,writeback,2,80000630,f0030313
3040,writeback,1,80000638,96a13557
3041,collect,3,800005e8,5208a557
3041,writeback,3,800005e4,e8030313
3041,writeback,2,80000634,5208a557
3042,collect,1,8000063c,02a34557
3042,writeback,0,80000638,96a13557
3043,collect,2,80000638,96a13557
3043,writeback,3,800005e8,5208a557
3044,collect,3,800005ec,96a13557
3044,writeback,3,800005dc,0e31408b
3045,collect,0,8000063c,02a34557
3046,writeback,1,8000063c,02a34557
3047,collect,1,80000640,000521fb
3047,writeback,2,80000638,96a13557
3048,collect,2,8000063c,02a34557
3048,writeback,3,800005ec,96a13557
3049,collect,3,800005f0,02a34557
3049,writeback,0,8000063c,02a34557
3050,collect,0,80000640,000521fb
3051,writeback,1,80000628,0005217b
3052,writeback,2,8000063c,02a34557
3053,collect,2,80000640,000521fb
3053,writeback,3,800005f0,02a34557
3053,lsu.issue,1,80000640,000521fb
3054,collect,3,800005f4,0005217b
3055,writeback,0,80000628,0005217b
3057,lsu.issue,0,80000640,000521fb
3059,writeback,2,80000628,0005217b
3060,collect,3,800005f8,90101337
3061,lsu.issue,2,80000640,000521fb
3062,memory.read,0,90100f00,00000000
3062,writeback,3,800005f8,90101337
3063,collect,3,800005fc,e8030313
3067,collect,3,80000600,5208a557
3067,writeback,3,800005fc,e8030313
3069,writeback,3,80000600,5208a557
3070,collect,3,80000604,96a13557
3074,writeback,3,80000604,96a13557
3075,collect,3,80000608,02a34557
3076,writeback,1,80000640,000521fb
3077,collect,1,80000644,0e31408b
3077,writeback,0,80000640,000521fb
3078,collect,0,80000644,0e31408b
3079,writeback,3,80000608,02a34557
3079,lsu.issue,3,800005f4,0005217b
3080,collect,3,8000060c,000521fb
3081,collect,1,80000648,90011337
3081,writeback,2,80000640,000521fb
3082,collect,2,80000644,0e31408b
3082,collect,0,80000648,90011337
3083,writeback,1,80000648,90011337
3084,collect,1,8000064c,f8030313
3084,writeback,0,80000648,90011337
3084,writeback,3,800005f4,0005217b
3085,collect,0,8000064c,f8030313
3086,collect,2,80000648,90011337
3086,lsu.issue,3,8000060c,000521fb
3088,writeback,2,80000648,90011337
3089,collect,1,80000650,5208a557
3089,collect,2,8000064c,f8030313
3089,writeback,1,8000064c,f8030313
3090,collect,0,80000650,5208a557
3090,writeback,0,8000064c,f8030313
3091,writeback,1,80000650,5208a557
3092,collect,1,80000654,96a13557
3092,writeback,0,80000650,5208a557
3093,collect,2,80000650,5208a557
3093,writeback,2,8000064c,f8030313
3093,writeback,1,80000644,0e31408b
3094,collect,0,80000654,96a13557
3094,writeback,3,8000060c,000521fb
3095,collect,3,80000610,0e31408b
3095,writeback,2,80000650,5208a557
3096,collect,2,80000654,96a13557
3096,writeback,1,80000654,96a13557
3097,collect,1,80000658,02a34557
3097,writeback,0,80000644,0e31408b
3098,writeback,0,80000654,96a13557
3099,collect,0,80000658,02a34557
3099,collect,3,80000614,90011337
3099,writeback,2,80000644,0e31408b
3100,writeback,2,80000654,96a13557
3101,collect,2,80000658,02a34557
3101,writeback,3,80000614,90011337
3101,writeback,1,80000658,02a34557
3102,collect,1,8000065c,0005217b
3102,collect,3,80000618,f0030313
3103,writeback,0,80000658,02a34557
3104,collect,0,8000065c,0005217b
3105,writeback,2,80000658,02a34557
3106,collect,2,8000065c,0005217b
3106,collect,1,80000660,90101337
3106,writeback,3,80000618,f0030313
3107,collect,3,8000061c,5208a557
3107,lsu.issue,1,8000065c,0005217b
3108,collect,0,80000660,90101337
3108,writeback,1,80000660,90101337
3109,collect,1,80000664,f8030313
3109,writeback,3,8000061c,5208a557
3110,collect,3,80000620,96a13557
3110,collect,2,80000660,90101337
3110,writeback,0,80000660,90101337
3110,writeback,3,80000610,0e31408b
3110,lsu.issue,0,8000065c,0005217b
3111,collect,0,80000664,f8030313
3112,writeback,2,80000660,90101337
3113,collect,1,80000668,5208a557
3113,collect,2,80000664,f8030313
3113,writeback,1,80000664,f8030313
3113,lsu.issue,2,8000065c,0005217b
3114,memory.read,0,80000680,00000000
3114,writeback,3,80000620,96a13557
3115,collect,3,80000624,02a34557
3115,writeback,0,80000664,f8030313
3115,writeback,1,80000668,5208a557
3116,collect,0,80000668,5208a557
3116,memory.read,0,90010f80,00000000
3117,collect,1,8000066c,96a13557
3117,writeback,2,80000664,f8030313
3118,collect,2,80000668,5208a557
3118,writeback,0,80000668,5208a557
3119,collect,0,8000066c,96a13557
3119,writeback,3,80000624,02a34557
3120,collect,3,80000628,0005217b
3120,writeback,2,80000668,5208a557
3121,collect,2,8000066c,96a13557
3121,writeback,1,8000066c,96a13557
3122,collect,1,80000670,02a34557
3123,writeback,0,8000066c,96a13557
3124,collect,0,80000670,02a34557
3124,collect,3,8000062c,90101337
3125,writeback,2,8000066c,96a13557
3126,collect,2,80000670,02a34557
3126,writeback,3,8000062c,90101337
3126,writeback,1,80000670,02a34557
3127,collect,1,80000674,000521fb
3128,writeback,0,80000670,02a34557
3129,collect,0,80000674,000521fb
3130,writeback,2,80000670,02a34557
3131,collect,2,80000674,000521fb
3131,lsu.issue,3,80000628,0005217b
3133,writeback,1,8000065c,0005217b
3134,writeback,0,8000065c,0005217b
3135,writeback,2,8000065c,0005217b
3137,lsu.issue,1,80000674,000521fb
3139,writeback,3,80000628,0005217b
3141,lsu.issue,0,80000674,000521fb
3144,collect,3,80000630,f0030313
3144,lsu.issue,2,80000674,000521fb
3146,memory.read,0,90100f80,00000000
3148,collect,3,80000634,5208a557
3148,writeback,3,80000630,f0030313
3150,writeback,3,80000634,5208a557
3151,collect,3,80000638,96a13557
3155,writeback,3,80000638,96a13557
3156,collect,3,8000063c,02a34557
3159,writeback,1,80000674,000521fb
3160,collect,1,80000678,0e31408b
3160,writeback,3,8000063c,02a34557
3161,collect,3,80000640,000521fb
3162,writeback,0,80000674,000521fb
3163,collect,0,80000678,0e31408b
3164,collect,1,8000067c,90002337
3165,writeback,2,80000674,000521fb
3166,collect,1,80000680,5208a557
3166,writeback,1,8000067c,90002337
3167,collect,2,80000678,0e31408b
3167,collect,0,8000067c,90002337
3167,lsu.issue,3,80000640,000521fb
3168,writeback,1,80000680,5208a557
3169,collect,0,80000680,5208a557
3169,writeback,0,8000067c,90002337
3170,collect,1,80000684,96a13557
3171,collect,2,8000067c,90002337
3172,writeback,0,80000680,5208a557
3173,collect,2,80000680,5208a557
3173,writeback,2,8000067c,90002337
3174,collect,0,80000684,96a13557
3174,writeback,1,80000684,96a13557
3175,collect,1,80000688,02a34557
3175,writeback,2,80000680,5208a557
3176,collect,2,80000684,96a13557
3176,writeback,1,80000678,0e31408b
3177,writeback,3,80000640,000521fb
3178,collect,3,80000644,0e31408b
3178,writeback,0,80000684,96a13557
3179,collect,0,80000688,02a34557
3179,collect,1,8000068c,800028f3
3179,writeback,1,80000688,02a34557
3180,writeback,2,80000684,96a13557
3181,collect,2,80000688,02a34557
3181,writeback,0,80000678,0e31408b
3182,collect,3,80000648,90011337
3182,writeback,2,80000678,0e31408b
3183,collect,0,8000068c,800028f3
3183,writeback,1,8000068c,800028f3
3183,writeback,0,80000688,02a34557
3184,collect,1,80000690,00289893
3184,writeback,3,80000648,90011337
3185,collect,2,8000068c,800028f3
3185,writeback,2,80000688,02a34557
3186,collect,3,8000064c,f8030313
3187,writeback,0,8000068c,800028f3
3188,collect,0,80000690,00289893
3188,writeback,1,80000690,00289893
3189,collect,1,80000694,02a8c557
3189,writeback,2,8000068c,800028f3
3190,collect,3,80000650,5208a557
3190,collect,2,80000690,00289893
3190,writeback,3,8000064c,f8030313
3192,writeback,0,80000690,00289893
3192,writeback,3,80000650,5208a557
3193,collect,0,80000694,02a8c557
3193,writeback,1,80000694,02a8c557
3194,collect,1,80000698,0015607b
3194,writeback,2,80000690,00289893
3194,writeback,3,80000644,0e31408b
3195,collect,2,80000694,02a8c557
3196,collect,3,80000654,96a13557
3197,writeback,0,80000694,02a8c557
3198,collect,0,80000698,0015607b
3198,collect,1,8000069c,0000400b
3199,writeback,2,80000694,02a8c557
3199,lsu.issue,1,80000698,0015607b
3199,end,1,8000069c,0000400b
3200,collect,2,80000698,0015607b
3200,writeback,3,80000654,96a13557
3201,collect,3,80000658,02a34557
3202,collect,0,8000069c,0000400b
3203,lsu.issue,0,80000698,0015607b
3204,collect,2,8000069c,0000400b
3204,end,0,8000069c,0000400b
3205,writeback,3,80000658,02a34557
3205,end,2,8000069c,0000400b
3205,store.complete,1,80000698,0015607b
3206,collect,3,8000065c,0005217b
3207,lsu.issue,2,80000698,0015607b
3208,memory.read,0,90002080,00000000
3209,store.complete,0,80000698,0015607b
3210,collect,3,80000660,90101337
3211,lsu.issue,3,8000065c,0005217b
3212,memory.read,0,90002000,00000000
3212,writeback,3,80000660,90101337
3213,collect,3,80000664,f8030313
3213,store.complete,2,80000698,0015607b
3216,memory.read,0,90002100,00000000
3216,writeback,3,8000065c,0005217b
3217,collect,3,80000668,5208a557
3217,writeback,3,80000664,f8030313
3218,memory.write,0,90002080,00000000
3219,writeback,3,80000668,5208a557
3220,collect,3,8000066c,96a13557
3222,memory.write,0,90002000,00000000
3224,writeback,3,8000066c,96a13557
3225,collect,3,80000670,02a34557
3226,memory.write,0,90002100,00000000
3229,writeback,3,80000670,02a34557
3230,collect,3,80000674,000521fb
3235,lsu.issue,3,80000674,000521fb
3240,writeback,3,80000674,000521fb
3241,collect,3,80000678,0e31408b
3245,collect,3,8000067c,90002337
3247,collect,3,80000680,5208a557
3247,writeback,3,8000067c,90002337
3249,writeback,3,80000680,5208a557
3250,collect,3,80000684,96a13557
3254,writeback,3,80000684,96a13557
3255,collect,3,80000688,02a34557
3256,writeback,3,80000678,0e31408b
3259,collect,3,8000068c,800028f3
3259,writeback,3,80000688,02a34557
3263,writeback,3,8000068c,800028f3
3264,collect,3,80000690,00289893
3268,writeback,3,80000690,00289893
3269,collect,3,80000694,02a8c557
3273,writeback,3,80000694,02a8c557
3274,collect,3,80000698,0015607b
3278,collect,3,8000069c,0000400b
3279,lsu.issue,3,80000698,0015607b
3279,end,3,8000069c,0000400b
3281,host.finish,0,00000000,00000000
3284,store.complete,3,80000698,0015607b
3288,memory.read,0,90002180,00000000
3298,memory.write,0,90002180,00000000
