[L1C] #    525 SM 0 CACHE 0 ADDR 80000000
sm   0 warp 0 0x80000000 0x2e1080d7 v  1 11111111111111111111111111111111 00000000 00000000 00000000 00000000 00000000 00000000 00000000 00000000 00000000 00000000 00000000 00000000 00000000 00000000 00000000 00000000 00000000 00000000 00000000 00000000 00000000 00000000 00000000 00000000 00000000 00000000 00000000 00000000 00000000 00000000 00000000 00000000 
sm   0 warp 0 0x80000004 0x90010337 x  6  90010000
sm   0 warp 0 0x80000008 0x5208a557 v 10 11111111111111111111111111111111 0000001f 0000001e 0000001d 0000001c 0000001b 0000001a 00000019 00000018 00000017 00000016 00000015 00000014 00000013 00000012 00000011 00000010 0000000f 0000000e 0000000d 0000000c 0000000b 0000000a 00000009 00000008 00000007 00000006 00000005 00000004 00000003 00000002 00000001 00000000 
sm   0 warp 0 0x8000000c 0x96a13557 v 10 11111111111111111111111111111111 0000007c 00000078 00000074 00000070 0000006c 00000068 00000064 00000060 0000005c 00000058 00000054 00000050 0000004c 00000048 00000044 00000040 0000003c 00000038 00000034 00000030 0000002c 00000028 00000024 00000020 0000001c 00000018 00000014 00000010 0000000c 00000008 00000004 00000000 
sm   0 warp 0 0x80000010 0x02a34557 v 10 11111111111111111111111111111111 9001007c 90010078 90010074 90010070 9001006c 90010068 90010064 90010060 9001005c 90010058 90010054 90010050 9001004c 90010048 90010044 90010040 9001003c 90010038 90010034 90010030 9001002c 90010028 90010024 90010020 9001001c 90010018 90010014 90010010 9001000c 90010008 90010004 90010000 
sm   0 warp 0 0x80000014 0x0005217b lsu.r v  2 op 3 @ 9001007c 90010078 90010074 90010070 9001006c 90010068 90010064 90010060 9001005c 90010058 90010054 90010050 9001004c 90010048 90010044 90010040 9001003c 90010038 90010034 90010030 9001002c 90010028 90010024 90010020 9001001c 90010018 90010014 90010010 9001000c 90010008 90010004 90010000
sm   0 warp 0 0x80000018 0x90100337 x  6  90100000
sm   0 warp 0 0x8000001c 0x5208a557 v 10 11111111111111111111111111111111 0000001f 0000001e 0000001d 0000001c 0000001b 0000001a 00000019 00000018 00000017 00000016 00000015 00000014 00000013 00000012 00000011 00000010 0000000f 0000000e 0000000d 0000000c 0000000b 0000000a 00000009 00000008 00000007 00000006 00000005 00000004 00000003 00000002 00000001 00000000 
[L1C] #    574 SM 0 CACHE 1 ADDR 90010000
sm   0 warp 0 0x80000020 0x96a13557 v 10 11111111111111111111111111111111 0000007c 00000078 00000074 00000070 0000006c 00000068 00000064 00000060 0000005c 00000058 00000054 00000050 0000004c 00000048 00000044 00000040 0000003c 00000038 00000034 00000030 0000002c 00000028 00000024 00000020 0000001c 00000018 00000014 00000010 0000000c 00000008 00000004 00000000 
sm   0 warp 0 0x80000024 0x02a34557 v 10 11111111111111111111111111111111 9010007c 90100078 90100074 90100070 9010006c 90100068 90100064 90100060 9010005c 90100058 90100054 90100050 9010004c 90100048 90100044 90100040 9010003c 90100038 90100034 90100030 9010002c 90100028 90100024 90100020 9010001c 90100018 90100014 90100010 9010000c 90100008 90100004 90100000 
sm   0 warp 0 0x80000028 0x000521fb lsu.r v  3 op 3 @ 9010007c 90100078 90100074 90100070 9010006c 90100068 90100064 90100060 9010005c 90100058 90100054 90100050 9010004c 90100048 90100044 90100040 9010003c 90100038 90100034 90100030 9010002c 90100028 90100024 90100020 9010001c 90100018 90100014 90100010 9010000c 90100008 90100004 90100000
sm   0 warp 0 0x80000014 0x0005217b v  2 11111111111111111111111111111111 bf800000 c0000000 c0400000 40400000 40000000 3f800000 00000000 bf800000 40400000 40000000 3f800000 00000000 bf800000 c0000000 c0400000 40400000 00000000 bf800000 c0000000 c0400000 40400000 40000000 3f800000 00000000 c0400000 40400000 40000000 3f800000 00000000 bf800000 c0000000 c0400000 
[L1C] #    593 SM 0 CACHE 1 ADDR 90100000
sm   0 warp 0 0x80000028 0x000521fb v  3 11111111111111111111111111111111 3f800000 00000000 bf800000 c0000000 40000000 3f800000 00000000 bf800000 bf800000 c0000000 40000000 3f800000 00000000 bf800000 c0000000 40000000 40000000 3f800000 00000000 bf800000 c0000000 40000000 3f800000 00000000 00000000 bf800000 c0000000 40000000 3f800000 00000000 bf800000 c0000000 
sm   0 warp 0 0x8000002c 0x0e31408b v  1 11111111111111111111111111111111 00000000 00000000 00000000 00000000 00000000 00000000 00000000 00000000 00000000 00000000 00000000 00000000 00000000 00000000 00000000 00000000 40000000 bf800000 c1100000 41900000 c0a00000 41100000 40400000 c1000000 41800000 c1100000 3f800000 3f800000 c0a00000 3f800000 c1000000 40400000 
sm   0 warp 0 0x80000030 0x0e31408b v  1 11111111111111111111111111111111 00000000 00000000 00000000 00000000 00000000 00000000 00000000 00000000 00000000 00000000 00000000 00000000 00000000 00000000 00000000 00000000 40800000 c0000000 c1900000 42100000 c1200000 41900000 40c00000 c1800000 42000000 c1900000 40000000 40000000 c1200000 40000000 c1800000 40c00000 
sm   0 warp 0 0x80000034 0x0e31408b v  1 11111111111111111111111111111111 00000000 00000000 00000000 00000000 00000000 00000000 00000000 00000000 00000000 00000000 00000000 00000000 00000000 00000000 00000000 00000000 40c00000 c0400000 c1d80000 42580000 c1700000 41d80000 41100000 c1c00000 42400000 c1d80000 40400000 40400000 c1700000 40400000 c1c00000 41100000 
sm   0 warp 0 0x80000038 0x0e31408b v  1 11111111111111111111111111111111 00000000 00000000 00000000 00000000 00000000 00000000 00000000 00000000 00000000 00000000 00000000 00000000 00000000 00000000 00000000 00000000 41000000 c0800000 c2100000 42900000 c1a00000 42100000 41400000 c2000000 42800000 c2100000 40800000 40800000 c1a00000 40800000 c2000000 41400000 
sm   0 warp 0 0x8000003c 0x0e31408b v  1 11111111111111111111111111111111 00000000 00000000 00000000 00000000 00000000 00000000 00000000 00000000 00000000 00000000 00000000 00000000 00000000 00000000 00000000 00000000 41200000 c0a00000 c2340000 42b40000 c1c80000 42340000 41700000 c2200000 42a00000 c2340000 40a00000 40a00000 c1c80000 40a00000 c2200000 41700000 
sm   0 warp 0 0x80000040 0x0e31408b v  1 11111111111111111111111111111111 00000000 00000000 00000000 00000000 00000000 00000000 00000000 00000000 00000000 00000000 00000000 00000000 00000000 00000000 00000000 00000000 41400000 c0c00000 c2580000 42d80000 c1f00000 42580000 41900000 c2400000 42c00000 c2580000 40c00000 40c00000 c1f00000 40c00000 c2400000 41900000 
sm   0 warp 0 0x80000044 0x0e31408b v  1 11111111111111111111111111111111 00000000 00000000 00000000 00000000 00000000 00000000 00000000 00000000 00000000 00000000 00000000 00000000 00000000 00000000 00000000 00000000 41600000 c0e00000 c27c0000 42fc0000 c20c0000 427c0000 41a80000 c2600000 42e00000 c27c0000 40e00000 40e00000 c20c0000 40e00000 c2600000 41a80000 
sm   0 warp 0 0x80000048 0x0e31408b v  1 11111111111111111111111111111111 00000000 00000000 00000000 00000000 00000000 00000000 00000000 00000000 00000000 00000000 00000000 00000000 00000000 00000000 00000000 00000000 41800000 c1000000 c2900000 43100000 c2200000 42900000 41c00000 c2800000 43000000 c2900000 41000000 41000000 c2200000 41000000 c2800000 41c00000 
sm   0 warp 0 0x8000004c 0x0e31408b v  1 11111111111111111111111111111111 00000000 00000000 00000000 00000000 00000000 00000000 00000000 00000000 00000000 00000000 00000000 00000000 00000000 00000000 00000000 00000000 41900000 c1100000 c2a20000 43220000 c2340000 42a20000 41d80000 c2900000 43100000 c2a20000 41100000 41100000 c2340000 41100000 c2900000 41d80000 
sm   0 warp 0 0x80000050 0x0e31408b v  1 11111111111111111111111111111111 00000000 00000000 00000000 00000000 00000000 00000000 00000000 00000000 00000000 00000000 00000000 00000000 00000000 00000000 00000000 00000000 41a00000 c1200000 c2b40000 43340000 c2480000 42b40000 41f00000 c2a00000 43200000 c2b40000 41200000 41200000 c2480000 41200000 c2a00000 41f00000 
sm   0 warp 0 0x80000054 0x0e31408b v  1 11111111111111111111111111111111 00000000 00000000 00000000 00000000 00000000 00000000 00000000 00000000 00000000 00000000 00000000 00000000 00000000 00000000 00000000 00000000 41b00000 c1300000 c2c60000 43460000 c25c0000 42c60000 42040000 c2b00000 43300000 c2c60000 41300000 41300000 c25c0000 41300000 c2b00000 42040000 
sm   0 warp 0 0x80000058 0x0e31408b v  1 11111111111111111111111111111111 00000000 00000000 00000000 00000000 00000000 00000000 00000000 00000000 00000000 00000000 00000000 00000000 00000000 00000000 00000000 00000000 41c00000 c1400000 c2d80000 43580000 c2700000 42d80000 42100000 c2c00000 43400000 c2d80000 41400000 41400000 c2700000 41400000 c2c00000 42100000 
[L1C] #    809 SM 0 CACHE 0 ADDR 80000080
sm   0 warp 0 0x8000005c 0x0e31408b v  1 11111111111111111111111111111111 00000000 00000000 00000000 00000000 00000000 00000000 00000000 00000000 00000000 00000000 00000000 00000000 00000000 00000000 00000000 00000000 41d00000 c1500000 c2ea0000 436a0000 c2820000 42ea0000 421c0000 c2d00000 43500000 c2ea0000 41500000 41500000 c2820000 41500000 c2d00000 421c0000 
sm   0 warp 0 0x80000060 0x0e31408b v  1 11111111111111111111111111111111 00000000 00000000 00000000 00000000 00000000 00000000 00000000 00000000 00000000 00000000 00000000 00000000 00000000 00000000 00000000 00000000 41e00000 c1600000 c2fc0000 437c0000 c28c0000 42fc0000 42280000 c2e00000 43600000 c2fc0000 41600000 41600000 c28c0000 41600000 c2e00000 42280000 
sm   0 warp 0 0x80000064 0x0e31408b v  1 11111111111111111111111111111111 00000000 00000000 00000000 00000000 00000000 00000000 00000000 00000000 00000000 00000000 00000000 00000000 00000000 00000000 00000000 00000000 41f00000 c1700000 c3070000 43870000 c2960000 43070000 42340000 c2f00000 43700000 c3070000 41700000 41700000 c2960000 41700000 c2f00000 42340000 
sm   0 warp 0 0x80000068 0x0e31408b v  1 11111111111111111111111111111111 00000000 00000000 00000000 00000000 00000000 00000000 00000000 00000000 00000000 00000000 00000000 00000000 00000000 00000000 00000000 00000000 42000000 c1800000 c3100000 43900000 c2a00000 43100000 42400000 c3000000 43800000 c3100000 41800000 41800000 c2a00000 41800000 c3000000 42400000 
sm   0 warp 0 0x8000006c 0x0e31408b v  1 11111111111111111111111111111111 00000000 00000000 00000000 00000000 00000000 00000000 00000000 00000000 00000000 00000000 00000000 00000000 00000000 00000000 00000000 00000000 42080000 c1880000 c3190000 43990000 c2aa0000 43190000 424c0000 c3080000 43880000 c3190000 41880000 41880000 c2aa0000 41880000 c3080000 424c0000 
sm   0 warp 0 0x80000070 0x0e31408b v  1 11111111111111111111111111111111 00000000 00000000 00000000 00000000 00000000 00000000 00000000 00000000 00000000 00000000 00000000 00000000 00000000 00000000 00000000 00000000 42100000 c1900000 c3220000 43a20000 c2b40000 43220000 42580000 c3100000 43900000 c3220000 41900000 41900000 c2b40000 41900000 c3100000 42580000 
sm   0 warp 0 0x80000074 0x0e31408b v  1 11111111111111111111111111111111 00000000 00000000 00000000 00000000 00000000 00000000 00000000 00000000 00000000 00000000 00000000 00000000 00000000 00000000 00000000 00000000 42180000 c1980000 c32b0000 43ab0000 c2be0000 432b0000 42640000 c3180000 43980000 c32b0000 41980000 41980000 c2be0000 41980000 c3180000 42640000 
sm   0 warp 0 0x80000078 0x0e31408b v  1 11111111111111111111111111111111 00000000 00000000 00000000 00000000 00000000 00000000 00000000 00000000 00000000 00000000 00000000 00000000 00000000 00000000 00000000 00000000 42200000 c1a00000 c3340000 43b40000 c2c80000 43340000 42700000 c3200000 43a00000 c3340000 41a00000 41a00000 c2c80000 41a00000 c3200000 42700000 
sm   0 warp 0 0x8000007c 0x0e31408b v  1 11111111111111111111111111111111 00000000 00000000 00000000 00000000 00000000 00000000 00000000 00000000 00000000 00000000 00000000 00000000 00000000 00000000 00000000 00000000 42280000 c1a80000 c33d0000 43bd0000 c2d20000 433d0000 427c0000 c3280000 43a80000 c33d0000 41a80000 41a80000 c2d20000 41a80000 c3280000 427c0000 
sm   0 warp 0 0x80000080 0x0e31408b v  1 11111111111111111111111111111111 00000000 00000000 00000000 00000000 00000000 00000000 00000000 00000000 00000000 00000000 00000000 00000000 00000000 00000000 00000000 00000000 42300000 c1b00000 c3460000 43c60000 c2dc0000 43460000 42840000 c3300000 43b00000 c3460000 41b00000 41b00000 c2dc0000 41b00000 c3300000 42840000 
sm   0 warp 0 0x80000084 0x0e31408b v  1 11111111111111111111111111111111 00000000 00000000 00000000 00000000 00000000 00000000 00000000 00000000 00000000 00000000 00000000 00000000 00000000 00000000 00000000 00000000 42380000 c1b80000 c34f0000 43cf0000 c2e60000 434f0000 428a0000 c3380000 43b80000 c34f0000 41b80000 41b80000 c2e60000 41b80000 c3380000 428a0000 
sm   0 warp 0 0x80000088 0x0e31408b v  1 11111111111111111111111111111111 00000000 00000000 00000000 00000000 00000000 00000000 00000000 00000000 00000000 00000000 00000000 00000000 00000000 00000000 00000000 00000000 42400000 c1c00000 c3580000 43d80000 c2f00000 43580000 42900000 c3400000 43c00000 c3580000 41c00000 41c00000 c2f00000 41c00000 c3400000 42900000 
sm   0 warp 0 0x8000008c 0x0e31408b v  1 11111111111111111111111111111111 00000000 00000000 00000000 00000000 00000000 00000000 00000000 00000000 00000000 00000000 00000000 00000000 00000000 00000000 00000000 00000000 42480000 c1c80000 c3610000 43e10000 c2fa0000 43610000 42960000 c3480000 43c80000 c3610000 41c80000 41c80000 c2fa0000 41c80000 c3480000 42960000 
sm   0 warp 0 0x80000090 0x0e31408b v  1 11111111111111111111111111111111 00000000 00000000 00000000 00000000 00000000 00000000 00000000 00000000 00000000 00000000 00000000 00000000 00000000 00000000 00000000 00000000 42500000 c1d00000 c36a0000 43ea0000 c3020000 436a0000 429c0000 c3500000 43d00000 c36a0000 41d00000 41d00000 c3020000 41d00000 c3500000 429c0000 
sm   0 warp 0 0x80000094 0x0e31408b v  1 11111111111111111111111111111111 00000000 00000000 00000000 00000000 00000000 00000000 00000000 00000000 00000000 00000000 00000000 00000000 00000000 00000000 00000000 00000000 42580000 c1d80000 c3730000 43f30000 c3070000 43730000 42a20000 c3580000 43d80000 c3730000 41d80000 41d80000 c3070000 41d80000 c3580000 42a20000 
sm   0 warp 0 0x80000098 0x0e31408b v  1 11111111111111111111111111111111 00000000 00000000 00000000 00000000 00000000 00000000 00000000 00000000 00000000 00000000 00000000 00000000 00000000 00000000 00000000 00000000 42600000 c1e00000 c37c0000 43fc0000 c30c0000 437c0000 42a80000 c3600000 43e00000 c37c0000 41e00000 41e00000 c30c0000 41e00000 c3600000 42a80000 
sm   0 warp 0 0x8000009c 0x0e31408b v  1 11111111111111111111111111111111 00000000 00000000 00000000 00000000 00000000 00000000 00000000 00000000 00000000 00000000 00000000 00000000 00000000 00000000 00000000 00000000 42680000 c1e80000 c3828000 44028000 c3110000 43828000 42ae0000 c3680000 43e80000 c3828000 41e80000 41e80000 c3110000 41e80000 c3680000 42ae0000 
sm   0 warp 0 0x800000a0 0x0e31408b v  1 11111111111111111111111111111111 00000000 00000000 00000000 00000000 00000000 00000000 00000000 00000000 00000000 00000000 00000000 00000000 00000000 00000000 00000000 00000000 42700000 c1f00000 c3870000 44070000 c3160000 43870000 42b40000 c3700000 43f00000 c3870000 41f00000 41f00000 c3160000 41f00000 c3700000 42b40000 
sm   0 warp 0 0x800000a4 0x0e31408b v  1 11111111111111111111111111111111 00000000 00000000 00000000 00000000 00000000 00000000 00000000 00000000 00000000 00000000 00000000 00000000 00000000 00000000 00000000 00000000 42780000 c1f80000 c38b8000 440b8000 c31b0000 438b8000 42ba0000 c3780000 43f80000 c38b8000 41f80000 41f80000 c31b0000 41f80000 c3780000 42ba0000 
sm   0 warp 0 0x800000ac 0x90002337 x  6  90002000
sm   0 warp 0 0x800000b0 0x5208a557 v 10 11111111111111111111111111111111 0000001f 0000001e 0000001d 0000001c 0000001b 0000001a 00000019 00000018 00000017 00000016 00000015 00000014 00000013 00000012 00000011 00000010 0000000f 0000000e 0000000d 0000000c 0000000b 0000000a 00000009 00000008 00000007 00000006 00000005 00000004 00000003 00000002 00000001 00000000 
sm   0 warp 0 0x800000b4 0x96a13557 v 10 11111111111111111111111111111111 0000007c 00000078 00000074 00000070 0000006c 00000068 00000064 00000060 0000005c 00000058 00000054 00000050 0000004c 00000048 00000044 00000040 0000003c 00000038 00000034 00000030 0000002c 00000028 00000024 00000020 0000001c 00000018 00000014 00000010 0000000c 00000008 00000004 00000000 
sm   0 warp 0 0x800000a8 0x0e31408b v  1 11111111111111111111111111111111 00000000 00000000 00000000 00000000 00000000 00000000 00000000 00000000 00000000 00000000 00000000 00000000 00000000 00000000 00000000 00000000 42800000 c2000000 c3900000 44100000 c3200000 43900000 42c00000 c3800000 44000000 c3900000 42000000 42000000 c3200000 42000000 c3800000 42c00000 
sm   0 warp 0 0x800000b8 0x02a34557 v 10 11111111111111111111111111111111 9000207c 90002078 90002074 90002070 9000206c 90002068 90002064 90002060 9000205c 90002058 90002054 90002050 9000204c 90002048 90002044 90002040 9000203c 90002038 90002034 90002030 9000202c 90002028 90002024 90002020 9000201c 90002018 90002014 90002010 9000200c 90002008 90002004 90002000 
sm   0 warp 0 0x800000bc 0x0015607b lsu.w v  1 op 3 mask 11111111111111111111111111111111 00000000 00000000 00000000 00000000 00000000 00000000 00000000 00000000 00000000 00000000 00000000 00000000 00000000 00000000 00000000 00000000 42800000 c2000000 c3900000 44100000 c3200000 43900000 42c00000 c3800000 44000000 c3900000 42000000 42000000 c3200000 42000000 c3800000 42c00000 @ 9000207c 90002078 90002074 90002070 9000206c 90002068 90002064 90002060 9000205c 90002058 90002054 90002050 9000204c 90002048 90002044 90002040 9000203c 90002038 90002034 90002030 9000202c 90002028 90002024 90002020 9000201c 90002018 90002014 90002010 9000200c 90002008 90002004 90002000
sm   0 warp 0 0x800000c0 0x000002b7 x  5  00000000
[L1C] #   1136 SM 0 CACHE 1 ADDR 90002000
sm   0 warp 0 0x800000bc 0x0015607b lsu.w finish
sm   0 warp 0 0x800000c4 0x5e02cfd7 v 31 11111111111111111111111111111111 00000000 00000000 00000000 00000000 00000000 00000000 00000000 00000000 00000000 00000000 00000000 00000000 00000000 00000000 00000000 00000000 00000000 00000000 00000000 00000000 00000000 00000000 00000000 00000000 00000000 00000000 00000000 00000000 00000000 00000000 00000000 00000000 
sm   0 warp 0 0x800000c8 0x3d0002b7 x  5  3d000000
sm   0 warp 0 0x800000cc 0x5e02c857 v 16 11111111111111111111111111111111 3d000000 3d000000 3d000000 3d000000 3d000000 3d000000 3d000000 3d000000 3d000000 3d000000 3d000000 3d000000 3d000000 3d000000 3d000000 3d000000 3d000000 3d000000 3d000000 3d000000 3d000000 3d000000 3d000000 3d000000 3d000000 3d000000 3d000000 3d000000 3d000000 3d000000 3d000000 3d000000 
sm   0 warp 0 0x800000d0 0x3727c2b7 x  5  3727c000
sm   0 warp 0 0x800000d4 0x5ac28293 x  5  3727c5ac
sm   0 warp 0 0x800000d8 0x5e02c8d7 v 17 11111111111111111111111111111111 3727c5ac 3727c5ac 3727c5ac 3727c5ac 3727c5ac 3727c5ac 3727c5ac 3727c5ac 3727c5ac 3727c5ac 3727c5ac 3727c5ac 3727c5ac 3727c5ac 3727c5ac 3727c5ac 3727c5ac 3727c5ac 3727c5ac 3727c5ac 3727c5ac 3727c5ac 3727c5ac 3727c5ac 3727c5ac 3727c5ac 3727c5ac 3727c5ac 3727c5ac 3727c5ac 3727c5ac 3727c5ac 
sm   0 warp 0 0x800000dc 0x3f0002b7 x  5  3f000000
[L1C] #   1162 SM 0 CACHE 0 ADDR 80000100
sm   0 warp 0 0x800000e0 0x5e02c957 v 18 11111111111111111111111111111111 3f000000 3f000000 3f000000 3f000000 3f000000 3f000000 3f000000 3f000000 3f000000 3f000000 3f000000 3f000000 3f000000 3f000000 3f000000 3f000000 3f000000 3f000000 3f000000 3f000000 3f000000 3f000000 3f000000 3f000000 3f000000 3f000000 3f000000 3f000000 3f000000 3f000000 3f000000 3f000000 
sm   0 warp 0 0x800000e4 0x3fc002b7 x  5  3fc00000
sm   0 warp 0 0x800000e8 0x5e02c9d7 v 19 11111111111111111111111111111111 3fc00000 3fc00000 3fc00000 3fc00000 3fc00000 3fc00000 3fc00000 3fc00000 3fc00000 3fc00000 3fc00000 3fc00000 3fc00000 3fc00000 3fc00000 3fc00000 3fc00000 3fc00000 3fc00000 3fc00000 3fc00000 3fc00000 3fc00000 3fc00000 3fc00000 3fc00000 3fc00000 3fc00000 3fc00000 3fc00000 3fc00000 3fc00000 
sm   0 warp 0 0x800000ec 0x5f3762b7 x  5  5f376000
sm   0 warp 0 0x800000f0 0x9df28293 x  5  5f3759df
sm   0 warp 0 0x800000f4 0x5e02ca57 v 20 11111111111111111111111111111111 5f3759df 5f3759df 5f3759df 5f3759df 5f3759df 5f3759df 5f3759df 5f3759df 5f3759df 5f3759df 5f3759df 5f3759df 5f3759df 5f3759df 5f3759df 5f3759df 5f3759df 5f3759df 5f3759df 5f3759df 5f3759df 5f3759df 5f3759df 5f3759df 5f3759df 5f3759df 5f3759df 5f3759df 5f3759df 5f3759df 5f3759df 5f3759df 
sm   0 warp 0 0x800000f8 0x2bff80d7 v  1 11111111111111111111111111111111 00000000 00000000 00000000 00000000 00000000 00000000 00000000 00000000 00000000 00000000 00000000 00000000 00000000 00000000 00000000 00000000 00000000 00000000 00000000 00000000 00000000 00000000 00000000 00000000 00000000 00000000 00000000 00000000 00000000 00000000 00000000 00000000 
sm   0 warp 0 0x800000fc 0x2bff8157 v  2 11111111111111111111111111111111 00000000 00000000 00000000 00000000 00000000 00000000 00000000 00000000 00000000 00000000 00000000 00000000 00000000 00000000 00000000 00000000 00000000 00000000 00000000 00000000 00000000 00000000 00000000 00000000 00000000 00000000 00000000 00000000 00000000 00000000 00000000 00000000 
sm   0 warp 0 0x80000100 0x90002337 x  6  90002000
sm   0 warp 0 0x80000104 0x5208a557 v 10 11111111111111111111111111111111 0000001f 0000001e 0000001d 0000001c 0000001b 0000001a 00000019 00000018 00000017 00000016 00000015 00000014 00000013 00000012 00000011 00000010 0000000f 0000000e 0000000d 0000000c 0000000b 0000000a 00000009 00000008 00000007 00000006 00000005 00000004 00000003 00000002 00000001 00000000 
sm   0 warp 0 0x80000108 0x96a13557 v 10 11111111111111111111111111111111 0000007c 00000078 00000074 00000070 0000006c 00000068 00000064 00000060 0000005c 00000058 00000054 00000050 0000004c 00000048 00000044 00000040 0000003c 00000038 00000034 00000030 0000002c 00000028 00000024 00000020 0000001c 00000018 00000014 00000010 0000000c 00000008 00000004 00000000 
sm   0 warp 0 0x8000010c 0x02a34557 v 10 11111111111111111111111111111111 9000207c 90002078 90002074 90002070 9000206c 90002068 90002064 90002060 9000205c 90002058 90002054 90002050 9000204c 90002048 90002044 90002040 9000203c 90002038 90002034 90002030 9000202c 90002028 90002024 90002020 9000201c 90002018 90002014 90002010 9000200c 90002008 90002004 90002000 
sm   0 warp 0 0x80000110 0x000521fb lsu.r v  3 op 3 @ 9000207c 90002078 90002074 90002070 9000206c 90002068 90002064 90002060 9000205c 90002058 90002054 90002050 9000204c 90002048 90002044 90002040 9000203c 90002038 90002034 90002030 9000202c 90002028 90002024 90002020 9000201c 90002018 90002014 90002010 9000200c 90002008 90002004 90002000
[L1C] #   1217 SM 0 CACHE 1 ADDR 90002000
sm   0 warp 0 0x80000110 0x000521fb v  3 11111111111111111111111111111111 00000000 00000000 00000000 00000000 00000000 00000000 00000000 00000000 00000000 00000000 00000000 00000000 00000000 00000000 00000000 00000000 42800000 c2000000 c3900000 44100000 c3200000 43900000 42c00000 c3800000 44000000 c3900000 42000000 42000000 c3200000 42000000 c3800000 42c00000 
sm   0 warp 0 0x80000114 0x023090d7 v  1 11111111111111111111111111111111 00000000 00000000 00000000 00000000 00000000 00000000 00000000 00000000 00000000 00000000 00000000 00000000 00000000 00000000 00000000 00000000 42800000 c2000000 c3900000 44100000 c3200000 43900000 42c00000 c3800000 44000000 c3900000 42000000 42000000 c3200000 42000000 c3800000 42c00000 
sm   0 warp 0 0x8000011c 0x70000337 x  6  70000000
sm   0 warp 0 0x80000120 0x5208a557 v 10 11111111111111111111111111111111 0000001f 0000001e 0000001d 0000001c 0000001b 0000001a 00000019 00000018 00000017 00000016 00000015 00000014 00000013 00000012 00000011 00000010 0000000f 0000000e 0000000d 0000000c 0000000b 0000000a 00000009 00000008 00000007 00000006 00000005 00000004 00000003 00000002 00000001 00000000 
sm   0 warp 0 0x80000118 0xb2319157 v  2 11111111111111111111111111111111 00000000 00000000 00000000 00000000 00000000 00000000 00000000 00000000 00000000 00000000 00000000 00000000 00000000 00000000 00000000 00000000 45800000 44800000 47a20000 48a20000 46c80000 47a20000 46100000 47800000 48800000 47a20000 44800000 44800000 46c80000 44800000 47800000 46100000 
sm   0 warp 0 0x80000124 0x96a13557 v 10 11111111111111111111111111111111 0000007c 00000078 00000074 00000070 0000006c 00000068 00000064 00000060 0000005c 00000058 00000054 00000050 0000004c 00000048 00000044 00000040 0000003c 00000038 00000034 00000030 0000002c 00000028 00000024 00000020 0000001c 00000018 00000014 00000010 0000000c 00000008 00000004 00000000 
sm   0 warp 0 0x80000128 0x02a34557 v 10 11111111111111111111111111111111 7000007c 70000078 70000074 70000070 7000006c 70000068 70000064 70000060 7000005c 70000058 70000054 70000050 7000004c 70000048 70000044 70000040 7000003c 70000038 70000034 70000030 7000002c 70000028 70000024 70000020 7000001c 70000018 70000014 70000010 7000000c 70000008 70000004 70000000 
sm   0 warp 0 0x8000012c 0x0015607b lsu.w v  1 op 3 mask 11111111111111111111111111111111 00000000 00000000 00000000 00000000 00000000 00000000 00000000 00000000 00000000 00000000 00000000 00000000 00000000 00000000 00000000 00000000 42800000 c2000000 c3900000 44100000 c3200000 43900000 42c00000 c3800000 44000000 c3900000 42000000 42000000 c3200000 42000000 c3800000 42c00000 @ 7000007c 70000078 70000074 70000070 7000006c 70000068 70000064 70000060 7000005c 70000058 70000054 70000050 7000004c 70000048 70000044 70000040 7000003c 70000038 70000034 70000030 7000002c 70000028 70000024 70000020 7000001c 70000018 70000014 70000010 7000000c 70000008 70000004 70000000
sm   0 warp 0 0x80000130 0x70000337 x  6  70000000
sm   0 warp 0 0x80000134 0x5208a557 v 10 11111111111111111111111111111111 0000001f 0000001e 0000001d 0000001c 0000001b 0000001a 00000019 00000018 00000017 00000016 00000015 00000014 00000013 00000012 00000011 00000010 0000000f 0000000e 0000000d 0000000c 0000000b 0000000a 00000009 00000008 00000007 00000006 00000005 00000004 00000003 00000002 00000001 00000000 
sm   0 warp 0 0x80000138 0x000003b7 x  7  00000000
sm   0 warp 0 0x8000012c 0x0015607b lsu.w finish
sm   0 warp 0 0x8000013c 0x01038393 x  7  00000010
sm   0 warp 0 0x80000140 0x02a3c557 v 10 11111111111111111111111111111111 0000002f 0000002e 0000002d 0000002c 0000002b 0000002a 00000029 00000028 00000027 00000026 00000025 00000024 00000023 00000022 00000021 00000020 0000001f 0000001e 0000001d 0000001c 0000001b 0000001a 00000019 00000018 00000017 00000016 00000015 00000014 00000013 00000012 00000011 00000010 
sm   0 warp 0 0x80000144 0x000003b7 x  7  00000000
sm   0 warp 0 0x80000148 0x01f38393 x  7  0000001f
sm   0 warp 0 0x8000014c 0x26a3c557 v 10 11111111111111111111111111111111 0000000f 0000000e 0000000d 0000000c 0000000b 0000000a 00000009 00000008 00000007 00000006 00000005 00000004 00000003 00000002 00000001 00000000 0000001f 0000001e 0000001d 0000001c 0000001b 0000001a 00000019 00000018 00000017 00000016 00000015 00000014 00000013 00000012 00000011 00000010 
sm   0 warp 0 0x80000150 0x96a13557 v 10 11111111111111111111111111111111 0000003c 00000038 00000034 00000030 0000002c 00000028 00000024 00000020 0000001c 00000018 00000014 00000010 0000000c 00000008 00000004 00000000 0000007c 00000078 00000074 00000070 0000006c 00000068 00000064 00000060 0000005c 00000058 00000054 00000050 0000004c 00000048 00000044 00000040 
sm   0 warp 0 0x80000154 0x02a34557 v 10 11111111111111111111111111111111 7000003c 70000038 70000034 70000030 7000002c 70000028 70000024 70000020 7000001c 70000018 70000014 70000010 7000000c 70000008 70000004 70000000 7000007c 70000078 70000074 70000070 7000006c 70000068 70000064 70000060 7000005c 70000058 70000054 70000050 7000004c 70000048 70000044 70000040 
sm   0 warp 0 0x80000158 0x0005227b lsu.r v  4 op 3 @ 7000003c 70000038 70000034 70000030 7000002c 70000028 70000024 70000020 7000001c 70000018 70000014 70000010 7000000c 70000008 70000004 70000000 7000007c 70000078 70000074 70000070 7000006c 70000068 70000064 70000060 7000005c 70000058 70000054 70000050 7000004c 70000048 70000044 70000040
sm   0 warp 0 0x80000158 0x0005227b v  4 11111111111111111111111111111111 42800000 c2000000 c3900000 44100000 c3200000 43900000 42c00000 c3800000 44000000 c3900000 42000000 42000000 c3200000 42000000 c3800000 42c00000 00000000 00000000 00000000 00000000 00000000 00000000 00000000 00000000 00000000 00000000 00000000 00000000 00000000 00000000 00000000 00000000 
[L1C] #   1319 SM 0 CACHE 0 ADDR 80000180
sm   0 warp 0 0x80000160 0x70000337 x  6  70000000
sm   0 warp 0 0x8000015c 0x024090d7 v  1 11111111111111111111111111111111 42800000 c2000000 c3900000 44100000 c3200000 43900000 42c00000 c3800000 44000000 c3900000 42000000 42000000 c3200000 42000000 c3800000 42c00000 42800000 c2000000 c3900000 44100000 c3200000 43900000 42c00000 c3800000 44000000 c3900000 42000000 42000000 c3200000 42000000 c3800000 42c00000 
sm   0 warp 0 0x80000164 0x5208a557 v 10 11111111111111111111111111111111 0000001f 0000001e 0000001d 0000001c 0000001b 0000001a 00000019 00000018 00000017 00000016 00000015 00000014 00000013 00000012 00000011 00000010 0000000f 0000000e 0000000d 0000000c 0000000b 0000000a 00000009 00000008 00000007 00000006 00000005 00000004 00000003 00000002 00000001 00000000 
sm   0 warp 0 0x80000168 0x96a13557 v 10 11111111111111111111111111111111 0000007c 00000078 00000074 00000070 0000006c 00000068 00000064 00000060 0000005c 00000058 00000054 00000050 0000004c 00000048 00000044 00000040 0000003c 00000038 00000034 00000030 0000002c 00000028 00000024 00000020 0000001c 00000018 00000014 00000010 0000000c 00000008 00000004 00000000 
sm   0 warp 0 0x8000016c 0x02a34557 v 10 11111111111111111111111111111111 7000007c 70000078 70000074 70000070 7000006c 70000068 70000064 70000060 7000005c 70000058 70000054 70000050 7000004c 70000048 70000044 70000040 7000003c 70000038 70000034 70000030 7000002c 70000028 70000024 70000020 7000001c 70000018 70000014 70000010 7000000c 70000008 70000004 70000000 
sm   0 warp 0 0x80000170 0x0015607b lsu.w v  1 op 3 mask 11111111111111111111111111111111 42800000 c2000000 c3900000 44100000 c3200000 43900000 42c00000 c3800000 44000000 c3900000 42000000 42000000 c3200000 42000000 c3800000 42c00000 42800000 c2000000 c3900000 44100000 c3200000 43900000 42c00000 c3800000 44000000 c3900000 42000000 42000000 c3200000 42000000 c3800000 42c00000 @ 7000007c 70000078 70000074 70000070 7000006c 70000068 70000064 70000060 7000005c 70000058 70000054 70000050 7000004c 70000048 70000044 70000040 7000003c 70000038 70000034 70000030 7000002c 70000028 70000024 70000020 7000001c 70000018 70000014 70000010 7000000c 70000008 70000004 70000000
sm   0 warp 0 0x80000174 0x70000337 x  6  70000000
sm   0 warp 0 0x80000178 0x5208a557 v 10 11111111111111111111111111111111 0000001f 0000001e 0000001d 0000001c 0000001b 0000001a 00000019 00000018 00000017 00000016 00000015 00000014 00000013 00000012 00000011 00000010 0000000f 0000000e 0000000d 0000000c 0000000b 0000000a 00000009 00000008 00000007 00000006 00000005 00000004 00000003 00000002 00000001 00000000 
sm   0 warp 0 0x8000017c 0x000003b7 x  7  00000000
sm   0 warp 0 0x80000170 0x0015607b lsu.w finish
sm   0 warp 0 0x80000180 0x00838393 x  7  00000008
sm   0 warp 0 0x80000184 0x02a3c557 v 10 11111111111111111111111111111111 00000027 00000026 00000025 00000024 00000023 00000022 00000021 00000020 0000001f 0000001e 0000001d 0000001c 0000001b 0000001a 00000019 00000018 00000017 00000016 00000015 00000014 00000013 00000012 00000011 00000010 0000000f 0000000e 0000000d 0000000c 0000000b 0000000a 00000009 00000008 
sm   0 warp 0 0x80000188 0x000003b7 x  7  00000000
sm   0 warp 0 0x8000018c 0x01f38393 x  7  0000001f
sm   0 warp 0 0x80000190 0x26a3c557 v 10 11111111111111111111111111111111 00000007 00000006 00000005 00000004 00000003 00000002 00000001 00000000 0000001f 0000001e 0000001d 0000001c 0000001b 0000001a 00000019 00000018 00000017 00000016 00000015 00000014 00000013 00000012 00000011 00000010 0000000f 0000000e 0000000d 0000000c 0000000b 0000000a 00000009 00000008 
sm   0 warp 0 0x80000194 0x96a13557 v 10 11111111111111111111111111111111 0000001c 00000018 00000014 00000010 0000000c 00000008 00000004 00000000 0000007c 00000078 00000074 00000070 0000006c 00000068 00000064 00000060 0000005c 00000058 00000054 00000050 0000004c 00000048 00000044 00000040 0000003c 00000038 00000034 00000030 0000002c 00000028 00000024 00000020 
sm   0 warp 0 0x80000198 0x02a34557 v 10 11111111111111111111111111111111 7000001c 70000018 70000014 70000010 7000000c 70000008 70000004 70000000 7000007c 70000078 70000074 70000070 7000006c 70000068 70000064 70000060 7000005c 70000058 70000054 70000050 7000004c 70000048 70000044 70000040 7000003c 70000038 70000034 70000030 7000002c 70000028 70000024 70000020 
sm   0 warp 0 0x8000019c 0x0005227b lsu.r v  4 op 3 @ 7000001c 70000018 70000014 70000010 7000000c 70000008 70000004 70000000 7000007c 70000078 70000074 70000070 7000006c 70000068 70000064 70000060 7000005c 70000058 70000054 70000050 7000004c 70000048 70000044 70000040 7000003c 70000038 70000034 70000030 7000002c 70000028 70000024 70000020
sm   0 warp 0 0x8000019c 0x0005227b v  4 11111111111111111111111111111111 44000000 c3900000 42000000 42000000 c3200000 42000000 c3800000 42c00000 42800000 c2000000 c3900000 44100000 c3200000 43900000 42c00000 c3800000 44000000 c3900000 42000000 42000000 c3200000 42000000 c3800000 42c00000 42800000 c2000000 c3900000 44100000 c3200000 43900000 42c00000 c3800000 
sm   0 warp 0 0x800001a4 0x70000337 x  6  70000000
sm   0 warp 0 0x800001a0 0x024090d7 v  1 11111111111111111111111111111111 44100000 c3a00000 c3800000 44180000 c3a00000 43a00000 c3200000 c3200000 44100000 c3a00000 c3800000 44180000 c3a00000 43a00000 c3200000 c3200000 44100000 c3a00000 c3800000 44180000 c3a00000 43a00000 c3200000 c3200000 44100000 c3a00000 c3800000 44180000 c3a00000 43a00000 c3200000 c3200000 
sm   0 warp 0 0x800001a8 0x5208a557 v 10 11111111111111111111111111111111 0000001f 0000001e 0000001d 0000001c 0000001b 0000001a 00000019 00000018 00000017 00000016 00000015 00000014 00000013 00000012 00000011 00000010 0000000f 0000000e 0000000d 0000000c 0000000b 0000000a 00000009 00000008 00000007 00000006 00000005 00000004 00000003 00000002 00000001 00000000 
sm   0 warp 0 0x800001ac 0x96a13557 v 10 11111111111111111111111111111111 0000007c 00000078 00000074 00000070 0000006c 00000068 00000064 00000060 0000005c 00000058 00000054 00000050 0000004c 00000048 00000044 00000040 0000003c 00000038 00000034 00000030 0000002c 00000028 00000024 00000020 0000001c 00000018 00000014 00000010 0000000c 00000008 00000004 00000000 
sm   0 warp 0 0x800001b0 0x02a34557 v 10 11111111111111111111111111111111 7000007c 70000078 70000074 70000070 7000006c 70000068 70000064 70000060 7000005c 70000058 70000054 70000050 7000004c 70000048 70000044 70000040 7000003c 70000038 70000034 70000030 7000002c 70000028 70000024 70000020 7000001c 70000018 70000014 70000010 7000000c 70000008 70000004 70000000 
sm   0 warp 0 0x800001b4 0x0015607b lsu.w v  1 op 3 mask 11111111111111111111111111111111 44100000 c3a00000 c3800000 44180000 c3a00000 43a00000 c3200000 c3200000 44100000 c3a00000 c3800000 44180000 c3a00000 43a00000 c3200000 c3200000 44100000 c3a00000 c3800000 44180000 c3a00000 43a00000 c3200000 c3200000 44100000 c3a00000 c3800000 44180000 c3a00000 43a00000 c3200000 c3200000 @ 7000007c 70000078 70000074 70000070 7000006c 70000068 70000064 70000060 7000005c 70000058 70000054 70000050 7000004c 70000048 70000044 70000040 7000003c 70000038 70000034 70000030 7000002c 70000028 70000024 70000020 7000001c 70000018 70000014 70000010 7000000c 70000008 70000004 70000000
sm   0 warp 0 0x800001b8 0x70000337 x  6  70000000
sm   0 warp 0 0x800001bc 0x5208a557 v 10 11111111111111111111111111111111 0000001f 0000001e 0000001d 0000001c 0000001b 0000001a 00000019 00000018 00000017 00000016 00000015 00000014 00000013 00000012 00000011 00000010 0000000f 0000000e 0000000d 0000000c 0000000b 0000000a 00000009 00000008 00000007 00000006 00000005 00000004 00000003 00000002 00000001 00000000 
sm   0 warp 0 0x800001c0 0x000003b7 x  7  00000000
sm   0 warp 0 0x800001b4 0x0015607b lsu.w finish
sm   0 warp 0 0x800001c4 0x00438393 x  7  00000004
sm   0 warp 0 0x800001c8 0x02a3c557 v 10 11111111111111111111111111111111 00000023 00000022 00000021 00000020 0000001f 0000001e 0000001d 0000001c 0000001b 0000001a 00000019 00000018 00000017 00000016 00000015 00000014 00000013 00000012 00000011 00000010 0000000f 0000000e 0000000d 0000000c 0000000b 0000000a 00000009 00000008 00000007 00000006 00000005 00000004 
sm   0 warp 0 0x800001cc 0x000003b7 x  7  00000000
sm   0 warp 0 0x800001d0 0x01f38393 x  7  0000001f
sm   0 warp 0 0x800001d4 0x26a3c557 v 10 11111111111111111111111111111111 00000003 00000002 00000001 00000000 0000001f 0000001e 0000001d 0000001c 0000001b 0000001a 00000019 00000018 00000017 00000016 00000015 00000014 00000013 00000012 00000011 00000010 0000000f 0000000e 0000000d 0000000c 0000000b 0000000a 00000009 00000008 00000007 00000006 00000005 00000004 
sm   0 warp 0 0x800001d8 0x96a13557 v 10 11111111111111111111111111111111 0000000c 00000008 00000004 00000000 0000007c 00000078 00000074 00000070 0000006c 00000068 00000064 00000060 0000005c 00000058 00000054 00000050 0000004c 00000048 00000044 00000040 0000003c 00000038 00000034 00000030 0000002c 00000028 00000024 00000020 0000001c 00000018 00000014 00000010 
sm   0 warp 0 0x800001dc 0x02a34557 v 10 11111111111111111111111111111111 7000000c 70000008 70000004 70000000 7000007c 70000078 70000074 70000070 7000006c 70000068 70000064 70000060 7000005c 70000058 70000054 70000050 7000004c 70000048 70000044 70000040 7000003c 70000038 70000034 70000030 7000002c 70000028 70000024 70000020 7000001c 70000018 70000014 70000010 
[L1C] #   1449 SM 0 CACHE 0 ADDR 80000200
sm   0 warp 0 0x800001e0 0x0005227b lsu.r v  4 op 3 @ 7000000c 70000008 70000004 70000000 7000007c 70000078 70000074 70000070 7000006c 70000068 70000064 70000060 7000005c 70000058 70000054 70000050 7000004c 70000048 70000044 70000040 7000003c 70000038 70000034 70000030 7000002c 70000028 70000024 70000020 7000001c 70000018 70000014 70000010
sm   0 warp 0 0x800001e0 0x0005227b v  4 11111111111111111111111111111111 c3a00000 43a00000 c3200000 c3200000 44100000 c3a00000 c3800000 44180000 c3a00000 43a00000 c3200000 c3200000 44100000 c3a00000 c3800000 44180000 c3a00000 43a00000 c3200000 c3200000 44100000 c3a00000 c3800000 44180000 c3a00000 43a00000 c3200000 c3200000 44100000 c3a00000 c3800000 44180000 
[L1C] #   1465 SM 0 CACHE 0 ADDR 80000200
sm   0 warp 0 0x800001e8 0x70000337 x  6  70000000
sm   0 warp 0 0x800001e4 0x024090d7 v  1 11111111111111111111111111111111 43800000 00000000 c3d00000 43e00000 43800000 00000000 c3d00000 43e00000 43800000 00000000 c3d00000 43e00000 43800000 00000000 c3d00000 43e00000 43800000 00000000 c3d00000 43e00000 43800000 00000000 c3d00000 43e00000 43800000 00000000 c3d00000 43e00000 43800000 00000000 c3d00000 43e00000 
sm   0 warp 0 0x800001ec 0x5208a557 v 10 11111111111111111111111111111111 0000001f 0000001e 0000001d 0000001c 0000001b 0000001a 00000019 00000018 00000017 00000016 00000015 00000014 00000013 00000012 00000011 00000010 0000000f 0000000e 0000000d 0000000c 0000000b 0000000a 00000009 00000008 00000007 00000006 00000005 00000004 00000003 00000002 00000001 00000000 
sm   0 warp 0 0x800001f0 0x96a13557 v 10 11111111111111111111111111111111 0000007c 00000078 00000074 00000070 0000006c 00000068 00000064 00000060 0000005c 00000058 00000054 00000050 0000004c 00000048 00000044 00000040 0000003c 00000038 00000034 00000030 0000002c 00000028 00000024 00000020 0000001c 00000018 00000014 00000010 0000000c 00000008 00000004 00000000 
sm   0 warp 0 0x800001f4 0x02a34557 v 10 11111111111111111111111111111111 7000007c 70000078 70000074 70000070 7000006c 70000068 70000064 70000060 7000005c 70000058 70000054 70000050 7000004c 70000048 70000044 70000040 7000003c 70000038 70000034 70000030 7000002c 70000028 70000024 70000020 7000001c 70000018 70000014 70000010 7000000c 70000008 70000004 70000000 
sm   0 warp 0 0x800001f8 0x0015607b lsu.w v  1 op 3 mask 11111111111111111111111111111111 43800000 00000000 c3d00000 43e00000 43800000 00000000 c3d00000 43e00000 43800000 00000000 c3d00000 43e00000 43800000 00000000 c3d00000 43e00000 43800000 00000000 c3d00000 43e00000 43800000 00000000 c3d00000 43e00000 43800000 00000000 c3d00000 43e00000 43800000 00000000 c3d00000 43e00000 @ 7000007c 70000078 70000074 70000070 7000006c 70000068 70000064 70000060 7000005c 70000058 70000054 70000050 7000004c 70000048 70000044 70000040 7000003c 70000038 70000034 70000030 7000002c 70000028 70000024 70000020 7000001c 70000018 70000014 70000010 7000000c 70000008 70000004 70000000
sm   0 warp 0 0x800001fc 0x70000337 x  6  70000000
sm   0 warp 0 0x80000200 0x5208a557 v 10 11111111111111111111111111111111 0000001f 0000001e 0000001d 0000001c 0000001b 0000001a 00000019 00000018 00000017 00000016 00000015 00000014 00000013 00000012 00000011 00000010 0000000f 0000000e 0000000d 0000000c 0000000b 0000000a 00000009 00000008 00000007 00000006 00000005 00000004 00000003 00000002 00000001 00000000 
sm   0 warp 0 0x80000204 0x000003b7 x  7  00000000
sm   0 warp 0 0x800001f8 0x0015607b lsu.w finish
sm   0 warp 0 0x80000208 0x00238393 x  7  00000002
sm   0 warp 0 0x8000020c 0x02a3c557 v 10 11111111111111111111111111111111 00000021 00000020 0000001f 0000001e 0000001d 0000001c 0000001b 0000001a 00000019 00000018 00000017 00000016 00000015 00000014 00000013 00000012 00000011 00000010 0000000f 0000000e 0000000d 0000000c 0000000b 0000000a 00000009 00000008 00000007 00000006 00000005 00000004 00000003 00000002 
sm   0 warp 0 0x80000210 0x000003b7 x  7  00000000
sm   0 warp 0 0x80000214 0x01f38393 x  7  0000001f
sm   0 warp 0 0x80000218 0x26a3c557 v 10 11111111111111111111111111111111 00000001 00000000 0000001f 0000001e 0000001d 0000001c 0000001b 0000001a 00000019 00000018 00000017 00000016 00000015 00000014 00000013 00000012 00000011 00000010 0000000f 0000000e 0000000d 0000000c 0000000b 0000000a 00000009 00000008 00000007 00000006 00000005 00000004 00000003 00000002 
sm   0 warp 0 0x8000021c 0x96a13557 v 10 11111111111111111111111111111111 00000004 00000000 0000007c 00000078 00000074 00000070 0000006c 00000068 00000064 00000060 0000005c 00000058 00000054 00000050 0000004c 00000048 00000044 00000040 0000003c 00000038 00000034 00000030 0000002c 00000028 00000024 00000020 0000001c 00000018 00000014 00000010 0000000c 00000008 
sm   0 warp 0 0x80000220 0x02a34557 v 10 11111111111111111111111111111111 70000004 70000000 7000007c 70000078 70000074 70000070 7000006c 70000068 70000064 70000060 7000005c 70000058 70000054 70000050 7000004c 70000048 70000044 70000040 7000003c 70000038 70000034 70000030 7000002c 70000028 70000024 70000020 7000001c 70000018 70000014 70000010 7000000c 70000008 
sm   0 warp 0 0x80000224 0x0005227b lsu.r v  4 op 3 @ 70000004 70000000 7000007c 70000078 70000074 70000070 7000006c 70000068 70000064 70000060 7000005c 70000058 70000054 70000050 7000004c 70000048 70000044 70000040 7000003c 70000038 70000034 70000030 7000002c 70000028 70000024 70000020 7000001c 70000018 70000014 70000010 7000000c 70000008
sm   0 warp 0 0x80000224 0x0005227b v  4 11111111111111111111111111111111 c3d00000 43e00000 43800000 00000000 c3d00000 43e00000 43800000 00000000 c3d00000 43e00000 43800000 00000000 c3d00000 43e00000 43800000 00000000 c3d00000 43e00000 43800000 00000000 c3d00000 43e00000 43800000 00000000 c3d00000 43e00000 43800000 00000000 c3d00000 43e00000 43800000 00000000 
sm   0 warp 0 0x8000022c 0x70000337 x  6  70000000
sm   0 warp 0 0x80000228 0x024090d7 v  1 11111111111111111111111111111111 c3200000 43e00000 c3200000 43e00000 c3200000 43e00000 c3200000 43e00000 c3200000 43e00000 c3200000 43e00000 c3200000 43e00000 c3200000 43e00000 c3200000 43e00000 c3200000 43e00000 c3200000 43e00000 c3200000 43e00000 c3200000 43e00000 c3200000 43e00000 c3200000 43e00000 c3200000 43e00000 
sm   0 warp 0 0x80000230 0x5208a557 v 10 11111111111111111111111111111111 0000001f 0000001e 0000001d 0000001c 0000001b 0000001a 00000019 00000018 00000017 00000016 00000015 00000014 00000013 00000012 00000011 00000010 0000000f 0000000e 0000000d 0000000c 0000000b 0000000a 00000009 00000008 00000007 00000006 00000005 00000004 00000003 00000002 00000001 00000000 
sm   0 warp 0 0x80000234 0x96a13557 v 10 11111111111111111111111111111111 0000007c 00000078 00000074 00000070 0000006c 00000068 00000064 00000060 0000005c 00000058 00000054 00000050 0000004c 00000048 00000044 00000040 0000003c 00000038 00000034 00000030 0000002c 00000028 00000024 00000020 0000001c 00000018 00000014 00000010 0000000c 00000008 00000004 00000000 
sm   0 warp 0 0x80000238 0x02a34557 v 10 11111111111111111111111111111111 7000007c 70000078 70000074 70000070 7000006c 70000068 70000064 70000060 7000005c 70000058 70000054 70000050 7000004c 70000048 70000044 70000040 7000003c 70000038 70000034 70000030 7000002c 70000028 70000024 70000020 7000001c 70000018 70000014 70000010 7000000c 70000008 70000004 70000000 
sm   0 warp 0 0x8000023c 0x0015607b lsu.w v  1 op 3 mask 11111111111111111111111111111111 c3200000 43e00000 c3200000 43e00000 c3200000 43e00000 c3200000 43e00000 c3200000 43e00000 c3200000 43e00000 c3200000 43e00000 c3200000 43e00000 c3200000 43e00000 c3200000 43e00000 c3200000 43e00000 c3200000 43e00000 c3200000 43e00000 c3200000 43e00000 c3200000 43e00000 c3200000 43e00000 @ 7000007c 70000078 70000074 70000070 7000006c 70000068 70000064 70000060 7000005c 70000058 70000054 70000050 7000004c 70000048 70000044 70000040 7000003c 70000038 70000034 70000030 7000002c 70000028 70000024 70000020 7000001c 70000018 70000014 70000010 7000000c 70000008 70000004 70000000
sm   0 warp 0 0x80000240 0x70000337 x  6  70000000
sm   0 warp 0 0x80000244 0x5208a557 v 10 11111111111111111111111111111111 0000001f 0000001e 0000001d 0000001c 0000001b 0000001a 00000019 00000018 00000017 00000016 00000015 00000014 00000013 00000012 00000011 00000010 0000000f 0000000e 0000000d 0000000c 0000000b 0000000a 00000009 00000008 00000007 00000006 00000005 00000004 00000003 00000002 00000001 00000000 
sm   0 warp 0 0x80000248 0x000003b7 x  7  00000000
sm   0 warp 0 0x8000023c 0x0015607b lsu.w finish
sm   0 warp 0 0x8000024c 0x00138393 x  7  00000001
sm   0 warp 0 0x80000250 0x02a3c557 v 10 11111111111111111111111111111111 00000020 0000001f 0000001e 0000001d 0000001c 0000001b 0000001a 00000019 00000018 00000017 00000016 00000015 00000014 00000013 00000012 00000011 00000010 0000000f 0000000e 0000000d 0000000c 0000000b 0000000a 00000009 00000008 00000007 00000006 00000005 00000004 00000003 00000002 00000001 
sm   0 warp 0 0x80000254 0x000003b7 x  7  00000000
sm   0 warp 0 0x80000258 0x01f38393 x  7  0000001f
sm   0 warp 0 0x8000025c 0x26a3c557 v 10 11111111111111111111111111111111 00000000 0000001f 0000001e 0000001d 0000001c 0000001b 0000001a 00000019 00000018 00000017 00000016 00000015 00000014 00000013 00000012 00000011 00000010 0000000f 0000000e 0000000d 0000000c 0000000b 0000000a 00000009 00000008 00000007 00000006 00000005 00000004 00000003 00000002 00000001 
[L1C] #   1585 SM 0 CACHE 0 ADDR 80000280
sm   0 warp 0 0x80000260 0x96a13557 v 10 11111111111111111111111111111111 00000000 0000007c 00000078 00000074 00000070 0000006c 00000068 00000064 00000060 0000005c 00000058 00000054 00000050 0000004c 00000048 00000044 00000040 0000003c 00000038 00000034 00000030 0000002c 00000028 00000024 00000020 0000001c 00000018 00000014 00000010 0000000c 00000008 00000004 
sm   0 warp 0 0x80000264 0x02a34557 v 10 11111111111111111111111111111111 70000000 7000007c 70000078 70000074 70000070 7000006c 70000068 70000064 70000060 7000005c 70000058 70000054 70000050 7000004c 70000048 70000044 70000040 7000003c 70000038 70000034 70000030 7000002c 70000028 70000024 70000020 7000001c 70000018 70000014 70000010 7000000c 70000008 70000004 
sm   0 warp 0 0x80000268 0x0005227b lsu.r v  4 op 3 @ 70000000 7000007c 70000078 70000074 70000070 7000006c 70000068 70000064 70000060 7000005c 70000058 70000054 70000050 7000004c 70000048 70000044 70000040 7000003c 70000038 70000034 70000030 7000002c 70000028 70000024 70000020 7000001c 70000018 70000014 70000010 7000000c 70000008 70000004
sm   0 warp 0 0x80000268 0x0005227b v  4 11111111111111111111111111111111 43e00000 c3200000 43e00000 c3200000 43e00000 c3200000 43e00000 c3200000 43e00000 c3200000 43e00000 c3200000 43e00000 c3200000 43e00000 c3200000 43e00000 c3200000 43e00000 c3200000 43e00000 c3200000 43e00000 c3200000 43e00000 c3200000 43e00000 c3200000 43e00000 c3200000 43e00000 c3200000 
sm   0 warp 0 0x80000270 0x70000337 x  6  70000000
sm   0 warp 0 0x8000026c 0x024090d7 v  1 11111111111111111111111111111111 43900000 43900000 43900000 43900000 43900000 43900000 43900000 43900000 43900000 43900000 43900000 43900000 43900000 43900000 43900000 43900000 43900000 43900000 43900000 43900000 43900000 43900000 43900000 43900000 43900000 43900000 43900000 43900000 43900000 43900000 43900000 43900000 
sm   0 warp 0 0x80000274 0x5208a557 v 10 11111111111111111111111111111111 0000001f 0000001e 0000001d 0000001c 0000001b 0000001a 00000019 00000018 00000017 00000016 00000015 00000014 00000013 00000012 00000011 00000010 0000000f 0000000e 0000000d 0000000c 0000000b 0000000a 00000009 00000008 00000007 00000006 00000005 00000004 00000003 00000002 00000001 00000000 
sm   0 warp 0 0x80000278 0x96a13557 v 10 11111111111111111111111111111111 0000007c 00000078 00000074 00000070 0000006c 00000068 00000064 00000060 0000005c 00000058 00000054 00000050 0000004c 00000048 00000044 00000040 0000003c 00000038 00000034 00000030 0000002c 00000028 00000024 00000020 0000001c 00000018 00000014 00000010 0000000c 00000008 00000004 00000000 
sm   0 warp 0 0x8000027c 0x02a34557 v 10 11111111111111111111111111111111 7000007c 70000078 70000074 70000070 7000006c 70000068 70000064 70000060 7000005c 70000058 70000054 70000050 7000004c 70000048 70000044 70000040 7000003c 70000038 70000034 70000030 7000002c 70000028 70000024 70000020 7000001c 70000018 70000014 70000010 7000000c 70000008 70000004 70000000 
sm   0 warp 0 0x80000280 0x0015607b lsu.w v  1 op 3 mask 11111111111111111111111111111111 43900000 43900000 43900000 43900000 43900000 43900000 43900000 43900000 43900000 43900000 43900000 43900000 43900000 43900000 43900000 43900000 43900000 43900000 43900000 43900000 43900000 43900000 43900000 43900000 43900000 43900000 43900000 43900000 43900000 43900000 43900000 43900000 @ 7000007c 70000078 70000074 70000070 7000006c 70000068 70000064 70000060 7000005c 70000058 70000054 70000050 7000004c 70000048 70000044 70000040 7000003c 70000038 70000034 70000030 7000002c 70000028 70000024 70000020 7000001c 70000018 70000014 70000010 7000000c 70000008 70000004 70000000
sm   0 warp 0 0x80000284 0x70000337 x  6  70000000
sm   0 warp 0 0x80000280 0x0015607b lsu.w finish
sm   0 warp 0 0x80000288 0x10030313 x  6  70000100
sm   0 warp 0 0x8000028c 0x5208a557 v 10 11111111111111111111111111111111 0000001f 0000001e 0000001d 0000001c 0000001b 0000001a 00000019 00000018 00000017 00000016 00000015 00000014 00000013 00000012 00000011 00000010 0000000f 0000000e 0000000d 0000000c 0000000b 0000000a 00000009 00000008 00000007 00000006 00000005 00000004 00000003 00000002 00000001 00000000 
sm   0 warp 0 0x80000290 0x96a13557 v 10 11111111111111111111111111111111 0000007c 00000078 00000074 00000070 0000006c 00000068 00000064 00000060 0000005c 00000058 00000054 00000050 0000004c 00000048 00000044 00000040 0000003c 00000038 00000034 00000030 0000002c 00000028 00000024 00000020 0000001c 00000018 00000014 00000010 0000000c 00000008 00000004 00000000 
sm   0 warp 0 0x80000294 0x02a34557 v 10 11111111111111111111111111111111 7000017c 70000178 70000174 70000170 7000016c 70000168 70000164 70000160 7000015c 70000158 70000154 70000150 7000014c 70000148 70000144 70000140 7000013c 70000138 70000134 70000130 7000012c 70000128 70000124 70000120 7000011c 70000118 70000114 70000110 7000010c 70000108 70000104 70000100 
sm   0 warp 0 0x80000298 0x0025607b lsu.w v  2 op 3 mask 11111111111111111111111111111111 00000000 00000000 00000000 00000000 00000000 00000000 00000000 00000000 00000000 00000000 00000000 00000000 00000000 00000000 00000000 00000000 45800000 44800000 47a20000 48a20000 46c80000 47a20000 46100000 47800000 48800000 47a20000 44800000 44800000 46c80000 44800000 47800000 46100000 @ 7000017c 70000178 70000174 70000170 7000016c 70000168 70000164 70000160 7000015c 70000158 70000154 70000150 7000014c 70000148 70000144 70000140 7000013c 70000138 70000134 70000130 7000012c 70000128 70000124 70000120 7000011c 70000118 70000114 70000110 7000010c 70000108 70000104 70000100
sm   0 warp 0 0x8000029c 0x70000337 x  6  70000000
sm   0 warp 0 0x80000298 0x0025607b lsu.w finish
sm   0 warp 0 0x800002a0 0x10030313 x  6  70000100
sm   0 warp 0 0x800002a4 0x5208a557 v 10 11111111111111111111111111111111 0000001f 0000001e 0000001d 0000001c 0000001b 0000001a 00000019 00000018 00000017 00000016 00000015 00000014 00000013 00000012 00000011 00000010 0000000f 0000000e 0000000d 0000000c 0000000b 0000000a 00000009 00000008 00000007 00000006 00000005 00000004 00000003 00000002 00000001 00000000 
sm   0 warp 0 0x800002a8 0x000003b7 x  7  00000000
sm   0 warp 0 0x800002ac 0x01038393 x  7  00000010
sm   0 warp 0 0x800002b0 0x02a3c557 v 10 11111111111111111111111111111111 0000002f 0000002e 0000002d 0000002c 0000002b 0000002a 00000029 00000028 00000027 00000026 00000025 00000024 00000023 00000022 00000021 00000020 0000001f 0000001e 0000001d 0000001c 0000001b 0000001a 00000019 00000018 00000017 00000016 00000015 00000014 00000013 00000012 00000011 00000010 
sm   0 warp 0 0x800002b4 0x000003b7 x  7  00000000
sm   0 warp 0 0x800002b8 0x01f38393 x  7  0000001f
sm   0 warp 0 0x800002bc 0x26a3c557 v 10 11111111111111111111111111111111 0000000f 0000000e 0000000d 0000000c 0000000b 0000000a 00000009 00000008 00000007 00000006 00000005 00000004 00000003 00000002 00000001 00000000 0000001f 0000001e 0000001d 0000001c 0000001b 0000001a 00000019 00000018 00000017 00000016 00000015 00000014 00000013 00000012 00000011 00000010 
sm   0 warp 0 0x800002c0 0x96a13557 v 10 11111111111111111111111111111111 0000003c 00000038 00000034 00000030 0000002c 00000028 00000024 00000020 0000001c 00000018 00000014 00000010 0000000c 00000008 00000004 00000000 0000007c 00000078 00000074 00000070 0000006c 00000068 00000064 00000060 0000005c 00000058 00000054 00000050 0000004c 00000048 00000044 00000040 
sm   0 warp 0 0x800002c4 0x02a34557 v 10 11111111111111111111111111111111 7000013c 70000138 70000134 70000130 7000012c 70000128 70000124 70000120 7000011c 70000118 70000114 70000110 7000010c 70000108 70000104 70000100 7000017c 70000178 70000174 70000170 7000016c 70000168 70000164 70000160 7000015c 70000158 70000154 70000150 7000014c 70000148 70000144 70000140 
sm   0 warp 0 0x800002c8 0x0005227b lsu.r v  4 op 3 @ 7000013c 70000138 70000134 70000130 7000012c 70000128 70000124 70000120 7000011c 70000118 70000114 70000110 7000010c 70000108 70000104 70000100 7000017c 70000178 70000174 70000170 7000016c 70000168 70000164 70000160 7000015c 70000158 70000154 70000150 7000014c 70000148 70000144 70000140
sm   0 warp 0 0x800002c8 0x0005227b v  4 11111111111111111111111111111111 45800000 44800000 47a20000 48a20000 46c80000 47a20000 46100000 47800000 48800000 47a20000 44800000 44800000 46c80000 44800000 47800000 46100000 00000000 00000000 00000000 00000000 00000000 00000000 00000000 00000000 00000000 00000000 00000000 00000000 00000000 00000000 00000000 00000000 
sm   0 warp 0 0x800002d0 0x70000337 x  6  70000000
sm   0 warp 0 0x800002cc 0x02411157 v  2 11111111111111111111111111111111 45800000 44800000 47a20000 48a20000 46c80000 47a20000 46100000 47800000 48800000 47a20000 44800000 44800000 46c80000 44800000 47800000 46100000 45800000 44800000 47a20000 48a20000 46c80000 47a20000 46100000 47800000 48800000 47a20000 44800000 44800000 46c80000 44800000 47800000 46100000 
sm   0 warp 0 0x800002d4 0x10030313 x  6  70000100
sm   0 warp 0 0x800002d8 0x5208a557 v 10 11111111111111111111111111111111 0000001f 0000001e 0000001d 0000001c 0000001b 0000001a 00000019 00000018 00000017 00000016 00000015 00000014 00000013 00000012 00000011 00000010 0000000f 0000000e 0000000d 0000000c 0000000b 0000000a 00000009 00000008 00000007 00000006 00000005 00000004 00000003 00000002 00000001 00000000 
sm   0 warp 0 0x800002dc 0x96a13557 v 10 11111111111111111111111111111111 0000007c 00000078 00000074 00000070 0000006c 00000068 00000064 00000060 0000005c 00000058 00000054 00000050 0000004c 00000048 00000044 00000040 0000003c 00000038 00000034 00000030 0000002c 00000028 00000024 00000020 0000001c 00000018 00000014 00000010 0000000c 00000008 00000004 00000000 
[L1C] #   1728 SM 0 CACHE 0 ADDR 80000300
sm   0 warp 0 0x800002e0 0x02a34557 v 10 11111111111111111111111111111111 7000017c 70000178 70000174 70000170 7000016c 70000168 70000164 70000160 7000015c 70000158 70000154 70000150 7000014c 70000148 70000144 70000140 7000013c 70000138 70000134 70000130 7000012c 70000128 70000124 70000120 7000011c 70000118 70000114 70000110 7000010c 70000108 70000104 70000100 
sm   0 warp 0 0x800002e4 0x0025607b lsu.w v  2 op 3 mask 11111111111111111111111111111111 45800000 44800000 47a20000 48a20000 46c80000 47a20000 46100000 47800000 48800000 47a20000 44800000 44800000 46c80000 44800000 47800000 46100000 45800000 44800000 47a20000 48a20000 46c80000 47a20000 46100000 47800000 48800000 47a20000 44800000 44800000 46c80000 44800000 47800000 46100000 @ 7000017c 70000178 70000174 70000170 7000016c 70000168 70000164 70000160 7000015c 70000158 70000154 70000150 7000014c 70000148 70000144 70000140 7000013c 70000138 70000134 70000130 7000012c 70000128 70000124 70000120 7000011c 70000118 70000114 70000110 7000010c 70000108 70000104 70000100
sm   0 warp 0 0x800002e8 0x70000337 x  6  70000000
sm   0 warp 0 0x800002e4 0x0025607b lsu.w finish
sm   0 warp 0 0x800002ec 0x10030313 x  6  70000100
sm   0 warp 0 0x800002f0 0x5208a557 v 10 11111111111111111111111111111111 0000001f 0000001e 0000001d 0000001c 0000001b 0000001a 00000019 00000018 00000017 00000016 00000015 00000014 00000013 00000012 00000011 00000010 0000000f 0000000e 0000000d 0000000c 0000000b 0000000a 00000009 00000008 00000007 00000006 00000005 00000004 00000003 00000002 00000001 00000000 
sm   0 warp 0 0x800002f4 0x000003b7 x  7  00000000
sm   0 warp 0 0x800002f8 0x00838393 x  7  00000008
sm   0 warp 0 0x800002fc 0x02a3c557 v 10 11111111111111111111111111111111 00000027 00000026 00000025 00000024 00000023 00000022 00000021 00000020 0000001f 0000001e 0000001d 0000001c 0000001b 0000001a 00000019 00000018 00000017 00000016 00000015 00000014 00000013 00000012 00000011 00000010 0000000f 0000000e 0000000d 0000000c 0000000b 0000000a 00000009 00000008 
sm   0 warp 0 0x80000300 0x000003b7 x  7  00000000
sm   0 warp 0 0x80000304 0x01f38393 x  7  0000001f
sm   0 warp 0 0x80000308 0x26a3c557 v 10 11111111111111111111111111111111 00000007 00000006 00000005 00000004 00000003 00000002 00000001 00000000 0000001f 0000001e 0000001d 0000001c 0000001b 0000001a 00000019 00000018 00000017 00000016 00000015 00000014 00000013 00000012 00000011 00000010 0000000f 0000000e 0000000d 0000000c 0000000b 0000000a 00000009 00000008 
sm   0 warp 0 0x8000030c 0x96a13557 v 10 11111111111111111111111111111111 0000001c 00000018 00000014 00000010 0000000c 00000008 00000004 00000000 0000007c 00000078 00000074 00000070 0000006c 00000068 00000064 00000060 0000005c 00000058 00000054 00000050 0000004c 00000048 00000044 00000040 0000003c 00000038 00000034 00000030 0000002c 00000028 00000024 00000020 
sm   0 warp 0 0x80000310 0x02a34557 v 10 11111111111111111111111111111111 7000011c 70000118 70000114 70000110 7000010c 70000108 70000104 70000100 7000017c 70000178 70000174 70000170 7000016c 70000168 70000164 70000160 7000015c 70000158 70000154 70000150 7000014c 70000148 70000144 70000140 7000013c 70000138 70000134 70000130 7000012c 70000128 70000124 70000120 
sm   0 warp 0 0x80000314 0x0005227b lsu.r v  4 op 3 @ 7000011c 70000118 70000114 70000110 7000010c 70000108 70000104 70000100 7000017c 70000178 70000174 70000170 7000016c 70000168 70000164 70000160 7000015c 70000158 70000154 70000150 7000014c 70000148 70000144 70000140 7000013c 70000138 70000134 70000130 7000012c 70000128 70000124 70000120
sm   0 warp 0 0x80000314 0x0005227b v  4 11111111111111111111111111111111 48800000 47a20000 44800000 44800000 46c80000 44800000 47800000 46100000 45800000 44800000 47a20000 48a20000 46c80000 47a20000 46100000 47800000 48800000 47a20000 44800000 44800000 46c80000 44800000 47800000 46100000 45800000 44800000 47a20000 48a20000 46c80000 47a20000 46100000 47800000 
sm   0 warp 0 0x8000031c 0x70000337 x  6  70000000
sm   0 warp 0 0x80000318 0x02411157 v  2 11111111111111111111111111111111 48820000 47a40000 47a40000 48a28000 47480000 47a40000 47920000 47920000 48820000 47a40000 47a40000 48a28000 47480000 47a40000 47920000 47920000 48820000 47a40000 47a40000 48a28000 47480000 47a40000 47920000 47920000 48820000 47a40000 47a40000 48a28000 47480000 47a40000 47920000 47920000 
sm   0 warp 0 0x80000320 0x10030313 x  6  70000100
sm   0 warp 0 0x80000324 0x5208a557 v 10 11111111111111111111111111111111 0000001f 0000001e 0000001d 0000001c 0000001b 0000001a 00000019 00000018 00000017 00000016 00000015 00000014 00000013 00000012 00000011 00000010 0000000f 0000000e 0000000d 0000000c 0000000b 0000000a 00000009 00000008 00000007 00000006 00000005 00000004 00000003 00000002 00000001 00000000 
sm   0 warp 0 0x80000328 0x96a13557 v 10 11111111111111111111111111111111 0000007c 00000078 00000074 00000070 0000006c 00000068 00000064 00000060 0000005c 00000058 00000054 00000050 0000004c 00000048 00000044 00000040 0000003c 00000038 00000034 00000030 0000002c 00000028 00000024 00000020 0000001c 00000018 00000014 00000010 0000000c 00000008 00000004 00000000 
sm   0 warp 0 0x8000032c 0x02a34557 v 10 11111111111111111111111111111111 7000017c 70000178 70000174 70000170 7000016c 70000168 70000164 70000160 7000015c 70000158 70000154 70000150 7000014c 70000148 70000144 70000140 7000013c 70000138 70000134 70000130 7000012c 70000128 70000124 70000120 7000011c 70000118 70000114 70000110 7000010c 70000108 70000104 70000100 
sm   0 warp 0 0x80000330 0x0025607b lsu.w v  2 op 3 mask 11111111111111111111111111111111 48820000 47a40000 47a40000 48a28000 47480000 47a40000 47920000 47920000 48820000 47a40000 47a40000 48a28000 47480000 47a40000 47920000 47920000 48820000 47a40000 47a40000 48a28000 47480000 47a40000 47920000 47920000 48820000 47a40000 47a40000 48a28000 47480000 47a40000 47920000 47920000 @ 7000017c 70000178 70000174 70000170 7000016c 70000168 70000164 70000160 7000015c 70000158 70000154 70000150 7000014c 70000148 70000144 70000140 7000013c 70000138 70000134 70000130 7000012c 70000128 70000124 70000120 7000011c 70000118 70000114 70000110 7000010c 70000108 70000104 70000100
sm   0 warp 0 0x80000334 0x70000337 x  6  70000000
sm   0 warp 0 0x80000330 0x0025607b lsu.w finish
sm   0 warp 0 0x80000338 0x10030313 x  6  70000100
sm   0 warp 0 0x8000033c 0x5208a557 v 10 11111111111111111111111111111111 0000001f 0000001e 0000001d 0000001c 0000001b 0000001a 00000019 00000018 00000017 00000016 00000015 00000014 00000013 00000012 00000011 00000010 0000000f 0000000e 0000000d 0000000c 0000000b 0000000a 00000009 00000008 00000007 00000006 00000005 00000004 00000003 00000002 00000001 00000000 
sm   0 warp 0 0x80000340 0x000003b7 x  7  00000000
sm   0 warp 0 0x80000344 0x00438393 x  7  00000004
sm   0 warp 0 0x80000348 0x02a3c557 v 10 11111111111111111111111111111111 00000023 00000022 00000021 00000020 0000001f 0000001e 0000001d 0000001c 0000001b 0000001a 00000019 00000018 00000017 00000016 00000015 00000014 00000013 00000012 00000011 00000010 0000000f 0000000e 0000000d 0000000c 0000000b 0000000a 00000009 00000008 00000007 00000006 00000005 00000004 
sm   0 warp 0 0x8000034c 0x000003b7 x  7  00000000
sm   0 warp 0 0x80000350 0x01f38393 x  7  0000001f
sm   0 warp 0 0x80000354 0x26a3c557 v 10 11111111111111111111111111111111 00000003 00000002 00000001 00000000 0000001f 0000001e 0000001d 0000001c 0000001b 0000001a 00000019 00000018 00000017 00000016 00000015 00000014 00000013 00000012 00000011 00000010 0000000f 0000000e 0000000d 0000000c 0000000b 0000000a 00000009 00000008 00000007 00000006 00000005 00000004 
sm   0 warp 0 0x80000358 0x96a13557 v 10 11111111111111111111111111111111 0000000c 00000008 00000004 00000000 0000007c 00000078 00000074 00000070 0000006c 00000068 00000064 00000060 0000005c 00000058 00000054 00000050 0000004c 00000048 00000044 00000040 0000003c 00000038 00000034 00000030 0000002c 00000028 00000024 00000020 0000001c 00000018 00000014 00000010 
sm   0 warp 0 0x8000035c 0x02a34557 v 10 11111111111111111111111111111111 7000010c 70000108 70000104 70000100 7000017c 70000178 70000174 70000170 7000016c 70000168 70000164 70000160 7000015c 70000158 70000154 70000150 7000014c 70000148 70000144 70000140 7000013c 70000138 70000134 70000130 7000012c 70000128 70000124 70000120 7000011c 70000118 70000114 70000110 
[L1C] #   1866 SM 0 CACHE 0 ADDR 80000380
sm   0 warp 0 0x80000360 0x0005227b lsu.r v  4 op 3 @ 7000010c 70000108 70000104 70000100 7000017c 70000178 70000174 70000170 7000016c 70000168 70000164 70000160 7000015c 70000158 70000154 70000150 7000014c 70000148 70000144 70000140 7000013c 70000138 70000134 70000130 7000012c 70000128 70000124 70000120 7000011c 70000118 70000114 70000110
sm   0 warp 0 0x80000360 0x0005227b v  4 11111111111111111111111111111111 47480000 47a40000 47920000 47920000 48820000 47a40000 47a40000 48a28000 47480000 47a40000 47920000 47920000 48820000 47a40000 47a40000 48a28000 47480000 47a40000 47920000 47920000 48820000 47a40000 47a40000 48a28000 47480000 47a40000 47920000 47920000 48820000 47a40000 47a40000 48a28000 
[L1C] #   1882 SM 0 CACHE 0 ADDR 80000380
sm   0 warp 0 0x80000368 0x70000337 x  6  70000000
sm   0 warp 0 0x80000364 0x02411157 v  2 11111111111111111111111111111111 489b0000 48240000 481b0000 48c70000 489b0000 48240000 481b0000 48c70000 489b0000 48240000 481b0000 48c70000 489b0000 48240000 481b0000 48c70000 489b0000 48240000 481b0000 48c70000 489b0000 48240000 481b0000 48c70000 489b0000 48240000 481b0000 48c70000 489b0000 48240000 481b0000 48c70000 
sm   0 warp 0 0x8000036c 0x10030313 x  6  70000100
[L1C] #   1889 SM 0 CACHE 0 ADDR 80000380
sm   0 warp 0 0x80000370 0x5208a557 v 10 11111111111111111111111111111111 0000001f 0000001e 0000001d 0000001c 0000001b 0000001a 00000019 00000018 00000017 00000016 00000015 00000014 00000013 00000012 00000011 00000010 0000000f 0000000e 0000000d 0000000c 0000000b 0000000a 00000009 00000008 00000007 00000006 00000005 00000004 00000003 00000002 00000001 00000000 
sm   0 warp 0 0x80000374 0x96a13557 v 10 11111111111111111111111111111111 0000007c 00000078 00000074 00000070 0000006c 00000068 00000064 00000060 0000005c 00000058 00000054 00000050 0000004c 00000048 00000044 00000040 0000003c 00000038 00000034 00000030 0000002c 00000028 00000024 00000020 0000001c 00000018 00000014 00000010 0000000c 00000008 00000004 00000000 
[L1C] #   1896 SM 0 CACHE 0 ADDR 80000380
sm   0 warp 0 0x80000378 0x02a34557 v 10 11111111111111111111111111111111 7000017c 70000178 70000174 70000170 7000016c 70000168 70000164 70000160 7000015c 70000158 70000154 70000150 7000014c 70000148 70000144 70000140 7000013c 70000138 70000134 70000130 7000012c 70000128 70000124 70000120 7000011c 70000118 70000114 70000110 7000010c 70000108 70000104 70000100 
sm   0 warp 0 0x8000037c 0x0025607b lsu.w v  2 op 3 mask 11111111111111111111111111111111 489b0000 48240000 481b0000 48c70000 489b0000 48240000 481b0000 48c70000 489b0000 48240000 481b0000 48c70000 489b0000 48240000 481b0000 48c70000 489b0000 48240000 481b0000 48c70000 489b0000 48240000 481b0000 48c70000 489b0000 48240000 481b0000 48c70000 489b0000 48240000 481b0000 48c70000 @ 7000017c 70000178 70000174 70000170 7000016c 70000168 70000164 70000160 7000015c 70000158 70000154 70000150 7000014c 70000148 70000144 70000140 7000013c 70000138 70000134 70000130 7000012c 70000128 70000124 70000120 7000011c 70000118 70000114 70000110 7000010c 70000108 70000104 70000100
sm   0 warp 0 0x80000380 0x70000337 x  6  70000000
sm   0 warp 0 0x8000037c 0x0025607b lsu.w finish
sm   0 warp 0 0x80000384 0x10030313 x  6  70000100
sm   0 warp 0 0x80000388 0x5208a557 v 10 11111111111111111111111111111111 0000001f 0000001e 0000001d 0000001c 0000001b 0000001a 00000019 00000018 00000017 00000016 00000015 00000014 00000013 00000012 00000011 00000010 0000000f 0000000e 0000000d 0000000c 0000000b 0000000a 00000009 00000008 00000007 00000006 00000005 00000004 00000003 00000002 00000001 00000000 
sm   0 warp 0 0x8000038c 0x000003b7 x  7  00000000
sm   0 warp 0 0x80000390 0x00238393 x  7  00000002
sm   0 warp 0 0x80000394 0x02a3c557 v 10 11111111111111111111111111111111 00000021 00000020 0000001f 0000001e 0000001d 0000001c 0000001b 0000001a 00000019 00000018 00000017 00000016 00000015 00000014 00000013 00000012 00000011 00000010 0000000f 0000000e 0000000d 0000000c 0000000b 0000000a 00000009 00000008 00000007 00000006 00000005 00000004 00000003 00000002 
sm   0 warp 0 0x80000398 0x000003b7 x  7  00000000
sm   0 warp 0 0x8000039c 0x01f38393 x  7  0000001f
sm   0 warp 0 0x800003a0 0x26a3c557 v 10 11111111111111111111111111111111 00000001 00000000 0000001f 0000001e 0000001d 0000001c 0000001b 0000001a 00000019 00000018 00000017 00000016 00000015 00000014 00000013 00000012 00000011 00000010 0000000f 0000000e 0000000d 0000000c 0000000b 0000000a 00000009 00000008 00000007 00000006 00000005 00000004 00000003 00000002 
sm   0 warp 0 0x800003a4 0x96a13557 v 10 11111111111111111111111111111111 00000004 00000000 0000007c 00000078 00000074 00000070 0000006c 00000068 00000064 00000060 0000005c 00000058 00000054 00000050 0000004c 00000048 00000044 00000040 0000003c 00000038 00000034 00000030 0000002c 00000028 00000024 00000020 0000001c 00000018 00000014 00000010 0000000c 00000008 
sm   0 warp 0 0x800003a8 0x02a34557 v 10 11111111111111111111111111111111 70000104 70000100 7000017c 70000178 70000174 70000170 7000016c 70000168 70000164 70000160 7000015c 70000158 70000154 70000150 7000014c 70000148 70000144 70000140 7000013c 70000138 70000134 70000130 7000012c 70000128 70000124 70000120 7000011c 70000118 70000114 70000110 7000010c 70000108 
sm   0 warp 0 0x800003ac 0x0005227b lsu.r v  4 op 3 @ 70000104 70000100 7000017c 70000178 70000174 70000170 7000016c 70000168 70000164 70000160 7000015c 70000158 70000154 70000150 7000014c 70000148 70000144 70000140 7000013c 70000138 70000134 70000130 7000012c 70000128 70000124 70000120 7000011c 70000118 70000114 70000110 7000010c 70000108
sm   0 warp 0 0x800003ac 0x0005227b v  4 11111111111111111111111111111111 481b0000 48c70000 489b0000 48240000 481b0000 48c70000 489b0000 48240000 481b0000 48c70000 489b0000 48240000 481b0000 48c70000 489b0000 48240000 481b0000 48c70000 489b0000 48240000 481b0000 48c70000 489b0000 48240000 481b0000 48c70000 489b0000 48240000 481b0000 48c70000 489b0000 48240000 
sm   0 warp 0 0x800003b4 0x70000337 x  6  70000000
sm   0 warp 0 0x800003b0 0x02411157 v  2 11111111111111111111111111111111 48e88000 490c8000 48e88000 490c8000 48e88000 490c8000 48e88000 490c8000 48e88000 490c8000 48e88000 490c8000 48e88000 490c8000 48e88000 490c8000 48e88000 490c8000 48e88000 490c8000 48e88000 490c8000 48e88000 490c8000 48e88000 490c8000 48e88000 490c8000 48e88000 490c8000 48e88000 490c8000 
sm   0 warp 0 0x800003b8 0x10030313 x  6  70000100
sm   0 warp 0 0x800003bc 0x5208a557 v 10 11111111111111111111111111111111 0000001f 0000001e 0000001d 0000001c 0000001b 0000001a 00000019 00000018 00000017 00000016 00000015 00000014 00000013 00000012 00000011 00000010 0000000f 0000000e 0000000d 0000000c 0000000b 0000000a 00000009 00000008 00000007 00000006 00000005 00000004 00000003 00000002 00000001 00000000 
sm   0 warp 0 0x800003c0 0x96a13557 v 10 11111111111111111111111111111111 0000007c 00000078 00000074 00000070 0000006c 00000068 00000064 00000060 0000005c 00000058 00000054 00000050 0000004c 00000048 00000044 00000040 0000003c 00000038 00000034 00000030 0000002c 00000028 00000024 00000020 0000001c 00000018 00000014 00000010 0000000c 00000008 00000004 00000000 
sm   0 warp 0 0x800003c4 0x02a34557 v 10 11111111111111111111111111111111 7000017c 70000178 70000174 70000170 7000016c 70000168 70000164 70000160 7000015c 70000158 70000154 70000150 7000014c 70000148 70000144 70000140 7000013c 70000138 70000134 70000130 7000012c 70000128 70000124 70000120 7000011c 70000118 70000114 70000110 7000010c 70000108 70000104 70000100 
sm   0 warp 0 0x800003c8 0x0025607b lsu.w v  2 op 3 mask 11111111111111111111111111111111 48e88000 490c8000 48e88000 490c8000 48e88000 490c8000 48e88000 490c8000 48e88000 490c8000 48e88000 490c8000 48e88000 490c8000 48e88000 490c8000 48e88000 490c8000 48e88000 490c8000 48e88000 490c8000 48e88000 490c8000 48e88000 490c8000 48e88000 490c8000 48e88000 490c8000 48e88000 490c8000 @ 7000017c 70000178 70000174 70000170 7000016c 70000168 70000164 70000160 7000015c 70000158 70000154 70000150 7000014c 70000148 70000144 70000140 7000013c 70000138 70000134 70000130 7000012c 70000128 70000124 70000120 7000011c 70000118 70000114 70000110 7000010c 70000108 70000104 70000100
sm   0 warp 0 0x800003cc 0x70000337 x  6  70000000
sm   0 warp 0 0x800003c8 0x0025607b lsu.w finish
sm   0 warp 0 0x800003d0 0x10030313 x  6  70000100
sm   0 warp 0 0x800003d4 0x5208a557 v 10 11111111111111111111111111111111 0000001f 0000001e 0000001d 0000001c 0000001b 0000001a 00000019 00000018 00000017 00000016 00000015 00000014 00000013 00000012 00000011 00000010 0000000f 0000000e 0000000d 0000000c 0000000b 0000000a 00000009 00000008 00000007 00000006 00000005 00000004 00000003 00000002 00000001 00000000 
sm   0 warp 0 0x800003d8 0x000003b7 x  7  00000000
sm   0 warp 0 0x800003dc 0x00138393 x  7  00000001
[L1C] #   2007 SM 0 CACHE 0 ADDR 80000400
sm   0 warp 0 0x800003e0 0x02a3c557 v 10 11111111111111111111111111111111 00000020 0000001f 0000001e 0000001d 0000001c 0000001b 0000001a 00000019 00000018 00000017 00000016 00000015 00000014 00000013 00000012 00000011 00000010 0000000f 0000000e 0000000d 0000000c 0000000b 0000000a 00000009 00000008 00000007 00000006 00000005 00000004 00000003 00000002 00000001 
sm   0 warp 0 0x800003e4 0x000003b7 x  7  00000000
sm   0 warp 0 0x800003e8 0x01f38393 x  7  0000001f
sm   0 warp 0 0x800003ec 0x26a3c557 v 10 11111111111111111111111111111111 00000000 0000001f 0000001e 0000001d 0000001c 0000001b 0000001a 00000019 00000018 00000017 00000016 00000015 00000014 00000013 00000012 00000011 00000010 0000000f 0000000e 0000000d 0000000c 0000000b 0000000a 00000009 00000008 00000007 00000006 00000005 00000004 00000003 00000002 00000001 
sm   0 warp 0 0x800003f0 0x96a13557 v 10 11111111111111111111111111111111 00000000 0000007c 00000078 00000074 00000070 0000006c 00000068 00000064 00000060 0000005c 00000058 00000054 00000050 0000004c 00000048 00000044 00000040 0000003c 00000038 00000034 00000030 0000002c 00000028 00000024 00000020 0000001c 00000018 00000014 00000010 0000000c 00000008 00000004 
sm   0 warp 0 0x800003f4 0x02a34557 v 10 11111111111111111111111111111111 70000100 7000017c 70000178 70000174 70000170 7000016c 70000168 70000164 70000160 7000015c 70000158 70000154 70000150 7000014c 70000148 70000144 70000140 7000013c 70000138 70000134 70000130 7000012c 70000128 70000124 70000120 7000011c 70000118 70000114 70000110 7000010c 70000108 70000104 
sm   0 warp 0 0x800003f8 0x0005227b lsu.r v  4 op 3 @ 70000100 7000017c 70000178 70000174 70000170 7000016c 70000168 70000164 70000160 7000015c 70000158 70000154 70000150 7000014c 70000148 70000144 70000140 7000013c 70000138 70000134 70000130 7000012c 70000128 70000124 70000120 7000011c 70000118 70000114 70000110 7000010c 70000108 70000104
sm   0 warp 0 0x800003f8 0x0005227b v  4 11111111111111111111111111111111 490c8000 48e88000 490c8000 48e88000 490c8000 48e88000 490c8000 48e88000 490c8000 48e88000 490c8000 48e88000 490c8000 48e88000 490c8000 48e88000 490c8000 48e88000 490c8000 48e88000 490c8000 48e88000 490c8000 48e88000 490c8000 48e88000 490c8000 48e88000 490c8000 48e88000 490c8000 48e88000 
sm   0 warp 0 0x80000400 0x70000337 x  6  70000000
sm   0 warp 0 0x800003fc 0x02411157 v  2 11111111111111111111111111111111 49806000 49806000 49806000 49806000 49806000 49806000 49806000 49806000 49806000 49806000 49806000 49806000 49806000 49806000 49806000 49806000 49806000 49806000 49806000 49806000 49806000 49806000 49806000 49806000 49806000 49806000 49806000 49806000 49806000 49806000 49806000 49806000 
sm   0 warp 0 0x80000404 0x10030313 x  6  70000100
sm   0 warp 0 0x80000408 0x5208a557 v 10 11111111111111111111111111111111 0000001f 0000001e 0000001d 0000001c 0000001b 0000001a 00000019 00000018 00000017 00000016 00000015 00000014 00000013 00000012 00000011 00000010 0000000f 0000000e 0000000d 0000000c 0000000b 0000000a 00000009 00000008 00000007 00000006 00000005 00000004 00000003 00000002 00000001 00000000 
sm   0 warp 0 0x8000040c 0x96a13557 v 10 11111111111111111111111111111111 0000007c 00000078 00000074 00000070 0000006c 00000068 00000064 00000060 0000005c 00000058 00000054 00000050 0000004c 00000048 00000044 00000040 0000003c 00000038 00000034 00000030 0000002c 00000028 00000024 00000020 0000001c 00000018 00000014 00000010 0000000c 00000008 00000004 00000000 
sm   0 warp 0 0x80000410 0x02a34557 v 10 11111111111111111111111111111111 7000017c 70000178 70000174 70000170 7000016c 70000168 70000164 70000160 7000015c 70000158 70000154 70000150 7000014c 70000148 70000144 70000140 7000013c 70000138 70000134 70000130 7000012c 70000128 70000124 70000120 7000011c 70000118 70000114 70000110 7000010c 70000108 70000104 70000100 
sm   0 warp 0 0x80000414 0x0025607b lsu.w v  2 op 3 mask 11111111111111111111111111111111 49806000 49806000 49806000 49806000 49806000 49806000 49806000 49806000 49806000 49806000 49806000 49806000 49806000 49806000 49806000 49806000 49806000 49806000 49806000 49806000 49806000 49806000 49806000 49806000 49806000 49806000 49806000 49806000 49806000 49806000 49806000 49806000 @ 7000017c 70000178 70000174 70000170 7000016c 70000168 70000164 70000160 7000015c 70000158 70000154 70000150 7000014c 70000148 70000144 70000140 7000013c 70000138 70000134 70000130 7000012c 70000128 70000124 70000120 7000011c 70000118 70000114 70000110 7000010c 70000108 70000104 70000100
sm   0 warp 0 0x80000418 0x2a108f57 v 30 11111111111111111111111111111111 43900000 43900000 43900000 43900000 43900000 43900000 43900000 43900000 43900000 43900000 43900000 43900000 43900000 43900000 43900000 43900000 43900000 43900000 43900000 43900000 43900000 43900000 43900000 43900000 43900000 43900000 43900000 43900000 43900000 43900000 43900000 43900000 
sm   0 warp 0 0x80000414 0x0025607b lsu.w finish
sm   0 warp 0 0x8000041c 0x2bff80d7 v  1 11111111111111111111111111111111 00000000 00000000 00000000 00000000 00000000 00000000 00000000 00000000 00000000 00000000 00000000 00000000 00000000 00000000 00000000 00000000 00000000 00000000 00000000 00000000 00000000 00000000 00000000 00000000 00000000 00000000 00000000 00000000 00000000 00000000 00000000 00000000 
sm   0 warp 0 0x80000420 0xb30f10d7 v  1 11111111111111111111111111111111 41100000 41100000 41100000 41100000 41100000 41100000 41100000 41100000 41100000 41100000 41100000 41100000 41100000 41100000 41100000 41100000 41100000 41100000 41100000 41100000 41100000 41100000 41100000 41100000 41100000 41100000 41100000 41100000 41100000 41100000 41100000 41100000 
sm   0 warp 0 0x80000424 0x2a210f57 v 30 11111111111111111111111111111111 49806000 49806000 49806000 49806000 49806000 49806000 49806000 49806000 49806000 49806000 49806000 49806000 49806000 49806000 49806000 49806000 49806000 49806000 49806000 49806000 49806000 49806000 49806000 49806000 49806000 49806000 49806000 49806000 49806000 49806000 49806000 49806000 
sm   0 warp 0 0x80000428 0x2bff8157 v  2 11111111111111111111111111111111 00000000 00000000 00000000 00000000 00000000 00000000 00000000 00000000 00000000 00000000 00000000 00000000 00000000 00000000 00000000 00000000 00000000 00000000 00000000 00000000 00000000 00000000 00000000 00000000 00000000 00000000 00000000 00000000 00000000 00000000 00000000 00000000 
sm   0 warp 0 0x8000042c 0xb30f1157 v  2 11111111111111111111111111111111 47006000 47006000 47006000 47006000 47006000 47006000 47006000 47006000 47006000 47006000 47006000 47006000 47006000 47006000 47006000 47006000 47006000 47006000 47006000 47006000 47006000 47006000 47006000 47006000 47006000 47006000 47006000 47006000 47006000 47006000 47006000 47006000 
sm   0 warp 0 0x80000430 0xbe109157 v  2 11111111111111111111111111111111 47000f00 47000f00 47000f00 47000f00 47000f00 47000f00 47000f00 47000f00 47000f00 47000f00 47000f00 47000f00 47000f00 47000f00 47000f00 47000f00 47000f00 47000f00 47000f00 47000f00 47000f00 47000f00 47000f00 47000f00 47000f00 47000f00 47000f00 47000f00 47000f00 47000f00 47000f00 47000f00 
sm   0 warp 0 0x80000434 0x03111157 v  2 11111111111111111111111111111111 47000f00 47000f00 47000f00 47000f00 47000f00 47000f00 47000f00 47000f00 47000f00 47000f00 47000f00 47000f00 47000f00 47000f00 47000f00 47000f00 47000f00 47000f00 47000f00 47000f00 47000f00 47000f00 47000f00 47000f00 47000f00 47000f00 47000f00 47000f00 47000f00 47000f00 47000f00 47000f00 
sm   0 warp 0 0x80000438 0x2a2102d7 v  5 11111111111111111111111111111111 47000f00 47000f00 47000f00 47000f00 47000f00 47000f00 47000f00 47000f00 47000f00 47000f00 47000f00 47000f00 47000f00 47000f00 47000f00 47000f00 47000f00 47000f00 47000f00 47000f00 47000f00 47000f00 47000f00 47000f00 47000f00 47000f00 47000f00 47000f00 47000f00 47000f00 47000f00 47000f00 
sm   0 warp 0 0x8000043c 0xa250b2d7 v  5 11111111111111111111111111111111 23800780 23800780 23800780 23800780 23800780 23800780 23800780 23800780 23800780 23800780 23800780 23800780 23800780 23800780 23800780 23800780 23800780 23800780 23800780 23800780 23800780 23800780 23800780 23800780 23800780 23800780 23800780 23800780 23800780 23800780 23800780 23800780 
sm   0 warp 0 0x80000440 0x0b4282d7 v  5 11111111111111111111111111111111 3bb7525f 3bb7525f 3bb7525f 3bb7525f 3bb7525f 3bb7525f 3bb7525f 3bb7525f 3bb7525f 3bb7525f 3bb7525f 3bb7525f 3bb7525f 3bb7525f 3bb7525f 3bb7525f 3bb7525f 3bb7525f 3bb7525f 3bb7525f 3bb7525f 3bb7525f 3bb7525f 3bb7525f 3bb7525f 3bb7525f 3bb7525f 3bb7525f 3bb7525f 3bb7525f 3bb7525f 3bb7525f 
sm   0 warp 0 0x80000444 0x2bff8457 v  8 11111111111111111111111111111111 00000000 00000000 00000000 00000000 00000000 00000000 00000000 00000000 00000000 00000000 00000000 00000000 00000000 00000000 00000000 00000000 00000000 00000000 00000000 00000000 00000000 00000000 00000000 00000000 00000000 00000000 00000000 00000000 00000000 00000000 00000000 00000000 
sm   0 warp 0 0x80000448 0xb3211457 v  8 11111111111111111111111111111111 46800f00 46800f00 46800f00 46800f00 46800f00 46800f00 46800f00 46800f00 46800f00 46800f00 46800f00 46800f00 46800f00 46800f00 46800f00 46800f00 46800f00 46800f00 46800f00 46800f00 46800f00 46800f00 46800f00 46800f00 46800f00 46800f00 46800f00 46800f00 46800f00 46800f00 46800f00 46800f00 
sm   0 warp 0 0x8000044c 0x2bff8357 v  6 11111111111111111111111111111111 00000000 00000000 00000000 00000000 00000000 00000000 00000000 00000000 00000000 00000000 00000000 00000000 00000000 00000000 00000000 00000000 00000000 00000000 00000000 00000000 00000000 00000000 00000000 00000000 00000000 00000000 00000000 00000000 00000000 00000000 00000000 00000000 
sm   0 warp 0 0x80000450 0xb2529357 v  6 11111111111111111111111111111111 380346de 380346de 380346de 380346de 380346de 380346de 380346de 380346de 380346de 380346de 380346de 380346de 380346de 380346de 380346de 380346de 380346de 380346de 380346de 380346de 380346de 380346de 380346de 380346de 380346de 380346de 380346de 380346de 380346de 380346de 380346de 380346de 
sm   0 warp 0 0x80000454 0x2b3983d7 v  7 11111111111111111111111111111111 3fc00000 3fc00000 3fc00000 3fc00000 3fc00000 3fc00000 3fc00000 3fc00000 3fc00000 3fc00000 3fc00000 3fc00000 3fc00000 3fc00000 3fc00000 3fc00000 3fc00000 3fc00000 3fc00000 3fc00000 3fc00000 3fc00000 3fc00000 3fc00000 3fc00000 3fc00000 3fc00000 3fc00000 3fc00000 3fc00000 3fc00000 3fc00000 
sm   0 warp 0 0x80000458 0xbe6413d7 v  7 11111111111111111111111111111111 3f7ca9c0 3f7ca9c0 3f7ca9c0 3f7ca9c0 3f7ca9c0 3f7ca9c0 3f7ca9c0 3f7ca9c0 3f7ca9c0 3f7ca9c0 3f7ca9c0 3f7ca9c0 3f7ca9c0 3f7ca9c0 3f7ca9c0 3f7ca9c0 3f7ca9c0 3f7ca9c0 3f7ca9c0 3f7ca9c0 3f7ca9c0 3f7ca9c0 3f7ca9c0 3f7ca9c0 3f7ca9c0 3f7ca9c0 3f7ca9c0 3f7ca9c0 3f7ca9c0 3f7ca9c0 3f7ca9c0 3f7ca9c0 
sm   0 warp 0 0x8000045c 0x2a528f57 v 30 11111111111111111111111111111111 3bb7525f 3bb7525f 3bb7525f 3bb7525f 3bb7525f 3bb7525f 3bb7525f 3bb7525f 3bb7525f 3bb7525f 3bb7525f 3bb7525f 3bb7525f 3bb7525f 3bb7525f 3bb7525f 3bb7525f 3bb7525f 3bb7525f 3bb7525f 3bb7525f 3bb7525f 3bb7525f 3bb7525f 3bb7525f 3bb7525f 3bb7525f 3bb7525f 3bb7525f 3bb7525f 3bb7525f 3bb7525f 
[L1C] #   2179 SM 0 CACHE 0 ADDR 80000480
sm   0 warp 0 0x80000460 0x2bff82d7 v  5 11111111111111111111111111111111 00000000 00000000 00000000 00000000 00000000 00000000 00000000 00000000 00000000 00000000 00000000 00000000 00000000 00000000 00000000 00000000 00000000 00000000 00000000 00000000 00000000 00000000 00000000 00000000 00000000 00000000 00000000 00000000 00000000 00000000 00000000 00000000 
sm   0 warp 0 0x80000464 0xb27f12d7 v  5 11111111111111111111111111111111 3bb4eea4 3bb4eea4 3bb4eea4 3bb4eea4 3bb4eea4 3bb4eea4 3bb4eea4 3bb4eea4 3bb4eea4 3bb4eea4 3bb4eea4 3bb4eea4 3bb4eea4 3bb4eea4 3bb4eea4 3bb4eea4 3bb4eea4 3bb4eea4 3bb4eea4 3bb4eea4 3bb4eea4 3bb4eea4 3bb4eea4 3bb4eea4 3bb4eea4 3bb4eea4 3bb4eea4 3bb4eea4 3bb4eea4 3bb4eea4 3bb4eea4 3bb4eea4 
sm   0 warp 0 0x80000468 0x2bff8357 v  6 11111111111111111111111111111111 00000000 00000000 00000000 00000000 00000000 00000000 00000000 00000000 00000000 00000000 00000000 00000000 00000000 00000000 00000000 00000000 00000000 00000000 00000000 00000000 00000000 00000000 00000000 00000000 00000000 00000000 00000000 00000000 00000000 00000000 00000000 00000000 
sm   0 warp 0 0x8000046c 0xb2529357 v  6 11111111111111111111111111111111 37ffc0ea 37ffc0ea 37ffc0ea 37ffc0ea 37ffc0ea 37ffc0ea 37ffc0ea 37ffc0ea 37ffc0ea 37ffc0ea 37ffc0ea 37ffc0ea 37ffc0ea 37ffc0ea 37ffc0ea 37ffc0ea 37ffc0ea 37ffc0ea 37ffc0ea 37ffc0ea 37ffc0ea 37ffc0ea 37ffc0ea 37ffc0ea 37ffc0ea 37ffc0ea 37ffc0ea 37ffc0ea 37ffc0ea 37ffc0ea 37ffc0ea 37ffc0ea 
sm   0 warp 0 0x80000470 0x2b3983d7 v  7 11111111111111111111111111111111 3fc00000 3fc00000 3fc00000 3fc00000 3fc00000 3fc00000 3fc00000 3fc00000 3fc00000 3fc00000 3fc00000 3fc00000 3fc00000 3fc00000 3fc00000 3fc00000 3fc00000 3fc00000 3fc00000 3fc00000 3fc00000 3fc00000 3fc00000 3fc00000 3fc00000 3fc00000 3fc00000 3fc00000 3fc00000 3fc00000 3fc00000 3fc00000 
sm   0 warp 0 0x80000474 0xbe6413d7 v  7 11111111111111111111111111111111 3f800847 3f800847 3f800847 3f800847 3f800847 3f800847 3f800847 3f800847 3f800847 3f800847 3f800847 3f800847 3f800847 3f800847 3f800847 3f800847 3f800847 3f800847 3f800847 3f800847 3f800847 3f800847 3f800847 3f800847 3f800847 3f800847 3f800847 3f800847 3f800847 3f800847 3f800847 3f800847 
sm   0 warp 0 0x80000478 0x2a528f57 v 30 11111111111111111111111111111111 3bb4eea4 3bb4eea4 3bb4eea4 3bb4eea4 3bb4eea4 3bb4eea4 3bb4eea4 3bb4eea4 3bb4eea4 3bb4eea4 3bb4eea4 3bb4eea4 3bb4eea4 3bb4eea4 3bb4eea4 3bb4eea4 3bb4eea4 3bb4eea4 3bb4eea4 3bb4eea4 3bb4eea4 3bb4eea4 3bb4eea4 3bb4eea4 3bb4eea4 3bb4eea4 3bb4eea4 3bb4eea4 3bb4eea4 3bb4eea4 3bb4eea4 3bb4eea4 
sm   0 warp 0 0x8000047c 0x2bff82d7 v  5 11111111111111111111111111111111 00000000 00000000 00000000 00000000 00000000 00000000 00000000 00000000 00000000 00000000 00000000 00000000 00000000 00000000 00000000 00000000 00000000 00000000 00000000 00000000 00000000 00000000 00000000 00000000 00000000 00000000 00000000 00000000 00000000 00000000 00000000 00000000 
sm   0 warp 0 0x80000480 0xb27f12d7 v  5 11111111111111111111111111111111 3bb4fa57 3bb4fa57 3bb4fa57 3bb4fa57 3bb4fa57 3bb4fa57 3bb4fa57 3bb4fa57 3bb4fa57 3bb4fa57 3bb4fa57 3bb4fa57 3bb4fa57 3bb4fa57 3bb4fa57 3bb4fa57 3bb4fa57 3bb4fa57 3bb4fa57 3bb4fa57 3bb4fa57 3bb4fa57 3bb4fa57 3bb4fa57 3bb4fa57 3bb4fa57 3bb4fa57 3bb4fa57 3bb4fa57 3bb4fa57 3bb4fa57 3bb4fa57 
sm   0 warp 0 0x80000484 0x2bff8357 v  6 11111111111111111111111111111111 00000000 00000000 00000000 00000000 00000000 00000000 00000000 00000000 00000000 00000000 00000000 00000000 00000000 00000000 00000000 00000000 00000000 00000000 00000000 00000000 00000000 00000000 00000000 00000000 00000000 00000000 00000000 00000000 00000000 00000000 00000000 00000000 
sm   0 warp 0 0x80000488 0xb2529357 v  6 11111111111111111111111111111111 37ffe1fe 37ffe1fe 37ffe1fe 37ffe1fe 37ffe1fe 37ffe1fe 37ffe1fe 37ffe1fe 37ffe1fe 37ffe1fe 37ffe1fe 37ffe1fe 37ffe1fe 37ffe1fe 37ffe1fe 37ffe1fe 37ffe1fe 37ffe1fe 37ffe1fe 37ffe1fe 37ffe1fe 37ffe1fe 37ffe1fe 37ffe1fe 37ffe1fe 37ffe1fe 37ffe1fe 37ffe1fe 37ffe1fe 37ffe1fe 37ffe1fe 37ffe1fe 
sm   0 warp 0 0x8000048c 0x2b3983d7 v  7 11111111111111111111111111111111 3fc00000 3fc00000 3fc00000 3fc00000 3fc00000 3fc00000 3fc00000 3fc00000 3fc00000 3fc00000 3fc00000 3fc00000 3fc00000 3fc00000 3fc00000 3fc00000 3fc00000 3fc00000 3fc00000 3fc00000 3fc00000 3fc00000 3fc00000 3fc00000 3fc00000 3fc00000 3fc00000 3fc00000 3fc00000 3fc00000 3fc00000 3fc00000 
sm   0 warp 0 0x80000490 0xbe6413d7 v  7 11111111111111111111111111111111 3f800001 3f800001 3f800001 3f800001 3f800001 3f800001 3f800001 3f800001 3f800001 3f800001 3f800001 3f800001 3f800001 3f800001 3f800001 3f800001 3f800001 3f800001 3f800001 3f800001 3f800001 3f800001 3f800001 3f800001 3f800001 3f800001 3f800001 3f800001 3f800001 3f800001 3f800001 3f800001 
sm   0 warp 0 0x80000494 0x2a528f57 v 30 11111111111111111111111111111111 3bb4fa57 3bb4fa57 3bb4fa57 3bb4fa57 3bb4fa57 3bb4fa57 3bb4fa57 3bb4fa57 3bb4fa57 3bb4fa57 3bb4fa57 3bb4fa57 3bb4fa57 3bb4fa57 3bb4fa57 3bb4fa57 3bb4fa57 3bb4fa57 3bb4fa57 3bb4fa57 3bb4fa57 3bb4fa57 3bb4fa57 3bb4fa57 3bb4fa57 3bb4fa57 3bb4fa57 3bb4fa57 3bb4fa57 3bb4fa57 3bb4fa57 3bb4fa57 
sm   0 warp 0 0x80000498 0x2bff82d7 v  5 11111111111111111111111111111111 00000000 00000000 00000000 00000000 00000000 00000000 00000000 00000000 00000000 00000000 00000000 00000000 00000000 00000000 00000000 00000000 00000000 00000000 00000000 00000000 00000000 00000000 00000000 00000000 00000000 00000000 00000000 00000000 00000000 00000000 00000000 00000000 
sm   0 warp 0 0x8000049c 0xb27f12d7 v  5 11111111111111111111111111111111 3bb4fa58 3bb4fa58 3bb4fa58 3bb4fa58 3bb4fa58 3bb4fa58 3bb4fa58 3bb4fa58 3bb4fa58 3bb4fa58 3bb4fa58 3bb4fa58 3bb4fa58 3bb4fa58 3bb4fa58 3bb4fa58 3bb4fa58 3bb4fa58 3bb4fa58 3bb4fa58 3bb4fa58 3bb4fa58 3bb4fa58 3bb4fa58 3bb4fa58 3bb4fa58 3bb4fa58 3bb4fa58 3bb4fa58 3bb4fa58 3bb4fa58 3bb4fa58 
sm   0 warp 0 0x800004a0 0x2bff8357 v  6 11111111111111111111111111111111 00000000 00000000 00000000 00000000 00000000 00000000 00000000 00000000 00000000 00000000 00000000 00000000 00000000 00000000 00000000 00000000 00000000 00000000 00000000 00000000 00000000 00000000 00000000 00000000 00000000 00000000 00000000 00000000 00000000 00000000 00000000 00000000 
sm   0 warp 0 0x800004a4 0xb2529357 v  6 11111111111111111111111111111111 37ffe201 37ffe201 37ffe201 37ffe201 37ffe201 37ffe201 37ffe201 37ffe201 37ffe201 37ffe201 37ffe201 37ffe201 37ffe201 37ffe201 37ffe201 37ffe201 37ffe201 37ffe201 37ffe201 37ffe201 37ffe201 37ffe201 37ffe201 37ffe201 37ffe201 37ffe201 37ffe201 37ffe201 37ffe201 37ffe201 37ffe201 37ffe201 
sm   0 warp 0 0x800004a8 0x2b3983d7 v  7 11111111111111111111111111111111 3fc00000 3fc00000 3fc00000 3fc00000 3fc00000 3fc00000 3fc00000 3fc00000 3fc00000 3fc00000 3fc00000 3fc00000 3fc00000 3fc00000 3fc00000 3fc00000 3fc00000 3fc00000 3fc00000 3fc00000 3fc00000 3fc00000 3fc00000 3fc00000 3fc00000 3fc00000 3fc00000 3fc00000 3fc00000 3fc00000 3fc00000 3fc00000 
sm   0 warp 0 0x800004ac 0xbe6413d7 v  7 11111111111111111111111111111111 3f800001 3f800001 3f800001 3f800001 3f800001 3f800001 3f800001 3f800001 3f800001 3f800001 3f800001 3f800001 3f800001 3f800001 3f800001 3f800001 3f800001 3f800001 3f800001 3f800001 3f800001 3f800001 3f800001 3f800001 3f800001 3f800001 3f800001 3f800001 3f800001 3f800001 3f800001 3f800001 
sm   0 warp 0 0x800004b0 0x2a528f57 v 30 11111111111111111111111111111111 3bb4fa58 3bb4fa58 3bb4fa58 3bb4fa58 3bb4fa58 3bb4fa58 3bb4fa58 3bb4fa58 3bb4fa58 3bb4fa58 3bb4fa58 3bb4fa58 3bb4fa58 3bb4fa58 3bb4fa58 3bb4fa58 3bb4fa58 3bb4fa58 3bb4fa58 3bb4fa58 3bb4fa58 3bb4fa58 3bb4fa58 3bb4fa58 3bb4fa58 3bb4fa58 3bb4fa58 3bb4fa58 3bb4fa58 3bb4fa58 3bb4fa58 3bb4fa58 
sm   0 warp 0 0x800004b4 0x2bff82d7 v  5 11111111111111111111111111111111 00000000 00000000 00000000 00000000 00000000 00000000 00000000 00000000 00000000 00000000 00000000 00000000 00000000 00000000 00000000 00000000 00000000 00000000 00000000 00000000 00000000 00000000 00000000 00000000 00000000 00000000 00000000 00000000 00000000 00000000 00000000 00000000 
sm   0 warp 0 0x800004bc 0x90002337 x  6  90002000
sm   0 warp 0 0x800004c0 0x5208a557 v 10 11111111111111111111111111111111 0000001f 0000001e 0000001d 0000001c 0000001b 0000001a 00000019 00000018 00000017 00000016 00000015 00000014 00000013 00000012 00000011 00000010 0000000f 0000000e 0000000d 0000000c 0000000b 0000000a 00000009 00000008 00000007 00000006 00000005 00000004 00000003 00000002 00000001 00000000 
sm   0 warp 0 0x800004b8 0xb27f12d7 v  5 11111111111111111111111111111111 3bb4fa59 3bb4fa59 3bb4fa59 3bb4fa59 3bb4fa59 3bb4fa59 3bb4fa59 3bb4fa59 3bb4fa59 3bb4fa59 3bb4fa59 3bb4fa59 3bb4fa59 3bb4fa59 3bb4fa59 3bb4fa59 3bb4fa59 3bb4fa59 3bb4fa59 3bb4fa59 3bb4fa59 3bb4fa59 3bb4fa59 3bb4fa59 3bb4fa59 3bb4fa59 3bb4fa59 3bb4fa59 3bb4fa59 3bb4fa59 3bb4fa59 3bb4fa59 
sm   0 warp 0 0x800004c4 0x96a13557 v 10 11111111111111111111111111111111 0000007c 00000078 00000074 00000070 0000006c 00000068 00000064 00000060 0000005c 00000058 00000054 00000050 0000004c 00000048 00000044 00000040 0000003c 00000038 00000034 00000030 0000002c 00000028 00000024 00000020 0000001c 00000018 00000014 00000010 0000000c 00000008 00000004 00000000 
sm   0 warp 0 0x800004c8 0x02a34557 v 10 11111111111111111111111111111111 9000207c 90002078 90002074 90002070 9000206c 90002068 90002064 90002060 9000205c 90002058 90002054 90002050 9000204c 90002048 90002044 90002040 9000203c 90002038 90002034 90002030 9000202c 90002028 90002024 90002020 9000201c 90002018 90002014 90002010 9000200c 90002008 90002004 90002000 
sm   0 warp 0 0x800004cc 0x000521fb lsu.r v  3 op 3 @ 9000207c 90002078 90002074 90002070 9000206c 90002068 90002064 90002060 9000205c 90002058 90002054 90002050 9000204c 90002048 90002044 90002040 9000203c 90002038 90002034 90002030 9000202c 90002028 90002024 90002020 9000201c 90002018 90002014 90002010 9000200c 90002008 90002004 90002000
sm   0 warp 0 0x800004cc 0x000521fb v  3 11111111111111111111111111111111 00000000 00000000 00000000 00000000 00000000 00000000 00000000 00000000 00000000 00000000 00000000 00000000 00000000 00000000 00000000 00000000 42800000 c2000000 c3900000 44100000 c3200000 43900000 42c00000 c3800000 44000000 c3900000 42000000 42000000 c3200000 42000000 c3800000 42c00000 
sm   0 warp 0 0x800004d0 0x0a3091d7 v  3 11111111111111111111111111111111 c1100000 c1100000 c1100000 c1100000 c1100000 c1100000 c1100000 c1100000 c1100000 c1100000 c1100000 c1100000 c1100000 c1100000 c1100000 c1100000 425c0000 c2240000 c3948000 440dc000 c3290000 438b8000 42ae0000 c3848000 43fb8000 c3948000 41b80000 41b80000 c3290000 41b80000 c3848000 42ae0000 
sm   0 warp 0 0x800004d4 0x2a318f57 v 30 11111111111111111111111111111111 c1100000 c1100000 c1100000 c1100000 c1100000 c1100000 c1100000 c1100000 c1100000 c1100000 c1100000 c1100000 c1100000 c1100000 c1100000 c1100000 425c0000 c2240000 c3948000 440dc000 c3290000 438b8000 42ae0000 c3848000 43fb8000 c3948000 41b80000 41b80000 c3290000 41b80000 c3848000 42ae0000 
sm   0 warp 0 0x800004d8 0x2bff81d7 v  3 11111111111111111111111111111111 00000000 00000000 00000000 00000000 00000000 00000000 00000000 00000000 00000000 00000000 00000000 00000000 00000000 00000000 00000000 00000000 00000000 00000000 00000000 00000000 00000000 00000000 00000000 00000000 00000000 00000000 00000000 00000000 00000000 00000000 00000000 00000000 
[L1C] #   2346 SM 0 CACHE 0 ADDR 80000500
sm   0 warp 0 0x800004e0 0x90100337 x  6  90100000
sm   0 warp 0 0x800004dc 0xb25f11d7 v  3 11111111111111111111111111111111 bd4b99a4 bd4b99a4 bd4b99a4 bd4b99a4 bd4b99a4 bd4b99a4 bd4b99a4 bd4b99a4 bd4b99a4 bd4b99a4 bd4b99a4 bd4b99a4 bd4b99a4 bd4b99a4 bd4b99a4 bd4b99a4 3e9b8724 be67e0c2 bfd1f671 40486b3e bf6ef28a 3fc53cd7 3ef60451 bfbb5726 4031cbf2 bfd1f671 3e0213f0 3e0213f0 bf6ef28a 3e0213f0 bfbb5726 3ef60451 
sm   0 warp 0 0x800004e4 0x10030313 x  6  90100100
sm   0 warp 0 0x800004e8 0x5208a557 v 10 11111111111111111111111111111111 0000001f 0000001e 0000001d 0000001c 0000001b 0000001a 00000019 00000018 00000017 00000016 00000015 00000014 00000013 00000012 00000011 00000010 0000000f 0000000e 0000000d 0000000c 0000000b 0000000a 00000009 00000008 00000007 00000006 00000005 00000004 00000003 00000002 00000001 00000000 
sm   0 warp 0 0x800004ec 0x96a13557 v 10 11111111111111111111111111111111 0000007c 00000078 00000074 00000070 0000006c 00000068 00000064 00000060 0000005c 00000058 00000054 00000050 0000004c 00000048 00000044 00000040 0000003c 00000038 00000034 00000030 0000002c 00000028 00000024 00000020 0000001c 00000018 00000014 00000010 0000000c 00000008 00000004 00000000 
sm   0 warp 0 0x800004f0 0x02a34557 v 10 11111111111111111111111111111111 9010017c 90100178 90100174 90100170 9010016c 90100168 90100164 90100160 9010015c 90100158 90100154 90100150 9010014c 90100148 90100144 90100140 9010013c 90100138 90100134 90100130 9010012c 90100128 90100124 90100120 9010011c 90100118 90100114 90100110 9010010c 90100108 90100104 90100100 
sm   0 warp 0 0x800004f4 0x0005237b lsu.r v  6 op 3 @ 9010017c 90100178 90100174 90100170 9010016c 90100168 90100164 90100160 9010015c 90100158 90100154 90100150 9010014c 90100148 90100144 90100140 9010013c 90100138 90100134 90100130 9010012c 90100128 90100124 90100120 9010011c 90100118 90100114 90100110 9010010c 90100108 90100104 90100100
sm   0 warp 0 0x800004f8 0x90100337 x  6  90100000
[L1C] #   2374 SM 0 CACHE 1 ADDR 90100100
sm   0 warp 0 0x800004fc 0x18030313 x  6  90100180
sm   0 warp 0 0x80000500 0x5208a557 v 10 11111111111111111111111111111111 0000001f 0000001e 0000001d 0000001c 0000001b 0000001a 00000019 00000018 00000017 00000016 00000015 00000014 00000013 00000012 00000011 00000010 0000000f 0000000e 0000000d 0000000c 0000000b 0000000a 00000009 00000008 00000007 00000006 00000005 00000004 00000003 00000002 00000001 00000000 
sm   0 warp 0 0x80000504 0x96a13557 v 10 11111111111111111111111111111111 0000007c 00000078 00000074 00000070 0000006c 00000068 00000064 00000060 0000005c 00000058 00000054 00000050 0000004c 00000048 00000044 00000040 0000003c 00000038 00000034 00000030 0000002c 00000028 00000024 00000020 0000001c 00000018 00000014 00000010 0000000c 00000008 00000004 00000000 
sm   0 warp 0 0x80000508 0x02a34557 v 10 11111111111111111111111111111111 901001fc 901001f8 901001f4 901001f0 901001ec 901001e8 901001e4 901001e0 901001dc 901001d8 901001d4 901001d0 901001cc 901001c8 901001c4 901001c0 901001bc 901001b8 901001b4 901001b0 901001ac 901001a8 901001a4 901001a0 9010019c 90100198 90100194 90100190 9010018c 90100188 90100184 90100180 
sm   0 warp 0 0x800004f4 0x0005237b v  6 11111111111111111111111111111111 3f200000 3f000000 3f800000 3f600000 3f400000 3f200000 3f000000 3f800000 3f600000 3f400000 3f200000 3f000000 3f800000 3f600000 3f400000 3f200000 3f000000 3f800000 3f600000 3f400000 3f200000 3f000000 3f800000 3f600000 3f400000 3f200000 3f000000 3f800000 3f600000 3f400000 3f200000 3f000000 
sm   0 warp 0 0x8000050c 0x000523fb lsu.r v  7 op 3 @ 901001fc 901001f8 901001f4 901001f0 901001ec 901001e8 901001e4 901001e0 901001dc 901001d8 901001d4 901001d0 901001cc 901001c8 901001c4 901001c0 901001bc 901001b8 901001b4 901001b0 901001ac 901001a8 901001a4 901001a0 9010019c 90100198 90100194 90100190 9010018c 90100188 90100184 90100180
sm   0 warp 0 0x80000510 0x2a318f57 v 30 11111111111111111111111111111111 bd4b99a4 bd4b99a4 bd4b99a4 bd4b99a4 bd4b99a4 bd4b99a4 bd4b99a4 bd4b99a4 bd4b99a4 bd4b99a4 bd4b99a4 bd4b99a4 bd4b99a4 bd4b99a4 bd4b99a4 bd4b99a4 3e9b8724 be67e0c2 bfd1f671 40486b3e bf6ef28a 3fc53cd7 3ef60451 bfbb5726 4031cbf2 bfd1f671 3e0213f0 3e0213f0 bf6ef28a 3e0213f0 bfbb5726 3ef60451 
[L1C] #   2398 SM 0 CACHE 1 ADDR 90100180
sm   0 warp 0 0x8000050c 0x000523fb v  7 11111111111111111111111111111111 3ee00000 3ec00000 3ea00000 3e800000 3f200000 3f100000 3f000000 3ee00000 3ec00000 3ea00000 3e800000 3f200000 3f100000 3f000000 3ee00000 3ec00000 3ea00000 3e800000 3f200000 3f100000 3f000000 3ee00000 3ec00000 3ea00000 3e800000 3f200000 3f100000 3f000000 3ee00000 3ec00000 3ea00000 3e800000 
sm   0 warp 0 0x80000514 0x2a7381d7 v  3 11111111111111111111111111111111 3ee00000 3ec00000 3ea00000 3e800000 3f200000 3f100000 3f000000 3ee00000 3ec00000 3ea00000 3e800000 3f200000 3f100000 3f000000 3ee00000 3ec00000 3ea00000 3e800000 3f200000 3f100000 3f000000 3ee00000 3ec00000 3ea00000 3e800000 3f200000 3f100000 3f000000 3ee00000 3ec00000 3ea00000 3e800000 
sm   0 warp 0 0x8000051c 0x90002337 x  6  90002000
sm   0 warp 0 0x80000520 0x5208a557 v 10 11111111111111111111111111111111 0000001f 0000001e 0000001d 0000001c 0000001b 0000001a 00000019 00000018 00000017 00000016 00000015 00000014 00000013 00000012 00000011 00000010 0000000f 0000000e 0000000d 0000000c 0000000b 0000000a 00000009 00000008 00000007 00000006 00000005 00000004 00000003 00000002 00000001 00000000 
sm   0 warp 0 0x80000518 0xb26f11d7 v  3 11111111111111111111111111111111 3ed017ff 3eb34666 3e868ccc 3e537664 3f1674cc 3f080c00 3ef34666 3ec68ccc 3ea9bb32 3e8ce999 3e602ffe 3f19a333 3f034666 3ee9bb32 3ecce999 3eb017ff 3eedc392 3cc0f9f0 bf4f6f46 403a506e bdaabcb2 3f9a9e6c 3f5b0228 bf77d882 401558f6 becce81a 3f20427e 3f2084fc bec22872 3ef0c77a bf1a2cf0 3efb0228 
sm   0 warp 0 0x80000524 0x96a13557 v 10 11111111111111111111111111111111 0000007c 00000078 00000074 00000070 0000006c 00000068 00000064 00000060 0000005c 00000058 00000054 00000050 0000004c 00000048 00000044 00000040 0000003c 00000038 00000034 00000030 0000002c 00000028 00000024 00000020 0000001c 00000018 00000014 00000010 0000000c 00000008 00000004 00000000 
sm   0 warp 0 0x80000528 0x02a34557 v 10 11111111111111111111111111111111 9000207c 90002078 90002074 90002070 9000206c 90002068 90002064 90002060 9000205c 90002058 90002054 90002050 9000204c 90002048 90002044 90002040 9000203c 90002038 90002034 90002030 9000202c 90002028 90002024 90002020 9000201c 90002018 90002014 90002010 9000200c 90002008 90002004 90002000 
sm   0 warp 0 0x8000052c 0x0035607b lsu.w v  3 op 3 mask 11111111111111111111111111111111 3ed017ff 3eb34666 3e868ccc 3e537664 3f1674cc 3f080c00 3ef34666 3ec68ccc 3ea9bb32 3e8ce999 3e602ffe 3f19a333 3f034666 3ee9bb32 3ecce999 3eb017ff 3eedc392 3cc0f9f0 bf4f6f46 403a506e bdaabcb2 3f9a9e6c 3f5b0228 bf77d882 401558f6 becce81a 3f20427e 3f2084fc bec22872 3ef0c77a bf1a2cf0 3efb0228 @ 9000207c 90002078 90002074 90002070 9000206c 90002068 90002064 90002060 9000205c 90002058 90002054 90002050 9000204c 90002048 90002044 90002040 9000203c 90002038 90002034 90002030 9000202c 90002028 90002024 90002020 9000201c 90002018 90002014 90002010 9000200c 90002008 90002004 90002000
sm   0 warp 0 0x80000530 0x0000400b endprg
sm   0 warp 0 0x8000052c 0x0035607b lsu.w finish
[L1C] #   2455 SM 0 CACHE 1 ADDR 90002000
[L1C] #   2458 SM 0 CACHE 1 ADDR 9d0f7f80
[L1C] #   3489 SM 0 CACHE 1 ADDR 9d0f7f80
